采集时间,输入,原始顺序,BV号,标题,UP主,上传时间,总播放量,点赞数,投币数,收藏数,转发数,评论数,弹幕数,在线人数
2026-08-20 00:00:05,https://www.bilibili.com/video/BV1GdgW6JEe9/?spm_id_from=333.1387.favlist.content.click&vd_source=406d0cf895bedbdc58a3d0130d55e34c,0,BV1GdgW6JEe9,【杨博文｜4k直拍】Whiplash 双日直拍混剪,关键时刻来瓶尖叫,2026-08-13 23:45:41,173491,25024,21177,18529,5034,4153,6716,32
2026-08-20 00:00:05,https://www.bilibili.com/video/BV1W5gs6KEhr/?spm_id_from=333.1387.favlist.content.click&vd_source=406d0cf895bedbdc58a3d0130d55e34c,1,BV1W5gs6KEhr,【4K精剪】异常加载中 | 杨博文直拍 | 260813,underthepoplar,2026-08-13 22:44:57,156237,21289,14675,15011,4463,6907,7735,19
2026-08-20 00:00:05,https://www.bilibili.com/video/BV1VFbd6QEjw/?spm_id_from=333.1387.favlist.content.click&vd_source=406d0cf895bedbdc58a3d0130d55e34c,2,BV1VFbd6QEjw,【杨博文｜4k直拍】管他什么音乐 直拍,关键时刻来瓶尖叫,2026-08-16 23:08:52,53292,4908,2778,3742,953,81,73,17
2026-08-20 00:00:05,https://www.bilibili.com/video/BV1xebR6zEkr/?spm_id_from=333.1387.favlist.content.click&vd_source=406d0cf895bedbdc58a3d0130d55e34c,3,BV1xebR6zEkr,【4K精剪】Attention | 杨博文直拍 | 260816,underthepoplar,2026-08-16 23:54:18,101518,11007,7375,8180,1262,347,849,48
2026-08-20 00:00:05,https://www.bilibili.com/video/BV1s3gs6MEej/?spm_id_from=333.1387.favlist.content.click&vd_source=406d0cf895bedbdc58a3d0130d55e34c,4,BV1s3gs6MEej,【杨博文｜4k直拍】爱的初体验 直拍,关键时刻来瓶尖叫,2026-08-13 22:46:37,96032,11156,6029,8610,1733,495,2259,25
2026-08-20 00:00:05,https://www.bilibili.com/video/BV1E2bR6hEJR/?spm_id_from=333.1387.favlist.content.click&vd_source=406d0cf895bedbdc58a3d0130d55e34c,5,BV1E2bR6hEJR,【杨博文】Attention丨直拍横屏丨16岁高中生内娱主舞的舞台掌控力丨16&17两日精剪,Kismet丨杨博文,2026-08-16 22:13:05,165115,20483,10067,13733,1959,5148,5177,172
2026-08-20 00:00:05,https://www.bilibili.com/video/BV1Rib96EE3F/?spm_id_from=333.1387.favlist.content.click&vd_source=406d0cf895bedbdc58a3d0130d55e34c,6,BV1Rib96EE3F,260816 【杨博文】春雪  竖屏4k直拍,meetsummer丨杨博文,2026-08-17 01:54:42,23084,5673,2454,3212,171,524,478,36
2026-08-20 00:00:05,https://www.bilibili.com/video/BV18jgg6BEAd/?spm_id_from=333.1387.favlist.content.click&vd_source=406d0cf895bedbdc58a3d0130d55e34c,7,BV18jgg6BEAd,【4K精剪】摇曳！摇曳！ | 杨博文直拍 | 260813 & 260814,underthepoplar,2026-08-15 13:26:46,49876,7981,6040,5171,1138,398,902,20
2026-08-20 00:00:05,https://www.bilibili.com/video/BV1A5vkB2E1k/?spm_id_from=333.1387.favlist.content.click&vd_source=406d0cf895bedbdc58a3d0130d55e34c,8,BV1A5vkB2E1k,【杨博文】Hey Mama六机位纯舞直拍丨15岁舞台统治者的诞生，四代主舞燃炸全场！,Kismet丨杨博文,2025-12-28 22:28:16,2802841,65162,45564,47764,26239,13653,21944,1
2026-08-20 00:00:05,https://www.bilibili.com/video/BV1mJ64BREZY/?spm_id_from=333.337.search-card.all.click&vd_source=406d0cf895bedbdc58a3d0130d55e34c,9,BV1mJ64BREZY,【杨博文】闭嘴跳舞丨当主舞穿上西装就会得到,Kismet丨杨博文,2026-02-01 18:31:00,620789,35152,4026,25452,8586,447,654,1
2026-08-20 00:30:03,https://www.bilibili.com/video/BV1GdgW6JEe9/?spm_id_from=333.1387.favlist.content.click&vd_source=406d0cf895bedbdc58a3d0130d55e34c,0,BV1GdgW6JEe9,【杨博文｜4k直拍】Whiplash 双日直拍混剪,关键时刻来瓶尖叫,2026-08-13 23:45:41,173702,25054,21198,18557,5052,4153,6716,27
2026-08-20 00:30:03,https://www.bilibili.com/video/BV1W5gs6KEhr/?spm_id_from=333.1387.favlist.content.click&vd_source=406d0cf895bedbdc58a3d0130d55e34c,1,BV1W5gs6KEhr,【4K精剪】异常加载中 | 杨博文直拍 | 260813,underthepoplar,2026-08-13 22:44:57,156347,21307,14691,15032,4479,6908,7735,28
2026-08-20 00:30:03,https://www.bilibili.com/video/BV1VFbd6QEjw/?spm_id_from=333.1387.favlist.content.click&vd_source=406d0cf895bedbdc58a3d0130d55e34c,2,BV1VFbd6QEjw,【杨博文｜4k直拍】管他什么音乐 直拍,关键时刻来瓶尖叫,2026-08-16 23:08:52,53678,4932,2798,3770,968,81,76,13
2026-08-20 00:30:03,https://www.bilibili.com/video/BV1xebR6zEkr/?spm_id_from=333.1387.favlist.content.click&vd_source=406d0cf895bedbdc58a3d0130d55e34c,3,BV1xebR6zEkr,【4K精剪】Attention | 杨博文直拍 | 260816,underthepoplar,2026-08-16 23:54:18,102201,11045,7420,8225,1277,349,850,37
2026-08-20 00:30:03,https://www.bilibili.com/video/BV1s3gs6MEej/?spm_id_from=333.1387.favlist.content.click&vd_source=406d0cf895bedbdc58a3d0130d55e34c,4,BV1s3gs6MEej,【杨博文｜4k直拍】爱的初体验 直拍,关键时刻来瓶尖叫,2026-08-13 22:46:37,96122,11168,6045,8630,1749,495,2259,22
2026-08-20 00:30:03,https://www.bilibili.com/video/BV1E2bR6hEJR/?spm_id_from=333.1387.favlist.content.click&vd_source=406d0cf895bedbdc58a3d0130d55e34c,5,BV1E2bR6hEJR,【杨博文】Attention丨直拍横屏丨16岁高中生内娱主舞的舞台掌控力丨16&17两日精剪,Kismet丨杨博文,2026-08-16 22:13:05,165620,20553,10113,13795,1981,5151,5180,169
2026-08-20 00:30:03,https://www.bilibili.com/video/BV1Rib96EE3F/?spm_id_from=333.1387.favlist.content.click&vd_source=406d0cf895bedbdc58a3d0130d55e34c,6,BV1Rib96EE3F,260816 【杨博文】春雪  竖屏4k直拍,meetsummer丨杨博文,2026-08-17 01:54:42,23223,5709,2478,3244,184,589,509,45
2026-08-20 00:30:03,https://www.bilibili.com/video/BV18jgg6BEAd/?spm_id_from=333.1387.favlist.content.click&vd_source=406d0cf895bedbdc58a3d0130d55e34c,7,BV18jgg6BEAd,【4K精剪】摇曳！摇曳！ | 杨博文直拍 | 260813 & 260814,underthepoplar,2026-08-15 13:26:46,50011,8005,6056,5196,1155,399,903,23
2026-08-20 00:30:03,https://www.bilibili.com/video/BV1A5vkB2E1k/?spm_id_from=333.1387.favlist.content.click&vd_source=406d0cf895bedbdc58a3d0130d55e34c,8,BV1A5vkB2E1k,【杨博文】Hey Mama六机位纯舞直拍丨15岁舞台统治者的诞生，四代主舞燃炸全场！,Kismet丨杨博文,2025-12-28 22:28:16,2802876,65166,45566,47764,26257,13653,21945,1
2026-08-20 00:30:03,https://www.bilibili.com/video/BV1mJ64BREZY/?spm_id_from=333.337.search-card.all.click&vd_source=406d0cf895bedbdc58a3d0130d55e34c,9,BV1mJ64BREZY,【杨博文】闭嘴跳舞丨当主舞穿上西装就会得到,Kismet丨杨博文,2026-02-01 18:31:00,620792,35152,4026,25452,8588,447,654,1
2026-08-20 01:00:01,https://www.bilibili.com/video/BV1GdgW6JEe9/?spm_id_from=333.1387.favlist.content.click&vd_source=406d0cf895bedbdc58a3d0130d55e34c,0,BV1GdgW6JEe9,【杨博文｜4k直拍】Whiplash 双日直拍混剪,关键时刻来瓶尖叫,2026-08-13 23:45:41,173899,25089,21225,18580,5054,4153,6760,30
2026-08-20 01:00:01,https://www.bilibili.com/video/BV1W5gs6KEhr/?spm_id_from=333.1387.favlist.content.click&vd_source=406d0cf895bedbdc58a3d0130d55e34c,1,BV1W5gs6KEhr,【4K精剪】异常加载中 | 杨博文直拍 | 260813,underthepoplar,2026-08-13 22:44:57,156463,21326,14708,15053,4481,6908,7745,26
2026-08-20 01:00:01,https://www.bilibili.com/video/BV1VFbd6QEjw/?spm_id_from=333.1387.favlist.content.click&vd_source=406d0cf895bedbdc58a3d0130d55e34c,2,BV1VFbd6QEjw,【杨博文｜4k直拍】管他什么音乐 直拍,关键时刻来瓶尖叫,2026-08-16 23:08:52,54203,4953,2829,3796,971,81,77,14
2026-08-20 01:00:01,https://www.bilibili.com/video/BV1xebR6zEkr/?spm_id_from=333.1387.favlist.content.click&vd_source=406d0cf895bedbdc58a3d0130d55e34c,3,BV1xebR6zEkr,【4K精剪】Attention | 杨博文直拍 | 260816,underthepoplar,2026-08-16 23:54:18,103022,11092,7465,8266,1285,349,852,29
2026-08-20 01:00:01,https://www.bilibili.com/video/BV1s3gs6MEej/?spm_id_from=333.1387.favlist.content.click&vd_source=406d0cf895bedbdc58a3d0130d55e34c,4,BV1s3gs6MEej,【杨博文｜4k直拍】爱的初体验 直拍,关键时刻来瓶尖叫,2026-08-13 22:46:37,96210,11182,6053,8644,1752,495,2259,28
2026-08-20 01:00:01,https://www.bilibili.com/video/BV1E2bR6hEJR/?spm_id_from=333.1387.favlist.content.click&vd_source=406d0cf895bedbdc58a3d0130d55e34c,5,BV1E2bR6hEJR,【杨博文】Attention丨直拍横屏丨16岁高中生内娱主舞的舞台掌控力丨16&17两日精剪,Kismet丨杨博文,2026-08-16 22:13:05,166119,20612,10154,13838,1985,5178,5219,131
2026-08-20 01:00:01,https://www.bilibili.com/video/BV1Rib96EE3F/?spm_id_from=333.1387.favlist.content.click&vd_source=406d0cf895bedbdc58a3d0130d55e34c,6,BV1Rib96EE3F,260816 【杨博文】春雪  竖屏4k直拍,meetsummer丨杨博文,2026-08-17 01:54:42,23375,5748,2509,3272,186,589,509,20
2026-08-20 01:00:01,https://www.bilibili.com/video/BV18jgg6BEAd/?spm_id_from=333.1387.favlist.content.click&vd_source=406d0cf895bedbdc58a3d0130d55e34c,7,BV18jgg6BEAd,【4K精剪】摇曳！摇曳！ | 杨博文直拍 | 260813 & 260814,underthepoplar,2026-08-15 13:26:46,50153,8032,6086,5222,1159,399,923,26
2026-08-20 01:00:01,https://www.bilibili.com/video/BV1A5vkB2E1k/?spm_id_from=333.1387.favlist.content.click&vd_source=406d0cf895bedbdc58a3d0130d55e34c,8,BV1A5vkB2E1k,【杨博文】Hey Mama六机位纯舞直拍丨15岁舞台统治者的诞生，四代主舞燃炸全场！,Kismet丨杨博文,2025-12-28 22:28:16,2802917,65170,45571,47767,26260,13653,21945,2
2026-08-20 01:00:01,https://www.bilibili.com/video/BV1mJ64BREZY/?spm_id_from=333.337.search-card.all.click&vd_source=406d0cf895bedbdc58a3d0130d55e34c,9,BV1mJ64BREZY,【杨博文】闭嘴跳舞丨当主舞穿上西装就会得到,Kismet丨杨博文,2026-02-01 18:31:00,620793,35152,4026,25452,8589,447,654,1
2026-08-20 01:30:00,https://www.bilibili.com/video/BV1GdgW6JEe9/?spm_id_from=333.1387.favlist.content.click&vd_source=406d0cf895bedbdc58a3d0130d55e34c,0,BV1GdgW6JEe9,【杨博文｜4k直拍】Whiplash 双日直拍混剪,关键时刻来瓶尖叫,2026-08-13 23:45:41,174042,25104,21233,18586,5057,4153,6763,49
2026-08-20 01:30:00,https://www.bilibili.com/video/BV1W5gs6KEhr/?spm_id_from=333.1387.favlist.content.click&vd_source=406d0cf895bedbdc58a3d0130d55e34c,1,BV1W5gs6KEhr,【4K精剪】异常加载中 | 杨博文直拍 | 260813,underthepoplar,2026-08-13 22:44:57,156551,21335,14712,15057,4483,6908,7747,25
2026-08-20 01:30:00,https://www.bilibili.com/video/BV1VFbd6QEjw/?spm_id_from=333.1387.favlist.content.click&vd_source=406d0cf895bedbdc58a3d0130d55e34c,2,BV1VFbd6QEjw,【杨博文｜4k直拍】管他什么音乐 直拍,关键时刻来瓶尖叫,2026-08-16 23:08:52,54719,4959,2839,3804,972,81,77,18
2026-08-20 01:30:00,https://www.bilibili.com/video/BV1xebR6zEkr/?spm_id_from=333.1387.favlist.content.click&vd_source=406d0cf895bedbdc58a3d0130d55e34c,3,BV1xebR6zEkr,【4K精剪】Attention | 杨博文直拍 | 260816,underthepoplar,2026-08-16 23:54:18,103826,11124,7486,8287,1286,351,852,33
2026-08-20 01:30:00,https://www.bilibili.com/video/BV1s3gs6MEej/?spm_id_from=333.1387.favlist.content.click&vd_source=406d0cf895bedbdc58a3d0130d55e34c,4,BV1s3gs6MEej,【杨博文｜4k直拍】爱的初体验 直拍,关键时刻来瓶尖叫,2026-08-13 22:46:37,96289,11191,6057,8649,1754,495,2261,23
2026-08-20 01:30:00,https://www.bilibili.com/video/BV1E2bR6hEJR/?spm_id_from=333.1387.favlist.content.click&vd_source=406d0cf895bedbdc58a3d0130d55e34c,5,BV1E2bR6hEJR,【杨博文】Attention丨直拍横屏丨16岁高中生内娱主舞的舞台掌控力丨16&17两日精剪,Kismet丨杨博文,2026-08-16 22:13:05,166561,20654,10173,13858,1989,5203,5252,143
2026-08-20 01:30:00,https://www.bilibili.com/video/BV1Rib96EE3F/?spm_id_from=333.1387.favlist.content.click&vd_source=406d0cf895bedbdc58a3d0130d55e34c,6,BV1Rib96EE3F,260816 【杨博文】春雪  竖屏4k直拍,meetsummer丨杨博文,2026-08-17 01:54:42,23467,5774,2520,3282,188,637,532,15
2026-08-20 01:30:00,https://www.bilibili.com/video/BV18jgg6BEAd/?spm_id_from=333.1387.favlist.content.click&vd_source=406d0cf895bedbdc58a3d0130d55e34c,7,BV18jgg6BEAd,【4K精剪】摇曳！摇曳！ | 杨博文直拍 | 260813 & 260814,underthepoplar,2026-08-15 13:26:46,50252,8044,6094,5230,1160,399,923,22
2026-08-20 01:30:00,https://www.bilibili.com/video/BV1A5vkB2E1k/?spm_id_from=333.1387.favlist.content.click&vd_source=406d0cf895bedbdc58a3d0130d55e34c,8,BV1A5vkB2E1k,【杨博文】Hey Mama六机位纯舞直拍丨15岁舞台统治者的诞生，四代主舞燃炸全场！,Kismet丨杨博文,2025-12-28 22:28:16,2802943,65172,45571,47766,26262,13653,21945,2
2026-08-20 01:30:00,https://www.bilibili.com/video/BV1mJ64BREZY/?spm_id_from=333.337.search-card.all.click&vd_source=406d0cf895bedbdc58a3d0130d55e34c,9,BV1mJ64BREZY,【杨博文】闭嘴跳舞丨当主舞穿上西装就会得到,Kismet丨杨博文,2026-02-01 18:31:00,620793,35152,4026,25452,8589,447,654,1
2026-08-20 02:00:08,https://www.bilibili.com/video/BV1GdgW6JEe9/?spm_id_from=333.1387.favlist.content.click&vd_source=406d0cf895bedbdc58a3d0130d55e34c,0,BV1GdgW6JEe9,【杨博文｜4k直拍】Whiplash 双日直拍混剪,关键时刻来瓶尖叫,2026-08-13 23:45:41,174166,25113,21247,18595,5073,4153,6764,39
2026-08-20 02:00:08,https://www.bilibili.com/video/BV1W5gs6KEhr/?spm_id_from=333.1387.favlist.content.click&vd_source=406d0cf895bedbdc58a3d0130d55e34c,1,BV1W5gs6KEhr,【4K精剪】异常加载中 | 杨博文直拍 | 260813,underthepoplar,2026-08-13 22:44:57,156623,21338,14718,15063,4499,6908,7748,25
2026-08-20 02:00:08,https://www.bilibili.com/video/BV1VFbd6QEjw/?spm_id_from=333.1387.favlist.content.click&vd_source=406d0cf895bedbdc58a3d0130d55e34c,2,BV1VFbd6QEjw,【杨博文｜4k直拍】管他什么音乐 直拍,关键时刻来瓶尖叫,2026-08-16 23:08:52,55261,4964,2851,3812,989,81,77,20
2026-08-20 02:00:08,https://www.bilibili.com/video/BV1xebR6zEkr/?spm_id_from=333.1387.favlist.content.click&vd_source=406d0cf895bedbdc58a3d0130d55e34c,3,BV1xebR6zEkr,【4K精剪】Attention | 杨博文直拍 | 260816,underthepoplar,2026-08-16 23:54:18,104548,11141,7506,8301,1303,351,852,25
2026-08-20 02:00:08,https://www.bilibili.com/video/BV1s3gs6MEej/?spm_id_from=333.1387.favlist.content.click&vd_source=406d0cf895bedbdc58a3d0130d55e34c,4,BV1s3gs6MEej,【杨博文｜4k直拍】爱的初体验 直拍,关键时刻来瓶尖叫,2026-08-13 22:46:37,96354,11197,6065,8659,1769,495,2261,18
2026-08-20 02:00:08,https://www.bilibili.com/video/BV1E2bR6hEJR/?spm_id_from=333.1387.favlist.content.click&vd_source=406d0cf895bedbdc58a3d0130d55e34c,5,BV1E2bR6hEJR,【杨博文】Attention丨直拍横屏丨16岁高中生内娱主舞的舞台掌控力丨16&17两日精剪,Kismet丨杨博文,2026-08-16 22:13:05,166914,20683,10200,13884,2009,5206,5252,149
2026-08-20 02:00:08,https://www.bilibili.com/video/BV1Rib96EE3F/?spm_id_from=333.1387.favlist.content.click&vd_source=406d0cf895bedbdc58a3d0130d55e34c,6,BV1Rib96EE3F,260816 【杨博文】春雪  竖屏4k直拍,meetsummer丨杨博文,2026-08-17 01:54:42,23550,5787,2529,3292,202,685,549,16
2026-08-20 02:00:08,https://www.bilibili.com/video/BV18jgg6BEAd/?spm_id_from=333.1387.favlist.content.click&vd_source=406d0cf895bedbdc58a3d0130d55e34c,7,BV18jgg6BEAd,【4K精剪】摇曳！摇曳！ | 杨博文直拍 | 260813 & 260814,underthepoplar,2026-08-15 13:26:46,50365,8057,6103,5247,1174,400,923,24
2026-08-20 02:00:08,https://www.bilibili.com/video/BV1A5vkB2E1k/?spm_id_from=333.1387.favlist.content.click&vd_source=406d0cf895bedbdc58a3d0130d55e34c,8,BV1A5vkB2E1k,【杨博文】Hey Mama六机位纯舞直拍丨15岁舞台统治者的诞生，四代主舞燃炸全场！,Kismet丨杨博文,2025-12-28 22:28:16,2802976,65176,45575,47770,26276,13653,21945,1
2026-08-20 02:00:08,https://www.bilibili.com/video/BV1mJ64BREZY/?spm_id_from=333.337.search-card.all.click&vd_source=406d0cf895bedbdc58a3d0130d55e34c,9,BV1mJ64BREZY,【杨博文】闭嘴跳舞丨当主舞穿上西装就会得到,Kismet丨杨博文,2026-02-01 18:31:00,620794,35152,4026,25452,8589,447,654,1
2026-08-20 02:30:07,https://www.bilibili.com/video/BV1GdgW6JEe9/?spm_id_from=333.1387.favlist.content.click&vd_source=406d0cf895bedbdc58a3d0130d55e34c,0,BV1GdgW6JEe9,【杨博文｜4k直拍】Whiplash 双日直拍混剪,关键时刻来瓶尖叫,2026-08-13 23:45:41,174274,25123,21255,18601,5091,4153,6765,42
2026-08-20 02:30:07,https://www.bilibili.com/video/BV1W5gs6KEhr/?spm_id_from=333.1387.favlist.content.click&vd_source=406d0cf895bedbdc58a3d0130d55e34c,1,BV1W5gs6KEhr,【4K精剪】异常加载中 | 杨博文直拍 | 260813,underthepoplar,2026-08-13 22:44:57,156687,21343,14726,15068,4517,6908,7748,21
2026-08-20 02:30:07,https://www.bilibili.com/video/BV1VFbd6QEjw/?spm_id_from=333.1387.favlist.content.click&vd_source=406d0cf895bedbdc58a3d0130d55e34c,2,BV1VFbd6QEjw,【杨博文｜4k直拍】管他什么音乐 直拍,关键时刻来瓶尖叫,2026-08-16 23:08:52,55815,4967,2853,3815,1007,81,77,25
2026-08-20 02:30:07,https://www.bilibili.com/video/BV1xebR6zEkr/?spm_id_from=333.1387.favlist.content.click&vd_source=406d0cf895bedbdc58a3d0130d55e34c,3,BV1xebR6zEkr,【4K精剪】Attention | 杨博文直拍 | 260816,underthepoplar,2026-08-16 23:54:18,105268,11154,7516,8310,1322,351,852,20
2026-08-20 02:30:07,https://www.bilibili.com/video/BV1s3gs6MEej/?spm_id_from=333.1387.favlist.content.click&vd_source=406d0cf895bedbdc58a3d0130d55e34c,4,BV1s3gs6MEej,【杨博文｜4k直拍】爱的初体验 直拍,关键时刻来瓶尖叫,2026-08-13 22:46:37,96411,11198,6065,8660,1788,495,2261,21
2026-08-20 02:30:07,https://www.bilibili.com/video/BV1E2bR6hEJR/?spm_id_from=333.1387.favlist.content.click&vd_source=406d0cf895bedbdc58a3d0130d55e34c,5,BV1E2bR6hEJR,【杨博文】Attention丨直拍横屏丨16岁高中生内娱主舞的舞台掌控力丨16&17两日精剪,Kismet丨杨博文,2026-08-16 22:13:05,167193,20708,10218,13898,2031,5238,5287,141
2026-08-20 02:30:07,https://www.bilibili.com/video/BV1Rib96EE3F/?spm_id_from=333.1387.favlist.content.click&vd_source=406d0cf895bedbdc58a3d0130d55e34c,6,BV1Rib96EE3F,260816 【杨博文】春雪  竖屏4k直拍,meetsummer丨杨博文,2026-08-17 01:54:42,23633,5801,2532,3296,222,685,549,17
2026-08-20 02:30:07,https://www.bilibili.com/video/BV18jgg6BEAd/?spm_id_from=333.1387.favlist.content.click&vd_source=406d0cf895bedbdc58a3d0130d55e34c,7,BV18jgg6BEAd,【4K精剪】摇曳！摇曳！ | 杨博文直拍 | 260813 & 260814,underthepoplar,2026-08-15 13:26:46,50438,8064,6106,5251,1194,400,923,26
2026-08-20 02:30:07,https://www.bilibili.com/video/BV1A5vkB2E1k/?spm_id_from=333.1387.favlist.content.click&vd_source=406d0cf895bedbdc58a3d0130d55e34c,8,BV1A5vkB2E1k,【杨博文】Hey Mama六机位纯舞直拍丨15岁舞台统治者的诞生，四代主舞燃炸全场！,Kismet丨杨博文,2025-12-28 22:28:16,2802989,65179,45575,47773,26295,13653,21945,1
2026-08-20 02:30:07,https://www.bilibili.com/video/BV1mJ64BREZY/?spm_id_from=333.337.search-card.all.click&vd_source=406d0cf895bedbdc58a3d0130d55e34c,9,BV1mJ64BREZY,【杨博文】闭嘴跳舞丨当主舞穿上西装就会得到,Kismet丨杨博文,2026-02-01 18:31:00,620794,35152,4026,25452,8589,447,654,1
2026-08-20 03:00:05,https://www.bilibili.com/video/BV1GdgW6JEe9/?spm_id_from=333.1387.favlist.content.click&vd_source=406d0cf895bedbdc58a3d0130d55e34c,0,BV1GdgW6JEe9,【杨博文｜4k直拍】Whiplash 双日直拍混剪,关键时刻来瓶尖叫,2026-08-13 23:45:41,174356,25126,21257,18604,5101,4153,6765,44
2026-08-20 03:00:05,https://www.bilibili.com/video/BV1W5gs6KEhr/?spm_id_from=333.1387.favlist.content.click&vd_source=406d0cf895bedbdc58a3d0130d55e34c,1,BV1W5gs6KEhr,【4K精剪】异常加载中 | 杨博文直拍 | 260813,underthepoplar,2026-08-13 22:44:57,156738,21348,14728,15070,4526,6908,7748,22
2026-08-20 03:00:05,https://www.bilibili.com/video/BV1VFbd6QEjw/?spm_id_from=333.1387.favlist.content.click&vd_source=406d0cf895bedbdc58a3d0130d55e34c,2,BV1VFbd6QEjw,【杨博文｜4k直拍】管他什么音乐 直拍,关键时刻来瓶尖叫,2026-08-16 23:08:52,56371,4969,2857,3818,1015,81,77,23
2026-08-20 03:00:05,https://www.bilibili.com/video/BV1xebR6zEkr/?spm_id_from=333.1387.favlist.content.click&vd_source=406d0cf895bedbdc58a3d0130d55e34c,3,BV1xebR6zEkr,【4K精剪】Attention | 杨博文直拍 | 260816,underthepoplar,2026-08-16 23:54:18,105945,11166,7522,8320,1331,351,854,25
2026-08-20 03:00:05,https://www.bilibili.com/video/BV1s3gs6MEej/?spm_id_from=333.1387.favlist.content.click&vd_source=406d0cf895bedbdc58a3d0130d55e34c,4,BV1s3gs6MEej,【杨博文｜4k直拍】爱的初体验 直拍,关键时刻来瓶尖叫,2026-08-13 22:46:37,96460,11204,6071,8667,1797,495,2261,17
2026-08-20 03:00:05,https://www.bilibili.com/video/BV1E2bR6hEJR/?spm_id_from=333.1387.favlist.content.click&vd_source=406d0cf895bedbdc58a3d0130d55e34c,5,BV1E2bR6hEJR,【杨博文】Attention丨直拍横屏丨16岁高中生内娱主舞的舞台掌控力丨16&17两日精剪,Kismet丨杨博文,2026-08-16 22:13:05,167404,20727,10232,13913,2041,5253,5307,138
2026-08-20 03:00:05,https://www.bilibili.com/video/BV1Rib96EE3F/?spm_id_from=333.1387.favlist.content.click&vd_source=406d0cf895bedbdc58a3d0130d55e34c,6,BV1Rib96EE3F,260816 【杨博文】春雪  竖屏4k直拍,meetsummer丨杨博文,2026-08-17 01:54:42,23699,5814,2542,3308,234,685,550,17
2026-08-20 03:00:05,https://www.bilibili.com/video/BV18jgg6BEAd/?spm_id_from=333.1387.favlist.content.click&vd_source=406d0cf895bedbdc58a3d0130d55e34c,7,BV18jgg6BEAd,【4K精剪】摇曳！摇曳！ | 杨博文直拍 | 260813 & 260814,underthepoplar,2026-08-15 13:26:46,50501,8073,6118,5261,1205,400,923,20
2026-08-20 03:00:05,https://www.bilibili.com/video/BV1A5vkB2E1k/?spm_id_from=333.1387.favlist.content.click&vd_source=406d0cf895bedbdc58a3d0130d55e34c,8,BV1A5vkB2E1k,【杨博文】Hey Mama六机位纯舞直拍丨15岁舞台统治者的诞生，四代主舞燃炸全场！,Kismet丨杨博文,2025-12-28 22:28:16,2803010,65179,45575,47773,26306,13653,21946,2
2026-08-20 03:00:05,https://www.bilibili.com/video/BV1mJ64BREZY/?spm_id_from=333.337.search-card.all.click&vd_source=406d0cf895bedbdc58a3d0130d55e34c,9,BV1mJ64BREZY,【杨博文】闭嘴跳舞丨当主舞穿上西装就会得到,Kismet丨杨博文,2026-02-01 18:31:00,620795,35152,4026,25452,8589,447,654,1
2026-08-20 03:30:04,https://www.bilibili.com/video/BV1GdgW6JEe9/?spm_id_from=333.1387.favlist.content.click&vd_source=406d0cf895bedbdc58a3d0130d55e34c,0,BV1GdgW6JEe9,【杨博文｜4k直拍】Whiplash 双日直拍混剪,关键时刻来瓶尖叫,2026-08-13 23:45:41,174422,25130,21261,18608,5101,4153,6766,35
2026-08-20 03:30:04,https://www.bilibili.com/video/BV1W5gs6KEhr/?spm_id_from=333.1387.favlist.content.click&vd_source=406d0cf895bedbdc58a3d0130d55e34c,1,BV1W5gs6KEhr,【4K精剪】异常加载中 | 杨博文直拍 | 260813,underthepoplar,2026-08-13 22:44:57,156773,21350,14730,15072,4526,6908,7748,14
2026-08-20 03:30:04,https://www.bilibili.com/video/BV1VFbd6QEjw/?spm_id_from=333.1387.favlist.content.click&vd_source=406d0cf895bedbdc58a3d0130d55e34c,2,BV1VFbd6QEjw,【杨博文｜4k直拍】管他什么音乐 直拍,关键时刻来瓶尖叫,2026-08-16 23:08:52,56922,4972,2859,3822,1015,81,77,14
2026-08-20 03:30:04,https://www.bilibili.com/video/BV1xebR6zEkr/?spm_id_from=333.1387.favlist.content.click&vd_source=406d0cf895bedbdc58a3d0130d55e34c,3,BV1xebR6zEkr,【4K精剪】Attention | 杨博文直拍 | 260816,underthepoplar,2026-08-16 23:54:18,106640,11171,7530,8328,1331,351,854,22
2026-08-20 03:30:04,https://www.bilibili.com/video/BV1s3gs6MEej/?spm_id_from=333.1387.favlist.content.click&vd_source=406d0cf895bedbdc58a3d0130d55e34c,4,BV1s3gs6MEej,【杨博文｜4k直拍】爱的初体验 直拍,关键时刻来瓶尖叫,2026-08-13 22:46:37,96505,11206,6075,8669,1797,495,2261,20
2026-08-20 03:30:04,https://www.bilibili.com/video/BV1E2bR6hEJR/?spm_id_from=333.1387.favlist.content.click&vd_source=406d0cf895bedbdc58a3d0130d55e34c,5,BV1E2bR6hEJR,【杨博文】Attention丨直拍横屏丨16岁高中生内娱主舞的舞台掌控力丨16&17两日精剪,Kismet丨杨博文,2026-08-16 22:13:05,167570,20741,10238,13918,2041,5254,5310,128
2026-08-20 03:30:04,https://www.bilibili.com/video/BV1Rib96EE3F/?spm_id_from=333.1387.favlist.content.click&vd_source=406d0cf895bedbdc58a3d0130d55e34c,6,BV1Rib96EE3F,260816 【杨博文】春雪  竖屏4k直拍,meetsummer丨杨博文,2026-08-17 01:54:42,23763,5824,2542,3312,234,685,559,11
2026-08-20 03:30:04,https://www.bilibili.com/video/BV18jgg6BEAd/?spm_id_from=333.1387.favlist.content.click&vd_source=406d0cf895bedbdc58a3d0130d55e34c,7,BV18jgg6BEAd,【4K精剪】摇曳！摇曳！ | 杨博文直拍 | 260813 & 260814,underthepoplar,2026-08-15 13:26:46,50545,8075,6120,5262,1205,400,924,18
2026-08-20 03:30:04,https://www.bilibili.com/video/BV1A5vkB2E1k/?spm_id_from=333.1387.favlist.content.click&vd_source=406d0cf895bedbdc58a3d0130d55e34c,8,BV1A5vkB2E1k,【杨博文】Hey Mama六机位纯舞直拍丨15岁舞台统治者的诞生，四代主舞燃炸全场！,Kismet丨杨博文,2025-12-28 22:28:16,2803031,65180,45575,47772,26307,13653,21946,2
2026-08-20 03:30:04,https://www.bilibili.com/video/BV1mJ64BREZY/?spm_id_from=333.337.search-card.all.click&vd_source=406d0cf895bedbdc58a3d0130d55e34c,9,BV1mJ64BREZY,【杨博文】闭嘴跳舞丨当主舞穿上西装就会得到,Kismet丨杨博文,2026-02-01 18:31:00,620797,35152,4026,25452,8589,447,654,1
2026-08-20 04:00:03,https://www.bilibili.com/video/BV1GdgW6JEe9/?spm_id_from=333.1387.favlist.content.click&vd_source=406d0cf895bedbdc58a3d0130d55e34c,0,BV1GdgW6JEe9,【杨博文｜4k直拍】Whiplash 双日直拍混剪,关键时刻来瓶尖叫,2026-08-13 23:45:41,174474,25132,21261,18611,5106,4153,6766,44
2026-08-20 04:00:03,https://www.bilibili.com/video/BV1W5gs6KEhr/?spm_id_from=333.1387.favlist.content.click&vd_source=406d0cf895bedbdc58a3d0130d55e34c,1,BV1W5gs6KEhr,【4K精剪】异常加载中 | 杨博文直拍 | 260813,underthepoplar,2026-08-13 22:44:57,156813,21352,14730,15073,4530,6908,7748,22
2026-08-20 04:00:03,https://www.bilibili.com/video/BV1VFbd6QEjw/?spm_id_from=333.1387.favlist.content.click&vd_source=406d0cf895bedbdc58a3d0130d55e34c,2,BV1VFbd6QEjw,【杨博文｜4k直拍】管他什么音乐 直拍,关键时刻来瓶尖叫,2026-08-16 23:08:52,57446,4972,2859,3823,1020,81,77,17
2026-08-20 04:00:03,https://www.bilibili.com/video/BV1xebR6zEkr/?spm_id_from=333.1387.favlist.content.click&vd_source=406d0cf895bedbdc58a3d0130d55e34c,3,BV1xebR6zEkr,【4K精剪】Attention | 杨博文直拍 | 260816,underthepoplar,2026-08-16 23:54:18,107301,11181,7538,8332,1336,351,863,26
2026-08-20 04:00:03,https://www.bilibili.com/video/BV1s3gs6MEej/?spm_id_from=333.1387.favlist.content.click&vd_source=406d0cf895bedbdc58a3d0130d55e34c,4,BV1s3gs6MEej,【杨博文｜4k直拍】爱的初体验 直拍,关键时刻来瓶尖叫,2026-08-13 22:46:37,96536,11206,6075,8671,1801,495,2261,14
2026-08-20 04:00:03,https://www.bilibili.com/video/BV1E2bR6hEJR/?spm_id_from=333.1387.favlist.content.click&vd_source=406d0cf895bedbdc58a3d0130d55e34c,5,BV1E2bR6hEJR,【杨博文】Attention丨直拍横屏丨16岁高中生内娱主舞的舞台掌控力丨16&17两日精剪,Kismet丨杨博文,2026-08-16 22:13:05,167713,20746,10246,13925,2047,5293,5351,131
2026-08-20 04:00:03,https://www.bilibili.com/video/BV1Rib96EE3F/?spm_id_from=333.1387.favlist.content.click&vd_source=406d0cf895bedbdc58a3d0130d55e34c,6,BV1Rib96EE3F,260816 【杨博文】春雪  竖屏4k直拍,meetsummer丨杨博文,2026-08-17 01:54:42,23824,5831,2543,3314,237,684,559,16
2026-08-20 04:00:03,https://www.bilibili.com/video/BV18jgg6BEAd/?spm_id_from=333.1387.favlist.content.click&vd_source=406d0cf895bedbdc58a3d0130d55e34c,7,BV18jgg6BEAd,【4K精剪】摇曳！摇曳！ | 杨博文直拍 | 260813 & 260814,underthepoplar,2026-08-15 13:26:46,50582,8076,6122,5264,1208,400,924,17
2026-08-20 04:00:03,https://www.bilibili.com/video/BV1A5vkB2E1k/?spm_id_from=333.1387.favlist.content.click&vd_source=406d0cf895bedbdc58a3d0130d55e34c,8,BV1A5vkB2E1k,【杨博文】Hey Mama六机位纯舞直拍丨15岁舞台统治者的诞生，四代主舞燃炸全场！,Kismet丨杨博文,2025-12-28 22:28:16,2803034,65180,45575,47771,26310,13653,21946,1
2026-08-20 04:00:03,https://www.bilibili.com/video/BV1mJ64BREZY/?spm_id_from=333.337.search-card.all.click&vd_source=406d0cf895bedbdc58a3d0130d55e34c,9,BV1mJ64BREZY,【杨博文】闭嘴跳舞丨当主舞穿上西装就会得到,Kismet丨杨博文,2026-02-01 18:31:00,620799,35152,4026,25452,8589,447,654,1
2026-08-20 04:30:01,https://www.bilibili.com/video/BV1GdgW6JEe9/?spm_id_from=333.1387.favlist.content.click&vd_source=406d0cf895bedbdc58a3d0130d55e34c,0,BV1GdgW6JEe9,【杨博文｜4k直拍】Whiplash 双日直拍混剪,关键时刻来瓶尖叫,2026-08-13 23:45:41,174532,25138,21265,18613,5123,4153,6768,46
2026-08-20 04:30:01,https://www.bilibili.com/video/BV1W5gs6KEhr/?spm_id_from=333.1387.favlist.content.click&vd_source=406d0cf895bedbdc58a3d0130d55e34c,1,BV1W5gs6KEhr,【4K精剪】异常加载中 | 杨博文直拍 | 260813,underthepoplar,2026-08-13 22:44:57,156844,21355,14732,15075,4548,6908,7748,20
2026-08-20 04:30:01,https://www.bilibili.com/video/BV1VFbd6QEjw/?spm_id_from=333.1387.favlist.content.click&vd_source=406d0cf895bedbdc58a3d0130d55e34c,2,BV1VFbd6QEjw,【杨博文｜4k直拍】管他什么音乐 直拍,关键时刻来瓶尖叫,2026-08-16 23:08:52,57947,4974,2861,3825,1038,81,77,18
2026-08-20 04:30:01,https://www.bilibili.com/video/BV1xebR6zEkr/?spm_id_from=333.1387.favlist.content.click&vd_source=406d0cf895bedbdc58a3d0130d55e34c,3,BV1xebR6zEkr,【4K精剪】Attention | 杨博文直拍 | 260816,underthepoplar,2026-08-16 23:54:18,107933,11186,7542,8338,1354,351,863,21
2026-08-20 04:30:01,https://www.bilibili.com/video/BV1s3gs6MEej/?spm_id_from=333.1387.favlist.content.click&vd_source=406d0cf895bedbdc58a3d0130d55e34c,4,BV1s3gs6MEej,【杨博文｜4k直拍】爱的初体验 直拍,关键时刻来瓶尖叫,2026-08-13 22:46:37,96571,11212,6075,8672,1819,495,2262,15
2026-08-20 04:30:01,https://www.bilibili.com/video/BV1E2bR6hEJR/?spm_id_from=333.1387.favlist.content.click&vd_source=406d0cf895bedbdc58a3d0130d55e34c,5,BV1E2bR6hEJR,【杨博文】Attention丨直拍横屏丨16岁高中生内娱主舞的舞台掌控力丨16&17两日精剪,Kismet丨杨博文,2026-08-16 22:13:05,167838,20756,10252,13928,2065,5303,5362,133
2026-08-20 04:30:01,https://www.bilibili.com/video/BV1Rib96EE3F/?spm_id_from=333.1387.favlist.content.click&vd_source=406d0cf895bedbdc58a3d0130d55e34c,6,BV1Rib96EE3F,260816 【杨博文】春雪  竖屏4k直拍,meetsummer丨杨博文,2026-08-17 01:54:42,23870,5836,2543,3314,256,684,559,17
2026-08-20 04:30:01,https://www.bilibili.com/video/BV18jgg6BEAd/?spm_id_from=333.1387.favlist.content.click&vd_source=406d0cf895bedbdc58a3d0130d55e34c,7,BV18jgg6BEAd,【4K精剪】摇曳！摇曳！ | 杨博文直拍 | 260813 & 260814,underthepoplar,2026-08-15 13:26:46,50625,8081,6126,5264,1227,400,924,18
2026-08-20 04:30:01,https://www.bilibili.com/video/BV1A5vkB2E1k/?spm_id_from=333.1387.favlist.content.click&vd_source=406d0cf895bedbdc58a3d0130d55e34c,8,BV1A5vkB2E1k,【杨博文】Hey Mama六机位纯舞直拍丨15岁舞台统治者的诞生，四代主舞燃炸全场！,Kismet丨杨博文,2025-12-28 22:28:16,2803039,65180,45575,47771,26326,13653,21946,1
2026-08-20 04:30:01,https://www.bilibili.com/video/BV1mJ64BREZY/?spm_id_from=333.337.search-card.all.click&vd_source=406d0cf895bedbdc58a3d0130d55e34c,9,BV1mJ64BREZY,【杨博文】闭嘴跳舞丨当主舞穿上西装就会得到,Kismet丨杨博文,2026-02-01 18:31:00,620799,35152,4026,25452,8589,447,654,1
2026-08-20 05:00:00,https://www.bilibili.com/video/BV1GdgW6JEe9/?spm_id_from=333.1387.favlist.content.click&vd_source=406d0cf895bedbdc58a3d0130d55e34c,0,BV1GdgW6JEe9,【杨博文｜4k直拍】Whiplash 双日直拍混剪,关键时刻来瓶尖叫,2026-08-13 23:45:41,174574,25140,21266,18614,5142,4153,6768,39
2026-08-20 05:00:00,https://www.bilibili.com/video/BV1W5gs6KEhr/?spm_id_from=333.1387.favlist.content.click&vd_source=406d0cf895bedbdc58a3d0130d55e34c,1,BV1W5gs6KEhr,【4K精剪】异常加载中 | 杨博文直拍 | 260813,underthepoplar,2026-08-13 22:44:57,156888,21359,14732,15078,4567,6908,7748,14
2026-08-20 05:00:00,https://www.bilibili.com/video/BV1VFbd6QEjw/?spm_id_from=333.1387.favlist.content.click&vd_source=406d0cf895bedbdc58a3d0130d55e34c,2,BV1VFbd6QEjw,【杨博文｜4k直拍】管他什么音乐 直拍,关键时刻来瓶尖叫,2026-08-16 23:08:52,58415,4976,2863,3826,1056,81,77,8
2026-08-20 05:00:00,https://www.bilibili.com/video/BV1xebR6zEkr/?spm_id_from=333.1387.favlist.content.click&vd_source=406d0cf895bedbdc58a3d0130d55e34c,3,BV1xebR6zEkr,【4K精剪】Attention | 杨博文直拍 | 260816,underthepoplar,2026-08-16 23:54:18,108486,11188,7545,8339,1372,351,863,18
2026-08-20 05:00:00,https://www.bilibili.com/video/BV1s3gs6MEej/?spm_id_from=333.1387.favlist.content.click&vd_source=406d0cf895bedbdc58a3d0130d55e34c,4,BV1s3gs6MEej,【杨博文｜4k直拍】爱的初体验 直拍,关键时刻来瓶尖叫,2026-08-13 22:46:37,96613,11216,6077,8674,1836,495,2262,15
2026-08-20 05:00:00,https://www.bilibili.com/video/BV1E2bR6hEJR/?spm_id_from=333.1387.favlist.content.click&vd_source=406d0cf895bedbdc58a3d0130d55e34c,5,BV1E2bR6hEJR,【杨博文】Attention丨直拍横屏丨16岁高中生内娱主舞的舞台掌控力丨16&17两日精剪,Kismet丨杨博文,2026-08-16 22:13:05,167938,20763,10257,13932,2083,5303,5362,128
2026-08-20 05:00:00,https://www.bilibili.com/video/BV1Rib96EE3F/?spm_id_from=333.1387.favlist.content.click&vd_source=406d0cf895bedbdc58a3d0130d55e34c,6,BV1Rib96EE3F,260816 【杨博文】春雪  竖屏4k直拍,meetsummer丨杨博文,2026-08-17 01:54:42,23910,5840,2548,3315,274,684,559,15
2026-08-20 05:00:00,https://www.bilibili.com/video/BV18jgg6BEAd/?spm_id_from=333.1387.favlist.content.click&vd_source=406d0cf895bedbdc58a3d0130d55e34c,7,BV18jgg6BEAd,【4K精剪】摇曳！摇曳！ | 杨博文直拍 | 260813 & 260814,underthepoplar,2026-08-15 13:26:46,50668,8088,6134,5269,1245,400,924,20
2026-08-20 05:00:00,https://www.bilibili.com/video/BV1A5vkB2E1k/?spm_id_from=333.1387.favlist.content.click&vd_source=406d0cf895bedbdc58a3d0130d55e34c,8,BV1A5vkB2E1k,【杨博文】Hey Mama六机位纯舞直拍丨15岁舞台统治者的诞生，四代主舞燃炸全场！,Kismet丨杨博文,2025-12-28 22:28:16,2803043,65181,45575,47772,26346,13653,21946,1
2026-08-20 05:00:00,https://www.bilibili.com/video/BV1mJ64BREZY/?spm_id_from=333.337.search-card.all.click&vd_source=406d0cf895bedbdc58a3d0130d55e34c,9,BV1mJ64BREZY,【杨博文】闭嘴跳舞丨当主舞穿上西装就会得到,Kismet丨杨博文,2026-02-01 18:31:00,620801,35152,4026,25452,8589,447,654,1
2026-08-20 05:30:09,https://www.bilibili.com/video/BV1GdgW6JEe9/?spm_id_from=333.1387.favlist.content.click&vd_source=406d0cf895bedbdc58a3d0130d55e34c,0,BV1GdgW6JEe9,【杨博文｜4k直拍】Whiplash 双日直拍混剪,关键时刻来瓶尖叫,2026-08-13 23:45:41,174614,25143,21266,18618,5146,4153,6768,45
2026-08-20 05:30:09,https://www.bilibili.com/video/BV1W5gs6KEhr/?spm_id_from=333.1387.favlist.content.click&vd_source=406d0cf895bedbdc58a3d0130d55e34c,1,BV1W5gs6KEhr,【4K精剪】异常加载中 | 杨博文直拍 | 260813,underthepoplar,2026-08-13 22:44:57,156916,21360,14732,15081,4571,6908,7748,19
2026-08-20 05:30:09,https://www.bilibili.com/video/BV1VFbd6QEjw/?spm_id_from=333.1387.favlist.content.click&vd_source=406d0cf895bedbdc58a3d0130d55e34c,2,BV1VFbd6QEjw,【杨博文｜4k直拍】管他什么音乐 直拍,关键时刻来瓶尖叫,2026-08-16 23:08:52,58874,4978,2863,3829,1060,81,77,10
2026-08-20 05:30:09,https://www.bilibili.com/video/BV1xebR6zEkr/?spm_id_from=333.1387.favlist.content.click&vd_source=406d0cf895bedbdc58a3d0130d55e34c,3,BV1xebR6zEkr,【4K精剪】Attention | 杨博文直拍 | 260816,underthepoplar,2026-08-16 23:54:18,109073,11194,7547,8344,1377,351,863,17
2026-08-20 05:30:09,https://www.bilibili.com/video/BV1s3gs6MEej/?spm_id_from=333.1387.favlist.content.click&vd_source=406d0cf895bedbdc58a3d0130d55e34c,4,BV1s3gs6MEej,【杨博文｜4k直拍】爱的初体验 直拍,关键时刻来瓶尖叫,2026-08-13 22:46:37,96642,11218,6077,8677,1842,495,2262,17
2026-08-20 05:30:09,https://www.bilibili.com/video/BV1E2bR6hEJR/?spm_id_from=333.1387.favlist.content.click&vd_source=406d0cf895bedbdc58a3d0130d55e34c,5,BV1E2bR6hEJR,【杨博文】Attention丨直拍横屏丨16岁高中生内娱主舞的舞台掌控力丨16&17两日精剪,Kismet丨杨博文,2026-08-16 22:13:05,168031,20766,10259,13939,2088,5345,5411,125
2026-08-20 05:30:09,https://www.bilibili.com/video/BV1Rib96EE3F/?spm_id_from=333.1387.favlist.content.click&vd_source=406d0cf895bedbdc58a3d0130d55e34c,6,BV1Rib96EE3F,260816 【杨博文】春雪  竖屏4k直拍,meetsummer丨杨博文,2026-08-17 01:54:42,23939,5842,2548,3319,279,684,559,14
2026-08-20 05:30:09,https://www.bilibili.com/video/BV18jgg6BEAd/?spm_id_from=333.1387.favlist.content.click&vd_source=406d0cf895bedbdc58a3d0130d55e34c,7,BV18jgg6BEAd,【4K精剪】摇曳！摇曳！ | 杨博文直拍 | 260813 & 260814,underthepoplar,2026-08-15 13:26:46,50708,8090,6134,5272,1250,400,924,17
2026-08-20 05:30:09,https://www.bilibili.com/video/BV1A5vkB2E1k/?spm_id_from=333.1387.favlist.content.click&vd_source=406d0cf895bedbdc58a3d0130d55e34c,8,BV1A5vkB2E1k,【杨博文】Hey Mama六机位纯舞直拍丨15岁舞台统治者的诞生，四代主舞燃炸全场！,Kismet丨杨博文,2025-12-28 22:28:16,2803046,65181,45575,47772,26352,13653,21946,2
2026-08-20 05:30:09,https://www.bilibili.com/video/BV1mJ64BREZY/?spm_id_from=333.337.search-card.all.click&vd_source=406d0cf895bedbdc58a3d0130d55e34c,9,BV1mJ64BREZY,【杨博文】闭嘴跳舞丨当主舞穿上西装就会得到,Kismet丨杨博文,2026-02-01 18:31:00,620802,35152,4026,25452,8589,447,654,1
2026-08-20 06:00:08,https://www.bilibili.com/video/BV1GdgW6JEe9/?spm_id_from=333.1387.favlist.content.click&vd_source=406d0cf895bedbdc58a3d0130d55e34c,0,BV1GdgW6JEe9,【杨博文｜4k直拍】Whiplash 双日直拍混剪,关键时刻来瓶尖叫,2026-08-13 23:45:41,174635,25144,21268,18619,5146,4153,6768,36
2026-08-20 06:00:08,https://www.bilibili.com/video/BV1W5gs6KEhr/?spm_id_from=333.1387.favlist.content.click&vd_source=406d0cf895bedbdc58a3d0130d55e34c,1,BV1W5gs6KEhr,【4K精剪】异常加载中 | 杨博文直拍 | 260813,underthepoplar,2026-08-13 22:44:57,156926,21361,14733,15082,4571,6908,7748,18
2026-08-20 06:00:08,https://www.bilibili.com/video/BV1VFbd6QEjw/?spm_id_from=333.1387.favlist.content.click&vd_source=406d0cf895bedbdc58a3d0130d55e34c,2,BV1VFbd6QEjw,【杨博文｜4k直拍】管他什么音乐 直拍,关键时刻来瓶尖叫,2026-08-16 23:08:52,59278,4978,2863,3830,1060,81,77,15
2026-08-20 06:00:08,https://www.bilibili.com/video/BV1xebR6zEkr/?spm_id_from=333.1387.favlist.content.click&vd_source=406d0cf895bedbdc58a3d0130d55e34c,3,BV1xebR6zEkr,【4K精剪】Attention | 杨博文直拍 | 260816,underthepoplar,2026-08-16 23:54:18,109597,11197,7550,8347,1378,351,863,24
2026-08-20 06:00:08,https://www.bilibili.com/video/BV1s3gs6MEej/?spm_id_from=333.1387.favlist.content.click&vd_source=406d0cf895bedbdc58a3d0130d55e34c,4,BV1s3gs6MEej,【杨博文｜4k直拍】爱的初体验 直拍,关键时刻来瓶尖叫,2026-08-13 22:46:37,96654,11219,6077,8677,1842,495,2262,13
2026-08-20 06:00:08,https://www.bilibili.com/video/BV1E2bR6hEJR/?spm_id_from=333.1387.favlist.content.click&vd_source=406d0cf895bedbdc58a3d0130d55e34c,5,BV1E2bR6hEJR,【杨博文】Attention丨直拍横屏丨16岁高中生内娱主舞的舞台掌控力丨16&17两日精剪,Kismet丨杨博文,2026-08-16 22:13:05,168091,20773,10263,13941,2088,5347,5414,130
2026-08-20 06:00:08,https://www.bilibili.com/video/BV1Rib96EE3F/?spm_id_from=333.1387.favlist.content.click&vd_source=406d0cf895bedbdc58a3d0130d55e34c,6,BV1Rib96EE3F,260816 【杨博文】春雪  竖屏4k直拍,meetsummer丨杨博文,2026-08-17 01:54:42,23959,5843,2548,3320,279,684,559,16
2026-08-20 06:00:08,https://www.bilibili.com/video/BV18jgg6BEAd/?spm_id_from=333.1387.favlist.content.click&vd_source=406d0cf895bedbdc58a3d0130d55e34c,7,BV18jgg6BEAd,【4K精剪】摇曳！摇曳！ | 杨博文直拍 | 260813 & 260814,underthepoplar,2026-08-15 13:26:46,50726,8090,6134,5272,1250,400,924,16
2026-08-20 06:00:08,https://www.bilibili.com/video/BV1A5vkB2E1k/?spm_id_from=333.1387.favlist.content.click&vd_source=406d0cf895bedbdc58a3d0130d55e34c,8,BV1A5vkB2E1k,【杨博文】Hey Mama六机位纯舞直拍丨15岁舞台统治者的诞生，四代主舞燃炸全场！,Kismet丨杨博文,2025-12-28 22:28:16,2803052,65181,45575,47772,26352,13653,21946,2
2026-08-20 06:00:08,https://www.bilibili.com/video/BV1mJ64BREZY/?spm_id_from=333.337.search-card.all.click&vd_source=406d0cf895bedbdc58a3d0130d55e34c,9,BV1mJ64BREZY,【杨博文】闭嘴跳舞丨当主舞穿上西装就会得到,Kismet丨杨博文,2026-02-01 18:31:00,620803,35152,4026,25452,8589,447,654,1
2026-08-20 06:30:06,https://www.bilibili.com/video/BV1GdgW6JEe9/?spm_id_from=333.1387.favlist.content.click&vd_source=406d0cf895bedbdc58a3d0130d55e34c,0,BV1GdgW6JEe9,【杨博文｜4k直拍】Whiplash 双日直拍混剪,关键时刻来瓶尖叫,2026-08-13 23:45:41,174662,25146,21268,18621,5155,4153,6769,34
2026-08-20 06:30:06,https://www.bilibili.com/video/BV1W5gs6KEhr/?spm_id_from=333.1387.favlist.content.click&vd_source=406d0cf895bedbdc58a3d0130d55e34c,1,BV1W5gs6KEhr,【4K精剪】异常加载中 | 杨博文直拍 | 260813,underthepoplar,2026-08-13 22:44:57,156948,21363,14733,15083,4580,6908,7748,15
2026-08-20 06:30:06,https://www.bilibili.com/video/BV1VFbd6QEjw/?spm_id_from=333.1387.favlist.content.click&vd_source=406d0cf895bedbdc58a3d0130d55e34c,2,BV1VFbd6QEjw,【杨博文｜4k直拍】管他什么音乐 直拍,关键时刻来瓶尖叫,2026-08-16 23:08:52,59664,4979,2863,3831,1068,81,77,14
2026-08-20 06:30:06,https://www.bilibili.com/video/BV1xebR6zEkr/?spm_id_from=333.1387.favlist.content.click&vd_source=406d0cf895bedbdc58a3d0130d55e34c,3,BV1xebR6zEkr,【4K精剪】Attention | 杨博文直拍 | 260816,underthepoplar,2026-08-16 23:54:18,110117,11200,7550,8351,1386,351,864,17
2026-08-20 06:30:06,https://www.bilibili.com/video/BV1s3gs6MEej/?spm_id_from=333.1387.favlist.content.click&vd_source=406d0cf895bedbdc58a3d0130d55e34c,4,BV1s3gs6MEej,【杨博文｜4k直拍】爱的初体验 直拍,关键时刻来瓶尖叫,2026-08-13 22:46:37,96666,11220,6077,8678,1849,495,2262,12
2026-08-20 06:30:06,https://www.bilibili.com/video/BV1E2bR6hEJR/?spm_id_from=333.1387.favlist.content.click&vd_source=406d0cf895bedbdc58a3d0130d55e34c,5,BV1E2bR6hEJR,【杨博文】Attention丨直拍横屏丨16岁高中生内娱主舞的舞台掌控力丨16&17两日精剪,Kismet丨杨博文,2026-08-16 22:13:05,168165,20776,10264,13947,2095,5347,5414,120
2026-08-20 06:30:06,https://www.bilibili.com/video/BV1Rib96EE3F/?spm_id_from=333.1387.favlist.content.click&vd_source=406d0cf895bedbdc58a3d0130d55e34c,6,BV1Rib96EE3F,260816 【杨博文】春雪  竖屏4k直拍,meetsummer丨杨博文,2026-08-17 01:54:42,23978,5848,2551,3323,286,684,559,14
2026-08-20 06:30:06,https://www.bilibili.com/video/BV18jgg6BEAd/?spm_id_from=333.1387.favlist.content.click&vd_source=406d0cf895bedbdc58a3d0130d55e34c,7,BV18jgg6BEAd,【4K精剪】摇曳！摇曳！ | 杨博文直拍 | 260813 & 260814,underthepoplar,2026-08-15 13:26:46,50742,8090,6134,5273,1258,400,924,13
2026-08-20 06:30:06,https://www.bilibili.com/video/BV1A5vkB2E1k/?spm_id_from=333.1387.favlist.content.click&vd_source=406d0cf895bedbdc58a3d0130d55e34c,8,BV1A5vkB2E1k,【杨博文】Hey Mama六机位纯舞直拍丨15岁舞台统治者的诞生，四代主舞燃炸全场！,Kismet丨杨博文,2025-12-28 22:28:16,2803058,65181,45575,47773,26358,13653,21946,1
2026-08-20 06:30:06,https://www.bilibili.com/video/BV1mJ64BREZY/?spm_id_from=333.337.search-card.all.click&vd_source=406d0cf895bedbdc58a3d0130d55e34c,9,BV1mJ64BREZY,【杨博文】闭嘴跳舞丨当主舞穿上西装就会得到,Kismet丨杨博文,2026-02-01 18:31:00,620803,35152,4026,25452,8589,447,654,1
2026-08-20 07:00:05,https://www.bilibili.com/video/BV1GdgW6JEe9/?spm_id_from=333.1387.favlist.content.click&vd_source=406d0cf895bedbdc58a3d0130d55e34c,0,BV1GdgW6JEe9,【杨博文｜4k直拍】Whiplash 双日直拍混剪,关键时刻来瓶尖叫,2026-08-13 23:45:41,174684,25147,21268,18622,5174,4153,6769,34
2026-08-20 07:00:05,https://www.bilibili.com/video/BV1W5gs6KEhr/?spm_id_from=333.1387.favlist.content.click&vd_source=406d0cf895bedbdc58a3d0130d55e34c,1,BV1W5gs6KEhr,【4K精剪】异常加载中 | 杨博文直拍 | 260813,underthepoplar,2026-08-13 22:44:57,156967,21363,14733,15083,4598,6908,7749,15
2026-08-20 07:00:05,https://www.bilibili.com/video/BV1VFbd6QEjw/?spm_id_from=333.1387.favlist.content.click&vd_source=406d0cf895bedbdc58a3d0130d55e34c,2,BV1VFbd6QEjw,【杨博文｜4k直拍】管他什么音乐 直拍,关键时刻来瓶尖叫,2026-08-16 23:08:52,60029,4979,2863,3831,1086,81,77,12
2026-08-20 07:00:05,https://www.bilibili.com/video/BV1xebR6zEkr/?spm_id_from=333.1387.favlist.content.click&vd_source=406d0cf895bedbdc58a3d0130d55e34c,3,BV1xebR6zEkr,【4K精剪】Attention | 杨博文直拍 | 260816,underthepoplar,2026-08-16 23:54:18,110600,11202,7550,8353,1404,351,865,21
2026-08-20 07:00:05,https://www.bilibili.com/video/BV1s3gs6MEej/?spm_id_from=333.1387.favlist.content.click&vd_source=406d0cf895bedbdc58a3d0130d55e34c,4,BV1s3gs6MEej,【杨博文｜4k直拍】爱的初体验 直拍,关键时刻来瓶尖叫,2026-08-13 22:46:37,96679,11220,6077,8679,1869,495,2262,19
2026-08-20 07:00:05,https://www.bilibili.com/video/BV1E2bR6hEJR/?spm_id_from=333.1387.favlist.content.click&vd_source=406d0cf895bedbdc58a3d0130d55e34c,5,BV1E2bR6hEJR,【杨博文】Attention丨直拍横屏丨16岁高中生内娱主舞的舞台掌控力丨16&17两日精剪,Kismet丨杨博文,2026-08-16 22:13:05,168227,20781,10267,13952,2114,5387,5458,124
2026-08-20 07:00:05,https://www.bilibili.com/video/BV1Rib96EE3F/?spm_id_from=333.1387.favlist.content.click&vd_source=406d0cf895bedbdc58a3d0130d55e34c,6,BV1Rib96EE3F,260816 【杨博文】春雪  竖屏4k直拍,meetsummer丨杨博文,2026-08-17 01:54:42,23998,5850,2551,3325,305,684,559,11
2026-08-20 07:00:05,https://www.bilibili.com/video/BV18jgg6BEAd/?spm_id_from=333.1387.favlist.content.click&vd_source=406d0cf895bedbdc58a3d0130d55e34c,7,BV18jgg6BEAd,【4K精剪】摇曳！摇曳！ | 杨博文直拍 | 260813 & 260814,underthepoplar,2026-08-15 13:26:46,50762,8093,6135,5276,1276,400,924,15
2026-08-20 07:00:05,https://www.bilibili.com/video/BV1A5vkB2E1k/?spm_id_from=333.1387.favlist.content.click&vd_source=406d0cf895bedbdc58a3d0130d55e34c,8,BV1A5vkB2E1k,【杨博文】Hey Mama六机位纯舞直拍丨15岁舞台统治者的诞生，四代主舞燃炸全场！,Kismet丨杨博文,2025-12-28 22:28:16,2803062,65182,45575,47774,26377,13653,21946,1
2026-08-20 07:00:05,https://www.bilibili.com/video/BV1mJ64BREZY/?spm_id_from=333.337.search-card.all.click&vd_source=406d0cf895bedbdc58a3d0130d55e34c,9,BV1mJ64BREZY,【杨博文】闭嘴跳舞丨当主舞穿上西装就会得到,Kismet丨杨博文,2026-02-01 18:31:00,620803,35152,4026,25452,8589,447,654,1
2026-08-20 07:30:04,https://www.bilibili.com/video/BV1GdgW6JEe9/?spm_id_from=333.1387.favlist.content.click&vd_source=406d0cf895bedbdc58a3d0130d55e34c,0,BV1GdgW6JEe9,【杨博文｜4k直拍】Whiplash 双日直拍混剪,关键时刻来瓶尖叫,2026-08-13 23:45:41,174733,25150,21268,18625,5189,4153,6769,34
2026-08-20 07:30:04,https://www.bilibili.com/video/BV1W5gs6KEhr/?spm_id_from=333.1387.favlist.content.click&vd_source=406d0cf895bedbdc58a3d0130d55e34c,1,BV1W5gs6KEhr,【4K精剪】异常加载中 | 杨博文直拍 | 260813,underthepoplar,2026-08-13 22:44:57,156980,21363,14734,15082,4614,6908,7749,13
2026-08-20 07:30:04,https://www.bilibili.com/video/BV1VFbd6QEjw/?spm_id_from=333.1387.favlist.content.click&vd_source=406d0cf895bedbdc58a3d0130d55e34c,2,BV1VFbd6QEjw,【杨博文｜4k直拍】管他什么音乐 直拍,关键时刻来瓶尖叫,2026-08-16 23:08:52,60355,4980,2863,3831,1103,81,77,13
2026-08-20 07:30:04,https://www.bilibili.com/video/BV1xebR6zEkr/?spm_id_from=333.1387.favlist.content.click&vd_source=406d0cf895bedbdc58a3d0130d55e34c,3,BV1xebR6zEkr,【4K精剪】Attention | 杨博文直拍 | 260816,underthepoplar,2026-08-16 23:54:18,111080,11206,7550,8355,1421,351,865,15
2026-08-20 07:30:04,https://www.bilibili.com/video/BV1s3gs6MEej/?spm_id_from=333.1387.favlist.content.click&vd_source=406d0cf895bedbdc58a3d0130d55e34c,4,BV1s3gs6MEej,【杨博文｜4k直拍】爱的初体验 直拍,关键时刻来瓶尖叫,2026-08-13 22:46:37,96703,11221,6077,8680,1885,495,2262,11
2026-08-20 07:30:04,https://www.bilibili.com/video/BV1E2bR6hEJR/?spm_id_from=333.1387.favlist.content.click&vd_source=406d0cf895bedbdc58a3d0130d55e34c,5,BV1E2bR6hEJR,【杨博文】Attention丨直拍横屏丨16岁高中生内娱主舞的舞台掌控力丨16&17两日精剪,Kismet丨杨博文,2026-08-16 22:13:05,168314,20785,10271,13957,2130,5388,5458,123
2026-08-20 07:30:04,https://www.bilibili.com/video/BV1Rib96EE3F/?spm_id_from=333.1387.favlist.content.click&vd_source=406d0cf895bedbdc58a3d0130d55e34c,6,BV1Rib96EE3F,260816 【杨博文】春雪  竖屏4k直拍,meetsummer丨杨博文,2026-08-17 01:54:42,24025,5853,2553,3328,321,684,559,10
2026-08-20 07:30:04,https://www.bilibili.com/video/BV18jgg6BEAd/?spm_id_from=333.1387.favlist.content.click&vd_source=406d0cf895bedbdc58a3d0130d55e34c,7,BV18jgg6BEAd,【4K精剪】摇曳！摇曳！ | 杨博文直拍 | 260813 & 260814,underthepoplar,2026-08-15 13:26:46,50782,8092,6135,5277,1292,400,924,14
2026-08-20 07:30:04,https://www.bilibili.com/video/BV1A5vkB2E1k/?spm_id_from=333.1387.favlist.content.click&vd_source=406d0cf895bedbdc58a3d0130d55e34c,8,BV1A5vkB2E1k,【杨博文】Hey Mama六机位纯舞直拍丨15岁舞台统治者的诞生，四代主舞燃炸全场！,Kismet丨杨博文,2025-12-28 22:28:16,2803067,65183,45575,47775,26394,13653,21946,2
2026-08-20 07:30:04,https://www.bilibili.com/video/BV1mJ64BREZY/?spm_id_from=333.337.search-card.all.click&vd_source=406d0cf895bedbdc58a3d0130d55e34c,9,BV1mJ64BREZY,【杨博文】闭嘴跳舞丨当主舞穿上西装就会得到,Kismet丨杨博文,2026-02-01 18:31:00,620803,35152,4026,25452,8589,447,654,1
2026-08-20 08:00:02,https://www.bilibili.com/video/BV1GdgW6JEe9/?spm_id_from=333.1387.favlist.content.click&vd_source=406d0cf895bedbdc58a3d0130d55e34c,0,BV1GdgW6JEe9,【杨博文｜4k直拍】Whiplash 双日直拍混剪,关键时刻来瓶尖叫,2026-08-13 23:45:41,174795,25157,21270,18630,5191,4153,6769,24
2026-08-20 08:00:02,https://www.bilibili.com/video/BV1W5gs6KEhr/?spm_id_from=333.1387.favlist.content.click&vd_source=406d0cf895bedbdc58a3d0130d55e34c,1,BV1W5gs6KEhr,【4K精剪】异常加载中 | 杨博文直拍 | 260813,underthepoplar,2026-08-13 22:44:57,157006,21365,14734,15082,4616,6908,7749,12
2026-08-20 08:00:02,https://www.bilibili.com/video/BV1VFbd6QEjw/?spm_id_from=333.1387.favlist.content.click&vd_source=406d0cf895bedbdc58a3d0130d55e34c,2,BV1VFbd6QEjw,【杨博文｜4k直拍】管他什么音乐 直拍,关键时刻来瓶尖叫,2026-08-16 23:08:52,60716,4982,2865,3833,1104,81,77,13
2026-08-20 08:00:02,https://www.bilibili.com/video/BV1xebR6zEkr/?spm_id_from=333.1387.favlist.content.click&vd_source=406d0cf895bedbdc58a3d0130d55e34c,3,BV1xebR6zEkr,【4K精剪】Attention | 杨博文直拍 | 260816,underthepoplar,2026-08-16 23:54:18,111612,11213,7550,8362,1423,351,865,31
2026-08-20 08:00:02,https://www.bilibili.com/video/BV1s3gs6MEej/?spm_id_from=333.1387.favlist.content.click&vd_source=406d0cf895bedbdc58a3d0130d55e34c,4,BV1s3gs6MEej,【杨博文｜4k直拍】爱的初体验 直拍,关键时刻来瓶尖叫,2026-08-13 22:46:37,96727,11222,6078,8684,1887,495,2262,11
2026-08-20 08:00:02,https://www.bilibili.com/video/BV1E2bR6hEJR/?spm_id_from=333.1387.favlist.content.click&vd_source=406d0cf895bedbdc58a3d0130d55e34c,5,BV1E2bR6hEJR,【杨博文】Attention丨直拍横屏丨16岁高中生内娱主舞的舞台掌控力丨16&17两日精剪,Kismet丨杨博文,2026-08-16 22:13:05,168425,20796,10277,13968,2133,5388,5458,126
2026-08-20 08:00:02,https://www.bilibili.com/video/BV1Rib96EE3F/?spm_id_from=333.1387.favlist.content.click&vd_source=406d0cf895bedbdc58a3d0130d55e34c,6,BV1Rib96EE3F,260816 【杨博文】春雪  竖屏4k直拍,meetsummer丨杨博文,2026-08-17 01:54:42,24054,5858,2555,3332,324,684,559,9
2026-08-20 08:00:02,https://www.bilibili.com/video/BV18jgg6BEAd/?spm_id_from=333.1387.favlist.content.click&vd_source=406d0cf895bedbdc58a3d0130d55e34c,7,BV18jgg6BEAd,【4K精剪】摇曳！摇曳！ | 杨博文直拍 | 260813 & 260814,underthepoplar,2026-08-15 13:26:46,50825,8099,6141,5284,1294,400,924,16
2026-08-20 08:00:02,https://www.bilibili.com/video/BV1A5vkB2E1k/?spm_id_from=333.1387.favlist.content.click&vd_source=406d0cf895bedbdc58a3d0130d55e34c,8,BV1A5vkB2E1k,【杨博文】Hey Mama六机位纯舞直拍丨15岁舞台统治者的诞生，四代主舞燃炸全场！,Kismet丨杨博文,2025-12-28 22:28:16,2803068,65183,45575,47776,26397,13653,21946,2
2026-08-20 08:00:02,https://www.bilibili.com/video/BV1mJ64BREZY/?spm_id_from=333.337.search-card.all.click&vd_source=406d0cf895bedbdc58a3d0130d55e34c,9,BV1mJ64BREZY,【杨博文】闭嘴跳舞丨当主舞穿上西装就会得到,Kismet丨杨博文,2026-02-01 18:31:00,620803,35152,4026,25452,8589,447,654,1
2026-08-20 08:30:02,https://www.bilibili.com/video/BV1GdgW6JEe9/?spm_id_from=333.1387.favlist.content.click&vd_source=406d0cf895bedbdc58a3d0130d55e34c,0,BV1GdgW6JEe9,【杨博文｜4k直拍】Whiplash 双日直拍混剪,关键时刻来瓶尖叫,2026-08-13 23:45:41,174892,25162,21272,18635,5191,4153,6769,23
2026-08-20 08:30:02,https://www.bilibili.com/video/BV1W5gs6KEhr/?spm_id_from=333.1387.favlist.content.click&vd_source=406d0cf895bedbdc58a3d0130d55e34c,1,BV1W5gs6KEhr,【4K精剪】异常加载中 | 杨博文直拍 | 260813,underthepoplar,2026-08-13 22:44:57,157048,21368,14739,15085,4616,6909,7749,12
2026-08-20 08:30:02,https://www.bilibili.com/video/BV1VFbd6QEjw/?spm_id_from=333.1387.favlist.content.click&vd_source=406d0cf895bedbdc58a3d0130d55e34c,2,BV1VFbd6QEjw,【杨博文｜4k直拍】管他什么音乐 直拍,关键时刻来瓶尖叫,2026-08-16 23:08:52,61093,4986,2871,3836,1104,81,77,10
2026-08-20 08:30:02,https://www.bilibili.com/video/BV1xebR6zEkr/?spm_id_from=333.1387.favlist.content.click&vd_source=406d0cf895bedbdc58a3d0130d55e34c,3,BV1xebR6zEkr,【4K精剪】Attention | 杨博文直拍 | 260816,underthepoplar,2026-08-16 23:54:18,112218,11227,7556,8377,1423,351,865,35
2026-08-20 08:30:02,https://www.bilibili.com/video/BV1s3gs6MEej/?spm_id_from=333.1387.favlist.content.click&vd_source=406d0cf895bedbdc58a3d0130d55e34c,4,BV1s3gs6MEej,【杨博文｜4k直拍】爱的初体验 直拍,关键时刻来瓶尖叫,2026-08-13 22:46:37,96770,11228,6080,8692,1887,495,2262,16
2026-08-20 08:30:02,https://www.bilibili.com/video/BV1E2bR6hEJR/?spm_id_from=333.1387.favlist.content.click&vd_source=406d0cf895bedbdc58a3d0130d55e34c,5,BV1E2bR6hEJR,【杨博文】Attention丨直拍横屏丨16岁高中生内娱主舞的舞台掌控力丨16&17两日精剪,Kismet丨杨博文,2026-08-16 22:13:05,168606,20814,10283,13984,2134,5388,5458,123
2026-08-20 08:30:02,https://www.bilibili.com/video/BV1Rib96EE3F/?spm_id_from=333.1387.favlist.content.click&vd_source=406d0cf895bedbdc58a3d0130d55e34c,6,BV1Rib96EE3F,260816 【杨博文】春雪  竖屏4k直拍,meetsummer丨杨博文,2026-08-17 01:54:42,24107,5869,2557,3339,324,684,559,10
2026-08-20 08:30:02,https://www.bilibili.com/video/BV18jgg6BEAd/?spm_id_from=333.1387.favlist.content.click&vd_source=406d0cf895bedbdc58a3d0130d55e34c,7,BV18jgg6BEAd,【4K精剪】摇曳！摇曳！ | 杨博文直拍 | 260813 & 260814,underthepoplar,2026-08-15 13:26:46,50874,8109,6147,5290,1294,400,924,13
2026-08-20 08:30:02,https://www.bilibili.com/video/BV1A5vkB2E1k/?spm_id_from=333.1387.favlist.content.click&vd_source=406d0cf895bedbdc58a3d0130d55e34c,8,BV1A5vkB2E1k,【杨博文】Hey Mama六机位纯舞直拍丨15岁舞台统治者的诞生，四代主舞燃炸全场！,Kismet丨杨博文,2025-12-28 22:28:16,2803078,65182,45575,47774,26397,13653,21946,2
2026-08-20 08:30:02,https://www.bilibili.com/video/BV1mJ64BREZY/?spm_id_from=333.337.search-card.all.click&vd_source=406d0cf895bedbdc58a3d0130d55e34c,9,BV1mJ64BREZY,【杨博文】闭嘴跳舞丨当主舞穿上西装就会得到,Kismet丨杨博文,2026-02-01 18:31:00,620804,35152,4026,25452,8589,447,654,1
2026-08-20 09:00:01,https://www.bilibili.com/video/BV1GdgW6JEe9/?spm_id_from=333.1387.favlist.content.click&vd_source=406d0cf895bedbdc58a3d0130d55e34c,0,BV1GdgW6JEe9,【杨博文｜4k直拍】Whiplash 双日直拍混剪,关键时刻来瓶尖叫,2026-08-13 23:45:41,175025,25172,21278,18643,5206,4154,6769,21
2026-08-20 09:00:01,https://www.bilibili.com/video/BV1W5gs6KEhr/?spm_id_from=333.1387.favlist.content.click&vd_source=406d0cf895bedbdc58a3d0130d55e34c,1,BV1W5gs6KEhr,【4K精剪】异常加载中 | 杨博文直拍 | 260813,underthepoplar,2026-08-13 22:44:57,157116,21374,14743,15093,4628,6909,7749,14
2026-08-20 09:00:01,https://www.bilibili.com/video/BV1VFbd6QEjw/?spm_id_from=333.1387.favlist.content.click&vd_source=406d0cf895bedbdc58a3d0130d55e34c,2,BV1VFbd6QEjw,【杨博文｜4k直拍】管他什么音乐 直拍,关键时刻来瓶尖叫,2026-08-16 23:08:52,61457,4991,2879,3843,1118,81,77,10
2026-08-20 09:00:01,https://www.bilibili.com/video/BV1xebR6zEkr/?spm_id_from=333.1387.favlist.content.click&vd_source=406d0cf895bedbdc58a3d0130d55e34c,3,BV1xebR6zEkr,【4K精剪】Attention | 杨博文直拍 | 260816,underthepoplar,2026-08-16 23:54:18,112896,11258,7575,8406,1439,352,865,45
2026-08-20 09:00:01,https://www.bilibili.com/video/BV1s3gs6MEej/?spm_id_from=333.1387.favlist.content.click&vd_source=406d0cf895bedbdc58a3d0130d55e34c,4,BV1s3gs6MEej,【杨博文｜4k直拍】爱的初体验 直拍,关键时刻来瓶尖叫,2026-08-13 22:46:37,96832,11235,6080,8701,1900,496,2262,12
2026-08-20 09:00:01,https://www.bilibili.com/video/BV1E2bR6hEJR/?spm_id_from=333.1387.favlist.content.click&vd_source=406d0cf895bedbdc58a3d0130d55e34c,5,BV1E2bR6hEJR,【杨博文】Attention丨直拍横屏丨16岁高中生内娱主舞的舞台掌控力丨16&17两日精剪,Kismet丨杨博文,2026-08-16 22:13:05,168843,20832,10285,13997,2148,5390,5468,129
2026-08-20 09:00:01,https://www.bilibili.com/video/BV1Rib96EE3F/?spm_id_from=333.1387.favlist.content.click&vd_source=406d0cf895bedbdc58a3d0130d55e34c,6,BV1Rib96EE3F,260816 【杨博文】春雪  竖屏4k直拍,meetsummer丨杨博文,2026-08-17 01:54:42,24181,5887,2562,3350,336,684,560,14
2026-08-20 09:00:01,https://www.bilibili.com/video/BV18jgg6BEAd/?spm_id_from=333.1387.favlist.content.click&vd_source=406d0cf895bedbdc58a3d0130d55e34c,7,BV18jgg6BEAd,【4K精剪】摇曳！摇曳！ | 杨博文直拍 | 260813 & 260814,underthepoplar,2026-08-15 13:26:46,50943,8115,6150,5296,1309,400,924,19
2026-08-20 09:00:01,https://www.bilibili.com/video/BV1A5vkB2E1k/?spm_id_from=333.1387.favlist.content.click&vd_source=406d0cf895bedbdc58a3d0130d55e34c,8,BV1A5vkB2E1k,【杨博文】Hey Mama六机位纯舞直拍丨15岁舞台统治者的诞生，四代主舞燃炸全场！,Kismet丨杨博文,2025-12-28 22:28:16,2803091,65183,45576,47775,26408,13653,21946,1
2026-08-20 09:00:01,https://www.bilibili.com/video/BV1mJ64BREZY/?spm_id_from=333.337.search-card.all.click&vd_source=406d0cf895bedbdc58a3d0130d55e34c,9,BV1mJ64BREZY,【杨博文】闭嘴跳舞丨当主舞穿上西装就会得到,Kismet丨杨博文,2026-02-01 18:31:00,620804,35152,4026,25452,8589,447,654,1
2026-08-20 09:30:00,https://www.bilibili.com/video/BV1GdgW6JEe9/?spm_id_from=333.1387.favlist.content.click&vd_source=406d0cf895bedbdc58a3d0130d55e34c,0,BV1GdgW6JEe9,【杨博文｜4k直拍】Whiplash 双日直拍混剪,关键时刻来瓶尖叫,2026-08-13 23:45:41,175187,25181,21282,18653,5228,4155,6769,21
2026-08-20 09:30:00,https://www.bilibili.com/video/BV1W5gs6KEhr/?spm_id_from=333.1387.favlist.content.click&vd_source=406d0cf895bedbdc58a3d0130d55e34c,1,BV1W5gs6KEhr,【4K精剪】异常加载中 | 杨博文直拍 | 260813,underthepoplar,2026-08-13 22:44:57,157196,21381,14747,15101,4650,6910,7749,19
2026-08-20 09:30:00,https://www.bilibili.com/video/BV1VFbd6QEjw/?spm_id_from=333.1387.favlist.content.click&vd_source=406d0cf895bedbdc58a3d0130d55e34c,2,BV1VFbd6QEjw,【杨博文｜4k直拍】管他什么音乐 直拍,关键时刻来瓶尖叫,2026-08-16 23:08:52,61845,4995,2881,3850,1137,82,77,5
2026-08-20 09:30:00,https://www.bilibili.com/video/BV1xebR6zEkr/?spm_id_from=333.1387.favlist.content.click&vd_source=406d0cf895bedbdc58a3d0130d55e34c,3,BV1xebR6zEkr,【4K精剪】Attention | 杨博文直拍 | 260816,underthepoplar,2026-08-16 23:54:18,113618,11281,7590,8433,1457,354,866,35
2026-08-20 09:30:00,https://www.bilibili.com/video/BV1s3gs6MEej/?spm_id_from=333.1387.favlist.content.click&vd_source=406d0cf895bedbdc58a3d0130d55e34c,4,BV1s3gs6MEej,【杨博文｜4k直拍】爱的初体验 直拍,关键时刻来瓶尖叫,2026-08-13 22:46:37,96901,11237,6080,8703,1919,496,2262,11
2026-08-20 09:30:00,https://www.bilibili.com/video/BV1E2bR6hEJR/?spm_id_from=333.1387.favlist.content.click&vd_source=406d0cf895bedbdc58a3d0130d55e34c,5,BV1E2bR6hEJR,【杨博文】Attention丨直拍横屏丨16岁高中生内娱主舞的舞台掌控力丨16&17两日精剪,Kismet丨杨博文,2026-08-16 22:13:05,169116,20856,10293,14015,2166,5390,5468,145
2026-08-20 09:30:00,https://www.bilibili.com/video/BV1Rib96EE3F/?spm_id_from=333.1387.favlist.content.click&vd_source=406d0cf895bedbdc58a3d0130d55e34c,6,BV1Rib96EE3F,260816 【杨博文】春雪  竖屏4k直拍,meetsummer丨杨博文,2026-08-17 01:54:42,24254,5905,2567,3357,355,684,560,15
2026-08-20 09:30:00,https://www.bilibili.com/video/BV18jgg6BEAd/?spm_id_from=333.1387.favlist.content.click&vd_source=406d0cf895bedbdc58a3d0130d55e34c,7,BV18jgg6BEAd,【4K精剪】摇曳！摇曳！ | 杨博文直拍 | 260813 & 260814,underthepoplar,2026-08-15 13:26:46,51015,8123,6155,5301,1327,400,924,16
2026-08-20 09:30:00,https://www.bilibili.com/video/BV1A5vkB2E1k/?spm_id_from=333.1387.favlist.content.click&vd_source=406d0cf895bedbdc58a3d0130d55e34c,8,BV1A5vkB2E1k,【杨博文】Hey Mama六机位纯舞直拍丨15岁舞台统治者的诞生，四代主舞燃炸全场！,Kismet丨杨博文,2025-12-28 22:28:16,2803106,65184,45576,47775,26427,13653,21946,1
2026-08-20 09:30:00,https://www.bilibili.com/video/BV1mJ64BREZY/?spm_id_from=333.337.search-card.all.click&vd_source=406d0cf895bedbdc58a3d0130d55e34c,9,BV1mJ64BREZY,【杨博文】闭嘴跳舞丨当主舞穿上西装就会得到,Kismet丨杨博文,2026-02-01 18:31:00,620805,35152,4026,25452,8589,447,654,1
2026-08-20 10:00:08,https://www.bilibili.com/video/BV1GdgW6JEe9/?spm_id_from=333.1387.favlist.content.click&vd_source=406d0cf895bedbdc58a3d0130d55e34c,0,BV1GdgW6JEe9,【杨博文｜4k直拍】Whiplash 双日直拍混剪,关键时刻来瓶尖叫,2026-08-13 23:45:41,175406,25204,21293,18671,5242,4155,6771,31
2026-08-20 10:00:08,https://www.bilibili.com/video/BV1W5gs6KEhr/?spm_id_from=333.1387.favlist.content.click&vd_source=406d0cf895bedbdc58a3d0130d55e34c,1,BV1W5gs6KEhr,【4K精剪】异常加载中 | 杨博文直拍 | 260813,underthepoplar,2026-08-13 22:44:57,157286,21391,14751,15115,4661,6910,7751,21
2026-08-20 10:00:08,https://www.bilibili.com/video/BV1VFbd6QEjw/?spm_id_from=333.1387.favlist.content.click&vd_source=406d0cf895bedbdc58a3d0130d55e34c,2,BV1VFbd6QEjw,【杨博文｜4k直拍】管他什么音乐 直拍,关键时刻来瓶尖叫,2026-08-16 23:08:52,62291,5000,2887,3862,1152,82,77,16
2026-08-20 10:00:08,https://www.bilibili.com/video/BV1xebR6zEkr/?spm_id_from=333.1387.favlist.content.click&vd_source=406d0cf895bedbdc58a3d0130d55e34c,3,BV1xebR6zEkr,【4K精剪】Attention | 杨博文直拍 | 260816,underthepoplar,2026-08-16 23:54:18,114428,11306,7608,8460,1475,353,868,59
2026-08-20 10:00:08,https://www.bilibili.com/video/BV1s3gs6MEej/?spm_id_from=333.1387.favlist.content.click&vd_source=406d0cf895bedbdc58a3d0130d55e34c,4,BV1s3gs6MEej,【杨博文｜4k直拍】爱的初体验 直拍,关键时刻来瓶尖叫,2026-08-13 22:46:37,96995,11248,6082,8708,1931,497,2263,10
2026-08-20 10:00:08,https://www.bilibili.com/video/BV1E2bR6hEJR/?spm_id_from=333.1387.favlist.content.click&vd_source=406d0cf895bedbdc58a3d0130d55e34c,5,BV1E2bR6hEJR,【杨博文】Attention丨直拍横屏丨16岁高中生内娱主舞的舞台掌控力丨16&17两日精剪,Kismet丨杨博文,2026-08-16 22:13:05,169472,20890,10315,14031,2181,5393,5475,145
2026-08-20 10:00:08,https://www.bilibili.com/video/BV1Rib96EE3F/?spm_id_from=333.1387.favlist.content.click&vd_source=406d0cf895bedbdc58a3d0130d55e34c,6,BV1Rib96EE3F,260816 【杨博文】春雪  竖屏4k直拍,meetsummer丨杨博文,2026-08-17 01:54:42,24369,5923,2573,3368,367,685,560,19
2026-08-20 10:00:08,https://www.bilibili.com/video/BV18jgg6BEAd/?spm_id_from=333.1387.favlist.content.click&vd_source=406d0cf895bedbdc58a3d0130d55e34c,7,BV18jgg6BEAd,【4K精剪】摇曳！摇曳！ | 杨博文直拍 | 260813 & 260814,underthepoplar,2026-08-15 13:26:46,51119,8135,6161,5308,1341,401,932,23
2026-08-20 10:00:08,https://www.bilibili.com/video/BV1A5vkB2E1k/?spm_id_from=333.1387.favlist.content.click&vd_source=406d0cf895bedbdc58a3d0130d55e34c,8,BV1A5vkB2E1k,【杨博文】Hey Mama六机位纯舞直拍丨15岁舞台统治者的诞生，四代主舞燃炸全场！,Kismet丨杨博文,2025-12-28 22:28:16,2803131,65187,45582,47776,26441,13653,21946,3
2026-08-20 10:00:08,https://www.bilibili.com/video/BV1mJ64BREZY/?spm_id_from=333.337.search-card.all.click&vd_source=406d0cf895bedbdc58a3d0130d55e34c,9,BV1mJ64BREZY,【杨博文】闭嘴跳舞丨当主舞穿上西装就会得到,Kismet丨杨博文,2026-02-01 18:31:00,620806,35152,4026,25452,8590,447,654,1
2026-08-20 10:30:07,https://www.bilibili.com/video/BV1GdgW6JEe9/?spm_id_from=333.1387.favlist.content.click&vd_source=406d0cf895bedbdc58a3d0130d55e34c,0,BV1GdgW6JEe9,【杨博文｜4k直拍】Whiplash 双日直拍混剪,关键时刻来瓶尖叫,2026-08-13 23:45:41,175620,25217,21299,18685,5245,4155,6771,34
2026-08-20 10:30:07,https://www.bilibili.com/video/BV1W5gs6KEhr/?spm_id_from=333.1387.favlist.content.click&vd_source=406d0cf895bedbdc58a3d0130d55e34c,1,BV1W5gs6KEhr,【4K精剪】异常加载中 | 杨博文直拍 | 260813,underthepoplar,2026-08-13 22:44:57,157394,21401,14755,15131,4662,6911,7751,25
2026-08-20 10:30:07,https://www.bilibili.com/video/BV1VFbd6QEjw/?spm_id_from=333.1387.favlist.content.click&vd_source=406d0cf895bedbdc58a3d0130d55e34c,2,BV1VFbd6QEjw,【杨博文｜4k直拍】管他什么音乐 直拍,关键时刻来瓶尖叫,2026-08-16 23:08:52,62717,5009,2887,3870,1153,82,77,18
2026-08-20 10:30:07,https://www.bilibili.com/video/BV1xebR6zEkr/?spm_id_from=333.1387.favlist.content.click&vd_source=406d0cf895bedbdc58a3d0130d55e34c,3,BV1xebR6zEkr,【4K精剪】Attention | 杨博文直拍 | 260816,underthepoplar,2026-08-16 23:54:18,115343,11351,7624,8496,1478,354,870,56
2026-08-20 10:30:07,https://www.bilibili.com/video/BV1s3gs6MEej/?spm_id_from=333.1387.favlist.content.click&vd_source=406d0cf895bedbdc58a3d0130d55e34c,4,BV1s3gs6MEej,【杨博文｜4k直拍】爱的初体验 直拍,关键时刻来瓶尖叫,2026-08-13 22:46:37,97083,11255,6082,8715,1932,497,2266,23
2026-08-20 10:30:07,https://www.bilibili.com/video/BV1E2bR6hEJR/?spm_id_from=333.1387.favlist.content.click&vd_source=406d0cf895bedbdc58a3d0130d55e34c,5,BV1E2bR6hEJR,【杨博文】Attention丨直拍横屏丨16岁高中生内娱主舞的舞台掌控力丨16&17两日精剪,Kismet丨杨博文,2026-08-16 22:13:05,169829,20925,10326,14058,2185,5393,5479,154
2026-08-20 10:30:07,https://www.bilibili.com/video/BV1Rib96EE3F/?spm_id_from=333.1387.favlist.content.click&vd_source=406d0cf895bedbdc58a3d0130d55e34c,6,BV1Rib96EE3F,260816 【杨博文】春雪  竖屏4k直拍,meetsummer丨杨博文,2026-08-17 01:54:42,24466,5942,2574,3380,369,685,560,25
2026-08-20 10:30:07,https://www.bilibili.com/video/BV18jgg6BEAd/?spm_id_from=333.1387.favlist.content.click&vd_source=406d0cf895bedbdc58a3d0130d55e34c,7,BV18jgg6BEAd,【4K精剪】摇曳！摇曳！ | 杨博文直拍 | 260813 & 260814,underthepoplar,2026-08-15 13:26:46,51242,8146,6161,5318,1344,401,932,26
2026-08-20 10:30:07,https://www.bilibili.com/video/BV1A5vkB2E1k/?spm_id_from=333.1387.favlist.content.click&vd_source=406d0cf895bedbdc58a3d0130d55e34c,8,BV1A5vkB2E1k,【杨博文】Hey Mama六机位纯舞直拍丨15岁舞台统治者的诞生，四代主舞燃炸全场！,Kismet丨杨博文,2025-12-28 22:28:16,2803150,65189,45582,47779,26443,13653,21946,3
2026-08-20 10:30:07,https://www.bilibili.com/video/BV1mJ64BREZY/?spm_id_from=333.337.search-card.all.click&vd_source=406d0cf895bedbdc58a3d0130d55e34c,9,BV1mJ64BREZY,【杨博文】闭嘴跳舞丨当主舞穿上西装就会得到,Kismet丨杨博文,2026-02-01 18:31:00,620806,35152,4026,25452,8590,447,654,1
2026-08-20 11:00:06,https://www.bilibili.com/video/BV1GdgW6JEe9/?spm_id_from=333.1387.favlist.content.click&vd_source=406d0cf895bedbdc58a3d0130d55e34c,0,BV1GdgW6JEe9,【杨博文｜4k直拍】Whiplash 双日直拍混剪,关键时刻来瓶尖叫,2026-08-13 23:45:41,175835,25232,21313,18695,5248,4156,6773,35
2026-08-20 11:00:06,https://www.bilibili.com/video/BV1W5gs6KEhr/?spm_id_from=333.1387.favlist.content.click&vd_source=406d0cf895bedbdc58a3d0130d55e34c,1,BV1W5gs6KEhr,【4K精剪】异常加载中 | 杨博文直拍 | 260813,underthepoplar,2026-08-13 22:44:57,157488,21415,14761,15141,4665,6911,7751,21
2026-08-20 11:00:06,https://www.bilibili.com/video/BV1VFbd6QEjw/?spm_id_from=333.1387.favlist.content.click&vd_source=406d0cf895bedbdc58a3d0130d55e34c,2,BV1VFbd6QEjw,【杨博文｜4k直拍】管他什么音乐 直拍,关键时刻来瓶尖叫,2026-08-16 23:08:52,63200,5014,2891,3875,1155,82,77,19
2026-08-20 11:00:06,https://www.bilibili.com/video/BV1xebR6zEkr/?spm_id_from=333.1387.favlist.content.click&vd_source=406d0cf895bedbdc58a3d0130d55e34c,3,BV1xebR6zEkr,【4K精剪】Attention | 杨博文直拍 | 260816,underthepoplar,2026-08-16 23:54:18,116246,11380,7639,8529,1480,355,870,61
2026-08-20 11:00:06,https://www.bilibili.com/video/BV1s3gs6MEej/?spm_id_from=333.1387.favlist.content.click&vd_source=406d0cf895bedbdc58a3d0130d55e34c,4,BV1s3gs6MEej,【杨博文｜4k直拍】爱的初体验 直拍,关键时刻来瓶尖叫,2026-08-13 22:46:37,97194,11265,6084,8732,1934,498,2267,29
2026-08-20 11:00:06,https://www.bilibili.com/video/BV1E2bR6hEJR/?spm_id_from=333.1387.favlist.content.click&vd_source=406d0cf895bedbdc58a3d0130d55e34c,5,BV1E2bR6hEJR,【杨博文】Attention丨直拍横屏丨16岁高中生内娱主舞的舞台掌控力丨16&17两日精剪,Kismet丨杨博文,2026-08-16 22:13:05,170292,20950,10338,14090,2188,5393,5491,183
2026-08-20 11:00:06,https://www.bilibili.com/video/BV1Rib96EE3F/?spm_id_from=333.1387.favlist.content.click&vd_source=406d0cf895bedbdc58a3d0130d55e34c,6,BV1Rib96EE3F,260816 【杨博文】春雪  竖屏4k直拍,meetsummer丨杨博文,2026-08-17 01:54:42,24594,5960,2580,3396,371,685,560,25
2026-08-20 11:00:06,https://www.bilibili.com/video/BV18jgg6BEAd/?spm_id_from=333.1387.favlist.content.click&vd_source=406d0cf895bedbdc58a3d0130d55e34c,7,BV18jgg6BEAd,【4K精剪】摇曳！摇曳！ | 杨博文直拍 | 260813 & 260814,underthepoplar,2026-08-15 13:26:46,51368,8159,6169,5335,1347,401,939,25
2026-08-20 11:00:06,https://www.bilibili.com/video/BV1A5vkB2E1k/?spm_id_from=333.1387.favlist.content.click&vd_source=406d0cf895bedbdc58a3d0130d55e34c,8,BV1A5vkB2E1k,【杨博文】Hey Mama六机位纯舞直拍丨15岁舞台统治者的诞生，四代主舞燃炸全场！,Kismet丨杨博文,2025-12-28 22:28:16,2803176,65191,45582,47781,26444,13653,21947,4
2026-08-20 11:00:06,https://www.bilibili.com/video/BV1mJ64BREZY/?spm_id_from=333.337.search-card.all.click&vd_source=406d0cf895bedbdc58a3d0130d55e34c,9,BV1mJ64BREZY,【杨博文】闭嘴跳舞丨当主舞穿上西装就会得到,Kismet丨杨博文,2026-02-01 18:31:00,620806,35152,4026,25452,8590,447,654,1
2026-08-20 11:30:05,https://www.bilibili.com/video/BV1GdgW6JEe9/?spm_id_from=333.1387.favlist.content.click&vd_source=406d0cf895bedbdc58a3d0130d55e34c,0,BV1GdgW6JEe9,【杨博文｜4k直拍】Whiplash 双日直拍混剪,关键时刻来瓶尖叫,2026-08-13 23:45:41,176100,25255,21315,18713,5267,4156,6776,27
2026-08-20 11:30:05,https://www.bilibili.com/video/BV1W5gs6KEhr/?spm_id_from=333.1387.favlist.content.click&vd_source=406d0cf895bedbdc58a3d0130d55e34c,1,BV1W5gs6KEhr,【4K精剪】异常加载中 | 杨博文直拍 | 260813,underthepoplar,2026-08-13 22:44:57,157604,21424,14765,15151,4684,6917,7757,31
2026-08-20 11:30:05,https://www.bilibili.com/video/BV1VFbd6QEjw/?spm_id_from=333.1387.favlist.content.click&vd_source=406d0cf895bedbdc58a3d0130d55e34c,2,BV1VFbd6QEjw,【杨博文｜4k直拍】管他什么音乐 直拍,关键时刻来瓶尖叫,2026-08-16 23:08:52,63714,5018,2893,3887,1172,83,78,19
2026-08-20 11:30:05,https://www.bilibili.com/video/BV1xebR6zEkr/?spm_id_from=333.1387.favlist.content.click&vd_source=406d0cf895bedbdc58a3d0130d55e34c,3,BV1xebR6zEkr,【4K精剪】Attention | 杨博文直拍 | 260816,underthepoplar,2026-08-16 23:54:18,117214,11416,7656,8572,1497,357,879,46
2026-08-20 11:30:05,https://www.bilibili.com/video/BV1s3gs6MEej/?spm_id_from=333.1387.favlist.content.click&vd_source=406d0cf895bedbdc58a3d0130d55e34c,4,BV1s3gs6MEej,【杨博文｜4k直拍】爱的初体验 直拍,关键时刻来瓶尖叫,2026-08-13 22:46:37,97323,11280,6088,8741,1953,498,2267,22
2026-08-20 11:30:05,https://www.bilibili.com/video/BV1E2bR6hEJR/?spm_id_from=333.1387.favlist.content.click&vd_source=406d0cf895bedbdc58a3d0130d55e34c,5,BV1E2bR6hEJR,【杨博文】Attention丨直拍横屏丨16岁高中生内娱主舞的舞台掌控力丨8.16双机位4k精剪,Kismet丨杨博文,2026-08-16 22:13:05,170763,20996,10362,14117,2206,5397,5498,162
2026-08-20 11:30:05,https://www.bilibili.com/video/BV1Rib96EE3F/?spm_id_from=333.1387.favlist.content.click&vd_source=406d0cf895bedbdc58a3d0130d55e34c,6,BV1Rib96EE3F,260816 【杨博文】春雪  竖屏4k直拍,meetsummer丨杨博文,2026-08-17 01:54:42,24731,5981,2582,3412,387,686,560,24
2026-08-20 11:30:05,https://www.bilibili.com/video/BV18jgg6BEAd/?spm_id_from=333.1387.favlist.content.click&vd_source=406d0cf895bedbdc58a3d0130d55e34c,7,BV18jgg6BEAd,【4K精剪】摇曳！摇曳！ | 杨博文直拍 | 260813 & 260814,underthepoplar,2026-08-15 13:26:46,51485,8172,6171,5345,1365,401,941,26
2026-08-20 11:30:05,https://www.bilibili.com/video/BV1A5vkB2E1k/?spm_id_from=333.1387.favlist.content.click&vd_source=406d0cf895bedbdc58a3d0130d55e34c,8,BV1A5vkB2E1k,【杨博文】Hey Mama六机位纯舞直拍丨15岁舞台统治者的诞生，四代主舞燃炸全场！,Kismet丨杨博文,2025-12-28 22:28:16,2803197,65193,45585,47782,26462,13653,21947,1
2026-08-20 11:30:05,https://www.bilibili.com/video/BV1mJ64BREZY/?spm_id_from=333.337.search-card.all.click&vd_source=406d0cf895bedbdc58a3d0130d55e34c,9,BV1mJ64BREZY,【杨博文】闭嘴跳舞丨当主舞穿上西装就会得到,Kismet丨杨博文,2026-02-01 18:31:00,620808,35152,4026,25452,8591,447,654,1
2026-08-20 12:00:04,https://www.bilibili.com/video/BV1GdgW6JEe9/?spm_id_from=333.1387.favlist.content.click&vd_source=406d0cf895bedbdc58a3d0130d55e34c,0,BV1GdgW6JEe9,【杨博文｜4k直拍】Whiplash 双日直拍混剪,关键时刻来瓶尖叫,2026-08-13 23:45:41,176325,25271,21327,18727,5287,4156,6779,32
2026-08-20 12:00:04,https://www.bilibili.com/video/BV1W5gs6KEhr/?spm_id_from=333.1387.favlist.content.click&vd_source=406d0cf895bedbdc58a3d0130d55e34c,1,BV1W5gs6KEhr,【4K精剪】异常加载中 | 杨博文直拍 | 260813,underthepoplar,2026-08-13 22:44:57,157711,21432,14770,15156,4705,6917,7761,35
2026-08-20 12:00:04,https://www.bilibili.com/video/BV1VFbd6QEjw/?spm_id_from=333.1387.favlist.content.click&vd_source=406d0cf895bedbdc58a3d0130d55e34c,2,BV1VFbd6QEjw,【杨博文｜4k直拍】管他什么音乐 直拍,关键时刻来瓶尖叫,2026-08-16 23:08:52,64203,5024,2899,3894,1193,83,78,20
2026-08-20 12:00:04,https://www.bilibili.com/video/BV1xebR6zEkr/?spm_id_from=333.1387.favlist.content.click&vd_source=406d0cf895bedbdc58a3d0130d55e34c,3,BV1xebR6zEkr,【4K精剪】Attention | 杨博文直拍 | 260816,underthepoplar,2026-08-16 23:54:18,118102,11450,7668,8606,1519,358,883,54
2026-08-20 12:00:04,https://www.bilibili.com/video/BV1s3gs6MEej/?spm_id_from=333.1387.favlist.content.click&vd_source=406d0cf895bedbdc58a3d0130d55e34c,4,BV1s3gs6MEej,【杨博文｜4k直拍】爱的初体验 直拍,关键时刻来瓶尖叫,2026-08-13 22:46:37,97434,11290,6090,8751,1973,500,2274,24
2026-08-20 12:00:04,https://www.bilibili.com/video/BV1E2bR6hEJR/?spm_id_from=333.1387.favlist.content.click&vd_source=406d0cf895bedbdc58a3d0130d55e34c,5,BV1E2bR6hEJR,【杨博文】Attention丨直拍横屏丨16岁高中生内娱主舞的舞台掌控力丨8.16双机位4k精剪,Kismet丨杨博文,2026-08-16 22:13:05,171202,21044,10393,14158,2232,5417,5534,161
2026-08-20 12:00:04,https://www.bilibili.com/video/BV1Rib96EE3F/?spm_id_from=333.1387.favlist.content.click&vd_source=406d0cf895bedbdc58a3d0130d55e34c,6,BV1Rib96EE3F,260816 【杨博文】春雪  竖屏4k直拍,meetsummer丨杨博文,2026-08-17 01:54:42,24872,6007,2587,3422,405,686,563,21
2026-08-20 12:00:04,https://www.bilibili.com/video/BV18jgg6BEAd/?spm_id_from=333.1387.favlist.content.click&vd_source=406d0cf895bedbdc58a3d0130d55e34c,7,BV18jgg6BEAd,【4K精剪】摇曳！摇曳！ | 杨博文直拍 | 260813 & 260814,underthepoplar,2026-08-15 13:26:46,51607,8189,6176,5354,1387,402,943,28
2026-08-20 12:00:04,https://www.bilibili.com/video/BV1A5vkB2E1k/?spm_id_from=333.1387.favlist.content.click&vd_source=406d0cf895bedbdc58a3d0130d55e34c,8,BV1A5vkB2E1k,【杨博文】Hey Mama六机位纯舞直拍丨15岁舞台统治者的诞生，四代主舞燃炸全场！,Kismet丨杨博文,2025-12-28 22:28:16,2803221,65196,45585,47786,26481,13653,21947,2
2026-08-20 12:00:04,https://www.bilibili.com/video/BV1mJ64BREZY/?spm_id_from=333.337.search-card.all.click&vd_source=406d0cf895bedbdc58a3d0130d55e34c,9,BV1mJ64BREZY,【杨博文】闭嘴跳舞丨当主舞穿上西装就会得到,Kismet丨杨博文,2026-02-01 18:31:00,620810,35153,4026,25453,8593,447,654,1
2026-08-20 12:30:02,https://www.bilibili.com/video/BV1GdgW6JEe9/?spm_id_from=333.1387.favlist.content.click&vd_source=406d0cf895bedbdc58a3d0130d55e34c,0,BV1GdgW6JEe9,【杨博文｜4k直拍】Whiplash 双日直拍混剪,关键时刻来瓶尖叫,2026-08-13 23:45:41,176564,25287,21335,18745,5296,4156,6781,34
2026-08-20 12:30:02,https://www.bilibili.com/video/BV1W5gs6KEhr/?spm_id_from=333.1387.favlist.content.click&vd_source=406d0cf895bedbdc58a3d0130d55e34c,1,BV1W5gs6KEhr,【4K精剪】异常加载中 | 杨博文直拍 | 260813,underthepoplar,2026-08-13 22:44:57,157803,21437,14772,15162,4714,6918,7761,49
2026-08-20 12:30:02,https://www.bilibili.com/video/BV1VFbd6QEjw/?spm_id_from=333.1387.favlist.content.click&vd_source=406d0cf895bedbdc58a3d0130d55e34c,2,BV1VFbd6QEjw,【杨博文｜4k直拍】管他什么音乐 直拍,关键时刻来瓶尖叫,2026-08-16 23:08:52,64732,5033,2904,3905,1202,83,79,24
2026-08-20 12:30:02,https://www.bilibili.com/video/BV1xebR6zEkr/?spm_id_from=333.1387.favlist.content.click&vd_source=406d0cf895bedbdc58a3d0130d55e34c,3,BV1xebR6zEkr,【4K精剪】Attention | 杨博文直拍 | 260816,underthepoplar,2026-08-16 23:54:18,118988,11480,7671,8632,1529,358,884,46
2026-08-20 12:30:02,https://www.bilibili.com/video/BV1s3gs6MEej/?spm_id_from=333.1387.favlist.content.click&vd_source=406d0cf895bedbdc58a3d0130d55e34c,4,BV1s3gs6MEej,【杨博文｜4k直拍】爱的初体验 直拍,关键时刻来瓶尖叫,2026-08-13 22:46:37,97551,11303,6098,8764,1982,500,2275,27
2026-08-20 12:30:02,https://www.bilibili.com/video/BV1E2bR6hEJR/?spm_id_from=333.1387.favlist.content.click&vd_source=406d0cf895bedbdc58a3d0130d55e34c,5,BV1E2bR6hEJR,【杨博文】Attention丨直拍横屏丨16岁高中生内娱主舞的舞台掌控力丨8.16双机位4k精剪,Kismet丨杨博文,2026-08-16 22:13:05,171640,21079,10412,14185,2241,5493,5585,164
2026-08-20 12:30:02,https://www.bilibili.com/video/BV1Rib96EE3F/?spm_id_from=333.1387.favlist.content.click&vd_source=406d0cf895bedbdc58a3d0130d55e34c,6,BV1Rib96EE3F,260816 【杨博文】春雪  竖屏4k直拍,meetsummer丨杨博文,2026-08-17 01:54:42,25011,6035,2595,3442,413,686,565,21
2026-08-20 12:30:02,https://www.bilibili.com/video/BV18jgg6BEAd/?spm_id_from=333.1387.favlist.content.click&vd_source=406d0cf895bedbdc58a3d0130d55e34c,7,BV18jgg6BEAd,【4K精剪】摇曳！摇曳！ | 杨博文直拍 | 260813 & 260814,underthepoplar,2026-08-15 13:26:46,51733,8204,6188,5370,1397,403,946,25
2026-08-20 12:30:02,https://www.bilibili.com/video/BV1A5vkB2E1k/?spm_id_from=333.1387.favlist.content.click&vd_source=406d0cf895bedbdc58a3d0130d55e34c,8,BV1A5vkB2E1k,【杨博文】Hey Mama六机位纯舞直拍丨15岁舞台统治者的诞生，四代主舞燃炸全场！,Kismet丨杨博文,2025-12-28 22:28:16,2803249,65199,45585,47789,26492,13653,21947,2
2026-08-20 12:30:02,https://www.bilibili.com/video/BV1mJ64BREZY/?spm_id_from=333.337.search-card.all.click&vd_source=406d0cf895bedbdc58a3d0130d55e34c,9,BV1mJ64BREZY,【杨博文】闭嘴跳舞丨当主舞穿上西装就会得到,Kismet丨杨博文,2026-02-01 18:31:00,620811,35153,4026,25453,8595,447,654,1
2026-08-20 13:00:01,https://www.bilibili.com/video/BV1GdgW6JEe9/?spm_id_from=333.1387.favlist.content.click&vd_source=406d0cf895bedbdc58a3d0130d55e34c,0,BV1GdgW6JEe9,【杨博文｜4k直拍】Whiplash 双日直拍混剪,关键时刻来瓶尖叫,2026-08-13 23:45:41,176793,25302,21339,18759,5301,4157,6790,41
2026-08-20 13:00:01,https://www.bilibili.com/video/BV1W5gs6KEhr/?spm_id_from=333.1387.favlist.content.click&vd_source=406d0cf895bedbdc58a3d0130d55e34c,1,BV1W5gs6KEhr,【4K精剪】异常加载中 | 杨博文直拍 | 260813,underthepoplar,2026-08-13 22:44:57,157921,21447,14774,15168,4717,6918,7761,50
2026-08-20 13:00:01,https://www.bilibili.com/video/BV1VFbd6QEjw/?spm_id_from=333.1387.favlist.content.click&vd_source=406d0cf895bedbdc58a3d0130d55e34c,2,BV1VFbd6QEjw,【杨博文｜4k直拍】管他什么音乐 直拍,关键时刻来瓶尖叫,2026-08-16 23:08:52,65259,5040,2912,3912,1204,86,80,29
2026-08-20 13:00:01,https://www.bilibili.com/video/BV1xebR6zEkr/?spm_id_from=333.1387.favlist.content.click&vd_source=406d0cf895bedbdc58a3d0130d55e34c,3,BV1xebR6zEkr,【4K精剪】Attention | 杨博文直拍 | 260816,underthepoplar,2026-08-16 23:54:18,119959,11504,7681,8653,1531,358,884,56
2026-08-20 13:00:01,https://www.bilibili.com/video/BV1s3gs6MEej/?spm_id_from=333.1387.favlist.content.click&vd_source=406d0cf895bedbdc58a3d0130d55e34c,4,BV1s3gs6MEej,【杨博文｜4k直拍】爱的初体验 直拍,关键时刻来瓶尖叫,2026-08-13 22:46:37,97690,11312,6101,8771,1985,500,2279,31
2026-08-20 13:00:01,https://www.bilibili.com/video/BV1E2bR6hEJR/?spm_id_from=333.1387.favlist.content.click&vd_source=406d0cf895bedbdc58a3d0130d55e34c,5,BV1E2bR6hEJR,【杨博文】Attention丨直拍横屏丨16岁高中生内娱主舞的舞台掌控力丨8.16双机位4k精剪,Kismet丨杨博文,2026-08-16 22:13:05,172060,21114,10434,14205,2245,5494,5596,176
2026-08-20 13:00:01,https://www.bilibili.com/video/BV1Rib96EE3F/?spm_id_from=333.1387.favlist.content.click&vd_source=406d0cf895bedbdc58a3d0130d55e34c,6,BV1Rib96EE3F,260816 【杨博文】春雪  竖屏4k直拍,meetsummer丨杨博文,2026-08-17 01:54:42,25144,6059,2599,3452,415,686,567,23
2026-08-20 13:00:01,https://www.bilibili.com/video/BV18jgg6BEAd/?spm_id_from=333.1387.favlist.content.click&vd_source=406d0cf895bedbdc58a3d0130d55e34c,7,BV18jgg6BEAd,【4K精剪】摇曳！摇曳！ | 杨博文直拍 | 260813 & 260814,underthepoplar,2026-08-15 13:26:46,51866,8222,6193,5382,1400,405,947,34
2026-08-20 13:00:01,https://www.bilibili.com/video/BV1A5vkB2E1k/?spm_id_from=333.1387.favlist.content.click&vd_source=406d0cf895bedbdc58a3d0130d55e34c,8,BV1A5vkB2E1k,【杨博文】Hey Mama六机位纯舞直拍丨15岁舞台统治者的诞生，四代主舞燃炸全场！,Kismet丨杨博文,2025-12-28 22:28:16,2803272,65200,45585,47789,26496,13653,21947,3
2026-08-20 13:00:01,https://www.bilibili.com/video/BV1mJ64BREZY/?spm_id_from=333.337.search-card.all.click&vd_source=406d0cf895bedbdc58a3d0130d55e34c,9,BV1mJ64BREZY,【杨博文】闭嘴跳舞丨当主舞穿上西装就会得到,Kismet丨杨博文,2026-02-01 18:31:00,620811,35153,4026,25453,8597,447,654,1
2026-08-20 13:30:00,https://www.bilibili.com/video/BV1GdgW6JEe9/?spm_id_from=333.1387.favlist.content.click&vd_source=406d0cf895bedbdc58a3d0130d55e34c,0,BV1GdgW6JEe9,【杨博文｜4k直拍】Whiplash 双日直拍混剪,关键时刻来瓶尖叫,2026-08-13 23:45:41,177077,25313,21341,18766,5308,4157,6790,32
2026-08-20 13:30:00,https://www.bilibili.com/video/BV1W5gs6KEhr/?spm_id_from=333.1387.favlist.content.click&vd_source=406d0cf895bedbdc58a3d0130d55e34c,1,BV1W5gs6KEhr,【4K精剪】异常加载中 | 杨博文直拍 | 260813,underthepoplar,2026-08-13 22:44:57,158024,21456,14779,15174,4723,6918,7761,56
2026-08-20 13:30:00,https://www.bilibili.com/video/BV1VFbd6QEjw/?spm_id_from=333.1387.favlist.content.click&vd_source=406d0cf895bedbdc58a3d0130d55e34c,2,BV1VFbd6QEjw,【杨博文｜4k直拍】管他什么音乐 直拍,关键时刻来瓶尖叫,2026-08-16 23:08:52,65771,5044,2912,3916,1211,86,80,20
2026-08-20 13:30:00,https://www.bilibili.com/video/BV1xebR6zEkr/?spm_id_from=333.1387.favlist.content.click&vd_source=406d0cf895bedbdc58a3d0130d55e34c,3,BV1xebR6zEkr,【4K精剪】Attention | 杨博文直拍 | 260816,underthepoplar,2026-08-16 23:54:18,120921,11556,7689,8694,1539,358,885,61
2026-08-20 13:30:00,https://www.bilibili.com/video/BV1s3gs6MEej/?spm_id_from=333.1387.favlist.content.click&vd_source=406d0cf895bedbdc58a3d0130d55e34c,4,BV1s3gs6MEej,【杨博文｜4k直拍】爱的初体验 直拍,关键时刻来瓶尖叫,2026-08-13 22:46:37,97809,11317,6101,8775,1991,500,2279,30
2026-08-20 13:30:00,https://www.bilibili.com/video/BV1E2bR6hEJR/?spm_id_from=333.1387.favlist.content.click&vd_source=406d0cf895bedbdc58a3d0130d55e34c,5,BV1E2bR6hEJR,【杨博文】Attention丨直拍横屏丨16岁高中生内娱主舞的舞台掌控力丨8.16双机位4k精剪,Kismet丨杨博文,2026-08-16 22:13:05,172555,21157,10462,14240,2254,5520,5615,171
2026-08-20 13:30:00,https://www.bilibili.com/video/BV1Rib96EE3F/?spm_id_from=333.1387.favlist.content.click&vd_source=406d0cf895bedbdc58a3d0130d55e34c,6,BV1Rib96EE3F,260816 【杨博文】春雪  竖屏4k直拍,meetsummer丨杨博文,2026-08-17 01:54:42,25270,6088,2600,3465,421,686,567,18
2026-08-20 13:30:00,https://www.bilibili.com/video/BV18jgg6BEAd/?spm_id_from=333.1387.favlist.content.click&vd_source=406d0cf895bedbdc58a3d0130d55e34c,7,BV18jgg6BEAd,【4K精剪】摇曳！摇曳！ | 杨博文直拍 | 260813 & 260814,underthepoplar,2026-08-15 13:26:46,51982,8237,6200,5392,1408,405,948,27
2026-08-20 13:30:00,https://www.bilibili.com/video/BV1A5vkB2E1k/?spm_id_from=333.1387.favlist.content.click&vd_source=406d0cf895bedbdc58a3d0130d55e34c,8,BV1A5vkB2E1k,【杨博文】Hey Mama六机位纯舞直拍丨15岁舞台统治者的诞生，四代主舞燃炸全场！,Kismet丨杨博文,2025-12-28 22:28:16,2803299,65203,45589,47792,26501,13655,21947,3
2026-08-20 13:30:00,https://www.bilibili.com/video/BV1mJ64BREZY/?spm_id_from=333.337.search-card.all.click&vd_source=406d0cf895bedbdc58a3d0130d55e34c,9,BV1mJ64BREZY,【杨博文】闭嘴跳舞丨当主舞穿上西装就会得到,Kismet丨杨博文,2026-02-01 18:31:00,620812,35153,4026,25453,8597,447,654,1
2026-08-20 14:00:09,https://www.bilibili.com/video/BV1GdgW6JEe9/?spm_id_from=333.1387.favlist.content.click&vd_source=406d0cf895bedbdc58a3d0130d55e34c,0,BV1GdgW6JEe9,【杨博文｜4k直拍】Whiplash 双日直拍混剪,关键时刻来瓶尖叫,2026-08-13 23:45:41,177373,25337,21349,18785,5324,4157,6790,37
2026-08-20 14:00:09,https://www.bilibili.com/video/BV1W5gs6KEhr/?spm_id_from=333.1387.favlist.content.click&vd_source=406d0cf895bedbdc58a3d0130d55e34c,1,BV1W5gs6KEhr,【4K精剪】异常加载中 | 杨博文直拍 | 260813,underthepoplar,2026-08-13 22:44:57,158154,21468,14789,15185,4739,6918,7761,55
2026-08-20 14:00:09,https://www.bilibili.com/video/BV1VFbd6QEjw/?spm_id_from=333.1387.favlist.content.click&vd_source=406d0cf895bedbdc58a3d0130d55e34c,2,BV1VFbd6QEjw,【杨博文｜4k直拍】管他什么音乐 直拍,关键时刻来瓶尖叫,2026-08-16 23:08:52,66317,5055,2920,3932,1227,86,80,26
2026-08-20 14:00:09,https://www.bilibili.com/video/BV1xebR6zEkr/?spm_id_from=333.1387.favlist.content.click&vd_source=406d0cf895bedbdc58a3d0130d55e34c,3,BV1xebR6zEkr,【4K精剪】Attention | 杨博文直拍 | 260816,underthepoplar,2026-08-16 23:54:18,122019,11603,7713,8742,1554,360,885,73
2026-08-20 14:00:09,https://www.bilibili.com/video/BV1s3gs6MEej/?spm_id_from=333.1387.favlist.content.click&vd_source=406d0cf895bedbdc58a3d0130d55e34c,4,BV1s3gs6MEej,【杨博文｜4k直拍】爱的初体验 直拍,关键时刻来瓶尖叫,2026-08-13 22:46:37,97945,11331,6108,8798,2007,500,2279,31
2026-08-20 14:00:09,https://www.bilibili.com/video/BV1E2bR6hEJR/?spm_id_from=333.1387.favlist.content.click&vd_source=406d0cf895bedbdc58a3d0130d55e34c,5,BV1E2bR6hEJR,【杨博文】Attention丨直拍横屏丨16岁高中生内娱主舞的舞台掌控力丨8.16双机位4k精剪,Kismet丨杨博文,2026-08-16 22:13:05,173081,21206,10487,14272,2270,5586,5656,185
2026-08-20 14:00:09,https://www.bilibili.com/video/BV1Rib96EE3F/?spm_id_from=333.1387.favlist.content.click&vd_source=406d0cf895bedbdc58a3d0130d55e34c,6,BV1Rib96EE3F,260816 【杨博文】春雪  竖屏4k直拍,meetsummer丨杨博文,2026-08-17 01:54:42,25437,6114,2611,3493,436,686,572,30
2026-08-20 14:00:09,https://www.bilibili.com/video/BV18jgg6BEAd/?spm_id_from=333.1387.favlist.content.click&vd_source=406d0cf895bedbdc58a3d0130d55e34c,7,BV18jgg6BEAd,【4K精剪】摇曳！摇曳！ | 杨博文直拍 | 260813 & 260814,underthepoplar,2026-08-15 13:26:46,52124,8252,6206,5407,1422,405,948,38
2026-08-20 14:00:09,https://www.bilibili.com/video/BV1A5vkB2E1k/?spm_id_from=333.1387.favlist.content.click&vd_source=406d0cf895bedbdc58a3d0130d55e34c,8,BV1A5vkB2E1k,【杨博文】Hey Mama六机位纯舞直拍丨15岁舞台统治者的诞生，四代主舞燃炸全场！,Kismet丨杨博文,2025-12-28 22:28:16,2803328,65203,45589,47790,26516,13656,21947,2
2026-08-20 14:00:09,https://www.bilibili.com/video/BV1mJ64BREZY/?spm_id_from=333.337.search-card.all.click&vd_source=406d0cf895bedbdc58a3d0130d55e34c,9,BV1mJ64BREZY,【杨博文】闭嘴跳舞丨当主舞穿上西装就会得到,Kismet丨杨博文,2026-02-01 18:31:00,620812,35153,4026,25454,8597,447,654,1
2026-08-20 14:30:08,https://www.bilibili.com/video/BV1GdgW6JEe9/?spm_id_from=333.1387.favlist.content.click&vd_source=406d0cf895bedbdc58a3d0130d55e34c,0,BV1GdgW6JEe9,【杨博文｜4k直拍】Whiplash 双日直拍混剪,关键时刻来瓶尖叫,2026-08-13 23:45:41,177669,25368,21372,18812,5343,4158,6806,41
2026-08-20 14:30:08,https://www.bilibili.com/video/BV1W5gs6KEhr/?spm_id_from=333.1387.favlist.content.click&vd_source=406d0cf895bedbdc58a3d0130d55e34c,1,BV1W5gs6KEhr,【4K精剪】异常加载中 | 杨博文直拍 | 260813,underthepoplar,2026-08-13 22:44:57,158290,21484,14799,15194,4756,6919,7763,55
2026-08-20 14:30:08,https://www.bilibili.com/video/BV1VFbd6QEjw/?spm_id_from=333.1387.favlist.content.click&vd_source=406d0cf895bedbdc58a3d0130d55e34c,2,BV1VFbd6QEjw,【杨博文｜4k直拍】管他什么音乐 直拍,关键时刻来瓶尖叫,2026-08-16 23:08:52,66892,5068,2932,3946,1244,86,80,30
2026-08-20 14:30:08,https://www.bilibili.com/video/BV1xebR6zEkr/?spm_id_from=333.1387.favlist.content.click&vd_source=406d0cf895bedbdc58a3d0130d55e34c,3,BV1xebR6zEkr,【4K精剪】Attention | 杨博文直拍 | 260816,underthepoplar,2026-08-16 23:54:18,123042,11654,7740,8788,1573,362,885,62
2026-08-20 14:30:08,https://www.bilibili.com/video/BV1s3gs6MEej/?spm_id_from=333.1387.favlist.content.click&vd_source=406d0cf895bedbdc58a3d0130d55e34c,4,BV1s3gs6MEej,【杨博文｜4k直拍】爱的初体验 直拍,关键时刻来瓶尖叫,2026-08-13 22:46:37,98085,11343,6115,8815,2023,500,2279,35
2026-08-20 14:30:08,https://www.bilibili.com/video/BV1E2bR6hEJR/?spm_id_from=333.1387.favlist.content.click&vd_source=406d0cf895bedbdc58a3d0130d55e34c,5,BV1E2bR6hEJR,【杨博文】Attention丨直拍横屏丨16岁高中生内娱主舞的舞台掌控力丨8.16双机位4k精剪,Kismet丨杨博文,2026-08-16 22:13:05,173567,21257,10502,14306,2289,5605,5672,178
2026-08-20 14:30:08,https://www.bilibili.com/video/BV1Rib96EE3F/?spm_id_from=333.1387.favlist.content.click&vd_source=406d0cf895bedbdc58a3d0130d55e34c,6,BV1Rib96EE3F,260816 【杨博文】春雪  竖屏4k直拍,meetsummer丨杨博文,2026-08-17 01:54:42,25571,6147,2621,3514,453,686,572,26
2026-08-20 14:30:08,https://www.bilibili.com/video/BV18jgg6BEAd/?spm_id_from=333.1387.favlist.content.click&vd_source=406d0cf895bedbdc58a3d0130d55e34c,7,BV18jgg6BEAd,【4K精剪】摇曳！摇曳！ | 杨博文直拍 | 260813 & 260814,underthepoplar,2026-08-15 13:26:46,52285,8272,6221,5427,1439,406,948,40
2026-08-20 14:30:08,https://www.bilibili.com/video/BV1A5vkB2E1k/?spm_id_from=333.1387.favlist.content.click&vd_source=406d0cf895bedbdc58a3d0130d55e34c,8,BV1A5vkB2E1k,【杨博文】Hey Mama六机位纯舞直拍丨15岁舞台统治者的诞生，四代主舞燃炸全场！,Kismet丨杨博文,2025-12-28 22:28:16,2803368,65209,45597,47794,26533,13656,21947,4
2026-08-20 14:30:08,https://www.bilibili.com/video/BV1mJ64BREZY/?spm_id_from=333.337.search-card.all.click&vd_source=406d0cf895bedbdc58a3d0130d55e34c,9,BV1mJ64BREZY,【杨博文】闭嘴跳舞丨当主舞穿上西装就会得到,Kismet丨杨博文,2026-02-01 18:31:00,620812,35153,4026,25454,8597,447,654,1
2026-08-20 15:00:06,https://www.bilibili.com/video/BV1GdgW6JEe9/?spm_id_from=333.1387.favlist.content.click&vd_source=406d0cf895bedbdc58a3d0130d55e34c,0,BV1GdgW6JEe9,【杨博文｜4k直拍】Whiplash 双日直拍混剪,关键时刻来瓶尖叫,2026-08-13 23:45:41,177972,25397,21384,18832,5350,4161,6821,48
2026-08-20 15:00:06,https://www.bilibili.com/video/BV1W5gs6KEhr/?spm_id_from=333.1387.favlist.content.click&vd_source=406d0cf895bedbdc58a3d0130d55e34c,1,BV1W5gs6KEhr,【4K精剪】异常加载中 | 杨博文直拍 | 260813,underthepoplar,2026-08-13 22:44:57,158435,21499,14812,15214,4764,6919,7776,58
2026-08-20 15:00:06,https://www.bilibili.com/video/BV1VFbd6QEjw/?spm_id_from=333.1387.favlist.content.click&vd_source=406d0cf895bedbdc58a3d0130d55e34c,2,BV1VFbd6QEjw,【杨博文｜4k直拍】管他什么音乐 直拍,关键时刻来瓶尖叫,2026-08-16 23:08:52,67454,5077,2938,3959,1252,86,86,34
2026-08-20 15:00:06,https://www.bilibili.com/video/BV1xebR6zEkr/?spm_id_from=333.1387.favlist.content.click&vd_source=406d0cf895bedbdc58a3d0130d55e34c,3,BV1xebR6zEkr,【4K精剪】Attention | 杨博文直拍 | 260816,underthepoplar,2026-08-16 23:54:18,124155,11686,7756,8820,1582,362,887,58
2026-08-20 15:00:06,https://www.bilibili.com/video/BV1s3gs6MEej/?spm_id_from=333.1387.favlist.content.click&vd_source=406d0cf895bedbdc58a3d0130d55e34c,4,BV1s3gs6MEej,【杨博文｜4k直拍】爱的初体验 直拍,关键时刻来瓶尖叫,2026-08-13 22:46:37,98239,11361,6124,8837,2030,500,2282,33
2026-08-20 15:00:06,https://www.bilibili.com/video/BV1E2bR6hEJR/?spm_id_from=333.1387.favlist.content.click&vd_source=406d0cf895bedbdc58a3d0130d55e34c,5,BV1E2bR6hEJR,【杨博文】Attention丨直拍横屏丨16岁高中生内娱主舞的舞台掌控力丨8.16双机位4k精剪,Kismet丨杨博文,2026-08-16 22:13:05,174087,21295,10535,14334,2299,5636,5710,183
2026-08-20 15:00:06,https://www.bilibili.com/video/BV1Rib96EE3F/?spm_id_from=333.1387.favlist.content.click&vd_source=406d0cf895bedbdc58a3d0130d55e34c,6,BV1Rib96EE3F,260816 【杨博文】春雪  竖屏4k直拍,meetsummer丨杨博文,2026-08-17 01:54:42,25715,6181,2631,3536,461,686,573,36
2026-08-20 15:00:06,https://www.bilibili.com/video/BV18jgg6BEAd/?spm_id_from=333.1387.favlist.content.click&vd_source=406d0cf895bedbdc58a3d0130d55e34c,7,BV18jgg6BEAd,【4K精剪】摇曳！摇曳！ | 杨博文直拍 | 260813 & 260814,underthepoplar,2026-08-15 13:26:46,52461,8294,6231,5443,1446,407,950,42
2026-08-20 15:00:06,https://www.bilibili.com/video/BV1A5vkB2E1k/?spm_id_from=333.1387.favlist.content.click&vd_source=406d0cf895bedbdc58a3d0130d55e34c,8,BV1A5vkB2E1k,【杨博文】Hey Mama六机位纯舞直拍丨15岁舞台统治者的诞生，四代主舞燃炸全场！,Kismet丨杨博文,2025-12-28 22:28:16,2803413,65211,45599,47795,26541,13656,21947,3
2026-08-20 15:00:06,https://www.bilibili.com/video/BV1mJ64BREZY/?spm_id_from=333.337.search-card.all.click&vd_source=406d0cf895bedbdc58a3d0130d55e34c,9,BV1mJ64BREZY,【杨博文】闭嘴跳舞丨当主舞穿上西装就会得到,Kismet丨杨博文,2026-02-01 18:31:00,620813,35153,4026,25454,8597,447,654,1
2026-08-20 15:30:05,https://www.bilibili.com/video/BV1GdgW6JEe9/?spm_id_from=333.1387.favlist.content.click&vd_source=406d0cf895bedbdc58a3d0130d55e34c,0,BV1GdgW6JEe9,【杨博文｜4k直拍】Whiplash 双日直拍混剪,关键时刻来瓶尖叫,2026-08-13 23:45:41,178268,25419,21388,18848,5351,4161,6822,45
2026-08-20 15:30:05,https://www.bilibili.com/video/BV1W5gs6KEhr/?spm_id_from=333.1387.favlist.content.click&vd_source=406d0cf895bedbdc58a3d0130d55e34c,1,BV1W5gs6KEhr,【4K精剪】异常加载中 | 杨博文直拍 | 260813,underthepoplar,2026-08-13 22:44:57,158585,21514,14818,15224,4765,6919,7778,54
2026-08-20 15:30:05,https://www.bilibili.com/video/BV1VFbd6QEjw/?spm_id_from=333.1387.favlist.content.click&vd_source=406d0cf895bedbdc58a3d0130d55e34c,2,BV1VFbd6QEjw,【杨博文｜4k直拍】管他什么音乐 直拍,关键时刻来瓶尖叫,2026-08-16 23:08:52,68024,5086,2946,3970,1253,87,87,34
2026-08-20 15:30:05,https://www.bilibili.com/video/BV1xebR6zEkr/?spm_id_from=333.1387.favlist.content.click&vd_source=406d0cf895bedbdc58a3d0130d55e34c,3,BV1xebR6zEkr,【4K精剪】Attention | 杨博文直拍 | 260816,underthepoplar,2026-08-16 23:54:18,125231,11728,7770,8857,1582,362,887,63
2026-08-20 15:30:05,https://www.bilibili.com/video/BV1s3gs6MEej/?spm_id_from=333.1387.favlist.content.click&vd_source=406d0cf895bedbdc58a3d0130d55e34c,4,BV1s3gs6MEej,【杨博文｜4k直拍】爱的初体验 直拍,关键时刻来瓶尖叫,2026-08-13 22:46:37,98358,11374,6126,8847,2031,501,2284,24
2026-08-20 15:30:05,https://www.bilibili.com/video/BV1E2bR6hEJR/?spm_id_from=333.1387.favlist.content.click&vd_source=406d0cf895bedbdc58a3d0130d55e34c,5,BV1E2bR6hEJR,【杨博文】Attention丨直拍横屏丨16岁高中生内娱主舞的舞台掌控力丨8.16双机位4k精剪,Kismet丨杨博文,2026-08-16 22:13:05,174568,21340,10563,14370,2303,5641,5721,180
2026-08-20 15:30:05,https://www.bilibili.com/video/BV1Rib96EE3F/?spm_id_from=333.1387.favlist.content.click&vd_source=406d0cf895bedbdc58a3d0130d55e34c,6,BV1Rib96EE3F,260816 【杨博文】春雪  竖屏4k直拍,meetsummer丨杨博文,2026-08-17 01:54:42,25866,6206,2636,3549,462,686,573,27
2026-08-20 15:30:05,https://www.bilibili.com/video/BV18jgg6BEAd/?spm_id_from=333.1387.favlist.content.click&vd_source=406d0cf895bedbdc58a3d0130d55e34c,7,BV18jgg6BEAd,【4K精剪】摇曳！摇曳！ | 杨博文直拍 | 260813 & 260814,underthepoplar,2026-08-15 13:26:46,52616,8308,6235,5458,1450,408,950,35
2026-08-20 15:30:05,https://www.bilibili.com/video/BV1A5vkB2E1k/?spm_id_from=333.1387.favlist.content.click&vd_source=406d0cf895bedbdc58a3d0130d55e34c,8,BV1A5vkB2E1k,【杨博文】Hey Mama六机位纯舞直拍丨15岁舞台统治者的诞生，四代主舞燃炸全场！,Kismet丨杨博文,2025-12-28 22:28:16,2803457,65215,45599,47796,26543,13658,21948,3
2026-08-20 15:30:05,https://www.bilibili.com/video/BV1mJ64BREZY/?spm_id_from=333.337.search-card.all.click&vd_source=406d0cf895bedbdc58a3d0130d55e34c,9,BV1mJ64BREZY,【杨博文】闭嘴跳舞丨当主舞穿上西装就会得到,Kismet丨杨博文,2026-02-01 18:31:00,620813,35153,4026,25454,8598,447,654,1
2026-08-20 16:00:04,https://www.bilibili.com/video/BV1GdgW6JEe9/?spm_id_from=333.1387.favlist.content.click&vd_source=406d0cf895bedbdc58a3d0130d55e34c,0,BV1GdgW6JEe9,【杨博文｜4k直拍】Whiplash 双日直拍混剪,关键时刻来瓶尖叫,2026-08-13 23:45:41,178588,25443,21396,18867,5363,4161,6831,41
2026-08-20 16:00:04,https://www.bilibili.com/video/BV1W5gs6KEhr/?spm_id_from=333.1387.favlist.content.click&vd_source=406d0cf895bedbdc58a3d0130d55e34c,1,BV1W5gs6KEhr,【4K精剪】异常加载中 | 杨博文直拍 | 260813,underthepoplar,2026-08-13 22:44:57,158749,21527,14822,15239,4778,6919,7792,58
2026-08-20 16:00:04,https://www.bilibili.com/video/BV1VFbd6QEjw/?spm_id_from=333.1387.favlist.content.click&vd_source=406d0cf895bedbdc58a3d0130d55e34c,2,BV1VFbd6QEjw,【杨博文｜4k直拍】管他什么音乐 直拍,关键时刻来瓶尖叫,2026-08-16 23:08:52,68607,5092,2950,3981,1264,87,87,30
2026-08-20 16:00:04,https://www.bilibili.com/video/BV1xebR6zEkr/?spm_id_from=333.1387.favlist.content.click&vd_source=406d0cf895bedbdc58a3d0130d55e34c,3,BV1xebR6zEkr,【4K精剪】Attention | 杨博文直拍 | 260816,underthepoplar,2026-08-16 23:54:18,126351,11779,7795,8909,1598,363,900,61
2026-08-20 16:00:04,https://www.bilibili.com/video/BV1s3gs6MEej/?spm_id_from=333.1387.favlist.content.click&vd_source=406d0cf895bedbdc58a3d0130d55e34c,4,BV1s3gs6MEej,【杨博文｜4k直拍】爱的初体验 直拍,关键时刻来瓶尖叫,2026-08-13 22:46:37,98492,11387,6129,8856,2042,501,2302,34
2026-08-20 16:00:04,https://www.bilibili.com/video/BV1E2bR6hEJR/?spm_id_from=333.1387.favlist.content.click&vd_source=406d0cf895bedbdc58a3d0130d55e34c,5,BV1E2bR6hEJR,【杨博文】Attention丨直拍横屏丨16岁高中生内娱主舞的舞台掌控力丨8.16双机位4k精剪,Kismet丨杨博文,2026-08-16 22:13:05,175095,21379,10587,14400,2320,5645,5737,172
2026-08-20 16:00:04,https://www.bilibili.com/video/BV1Rib96EE3F/?spm_id_from=333.1387.favlist.content.click&vd_source=406d0cf895bedbdc58a3d0130d55e34c,6,BV1Rib96EE3F,260816 【杨博文】春雪  竖屏4k直拍,meetsummer丨杨博文,2026-08-17 01:54:42,26014,6231,2641,3564,472,686,573,32
2026-08-20 16:00:04,https://www.bilibili.com/video/BV18jgg6BEAd/?spm_id_from=333.1387.favlist.content.click&vd_source=406d0cf895bedbdc58a3d0130d55e34c,7,BV18jgg6BEAd,【4K精剪】摇曳！摇曳！ | 杨博文直拍 | 260813 & 260814,underthepoplar,2026-08-15 13:26:46,52774,8324,6238,5473,1462,408,950,40
2026-08-20 16:00:04,https://www.bilibili.com/video/BV1A5vkB2E1k/?spm_id_from=333.1387.favlist.content.click&vd_source=406d0cf895bedbdc58a3d0130d55e34c,8,BV1A5vkB2E1k,【杨博文】Hey Mama六机位纯舞直拍丨15岁舞台统治者的诞生，四代主舞燃炸全场！,Kismet丨杨博文,2025-12-28 22:28:16,2803490,65217,45599,47797,26553,13658,21948,2
2026-08-20 16:00:04,https://www.bilibili.com/video/BV1mJ64BREZY/?spm_id_from=333.337.search-card.all.click&vd_source=406d0cf895bedbdc58a3d0130d55e34c,9,BV1mJ64BREZY,【杨博文】闭嘴跳舞丨当主舞穿上西装就会得到,Kismet丨杨博文,2026-02-01 18:31:00,620815,35153,4026,25454,8599,447,654,1
2026-08-20 16:30:03,https://www.bilibili.com/video/BV1GdgW6JEe9/?spm_id_from=333.1387.favlist.content.click&vd_source=406d0cf895bedbdc58a3d0130d55e34c,0,BV1GdgW6JEe9,【杨博文｜4k直拍】Whiplash 双日直拍混剪,关键时刻来瓶尖叫,2026-08-13 23:45:41,178908,25477,21414,18901,5386,4161,6836,47
2026-08-20 16:30:03,https://www.bilibili.com/video/BV1W5gs6KEhr/?spm_id_from=333.1387.favlist.content.click&vd_source=406d0cf895bedbdc58a3d0130d55e34c,1,BV1W5gs6KEhr,【4K精剪】异常加载中 | 杨博文直拍 | 260813,underthepoplar,2026-08-13 22:44:57,158930,21546,14835,15266,4800,6919,7793,58
2026-08-20 16:30:03,https://www.bilibili.com/video/BV1VFbd6QEjw/?spm_id_from=333.1387.favlist.content.click&vd_source=406d0cf895bedbdc58a3d0130d55e34c,2,BV1VFbd6QEjw,【杨博文｜4k直拍】管他什么音乐 直拍,关键时刻来瓶尖叫,2026-08-16 23:08:52,69284,5110,2965,4005,1283,87,87,26
2026-08-20 16:30:03,https://www.bilibili.com/video/BV1xebR6zEkr/?spm_id_from=333.1387.favlist.content.click&vd_source=406d0cf895bedbdc58a3d0130d55e34c,3,BV1xebR6zEkr,【4K精剪】Attention | 杨博文直拍 | 260816,underthepoplar,2026-08-16 23:54:18,127579,11827,7831,8964,1618,364,900,74
2026-08-20 16:30:03,https://www.bilibili.com/video/BV1s3gs6MEej/?spm_id_from=333.1387.favlist.content.click&vd_source=406d0cf895bedbdc58a3d0130d55e34c,4,BV1s3gs6MEej,【杨博文｜4k直拍】爱的初体验 直拍,关键时刻来瓶尖叫,2026-08-13 22:46:37,98632,11402,6138,8873,2061,501,2302,30
2026-08-20 16:30:03,https://www.bilibili.com/video/BV1E2bR6hEJR/?spm_id_from=333.1387.favlist.content.click&vd_source=406d0cf895bedbdc58a3d0130d55e34c,5,BV1E2bR6hEJR,【杨博文】Attention丨直拍横屏丨16岁高中生内娱主舞的舞台掌控力丨8.16双机位4k精剪,Kismet丨杨博文,2026-08-16 22:13:05,175635,21428,10631,14452,2344,5648,5793,181
2026-08-20 16:30:03,https://www.bilibili.com/video/BV1Rib96EE3F/?spm_id_from=333.1387.favlist.content.click&vd_source=406d0cf895bedbdc58a3d0130d55e34c,6,BV1Rib96EE3F,260816 【杨博文】春雪  竖屏4k直拍,meetsummer丨杨博文,2026-08-17 01:54:42,26173,6271,2665,3588,491,686,580,30
2026-08-20 16:30:03,https://www.bilibili.com/video/BV18jgg6BEAd/?spm_id_from=333.1387.favlist.content.click&vd_source=406d0cf895bedbdc58a3d0130d55e34c,7,BV18jgg6BEAd,【4K精剪】摇曳！摇曳！ | 杨博文直拍 | 260813 & 260814,underthepoplar,2026-08-15 13:26:46,52958,8350,6252,5493,1479,408,955,40
2026-08-20 16:30:03,https://www.bilibili.com/video/BV1A5vkB2E1k/?spm_id_from=333.1387.favlist.content.click&vd_source=406d0cf895bedbdc58a3d0130d55e34c,8,BV1A5vkB2E1k,【杨博文】Hey Mama六机位纯舞直拍丨15岁舞台统治者的诞生，四代主舞燃炸全场！,Kismet丨杨博文,2025-12-28 22:28:16,2803523,65219,45599,47793,26573,13658,21951,1
2026-08-20 16:30:03,https://www.bilibili.com/video/BV1mJ64BREZY/?spm_id_from=333.337.search-card.all.click&vd_source=406d0cf895bedbdc58a3d0130d55e34c,9,BV1mJ64BREZY,【杨博文】闭嘴跳舞丨当主舞穿上西装就会得到,Kismet丨杨博文,2026-02-01 18:31:00,620819,35154,4026,25454,8599,447,654,1
2026-08-20 17:00:02,https://www.bilibili.com/video/BV1GdgW6JEe9/?spm_id_from=333.1387.favlist.content.click&vd_source=406d0cf895bedbdc58a3d0130d55e34c,0,BV1GdgW6JEe9,【杨博文｜4k直拍】Whiplash 双日直拍混剪,关键时刻来瓶尖叫,2026-08-13 23:45:41,179292,25512,21451,18946,5404,4163,6857,52
2026-08-20 17:00:02,https://www.bilibili.com/video/BV1W5gs6KEhr/?spm_id_from=333.1387.favlist.content.click&vd_source=406d0cf895bedbdc58a3d0130d55e34c,1,BV1W5gs6KEhr,【4K精剪】异常加载中 | 杨博文直拍 | 260813,underthepoplar,2026-08-13 22:44:57,159141,21571,14859,15294,4819,6923,7813,62
2026-08-20 17:00:02,https://www.bilibili.com/video/BV1VFbd6QEjw/?spm_id_from=333.1387.favlist.content.click&vd_source=406d0cf895bedbdc58a3d0130d55e34c,2,BV1VFbd6QEjw,【杨博文｜4k直拍】管他什么音乐 直拍,关键时刻来瓶尖叫,2026-08-16 23:08:52,70002,5136,2993,4040,1298,87,96,27
2026-08-20 17:00:02,https://www.bilibili.com/video/BV1xebR6zEkr/?spm_id_from=333.1387.favlist.content.click&vd_source=406d0cf895bedbdc58a3d0130d55e34c,3,BV1xebR6zEkr,【4K精剪】Attention | 杨博文直拍 | 260816,underthepoplar,2026-08-16 23:54:18,128966,11880,7867,9019,1634,367,923,68
2026-08-20 17:00:02,https://www.bilibili.com/video/BV1s3gs6MEej/?spm_id_from=333.1387.favlist.content.click&vd_source=406d0cf895bedbdc58a3d0130d55e34c,4,BV1s3gs6MEej,【杨博文｜4k直拍】爱的初体验 直拍,关键时刻来瓶尖叫,2026-08-13 22:46:37,98787,11428,6160,8902,2080,501,2305,31
2026-08-20 17:00:02,https://www.bilibili.com/video/BV1E2bR6hEJR/?spm_id_from=333.1387.favlist.content.click&vd_source=406d0cf895bedbdc58a3d0130d55e34c,5,BV1E2bR6hEJR,【杨博文】Attention丨直拍横屏丨16岁高中生内娱主舞的舞台掌控力丨8.16双机位4k精剪,Kismet丨杨博文,2026-08-16 22:13:05,176143,21488,10673,14509,2363,5651,5812,177
2026-08-20 17:00:02,https://www.bilibili.com/video/BV1Rib96EE3F/?spm_id_from=333.1387.favlist.content.click&vd_source=406d0cf895bedbdc58a3d0130d55e34c,6,BV1Rib96EE3F,260816 【杨博文】春雪  竖屏4k直拍,meetsummer丨杨博文,2026-08-17 01:54:42,26327,6308,2683,3614,506,687,582,28
2026-08-20 17:00:02,https://www.bilibili.com/video/BV18jgg6BEAd/?spm_id_from=333.1387.favlist.content.click&vd_source=406d0cf895bedbdc58a3d0130d55e34c,7,BV18jgg6BEAd,【4K精剪】摇曳！摇曳！ | 杨博文直拍 | 260813 & 260814,underthepoplar,2026-08-15 13:26:46,53154,8383,6278,5521,1495,408,956,34
2026-08-20 17:00:02,https://www.bilibili.com/video/BV1A5vkB2E1k/?spm_id_from=333.1387.favlist.content.click&vd_source=406d0cf895bedbdc58a3d0130d55e34c,8,BV1A5vkB2E1k,【杨博文】Hey Mama六机位纯舞直拍丨15岁舞台统治者的诞生，四代主舞燃炸全场！,Kismet丨杨博文,2025-12-28 22:28:16,2803567,65223,45601,47797,26585,13658,21951,2
2026-08-20 17:00:02,https://www.bilibili.com/video/BV1mJ64BREZY/?spm_id_from=333.337.search-card.all.click&vd_source=406d0cf895bedbdc58a3d0130d55e34c,9,BV1mJ64BREZY,【杨博文】闭嘴跳舞丨当主舞穿上西装就会得到,Kismet丨杨博文,2026-02-01 18:31:00,620821,35155,4028,25455,8599,447,654,1
2026-08-20 17:30:01,https://www.bilibili.com/video/BV1GdgW6JEe9/?spm_id_from=333.1387.favlist.content.click&vd_source=406d0cf895bedbdc58a3d0130d55e34c,0,BV1GdgW6JEe9,【杨博文｜4k直拍】Whiplash 双日直拍混剪,关键时刻来瓶尖叫,2026-08-13 23:45:41,179681,25556,21481,19007,5404,4165,6873,52
2026-08-20 17:30:01,https://www.bilibili.com/video/BV1W5gs6KEhr/?spm_id_from=333.1387.favlist.content.click&vd_source=406d0cf895bedbdc58a3d0130d55e34c,1,BV1W5gs6KEhr,【4K精剪】异常加载中 | 杨博文直拍 | 260813,underthepoplar,2026-08-13 22:44:57,159358,21602,14886,15339,4819,6924,7829,69
2026-08-20 17:30:01,https://www.bilibili.com/video/BV1VFbd6QEjw/?spm_id_from=333.1387.favlist.content.click&vd_source=406d0cf895bedbdc58a3d0130d55e34c,2,BV1VFbd6QEjw,【杨博文｜4k直拍】管他什么音乐 直拍,关键时刻来瓶尖叫,2026-08-16 23:08:52,70799,5159,3015,4079,1302,88,97,29
2026-08-20 17:30:01,https://www.bilibili.com/video/BV1xebR6zEkr/?spm_id_from=333.1387.favlist.content.click&vd_source=406d0cf895bedbdc58a3d0130d55e34c,3,BV1xebR6zEkr,【4K精剪】Attention | 杨博文直拍 | 260816,underthepoplar,2026-08-16 23:54:18,130404,11934,7896,9088,1636,372,924,65
2026-08-20 17:30:01,https://www.bilibili.com/video/BV1s3gs6MEej/?spm_id_from=333.1387.favlist.content.click&vd_source=406d0cf895bedbdc58a3d0130d55e34c,4,BV1s3gs6MEej,【杨博文｜4k直拍】爱的初体验 直拍,关键时刻来瓶尖叫,2026-08-13 22:46:37,98951,11452,6178,8938,2080,502,2305,34
2026-08-20 17:30:01,https://www.bilibili.com/video/BV1E2bR6hEJR/?spm_id_from=333.1387.favlist.content.click&vd_source=406d0cf895bedbdc58a3d0130d55e34c,5,BV1E2bR6hEJR,【杨博文】Attention丨直拍横屏丨16岁高中生内娱主舞的舞台掌控力丨8.16双机位4k精剪,Kismet丨杨博文,2026-08-16 22:13:05,176635,21558,10735,14577,2368,5656,5830,172
2026-08-20 17:30:01,https://www.bilibili.com/video/BV1Rib96EE3F/?spm_id_from=333.1387.favlist.content.click&vd_source=406d0cf895bedbdc58a3d0130d55e34c,6,BV1Rib96EE3F,260816 【杨博文】春雪  竖屏4k直拍,meetsummer丨杨博文,2026-08-17 01:54:42,26474,6347,2706,3653,507,689,585,28
2026-08-20 17:30:01,https://www.bilibili.com/video/BV18jgg6BEAd/?spm_id_from=333.1387.favlist.content.click&vd_source=406d0cf895bedbdc58a3d0130d55e34c,7,BV18jgg6BEAd,【4K精剪】摇曳！摇曳！ | 杨博文直拍 | 260813 & 260814,underthepoplar,2026-08-15 13:26:46,53350,8414,6308,5557,1498,410,958,43
2026-08-20 17:30:01,https://www.bilibili.com/video/BV1A5vkB2E1k/?spm_id_from=333.1387.favlist.content.click&vd_source=406d0cf895bedbdc58a3d0130d55e34c,8,BV1A5vkB2E1k,【杨博文】Hey Mama六机位纯舞直拍丨15岁舞台统治者的诞生，四代主舞燃炸全场！,Kismet丨杨博文,2025-12-28 22:28:16,2803611,65225,45603,47801,26587,13658,21951,3
2026-08-20 17:30:01,https://www.bilibili.com/video/BV1mJ64BREZY/?spm_id_from=333.337.search-card.all.click&vd_source=406d0cf895bedbdc58a3d0130d55e34c,9,BV1mJ64BREZY,【杨博文】闭嘴跳舞丨当主舞穿上西装就会得到,Kismet丨杨博文,2026-02-01 18:31:00,620822,35155,4028,25453,8599,447,654,1
2026-08-20 18:00:09,https://www.bilibili.com/video/BV1GdgW6JEe9/?spm_id_from=333.1387.favlist.content.click&vd_source=406d0cf895bedbdc58a3d0130d55e34c,0,BV1GdgW6JEe9,【杨博文｜4k直拍】Whiplash 双日直拍混剪,关键时刻来瓶尖叫,2026-08-13 23:45:41,180067,25589,21504,19042,5409,4168,6888,39
2026-08-20 18:00:09,https://www.bilibili.com/video/BV1W5gs6KEhr/?spm_id_from=333.1387.favlist.content.click&vd_source=406d0cf895bedbdc58a3d0130d55e34c,1,BV1W5gs6KEhr,【4K精剪】异常加载中 | 杨博文直拍 | 260813,underthepoplar,2026-08-13 22:44:57,159523,21619,14896,15362,4822,6928,7840,63
2026-08-20 18:00:09,https://www.bilibili.com/video/BV1VFbd6QEjw/?spm_id_from=333.1387.favlist.content.click&vd_source=406d0cf895bedbdc58a3d0130d55e34c,2,BV1VFbd6QEjw,【杨博文｜4k直拍】管他什么音乐 直拍,关键时刻来瓶尖叫,2026-08-16 23:08:52,71634,5174,3035,4111,1305,89,97,33
2026-08-20 18:00:09,https://www.bilibili.com/video/BV1xebR6zEkr/?spm_id_from=333.1387.favlist.content.click&vd_source=406d0cf895bedbdc58a3d0130d55e34c,3,BV1xebR6zEkr,【4K精剪】Attention | 杨博文直拍 | 260816,underthepoplar,2026-08-16 23:54:18,131818,11978,7916,9142,1642,374,934,70
2026-08-20 18:00:09,https://www.bilibili.com/video/BV1s3gs6MEej/?spm_id_from=333.1387.favlist.content.click&vd_source=406d0cf895bedbdc58a3d0130d55e34c,4,BV1s3gs6MEej,【杨博文｜4k直拍】爱的初体验 直拍,关键时刻来瓶尖叫,2026-08-13 22:46:37,99111,11469,6193,8963,2084,503,2313,38
2026-08-20 18:00:09,https://www.bilibili.com/video/BV1E2bR6hEJR/?spm_id_from=333.1387.favlist.content.click&vd_source=406d0cf895bedbdc58a3d0130d55e34c,5,BV1E2bR6hEJR,【杨博文】Attention丨直拍横屏丨16岁高中生内娱主舞的舞台掌控力丨8.16双机位4k精剪,Kismet丨杨博文,2026-08-16 22:13:05,177212,21607,10759,14627,2372,5658,5856,187
2026-08-20 18:00:09,https://www.bilibili.com/video/BV1Rib96EE3F/?spm_id_from=333.1387.favlist.content.click&vd_source=406d0cf895bedbdc58a3d0130d55e34c,6,BV1Rib96EE3F,260816 【杨博文】春雪  竖屏4k直拍,meetsummer丨杨博文,2026-08-17 01:54:42,26647,6384,2717,3688,510,690,585,34
2026-08-20 18:00:09,https://www.bilibili.com/video/BV18jgg6BEAd/?spm_id_from=333.1387.favlist.content.click&vd_source=406d0cf895bedbdc58a3d0130d55e34c,7,BV18jgg6BEAd,【4K精剪】摇曳！摇曳！ | 杨博文直拍 | 260813 & 260814,underthepoplar,2026-08-15 13:26:46,53541,8442,6322,5587,1501,411,959,43
2026-08-20 18:00:09,https://www.bilibili.com/video/BV1A5vkB2E1k/?spm_id_from=333.1387.favlist.content.click&vd_source=406d0cf895bedbdc58a3d0130d55e34c,8,BV1A5vkB2E1k,【杨博文】Hey Mama六机位纯舞直拍丨15岁舞台统治者的诞生，四代主舞燃炸全场！,Kismet丨杨博文,2025-12-28 22:28:16,2803648,65232,45605,47803,26589,13658,21951,2
2026-08-20 18:00:09,https://www.bilibili.com/video/BV1mJ64BREZY/?spm_id_from=333.337.search-card.all.click&vd_source=406d0cf895bedbdc58a3d0130d55e34c,9,BV1mJ64BREZY,【杨博文】闭嘴跳舞丨当主舞穿上西装就会得到,Kismet丨杨博文,2026-02-01 18:31:00,620826,35156,4028,25455,8599,447,654,1
2026-08-20 18:30:08,https://www.bilibili.com/video/BV1GdgW6JEe9/?spm_id_from=333.1387.favlist.content.click&vd_source=406d0cf895bedbdc58a3d0130d55e34c,0,BV1GdgW6JEe9,【杨博文｜4k直拍】Whiplash 双日直拍混剪,关键时刻来瓶尖叫,2026-08-13 23:45:41,180396,25627,21525,19075,5431,4191,6930,36
2026-08-20 18:30:08,https://www.bilibili.com/video/BV1W5gs6KEhr/?spm_id_from=333.1387.favlist.content.click&vd_source=406d0cf895bedbdc58a3d0130d55e34c,1,BV1W5gs6KEhr,【4K精剪】异常加载中 | 杨博文直拍 | 260813,underthepoplar,2026-08-13 22:44:57,159730,21643,14911,15385,4839,6928,7846,62
2026-08-20 18:30:08,https://www.bilibili.com/video/BV1VFbd6QEjw/?spm_id_from=333.1387.favlist.content.click&vd_source=406d0cf895bedbdc58a3d0130d55e34c,2,BV1VFbd6QEjw,【杨博文｜4k直拍】管他什么音乐 直拍,关键时刻来瓶尖叫,2026-08-16 23:08:52,72453,5200,3055,4145,1319,89,113,29
2026-08-20 18:30:08,https://www.bilibili.com/video/BV1xebR6zEkr/?spm_id_from=333.1387.favlist.content.click&vd_source=406d0cf895bedbdc58a3d0130d55e34c,3,BV1xebR6zEkr,【4K精剪】Attention | 杨博文直拍 | 260816,underthepoplar,2026-08-16 23:54:18,133050,12033,7947,9189,1658,376,965,73
2026-08-20 18:30:08,https://www.bilibili.com/video/BV1s3gs6MEej/?spm_id_from=333.1387.favlist.content.click&vd_source=406d0cf895bedbdc58a3d0130d55e34c,4,BV1s3gs6MEej,【杨博文｜4k直拍】爱的初体验 直拍,关键时刻来瓶尖叫,2026-08-13 22:46:37,99272,11492,6210,8991,2100,503,2332,27
2026-08-20 18:30:08,https://www.bilibili.com/video/BV1E2bR6hEJR/?spm_id_from=333.1387.favlist.content.click&vd_source=406d0cf895bedbdc58a3d0130d55e34c,5,BV1E2bR6hEJR,【杨博文】Attention丨直拍横屏丨16岁高中生内娱主舞的舞台掌控力丨8.16双机位4k精剪,Kismet丨杨博文,2026-08-16 22:13:05,177828,21669,10800,14685,2394,5698,5963,164
2026-08-20 18:30:08,https://www.bilibili.com/video/BV1Rib96EE3F/?spm_id_from=333.1387.favlist.content.click&vd_source=406d0cf895bedbdc58a3d0130d55e34c,6,BV1Rib96EE3F,260816 【杨博文】春雪  竖屏4k直拍,meetsummer丨杨博文,2026-08-17 01:54:42,26812,6430,2754,3725,525,690,594,26
2026-08-20 18:30:08,https://www.bilibili.com/video/BV18jgg6BEAd/?spm_id_from=333.1387.favlist.content.click&vd_source=406d0cf895bedbdc58a3d0130d55e34c,7,BV18jgg6BEAd,【4K精剪】摇曳！摇曳！ | 杨博文直拍 | 260813 & 260814,underthepoplar,2026-08-15 13:26:46,53745,8468,6340,5623,1517,411,970,39
2026-08-20 18:30:08,https://www.bilibili.com/video/BV1A5vkB2E1k/?spm_id_from=333.1387.favlist.content.click&vd_source=406d0cf895bedbdc58a3d0130d55e34c,8,BV1A5vkB2E1k,【杨博文】Hey Mama六机位纯舞直拍丨15岁舞台统治者的诞生，四代主舞燃炸全场！,Kismet丨杨博文,2025-12-28 22:28:16,2803697,65237,45607,47806,26603,13658,21951,1
2026-08-20 18:30:08,https://www.bilibili.com/video/BV1mJ64BREZY/?spm_id_from=333.337.search-card.all.click&vd_source=406d0cf895bedbdc58a3d0130d55e34c,9,BV1mJ64BREZY,【杨博文】闭嘴跳舞丨当主舞穿上西装就会得到,Kismet丨杨博文,2026-02-01 18:31:00,620829,35156,4028,25456,8599,447,654,1
2026-08-20 19:00:07,https://www.bilibili.com/video/BV1GdgW6JEe9/?spm_id_from=333.1387.favlist.content.click&vd_source=406d0cf895bedbdc58a3d0130d55e34c,0,BV1GdgW6JEe9,【杨博文｜4k直拍】Whiplash 双日直拍混剪,关键时刻来瓶尖叫,2026-08-13 23:45:41,180741,25665,21558,19104,5461,4312,7054,41
2026-08-20 19:00:07,https://www.bilibili.com/video/BV1W5gs6KEhr/?spm_id_from=333.1387.favlist.content.click&vd_source=406d0cf895bedbdc58a3d0130d55e34c,1,BV1W5gs6KEhr,【4K精剪】异常加载中 | 杨博文直拍 | 260813,underthepoplar,2026-08-13 22:44:57,159876,21659,14927,15404,4854,6928,7854,45
2026-08-20 19:00:07,https://www.bilibili.com/video/BV1VFbd6QEjw/?spm_id_from=333.1387.favlist.content.click&vd_source=406d0cf895bedbdc58a3d0130d55e34c,2,BV1VFbd6QEjw,【杨博文｜4k直拍】管他什么音乐 直拍,关键时刻来瓶尖叫,2026-08-16 23:08:52,73301,5223,3091,4177,1337,90,113,27
2026-08-20 19:00:07,https://www.bilibili.com/video/BV1xebR6zEkr/?spm_id_from=333.1387.favlist.content.click&vd_source=406d0cf895bedbdc58a3d0130d55e34c,3,BV1xebR6zEkr,【4K精剪】Attention | 杨博文直拍 | 260816,underthepoplar,2026-08-16 23:54:18,133613,12097,7985,9252,1675,379,967,81
2026-08-20 19:00:07,https://www.bilibili.com/video/BV1s3gs6MEej/?spm_id_from=333.1387.favlist.content.click&vd_source=406d0cf895bedbdc58a3d0130d55e34c,4,BV1s3gs6MEej,【杨博文｜4k直拍】爱的初体验 直拍,关键时刻来瓶尖叫,2026-08-13 22:46:37,99409,11512,6228,9013,2115,503,2333,37
2026-08-20 19:00:07,https://www.bilibili.com/video/BV1E2bR6hEJR/?spm_id_from=333.1387.favlist.content.click&vd_source=406d0cf895bedbdc58a3d0130d55e34c,5,BV1E2bR6hEJR,【杨博文】Attention丨直拍横屏丨16岁高中生内娱主舞的舞台掌控力丨8.16双机位4k精剪,Kismet丨杨博文,2026-08-16 22:13:05,178630,21745,10842,14729,2425,5830,6150,207
2026-08-20 19:00:07,https://www.bilibili.com/video/BV1Rib96EE3F/?spm_id_from=333.1387.favlist.content.click&vd_source=406d0cf895bedbdc58a3d0130d55e34c,6,BV1Rib96EE3F,260816 【杨博文】春雪  竖屏4k直拍,meetsummer丨杨博文,2026-08-17 01:54:42,26969,6473,2780,3756,540,690,595,20
2026-08-20 19:00:07,https://www.bilibili.com/video/BV18jgg6BEAd/?spm_id_from=333.1387.favlist.content.click&vd_source=406d0cf895bedbdc58a3d0130d55e34c,7,BV18jgg6BEAd,【4K精剪】摇曳！摇曳！ | 杨博文直拍 | 260813 & 260814,underthepoplar,2026-08-15 13:26:46,53928,8499,6366,5650,1534,412,973,40
2026-08-20 19:00:07,https://www.bilibili.com/video/BV1A5vkB2E1k/?spm_id_from=333.1387.favlist.content.click&vd_source=406d0cf895bedbdc58a3d0130d55e34c,8,BV1A5vkB2E1k,【杨博文】Hey Mama六机位纯舞直拍丨15岁舞台统治者的诞生，四代主舞燃炸全场！,Kismet丨杨博文,2025-12-28 22:28:16,2803728,65243,45607,47809,26620,13658,21951,1
2026-08-20 19:00:07,https://www.bilibili.com/video/BV1mJ64BREZY/?spm_id_from=333.337.search-card.all.click&vd_source=406d0cf895bedbdc58a3d0130d55e34c,9,BV1mJ64BREZY,【杨博文】闭嘴跳舞丨当主舞穿上西装就会得到,Kismet丨杨博文,2026-02-01 18:31:00,620831,35156,4028,25456,8599,447,654,1
2026-08-20 19:30:06,https://www.bilibili.com/video/BV1GdgW6JEe9/?spm_id_from=333.1387.favlist.content.click&vd_source=406d0cf895bedbdc58a3d0130d55e34c,0,BV1GdgW6JEe9,【杨博文｜4k直拍】Whiplash 双日直拍混剪,关键时刻来瓶尖叫,2026-08-13 23:45:41,181067,25693,21576,19141,5475,4338,7093,45
2026-08-20 19:30:06,https://www.bilibili.com/video/BV1W5gs6KEhr/?spm_id_from=333.1387.favlist.content.click&vd_source=406d0cf895bedbdc58a3d0130d55e34c,1,BV1W5gs6KEhr,【4K精剪】异常加载中 | 杨博文直拍 | 260813,underthepoplar,2026-08-13 22:44:57,160048,21669,14944,15427,4868,6939,7855,58
2026-08-20 19:30:06,https://www.bilibili.com/video/BV1VFbd6QEjw/?spm_id_from=333.1387.favlist.content.click&vd_source=406d0cf895bedbdc58a3d0130d55e34c,2,BV1VFbd6QEjw,【杨博文｜4k直拍】管他什么音乐 直拍,关键时刻来瓶尖叫,2026-08-16 23:08:52,73986,5239,3103,4200,1347,90,113,27
2026-08-20 19:30:06,https://www.bilibili.com/video/BV1xebR6zEkr/?spm_id_from=333.1387.favlist.content.click&vd_source=406d0cf895bedbdc58a3d0130d55e34c,3,BV1xebR6zEkr,【4K精剪】Attention | 杨博文直拍 | 260816,underthepoplar,2026-08-16 23:54:18,134104,12147,8003,9299,1687,379,968,69
2026-08-20 19:30:06,https://www.bilibili.com/video/BV1s3gs6MEej/?spm_id_from=333.1387.favlist.content.click&vd_source=406d0cf895bedbdc58a3d0130d55e34c,4,BV1s3gs6MEej,【杨博文｜4k直拍】爱的初体验 直拍,关键时刻来瓶尖叫,2026-08-13 22:46:37,99561,11528,6236,9033,2125,504,2335,18
2026-08-20 19:30:06,https://www.bilibili.com/video/BV1E2bR6hEJR/?spm_id_from=333.1387.favlist.content.click&vd_source=406d0cf895bedbdc58a3d0130d55e34c,5,BV1E2bR6hEJR,【杨博文】Attention丨直拍横屏丨16岁高中生内娱主舞的舞台掌控力丨8.16双机位4k精剪,Kismet丨杨博文,2026-08-16 22:13:05,179333,21800,10864,14774,2441,5912,6240,215
2026-08-20 19:30:06,https://www.bilibili.com/video/BV1Rib96EE3F/?spm_id_from=333.1387.favlist.content.click&vd_source=406d0cf895bedbdc58a3d0130d55e34c,6,BV1Rib96EE3F,260816 【杨博文】春雪  竖屏4k直拍,meetsummer丨杨博文,2026-08-17 01:54:42,27132,6514,2795,3781,551,690,597,26
2026-08-20 19:30:06,https://www.bilibili.com/video/BV18jgg6BEAd/?spm_id_from=333.1387.favlist.content.click&vd_source=406d0cf895bedbdc58a3d0130d55e34c,7,BV18jgg6BEAd,【4K精剪】摇曳！摇曳！ | 杨博文直拍 | 260813 & 260814,underthepoplar,2026-08-15 13:26:46,54096,8522,6382,5669,1544,413,979,40
2026-08-20 19:30:06,https://www.bilibili.com/video/BV1A5vkB2E1k/?spm_id_from=333.1387.favlist.content.click&vd_source=406d0cf895bedbdc58a3d0130d55e34c,8,BV1A5vkB2E1k,【杨博文】Hey Mama六机位纯舞直拍丨15岁舞台统治者的诞生，四代主舞燃炸全场！,Kismet丨杨博文,2025-12-28 22:28:16,2803776,65248,45609,47815,26629,13658,21951,2
2026-08-20 19:30:06,https://www.bilibili.com/video/BV1mJ64BREZY/?spm_id_from=333.337.search-card.all.click&vd_source=406d0cf895bedbdc58a3d0130d55e34c,9,BV1mJ64BREZY,【杨博文】闭嘴跳舞丨当主舞穿上西装就会得到,Kismet丨杨博文,2026-02-01 18:31:00,620834,35156,4028,25456,8599,447,654,1
2026-08-20 19:50:04,https://www.bilibili.com/video/BV1GdgW6JEe9/?spm_id_from=333.1387.favlist.content.click&vd_source=406d0cf895bedbdc58a3d0130d55e34c,0,BV1GdgW6JEe9,【杨博文｜4k直拍】Whiplash 双日直拍混剪,关键时刻来瓶尖叫,2026-08-13 23:45:41,181265,25705,21584,19153,5476,4338,7096,42
2026-08-20 19:50:04,https://www.bilibili.com/video/BV1W5gs6KEhr/?spm_id_from=333.1387.favlist.content.click&vd_source=406d0cf895bedbdc58a3d0130d55e34c,1,BV1W5gs6KEhr,【4K精剪】异常加载中 | 杨博文直拍 | 260813,underthepoplar,2026-08-13 22:44:57,160147,21678,14948,15433,4869,6939,7856,51
2026-08-20 19:50:04,https://www.bilibili.com/video/BV1VFbd6QEjw/?spm_id_from=333.1387.favlist.content.click&vd_source=406d0cf895bedbdc58a3d0130d55e34c,2,BV1VFbd6QEjw,【杨博文｜4k直拍】管他什么音乐 直拍,关键时刻来瓶尖叫,2026-08-16 23:08:52,74057,5250,3115,4212,1349,90,113,26
2026-08-20 19:50:04,https://www.bilibili.com/video/BV1xebR6zEkr/?spm_id_from=333.1387.favlist.content.click&vd_source=406d0cf895bedbdc58a3d0130d55e34c,3,BV1xebR6zEkr,【4K精剪】Attention | 杨博文直拍 | 260816,underthepoplar,2026-08-16 23:54:18,134458,12181,8019,9333,1689,380,969,71
2026-08-20 19:50:04,https://www.bilibili.com/video/BV1s3gs6MEej/?spm_id_from=333.1387.favlist.content.click&vd_source=406d0cf895bedbdc58a3d0130d55e34c,4,BV1s3gs6MEej,【杨博文｜4k直拍】爱的初体验 直拍,关键时刻来瓶尖叫,2026-08-13 22:46:37,99653,11543,6244,9048,2127,504,2336,30
2026-08-20 19:50:04,https://www.bilibili.com/video/BV1E2bR6hEJR/?spm_id_from=333.1387.favlist.content.click&vd_source=406d0cf895bedbdc58a3d0130d55e34c,5,BV1E2bR6hEJR,【杨博文】Attention丨直拍横屏丨16岁高中生内娱主舞的舞台掌控力丨8.16双机位4k精剪,Kismet丨杨博文,2026-08-16 22:13:05,179780,21840,10879,14797,2444,5913,6244,221
2026-08-20 19:50:04,https://www.bilibili.com/video/BV1Rib96EE3F/?spm_id_from=333.1387.favlist.content.click&vd_source=406d0cf895bedbdc58a3d0130d55e34c,6,BV1Rib96EE3F,260816 【杨博文】春雪  竖屏4k直拍,meetsummer丨杨博文,2026-08-17 01:54:42,27237,6535,2809,3796,553,690,597,30
2026-08-20 19:50:04,https://www.bilibili.com/video/BV18jgg6BEAd/?spm_id_from=333.1387.favlist.content.click&vd_source=406d0cf895bedbdc58a3d0130d55e34c,7,BV18jgg6BEAd,【4K精剪】摇曳！摇曳！ | 杨博文直拍 | 260813 & 260814,underthepoplar,2026-08-15 13:26:46,54195,8532,6392,5683,1546,413,980,27
2026-08-20 19:50:04,https://www.bilibili.com/video/BV1A5vkB2E1k/?spm_id_from=333.1387.favlist.content.click&vd_source=406d0cf895bedbdc58a3d0130d55e34c,8,BV1A5vkB2E1k,【杨博文】Hey Mama六机位纯舞直拍丨15岁舞台统治者的诞生，四代主舞燃炸全场！,Kismet丨杨博文,2025-12-28 22:28:16,2803805,65249,45609,47815,26631,13658,21951,2
2026-08-20 19:50:04,https://www.bilibili.com/video/BV1mJ64BREZY/?spm_id_from=333.337.search-card.all.click&vd_source=406d0cf895bedbdc58a3d0130d55e34c,9,BV1mJ64BREZY,【杨博文】闭嘴跳舞丨当主舞穿上西装就会得到,Kismet丨杨博文,2026-02-01 18:31:00,620840,35156,4028,25455,8599,447,654,1
2026-08-20 20:00:02,https://www.bilibili.com/video/BV1GdgW6JEe9/?spm_id_from=333.1387.favlist.content.click&vd_source=406d0cf895bedbdc58a3d0130d55e34c,0,BV1GdgW6JEe9,【杨博文｜4k直拍】Whiplash 双日直拍混剪,关键时刻来瓶尖叫,2026-08-13 23:45:41,181400,25715,21588,19164,5479,4338,7096,44
2026-08-20 20:00:02,https://www.bilibili.com/video/BV1W5gs6KEhr/?spm_id_from=333.1387.favlist.content.click&vd_source=406d0cf895bedbdc58a3d0130d55e34c,1,BV1W5gs6KEhr,【4K精剪】异常加载中 | 杨博文直拍 | 260813,underthepoplar,2026-08-13 22:44:57,160219,21684,14952,15440,4873,6940,7856,60
2026-08-20 20:00:02,https://www.bilibili.com/video/BV1VFbd6QEjw/?spm_id_from=333.1387.favlist.content.click&vd_source=406d0cf895bedbdc58a3d0130d55e34c,2,BV1VFbd6QEjw,【杨博文｜4k直拍】管他什么音乐 直拍,关键时刻来瓶尖叫,2026-08-16 23:08:52,74096,5255,3119,4222,1353,91,113,27
2026-08-20 20:00:02,https://www.bilibili.com/video/BV1xebR6zEkr/?spm_id_from=333.1387.favlist.content.click&vd_source=406d0cf895bedbdc58a3d0130d55e34c,3,BV1xebR6zEkr,【4K精剪】Attention | 杨博文直拍 | 260816,underthepoplar,2026-08-16 23:54:18,134649,12202,8029,9359,1691,380,969,76
2026-08-20 20:00:02,https://www.bilibili.com/video/BV1s3gs6MEej/?spm_id_from=333.1387.favlist.content.click&vd_source=406d0cf895bedbdc58a3d0130d55e34c,4,BV1s3gs6MEej,【杨博文｜4k直拍】爱的初体验 直拍,关键时刻来瓶尖叫,2026-08-13 22:46:37,99721,11550,6254,9060,2130,504,2337,39
2026-08-20 20:00:02,https://www.bilibili.com/video/BV1E2bR6hEJR/?spm_id_from=333.1387.favlist.content.click&vd_source=406d0cf895bedbdc58a3d0130d55e34c,5,BV1E2bR6hEJR,【杨博文】Attention丨直拍横屏丨16岁高中生内娱主舞的舞台掌控力丨8.16双机位4k精剪,Kismet丨杨博文,2026-08-16 22:13:05,180010,21867,10901,14822,2446,5949,6271,229
2026-08-20 20:00:02,https://www.bilibili.com/video/BV1Rib96EE3F/?spm_id_from=333.1387.favlist.content.click&vd_source=406d0cf895bedbdc58a3d0130d55e34c,6,BV1Rib96EE3F,260816 【杨博文】春雪  竖屏4k直拍,meetsummer丨杨博文,2026-08-17 01:54:42,27309,6550,2817,3806,555,690,598,24
2026-08-20 20:00:02,https://www.bilibili.com/video/BV18jgg6BEAd/?spm_id_from=333.1387.favlist.content.click&vd_source=406d0cf895bedbdc58a3d0130d55e34c,7,BV18jgg6BEAd,【4K精剪】摇曳！摇曳！ | 杨博文直拍 | 260813 & 260814,underthepoplar,2026-08-15 13:26:46,54262,8542,6402,5699,1548,413,981,29
2026-08-20 20:00:02,https://www.bilibili.com/video/BV1A5vkB2E1k/?spm_id_from=333.1387.favlist.content.click&vd_source=406d0cf895bedbdc58a3d0130d55e34c,8,BV1A5vkB2E1k,【杨博文】Hey Mama六机位纯舞直拍丨15岁舞台统治者的诞生，四代主舞燃炸全场！,Kismet丨杨博文,2025-12-28 22:28:16,2803821,65250,45609,47816,26632,13658,21951,3
2026-08-20 20:00:02,https://www.bilibili.com/video/BV1mJ64BREZY/?spm_id_from=333.337.search-card.all.click&vd_source=406d0cf895bedbdc58a3d0130d55e34c,9,BV1mJ64BREZY,【杨博文】闭嘴跳舞丨当主舞穿上西装就会得到,Kismet丨杨博文,2026-02-01 18:31:00,620840,35156,4028,25455,8599,447,654,1
2026-08-20 20:30:01,https://www.bilibili.com/video/BV1GdgW6JEe9/?spm_id_from=333.1387.favlist.content.click&vd_source=406d0cf895bedbdc58a3d0130d55e34c,0,BV1GdgW6JEe9,【杨博文｜4k直拍】Whiplash 双日直拍混剪,关键时刻来瓶尖叫,2026-08-13 23:45:41,181771,25754,21612,19202,5490,4340,7100,47
2026-08-20 20:30:01,https://www.bilibili.com/video/BV1W5gs6KEhr/?spm_id_from=333.1387.favlist.content.click&vd_source=406d0cf895bedbdc58a3d0130d55e34c,1,BV1W5gs6KEhr,【4K精剪】异常加载中 | 杨博文直拍 | 260813,underthepoplar,2026-08-13 22:44:57,160378,21709,14963,15475,4882,6940,7859,43
2026-08-20 20:30:01,https://www.bilibili.com/video/BV1VFbd6QEjw/?spm_id_from=333.1387.favlist.content.click&vd_source=406d0cf895bedbdc58a3d0130d55e34c,2,BV1VFbd6QEjw,【杨博文｜4k直拍】管他什么音乐 直拍,关键时刻来瓶尖叫,2026-08-16 23:08:52,74173,5271,3132,4250,1362,91,115,28
2026-08-20 20:30:01,https://www.bilibili.com/video/BV1xebR6zEkr/?spm_id_from=333.1387.favlist.content.click&vd_source=406d0cf895bedbdc58a3d0130d55e34c,3,BV1xebR6zEkr,【4K精剪】Attention | 杨博文直拍 | 260816,underthepoplar,2026-08-16 23:54:18,135217,12271,8085,9430,1702,380,1048,74
2026-08-20 20:30:01,https://www.bilibili.com/video/BV1s3gs6MEej/?spm_id_from=333.1387.favlist.content.click&vd_source=406d0cf895bedbdc58a3d0130d55e34c,4,BV1s3gs6MEej,【杨博文｜4k直拍】爱的初体验 直拍,关键时刻来瓶尖叫,2026-08-13 22:46:37,99892,11573,6267,9085,2139,504,2337,27
2026-08-20 20:30:01,https://www.bilibili.com/video/BV1E2bR6hEJR/?spm_id_from=333.1387.favlist.content.click&vd_source=406d0cf895bedbdc58a3d0130d55e34c,5,BV1E2bR6hEJR,【杨博文】Attention丨直拍横屏丨16岁高中生内娱主舞的舞台掌控力丨8.16双机位4k精剪,Kismet丨杨博文,2026-08-16 22:13:05,180794,21946,10968,14891,2462,6060,6405,218
2026-08-20 20:30:01,https://www.bilibili.com/video/BV1Rib96EE3F/?spm_id_from=333.1387.favlist.content.click&vd_source=406d0cf895bedbdc58a3d0130d55e34c,6,BV1Rib96EE3F,260816 【杨博文】春雪  竖屏4k直拍,meetsummer丨杨博文,2026-08-17 01:54:42,27495,6587,2840,3832,566,690,600,23
2026-08-20 20:30:01,https://www.bilibili.com/video/BV18jgg6BEAd/?spm_id_from=333.1387.favlist.content.click&vd_source=406d0cf895bedbdc58a3d0130d55e34c,7,BV18jgg6BEAd,【4K精剪】摇曳！摇曳！ | 杨博文直拍 | 260813 & 260814,underthepoplar,2026-08-15 13:26:46,54429,8571,6420,5724,1560,413,982,25
2026-08-20 20:30:01,https://www.bilibili.com/video/BV1A5vkB2E1k/?spm_id_from=333.1387.favlist.content.click&vd_source=406d0cf895bedbdc58a3d0130d55e34c,8,BV1A5vkB2E1k,【杨博文】Hey Mama六机位纯舞直拍丨15岁舞台统治者的诞生，四代主舞燃炸全场！,Kismet丨杨博文,2025-12-28 22:28:16,2803869,65256,45611,47822,26641,13659,21951,3
2026-08-20 20:30:01,https://www.bilibili.com/video/BV1mJ64BREZY/?spm_id_from=333.337.search-card.all.click&vd_source=406d0cf895bedbdc58a3d0130d55e34c,9,BV1mJ64BREZY,【杨博文】闭嘴跳舞丨当主舞穿上西装就会得到,Kismet丨杨博文,2026-02-01 18:31:00,620844,35156,4028,25455,8599,447,654,1
2026-08-20 21:00:09,https://www.bilibili.com/video/BV1GdgW6JEe9/?spm_id_from=333.1387.favlist.content.click&vd_source=406d0cf895bedbdc58a3d0130d55e34c,0,BV1GdgW6JEe9,【杨博文｜4k直拍】Whiplash 双日直拍混剪,关键时刻来瓶尖叫,2026-08-13 23:45:41,182117,25786,21638,19236,5509,4341,7103,48
2026-08-20 21:00:09,https://www.bilibili.com/video/BV1W5gs6KEhr/?spm_id_from=333.1387.favlist.content.click&vd_source=406d0cf895bedbdc58a3d0130d55e34c,1,BV1W5gs6KEhr,【4K精剪】异常加载中 | 杨博文直拍 | 260813,underthepoplar,2026-08-13 22:44:57,160552,21729,14985,15502,4901,6941,7863,47
2026-08-20 21:00:09,https://www.bilibili.com/video/BV1VFbd6QEjw/?spm_id_from=333.1387.favlist.content.click&vd_source=406d0cf895bedbdc58a3d0130d55e34c,2,BV1VFbd6QEjw,【杨博文｜4k直拍】管他什么音乐 直拍,关键时刻来瓶尖叫,2026-08-16 23:08:52,74263,5283,3139,4276,1376,91,117,29
2026-08-20 21:00:09,https://www.bilibili.com/video/BV1xebR6zEkr/?spm_id_from=333.1387.favlist.content.click&vd_source=406d0cf895bedbdc58a3d0130d55e34c,3,BV1xebR6zEkr,【4K精剪】Attention | 杨博文直拍 | 260816,underthepoplar,2026-08-16 23:54:18,135761,12337,8117,9501,1720,380,1053,59
2026-08-20 21:00:09,https://www.bilibili.com/video/BV1s3gs6MEej/?spm_id_from=333.1387.favlist.content.click&vd_source=406d0cf895bedbdc58a3d0130d55e34c,4,BV1s3gs6MEej,【杨博文｜4k直拍】爱的初体验 直拍,关键时刻来瓶尖叫,2026-08-13 22:46:37,100064,11598,6283,9113,2153,504,2337,29
2026-08-20 21:00:09,https://www.bilibili.com/video/BV1E2bR6hEJR/?spm_id_from=333.1387.favlist.content.click&vd_source=406d0cf895bedbdc58a3d0130d55e34c,5,BV1E2bR6hEJR,【杨博文】Attention丨直拍横屏丨16岁高中生内娱主舞的舞台掌控力丨8.16双机位4k精剪,Kismet丨杨博文,2026-08-16 22:13:05,181530,22026,11012,14937,2482,6063,6439,226
2026-08-20 21:00:09,https://www.bilibili.com/video/BV1Rib96EE3F/?spm_id_from=333.1387.favlist.content.click&vd_source=406d0cf895bedbdc58a3d0130d55e34c,6,BV1Rib96EE3F,260816 【杨博文】春雪  竖屏4k直拍,meetsummer丨杨博文,2026-08-17 01:54:42,27664,6626,2856,3860,582,690,609,19
2026-08-20 21:00:09,https://www.bilibili.com/video/BV18jgg6BEAd/?spm_id_from=333.1387.favlist.content.click&vd_source=406d0cf895bedbdc58a3d0130d55e34c,7,BV18jgg6BEAd,【4K精剪】摇曳！摇曳！ | 杨博文直拍 | 260813 & 260814,underthepoplar,2026-08-15 13:26:46,54621,8596,6444,5751,1575,413,988,27
2026-08-20 21:00:09,https://www.bilibili.com/video/BV1A5vkB2E1k/?spm_id_from=333.1387.favlist.content.click&vd_source=406d0cf895bedbdc58a3d0130d55e34c,8,BV1A5vkB2E1k,【杨博文】Hey Mama六机位纯舞直拍丨15岁舞台统治者的诞生，四代主舞燃炸全场！,Kismet丨杨博文,2025-12-28 22:28:16,2803922,65261,45614,47825,26654,13659,21951,2
2026-08-20 21:00:09,https://www.bilibili.com/video/BV1mJ64BREZY/?spm_id_from=333.337.search-card.all.click&vd_source=406d0cf895bedbdc58a3d0130d55e34c,9,BV1mJ64BREZY,【杨博文】闭嘴跳舞丨当主舞穿上西装就会得到,Kismet丨杨博文,2026-02-01 18:31:00,620849,35156,4028,25455,8599,447,654,1
2026-08-20 21:30:07,https://www.bilibili.com/video/BV1GdgW6JEe9/?spm_id_from=333.1387.favlist.content.click&vd_source=406d0cf895bedbdc58a3d0130d55e34c,0,BV1GdgW6JEe9,【杨博文｜4k直拍】Whiplash 双日直拍混剪,关键时刻来瓶尖叫,2026-08-13 23:45:41,182418,25805,21661,19268,5512,4344,7108,48
2026-08-20 21:30:07,https://www.bilibili.com/video/BV1W5gs6KEhr/?spm_id_from=333.1387.favlist.content.click&vd_source=406d0cf895bedbdc58a3d0130d55e34c,1,BV1W5gs6KEhr,【4K精剪】异常加载中 | 杨博文直拍 | 260813,underthepoplar,2026-08-13 22:44:57,160717,21740,14991,15529,4902,6942,7863,52
2026-08-20 21:30:07,https://www.bilibili.com/video/BV1VFbd6QEjw/?spm_id_from=333.1387.favlist.content.click&vd_source=406d0cf895bedbdc58a3d0130d55e34c,2,BV1VFbd6QEjw,【杨博文｜4k直拍】管他什么音乐 直拍,关键时刻来瓶尖叫,2026-08-16 23:08:52,74345,5300,3159,4299,1379,92,119,24
2026-08-20 21:30:07,https://www.bilibili.com/video/BV1xebR6zEkr/?spm_id_from=333.1387.favlist.content.click&vd_source=406d0cf895bedbdc58a3d0130d55e34c,3,BV1xebR6zEkr,【4K精剪】Attention | 杨博文直拍 | 260816,underthepoplar,2026-08-16 23:54:18,136309,12394,8157,9559,1724,383,1053,62
2026-08-20 21:30:07,https://www.bilibili.com/video/BV1s3gs6MEej/?spm_id_from=333.1387.favlist.content.click&vd_source=406d0cf895bedbdc58a3d0130d55e34c,4,BV1s3gs6MEej,【杨博文｜4k直拍】爱的初体验 直拍,关键时刻来瓶尖叫,2026-08-13 22:46:37,100207,11614,6291,9132,2155,507,2338,26
2026-08-20 21:30:07,https://www.bilibili.com/video/BV1E2bR6hEJR/?spm_id_from=333.1387.favlist.content.click&vd_source=406d0cf895bedbdc58a3d0130d55e34c,5,BV1E2bR6hEJR,【杨博文】Attention丨直拍横屏丨16岁高中生内娱主舞的舞台掌控力丨8.16双机位4k精剪,Kismet丨杨博文,2026-08-16 22:13:05,182341,22095,11052,14995,2490,6123,6501,232
2026-08-20 21:30:07,https://www.bilibili.com/video/BV1Rib96EE3F/?spm_id_from=333.1387.favlist.content.click&vd_source=406d0cf895bedbdc58a3d0130d55e34c,6,BV1Rib96EE3F,260816 【杨博文】春雪  竖屏4k直拍,meetsummer丨杨博文,2026-08-17 01:54:42,27827,6662,2869,3876,583,693,621,23
2026-08-20 21:30:07,https://www.bilibili.com/video/BV18jgg6BEAd/?spm_id_from=333.1387.favlist.content.click&vd_source=406d0cf895bedbdc58a3d0130d55e34c,7,BV18jgg6BEAd,【4K精剪】摇曳！摇曳！ | 杨博文直拍 | 260813 & 260814,underthepoplar,2026-08-15 13:26:46,54812,8615,6465,5771,1577,414,989,28
2026-08-20 21:30:07,https://www.bilibili.com/video/BV1A5vkB2E1k/?spm_id_from=333.1387.favlist.content.click&vd_source=406d0cf895bedbdc58a3d0130d55e34c,8,BV1A5vkB2E1k,【杨博文】Hey Mama六机位纯舞直拍丨15岁舞台统治者的诞生，四代主舞燃炸全场！,Kismet丨杨博文,2025-12-28 22:28:16,2803962,65264,45616,47824,26655,13659,21951,2
2026-08-20 21:30:07,https://www.bilibili.com/video/BV1mJ64BREZY/?spm_id_from=333.337.search-card.all.click&vd_source=406d0cf895bedbdc58a3d0130d55e34c,9,BV1mJ64BREZY,【杨博文】闭嘴跳舞丨当主舞穿上西装就会得到,Kismet丨杨博文,2026-02-01 18:31:00,620853,35157,4028,25456,8599,447,654,1
2026-08-20 22:00:05,https://www.bilibili.com/video/BV1GdgW6JEe9/?spm_id_from=333.1387.favlist.content.click&vd_source=406d0cf895bedbdc58a3d0130d55e34c,0,BV1GdgW6JEe9,【杨博文｜4k直拍】Whiplash 双日直拍混剪,关键时刻来瓶尖叫,2026-08-13 23:45:41,182736,25831,21672,19314,5513,4346,7111,37
2026-08-20 22:00:05,https://www.bilibili.com/video/BV1W5gs6KEhr/?spm_id_from=333.1387.favlist.content.click&vd_source=406d0cf895bedbdc58a3d0130d55e34c,1,BV1W5gs6KEhr,【4K精剪】异常加载中 | 杨博文直拍 | 260813,underthepoplar,2026-08-13 22:44:57,160895,21762,15004,15575,4905,6942,7866,54
2026-08-20 22:00:05,https://www.bilibili.com/video/BV1VFbd6QEjw/?spm_id_from=333.1387.favlist.content.click&vd_source=406d0cf895bedbdc58a3d0130d55e34c,2,BV1VFbd6QEjw,【杨博文｜4k直拍】管他什么音乐 直拍,关键时刻来瓶尖叫,2026-08-16 23:08:52,74424,5309,3167,4302,1380,92,119,22
2026-08-20 22:00:05,https://www.bilibili.com/video/BV1xebR6zEkr/?spm_id_from=333.1387.favlist.content.click&vd_source=406d0cf895bedbdc58a3d0130d55e34c,3,BV1xebR6zEkr,【4K精剪】Attention | 杨博文直拍 | 260816,underthepoplar,2026-08-16 23:54:18,136860,12458,8215,9652,1729,386,1055,57
2026-08-20 22:00:05,https://www.bilibili.com/video/BV1s3gs6MEej/?spm_id_from=333.1387.favlist.content.click&vd_source=406d0cf895bedbdc58a3d0130d55e34c,4,BV1s3gs6MEej,【杨博文｜4k直拍】爱的初体验 直拍,关键时刻来瓶尖叫,2026-08-13 22:46:37,100362,11626,6294,9132,2156,507,2338,31
2026-08-20 22:00:05,https://www.bilibili.com/video/BV1E2bR6hEJR/?spm_id_from=333.1387.favlist.content.click&vd_source=406d0cf895bedbdc58a3d0130d55e34c,5,BV1E2bR6hEJR,【杨博文】Attention丨直拍横屏丨16岁高中生内娱主舞的舞台掌控力丨8.16双机位4k精剪,Kismet丨杨博文,2026-08-16 22:13:05,183133,22167,11126,15060,2497,6213,6593,232
2026-08-20 22:00:05,https://www.bilibili.com/video/BV1Rib96EE3F/?spm_id_from=333.1387.favlist.content.click&vd_source=406d0cf895bedbdc58a3d0130d55e34c,6,BV1Rib96EE3F,260816 【杨博文】春雪  竖屏4k直拍,meetsummer丨杨博文,2026-08-17 01:54:42,27999,6706,2888,3880,588,694,621,21
2026-08-20 22:00:05,https://www.bilibili.com/video/BV18jgg6BEAd/?spm_id_from=333.1387.favlist.content.click&vd_source=406d0cf895bedbdc58a3d0130d55e34c,7,BV18jgg6BEAd,【4K精剪】摇曳！摇曳！ | 杨博文直拍 | 260813 & 260814,underthepoplar,2026-08-15 13:26:46,54992,8637,6480,5778,1579,415,990,25
2026-08-20 22:00:05,https://www.bilibili.com/video/BV1A5vkB2E1k/?spm_id_from=333.1387.favlist.content.click&vd_source=406d0cf895bedbdc58a3d0130d55e34c,8,BV1A5vkB2E1k,【杨博文】Hey Mama六机位纯舞直拍丨15岁舞台统治者的诞生，四代主舞燃炸全场！,Kismet丨杨博文,2025-12-28 22:28:16,2804026,65270,45619,47826,26658,13659,21951,3
2026-08-20 22:00:05,https://www.bilibili.com/video/BV1mJ64BREZY/?spm_id_from=333.337.search-card.all.click&vd_source=406d0cf895bedbdc58a3d0130d55e34c,9,BV1mJ64BREZY,【杨博文】闭嘴跳舞丨当主舞穿上西装就会得到,Kismet丨杨博文,2026-02-01 18:31:00,620856,35157,4028,25456,8599,447,654,1
2026-08-20 22:30:03,https://www.bilibili.com/video/BV1GdgW6JEe9/?spm_id_from=333.1387.favlist.content.click&vd_source=406d0cf895bedbdc58a3d0130d55e34c,0,BV1GdgW6JEe9,【杨博文｜4k直拍】Whiplash 双日直拍混剪,关键时刻来瓶尖叫,2026-08-13 23:45:41,183024,25862,21695,19361,5516,4348,7111,32
2026-08-20 22:30:03,https://www.bilibili.com/video/BV1W5gs6KEhr/?spm_id_from=333.1387.favlist.content.click&vd_source=406d0cf895bedbdc58a3d0130d55e34c,1,BV1W5gs6KEhr,【4K精剪】异常加载中 | 杨博文直拍 | 260813,underthepoplar,2026-08-13 22:44:57,161042,21782,15018,15617,4906,6942,7870,50
2026-08-20 22:30:03,https://www.bilibili.com/video/BV1VFbd6QEjw/?spm_id_from=333.1387.favlist.content.click&vd_source=406d0cf895bedbdc58a3d0130d55e34c,2,BV1VFbd6QEjw,【杨博文｜4k直拍】管他什么音乐 直拍,关键时刻来瓶尖叫,2026-08-16 23:08:52,74509,5321,3171,4306,1381,124,131,22
2026-08-20 22:30:03,https://www.bilibili.com/video/BV1xebR6zEkr/?spm_id_from=333.1387.favlist.content.click&vd_source=406d0cf895bedbdc58a3d0130d55e34c,3,BV1xebR6zEkr,【4K精剪】Attention | 杨博文直拍 | 260816,underthepoplar,2026-08-16 23:54:18,137384,12522,8275,9734,1733,386,1060,47
2026-08-20 22:30:03,https://www.bilibili.com/video/BV1s3gs6MEej/?spm_id_from=333.1387.favlist.content.click&vd_source=406d0cf895bedbdc58a3d0130d55e34c,4,BV1s3gs6MEej,【杨博文｜4k直拍】爱的初体验 直拍,关键时刻来瓶尖叫,2026-08-13 22:46:37,100495,11644,6300,9143,2157,507,2341,25
2026-08-20 22:30:03,https://www.bilibili.com/video/BV1E2bR6hEJR/?spm_id_from=333.1387.favlist.content.click&vd_source=406d0cf895bedbdc58a3d0130d55e34c,5,BV1E2bR6hEJR,【杨博文】Attention丨直拍横屏丨16岁高中生内娱主舞的舞台掌控力丨8.16双机位4k精剪,Kismet丨杨博文,2026-08-16 22:13:05,183889,22242,11169,15141,2504,6217,6610,225
2026-08-20 22:30:03,https://www.bilibili.com/video/BV1Rib96EE3F/?spm_id_from=333.1387.favlist.content.click&vd_source=406d0cf895bedbdc58a3d0130d55e34c,6,BV1Rib96EE3F,260816 【杨博文】春雪  竖屏4k直拍,meetsummer丨杨博文,2026-08-17 01:54:42,28162,6741,2903,3900,590,696,623,11
2026-08-20 22:30:03,https://www.bilibili.com/video/BV18jgg6BEAd/?spm_id_from=333.1387.favlist.content.click&vd_source=406d0cf895bedbdc58a3d0130d55e34c,7,BV18jgg6BEAd,【4K精剪】摇曳！摇曳！ | 杨博文直拍 | 260813 & 260814,underthepoplar,2026-08-15 13:26:46,55178,8654,6497,5789,1581,416,990,22
2026-08-20 22:30:03,https://www.bilibili.com/video/BV1A5vkB2E1k/?spm_id_from=333.1387.favlist.content.click&vd_source=406d0cf895bedbdc58a3d0130d55e34c,8,BV1A5vkB2E1k,【杨博文】Hey Mama六机位纯舞直拍丨15岁舞台统治者的诞生，四代主舞燃炸全场！,Kismet丨杨博文,2025-12-28 22:28:16,2804085,65275,45621,47826,26659,13659,21951,2
2026-08-20 22:30:03,https://www.bilibili.com/video/BV1mJ64BREZY/?spm_id_from=333.337.search-card.all.click&vd_source=406d0cf895bedbdc58a3d0130d55e34c,9,BV1mJ64BREZY,【杨博文】闭嘴跳舞丨当主舞穿上西装就会得到,Kismet丨杨博文,2026-02-01 18:31:00,620856,35157,4028,25456,8599,447,654,1
2026-08-20 23:00:01,https://www.bilibili.com/video/BV1GdgW6JEe9/?spm_id_from=333.1387.favlist.content.click&vd_source=406d0cf895bedbdc58a3d0130d55e34c,0,BV1GdgW6JEe9,【杨博文｜4k直拍】Whiplash 双日直拍混剪,关键时刻来瓶尖叫,2026-08-13 23:45:41,183283,25887,21713,19396,5520,4350,7115,35
2026-08-20 23:00:01,https://www.bilibili.com/video/BV1W5gs6KEhr/?spm_id_from=333.1387.favlist.content.click&vd_source=406d0cf895bedbdc58a3d0130d55e34c,1,BV1W5gs6KEhr,【4K精剪】异常加载中 | 杨博文直拍 | 260813,underthepoplar,2026-08-13 22:44:57,161182,21797,15035,15646,4908,6942,7872,41
2026-08-20 23:00:01,https://www.bilibili.com/video/BV1VFbd6QEjw/?spm_id_from=333.1387.favlist.content.click&vd_source=406d0cf895bedbdc58a3d0130d55e34c,2,BV1VFbd6QEjw,【杨博文｜4k直拍】管他什么音乐 直拍,关键时刻来瓶尖叫,2026-08-16 23:08:52,74575,5330,3177,4310,1383,190,161,23
2026-08-20 23:00:01,https://www.bilibili.com/video/BV1xebR6zEkr/?spm_id_from=333.1387.favlist.content.click&vd_source=406d0cf895bedbdc58a3d0130d55e34c,3,BV1xebR6zEkr,【4K精剪】Attention | 杨博文直拍 | 260816,underthepoplar,2026-08-16 23:54:18,137795,12579,8329,9798,1739,386,1067,42
2026-08-20 23:00:01,https://www.bilibili.com/video/BV1s3gs6MEej/?spm_id_from=333.1387.favlist.content.click&vd_source=406d0cf895bedbdc58a3d0130d55e34c,4,BV1s3gs6MEej,【杨博文｜4k直拍】爱的初体验 直拍,关键时刻来瓶尖叫,2026-08-13 22:46:37,100624,11651,6307,9149,2159,507,2370,25
2026-08-20 23:00:01,https://www.bilibili.com/video/BV1E2bR6hEJR/?spm_id_from=333.1387.favlist.content.click&vd_source=406d0cf895bedbdc58a3d0130d55e34c,5,BV1E2bR6hEJR,【杨博文】Attention丨直拍横屏丨16岁高中生内娱主舞的舞台掌控力丨8.16双机位4k精剪,Kismet丨杨博文,2026-08-16 22:13:05,184653,22311,11205,15194,2513,6239,6705,213
2026-08-20 23:00:01,https://www.bilibili.com/video/BV1Rib96EE3F/?spm_id_from=333.1387.favlist.content.click&vd_source=406d0cf895bedbdc58a3d0130d55e34c,6,BV1Rib96EE3F,260816 【杨博文】春雪  竖屏4k直拍,meetsummer丨杨博文,2026-08-17 01:54:42,28300,6767,2908,3910,593,699,626,16
2026-08-20 23:00:01,https://www.bilibili.com/video/BV18jgg6BEAd/?spm_id_from=333.1387.favlist.content.click&vd_source=406d0cf895bedbdc58a3d0130d55e34c,7,BV18jgg6BEAd,【4K精剪】摇曳！摇曳！ | 杨博文直拍 | 260813 & 260814,underthepoplar,2026-08-15 13:26:46,55348,8669,6506,5803,1586,418,994,22
2026-08-20 23:00:01,https://www.bilibili.com/video/BV1A5vkB2E1k/?spm_id_from=333.1387.favlist.content.click&vd_source=406d0cf895bedbdc58a3d0130d55e34c,8,BV1A5vkB2E1k,【杨博文】Hey Mama六机位纯舞直拍丨15岁舞台统治者的诞生，四代主舞燃炸全场！,Kismet丨杨博文,2025-12-28 22:28:16,2804139,65281,45625,47829,26661,13659,21951,1
2026-08-20 23:00:01,https://www.bilibili.com/video/BV1mJ64BREZY/?spm_id_from=333.337.search-card.all.click&vd_source=406d0cf895bedbdc58a3d0130d55e34c,9,BV1mJ64BREZY,【杨博文】闭嘴跳舞丨当主舞穿上西装就会得到,Kismet丨杨博文,2026-02-01 18:31:00,620859,35157,4028,25456,8599,447,654,1
2026-08-20 23:30:09,https://www.bilibili.com/video/BV1GdgW6JEe9/?spm_id_from=333.1387.favlist.content.click&vd_source=406d0cf895bedbdc58a3d0130d55e34c,0,BV1GdgW6JEe9,【杨博文｜4k直拍】Whiplash 双日直拍混剪,关键时刻来瓶尖叫,2026-08-13 23:45:41,183555,25917,21726,19435,5533,4352,7115,26
2026-08-20 23:30:09,https://www.bilibili.com/video/BV1W5gs6KEhr/?spm_id_from=333.1387.favlist.content.click&vd_source=406d0cf895bedbdc58a3d0130d55e34c,1,BV1W5gs6KEhr,【4K精剪】异常加载中 | 杨博文直拍 | 260813,underthepoplar,2026-08-13 22:44:57,161328,21808,15043,15677,4921,6943,7873,50
2026-08-20 23:30:09,https://www.bilibili.com/video/BV1VFbd6QEjw/?spm_id_from=333.1387.favlist.content.click&vd_source=406d0cf895bedbdc58a3d0130d55e34c,2,BV1VFbd6QEjw,【杨博文｜4k直拍】管他什么音乐 直拍,关键时刻来瓶尖叫,2026-08-16 23:08:52,74641,5341,3180,4315,1397,189,161,16
2026-08-20 23:30:09,https://www.bilibili.com/video/BV1xebR6zEkr/?spm_id_from=333.1387.favlist.content.click&vd_source=406d0cf895bedbdc58a3d0130d55e34c,3,BV1xebR6zEkr,【4K精剪】Attention | 杨博文直拍 | 260816,underthepoplar,2026-08-16 23:54:18,138138,12615,8346,9864,1754,385,1076,38
2026-08-20 23:30:09,https://www.bilibili.com/video/BV1s3gs6MEej/?spm_id_from=333.1387.favlist.content.click&vd_source=406d0cf895bedbdc58a3d0130d55e34c,4,BV1s3gs6MEej,【杨博文｜4k直拍】爱的初体验 直拍,关键时刻来瓶尖叫,2026-08-13 22:46:37,100751,11659,6307,9160,2171,507,2370,20
2026-08-20 23:30:09,https://www.bilibili.com/video/BV1E2bR6hEJR/?spm_id_from=333.1387.favlist.content.click&vd_source=406d0cf895bedbdc58a3d0130d55e34c,5,BV1E2bR6hEJR,【杨博文】Attention丨直拍横屏丨16岁高中生内娱主舞的舞台掌控力丨8.16双机位4k精剪,Kismet丨杨博文,2026-08-16 22:13:05,185356,22401,11249,15272,2530,6269,6765,222
2026-08-20 23:30:09,https://www.bilibili.com/video/BV1Rib96EE3F/?spm_id_from=333.1387.favlist.content.click&vd_source=406d0cf895bedbdc58a3d0130d55e34c,6,BV1Rib96EE3F,260816 【杨博文】春雪  竖屏4k直拍,meetsummer丨杨博文,2026-08-17 01:54:42,28457,6809,2918,3925,604,698,628,18
2026-08-20 23:30:09,https://www.bilibili.com/video/BV18jgg6BEAd/?spm_id_from=333.1387.favlist.content.click&vd_source=406d0cf895bedbdc58a3d0130d55e34c,7,BV18jgg6BEAd,【4K精剪】摇曳！摇曳！ | 杨博文直拍 | 260813 & 260814,underthepoplar,2026-08-15 13:26:46,55487,8688,6516,5822,1598,417,995,24
2026-08-20 23:30:09,https://www.bilibili.com/video/BV1A5vkB2E1k/?spm_id_from=333.1387.favlist.content.click&vd_source=406d0cf895bedbdc58a3d0130d55e34c,8,BV1A5vkB2E1k,【杨博文】Hey Mama六机位纯舞直拍丨15岁舞台统治者的诞生，四代主舞燃炸全场！,Kismet丨杨博文,2025-12-28 22:28:16,2804184,65285,45627,47831,26670,13659,21951,1
2026-08-20 23:30:09,https://www.bilibili.com/video/BV1mJ64BREZY/?spm_id_from=333.337.search-card.all.click&vd_source=406d0cf895bedbdc58a3d0130d55e34c,9,BV1mJ64BREZY,【杨博文】闭嘴跳舞丨当主舞穿上西装就会得到,Kismet丨杨博文,2026-02-01 18:31:00,620862,35157,4028,25455,8599,447,654,1
