采集时间,输入,原始顺序,BV号,标题,UP主,上传时间,总播放量,点赞数,投币数,收藏数,转发数,评论数,弹幕数,在线人数,错误
2026-07-31 00:00:03,https://www.bilibili.com/video/BV1jN64BKECs/?spm_id_from=333.337.search-card.all.click,0,BV1jN64BKECs,【杨博文｜4K直拍】跟着节奏一起《闭嘴跳舞》～,关键时刻来瓶尖叫,2026-02-01 20:20:32,1426491.0,25826.0,15767.0,22015.0,6682.0,2371.0,7084.0,1.0,
2026-07-31 00:00:03,https://www.bilibili.com/video/BV1Lb6tBBEYC/?spm_id_from=333.1387.favlist.content.click&vd_source=bdf775a036c61c0159ac2f0c251aaeb7,1,BV1Lb6tBBEYC,【4K精剪】闭嘴跳舞 | 杨博文直拍 | 260201,underthepoplar,2026-02-02 00:00:55,344212.0,26602.0,13944.0,18847.0,6057.0,1808.0,3037.0,2.0,
2026-07-31 00:00:03,https://www.bilibili.com/video/BV1mJ64BREZY/?spm_id_from=333.1387.favlist.content.click&vd_source=bdf775a036c61c0159ac2f0c251aaeb7,2,BV1mJ64BREZY,【杨博文】闭嘴跳舞丨当主舞穿上西装就会得到,Kismet丨杨博文,2026-02-01 18:31:00,595558.0,34813.0,3768.0,25137.0,4302.0,442.0,592.0,2.0,
2026-07-31 00:00:03,https://www.bilibili.com/video/BV1LiM56WEWb/?spm_id_from=333.337.search-card.all.click,3,BV1LiM56WEWb,【4K精剪】Go in Blind | 杨博文直拍 | 250816 & 250817,underthepoplar,2026-07-09 02:46:30,37006.0,6325.0,1632.0,3217.0,1584.0,79.0,66.0,1.0,
2026-07-31 00:00:03,https://www.bilibili.com/video/BV1XA6nBGEPV/?spm_id_from=333.1387.favlist.content.click,4,BV1XA6nBGEPV,【4K精剪】希区考克 作品152 | 杨博文直拍 | 260131,underthepoplar,2026-02-01 00:23:17,1932656.0,23126.0,21867.0,19601.0,17484.0,3986.0,6858.0,1.0,
2026-07-31 00:00:03,https://www.bilibili.com/video/BV1EGBCBmEo8/?spm_id_from=333.1387.favlist.content.click,5,BV1EGBCBmEo8,【杨博文｜4K高清直拍】魅魔级别的《Manta》舞台，看博文如何一yeah封神,关键时刻来瓶尖叫,2025-12-27 23:15:44,861091.0,12138.0,9503.0,10809.0,12684.0,973.0,2312.0,2.0,
2026-07-31 00:00:03,https://www.bilibili.com/video/BV1A5vkB2E1k/?spm_id_from=333.1387.favlist.content.click,6,BV1A5vkB2E1k,【杨博文】Hey Mama六机位纯舞直拍丨15岁舞台统治者的诞生，四代主舞燃炸全场！,Kismet丨杨博文,2025-12-28 22:28:16,2609577.0,62630.0,43957.0,45329.0,21607.0,13494.0,21023.0,34.0,
2026-07-31 00:00:03,https://www.bilibili.com/video/BV1EQK56xEZk/?spm_id_from=333.1387.favlist.content.click,7,BV1EQK56xEZk,【杨博文｜音乐现场】｜《全世界陪我出发》4K直拍，考核第一的大C位实在太亮眼！,关键时刻来瓶尖叫,2026-07-16 20:29:02,222038.0,9512.0,2668.0,5319.0,5634.0,10052.0,7720.0,16.0,
2026-07-31 00:00:03,https://www.bilibili.com/video/BV1JUK56tEh5/?spm_id_from=333.1387.favlist.content.click,8,BV1JUK56tEh5,【杨博文｜音乐现场】全程舒适！跟着标准答案出发不迷路｜《全世界陪我出发》4k横屏直拍,游园会_杨博文,2026-07-16 20:06:19,149743.0,7131.0,2284.0,3802.0,5068.0,1940.0,1769.0,2.0,
2026-07-31 00:00:03,https://www.bilibili.com/video/BV1kFKG6pEPe/?spm_id_from=333.1387.favlist.content.click,9,BV1kFKG6pEPe,【杨博文】夏日运动会《全世界陪我出发》4K直拍,Eternity丨杨博文,2026-07-16 19:13:38,39961.0,4660.0,708.0,2606.0,2323.0,36.0,93.0,1.0,
2026-07-31 00:00:03,bilibili.com/video/BV1M9ePzaELH/?spm_id_from=333.337.search-card.all.click,10,BV1M9ePzaELH,「杨博文｜卡拉永远OK」突发舞台事故？我怎么没看见,Astra_杨博文,2025-08-19 22:15:30,819667.0,14520.0,4636.0,9657.0,10688.0,620.0,534.0,4.0,
2026-07-31 00:30:01,https://www.bilibili.com/video/BV1jN64BKECs/?spm_id_from=333.337.search-card.all.click,0,BV1jN64BKECs,【杨博文｜4K直拍】跟着节奏一起《闭嘴跳舞》～,关键时刻来瓶尖叫,2026-02-01 20:20:32,1426502.0,25827.0,15767.0,22015.0,6691.0,2371.0,7084.0,1.0,
2026-07-31 00:30:01,https://www.bilibili.com/video/BV1Lb6tBBEYC/?spm_id_from=333.1387.favlist.content.click&vd_source=bdf775a036c61c0159ac2f0c251aaeb7,1,BV1Lb6tBBEYC,【4K精剪】闭嘴跳舞 | 杨博文直拍 | 260201,underthepoplar,2026-02-02 00:00:55,344248.0,26607.0,13944.0,18848.0,6063.0,1808.0,3037.0,2.0,
2026-07-31 00:30:01,https://www.bilibili.com/video/BV1mJ64BREZY/?spm_id_from=333.1387.favlist.content.click&vd_source=bdf775a036c61c0159ac2f0c251aaeb7,2,BV1mJ64BREZY,【杨博文】闭嘴跳舞丨当主舞穿上西装就会得到,Kismet丨杨博文,2026-02-01 18:31:00,595605.0,34815.0,3772.0,25138.0,4309.0,442.0,592.0,3.0,
2026-07-31 00:30:01,https://www.bilibili.com/video/BV1LiM56WEWb/?spm_id_from=333.337.search-card.all.click,3,BV1LiM56WEWb,【4K精剪】Go in Blind | 杨博文直拍 | 250816 & 250817,underthepoplar,2026-07-09 02:46:30,37021.0,6327.0,1632.0,3218.0,1590.0,79.0,66.0,1.0,
2026-07-31 00:30:01,https://www.bilibili.com/video/BV1XA6nBGEPV/?spm_id_from=333.1387.favlist.content.click,4,BV1XA6nBGEPV,【4K精剪】希区考克 作品152 | 杨博文直拍 | 260131,underthepoplar,2026-02-01 00:23:17,1932672.0,23128.0,21869.0,19600.0,17492.0,3986.0,6858.0,1.0,
2026-07-31 00:30:01,https://www.bilibili.com/video/BV1EGBCBmEo8/?spm_id_from=333.1387.favlist.content.click,5,BV1EGBCBmEo8,【杨博文｜4K高清直拍】魅魔级别的《Manta》舞台，看博文如何一yeah封神,关键时刻来瓶尖叫,2025-12-27 23:15:44,861231.0,12138.0,9503.0,10809.0,12684.0,973.0,2312.0,4.0,
2026-07-31 00:30:01,https://www.bilibili.com/video/BV1A5vkB2E1k/?spm_id_from=333.1387.favlist.content.click,6,BV1A5vkB2E1k,【杨博文】Hey Mama六机位纯舞直拍丨15岁舞台统治者的诞生，四代主舞燃炸全场！,Kismet丨杨博文,2025-12-28 22:28:16,2609691.0,62633.0,43957.0,45330.0,21616.0,13494.0,21023.0,37.0,
2026-07-31 00:30:01,https://www.bilibili.com/video/BV1EQK56xEZk/?spm_id_from=333.1387.favlist.content.click,7,BV1EQK56xEZk,【杨博文｜音乐现场】｜《全世界陪我出发》4K直拍，考核第一的大C位实在太亮眼！,关键时刻来瓶尖叫,2026-07-16 20:29:02,222179.0,9513.0,2668.0,5319.0,5634.0,10052.0,7720.0,15.0,
2026-07-31 00:30:01,https://www.bilibili.com/video/BV1JUK56tEh5/?spm_id_from=333.1387.favlist.content.click,8,BV1JUK56tEh5,【杨博文｜音乐现场】全程舒适！跟着标准答案出发不迷路｜《全世界陪我出发》4k横屏直拍,游园会_杨博文,2026-07-16 20:06:19,149873.0,7133.0,2284.0,3799.0,5068.0,1940.0,1769.0,5.0,
2026-07-31 00:30:01,https://www.bilibili.com/video/BV1kFKG6pEPe/?spm_id_from=333.1387.favlist.content.click,9,BV1kFKG6pEPe,【杨博文】夏日运动会《全世界陪我出发》4K直拍,Eternity丨杨博文,2026-07-16 19:13:38,39964.0,4660.0,708.0,2606.0,2323.0,36.0,93.0,1.0,
2026-07-31 00:30:01,bilibili.com/video/BV1M9ePzaELH/?spm_id_from=333.337.search-card.all.click,10,BV1M9ePzaELH,「杨博文｜卡拉永远OK」突发舞台事故？我怎么没看见,Astra_杨博文,2025-08-19 22:15:30,819726.0,14520.0,4636.0,9660.0,10688.0,620.0,534.0,2.0,
2026-07-31 01:00:00,https://www.bilibili.com/video/BV1jN64BKECs/?spm_id_from=333.337.search-card.all.click,0,BV1jN64BKECs,【杨博文｜4K直拍】跟着节奏一起《闭嘴跳舞》～,关键时刻来瓶尖叫,2026-02-01 20:20:32,1426506.0,25827.0,15767.0,22015.0,6707.0,2371.0,7084.0,1.0,
2026-07-31 01:00:00,https://www.bilibili.com/video/BV1Lb6tBBEYC/?spm_id_from=333.1387.favlist.content.click&vd_source=bdf775a036c61c0159ac2f0c251aaeb7,1,BV1Lb6tBBEYC,【4K精剪】闭嘴跳舞 | 杨博文直拍 | 260201,underthepoplar,2026-02-02 00:00:55,344282.0,26609.0,13946.0,18850.0,6080.0,1808.0,3037.0,1.0,
2026-07-31 01:00:00,https://www.bilibili.com/video/BV1mJ64BREZY/?spm_id_from=333.1387.favlist.content.click&vd_source=bdf775a036c61c0159ac2f0c251aaeb7,2,BV1mJ64BREZY,【杨博文】闭嘴跳舞丨当主舞穿上西装就会得到,Kismet丨杨博文,2026-02-01 18:31:00,595658.0,34815.0,3772.0,25138.0,4327.0,442.0,592.0,7.0,
2026-07-31 01:00:00,https://www.bilibili.com/video/BV1LiM56WEWb/?spm_id_from=333.337.search-card.all.click,3,BV1LiM56WEWb,【4K精剪】Go in Blind | 杨博文直拍 | 250816 & 250817,underthepoplar,2026-07-09 02:46:30,37028.0,6329.0,1634.0,3219.0,1608.0,79.0,66.0,1.0,
2026-07-31 01:00:00,https://www.bilibili.com/video/BV1XA6nBGEPV/?spm_id_from=333.1387.favlist.content.click,4,BV1XA6nBGEPV,【4K精剪】希区考克 作品152 | 杨博文直拍 | 260131,underthepoplar,2026-02-01 00:23:17,1932683.0,23130.0,21871.0,19601.0,17509.0,3986.0,6858.0,1.0,
2026-07-31 01:00:00,https://www.bilibili.com/video/BV1EGBCBmEo8/?spm_id_from=333.1387.favlist.content.click,5,BV1EGBCBmEo8,【杨博文｜4K高清直拍】魅魔级别的《Manta》舞台，看博文如何一yeah封神,关键时刻来瓶尖叫,2025-12-27 23:15:44,861375.0,12138.0,9503.0,10810.0,12684.0,973.0,2312.0,5.0,
2026-07-31 01:00:00,https://www.bilibili.com/video/BV1A5vkB2E1k/?spm_id_from=333.1387.favlist.content.click,6,BV1A5vkB2E1k,【杨博文】Hey Mama六机位纯舞直拍丨15岁舞台统治者的诞生，四代主舞燃炸全场！,Kismet丨杨博文,2025-12-28 22:28:16,2609814.0,62634.0,43957.0,45332.0,21632.0,13494.0,21023.0,37.0,
2026-07-31 01:00:00,https://www.bilibili.com/video/BV1EQK56xEZk/?spm_id_from=333.1387.favlist.content.click,7,BV1EQK56xEZk,【杨博文｜音乐现场】｜《全世界陪我出发》4K直拍，考核第一的大C位实在太亮眼！,关键时刻来瓶尖叫,2026-07-16 20:29:02,222321.0,9516.0,2668.0,5323.0,5634.0,10052.0,7720.0,21.0,
2026-07-31 01:00:00,https://www.bilibili.com/video/BV1JUK56tEh5/?spm_id_from=333.1387.favlist.content.click,8,BV1JUK56tEh5,【杨博文｜音乐现场】全程舒适！跟着标准答案出发不迷路｜《全世界陪我出发》4k横屏直拍,游园会_杨博文,2026-07-16 20:06:19,149971.0,7135.0,2286.0,3798.0,5068.0,1940.0,1769.0,1.0,
2026-07-31 01:00:00,https://www.bilibili.com/video/BV1kFKG6pEPe/?spm_id_from=333.1387.favlist.content.click,9,BV1kFKG6pEPe,【杨博文】夏日运动会《全世界陪我出发》4K直拍,Eternity丨杨博文,2026-07-16 19:13:38,39965.0,4661.0,709.0,2606.0,2323.0,36.0,93.0,1.0,
2026-07-31 01:00:00,bilibili.com/video/BV1M9ePzaELH/?spm_id_from=333.337.search-card.all.click,10,BV1M9ePzaELH,「杨博文｜卡拉永远OK」突发舞台事故？我怎么没看见,Astra_杨博文,2025-08-19 22:15:30,819777.0,14520.0,4636.0,9663.0,10688.0,620.0,534.0,7.0,
2026-07-31 01:30:08,https://www.bilibili.com/video/BV1jN64BKECs/?spm_id_from=333.337.search-card.all.click,0,BV1jN64BKECs,【杨博文｜4K直拍】跟着节奏一起《闭嘴跳舞》～,关键时刻来瓶尖叫,2026-02-01 20:20:32,1426517.0,25828.0,15767.0,22014.0,6724.0,2371.0,7084.0,1.0,
2026-07-31 01:30:08,https://www.bilibili.com/video/BV1Lb6tBBEYC/?spm_id_from=333.1387.favlist.content.click&vd_source=bdf775a036c61c0159ac2f0c251aaeb7,1,BV1Lb6tBBEYC,【4K精剪】闭嘴跳舞 | 杨博文直拍 | 260201,underthepoplar,2026-02-02 00:00:55,344303.0,26611.0,13946.0,18851.0,6096.0,1808.0,3037.0,1.0,
2026-07-31 01:30:08,https://www.bilibili.com/video/BV1mJ64BREZY/?spm_id_from=333.1387.favlist.content.click&vd_source=bdf775a036c61c0159ac2f0c251aaeb7,2,BV1mJ64BREZY,【杨博文】闭嘴跳舞丨当主舞穿上西装就会得到,Kismet丨杨博文,2026-02-01 18:31:00,595713.0,34815.0,3772.0,25138.0,4341.0,442.0,592.0,7.0,
2026-07-31 01:30:08,https://www.bilibili.com/video/BV1LiM56WEWb/?spm_id_from=333.337.search-card.all.click,3,BV1LiM56WEWb,【4K精剪】Go in Blind | 杨博文直拍 | 250816 & 250817,underthepoplar,2026-07-09 02:46:30,37033.0,6329.0,1634.0,3219.0,1623.0,79.0,66.0,1.0,
2026-07-31 01:30:08,https://www.bilibili.com/video/BV1XA6nBGEPV/?spm_id_from=333.1387.favlist.content.click,4,BV1XA6nBGEPV,【4K精剪】希区考克 作品152 | 杨博文直拍 | 260131,underthepoplar,2026-02-01 00:23:17,1932691.0,23131.0,21871.0,19601.0,17525.0,3986.0,6858.0,1.0,
2026-07-31 01:30:08,https://www.bilibili.com/video/BV1EGBCBmEo8/?spm_id_from=333.1387.favlist.content.click,5,BV1EGBCBmEo8,【杨博文｜4K高清直拍】魅魔级别的《Manta》舞台，看博文如何一yeah封神,关键时刻来瓶尖叫,2025-12-27 23:15:44,861550.0,12138.0,9503.0,10808.0,12684.0,973.0,2312.0,9.0,
2026-07-31 01:30:08,https://www.bilibili.com/video/BV1A5vkB2E1k/?spm_id_from=333.1387.favlist.content.click,6,BV1A5vkB2E1k,【杨博文】Hey Mama六机位纯舞直拍丨15岁舞台统治者的诞生，四代主舞燃炸全场！,Kismet丨杨博文,2025-12-28 22:28:16,2609913.0,62637.0,43961.0,45334.0,21650.0,13494.0,21024.0,44.0,
2026-07-31 01:30:08,https://www.bilibili.com/video/BV1EQK56xEZk/?spm_id_from=333.1387.favlist.content.click,7,BV1EQK56xEZk,【杨博文｜音乐现场】｜《全世界陪我出发》4K直拍，考核第一的大C位实在太亮眼！,关键时刻来瓶尖叫,2026-07-16 20:29:02,222446.0,9517.0,2668.0,5322.0,5634.0,10052.0,7720.0,21.0,
2026-07-31 01:30:08,https://www.bilibili.com/video/BV1JUK56tEh5/?spm_id_from=333.1387.favlist.content.click,8,BV1JUK56tEh5,【杨博文｜音乐现场】全程舒适！跟着标准答案出发不迷路｜《全世界陪我出发》4k横屏直拍,游园会_杨博文,2026-07-16 20:06:19,150038.0,7135.0,2286.0,3798.0,5068.0,1940.0,1769.0,1.0,
2026-07-31 01:30:08,https://www.bilibili.com/video/BV1kFKG6pEPe/?spm_id_from=333.1387.favlist.content.click,9,BV1kFKG6pEPe,【杨博文】夏日运动会《全世界陪我出发》4K直拍,Eternity丨杨博文,2026-07-16 19:13:38,39966.0,4661.0,709.0,2606.0,2323.0,36.0,93.0,1.0,
2026-07-31 01:30:08,bilibili.com/video/BV1M9ePzaELH/?spm_id_from=333.337.search-card.all.click,10,BV1M9ePzaELH,「杨博文｜卡拉永远OK」突发舞台事故？我怎么没看见,Astra_杨博文,2025-08-19 22:15:30,819823.0,14520.0,4636.0,9662.0,10688.0,620.0,534.0,10.0,
2026-07-31 02:00:07,https://www.bilibili.com/video/BV1jN64BKECs/?spm_id_from=333.337.search-card.all.click,0,BV1jN64BKECs,【杨博文｜4K直拍】跟着节奏一起《闭嘴跳舞》～,关键时刻来瓶尖叫,2026-02-01 20:20:32,1426526.0,25828.0,15767.0,22015.0,6727.0,2371.0,7084.0,1.0,
2026-07-31 02:00:07,https://www.bilibili.com/video/BV1Lb6tBBEYC/?spm_id_from=333.1387.favlist.content.click&vd_source=bdf775a036c61c0159ac2f0c251aaeb7,1,BV1Lb6tBBEYC,【4K精剪】闭嘴跳舞 | 杨博文直拍 | 260201,underthepoplar,2026-02-02 00:00:55,344318.0,26613.0,13949.0,18851.0,6101.0,1808.0,3037.0,1.0,
2026-07-31 02:00:07,https://www.bilibili.com/video/BV1mJ64BREZY/?spm_id_from=333.1387.favlist.content.click&vd_source=bdf775a036c61c0159ac2f0c251aaeb7,2,BV1mJ64BREZY,【杨博文】闭嘴跳舞丨当主舞穿上西装就会得到,Kismet丨杨博文,2026-02-01 18:31:00,595755.0,34815.0,3772.0,25138.0,4345.0,442.0,592.0,7.0,
2026-07-31 02:00:07,https://www.bilibili.com/video/BV1LiM56WEWb/?spm_id_from=333.337.search-card.all.click,3,BV1LiM56WEWb,【4K精剪】Go in Blind | 杨博文直拍 | 250816 & 250817,underthepoplar,2026-07-09 02:46:30,37044.0,6332.0,1635.0,3219.0,1628.0,79.0,66.0,1.0,
2026-07-31 02:00:07,https://www.bilibili.com/video/BV1XA6nBGEPV/?spm_id_from=333.1387.favlist.content.click,4,BV1XA6nBGEPV,【4K精剪】希区考克 作品152 | 杨博文直拍 | 260131,underthepoplar,2026-02-01 00:23:17,1932699.0,23132.0,21871.0,19601.0,17528.0,3986.0,6858.0,1.0,
2026-07-31 02:00:07,https://www.bilibili.com/video/BV1EGBCBmEo8/?spm_id_from=333.1387.favlist.content.click,5,BV1EGBCBmEo8,【杨博文｜4K高清直拍】魅魔级别的《Manta》舞台，看博文如何一yeah封神,关键时刻来瓶尖叫,2025-12-27 23:15:44,861724.0,12139.0,9503.0,10809.0,12684.0,973.0,2312.0,6.0,
2026-07-31 02:00:07,https://www.bilibili.com/video/BV1A5vkB2E1k/?spm_id_from=333.1387.favlist.content.click,6,BV1A5vkB2E1k,【杨博文】Hey Mama六机位纯舞直拍丨15岁舞台统治者的诞生，四代主舞燃炸全场！,Kismet丨杨博文,2025-12-28 22:28:16,2610011.0,62641.0,43962.0,45336.0,21653.0,13494.0,21024.0,39.0,
2026-07-31 02:00:07,https://www.bilibili.com/video/BV1EQK56xEZk/?spm_id_from=333.1387.favlist.content.click,7,BV1EQK56xEZk,【杨博文｜音乐现场】｜《全世界陪我出发》4K直拍，考核第一的大C位实在太亮眼！,关键时刻来瓶尖叫,2026-07-16 20:29:02,222566.0,9518.0,2668.0,5322.0,5634.0,10052.0,7720.0,22.0,
2026-07-31 02:00:07,https://www.bilibili.com/video/BV1JUK56tEh5/?spm_id_from=333.1387.favlist.content.click,8,BV1JUK56tEh5,【杨博文｜音乐现场】全程舒适！跟着标准答案出发不迷路｜《全世界陪我出发》4k横屏直拍,游园会_杨博文,2026-07-16 20:06:19,150104.0,7136.0,2286.0,3798.0,5068.0,1940.0,1769.0,1.0,
2026-07-31 02:00:07,https://www.bilibili.com/video/BV1kFKG6pEPe/?spm_id_from=333.1387.favlist.content.click,9,BV1kFKG6pEPe,【杨博文】夏日运动会《全世界陪我出发》4K直拍,Eternity丨杨博文,2026-07-16 19:13:38,39967.0,4661.0,709.0,2606.0,2323.0,36.0,93.0,1.0,
2026-07-31 02:00:07,bilibili.com/video/BV1M9ePzaELH/?spm_id_from=333.337.search-card.all.click,10,BV1M9ePzaELH,「杨博文｜卡拉永远OK」突发舞台事故？我怎么没看见,Astra_杨博文,2025-08-19 22:15:30,819868.0,14520.0,4636.0,9662.0,10688.0,620.0,534.0,6.0,
2026-07-31 02:30:05,https://www.bilibili.com/video/BV1jN64BKECs/?spm_id_from=333.337.search-card.all.click,0,BV1jN64BKECs,【杨博文｜4K直拍】跟着节奏一起《闭嘴跳舞》～,关键时刻来瓶尖叫,2026-02-01 20:20:32,1426530.0,25828.0,15767.0,22015.0,6727.0,2371.0,7084.0,1.0,
2026-07-31 02:30:05,https://www.bilibili.com/video/BV1Lb6tBBEYC/?spm_id_from=333.1387.favlist.content.click&vd_source=bdf775a036c61c0159ac2f0c251aaeb7,1,BV1Lb6tBBEYC,【4K精剪】闭嘴跳舞 | 杨博文直拍 | 260201,underthepoplar,2026-02-02 00:00:55,344324.0,26614.0,13949.0,18851.0,6101.0,1808.0,3037.0,1.0,
2026-07-31 02:30:05,https://www.bilibili.com/video/BV1mJ64BREZY/?spm_id_from=333.1387.favlist.content.click&vd_source=bdf775a036c61c0159ac2f0c251aaeb7,2,BV1mJ64BREZY,【杨博文】闭嘴跳舞丨当主舞穿上西装就会得到,Kismet丨杨博文,2026-02-01 18:31:00,595787.0,34815.0,3772.0,25138.0,4345.0,442.0,592.0,3.0,
2026-07-31 02:30:05,https://www.bilibili.com/video/BV1LiM56WEWb/?spm_id_from=333.337.search-card.all.click,3,BV1LiM56WEWb,【4K精剪】Go in Blind | 杨博文直拍 | 250816 & 250817,underthepoplar,2026-07-09 02:46:30,37051.0,6334.0,1635.0,3220.0,1628.0,79.0,66.0,1.0,
2026-07-31 02:30:05,https://www.bilibili.com/video/BV1XA6nBGEPV/?spm_id_from=333.1387.favlist.content.click,4,BV1XA6nBGEPV,【4K精剪】希区考克 作品152 | 杨博文直拍 | 260131,underthepoplar,2026-02-01 00:23:17,1932705.0,23133.0,21871.0,19602.0,17528.0,3986.0,6858.0,1.0,
2026-07-31 02:30:05,https://www.bilibili.com/video/BV1EGBCBmEo8/?spm_id_from=333.1387.favlist.content.click,5,BV1EGBCBmEo8,【杨博文｜4K高清直拍】魅魔级别的《Manta》舞台，看博文如何一yeah封神,关键时刻来瓶尖叫,2025-12-27 23:15:44,861902.0,12139.0,9503.0,10809.0,12684.0,973.0,2312.0,4.0,
2026-07-31 02:30:05,https://www.bilibili.com/video/BV1A5vkB2E1k/?spm_id_from=333.1387.favlist.content.click,6,BV1A5vkB2E1k,【杨博文】Hey Mama六机位纯舞直拍丨15岁舞台统治者的诞生，四代主舞燃炸全场！,Kismet丨杨博文,2025-12-28 22:28:16,2610104.0,62644.0,43963.0,45336.0,21653.0,13494.0,21024.0,37.0,
2026-07-31 02:30:05,https://www.bilibili.com/video/BV1EQK56xEZk/?spm_id_from=333.1387.favlist.content.click,7,BV1EQK56xEZk,【杨博文｜音乐现场】｜《全世界陪我出发》4K直拍，考核第一的大C位实在太亮眼！,关键时刻来瓶尖叫,2026-07-16 20:29:02,222697.0,9523.0,2670.0,5323.0,5634.0,10052.0,7720.0,19.0,
2026-07-31 02:30:05,https://www.bilibili.com/video/BV1JUK56tEh5/?spm_id_from=333.1387.favlist.content.click,8,BV1JUK56tEh5,【杨博文｜音乐现场】全程舒适！跟着标准答案出发不迷路｜《全世界陪我出发》4k横屏直拍,游园会_杨博文,2026-07-16 20:06:19,150188.0,7138.0,2286.0,3798.0,5068.0,1940.0,1769.0,1.0,
2026-07-31 02:30:05,https://www.bilibili.com/video/BV1kFKG6pEPe/?spm_id_from=333.1387.favlist.content.click,9,BV1kFKG6pEPe,【杨博文】夏日运动会《全世界陪我出发》4K直拍,Eternity丨杨博文,2026-07-16 19:13:38,39969.0,4662.0,709.0,2606.0,2323.0,36.0,93.0,1.0,
2026-07-31 02:30:05,bilibili.com/video/BV1M9ePzaELH/?spm_id_from=333.337.search-card.all.click,10,BV1M9ePzaELH,「杨博文｜卡拉永远OK」突发舞台事故？我怎么没看见,Astra_杨博文,2025-08-19 22:15:30,819906.0,14520.0,4636.0,9662.0,10688.0,620.0,534.0,6.0,
2026-07-31 03:00:05,https://www.bilibili.com/video/BV1jN64BKECs/?spm_id_from=333.337.search-card.all.click,0,BV1jN64BKECs,【杨博文｜4K直拍】跟着节奏一起《闭嘴跳舞》～,关键时刻来瓶尖叫,2026-02-01 20:20:32,1426539.0,25828.0,15767.0,22015.0,6730.0,2371.0,7084.0,1.0,
2026-07-31 03:00:05,https://www.bilibili.com/video/BV1Lb6tBBEYC/?spm_id_from=333.1387.favlist.content.click&vd_source=bdf775a036c61c0159ac2f0c251aaeb7,1,BV1Lb6tBBEYC,【4K精剪】闭嘴跳舞 | 杨博文直拍 | 260201,underthepoplar,2026-02-02 00:00:55,344332.0,26615.0,13949.0,18851.0,6104.0,1808.0,3037.0,1.0,
2026-07-31 03:00:05,https://www.bilibili.com/video/BV1mJ64BREZY/?spm_id_from=333.1387.favlist.content.click&vd_source=bdf775a036c61c0159ac2f0c251aaeb7,2,BV1mJ64BREZY,【杨博文】闭嘴跳舞丨当主舞穿上西装就会得到,Kismet丨杨博文,2026-02-01 18:31:00,595827.0,34815.0,3772.0,25138.0,4349.0,442.0,592.0,5.0,
2026-07-31 03:00:05,https://www.bilibili.com/video/BV1LiM56WEWb/?spm_id_from=333.337.search-card.all.click,3,BV1LiM56WEWb,【4K精剪】Go in Blind | 杨博文直拍 | 250816 & 250817,underthepoplar,2026-07-09 02:46:30,37057.0,6335.0,1635.0,3220.0,1631.0,79.0,66.0,1.0,
2026-07-31 03:00:05,https://www.bilibili.com/video/BV1XA6nBGEPV/?spm_id_from=333.1387.favlist.content.click,4,BV1XA6nBGEPV,【4K精剪】希区考克 作品152 | 杨博文直拍 | 260131,underthepoplar,2026-02-01 00:23:17,1932711.0,23133.0,21871.0,19602.0,17531.0,3986.0,6858.0,1.0,
2026-07-31 03:00:05,https://www.bilibili.com/video/BV1EGBCBmEo8/?spm_id_from=333.1387.favlist.content.click,5,BV1EGBCBmEo8,【杨博文｜4K高清直拍】魅魔级别的《Manta》舞台，看博文如何一yeah封神,关键时刻来瓶尖叫,2025-12-27 23:15:44,862067.0,12139.0,9503.0,10809.0,12684.0,973.0,2312.0,6.0,
2026-07-31 03:00:05,https://www.bilibili.com/video/BV1A5vkB2E1k/?spm_id_from=333.1387.favlist.content.click,6,BV1A5vkB2E1k,【杨博文】Hey Mama六机位纯舞直拍丨15岁舞台统治者的诞生，四代主舞燃炸全场！,Kismet丨杨博文,2025-12-28 22:28:16,2610187.0,62646.0,43963.0,45337.0,21656.0,13494.0,21024.0,41.0,
2026-07-31 03:00:05,https://www.bilibili.com/video/BV1EQK56xEZk/?spm_id_from=333.1387.favlist.content.click,7,BV1EQK56xEZk,【杨博文｜音乐现场】｜《全世界陪我出发》4K直拍，考核第一的大C位实在太亮眼！,关键时刻来瓶尖叫,2026-07-16 20:29:02,222811.0,9524.0,2670.0,5323.0,5634.0,10052.0,7720.0,21.0,
2026-07-31 03:00:05,https://www.bilibili.com/video/BV1JUK56tEh5/?spm_id_from=333.1387.favlist.content.click,8,BV1JUK56tEh5,【杨博文｜音乐现场】全程舒适！跟着标准答案出发不迷路｜《全世界陪我出发》4k横屏直拍,游园会_杨博文,2026-07-16 20:06:19,150264.0,7138.0,2286.0,3798.0,5068.0,1940.0,1769.0,1.0,
2026-07-31 03:00:05,https://www.bilibili.com/video/BV1kFKG6pEPe/?spm_id_from=333.1387.favlist.content.click,9,BV1kFKG6pEPe,【杨博文】夏日运动会《全世界陪我出发》4K直拍,Eternity丨杨博文,2026-07-16 19:13:38,39970.0,4663.0,709.0,2606.0,2323.0,36.0,93.0,1.0,
2026-07-31 03:00:05,bilibili.com/video/BV1M9ePzaELH/?spm_id_from=333.337.search-card.all.click,10,BV1M9ePzaELH,「杨博文｜卡拉永远OK」突发舞台事故？我怎么没看见,Astra_杨博文,2025-08-19 22:15:30,819937.0,14521.0,4636.0,9662.0,10688.0,620.0,534.0,5.0,
2026-07-31 03:30:04,https://www.bilibili.com/video/BV1jN64BKECs/?spm_id_from=333.337.search-card.all.click,0,BV1jN64BKECs,【杨博文｜4K直拍】跟着节奏一起《闭嘴跳舞》～,关键时刻来瓶尖叫,2026-02-01 20:20:32,1426542.0,25828.0,15767.0,22015.0,6738.0,2371.0,7084.0,1.0,
2026-07-31 03:30:04,https://www.bilibili.com/video/BV1Lb6tBBEYC/?spm_id_from=333.1387.favlist.content.click&vd_source=bdf775a036c61c0159ac2f0c251aaeb7,1,BV1Lb6tBBEYC,【4K精剪】闭嘴跳舞 | 杨博文直拍 | 260201,underthepoplar,2026-02-02 00:00:55,344337.0,26616.0,13951.0,18851.0,6110.0,1808.0,3037.0,1.0,
2026-07-31 03:30:04,https://www.bilibili.com/video/BV1mJ64BREZY/?spm_id_from=333.1387.favlist.content.click&vd_source=bdf775a036c61c0159ac2f0c251aaeb7,2,BV1mJ64BREZY,【杨博文】闭嘴跳舞丨当主舞穿上西装就会得到,Kismet丨杨博文,2026-02-01 18:31:00,595863.0,34816.0,3772.0,25139.0,4357.0,442.0,592.0,6.0,
2026-07-31 03:30:04,https://www.bilibili.com/video/BV1LiM56WEWb/?spm_id_from=333.337.search-card.all.click,3,BV1LiM56WEWb,【4K精剪】Go in Blind | 杨博文直拍 | 250816 & 250817,underthepoplar,2026-07-09 02:46:30,37058.0,6335.0,1635.0,3220.0,1637.0,79.0,66.0,1.0,
2026-07-31 03:30:04,https://www.bilibili.com/video/BV1XA6nBGEPV/?spm_id_from=333.1387.favlist.content.click,4,BV1XA6nBGEPV,【4K精剪】希区考克 作品152 | 杨博文直拍 | 260131,underthepoplar,2026-02-01 00:23:17,1932719.0,23134.0,21873.0,19603.0,17539.0,3986.0,6858.0,1.0,
2026-07-31 03:30:04,https://www.bilibili.com/video/BV1EGBCBmEo8/?spm_id_from=333.1387.favlist.content.click,5,BV1EGBCBmEo8,【杨博文｜4K高清直拍】魅魔级别的《Manta》舞台，看博文如何一yeah封神,关键时刻来瓶尖叫,2025-12-27 23:15:44,862218.0,12139.0,9503.0,10809.0,12684.0,973.0,2312.0,4.0,
2026-07-31 03:30:04,https://www.bilibili.com/video/BV1A5vkB2E1k/?spm_id_from=333.1387.favlist.content.click,6,BV1A5vkB2E1k,【杨博文】Hey Mama六机位纯舞直拍丨15岁舞台统治者的诞生，四代主舞燃炸全场！,Kismet丨杨博文,2025-12-28 22:28:16,2610271.0,62646.0,43963.0,45337.0,21664.0,13494.0,21025.0,37.0,
2026-07-31 03:30:04,https://www.bilibili.com/video/BV1EQK56xEZk/?spm_id_from=333.1387.favlist.content.click,7,BV1EQK56xEZk,【杨博文｜音乐现场】｜《全世界陪我出发》4K直拍，考核第一的大C位实在太亮眼！,关键时刻来瓶尖叫,2026-07-16 20:29:02,222930.0,9524.0,2670.0,5324.0,5634.0,10052.0,7720.0,19.0,
2026-07-31 03:30:04,https://www.bilibili.com/video/BV1JUK56tEh5/?spm_id_from=333.1387.favlist.content.click,8,BV1JUK56tEh5,【杨博文｜音乐现场】全程舒适！跟着标准答案出发不迷路｜《全世界陪我出发》4k横屏直拍,游园会_杨博文,2026-07-16 20:06:19,150344.0,7138.0,2286.0,3799.0,5068.0,1940.0,1769.0,1.0,
2026-07-31 03:30:04,https://www.bilibili.com/video/BV1kFKG6pEPe/?spm_id_from=333.1387.favlist.content.click,9,BV1kFKG6pEPe,【杨博文】夏日运动会《全世界陪我出发》4K直拍,Eternity丨杨博文,2026-07-16 19:13:38,39971.0,4663.0,709.0,2607.0,2323.0,36.0,93.0,1.0,
2026-07-31 03:30:04,bilibili.com/video/BV1M9ePzaELH/?spm_id_from=333.337.search-card.all.click,10,BV1M9ePzaELH,「杨博文｜卡拉永远OK」突发舞台事故？我怎么没看见,Astra_杨博文,2025-08-19 22:15:30,819975.0,14521.0,4636.0,9662.0,10688.0,620.0,534.0,6.0,
2026-07-31 04:00:02,https://www.bilibili.com/video/BV1jN64BKECs/?spm_id_from=333.337.search-card.all.click,0,BV1jN64BKECs,【杨博文｜4K直拍】跟着节奏一起《闭嘴跳舞》～,关键时刻来瓶尖叫,2026-02-01 20:20:32,1426548.0,25829.0,15769.0,22015.0,6749.0,2371.0,7084.0,1.0,
2026-07-31 04:00:02,https://www.bilibili.com/video/BV1Lb6tBBEYC/?spm_id_from=333.1387.favlist.content.click&vd_source=bdf775a036c61c0159ac2f0c251aaeb7,1,BV1Lb6tBBEYC,【4K精剪】闭嘴跳舞 | 杨博文直拍 | 260201,underthepoplar,2026-02-02 00:00:55,344342.0,26616.0,13951.0,18851.0,6121.0,1808.0,3037.0,1.0,
2026-07-31 04:00:02,https://www.bilibili.com/video/BV1mJ64BREZY/?spm_id_from=333.1387.favlist.content.click&vd_source=bdf775a036c61c0159ac2f0c251aaeb7,2,BV1mJ64BREZY,【杨博文】闭嘴跳舞丨当主舞穿上西装就会得到,Kismet丨杨博文,2026-02-01 18:31:00,595890.0,34816.0,3772.0,25139.0,4368.0,442.0,592.0,5.0,
2026-07-31 04:00:02,https://www.bilibili.com/video/BV1LiM56WEWb/?spm_id_from=333.337.search-card.all.click,3,BV1LiM56WEWb,【4K精剪】Go in Blind | 杨博文直拍 | 250816 & 250817,underthepoplar,2026-07-09 02:46:30,37058.0,6335.0,1635.0,3220.0,1649.0,79.0,66.0,1.0,
2026-07-31 04:00:02,https://www.bilibili.com/video/BV1XA6nBGEPV/?spm_id_from=333.1387.favlist.content.click,4,BV1XA6nBGEPV,【4K精剪】希区考克 作品152 | 杨博文直拍 | 260131,underthepoplar,2026-02-01 00:23:17,1932721.0,23134.0,21873.0,19603.0,17550.0,3986.0,6858.0,1.0,
2026-07-31 04:00:02,https://www.bilibili.com/video/BV1EGBCBmEo8/?spm_id_from=333.1387.favlist.content.click,5,BV1EGBCBmEo8,【杨博文｜4K高清直拍】魅魔级别的《Manta》舞台，看博文如何一yeah封神,关键时刻来瓶尖叫,2025-12-27 23:15:44,862380.0,12139.0,9503.0,10809.0,12684.0,973.0,2312.0,4.0,
2026-07-31 04:00:02,https://www.bilibili.com/video/BV1A5vkB2E1k/?spm_id_from=333.1387.favlist.content.click,6,BV1A5vkB2E1k,【杨博文】Hey Mama六机位纯舞直拍丨15岁舞台统治者的诞生，四代主舞燃炸全场！,Kismet丨杨博文,2025-12-28 22:28:16,2610351.0,62647.0,43963.0,45337.0,21675.0,13494.0,21025.0,37.0,
2026-07-31 04:00:02,https://www.bilibili.com/video/BV1EQK56xEZk/?spm_id_from=333.1387.favlist.content.click,7,BV1EQK56xEZk,【杨博文｜音乐现场】｜《全世界陪我出发》4K直拍，考核第一的大C位实在太亮眼！,关键时刻来瓶尖叫,2026-07-16 20:29:02,223034.0,9526.0,2670.0,5324.0,5634.0,10052.0,7720.0,20.0,
2026-07-31 04:00:02,https://www.bilibili.com/video/BV1JUK56tEh5/?spm_id_from=333.1387.favlist.content.click,8,BV1JUK56tEh5,【杨博文｜音乐现场】全程舒适！跟着标准答案出发不迷路｜《全世界陪我出发》4k横屏直拍,游园会_杨博文,2026-07-16 20:06:19,150413.0,7138.0,2286.0,3799.0,5068.0,1940.0,1769.0,1.0,
2026-07-31 04:00:02,https://www.bilibili.com/video/BV1kFKG6pEPe/?spm_id_from=333.1387.favlist.content.click,9,BV1kFKG6pEPe,【杨博文】夏日运动会《全世界陪我出发》4K直拍,Eternity丨杨博文,2026-07-16 19:13:38,39973.0,4663.0,709.0,2607.0,2323.0,36.0,93.0,1.0,
2026-07-31 04:00:02,bilibili.com/video/BV1M9ePzaELH/?spm_id_from=333.337.search-card.all.click,10,BV1M9ePzaELH,「杨博文｜卡拉永远OK」突发舞台事故？我怎么没看见,Astra_杨博文,2025-08-19 22:15:30,820004.0,14521.0,4636.0,9662.0,10688.0,620.0,534.0,5.0,
2026-07-31 04:30:01,https://www.bilibili.com/video/BV1jN64BKECs/?spm_id_from=333.337.search-card.all.click,0,BV1jN64BKECs,【杨博文｜4K直拍】跟着节奏一起《闭嘴跳舞》～,关键时刻来瓶尖叫,2026-02-01 20:20:32,1426548.0,25829.0,15769.0,22015.0,6757.0,2371.0,7084.0,1.0,
2026-07-31 04:30:01,https://www.bilibili.com/video/BV1Lb6tBBEYC/?spm_id_from=333.1387.favlist.content.click&vd_source=bdf775a036c61c0159ac2f0c251aaeb7,1,BV1Lb6tBBEYC,【4K精剪】闭嘴跳舞 | 杨博文直拍 | 260201,underthepoplar,2026-02-02 00:00:55,344344.0,26616.0,13951.0,18851.0,6130.0,1808.0,3037.0,1.0,
2026-07-31 04:30:01,https://www.bilibili.com/video/BV1mJ64BREZY/?spm_id_from=333.1387.favlist.content.click&vd_source=bdf775a036c61c0159ac2f0c251aaeb7,2,BV1mJ64BREZY,【杨博文】闭嘴跳舞丨当主舞穿上西装就会得到,Kismet丨杨博文,2026-02-01 18:31:00,595913.0,34817.0,3772.0,25139.0,4376.0,442.0,592.0,11.0,
2026-07-31 04:30:01,https://www.bilibili.com/video/BV1LiM56WEWb/?spm_id_from=333.337.search-card.all.click,3,BV1LiM56WEWb,【4K精剪】Go in Blind | 杨博文直拍 | 250816 & 250817,underthepoplar,2026-07-09 02:46:30,37058.0,6335.0,1635.0,3220.0,1656.0,79.0,66.0,1.0,
2026-07-31 04:30:01,https://www.bilibili.com/video/BV1XA6nBGEPV/?spm_id_from=333.1387.favlist.content.click,4,BV1XA6nBGEPV,【4K精剪】希区考克 作品152 | 杨博文直拍 | 260131,underthepoplar,2026-02-01 00:23:17,1932724.0,23135.0,21873.0,19603.0,17558.0,3986.0,6858.0,1.0,
2026-07-31 04:30:01,https://www.bilibili.com/video/BV1EGBCBmEo8/?spm_id_from=333.1387.favlist.content.click,5,BV1EGBCBmEo8,【杨博文｜4K高清直拍】魅魔级别的《Manta》舞台，看博文如何一yeah封神,关键时刻来瓶尖叫,2025-12-27 23:15:44,862528.0,12139.0,9503.0,10809.0,12684.0,973.0,2312.0,3.0,
2026-07-31 04:30:01,https://www.bilibili.com/video/BV1A5vkB2E1k/?spm_id_from=333.1387.favlist.content.click,6,BV1A5vkB2E1k,【杨博文】Hey Mama六机位纯舞直拍丨15岁舞台统治者的诞生，四代主舞燃炸全场！,Kismet丨杨博文,2025-12-28 22:28:16,2610432.0,62647.0,43963.0,45337.0,21682.0,13494.0,21025.0,36.0,
2026-07-31 04:30:01,https://www.bilibili.com/video/BV1EQK56xEZk/?spm_id_from=333.1387.favlist.content.click,7,BV1EQK56xEZk,【杨博文｜音乐现场】｜《全世界陪我出发》4K直拍，考核第一的大C位实在太亮眼！,关键时刻来瓶尖叫,2026-07-16 20:29:02,223123.0,9526.0,2670.0,5324.0,5634.0,10052.0,7720.0,21.0,
2026-07-31 04:30:01,https://www.bilibili.com/video/BV1JUK56tEh5/?spm_id_from=333.1387.favlist.content.click,8,BV1JUK56tEh5,【杨博文｜音乐现场】全程舒适！跟着标准答案出发不迷路｜《全世界陪我出发》4k横屏直拍,游园会_杨博文,2026-07-16 20:06:19,150479.0,7138.0,2286.0,3799.0,5068.0,1940.0,1769.0,1.0,
2026-07-31 04:30:01,https://www.bilibili.com/video/BV1kFKG6pEPe/?spm_id_from=333.1387.favlist.content.click,9,BV1kFKG6pEPe,【杨博文】夏日运动会《全世界陪我出发》4K直拍,Eternity丨杨博文,2026-07-16 19:13:38,39973.0,4663.0,709.0,2607.0,2323.0,36.0,93.0,1.0,
2026-07-31 04:30:01,bilibili.com/video/BV1M9ePzaELH/?spm_id_from=333.337.search-card.all.click,10,BV1M9ePzaELH,「杨博文｜卡拉永远OK」突发舞台事故？我怎么没看见,Astra_杨博文,2025-08-19 22:15:30,820034.0,14521.0,4636.0,9663.0,10688.0,620.0,534.0,8.0,
2026-07-31 05:00:00,https://www.bilibili.com/video/BV1jN64BKECs/?spm_id_from=333.337.search-card.all.click,0,BV1jN64BKECs,【杨博文｜4K直拍】跟着节奏一起《闭嘴跳舞》～,关键时刻来瓶尖叫,2026-02-01 20:20:32,1426553.0,25829.0,15769.0,22015.0,6757.0,2371.0,7084.0,1.0,
2026-07-31 05:00:00,https://www.bilibili.com/video/BV1Lb6tBBEYC/?spm_id_from=333.1387.favlist.content.click&vd_source=bdf775a036c61c0159ac2f0c251aaeb7,1,BV1Lb6tBBEYC,【4K精剪】闭嘴跳舞 | 杨博文直拍 | 260201,underthepoplar,2026-02-02 00:00:55,344348.0,26616.0,13951.0,18851.0,6130.0,1808.0,3037.0,1.0,
2026-07-31 05:00:00,https://www.bilibili.com/video/BV1mJ64BREZY/?spm_id_from=333.1387.favlist.content.click&vd_source=bdf775a036c61c0159ac2f0c251aaeb7,2,BV1mJ64BREZY,【杨博文】闭嘴跳舞丨当主舞穿上西装就会得到,Kismet丨杨博文,2026-02-01 18:31:00,595936.0,34817.0,3772.0,25139.0,4376.0,442.0,592.0,2.0,
2026-07-31 05:00:00,https://www.bilibili.com/video/BV1LiM56WEWb/?spm_id_from=333.337.search-card.all.click,3,BV1LiM56WEWb,【4K精剪】Go in Blind | 杨博文直拍 | 250816 & 250817,underthepoplar,2026-07-09 02:46:30,37059.0,6335.0,1635.0,3220.0,1656.0,79.0,66.0,1.0,
2026-07-31 05:00:00,https://www.bilibili.com/video/BV1XA6nBGEPV/?spm_id_from=333.1387.favlist.content.click,4,BV1XA6nBGEPV,【4K精剪】希区考克 作品152 | 杨博文直拍 | 260131,underthepoplar,2026-02-01 00:23:17,1932725.0,23135.0,21873.0,19603.0,17558.0,3986.0,6858.0,1.0,
2026-07-31 05:00:00,https://www.bilibili.com/video/BV1EGBCBmEo8/?spm_id_from=333.1387.favlist.content.click,5,BV1EGBCBmEo8,【杨博文｜4K高清直拍】魅魔级别的《Manta》舞台，看博文如何一yeah封神,关键时刻来瓶尖叫,2025-12-27 23:15:44,862663.0,12139.0,9503.0,10809.0,12684.0,973.0,2312.0,2.0,
2026-07-31 05:00:00,https://www.bilibili.com/video/BV1A5vkB2E1k/?spm_id_from=333.1387.favlist.content.click,6,BV1A5vkB2E1k,【杨博文】Hey Mama六机位纯舞直拍丨15岁舞台统治者的诞生，四代主舞燃炸全场！,Kismet丨杨博文,2025-12-28 22:28:16,2610519.0,62648.0,43963.0,45337.0,21682.0,13494.0,21025.0,37.0,
2026-07-31 05:00:00,https://www.bilibili.com/video/BV1EQK56xEZk/?spm_id_from=333.1387.favlist.content.click,7,BV1EQK56xEZk,【杨博文｜音乐现场】｜《全世界陪我出发》4K直拍，考核第一的大C位实在太亮眼！,关键时刻来瓶尖叫,2026-07-16 20:29:02,223227.0,9527.0,2672.0,5325.0,5634.0,10052.0,7720.0,18.0,
2026-07-31 05:00:00,https://www.bilibili.com/video/BV1JUK56tEh5/?spm_id_from=333.1387.favlist.content.click,8,BV1JUK56tEh5,【杨博文｜音乐现场】全程舒适！跟着标准答案出发不迷路｜《全世界陪我出发》4k横屏直拍,游园会_杨博文,2026-07-16 20:06:19,150548.0,7140.0,2288.0,3799.0,5068.0,1940.0,1769.0,1.0,
2026-07-31 05:00:00,https://www.bilibili.com/video/BV1kFKG6pEPe/?spm_id_from=333.1387.favlist.content.click,9,BV1kFKG6pEPe,【杨博文】夏日运动会《全世界陪我出发》4K直拍,Eternity丨杨博文,2026-07-16 19:13:38,39975.0,4663.0,709.0,2607.0,2323.0,36.0,93.0,1.0,
2026-07-31 05:00:00,bilibili.com/video/BV1M9ePzaELH/?spm_id_from=333.337.search-card.all.click,10,BV1M9ePzaELH,「杨博文｜卡拉永远OK」突发舞台事故？我怎么没看见,Astra_杨博文,2025-08-19 22:15:30,820062.0,14521.0,4636.0,9663.0,10688.0,620.0,534.0,5.0,
2026-07-31 05:30:00,https://www.bilibili.com/video/BV1jN64BKECs/?spm_id_from=333.337.search-card.all.click,0,BV1jN64BKECs,【杨博文｜4K直拍】跟着节奏一起《闭嘴跳舞》～,关键时刻来瓶尖叫,2026-02-01 20:20:32,1426554.0,25829.0,15769.0,22015.0,6758.0,2371.0,7084.0,1.0,
2026-07-31 05:30:00,https://www.bilibili.com/video/BV1Lb6tBBEYC/?spm_id_from=333.1387.favlist.content.click&vd_source=bdf775a036c61c0159ac2f0c251aaeb7,1,BV1Lb6tBBEYC,【4K精剪】闭嘴跳舞 | 杨博文直拍 | 260201,underthepoplar,2026-02-02 00:00:55,344353.0,26617.0,13951.0,18851.0,6130.0,1808.0,3037.0,1.0,
2026-07-31 05:30:00,https://www.bilibili.com/video/BV1mJ64BREZY/?spm_id_from=333.1387.favlist.content.click&vd_source=bdf775a036c61c0159ac2f0c251aaeb7,2,BV1mJ64BREZY,【杨博文】闭嘴跳舞丨当主舞穿上西装就会得到,Kismet丨杨博文,2026-02-01 18:31:00,595945.0,34817.0,3772.0,25139.0,4376.0,442.0,592.0,4.0,
2026-07-31 05:30:00,https://www.bilibili.com/video/BV1LiM56WEWb/?spm_id_from=333.337.search-card.all.click,3,BV1LiM56WEWb,【4K精剪】Go in Blind | 杨博文直拍 | 250816 & 250817,underthepoplar,2026-07-09 02:46:30,37060.0,6336.0,1635.0,3221.0,1656.0,79.0,66.0,1.0,
2026-07-31 05:30:00,https://www.bilibili.com/video/BV1XA6nBGEPV/?spm_id_from=333.1387.favlist.content.click,4,BV1XA6nBGEPV,【4K精剪】希区考克 作品152 | 杨博文直拍 | 260131,underthepoplar,2026-02-01 00:23:17,1932727.0,23135.0,21873.0,19603.0,17559.0,3986.0,6858.0,1.0,
2026-07-31 05:30:00,https://www.bilibili.com/video/BV1EGBCBmEo8/?spm_id_from=333.1387.favlist.content.click,5,BV1EGBCBmEo8,【杨博文｜4K高清直拍】魅魔级别的《Manta》舞台，看博文如何一yeah封神,关键时刻来瓶尖叫,2025-12-27 23:15:44,862771.0,12139.0,9503.0,10809.0,12684.0,973.0,2312.0,2.0,
2026-07-31 05:30:00,https://www.bilibili.com/video/BV1A5vkB2E1k/?spm_id_from=333.1387.favlist.content.click,6,BV1A5vkB2E1k,【杨博文】Hey Mama六机位纯舞直拍丨15岁舞台统治者的诞生，四代主舞燃炸全场！,Kismet丨杨博文,2025-12-28 22:28:16,2610601.0,62648.0,43963.0,45337.0,21683.0,13494.0,21025.0,35.0,
2026-07-31 05:30:00,https://www.bilibili.com/video/BV1EQK56xEZk/?spm_id_from=333.1387.favlist.content.click,7,BV1EQK56xEZk,【杨博文｜音乐现场】｜《全世界陪我出发》4K直拍，考核第一的大C位实在太亮眼！,关键时刻来瓶尖叫,2026-07-16 20:29:02,223308.0,9527.0,2672.0,5325.0,5634.0,10052.0,7720.0,14.0,
2026-07-31 05:30:00,https://www.bilibili.com/video/BV1JUK56tEh5/?spm_id_from=333.1387.favlist.content.click,8,BV1JUK56tEh5,【杨博文｜音乐现场】全程舒适！跟着标准答案出发不迷路｜《全世界陪我出发》4k横屏直拍,游园会_杨博文,2026-07-16 20:06:19,150613.0,7141.0,2288.0,3800.0,5068.0,1940.0,1769.0,1.0,
2026-07-31 05:30:00,https://www.bilibili.com/video/BV1kFKG6pEPe/?spm_id_from=333.1387.favlist.content.click,9,BV1kFKG6pEPe,【杨博文】夏日运动会《全世界陪我出发》4K直拍,Eternity丨杨博文,2026-07-16 19:13:38,39975.0,4663.0,709.0,2607.0,2323.0,36.0,93.0,1.0,
2026-07-31 05:30:00,bilibili.com/video/BV1M9ePzaELH/?spm_id_from=333.337.search-card.all.click,10,BV1M9ePzaELH,「杨博文｜卡拉永远OK」突发舞台事故？我怎么没看见,Astra_杨博文,2025-08-19 22:15:30,820081.0,14521.0,4636.0,9663.0,10688.0,620.0,534.0,5.0,
2026-07-31 06:00:09,https://www.bilibili.com/video/BV1jN64BKECs/?spm_id_from=333.337.search-card.all.click,0,BV1jN64BKECs,【杨博文｜4K直拍】跟着节奏一起《闭嘴跳舞》～,关键时刻来瓶尖叫,2026-02-01 20:20:32,1426555.0,25829.0,15769.0,22015.0,6769.0,2371.0,7084.0,1.0,
2026-07-31 06:00:09,https://www.bilibili.com/video/BV1Lb6tBBEYC/?spm_id_from=333.1387.favlist.content.click&vd_source=bdf775a036c61c0159ac2f0c251aaeb7,1,BV1Lb6tBBEYC,【4K精剪】闭嘴跳舞 | 杨博文直拍 | 260201,underthepoplar,2026-02-02 00:00:55,344358.0,26619.0,13951.0,18851.0,6142.0,1808.0,3037.0,1.0,
2026-07-31 06:00:09,https://www.bilibili.com/video/BV1mJ64BREZY/?spm_id_from=333.1387.favlist.content.click&vd_source=bdf775a036c61c0159ac2f0c251aaeb7,2,BV1mJ64BREZY,【杨博文】闭嘴跳舞丨当主舞穿上西装就会得到,Kismet丨杨博文,2026-02-01 18:31:00,595955.0,34817.0,3772.0,25139.0,4388.0,442.0,592.0,5.0,
2026-07-31 06:00:09,https://www.bilibili.com/video/BV1LiM56WEWb/?spm_id_from=333.337.search-card.all.click,3,BV1LiM56WEWb,【4K精剪】Go in Blind | 杨博文直拍 | 250816 & 250817,underthepoplar,2026-07-09 02:46:30,37060.0,6336.0,1635.0,3221.0,1668.0,79.0,66.0,1.0,
2026-07-31 06:00:09,https://www.bilibili.com/video/BV1XA6nBGEPV/?spm_id_from=333.1387.favlist.content.click,4,BV1XA6nBGEPV,【4K精剪】希区考克 作品152 | 杨博文直拍 | 260131,underthepoplar,2026-02-01 00:23:17,1932730.0,23135.0,21873.0,19603.0,17569.0,3986.0,6858.0,1.0,
2026-07-31 06:00:09,https://www.bilibili.com/video/BV1EGBCBmEo8/?spm_id_from=333.1387.favlist.content.click,5,BV1EGBCBmEo8,【杨博文｜4K高清直拍】魅魔级别的《Manta》舞台，看博文如何一yeah封神,关键时刻来瓶尖叫,2025-12-27 23:15:44,862868.0,12139.0,9503.0,10809.0,12684.0,973.0,2312.0,3.0,
2026-07-31 06:00:09,https://www.bilibili.com/video/BV1A5vkB2E1k/?spm_id_from=333.1387.favlist.content.click,6,BV1A5vkB2E1k,【杨博文】Hey Mama六机位纯舞直拍丨15岁舞台统治者的诞生，四代主舞燃炸全场！,Kismet丨杨博文,2025-12-28 22:28:16,2610667.0,62648.0,43963.0,45337.0,21695.0,13494.0,21025.0,35.0,
2026-07-31 06:00:09,https://www.bilibili.com/video/BV1EQK56xEZk/?spm_id_from=333.1387.favlist.content.click,7,BV1EQK56xEZk,【杨博文｜音乐现场】｜《全世界陪我出发》4K直拍，考核第一的大C位实在太亮眼！,关键时刻来瓶尖叫,2026-07-16 20:29:02,223388.0,9527.0,2672.0,5325.0,5634.0,10052.0,7720.0,15.0,
2026-07-31 06:00:09,https://www.bilibili.com/video/BV1JUK56tEh5/?spm_id_from=333.1387.favlist.content.click,8,BV1JUK56tEh5,【杨博文｜音乐现场】全程舒适！跟着标准答案出发不迷路｜《全世界陪我出发》4k横屏直拍,游园会_杨博文,2026-07-16 20:06:19,150663.0,7141.0,2288.0,3800.0,5068.0,1940.0,1769.0,1.0,
2026-07-31 06:00:09,https://www.bilibili.com/video/BV1kFKG6pEPe/?spm_id_from=333.1387.favlist.content.click,9,BV1kFKG6pEPe,【杨博文】夏日运动会《全世界陪我出发》4K直拍,Eternity丨杨博文,2026-07-16 19:13:38,39977.0,4663.0,709.0,2607.0,2323.0,36.0,93.0,1.0,
2026-07-31 06:00:09,bilibili.com/video/BV1M9ePzaELH/?spm_id_from=333.337.search-card.all.click,10,BV1M9ePzaELH,「杨博文｜卡拉永远OK」突发舞台事故？我怎么没看见,Astra_杨博文,2025-08-19 22:15:30,820097.0,14521.0,4636.0,9663.0,10688.0,620.0,534.0,3.0,
2026-07-31 06:30:08,https://www.bilibili.com/video/BV1jN64BKECs/?spm_id_from=333.337.search-card.all.click,0,BV1jN64BKECs,【杨博文｜4K直拍】跟着节奏一起《闭嘴跳舞》～,关键时刻来瓶尖叫,2026-02-01 20:20:32,1426556.0,25830.0,15769.0,22015.0,6782.0,2371.0,7084.0,1.0,
2026-07-31 06:30:08,https://www.bilibili.com/video/BV1Lb6tBBEYC/?spm_id_from=333.1387.favlist.content.click&vd_source=bdf775a036c61c0159ac2f0c251aaeb7,1,BV1Lb6tBBEYC,【4K精剪】闭嘴跳舞 | 杨博文直拍 | 260201,underthepoplar,2026-02-02 00:00:55,344360.0,26619.0,13951.0,18851.0,6154.0,1808.0,3037.0,1.0,
2026-07-31 06:30:08,https://www.bilibili.com/video/BV1mJ64BREZY/?spm_id_from=333.1387.favlist.content.click&vd_source=bdf775a036c61c0159ac2f0c251aaeb7,2,BV1mJ64BREZY,【杨博文】闭嘴跳舞丨当主舞穿上西装就会得到,Kismet丨杨博文,2026-02-01 18:31:00,595963.0,34817.0,3772.0,25139.0,4400.0,442.0,592.0,3.0,
2026-07-31 06:30:08,https://www.bilibili.com/video/BV1LiM56WEWb/?spm_id_from=333.337.search-card.all.click,3,BV1LiM56WEWb,【4K精剪】Go in Blind | 杨博文直拍 | 250816 & 250817,underthepoplar,2026-07-09 02:46:30,37061.0,6336.0,1635.0,3221.0,1682.0,79.0,66.0,1.0,
2026-07-31 06:30:08,https://www.bilibili.com/video/BV1XA6nBGEPV/?spm_id_from=333.1387.favlist.content.click,4,BV1XA6nBGEPV,【4K精剪】希区考克 作品152 | 杨博文直拍 | 260131,underthepoplar,2026-02-01 00:23:17,1932731.0,23135.0,21873.0,19603.0,17583.0,3986.0,6858.0,1.0,
2026-07-31 06:30:08,https://www.bilibili.com/video/BV1EGBCBmEo8/?spm_id_from=333.1387.favlist.content.click,5,BV1EGBCBmEo8,【杨博文｜4K高清直拍】魅魔级别的《Manta》舞台，看博文如何一yeah封神,关键时刻来瓶尖叫,2025-12-27 23:15:44,862961.0,12139.0,9503.0,10809.0,12684.0,973.0,2312.0,4.0,
2026-07-31 06:30:08,https://www.bilibili.com/video/BV1A5vkB2E1k/?spm_id_from=333.1387.favlist.content.click,6,BV1A5vkB2E1k,【杨博文】Hey Mama六机位纯舞直拍丨15岁舞台统治者的诞生，四代主舞燃炸全场！,Kismet丨杨博文,2025-12-28 22:28:16,2610733.0,62648.0,43963.0,45337.0,21707.0,13494.0,21025.0,33.0,
2026-07-31 06:30:08,https://www.bilibili.com/video/BV1EQK56xEZk/?spm_id_from=333.1387.favlist.content.click,7,BV1EQK56xEZk,【杨博文｜音乐现场】｜《全世界陪我出发》4K直拍，考核第一的大C位实在太亮眼！,关键时刻来瓶尖叫,2026-07-16 20:29:02,223449.0,9527.0,2672.0,5325.0,5634.0,10052.0,7720.0,13.0,
2026-07-31 06:30:08,https://www.bilibili.com/video/BV1JUK56tEh5/?spm_id_from=333.1387.favlist.content.click,8,BV1JUK56tEh5,【杨博文｜音乐现场】全程舒适！跟着标准答案出发不迷路｜《全世界陪我出发》4k横屏直拍,游园会_杨博文,2026-07-16 20:06:19,150712.0,7141.0,2288.0,3800.0,5068.0,1940.0,1769.0,1.0,
2026-07-31 06:30:08,https://www.bilibili.com/video/BV1kFKG6pEPe/?spm_id_from=333.1387.favlist.content.click,9,BV1kFKG6pEPe,【杨博文】夏日运动会《全世界陪我出发》4K直拍,Eternity丨杨博文,2026-07-16 19:13:38,39977.0,4663.0,709.0,2607.0,2323.0,36.0,93.0,1.0,
2026-07-31 06:30:08,bilibili.com/video/BV1M9ePzaELH/?spm_id_from=333.337.search-card.all.click,10,BV1M9ePzaELH,「杨博文｜卡拉永远OK」突发舞台事故？我怎么没看见,Astra_杨博文,2025-08-19 22:15:30,820113.0,14521.0,4636.0,9663.0,10688.0,620.0,534.0,2.0,
2026-07-31 07:00:08,https://www.bilibili.com/video/BV1jN64BKECs/?spm_id_from=333.337.search-card.all.click,0,BV1jN64BKECs,【杨博文｜4K直拍】跟着节奏一起《闭嘴跳舞》～,关键时刻来瓶尖叫,2026-02-01 20:20:32,1426556.0,25830.0,15769.0,22015.0,6791.0,2371.0,7084.0,1.0,
2026-07-31 07:00:08,https://www.bilibili.com/video/BV1Lb6tBBEYC/?spm_id_from=333.1387.favlist.content.click&vd_source=bdf775a036c61c0159ac2f0c251aaeb7,1,BV1Lb6tBBEYC,【4K精剪】闭嘴跳舞 | 杨博文直拍 | 260201,underthepoplar,2026-02-02 00:00:55,344367.0,26619.0,13951.0,18851.0,6164.0,1808.0,3037.0,1.0,
2026-07-31 07:00:08,https://www.bilibili.com/video/BV1mJ64BREZY/?spm_id_from=333.1387.favlist.content.click&vd_source=bdf775a036c61c0159ac2f0c251aaeb7,2,BV1mJ64BREZY,【杨博文】闭嘴跳舞丨当主舞穿上西装就会得到,Kismet丨杨博文,2026-02-01 18:31:00,595973.0,34817.0,3772.0,25139.0,4411.0,442.0,592.0,1.0,
2026-07-31 07:00:08,https://www.bilibili.com/video/BV1LiM56WEWb/?spm_id_from=333.337.search-card.all.click,3,BV1LiM56WEWb,【4K精剪】Go in Blind | 杨博文直拍 | 250816 & 250817,underthepoplar,2026-07-09 02:46:30,37062.0,6336.0,1635.0,3221.0,1691.0,79.0,66.0,1.0,
2026-07-31 07:00:08,https://www.bilibili.com/video/BV1XA6nBGEPV/?spm_id_from=333.1387.favlist.content.click,4,BV1XA6nBGEPV,【4K精剪】希区考克 作品152 | 杨博文直拍 | 260131,underthepoplar,2026-02-01 00:23:17,1932732.0,23135.0,21873.0,19603.0,17593.0,3986.0,6858.0,1.0,
2026-07-31 07:00:08,https://www.bilibili.com/video/BV1EGBCBmEo8/?spm_id_from=333.1387.favlist.content.click,5,BV1EGBCBmEo8,【杨博文｜4K高清直拍】魅魔级别的《Manta》舞台，看博文如何一yeah封神,关键时刻来瓶尖叫,2025-12-27 23:15:44,863045.0,12139.0,9503.0,10810.0,12684.0,973.0,2312.0,1.0,
2026-07-31 07:00:08,https://www.bilibili.com/video/BV1A5vkB2E1k/?spm_id_from=333.1387.favlist.content.click,6,BV1A5vkB2E1k,【杨博文】Hey Mama六机位纯舞直拍丨15岁舞台统治者的诞生，四代主舞燃炸全场！,Kismet丨杨博文,2025-12-28 22:28:16,2610801.0,62649.0,43963.0,45338.0,21717.0,13494.0,21025.0,31.0,
2026-07-31 07:00:08,https://www.bilibili.com/video/BV1EQK56xEZk/?spm_id_from=333.1387.favlist.content.click,7,BV1EQK56xEZk,【杨博文｜音乐现场】｜《全世界陪我出发》4K直拍，考核第一的大C位实在太亮眼！,关键时刻来瓶尖叫,2026-07-16 20:29:02,223518.0,9528.0,2672.0,5326.0,5634.0,10052.0,7720.0,11.0,
2026-07-31 07:00:08,https://www.bilibili.com/video/BV1JUK56tEh5/?spm_id_from=333.1387.favlist.content.click,8,BV1JUK56tEh5,【杨博文｜音乐现场】全程舒适！跟着标准答案出发不迷路｜《全世界陪我出发》4k横屏直拍,游园会_杨博文,2026-07-16 20:06:19,150760.0,7141.0,2288.0,3800.0,5068.0,1940.0,1769.0,1.0,
2026-07-31 07:00:08,https://www.bilibili.com/video/BV1kFKG6pEPe/?spm_id_from=333.1387.favlist.content.click,9,BV1kFKG6pEPe,【杨博文】夏日运动会《全世界陪我出发》4K直拍,Eternity丨杨博文,2026-07-16 19:13:38,39978.0,4663.0,709.0,2607.0,2323.0,36.0,93.0,1.0,
2026-07-31 07:00:08,bilibili.com/video/BV1M9ePzaELH/?spm_id_from=333.337.search-card.all.click,10,BV1M9ePzaELH,「杨博文｜卡拉永远OK」突发舞台事故？我怎么没看见,Astra_杨博文,2025-08-19 22:15:30,820130.0,14521.0,4636.0,9663.0,10688.0,620.0,534.0,1.0,
2026-07-31 07:30:07,https://www.bilibili.com/video/BV1jN64BKECs/?spm_id_from=333.337.search-card.all.click,0,BV1jN64BKECs,【杨博文｜4K直拍】跟着节奏一起《闭嘴跳舞》～,关键时刻来瓶尖叫,2026-02-01 20:20:32,1426556.0,25830.0,15769.0,22015.0,6793.0,2371.0,7084.0,1.0,
2026-07-31 07:30:07,https://www.bilibili.com/video/BV1Lb6tBBEYC/?spm_id_from=333.1387.favlist.content.click&vd_source=bdf775a036c61c0159ac2f0c251aaeb7,1,BV1Lb6tBBEYC,【4K精剪】闭嘴跳舞 | 杨博文直拍 | 260201,underthepoplar,2026-02-02 00:00:55,344379.0,26619.0,13951.0,18851.0,6166.0,1808.0,3037.0,1.0,
2026-07-31 07:30:07,https://www.bilibili.com/video/BV1mJ64BREZY/?spm_id_from=333.1387.favlist.content.click&vd_source=bdf775a036c61c0159ac2f0c251aaeb7,2,BV1mJ64BREZY,【杨博文】闭嘴跳舞丨当主舞穿上西装就会得到,Kismet丨杨博文,2026-02-01 18:31:00,595986.0,34817.0,3772.0,25139.0,4412.0,442.0,592.0,2.0,
2026-07-31 07:30:07,https://www.bilibili.com/video/BV1LiM56WEWb/?spm_id_from=333.337.search-card.all.click,3,BV1LiM56WEWb,【4K精剪】Go in Blind | 杨博文直拍 | 250816 & 250817,underthepoplar,2026-07-09 02:46:30,37065.0,6337.0,1635.0,3221.0,1693.0,79.0,66.0,1.0,
2026-07-31 07:30:07,https://www.bilibili.com/video/BV1XA6nBGEPV/?spm_id_from=333.1387.favlist.content.click,4,BV1XA6nBGEPV,【4K精剪】希区考克 作品152 | 杨博文直拍 | 260131,underthepoplar,2026-02-01 00:23:17,1932736.0,23135.0,21873.0,19603.0,17594.0,3986.0,6858.0,1.0,
2026-07-31 07:30:07,https://www.bilibili.com/video/BV1EGBCBmEo8/?spm_id_from=333.1387.favlist.content.click,5,BV1EGBCBmEo8,【杨博文｜4K高清直拍】魅魔级别的《Manta》舞台，看博文如何一yeah封神,关键时刻来瓶尖叫,2025-12-27 23:15:44,863159.0,12139.0,9503.0,10809.0,12684.0,973.0,2312.0,1.0,
2026-07-31 07:30:07,https://www.bilibili.com/video/BV1A5vkB2E1k/?spm_id_from=333.1387.favlist.content.click,6,BV1A5vkB2E1k,【杨博文】Hey Mama六机位纯舞直拍丨15岁舞台统治者的诞生，四代主舞燃炸全场！,Kismet丨杨博文,2025-12-28 22:28:16,2610884.0,62650.0,43963.0,45337.0,21718.0,13494.0,21032.0,31.0,
2026-07-31 07:30:07,https://www.bilibili.com/video/BV1EQK56xEZk/?spm_id_from=333.1387.favlist.content.click,7,BV1EQK56xEZk,【杨博文｜音乐现场】｜《全世界陪我出发》4K直拍，考核第一的大C位实在太亮眼！,关键时刻来瓶尖叫,2026-07-16 20:29:02,223615.0,9529.0,2672.0,5325.0,5634.0,10052.0,7720.0,14.0,
2026-07-31 07:30:07,https://www.bilibili.com/video/BV1JUK56tEh5/?spm_id_from=333.1387.favlist.content.click,8,BV1JUK56tEh5,【杨博文｜音乐现场】全程舒适！跟着标准答案出发不迷路｜《全世界陪我出发》4k横屏直拍,游园会_杨博文,2026-07-16 20:06:19,150819.0,7141.0,2288.0,3799.0,5068.0,1940.0,1769.0,1.0,
2026-07-31 07:30:07,https://www.bilibili.com/video/BV1kFKG6pEPe/?spm_id_from=333.1387.favlist.content.click,9,BV1kFKG6pEPe,【杨博文】夏日运动会《全世界陪我出发》4K直拍,Eternity丨杨博文,2026-07-16 19:13:38,39978.0,4663.0,709.0,2607.0,2323.0,36.0,93.0,1.0,
2026-07-31 07:30:07,bilibili.com/video/BV1M9ePzaELH/?spm_id_from=333.337.search-card.all.click,10,BV1M9ePzaELH,「杨博文｜卡拉永远OK」突发舞台事故？我怎么没看见,Astra_杨博文,2025-08-19 22:15:30,820153.0,14521.0,4636.0,9664.0,10688.0,620.0,534.0,2.0,
2026-07-31 08:00:06,https://www.bilibili.com/video/BV1jN64BKECs/?spm_id_from=333.337.search-card.all.click,0,BV1jN64BKECs,【杨博文｜4K直拍】跟着节奏一起《闭嘴跳舞》～,关键时刻来瓶尖叫,2026-02-01 20:20:32,1426557.0,25830.0,15769.0,22015.0,6794.0,2371.0,7084.0,1.0,
2026-07-31 08:00:06,https://www.bilibili.com/video/BV1Lb6tBBEYC/?spm_id_from=333.1387.favlist.content.click&vd_source=bdf775a036c61c0159ac2f0c251aaeb7,1,BV1Lb6tBBEYC,【4K精剪】闭嘴跳舞 | 杨博文直拍 | 260201,underthepoplar,2026-02-02 00:00:55,344398.0,26619.0,13951.0,18851.0,6166.0,1808.0,3037.0,1.0,
2026-07-31 08:00:06,https://www.bilibili.com/video/BV1mJ64BREZY/?spm_id_from=333.1387.favlist.content.click&vd_source=bdf775a036c61c0159ac2f0c251aaeb7,2,BV1mJ64BREZY,【杨博文】闭嘴跳舞丨当主舞穿上西装就会得到,Kismet丨杨博文,2026-02-01 18:31:00,596005.0,34817.0,3772.0,25139.0,4412.0,442.0,592.0,2.0,
2026-07-31 08:00:06,https://www.bilibili.com/video/BV1LiM56WEWb/?spm_id_from=333.337.search-card.all.click,3,BV1LiM56WEWb,【4K精剪】Go in Blind | 杨博文直拍 | 250816 & 250817,underthepoplar,2026-07-09 02:46:30,37066.0,6338.0,1635.0,3221.0,1693.0,79.0,66.0,1.0,
2026-07-31 08:00:06,https://www.bilibili.com/video/BV1XA6nBGEPV/?spm_id_from=333.1387.favlist.content.click,4,BV1XA6nBGEPV,【4K精剪】希区考克 作品152 | 杨博文直拍 | 260131,underthepoplar,2026-02-01 00:23:17,1932738.0,23135.0,21873.0,19603.0,17594.0,3986.0,6858.0,1.0,
2026-07-31 08:00:06,https://www.bilibili.com/video/BV1EGBCBmEo8/?spm_id_from=333.1387.favlist.content.click,5,BV1EGBCBmEo8,【杨博文｜4K高清直拍】魅魔级别的《Manta》舞台，看博文如何一yeah封神,关键时刻来瓶尖叫,2025-12-27 23:15:44,863296.0,12139.0,9503.0,10809.0,12684.0,973.0,2312.0,2.0,
2026-07-31 08:00:06,https://www.bilibili.com/video/BV1A5vkB2E1k/?spm_id_from=333.1387.favlist.content.click,6,BV1A5vkB2E1k,【杨博文】Hey Mama六机位纯舞直拍丨15岁舞台统治者的诞生，四代主舞燃炸全场！,Kismet丨杨博文,2025-12-28 22:28:16,2610981.0,62650.0,43963.0,45337.0,21719.0,13494.0,21032.0,34.0,
2026-07-31 08:00:06,https://www.bilibili.com/video/BV1EQK56xEZk/?spm_id_from=333.1387.favlist.content.click,7,BV1EQK56xEZk,【杨博文｜音乐现场】｜《全世界陪我出发》4K直拍，考核第一的大C位实在太亮眼！,关键时刻来瓶尖叫,2026-07-16 20:29:02,223718.0,9529.0,2672.0,5325.0,5634.0,10052.0,7720.0,14.0,
2026-07-31 08:00:06,https://www.bilibili.com/video/BV1JUK56tEh5/?spm_id_from=333.1387.favlist.content.click,8,BV1JUK56tEh5,【杨博文｜音乐现场】全程舒适！跟着标准答案出发不迷路｜《全世界陪我出发》4k横屏直拍,游园会_杨博文,2026-07-16 20:06:19,150896.0,7142.0,2288.0,3799.0,5068.0,1940.0,1769.0,1.0,
2026-07-31 08:00:06,https://www.bilibili.com/video/BV1kFKG6pEPe/?spm_id_from=333.1387.favlist.content.click,9,BV1kFKG6pEPe,【杨博文】夏日运动会《全世界陪我出发》4K直拍,Eternity丨杨博文,2026-07-16 19:13:38,39979.0,4664.0,709.0,2607.0,2323.0,36.0,93.0,1.0,
2026-07-31 08:00:06,bilibili.com/video/BV1M9ePzaELH/?spm_id_from=333.337.search-card.all.click,10,BV1M9ePzaELH,「杨博文｜卡拉永远OK」突发舞台事故？我怎么没看见,Astra_杨博文,2025-08-19 22:15:30,820181.0,14521.0,4636.0,9664.0,10688.0,620.0,534.0,2.0,
2026-07-31 08:30:05,https://www.bilibili.com/video/BV1jN64BKECs/?spm_id_from=333.337.search-card.all.click,0,BV1jN64BKECs,【杨博文｜4K直拍】跟着节奏一起《闭嘴跳舞》～,关键时刻来瓶尖叫,2026-02-01 20:20:32,1426567.0,25831.0,15769.0,22016.0,6802.0,2371.0,7084.0,2.0,
2026-07-31 08:30:05,https://www.bilibili.com/video/BV1Lb6tBBEYC/?spm_id_from=333.1387.favlist.content.click&vd_source=bdf775a036c61c0159ac2f0c251aaeb7,1,BV1Lb6tBBEYC,【4K精剪】闭嘴跳舞 | 杨博文直拍 | 260201,underthepoplar,2026-02-02 00:00:55,344432.0,26625.0,13953.0,18854.0,6175.0,1808.0,3037.0,2.0,
2026-07-31 08:30:05,https://www.bilibili.com/video/BV1mJ64BREZY/?spm_id_from=333.1387.favlist.content.click&vd_source=bdf775a036c61c0159ac2f0c251aaeb7,2,BV1mJ64BREZY,【杨博文】闭嘴跳舞丨当主舞穿上西装就会得到,Kismet丨杨博文,2026-02-01 18:31:00,596038.0,34817.0,3772.0,25139.0,4420.0,442.0,592.0,5.0,
2026-07-31 08:30:05,https://www.bilibili.com/video/BV1LiM56WEWb/?spm_id_from=333.337.search-card.all.click,3,BV1LiM56WEWb,【4K精剪】Go in Blind | 杨博文直拍 | 250816 & 250817,underthepoplar,2026-07-09 02:46:30,37071.0,6338.0,1635.0,3222.0,1702.0,79.0,66.0,1.0,
2026-07-31 08:30:05,https://www.bilibili.com/video/BV1XA6nBGEPV/?spm_id_from=333.1387.favlist.content.click,4,BV1XA6nBGEPV,【4K精剪】希区考克 作品152 | 杨博文直拍 | 260131,underthepoplar,2026-02-01 00:23:17,1932739.0,23135.0,21873.0,19603.0,17603.0,3986.0,6858.0,1.0,
2026-07-31 08:30:05,https://www.bilibili.com/video/BV1EGBCBmEo8/?spm_id_from=333.1387.favlist.content.click,5,BV1EGBCBmEo8,【杨博文｜4K高清直拍】魅魔级别的《Manta》舞台，看博文如何一yeah封神,关键时刻来瓶尖叫,2025-12-27 23:15:44,863448.0,12139.0,9503.0,10810.0,12684.0,973.0,2312.0,3.0,
2026-07-31 08:30:05,https://www.bilibili.com/video/BV1A5vkB2E1k/?spm_id_from=333.1387.favlist.content.click,6,BV1A5vkB2E1k,【杨博文】Hey Mama六机位纯舞直拍丨15岁舞台统治者的诞生，四代主舞燃炸全场！,Kismet丨杨博文,2025-12-28 22:28:16,2611083.0,62650.0,43963.0,45338.0,21728.0,13494.0,21032.0,39.0,
2026-07-31 08:30:05,https://www.bilibili.com/video/BV1EQK56xEZk/?spm_id_from=333.1387.favlist.content.click,7,BV1EQK56xEZk,【杨博文｜音乐现场】｜《全世界陪我出发》4K直拍，考核第一的大C位实在太亮眼！,关键时刻来瓶尖叫,2026-07-16 20:29:02,223853.0,9531.0,2672.0,5328.0,5634.0,10052.0,7720.0,17.0,
2026-07-31 08:30:05,https://www.bilibili.com/video/BV1JUK56tEh5/?spm_id_from=333.1387.favlist.content.click,8,BV1JUK56tEh5,【杨博文｜音乐现场】全程舒适！跟着标准答案出发不迷路｜《全世界陪我出发》4k横屏直拍,游园会_杨博文,2026-07-16 20:06:19,150974.0,7142.0,2288.0,3801.0,5068.0,1940.0,1769.0,1.0,
2026-07-31 08:30:05,https://www.bilibili.com/video/BV1kFKG6pEPe/?spm_id_from=333.1387.favlist.content.click,9,BV1kFKG6pEPe,【杨博文】夏日运动会《全世界陪我出发》4K直拍,Eternity丨杨博文,2026-07-16 19:13:38,39982.0,4666.0,709.0,2608.0,2323.0,36.0,93.0,1.0,
2026-07-31 08:30:05,bilibili.com/video/BV1M9ePzaELH/?spm_id_from=333.337.search-card.all.click,10,BV1M9ePzaELH,「杨博文｜卡拉永远OK」突发舞台事故？我怎么没看见,Astra_杨博文,2025-08-19 22:15:30,820222.0,14521.0,4636.0,9664.0,10688.0,620.0,534.0,4.0,
2026-07-31 09:00:05,https://www.bilibili.com/video/BV1jN64BKECs/?spm_id_from=333.337.search-card.all.click,0,BV1jN64BKECs,【杨博文｜4K直拍】跟着节奏一起《闭嘴跳舞》～,关键时刻来瓶尖叫,2026-02-01 20:20:32,1426576.0,25831.0,15769.0,22016.0,6815.0,2371.0,7084.0,2.0,
2026-07-31 09:00:05,https://www.bilibili.com/video/BV1Lb6tBBEYC/?spm_id_from=333.1387.favlist.content.click&vd_source=bdf775a036c61c0159ac2f0c251aaeb7,1,BV1Lb6tBBEYC,【4K精剪】闭嘴跳舞 | 杨博文直拍 | 260201,underthepoplar,2026-02-02 00:00:55,344463.0,26627.0,13954.0,18854.0,6187.0,1808.0,3037.0,3.0,
2026-07-31 09:00:05,https://www.bilibili.com/video/BV1mJ64BREZY/?spm_id_from=333.1387.favlist.content.click&vd_source=bdf775a036c61c0159ac2f0c251aaeb7,2,BV1mJ64BREZY,【杨博文】闭嘴跳舞丨当主舞穿上西装就会得到,Kismet丨杨博文,2026-02-01 18:31:00,596076.0,34817.0,3772.0,25139.0,4434.0,442.0,592.0,5.0,
2026-07-31 09:00:05,https://www.bilibili.com/video/BV1LiM56WEWb/?spm_id_from=333.337.search-card.all.click,3,BV1LiM56WEWb,【4K精剪】Go in Blind | 杨博文直拍 | 250816 & 250817,underthepoplar,2026-07-09 02:46:30,37077.0,6338.0,1635.0,3222.0,1715.0,79.0,66.0,1.0,
2026-07-31 09:00:05,https://www.bilibili.com/video/BV1XA6nBGEPV/?spm_id_from=333.1387.favlist.content.click,4,BV1XA6nBGEPV,【4K精剪】希区考克 作品152 | 杨博文直拍 | 260131,underthepoplar,2026-02-01 00:23:17,1932745.0,23135.0,21873.0,19603.0,17616.0,3986.0,6858.0,1.0,
2026-07-31 09:00:05,https://www.bilibili.com/video/BV1EGBCBmEo8/?spm_id_from=333.1387.favlist.content.click,5,BV1EGBCBmEo8,【杨博文｜4K高清直拍】魅魔级别的《Manta》舞台，看博文如何一yeah封神,关键时刻来瓶尖叫,2025-12-27 23:15:44,863602.0,12139.0,9503.0,10810.0,12684.0,973.0,2312.0,4.0,
2026-07-31 09:00:05,https://www.bilibili.com/video/BV1A5vkB2E1k/?spm_id_from=333.1387.favlist.content.click,6,BV1A5vkB2E1k,【杨博文】Hey Mama六机位纯舞直拍丨15岁舞台统治者的诞生，四代主舞燃炸全场！,Kismet丨杨博文,2025-12-28 22:28:16,2611180.0,62651.0,43965.0,45338.0,21741.0,13494.0,21032.0,36.0,
2026-07-31 09:00:05,https://www.bilibili.com/video/BV1EQK56xEZk/?spm_id_from=333.1387.favlist.content.click,7,BV1EQK56xEZk,【杨博文｜音乐现场】｜《全世界陪我出发》4K直拍，考核第一的大C位实在太亮眼！,关键时刻来瓶尖叫,2026-07-16 20:29:02,223978.0,9535.0,2673.0,5331.0,5634.0,10052.0,7720.0,19.0,
2026-07-31 09:00:05,https://www.bilibili.com/video/BV1JUK56tEh5/?spm_id_from=333.1387.favlist.content.click,8,BV1JUK56tEh5,【杨博文｜音乐现场】全程舒适！跟着标准答案出发不迷路｜《全世界陪我出发》4k横屏直拍,游园会_杨博文,2026-07-16 20:06:19,151038.0,7142.0,2288.0,3801.0,5068.0,1940.0,1769.0,1.0,
2026-07-31 09:00:05,https://www.bilibili.com/video/BV1kFKG6pEPe/?spm_id_from=333.1387.favlist.content.click,9,BV1kFKG6pEPe,【杨博文】夏日运动会《全世界陪我出发》4K直拍,Eternity丨杨博文,2026-07-16 19:13:38,39988.0,4666.0,709.0,2608.0,2323.0,36.0,93.0,1.0,
2026-07-31 09:00:05,bilibili.com/video/BV1M9ePzaELH/?spm_id_from=333.337.search-card.all.click,10,BV1M9ePzaELH,「杨博文｜卡拉永远OK」突发舞台事故？我怎么没看见,Astra_杨博文,2025-08-19 22:15:30,820259.0,14522.0,4638.0,9665.0,10688.0,620.0,534.0,4.0,
2026-07-31 09:30:03,https://www.bilibili.com/video/BV1jN64BKECs/?spm_id_from=333.337.search-card.all.click,0,BV1jN64BKECs,【杨博文｜4K直拍】跟着节奏一起《闭嘴跳舞》～,关键时刻来瓶尖叫,2026-02-01 20:20:32,1426586.0,25832.0,15769.0,22017.0,6829.0,2371.0,7084.0,1.0,
2026-07-31 09:30:03,https://www.bilibili.com/video/BV1Lb6tBBEYC/?spm_id_from=333.1387.favlist.content.click&vd_source=bdf775a036c61c0159ac2f0c251aaeb7,1,BV1Lb6tBBEYC,【4K精剪】闭嘴跳舞 | 杨博文直拍 | 260201,underthepoplar,2026-02-02 00:00:55,344490.0,26627.0,13954.0,18854.0,6202.0,1808.0,3037.0,1.0,
2026-07-31 09:30:03,https://www.bilibili.com/video/BV1mJ64BREZY/?spm_id_from=333.1387.favlist.content.click&vd_source=bdf775a036c61c0159ac2f0c251aaeb7,2,BV1mJ64BREZY,【杨博文】闭嘴跳舞丨当主舞穿上西装就会得到,Kismet丨杨博文,2026-02-01 18:31:00,596121.0,34817.0,3772.0,25139.0,4449.0,442.0,592.0,8.0,
2026-07-31 09:30:03,https://www.bilibili.com/video/BV1LiM56WEWb/?spm_id_from=333.337.search-card.all.click,3,BV1LiM56WEWb,【4K精剪】Go in Blind | 杨博文直拍 | 250816 & 250817,underthepoplar,2026-07-09 02:46:30,37082.0,6338.0,1635.0,3223.0,1729.0,79.0,66.0,1.0,
2026-07-31 09:30:03,https://www.bilibili.com/video/BV1XA6nBGEPV/?spm_id_from=333.1387.favlist.content.click,4,BV1XA6nBGEPV,【4K精剪】希区考克 作品152 | 杨博文直拍 | 260131,underthepoplar,2026-02-01 00:23:17,1932752.0,23135.0,21873.0,19603.0,17631.0,3986.0,6858.0,1.0,
2026-07-31 09:30:03,https://www.bilibili.com/video/BV1EGBCBmEo8/?spm_id_from=333.1387.favlist.content.click,5,BV1EGBCBmEo8,【杨博文｜4K高清直拍】魅魔级别的《Manta》舞台，看博文如何一yeah封神,关键时刻来瓶尖叫,2025-12-27 23:15:44,863747.0,12139.0,9503.0,10812.0,12684.0,973.0,2312.0,6.0,
2026-07-31 09:30:03,https://www.bilibili.com/video/BV1A5vkB2E1k/?spm_id_from=333.1387.favlist.content.click,6,BV1A5vkB2E1k,【杨博文】Hey Mama六机位纯舞直拍丨15岁舞台统治者的诞生，四代主舞燃炸全场！,Kismet丨杨博文,2025-12-28 22:28:16,2611280.0,62653.0,43965.0,45342.0,21755.0,13494.0,21032.0,38.0,
2026-07-31 09:30:03,https://www.bilibili.com/video/BV1EQK56xEZk/?spm_id_from=333.1387.favlist.content.click,7,BV1EQK56xEZk,【杨博文｜音乐现场】｜《全世界陪我出发》4K直拍，考核第一的大C位实在太亮眼！,关键时刻来瓶尖叫,2026-07-16 20:29:02,224117.0,9536.0,2673.0,5336.0,5634.0,10080.0,7749.0,19.0,
2026-07-31 09:30:03,https://www.bilibili.com/video/BV1JUK56tEh5/?spm_id_from=333.1387.favlist.content.click,8,BV1JUK56tEh5,【杨博文｜音乐现场】全程舒适！跟着标准答案出发不迷路｜《全世界陪我出发》4k横屏直拍,游园会_杨博文,2026-07-16 20:06:19,151100.0,7142.0,2288.0,3802.0,5068.0,1940.0,1769.0,1.0,
2026-07-31 09:30:03,https://www.bilibili.com/video/BV1kFKG6pEPe/?spm_id_from=333.1387.favlist.content.click,9,BV1kFKG6pEPe,【杨博文】夏日运动会《全世界陪我出发》4K直拍,Eternity丨杨博文,2026-07-16 19:13:38,39994.0,4668.0,710.0,2609.0,2323.0,36.0,93.0,1.0,
2026-07-31 09:30:03,bilibili.com/video/BV1M9ePzaELH/?spm_id_from=333.337.search-card.all.click,10,BV1M9ePzaELH,「杨博文｜卡拉永远OK」突发舞台事故？我怎么没看见,Astra_杨博文,2025-08-19 22:15:30,820314.0,14522.0,4638.0,9669.0,10688.0,620.0,534.0,7.0,
2026-07-31 10:00:02,https://www.bilibili.com/video/BV1jN64BKECs/?spm_id_from=333.337.search-card.all.click,0,BV1jN64BKECs,【杨博文｜4K直拍】跟着节奏一起《闭嘴跳舞》～,关键时刻来瓶尖叫,2026-02-01 20:20:32,1426603.0,25832.0,15769.0,22017.0,6841.0,2371.0,7085.0,1.0,
2026-07-31 10:00:02,https://www.bilibili.com/video/BV1Lb6tBBEYC/?spm_id_from=333.1387.favlist.content.click&vd_source=bdf775a036c61c0159ac2f0c251aaeb7,1,BV1Lb6tBBEYC,【4K精剪】闭嘴跳舞 | 杨博文直拍 | 260201,underthepoplar,2026-02-02 00:00:55,344528.0,26630.0,13954.0,18854.0,6215.0,1808.0,3037.0,1.0,
2026-07-31 10:00:02,https://www.bilibili.com/video/BV1mJ64BREZY/?spm_id_from=333.1387.favlist.content.click&vd_source=bdf775a036c61c0159ac2f0c251aaeb7,2,BV1mJ64BREZY,【杨博文】闭嘴跳舞丨当主舞穿上西装就会得到,Kismet丨杨博文,2026-02-01 18:31:00,596175.0,34818.0,3772.0,25140.0,4460.0,442.0,592.0,6.0,
2026-07-31 10:00:02,https://www.bilibili.com/video/BV1LiM56WEWb/?spm_id_from=333.337.search-card.all.click,3,BV1LiM56WEWb,【4K精剪】Go in Blind | 杨博文直拍 | 250816 & 250817,underthepoplar,2026-07-09 02:46:30,37087.0,6339.0,1635.0,3224.0,1740.0,79.0,67.0,1.0,
2026-07-31 10:00:02,https://www.bilibili.com/video/BV1XA6nBGEPV/?spm_id_from=333.1387.favlist.content.click,4,BV1XA6nBGEPV,【4K精剪】希区考克 作品152 | 杨博文直拍 | 260131,underthepoplar,2026-02-01 00:23:17,1932757.0,23135.0,21873.0,19603.0,17642.0,3986.0,6858.0,1.0,
2026-07-31 10:00:02,https://www.bilibili.com/video/BV1EGBCBmEo8/?spm_id_from=333.1387.favlist.content.click,5,BV1EGBCBmEo8,【杨博文｜4K高清直拍】魅魔级别的《Manta》舞台，看博文如何一yeah封神,关键时刻来瓶尖叫,2025-12-27 23:15:44,863883.0,12140.0,9503.0,10813.0,12684.0,973.0,2312.0,1.0,
2026-07-31 10:00:02,https://www.bilibili.com/video/BV1A5vkB2E1k/?spm_id_from=333.1387.favlist.content.click,6,BV1A5vkB2E1k,【杨博文】Hey Mama六机位纯舞直拍丨15岁舞台统治者的诞生，四代主舞燃炸全场！,Kismet丨杨博文,2025-12-28 22:28:16,2611401.0,62654.0,43965.0,45343.0,21767.0,13494.0,21032.0,37.0,
2026-07-31 10:00:02,https://www.bilibili.com/video/BV1EQK56xEZk/?spm_id_from=333.1387.favlist.content.click,7,BV1EQK56xEZk,【杨博文｜音乐现场】｜《全世界陪我出发》4K直拍，考核第一的大C位实在太亮眼！,关键时刻来瓶尖叫,2026-07-16 20:29:02,224265.0,9538.0,2673.0,5338.0,5634.0,10083.0,7752.0,17.0,
2026-07-31 10:00:02,https://www.bilibili.com/video/BV1JUK56tEh5/?spm_id_from=333.1387.favlist.content.click,8,BV1JUK56tEh5,【杨博文｜音乐现场】全程舒适！跟着标准答案出发不迷路｜《全世界陪我出发》4k横屏直拍,游园会_杨博文,2026-07-16 20:06:19,151179.0,7142.0,2288.0,3802.0,5068.0,1940.0,1769.0,1.0,
2026-07-31 10:00:02,https://www.bilibili.com/video/BV1kFKG6pEPe/?spm_id_from=333.1387.favlist.content.click,9,BV1kFKG6pEPe,【杨博文】夏日运动会《全世界陪我出发》4K直拍,Eternity丨杨博文,2026-07-16 19:13:38,40004.0,4670.0,710.0,2609.0,2323.0,36.0,93.0,1.0,
2026-07-31 10:00:02,bilibili.com/video/BV1M9ePzaELH/?spm_id_from=333.337.search-card.all.click,10,BV1M9ePzaELH,「杨博文｜卡拉永远OK」突发舞台事故？我怎么没看见,Astra_杨博文,2025-08-19 22:15:30,820374.0,14522.0,4638.0,9670.0,10688.0,620.0,534.0,4.0,
2026-07-31 10:30:00,https://www.bilibili.com/video/BV1jN64BKECs/?spm_id_from=333.337.search-card.all.click,0,BV1jN64BKECs,【杨博文｜4K直拍】跟着节奏一起《闭嘴跳舞》～,关键时刻来瓶尖叫,2026-02-01 20:20:32,1426615.0,25832.0,15769.0,22017.0,6847.0,2371.0,7085.0,3.0,
2026-07-31 10:30:00,https://www.bilibili.com/video/BV1Lb6tBBEYC/?spm_id_from=333.1387.favlist.content.click&vd_source=bdf775a036c61c0159ac2f0c251aaeb7,1,BV1Lb6tBBEYC,【4K精剪】闭嘴跳舞 | 杨博文直拍 | 260201,underthepoplar,2026-02-02 00:00:55,344559.0,26633.0,13954.0,18854.0,6221.0,1808.0,3037.0,1.0,
2026-07-31 10:30:00,https://www.bilibili.com/video/BV1mJ64BREZY/?spm_id_from=333.1387.favlist.content.click&vd_source=bdf775a036c61c0159ac2f0c251aaeb7,2,BV1mJ64BREZY,【杨博文】闭嘴跳舞丨当主舞穿上西装就会得到,Kismet丨杨博文,2026-02-01 18:31:00,596247.0,34819.0,3772.0,25140.0,4467.0,442.0,592.0,9.0,
2026-07-31 10:30:00,https://www.bilibili.com/video/BV1LiM56WEWb/?spm_id_from=333.337.search-card.all.click,3,BV1LiM56WEWb,【4K精剪】Go in Blind | 杨博文直拍 | 250816 & 250817,underthepoplar,2026-07-09 02:46:30,37091.0,6341.0,1637.0,3224.0,1747.0,79.0,67.0,1.0,
2026-07-31 10:30:00,https://www.bilibili.com/video/BV1XA6nBGEPV/?spm_id_from=333.1387.favlist.content.click,4,BV1XA6nBGEPV,【4K精剪】希区考克 作品152 | 杨博文直拍 | 260131,underthepoplar,2026-02-01 00:23:17,1932762.0,23135.0,21873.0,19602.0,17648.0,3986.0,6858.0,1.0,
2026-07-31 10:30:00,https://www.bilibili.com/video/BV1EGBCBmEo8/?spm_id_from=333.1387.favlist.content.click,5,BV1EGBCBmEo8,【杨博文｜4K高清直拍】魅魔级别的《Manta》舞台，看博文如何一yeah封神,关键时刻来瓶尖叫,2025-12-27 23:15:44,864058.0,12140.0,9503.0,10814.0,12684.0,973.0,2312.0,5.0,
2026-07-31 10:30:00,https://www.bilibili.com/video/BV1A5vkB2E1k/?spm_id_from=333.1387.favlist.content.click,6,BV1A5vkB2E1k,【杨博文】Hey Mama六机位纯舞直拍丨15岁舞台统治者的诞生，四代主舞燃炸全场！,Kismet丨杨博文,2025-12-28 22:28:16,2611556.0,62654.0,43965.0,45343.0,21773.0,13494.0,21032.0,41.0,
2026-07-31 10:30:00,https://www.bilibili.com/video/BV1EQK56xEZk/?spm_id_from=333.1387.favlist.content.click,7,BV1EQK56xEZk,【杨博文｜音乐现场】｜《全世界陪我出发》4K直拍，考核第一的大C位实在太亮眼！,关键时刻来瓶尖叫,2026-07-16 20:29:02,224478.0,9543.0,2676.0,5342.0,5634.0,10083.0,7752.0,22.0,
2026-07-31 10:30:00,https://www.bilibili.com/video/BV1JUK56tEh5/?spm_id_from=333.1387.favlist.content.click,8,BV1JUK56tEh5,【杨博文｜音乐现场】全程舒适！跟着标准答案出发不迷路｜《全世界陪我出发》4k横屏直拍,游园会_杨博文,2026-07-16 20:06:19,151272.0,7144.0,2288.0,3803.0,5068.0,1940.0,1769.0,1.0,
2026-07-31 10:30:00,https://www.bilibili.com/video/BV1kFKG6pEPe/?spm_id_from=333.1387.favlist.content.click,9,BV1kFKG6pEPe,【杨博文】夏日运动会《全世界陪我出发》4K直拍,Eternity丨杨博文,2026-07-16 19:13:38,40011.0,4671.0,710.0,2609.0,2323.0,36.0,93.0,1.0,
2026-07-31 10:30:00,bilibili.com/video/BV1M9ePzaELH/?spm_id_from=333.337.search-card.all.click,10,BV1M9ePzaELH,「杨博文｜卡拉永远OK」突发舞台事故？我怎么没看见,Astra_杨博文,2025-08-19 22:15:30,820455.0,14522.0,4638.0,9673.0,10688.0,620.0,534.0,9.0,
2026-07-31 11:00:00,https://www.bilibili.com/video/BV1jN64BKECs/?spm_id_from=333.337.search-card.all.click,0,BV1jN64BKECs,【杨博文｜4K直拍】跟着节奏一起《闭嘴跳舞》～,关键时刻来瓶尖叫,2026-02-01 20:20:32,1426630.0,25834.0,15769.0,22018.0,6854.0,2371.0,7085.0,1.0,
2026-07-31 11:00:00,https://www.bilibili.com/video/BV1Lb6tBBEYC/?spm_id_from=333.1387.favlist.content.click&vd_source=bdf775a036c61c0159ac2f0c251aaeb7,1,BV1Lb6tBBEYC,【4K精剪】闭嘴跳舞 | 杨博文直拍 | 260201,underthepoplar,2026-02-02 00:00:55,344595.0,26634.0,13954.0,18855.0,6227.0,1808.0,3037.0,3.0,
2026-07-31 11:00:00,https://www.bilibili.com/video/BV1mJ64BREZY/?spm_id_from=333.1387.favlist.content.click&vd_source=bdf775a036c61c0159ac2f0c251aaeb7,2,BV1mJ64BREZY,【杨博文】闭嘴跳舞丨当主舞穿上西装就会得到,Kismet丨杨博文,2026-02-01 18:31:00,596325.0,34819.0,3772.0,25140.0,4474.0,442.0,592.0,14.0,
2026-07-31 11:00:00,https://www.bilibili.com/video/BV1LiM56WEWb/?spm_id_from=333.337.search-card.all.click,3,BV1LiM56WEWb,【4K精剪】Go in Blind | 杨博文直拍 | 250816 & 250817,underthepoplar,2026-07-09 02:46:30,37103.0,6342.0,1637.0,3224.0,1754.0,79.0,67.0,1.0,
2026-07-31 11:00:00,https://www.bilibili.com/video/BV1XA6nBGEPV/?spm_id_from=333.1387.favlist.content.click,4,BV1XA6nBGEPV,【4K精剪】希区考克 作品152 | 杨博文直拍 | 260131,underthepoplar,2026-02-01 00:23:17,1932768.0,23135.0,21873.0,19602.0,17655.0,3986.0,6858.0,1.0,
2026-07-31 11:00:00,https://www.bilibili.com/video/BV1EGBCBmEo8/?spm_id_from=333.1387.favlist.content.click,5,BV1EGBCBmEo8,【杨博文｜4K高清直拍】魅魔级别的《Manta》舞台，看博文如何一yeah封神,关键时刻来瓶尖叫,2025-12-27 23:15:44,864240.0,12141.0,9505.0,10815.0,12684.0,973.0,2312.0,8.0,
2026-07-31 11:00:00,https://www.bilibili.com/video/BV1A5vkB2E1k/?spm_id_from=333.1387.favlist.content.click,6,BV1A5vkB2E1k,【杨博文】Hey Mama六机位纯舞直拍丨15岁舞台统治者的诞生，四代主舞燃炸全场！,Kismet丨杨博文,2025-12-28 22:28:16,2611707.0,62655.0,43965.0,45345.0,21780.0,13494.0,21032.0,33.0,
2026-07-31 11:00:00,https://www.bilibili.com/video/BV1EQK56xEZk/?spm_id_from=333.1387.favlist.content.click,7,BV1EQK56xEZk,【杨博文｜音乐现场】｜《全世界陪我出发》4K直拍，考核第一的大C位实在太亮眼！,关键时刻来瓶尖叫,2026-07-16 20:29:02,224714.0,9545.0,2677.0,5347.0,5635.0,10089.0,7752.0,21.0,
2026-07-31 11:00:00,https://www.bilibili.com/video/BV1JUK56tEh5/?spm_id_from=333.1387.favlist.content.click,8,BV1JUK56tEh5,【杨博文｜音乐现场】全程舒适！跟着标准答案出发不迷路｜《全世界陪我出发》4k横屏直拍,游园会_杨博文,2026-07-16 20:06:19,151376.0,7146.0,2290.0,3803.0,5068.0,1940.0,1769.0,1.0,
2026-07-31 11:00:00,https://www.bilibili.com/video/BV1kFKG6pEPe/?spm_id_from=333.1387.favlist.content.click,9,BV1kFKG6pEPe,【杨博文】夏日运动会《全世界陪我出发》4K直拍,Eternity丨杨博文,2026-07-16 19:13:38,40018.0,4672.0,710.0,2609.0,2323.0,36.0,93.0,1.0,
2026-07-31 11:00:00,bilibili.com/video/BV1M9ePzaELH/?spm_id_from=333.337.search-card.all.click,10,BV1M9ePzaELH,「杨博文｜卡拉永远OK」突发舞台事故？我怎么没看见,Astra_杨博文,2025-08-19 22:15:30,820532.0,14523.0,4640.0,9674.0,10688.0,620.0,534.0,12.0,
2026-07-31 11:30:09,https://www.bilibili.com/video/BV1jN64BKECs/?spm_id_from=333.337.search-card.all.click,0,BV1jN64BKECs,【杨博文｜4K直拍】跟着节奏一起《闭嘴跳舞》～,关键时刻来瓶尖叫,2026-02-01 20:20:32,1426648.0,25834.0,15769.0,22017.0,6867.0,2371.0,7085.0,1.0,
2026-07-31 11:30:09,https://www.bilibili.com/video/BV1Lb6tBBEYC/?spm_id_from=333.1387.favlist.content.click&vd_source=bdf775a036c61c0159ac2f0c251aaeb7,1,BV1Lb6tBBEYC,【4K精剪】闭嘴跳舞 | 杨博文直拍 | 260201,underthepoplar,2026-02-02 00:00:55,344642.0,26637.0,13954.0,18855.0,6240.0,1808.0,3037.0,3.0,
2026-07-31 11:30:09,https://www.bilibili.com/video/BV1mJ64BREZY/?spm_id_from=333.1387.favlist.content.click&vd_source=bdf775a036c61c0159ac2f0c251aaeb7,2,BV1mJ64BREZY,【杨博文】闭嘴跳舞丨当主舞穿上西装就会得到,Kismet丨杨博文,2026-02-01 18:31:00,596399.0,34821.0,3772.0,25142.0,4485.0,442.0,592.0,8.0,
2026-07-31 11:30:09,https://www.bilibili.com/video/BV1LiM56WEWb/?spm_id_from=333.337.search-card.all.click,3,BV1LiM56WEWb,【4K精剪】Go in Blind | 杨博文直拍 | 250816 & 250817,underthepoplar,2026-07-09 02:46:30,37118.0,6343.0,1637.0,3224.0,1765.0,79.0,67.0,1.0,
2026-07-31 11:30:09,https://www.bilibili.com/video/BV1XA6nBGEPV/?spm_id_from=333.1387.favlist.content.click,4,BV1XA6nBGEPV,【4K精剪】希区考克 作品152 | 杨博文直拍 | 260131,underthepoplar,2026-02-01 00:23:17,1932781.0,23135.0,21873.0,19601.0,17668.0,3986.0,6858.0,1.0,
2026-07-31 11:30:09,https://www.bilibili.com/video/BV1EGBCBmEo8/?spm_id_from=333.1387.favlist.content.click,5,BV1EGBCBmEo8,【杨博文｜4K高清直拍】魅魔级别的《Manta》舞台，看博文如何一yeah封神,关键时刻来瓶尖叫,2025-12-27 23:15:44,864391.0,12141.0,9505.0,10815.0,12684.0,973.0,2312.0,4.0,
2026-07-31 11:30:09,https://www.bilibili.com/video/BV1A5vkB2E1k/?spm_id_from=333.1387.favlist.content.click,6,BV1A5vkB2E1k,【杨博文】Hey Mama六机位纯舞直拍丨15岁舞台统治者的诞生，四代主舞燃炸全场！,Kismet丨杨博文,2025-12-28 22:28:16,2611870.0,62655.0,43965.0,45346.0,21793.0,13494.0,21034.0,10.0,
2026-07-31 11:30:09,https://www.bilibili.com/video/BV1EQK56xEZk/?spm_id_from=333.1387.favlist.content.click,7,BV1EQK56xEZk,【杨博文｜音乐现场】｜《全世界陪我出发》4K直拍，考核第一的大C位实在太亮眼！,关键时刻来瓶尖叫,2026-07-16 20:29:02,224923.0,9550.0,2677.0,5352.0,5635.0,10089.0,7752.0,11.0,
2026-07-31 11:30:09,https://www.bilibili.com/video/BV1JUK56tEh5/?spm_id_from=333.1387.favlist.content.click,8,BV1JUK56tEh5,【杨博文｜音乐现场】全程舒适！跟着标准答案出发不迷路｜《全世界陪我出发》4k横屏直拍,游园会_杨博文,2026-07-16 20:06:19,151479.0,7149.0,2290.0,3805.0,5068.0,1940.0,1769.0,1.0,
2026-07-31 11:30:09,https://www.bilibili.com/video/BV1kFKG6pEPe/?spm_id_from=333.1387.favlist.content.click,9,BV1kFKG6pEPe,【杨博文】夏日运动会《全世界陪我出发》4K直拍,Eternity丨杨博文,2026-07-16 19:13:38,40029.0,4675.0,710.0,2611.0,2323.0,36.0,93.0,1.0,
2026-07-31 11:30:09,bilibili.com/video/BV1M9ePzaELH/?spm_id_from=333.337.search-card.all.click,10,BV1M9ePzaELH,「杨博文｜卡拉永远OK」突发舞台事故？我怎么没看见,Astra_杨博文,2025-08-19 22:15:30,820595.0,14523.0,4640.0,9674.0,10688.0,620.0,534.0,9.0,
2026-07-31 12:00:08,https://www.bilibili.com/video/BV1jN64BKECs/?spm_id_from=333.337.search-card.all.click,0,BV1jN64BKECs,【杨博文｜4K直拍】跟着节奏一起《闭嘴跳舞》～,关键时刻来瓶尖叫,2026-02-01 20:20:32,1426669.0,25835.0,15769.0,22018.0,6883.0,2371.0,7085.0,3.0,
2026-07-31 12:00:08,https://www.bilibili.com/video/BV1Lb6tBBEYC/?spm_id_from=333.1387.favlist.content.click&vd_source=bdf775a036c61c0159ac2f0c251aaeb7,1,BV1Lb6tBBEYC,【4K精剪】闭嘴跳舞 | 杨博文直拍 | 260201,underthepoplar,2026-02-02 00:00:55,344699.0,26639.0,13954.0,18858.0,6257.0,1808.0,3037.0,2.0,
2026-07-31 12:00:08,https://www.bilibili.com/video/BV1mJ64BREZY/?spm_id_from=333.1387.favlist.content.click&vd_source=bdf775a036c61c0159ac2f0c251aaeb7,2,BV1mJ64BREZY,【杨博文】闭嘴跳舞丨当主舞穿上西装就会得到,Kismet丨杨博文,2026-02-01 18:31:00,596465.0,34824.0,3772.0,25143.0,4503.0,442.0,592.0,10.0,
2026-07-31 12:00:08,https://www.bilibili.com/video/BV1LiM56WEWb/?spm_id_from=333.337.search-card.all.click,3,BV1LiM56WEWb,【4K精剪】Go in Blind | 杨博文直拍 | 250816 & 250817,underthepoplar,2026-07-09 02:46:30,37128.0,6345.0,1637.0,3225.0,1783.0,79.0,67.0,1.0,
2026-07-31 12:00:08,https://www.bilibili.com/video/BV1XA6nBGEPV/?spm_id_from=333.1387.favlist.content.click,4,BV1XA6nBGEPV,【4K精剪】希区考克 作品152 | 杨博文直拍 | 260131,underthepoplar,2026-02-01 00:23:17,1932794.0,23135.0,21873.0,19602.0,17684.0,3986.0,6859.0,1.0,
2026-07-31 12:00:08,https://www.bilibili.com/video/BV1EGBCBmEo8/?spm_id_from=333.1387.favlist.content.click,5,BV1EGBCBmEo8,【杨博文｜4K高清直拍】魅魔级别的《Manta》舞台，看博文如何一yeah封神,关键时刻来瓶尖叫,2025-12-27 23:15:44,864547.0,12141.0,9505.0,10816.0,12684.0,973.0,2312.0,5.0,
2026-07-31 12:00:08,https://www.bilibili.com/video/BV1A5vkB2E1k/?spm_id_from=333.1387.favlist.content.click,6,BV1A5vkB2E1k,【杨博文】Hey Mama六机位纯舞直拍丨15岁舞台统治者的诞生，四代主舞燃炸全场！,Kismet丨杨博文,2025-12-28 22:28:16,2612033.0,62657.0,43965.0,45349.0,21809.0,13494.0,21034.0,10.0,
2026-07-31 12:00:08,https://www.bilibili.com/video/BV1EQK56xEZk/?spm_id_from=333.1387.favlist.content.click,7,BV1EQK56xEZk,【杨博文｜音乐现场】｜《全世界陪我出发》4K直拍，考核第一的大C位实在太亮眼！,关键时刻来瓶尖叫,2026-07-16 20:29:02,225119.0,9559.0,2679.0,5356.0,5635.0,10089.0,7752.0,12.0,
2026-07-31 12:00:08,https://www.bilibili.com/video/BV1JUK56tEh5/?spm_id_from=333.1387.favlist.content.click,8,BV1JUK56tEh5,【杨博文｜音乐现场】全程舒适！跟着标准答案出发不迷路｜《全世界陪我出发》4k横屏直拍,游园会_杨博文,2026-07-16 20:06:19,151558.0,7149.0,2290.0,3807.0,5068.0,1940.0,1769.0,1.0,
2026-07-31 12:00:08,https://www.bilibili.com/video/BV1kFKG6pEPe/?spm_id_from=333.1387.favlist.content.click,9,BV1kFKG6pEPe,【杨博文】夏日运动会《全世界陪我出发》4K直拍,Eternity丨杨博文,2026-07-16 19:13:38,40044.0,4679.0,710.0,2613.0,2323.0,36.0,93.0,1.0,
2026-07-31 12:00:08,bilibili.com/video/BV1M9ePzaELH/?spm_id_from=333.337.search-card.all.click,10,BV1M9ePzaELH,「杨博文｜卡拉永远OK」突发舞台事故？我怎么没看见,Astra_杨博文,2025-08-19 22:15:30,820660.0,14523.0,4640.0,9674.0,10688.0,620.0,534.0,8.0,
2026-07-31 12:30:08,https://www.bilibili.com/video/BV1jN64BKECs/?spm_id_from=333.337.search-card.all.click,0,BV1jN64BKECs,【杨博文｜4K直拍】跟着节奏一起《闭嘴跳舞》～,关键时刻来瓶尖叫,2026-02-01 20:20:32,1426691.0,25835.0,15769.0,22018.0,6896.0,2371.0,7085.0,2.0,
2026-07-31 12:30:08,https://www.bilibili.com/video/BV1Lb6tBBEYC/?spm_id_from=333.1387.favlist.content.click&vd_source=bdf775a036c61c0159ac2f0c251aaeb7,1,BV1Lb6tBBEYC,【4K精剪】闭嘴跳舞 | 杨博文直拍 | 260201,underthepoplar,2026-02-02 00:00:55,344757.0,26647.0,13954.0,18863.0,6270.0,1808.0,3037.0,4.0,
2026-07-31 12:30:08,https://www.bilibili.com/video/BV1mJ64BREZY/?spm_id_from=333.1387.favlist.content.click&vd_source=bdf775a036c61c0159ac2f0c251aaeb7,2,BV1mJ64BREZY,【杨博文】闭嘴跳舞丨当主舞穿上西装就会得到,Kismet丨杨博文,2026-02-01 18:31:00,596539.0,34825.0,3772.0,25143.0,4516.0,442.0,592.0,12.0,
2026-07-31 12:30:08,https://www.bilibili.com/video/BV1LiM56WEWb/?spm_id_from=333.337.search-card.all.click,3,BV1LiM56WEWb,【4K精剪】Go in Blind | 杨博文直拍 | 250816 & 250817,underthepoplar,2026-07-09 02:46:30,37135.0,6347.0,1637.0,3226.0,1795.0,79.0,67.0,1.0,
2026-07-31 12:30:08,https://www.bilibili.com/video/BV1XA6nBGEPV/?spm_id_from=333.1387.favlist.content.click,4,BV1XA6nBGEPV,【4K精剪】希区考克 作品152 | 杨博文直拍 | 260131,underthepoplar,2026-02-01 00:23:17,1932805.0,23137.0,21873.0,19602.0,17697.0,3986.0,6859.0,1.0,
2026-07-31 12:30:08,https://www.bilibili.com/video/BV1EGBCBmEo8/?spm_id_from=333.1387.favlist.content.click,5,BV1EGBCBmEo8,【杨博文｜4K高清直拍】魅魔级别的《Manta》舞台，看博文如何一yeah封神,关键时刻来瓶尖叫,2025-12-27 23:15:44,864690.0,12141.0,9505.0,10818.0,12684.0,973.0,2312.0,5.0,
2026-07-31 12:30:08,https://www.bilibili.com/video/BV1A5vkB2E1k/?spm_id_from=333.1387.favlist.content.click,6,BV1A5vkB2E1k,【杨博文】Hey Mama六机位纯舞直拍丨15岁舞台统治者的诞生，四代主舞燃炸全场！,Kismet丨杨博文,2025-12-28 22:28:16,2612188.0,62661.0,43967.0,45354.0,21823.0,13494.0,21034.0,9.0,
2026-07-31 12:30:08,https://www.bilibili.com/video/BV1EQK56xEZk/?spm_id_from=333.1387.favlist.content.click,7,BV1EQK56xEZk,【杨博文｜音乐现场】｜《全世界陪我出发》4K直拍，考核第一的大C位实在太亮眼！,关键时刻来瓶尖叫,2026-07-16 20:29:02,225318.0,9561.0,2679.0,5357.0,5635.0,10089.0,7753.0,13.0,
2026-07-31 12:30:08,https://www.bilibili.com/video/BV1JUK56tEh5/?spm_id_from=333.1387.favlist.content.click,8,BV1JUK56tEh5,【杨博文｜音乐现场】全程舒适！跟着标准答案出发不迷路｜《全世界陪我出发》4k横屏直拍,游园会_杨博文,2026-07-16 20:06:19,151647.0,7150.0,2290.0,3806.0,5068.0,1940.0,1769.0,1.0,
2026-07-31 12:30:08,https://www.bilibili.com/video/BV1kFKG6pEPe/?spm_id_from=333.1387.favlist.content.click,9,BV1kFKG6pEPe,【杨博文】夏日运动会《全世界陪我出发》4K直拍,Eternity丨杨博文,2026-07-16 19:13:38,40051.0,4679.0,710.0,2613.0,2323.0,36.0,93.0,1.0,
2026-07-31 12:30:08,bilibili.com/video/BV1M9ePzaELH/?spm_id_from=333.337.search-card.all.click,10,BV1M9ePzaELH,「杨博文｜卡拉永远OK」突发舞台事故？我怎么没看见,Astra_杨博文,2025-08-19 22:15:30,820731.0,14524.0,4640.0,9678.0,10688.0,620.0,534.0,11.0,
2026-07-31 13:00:06,https://www.bilibili.com/video/BV1jN64BKECs/?spm_id_from=333.337.search-card.all.click,0,BV1jN64BKECs,【杨博文｜4K直拍】跟着节奏一起《闭嘴跳舞》～,关键时刻来瓶尖叫,2026-02-01 20:20:32,1426724.0,25836.0,15769.0,22019.0,6901.0,2371.0,7085.0,4.0,
2026-07-31 13:00:06,https://www.bilibili.com/video/BV1Lb6tBBEYC/?spm_id_from=333.1387.favlist.content.click&vd_source=bdf775a036c61c0159ac2f0c251aaeb7,1,BV1Lb6tBBEYC,【4K精剪】闭嘴跳舞 | 杨博文直拍 | 260201,underthepoplar,2026-02-02 00:00:55,344834.0,26655.0,13957.0,18866.0,6276.0,1808.0,3037.0,2.0,
2026-07-31 13:00:06,https://www.bilibili.com/video/BV1mJ64BREZY/?spm_id_from=333.1387.favlist.content.click&vd_source=bdf775a036c61c0159ac2f0c251aaeb7,2,BV1mJ64BREZY,【杨博文】闭嘴跳舞丨当主舞穿上西装就会得到,Kismet丨杨博文,2026-02-01 18:31:00,596624.0,34828.0,3772.0,25145.0,4521.0,442.0,592.0,12.0,
2026-07-31 13:00:06,https://www.bilibili.com/video/BV1LiM56WEWb/?spm_id_from=333.337.search-card.all.click,3,BV1LiM56WEWb,【4K精剪】Go in Blind | 杨博文直拍 | 250816 & 250817,underthepoplar,2026-07-09 02:46:30,37150.0,6351.0,1639.0,3227.0,1801.0,79.0,67.0,1.0,
2026-07-31 13:00:06,https://www.bilibili.com/video/BV1XA6nBGEPV/?spm_id_from=333.1387.favlist.content.click,4,BV1XA6nBGEPV,【4K精剪】希区考克 作品152 | 杨博文直拍 | 260131,underthepoplar,2026-02-01 00:23:17,1932814.0,23137.0,21873.0,19602.0,17702.0,3986.0,6859.0,1.0,
2026-07-31 13:00:06,https://www.bilibili.com/video/BV1EGBCBmEo8/?spm_id_from=333.1387.favlist.content.click,5,BV1EGBCBmEo8,【杨博文｜4K高清直拍】魅魔级别的《Manta》舞台，看博文如何一yeah封神,关键时刻来瓶尖叫,2025-12-27 23:15:44,864841.0,12143.0,9505.0,10822.0,12684.0,973.0,2312.0,6.0,
2026-07-31 13:00:06,https://www.bilibili.com/video/BV1A5vkB2E1k/?spm_id_from=333.1387.favlist.content.click,6,BV1A5vkB2E1k,【杨博文】Hey Mama六机位纯舞直拍丨15岁舞台统治者的诞生，四代主舞燃炸全场！,Kismet丨杨博文,2025-12-28 22:28:16,2612329.0,62661.0,43967.0,45358.0,21827.0,13494.0,21034.0,12.0,
2026-07-31 13:00:06,https://www.bilibili.com/video/BV1EQK56xEZk/?spm_id_from=333.1387.favlist.content.click,7,BV1EQK56xEZk,【杨博文｜音乐现场】｜《全世界陪我出发》4K直拍，考核第一的大C位实在太亮眼！,关键时刻来瓶尖叫,2026-07-16 20:29:02,225523.0,9568.0,2681.0,5363.0,5635.0,10089.0,7753.0,18.0,
2026-07-31 13:00:06,https://www.bilibili.com/video/BV1JUK56tEh5/?spm_id_from=333.1387.favlist.content.click,8,BV1JUK56tEh5,【杨博文｜音乐现场】全程舒适！跟着标准答案出发不迷路｜《全世界陪我出发》4k横屏直拍,游园会_杨博文,2026-07-16 20:06:19,151725.0,7150.0,2290.0,3807.0,5068.0,1940.0,1769.0,1.0,
2026-07-31 13:00:06,https://www.bilibili.com/video/BV1kFKG6pEPe/?spm_id_from=333.1387.favlist.content.click,9,BV1kFKG6pEPe,【杨博文】夏日运动会《全世界陪我出发》4K直拍,Eternity丨杨博文,2026-07-16 19:13:38,40061.0,4679.0,710.0,2613.0,2323.0,36.0,93.0,1.0,
2026-07-31 13:00:06,bilibili.com/video/BV1M9ePzaELH/?spm_id_from=333.337.search-card.all.click,10,BV1M9ePzaELH,「杨博文｜卡拉永远OK」突发舞台事故？我怎么没看见,Astra_杨博文,2025-08-19 22:15:30,820818.0,14526.0,4641.0,9683.0,10688.0,620.0,536.0,12.0,
2026-07-31 13:30:06,https://www.bilibili.com/video/BV1jN64BKECs/?spm_id_from=333.337.search-card.all.click,0,BV1jN64BKECs,【杨博文｜4K直拍】跟着节奏一起《闭嘴跳舞》～,关键时刻来瓶尖叫,2026-02-01 20:20:32,1426758.0,25840.0,15771.0,22021.0,6903.0,2371.0,7085.0,2.0,
2026-07-31 13:30:06,https://www.bilibili.com/video/BV1Lb6tBBEYC/?spm_id_from=333.1387.favlist.content.click&vd_source=bdf775a036c61c0159ac2f0c251aaeb7,1,BV1Lb6tBBEYC,【4K精剪】闭嘴跳舞 | 杨博文直拍 | 260201,underthepoplar,2026-02-02 00:00:55,344904.0,26661.0,13958.0,18869.0,6278.0,1808.0,3037.0,3.0,
2026-07-31 13:30:06,https://www.bilibili.com/video/BV1mJ64BREZY/?spm_id_from=333.1387.favlist.content.click&vd_source=bdf775a036c61c0159ac2f0c251aaeb7,2,BV1mJ64BREZY,【杨博文】闭嘴跳舞丨当主舞穿上西装就会得到,Kismet丨杨博文,2026-02-01 18:31:00,596724.0,34828.0,3772.0,25146.0,4524.0,442.0,592.0,12.0,
2026-07-31 13:30:06,https://www.bilibili.com/video/BV1LiM56WEWb/?spm_id_from=333.337.search-card.all.click,3,BV1LiM56WEWb,【4K精剪】Go in Blind | 杨博文直拍 | 250816 & 250817,underthepoplar,2026-07-09 02:46:30,37159.0,6352.0,1639.0,3227.0,1803.0,79.0,67.0,1.0,
2026-07-31 13:30:06,https://www.bilibili.com/video/BV1XA6nBGEPV/?spm_id_from=333.1387.favlist.content.click,4,BV1XA6nBGEPV,【4K精剪】希区考克 作品152 | 杨博文直拍 | 260131,underthepoplar,2026-02-01 00:23:17,1932825.0,23137.0,21874.0,19602.0,17705.0,3986.0,6859.0,1.0,
2026-07-31 13:30:06,https://www.bilibili.com/video/BV1EGBCBmEo8/?spm_id_from=333.1387.favlist.content.click,5,BV1EGBCBmEo8,【杨博文｜4K高清直拍】魅魔级别的《Manta》舞台，看博文如何一yeah封神,关键时刻来瓶尖叫,2025-12-27 23:15:44,865014.0,12143.0,9505.0,10822.0,12684.0,973.0,2312.0,6.0,
2026-07-31 13:30:06,https://www.bilibili.com/video/BV1A5vkB2E1k/?spm_id_from=333.1387.favlist.content.click,6,BV1A5vkB2E1k,【杨博文】Hey Mama六机位纯舞直拍丨15岁舞台统治者的诞生，四代主舞燃炸全场！,Kismet丨杨博文,2025-12-28 22:28:16,2612495.0,62662.0,43968.0,45357.0,21830.0,13494.0,21046.0,14.0,
2026-07-31 13:30:06,https://www.bilibili.com/video/BV1EQK56xEZk/?spm_id_from=333.1387.favlist.content.click,7,BV1EQK56xEZk,【杨博文｜音乐现场】｜《全世界陪我出发》4K直拍，考核第一的大C位实在太亮眼！,关键时刻来瓶尖叫,2026-07-16 20:29:02,225755.0,9573.0,2683.0,5366.0,5635.0,10089.0,7753.0,13.0,
2026-07-31 13:30:06,https://www.bilibili.com/video/BV1JUK56tEh5/?spm_id_from=333.1387.favlist.content.click,8,BV1JUK56tEh5,【杨博文｜音乐现场】全程舒适！跟着标准答案出发不迷路｜《全世界陪我出发》4k横屏直拍,游园会_杨博文,2026-07-16 20:06:19,151823.0,7151.0,2290.0,3806.0,5068.0,1940.0,1769.0,1.0,
2026-07-31 13:30:06,https://www.bilibili.com/video/BV1kFKG6pEPe/?spm_id_from=333.1387.favlist.content.click,9,BV1kFKG6pEPe,【杨博文】夏日运动会《全世界陪我出发》4K直拍,Eternity丨杨博文,2026-07-16 19:13:38,40070.0,4683.0,710.0,2613.0,2323.0,36.0,93.0,1.0,
2026-07-31 13:30:06,bilibili.com/video/BV1M9ePzaELH/?spm_id_from=333.337.search-card.all.click,10,BV1M9ePzaELH,「杨博文｜卡拉永远OK」突发舞台事故？我怎么没看见,Astra_杨博文,2025-08-19 22:15:30,820896.0,14526.0,4641.0,9684.0,10688.0,620.0,536.0,8.0,
2026-07-31 14:00:04,https://www.bilibili.com/video/BV1jN64BKECs/?spm_id_from=333.337.search-card.all.click,0,BV1jN64BKECs,【杨博文｜4K直拍】跟着节奏一起《闭嘴跳舞》～,关键时刻来瓶尖叫,2026-02-01 20:20:32,1426781.0,25840.0,15771.0,22020.0,6914.0,2371.0,7085.0,1.0,
2026-07-31 14:00:04,https://www.bilibili.com/video/BV1Lb6tBBEYC/?spm_id_from=333.1387.favlist.content.click&vd_source=bdf775a036c61c0159ac2f0c251aaeb7,1,BV1Lb6tBBEYC,【4K精剪】闭嘴跳舞 | 杨博文直拍 | 260201,underthepoplar,2026-02-02 00:00:55,344982.0,26665.0,13958.0,18870.0,6287.0,1808.0,3037.0,1.0,
2026-07-31 14:00:04,https://www.bilibili.com/video/BV1mJ64BREZY/?spm_id_from=333.1387.favlist.content.click&vd_source=bdf775a036c61c0159ac2f0c251aaeb7,2,BV1mJ64BREZY,【杨博文】闭嘴跳舞丨当主舞穿上西装就会得到,Kismet丨杨博文,2026-02-01 18:31:00,596810.0,34829.0,3772.0,25147.0,4534.0,442.0,592.0,14.0,
2026-07-31 14:00:04,https://www.bilibili.com/video/BV1LiM56WEWb/?spm_id_from=333.337.search-card.all.click,3,BV1LiM56WEWb,【4K精剪】Go in Blind | 杨博文直拍 | 250816 & 250817,underthepoplar,2026-07-09 02:46:30,37167.0,6353.0,1639.0,3227.0,1813.0,79.0,67.0,1.0,
2026-07-31 14:00:04,https://www.bilibili.com/video/BV1XA6nBGEPV/?spm_id_from=333.1387.favlist.content.click,4,BV1XA6nBGEPV,【4K精剪】希区考克 作品152 | 杨博文直拍 | 260131,underthepoplar,2026-02-01 00:23:17,1932832.0,23137.0,21874.0,19602.0,17715.0,3986.0,6859.0,1.0,
2026-07-31 14:00:04,https://www.bilibili.com/video/BV1EGBCBmEo8/?spm_id_from=333.1387.favlist.content.click,5,BV1EGBCBmEo8,【杨博文｜4K高清直拍】魅魔级别的《Manta》舞台，看博文如何一yeah封神,关键时刻来瓶尖叫,2025-12-27 23:15:44,865177.0,12144.0,9505.0,10825.0,12684.0,973.0,2312.0,6.0,
2026-07-31 14:00:04,https://www.bilibili.com/video/BV1A5vkB2E1k/?spm_id_from=333.1387.favlist.content.click,6,BV1A5vkB2E1k,【杨博文】Hey Mama六机位纯舞直拍丨15岁舞台统治者的诞生，四代主舞燃炸全场！,Kismet丨杨博文,2025-12-28 22:28:16,2612682.0,62665.0,43970.0,45361.0,21841.0,13494.0,21046.0,8.0,
2026-07-31 14:00:04,https://www.bilibili.com/video/BV1EQK56xEZk/?spm_id_from=333.1387.favlist.content.click,7,BV1EQK56xEZk,【杨博文｜音乐现场】｜《全世界陪我出发》4K直拍，考核第一的大C位实在太亮眼！,关键时刻来瓶尖叫,2026-07-16 20:29:02,225978.0,9581.0,2687.0,5370.0,5635.0,10090.0,7754.0,14.0,
2026-07-31 14:00:04,https://www.bilibili.com/video/BV1JUK56tEh5/?spm_id_from=333.1387.favlist.content.click,8,BV1JUK56tEh5,【杨博文｜音乐现场】全程舒适！跟着标准答案出发不迷路｜《全世界陪我出发》4k横屏直拍,游园会_杨博文,2026-07-16 20:06:19,151932.0,7155.0,2292.0,3808.0,5068.0,1940.0,1769.0,1.0,
2026-07-31 14:00:04,https://www.bilibili.com/video/BV1kFKG6pEPe/?spm_id_from=333.1387.favlist.content.click,9,BV1kFKG6pEPe,【杨博文】夏日运动会《全世界陪我出发》4K直拍,Eternity丨杨博文,2026-07-16 19:13:38,40077.0,4683.0,710.0,2613.0,2323.0,36.0,93.0,1.0,
2026-07-31 14:00:04,bilibili.com/video/BV1M9ePzaELH/?spm_id_from=333.337.search-card.all.click,10,BV1M9ePzaELH,「杨博文｜卡拉永远OK」突发舞台事故？我怎么没看见,Astra_杨博文,2025-08-19 22:15:30,820970.0,14527.0,4642.0,9686.0,10688.0,620.0,536.0,10.0,
2026-07-31 14:30:03,https://www.bilibili.com/video/BV1jN64BKECs/?spm_id_from=333.337.search-card.all.click,0,BV1jN64BKECs,【杨博文｜4K直拍】跟着节奏一起《闭嘴跳舞》～,关键时刻来瓶尖叫,2026-02-01 20:20:32,1426812.0,25840.0,15771.0,22021.0,6934.0,2371.0,7085.0,3.0,
2026-07-31 14:30:03,https://www.bilibili.com/video/BV1Lb6tBBEYC/?spm_id_from=333.1387.favlist.content.click&vd_source=bdf775a036c61c0159ac2f0c251aaeb7,1,BV1Lb6tBBEYC,【4K精剪】闭嘴跳舞 | 杨博文直拍 | 260201,underthepoplar,2026-02-02 00:00:55,345043.0,26670.0,13958.0,18873.0,6308.0,1808.0,3037.0,2.0,
2026-07-31 14:30:03,https://www.bilibili.com/video/BV1mJ64BREZY/?spm_id_from=333.1387.favlist.content.click&vd_source=bdf775a036c61c0159ac2f0c251aaeb7,2,BV1mJ64BREZY,【杨博文】闭嘴跳舞丨当主舞穿上西装就会得到,Kismet丨杨博文,2026-02-01 18:31:00,596905.0,34831.0,3772.0,25146.0,4554.0,442.0,592.0,11.0,
2026-07-31 14:30:03,https://www.bilibili.com/video/BV1XA6nBGEPV/?spm_id_from=333.1387.favlist.content.click,3,BV1XA6nBGEPV,【4K精剪】希区考克 作品152 | 杨博文直拍 | 260131,underthepoplar,2026-02-01 00:23:17,1932839.0,23137.0,21874.0,19602.0,17735.0,3986.0,6859.0,1.0,
2026-07-31 14:30:03,https://www.bilibili.com/video/BV1EGBCBmEo8/?spm_id_from=333.1387.favlist.content.click,4,BV1EGBCBmEo8,【杨博文｜4K高清直拍】魅魔级别的《Manta》舞台，看博文如何一yeah封神,关键时刻来瓶尖叫,2025-12-27 23:15:44,865358.0,12146.0,9509.0,10828.0,12684.0,973.0,2312.0,2.0,
2026-07-31 14:30:03,https://www.bilibili.com/video/BV1A5vkB2E1k/?spm_id_from=333.1387.favlist.content.click,5,BV1A5vkB2E1k,【杨博文】Hey Mama六机位纯舞直拍丨15岁舞台统治者的诞生，四代主舞燃炸全场！,Kismet丨杨博文,2025-12-28 22:28:16,2612877.0,62668.0,43974.0,45363.0,21861.0,13494.0,21046.0,11.0,
2026-07-31 14:30:03,https://www.bilibili.com/video/BV1EQK56xEZk/?spm_id_from=333.1387.favlist.content.click,6,BV1EQK56xEZk,【杨博文｜音乐现场】｜《全世界陪我出发》4K直拍，考核第一的大C位实在太亮眼！,关键时刻来瓶尖叫,2026-07-16 20:29:02,226220.0,9589.0,2693.0,5378.0,5635.0,10090.0,7755.0,13.0,
2026-07-31 14:30:03,https://www.bilibili.com/video/BV1JUK56tEh5/?spm_id_from=333.1387.favlist.content.click,7,BV1JUK56tEh5,【杨博文｜音乐现场】全程舒适！跟着标准答案出发不迷路｜《全世界陪我出发》4k横屏直拍,游园会_杨博文,2026-07-16 20:06:19,152037.0,7156.0,2292.0,3807.0,5068.0,1940.0,1769.0,1.0,
2026-07-31 14:30:03,https://www.bilibili.com/video/BV1kFKG6pEPe/?spm_id_from=333.1387.favlist.content.click,8,BV1kFKG6pEPe,【杨博文】夏日运动会《全世界陪我出发》4K直拍,Eternity丨杨博文,2026-07-16 19:13:38,40085.0,4683.0,710.0,2613.0,2323.0,36.0,93.0,1.0,
2026-07-31 14:30:03,bilibili.com/video/BV1M9ePzaELH/?spm_id_from=333.337.search-card.all.click,9,BV1M9ePzaELH,「杨博文｜卡拉永远OK」突发舞台事故？我怎么没看见,Astra_杨博文,2025-08-19 22:15:30,821057.0,14529.0,4646.0,9692.0,10688.0,620.0,536.0,6.0,
2026-07-31 14:30:03,4024802299,10,,失败,,,,,,,,,,,无法解析BV号: 4024802299
2026-07-31 15:00:09,https://www.bilibili.com/video/BV1jN64BKECs/?spm_id_from=333.337.search-card.all.click,0,BV1jN64BKECs,【杨博文｜4K直拍】跟着节奏一起《闭嘴跳舞》～,关键时刻来瓶尖叫,2026-02-01 20:20:32,1426836.0,25840.0,15771.0,22022.0,6951.0,2371.0,7085.0,1.0,
2026-07-31 15:00:09,https://www.bilibili.com/video/BV1Lb6tBBEYC/?spm_id_from=333.1387.favlist.content.click&vd_source=bdf775a036c61c0159ac2f0c251aaeb7,1,BV1Lb6tBBEYC,【4K精剪】闭嘴跳舞 | 杨博文直拍 | 260201,underthepoplar,2026-02-02 00:00:55,345132.0,26679.0,13958.0,18880.0,6324.0,1808.0,3037.0,8.0,
2026-07-31 15:00:09,https://www.bilibili.com/video/BV1mJ64BREZY/?spm_id_from=333.1387.favlist.content.click&vd_source=bdf775a036c61c0159ac2f0c251aaeb7,2,BV1mJ64BREZY,【杨博文】闭嘴跳舞丨当主舞穿上西装就会得到,Kismet丨杨博文,2026-02-01 18:31:00,597010.0,34834.0,3772.0,25148.0,4570.0,442.0,592.0,10.0,
2026-07-31 15:00:09,https://www.bilibili.com/video/BV1XA6nBGEPV/?spm_id_from=333.1387.favlist.content.click,3,BV1XA6nBGEPV,【4K精剪】希区考克 作品152 | 杨博文直拍 | 260131,underthepoplar,2026-02-01 00:23:17,1932853.0,23138.0,21875.0,19603.0,17751.0,3986.0,6859.0,1.0,
2026-07-31 15:00:09,https://www.bilibili.com/video/BV1EGBCBmEo8/?spm_id_from=333.1387.favlist.content.click,4,BV1EGBCBmEo8,【杨博文｜4K高清直拍】魅魔级别的《Manta》舞台，看博文如何一yeah封神,关键时刻来瓶尖叫,2025-12-27 23:15:44,865531.0,12146.0,9509.0,10829.0,12684.0,973.0,2312.0,5.0,
2026-07-31 15:00:09,https://www.bilibili.com/video/BV1A5vkB2E1k/?spm_id_from=333.1387.favlist.content.click,5,BV1A5vkB2E1k,【杨博文】Hey Mama六机位纯舞直拍丨15岁舞台统治者的诞生，四代主舞燃炸全场！,Kismet丨杨博文,2025-12-28 22:28:16,2613067.0,62668.0,43974.0,45366.0,21878.0,13494.0,21046.0,11.0,
2026-07-31 15:00:09,https://www.bilibili.com/video/BV1EQK56xEZk/?spm_id_from=333.1387.favlist.content.click,6,BV1EQK56xEZk,【杨博文｜音乐现场】｜《全世界陪我出发》4K直拍，考核第一的大C位实在太亮眼！,关键时刻来瓶尖叫,2026-07-16 20:29:02,226460.0,9599.0,2697.0,5384.0,5635.0,10090.0,7755.0,21.0,
2026-07-31 15:00:09,https://www.bilibili.com/video/BV1JUK56tEh5/?spm_id_from=333.1387.favlist.content.click,7,BV1JUK56tEh5,【杨博文｜音乐现场】全程舒适！跟着标准答案出发不迷路｜《全世界陪我出发》4k横屏直拍,游园会_杨博文,2026-07-16 20:06:19,152141.0,7156.0,2292.0,3807.0,5068.0,1940.0,1769.0,1.0,
2026-07-31 15:00:09,https://www.bilibili.com/video/BV1kFKG6pEPe/?spm_id_from=333.1387.favlist.content.click,8,BV1kFKG6pEPe,【杨博文】夏日运动会《全世界陪我出发》4K直拍,Eternity丨杨博文,2026-07-16 19:13:38,40094.0,4685.0,710.0,2613.0,2323.0,36.0,93.0,1.0,
2026-07-31 15:00:09,bilibili.com/video/BV1M9ePzaELH/?spm_id_from=333.337.search-card.all.click,9,BV1M9ePzaELH,「杨博文｜卡拉永远OK」突发舞台事故？我怎么没看见,Astra_杨博文,2025-08-19 22:15:30,821131.0,14529.0,4646.0,9694.0,10688.0,620.0,536.0,9.0,
2026-07-31 15:00:09,BV11qz4BJESa,10,BV11qz4BJESa,三点,ktmmt91,2026-01-26 03:54:41,204.0,1.0,0.0,2.0,0.0,0.0,0.0,1.0,
2026-07-31 15:30:08,https://www.bilibili.com/video/BV1jN64BKECs/?spm_id_from=333.337.search-card.all.click,0,BV1jN64BKECs,【杨博文｜4K直拍】跟着节奏一起《闭嘴跳舞》～,关键时刻来瓶尖叫,2026-02-01 20:20:32,1426858.0,25840.0,15771.0,22022.0,6955.0,2371.0,7085.0,3.0,
2026-07-31 15:30:08,https://www.bilibili.com/video/BV1Lb6tBBEYC/?spm_id_from=333.1387.favlist.content.click&vd_source=bdf775a036c61c0159ac2f0c251aaeb7,1,BV1Lb6tBBEYC,【4K精剪】闭嘴跳舞 | 杨博文直拍 | 260201,underthepoplar,2026-02-02 00:00:55,345233.0,26681.0,13960.0,18882.0,6330.0,1808.0,3037.0,8.0,
2026-07-31 15:30:08,https://www.bilibili.com/video/BV1mJ64BREZY/?spm_id_from=333.1387.favlist.content.click&vd_source=bdf775a036c61c0159ac2f0c251aaeb7,2,BV1mJ64BREZY,【杨博文】闭嘴跳舞丨当主舞穿上西装就会得到,Kismet丨杨博文,2026-02-01 18:31:00,597084.0,34837.0,3772.0,25149.0,4575.0,442.0,592.0,13.0,
2026-07-31 15:30:08,https://www.bilibili.com/video/BV1XA6nBGEPV/?spm_id_from=333.1387.favlist.content.click,3,BV1XA6nBGEPV,【4K精剪】希区考克 作品152 | 杨博文直拍 | 260131,underthepoplar,2026-02-01 00:23:17,1932872.0,23138.0,21875.0,19604.0,17755.0,3986.0,6859.0,1.0,
2026-07-31 15:30:08,https://www.bilibili.com/video/BV1EGBCBmEo8/?spm_id_from=333.1387.favlist.content.click,4,BV1EGBCBmEo8,【杨博文｜4K高清直拍】魅魔级别的《Manta》舞台，看博文如何一yeah封神,关键时刻来瓶尖叫,2025-12-27 23:15:44,865681.0,12148.0,9511.0,10834.0,12684.0,973.0,2312.0,8.0,
2026-07-31 15:30:08,https://www.bilibili.com/video/BV1A5vkB2E1k/?spm_id_from=333.1387.favlist.content.click,5,BV1A5vkB2E1k,【杨博文】Hey Mama六机位纯舞直拍丨15岁舞台统治者的诞生，四代主舞燃炸全场！,Kismet丨杨博文,2025-12-28 22:28:16,2613232.0,62671.0,43974.0,45372.0,21882.0,13494.0,21050.0,11.0,
2026-07-31 15:30:08,https://www.bilibili.com/video/BV1EQK56xEZk/?spm_id_from=333.1387.favlist.content.click,6,BV1EQK56xEZk,【杨博文｜音乐现场】｜《全世界陪我出发》4K直拍，考核第一的大C位实在太亮眼！,关键时刻来瓶尖叫,2026-07-16 20:29:02,226665.0,9609.0,2702.0,5391.0,5635.0,10090.0,7755.0,17.0,
2026-07-31 15:30:08,https://www.bilibili.com/video/BV1JUK56tEh5/?spm_id_from=333.1387.favlist.content.click,7,BV1JUK56tEh5,【杨博文｜音乐现场】全程舒适！跟着标准答案出发不迷路｜《全世界陪我出发》4k横屏直拍,游园会_杨博文,2026-07-16 20:06:19,152220.0,7158.0,2292.0,3809.0,5068.0,1940.0,1769.0,2.0,
2026-07-31 15:30:08,https://www.bilibili.com/video/BV1kFKG6pEPe/?spm_id_from=333.1387.favlist.content.click,8,BV1kFKG6pEPe,【杨博文】夏日运动会《全世界陪我出发》4K直拍,Eternity丨杨博文,2026-07-16 19:13:38,40100.0,4687.0,710.0,2614.0,2323.0,36.0,93.0,1.0,
2026-07-31 15:30:08,bilibili.com/video/BV1M9ePzaELH/?spm_id_from=333.337.search-card.all.click,9,BV1M9ePzaELH,「杨博文｜卡拉永远OK」突发舞台事故？我怎么没看见,Astra_杨博文,2025-08-19 22:15:30,821198.0,14532.0,4648.0,9697.0,10688.0,620.0,536.0,11.0,
2026-07-31 15:30:08,BV11qz4BJESa,10,BV11qz4BJESa,三点,ktmmt91,2026-01-26 03:54:41,204.0,1.0,0.0,2.0,0.0,0.0,0.0,1.0,
2026-07-31 16:00:01,https://www.bilibili.com/video/BV1jN64BKECs/?spm_id_from=333.337.search-card.all.click,0,BV1jN64BKECs,【杨博文｜4K直拍】跟着节奏一起《闭嘴跳舞》～,关键时刻来瓶尖叫,2026-02-01 20:20:32,1426884.0,25842.0,15771.0,22022.0,6956.0,2371.0,7086.0,3.0,
2026-07-31 16:00:01,https://www.bilibili.com/video/BV1Lb6tBBEYC/?spm_id_from=333.1387.favlist.content.click&vd_source=bdf775a036c61c0159ac2f0c251aaeb7,1,BV1Lb6tBBEYC,【4K精剪】闭嘴跳舞 | 杨博文直拍 | 260201,underthepoplar,2026-02-02 00:00:55,345299.0,26684.0,13960.0,18883.0,6331.0,1808.0,3037.0,5.0,
2026-07-31 16:00:01,https://www.bilibili.com/video/BV1mJ64BREZY/?spm_id_from=333.1387.favlist.content.click&vd_source=bdf775a036c61c0159ac2f0c251aaeb7,2,BV1mJ64BREZY,【杨博文】闭嘴跳舞丨当主舞穿上西装就会得到,Kismet丨杨博文,2026-02-01 18:31:00,597195.0,34841.0,3772.0,25153.0,4576.0,442.0,592.0,11.0,
2026-07-31 16:00:01,https://www.bilibili.com/video/BV1XA6nBGEPV/?spm_id_from=333.1387.favlist.content.click,3,BV1XA6nBGEPV,【4K精剪】希区考克 作品152 | 杨博文直拍 | 260131,underthepoplar,2026-02-01 00:23:17,1932885.0,23141.0,21877.0,19605.0,17756.0,3986.0,6859.0,1.0,
2026-07-31 16:00:01,https://www.bilibili.com/video/BV1EGBCBmEo8/?spm_id_from=333.1387.favlist.content.click,4,BV1EGBCBmEo8,【杨博文｜4K高清直拍】魅魔级别的《Manta》舞台，看博文如何一yeah封神,关键时刻来瓶尖叫,2025-12-27 23:15:44,865832.0,12149.0,9511.0,10835.0,12684.0,973.0,2312.0,7.0,
2026-07-31 16:00:01,https://www.bilibili.com/video/BV1A5vkB2E1k/?spm_id_from=333.1387.favlist.content.click,5,BV1A5vkB2E1k,【杨博文】Hey Mama六机位纯舞直拍丨15岁舞台统治者的诞生，四代主舞燃炸全场！,Kismet丨杨博文,2025-12-28 22:28:16,2613401.0,62673.0,43974.0,45374.0,21883.0,13495.0,21050.0,8.0,
2026-07-31 16:00:01,https://www.bilibili.com/video/BV1EQK56xEZk/?spm_id_from=333.1387.favlist.content.click,6,BV1EQK56xEZk,【杨博文｜音乐现场】｜《全世界陪我出发》4K直拍，考核第一的大C位实在太亮眼！,关键时刻来瓶尖叫,2026-07-16 20:29:02,226860.0,9617.0,2704.0,5392.0,5635.0,10090.0,7755.0,16.0,
2026-07-31 16:00:01,https://www.bilibili.com/video/BV1JUK56tEh5/?spm_id_from=333.1387.favlist.content.click,7,BV1JUK56tEh5,【杨博文｜音乐现场】全程舒适！跟着标准答案出发不迷路｜《全世界陪我出发》4k横屏直拍,游园会_杨博文,2026-07-16 20:06:19,152313.0,7158.0,2292.0,3809.0,5068.0,1940.0,1769.0,2.0,
2026-07-31 16:00:01,https://www.bilibili.com/video/BV1kFKG6pEPe/?spm_id_from=333.1387.favlist.content.click,8,BV1kFKG6pEPe,【杨博文】夏日运动会《全世界陪我出发》4K直拍,Eternity丨杨博文,2026-07-16 19:13:38,40108.0,4689.0,710.0,2615.0,2323.0,36.0,93.0,1.0,
2026-07-31 16:00:01,bilibili.com/video/BV1M9ePzaELH/?spm_id_from=333.337.search-card.all.click,9,BV1M9ePzaELH,「杨博文｜卡拉永远OK」突发舞台事故？我怎么没看见,Astra_杨博文,2025-08-19 22:15:30,821262.0,14534.0,4650.0,9698.0,10688.0,620.0,536.0,6.0,
2026-07-31 16:00:01,BV1gx316VEoZ,10,BV1gx316VEoZ,自测,你吃不吃蛋挞-Y,2026-07-29 19:15:14,0.0,0.0,0.0,0.0,0.0,0.0,0.0,1.0,
2026-07-31 16:00:01,BV1UG3x6JEho,11,BV1UG3x6JEho,0801-0803自测勿点1,你做咩吖咩,2026-07-30 12:20:31,2.0,0.0,0.0,0.0,0.0,0.0,0.0,1.0,
2026-07-31 16:00:01,BV1ku3463EPp,12,BV1ku3463EPp,自测勿点,总有一天找到你,2026-07-30 20:11:56,11.0,0.0,0.0,1.0,0.0,0.0,0.0,1.0,
2026-07-31 16:00:01,BV1WN3b6QEfh,13,BV1WN3b6QEfh,？,玳瑁大魔王,2026-07-30 22:47:52,249.0,2.0,0.0,0.0,0.0,0.0,0.0,1.0,
2026-07-31 16:00:01,BV1EEFSzWE7Y,14,BV1EEFSzWE7Y,2.10自测视频不要点谢谢！,燃烧浮生哦改哦拖,2026-02-10 15:49:42,126.0,0.0,0.0,1.0,0.0,0.0,0.0,1.0,
2026-07-31 16:00:01,BV1mJ3t6pEef,15,BV1mJ3t6pEef,自测，勿点,zoz-iii,2026-07-30 17:00:46,46.0,1.0,0.0,1.0,0.0,0.0,0.0,1.0,
2026-07-31 16:00:01,BV1zv3x6eEup,18,BV1zv3x6eEup,自测,lala懒懒新新,2026-07-30 11:15:20,34.0,0.0,0.0,1.0,0.0,0.0,0.0,1.0,
2026-07-31 16:00:01,BV1fC3n6XE69,19,BV1fC3n6XE69,自测，请勿点击,crown2025,2026-07-29 21:46:27,13.0,0.0,0.0,1.0,0.0,0.0,0.0,1.0,
2026-07-31 16:00:01,BV17EGc6AEVT,20,BV17EGc6AEVT,7.30自测,契樱超甜,2026-07-31 13:13:21,25.0,0.0,0.0,1.0,0.0,0.0,0.0,1.0,
2026-07-31 16:00:01,BV1seNB6wEPh,22,BV1seNB6wEPh,自测视频，请勿点击！,爱意再次来袭,2026-07-16 00:06:20,5.0,23.0,0.0,1.0,0.0,0.0,0.0,1.0,
2026-07-31 16:00:01,BV1BJ3b6GECG,23,BV1BJ3b6GECG,自测,啵啵冬Y,2026-07-30 23:14:49,0.0,0.0,0.0,0.0,0.0,0.0,0.0,1.0,
2026-07-31 16:00:01,BV17F3t6TE7b,25,BV17F3t6TE7b,自测请勿点击,加菲走猫步,2026-07-30 17:50:23,10.0,0.0,0.0,0.0,0.0,0.0,0.0,1.0,
2026-07-31 16:00:01,BV1296CBiEbP,26,BV1296CBiEbP,红色元素视频开头素材,机智豆好鸡汁,2026-01-31 15:24:51,3432.0,0.0,0.0,19.0,0.0,0.0,0.0,1.0,
2026-07-31 16:00:01,BV17EGc6AEip,27,BV17EGc6AEip,7.30自测,我要薯啦awa,2026-07-31 13:14:17,1.0,0.0,0.0,0.0,0.0,0.0,0.0,1.0,
2026-07-31 16:00:01,BV1Rd3p6pEHy,28,BV1Rd3p6pEHy,自测视频 勿点1,苓且,2026-07-30 10:42:09,8.0,0.0,0.0,1.0,0.0,0.0,0.0,1.0,
2026-07-31 16:00:01,BV1hm3x6xE8F,29,BV1hm3x6xE8F,【bbbbbb8330】我的最新作品，快来一睹为快！,bbbbbb8330,2026-07-30 11:49:13,0.0,0.0,0.0,0.0,0.0,0.0,0.0,1.0,
2026-07-31 16:00:01,BV1CF316FEGk,30,BV1CF316FEGk,自测勿进,Xisooay,2026-07-29 22:27:23,15.0,0.0,0.0,1.0,0.0,0.0,0.0,1.0,
2026-07-31 16:00:01,BV1i3316QEi4,32,BV1i3316QEi4,自测勿点,就吃一根薯条蘸茄汁,2026-07-29 21:03:16,7.0,0.0,0.0,0.0,0.0,0.0,0.0,1.0,
2026-07-31 16:00:01,BV1oq3x6AExN,33,BV1oq3x6AExN,自测视频1.0,咬一口北北脸颊肉,2026-07-30 11:11:33,4.0,1.0,0.0,0.0,0.0,0.0,0.0,1.0,
2026-07-31 16:00:01,BV1GT5v6xEDT,34,BV1GT5v6xEDT,【玖儿糖糖】最新视频上线，求关注！,玖儿糖糖,2026-05-15 17:52:26,5.0,2.0,0.0,1.0,0.0,0.0,0.0,1.0,
2026-07-31 16:00:01,BV1RQ3n67Err,35,BV1RQ3n67Err,自测视频 请勿点开,嘟嘟DuduOvo,2026-07-29 22:39:48,2.0,0.0,0.0,1.0,0.0,0.0,0.0,1.0,
2026-07-31 16:00:01,BV1K23b69EFY,36,BV1K23b69EFY,自测勿点1,枝刊续__,2026-07-30 20:33:15,160.0,1.0,0.0,1.0,0.0,0.0,0.0,1.0,
2026-07-31 16:00:01,BV19F3W6SEvK,37,BV19F3W6SEvK,自测勿入,太阳很大不要鼠,2026-07-30 10:46:35,11.0,0.0,0.0,1.0,0.0,0.0,0.0,1.0,
2026-07-31 16:00:01,BV12J3t6pEtx,38,BV12J3t6pEtx,第一阶段自测,这个名字真的很难想,2026-07-30 17:39:10,0.0,0.0,0.0,0.0,0.0,0.0,0.0,1.0,
2026-07-31 16:00:01,BV1ef316SEGT,40,BV1ef316SEGT,超级自测,小小littlesheep,2026-07-29 19:07:58,3.0,0.0,0.0,0.0,0.0,0.0,0.0,1.0,
2026-07-31 16:00:01,BV1jT386gEJW,42,BV1jT386gEJW,自测勿点1,小羊下雨问妖,2026-07-30 21:05:41,7.0,0.0,0.0,1.0,0.0,0.0,0.0,1.0,
2026-07-31 16:00:01,BV1Qr4y157Y4,43,BV1Qr4y157Y4,只是做任务,nicoicc,2022-08-06 13:18:05,96.0,5.0,0.0,1.0,0.0,1.0,0.0,1.0,
2026-07-31 16:00:01,BV1Ua316MENn,44,BV1Ua316MENn,自测 请勿点击,杨博文小漂亮,2026-07-29 20:03:49,15.0,1.0,0.0,0.0,0.0,0.0,0.0,1.0,
2026-07-31 16:00:01,BV1sB316PEE2,45,BV1sB316PEE2,7.31-8.3自测,我素质低你让让我,2026-07-29 19:49:17,105.0,0.0,0.0,1.0,0.0,0.0,0.0,1.0,
2026-07-31 16:00:01,BV1Bg316pE2m,46,BV1Bg316pE2m,自测请勿点击,obsession-202,2026-07-29 21:27:37,19.0,0.0,0.0,1.0,0.0,0.0,0.0,1.0,
2026-07-31 16:00:01,BV1U9KV6KEN5,47,BV1U9KV6KEN5,自测勿点,杨語文歌,2026-07-16 22:39:00,167.0,12.0,0.0,1.0,0.0,0.0,0.0,1.0,
2026-07-31 16:00:01,BV1PQ3b6nEVG,48,BV1PQ3b6nEVG,博丝自测，勿点谢谢1.0,bili_53292940566,2026-07-30 20:19:46,12.0,0.0,0.0,2.0,0.0,0.0,0.0,1.0,
2026-07-31 16:00:01,BV1RkGF6oEFv,49,BV1RkGF6oEFv,自测1勿点-第一赛段,丨失眠数羊丨,2026-07-31 13:26:07,1.0,2.0,0.0,1.0,0.0,0.0,0.0,1.0,
2026-07-31 16:00:01,BV1ipGc68EUC,51,BV1ipGc68EUC,自测视频勿点,新用户080913,2026-07-31 12:57:28,31.0,0.0,0.0,1.0,0.0,0.0,0.0,1.0,
2026-07-31 16:00:01,BV1Tk3b64EA2,52,BV1Tk3b64EA2,自测勿点,怪盗乌哩哩,2026-07-30 22:13:24,100.0,1.0,0.0,0.0,0.0,0.0,0.0,1.0,
2026-07-31 16:00:01,BV1wR3b6EEvB,53,BV1wR3b6EEvB,自测2，自用,梦汐MX,2026-07-30 20:30:28,25.0,1.0,0.0,1.0,0.0,0.0,0.0,1.0,
2026-07-31 16:00:01,BV1eF3x6bEZY,54,BV1eF3x6bEZY,自测勿点,牛肉干爹,2026-07-30 14:00:28,114.0,2.0,0.0,1.0,0.0,1.0,0.0,1.0,
2026-07-31 16:00:01,BV1Qm3x6xEvj,55,BV1Qm3x6xEvj,自测勿进,A鸡蛋批发商,2026-07-30 11:49:19,183.0,3.0,0.0,2.0,0.0,0.0,0.0,1.0,
2026-07-31 16:00:01,BV1xa3n6wESf,56,BV1xa3n6wESf,自测视频｜自用勿点,Solbudglow,2026-07-29 23:26:09,3.0,0.0,0.0,0.0,0.0,0.0,0.0,1.0,
2026-07-31 16:00:01,BV1ug3x6QEU5,57,BV1ug3x6QEU5,第一阶段3 听视频 勿动勿点,桧云渺,2026-07-30 12:22:56,2.0,0.0,0.0,1.0,0.0,0.0,0.0,1.0,
2026-07-31 16:00:01,BV15s346cEVW,58,BV15s346cEVW,自测请勿点击,长在红旗下好青年,2026-07-30 18:06:00,6.0,0.0,0.0,0.0,0.0,0.0,0.0,1.0,
2026-07-31 16:00:01,BV19o3p6QExT,59,BV19o3p6QExT,自测视频勿入,嘎贝大王万万岁,2026-07-30 10:36:49,124.0,2.0,0.0,1.0,0.0,0.0,0.0,1.0,
2026-07-31 16:00:01,BV1dT386uEX9,60,BV1dT386uEX9,自测1勿点,很爱学习的华夫饼,2026-07-30 21:02:19,104.0,0.0,0.0,1.0,0.0,0.0,0.0,1.0,
2026-07-31 16:00:01,BV1Rr3x68Eto,61,BV1Rr3x68Eto,第一阶段自测2 勿动勿点,书源不打烊ov2,2026-07-30 12:05:10,3.0,0.0,0.0,1.0,0.0,0.0,0.0,1.0,
2026-07-31 16:00:01,BV1EEGc6AEB1,62,BV1EEGc6AEB1,自测，勿点1,小妍love妮,2026-07-31 13:10:05,1.0,0.0,0.0,1.0,0.0,0.0,0.0,1.0,
2026-07-31 16:00:01,BV1hp3165Eq7,63,BV1hp3165Eq7,自测，勿点！,Insist愛,2026-07-29 19:38:40,3.0,0.0,0.0,1.0,0.0,0.0,0.0,1.0,
2026-07-31 16:00:01,BV1Eq3x6PEwg,64,BV1Eq3x6PEwg,自测,哈哈哈哈哈11_,2026-07-30 11:08:49,4.0,0.0,0.0,1.0,0.0,0.0,0.0,1.0,
2026-07-31 16:00:01,BV12J3x6yEV6,65,BV12J3x6yEV6,自测视频勿点,爱意埋入海,2026-07-30 13:24:08,7.0,0.0,0.0,1.0,0.0,0.0,0.0,1.0,
2026-07-31 16:00:01,BV1d3316QERP,66,BV1d3316QERP,自测视频1,呆羊精得很,2026-07-29 21:01:11,2.0,0.0,0.0,0.0,1.0,0.0,0.0,1.0,
2026-07-31 16:00:01,BV1Su3x6HE9g,67,BV1Su3x6HE9g,自测 勿点1,满目霖郎,2026-07-30 12:44:48,17.0,0.0,0.0,1.0,0.0,0.0,0.0,1.0,
2026-07-31 16:00:01,BV18z3b6bE71,68,BV18z3b6bE71,自测视频-1,么么北北mmbb,2026-07-30 22:01:50,127.0,2.0,0.0,1.0,0.0,0.0,0.0,1.0,
2026-07-31 16:00:01,BV1cg346rEVx,69,BV1cg346rEVx,粉海,zmmxi,2026-07-30 20:08:09,9.0,0.0,0.0,0.0,0.0,0.0,0.0,1.0,
2026-07-31 16:00:01,BV1Xm3x6xEFo,70,BV1Xm3x6xEFo,自测勿进,寿喜丸子锅,2026-07-30 11:49:45,19.0,1.0,0.0,2.0,0.0,0.0,0.0,1.0,
2026-07-31 16:00:01,BV11P3b6pEyQ,71,BV11P3b6pEyQ,自测路人勿入,语柒词,2026-07-30 22:32:04,87.0,0.0,0.0,1.0,0.0,0.0,0.0,1.0,
2026-07-31 16:00:01,BV1mf3t6dE7b,72,BV1mf3t6dE7b,自测请勿点击,桃那个夭,2026-07-30 23:02:31,2.0,0.0,0.0,1.0,0.0,0.0,0.0,1.0,
2026-07-31 16:00:01,BV1pd3J6dE9x,73,BV1pd3J6dE9x,自测误点,只加冰__,2026-07-29 23:54:51,0.0,0.0,0.0,1.0,0.0,0.0,0.0,1.0,
2026-07-31 16:00:01,BV1VYNv6KEHa,74,BV1VYNv6KEHa,自测,是小文文ya,2026-07-15 14:21:13,446.0,14.0,0.0,1.0,0.0,0.0,0.0,1.0,
2026-07-31 16:00:01,BV1ZTKY6MEKB,75,BV1ZTKY6MEKB,自测别点,芋泥脑袋x,2026-07-22 00:01:37,137.0,18.0,0.0,1.0,0.0,0.0,0.0,1.0,
2026-07-31 16:00:01,BV1z23n6QEwm,76,BV1z23n6QEwm,自测视频 不要点开,61小幺妹,2026-07-29 22:29:25,1.0,1.0,0.0,1.0,0.0,0.0,0.0,1.0,
2026-07-31 16:00:01,BV1qqGF6cEXJ,77,BV1qqGF6cEXJ,自测2勿点-第一赛段,丨失眠数羊丨,2026-07-31 13:40:31,3.0,0.0,0.0,1.0,0.0,0.0,0.0,1.0,
2026-07-31 16:00:01,BV1c23p6hEgY,79,BV1c23p6hEgY,自测勿入,呆博萌羊_0601,2026-07-30 10:16:13,8.0,0.0,0.0,1.0,0.0,0.0,0.0,1.0,
2026-07-31 16:00:01,BV1hW316CE2T,80,BV1hW316CE2T,自测 勿点 7.31-8.3,妈粉来自Slytherin,2026-07-29 19:21:34,1.0,0.0,0.0,1.0,0.0,0.0,0.0,1.0,
2026-07-31 16:00:01,BV1GF3W6DEBc,81,BV1GF3W6DEBc,自测 勿点！！,源琳-,2026-07-30 10:44:29,9.0,0.0,0.0,0.0,0.0,0.0,0.0,1.0,
2026-07-31 16:00:01,BV18U3x6RESK,82,BV18U3x6RESK,【M雨梦】最新视频已上线，快来围观！,M雨梦,2026-07-30 11:45:25,0.0,0.0,0.0,0.0,0.0,0.0,0.0,1.0,
2026-07-31 16:00:01,BV1yB316PECF,83,BV1yB316PECF,7.31-8.3自测2,我素质低你让让我,2026-07-29 19:50:14,51.0,0.0,0.0,1.0,0.0,0.0,0.0,1.0,
2026-07-31 16:00:01,BV1J63n6dEUw,84,BV1J63n6dEUw,自测（勿点）,楊小咩_sheep,2026-07-29 21:35:56,0.0,0.0,0.0,0.0,0.0,0.0,0.0,1.0,
2026-07-31 16:00:01,BV1Y13x6oEEC,85,BV1Y13x6oEEC,第一阶段自测1 勿动勿点,周洲舟ov,2026-07-30 12:08:32,2.0,0.0,0.0,1.0,0.0,0.0,0.0,1.0,
2026-07-31 16:00:01,BV1Y1GF6REak,86,BV1Y1GF6REak,7.31自测，勿入！,蕴璞,2026-07-31 13:37:15,2.0,0.0,0.0,0.0,0.0,0.0,0.0,1.0,
2026-07-31 16:00:01,BV1UG3x6JEtV,87,BV1UG3x6JEtV,mmm赛段自测01,MadMadMe,2026-07-30 12:18:37,1.0,0.0,0.0,1.0,0.0,0.0,0.0,1.0,
2026-07-31 16:00:01,BV1sD3J6FER8,88,BV1sD3J6FER8,自测视频 禁止点击,羊村常住村民,2026-07-30 00:13:00,111.0,1.0,0.0,0.0,0.0,0.0,0.0,1.0,
2026-07-31 16:00:01,BV11qz4BJESa,89,BV11qz4BJESa,三点,ktmmt91,2026-01-26 03:54:41,204.0,1.0,0.0,2.0,0.0,0.0,0.0,1.0,
2026-07-31 16:00:01,BV1Du3x6HEs4,90,BV1Du3x6HEs4,肆意自测别点,肆意再现,2026-07-30 12:45:59,0.0,0.0,0.0,0.0,0.0,0.0,0.0,1.0,
2026-07-31 16:00:01,BV1GY3b6YEgN,91,BV1GY3b6YEgN,自测，勿点1,你爱喝果粒橙么,2026-07-30 22:19:49,13.0,1.0,0.0,1.0,0.0,0.0,0.0,1.0,
2026-07-31 16:00:01,BV1ef316SECU,92,BV1ef316SECU,【玖玖糖糖】最新视频上线，求关注！,玖玖糖糖,2026-07-29 19:26:11,20.0,0.0,0.0,1.0,0.0,0.0,0.0,1.0,
2026-07-31 16:00:01,BV16N316dER1,94,BV16N316dER1,【玖玖糖糖糖】最新视频来袭，快来看看吧！,玖玖糖糖糖,2026-07-29 21:22:29,12.0,0.0,0.0,0.0,0.0,0.0,0.0,1.0,
2026-07-31 16:00:01,BV1yH3x6VETZ,95,BV1yH3x6VETZ,自测视频，勿点一一一,dddddash6,2026-07-30 13:19:40,83.0,0.0,0.0,0.0,0.0,0.0,0.0,1.0,
2026-07-31 16:00:01,BV1Vh3h6kES4,96,BV1Vh3h6kES4,自测勿点,huixuan128,2026-07-31 00:50:54,18.0,0.0,0.0,1.0,0.0,0.0,0.0,1.0,
2026-07-31 16:00:01,BV1w63p6eENE,97,BV1w63p6eENE,自测勿点,不同CD,2026-07-30 10:33:21,7.0,1.0,0.0,1.0,0.0,0.0,0.0,1.0,
2026-07-31 16:00:01,BV15d3p6WEsc,98,BV15d3p6WEsc,自测 勿点‼️‼️‼️,椿芽榴莲,2026-07-30 10:41:29,6.0,0.0,0.0,0.0,0.0,0.0,0.0,1.0,
2026-07-31 16:00:01,BV1nSK56oEwv,99,BV1nSK56oEwv,自测,Oopsoooh,2026-07-16 20:18:14,342.0,16.0,0.0,1.0,0.0,0.0,0.0,1.0,
2026-07-31 16:00:01,BV1yB316PEU5,100,BV1yB316PEU5,7.31-8.3自测3,我素质低你让让我,2026-07-29 19:50:20,82.0,0.0,0.0,1.0,0.0,0.0,0.0,1.0,
2026-07-31 16:00:01,BV1jt3h6yEjW,101,BV1jt3h6yEjW,自测视频勿点,sherry银河系,2026-07-31 01:15:45,11.0,0.0,0.0,1.0,0.0,0.0,0.0,1.0,
2026-07-31 16:00:01,BV1wQ346kET4,102,BV1wQ346kET4,自测勿点1,潇潇暮晚吟,2026-07-30 17:06:15,1.0,0.0,0.0,0.0,0.0,0.0,0.0,1.0,
2026-07-31 16:00:01,BV1JVNY63ECm,103,BV1JVNY63ECm,亲爱的心疼是一场有时差的雨,芋泥牛奶吐司,2026-07-15 11:23:03,1247.0,15.0,0.0,2.0,0.0,0.0,0.0,1.0,
2026-07-31 16:00:01,BV1J3NJ6NEXP,104,BV1J3NJ6NEXP,自测勿点,沙耶-lan,2026-07-10 22:16:09,46.0,10.0,0.0,1.0,0.0,0.0,0.0,1.0,
2026-07-31 16:00:01,BV1BqGF6cEXT,105,BV1BqGF6cEXT,自测，勿点1,落叶眠烟,2026-07-31 13:41:36,2.0,0.0,0.0,1.0,0.0,0.0,0.0,1.0,
2026-07-31 16:00:01,BV1Vb3b6KEj6,106,BV1Vb3b6KEj6,自测1.0折杏春版,折杏春,2026-07-30 21:26:27,2.0,0.0,0.0,0.0,0.0,0.0,0.0,1.0,
2026-07-31 16:00:01,BV14U3J6hEEh,107,BV14U3J6hEEh,自测视频 禁止点击,波纹牌保文杯,2026-07-30 00:17:13,12.0,0.0,0.0,0.0,0.0,0.0,0.0,1.0,
2026-07-31 16:00:01,BV1kuGc6uEPM,108,BV1kuGc6uEPM,自测，勿点1,cakexin_,2026-07-31 12:10:23,2.0,0.0,0.0,1.0,0.0,0.0,0.0,1.0,
2026-07-31 16:00:01,BV1Zc386VE4g,109,BV1Zc386VE4g,自测勿点1,Bamboo-shade,2026-07-30 21:22:06,1.0,0.0,0.0,1.0,0.0,0.0,0.0,1.0,
2026-07-31 16:00:01,BV1UJ3t6pEGh,110,BV1UJ3t6pEGh,第一阶段自测,我要喝绿豆汤,2026-07-30 16:40:45,0.0,0.0,0.0,0.0,0.0,0.0,0.0,1.0,
2026-07-31 16:00:01,BV1Ri4y167T3,111,BV1Ri4y167T3,2024.1.1 易烊千玺工作室更博 荡秋千吹来的新年快乐！,烊不源,2024-01-01 11:48:27,672.0,1.0,0.0,1.0,1.0,0.0,0.0,1.0,
2026-07-31 16:00:01,BV1UZ3t64Ecj,112,BV1UZ3t64Ecj,！,玳瑁大魔王,2026-07-30 22:49:02,12.0,0.0,0.0,0.0,0.0,0.0,0.0,1.0,
2026-07-31 16:00:01,BV1pr316wEpv,113,BV1pr316wEpv,刷播自测，勿点,第十一杯eleven,2026-07-29 19:55:38,1.0,1.0,0.0,0.0,0.0,0.0,0.0,1.0,
2026-07-31 16:00:01,BV1L43b6qEw4,114,BV1L43b6qEw4,自测1.0yzzr版,yzzr_b,2026-07-30 21:28:34,3.0,0.0,0.0,0.0,0.0,0.0,0.0,1.0,
2026-07-31 16:00:01,BV1Nq3p6iE7h,115,BV1Nq3p6iE7h,自测，勿点1,郁期物,2026-07-30 10:24:41,10.0,0.0,0.0,1.0,0.0,0.0,0.0,1.0,
2026-07-31 16:00:01,BV1ex3468Eib,116,BV1ex3468Eib,自测视频勿点,Rayla_X,2026-07-30 18:02:16,9.0,1.0,0.0,1.0,0.0,0.0,0.0,1.0,
2026-07-31 16:00:01,BV1fS3p64Ekk,117,BV1fS3p64Ekk,自测勿点,dd鱿鱼须,2026-07-30 10:56:49,165.0,3.0,0.0,1.0,0.0,0.0,0.0,1.0,
2026-07-31 16:00:01,BV1yJ3x6yEx8,118,BV1yJ3x6yEx8,自测视频，勿点一一一二,dddddash6,2026-07-30 13:21:19,5.0,0.0,0.0,0.0,0.0,0.0,0.0,1.0,
2026-07-31 16:00:01,BV1kr316wEHH,119,BV1kr316wEHH,刷播自测，勿点,冬眠中的眼镜小姐,2026-07-29 19:59:08,8.0,0.0,0.0,1.0,0.0,0.0,0.0,1.0,
2026-07-31 16:00:01,BV1gAffBaE4f,120,BV1gAffBaE4f,自测3,半夏哒哒哒,2026-02-04 23:27:13,29.0,0.0,0.0,1.0,0.0,0.0,0.0,1.0,
2026-07-31 16:00:01,BV1EC3n69ErV,121,BV1EC3n69ErV,勿点 自测,bili_70067848892,2026-07-30 00:04:07,2.0,0.0,0.0,1.0,0.0,0.0,0.0,1.0,
2026-07-31 16:00:01,BV1jP386GE1N,122,BV1jP386GE1N,自测 勿入 1,秋雨__,2026-07-30 20:55:08,1.0,0.0,0.0,0.0,0.0,0.0,0.0,1.0,
2026-07-31 16:00:01,BV1mm3J6wEz4,123,BV1mm3J6wEz4,自测视频请勿点击,攒灵儿,2026-07-30 00:06:30,15.0,0.0,0.0,0.0,0.0,0.0,0.0,1.0,
2026-07-31 16:00:01,BV1sT3b6nE8d,124,BV1sT3b6nE8d,自测勿点,夏目の妖,2026-07-30 22:42:00,9.0,0.0,0.0,0.0,0.0,0.0,0.0,1.0,
2026-07-31 16:00:01,BV1LM386zE7M,125,BV1LM386zE7M,自存 勿入 2,盒饭刺豚,2026-07-30 20:58:42,142.0,0.0,0.0,0.0,0.0,0.0,0.0,1.0,
2026-07-31 16:00:01,BV1csffB7E4j,126,BV1csffB7E4j,防吞,杨博文波纹收藏记录馆,2026-02-04 23:54:43,9560.0,370.0,137.0,2291.0,14.0,1.0,0.0,1.0,
2026-07-31 16:00:01,BV1u43166E2t,127,BV1u43166E2t,自测误点,bili_21144701884,2026-07-29 21:56:06,2.0,0.0,0.0,0.0,0.0,0.0,0.0,1.0,
2026-07-31 16:00:01,BV1Qd3n6yEZE,128,BV1Qd3n6yEZE,自测视频 请勿点开,61小羊梅,2026-07-29 22:20:32,10.0,1.0,0.0,1.0,0.0,0.0,0.0,1.0,
2026-07-31 16:00:01,BV1dQ3n67Ego,129,BV1dQ3n67Ego,自测视频 请勿点开,女厕所战神_,2026-07-29 22:36:03,14.0,0.0,0.0,1.0,0.0,0.0,0.0,1.0,
2026-07-31 16:00:01,BV1o93p69E49,130,BV1o93p69E49,自测勿点,ppdd-_,2026-07-30 11:04:03,28.0,0.0,0.0,1.0,0.0,0.0,0.0,1.0,
2026-07-31 16:00:01,BV1Y13x6oEHJ,131,BV1Y13x6oEHJ,ntt0819赛段自测01,ntt0819,2026-07-30 12:09:18,0.0,0.0,0.0,1.0,0.0,0.0,0.0,1.0,
2026-07-31 16:00:01,BV1DU3x6RE7m,132,BV1DU3x6RE7m,自测勿进,腼腆自卑内向_,2026-07-30 11:45:46,197.0,2.0,0.0,1.0,0.0,0.0,0.0,1.0,
2026-07-31 16:00:01,BV1ck3p6AEa5,133,BV1ck3p6AEa5,自测、勿点1,涩咪亚,2026-07-30 10:28:12,12.0,0.0,0.0,1.0,0.0,0.0,0.0,1.0,
2026-07-31 16:00:01,BV1hD3x6WEyw,134,BV1hD3x6WEyw,lpss赛段自测01,_lpss,2026-07-30 11:56:25,0.0,0.0,0.0,1.0,0.0,0.0,0.0,1.0,
2026-07-31 16:00:01,BV1fEGc6AES3,135,BV1fEGc6AES3,自测误点1,眄睐99,2026-07-31 13:13:18,1.0,0.0,0.0,1.0,1.0,0.0,0.0,1.0,
2026-07-31 16:00:01,BV1zjGc6eEUZ,138,BV1zjGc6eEUZ,自测勿进勿进勿进,为什么是V,2026-07-31 13:16:35,1.0,0.0,0.0,0.0,0.0,0.0,0.0,1.0,
2026-07-31 16:00:01,BV19P3x6REne,139,BV19P3x6REne,自测肆意再现,饺饺者7,2026-07-30 12:40:52,2.0,0.0,0.0,0.0,1.0,0.0,0.0,1.0,
2026-07-31 16:00:01,BV1u63b6ZEKe,140,BV1u63b6ZEKe,自测1勿点,叶不修u,2026-07-30 21:58:55,0.0,0.0,0.0,0.0,0.0,0.0,0.0,1.0,
2026-07-31 16:00:01,BV1sN3b6QE3R,141,BV1sN3b6QE3R,【萸霜霜霜】Up主探索中，欢迎收看求三连！,萸霜霜霜,2026-07-30 22:44:51,76.0,2.0,0.0,2.0,0.0,0.0,0.0,1.0,
2026-07-31 16:00:01,BV1oq3x6AEBX,142,BV1oq3x6AEBX,自测视频勿点,雁渡寒潭yuan,2026-07-30 11:08:56,12.0,0.0,0.0,0.0,0.0,0.0,0.0,1.0,
2026-07-31 16:00:01,BV1oT3n6EEpQ,143,BV1oT3n6EEpQ,自测视频｜自用勿点,星光延长期,2026-07-30 00:34:03,11.0,0.0,0.0,0.0,0.0,0.0,0.0,1.0,
2026-07-31 16:00:01,BV1eZ316nEvS,144,BV1eZ316nEvS,【辉映皓天】新作上线，快来看看！,辉映皓天,2026-07-29 19:26:44,0.0,0.0,0.0,0.0,0.0,0.0,0.0,1.0,
2026-07-31 16:00:01,BV1qM3n6mEnw,145,BV1qM3n6mEnw,自测，勿点,已完结zzz,2026-07-30 00:38:24,4.0,0.0,0.0,1.0,0.0,1.0,0.0,1.0,
2026-07-31 16:00:01,BV1ikGF6ZEbn,146,BV1ikGF6ZEbn,自测，勿点1,醉江南ace,2026-07-31 13:26:46,1.0,0.0,0.0,1.0,0.0,0.0,0.0,1.0,
2026-07-31 16:00:01,BV1AQ3b6nEZW,147,BV1AQ3b6nEZW,博丝自测，勿点谢谢1.1,bili_53292940566,2026-07-30 20:22:17,1.0,0.0,0.0,1.0,0.0,0.0,0.0,1.0,
2026-07-31 16:00:01,BV1M43n6vEHU,148,BV1M43n6vEHU,计划，误点,朔月新夏,2026-07-29 23:37:48,1.0,0.0,0.0,1.0,0.0,0.0,0.0,1.0,
2026-07-31 16:00:01,BV17EGc6AEtd,149,BV17EGc6AEtd,自测勿入,壹波纹0601,2026-07-31 13:13:36,1.0,0.0,0.0,1.0,0.0,0.0,0.0,1.0,
2026-07-31 16:00:01,BV1vb3b6KET1,150,BV1vb3b6KET1,自测1.0蓝莓酱版,蓝莓酱LEFT,2026-07-30 21:24:47,2.0,2.0,0.0,0.0,0.0,0.0,0.0,1.0,
2026-07-31 16:00:01,BV1vg3n6jEat,151,BV1vg3n6jEat,自测误点 1,午夜忧郁纯情甜妹总裁,2026-07-29 22:59:07,14.0,0.0,0.0,1.0,0.0,0.0,0.0,1.0,
2026-07-31 16:00:01,BV1Ni316iEQh,152,BV1Ni316iEQh,自测请勿点击,11225566778800,2026-07-29 19:52:44,0.0,0.0,0.0,0.0,0.0,0.0,0.0,1.0,
2026-07-31 16:00:01,BV1WB316NEqW,153,BV1WB316NEqW,自测请勿点击,小茄波纹呀,2026-07-29 19:52:00,0.0,0.0,0.0,0.0,0.0,0.0,0.0,1.0,
2026-07-31 16:00:01,BV1HX3b6SEBh,154,BV1HX3b6SEBh,自测勿点7.31_8.9,随便一只,2026-07-30 20:15:21,42.0,0.0,0.0,0.0,0.0,0.0,0.0,1.0,
2026-07-31 16:00:01,BV1fC3n6XECU,155,BV1fC3n6XECU,自测 勿点,123滴滴滴ddd,2026-07-29 21:45:52,32.0,0.0,0.0,1.0,0.0,0.0,0.0,1.0,
2026-07-31 16:00:01,BV18b316gEgT,156,BV18b316gEgT,自测误点,臻理不是真理,2026-07-29 19:29:12,0.0,0.0,0.0,0.0,0.0,0.0,0.0,1.0,
2026-07-31 16:00:01,BV15g3n6jEbS,157,BV15g3n6jEbS,自测3,午夜忧郁纯情甜妹总裁,2026-07-29 23:01:50,3.0,0.0,0.0,1.0,0.0,0.0,0.0,1.0,
2026-07-31 16:00:01,BV1rj3b65EKN,158,BV1rj3b65EKN,自测路人勿入,林中波纹曲,2026-07-30 23:05:39,8.0,2.0,0.0,1.0,0.0,0.0,0.0,1.0,
2026-07-31 16:00:01,BV15d3p6WEtX,159,,失败,,,,,,,,,,,62012
2026-07-31 16:00:01,BV1Yy3x6tEok,160,BV1Yy3x6tEok,28150819赛段自测01,28150819,2026-07-30 12:13:09,1.0,0.0,0.0,1.0,0.0,0.0,0.0,1.0,
2026-07-31 16:00:01,BV1s43z67EXn,161,BV1s43z67EXn,自测 729,TAOTAOALL,2026-07-29 00:53:50,90.0,0.0,0.0,1.0,0.0,0.0,0.0,1.0,
2026-07-31 16:00:01,BV1ks3x63EL6,162,BV1ks3x63EL6,自测勿点1,暖大大的烘山芋,2026-07-30 12:53:46,14.0,0.0,0.0,1.0,0.0,0.0,0.0,1.0,
2026-07-31 16:00:01,BV1Ug3x6DE1b,163,BV1Ug3x6DE1b,0801-0803自测勿点2,你做咩吖咩,2026-07-30 12:21:07,0.0,0.0,0.0,0.0,0.0,0.0,0.0,1.0,
2026-07-31 16:00:01,BV1tY316qEMY,164,BV1tY316qEMY,自测勿点勿看,捏个小埋,2026-07-29 20:20:46,1.0,0.0,0.0,1.0,0.0,0.0,0.0,1.0,
2026-07-31 16:00:01,BV1Lg3n6jEKQ,165,BV1Lg3n6jEKQ,自测 2,午夜忧郁纯情甜妹总裁,2026-07-29 23:29:15,41.0,0.0,0.0,0.0,0.0,1.0,0.0,1.0,
2026-07-31 16:00:01,BV1Bq3x6AE7w,166,BV1Bq3x6AE7w,自测勿点,木易北北yoo,2026-07-30 11:11:45,12.0,0.0,0.0,1.0,0.0,0.0,0.0,1.0,
2026-07-31 16:00:01,BV1PC3s6gEtM,167,BV1PC3s6gEtM,自测 勿点,kmdgzs,2026-07-30 13:58:35,14.0,0.0,0.0,1.0,0.0,0.0,0.0,1.0,
2026-07-31 16:00:01,BV12Y316qEdn,168,BV12Y316qEdn,自测勿点1,焱yyyan,2026-07-29 20:21:12,7.0,1.0,0.0,0.0,0.0,0.0,0.0,1.0,
2026-07-31 16:00:01,BV1hx316GEKS,169,BV1hx316GEKS,自测 勿点,自矜丨,2026-07-29 19:14:08,1.0,0.0,0.0,1.0,0.0,0.0,0.0,1.0,
2026-07-31 16:00:01,BV1XF3W6SEuz,170,BV1XF3W6SEuz,自测勿入,太阳好大好想鼠,2026-07-30 10:45:14,12.0,0.0,0.0,1.0,0.0,0.0,0.0,1.0,
2026-07-31 16:00:01,BV16N316dEjM,171,BV16N316dEjM,我的最新作品，快来一睹为快！,bili_47649027571,2026-07-29 22:53:36,1.0,0.0,0.0,0.0,0.0,0.0,0.0,1.0,
2026-07-31 16:30:01,https://www.bilibili.com/video/BV1jN64BKECs/?spm_id_from=333.337.search-card.all.click,0,BV1jN64BKECs,【杨博文｜4K直拍】跟着节奏一起《闭嘴跳舞》～,关键时刻来瓶尖叫,2026-02-01 20:20:32,1426914.0,25844.0,15771.0,22023.0,6965.0,2371.0,7087.0,2.0,
2026-07-31 16:30:01,https://www.bilibili.com/video/BV1Lb6tBBEYC/?spm_id_from=333.1387.favlist.content.click&vd_source=bdf775a036c61c0159ac2f0c251aaeb7,1,BV1Lb6tBBEYC,【4K精剪】闭嘴跳舞 | 杨博文直拍 | 260201,underthepoplar,2026-02-02 00:00:55,345402.0,26689.0,13960.0,18886.0,6340.0,1808.0,3038.0,5.0,
2026-07-31 16:30:01,https://www.bilibili.com/video/BV1mJ64BREZY/?spm_id_from=333.1387.favlist.content.click&vd_source=bdf775a036c61c0159ac2f0c251aaeb7,2,BV1mJ64BREZY,【杨博文】闭嘴跳舞丨当主舞穿上西装就会得到,Kismet丨杨博文,2026-02-01 18:31:00,597282.0,34841.0,3774.0,25153.0,4585.0,442.0,592.0,11.0,
2026-07-31 16:30:01,https://www.bilibili.com/video/BV1XA6nBGEPV/?spm_id_from=333.1387.favlist.content.click,3,BV1XA6nBGEPV,【4K精剪】希区考克 作品152 | 杨博文直拍 | 260131,underthepoplar,2026-02-01 00:23:17,1932896.0,23141.0,21877.0,19608.0,17765.0,3986.0,6859.0,1.0,
2026-07-31 16:30:01,https://www.bilibili.com/video/BV1EGBCBmEo8/?spm_id_from=333.1387.favlist.content.click,4,BV1EGBCBmEo8,【杨博文｜4K高清直拍】魅魔级别的《Manta》舞台，看博文如何一yeah封神,关键时刻来瓶尖叫,2025-12-27 23:15:44,865992.0,12151.0,9511.0,10836.0,12684.0,973.0,2312.0,6.0,
2026-07-31 16:30:01,https://www.bilibili.com/video/BV1A5vkB2E1k/?spm_id_from=333.1387.favlist.content.click,5,BV1A5vkB2E1k,【杨博文】Hey Mama六机位纯舞直拍丨15岁舞台统治者的诞生，四代主舞燃炸全场！,Kismet丨杨博文,2025-12-28 22:28:16,2613599.0,62675.0,43974.0,45378.0,21894.0,13495.0,21051.0,9.0,
2026-07-31 16:30:01,https://www.bilibili.com/video/BV1EQK56xEZk/?spm_id_from=333.1387.favlist.content.click,6,BV1EQK56xEZk,【杨博文｜音乐现场】｜《全世界陪我出发》4K直拍，考核第一的大C位实在太亮眼！,关键时刻来瓶尖叫,2026-07-16 20:29:02,227082.0,9625.0,2704.0,5394.0,5635.0,10090.0,7755.0,18.0,
2026-07-31 16:30:01,https://www.bilibili.com/video/BV1JUK56tEh5/?spm_id_from=333.1387.favlist.content.click,7,BV1JUK56tEh5,【杨博文｜音乐现场】全程舒适！跟着标准答案出发不迷路｜《全世界陪我出发》4k横屏直拍,游园会_杨博文,2026-07-16 20:06:19,152422.0,7159.0,2292.0,3810.0,5068.0,1940.0,1769.0,1.0,
2026-07-31 16:30:01,https://www.bilibili.com/video/BV1kFKG6pEPe/?spm_id_from=333.1387.favlist.content.click,8,BV1kFKG6pEPe,【杨博文】夏日运动会《全世界陪我出发》4K直拍,Eternity丨杨博文,2026-07-16 19:13:38,40112.0,4691.0,710.0,2616.0,2323.0,36.0,93.0,1.0,
2026-07-31 16:30:01,bilibili.com/video/BV1M9ePzaELH/?spm_id_from=333.337.search-card.all.click,9,BV1M9ePzaELH,「杨博文｜卡拉永远OK」突发舞台事故？我怎么没看见,Astra_杨博文,2025-08-19 22:15:30,821317.0,14534.0,4650.0,9698.0,10688.0,621.0,536.0,8.0,
2026-07-31 16:30:01,BV1gx316VEoZ,10,BV1gx316VEoZ,自测,你吃不吃蛋挞-Y,2026-07-29 19:15:14,0.0,0.0,0.0,0.0,0.0,0.0,0.0,1.0,
2026-07-31 16:30:01,BV1UG3x6JEho,11,BV1UG3x6JEho,0801-0803自测勿点1,你做咩吖咩,2026-07-30 12:20:31,2.0,0.0,0.0,0.0,0.0,0.0,0.0,1.0,
2026-07-31 16:30:01,BV1ku3463EPp,12,BV1ku3463EPp,自测勿点,总有一天找到你,2026-07-30 20:11:56,12.0,0.0,0.0,1.0,0.0,0.0,0.0,1.0,
2026-07-31 16:30:01,BV1WN3b6QEfh,13,BV1WN3b6QEfh,？,玳瑁大魔王,2026-07-30 22:47:52,249.0,2.0,0.0,0.0,0.0,0.0,0.0,1.0,
2026-07-31 16:30:01,BV1EEFSzWE7Y,14,BV1EEFSzWE7Y,2.10自测视频不要点谢谢！,燃烧浮生哦改哦拖,2026-02-10 15:49:42,126.0,0.0,0.0,1.0,0.0,0.0,0.0,1.0,
2026-07-31 16:30:01,BV1mJ3t6pEef,15,BV1mJ3t6pEef,自测，勿点,zoz-iii,2026-07-30 17:00:46,51.0,1.0,0.0,1.0,0.0,0.0,0.0,1.0,
2026-07-31 16:30:01,BV1zv3x6eEup,18,BV1zv3x6eEup,自测,lala懒懒新新,2026-07-30 11:15:20,39.0,0.0,0.0,1.0,0.0,0.0,0.0,1.0,
2026-07-31 16:30:01,BV1fC3n6XE69,19,BV1fC3n6XE69,自测，请勿点击,crown2025,2026-07-29 21:46:27,13.0,0.0,0.0,1.0,0.0,0.0,0.0,1.0,
2026-07-31 16:30:01,BV17EGc6AEVT,20,BV17EGc6AEVT,7.30自测,契樱超甜,2026-07-31 13:13:21,29.0,0.0,0.0,1.0,0.0,0.0,0.0,1.0,
2026-07-31 16:30:01,BV1seNB6wEPh,22,BV1seNB6wEPh,自测视频，请勿点击！,爱意再次来袭,2026-07-16 00:06:20,5.0,23.0,0.0,1.0,0.0,0.0,0.0,1.0,
2026-07-31 16:30:01,BV1BJ3b6GECG,23,BV1BJ3b6GECG,自测,啵啵冬Y,2026-07-30 23:14:49,0.0,0.0,0.0,0.0,0.0,0.0,0.0,1.0,
2026-07-31 16:30:01,BV17F3t6TE7b,25,BV17F3t6TE7b,自测请勿点击,加菲走猫步,2026-07-30 17:50:23,10.0,0.0,0.0,0.0,0.0,0.0,0.0,1.0,
2026-07-31 16:30:01,BV1296CBiEbP,26,BV1296CBiEbP,红色元素视频开头素材,机智豆好鸡汁,2026-01-31 15:24:51,3432.0,0.0,0.0,19.0,0.0,0.0,0.0,1.0,
2026-07-31 16:30:01,BV17EGc6AEip,27,BV17EGc6AEip,7.30自测,我要薯啦awa,2026-07-31 13:14:17,1.0,0.0,0.0,0.0,0.0,0.0,0.0,1.0,
2026-07-31 16:30:01,BV1Rd3p6pEHy,28,BV1Rd3p6pEHy,自测视频 勿点1,苓且,2026-07-30 10:42:09,8.0,0.0,0.0,1.0,0.0,0.0,0.0,1.0,
2026-07-31 16:30:01,BV1hm3x6xE8F,29,BV1hm3x6xE8F,【bbbbbb8330】我的最新作品，快来一睹为快！,bbbbbb8330,2026-07-30 11:49:13,0.0,0.0,0.0,0.0,0.0,0.0,0.0,1.0,
2026-07-31 16:30:01,BV1CF316FEGk,30,BV1CF316FEGk,自测勿进,Xisooay,2026-07-29 22:27:23,15.0,0.0,0.0,1.0,0.0,0.0,0.0,1.0,
2026-07-31 16:30:01,BV1i3316QEi4,32,BV1i3316QEi4,自测勿点,就吃一根薯条蘸茄汁,2026-07-29 21:03:16,7.0,0.0,0.0,0.0,0.0,0.0,0.0,1.0,
2026-07-31 16:30:01,BV1oq3x6AExN,33,BV1oq3x6AExN,自测视频1.0,咬一口北北脸颊肉,2026-07-30 11:11:33,4.0,1.0,0.0,0.0,0.0,0.0,0.0,1.0,
2026-07-31 16:30:01,BV1GT5v6xEDT,34,BV1GT5v6xEDT,【玖儿糖糖】最新视频上线，求关注！,玖儿糖糖,2026-05-15 17:52:26,5.0,2.0,0.0,1.0,0.0,0.0,0.0,1.0,
2026-07-31 16:30:01,BV1RQ3n67Err,35,BV1RQ3n67Err,自测视频 请勿点开,嘟嘟DuduOvo,2026-07-29 22:39:48,2.0,0.0,0.0,1.0,0.0,0.0,0.0,1.0,
2026-07-31 16:30:01,BV1K23b69EFY,36,BV1K23b69EFY,自测勿点1,枝刊续__,2026-07-30 20:33:15,161.0,1.0,0.0,1.0,0.0,0.0,0.0,1.0,
2026-07-31 16:30:01,BV19F3W6SEvK,37,BV19F3W6SEvK,自测勿入,太阳很大不要鼠,2026-07-30 10:46:35,11.0,0.0,0.0,1.0,0.0,0.0,0.0,1.0,
2026-07-31 16:30:01,BV12J3t6pEtx,38,BV12J3t6pEtx,第一阶段自测,这个名字真的很难想,2026-07-30 17:39:10,0.0,0.0,0.0,0.0,0.0,0.0,0.0,1.0,
2026-07-31 16:30:01,BV1ef316SEGT,40,BV1ef316SEGT,超级自测,小小littlesheep,2026-07-29 19:07:58,3.0,0.0,0.0,0.0,0.0,0.0,0.0,1.0,
2026-07-31 16:30:01,BV1jT386gEJW,42,BV1jT386gEJW,自测勿点1,小羊下雨问妖,2026-07-30 21:05:41,8.0,0.0,0.0,1.0,0.0,0.0,0.0,1.0,
2026-07-31 16:30:01,BV1Qr4y157Y4,43,BV1Qr4y157Y4,只是做任务,nicoicc,2022-08-06 13:18:05,96.0,5.0,0.0,1.0,0.0,1.0,0.0,1.0,
2026-07-31 16:30:01,BV1Ua316MENn,44,BV1Ua316MENn,自测 请勿点击,杨博文小漂亮,2026-07-29 20:03:49,15.0,1.0,0.0,0.0,0.0,0.0,0.0,1.0,
2026-07-31 16:30:01,BV1sB316PEE2,45,BV1sB316PEE2,7.31-8.3自测,我素质低你让让我,2026-07-29 19:49:17,110.0,0.0,0.0,1.0,0.0,0.0,0.0,1.0,
2026-07-31 16:30:01,BV1Bg316pE2m,46,BV1Bg316pE2m,自测请勿点击,obsession-202,2026-07-29 21:27:37,19.0,0.0,0.0,1.0,0.0,0.0,0.0,1.0,
2026-07-31 16:30:01,BV1U9KV6KEN5,47,BV1U9KV6KEN5,自测勿点,杨語文歌,2026-07-16 22:39:00,167.0,12.0,0.0,1.0,0.0,0.0,0.0,1.0,
2026-07-31 16:30:01,BV1PQ3b6nEVG,48,BV1PQ3b6nEVG,博丝自测，勿点谢谢1.0,bili_53292940566,2026-07-30 20:19:46,12.0,0.0,0.0,2.0,0.0,0.0,0.0,1.0,
2026-07-31 16:30:01,BV1RkGF6oEFv,49,BV1RkGF6oEFv,自测1勿点-第一赛段,丨失眠数羊丨,2026-07-31 13:26:07,1.0,2.0,0.0,1.0,0.0,0.0,0.0,1.0,
2026-07-31 16:30:01,BV1ipGc68EUC,51,BV1ipGc68EUC,自测视频勿点,新用户080913,2026-07-31 12:57:28,36.0,0.0,0.0,1.0,0.0,0.0,0.0,1.0,
2026-07-31 16:30:01,BV1Tk3b64EA2,52,BV1Tk3b64EA2,自测勿点,怪盗乌哩哩,2026-07-30 22:13:24,117.0,1.0,0.0,0.0,0.0,0.0,0.0,1.0,
2026-07-31 16:30:01,BV1wR3b6EEvB,53,BV1wR3b6EEvB,自测2，自用,梦汐MX,2026-07-30 20:30:28,25.0,1.0,0.0,1.0,0.0,0.0,0.0,1.0,
2026-07-31 16:30:01,BV1eF3x6bEZY,54,BV1eF3x6bEZY,自测勿点,牛肉干爹,2026-07-30 14:00:28,114.0,2.0,0.0,1.0,0.0,1.0,0.0,1.0,
2026-07-31 16:30:01,BV1Qm3x6xEvj,55,BV1Qm3x6xEvj,自测勿进,A鸡蛋批发商,2026-07-30 11:49:19,183.0,3.0,0.0,2.0,0.0,0.0,0.0,1.0,
2026-07-31 16:30:01,BV1xa3n6wESf,56,BV1xa3n6wESf,自测视频｜自用勿点,Solbudglow,2026-07-29 23:26:09,3.0,0.0,0.0,0.0,0.0,0.0,0.0,1.0,
2026-07-31 16:30:01,BV1ug3x6QEU5,57,BV1ug3x6QEU5,第一阶段3 听视频 勿动勿点,桧云渺,2026-07-30 12:22:56,2.0,0.0,0.0,1.0,0.0,0.0,0.0,1.0,
2026-07-31 16:30:01,BV15s346cEVW,58,BV15s346cEVW,自测请勿点击,长在红旗下好青年,2026-07-30 18:06:00,6.0,0.0,0.0,0.0,0.0,0.0,0.0,1.0,
2026-07-31 16:30:01,BV19o3p6QExT,59,BV19o3p6QExT,自测视频勿入,嘎贝大王万万岁,2026-07-30 10:36:49,124.0,2.0,0.0,1.0,0.0,0.0,0.0,1.0,
2026-07-31 16:30:01,BV1dT386uEX9,60,BV1dT386uEX9,自测1勿点,很爱学习的华夫饼,2026-07-30 21:02:19,115.0,0.0,0.0,1.0,0.0,0.0,0.0,1.0,
2026-07-31 16:30:01,BV1Rr3x68Eto,61,BV1Rr3x68Eto,第一阶段自测2 勿动勿点,书源不打烊ov2,2026-07-30 12:05:10,3.0,0.0,0.0,1.0,0.0,0.0,0.0,1.0,
2026-07-31 16:30:01,BV1EEGc6AEB1,62,BV1EEGc6AEB1,自测，勿点1,小妍love妮,2026-07-31 13:10:05,1.0,0.0,0.0,1.0,0.0,0.0,0.0,1.0,
2026-07-31 16:30:01,BV1hp3165Eq7,63,BV1hp3165Eq7,自测，勿点！,Insist愛,2026-07-29 19:38:40,3.0,0.0,0.0,1.0,0.0,0.0,0.0,1.0,
2026-07-31 16:30:01,BV1Eq3x6PEwg,64,BV1Eq3x6PEwg,自测,哈哈哈哈哈11_,2026-07-30 11:08:49,4.0,0.0,0.0,1.0,0.0,0.0,0.0,1.0,
2026-07-31 16:30:01,BV12J3x6yEV6,65,BV12J3x6yEV6,自测视频勿点,爱意埋入海,2026-07-30 13:24:08,7.0,0.0,0.0,1.0,0.0,0.0,0.0,1.0,
2026-07-31 16:30:01,BV1d3316QERP,66,BV1d3316QERP,自测视频1,呆羊精得很,2026-07-29 21:01:11,2.0,0.0,0.0,0.0,1.0,0.0,0.0,1.0,
2026-07-31 16:30:01,BV1Su3x6HE9g,67,BV1Su3x6HE9g,自测 勿点1,满目霖郎,2026-07-30 12:44:48,17.0,0.0,0.0,1.0,0.0,0.0,0.0,1.0,
2026-07-31 16:30:01,BV18z3b6bE71,68,BV18z3b6bE71,自测视频-1,么么北北mmbb,2026-07-30 22:01:50,127.0,2.0,0.0,1.0,0.0,0.0,0.0,1.0,
2026-07-31 16:30:01,BV1cg346rEVx,69,BV1cg346rEVx,粉海,zmmxi,2026-07-30 20:08:09,9.0,0.0,0.0,0.0,0.0,0.0,0.0,1.0,
2026-07-31 16:30:01,BV1Xm3x6xEFo,70,BV1Xm3x6xEFo,自测勿进,寿喜丸子锅,2026-07-30 11:49:45,24.0,1.0,0.0,2.0,0.0,0.0,0.0,1.0,
2026-07-31 16:30:01,BV11P3b6pEyQ,71,BV11P3b6pEyQ,自测路人勿入,语柒词,2026-07-30 22:32:04,87.0,0.0,0.0,1.0,0.0,0.0,0.0,1.0,
2026-07-31 16:30:01,BV1mf3t6dE7b,72,BV1mf3t6dE7b,自测请勿点击,桃那个夭,2026-07-30 23:02:31,2.0,0.0,0.0,1.0,0.0,0.0,0.0,1.0,
2026-07-31 16:30:01,BV1pd3J6dE9x,73,BV1pd3J6dE9x,自测误点,只加冰__,2026-07-29 23:54:51,0.0,0.0,0.0,1.0,0.0,0.0,0.0,1.0,
2026-07-31 16:30:01,BV1VYNv6KEHa,74,BV1VYNv6KEHa,自测,是小文文ya,2026-07-15 14:21:13,446.0,14.0,0.0,1.0,0.0,0.0,0.0,1.0,
2026-07-31 16:30:01,BV1ZTKY6MEKB,75,BV1ZTKY6MEKB,自测别点,芋泥脑袋x,2026-07-22 00:01:37,137.0,18.0,0.0,1.0,0.0,0.0,0.0,1.0,
2026-07-31 16:30:01,BV1z23n6QEwm,76,BV1z23n6QEwm,自测视频 不要点开,61小幺妹,2026-07-29 22:29:25,1.0,1.0,0.0,1.0,0.0,0.0,0.0,1.0,
2026-07-31 16:30:01,BV1qqGF6cEXJ,77,BV1qqGF6cEXJ,自测2勿点-第一赛段,丨失眠数羊丨,2026-07-31 13:40:31,3.0,0.0,0.0,1.0,0.0,0.0,0.0,1.0,
2026-07-31 16:30:01,BV1c23p6hEgY,79,BV1c23p6hEgY,自测勿入,呆博萌羊_0601,2026-07-30 10:16:13,8.0,0.0,0.0,1.0,0.0,0.0,0.0,1.0,
2026-07-31 16:30:01,BV1hW316CE2T,80,BV1hW316CE2T,自测 勿点 7.31-8.3,妈粉来自Slytherin,2026-07-29 19:21:34,1.0,0.0,0.0,1.0,0.0,0.0,0.0,1.0,
2026-07-31 16:30:01,BV1GF3W6DEBc,81,BV1GF3W6DEBc,自测 勿点！！,源琳-,2026-07-30 10:44:29,9.0,0.0,0.0,0.0,0.0,0.0,0.0,1.0,
2026-07-31 16:30:01,BV18U3x6RESK,82,BV18U3x6RESK,【M雨梦】最新视频已上线，快来围观！,M雨梦,2026-07-30 11:45:25,0.0,0.0,0.0,0.0,0.0,0.0,0.0,1.0,
2026-07-31 16:30:01,BV1yB316PECF,83,BV1yB316PECF,7.31-8.3自测2,我素质低你让让我,2026-07-29 19:50:14,51.0,0.0,0.0,1.0,0.0,0.0,0.0,1.0,
2026-07-31 16:30:01,BV1J63n6dEUw,84,BV1J63n6dEUw,自测（勿点）,楊小咩_sheep,2026-07-29 21:35:56,0.0,0.0,0.0,0.0,0.0,0.0,0.0,1.0,
2026-07-31 16:30:01,BV1Y13x6oEEC,85,BV1Y13x6oEEC,第一阶段自测1 勿动勿点,周洲舟ov,2026-07-30 12:08:32,2.0,0.0,0.0,1.0,0.0,0.0,0.0,1.0,
2026-07-31 16:30:01,BV1Y1GF6REak,86,BV1Y1GF6REak,7.31自测，勿入！,蕴璞,2026-07-31 13:37:15,2.0,0.0,0.0,0.0,0.0,0.0,0.0,1.0,
2026-07-31 16:30:01,BV1UG3x6JEtV,87,BV1UG3x6JEtV,mmm赛段自测01,MadMadMe,2026-07-30 12:18:37,1.0,0.0,0.0,1.0,0.0,0.0,0.0,1.0,
2026-07-31 16:30:01,BV1sD3J6FER8,88,BV1sD3J6FER8,自测视频 禁止点击,羊村常住村民,2026-07-30 00:13:00,111.0,1.0,0.0,0.0,0.0,0.0,0.0,1.0,
2026-07-31 16:30:01,BV11qz4BJESa,89,BV11qz4BJESa,三点,ktmmt91,2026-01-26 03:54:41,204.0,1.0,0.0,2.0,0.0,0.0,0.0,1.0,
2026-07-31 16:30:01,BV1Du3x6HEs4,90,BV1Du3x6HEs4,肆意自测别点,肆意再现,2026-07-30 12:45:59,0.0,0.0,0.0,0.0,0.0,0.0,0.0,1.0,
2026-07-31 16:30:01,BV1GY3b6YEgN,91,BV1GY3b6YEgN,自测，勿点1,你爱喝果粒橙么,2026-07-30 22:19:49,13.0,1.0,0.0,1.0,0.0,0.0,0.0,1.0,
2026-07-31 16:30:01,BV1ef316SECU,92,BV1ef316SECU,【玖玖糖糖】最新视频上线，求关注！,玖玖糖糖,2026-07-29 19:26:11,20.0,0.0,0.0,1.0,0.0,0.0,0.0,1.0,
2026-07-31 16:30:01,BV16N316dER1,94,BV16N316dER1,【玖玖糖糖糖】最新视频来袭，快来看看吧！,玖玖糖糖糖,2026-07-29 21:22:29,12.0,0.0,0.0,0.0,0.0,0.0,0.0,1.0,
2026-07-31 16:30:01,BV1yH3x6VETZ,95,BV1yH3x6VETZ,自测视频，勿点一一一,dddddash6,2026-07-30 13:19:40,83.0,0.0,0.0,0.0,0.0,0.0,0.0,1.0,
2026-07-31 16:30:01,BV1Vh3h6kES4,96,BV1Vh3h6kES4,自测勿点,huixuan128,2026-07-31 00:50:54,20.0,0.0,0.0,1.0,0.0,0.0,0.0,1.0,
2026-07-31 16:30:01,BV1w63p6eENE,97,BV1w63p6eENE,自测勿点,不同CD,2026-07-30 10:33:21,7.0,1.0,0.0,1.0,0.0,0.0,0.0,1.0,
2026-07-31 16:30:01,BV15d3p6WEsc,98,BV15d3p6WEsc,自测 勿点‼️‼️‼️,椿芽榴莲,2026-07-30 10:41:29,6.0,0.0,0.0,0.0,0.0,0.0,0.0,1.0,
2026-07-31 16:30:01,BV1nSK56oEwv,99,BV1nSK56oEwv,自测,Oopsoooh,2026-07-16 20:18:14,343.0,16.0,0.0,1.0,0.0,0.0,0.0,1.0,
2026-07-31 16:30:01,BV1yB316PEU5,100,BV1yB316PEU5,7.31-8.3自测3,我素质低你让让我,2026-07-29 19:50:20,87.0,0.0,0.0,1.0,0.0,0.0,0.0,1.0,
2026-07-31 16:30:01,BV1jt3h6yEjW,101,BV1jt3h6yEjW,自测视频勿点,sherry银河系,2026-07-31 01:15:45,11.0,0.0,0.0,1.0,0.0,0.0,0.0,1.0,
2026-07-31 16:30:01,BV1wQ346kET4,102,BV1wQ346kET4,自测勿点1,潇潇暮晚吟,2026-07-30 17:06:15,2.0,0.0,0.0,0.0,0.0,0.0,0.0,1.0,
2026-07-31 16:30:01,BV1JVNY63ECm,103,BV1JVNY63ECm,亲爱的心疼是一场有时差的雨,芋泥牛奶吐司,2026-07-15 11:23:03,1249.0,15.0,0.0,2.0,0.0,0.0,0.0,1.0,
2026-07-31 16:30:01,BV1J3NJ6NEXP,104,BV1J3NJ6NEXP,自测勿点,沙耶-lan,2026-07-10 22:16:09,46.0,10.0,0.0,1.0,0.0,0.0,0.0,1.0,
2026-07-31 16:30:01,BV1BqGF6cEXT,105,BV1BqGF6cEXT,自测，勿点1,落叶眠烟,2026-07-31 13:41:36,2.0,0.0,0.0,1.0,0.0,0.0,0.0,1.0,
2026-07-31 16:30:01,BV1Vb3b6KEj6,106,BV1Vb3b6KEj6,自测1.0折杏春版,折杏春,2026-07-30 21:26:27,2.0,0.0,0.0,0.0,0.0,0.0,0.0,1.0,
2026-07-31 16:30:01,BV14U3J6hEEh,107,BV14U3J6hEEh,自测视频 禁止点击,波纹牌保文杯,2026-07-30 00:17:13,12.0,0.0,0.0,0.0,0.0,0.0,0.0,1.0,
2026-07-31 16:30:01,BV1kuGc6uEPM,108,BV1kuGc6uEPM,自测，勿点1,cakexin_,2026-07-31 12:10:23,2.0,0.0,0.0,1.0,0.0,0.0,0.0,1.0,
2026-07-31 16:30:01,BV1Zc386VE4g,109,BV1Zc386VE4g,自测勿点1,Bamboo-shade,2026-07-30 21:22:06,1.0,0.0,0.0,1.0,0.0,0.0,0.0,1.0,
2026-07-31 16:30:01,BV1UJ3t6pEGh,110,BV1UJ3t6pEGh,第一阶段自测,我要喝绿豆汤,2026-07-30 16:40:45,0.0,0.0,0.0,0.0,0.0,0.0,0.0,1.0,
2026-07-31 16:30:01,BV1Ri4y167T3,111,BV1Ri4y167T3,2024.1.1 易烊千玺工作室更博 荡秋千吹来的新年快乐！,烊不源,2024-01-01 11:48:27,677.0,1.0,0.0,1.0,1.0,0.0,0.0,1.0,
2026-07-31 16:30:01,BV1UZ3t64Ecj,112,BV1UZ3t64Ecj,！,玳瑁大魔王,2026-07-30 22:49:02,13.0,0.0,0.0,0.0,0.0,0.0,0.0,1.0,
2026-07-31 16:30:01,BV1pr316wEpv,113,BV1pr316wEpv,刷播自测，勿点,第十一杯eleven,2026-07-29 19:55:38,1.0,1.0,0.0,0.0,0.0,0.0,0.0,1.0,
2026-07-31 16:30:01,BV1L43b6qEw4,114,BV1L43b6qEw4,自测1.0yzzr版,yzzr_b,2026-07-30 21:28:34,3.0,0.0,0.0,0.0,0.0,0.0,0.0,1.0,
2026-07-31 16:30:01,BV1Nq3p6iE7h,115,BV1Nq3p6iE7h,自测，勿点1,郁期物,2026-07-30 10:24:41,10.0,0.0,0.0,1.0,0.0,0.0,0.0,1.0,
2026-07-31 16:30:01,BV1ex3468Eib,116,BV1ex3468Eib,自测视频勿点,Rayla_X,2026-07-30 18:02:16,10.0,1.0,0.0,1.0,0.0,0.0,0.0,1.0,
2026-07-31 16:30:01,BV1fS3p64Ekk,117,BV1fS3p64Ekk,自测勿点,dd鱿鱼须,2026-07-30 10:56:49,165.0,3.0,0.0,1.0,0.0,0.0,0.0,1.0,
2026-07-31 16:30:01,BV1yJ3x6yEx8,118,BV1yJ3x6yEx8,自测视频，勿点一一一二,dddddash6,2026-07-30 13:21:19,5.0,0.0,0.0,0.0,0.0,0.0,0.0,1.0,
2026-07-31 16:30:01,BV1kr316wEHH,119,BV1kr316wEHH,刷播自测，勿点,冬眠中的眼镜小姐,2026-07-29 19:59:08,8.0,0.0,0.0,1.0,0.0,0.0,0.0,1.0,
2026-07-31 16:30:01,BV1gAffBaE4f,120,BV1gAffBaE4f,自测3,半夏哒哒哒,2026-02-04 23:27:13,34.0,0.0,0.0,1.0,0.0,0.0,0.0,1.0,
2026-07-31 16:30:01,BV1EC3n69ErV,121,BV1EC3n69ErV,勿点 自测,bili_70067848892,2026-07-30 00:04:07,2.0,0.0,0.0,1.0,0.0,0.0,0.0,1.0,
2026-07-31 16:30:01,BV1jP386GE1N,122,BV1jP386GE1N,自测 勿入 1,秋雨__,2026-07-30 20:55:08,1.0,0.0,0.0,0.0,0.0,0.0,0.0,1.0,
2026-07-31 16:30:01,BV1mm3J6wEz4,123,BV1mm3J6wEz4,自测视频请勿点击,攒灵儿,2026-07-30 00:06:30,15.0,0.0,0.0,0.0,0.0,0.0,0.0,1.0,
2026-07-31 16:30:01,BV1sT3b6nE8d,124,BV1sT3b6nE8d,自测勿点,夏目の妖,2026-07-30 22:42:00,9.0,0.0,0.0,0.0,0.0,0.0,0.0,1.0,
2026-07-31 16:30:01,BV1LM386zE7M,125,BV1LM386zE7M,自存 勿入 2,盒饭刺豚,2026-07-30 20:58:42,142.0,0.0,0.0,0.0,0.0,0.0,0.0,1.0,
2026-07-31 16:30:01,BV1csffB7E4j,126,BV1csffB7E4j,防吞,杨博文波纹收藏记录馆,2026-02-04 23:54:43,9560.0,370.0,137.0,2292.0,14.0,1.0,0.0,1.0,
2026-07-31 16:30:01,BV1u43166E2t,127,BV1u43166E2t,自测误点,bili_21144701884,2026-07-29 21:56:06,2.0,0.0,0.0,0.0,0.0,0.0,0.0,1.0,
2026-07-31 16:30:01,BV1Qd3n6yEZE,128,BV1Qd3n6yEZE,自测视频 请勿点开,61小羊梅,2026-07-29 22:20:32,10.0,1.0,0.0,1.0,0.0,0.0,0.0,1.0,
2026-07-31 16:30:01,BV1dQ3n67Ego,129,BV1dQ3n67Ego,自测视频 请勿点开,女厕所战神_,2026-07-29 22:36:03,14.0,0.0,0.0,1.0,0.0,0.0,0.0,1.0,
2026-07-31 16:30:01,BV1o93p69E49,130,BV1o93p69E49,自测勿点,ppdd-_,2026-07-30 11:04:03,28.0,0.0,0.0,1.0,0.0,0.0,0.0,1.0,
2026-07-31 16:30:01,BV1Y13x6oEHJ,131,BV1Y13x6oEHJ,ntt0819赛段自测01,ntt0819,2026-07-30 12:09:18,0.0,0.0,0.0,1.0,0.0,0.0,0.0,1.0,
2026-07-31 16:30:01,BV1DU3x6RE7m,132,BV1DU3x6RE7m,自测勿进,腼腆自卑内向_,2026-07-30 11:45:46,202.0,2.0,0.0,1.0,0.0,0.0,0.0,1.0,
2026-07-31 16:30:01,BV1ck3p6AEa5,133,BV1ck3p6AEa5,自测、勿点1,涩咪亚,2026-07-30 10:28:12,12.0,0.0,0.0,1.0,0.0,0.0,0.0,1.0,
2026-07-31 16:30:01,BV1hD3x6WEyw,134,BV1hD3x6WEyw,lpss赛段自测01,_lpss,2026-07-30 11:56:25,0.0,0.0,0.0,1.0,0.0,0.0,0.0,1.0,
2026-07-31 16:30:01,BV1fEGc6AES3,135,BV1fEGc6AES3,自测误点1,眄睐99,2026-07-31 13:13:18,1.0,0.0,0.0,1.0,1.0,0.0,0.0,1.0,
2026-07-31 16:30:01,BV1zjGc6eEUZ,138,BV1zjGc6eEUZ,自测勿进勿进勿进,为什么是V,2026-07-31 13:16:35,1.0,0.0,0.0,0.0,0.0,0.0,0.0,1.0,
2026-07-31 16:30:01,BV19P3x6REne,139,BV19P3x6REne,自测肆意再现,饺饺者7,2026-07-30 12:40:52,2.0,0.0,0.0,0.0,1.0,0.0,0.0,1.0,
2026-07-31 16:30:01,BV1u63b6ZEKe,140,BV1u63b6ZEKe,自测1勿点,叶不修u,2026-07-30 21:58:55,0.0,0.0,0.0,0.0,0.0,0.0,0.0,1.0,
2026-07-31 16:30:01,BV1sN3b6QE3R,141,BV1sN3b6QE3R,【萸霜霜霜】Up主探索中，欢迎收看求三连！,萸霜霜霜,2026-07-30 22:44:51,76.0,2.0,0.0,2.0,0.0,0.0,0.0,1.0,
2026-07-31 16:30:01,BV1oq3x6AEBX,142,BV1oq3x6AEBX,自测视频勿点,雁渡寒潭yuan,2026-07-30 11:08:56,12.0,0.0,0.0,0.0,0.0,0.0,0.0,1.0,
2026-07-31 16:30:01,BV1oT3n6EEpQ,143,BV1oT3n6EEpQ,自测视频｜自用勿点,星光延长期,2026-07-30 00:34:03,11.0,0.0,0.0,0.0,0.0,0.0,0.0,1.0,
2026-07-31 16:30:01,BV1eZ316nEvS,144,BV1eZ316nEvS,【辉映皓天】新作上线，快来看看！,辉映皓天,2026-07-29 19:26:44,0.0,0.0,0.0,0.0,0.0,0.0,0.0,1.0,
2026-07-31 16:30:01,BV1qM3n6mEnw,145,BV1qM3n6mEnw,自测，勿点,已完结zzz,2026-07-30 00:38:24,4.0,0.0,0.0,1.0,0.0,1.0,0.0,1.0,
2026-07-31 16:30:01,BV1ikGF6ZEbn,146,BV1ikGF6ZEbn,自测，勿点1,醉江南ace,2026-07-31 13:26:46,1.0,0.0,0.0,1.0,0.0,0.0,0.0,1.0,
2026-07-31 16:30:01,BV1AQ3b6nEZW,147,BV1AQ3b6nEZW,博丝自测，勿点谢谢1.1,bili_53292940566,2026-07-30 20:22:17,1.0,0.0,0.0,1.0,0.0,0.0,0.0,1.0,
2026-07-31 16:30:01,BV1M43n6vEHU,148,BV1M43n6vEHU,计划，误点,朔月新夏,2026-07-29 23:37:48,1.0,0.0,0.0,1.0,0.0,0.0,0.0,1.0,
2026-07-31 16:30:01,BV17EGc6AEtd,149,BV17EGc6AEtd,自测勿入,壹波纹0601,2026-07-31 13:13:36,1.0,0.0,0.0,1.0,0.0,0.0,0.0,1.0,
2026-07-31 16:30:01,BV1vb3b6KET1,150,BV1vb3b6KET1,自测1.0蓝莓酱版,蓝莓酱LEFT,2026-07-30 21:24:47,2.0,2.0,0.0,0.0,0.0,0.0,0.0,1.0,
2026-07-31 16:30:01,BV1vg3n6jEat,151,BV1vg3n6jEat,自测误点 1,午夜忧郁纯情甜妹总裁,2026-07-29 22:59:07,14.0,0.0,0.0,1.0,0.0,0.0,0.0,1.0,
2026-07-31 16:30:01,BV1Ni316iEQh,152,BV1Ni316iEQh,自测请勿点击,11225566778800,2026-07-29 19:52:44,0.0,0.0,0.0,0.0,0.0,0.0,0.0,1.0,
2026-07-31 16:30:01,BV1WB316NEqW,153,BV1WB316NEqW,自测请勿点击,小茄波纹呀,2026-07-29 19:52:00,0.0,0.0,0.0,0.0,0.0,0.0,0.0,1.0,
2026-07-31 16:30:01,BV1HX3b6SEBh,154,BV1HX3b6SEBh,自测勿点7.31_8.9,随便一只,2026-07-30 20:15:21,45.0,0.0,0.0,0.0,0.0,0.0,0.0,1.0,
2026-07-31 16:30:01,BV1fC3n6XECU,155,BV1fC3n6XECU,自测 勿点,123滴滴滴ddd,2026-07-29 21:45:52,32.0,0.0,0.0,1.0,0.0,0.0,0.0,1.0,
2026-07-31 16:30:01,BV18b316gEgT,156,BV18b316gEgT,自测误点,臻理不是真理,2026-07-29 19:29:12,0.0,0.0,0.0,0.0,0.0,0.0,0.0,1.0,
2026-07-31 16:30:01,BV15g3n6jEbS,157,BV15g3n6jEbS,自测3,午夜忧郁纯情甜妹总裁,2026-07-29 23:01:50,3.0,0.0,0.0,1.0,0.0,0.0,0.0,1.0,
2026-07-31 16:30:01,BV1rj3b65EKN,158,BV1rj3b65EKN,自测路人勿入,林中波纹曲,2026-07-30 23:05:39,8.0,2.0,0.0,1.0,0.0,0.0,0.0,1.0,
2026-07-31 16:30:01,BV15d3p6WEtX,159,,失败,,,,,,,,,,,62012
2026-07-31 16:30:01,BV1Yy3x6tEok,160,BV1Yy3x6tEok,28150819赛段自测01,28150819,2026-07-30 12:13:09,1.0,0.0,0.0,1.0,0.0,0.0,0.0,1.0,
2026-07-31 16:30:01,BV1s43z67EXn,161,BV1s43z67EXn,自测 729,TAOTAOALL,2026-07-29 00:53:50,90.0,0.0,0.0,1.0,0.0,0.0,0.0,1.0,
2026-07-31 16:30:01,BV1ks3x63EL6,162,BV1ks3x63EL6,自测勿点1,暖大大的烘山芋,2026-07-30 12:53:46,14.0,0.0,0.0,1.0,0.0,0.0,0.0,1.0,
2026-07-31 16:30:01,BV1Ug3x6DE1b,163,BV1Ug3x6DE1b,0801-0803自测勿点2,你做咩吖咩,2026-07-30 12:21:07,0.0,0.0,0.0,0.0,0.0,0.0,0.0,1.0,
2026-07-31 16:30:01,BV1tY316qEMY,164,BV1tY316qEMY,自测勿点勿看,捏个小埋,2026-07-29 20:20:46,1.0,0.0,0.0,1.0,0.0,0.0,0.0,1.0,
2026-07-31 16:30:01,BV1Lg3n6jEKQ,165,BV1Lg3n6jEKQ,自测 2,午夜忧郁纯情甜妹总裁,2026-07-29 23:29:15,41.0,0.0,0.0,0.0,0.0,1.0,0.0,1.0,
2026-07-31 16:30:01,BV1Bq3x6AE7w,166,BV1Bq3x6AE7w,自测勿点,木易北北yoo,2026-07-30 11:11:45,12.0,0.0,0.0,1.0,0.0,0.0,0.0,1.0,
2026-07-31 16:30:01,BV1PC3s6gEtM,167,BV1PC3s6gEtM,自测 勿点,kmdgzs,2026-07-30 13:58:35,14.0,0.0,0.0,1.0,0.0,0.0,0.0,1.0,
2026-07-31 16:30:01,BV12Y316qEdn,168,BV12Y316qEdn,自测勿点1,焱yyyan,2026-07-29 20:21:12,7.0,1.0,0.0,0.0,0.0,0.0,0.0,1.0,
2026-07-31 16:30:01,BV1hx316GEKS,169,BV1hx316GEKS,自测 勿点,自矜丨,2026-07-29 19:14:08,1.0,0.0,0.0,1.0,0.0,0.0,0.0,1.0,
2026-07-31 16:30:01,BV1XF3W6SEuz,170,BV1XF3W6SEuz,自测勿入,太阳好大好想鼠,2026-07-30 10:45:14,12.0,0.0,0.0,1.0,0.0,0.0,0.0,1.0,
2026-07-31 16:30:01,BV16N316dEjM,171,BV16N316dEjM,我的最新作品，快来一睹为快！,bili_47649027571,2026-07-29 22:53:36,1.0,0.0,0.0,0.0,0.0,0.0,0.0,1.0,
2026-07-31 17:00:02,https://www.bilibili.com/video/BV1jN64BKECs/?spm_id_from=333.337.search-card.all.click,0,BV1jN64BKECs,【杨博文｜4K直拍】跟着节奏一起《闭嘴跳舞》～,关键时刻来瓶尖叫,2026-02-01 20:20:32,1426945.0,25844.0,15771.0,22022.0,6986.0,2371.0,7087.0,3.0,
2026-07-31 17:00:02,https://www.bilibili.com/video/BV1Lb6tBBEYC/?spm_id_from=333.1387.favlist.content.click&vd_source=bdf775a036c61c0159ac2f0c251aaeb7,1,BV1Lb6tBBEYC,【4K精剪】闭嘴跳舞 | 杨博文直拍 | 260201,underthepoplar,2026-02-02 00:00:55,345505.0,26699.0,13962.0,18891.0,6359.0,1808.0,3038.0,2.0,
2026-07-31 17:00:02,https://www.bilibili.com/video/BV1mJ64BREZY/?spm_id_from=333.1387.favlist.content.click&vd_source=bdf775a036c61c0159ac2f0c251aaeb7,2,BV1mJ64BREZY,【杨博文】闭嘴跳舞丨当主舞穿上西装就会得到,Kismet丨杨博文,2026-02-01 18:31:00,597371.0,34844.0,3774.0,25153.0,4605.0,442.0,592.0,11.0,
2026-07-31 17:00:02,https://www.bilibili.com/video/BV1XA6nBGEPV/?spm_id_from=333.1387.favlist.content.click,3,BV1XA6nBGEPV,【4K精剪】希区考克 作品152 | 杨博文直拍 | 260131,underthepoplar,2026-02-01 00:23:17,1932909.0,23142.0,21877.0,19608.0,17787.0,3987.0,6859.0,1.0,
2026-07-31 17:00:02,https://www.bilibili.com/video/BV1EGBCBmEo8/?spm_id_from=333.1387.favlist.content.click,4,BV1EGBCBmEo8,【杨博文｜4K高清直拍】魅魔级别的《Manta》舞台，看博文如何一yeah封神,关键时刻来瓶尖叫,2025-12-27 23:15:44,866173.0,12151.0,9511.0,10837.0,12684.0,973.0,2312.0,4.0,
2026-07-31 17:00:02,https://www.bilibili.com/video/BV1A5vkB2E1k/?spm_id_from=333.1387.favlist.content.click,5,BV1A5vkB2E1k,【杨博文】Hey Mama六机位纯舞直拍丨15岁舞台统治者的诞生，四代主舞燃炸全场！,Kismet丨杨博文,2025-12-28 22:28:16,2613791.0,62676.0,43974.0,45380.0,21913.0,13495.0,21051.0,13.0,
2026-07-31 17:00:02,https://www.bilibili.com/video/BV1EQK56xEZk/?spm_id_from=333.1387.favlist.content.click,6,BV1EQK56xEZk,【杨博文｜音乐现场】｜《全世界陪我出发》4K直拍，考核第一的大C位实在太亮眼！,关键时刻来瓶尖叫,2026-07-16 20:29:02,227324.0,9629.0,2704.0,5397.0,5635.0,10091.0,7755.0,17.0,
2026-07-31 17:00:02,https://www.bilibili.com/video/BV1JUK56tEh5/?spm_id_from=333.1387.favlist.content.click,7,BV1JUK56tEh5,【杨博文｜音乐现场】全程舒适！跟着标准答案出发不迷路｜《全世界陪我出发》4k横屏直拍,游园会_杨博文,2026-07-16 20:06:19,152537.0,7160.0,2292.0,3810.0,5068.0,1940.0,1769.0,1.0,
2026-07-31 17:00:02,https://www.bilibili.com/video/BV1kFKG6pEPe/?spm_id_from=333.1387.favlist.content.click,8,BV1kFKG6pEPe,【杨博文】夏日运动会《全世界陪我出发》4K直拍,Eternity丨杨博文,2026-07-16 19:13:38,40119.0,4692.0,710.0,2617.0,2323.0,36.0,93.0,1.0,
2026-07-31 17:00:02,bilibili.com/video/BV1M9ePzaELH/?spm_id_from=333.337.search-card.all.click,9,BV1M9ePzaELH,「杨博文｜卡拉永远OK」突发舞台事故？我怎么没看见,Astra_杨博文,2025-08-19 22:15:30,821385.0,14534.0,4650.0,9700.0,10688.0,621.0,536.0,14.0,
2026-07-31 17:00:02,BV1gx316VEoZ,10,BV1gx316VEoZ,自测,你吃不吃蛋挞-Y,2026-07-29 19:15:14,0.0,0.0,0.0,0.0,0.0,0.0,0.0,1.0,
2026-07-31 17:00:02,BV1UG3x6JEho,11,BV1UG3x6JEho,0801-0803自测勿点1,你做咩吖咩,2026-07-30 12:20:31,2.0,0.0,0.0,0.0,0.0,0.0,0.0,1.0,
2026-07-31 17:00:02,BV1ku3463EPp,12,BV1ku3463EPp,自测勿点,总有一天找到你,2026-07-30 20:11:56,12.0,0.0,0.0,1.0,0.0,0.0,0.0,1.0,
2026-07-31 17:00:02,BV1WN3b6QEfh,13,BV1WN3b6QEfh,？,玳瑁大魔王,2026-07-30 22:47:52,249.0,2.0,0.0,0.0,0.0,0.0,0.0,1.0,
2026-07-31 17:00:02,BV1EEFSzWE7Y,14,BV1EEFSzWE7Y,2.10自测视频不要点谢谢！,燃烧浮生哦改哦拖,2026-02-10 15:49:42,126.0,0.0,0.0,1.0,0.0,0.0,0.0,1.0,
2026-07-31 17:00:02,BV1mJ3t6pEef,15,BV1mJ3t6pEef,自测，勿点,zoz-iii,2026-07-30 17:00:46,56.0,1.0,0.0,1.0,0.0,0.0,0.0,1.0,
2026-07-31 17:00:02,BV1zv3x6eEup,18,BV1zv3x6eEup,自测,lala懒懒新新,2026-07-30 11:15:20,44.0,0.0,0.0,1.0,0.0,0.0,0.0,1.0,
2026-07-31 17:00:02,BV1fC3n6XE69,19,BV1fC3n6XE69,自测，请勿点击,crown2025,2026-07-29 21:46:27,13.0,0.0,0.0,1.0,0.0,0.0,0.0,1.0,
2026-07-31 17:00:02,BV17EGc6AEVT,20,BV17EGc6AEVT,7.30自测,契樱超甜,2026-07-31 13:13:21,33.0,0.0,0.0,1.0,0.0,0.0,0.0,1.0,
2026-07-31 17:00:02,BV1seNB6wEPh,22,BV1seNB6wEPh,自测视频，请勿点击！,爱意再次来袭,2026-07-16 00:06:20,5.0,23.0,0.0,1.0,0.0,0.0,0.0,1.0,
2026-07-31 17:00:02,BV1BJ3b6GECG,23,BV1BJ3b6GECG,自测,啵啵冬Y,2026-07-30 23:14:49,0.0,0.0,0.0,0.0,0.0,0.0,0.0,1.0,
2026-07-31 17:00:02,BV17F3t6TE7b,25,BV17F3t6TE7b,自测请勿点击,加菲走猫步,2026-07-30 17:50:23,10.0,0.0,0.0,0.0,0.0,0.0,0.0,1.0,
2026-07-31 17:00:02,BV1296CBiEbP,26,BV1296CBiEbP,红色元素视频开头素材,机智豆好鸡汁,2026-01-31 15:24:51,3432.0,0.0,0.0,19.0,0.0,0.0,0.0,1.0,
2026-07-31 17:00:02,BV17EGc6AEip,27,BV17EGc6AEip,7.30自测,我要薯啦awa,2026-07-31 13:14:17,1.0,0.0,0.0,0.0,0.0,0.0,0.0,1.0,
2026-07-31 17:00:02,BV1Rd3p6pEHy,28,BV1Rd3p6pEHy,自测视频 勿点1,苓且,2026-07-30 10:42:09,8.0,0.0,0.0,1.0,0.0,0.0,0.0,1.0,
2026-07-31 17:00:02,BV1hm3x6xE8F,29,BV1hm3x6xE8F,【bbbbbb8330】我的最新作品，快来一睹为快！,bbbbbb8330,2026-07-30 11:49:13,0.0,0.0,0.0,0.0,0.0,0.0,0.0,1.0,
2026-07-31 17:00:02,BV1CF316FEGk,30,BV1CF316FEGk,自测勿进,Xisooay,2026-07-29 22:27:23,15.0,0.0,0.0,1.0,0.0,0.0,0.0,1.0,
2026-07-31 17:00:02,BV1i3316QEi4,32,BV1i3316QEi4,自测勿点,就吃一根薯条蘸茄汁,2026-07-29 21:03:16,7.0,0.0,0.0,0.0,0.0,0.0,0.0,1.0,
2026-07-31 17:00:02,BV1oq3x6AExN,33,BV1oq3x6AExN,自测视频1.0,咬一口北北脸颊肉,2026-07-30 11:11:33,4.0,1.0,0.0,0.0,0.0,0.0,0.0,1.0,
2026-07-31 17:00:02,BV1GT5v6xEDT,34,BV1GT5v6xEDT,【玖儿糖糖】最新视频上线，求关注！,玖儿糖糖,2026-05-15 17:52:26,5.0,2.0,0.0,1.0,0.0,0.0,0.0,1.0,
2026-07-31 17:00:02,BV1RQ3n67Err,35,BV1RQ3n67Err,自测视频 请勿点开,嘟嘟DuduOvo,2026-07-29 22:39:48,2.0,0.0,0.0,1.0,0.0,0.0,0.0,1.0,
2026-07-31 17:00:02,BV1K23b69EFY,36,BV1K23b69EFY,自测勿点1,枝刊续__,2026-07-30 20:33:15,161.0,1.0,0.0,1.0,0.0,0.0,0.0,1.0,
2026-07-31 17:00:02,BV19F3W6SEvK,37,BV19F3W6SEvK,自测勿入,太阳很大不要鼠,2026-07-30 10:46:35,11.0,0.0,0.0,1.0,0.0,0.0,0.0,1.0,
2026-07-31 17:00:02,BV12J3t6pEtx,38,BV12J3t6pEtx,第一阶段自测,这个名字真的很难想,2026-07-30 17:39:10,1.0,0.0,0.0,0.0,0.0,0.0,0.0,1.0,
2026-07-31 17:00:02,BV1ef316SEGT,40,BV1ef316SEGT,超级自测,小小littlesheep,2026-07-29 19:07:58,3.0,0.0,0.0,0.0,0.0,0.0,0.0,1.0,
2026-07-31 17:00:02,BV1jT386gEJW,42,BV1jT386gEJW,自测勿点1,小羊下雨问妖,2026-07-30 21:05:41,10.0,0.0,0.0,1.0,0.0,0.0,0.0,1.0,
2026-07-31 17:00:02,BV1Qr4y157Y4,43,BV1Qr4y157Y4,只是做任务,nicoicc,2022-08-06 13:18:05,96.0,5.0,0.0,1.0,0.0,1.0,0.0,1.0,
2026-07-31 17:00:02,BV1Ua316MENn,44,BV1Ua316MENn,自测 请勿点击,杨博文小漂亮,2026-07-29 20:03:49,15.0,1.0,0.0,0.0,0.0,0.0,0.0,1.0,
2026-07-31 17:00:02,BV1sB316PEE2,45,BV1sB316PEE2,7.31-8.3自测,我素质低你让让我,2026-07-29 19:49:17,114.0,0.0,0.0,1.0,0.0,0.0,0.0,1.0,
2026-07-31 17:00:02,BV1Bg316pE2m,46,BV1Bg316pE2m,自测请勿点击,obsession-202,2026-07-29 21:27:37,19.0,0.0,0.0,1.0,0.0,0.0,0.0,1.0,
2026-07-31 17:00:02,BV1U9KV6KEN5,47,BV1U9KV6KEN5,自测勿点,杨語文歌,2026-07-16 22:39:00,167.0,12.0,0.0,1.0,0.0,0.0,0.0,1.0,
2026-07-31 17:00:02,BV1PQ3b6nEVG,48,BV1PQ3b6nEVG,博丝自测，勿点谢谢1.0,bili_53292940566,2026-07-30 20:19:46,12.0,0.0,0.0,2.0,0.0,0.0,0.0,1.0,
2026-07-31 17:00:02,BV1RkGF6oEFv,49,BV1RkGF6oEFv,自测1勿点-第一赛段,丨失眠数羊丨,2026-07-31 13:26:07,1.0,2.0,0.0,1.0,0.0,0.0,0.0,1.0,
2026-07-31 17:00:02,BV1ipGc68EUC,51,BV1ipGc68EUC,自测视频勿点,新用户080913,2026-07-31 12:57:28,41.0,0.0,0.0,1.0,0.0,0.0,0.0,1.0,
2026-07-31 17:00:02,BV1Tk3b64EA2,52,BV1Tk3b64EA2,自测勿点,怪盗乌哩哩,2026-07-30 22:13:24,117.0,1.0,0.0,0.0,0.0,0.0,0.0,1.0,
2026-07-31 17:00:02,BV1wR3b6EEvB,53,BV1wR3b6EEvB,自测2，自用,梦汐MX,2026-07-30 20:30:28,25.0,1.0,0.0,1.0,0.0,0.0,0.0,1.0,
2026-07-31 17:00:02,BV1eF3x6bEZY,54,BV1eF3x6bEZY,自测勿点,牛肉干爹,2026-07-30 14:00:28,114.0,2.0,0.0,1.0,0.0,1.0,0.0,1.0,
2026-07-31 17:00:02,BV1Qm3x6xEvj,55,BV1Qm3x6xEvj,自测勿进,A鸡蛋批发商,2026-07-30 11:49:19,183.0,3.0,0.0,2.0,0.0,0.0,0.0,1.0,
2026-07-31 17:00:02,BV1xa3n6wESf,56,BV1xa3n6wESf,自测视频｜自用勿点,Solbudglow,2026-07-29 23:26:09,3.0,0.0,0.0,0.0,0.0,0.0,0.0,1.0,
2026-07-31 17:00:02,BV1ug3x6QEU5,57,BV1ug3x6QEU5,第一阶段3 听视频 勿动勿点,桧云渺,2026-07-30 12:22:56,2.0,0.0,0.0,1.0,0.0,0.0,0.0,1.0,
2026-07-31 17:00:02,BV15s346cEVW,58,BV15s346cEVW,自测请勿点击,长在红旗下好青年,2026-07-30 18:06:00,6.0,0.0,0.0,0.0,0.0,0.0,0.0,1.0,
2026-07-31 17:00:02,BV19o3p6QExT,59,BV19o3p6QExT,自测视频勿入,嘎贝大王万万岁,2026-07-30 10:36:49,124.0,2.0,0.0,1.0,0.0,0.0,0.0,1.0,
2026-07-31 17:00:02,BV1dT386uEX9,60,BV1dT386uEX9,自测1勿点,很爱学习的华夫饼,2026-07-30 21:02:19,118.0,0.0,0.0,1.0,0.0,0.0,0.0,1.0,
2026-07-31 17:00:02,BV1Rr3x68Eto,61,BV1Rr3x68Eto,第一阶段自测2 勿动勿点,书源不打烊ov2,2026-07-30 12:05:10,3.0,0.0,0.0,1.0,0.0,0.0,0.0,1.0,
2026-07-31 17:00:02,BV1EEGc6AEB1,62,BV1EEGc6AEB1,自测，勿点1,小妍love妮,2026-07-31 13:10:05,1.0,0.0,0.0,1.0,0.0,0.0,0.0,1.0,
2026-07-31 17:00:02,BV1hp3165Eq7,63,BV1hp3165Eq7,自测，勿点！,Insist愛,2026-07-29 19:38:40,3.0,0.0,0.0,1.0,0.0,0.0,0.0,1.0,
2026-07-31 17:00:02,BV1Eq3x6PEwg,64,BV1Eq3x6PEwg,自测,哈哈哈哈哈11_,2026-07-30 11:08:49,4.0,0.0,0.0,1.0,0.0,0.0,0.0,1.0,
2026-07-31 17:00:02,BV12J3x6yEV6,65,BV12J3x6yEV6,自测视频勿点,爱意埋入海,2026-07-30 13:24:08,7.0,0.0,0.0,1.0,0.0,0.0,0.0,1.0,
2026-07-31 17:00:02,BV1d3316QERP,66,BV1d3316QERP,自测视频1,呆羊精得很,2026-07-29 21:01:11,2.0,0.0,0.0,0.0,1.0,0.0,0.0,1.0,
2026-07-31 17:00:02,BV1Su3x6HE9g,67,BV1Su3x6HE9g,自测 勿点1,满目霖郎,2026-07-30 12:44:48,17.0,0.0,0.0,1.0,0.0,0.0,0.0,1.0,
2026-07-31 17:00:02,BV18z3b6bE71,68,BV18z3b6bE71,自测视频-1,么么北北mmbb,2026-07-30 22:01:50,127.0,2.0,0.0,1.0,0.0,0.0,0.0,1.0,
2026-07-31 17:00:02,BV1cg346rEVx,69,BV1cg346rEVx,粉海,zmmxi,2026-07-30 20:08:09,9.0,0.0,0.0,0.0,0.0,0.0,0.0,1.0,
2026-07-31 17:00:02,BV1Xm3x6xEFo,70,BV1Xm3x6xEFo,自测勿进,寿喜丸子锅,2026-07-30 11:49:45,29.0,1.0,0.0,2.0,0.0,0.0,0.0,1.0,
2026-07-31 17:00:02,BV11P3b6pEyQ,71,BV11P3b6pEyQ,自测路人勿入,语柒词,2026-07-30 22:32:04,87.0,0.0,0.0,1.0,0.0,0.0,0.0,1.0,
2026-07-31 17:00:02,BV1mf3t6dE7b,72,BV1mf3t6dE7b,自测请勿点击,桃那个夭,2026-07-30 23:02:31,2.0,0.0,0.0,1.0,0.0,0.0,0.0,1.0,
2026-07-31 17:00:02,BV1pd3J6dE9x,73,BV1pd3J6dE9x,自测误点,只加冰__,2026-07-29 23:54:51,1.0,0.0,0.0,1.0,0.0,0.0,0.0,1.0,
2026-07-31 17:00:02,BV1VYNv6KEHa,74,BV1VYNv6KEHa,自测,是小文文ya,2026-07-15 14:21:13,450.0,14.0,0.0,1.0,0.0,0.0,0.0,1.0,
2026-07-31 17:00:02,BV1ZTKY6MEKB,75,BV1ZTKY6MEKB,自测别点,芋泥脑袋x,2026-07-22 00:01:37,137.0,18.0,0.0,1.0,0.0,0.0,0.0,1.0,
2026-07-31 17:00:02,BV1z23n6QEwm,76,BV1z23n6QEwm,自测视频 不要点开,61小幺妹,2026-07-29 22:29:25,1.0,1.0,0.0,1.0,0.0,0.0,0.0,1.0,
2026-07-31 17:00:02,BV1qqGF6cEXJ,77,BV1qqGF6cEXJ,自测2勿点-第一赛段,丨失眠数羊丨,2026-07-31 13:40:31,3.0,0.0,0.0,1.0,0.0,0.0,0.0,1.0,
2026-07-31 17:00:02,BV1c23p6hEgY,79,BV1c23p6hEgY,自测勿入,呆博萌羊_0601,2026-07-30 10:16:13,8.0,0.0,0.0,1.0,0.0,0.0,0.0,1.0,
2026-07-31 17:00:02,BV1hW316CE2T,80,BV1hW316CE2T,自测 勿点 7.31-8.3,妈粉来自Slytherin,2026-07-29 19:21:34,1.0,0.0,0.0,1.0,0.0,0.0,0.0,1.0,
2026-07-31 17:00:02,BV1GF3W6DEBc,81,BV1GF3W6DEBc,自测 勿点！！,源琳-,2026-07-30 10:44:29,9.0,0.0,0.0,0.0,0.0,0.0,0.0,1.0,
2026-07-31 17:00:02,BV18U3x6RESK,82,BV18U3x6RESK,【M雨梦】最新视频已上线，快来围观！,M雨梦,2026-07-30 11:45:25,0.0,0.0,0.0,0.0,0.0,0.0,0.0,1.0,
2026-07-31 17:00:02,BV1yB316PECF,83,BV1yB316PECF,7.31-8.3自测2,我素质低你让让我,2026-07-29 19:50:14,51.0,0.0,0.0,1.0,0.0,0.0,0.0,1.0,
2026-07-31 17:00:02,BV1J63n6dEUw,84,BV1J63n6dEUw,自测（勿点）,楊小咩_sheep,2026-07-29 21:35:56,0.0,0.0,0.0,0.0,0.0,0.0,0.0,1.0,
2026-07-31 17:00:02,BV1Y13x6oEEC,85,BV1Y13x6oEEC,第一阶段自测1 勿动勿点,周洲舟ov,2026-07-30 12:08:32,2.0,0.0,0.0,1.0,0.0,0.0,0.0,1.0,
2026-07-31 17:00:02,BV1Y1GF6REak,86,BV1Y1GF6REak,7.31自测，勿入！,蕴璞,2026-07-31 13:37:15,2.0,0.0,0.0,0.0,0.0,0.0,0.0,1.0,
2026-07-31 17:00:02,BV1UG3x6JEtV,87,BV1UG3x6JEtV,mmm赛段自测01,MadMadMe,2026-07-30 12:18:37,1.0,0.0,0.0,1.0,0.0,0.0,0.0,1.0,
2026-07-31 17:00:02,BV1sD3J6FER8,88,BV1sD3J6FER8,自测视频 禁止点击,羊村常住村民,2026-07-30 00:13:00,111.0,1.0,0.0,0.0,0.0,0.0,0.0,1.0,
2026-07-31 17:00:02,BV11qz4BJESa,89,BV11qz4BJESa,三点,ktmmt91,2026-01-26 03:54:41,204.0,1.0,0.0,2.0,0.0,0.0,0.0,1.0,
2026-07-31 17:00:02,BV1Du3x6HEs4,90,BV1Du3x6HEs4,肆意自测别点,肆意再现,2026-07-30 12:45:59,0.0,0.0,0.0,0.0,0.0,0.0,0.0,1.0,
2026-07-31 17:00:02,BV1GY3b6YEgN,91,BV1GY3b6YEgN,自测，勿点1,你爱喝果粒橙么,2026-07-30 22:19:49,13.0,1.0,0.0,1.0,0.0,0.0,0.0,1.0,
2026-07-31 17:00:02,BV1ef316SECU,92,BV1ef316SECU,【玖玖糖糖】最新视频上线，求关注！,玖玖糖糖,2026-07-29 19:26:11,20.0,0.0,0.0,1.0,0.0,0.0,0.0,1.0,
2026-07-31 17:00:02,BV16N316dER1,94,BV16N316dER1,【玖玖糖糖糖】最新视频来袭，快来看看吧！,玖玖糖糖糖,2026-07-29 21:22:29,12.0,0.0,0.0,0.0,0.0,0.0,0.0,1.0,
2026-07-31 17:00:02,BV1yH3x6VETZ,95,BV1yH3x6VETZ,自测视频，勿点一一一,dddddash6,2026-07-30 13:19:40,86.0,0.0,0.0,0.0,0.0,0.0,0.0,1.0,
2026-07-31 17:00:02,BV1Vh3h6kES4,96,BV1Vh3h6kES4,自测勿点,huixuan128,2026-07-31 00:50:54,24.0,0.0,0.0,1.0,0.0,0.0,0.0,1.0,
2026-07-31 17:00:02,BV1w63p6eENE,97,BV1w63p6eENE,自测勿点,不同CD,2026-07-30 10:33:21,7.0,1.0,0.0,1.0,0.0,0.0,0.0,1.0,
2026-07-31 17:00:02,BV15d3p6WEsc,98,BV15d3p6WEsc,自测 勿点‼️‼️‼️,椿芽榴莲,2026-07-30 10:41:29,6.0,0.0,0.0,0.0,0.0,0.0,0.0,1.0,
2026-07-31 17:00:02,BV1nSK56oEwv,99,BV1nSK56oEwv,自测,Oopsoooh,2026-07-16 20:18:14,344.0,16.0,0.0,1.0,0.0,0.0,0.0,1.0,
2026-07-31 17:00:02,BV1yB316PEU5,100,BV1yB316PEU5,7.31-8.3自测3,我素质低你让让我,2026-07-29 19:50:20,91.0,0.0,0.0,1.0,0.0,0.0,0.0,1.0,
2026-07-31 17:00:02,BV1jt3h6yEjW,101,BV1jt3h6yEjW,自测视频勿点,sherry银河系,2026-07-31 01:15:45,12.0,1.0,0.0,1.0,0.0,0.0,0.0,1.0,
2026-07-31 17:00:02,BV1wQ346kET4,102,BV1wQ346kET4,自测勿点1,潇潇暮晚吟,2026-07-30 17:06:15,2.0,0.0,0.0,0.0,0.0,0.0,0.0,1.0,
2026-07-31 17:00:02,BV1JVNY63ECm,103,BV1JVNY63ECm,亲爱的心疼是一场有时差的雨,芋泥牛奶吐司,2026-07-15 11:23:03,1253.0,15.0,0.0,0.0,0.0,0.0,0.0,1.0,
2026-07-31 17:00:02,BV1J3NJ6NEXP,104,BV1J3NJ6NEXP,自测勿点,沙耶-lan,2026-07-10 22:16:09,46.0,10.0,0.0,1.0,0.0,0.0,0.0,1.0,
2026-07-31 17:00:02,BV1BqGF6cEXT,105,BV1BqGF6cEXT,自测，勿点1,落叶眠烟,2026-07-31 13:41:36,2.0,0.0,0.0,1.0,0.0,0.0,0.0,1.0,
2026-07-31 17:00:02,BV1Vb3b6KEj6,106,BV1Vb3b6KEj6,自测1.0折杏春版,折杏春,2026-07-30 21:26:27,2.0,0.0,0.0,0.0,0.0,0.0,0.0,1.0,
2026-07-31 17:00:02,BV14U3J6hEEh,107,BV14U3J6hEEh,自测视频 禁止点击,波纹牌保文杯,2026-07-30 00:17:13,12.0,0.0,0.0,0.0,0.0,0.0,0.0,1.0,
2026-07-31 17:00:02,BV1kuGc6uEPM,108,BV1kuGc6uEPM,自测，勿点1,cakexin_,2026-07-31 12:10:23,2.0,0.0,0.0,1.0,0.0,0.0,0.0,1.0,
2026-07-31 17:00:02,BV1Zc386VE4g,109,BV1Zc386VE4g,自测勿点1,Bamboo-shade,2026-07-30 21:22:06,1.0,0.0,0.0,1.0,0.0,0.0,0.0,1.0,
2026-07-31 17:00:02,BV1UJ3t6pEGh,110,BV1UJ3t6pEGh,第一阶段自测,我要喝绿豆汤,2026-07-30 16:40:45,0.0,0.0,0.0,0.0,0.0,0.0,0.0,1.0,
2026-07-31 17:00:02,BV1Ri4y167T3,111,BV1Ri4y167T3,2024.1.1 易烊千玺工作室更博 荡秋千吹来的新年快乐！,烊不源,2024-01-01 11:48:27,683.0,1.0,0.0,1.0,1.0,0.0,0.0,1.0,
2026-07-31 17:00:02,BV1UZ3t64Ecj,112,BV1UZ3t64Ecj,！,玳瑁大魔王,2026-07-30 22:49:02,20.0,0.0,0.0,0.0,0.0,0.0,0.0,1.0,
2026-07-31 17:00:02,BV1pr316wEpv,113,BV1pr316wEpv,刷播自测，勿点,第十一杯eleven,2026-07-29 19:55:38,1.0,1.0,0.0,0.0,0.0,0.0,0.0,1.0,
2026-07-31 17:00:02,BV1L43b6qEw4,114,BV1L43b6qEw4,自测1.0yzzr版,yzzr_b,2026-07-30 21:28:34,3.0,0.0,0.0,0.0,0.0,0.0,0.0,1.0,
2026-07-31 17:00:02,BV1Nq3p6iE7h,115,BV1Nq3p6iE7h,自测，勿点1,郁期物,2026-07-30 10:24:41,10.0,0.0,0.0,1.0,0.0,0.0,0.0,1.0,
2026-07-31 17:00:02,BV1ex3468Eib,116,BV1ex3468Eib,自测视频勿点,Rayla_X,2026-07-30 18:02:16,10.0,1.0,0.0,1.0,0.0,0.0,0.0,1.0,
2026-07-31 17:00:02,BV1fS3p64Ekk,117,BV1fS3p64Ekk,自测勿点,dd鱿鱼须,2026-07-30 10:56:49,165.0,3.0,0.0,1.0,0.0,0.0,0.0,1.0,
2026-07-31 17:00:02,BV1yJ3x6yEx8,118,BV1yJ3x6yEx8,自测视频，勿点一一一二,dddddash6,2026-07-30 13:21:19,5.0,0.0,0.0,0.0,0.0,0.0,0.0,1.0,
2026-07-31 17:00:02,BV1kr316wEHH,119,BV1kr316wEHH,刷播自测，勿点,冬眠中的眼镜小姐,2026-07-29 19:59:08,8.0,0.0,0.0,1.0,0.0,0.0,0.0,1.0,
2026-07-31 17:00:02,BV1gAffBaE4f,120,BV1gAffBaE4f,自测3,半夏哒哒哒,2026-02-04 23:27:13,38.0,0.0,0.0,1.0,0.0,0.0,0.0,1.0,
2026-07-31 17:00:02,BV1EC3n69ErV,121,BV1EC3n69ErV,勿点 自测,bili_70067848892,2026-07-30 00:04:07,2.0,0.0,0.0,1.0,0.0,0.0,0.0,1.0,
2026-07-31 17:00:02,BV1jP386GE1N,122,BV1jP386GE1N,自测 勿入 1,秋雨__,2026-07-30 20:55:08,1.0,0.0,0.0,0.0,0.0,0.0,0.0,1.0,
2026-07-31 17:00:02,BV1mm3J6wEz4,123,BV1mm3J6wEz4,自测视频请勿点击,攒灵儿,2026-07-30 00:06:30,15.0,0.0,0.0,0.0,0.0,0.0,0.0,1.0,
2026-07-31 17:00:02,BV1sT3b6nE8d,124,BV1sT3b6nE8d,自测勿点,夏目の妖,2026-07-30 22:42:00,9.0,0.0,0.0,0.0,0.0,0.0,0.0,1.0,
2026-07-31 17:00:02,BV1LM386zE7M,125,BV1LM386zE7M,自存 勿入 2,盒饭刺豚,2026-07-30 20:58:42,143.0,0.0,0.0,0.0,0.0,0.0,0.0,1.0,
2026-07-31 17:00:02,BV1csffB7E4j,126,BV1csffB7E4j,防吞,杨博文波纹收藏记录馆,2026-02-04 23:54:43,9561.0,370.0,137.0,2293.0,14.0,1.0,0.0,1.0,
2026-07-31 17:00:02,BV1u43166E2t,127,BV1u43166E2t,自测误点,bili_21144701884,2026-07-29 21:56:06,2.0,0.0,0.0,0.0,0.0,0.0,0.0,1.0,
2026-07-31 17:00:02,BV1Qd3n6yEZE,128,BV1Qd3n6yEZE,自测视频 请勿点开,61小羊梅,2026-07-29 22:20:32,10.0,1.0,0.0,1.0,0.0,0.0,0.0,1.0,
2026-07-31 17:00:02,BV1dQ3n67Ego,129,BV1dQ3n67Ego,自测视频 请勿点开,女厕所战神_,2026-07-29 22:36:03,14.0,0.0,0.0,1.0,0.0,0.0,0.0,1.0,
2026-07-31 17:00:02,BV1o93p69E49,130,BV1o93p69E49,自测勿点,ppdd-_,2026-07-30 11:04:03,28.0,0.0,0.0,1.0,0.0,0.0,0.0,1.0,
2026-07-31 17:00:02,BV1Y13x6oEHJ,131,BV1Y13x6oEHJ,ntt0819赛段自测01,ntt0819,2026-07-30 12:09:18,0.0,0.0,0.0,1.0,0.0,0.0,0.0,1.0,
2026-07-31 17:00:02,BV1DU3x6RE7m,132,BV1DU3x6RE7m,自测勿进,腼腆自卑内向_,2026-07-30 11:45:46,207.0,2.0,0.0,1.0,0.0,0.0,0.0,1.0,
2026-07-31 17:00:02,BV1ck3p6AEa5,133,BV1ck3p6AEa5,自测、勿点1,涩咪亚,2026-07-30 10:28:12,12.0,0.0,0.0,1.0,0.0,0.0,0.0,1.0,
2026-07-31 17:00:02,BV1hD3x6WEyw,134,BV1hD3x6WEyw,lpss赛段自测01,_lpss,2026-07-30 11:56:25,0.0,0.0,0.0,1.0,0.0,0.0,0.0,1.0,
2026-07-31 17:00:02,BV1fEGc6AES3,135,BV1fEGc6AES3,自测误点1,眄睐99,2026-07-31 13:13:18,1.0,0.0,0.0,1.0,1.0,0.0,0.0,1.0,
2026-07-31 17:00:02,BV1zjGc6eEUZ,138,BV1zjGc6eEUZ,自测勿进勿进勿进,为什么是V,2026-07-31 13:16:35,1.0,0.0,0.0,0.0,0.0,0.0,0.0,1.0,
2026-07-31 17:00:02,BV19P3x6REne,139,BV19P3x6REne,自测肆意再现,饺饺者7,2026-07-30 12:40:52,2.0,0.0,0.0,0.0,1.0,0.0,0.0,1.0,
2026-07-31 17:00:02,BV1u63b6ZEKe,140,BV1u63b6ZEKe,自测1勿点,叶不修u,2026-07-30 21:58:55,1.0,0.0,0.0,0.0,0.0,0.0,0.0,1.0,
2026-07-31 17:00:02,BV1sN3b6QE3R,141,BV1sN3b6QE3R,【萸霜霜霜】Up主探索中，欢迎收看求三连！,萸霜霜霜,2026-07-30 22:44:51,77.0,2.0,0.0,2.0,0.0,0.0,0.0,1.0,
2026-07-31 17:00:02,BV1oq3x6AEBX,142,BV1oq3x6AEBX,自测视频勿点,雁渡寒潭yuan,2026-07-30 11:08:56,12.0,0.0,0.0,0.0,0.0,0.0,0.0,1.0,
2026-07-31 17:00:02,BV1oT3n6EEpQ,143,BV1oT3n6EEpQ,自测视频｜自用勿点,星光延长期,2026-07-30 00:34:03,11.0,0.0,0.0,0.0,0.0,0.0,0.0,1.0,
2026-07-31 17:00:02,BV1eZ316nEvS,144,BV1eZ316nEvS,【辉映皓天】新作上线，快来看看！,辉映皓天,2026-07-29 19:26:44,0.0,0.0,0.0,0.0,0.0,0.0,0.0,1.0,
2026-07-31 17:00:02,BV1qM3n6mEnw,145,BV1qM3n6mEnw,自测，勿点,已完结zzz,2026-07-30 00:38:24,4.0,0.0,0.0,1.0,0.0,1.0,0.0,1.0,
2026-07-31 17:00:02,BV1ikGF6ZEbn,146,BV1ikGF6ZEbn,自测，勿点1,醉江南ace,2026-07-31 13:26:46,1.0,0.0,0.0,1.0,0.0,0.0,0.0,1.0,
2026-07-31 17:00:02,BV1AQ3b6nEZW,147,BV1AQ3b6nEZW,博丝自测，勿点谢谢1.1,bili_53292940566,2026-07-30 20:22:17,1.0,0.0,0.0,1.0,0.0,0.0,0.0,1.0,
2026-07-31 17:00:02,BV1M43n6vEHU,148,BV1M43n6vEHU,计划，误点,朔月新夏,2026-07-29 23:37:48,1.0,0.0,0.0,1.0,0.0,0.0,0.0,1.0,
2026-07-31 17:00:02,BV17EGc6AEtd,149,BV17EGc6AEtd,自测勿入,壹波纹0601,2026-07-31 13:13:36,1.0,0.0,0.0,1.0,0.0,0.0,0.0,1.0,
2026-07-31 17:00:02,BV1vb3b6KET1,150,BV1vb3b6KET1,自测1.0蓝莓酱版,蓝莓酱LEFT,2026-07-30 21:24:47,2.0,2.0,0.0,0.0,0.0,0.0,0.0,1.0,
2026-07-31 17:00:02,BV1vg3n6jEat,151,BV1vg3n6jEat,自测误点 1,午夜忧郁纯情甜妹总裁,2026-07-29 22:59:07,14.0,0.0,0.0,1.0,0.0,0.0,0.0,1.0,
2026-07-31 17:00:02,BV1Ni316iEQh,152,BV1Ni316iEQh,自测请勿点击,11225566778800,2026-07-29 19:52:44,0.0,0.0,0.0,0.0,0.0,0.0,0.0,1.0,
2026-07-31 17:00:02,BV1WB316NEqW,153,BV1WB316NEqW,自测请勿点击,小茄波纹呀,2026-07-29 19:52:00,0.0,0.0,0.0,0.0,0.0,0.0,0.0,1.0,
2026-07-31 17:00:02,BV1HX3b6SEBh,154,BV1HX3b6SEBh,自测勿点7.31_8.9,随便一只,2026-07-30 20:15:21,52.0,0.0,0.0,0.0,0.0,0.0,0.0,1.0,
2026-07-31 17:00:02,BV1fC3n6XECU,155,BV1fC3n6XECU,自测 勿点,123滴滴滴ddd,2026-07-29 21:45:52,32.0,0.0,0.0,1.0,0.0,0.0,0.0,1.0,
2026-07-31 17:00:02,BV18b316gEgT,156,BV18b316gEgT,自测误点,臻理不是真理,2026-07-29 19:29:12,0.0,0.0,0.0,0.0,0.0,0.0,0.0,1.0,
2026-07-31 17:00:02,BV15g3n6jEbS,157,BV15g3n6jEbS,自测3,午夜忧郁纯情甜妹总裁,2026-07-29 23:01:50,3.0,0.0,0.0,1.0,0.0,0.0,0.0,1.0,
2026-07-31 17:00:02,BV1rj3b65EKN,158,BV1rj3b65EKN,自测路人勿入,林中波纹曲,2026-07-30 23:05:39,8.0,2.0,0.0,1.0,0.0,0.0,0.0,1.0,
2026-07-31 17:00:02,BV15d3p6WEtX,159,,失败,,,,,,,,,,,62012
2026-07-31 17:00:02,BV1Yy3x6tEok,160,BV1Yy3x6tEok,28150819赛段自测01,28150819,2026-07-30 12:13:09,1.0,0.0,0.0,1.0,0.0,0.0,0.0,1.0,
2026-07-31 17:00:02,BV1s43z67EXn,161,BV1s43z67EXn,自测 729,TAOTAOALL,2026-07-29 00:53:50,90.0,0.0,0.0,1.0,0.0,0.0,0.0,1.0,
2026-07-31 17:00:02,BV1ks3x63EL6,162,BV1ks3x63EL6,自测勿点1,暖大大的烘山芋,2026-07-30 12:53:46,14.0,0.0,0.0,1.0,0.0,0.0,0.0,1.0,
2026-07-31 17:00:02,BV1Ug3x6DE1b,163,BV1Ug3x6DE1b,0801-0803自测勿点2,你做咩吖咩,2026-07-30 12:21:07,0.0,0.0,0.0,0.0,0.0,0.0,0.0,1.0,
2026-07-31 17:00:02,BV1tY316qEMY,164,BV1tY316qEMY,自测勿点勿看,捏个小埋,2026-07-29 20:20:46,1.0,0.0,0.0,1.0,0.0,0.0,0.0,1.0,
2026-07-31 17:00:02,BV1Lg3n6jEKQ,165,BV1Lg3n6jEKQ,自测 2,午夜忧郁纯情甜妹总裁,2026-07-29 23:29:15,42.0,0.0,0.0,0.0,0.0,1.0,0.0,1.0,
2026-07-31 17:00:02,BV1Bq3x6AE7w,166,BV1Bq3x6AE7w,自测勿点,木易北北yoo,2026-07-30 11:11:45,12.0,0.0,0.0,1.0,0.0,0.0,0.0,1.0,
2026-07-31 17:00:02,BV1PC3s6gEtM,167,BV1PC3s6gEtM,自测 勿点,kmdgzs,2026-07-30 13:58:35,14.0,0.0,0.0,1.0,0.0,0.0,0.0,1.0,
2026-07-31 17:00:02,BV12Y316qEdn,168,BV12Y316qEdn,自测勿点1,焱yyyan,2026-07-29 20:21:12,7.0,1.0,0.0,0.0,0.0,0.0,0.0,1.0,
2026-07-31 17:00:02,BV1hx316GEKS,169,BV1hx316GEKS,自测 勿点,自矜丨,2026-07-29 19:14:08,1.0,0.0,0.0,1.0,0.0,0.0,0.0,1.0,
2026-07-31 17:00:02,BV1XF3W6SEuz,170,BV1XF3W6SEuz,自测勿入,太阳好大好想鼠,2026-07-30 10:45:14,12.0,0.0,0.0,1.0,0.0,0.0,0.0,1.0,
2026-07-31 17:00:02,BV16N316dEjM,171,BV16N316dEjM,我的最新作品，快来一睹为快！,bili_47649027571,2026-07-29 22:53:36,1.0,0.0,0.0,0.0,0.0,0.0,0.0,1.0,
2026-07-31 17:30:03,https://www.bilibili.com/video/BV1jN64BKECs/?spm_id_from=333.337.search-card.all.click,0,BV1jN64BKECs,【杨博文｜4K直拍】跟着节奏一起《闭嘴跳舞》～,关键时刻来瓶尖叫,2026-02-01 20:20:32,1426971.0,25848.0,15771.0,22024.0,7003.0,2371.0,7087.0,1.0,
2026-07-31 17:30:03,https://www.bilibili.com/video/BV1Lb6tBBEYC/?spm_id_from=333.1387.favlist.content.click&vd_source=bdf775a036c61c0159ac2f0c251aaeb7,1,BV1Lb6tBBEYC,【4K精剪】闭嘴跳舞 | 杨博文直拍 | 260201,underthepoplar,2026-02-02 00:00:55,345564.0,26704.0,13962.0,18893.0,6377.0,1808.0,3038.0,6.0,
2026-07-31 17:30:03,https://www.bilibili.com/video/BV1mJ64BREZY/?spm_id_from=333.1387.favlist.content.click&vd_source=bdf775a036c61c0159ac2f0c251aaeb7,2,BV1mJ64BREZY,【杨博文】闭嘴跳舞丨当主舞穿上西装就会得到,Kismet丨杨博文,2026-02-01 18:31:00,597470.0,34846.0,3774.0,25154.0,4622.0,442.0,592.0,9.0,
2026-07-31 17:30:03,https://www.bilibili.com/video/BV1XA6nBGEPV/?spm_id_from=333.1387.favlist.content.click,3,BV1XA6nBGEPV,【4K精剪】希区考克 作品152 | 杨博文直拍 | 260131,underthepoplar,2026-02-01 00:23:17,1932920.0,23143.0,21882.0,19609.0,17804.0,3987.0,6859.0,1.0,
2026-07-31 17:30:03,https://www.bilibili.com/video/BV1EGBCBmEo8/?spm_id_from=333.1387.favlist.content.click,4,BV1EGBCBmEo8,【杨博文｜4K高清直拍】魅魔级别的《Manta》舞台，看博文如何一yeah封神,关键时刻来瓶尖叫,2025-12-27 23:15:44,866361.0,12151.0,9511.0,10839.0,12684.0,973.0,2312.0,8.0,
2026-07-31 17:30:03,https://www.bilibili.com/video/BV1A5vkB2E1k/?spm_id_from=333.1387.favlist.content.click,5,BV1A5vkB2E1k,【杨博文】Hey Mama六机位纯舞直拍丨15岁舞台统治者的诞生，四代主舞燃炸全场！,Kismet丨杨博文,2025-12-28 22:28:16,2613990.0,62680.0,43976.0,45383.0,21930.0,13495.0,21051.0,6.0,
2026-07-31 17:30:03,https://www.bilibili.com/video/BV1EQK56xEZk/?spm_id_from=333.1387.favlist.content.click,6,BV1EQK56xEZk,【杨博文｜音乐现场】｜《全世界陪我出发》4K直拍，考核第一的大C位实在太亮眼！,关键时刻来瓶尖叫,2026-07-16 20:29:02,227566.0,9636.0,2708.0,5404.0,5636.0,10091.0,7755.0,14.0,
2026-07-31 17:30:03,https://www.bilibili.com/video/BV1JUK56tEh5/?spm_id_from=333.1387.favlist.content.click,7,BV1JUK56tEh5,【杨博文｜音乐现场】全程舒适！跟着标准答案出发不迷路｜《全世界陪我出发》4k横屏直拍,游园会_杨博文,2026-07-16 20:06:19,152653.0,7163.0,2294.0,3813.0,5068.0,1940.0,1769.0,1.0,
2026-07-31 17:30:03,https://www.bilibili.com/video/BV1kFKG6pEPe/?spm_id_from=333.1387.favlist.content.click,8,BV1kFKG6pEPe,【杨博文】夏日运动会《全世界陪我出发》4K直拍,Eternity丨杨博文,2026-07-16 19:13:38,40130.0,4693.0,710.0,2619.0,2323.0,36.0,93.0,1.0,
2026-07-31 17:30:03,bilibili.com/video/BV1M9ePzaELH/?spm_id_from=333.337.search-card.all.click,9,BV1M9ePzaELH,「杨博文｜卡拉永远OK」突发舞台事故？我怎么没看见,Astra_杨博文,2025-08-19 22:15:30,821476.0,14535.0,4652.0,9703.0,10688.0,621.0,536.0,9.0,
2026-07-31 17:30:03,BV1gx316VEoZ,10,BV1gx316VEoZ,自测,你吃不吃蛋挞-Y,2026-07-29 19:15:14,0.0,0.0,0.0,0.0,0.0,0.0,0.0,1.0,
2026-07-31 17:30:03,BV1UG3x6JEho,11,BV1UG3x6JEho,0801-0803自测勿点1,你做咩吖咩,2026-07-30 12:20:31,2.0,0.0,0.0,0.0,0.0,0.0,0.0,1.0,
2026-07-31 17:30:03,BV1ku3463EPp,12,BV1ku3463EPp,自测勿点,总有一天找到你,2026-07-30 20:11:56,12.0,0.0,0.0,1.0,0.0,0.0,0.0,1.0,
2026-07-31 17:30:03,BV1WN3b6QEfh,13,BV1WN3b6QEfh,？,玳瑁大魔王,2026-07-30 22:47:52,249.0,2.0,0.0,0.0,0.0,0.0,0.0,1.0,
2026-07-31 17:30:03,BV1EEFSzWE7Y,14,BV1EEFSzWE7Y,2.10自测视频不要点谢谢！,燃烧浮生哦改哦拖,2026-02-10 15:49:42,126.0,0.0,0.0,1.0,0.0,0.0,0.0,1.0,
2026-07-31 17:30:03,BV1mJ3t6pEef,15,BV1mJ3t6pEef,自测，勿点,zoz-iii,2026-07-30 17:00:46,105.0,1.0,0.0,1.0,0.0,0.0,0.0,1.0,
2026-07-31 17:30:03,BV1zv3x6eEup,18,BV1zv3x6eEup,自测,lala懒懒新新,2026-07-30 11:15:20,49.0,0.0,0.0,1.0,0.0,0.0,0.0,1.0,
2026-07-31 17:30:03,BV1fC3n6XE69,19,BV1fC3n6XE69,自测，请勿点击,crown2025,2026-07-29 21:46:27,13.0,0.0,0.0,1.0,0.0,0.0,0.0,1.0,
2026-07-31 17:30:03,BV17EGc6AEVT,20,BV17EGc6AEVT,7.30自测,契樱超甜,2026-07-31 13:13:21,37.0,0.0,0.0,1.0,0.0,0.0,0.0,1.0,
2026-07-31 17:30:03,BV1seNB6wEPh,22,BV1seNB6wEPh,自测视频，请勿点击！,爱意再次来袭,2026-07-16 00:06:20,5.0,23.0,0.0,1.0,0.0,0.0,0.0,1.0,
2026-07-31 17:30:03,BV1BJ3b6GECG,23,BV1BJ3b6GECG,自测,啵啵冬Y,2026-07-30 23:14:49,0.0,0.0,0.0,0.0,0.0,0.0,0.0,1.0,
2026-07-31 17:30:03,BV17F3t6TE7b,25,BV17F3t6TE7b,自测请勿点击,加菲走猫步,2026-07-30 17:50:23,10.0,0.0,0.0,0.0,0.0,0.0,0.0,1.0,
2026-07-31 17:30:03,BV1296CBiEbP,26,BV1296CBiEbP,红色元素视频开头素材,机智豆好鸡汁,2026-01-31 15:24:51,3432.0,0.0,0.0,19.0,0.0,0.0,0.0,1.0,
2026-07-31 17:30:03,BV17EGc6AEip,27,BV17EGc6AEip,7.30自测,我要薯啦awa,2026-07-31 13:14:17,1.0,0.0,0.0,0.0,0.0,0.0,0.0,1.0,
2026-07-31 17:30:03,BV1Rd3p6pEHy,28,BV1Rd3p6pEHy,自测视频 勿点1,苓且,2026-07-30 10:42:09,8.0,0.0,0.0,1.0,0.0,0.0,0.0,1.0,
2026-07-31 17:30:03,BV1hm3x6xE8F,29,BV1hm3x6xE8F,【bbbbbb8330】我的最新作品，快来一睹为快！,bbbbbb8330,2026-07-30 11:49:13,1.0,0.0,0.0,1.0,0.0,0.0,0.0,1.0,
2026-07-31 17:30:03,BV1CF316FEGk,30,BV1CF316FEGk,自测勿进,Xisooay,2026-07-29 22:27:23,15.0,0.0,0.0,1.0,0.0,0.0,0.0,1.0,
2026-07-31 17:30:03,BV1i3316QEi4,32,BV1i3316QEi4,自测勿点,就吃一根薯条蘸茄汁,2026-07-29 21:03:16,7.0,0.0,0.0,0.0,0.0,0.0,0.0,1.0,
2026-07-31 17:30:03,BV1oq3x6AExN,33,BV1oq3x6AExN,自测视频1.0,咬一口北北脸颊肉,2026-07-30 11:11:33,4.0,1.0,0.0,0.0,0.0,0.0,0.0,1.0,
2026-07-31 17:30:03,BV1GT5v6xEDT,34,BV1GT5v6xEDT,【玖儿糖糖】最新视频上线，求关注！,玖儿糖糖,2026-05-15 17:52:26,5.0,2.0,0.0,1.0,0.0,0.0,0.0,1.0,
2026-07-31 17:30:03,BV1RQ3n67Err,35,BV1RQ3n67Err,自测视频 请勿点开,嘟嘟DuduOvo,2026-07-29 22:39:48,2.0,0.0,0.0,1.0,0.0,0.0,0.0,1.0,
2026-07-31 17:30:03,BV1K23b69EFY,36,BV1K23b69EFY,自测勿点1,枝刊续__,2026-07-30 20:33:15,161.0,1.0,0.0,1.0,0.0,0.0,0.0,1.0,
2026-07-31 17:30:03,BV19F3W6SEvK,37,BV19F3W6SEvK,自测勿入,太阳很大不要鼠,2026-07-30 10:46:35,11.0,0.0,0.0,1.0,0.0,0.0,0.0,1.0,
2026-07-31 17:30:03,BV12J3t6pEtx,38,BV12J3t6pEtx,第一阶段自测,这个名字真的很难想,2026-07-30 17:39:10,2.0,0.0,0.0,0.0,0.0,0.0,0.0,1.0,
2026-07-31 17:30:03,BV1ef316SEGT,40,BV1ef316SEGT,超级自测,小小littlesheep,2026-07-29 19:07:58,3.0,0.0,0.0,0.0,0.0,0.0,0.0,1.0,
2026-07-31 17:30:03,BV1jT386gEJW,42,BV1jT386gEJW,自测勿点1,小羊下雨问妖,2026-07-30 21:05:41,10.0,0.0,0.0,1.0,0.0,0.0,0.0,1.0,
2026-07-31 17:30:03,BV1Qr4y157Y4,43,BV1Qr4y157Y4,只是做任务,nicoicc,2022-08-06 13:18:05,96.0,5.0,0.0,1.0,0.0,1.0,0.0,1.0,
2026-07-31 17:30:03,BV1Ua316MENn,44,BV1Ua316MENn,自测 请勿点击,杨博文小漂亮,2026-07-29 20:03:49,15.0,1.0,0.0,0.0,0.0,0.0,0.0,1.0,
2026-07-31 17:30:03,BV1sB316PEE2,45,BV1sB316PEE2,7.31-8.3自测,我素质低你让让我,2026-07-29 19:49:17,119.0,0.0,0.0,1.0,0.0,0.0,0.0,1.0,
2026-07-31 17:30:03,BV1Bg316pE2m,46,BV1Bg316pE2m,自测请勿点击,obsession-202,2026-07-29 21:27:37,19.0,0.0,0.0,1.0,0.0,0.0,0.0,1.0,
2026-07-31 17:30:03,BV1U9KV6KEN5,47,BV1U9KV6KEN5,自测勿点,杨語文歌,2026-07-16 22:39:00,167.0,12.0,0.0,1.0,0.0,0.0,0.0,1.0,
2026-07-31 17:30:03,BV1PQ3b6nEVG,48,BV1PQ3b6nEVG,博丝自测，勿点谢谢1.0,bili_53292940566,2026-07-30 20:19:46,12.0,0.0,0.0,2.0,0.0,0.0,0.0,1.0,
2026-07-31 17:30:03,BV1RkGF6oEFv,49,BV1RkGF6oEFv,自测1勿点-第一赛段,丨失眠数羊丨,2026-07-31 13:26:07,1.0,2.0,0.0,1.0,0.0,0.0,0.0,1.0,
2026-07-31 17:30:03,BV1ipGc68EUC,51,BV1ipGc68EUC,自测视频勿点,新用户080913,2026-07-31 12:57:28,46.0,0.0,0.0,1.0,0.0,0.0,0.0,1.0,
2026-07-31 17:30:03,BV1Tk3b64EA2,52,BV1Tk3b64EA2,自测勿点,怪盗乌哩哩,2026-07-30 22:13:24,117.0,1.0,0.0,0.0,0.0,0.0,0.0,1.0,
2026-07-31 17:30:03,BV1wR3b6EEvB,53,BV1wR3b6EEvB,自测2，自用,梦汐MX,2026-07-30 20:30:28,25.0,1.0,0.0,1.0,0.0,0.0,0.0,1.0,
2026-07-31 17:30:03,BV1eF3x6bEZY,54,BV1eF3x6bEZY,自测勿点,牛肉干爹,2026-07-30 14:00:28,114.0,2.0,0.0,1.0,0.0,1.0,0.0,1.0,
2026-07-31 17:30:03,BV1Qm3x6xEvj,55,BV1Qm3x6xEvj,自测勿进,A鸡蛋批发商,2026-07-30 11:49:19,183.0,3.0,0.0,2.0,0.0,0.0,0.0,1.0,
2026-07-31 17:30:03,BV1xa3n6wESf,56,BV1xa3n6wESf,自测视频｜自用勿点,Solbudglow,2026-07-29 23:26:09,3.0,0.0,0.0,0.0,0.0,0.0,0.0,1.0,
2026-07-31 17:30:03,BV1ug3x6QEU5,57,BV1ug3x6QEU5,第一阶段3 听视频 勿动勿点,桧云渺,2026-07-30 12:22:56,2.0,0.0,0.0,1.0,0.0,0.0,0.0,1.0,
2026-07-31 17:30:03,BV15s346cEVW,58,BV15s346cEVW,自测请勿点击,长在红旗下好青年,2026-07-30 18:06:00,6.0,0.0,0.0,0.0,0.0,0.0,0.0,1.0,
2026-07-31 17:30:03,BV19o3p6QExT,59,BV19o3p6QExT,自测视频勿入,嘎贝大王万万岁,2026-07-30 10:36:49,125.0,2.0,0.0,1.0,0.0,0.0,0.0,1.0,
2026-07-31 17:30:03,BV1dT386uEX9,60,BV1dT386uEX9,自测1勿点,很爱学习的华夫饼,2026-07-30 21:02:19,118.0,0.0,0.0,1.0,0.0,0.0,0.0,1.0,
2026-07-31 17:30:03,BV1Rr3x68Eto,61,BV1Rr3x68Eto,第一阶段自测2 勿动勿点,书源不打烊ov2,2026-07-30 12:05:10,3.0,0.0,0.0,1.0,0.0,0.0,0.0,1.0,
2026-07-31 17:30:03,BV1EEGc6AEB1,62,BV1EEGc6AEB1,自测，勿点1,小妍love妮,2026-07-31 13:10:05,1.0,0.0,0.0,1.0,0.0,0.0,0.0,1.0,
2026-07-31 17:30:03,BV1hp3165Eq7,63,BV1hp3165Eq7,自测，勿点！,Insist愛,2026-07-29 19:38:40,3.0,0.0,0.0,1.0,0.0,0.0,0.0,1.0,
2026-07-31 17:30:03,BV1Eq3x6PEwg,64,BV1Eq3x6PEwg,自测,哈哈哈哈哈11_,2026-07-30 11:08:49,4.0,0.0,0.0,1.0,0.0,0.0,0.0,1.0,
2026-07-31 17:30:03,BV12J3x6yEV6,65,BV12J3x6yEV6,自测视频勿点,爱意埋入海,2026-07-30 13:24:08,7.0,0.0,0.0,1.0,0.0,0.0,0.0,1.0,
2026-07-31 17:30:03,BV1d3316QERP,66,BV1d3316QERP,自测视频1,呆羊精得很,2026-07-29 21:01:11,2.0,0.0,0.0,0.0,1.0,0.0,0.0,1.0,
2026-07-31 17:30:03,BV1Su3x6HE9g,67,BV1Su3x6HE9g,自测 勿点1,满目霖郎,2026-07-30 12:44:48,17.0,0.0,0.0,1.0,0.0,0.0,0.0,1.0,
2026-07-31 17:30:03,BV18z3b6bE71,68,BV18z3b6bE71,自测视频-1,么么北北mmbb,2026-07-30 22:01:50,127.0,2.0,0.0,1.0,0.0,0.0,0.0,1.0,
2026-07-31 17:30:03,BV1cg346rEVx,69,BV1cg346rEVx,粉海,zmmxi,2026-07-30 20:08:09,9.0,0.0,0.0,0.0,0.0,0.0,0.0,1.0,
2026-07-31 17:30:03,BV1Xm3x6xEFo,70,BV1Xm3x6xEFo,自测勿进,寿喜丸子锅,2026-07-30 11:49:45,33.0,1.0,0.0,2.0,0.0,0.0,0.0,1.0,
2026-07-31 17:30:03,BV11P3b6pEyQ,71,BV11P3b6pEyQ,自测路人勿入,语柒词,2026-07-30 22:32:04,87.0,0.0,0.0,1.0,0.0,0.0,0.0,1.0,
2026-07-31 17:30:03,BV1mf3t6dE7b,72,BV1mf3t6dE7b,自测请勿点击,桃那个夭,2026-07-30 23:02:31,2.0,0.0,0.0,1.0,0.0,0.0,0.0,1.0,
2026-07-31 17:30:03,BV1pd3J6dE9x,73,BV1pd3J6dE9x,自测误点,只加冰__,2026-07-29 23:54:51,1.0,0.0,0.0,1.0,0.0,0.0,0.0,1.0,
2026-07-31 17:30:03,BV1VYNv6KEHa,74,BV1VYNv6KEHa,自测,是小文文ya,2026-07-15 14:21:13,453.0,14.0,0.0,1.0,0.0,0.0,0.0,1.0,
2026-07-31 17:30:03,BV1ZTKY6MEKB,75,BV1ZTKY6MEKB,自测别点,芋泥脑袋x,2026-07-22 00:01:37,137.0,18.0,0.0,1.0,0.0,0.0,0.0,1.0,
2026-07-31 17:30:03,BV1z23n6QEwm,76,BV1z23n6QEwm,自测视频 不要点开,61小幺妹,2026-07-29 22:29:25,1.0,1.0,0.0,1.0,0.0,0.0,0.0,1.0,
2026-07-31 17:30:03,BV1qqGF6cEXJ,77,BV1qqGF6cEXJ,自测2勿点-第一赛段,丨失眠数羊丨,2026-07-31 13:40:31,3.0,0.0,0.0,1.0,0.0,0.0,0.0,1.0,
2026-07-31 17:30:03,BV1c23p6hEgY,79,BV1c23p6hEgY,自测勿入,呆博萌羊_0601,2026-07-30 10:16:13,8.0,0.0,0.0,1.0,0.0,0.0,0.0,1.0,
2026-07-31 17:30:03,BV1hW316CE2T,80,BV1hW316CE2T,自测 勿点 7.31-8.3,妈粉来自Slytherin,2026-07-29 19:21:34,1.0,0.0,0.0,1.0,0.0,0.0,0.0,1.0,
2026-07-31 17:30:03,BV1GF3W6DEBc,81,BV1GF3W6DEBc,自测 勿点！！,源琳-,2026-07-30 10:44:29,9.0,0.0,0.0,0.0,0.0,0.0,0.0,1.0,
2026-07-31 17:30:03,BV18U3x6RESK,82,BV18U3x6RESK,【M雨梦】最新视频已上线，快来围观！,M雨梦,2026-07-30 11:45:25,0.0,0.0,0.0,0.0,0.0,0.0,0.0,1.0,
2026-07-31 17:30:03,BV1yB316PECF,83,BV1yB316PECF,7.31-8.3自测2,我素质低你让让我,2026-07-29 19:50:14,51.0,0.0,0.0,1.0,0.0,0.0,0.0,1.0,
2026-07-31 17:30:03,BV1J63n6dEUw,84,BV1J63n6dEUw,自测（勿点）,楊小咩_sheep,2026-07-29 21:35:56,0.0,0.0,0.0,0.0,0.0,0.0,0.0,1.0,
2026-07-31 17:30:03,BV1Y13x6oEEC,85,BV1Y13x6oEEC,第一阶段自测1 勿动勿点,周洲舟ov,2026-07-30 12:08:32,2.0,0.0,0.0,1.0,0.0,0.0,0.0,1.0,
2026-07-31 17:30:03,BV1Y1GF6REak,86,BV1Y1GF6REak,7.31自测，勿入！,蕴璞,2026-07-31 13:37:15,2.0,0.0,0.0,0.0,0.0,0.0,0.0,1.0,
2026-07-31 17:30:03,BV1UG3x6JEtV,87,BV1UG3x6JEtV,mmm赛段自测01,MadMadMe,2026-07-30 12:18:37,1.0,0.0,0.0,1.0,0.0,0.0,0.0,1.0,
2026-07-31 17:30:03,BV1sD3J6FER8,88,BV1sD3J6FER8,自测视频 禁止点击,羊村常住村民,2026-07-30 00:13:00,111.0,1.0,0.0,0.0,0.0,0.0,0.0,1.0,
2026-07-31 17:30:03,BV11qz4BJESa,89,BV11qz4BJESa,三点,ktmmt91,2026-01-26 03:54:41,204.0,1.0,0.0,2.0,0.0,0.0,0.0,1.0,
2026-07-31 17:30:03,BV1Du3x6HEs4,90,BV1Du3x6HEs4,肆意自测别点,肆意再现,2026-07-30 12:45:59,0.0,0.0,0.0,0.0,0.0,0.0,0.0,1.0,
2026-07-31 17:30:03,BV1GY3b6YEgN,91,BV1GY3b6YEgN,自测，勿点1,你爱喝果粒橙么,2026-07-30 22:19:49,13.0,1.0,0.0,1.0,0.0,0.0,0.0,1.0,
2026-07-31 17:30:03,BV1ef316SECU,92,BV1ef316SECU,【玖玖糖糖】最新视频上线，求关注！,玖玖糖糖,2026-07-29 19:26:11,20.0,0.0,0.0,1.0,0.0,0.0,0.0,1.0,
2026-07-31 17:30:03,BV16N316dER1,94,BV16N316dER1,【玖玖糖糖糖】最新视频来袭，快来看看吧！,玖玖糖糖糖,2026-07-29 21:22:29,12.0,0.0,0.0,0.0,0.0,0.0,0.0,1.0,
2026-07-31 17:30:03,BV1yH3x6VETZ,95,BV1yH3x6VETZ,自测视频，勿点一一一,dddddash6,2026-07-30 13:19:40,86.0,0.0,0.0,0.0,0.0,0.0,0.0,1.0,
2026-07-31 17:30:03,BV1Vh3h6kES4,96,BV1Vh3h6kES4,自测勿点,huixuan128,2026-07-31 00:50:54,26.0,0.0,0.0,1.0,0.0,0.0,0.0,1.0,
2026-07-31 17:30:03,BV1w63p6eENE,97,BV1w63p6eENE,自测勿点,不同CD,2026-07-30 10:33:21,7.0,1.0,0.0,1.0,0.0,0.0,0.0,1.0,
2026-07-31 17:30:03,BV15d3p6WEsc,98,BV15d3p6WEsc,自测 勿点‼️‼️‼️,椿芽榴莲,2026-07-30 10:41:29,6.0,0.0,0.0,0.0,0.0,0.0,0.0,1.0,
2026-07-31 17:30:03,BV1nSK56oEwv,99,BV1nSK56oEwv,自测,Oopsoooh,2026-07-16 20:18:14,346.0,16.0,0.0,1.0,0.0,0.0,0.0,1.0,
2026-07-31 17:30:03,BV1yB316PEU5,100,BV1yB316PEU5,7.31-8.3自测3,我素质低你让让我,2026-07-29 19:50:20,96.0,0.0,0.0,1.0,0.0,0.0,0.0,1.0,
2026-07-31 17:30:03,BV1jt3h6yEjW,101,BV1jt3h6yEjW,自测视频勿点,sherry银河系,2026-07-31 01:15:45,12.0,1.0,0.0,1.0,0.0,0.0,0.0,1.0,
2026-07-31 17:30:03,BV1wQ346kET4,102,BV1wQ346kET4,自测勿点1,潇潇暮晚吟,2026-07-30 17:06:15,2.0,0.0,0.0,0.0,0.0,0.0,0.0,1.0,
2026-07-31 17:30:03,BV1JVNY63ECm,103,BV1JVNY63ECm,亲爱的心疼是一场有时差的雨,芋泥牛奶吐司,2026-07-15 11:23:03,1253.0,15.0,0.0,0.0,0.0,0.0,0.0,1.0,
2026-07-31 17:30:03,BV1J3NJ6NEXP,104,BV1J3NJ6NEXP,自测勿点,沙耶-lan,2026-07-10 22:16:09,46.0,10.0,0.0,1.0,0.0,0.0,0.0,1.0,
2026-07-31 17:30:03,BV1BqGF6cEXT,105,BV1BqGF6cEXT,自测，勿点1,落叶眠烟,2026-07-31 13:41:36,3.0,0.0,0.0,1.0,0.0,0.0,0.0,1.0,
2026-07-31 17:30:03,BV1Vb3b6KEj6,106,BV1Vb3b6KEj6,自测1.0折杏春版,折杏春,2026-07-30 21:26:27,2.0,0.0,0.0,0.0,0.0,0.0,0.0,1.0,
2026-07-31 17:30:03,BV14U3J6hEEh,107,BV14U3J6hEEh,自测视频 禁止点击,波纹牌保文杯,2026-07-30 00:17:13,12.0,0.0,0.0,0.0,0.0,0.0,0.0,1.0,
2026-07-31 17:30:03,BV1kuGc6uEPM,108,BV1kuGc6uEPM,自测，勿点1,cakexin_,2026-07-31 12:10:23,2.0,0.0,0.0,1.0,0.0,0.0,0.0,1.0,
2026-07-31 17:30:03,BV1Zc386VE4g,109,BV1Zc386VE4g,自测勿点1,Bamboo-shade,2026-07-30 21:22:06,1.0,0.0,0.0,1.0,0.0,0.0,0.0,1.0,
2026-07-31 17:30:03,BV1UJ3t6pEGh,110,BV1UJ3t6pEGh,第一阶段自测,我要喝绿豆汤,2026-07-30 16:40:45,0.0,0.0,0.0,0.0,0.0,0.0,0.0,1.0,
2026-07-31 17:30:03,BV1Ri4y167T3,111,BV1Ri4y167T3,2024.1.1 易烊千玺工作室更博 荡秋千吹来的新年快乐！,烊不源,2024-01-01 11:48:27,688.0,1.0,0.0,1.0,1.0,0.0,0.0,1.0,
2026-07-31 17:30:03,BV1UZ3t64Ecj,112,BV1UZ3t64Ecj,！,玳瑁大魔王,2026-07-30 22:49:02,31.0,0.0,0.0,0.0,0.0,0.0,0.0,1.0,
2026-07-31 17:30:03,BV1pr316wEpv,113,BV1pr316wEpv,刷播自测，勿点,第十一杯eleven,2026-07-29 19:55:38,1.0,1.0,0.0,0.0,0.0,0.0,0.0,1.0,
2026-07-31 17:30:03,BV1L43b6qEw4,114,BV1L43b6qEw4,自测1.0yzzr版,yzzr_b,2026-07-30 21:28:34,3.0,0.0,0.0,0.0,0.0,0.0,0.0,1.0,
2026-07-31 17:30:03,BV1Nq3p6iE7h,115,BV1Nq3p6iE7h,自测，勿点1,郁期物,2026-07-30 10:24:41,10.0,0.0,0.0,1.0,0.0,0.0,0.0,1.0,
2026-07-31 17:30:03,BV1ex3468Eib,116,BV1ex3468Eib,自测视频勿点,Rayla_X,2026-07-30 18:02:16,10.0,1.0,0.0,1.0,0.0,0.0,0.0,1.0,
2026-07-31 17:30:03,BV1fS3p64Ekk,117,BV1fS3p64Ekk,自测勿点,dd鱿鱼须,2026-07-30 10:56:49,165.0,3.0,0.0,1.0,0.0,0.0,0.0,1.0,
2026-07-31 17:30:03,BV1yJ3x6yEx8,118,BV1yJ3x6yEx8,自测视频，勿点一一一二,dddddash6,2026-07-30 13:21:19,5.0,0.0,0.0,0.0,0.0,0.0,0.0,1.0,
2026-07-31 17:30:03,BV1kr316wEHH,119,BV1kr316wEHH,刷播自测，勿点,冬眠中的眼镜小姐,2026-07-29 19:59:08,8.0,0.0,0.0,1.0,0.0,0.0,0.0,1.0,
2026-07-31 17:30:03,BV1gAffBaE4f,120,BV1gAffBaE4f,自测3,半夏哒哒哒,2026-02-04 23:27:13,41.0,0.0,0.0,1.0,0.0,0.0,0.0,1.0,
2026-07-31 17:30:03,BV1EC3n69ErV,121,BV1EC3n69ErV,勿点 自测,bili_70067848892,2026-07-30 00:04:07,2.0,0.0,0.0,1.0,0.0,0.0,0.0,1.0,
2026-07-31 17:30:03,BV1jP386GE1N,122,BV1jP386GE1N,自测 勿入 1,秋雨__,2026-07-30 20:55:08,1.0,0.0,0.0,0.0,0.0,0.0,0.0,1.0,
2026-07-31 17:30:03,BV1mm3J6wEz4,123,BV1mm3J6wEz4,自测视频请勿点击,攒灵儿,2026-07-30 00:06:30,15.0,0.0,0.0,0.0,0.0,0.0,0.0,1.0,
2026-07-31 17:30:03,BV1sT3b6nE8d,124,BV1sT3b6nE8d,自测勿点,夏目の妖,2026-07-30 22:42:00,9.0,0.0,0.0,0.0,0.0,0.0,0.0,1.0,
2026-07-31 17:30:03,BV1LM386zE7M,125,BV1LM386zE7M,自存 勿入 2,盒饭刺豚,2026-07-30 20:58:42,143.0,0.0,0.0,0.0,0.0,0.0,0.0,1.0,
2026-07-31 17:30:03,BV1csffB7E4j,126,BV1csffB7E4j,防吞,杨博文波纹收藏记录馆,2026-02-04 23:54:43,9561.0,370.0,137.0,2293.0,14.0,1.0,0.0,1.0,
2026-07-31 17:30:03,BV1u43166E2t,127,BV1u43166E2t,自测误点,bili_21144701884,2026-07-29 21:56:06,2.0,0.0,0.0,0.0,0.0,0.0,0.0,1.0,
2026-07-31 17:30:03,BV1Qd3n6yEZE,128,BV1Qd3n6yEZE,自测视频 请勿点开,61小羊梅,2026-07-29 22:20:32,10.0,1.0,0.0,1.0,0.0,0.0,0.0,1.0,
2026-07-31 17:30:03,BV1dQ3n67Ego,129,BV1dQ3n67Ego,自测视频 请勿点开,女厕所战神_,2026-07-29 22:36:03,14.0,0.0,0.0,1.0,0.0,0.0,0.0,1.0,
2026-07-31 17:30:03,BV1o93p69E49,130,BV1o93p69E49,自测勿点,ppdd-_,2026-07-30 11:04:03,28.0,0.0,0.0,1.0,0.0,0.0,0.0,1.0,
2026-07-31 17:30:03,BV1Y13x6oEHJ,131,BV1Y13x6oEHJ,ntt0819赛段自测01,ntt0819,2026-07-30 12:09:18,0.0,0.0,0.0,1.0,0.0,0.0,0.0,1.0,
2026-07-31 17:30:03,BV1DU3x6RE7m,132,BV1DU3x6RE7m,自测勿进,腼腆自卑内向_,2026-07-30 11:45:46,212.0,2.0,0.0,1.0,0.0,0.0,0.0,1.0,
2026-07-31 17:30:03,BV1ck3p6AEa5,133,BV1ck3p6AEa5,自测、勿点1,涩咪亚,2026-07-30 10:28:12,12.0,0.0,0.0,1.0,0.0,0.0,0.0,1.0,
2026-07-31 17:30:03,BV1hD3x6WEyw,134,BV1hD3x6WEyw,lpss赛段自测01,_lpss,2026-07-30 11:56:25,0.0,0.0,0.0,1.0,0.0,0.0,0.0,1.0,
2026-07-31 17:30:03,BV1fEGc6AES3,135,BV1fEGc6AES3,自测误点1,眄睐99,2026-07-31 13:13:18,1.0,0.0,0.0,1.0,1.0,0.0,0.0,1.0,
2026-07-31 17:30:03,BV1zjGc6eEUZ,138,BV1zjGc6eEUZ,自测勿进勿进勿进,为什么是V,2026-07-31 13:16:35,1.0,0.0,0.0,0.0,0.0,0.0,0.0,1.0,
2026-07-31 17:30:03,BV19P3x6REne,139,BV19P3x6REne,自测肆意再现,饺饺者7,2026-07-30 12:40:52,2.0,0.0,0.0,0.0,1.0,0.0,0.0,1.0,
2026-07-31 17:30:03,BV1u63b6ZEKe,140,BV1u63b6ZEKe,自测1勿点,叶不修u,2026-07-30 21:58:55,3.0,0.0,0.0,0.0,0.0,0.0,0.0,1.0,
2026-07-31 17:30:03,BV1sN3b6QE3R,141,BV1sN3b6QE3R,【萸霜霜霜】Up主探索中，欢迎收看求三连！,萸霜霜霜,2026-07-30 22:44:51,80.0,2.0,0.0,2.0,0.0,0.0,0.0,1.0,
2026-07-31 17:30:03,BV1oq3x6AEBX,142,BV1oq3x6AEBX,自测视频勿点,雁渡寒潭yuan,2026-07-30 11:08:56,12.0,0.0,0.0,0.0,0.0,0.0,0.0,1.0,
2026-07-31 17:30:03,BV1oT3n6EEpQ,143,BV1oT3n6EEpQ,自测视频｜自用勿点,星光延长期,2026-07-30 00:34:03,11.0,0.0,0.0,0.0,0.0,0.0,0.0,1.0,
2026-07-31 17:30:03,BV1eZ316nEvS,144,BV1eZ316nEvS,【辉映皓天】新作上线，快来看看！,辉映皓天,2026-07-29 19:26:44,0.0,0.0,0.0,0.0,0.0,0.0,0.0,1.0,
2026-07-31 17:30:03,BV1qM3n6mEnw,145,BV1qM3n6mEnw,自测，勿点,已完结zzz,2026-07-30 00:38:24,4.0,0.0,0.0,1.0,0.0,1.0,0.0,1.0,
2026-07-31 17:30:03,BV1ikGF6ZEbn,146,BV1ikGF6ZEbn,自测，勿点1,醉江南ace,2026-07-31 13:26:46,2.0,0.0,0.0,1.0,0.0,0.0,0.0,1.0,
2026-07-31 17:30:03,BV1AQ3b6nEZW,147,BV1AQ3b6nEZW,博丝自测，勿点谢谢1.1,bili_53292940566,2026-07-30 20:22:17,1.0,0.0,0.0,1.0,0.0,0.0,0.0,1.0,
2026-07-31 17:30:03,BV1M43n6vEHU,148,BV1M43n6vEHU,计划，误点,朔月新夏,2026-07-29 23:37:48,1.0,0.0,0.0,1.0,0.0,0.0,0.0,1.0,
2026-07-31 17:30:03,BV17EGc6AEtd,149,BV17EGc6AEtd,自测勿入,壹波纹0601,2026-07-31 13:13:36,1.0,0.0,0.0,1.0,0.0,0.0,0.0,1.0,
2026-07-31 17:30:03,BV1vb3b6KET1,150,BV1vb3b6KET1,自测1.0蓝莓酱版,蓝莓酱LEFT,2026-07-30 21:24:47,2.0,2.0,0.0,0.0,0.0,0.0,0.0,1.0,
2026-07-31 17:30:03,BV1vg3n6jEat,151,BV1vg3n6jEat,自测误点 1,午夜忧郁纯情甜妹总裁,2026-07-29 22:59:07,14.0,0.0,0.0,1.0,0.0,0.0,0.0,1.0,
2026-07-31 17:30:03,BV1Ni316iEQh,152,BV1Ni316iEQh,自测请勿点击,11225566778800,2026-07-29 19:52:44,0.0,0.0,0.0,0.0,0.0,0.0,0.0,1.0,
2026-07-31 17:30:03,BV1WB316NEqW,153,BV1WB316NEqW,自测请勿点击,小茄波纹呀,2026-07-29 19:52:00,1.0,0.0,0.0,0.0,0.0,0.0,0.0,1.0,
2026-07-31 17:30:03,BV1HX3b6SEBh,154,BV1HX3b6SEBh,自测勿点7.31_8.9,随便一只,2026-07-30 20:15:21,55.0,0.0,0.0,0.0,0.0,0.0,0.0,1.0,
2026-07-31 17:30:03,BV1fC3n6XECU,155,BV1fC3n6XECU,自测 勿点,123滴滴滴ddd,2026-07-29 21:45:52,32.0,0.0,0.0,1.0,0.0,0.0,0.0,1.0,
2026-07-31 17:30:03,BV18b316gEgT,156,BV18b316gEgT,自测误点,臻理不是真理,2026-07-29 19:29:12,0.0,0.0,0.0,0.0,0.0,0.0,0.0,1.0,
2026-07-31 17:30:03,BV15g3n6jEbS,157,BV15g3n6jEbS,自测3,午夜忧郁纯情甜妹总裁,2026-07-29 23:01:50,3.0,0.0,0.0,1.0,0.0,0.0,0.0,1.0,
2026-07-31 17:30:03,BV1rj3b65EKN,158,BV1rj3b65EKN,自测路人勿入,林中波纹曲,2026-07-30 23:05:39,8.0,2.0,0.0,1.0,0.0,0.0,0.0,1.0,
2026-07-31 17:30:03,BV15d3p6WEtX,159,,失败,,,,,,,,,,,62012
2026-07-31 17:30:03,BV1Yy3x6tEok,160,BV1Yy3x6tEok,28150819赛段自测01,28150819,2026-07-30 12:13:09,1.0,0.0,0.0,1.0,0.0,0.0,0.0,1.0,
2026-07-31 17:30:03,BV1s43z67EXn,161,BV1s43z67EXn,自测 729,TAOTAOALL,2026-07-29 00:53:50,90.0,0.0,0.0,1.0,0.0,0.0,0.0,1.0,
2026-07-31 17:30:03,BV1ks3x63EL6,162,BV1ks3x63EL6,自测勿点1,暖大大的烘山芋,2026-07-30 12:53:46,14.0,0.0,0.0,1.0,0.0,0.0,0.0,1.0,
2026-07-31 17:30:03,BV1Ug3x6DE1b,163,BV1Ug3x6DE1b,0801-0803自测勿点2,你做咩吖咩,2026-07-30 12:21:07,0.0,0.0,0.0,0.0,0.0,0.0,0.0,1.0,
2026-07-31 17:30:03,BV1tY316qEMY,164,BV1tY316qEMY,自测勿点勿看,捏个小埋,2026-07-29 20:20:46,1.0,0.0,0.0,1.0,0.0,0.0,0.0,1.0,
2026-07-31 17:30:03,BV1Lg3n6jEKQ,165,BV1Lg3n6jEKQ,自测 2,午夜忧郁纯情甜妹总裁,2026-07-29 23:29:15,42.0,0.0,0.0,0.0,0.0,1.0,0.0,1.0,
2026-07-31 17:30:03,BV1Bq3x6AE7w,166,BV1Bq3x6AE7w,自测勿点,木易北北yoo,2026-07-30 11:11:45,12.0,0.0,0.0,1.0,0.0,0.0,0.0,1.0,
2026-07-31 17:30:03,BV1PC3s6gEtM,167,BV1PC3s6gEtM,自测 勿点,kmdgzs,2026-07-30 13:58:35,14.0,0.0,0.0,1.0,0.0,0.0,0.0,1.0,
2026-07-31 17:30:03,BV12Y316qEdn,168,BV12Y316qEdn,自测勿点1,焱yyyan,2026-07-29 20:21:12,7.0,1.0,0.0,0.0,0.0,0.0,0.0,1.0,
2026-07-31 17:30:03,BV1hx316GEKS,169,BV1hx316GEKS,自测 勿点,自矜丨,2026-07-29 19:14:08,1.0,0.0,0.0,1.0,0.0,0.0,0.0,1.0,
2026-07-31 17:30:03,BV1XF3W6SEuz,170,BV1XF3W6SEuz,自测勿入,太阳好大好想鼠,2026-07-30 10:45:14,12.0,0.0,0.0,1.0,0.0,0.0,0.0,1.0,
2026-07-31 17:30:03,BV16N316dEjM,171,BV16N316dEjM,我的最新作品，快来一睹为快！,bili_47649027571,2026-07-29 22:53:36,1.0,0.0,0.0,0.0,0.0,0.0,0.0,1.0,
2026-07-31 18:00:04,https://www.bilibili.com/video/BV1jN64BKECs/?spm_id_from=333.337.search-card.all.click,0,BV1jN64BKECs,【杨博文｜4K直拍】跟着节奏一起《闭嘴跳舞》～,关键时刻来瓶尖叫,2026-02-01 20:20:32,1427002.0,25848.0,15771.0,22024.0,7008.0,2371.0,7087.0,4.0,
2026-07-31 18:00:04,https://www.bilibili.com/video/BV1Lb6tBBEYC/?spm_id_from=333.1387.favlist.content.click&vd_source=bdf775a036c61c0159ac2f0c251aaeb7,1,BV1Lb6tBBEYC,【4K精剪】闭嘴跳舞 | 杨博文直拍 | 260201,underthepoplar,2026-02-02 00:00:55,345635.0,26705.0,13962.0,18894.0,6383.0,1808.0,3038.0,7.0,
2026-07-31 18:00:04,https://www.bilibili.com/video/BV1mJ64BREZY/?spm_id_from=333.1387.favlist.content.click&vd_source=bdf775a036c61c0159ac2f0c251aaeb7,2,BV1mJ64BREZY,【杨博文】闭嘴跳舞丨当主舞穿上西装就会得到,Kismet丨杨博文,2026-02-01 18:31:00,597556.0,34848.0,3774.0,25156.0,4628.0,442.0,592.0,11.0,
2026-07-31 18:00:04,https://www.bilibili.com/video/BV1XA6nBGEPV/?spm_id_from=333.1387.favlist.content.click,3,BV1XA6nBGEPV,【4K精剪】希区考克 作品152 | 杨博文直拍 | 260131,underthepoplar,2026-02-01 00:23:17,1932930.0,23144.0,21882.0,19612.0,17809.0,3987.0,6859.0,2.0,
2026-07-31 18:00:04,https://www.bilibili.com/video/BV1EGBCBmEo8/?spm_id_from=333.1387.favlist.content.click,4,BV1EGBCBmEo8,【杨博文｜4K高清直拍】魅魔级别的《Manta》舞台，看博文如何一yeah封神,关键时刻来瓶尖叫,2025-12-27 23:15:44,866532.0,12151.0,9511.0,10841.0,12684.0,973.0,2312.0,9.0,
2026-07-31 18:00:04,https://www.bilibili.com/video/BV1A5vkB2E1k/?spm_id_from=333.1387.favlist.content.click,5,BV1A5vkB2E1k,【杨博文】Hey Mama六机位纯舞直拍丨15岁舞台统治者的诞生，四代主舞燃炸全场！,Kismet丨杨博文,2025-12-28 22:28:16,2614169.0,62681.0,43978.0,45386.0,21935.0,13495.0,21051.0,13.0,
2026-07-31 18:00:04,https://www.bilibili.com/video/BV1EQK56xEZk/?spm_id_from=333.1387.favlist.content.click,6,BV1EQK56xEZk,【杨博文｜音乐现场】｜《全世界陪我出发》4K直拍，考核第一的大C位实在太亮眼！,关键时刻来瓶尖叫,2026-07-16 20:29:02,227791.0,9636.0,2708.0,5409.0,5636.0,10091.0,7755.0,14.0,
2026-07-31 18:00:04,https://www.bilibili.com/video/BV1JUK56tEh5/?spm_id_from=333.1387.favlist.content.click,7,BV1JUK56tEh5,【杨博文｜音乐现场】全程舒适！跟着标准答案出发不迷路｜《全世界陪我出发》4k横屏直拍,游园会_杨博文,2026-07-16 20:06:19,152747.0,7165.0,2294.0,3815.0,5068.0,1940.0,1769.0,2.0,
2026-07-31 18:00:04,https://www.bilibili.com/video/BV1kFKG6pEPe/?spm_id_from=333.1387.favlist.content.click,8,BV1kFKG6pEPe,【杨博文】夏日运动会《全世界陪我出发》4K直拍,Eternity丨杨博文,2026-07-16 19:13:38,40144.0,4695.0,710.0,2620.0,2323.0,36.0,93.0,1.0,
2026-07-31 18:00:04,bilibili.com/video/BV1M9ePzaELH/?spm_id_from=333.337.search-card.all.click,9,BV1M9ePzaELH,「杨博文｜卡拉永远OK」突发舞台事故？我怎么没看见,Astra_杨博文,2025-08-19 22:15:30,821556.0,14535.0,4652.0,9704.0,10688.0,622.0,536.0,8.0,
2026-07-31 18:00:04,BV1gx316VEoZ,10,BV1gx316VEoZ,自测,你吃不吃蛋挞-Y,2026-07-29 19:15:14,0.0,0.0,0.0,0.0,0.0,0.0,0.0,1.0,
2026-07-31 18:00:04,BV1UG3x6JEho,11,BV1UG3x6JEho,0801-0803自测勿点1,你做咩吖咩,2026-07-30 12:20:31,2.0,0.0,0.0,0.0,0.0,0.0,0.0,1.0,
2026-07-31 18:00:04,BV1ku3463EPp,12,BV1ku3463EPp,自测勿点,总有一天找到你,2026-07-30 20:11:56,12.0,0.0,0.0,1.0,0.0,0.0,0.0,1.0,
2026-07-31 18:00:04,BV1WN3b6QEfh,13,BV1WN3b6QEfh,？,玳瑁大魔王,2026-07-30 22:47:52,249.0,2.0,0.0,0.0,0.0,0.0,0.0,1.0,
2026-07-31 18:00:04,BV1EEFSzWE7Y,14,BV1EEFSzWE7Y,2.10自测视频不要点谢谢！,燃烧浮生哦改哦拖,2026-02-10 15:49:42,126.0,0.0,0.0,1.0,0.0,0.0,0.0,1.0,
2026-07-31 18:00:04,BV1mJ3t6pEef,15,BV1mJ3t6pEef,自测，勿点,zoz-iii,2026-07-30 17:00:46,121.0,1.0,0.0,1.0,0.0,0.0,0.0,1.0,
2026-07-31 18:00:04,BV1zv3x6eEup,18,BV1zv3x6eEup,自测,lala懒懒新新,2026-07-30 11:15:20,53.0,0.0,0.0,1.0,0.0,0.0,0.0,1.0,
2026-07-31 18:00:04,BV1fC3n6XE69,19,BV1fC3n6XE69,自测，请勿点击,crown2025,2026-07-29 21:46:27,13.0,0.0,0.0,1.0,0.0,0.0,0.0,1.0,
2026-07-31 18:00:04,BV17EGc6AEVT,20,BV17EGc6AEVT,7.30自测,契樱超甜,2026-07-31 13:13:21,42.0,0.0,0.0,1.0,0.0,0.0,0.0,1.0,
2026-07-31 18:00:04,BV1seNB6wEPh,22,BV1seNB6wEPh,自测视频，请勿点击！,爱意再次来袭,2026-07-16 00:06:20,5.0,23.0,0.0,1.0,0.0,0.0,0.0,1.0,
2026-07-31 18:00:04,BV1BJ3b6GECG,23,BV1BJ3b6GECG,自测,啵啵冬Y,2026-07-30 23:14:49,0.0,0.0,0.0,0.0,0.0,0.0,0.0,1.0,
2026-07-31 18:00:04,BV17F3t6TE7b,25,BV17F3t6TE7b,自测请勿点击,加菲走猫步,2026-07-30 17:50:23,10.0,0.0,0.0,0.0,0.0,0.0,0.0,1.0,
2026-07-31 18:00:04,BV1296CBiEbP,26,BV1296CBiEbP,红色元素视频开头素材,机智豆好鸡汁,2026-01-31 15:24:51,3432.0,0.0,0.0,19.0,0.0,0.0,0.0,1.0,
2026-07-31 18:00:04,BV17EGc6AEip,27,BV17EGc6AEip,7.30自测,我要薯啦awa,2026-07-31 13:14:17,1.0,0.0,0.0,0.0,0.0,0.0,0.0,1.0,
2026-07-31 18:00:04,BV1Rd3p6pEHy,28,BV1Rd3p6pEHy,自测视频 勿点1,苓且,2026-07-30 10:42:09,8.0,0.0,0.0,1.0,0.0,0.0,0.0,1.0,
2026-07-31 18:00:04,BV1hm3x6xE8F,29,BV1hm3x6xE8F,【bbbbbb8330】我的最新作品，快来一睹为快！,bbbbbb8330,2026-07-30 11:49:13,1.0,0.0,0.0,1.0,0.0,0.0,0.0,1.0,
2026-07-31 18:00:04,BV1CF316FEGk,30,BV1CF316FEGk,自测勿进,Xisooay,2026-07-29 22:27:23,15.0,0.0,0.0,1.0,0.0,0.0,0.0,1.0,
2026-07-31 18:00:04,BV1i3316QEi4,32,BV1i3316QEi4,自测勿点,就吃一根薯条蘸茄汁,2026-07-29 21:03:16,7.0,0.0,0.0,0.0,0.0,0.0,0.0,1.0,
2026-07-31 18:00:04,BV1oq3x6AExN,33,BV1oq3x6AExN,自测视频1.0,咬一口北北脸颊肉,2026-07-30 11:11:33,4.0,1.0,0.0,0.0,0.0,0.0,0.0,1.0,
2026-07-31 18:00:04,BV1GT5v6xEDT,34,BV1GT5v6xEDT,【玖儿糖糖】最新视频上线，求关注！,玖儿糖糖,2026-05-15 17:52:26,5.0,2.0,0.0,1.0,0.0,0.0,0.0,1.0,
2026-07-31 18:00:04,BV1RQ3n67Err,35,BV1RQ3n67Err,自测视频 请勿点开,嘟嘟DuduOvo,2026-07-29 22:39:48,2.0,0.0,0.0,1.0,0.0,0.0,0.0,1.0,
2026-07-31 18:00:04,BV1K23b69EFY,36,BV1K23b69EFY,自测勿点1,枝刊续__,2026-07-30 20:33:15,161.0,1.0,0.0,1.0,0.0,0.0,0.0,1.0,
2026-07-31 18:00:04,BV19F3W6SEvK,37,BV19F3W6SEvK,自测勿入,太阳很大不要鼠,2026-07-30 10:46:35,11.0,0.0,0.0,1.0,0.0,0.0,0.0,1.0,
2026-07-31 18:00:04,BV12J3t6pEtx,38,BV12J3t6pEtx,第一阶段自测,这个名字真的很难想,2026-07-30 17:39:10,2.0,0.0,0.0,0.0,0.0,0.0,0.0,1.0,
2026-07-31 18:00:04,BV1ef316SEGT,40,BV1ef316SEGT,超级自测,小小littlesheep,2026-07-29 19:07:58,3.0,0.0,0.0,0.0,0.0,0.0,0.0,1.0,
2026-07-31 18:00:04,BV1jT386gEJW,42,BV1jT386gEJW,自测勿点1,小羊下雨问妖,2026-07-30 21:05:41,10.0,0.0,0.0,1.0,0.0,0.0,0.0,1.0,
2026-07-31 18:00:04,BV1Qr4y157Y4,43,BV1Qr4y157Y4,只是做任务,nicoicc,2022-08-06 13:18:05,96.0,5.0,0.0,1.0,0.0,1.0,0.0,1.0,
2026-07-31 18:00:04,BV1Ua316MENn,44,BV1Ua316MENn,自测 请勿点击,杨博文小漂亮,2026-07-29 20:03:49,15.0,1.0,0.0,0.0,0.0,0.0,0.0,1.0,
2026-07-31 18:00:04,BV1sB316PEE2,45,BV1sB316PEE2,7.31-8.3自测,我素质低你让让我,2026-07-29 19:49:17,124.0,0.0,0.0,1.0,0.0,0.0,0.0,1.0,
2026-07-31 18:00:04,BV1Bg316pE2m,46,BV1Bg316pE2m,自测请勿点击,obsession-202,2026-07-29 21:27:37,19.0,0.0,0.0,1.0,0.0,0.0,0.0,1.0,
2026-07-31 18:00:04,BV1U9KV6KEN5,47,BV1U9KV6KEN5,自测勿点,杨語文歌,2026-07-16 22:39:00,167.0,12.0,0.0,1.0,0.0,0.0,0.0,1.0,
2026-07-31 18:00:04,BV1PQ3b6nEVG,48,BV1PQ3b6nEVG,博丝自测，勿点谢谢1.0,bili_53292940566,2026-07-30 20:19:46,12.0,0.0,0.0,2.0,0.0,0.0,0.0,1.0,
2026-07-31 18:00:04,BV1RkGF6oEFv,49,BV1RkGF6oEFv,自测1勿点-第一赛段,丨失眠数羊丨,2026-07-31 13:26:07,1.0,2.0,0.0,1.0,0.0,0.0,0.0,1.0,
2026-07-31 18:00:04,BV1ipGc68EUC,51,BV1ipGc68EUC,自测视频勿点,新用户080913,2026-07-31 12:57:28,51.0,0.0,0.0,1.0,0.0,0.0,0.0,1.0,
2026-07-31 18:00:04,BV1Tk3b64EA2,52,BV1Tk3b64EA2,自测勿点,怪盗乌哩哩,2026-07-30 22:13:24,118.0,1.0,0.0,0.0,0.0,0.0,0.0,1.0,
2026-07-31 18:00:04,BV1wR3b6EEvB,53,BV1wR3b6EEvB,自测2，自用,梦汐MX,2026-07-30 20:30:28,25.0,1.0,0.0,1.0,0.0,0.0,0.0,1.0,
2026-07-31 18:00:04,BV1eF3x6bEZY,54,BV1eF3x6bEZY,自测勿点,牛肉干爹,2026-07-30 14:00:28,114.0,2.0,0.0,1.0,0.0,1.0,0.0,1.0,
2026-07-31 18:00:04,BV1Qm3x6xEvj,55,BV1Qm3x6xEvj,自测勿进,A鸡蛋批发商,2026-07-30 11:49:19,183.0,3.0,0.0,2.0,0.0,0.0,0.0,1.0,
2026-07-31 18:00:04,BV1xa3n6wESf,56,BV1xa3n6wESf,自测视频｜自用勿点,Solbudglow,2026-07-29 23:26:09,4.0,0.0,0.0,1.0,0.0,0.0,0.0,1.0,
2026-07-31 18:00:04,BV1ug3x6QEU5,57,BV1ug3x6QEU5,第一阶段3 听视频 勿动勿点,桧云渺,2026-07-30 12:22:56,2.0,0.0,0.0,1.0,0.0,0.0,0.0,1.0,
2026-07-31 18:00:04,BV15s346cEVW,58,BV15s346cEVW,自测请勿点击,长在红旗下好青年,2026-07-30 18:06:00,6.0,0.0,0.0,0.0,0.0,0.0,0.0,1.0,
2026-07-31 18:00:04,BV19o3p6QExT,59,BV19o3p6QExT,自测视频勿入,嘎贝大王万万岁,2026-07-30 10:36:49,128.0,2.0,0.0,1.0,0.0,0.0,0.0,1.0,
2026-07-31 18:00:04,BV1dT386uEX9,60,BV1dT386uEX9,自测1勿点,很爱学习的华夫饼,2026-07-30 21:02:19,121.0,0.0,0.0,1.0,0.0,0.0,0.0,1.0,
2026-07-31 18:00:04,BV1Rr3x68Eto,61,BV1Rr3x68Eto,第一阶段自测2 勿动勿点,书源不打烊ov2,2026-07-30 12:05:10,3.0,0.0,0.0,1.0,0.0,0.0,0.0,1.0,
2026-07-31 18:00:04,BV1EEGc6AEB1,62,BV1EEGc6AEB1,自测，勿点1,小妍love妮,2026-07-31 13:10:05,1.0,0.0,0.0,1.0,0.0,0.0,0.0,1.0,
2026-07-31 18:00:04,BV1hp3165Eq7,63,BV1hp3165Eq7,自测，勿点！,Insist愛,2026-07-29 19:38:40,3.0,0.0,0.0,1.0,0.0,0.0,0.0,1.0,
2026-07-31 18:00:04,BV1Eq3x6PEwg,64,BV1Eq3x6PEwg,自测,哈哈哈哈哈11_,2026-07-30 11:08:49,4.0,0.0,0.0,1.0,0.0,0.0,0.0,1.0,
2026-07-31 18:00:04,BV12J3x6yEV6,65,BV12J3x6yEV6,自测视频勿点,爱意埋入海,2026-07-30 13:24:08,7.0,0.0,0.0,1.0,0.0,0.0,0.0,1.0,
2026-07-31 18:00:04,BV1d3316QERP,66,BV1d3316QERP,自测视频1,呆羊精得很,2026-07-29 21:01:11,2.0,0.0,0.0,0.0,1.0,0.0,0.0,1.0,
2026-07-31 18:00:04,BV1Su3x6HE9g,67,BV1Su3x6HE9g,自测 勿点1,满目霖郎,2026-07-30 12:44:48,17.0,0.0,0.0,1.0,0.0,0.0,0.0,1.0,
2026-07-31 18:00:04,BV18z3b6bE71,68,BV18z3b6bE71,自测视频-1,么么北北mmbb,2026-07-30 22:01:50,127.0,2.0,0.0,1.0,0.0,0.0,0.0,1.0,
2026-07-31 18:00:04,BV1cg346rEVx,69,BV1cg346rEVx,粉海,zmmxi,2026-07-30 20:08:09,9.0,0.0,0.0,0.0,0.0,0.0,0.0,1.0,
2026-07-31 18:00:04,BV1Xm3x6xEFo,70,BV1Xm3x6xEFo,自测勿进,寿喜丸子锅,2026-07-30 11:49:45,38.0,1.0,0.0,2.0,0.0,0.0,0.0,1.0,
2026-07-31 18:00:04,BV11P3b6pEyQ,71,BV11P3b6pEyQ,自测路人勿入,语柒词,2026-07-30 22:32:04,87.0,0.0,0.0,1.0,0.0,0.0,0.0,1.0,
2026-07-31 18:00:04,BV1mf3t6dE7b,72,BV1mf3t6dE7b,自测请勿点击,桃那个夭,2026-07-30 23:02:31,2.0,0.0,0.0,1.0,0.0,0.0,0.0,1.0,
2026-07-31 18:00:04,BV1pd3J6dE9x,73,BV1pd3J6dE9x,自测误点,只加冰__,2026-07-29 23:54:51,1.0,0.0,0.0,1.0,0.0,0.0,0.0,1.0,
2026-07-31 18:00:04,BV1VYNv6KEHa,74,BV1VYNv6KEHa,自测,是小文文ya,2026-07-15 14:21:13,454.0,14.0,0.0,1.0,0.0,0.0,0.0,1.0,
2026-07-31 18:00:04,BV1ZTKY6MEKB,75,BV1ZTKY6MEKB,自测别点,芋泥脑袋x,2026-07-22 00:01:37,137.0,18.0,0.0,1.0,0.0,0.0,0.0,1.0,
2026-07-31 18:00:04,BV1z23n6QEwm,76,BV1z23n6QEwm,自测视频 不要点开,61小幺妹,2026-07-29 22:29:25,1.0,1.0,0.0,1.0,0.0,0.0,0.0,1.0,
2026-07-31 18:00:04,BV1qqGF6cEXJ,77,BV1qqGF6cEXJ,自测2勿点-第一赛段,丨失眠数羊丨,2026-07-31 13:40:31,3.0,0.0,0.0,1.0,0.0,0.0,0.0,1.0,
2026-07-31 18:00:04,BV1c23p6hEgY,79,BV1c23p6hEgY,自测勿入,呆博萌羊_0601,2026-07-30 10:16:13,8.0,0.0,0.0,1.0,0.0,0.0,0.0,1.0,
2026-07-31 18:00:04,BV1hW316CE2T,80,BV1hW316CE2T,自测 勿点 7.31-8.3,妈粉来自Slytherin,2026-07-29 19:21:34,1.0,0.0,0.0,1.0,0.0,0.0,0.0,1.0,
2026-07-31 18:00:04,BV1GF3W6DEBc,81,BV1GF3W6DEBc,自测 勿点！！,源琳-,2026-07-30 10:44:29,9.0,0.0,0.0,0.0,0.0,0.0,0.0,1.0,
2026-07-31 18:00:04,BV18U3x6RESK,82,BV18U3x6RESK,【M雨梦】最新视频已上线，快来围观！,M雨梦,2026-07-30 11:45:25,0.0,0.0,0.0,0.0,0.0,0.0,0.0,1.0,
2026-07-31 18:00:04,BV1yB316PECF,83,BV1yB316PECF,7.31-8.3自测2,我素质低你让让我,2026-07-29 19:50:14,51.0,0.0,0.0,1.0,0.0,0.0,0.0,1.0,
2026-07-31 18:00:04,BV1J63n6dEUw,84,BV1J63n6dEUw,自测（勿点）,楊小咩_sheep,2026-07-29 21:35:56,0.0,0.0,0.0,0.0,0.0,0.0,0.0,1.0,
2026-07-31 18:00:04,BV1Y13x6oEEC,85,BV1Y13x6oEEC,第一阶段自测1 勿动勿点,周洲舟ov,2026-07-30 12:08:32,2.0,0.0,0.0,1.0,0.0,0.0,0.0,1.0,
2026-07-31 18:00:04,BV1Y1GF6REak,86,BV1Y1GF6REak,7.31自测，勿入！,蕴璞,2026-07-31 13:37:15,2.0,0.0,0.0,0.0,0.0,0.0,0.0,1.0,
2026-07-31 18:00:04,BV1UG3x6JEtV,87,BV1UG3x6JEtV,mmm赛段自测01,MadMadMe,2026-07-30 12:18:37,1.0,0.0,0.0,1.0,0.0,0.0,0.0,1.0,
2026-07-31 18:00:04,BV1sD3J6FER8,88,BV1sD3J6FER8,自测视频 禁止点击,羊村常住村民,2026-07-30 00:13:00,111.0,1.0,0.0,0.0,0.0,0.0,0.0,1.0,
2026-07-31 18:00:04,BV11qz4BJESa,89,BV11qz4BJESa,三点,ktmmt91,2026-01-26 03:54:41,204.0,1.0,0.0,2.0,0.0,0.0,0.0,1.0,
2026-07-31 18:00:04,BV1Du3x6HEs4,90,BV1Du3x6HEs4,肆意自测别点,肆意再现,2026-07-30 12:45:59,0.0,0.0,0.0,0.0,0.0,0.0,0.0,1.0,
2026-07-31 18:00:04,BV1GY3b6YEgN,91,BV1GY3b6YEgN,自测，勿点1,你爱喝果粒橙么,2026-07-30 22:19:49,13.0,1.0,0.0,1.0,0.0,0.0,0.0,1.0,
2026-07-31 18:00:04,BV1ef316SECU,92,BV1ef316SECU,【玖玖糖糖】最新视频上线，求关注！,玖玖糖糖,2026-07-29 19:26:11,20.0,0.0,0.0,1.0,0.0,0.0,0.0,1.0,
2026-07-31 18:00:04,BV16N316dER1,94,BV16N316dER1,【玖玖糖糖糖】最新视频来袭，快来看看吧！,玖玖糖糖糖,2026-07-29 21:22:29,12.0,0.0,0.0,0.0,0.0,0.0,0.0,1.0,
2026-07-31 18:00:04,BV1yH3x6VETZ,95,BV1yH3x6VETZ,自测视频，勿点一一一,dddddash6,2026-07-30 13:19:40,86.0,0.0,0.0,0.0,0.0,0.0,0.0,1.0,
2026-07-31 18:00:04,BV1Vh3h6kES4,96,BV1Vh3h6kES4,自测勿点,huixuan128,2026-07-31 00:50:54,32.0,0.0,0.0,1.0,0.0,0.0,0.0,1.0,
2026-07-31 18:00:04,BV1w63p6eENE,97,BV1w63p6eENE,自测勿点,不同CD,2026-07-30 10:33:21,7.0,1.0,0.0,1.0,0.0,0.0,0.0,1.0,
2026-07-31 18:00:04,BV15d3p6WEsc,98,BV15d3p6WEsc,自测 勿点‼️‼️‼️,椿芽榴莲,2026-07-30 10:41:29,6.0,0.0,0.0,0.0,0.0,0.0,0.0,1.0,
2026-07-31 18:00:04,BV1nSK56oEwv,99,BV1nSK56oEwv,自测,Oopsoooh,2026-07-16 20:18:14,346.0,16.0,0.0,1.0,0.0,0.0,0.0,1.0,
2026-07-31 18:00:04,BV1yB316PEU5,100,BV1yB316PEU5,7.31-8.3自测3,我素质低你让让我,2026-07-29 19:50:20,101.0,0.0,0.0,1.0,0.0,0.0,0.0,1.0,
2026-07-31 18:00:04,BV1jt3h6yEjW,101,BV1jt3h6yEjW,自测视频勿点,sherry银河系,2026-07-31 01:15:45,13.0,1.0,0.0,1.0,0.0,0.0,0.0,1.0,
2026-07-31 18:00:04,BV1wQ346kET4,102,BV1wQ346kET4,自测勿点1,潇潇暮晚吟,2026-07-30 17:06:15,2.0,0.0,0.0,0.0,0.0,0.0,0.0,1.0,
2026-07-31 18:00:04,BV1JVNY63ECm,103,BV1JVNY63ECm,亲爱的心疼是一场有时差的雨,芋泥牛奶吐司,2026-07-15 11:23:03,1253.0,15.0,0.0,0.0,0.0,0.0,0.0,1.0,
2026-07-31 18:00:04,BV1J3NJ6NEXP,104,BV1J3NJ6NEXP,自测勿点,沙耶-lan,2026-07-10 22:16:09,46.0,10.0,0.0,1.0,0.0,0.0,0.0,1.0,
2026-07-31 18:00:04,BV1BqGF6cEXT,105,BV1BqGF6cEXT,自测，勿点1,落叶眠烟,2026-07-31 13:41:36,3.0,0.0,0.0,1.0,0.0,0.0,0.0,1.0,
2026-07-31 18:00:04,BV1Vb3b6KEj6,106,BV1Vb3b6KEj6,自测1.0折杏春版,折杏春,2026-07-30 21:26:27,2.0,0.0,0.0,0.0,0.0,0.0,0.0,1.0,
2026-07-31 18:00:04,BV14U3J6hEEh,107,BV14U3J6hEEh,自测视频 禁止点击,波纹牌保文杯,2026-07-30 00:17:13,12.0,0.0,0.0,0.0,0.0,0.0,0.0,1.0,
2026-07-31 18:00:04,BV1kuGc6uEPM,108,BV1kuGc6uEPM,自测，勿点1,cakexin_,2026-07-31 12:10:23,2.0,0.0,0.0,1.0,0.0,0.0,0.0,1.0,
2026-07-31 18:00:04,BV1Zc386VE4g,109,BV1Zc386VE4g,自测勿点1,Bamboo-shade,2026-07-30 21:22:06,1.0,0.0,0.0,1.0,0.0,0.0,0.0,1.0,
2026-07-31 18:00:04,BV1UJ3t6pEGh,110,BV1UJ3t6pEGh,第一阶段自测,我要喝绿豆汤,2026-07-30 16:40:45,0.0,0.0,0.0,0.0,0.0,0.0,0.0,1.0,
2026-07-31 18:00:04,BV1Ri4y167T3,111,BV1Ri4y167T3,2024.1.1 易烊千玺工作室更博 荡秋千吹来的新年快乐！,烊不源,2024-01-01 11:48:27,693.0,1.0,0.0,1.0,1.0,0.0,0.0,1.0,
2026-07-31 18:00:04,BV1UZ3t64Ecj,112,BV1UZ3t64Ecj,！,玳瑁大魔王,2026-07-30 22:49:02,44.0,0.0,0.0,0.0,0.0,0.0,0.0,1.0,
2026-07-31 18:00:04,BV1pr316wEpv,113,BV1pr316wEpv,刷播自测，勿点,第十一杯eleven,2026-07-29 19:55:38,1.0,1.0,0.0,0.0,0.0,0.0,0.0,1.0,
2026-07-31 18:00:04,BV1L43b6qEw4,114,BV1L43b6qEw4,自测1.0yzzr版,yzzr_b,2026-07-30 21:28:34,3.0,0.0,0.0,0.0,0.0,0.0,0.0,1.0,
2026-07-31 18:00:04,BV1Nq3p6iE7h,115,BV1Nq3p6iE7h,自测，勿点1,郁期物,2026-07-30 10:24:41,10.0,0.0,0.0,1.0,0.0,0.0,0.0,1.0,
2026-07-31 18:00:04,BV1ex3468Eib,116,BV1ex3468Eib,自测视频勿点,Rayla_X,2026-07-30 18:02:16,10.0,1.0,0.0,1.0,0.0,0.0,0.0,1.0,
2026-07-31 18:00:04,BV1fS3p64Ekk,117,BV1fS3p64Ekk,自测勿点,dd鱿鱼须,2026-07-30 10:56:49,165.0,3.0,0.0,1.0,0.0,0.0,0.0,1.0,
2026-07-31 18:00:04,BV1yJ3x6yEx8,118,BV1yJ3x6yEx8,自测视频，勿点一一一二,dddddash6,2026-07-30 13:21:19,5.0,0.0,0.0,0.0,0.0,0.0,0.0,1.0,
2026-07-31 18:00:04,BV1kr316wEHH,119,BV1kr316wEHH,刷播自测，勿点,冬眠中的眼镜小姐,2026-07-29 19:59:08,8.0,0.0,0.0,1.0,0.0,0.0,0.0,1.0,
2026-07-31 18:00:04,BV1gAffBaE4f,120,BV1gAffBaE4f,自测3,半夏哒哒哒,2026-02-04 23:27:13,41.0,0.0,0.0,1.0,0.0,0.0,0.0,1.0,
2026-07-31 18:00:04,BV1EC3n69ErV,121,BV1EC3n69ErV,勿点 自测,bili_70067848892,2026-07-30 00:04:07,2.0,0.0,0.0,1.0,0.0,0.0,0.0,1.0,
2026-07-31 18:00:04,BV1jP386GE1N,122,BV1jP386GE1N,自测 勿入 1,秋雨__,2026-07-30 20:55:08,1.0,0.0,0.0,0.0,0.0,0.0,0.0,1.0,
2026-07-31 18:00:04,BV1mm3J6wEz4,123,BV1mm3J6wEz4,自测视频请勿点击,攒灵儿,2026-07-30 00:06:30,15.0,0.0,0.0,0.0,0.0,0.0,0.0,1.0,
2026-07-31 18:00:04,BV1sT3b6nE8d,124,BV1sT3b6nE8d,自测勿点,夏目の妖,2026-07-30 22:42:00,9.0,0.0,0.0,0.0,0.0,0.0,0.0,1.0,
2026-07-31 18:00:04,BV1LM386zE7M,125,BV1LM386zE7M,自存 勿入 2,盒饭刺豚,2026-07-30 20:58:42,143.0,0.0,0.0,0.0,0.0,0.0,0.0,1.0,
2026-07-31 18:00:04,BV1csffB7E4j,126,BV1csffB7E4j,防吞,杨博文波纹收藏记录馆,2026-02-04 23:54:43,9563.0,370.0,137.0,2294.0,14.0,1.0,0.0,1.0,
2026-07-31 18:00:04,BV1u43166E2t,127,BV1u43166E2t,自测误点,bili_21144701884,2026-07-29 21:56:06,2.0,0.0,0.0,0.0,0.0,0.0,0.0,1.0,
2026-07-31 18:00:04,BV1Qd3n6yEZE,128,BV1Qd3n6yEZE,自测视频 请勿点开,61小羊梅,2026-07-29 22:20:32,10.0,1.0,0.0,1.0,0.0,0.0,0.0,1.0,
2026-07-31 18:00:04,BV1dQ3n67Ego,129,BV1dQ3n67Ego,自测视频 请勿点开,女厕所战神_,2026-07-29 22:36:03,14.0,0.0,0.0,1.0,0.0,0.0,0.0,1.0,
2026-07-31 18:00:04,BV1o93p69E49,130,BV1o93p69E49,自测勿点,ppdd-_,2026-07-30 11:04:03,28.0,0.0,0.0,1.0,0.0,0.0,0.0,1.0,
2026-07-31 18:00:04,BV1Y13x6oEHJ,131,BV1Y13x6oEHJ,ntt0819赛段自测01,ntt0819,2026-07-30 12:09:18,0.0,0.0,0.0,1.0,0.0,0.0,0.0,1.0,
2026-07-31 18:00:04,BV1DU3x6RE7m,132,BV1DU3x6RE7m,自测勿进,腼腆自卑内向_,2026-07-30 11:45:46,217.0,2.0,0.0,1.0,0.0,0.0,0.0,1.0,
2026-07-31 18:00:04,BV1ck3p6AEa5,133,BV1ck3p6AEa5,自测、勿点1,涩咪亚,2026-07-30 10:28:12,12.0,0.0,0.0,1.0,0.0,0.0,0.0,1.0,
2026-07-31 18:00:04,BV1hD3x6WEyw,134,BV1hD3x6WEyw,lpss赛段自测01,_lpss,2026-07-30 11:56:25,0.0,0.0,0.0,1.0,0.0,0.0,0.0,1.0,
2026-07-31 18:00:04,BV1fEGc6AES3,135,BV1fEGc6AES3,自测误点1,眄睐99,2026-07-31 13:13:18,1.0,0.0,0.0,1.0,1.0,0.0,0.0,1.0,
2026-07-31 18:00:04,BV1zjGc6eEUZ,138,BV1zjGc6eEUZ,自测勿进勿进勿进,为什么是V,2026-07-31 13:16:35,2.0,0.0,0.0,0.0,0.0,0.0,0.0,1.0,
2026-07-31 18:00:04,BV19P3x6REne,139,BV19P3x6REne,自测肆意再现,饺饺者7,2026-07-30 12:40:52,2.0,0.0,0.0,0.0,1.0,0.0,0.0,1.0,
2026-07-31 18:00:04,BV1u63b6ZEKe,140,BV1u63b6ZEKe,自测1勿点,叶不修u,2026-07-30 21:58:55,4.0,0.0,0.0,0.0,0.0,0.0,0.0,1.0,
2026-07-31 18:00:04,BV1sN3b6QE3R,141,BV1sN3b6QE3R,【萸霜霜霜】Up主探索中，欢迎收看求三连！,萸霜霜霜,2026-07-30 22:44:51,86.0,2.0,0.0,2.0,0.0,0.0,0.0,1.0,
2026-07-31 18:00:04,BV1oq3x6AEBX,142,BV1oq3x6AEBX,自测视频勿点,雁渡寒潭yuan,2026-07-30 11:08:56,12.0,0.0,0.0,0.0,0.0,0.0,0.0,1.0,
2026-07-31 18:00:04,BV1oT3n6EEpQ,143,BV1oT3n6EEpQ,自测视频｜自用勿点,星光延长期,2026-07-30 00:34:03,12.0,0.0,0.0,1.0,0.0,0.0,0.0,1.0,
2026-07-31 18:00:04,BV1eZ316nEvS,144,BV1eZ316nEvS,【辉映皓天】新作上线，快来看看！,辉映皓天,2026-07-29 19:26:44,0.0,0.0,0.0,0.0,0.0,0.0,0.0,1.0,
2026-07-31 18:00:04,BV1qM3n6mEnw,145,BV1qM3n6mEnw,自测，勿点,已完结zzz,2026-07-30 00:38:24,4.0,0.0,0.0,1.0,0.0,1.0,0.0,1.0,
2026-07-31 18:00:04,BV1ikGF6ZEbn,146,BV1ikGF6ZEbn,自测，勿点1,醉江南ace,2026-07-31 13:26:46,2.0,0.0,0.0,1.0,0.0,0.0,0.0,1.0,
2026-07-31 18:00:04,BV1AQ3b6nEZW,147,BV1AQ3b6nEZW,博丝自测，勿点谢谢1.1,bili_53292940566,2026-07-30 20:22:17,1.0,0.0,0.0,1.0,0.0,0.0,0.0,1.0,
2026-07-31 18:00:04,BV1M43n6vEHU,148,BV1M43n6vEHU,计划，误点,朔月新夏,2026-07-29 23:37:48,1.0,0.0,0.0,1.0,0.0,0.0,0.0,1.0,
2026-07-31 18:00:04,BV17EGc6AEtd,149,BV17EGc6AEtd,自测勿入,壹波纹0601,2026-07-31 13:13:36,1.0,0.0,0.0,1.0,0.0,0.0,0.0,1.0,
2026-07-31 18:00:04,BV1vb3b6KET1,150,BV1vb3b6KET1,自测1.0蓝莓酱版,蓝莓酱LEFT,2026-07-30 21:24:47,2.0,2.0,0.0,0.0,0.0,0.0,0.0,1.0,
2026-07-31 18:00:04,BV1vg3n6jEat,151,BV1vg3n6jEat,自测误点 1,午夜忧郁纯情甜妹总裁,2026-07-29 22:59:07,14.0,0.0,0.0,1.0,0.0,0.0,0.0,1.0,
2026-07-31 18:00:04,BV1Ni316iEQh,152,BV1Ni316iEQh,自测请勿点击,11225566778800,2026-07-29 19:52:44,0.0,0.0,0.0,0.0,0.0,0.0,0.0,1.0,
2026-07-31 18:00:04,BV1WB316NEqW,153,BV1WB316NEqW,自测请勿点击,小茄波纹呀,2026-07-29 19:52:00,1.0,0.0,0.0,0.0,0.0,0.0,0.0,1.0,
2026-07-31 18:00:04,BV1HX3b6SEBh,154,BV1HX3b6SEBh,自测勿点7.31_8.9,随便一只,2026-07-30 20:15:21,65.0,0.0,0.0,0.0,0.0,0.0,0.0,1.0,
2026-07-31 18:00:04,BV1fC3n6XECU,155,BV1fC3n6XECU,自测 勿点,123滴滴滴ddd,2026-07-29 21:45:52,32.0,0.0,0.0,1.0,0.0,0.0,0.0,1.0,
2026-07-31 18:00:04,BV18b316gEgT,156,BV18b316gEgT,自测误点,臻理不是真理,2026-07-29 19:29:12,0.0,0.0,0.0,0.0,0.0,0.0,0.0,1.0,
2026-07-31 18:00:04,BV15g3n6jEbS,157,BV15g3n6jEbS,自测3,午夜忧郁纯情甜妹总裁,2026-07-29 23:01:50,3.0,0.0,0.0,1.0,0.0,0.0,0.0,1.0,
2026-07-31 18:00:04,BV1rj3b65EKN,158,BV1rj3b65EKN,自测路人勿入,林中波纹曲,2026-07-30 23:05:39,8.0,2.0,0.0,1.0,0.0,0.0,0.0,1.0,
2026-07-31 18:00:04,BV15d3p6WEtX,159,,失败,,,,,,,,,,,62012
2026-07-31 18:00:04,BV1Yy3x6tEok,160,BV1Yy3x6tEok,28150819赛段自测01,28150819,2026-07-30 12:13:09,1.0,0.0,0.0,1.0,0.0,0.0,0.0,1.0,
2026-07-31 18:00:04,BV1s43z67EXn,161,BV1s43z67EXn,自测 729,TAOTAOALL,2026-07-29 00:53:50,90.0,0.0,0.0,1.0,0.0,0.0,0.0,1.0,
2026-07-31 18:00:04,BV1ks3x63EL6,162,BV1ks3x63EL6,自测勿点1,暖大大的烘山芋,2026-07-30 12:53:46,14.0,0.0,0.0,1.0,0.0,0.0,0.0,1.0,
2026-07-31 18:00:04,BV1Ug3x6DE1b,163,BV1Ug3x6DE1b,0801-0803自测勿点2,你做咩吖咩,2026-07-30 12:21:07,0.0,0.0,0.0,0.0,0.0,0.0,0.0,1.0,
2026-07-31 18:00:04,BV1tY316qEMY,164,BV1tY316qEMY,自测勿点勿看,捏个小埋,2026-07-29 20:20:46,1.0,0.0,0.0,1.0,0.0,0.0,0.0,1.0,
2026-07-31 18:00:04,BV1Lg3n6jEKQ,165,BV1Lg3n6jEKQ,自测 2,午夜忧郁纯情甜妹总裁,2026-07-29 23:29:15,42.0,0.0,0.0,0.0,0.0,1.0,0.0,1.0,
2026-07-31 18:00:04,BV1Bq3x6AE7w,166,BV1Bq3x6AE7w,自测勿点,木易北北yoo,2026-07-30 11:11:45,12.0,0.0,0.0,1.0,0.0,0.0,0.0,1.0,
2026-07-31 18:00:04,BV1PC3s6gEtM,167,BV1PC3s6gEtM,自测 勿点,kmdgzs,2026-07-30 13:58:35,14.0,0.0,0.0,1.0,0.0,0.0,0.0,1.0,
2026-07-31 18:00:04,BV12Y316qEdn,168,BV12Y316qEdn,自测勿点1,焱yyyan,2026-07-29 20:21:12,7.0,1.0,0.0,0.0,0.0,0.0,0.0,1.0,
2026-07-31 18:00:04,BV1hx316GEKS,169,BV1hx316GEKS,自测 勿点,自矜丨,2026-07-29 19:14:08,1.0,0.0,0.0,1.0,0.0,0.0,0.0,1.0,
2026-07-31 18:00:04,BV1XF3W6SEuz,170,BV1XF3W6SEuz,自测勿入,太阳好大好想鼠,2026-07-30 10:45:14,12.0,0.0,0.0,1.0,0.0,0.0,0.0,1.0,
2026-07-31 18:00:04,BV16N316dEjM,171,BV16N316dEjM,我的最新作品，快来一睹为快！,bili_47649027571,2026-07-29 22:53:36,1.0,0.0,0.0,0.0,0.0,0.0,0.0,1.0,
2026-07-31 18:30:08,https://www.bilibili.com/video/BV1jN64BKECs/?spm_id_from=333.337.search-card.all.click,0,BV1jN64BKECs,【杨博文｜4K直拍】跟着节奏一起《闭嘴跳舞》～,关键时刻来瓶尖叫,2026-02-01 20:20:32,1427034.0,25851.0,15771.0,22028.0,7009.0,2371.0,7087.0,3.0,
2026-07-31 18:30:08,https://www.bilibili.com/video/BV1Lb6tBBEYC/?spm_id_from=333.1387.favlist.content.click&vd_source=bdf775a036c61c0159ac2f0c251aaeb7,1,BV1Lb6tBBEYC,【4K精剪】闭嘴跳舞 | 杨博文直拍 | 260201,underthepoplar,2026-02-02 00:00:55,345705.0,26708.0,13962.0,18898.0,6384.0,1808.0,3039.0,3.0,
2026-07-31 18:30:08,https://www.bilibili.com/video/BV1mJ64BREZY/?spm_id_from=333.1387.favlist.content.click&vd_source=bdf775a036c61c0159ac2f0c251aaeb7,2,BV1mJ64BREZY,【杨博文】闭嘴跳舞丨当主舞穿上西装就会得到,Kismet丨杨博文,2026-02-01 18:31:00,597632.0,34851.0,3776.0,25157.0,4629.0,442.0,592.0,10.0,
2026-07-31 18:30:08,https://www.bilibili.com/video/BV1XA6nBGEPV/?spm_id_from=333.1387.favlist.content.click,3,BV1XA6nBGEPV,【4K精剪】希区考克 作品152 | 杨博文直拍 | 260131,underthepoplar,2026-02-01 00:23:17,1932944.0,23145.0,21884.0,19613.0,17810.0,3987.0,6859.0,1.0,
2026-07-31 18:30:08,https://www.bilibili.com/video/BV1EGBCBmEo8/?spm_id_from=333.1387.favlist.content.click,4,BV1EGBCBmEo8,【杨博文｜4K高清直拍】魅魔级别的《Manta》舞台，看博文如何一yeah封神,关键时刻来瓶尖叫,2025-12-27 23:15:44,866686.0,12152.0,9513.0,10840.0,12684.0,973.0,2312.0,5.0,
2026-07-31 18:30:08,https://www.bilibili.com/video/BV1A5vkB2E1k/?spm_id_from=333.1387.favlist.content.click,5,BV1A5vkB2E1k,【杨博文】Hey Mama六机位纯舞直拍丨15岁舞台统治者的诞生，四代主舞燃炸全场！,Kismet丨杨博文,2025-12-28 22:28:16,2614345.0,62683.0,43982.0,45388.0,21937.0,13495.0,21052.0,10.0,
2026-07-31 18:30:08,https://www.bilibili.com/video/BV1EQK56xEZk/?spm_id_from=333.1387.favlist.content.click,6,BV1EQK56xEZk,【杨博文｜音乐现场】｜《全世界陪我出发》4K直拍，考核第一的大C位实在太亮眼！,关键时刻来瓶尖叫,2026-07-16 20:29:02,228009.0,9642.0,2710.0,5412.0,5636.0,10091.0,7755.0,14.0,
2026-07-31 18:30:08,https://www.bilibili.com/video/BV1JUK56tEh5/?spm_id_from=333.1387.favlist.content.click,7,BV1JUK56tEh5,【杨博文｜音乐现场】全程舒适！跟着标准答案出发不迷路｜《全世界陪我出发》4k横屏直拍,游园会_杨博文,2026-07-16 20:06:19,152834.0,7166.0,2296.0,3814.0,5068.0,1940.0,1769.0,1.0,
2026-07-31 18:30:08,https://www.bilibili.com/video/BV1kFKG6pEPe/?spm_id_from=333.1387.favlist.content.click,8,BV1kFKG6pEPe,【杨博文】夏日运动会《全世界陪我出发》4K直拍,Eternity丨杨博文,2026-07-16 19:13:38,40154.0,4697.0,710.0,2621.0,2323.0,36.0,93.0,1.0,
2026-07-31 18:30:08,bilibili.com/video/BV1M9ePzaELH/?spm_id_from=333.337.search-card.all.click,9,BV1M9ePzaELH,「杨博文｜卡拉永远OK」突发舞台事故？我怎么没看见,Astra_杨博文,2025-08-19 22:15:30,821626.0,14535.0,4652.0,9704.0,10688.0,622.0,536.0,10.0,
2026-07-31 19:00:07,https://www.bilibili.com/video/BV1jN64BKECs/?spm_id_from=333.337.search-card.all.click,0,BV1jN64BKECs,【杨博文｜4K直拍】跟着节奏一起《闭嘴跳舞》～,关键时刻来瓶尖叫,2026-02-01 20:20:32,1427059.0,25853.0,15771.0,22029.0,7020.0,2371.0,7087.0,2.0,
2026-07-31 19:00:07,https://www.bilibili.com/video/BV1Lb6tBBEYC/?spm_id_from=333.1387.favlist.content.click&vd_source=bdf775a036c61c0159ac2f0c251aaeb7,1,BV1Lb6tBBEYC,【4K精剪】闭嘴跳舞 | 杨博文直拍 | 260201,underthepoplar,2026-02-02 00:00:55,345791.0,26718.0,13962.0,18907.0,6394.0,1808.0,3039.0,5.0,
2026-07-31 19:00:07,https://www.bilibili.com/video/BV1mJ64BREZY/?spm_id_from=333.1387.favlist.content.click&vd_source=bdf775a036c61c0159ac2f0c251aaeb7,2,BV1mJ64BREZY,【杨博文】闭嘴跳舞丨当主舞穿上西装就会得到,Kismet丨杨博文,2026-02-01 18:31:00,597684.0,34852.0,3776.0,25159.0,4639.0,442.0,592.0,8.0,
2026-07-31 19:00:07,https://www.bilibili.com/video/BV1XA6nBGEPV/?spm_id_from=333.1387.favlist.content.click,3,BV1XA6nBGEPV,【4K精剪】希区考克 作品152 | 杨博文直拍 | 260131,underthepoplar,2026-02-01 00:23:17,1932959.0,23146.0,21884.0,19613.0,17821.0,3987.0,6859.0,1.0,
2026-07-31 19:00:07,https://www.bilibili.com/video/BV1EGBCBmEo8/?spm_id_from=333.1387.favlist.content.click,4,BV1EGBCBmEo8,【杨博文｜4K高清直拍】魅魔级别的《Manta》舞台，看博文如何一yeah封神,关键时刻来瓶尖叫,2025-12-27 23:15:44,866843.0,12151.0,9513.0,10839.0,12684.0,973.0,2312.0,7.0,
2026-07-31 19:00:07,https://www.bilibili.com/video/BV1A5vkB2E1k/?spm_id_from=333.1387.favlist.content.click,5,BV1A5vkB2E1k,【杨博文】Hey Mama六机位纯舞直拍丨15岁舞台统治者的诞生，四代主舞燃炸全场！,Kismet丨杨博文,2025-12-28 22:28:16,2614534.0,62685.0,43982.0,45390.0,21950.0,13495.0,21052.0,9.0,
2026-07-31 19:00:07,https://www.bilibili.com/video/BV1EQK56xEZk/?spm_id_from=333.1387.favlist.content.click,6,BV1EQK56xEZk,【杨博文｜音乐现场】｜《全世界陪我出发》4K直拍，考核第一的大C位实在太亮眼！,关键时刻来瓶尖叫,2026-07-16 20:29:02,228231.0,9646.0,2712.0,5416.0,5636.0,10091.0,7755.0,13.0,
2026-07-31 19:00:07,https://www.bilibili.com/video/BV1JUK56tEh5/?spm_id_from=333.1387.favlist.content.click,7,BV1JUK56tEh5,【杨博文｜音乐现场】全程舒适！跟着标准答案出发不迷路｜《全世界陪我出发》4k横屏直拍,游园会_杨博文,2026-07-16 20:06:19,152937.0,7169.0,2296.0,3814.0,5068.0,1940.0,1769.0,1.0,
2026-07-31 19:00:07,https://www.bilibili.com/video/BV1kFKG6pEPe/?spm_id_from=333.1387.favlist.content.click,8,BV1kFKG6pEPe,【杨博文】夏日运动会《全世界陪我出发》4K直拍,Eternity丨杨博文,2026-07-16 19:13:38,40167.0,4698.0,710.0,2621.0,2323.0,36.0,93.0,1.0,
2026-07-31 19:00:07,bilibili.com/video/BV1M9ePzaELH/?spm_id_from=333.337.search-card.all.click,9,BV1M9ePzaELH,「杨博文｜卡拉永远OK」突发舞台事故？我怎么没看见,Astra_杨博文,2025-08-19 22:15:30,821711.0,14535.0,4652.0,9704.0,10688.0,622.0,536.0,10.0,
2026-07-31 19:30:05,https://www.bilibili.com/video/BV1jN64BKECs/?spm_id_from=333.337.search-card.all.click,0,BV1jN64BKECs,【杨博文｜4K直拍】跟着节奏一起《闭嘴跳舞》～,关键时刻来瓶尖叫,2026-02-01 20:20:32,1427098.0,25854.0,15771.0,22028.0,7035.0,2371.0,7087.0,4.0,
2026-07-31 19:30:05,https://www.bilibili.com/video/BV1Lb6tBBEYC/?spm_id_from=333.1387.favlist.content.click&vd_source=bdf775a036c61c0159ac2f0c251aaeb7,1,BV1Lb6tBBEYC,【4K精剪】闭嘴跳舞 | 杨博文直拍 | 260201,underthepoplar,2026-02-02 00:00:55,345882.0,26725.0,13962.0,18906.0,6410.0,1808.0,3039.0,4.0,
2026-07-31 19:30:05,https://www.bilibili.com/video/BV1mJ64BREZY/?spm_id_from=333.1387.favlist.content.click&vd_source=bdf775a036c61c0159ac2f0c251aaeb7,2,BV1mJ64BREZY,【杨博文】闭嘴跳舞丨当主舞穿上西装就会得到,Kismet丨杨博文,2026-02-01 18:31:00,597730.0,34852.0,3776.0,25159.0,4656.0,442.0,592.0,11.0,
2026-07-31 19:30:05,https://www.bilibili.com/video/BV1XA6nBGEPV/?spm_id_from=333.1387.favlist.content.click,3,BV1XA6nBGEPV,【4K精剪】希区考克 作品152 | 杨博文直拍 | 260131,underthepoplar,2026-02-01 00:23:17,1932974.0,23149.0,21887.0,19615.0,17837.0,3987.0,6859.0,1.0,
2026-07-31 19:30:05,https://www.bilibili.com/video/BV1EGBCBmEo8/?spm_id_from=333.1387.favlist.content.click,4,BV1EGBCBmEo8,【杨博文｜4K高清直拍】魅魔级别的《Manta》舞台，看博文如何一yeah封神,关键时刻来瓶尖叫,2025-12-27 23:15:44,867017.0,12152.0,9513.0,10840.0,12684.0,973.0,2312.0,6.0,
2026-07-31 19:30:05,https://www.bilibili.com/video/BV1A5vkB2E1k/?spm_id_from=333.1387.favlist.content.click,5,BV1A5vkB2E1k,【杨博文】Hey Mama六机位纯舞直拍丨15岁舞台统治者的诞生，四代主舞燃炸全场！,Kismet丨杨博文,2025-12-28 22:28:16,2614728.0,62687.0,43983.0,45394.0,21965.0,13495.0,21052.0,9.0,
2026-07-31 19:30:05,https://www.bilibili.com/video/BV1EQK56xEZk/?spm_id_from=333.1387.favlist.content.click,6,BV1EQK56xEZk,【杨博文｜音乐现场】｜《全世界陪我出发》4K直拍，考核第一的大C位实在太亮眼！,关键时刻来瓶尖叫,2026-07-16 20:29:02,228467.0,9656.0,2713.0,5418.0,5636.0,10091.0,7755.0,13.0,
2026-07-31 19:30:05,https://www.bilibili.com/video/BV1JUK56tEh5/?spm_id_from=333.1387.favlist.content.click,7,BV1JUK56tEh5,【杨博文｜音乐现场】全程舒适！跟着标准答案出发不迷路｜《全世界陪我出发》4k横屏直拍,游园会_杨博文,2026-07-16 20:06:19,153029.0,7173.0,2296.0,3815.0,5068.0,1940.0,1769.0,1.0,
2026-07-31 19:30:05,https://www.bilibili.com/video/BV1kFKG6pEPe/?spm_id_from=333.1387.favlist.content.click,8,BV1kFKG6pEPe,【杨博文】夏日运动会《全世界陪我出发》4K直拍,Eternity丨杨博文,2026-07-16 19:13:38,40186.0,4702.0,710.0,2621.0,2323.0,36.0,93.0,1.0,
2026-07-31 19:30:05,bilibili.com/video/BV1M9ePzaELH/?spm_id_from=333.337.search-card.all.click,9,BV1M9ePzaELH,「杨博文｜卡拉永远OK」突发舞台事故？我怎么没看见,Astra_杨博文,2025-08-19 22:15:30,821796.0,14535.0,4652.0,9705.0,10688.0,622.0,536.0,13.0,
2026-07-31 19:50:03,https://www.bilibili.com/video/BV1jN64BKECs/?spm_id_from=333.337.search-card.all.click,0,BV1jN64BKECs,【杨博文｜4K直拍】跟着节奏一起《闭嘴跳舞》～,关键时刻来瓶尖叫,2026-02-01 20:20:32,1427112.0,25854.0,15771.0,22029.0,7049.0,2371.0,7087.0,4.0,
2026-07-31 19:50:03,https://www.bilibili.com/video/BV1Lb6tBBEYC/?spm_id_from=333.1387.favlist.content.click&vd_source=bdf775a036c61c0159ac2f0c251aaeb7,1,BV1Lb6tBBEYC,【4K精剪】闭嘴跳舞 | 杨博文直拍 | 260201,underthepoplar,2026-02-02 00:00:55,345933.0,26729.0,13964.0,18909.0,6423.0,1808.0,3039.0,5.0,
2026-07-31 19:50:03,https://www.bilibili.com/video/BV1mJ64BREZY/?spm_id_from=333.1387.favlist.content.click&vd_source=bdf775a036c61c0159ac2f0c251aaeb7,2,BV1mJ64BREZY,【杨博文】闭嘴跳舞丨当主舞穿上西装就会得到,Kismet丨杨博文,2026-02-01 18:31:00,597758.0,34852.0,3776.0,25159.0,4667.0,442.0,592.0,4.0,
2026-07-31 19:50:03,https://www.bilibili.com/video/BV1XA6nBGEPV/?spm_id_from=333.1387.favlist.content.click,3,BV1XA6nBGEPV,【4K精剪】希区考克 作品152 | 杨博文直拍 | 260131,underthepoplar,2026-02-01 00:23:17,1932983.0,23149.0,21887.0,19615.0,17850.0,3987.0,6859.0,1.0,
2026-07-31 19:50:03,https://www.bilibili.com/video/BV1EGBCBmEo8/?spm_id_from=333.1387.favlist.content.click,4,BV1EGBCBmEo8,【杨博文｜4K高清直拍】魅魔级别的《Manta》舞台，看博文如何一yeah封神,关键时刻来瓶尖叫,2025-12-27 23:15:44,867131.0,12152.0,9513.0,10841.0,12684.0,973.0,2312.0,6.0,
2026-07-31 19:50:03,https://www.bilibili.com/video/BV1A5vkB2E1k/?spm_id_from=333.1387.favlist.content.click,5,BV1A5vkB2E1k,【杨博文】Hey Mama六机位纯舞直拍丨15岁舞台统治者的诞生，四代主舞燃炸全场！,Kismet丨杨博文,2025-12-28 22:28:16,2614853.0,62689.0,43987.0,45398.0,21977.0,13495.0,21052.0,14.0,
2026-07-31 19:50:03,https://www.bilibili.com/video/BV1EQK56xEZk/?spm_id_from=333.1387.favlist.content.click,6,BV1EQK56xEZk,【杨博文｜音乐现场】｜《全世界陪我出发》4K直拍，考核第一的大C位实在太亮眼！,关键时刻来瓶尖叫,2026-07-16 20:29:02,228644.0,9666.0,2717.0,5424.0,5636.0,10091.0,7755.0,20.0,
2026-07-31 19:50:03,https://www.bilibili.com/video/BV1JUK56tEh5/?spm_id_from=333.1387.favlist.content.click,7,BV1JUK56tEh5,【杨博文｜音乐现场】全程舒适！跟着标准答案出发不迷路｜《全世界陪我出发》4k横屏直拍,游园会_杨博文,2026-07-16 20:06:19,153091.0,7175.0,2296.0,3815.0,5069.0,1940.0,1769.0,1.0,
2026-07-31 19:50:03,https://www.bilibili.com/video/BV1kFKG6pEPe/?spm_id_from=333.1387.favlist.content.click,8,BV1kFKG6pEPe,【杨博文】夏日运动会《全世界陪我出发》4K直拍,Eternity丨杨博文,2026-07-16 19:13:38,40202.0,4702.0,710.0,2620.0,2323.0,36.0,93.0,2.0,
2026-07-31 19:50:03,bilibili.com/video/BV1M9ePzaELH/?spm_id_from=333.337.search-card.all.click,9,BV1M9ePzaELH,「杨博文｜卡拉永远OK」突发舞台事故？我怎么没看见,Astra_杨博文,2025-08-19 22:15:30,821852.0,14535.0,4652.0,9706.0,10688.0,622.0,536.0,11.0,
2026-07-31 20:00:01,https://www.bilibili.com/video/BV1jN64BKECs/?spm_id_from=333.337.search-card.all.click,0,BV1jN64BKECs,【杨博文｜4K直拍】跟着节奏一起《闭嘴跳舞》～,关键时刻来瓶尖叫,2026-02-01 20:20:32,1427123.0,25855.0,15771.0,22029.0,7052.0,2371.0,7087.0,2.0,
2026-07-31 20:00:01,https://www.bilibili.com/video/BV1Lb6tBBEYC/?spm_id_from=333.1387.favlist.content.click&vd_source=bdf775a036c61c0159ac2f0c251aaeb7,1,BV1Lb6tBBEYC,【4K精剪】闭嘴跳舞 | 杨博文直拍 | 260201,underthepoplar,2026-02-02 00:00:55,345956.0,26730.0,13964.0,18909.0,6427.0,1808.0,3039.0,7.0,
2026-07-31 20:00:01,https://www.bilibili.com/video/BV1mJ64BREZY/?spm_id_from=333.1387.favlist.content.click&vd_source=bdf775a036c61c0159ac2f0c251aaeb7,2,BV1mJ64BREZY,【杨博文】闭嘴跳舞丨当主舞穿上西装就会得到,Kismet丨杨博文,2026-02-01 18:31:00,597777.0,34852.0,3776.0,25158.0,4671.0,442.0,592.0,6.0,
2026-07-31 20:00:01,https://www.bilibili.com/video/BV1XA6nBGEPV/?spm_id_from=333.1387.favlist.content.click,3,BV1XA6nBGEPV,【4K精剪】希区考克 作品152 | 杨博文直拍 | 260131,underthepoplar,2026-02-01 00:23:17,1932986.0,23150.0,21888.0,19616.0,17853.0,3987.0,6859.0,1.0,
2026-07-31 20:00:01,https://www.bilibili.com/video/BV1EGBCBmEo8/?spm_id_from=333.1387.favlist.content.click,4,BV1EGBCBmEo8,【杨博文｜4K高清直拍】魅魔级别的《Manta》舞台，看博文如何一yeah封神,关键时刻来瓶尖叫,2025-12-27 23:15:44,867170.0,12152.0,9513.0,10841.0,12684.0,973.0,2312.0,3.0,
2026-07-31 20:00:01,https://www.bilibili.com/video/BV1A5vkB2E1k/?spm_id_from=333.1387.favlist.content.click,5,BV1A5vkB2E1k,【杨博文】Hey Mama六机位纯舞直拍丨15岁舞台统治者的诞生，四代主舞燃炸全场！,Kismet丨杨博文,2025-12-28 22:28:16,2614903.0,62690.0,43987.0,45398.0,21981.0,13495.0,21052.0,13.0,
2026-07-31 20:00:01,https://www.bilibili.com/video/BV1EQK56xEZk/?spm_id_from=333.1387.favlist.content.click,6,BV1EQK56xEZk,【杨博文｜音乐现场】｜《全世界陪我出发》4K直拍，考核第一的大C位实在太亮眼！,关键时刻来瓶尖叫,2026-07-16 20:29:02,228709.0,9669.0,2717.0,5426.0,5636.0,10091.0,7755.0,14.0,
2026-07-31 20:00:01,https://www.bilibili.com/video/BV1JUK56tEh5/?spm_id_from=333.1387.favlist.content.click,7,BV1JUK56tEh5,【杨博文｜音乐现场】全程舒适！跟着标准答案出发不迷路｜《全世界陪我出发》4k横屏直拍,游园会_杨博文,2026-07-16 20:06:19,153114.0,7175.0,2296.0,3815.0,5069.0,1940.0,1769.0,1.0,
2026-07-31 20:00:01,https://www.bilibili.com/video/BV1kFKG6pEPe/?spm_id_from=333.1387.favlist.content.click,8,BV1kFKG6pEPe,【杨博文】夏日运动会《全世界陪我出发》4K直拍,Eternity丨杨博文,2026-07-16 19:13:38,40207.0,4703.0,710.0,2622.0,2323.0,36.0,93.0,1.0,
2026-07-31 20:00:01,bilibili.com/video/BV1M9ePzaELH/?spm_id_from=333.337.search-card.all.click,9,BV1M9ePzaELH,「杨博文｜卡拉永远OK」突发舞台事故？我怎么没看见,Astra_杨博文,2025-08-19 22:15:30,821883.0,14535.0,4652.0,9706.0,10688.0,622.0,536.0,9.0,
2026-07-31 20:30:00,https://www.bilibili.com/video/BV1jN64BKECs/?spm_id_from=333.337.search-card.all.click,0,BV1jN64BKECs,【杨博文｜4K直拍】跟着节奏一起《闭嘴跳舞》～,关键时刻来瓶尖叫,2026-02-01 20:20:32,1427152.0,25860.0,15771.0,22032.0,7059.0,2371.0,7087.0,3.0,
2026-07-31 20:30:00,https://www.bilibili.com/video/BV1Lb6tBBEYC/?spm_id_from=333.1387.favlist.content.click&vd_source=bdf775a036c61c0159ac2f0c251aaeb7,1,BV1Lb6tBBEYC,【4K精剪】闭嘴跳舞 | 杨博文直拍 | 260201,underthepoplar,2026-02-02 00:00:55,346026.0,26738.0,13966.0,18914.0,6435.0,1808.0,3039.0,6.0,
2026-07-31 20:30:00,https://www.bilibili.com/video/BV1mJ64BREZY/?spm_id_from=333.1387.favlist.content.click&vd_source=bdf775a036c61c0159ac2f0c251aaeb7,2,BV1mJ64BREZY,【杨博文】闭嘴跳舞丨当主舞穿上西装就会得到,Kismet丨杨博文,2026-02-01 18:31:00,597825.0,34852.0,3776.0,25158.0,4679.0,442.0,592.0,6.0,
2026-07-31 20:30:00,https://www.bilibili.com/video/BV1XA6nBGEPV/?spm_id_from=333.1387.favlist.content.click,3,BV1XA6nBGEPV,【4K精剪】希区考克 作品152 | 杨博文直拍 | 260131,underthepoplar,2026-02-01 00:23:17,1933002.0,23151.0,21888.0,19615.0,17860.0,3987.0,6859.0,1.0,
2026-07-31 20:30:00,https://www.bilibili.com/video/BV1EGBCBmEo8/?spm_id_from=333.1387.favlist.content.click,4,BV1EGBCBmEo8,【杨博文｜4K高清直拍】魅魔级别的《Manta》舞台，看博文如何一yeah封神,关键时刻来瓶尖叫,2025-12-27 23:15:44,867324.0,12153.0,9513.0,10844.0,12684.0,973.0,2312.0,3.0,
2026-07-31 20:30:00,https://www.bilibili.com/video/BV1A5vkB2E1k/?spm_id_from=333.1387.favlist.content.click,5,BV1A5vkB2E1k,【杨博文】Hey Mama六机位纯舞直拍丨15岁舞台统治者的诞生，四代主舞燃炸全场！,Kismet丨杨博文,2025-12-28 22:28:16,2615086.0,62694.0,43989.0,45404.0,21988.0,13495.0,21052.0,10.0,
2026-07-31 20:30:00,https://www.bilibili.com/video/BV1EQK56xEZk/?spm_id_from=333.1387.favlist.content.click,6,BV1EQK56xEZk,【杨博文｜音乐现场】｜《全世界陪我出发》4K直拍，考核第一的大C位实在太亮眼！,关键时刻来瓶尖叫,2026-07-16 20:29:02,228922.0,9677.0,2719.0,5433.0,5636.0,10091.0,7755.0,11.0,
2026-07-31 20:30:00,https://www.bilibili.com/video/BV1JUK56tEh5/?spm_id_from=333.1387.favlist.content.click,7,BV1JUK56tEh5,【杨博文｜音乐现场】全程舒适！跟着标准答案出发不迷路｜《全世界陪我出发》4k横屏直拍,游园会_杨博文,2026-07-16 20:06:19,153190.0,7175.0,2296.0,3814.0,5069.0,1940.0,1769.0,1.0,
2026-07-31 20:30:00,https://www.bilibili.com/video/BV1kFKG6pEPe/?spm_id_from=333.1387.favlist.content.click,8,BV1kFKG6pEPe,【杨博文】夏日运动会《全世界陪我出发》4K直拍,Eternity丨杨博文,2026-07-16 19:13:38,40227.0,4709.0,710.0,2623.0,2323.0,36.0,93.0,1.0,
2026-07-31 20:30:00,bilibili.com/video/BV1M9ePzaELH/?spm_id_from=333.337.search-card.all.click,9,BV1M9ePzaELH,「杨博文｜卡拉永远OK」突发舞台事故？我怎么没看见,Astra_杨博文,2025-08-19 22:15:30,821976.0,14536.0,4654.0,9712.0,10688.0,622.0,536.0,8.0,
2026-07-31 21:00:09,https://www.bilibili.com/video/BV1jN64BKECs/?spm_id_from=333.337.search-card.all.click,0,BV1jN64BKECs,【杨博文｜4K直拍】跟着节奏一起《闭嘴跳舞》～,关键时刻来瓶尖叫,2026-02-01 20:20:32,1427179.0,25861.0,15771.0,22033.0,7063.0,2371.0,7087.0,3.0,
2026-07-31 21:00:09,https://www.bilibili.com/video/BV1Lb6tBBEYC/?spm_id_from=333.1387.favlist.content.click&vd_source=bdf775a036c61c0159ac2f0c251aaeb7,1,BV1Lb6tBBEYC,【4K精剪】闭嘴跳舞 | 杨博文直拍 | 260201,underthepoplar,2026-02-02 00:00:55,346099.0,26743.0,13968.0,18920.0,6439.0,1808.0,3039.0,4.0,
2026-07-31 21:00:09,https://www.bilibili.com/video/BV1mJ64BREZY/?spm_id_from=333.1387.favlist.content.click&vd_source=bdf775a036c61c0159ac2f0c251aaeb7,2,BV1mJ64BREZY,【杨博文】闭嘴跳舞丨当主舞穿上西装就会得到,Kismet丨杨博文,2026-02-01 18:31:00,597866.0,34854.0,3776.0,25158.0,4683.0,442.0,592.0,7.0,
2026-07-31 21:00:09,https://www.bilibili.com/video/BV1XA6nBGEPV/?spm_id_from=333.1387.favlist.content.click,3,BV1XA6nBGEPV,【4K精剪】希区考克 作品152 | 杨博文直拍 | 260131,underthepoplar,2026-02-01 00:23:17,1933020.0,23152.0,21890.0,19614.0,17864.0,3987.0,6859.0,1.0,
2026-07-31 21:00:09,https://www.bilibili.com/video/BV1EGBCBmEo8/?spm_id_from=333.1387.favlist.content.click,4,BV1EGBCBmEo8,【杨博文｜4K高清直拍】魅魔级别的《Manta》舞台，看博文如何一yeah封神,关键时刻来瓶尖叫,2025-12-27 23:15:44,867476.0,12153.0,9513.0,10848.0,12684.0,973.0,2312.0,2.0,
2026-07-31 21:00:09,https://www.bilibili.com/video/BV1A5vkB2E1k/?spm_id_from=333.1387.favlist.content.click,5,BV1A5vkB2E1k,【杨博文】Hey Mama六机位纯舞直拍丨15岁舞台统治者的诞生，四代主舞燃炸全场！,Kismet丨杨博文,2025-12-28 22:28:16,2615262.0,62695.0,43991.0,45408.0,21993.0,13495.0,21052.0,7.0,
2026-07-31 21:00:09,https://www.bilibili.com/video/BV1EQK56xEZk/?spm_id_from=333.1387.favlist.content.click,6,BV1EQK56xEZk,【杨博文｜音乐现场】｜《全世界陪我出发》4K直拍，考核第一的大C位实在太亮眼！,关键时刻来瓶尖叫,2026-07-16 20:29:02,229133.0,9685.0,2723.0,5441.0,5636.0,10091.0,7755.0,12.0,
2026-07-31 21:00:09,https://www.bilibili.com/video/BV1JUK56tEh5/?spm_id_from=333.1387.favlist.content.click,7,BV1JUK56tEh5,【杨博文｜音乐现场】全程舒适！跟着标准答案出发不迷路｜《全世界陪我出发》4k横屏直拍,游园会_杨博文,2026-07-16 20:06:19,153265.0,7176.0,2296.0,3814.0,5069.0,1940.0,1769.0,1.0,
2026-07-31 21:00:09,https://www.bilibili.com/video/BV1kFKG6pEPe/?spm_id_from=333.1387.favlist.content.click,8,BV1kFKG6pEPe,【杨博文】夏日运动会《全世界陪我出发》4K直拍,Eternity丨杨博文,2026-07-16 19:13:38,40236.0,4710.0,710.0,2626.0,2323.0,36.0,93.0,1.0,
2026-07-31 21:00:09,bilibili.com/video/BV1M9ePzaELH/?spm_id_from=333.337.search-card.all.click,9,BV1M9ePzaELH,「杨博文｜卡拉永远OK」突发舞台事故？我怎么没看见,Astra_杨博文,2025-08-19 22:15:30,822055.0,14536.0,4654.0,9715.0,10688.0,622.0,536.0,5.0,
2026-07-31 21:30:07,https://www.bilibili.com/video/BV1jN64BKECs/?spm_id_from=333.337.search-card.all.click,0,BV1jN64BKECs,【杨博文｜4K直拍】跟着节奏一起《闭嘴跳舞》～,关键时刻来瓶尖叫,2026-02-01 20:20:32,1427210.0,25864.0,15771.0,22033.0,7071.0,2371.0,7087.0,3.0,
2026-07-31 21:30:07,https://www.bilibili.com/video/BV1Lb6tBBEYC/?spm_id_from=333.1387.favlist.content.click&vd_source=bdf775a036c61c0159ac2f0c251aaeb7,1,BV1Lb6tBBEYC,【4K精剪】闭嘴跳舞 | 杨博文直拍 | 260201,underthepoplar,2026-02-02 00:00:55,346164.0,26748.0,13970.0,18921.0,6442.0,1808.0,3039.0,2.0,
2026-07-31 21:30:07,https://www.bilibili.com/video/BV1mJ64BREZY/?spm_id_from=333.1387.favlist.content.click&vd_source=bdf775a036c61c0159ac2f0c251aaeb7,2,BV1mJ64BREZY,【杨博文】闭嘴跳舞丨当主舞穿上西装就会得到,Kismet丨杨博文,2026-02-01 18:31:00,597915.0,34854.0,3776.0,25158.0,4686.0,442.0,592.0,2.0,
2026-07-31 21:30:07,https://www.bilibili.com/video/BV1XA6nBGEPV/?spm_id_from=333.1387.favlist.content.click,3,BV1XA6nBGEPV,【4K精剪】希区考克 作品152 | 杨博文直拍 | 260131,underthepoplar,2026-02-01 00:23:17,1933036.0,23152.0,21890.0,19614.0,17869.0,3987.0,6859.0,1.0,
2026-07-31 21:30:07,https://www.bilibili.com/video/BV1EGBCBmEo8/?spm_id_from=333.1387.favlist.content.click,4,BV1EGBCBmEo8,【杨博文｜4K高清直拍】魅魔级别的《Manta》舞台，看博文如何一yeah封神,关键时刻来瓶尖叫,2025-12-27 23:15:44,867625.0,12155.0,9513.0,10851.0,12684.0,973.0,2312.0,3.0,
2026-07-31 21:30:07,https://www.bilibili.com/video/BV1A5vkB2E1k/?spm_id_from=333.1387.favlist.content.click,5,BV1A5vkB2E1k,【杨博文】Hey Mama六机位纯舞直拍丨15岁舞台统治者的诞生，四代主舞燃炸全场！,Kismet丨杨博文,2025-12-28 22:28:16,2615442.0,62699.0,43991.0,45412.0,22000.0,13495.0,21052.0,7.0,
2026-07-31 21:30:07,https://www.bilibili.com/video/BV1EQK56xEZk/?spm_id_from=333.1387.favlist.content.click,6,BV1EQK56xEZk,【杨博文｜音乐现场】｜《全世界陪我出发》4K直拍，考核第一的大C位实在太亮眼！,关键时刻来瓶尖叫,2026-07-16 20:29:02,229339.0,9697.0,2727.0,5450.0,5636.0,10091.0,7755.0,13.0,
2026-07-31 21:30:07,https://www.bilibili.com/video/BV1JUK56tEh5/?spm_id_from=333.1387.favlist.content.click,7,BV1JUK56tEh5,【杨博文｜音乐现场】全程舒适！跟着标准答案出发不迷路｜《全世界陪我出发》4k横屏直拍,游园会_杨博文,2026-07-16 20:06:19,153334.0,7182.0,2298.0,3814.0,5069.0,1940.0,1769.0,1.0,
2026-07-31 21:30:07,https://www.bilibili.com/video/BV1kFKG6pEPe/?spm_id_from=333.1387.favlist.content.click,8,BV1kFKG6pEPe,【杨博文】夏日运动会《全世界陪我出发》4K直拍,Eternity丨杨博文,2026-07-16 19:13:38,40252.0,4716.0,711.0,2627.0,2323.0,36.0,93.0,1.0,
2026-07-31 21:30:07,bilibili.com/video/BV1M9ePzaELH/?spm_id_from=333.337.search-card.all.click,9,BV1M9ePzaELH,「杨博文｜卡拉永远OK」突发舞台事故？我怎么没看见,Astra_杨博文,2025-08-19 22:15:30,822134.0,14537.0,4654.0,9723.0,10688.0,622.0,536.0,6.0,
2026-07-31 22:00:05,https://www.bilibili.com/video/BV1jN64BKECs/?spm_id_from=333.337.search-card.all.click,0,BV1jN64BKECs,【杨博文｜4K直拍】跟着节奏一起《闭嘴跳舞》～,关键时刻来瓶尖叫,2026-02-01 20:20:32,1427241.0,25866.0,15771.0,22034.0,7081.0,2371.0,7087.0,4.0,
2026-07-31 22:00:05,https://www.bilibili.com/video/BV1Lb6tBBEYC/?spm_id_from=333.1387.favlist.content.click&vd_source=bdf775a036c61c0159ac2f0c251aaeb7,1,BV1Lb6tBBEYC,【4K精剪】闭嘴跳舞 | 杨博文直拍 | 260201,underthepoplar,2026-02-02 00:00:55,346242.0,26753.0,13970.0,18925.0,6453.0,1808.0,3040.0,2.0,
2026-07-31 22:00:05,https://www.bilibili.com/video/BV1mJ64BREZY/?spm_id_from=333.1387.favlist.content.click&vd_source=bdf775a036c61c0159ac2f0c251aaeb7,2,BV1mJ64BREZY,【杨博文】闭嘴跳舞丨当主舞穿上西装就会得到,Kismet丨杨博文,2026-02-01 18:31:00,597962.0,34854.0,3776.0,25158.0,4697.0,442.0,592.0,10.0,
2026-07-31 22:00:05,https://www.bilibili.com/video/BV1XA6nBGEPV/?spm_id_from=333.1387.favlist.content.click,3,BV1XA6nBGEPV,【4K精剪】希区考克 作品152 | 杨博文直拍 | 260131,underthepoplar,2026-02-01 00:23:17,1933049.0,23152.0,21890.0,19613.0,17879.0,3987.0,6859.0,1.0,
2026-07-31 22:00:05,https://www.bilibili.com/video/BV1EGBCBmEo8/?spm_id_from=333.1387.favlist.content.click,4,BV1EGBCBmEo8,【杨博文｜4K高清直拍】魅魔级别的《Manta》舞台，看博文如何一yeah封神,关键时刻来瓶尖叫,2025-12-27 23:15:44,867759.0,12155.0,9513.0,10857.0,12684.0,973.0,2312.0,6.0,
2026-07-31 22:00:05,https://www.bilibili.com/video/BV1A5vkB2E1k/?spm_id_from=333.1387.favlist.content.click,5,BV1A5vkB2E1k,【杨博文】Hey Mama六机位纯舞直拍丨15岁舞台统治者的诞生，四代主舞燃炸全场！,Kismet丨杨博文,2025-12-28 22:28:16,2615606.0,62703.0,43993.0,45416.0,22010.0,13495.0,21052.0,10.0,
2026-07-31 22:00:05,https://www.bilibili.com/video/BV1EQK56xEZk/?spm_id_from=333.1387.favlist.content.click,6,BV1EQK56xEZk,【杨博文｜音乐现场】｜《全世界陪我出发》4K直拍，考核第一的大C位实在太亮眼！,关键时刻来瓶尖叫,2026-07-16 20:29:02,229544.0,9711.0,2729.0,5458.0,5637.0,10091.0,7755.0,14.0,
2026-07-31 22:00:05,https://www.bilibili.com/video/BV1JUK56tEh5/?spm_id_from=333.1387.favlist.content.click,7,BV1JUK56tEh5,【杨博文｜音乐现场】全程舒适！跟着标准答案出发不迷路｜《全世界陪我出发》4k横屏直拍,游园会_杨博文,2026-07-16 20:06:19,153394.0,7183.0,2298.0,3815.0,5069.0,1940.0,1769.0,1.0,
2026-07-31 22:00:05,https://www.bilibili.com/video/BV1kFKG6pEPe/?spm_id_from=333.1387.favlist.content.click,8,BV1kFKG6pEPe,【杨博文】夏日运动会《全世界陪我出发》4K直拍,Eternity丨杨博文,2026-07-16 19:13:38,40261.0,4720.0,711.0,2628.0,2323.0,36.0,93.0,1.0,
2026-07-31 22:00:05,bilibili.com/video/BV1M9ePzaELH/?spm_id_from=333.337.search-card.all.click,9,BV1M9ePzaELH,「杨博文｜卡拉永远OK」突发舞台事故？我怎么没看见,Astra_杨博文,2025-08-19 22:15:30,822224.0,14537.0,4654.0,9731.0,10688.0,622.0,536.0,9.0,
2026-07-31 22:00:05,BV1gx316VEoZ,10,BV1gx316VEoZ,自测,你吃不吃蛋挞-Y,2026-07-29 19:15:14,0.0,0.0,0.0,0.0,0.0,0.0,0.0,1.0,
2026-07-31 22:00:05,BV1UG3x6JEho,11,BV1UG3x6JEho,0801-0803自测勿点1,你做咩吖咩,2026-07-30 12:20:31,2.0,0.0,0.0,0.0,0.0,0.0,0.0,1.0,
2026-07-31 22:00:05,BV1ku3463EPp,13,BV1ku3463EPp,自测勿点,总有一天找到你,2026-07-30 20:11:56,12.0,0.0,0.0,1.0,0.0,0.0,0.0,1.0,
2026-07-31 22:00:05,BV1WN3b6QEfh,14,BV1WN3b6QEfh,？,玳瑁大魔王,2026-07-30 22:47:52,249.0,2.0,0.0,0.0,0.0,0.0,0.0,1.0,
2026-07-31 22:00:05,BV1EEFSzWE7Y,15,BV1EEFSzWE7Y,2.10自测视频不要点谢谢！,燃烧浮生哦改哦拖,2026-02-10 15:49:42,126.0,0.0,0.0,1.0,0.0,0.0,0.0,1.0,
2026-07-31 22:00:05,BV12sGP6REe7,16,BV12sGP6REe7,7.31 不是 自测不要点,不是高手_,2026-07-31 21:18:21,1.0,0.0,0.0,0.0,0.0,0.0,0.0,1.0,
2026-07-31 22:00:05,BV1g33t6fE9w,17,BV1g33t6fE9w,自测3（勿点）,低能量地活着,2026-07-30 16:07:34,2.0,0.0,0.0,1.0,0.0,0.0,0.0,1.0,
2026-07-31 22:00:05,BV1zv3x6eEup,18,BV1zv3x6eEup,自测,lala懒懒新新,2026-07-30 11:15:20,57.0,0.0,0.0,1.0,0.0,0.0,0.0,1.0,
2026-07-31 22:00:05,BV1fC3n6XE69,19,BV1fC3n6XE69,自测，请勿点击,crown2025,2026-07-29 21:46:27,15.0,0.0,0.0,1.0,0.0,0.0,0.0,1.0,
2026-07-31 22:00:05,BV1XdGP6eEzT,20,BV1XdGP6eEzT,自测请勿点击,风枷锁,2026-07-31 21:01:16,2.0,0.0,0.0,1.0,0.0,0.0,0.0,1.0,
2026-07-31 22:00:05,BV17EGc6AEVT,21,BV17EGc6AEVT,7.30自测,契樱超甜,2026-07-31 13:13:21,76.0,0.0,0.0,1.0,0.0,0.0,0.0,1.0,
2026-07-31 22:00:05,BV1R7316mEcy,22,BV1R7316mEcy,我困了•自测勿点,琦_羊,2026-07-29 21:59:00,0.0,0.0,0.0,1.0,0.0,0.0,0.0,1.0,
2026-07-31 22:00:05,BV1seNB6wEPh,23,BV1seNB6wEPh,自测视频，请勿点击！,爱意再次来袭,2026-07-16 00:06:20,7.0,23.0,0.0,1.0,0.0,0.0,0.0,1.0,
2026-07-31 22:00:05,BV1BJ3b6GECG,24,BV1BJ3b6GECG,自测,啵啵冬Y,2026-07-30 23:14:49,0.0,0.0,0.0,0.0,0.0,0.0,0.0,1.0,
2026-07-31 22:00:05,BV17F3t6TE7b,26,BV17F3t6TE7b,自测请勿点击,加菲走猫步,2026-07-30 17:50:23,42.0,0.0,0.0,0.0,0.0,0.0,0.0,1.0,
2026-07-31 22:00:05,BV17EGc6AEip,27,BV17EGc6AEip,7.30自测,我要薯啦awa,2026-07-31 13:14:17,1.0,0.0,0.0,0.0,0.0,0.0,0.0,1.0,
2026-07-31 22:00:05,BV1EnGA66EK3,28,BV1EnGA66EK3,自测视频【误点】,京城有个贝斯手,2026-07-31 16:36:59,1.0,0.0,0.0,0.0,0.0,0.0,0.0,1.0,
2026-07-31 22:00:05,BV1hm3x6xE8F,29,BV1hm3x6xE8F,【bbbbbb8330】我的最新作品，快来一睹为快！,bbbbbb8330,2026-07-30 11:49:13,29.0,0.0,0.0,1.0,0.0,0.0,0.0,1.0,
2026-07-31 22:00:05,BV1CF316FEGk,30,BV1CF316FEGk,自测勿进,Xisooay,2026-07-29 22:27:23,15.0,0.0,0.0,1.0,0.0,0.0,0.0,1.0,
2026-07-31 22:00:05,BV1BJGA6gEX5,31,BV1BJGA6gEX5,噔噔噔噔噔噔噔,芋泥牛奶吐司,2026-07-31 16:40:33,42.0,0.0,0.0,2.0,0.0,0.0,0.0,1.0,
2026-07-31 22:00:05,BV1mL3x67E6s,32,BV1mL3x67E6s,勿进。测试！pc端cdy,cannndy_,2026-07-30 12:24:46,1.0,0.0,0.0,1.0,0.0,0.0,0.0,1.0,
2026-07-31 22:00:05,BV1i3316QEi4,33,BV1i3316QEi4,自测勿点,就吃一根薯条蘸茄汁,2026-07-29 21:03:16,9.0,0.0,0.0,1.0,0.0,0.0,0.0,1.0,
2026-07-31 22:00:05,BV1oq3x6AExN,34,BV1oq3x6AExN,自测视频1.0,咬一口北北脸颊肉,2026-07-30 11:11:33,4.0,1.0,0.0,0.0,0.0,0.0,0.0,1.0,
2026-07-31 22:00:05,BV1mMNt6uEep,35,BV1mMNt6uEep,自测7.14,刘海打歪了,2026-07-14 22:03:29,1.0,13.0,0.0,0.0,0.0,0.0,0.0,1.0,
2026-07-31 22:00:05,BV1JnGA6zEKd,36,BV1JnGA6zEKd,自测 勿点1,羊只波纹兔_yy,2026-07-31 16:36:14,2.0,0.0,0.0,1.0,0.0,0.0,0.0,1.0,
2026-07-31 22:00:05,BV1GT5v6xEDT,37,BV1GT5v6xEDT,【玖儿糖糖】最新视频上线，求关注！,玖儿糖糖,2026-05-15 17:52:26,5.0,2.0,0.0,1.0,0.0,0.0,0.0,1.0,
2026-07-31 22:00:05,BV1RQ3n67Err,38,BV1RQ3n67Err,自测视频 请勿点开,嘟嘟DuduOvo,2026-07-29 22:39:48,2.0,0.0,0.0,1.0,0.0,0.0,0.0,1.0,
2026-07-31 22:00:05,BV1K23b69EFY,39,BV1K23b69EFY,自测勿点1,枝刊续__,2026-07-30 20:33:15,162.0,1.0,0.0,1.0,0.0,0.0,0.0,1.0,
2026-07-31 22:00:05,BV19F3W6SEvK,40,BV19F3W6SEvK,自测勿入,太阳很大不要鼠,2026-07-30 10:46:35,11.0,0.0,0.0,1.0,0.0,0.0,0.0,1.0,
2026-07-31 22:00:05,BV12J3t6pEtx,41,BV12J3t6pEtx,第一阶段自测,这个名字真的很难想,2026-07-30 17:39:10,4.0,0.0,0.0,1.0,0.0,0.0,0.0,1.0,
2026-07-31 22:00:05,BV1ef316SEGT,43,BV1ef316SEGT,超级自测,小小littlesheep,2026-07-29 19:07:58,4.0,0.0,0.0,1.0,0.0,0.0,0.0,1.0,
2026-07-31 22:00:05,BV1AQGA6EEZw,44,BV1AQGA6EEZw,自测用勿点击,堆满柠檬的鸟巢,2026-07-31 15:11:58,4.0,0.0,0.0,1.0,0.0,0.0,0.0,1.0,
2026-07-31 22:00:05,BV1nj3b65EhY,45,BV1nj3b65EhY,自用误入1,wuli沉浸式D,2026-07-30 23:07:41,80.0,2.0,0.0,1.0,0.0,0.0,0.0,1.0,
2026-07-31 22:00:05,BV1jT386gEJW,47,BV1jT386gEJW,自测勿点1,小羊下雨问妖,2026-07-30 21:05:41,11.0,1.0,0.0,1.0,0.0,0.0,0.0,1.0,
2026-07-31 22:00:05,BV1Qr4y157Y4,48,BV1Qr4y157Y4,只是做任务,nicoicc,2022-08-06 13:18:05,98.0,5.0,0.0,1.0,0.0,1.0,0.0,1.0,
2026-07-31 22:00:05,BV1Ua316MENn,49,BV1Ua316MENn,自测 请勿点击,杨博文小漂亮,2026-07-29 20:03:49,17.0,1.0,0.0,1.0,0.0,0.0,0.0,1.0,
2026-07-31 22:00:05,BV1QRGw64E2r,50,BV1QRGw64E2r,自测,加贝061,2026-07-31 17:49:24,3.0,0.0,0.0,1.0,0.0,0.0,0.0,1.0,
2026-07-31 22:00:05,BV1sB316PEE2,51,BV1sB316PEE2,7.31-8.3自测,我素质低你让让我,2026-07-29 19:49:17,150.0,0.0,0.0,1.0,0.0,0.0,0.0,1.0,
2026-07-31 22:00:05,BV1Bg316pE2m,52,BV1Bg316pE2m,自测请勿点击,obsession-202,2026-07-29 21:27:37,23.0,0.0,0.0,1.0,0.0,0.0,0.0,1.0,
2026-07-31 22:00:05,BV1U9KV6KEN5,53,BV1U9KV6KEN5,自测勿点,杨語文歌,2026-07-16 22:39:00,167.0,12.0,0.0,1.0,0.0,0.0,0.0,1.0,
2026-07-31 22:00:05,BV1PQ3b6nEVG,54,BV1PQ3b6nEVG,博丝自测，勿点谢谢1.0,bili_53292940566,2026-07-30 20:19:46,12.0,0.0,0.0,2.0,0.0,0.0,0.0,1.0,
2026-07-31 22:00:05,BV1RkGF6oEFv,55,BV1RkGF6oEFv,自测1勿点-第一赛段,丨失眠数羊丨,2026-07-31 13:26:07,1.0,2.0,0.0,1.0,0.0,0.0,0.0,1.0,
2026-07-31 22:00:05,BV1UNGN6tEmj,56,BV1UNGN6tEmj,自测请勿点击,风枷锁,2026-07-31 20:53:23,1.0,0.0,0.0,1.0,0.0,0.0,0.0,1.0,
2026-07-31 22:00:05,BV1EnGA6zEqH,58,BV1EnGA6zEqH,自測 勿點1,梓序未央_AxSeq,2026-07-31 16:36:58,3.0,0.0,0.0,1.0,0.0,0.0,0.0,1.0,
2026-07-31 22:00:05,BV1vUGP6uE2W,59,BV1vUGP6uE2W,波纹测试视频7.31,机智豆好鸡汁,2026-07-31 20:16:09,16.0,0.0,0.0,1.0,0.0,0.0,0.0,1.0,
2026-07-31 22:00:05,BV1XdGP6eE6K,60,BV1XdGP6eE6K,自测请勿点击,风枷锁,2026-07-31 21:00:08,1.0,0.0,0.0,1.0,0.0,0.0,0.0,1.0,
2026-07-31 22:00:05,BV1ipGc68EUC,61,BV1ipGc68EUC,自测视频勿点,新用户080913,2026-07-31 12:57:28,61.0,0.0,0.0,1.0,0.0,0.0,0.0,1.0,
2026-07-31 22:00:05,BV1Tk3b64EA2,62,BV1Tk3b64EA2,自测勿点,怪盗乌哩哩,2026-07-30 22:13:24,118.0,1.0,0.0,0.0,0.0,0.0,0.0,1.0,
2026-07-31 22:00:05,BV1wR3b6EEvB,63,BV1wR3b6EEvB,自测2，自用,梦汐MX,2026-07-30 20:30:28,25.0,1.0,0.0,1.0,0.0,0.0,0.0,1.0,
2026-07-31 22:00:05,BV1eF3x6bEZY,64,BV1eF3x6bEZY,自测勿点,牛肉干爹,2026-07-30 14:00:28,115.0,2.0,0.0,1.0,0.0,1.0,0.0,1.0,
2026-07-31 22:00:05,BV1fS3p64EqR,65,BV1fS3p64EqR,自测勿点,dd鱿鱼须,2026-07-30 10:58:30,10.0,0.0,0.0,1.0,0.0,0.0,0.0,1.0,
2026-07-31 22:00:05,BV1Qm3x6xEvj,66,BV1Qm3x6xEvj,自测勿进,A鸡蛋批发商,2026-07-30 11:49:19,206.0,3.0,0.0,2.0,0.0,0.0,0.0,1.0,
2026-07-31 22:00:05,BV1xa3n6wESf,67,BV1xa3n6wESf,自测视频｜自用勿点,Solbudglow,2026-07-29 23:26:09,5.0,0.0,0.0,1.0,0.0,0.0,0.0,1.0,
2026-07-31 22:00:05,BV1ug3x6QEU5,68,BV1ug3x6QEU5,第一阶段3 听视频 勿动勿点,桧云渺,2026-07-30 12:22:56,2.0,0.0,0.0,1.0,0.0,0.0,0.0,1.0,
2026-07-31 22:00:05,BV1AQGA6EEWX,69,BV1AQGA6EEWX,自测，勿点,啵啵博文酱,2026-07-31 15:13:26,3.0,0.0,0.0,1.0,0.0,0.0,0.0,1.0,
2026-07-31 22:00:05,BV15s346cEVW,70,BV15s346cEVW,自测请勿点击,长在红旗下好青年,2026-07-30 18:06:00,6.0,0.0,0.0,0.0,0.0,0.0,0.0,1.0,
2026-07-31 22:00:05,BV19o3p6QExT,71,BV19o3p6QExT,自测视频勿入,嘎贝大王万万岁,2026-07-30 10:36:49,148.0,2.0,0.0,1.0,0.0,0.0,0.0,1.0,
2026-07-31 22:00:05,BV1ygGA6jEsw,72,BV1ygGA6jEsw,自测，勿点2,幸福的bowen,2026-07-31 15:40:19,1.0,0.0,0.0,1.0,0.0,0.0,0.0,1.0,
2026-07-31 22:00:05,BV1dT386uEX9,73,BV1dT386uEX9,自测1勿点,很爱学习的华夫饼,2026-07-30 21:02:19,130.0,0.0,0.0,1.0,0.0,0.0,0.0,1.0,
2026-07-31 22:00:05,BV1Rr3x68Eto,74,BV1Rr3x68Eto,第一阶段自测2 勿动勿点,书源不打烊ov2,2026-07-30 12:05:10,3.0,0.0,0.0,1.0,0.0,0.0,0.0,1.0,
2026-07-31 22:00:05,BV1EEGc6AEB1,75,BV1EEGc6AEB1,自测，勿点1,小妍love妮,2026-07-31 13:10:05,1.0,0.0,0.0,1.0,0.0,0.0,0.0,1.0,
2026-07-31 22:00:05,BV1hp3165Eq7,76,BV1hp3165Eq7,自测，勿点！,Insist愛,2026-07-29 19:38:40,3.0,0.0,0.0,1.0,0.0,0.0,0.0,1.0,
2026-07-31 22:00:05,BV1Eq3x6PEwg,77,BV1Eq3x6PEwg,自测,哈哈哈哈哈11_,2026-07-30 11:08:49,30.0,0.0,0.0,1.0,0.0,0.0,0.0,1.0,
2026-07-31 22:00:05,BV16vGw6gEEo,78,BV16vGw6gEEo,自测,摩西摩托,2026-07-31 18:29:30,1.0,0.0,0.0,0.0,0.0,0.0,0.0,1.0,
2026-07-31 22:00:05,BV1d3316QERP,79,BV1d3316QERP,自测视频1,呆羊精得很,2026-07-29 21:01:11,3.0,0.0,0.0,0.0,1.0,0.0,0.0,1.0,
2026-07-31 22:00:05,BV1Su3x6HE9g,80,BV1Su3x6HE9g,自测 勿点1,满目霖郎,2026-07-30 12:44:48,17.0,0.0,0.0,1.0,0.0,0.0,0.0,1.0,
2026-07-31 22:00:05,BV18z3b6bE71,81,BV18z3b6bE71,自测视频-1,么么北北mmbb,2026-07-30 22:01:50,128.0,2.0,0.0,1.0,0.0,0.0,0.0,1.0,
2026-07-31 22:00:05,BV1cg346rEVx,82,BV1cg346rEVx,粉海,zmmxi,2026-07-30 20:08:09,9.0,0.0,0.0,0.0,0.0,0.0,0.0,1.0,
2026-07-31 22:00:05,BV1Xm3x6xEFo,83,BV1Xm3x6xEFo,自测勿进,寿喜丸子锅,2026-07-30 11:49:45,52.0,1.0,0.0,2.0,0.0,0.0,0.0,1.0,
2026-07-31 22:00:05,BV11P3b6pEyQ,84,BV11P3b6pEyQ,自测路人勿入,语柒词,2026-07-30 22:32:04,110.0,0.0,0.0,1.0,0.0,0.0,0.0,1.0,
2026-07-31 22:00:05,BV1mf3t6dE7b,85,BV1mf3t6dE7b,自测请勿点击,桃那个夭,2026-07-30 23:02:31,2.0,0.0,0.0,1.0,0.0,0.0,0.0,1.0,
2026-07-31 22:00:05,BV1pd3J6dE9x,86,BV1pd3J6dE9x,自测误点,只加冰__,2026-07-29 23:54:51,1.0,0.0,0.0,1.0,0.0,0.0,0.0,1.0,
2026-07-31 22:00:05,BV1VYNv6KEHa,87,BV1VYNv6KEHa,自测,是小文文ya,2026-07-15 14:21:13,455.0,14.0,0.0,1.0,0.0,0.0,0.0,1.0,
2026-07-31 22:00:05,BV1ZTKY6MEKB,88,BV1ZTKY6MEKB,自测别点,芋泥脑袋x,2026-07-22 00:01:37,137.0,18.0,0.0,1.0,0.0,0.0,0.0,1.0,
2026-07-31 22:00:05,BV1z23n6QEwm,89,BV1z23n6QEwm,自测视频 不要点开,61小幺妹,2026-07-29 22:29:25,1.0,1.0,0.0,1.0,0.0,0.0,0.0,1.0,
2026-07-31 22:00:05,BV1qqGF6cEXJ,90,BV1qqGF6cEXJ,自测2勿点-第一赛段,丨失眠数羊丨,2026-07-31 13:40:31,4.0,0.0,0.0,1.0,0.0,0.0,0.0,1.0,
2026-07-31 22:00:05,BV1eDGw6FEb3,91,BV1eDGw6FEb3,自测 勿点1,稚恋狗酱_,2026-07-31 16:51:52,1.0,0.0,0.0,1.0,0.0,0.0,0.0,1.0,
2026-07-31 22:00:05,BV1D33t6ZEcE,92,BV1D33t6ZEcE,自测2（勿点）,低能量地活着,2026-07-30 16:07:35,4.0,0.0,0.0,1.0,0.0,0.0,0.0,1.0,
2026-07-31 22:00:05,BV1hW316CE2T,93,BV1hW316CE2T,自测 勿点 7.31-8.3,妈粉来自Slytherin,2026-07-29 19:21:34,1.0,0.0,0.0,1.0,0.0,0.0,0.0,1.0,
2026-07-31 22:00:05,BV1GF3W6DEBc,94,BV1GF3W6DEBc,自测 勿点！！,源琳-,2026-07-30 10:44:29,10.0,0.0,0.0,1.0,0.0,0.0,0.0,1.0,
2026-07-31 22:00:05,BV18U3x6RESK,95,BV18U3x6RESK,【M雨梦】最新视频已上线，快来围观！,M雨梦,2026-07-30 11:45:25,27.0,0.0,0.0,1.0,0.0,0.0,0.0,1.0,
2026-07-31 22:00:05,BV1yB316PECF,96,BV1yB316PECF,7.31-8.3自测2,我素质低你让让我,2026-07-29 19:50:14,75.0,0.0,0.0,1.0,0.0,0.0,0.0,1.0,
2026-07-31 22:00:05,BV1J63n6dEUw,97,BV1J63n6dEUw,自测（勿点）,楊小咩_sheep,2026-07-29 21:35:56,0.0,0.0,0.0,0.0,0.0,0.0,0.0,1.0,
2026-07-31 22:00:05,BV1Y13x6oEEC,98,BV1Y13x6oEEC,第一阶段自测1 勿动勿点,周洲舟ov,2026-07-30 12:08:32,2.0,0.0,0.0,1.0,0.0,0.0,0.0,1.0,
2026-07-31 22:00:05,BV1qCGP6kEX5,99,BV1qCGP6kEX5,自测自测,Corgiibo,2026-07-31 20:26:39,2.0,0.0,0.0,1.0,0.0,0.0,0.0,1.0,
2026-07-31 22:00:05,BV16kGP6VEPS,100,BV16kGP6VEPS,自测 勿点,zoz-iii,2026-07-31 20:33:13,1.0,0.0,0.0,1.0,0.0,0.0,0.0,1.0,
2026-07-31 22:00:05,BV1L2GP6zEDd,101,BV1L2GP6zEDd,自测视频勿点,烊不源,2026-07-31 20:37:37,1.0,0.0,0.0,0.0,0.0,0.0,0.0,1.0,
2026-07-31 22:00:05,BV1Y1GF6REak,102,BV1Y1GF6REak,7.31自测，勿入！,蕴璞,2026-07-31 13:37:15,3.0,0.0,0.0,0.0,0.0,0.0,0.0,1.0,
2026-07-31 22:00:05,BV1UG3x6JEtV,103,BV1UG3x6JEtV,mmm赛段自测01,MadMadMe,2026-07-30 12:18:37,2.0,0.0,0.0,1.0,0.0,0.0,0.0,1.0,
2026-07-31 22:00:05,BV1sD3J6FER8,104,BV1sD3J6FER8,自测视频 禁止点击,羊村常住村民,2026-07-30 00:13:00,111.0,1.0,0.0,0.0,0.0,0.0,0.0,1.0,
2026-07-31 22:00:05,BV11qz4BJESa,105,BV11qz4BJESa,三点,ktmmt91,2026-01-26 03:54:41,204.0,1.0,0.0,2.0,0.0,0.0,0.0,1.0,
2026-07-31 22:00:05,BV1Du3x6HEs4,106,BV1Du3x6HEs4,肆意自测别点,肆意再现,2026-07-30 12:45:59,0.0,0.0,0.0,0.0,0.0,0.0,0.0,1.0,
2026-07-31 22:00:05,BV1GY3b6YEgN,107,BV1GY3b6YEgN,自测，勿点1,你爱喝果粒橙么,2026-07-30 22:19:49,13.0,1.0,0.0,1.0,0.0,0.0,0.0,1.0,
2026-07-31 22:00:05,BV1ef316SECU,108,BV1ef316SECU,【玖玖糖糖】最新视频上线，求关注！,玖玖糖糖,2026-07-29 19:26:11,20.0,0.0,0.0,1.0,0.0,0.0,0.0,1.0,
2026-07-31 22:00:05,BV1YUGw6hEqX,110,BV1YUGw6hEqX,自测视频1,顺只小摩尔__,2026-07-31 17:00:18,2.0,0.0,0.0,1.0,0.0,0.0,0.0,1.0,
2026-07-31 22:00:05,BV14nGw6DEa7,111,BV14nGw6DEa7,自测勿点1,咩巴啦噜,2026-07-31 18:00:28,7.0,1.0,0.0,1.0,0.0,1.0,0.0,1.0,
2026-07-31 22:00:05,BV16N316dER1,112,BV16N316dER1,【玖玖糖糖糖】最新视频来袭，快来看看吧！,玖玖糖糖糖,2026-07-29 21:22:29,13.0,0.0,0.0,0.0,0.0,0.0,0.0,1.0,
2026-07-31 22:00:05,BV1vSGP6BE82,113,BV1vSGP6BE82,自测勿点7.31-8.3,羊崽甜思思_,2026-07-31 20:11:15,1.0,0.0,0.0,1.0,0.0,0.0,0.0,1.0,
2026-07-31 22:00:05,BV1qD3a6mEAN,114,BV1qD3a6mEAN,自测勿点,ppdd-_,2026-07-31 07:21:42,18.0,0.0,0.0,1.0,0.0,0.0,0.0,1.0,
2026-07-31 22:00:05,BV1yH3x6VETZ,115,BV1yH3x6VETZ,自测视频，勿点一一一,dddddash6,2026-07-30 13:19:40,86.0,0.0,0.0,0.0,0.0,0.0,0.0,1.0,
2026-07-31 22:00:05,BV1Vh3h6kES4,116,BV1Vh3h6kES4,自测勿点,huixuan128,2026-07-31 00:50:54,50.0,0.0,0.0,1.0,0.0,0.0,0.0,1.0,
2026-07-31 22:00:05,BV1w63p6eENE,117,BV1w63p6eENE,自测勿点,不同CD,2026-07-30 10:33:21,19.0,1.0,0.0,1.0,0.0,0.0,0.0,1.0,
2026-07-31 22:00:05,BV15d3p6WEsc,118,BV15d3p6WEsc,自测 勿点‼️‼️‼️,椿芽榴莲,2026-07-30 10:41:29,6.0,0.0,0.0,0.0,0.0,0.0,0.0,1.0,
2026-07-31 22:00:05,BV1nSK56oEwv,119,BV1nSK56oEwv,自测,Oopsoooh,2026-07-16 20:18:14,358.0,16.0,0.0,1.0,0.0,0.0,0.0,1.0,
2026-07-31 22:00:05,BV1yB316PEU5,120,BV1yB316PEU5,7.31-8.3自测3,我素质低你让让我,2026-07-29 19:50:20,102.0,0.0,0.0,1.0,0.0,0.0,0.0,1.0,
2026-07-31 22:00:05,BV1jt3h6yEjW,121,BV1jt3h6yEjW,自测视频勿点,sherry银河系,2026-07-31 01:15:45,13.0,1.0,0.0,1.0,0.0,0.0,0.0,1.0,
2026-07-31 22:00:05,BV1wQ346kET4,122,BV1wQ346kET4,自测勿点1,潇潇暮晚吟,2026-07-30 17:06:15,3.0,0.0,0.0,1.0,0.0,0.0,0.0,1.0,
2026-07-31 22:00:05,BV1zHGN62EaP,123,BV1zHGN62EaP,自测视频 勿点1,苓且,2026-07-31 20:05:57,1.0,0.0,0.0,1.0,0.0,0.0,0.0,1.0,
2026-07-31 22:00:05,BV1BqGF6cEXT,124,BV1BqGF6cEXT,自测，勿点1,落叶眠烟,2026-07-31 13:41:36,3.0,0.0,0.0,1.0,0.0,0.0,0.0,1.0,
2026-07-31 22:00:05,BV1Vb3b6KEj6,125,BV1Vb3b6KEj6,自测1.0折杏春版,折杏春,2026-07-30 21:26:27,2.0,0.0,0.0,0.0,0.0,0.0,0.0,1.0,
2026-07-31 22:00:05,BV1YZGP6AEud,126,BV1YZGP6AEud,7.31至3日自测不要点,方圆几里里里里,2026-07-31 21:13:50,2.0,0.0,0.0,1.0,0.0,0.0,0.0,1.0,
2026-07-31 22:00:05,BV14U3J6hEEh,127,BV14U3J6hEEh,自测视频 禁止点击,波纹牌保文杯,2026-07-30 00:17:13,12.0,0.0,0.0,0.0,0.0,0.0,0.0,1.0,
2026-07-31 22:00:05,BV1kuGc6uEPM,129,BV1kuGc6uEPM,自测，勿点1,京城兔少,2026-07-31 12:10:23,4.0,0.0,0.0,1.0,0.0,0.0,0.0,1.0,
2026-07-31 22:00:05,BV1Zc386VE4g,130,BV1Zc386VE4g,自测勿点1,Bamboo-shade,2026-07-30 21:22:06,1.0,0.0,0.0,1.0,0.0,0.0,0.0,1.0,
2026-07-31 22:00:05,BV1UJ3t6pEGh,131,BV1UJ3t6pEGh,第一阶段自测,我要喝绿豆汤,2026-07-30 16:40:45,2.0,0.0,0.0,1.0,0.0,0.0,0.0,1.0,
2026-07-31 22:00:05,BV1UZ3t64Ecj,132,BV1UZ3t64Ecj,！,玳瑁大魔王,2026-07-30 22:49:02,122.0,2.0,0.0,0.0,0.0,0.0,0.0,1.0,
2026-07-31 22:00:05,BV1pr316wEpv,133,BV1pr316wEpv,刷播自测，勿点,第十一杯eleven,2026-07-29 19:55:38,2.0,1.0,0.0,1.0,0.0,0.0,0.0,1.0,
2026-07-31 22:00:05,BV1AQ3b6nEaY,134,BV1AQ3b6nEaY,【萌了个杨】我的最新作品，快来一睹为快！,萌了个杨,2026-07-30 20:20:40,19.0,0.0,0.0,1.0,0.0,0.0,0.0,1.0,
2026-07-31 22:00:05,BV1L43b6qEw4,135,BV1L43b6qEw4,自测1.0yzzr版,yzzr_b,2026-07-30 21:28:34,3.0,0.0,0.0,0.0,0.0,0.0,0.0,1.0,
2026-07-31 22:00:05,BV1Nq3p6iE7h,136,BV1Nq3p6iE7h,自测，勿点1,郁期物,2026-07-30 10:24:41,10.0,0.0,0.0,1.0,0.0,0.0,0.0,1.0,
2026-07-31 22:00:05,BV1ex3468Eib,137,BV1ex3468Eib,自测视频勿点,Rayla_X,2026-07-30 18:02:16,11.0,1.0,0.0,1.0,0.0,0.0,0.0,1.0,
2026-07-31 22:00:05,BV1yJ3x6yEx8,138,BV1yJ3x6yEx8,自测视频，勿点一一一二,dddddash6,2026-07-30 13:21:19,5.0,0.0,0.0,0.0,0.0,0.0,0.0,1.0,
2026-07-31 22:00:05,BV1kr316wEHH,139,BV1kr316wEHH,刷播自测，勿点,冬眠中的眼镜小姐,2026-07-29 19:59:08,8.0,0.0,0.0,1.0,0.0,0.0,0.0,1.0,
2026-07-31 22:00:05,BV1gAffBaE4f,140,BV1gAffBaE4f,自测3,半夏哒哒哒,2026-02-04 23:27:13,41.0,0.0,0.0,1.0,0.0,0.0,0.0,1.0,
2026-07-31 22:00:05,BV1EC3n69ErV,141,BV1EC3n69ErV,勿点 自测,bili_70067848892,2026-07-30 00:04:07,2.0,0.0,0.0,1.0,0.0,0.0,0.0,1.0,
2026-07-31 22:00:05,BV1jP386GE1N,142,BV1jP386GE1N,自测 勿入 1,秋雨__,2026-07-30 20:55:08,2.0,0.0,0.0,1.0,0.0,0.0,0.0,1.0,
2026-07-31 22:00:05,BV1mm3J6wEz4,143,BV1mm3J6wEz4,自测视频请勿点击,攒灵儿,2026-07-30 00:06:30,16.0,0.0,0.0,1.0,0.0,0.0,0.0,1.0,
2026-07-31 22:00:05,BV1sT3b6nE8d,144,BV1sT3b6nE8d,自测勿点,夏目の妖,2026-07-30 22:42:00,9.0,0.0,0.0,0.0,0.0,0.0,0.0,1.0,
2026-07-31 22:00:05,BV1LM386zE7M,145,BV1LM386zE7M,自存 勿入 2,盒饭刺豚,2026-07-30 20:58:42,147.0,0.0,0.0,0.0,0.0,0.0,0.0,1.0,
2026-07-31 22:00:05,BV1u43166E2t,146,BV1u43166E2t,自测误点,bili_21144701884,2026-07-29 21:56:06,3.0,0.0,0.0,1.0,0.0,0.0,0.0,1.0,
2026-07-31 22:00:05,BV1Qd3n6yEZE,147,BV1Qd3n6yEZE,自测视频 请勿点开,61小羊梅,2026-07-29 22:20:32,10.0,1.0,0.0,1.0,0.0,0.0,0.0,1.0,
2026-07-31 22:00:05,BV1dQ3n67Ego,148,BV1dQ3n67Ego,自测视频 请勿点开,女厕所战神_,2026-07-29 22:36:03,14.0,0.0,0.0,1.0,0.0,0.0,0.0,1.0,
2026-07-31 22:00:05,BV1Y13x6oEHJ,149,BV1Y13x6oEHJ,ntt0819赛段自测01,ntt0819,2026-07-30 12:09:18,0.0,0.0,0.0,1.0,0.0,0.0,0.0,1.0,
2026-07-31 22:00:05,BV16JGA6gEiZ,150,BV16JGA6gEiZ,【自测视频别点】,釦釦咯樓,2026-07-31 16:39:48,1.0,0.0,0.0,0.0,0.0,0.0,0.0,1.0,
2026-07-31 22:00:05,BV1eyGF6xEWL,151,BV1eyGF6xEWL,7.31自测,顺走YBW,2026-07-31 13:22:12,2.0,0.0,0.0,1.0,0.0,0.0,0.0,1.0,
2026-07-31 22:00:05,BV18AGN6fEEV,152,BV18AGN6fEEV,自测请勿点击,风枷锁,2026-07-31 20:55:34,1.0,0.0,0.0,1.0,0.0,0.0,0.0,1.0,
2026-07-31 22:00:05,BV1bAGN6fECo,153,BV1bAGN6fECo,自测请勿点击,风枷锁,2026-07-31 20:57:42,1.0,0.0,0.0,1.0,0.0,0.0,0.0,1.0,
2026-07-31 22:00:05,BV1DU3x6RE7m,155,BV1DU3x6RE7m,自测勿进,腼腆自卑内向_,2026-07-30 11:45:46,227.0,2.0,0.0,1.0,0.0,0.0,0.0,1.0,
2026-07-31 22:00:05,BV1ck3p6AEa5,156,BV1ck3p6AEa5,自测、勿点1,涩咪亚,2026-07-30 10:28:12,12.0,0.0,0.0,1.0,0.0,0.0,0.0,1.0,
2026-07-31 22:00:05,BV1hD3x6WEyw,157,BV1hD3x6WEyw,lpss赛段自测01,_lpss,2026-07-30 11:56:25,0.0,0.0,0.0,1.0,0.0,0.0,0.0,1.0,
2026-07-31 22:00:05,BV1fEGc6AES3,158,BV1fEGc6AES3,自测误点1,眄睐99,2026-07-31 13:13:18,5.0,0.0,0.0,1.0,1.0,0.0,0.0,1.0,
2026-07-31 22:00:05,BV1ML3x6EEyM,159,BV1ML3x6EEyM,勿进！测试！pc端2,cannndy_,2026-07-30 12:26:16,1.0,0.0,0.0,1.0,0.0,0.0,0.0,1.0,
2026-07-31 22:00:05,BV1D33t6ZEYa,160,BV1D33t6ZEYa,自测1（勿点）,低能量地活着,2026-07-30 16:06:57,2.0,0.0,0.0,1.0,0.0,0.0,0.0,1.0,
2026-07-31 22:00:05,BV1zjGc6eEUZ,161,BV1zjGc6eEUZ,自测勿进勿进勿进,为什么是V,2026-07-31 13:16:35,8.0,0.0,0.0,1.0,0.0,0.0,0.0,1.0,
2026-07-31 22:00:05,BV19P3x6REne,162,BV19P3x6REne,自测肆意再现,饺饺者7,2026-07-30 12:40:52,2.0,0.0,0.0,0.0,1.0,0.0,0.0,1.0,
2026-07-31 22:00:05,BV1u63b6ZEKe,163,BV1u63b6ZEKe,自测1勿点,叶不修u,2026-07-30 21:58:55,4.0,0.0,0.0,0.0,0.0,0.0,0.0,1.0,
2026-07-31 22:00:05,BV1sN3b6QE3R,164,BV1sN3b6QE3R,【萸霜霜霜】Up主探索中，欢迎收看求三连！,萸霜霜霜,2026-07-30 22:44:51,130.0,2.0,0.0,2.0,0.0,0.0,0.0,1.0,
2026-07-31 22:00:05,BV1oq3x6AEBX,165,BV1oq3x6AEBX,自测视频勿点,雁渡寒潭yuan,2026-07-30 11:08:56,14.0,0.0,0.0,1.0,0.0,0.0,0.0,1.0,
2026-07-31 22:00:05,BV1oT3n6EEpQ,166,BV1oT3n6EEpQ,自测视频｜自用勿点,星光延长期,2026-07-30 00:34:03,13.0,0.0,0.0,1.0,0.0,0.0,0.0,1.0,
2026-07-31 22:00:05,BV1eZ316nEvS,167,BV1eZ316nEvS,【辉映皓天】新作上线，快来看看！,辉映皓天,2026-07-29 19:26:44,0.0,0.0,0.0,0.0,0.0,0.0,0.0,1.0,
2026-07-31 22:00:05,BV1qM3n6mEnw,168,BV1qM3n6mEnw,自测，勿点,已完结zzz,2026-07-30 00:38:24,4.0,0.0,0.0,1.0,0.0,1.0,0.0,1.0,
2026-07-31 22:00:05,BV1ikGF6ZEbn,169,BV1ikGF6ZEbn,自测，勿点1,醉江南ace,2026-07-31 13:26:46,3.0,0.0,0.0,1.0,0.0,0.0,0.0,1.0,
2026-07-31 22:00:05,BV1KtGP69Ee5,170,BV1KtGP69Ee5,自测勿点！！！,呆博萌羊_0601,2026-07-31 21:29:52,1.0,0.0,0.0,1.0,0.0,0.0,0.0,1.0,
2026-07-31 22:00:05,BV1AQ3b6nEZW,171,BV1AQ3b6nEZW,博丝自测，勿点谢谢1.1,bili_53292940566,2026-07-30 20:22:17,1.0,0.0,0.0,1.0,0.0,0.0,0.0,1.0,
2026-07-31 22:00:05,BV1M43n6vEHU,172,BV1M43n6vEHU,计划，误点,朔月新夏,2026-07-29 23:37:48,1.0,0.0,0.0,1.0,0.0,0.0,0.0,1.0,
2026-07-31 22:00:05,BV17EGc6AEtd,173,BV17EGc6AEtd,自测勿入,壹波纹0601,2026-07-31 13:13:36,1.0,0.0,0.0,1.0,0.0,0.0,0.0,1.0,
2026-07-31 22:00:05,BV1vb3b6KET1,174,BV1vb3b6KET1,自测1.0蓝莓酱版,蓝莓酱LEFT,2026-07-30 21:24:47,3.0,2.0,0.0,0.0,0.0,0.0,0.0,1.0,
2026-07-31 22:00:05,BV1vg3n6jEat,175,BV1vg3n6jEat,自测误点 1,午夜忧郁纯情甜妹总裁,2026-07-29 22:59:07,14.0,0.0,0.0,1.0,0.0,0.0,0.0,1.0,
2026-07-31 22:00:05,BV1Ni316iEQh,176,BV1Ni316iEQh,自测请勿点击,11225566778800,2026-07-29 19:52:44,1.0,0.0,0.0,0.0,0.0,0.0,0.0,1.0,
2026-07-31 22:00:05,BV1WB316NEqW,177,BV1WB316NEqW,自测请勿点击,小茄波纹呀,2026-07-29 19:52:00,1.0,0.0,0.0,0.0,0.0,0.0,0.0,1.0,
2026-07-31 22:00:05,BV1EHGN62Eoj,178,BV1EHGN62Eoj,自测勿点,-傻了吧唧,2026-07-31 20:07:09,3.0,0.0,0.0,1.0,0.0,0.0,0.0,1.0,
2026-07-31 22:00:05,BV1HX3b6SEBh,180,BV1HX3b6SEBh,自测勿点7.31_8.9,随便一只,2026-07-30 20:15:21,120.0,0.0,0.0,0.0,0.0,0.0,0.0,1.0,
2026-07-31 22:00:05,BV1iD3a6mEWK,181,BV1iD3a6mEWK,自测勿点,木易北北yoo,2026-07-31 07:23:21,6.0,0.0,0.0,1.0,0.0,0.0,0.0,1.0,
2026-07-31 22:00:05,BV1bNGN6tEwg,182,BV1bNGN6tEwg,自测请勿点击,风枷锁,2026-07-31 20:51:36,1.0,0.0,0.0,1.0,0.0,0.0,0.0,1.0,
2026-07-31 22:00:05,BV1fC3n6XECU,183,BV1fC3n6XECU,自测 勿点,123滴滴滴ddd,2026-07-29 21:45:52,32.0,0.0,0.0,1.0,0.0,0.0,0.0,1.0,
2026-07-31 22:00:05,BV18b316gEgT,184,BV18b316gEgT,自测误点,臻理不是真理,2026-07-29 19:29:12,2.0,0.0,0.0,1.0,0.0,0.0,0.0,1.0,
2026-07-31 22:00:05,BV15g3n6jEbS,185,BV15g3n6jEbS,自测3,午夜忧郁纯情甜妹总裁,2026-07-29 23:01:50,3.0,0.0,0.0,1.0,0.0,0.0,0.0,1.0,
2026-07-31 22:00:05,BV1rj3b65EKN,186,BV1rj3b65EKN,自测路人勿入,林中波纹曲,2026-07-30 23:05:39,13.0,1.0,0.0,1.0,0.0,0.0,0.0,1.0,
2026-07-31 22:00:05,BV15d3p6WEtX,187,,失败,,,,,,,,,,,62012
2026-07-31 22:00:05,BV1Yy3x6tEok,188,BV1Yy3x6tEok,28150819赛段自测01,28150819,2026-07-30 12:13:09,23.0,0.0,0.0,1.0,20.0,0.0,0.0,1.0,
2026-07-31 22:00:05,BV1s43z67EXn,189,BV1s43z67EXn,自测 729,TAOTAOALL,2026-07-29 00:53:50,93.0,0.0,0.0,1.0,0.0,0.0,0.0,1.0,
2026-07-31 22:00:05,BV1ks3x63EL6,190,BV1ks3x63EL6,自测勿点1,暖大大的烘山芋,2026-07-30 12:53:46,15.0,0.0,0.0,1.0,0.0,0.0,0.0,1.0,
2026-07-31 22:00:05,BV1Ug3x6DE1b,191,BV1Ug3x6DE1b,0801-0803自测勿点2,你做咩吖咩,2026-07-30 12:21:07,0.0,0.0,0.0,0.0,0.0,0.0,0.0,1.0,
2026-07-31 22:00:05,BV1tY316qEMY,192,BV1tY316qEMY,自测勿点勿看,捏个小埋,2026-07-29 20:20:46,1.0,0.0,0.0,1.0,0.0,0.0,0.0,1.0,
2026-07-31 22:00:05,BV1Lg3n6jEKQ,193,BV1Lg3n6jEKQ,自测 2,午夜忧郁纯情甜妹总裁,2026-07-29 23:29:15,44.0,0.0,0.0,0.0,0.0,1.0,0.0,1.0,
2026-07-31 22:00:05,BV1PC3s6gEtM,194,BV1PC3s6gEtM,自测 勿点,kmdgzs,2026-07-30 13:58:35,14.0,0.0,0.0,1.0,0.0,0.0,0.0,1.0,
2026-07-31 22:00:05,BV12Y316qEdn,195,BV12Y316qEdn,自测勿点1,焱yyyan,2026-07-29 20:21:12,8.0,1.0,0.0,1.0,0.0,0.0,0.0,1.0,
2026-07-31 22:00:05,BV1hx316GEKS,196,BV1hx316GEKS,自测 勿点,自矜丨,2026-07-29 19:14:08,1.0,0.0,0.0,1.0,0.0,0.0,0.0,1.0,
2026-07-31 22:00:05,BV1tNGN6tESS,197,BV1tNGN6tESS,自测请勿点击,风枷锁,2026-07-31 20:54:14,1.0,0.0,0.0,1.0,0.0,0.0,0.0,1.0,
2026-07-31 22:00:05,BV1aZGP6AEvS,198,BV1aZGP6AEvS,7.31 0601 自测不要点,用户0601吗,2026-07-31 21:15:46,2.0,0.0,0.0,1.0,0.0,0.0,0.0,1.0,
2026-07-31 22:00:05,BV1XF3W6SEuz,199,BV1XF3W6SEuz,自测勿入,太阳好大好想鼠,2026-07-30 10:45:14,13.0,0.0,0.0,1.0,0.0,0.0,0.0,1.0,
2026-07-31 22:00:05,BV16N316dEjM,200,BV16N316dEjM,我的最新作品，快来一睹为快！,bili_47649027571,2026-07-29 22:53:36,1.0,0.0,0.0,0.0,0.0,0.0,0.0,1.0,
2026-07-31 22:30:07,https://www.bilibili.com/video/BV1jN64BKECs/?spm_id_from=333.337.search-card.all.click,0,BV1jN64BKECs,【杨博文｜4K直拍】跟着节奏一起《闭嘴跳舞》～,关键时刻来瓶尖叫,2026-02-01 20:20:32,1427262.0,25869.0,15773.0,22037.0,7101.0,2371.0,7087.0,1.0,
2026-07-31 22:30:07,https://www.bilibili.com/video/BV1Lb6tBBEYC/?spm_id_from=333.1387.favlist.content.click&vd_source=bdf775a036c61c0159ac2f0c251aaeb7,1,BV1Lb6tBBEYC,【4K精剪】闭嘴跳舞 | 杨博文直拍 | 260201,underthepoplar,2026-02-02 00:00:55,346315.0,26762.0,13971.0,18930.0,6471.0,1808.0,3042.0,1.0,
2026-07-31 22:30:07,https://www.bilibili.com/video/BV1mJ64BREZY/?spm_id_from=333.1387.favlist.content.click&vd_source=bdf775a036c61c0159ac2f0c251aaeb7,2,BV1mJ64BREZY,【杨博文】闭嘴跳舞丨当主舞穿上西装就会得到,Kismet丨杨博文,2026-02-01 18:31:00,598012.0,34854.0,3776.0,25158.0,4715.0,442.0,592.0,13.0,
2026-07-31 22:30:07,https://www.bilibili.com/video/BV1XA6nBGEPV/?spm_id_from=333.1387.favlist.content.click,3,BV1XA6nBGEPV,【4K精剪】希区考克 作品152 | 杨博文直拍 | 260131,underthepoplar,2026-02-01 00:23:17,1933071.0,23153.0,21892.0,19615.0,17898.0,3987.0,6859.0,1.0,
2026-07-31 22:30:07,https://www.bilibili.com/video/BV1EGBCBmEo8/?spm_id_from=333.1387.favlist.content.click,4,BV1EGBCBmEo8,【杨博文｜4K高清直拍】魅魔级别的《Manta》舞台，看博文如何一yeah封神,关键时刻来瓶尖叫,2025-12-27 23:15:44,868108.0,12157.0,9513.0,10865.0,12684.0,973.0,2312.0,11.0,
2026-07-31 22:30:07,https://www.bilibili.com/video/BV1A5vkB2E1k/?spm_id_from=333.1387.favlist.content.click,5,BV1A5vkB2E1k,【杨博文】Hey Mama六机位纯舞直拍丨15岁舞台统治者的诞生，四代主舞燃炸全场！,Kismet丨杨博文,2025-12-28 22:28:16,2615998.0,62708.0,43997.0,45425.0,22031.0,13495.0,21052.0,17.0,
2026-07-31 22:30:07,https://www.bilibili.com/video/BV1EQK56xEZk/?spm_id_from=333.1387.favlist.content.click,6,BV1EQK56xEZk,【杨博文｜音乐现场】｜《全世界陪我出发》4K直拍，考核第一的大C位实在太亮眼！,关键时刻来瓶尖叫,2026-07-16 20:29:02,229982.0,9725.0,2732.0,5476.0,5637.0,10091.0,7755.0,20.0,
2026-07-31 22:30:07,https://www.bilibili.com/video/BV1JUK56tEh5/?spm_id_from=333.1387.favlist.content.click,7,BV1JUK56tEh5,【杨博文｜音乐现场】全程舒适！跟着标准答案出发不迷路｜《全世界陪我出发》4k横屏直拍,游园会_杨博文,2026-07-16 20:06:19,153463.0,7188.0,2298.0,3815.0,5069.0,1940.0,1769.0,1.0,
2026-07-31 22:30:07,https://www.bilibili.com/video/BV1kFKG6pEPe/?spm_id_from=333.1387.favlist.content.click,8,BV1kFKG6pEPe,【杨博文】夏日运动会《全世界陪我出发》4K直拍,Eternity丨杨博文,2026-07-16 19:13:38,40269.0,4721.0,711.0,2628.0,2323.0,36.0,93.0,1.0,
2026-07-31 22:30:07,bilibili.com/video/BV1M9ePzaELH/?spm_id_from=333.337.search-card.all.click,9,BV1M9ePzaELH,「杨博文｜卡拉永远OK」突发舞台事故？我怎么没看见,Astra_杨博文,2025-08-19 22:15:30,822512.0,14540.0,4654.0,9746.0,10688.0,623.0,536.0,11.0,
2026-07-31 22:30:07,BV1gx316VEoZ,10,BV1gx316VEoZ,自测,你吃不吃蛋挞-Y,2026-07-29 19:15:14,0.0,0.0,0.0,0.0,0.0,0.0,0.0,1.0,
2026-07-31 22:30:07,BV1UG3x6JEho,11,BV1UG3x6JEho,0801-0803自测勿点1,你做咩吖咩,2026-07-30 12:20:31,2.0,0.0,0.0,0.0,0.0,0.0,0.0,1.0,
2026-07-31 22:30:07,BV1ku3463EPp,13,BV1ku3463EPp,自测勿点,总有一天找到你,2026-07-30 20:11:56,12.0,0.0,0.0,1.0,0.0,0.0,0.0,1.0,
2026-07-31 22:30:07,BV1WN3b6QEfh,14,BV1WN3b6QEfh,？,玳瑁大魔王,2026-07-30 22:47:52,249.0,2.0,0.0,0.0,0.0,0.0,0.0,1.0,
2026-07-31 22:30:07,BV1EEFSzWE7Y,15,BV1EEFSzWE7Y,2.10自测视频不要点谢谢！,燃烧浮生哦改哦拖,2026-02-10 15:49:42,126.0,0.0,0.0,1.0,0.0,0.0,0.0,1.0,
2026-07-31 22:30:07,BV12sGP6REe7,16,BV12sGP6REe7,7.31 不是 自测不要点,不是高手_,2026-07-31 21:18:21,4.0,0.0,0.0,1.0,0.0,0.0,0.0,1.0,
2026-07-31 22:30:07,BV1g33t6fE9w,17,BV1g33t6fE9w,自测3（勿点）,低能量地活着,2026-07-30 16:07:34,2.0,0.0,0.0,1.0,0.0,0.0,0.0,1.0,
2026-07-31 22:30:07,BV1zv3x6eEup,18,BV1zv3x6eEup,自测,lala懒懒新新,2026-07-30 11:15:20,57.0,0.0,0.0,1.0,0.0,0.0,0.0,1.0,
2026-07-31 22:30:07,BV1fC3n6XE69,19,BV1fC3n6XE69,自测，请勿点击,crown2025,2026-07-29 21:46:27,16.0,0.0,0.0,1.0,0.0,0.0,0.0,1.0,
2026-07-31 22:30:07,BV1XdGP6eEzT,20,BV1XdGP6eEzT,自测请勿点击,风枷锁,2026-07-31 21:01:16,2.0,0.0,0.0,1.0,0.0,0.0,0.0,1.0,
2026-07-31 22:30:07,BV17EGc6AEVT,21,BV17EGc6AEVT,7.30自测,契樱超甜,2026-07-31 13:13:21,80.0,0.0,0.0,1.0,0.0,0.0,0.0,1.0,
2026-07-31 22:30:07,BV1R7316mEcy,22,BV1R7316mEcy,我困了•自测勿点,琦_羊,2026-07-29 21:59:00,4.0,0.0,0.0,1.0,0.0,0.0,0.0,1.0,
2026-07-31 22:30:07,BV1seNB6wEPh,23,BV1seNB6wEPh,自测视频，请勿点击！,爱意再次来袭,2026-07-16 00:06:20,9.0,23.0,0.0,1.0,0.0,0.0,0.0,1.0,
2026-07-31 22:30:07,BV1BJ3b6GECG,24,BV1BJ3b6GECG,自测,啵啵冬Y,2026-07-30 23:14:49,1.0,0.0,0.0,1.0,0.0,0.0,0.0,1.0,
2026-07-31 22:30:07,BV17F3t6TE7b,26,BV17F3t6TE7b,自测请勿点击,加菲走猫步,2026-07-30 17:50:23,53.0,0.0,0.0,0.0,0.0,0.0,0.0,1.0,
2026-07-31 22:30:07,BV17EGc6AEip,27,BV17EGc6AEip,7.30自测,我要薯啦awa,2026-07-31 13:14:17,1.0,0.0,0.0,0.0,0.0,0.0,0.0,1.0,
2026-07-31 22:30:07,BV1EnGA66EK3,28,BV1EnGA66EK3,自测视频【误点】,京城有个贝斯手,2026-07-31 16:36:59,1.0,0.0,0.0,0.0,0.0,0.0,0.0,1.0,
2026-07-31 22:30:07,BV1hm3x6xE8F,29,BV1hm3x6xE8F,【bbbbbb8330】我的最新作品，快来一睹为快！,bbbbbb8330,2026-07-30 11:49:13,33.0,0.0,0.0,1.0,0.0,0.0,0.0,1.0,
2026-07-31 22:30:07,BV1CF316FEGk,30,BV1CF316FEGk,自测勿进,Xisooay,2026-07-29 22:27:23,19.0,0.0,0.0,1.0,0.0,0.0,0.0,1.0,
2026-07-31 22:30:07,BV1BJGA6gEX5,31,BV1BJGA6gEX5,噔噔噔噔噔噔噔,芋泥牛奶吐司,2026-07-31 16:40:33,46.0,0.0,0.0,2.0,0.0,0.0,0.0,1.0,
2026-07-31 22:30:07,BV1mL3x67E6s,32,BV1mL3x67E6s,勿进。测试！pc端cdy,cannndy_,2026-07-30 12:24:46,5.0,0.0,0.0,1.0,0.0,0.0,0.0,1.0,
2026-07-31 22:30:07,BV1i3316QEi4,33,BV1i3316QEi4,自测勿点,就吃一根薯条蘸茄汁,2026-07-29 21:03:16,12.0,0.0,0.0,1.0,0.0,0.0,0.0,1.0,
2026-07-31 22:30:07,BV1oq3x6AExN,34,BV1oq3x6AExN,自测视频1.0,咬一口北北脸颊肉,2026-07-30 11:11:33,8.0,1.0,0.0,1.0,0.0,0.0,0.0,1.0,
2026-07-31 22:30:07,BV1mMNt6uEep,35,BV1mMNt6uEep,自测7.14,刘海打歪了,2026-07-14 22:03:29,5.0,13.0,0.0,1.0,0.0,0.0,0.0,1.0,
2026-07-31 22:30:07,BV1JnGA6zEKd,36,BV1JnGA6zEKd,自测 勿点1,羊只波纹兔_yy,2026-07-31 16:36:14,7.0,0.0,0.0,1.0,0.0,0.0,0.0,1.0,
2026-07-31 22:30:07,BV1GT5v6xEDT,37,BV1GT5v6xEDT,【玖儿糖糖】最新视频上线，求关注！,玖儿糖糖,2026-05-15 17:52:26,5.0,2.0,0.0,1.0,0.0,0.0,0.0,1.0,
2026-07-31 22:30:07,BV1RQ3n67Err,38,BV1RQ3n67Err,自测视频 请勿点开,嘟嘟DuduOvo,2026-07-29 22:39:48,2.0,0.0,0.0,1.0,0.0,0.0,0.0,1.0,
2026-07-31 22:30:07,BV1K23b69EFY,39,BV1K23b69EFY,自测勿点1,枝刊续__,2026-07-30 20:33:15,165.0,1.0,0.0,1.0,0.0,0.0,0.0,1.0,
2026-07-31 22:30:07,BV19F3W6SEvK,40,BV19F3W6SEvK,自测勿入,太阳很大不要鼠,2026-07-30 10:46:35,15.0,0.0,0.0,1.0,0.0,0.0,0.0,1.0,
2026-07-31 22:30:07,BV12J3t6pEtx,41,BV12J3t6pEtx,第一阶段自测,这个名字真的很难想,2026-07-30 17:39:10,7.0,0.0,0.0,1.0,0.0,0.0,0.0,1.0,
2026-07-31 22:30:07,BV1ef316SEGT,43,BV1ef316SEGT,超级自测,小小littlesheep,2026-07-29 19:07:58,4.0,0.0,0.0,1.0,0.0,0.0,0.0,1.0,
2026-07-31 22:30:07,BV1AQGA6EEZw,44,BV1AQGA6EEZw,自测用勿点击,堆满柠檬的鸟巢,2026-07-31 15:11:58,10.0,0.0,0.0,1.0,0.0,0.0,0.0,1.0,
2026-07-31 22:30:07,BV1nj3b65EhY,45,BV1nj3b65EhY,自用误入1,wuli沉浸式D,2026-07-30 23:07:41,80.0,2.0,0.0,1.0,0.0,0.0,0.0,1.0,
2026-07-31 22:30:07,BV15f3p6HEmt,46,BV15f3p6HEmt,1.0自测勿入（2）,呈子吼吼,2026-07-30 10:48:59,5.0,0.0,0.0,1.0,0.0,0.0,0.0,1.0,
2026-07-31 22:30:07,BV1jT386gEJW,47,BV1jT386gEJW,自测勿点1,小羊下雨问妖,2026-07-30 21:05:41,11.0,1.0,0.0,1.0,0.0,0.0,0.0,1.0,
2026-07-31 22:30:07,BV1Qr4y157Y4,48,BV1Qr4y157Y4,只是做任务,nicoicc,2022-08-06 13:18:05,101.0,5.0,0.0,1.0,0.0,1.0,0.0,1.0,
2026-07-31 22:30:07,BV1Ua316MENn,49,BV1Ua316MENn,自测 请勿点击,杨博文小漂亮,2026-07-29 20:03:49,18.0,1.0,0.0,1.0,0.0,0.0,0.0,1.0,
2026-07-31 22:30:07,BV1QRGw64E2r,50,BV1QRGw64E2r,自测,加贝061,2026-07-31 17:49:24,3.0,0.0,0.0,1.0,0.0,0.0,0.0,1.0,
2026-07-31 22:30:07,BV1sB316PEE2,51,BV1sB316PEE2,7.31-8.3自测,我素质低你让让我,2026-07-29 19:49:17,152.0,0.0,0.0,1.0,0.0,0.0,0.0,1.0,
2026-07-31 22:30:07,BV1Bg316pE2m,52,BV1Bg316pE2m,自测请勿点击,obsession-202,2026-07-29 21:27:37,25.0,0.0,0.0,1.0,0.0,0.0,0.0,1.0,
2026-07-31 22:30:07,BV1U9KV6KEN5,53,BV1U9KV6KEN5,自测勿点,杨語文歌,2026-07-16 22:39:00,167.0,12.0,0.0,1.0,0.0,0.0,0.0,1.0,
2026-07-31 22:30:07,BV1PQ3b6nEVG,54,BV1PQ3b6nEVG,博丝自测，勿点谢谢1.0,bili_53292940566,2026-07-30 20:19:46,16.0,0.0,0.0,2.0,0.0,0.0,0.0,1.0,
2026-07-31 22:30:07,BV1RkGF6oEFv,55,BV1RkGF6oEFv,自测1勿点-第一赛段,丨失眠数羊丨,2026-07-31 13:26:07,3.0,2.0,0.0,1.0,0.0,0.0,0.0,1.0,
2026-07-31 22:30:07,BV1UNGN6tEmj,56,BV1UNGN6tEmj,自测请勿点击,风枷锁,2026-07-31 20:53:23,1.0,0.0,0.0,1.0,0.0,0.0,0.0,1.0,
2026-07-31 22:30:07,BV1EnGA6zEqH,58,BV1EnGA6zEqH,自測 勿點1,梓序未央_AxSeq,2026-07-31 16:36:58,8.0,0.0,0.0,1.0,0.0,0.0,0.0,1.0,
2026-07-31 22:30:07,BV1vUGP6uE2W,59,BV1vUGP6uE2W,波纹测试视频7.31,机智豆好鸡汁,2026-07-31 20:16:09,16.0,0.0,0.0,1.0,0.0,0.0,0.0,1.0,
2026-07-31 22:30:07,BV1XdGP6eE6K,60,BV1XdGP6eE6K,自测请勿点击,风枷锁,2026-07-31 21:00:08,1.0,0.0,0.0,1.0,0.0,0.0,0.0,1.0,
2026-07-31 22:30:07,BV1ipGc68EUC,61,BV1ipGc68EUC,自测视频勿点,新用户080913,2026-07-31 12:57:28,66.0,0.0,0.0,1.0,0.0,0.0,0.0,1.0,
2026-07-31 22:30:07,BV1Tk3b64EA2,62,BV1Tk3b64EA2,自测勿点,怪盗乌哩哩,2026-07-30 22:13:24,118.0,1.0,0.0,0.0,0.0,0.0,0.0,1.0,
2026-07-31 22:30:07,BV1wR3b6EEvB,63,BV1wR3b6EEvB,自测2，自用,梦汐MX,2026-07-30 20:30:28,30.0,1.0,0.0,1.0,0.0,0.0,0.0,1.0,
2026-07-31 22:30:07,BV1eF3x6bEZY,64,BV1eF3x6bEZY,自测勿点,牛肉干爹,2026-07-30 14:00:28,119.0,2.0,0.0,1.0,0.0,1.0,0.0,1.0,
2026-07-31 22:30:07,BV1fS3p64EqR,65,BV1fS3p64EqR,自测勿点,dd鱿鱼须,2026-07-30 10:58:30,10.0,0.0,0.0,1.0,0.0,0.0,0.0,1.0,
2026-07-31 22:30:07,BV1Qm3x6xEvj,66,BV1Qm3x6xEvj,自测勿进,A鸡蛋批发商,2026-07-30 11:49:19,210.0,3.0,0.0,2.0,0.0,0.0,0.0,1.0,
2026-07-31 22:30:07,BV1xa3n6wESf,67,BV1xa3n6wESf,自测视频｜自用勿点,Solbudglow,2026-07-29 23:26:09,7.0,0.0,0.0,1.0,0.0,0.0,0.0,1.0,
2026-07-31 22:30:07,BV1ug3x6QEU5,68,BV1ug3x6QEU5,第一阶段3 听视频 勿动勿点,桧云渺,2026-07-30 12:22:56,2.0,0.0,0.0,1.0,0.0,0.0,0.0,1.0,
2026-07-31 22:30:07,BV1AQGA6EEWX,69,BV1AQGA6EEWX,自测，勿点,啵啵博文酱,2026-07-31 15:13:26,8.0,0.0,0.0,1.0,0.0,0.0,0.0,1.0,
2026-07-31 22:30:07,BV15s346cEVW,70,BV15s346cEVW,自测请勿点击,长在红旗下好青年,2026-07-30 18:06:00,6.0,0.0,0.0,0.0,0.0,0.0,0.0,1.0,
2026-07-31 22:30:07,BV19o3p6QExT,71,BV19o3p6QExT,自测视频勿入,嘎贝大王万万岁,2026-07-30 10:36:49,150.0,2.0,0.0,1.0,0.0,0.0,0.0,1.0,
2026-07-31 22:30:07,BV1ygGA6jEsw,72,BV1ygGA6jEsw,自测，勿点2,幸福的bowen,2026-07-31 15:40:19,1.0,0.0,0.0,1.0,0.0,0.0,0.0,1.0,
2026-07-31 22:30:07,BV1dT386uEX9,73,BV1dT386uEX9,自测1勿点,很爱学习的华夫饼,2026-07-30 21:02:19,136.0,0.0,0.0,1.0,0.0,0.0,0.0,1.0,
2026-07-31 22:30:07,BV1Rr3x68Eto,74,BV1Rr3x68Eto,第一阶段自测2 勿动勿点,书源不打烊ov2,2026-07-30 12:05:10,3.0,0.0,0.0,1.0,0.0,0.0,0.0,1.0,
2026-07-31 22:30:07,BV1EEGc6AEB1,75,BV1EEGc6AEB1,自测，勿点1,小妍love妮,2026-07-31 13:10:05,3.0,0.0,0.0,1.0,0.0,0.0,0.0,1.0,
2026-07-31 22:30:07,BV1hp3165Eq7,76,BV1hp3165Eq7,自测，勿点！,Insist愛,2026-07-29 19:38:40,8.0,0.0,0.0,1.0,0.0,0.0,0.0,1.0,
2026-07-31 22:30:07,BV1Eq3x6PEwg,77,BV1Eq3x6PEwg,自测,哈哈哈哈哈11_,2026-07-30 11:08:49,30.0,0.0,0.0,1.0,0.0,0.0,0.0,1.0,
2026-07-31 22:30:07,BV16vGw6gEEo,78,BV16vGw6gEEo,自测,摩西摩托,2026-07-31 18:29:30,1.0,0.0,0.0,0.0,0.0,0.0,0.0,1.0,
2026-07-31 22:30:07,BV1d3316QERP,79,BV1d3316QERP,自测视频1,呆羊精得很,2026-07-29 21:01:11,3.0,0.0,0.0,0.0,1.0,0.0,0.0,1.0,
2026-07-31 22:30:07,BV1Su3x6HE9g,80,BV1Su3x6HE9g,自测 勿点1,满目霖郎,2026-07-30 12:44:48,18.0,0.0,0.0,0.0,0.0,0.0,0.0,1.0,
2026-07-31 22:30:07,BV18z3b6bE71,81,BV18z3b6bE71,自测视频-1,么么北北mmbb,2026-07-30 22:01:50,133.0,2.0,0.0,1.0,0.0,0.0,0.0,1.0,
2026-07-31 22:30:07,BV1cg346rEVx,82,BV1cg346rEVx,粉海,zmmxi,2026-07-30 20:08:09,13.0,0.0,0.0,1.0,0.0,0.0,0.0,1.0,
2026-07-31 22:30:07,BV1Xm3x6xEFo,83,BV1Xm3x6xEFo,自测勿进,寿喜丸子锅,2026-07-30 11:49:45,52.0,1.0,0.0,2.0,0.0,0.0,0.0,1.0,
2026-07-31 22:30:07,BV11P3b6pEyQ,84,BV11P3b6pEyQ,自测路人勿入,语柒词,2026-07-30 22:32:04,111.0,0.0,0.0,1.0,0.0,0.0,0.0,1.0,
2026-07-31 22:30:07,BV1mf3t6dE7b,85,BV1mf3t6dE7b,自测请勿点击,桃那个夭,2026-07-30 23:02:31,7.0,0.0,0.0,1.0,0.0,0.0,0.0,1.0,
2026-07-31 22:30:07,BV1pd3J6dE9x,86,BV1pd3J6dE9x,自测误点,只加冰__,2026-07-29 23:54:51,2.0,0.0,0.0,1.0,0.0,0.0,0.0,1.0,
2026-07-31 22:30:07,BV1VYNv6KEHa,87,BV1VYNv6KEHa,自测,是小文文ya,2026-07-15 14:21:13,455.0,14.0,0.0,1.0,0.0,0.0,0.0,1.0,
2026-07-31 22:30:07,BV1ZTKY6MEKB,88,BV1ZTKY6MEKB,自测别点,芋泥脑袋x,2026-07-22 00:01:37,137.0,18.0,0.0,1.0,0.0,0.0,0.0,1.0,
2026-07-31 22:30:07,BV1z23n6QEwm,89,BV1z23n6QEwm,自测视频 不要点开,61小幺妹,2026-07-29 22:29:25,1.0,1.0,0.0,1.0,0.0,0.0,0.0,1.0,
2026-07-31 22:30:07,BV1qqGF6cEXJ,90,BV1qqGF6cEXJ,自测2勿点-第一赛段,丨失眠数羊丨,2026-07-31 13:40:31,9.0,0.0,0.0,1.0,0.0,0.0,0.0,1.0,
2026-07-31 22:30:07,BV1eDGw6FEb3,91,BV1eDGw6FEb3,自测 勿点1,稚恋狗酱_,2026-07-31 16:51:52,12.0,0.0,0.0,1.0,0.0,0.0,0.0,1.0,
2026-07-31 22:30:07,BV1D33t6ZEcE,92,BV1D33t6ZEcE,自测2（勿点）,低能量地活着,2026-07-30 16:07:35,6.0,0.0,0.0,1.0,0.0,0.0,0.0,1.0,
2026-07-31 22:30:07,BV1hW316CE2T,93,BV1hW316CE2T,自测 勿点 7.31-8.3,妈粉来自Slytherin,2026-07-29 19:21:34,6.0,0.0,0.0,1.0,0.0,0.0,0.0,1.0,
2026-07-31 22:30:07,BV1GF3W6DEBc,94,BV1GF3W6DEBc,自测 勿点！！,源琳-,2026-07-30 10:44:29,16.0,0.0,0.0,1.0,0.0,0.0,0.0,1.0,
2026-07-31 22:30:07,BV18U3x6RESK,95,BV18U3x6RESK,【M雨梦】最新视频已上线，快来围观！,M雨梦,2026-07-30 11:45:25,31.0,0.0,0.0,1.0,0.0,0.0,0.0,1.0,
2026-07-31 22:30:07,BV1yB316PECF,96,BV1yB316PECF,7.31-8.3自测2,我素质低你让让我,2026-07-29 19:50:14,78.0,0.0,0.0,1.0,0.0,0.0,0.0,1.0,
2026-07-31 22:30:07,BV1J63n6dEUw,97,BV1J63n6dEUw,自测（勿点）,楊小咩_sheep,2026-07-29 21:35:56,0.0,0.0,0.0,0.0,0.0,0.0,0.0,1.0,
2026-07-31 22:30:07,BV1Y13x6oEEC,98,BV1Y13x6oEEC,第一阶段自测1 勿动勿点,周洲舟ov,2026-07-30 12:08:32,2.0,0.0,0.0,1.0,0.0,0.0,0.0,1.0,
2026-07-31 22:30:07,BV1qCGP6kEX5,99,BV1qCGP6kEX5,自测自测,Corgiibo,2026-07-31 20:26:39,6.0,0.0,0.0,1.0,0.0,0.0,0.0,1.0,
2026-07-31 22:30:07,BV16kGP6VEPS,100,BV16kGP6VEPS,自测 勿点,zoz-iii,2026-07-31 20:33:13,6.0,0.0,0.0,1.0,0.0,0.0,0.0,1.0,
2026-07-31 22:30:07,BV1L2GP6zEDd,101,BV1L2GP6zEDd,自测视频勿点,烊不源,2026-07-31 20:37:37,1.0,0.0,0.0,0.0,0.0,0.0,0.0,1.0,
2026-07-31 22:30:07,BV1Y1GF6REak,102,BV1Y1GF6REak,7.31自测，勿入！,蕴璞,2026-07-31 13:37:15,4.0,0.0,0.0,0.0,0.0,0.0,0.0,1.0,
2026-07-31 22:30:07,BV1UG3x6JEtV,103,BV1UG3x6JEtV,mmm赛段自测01,MadMadMe,2026-07-30 12:18:37,6.0,0.0,0.0,1.0,0.0,0.0,0.0,1.0,
2026-07-31 22:30:07,BV1sD3J6FER8,104,BV1sD3J6FER8,自测视频 禁止点击,羊村常住村民,2026-07-30 00:13:00,111.0,1.0,0.0,0.0,0.0,0.0,0.0,1.0,
2026-07-31 22:30:07,BV11qz4BJESa,105,BV11qz4BJESa,三点,ktmmt91,2026-01-26 03:54:41,204.0,1.0,0.0,2.0,0.0,0.0,0.0,1.0,
2026-07-31 22:30:07,BV1Du3x6HEs4,106,BV1Du3x6HEs4,肆意自测别点,肆意再现,2026-07-30 12:45:59,0.0,0.0,0.0,0.0,0.0,0.0,0.0,1.0,
2026-07-31 22:30:07,BV1GY3b6YEgN,107,BV1GY3b6YEgN,自测，勿点1,你爱喝果粒橙么,2026-07-30 22:19:49,15.0,1.0,0.0,1.0,0.0,0.0,0.0,1.0,
2026-07-31 22:30:07,BV1ef316SECU,108,BV1ef316SECU,【玖玖糖糖】最新视频上线，求关注！,玖玖糖糖,2026-07-29 19:26:11,20.0,0.0,0.0,1.0,0.0,0.0,0.0,1.0,
2026-07-31 22:30:07,BV1YJ316jEEE,109,,失败,,,,,,,,,,,62012
2026-07-31 22:30:07,BV1YUGw6hEqX,110,BV1YUGw6hEqX,自测视频1,顺只小摩尔__,2026-07-31 17:00:18,5.0,0.0,0.0,1.0,0.0,0.0,0.0,1.0,
2026-07-31 22:30:07,BV14nGw6DEa7,111,BV14nGw6DEa7,自测勿点1,咩巴啦噜,2026-07-31 18:00:28,8.0,1.0,0.0,1.0,0.0,1.0,0.0,1.0,
2026-07-31 22:30:07,BV16N316dER1,112,BV16N316dER1,【玖玖糖糖糖】最新视频来袭，快来看看吧！,玖玖糖糖糖,2026-07-29 21:22:29,13.0,0.0,0.0,0.0,0.0,0.0,0.0,1.0,
2026-07-31 22:30:07,BV1vSGP6BE82,113,BV1vSGP6BE82,自测勿点7.31-8.3,羊崽甜思思_,2026-07-31 20:11:15,6.0,0.0,0.0,1.0,0.0,0.0,0.0,1.0,
2026-07-31 22:30:07,BV1qD3a6mEAN,114,BV1qD3a6mEAN,自测勿点,ppdd-_,2026-07-31 07:21:42,18.0,0.0,0.0,1.0,0.0,0.0,0.0,1.0,
2026-07-31 22:30:07,BV1yH3x6VETZ,115,BV1yH3x6VETZ,自测视频，勿点一一一,dddddash6,2026-07-30 13:19:40,87.0,0.0,0.0,1.0,0.0,0.0,0.0,1.0,
2026-07-31 22:30:07,BV1Vh3h6kES4,116,BV1Vh3h6kES4,自测勿点,huixuan128,2026-07-31 00:50:54,58.0,0.0,0.0,1.0,0.0,0.0,0.0,1.0,
2026-07-31 22:30:07,BV1w63p6eENE,117,BV1w63p6eENE,自测勿点,不同CD,2026-07-30 10:33:21,20.0,1.0,0.0,1.0,0.0,0.0,0.0,1.0,
2026-07-31 22:30:07,BV15d3p6WEsc,118,BV15d3p6WEsc,自测 勿点‼️‼️‼️,椿芽榴莲,2026-07-30 10:41:29,6.0,0.0,0.0,0.0,0.0,0.0,0.0,1.0,
2026-07-31 22:30:07,BV1nSK56oEwv,119,BV1nSK56oEwv,自测,Oopsoooh,2026-07-16 20:18:14,361.0,16.0,0.0,1.0,0.0,0.0,0.0,1.0,
2026-07-31 22:30:07,BV1yB316PEU5,120,BV1yB316PEU5,7.31-8.3自测3,我素质低你让让我,2026-07-29 19:50:20,102.0,0.0,0.0,1.0,0.0,0.0,0.0,1.0,
2026-07-31 22:30:07,BV1jt3h6yEjW,121,BV1jt3h6yEjW,自测视频勿点,sherry银河系,2026-07-31 01:15:45,13.0,1.0,0.0,1.0,0.0,0.0,0.0,1.0,
2026-07-31 22:30:07,BV1wQ346kET4,122,BV1wQ346kET4,自测勿点1,潇潇暮晚吟,2026-07-30 17:06:15,3.0,0.0,0.0,1.0,0.0,0.0,0.0,1.0,
2026-07-31 22:30:07,BV1zHGN62EaP,123,BV1zHGN62EaP,自测视频 勿点1,苓且,2026-07-31 20:05:57,6.0,0.0,0.0,1.0,0.0,0.0,0.0,1.0,
2026-07-31 22:30:07,BV1BqGF6cEXT,124,BV1BqGF6cEXT,自测，勿点1,落叶眠烟,2026-07-31 13:41:36,4.0,0.0,0.0,1.0,0.0,0.0,0.0,1.0,
2026-07-31 22:30:07,BV1Vb3b6KEj6,125,BV1Vb3b6KEj6,自测1.0折杏春版,折杏春,2026-07-30 21:26:27,4.0,0.0,0.0,1.0,0.0,0.0,0.0,1.0,
2026-07-31 22:30:07,BV1YZGP6AEud,126,BV1YZGP6AEud,7.31至3日自测不要点,方圆几里里里里,2026-07-31 21:13:50,5.0,0.0,0.0,1.0,0.0,0.0,0.0,1.0,
2026-07-31 22:30:07,BV14U3J6hEEh,127,BV14U3J6hEEh,自测视频 禁止点击,波纹牌保文杯,2026-07-30 00:17:13,12.0,0.0,0.0,0.0,0.0,0.0,0.0,1.0,
2026-07-31 22:30:07,BV1EpGA6MEFc,128,BV1EpGA6MEFc,自测,bili_79266720008,2026-07-31 16:15:37,1.0,0.0,0.0,1.0,0.0,0.0,0.0,1.0,
2026-07-31 22:30:07,BV1kuGc6uEPM,129,BV1kuGc6uEPM,自测，勿点1,京城兔少,2026-07-31 12:10:23,4.0,0.0,0.0,1.0,0.0,0.0,0.0,1.0,
2026-07-31 22:30:07,BV1Zc386VE4g,130,BV1Zc386VE4g,自测勿点1,Bamboo-shade,2026-07-30 21:22:06,6.0,0.0,0.0,1.0,0.0,0.0,0.0,1.0,
2026-07-31 22:30:07,BV1UJ3t6pEGh,131,BV1UJ3t6pEGh,第一阶段自测,我要喝绿豆汤,2026-07-30 16:40:45,3.0,0.0,0.0,1.0,0.0,0.0,0.0,1.0,
2026-07-31 22:30:07,BV1UZ3t64Ecj,132,BV1UZ3t64Ecj,！,玳瑁大魔王,2026-07-30 22:49:02,122.0,2.0,0.0,0.0,0.0,0.0,0.0,1.0,
2026-07-31 22:30:07,BV1pr316wEpv,133,BV1pr316wEpv,刷播自测，勿点,第十一杯eleven,2026-07-29 19:55:38,4.0,1.0,0.0,1.0,0.0,0.0,0.0,1.0,
2026-07-31 22:30:07,BV1AQ3b6nEaY,134,BV1AQ3b6nEaY,【萌了个杨】我的最新作品，快来一睹为快！,萌了个杨,2026-07-30 20:20:40,20.0,0.0,0.0,1.0,0.0,0.0,0.0,1.0,
2026-07-31 22:30:07,BV1L43b6qEw4,135,BV1L43b6qEw4,自测1.0yzzr版,yzzr_b,2026-07-30 21:28:34,6.0,0.0,0.0,1.0,0.0,0.0,0.0,1.0,
2026-07-31 22:30:07,BV1Nq3p6iE7h,136,BV1Nq3p6iE7h,自测，勿点1,郁期物,2026-07-30 10:24:41,12.0,0.0,0.0,1.0,0.0,0.0,0.0,1.0,
2026-07-31 22:30:07,BV1ex3468Eib,137,BV1ex3468Eib,自测视频勿点,Rayla_X,2026-07-30 18:02:16,16.0,1.0,0.0,1.0,0.0,0.0,0.0,1.0,
2026-07-31 22:30:07,BV1yJ3x6yEx8,138,BV1yJ3x6yEx8,自测视频，勿点一一一二,dddddash6,2026-07-30 13:21:19,5.0,0.0,0.0,0.0,0.0,0.0,0.0,1.0,
2026-07-31 22:30:07,BV1kr316wEHH,139,BV1kr316wEHH,刷播自测，勿点,冬眠中的眼镜小姐,2026-07-29 19:59:08,8.0,0.0,0.0,1.0,0.0,0.0,0.0,1.0,
2026-07-31 22:30:07,BV1gAffBaE4f,140,BV1gAffBaE4f,自测3,半夏哒哒哒,2026-02-04 23:27:13,41.0,0.0,0.0,1.0,0.0,0.0,0.0,1.0,
2026-07-31 22:30:07,BV1EC3n69ErV,141,BV1EC3n69ErV,勿点 自测,bili_70067848892,2026-07-30 00:04:07,2.0,0.0,0.0,1.0,0.0,0.0,0.0,1.0,
2026-07-31 22:30:07,BV1jP386GE1N,142,BV1jP386GE1N,自测 勿入 1,秋雨__,2026-07-30 20:55:08,7.0,0.0,0.0,1.0,0.0,0.0,0.0,1.0,
2026-07-31 22:30:07,BV1mm3J6wEz4,143,BV1mm3J6wEz4,自测视频请勿点击,攒灵儿,2026-07-30 00:06:30,17.0,0.0,0.0,1.0,0.0,0.0,0.0,1.0,
2026-07-31 22:30:07,BV1sT3b6nE8d,144,BV1sT3b6nE8d,自测勿点,夏目の妖,2026-07-30 22:42:00,9.0,0.0,0.0,0.0,0.0,0.0,0.0,1.0,
2026-07-31 22:30:07,BV1LM386zE7M,145,BV1LM386zE7M,自存 勿入 2,盒饭刺豚,2026-07-30 20:58:42,152.0,0.0,0.0,1.0,0.0,0.0,0.0,1.0,
2026-07-31 22:30:07,BV1u43166E2t,146,BV1u43166E2t,自测误点,bili_21144701884,2026-07-29 21:56:06,7.0,0.0,0.0,1.0,0.0,0.0,0.0,1.0,
2026-07-31 22:30:07,BV1Qd3n6yEZE,147,BV1Qd3n6yEZE,自测视频 请勿点开,61小羊梅,2026-07-29 22:20:32,11.0,1.0,0.0,1.0,0.0,0.0,0.0,1.0,
2026-07-31 22:30:07,BV1dQ3n67Ego,148,BV1dQ3n67Ego,自测视频 请勿点开,女厕所战神_,2026-07-29 22:36:03,14.0,0.0,0.0,1.0,0.0,0.0,0.0,1.0,
2026-07-31 22:30:07,BV1Y13x6oEHJ,149,BV1Y13x6oEHJ,ntt0819赛段自测01,ntt0819,2026-07-30 12:09:18,0.0,0.0,0.0,1.0,0.0,0.0,0.0,1.0,
2026-07-31 22:30:07,BV16JGA6gEiZ,150,BV16JGA6gEiZ,【自测视频别点】,釦釦咯樓,2026-07-31 16:39:48,2.0,0.0,0.0,1.0,0.0,0.0,0.0,1.0,
2026-07-31 22:30:07,BV1eyGF6xEWL,151,BV1eyGF6xEWL,7.31自测,顺走YBW,2026-07-31 13:22:12,7.0,0.0,0.0,1.0,0.0,0.0,0.0,1.0,
2026-07-31 22:30:07,BV18AGN6fEEV,152,BV18AGN6fEEV,自测请勿点击,风枷锁,2026-07-31 20:55:34,1.0,0.0,0.0,1.0,0.0,0.0,0.0,1.0,
2026-07-31 22:30:07,BV1bAGN6fECo,153,BV1bAGN6fECo,自测请勿点击,风枷锁,2026-07-31 20:57:42,1.0,0.0,0.0,1.0,0.0,0.0,0.0,1.0,
2026-07-31 22:30:07,BV1qpGA6MEvj,154,BV1qpGA6MEvj,自测,愛與時,2026-07-31 16:13:33,1.0,0.0,0.0,1.0,0.0,0.0,0.0,1.0,
2026-07-31 22:30:07,BV1DU3x6RE7m,155,BV1DU3x6RE7m,自测勿进,腼腆自卑内向_,2026-07-30 11:45:46,231.0,2.0,0.0,1.0,0.0,0.0,0.0,1.0,
2026-07-31 22:30:07,BV1ck3p6AEa5,156,BV1ck3p6AEa5,自测、勿点1,涩咪亚,2026-07-30 10:28:12,14.0,0.0,0.0,1.0,0.0,0.0,0.0,1.0,
2026-07-31 22:30:07,BV1hD3x6WEyw,157,BV1hD3x6WEyw,lpss赛段自测01,_lpss,2026-07-30 11:56:25,0.0,0.0,0.0,1.0,0.0,0.0,0.0,1.0,
2026-07-31 22:30:07,BV1fEGc6AES3,158,BV1fEGc6AES3,自测误点1,眄睐99,2026-07-31 13:13:18,8.0,0.0,0.0,1.0,1.0,0.0,0.0,1.0,
2026-07-31 22:30:07,BV1ML3x6EEyM,159,BV1ML3x6EEyM,勿进！测试！pc端2,cannndy_,2026-07-30 12:26:16,1.0,0.0,0.0,1.0,0.0,0.0,0.0,1.0,
2026-07-31 22:30:07,BV1D33t6ZEYa,160,BV1D33t6ZEYa,自测1（勿点）,低能量地活着,2026-07-30 16:06:57,2.0,0.0,0.0,1.0,0.0,0.0,0.0,1.0,
2026-07-31 22:30:07,BV1zjGc6eEUZ,161,BV1zjGc6eEUZ,自测勿进勿进勿进,为什么是V,2026-07-31 13:16:35,8.0,0.0,0.0,1.0,0.0,0.0,0.0,1.0,
2026-07-31 22:30:07,BV19P3x6REne,162,BV19P3x6REne,自测肆意再现,饺饺者7,2026-07-30 12:40:52,2.0,0.0,0.0,0.0,1.0,0.0,0.0,1.0,
2026-07-31 22:30:07,BV1u63b6ZEKe,163,BV1u63b6ZEKe,自测1勿点,叶不修u,2026-07-30 21:58:55,4.0,0.0,0.0,0.0,0.0,0.0,0.0,1.0,
2026-07-31 22:30:07,BV1sN3b6QE3R,164,BV1sN3b6QE3R,【萸霜霜霜】Up主探索中，欢迎收看求三连！,萸霜霜霜,2026-07-30 22:44:51,130.0,2.0,0.0,2.0,0.0,0.0,0.0,1.0,
2026-07-31 22:30:07,BV1oq3x6AEBX,165,BV1oq3x6AEBX,自测视频勿点,雁渡寒潭yuan,2026-07-30 11:08:56,19.0,0.0,0.0,1.0,0.0,0.0,0.0,1.0,
2026-07-31 22:30:07,BV1oT3n6EEpQ,166,BV1oT3n6EEpQ,自测视频｜自用勿点,星光延长期,2026-07-30 00:34:03,15.0,0.0,0.0,1.0,0.0,0.0,0.0,1.0,
2026-07-31 22:30:07,BV1eZ316nEvS,167,BV1eZ316nEvS,【辉映皓天】新作上线，快来看看！,辉映皓天,2026-07-29 19:26:44,0.0,0.0,0.0,0.0,0.0,0.0,0.0,1.0,
2026-07-31 22:30:07,BV1qM3n6mEnw,168,BV1qM3n6mEnw,自测，勿点,已完结zzz,2026-07-30 00:38:24,4.0,0.0,0.0,1.0,0.0,1.0,0.0,1.0,
2026-07-31 22:30:07,BV1ikGF6ZEbn,169,BV1ikGF6ZEbn,自测，勿点1,醉江南ace,2026-07-31 13:26:46,7.0,0.0,0.0,1.0,0.0,0.0,0.0,1.0,
2026-07-31 22:30:07,BV1KtGP69Ee5,170,BV1KtGP69Ee5,自测勿点！！！,呆博萌羊_0601,2026-07-31 21:29:52,2.0,0.0,0.0,1.0,0.0,0.0,0.0,1.0,
2026-07-31 22:30:07,BV1AQ3b6nEZW,171,BV1AQ3b6nEZW,博丝自测，勿点谢谢1.1,bili_53292940566,2026-07-30 20:22:17,3.0,0.0,0.0,1.0,0.0,0.0,0.0,1.0,
2026-07-31 22:30:07,BV1M43n6vEHU,172,BV1M43n6vEHU,计划，误点,朔月新夏,2026-07-29 23:37:48,6.0,0.0,0.0,1.0,0.0,0.0,0.0,1.0,
2026-07-31 22:30:07,BV17EGc6AEtd,173,BV17EGc6AEtd,自测勿入,壹波纹0601,2026-07-31 13:13:36,1.0,0.0,0.0,1.0,0.0,0.0,0.0,1.0,
2026-07-31 22:30:07,BV1vb3b6KET1,174,BV1vb3b6KET1,自测1.0蓝莓酱版,蓝莓酱LEFT,2026-07-30 21:24:47,5.0,2.0,0.0,1.0,0.0,0.0,0.0,1.0,
2026-07-31 22:30:07,BV1vg3n6jEat,175,BV1vg3n6jEat,自测误点 1,午夜忧郁纯情甜妹总裁,2026-07-29 22:59:07,14.0,0.0,0.0,1.0,0.0,0.0,0.0,1.0,
2026-07-31 22:30:07,BV1Ni316iEQh,176,BV1Ni316iEQh,自测请勿点击,11225566778800,2026-07-29 19:52:44,2.0,0.0,0.0,0.0,0.0,0.0,0.0,1.0,
2026-07-31 22:30:07,BV1WB316NEqW,177,BV1WB316NEqW,自测请勿点击,小茄波纹呀,2026-07-29 19:52:00,1.0,0.0,0.0,0.0,0.0,0.0,0.0,1.0,
2026-07-31 22:30:07,BV1EHGN62Eoj,178,BV1EHGN62Eoj,自测勿点,-傻了吧唧,2026-07-31 20:07:09,7.0,0.0,0.0,1.0,0.0,0.0,0.0,1.0,
2026-07-31 22:30:07,BV1H3GA61EQS,179,BV1H3GA61EQS,自测,海洋朵花枯萎了,2026-07-31 15:38:52,0.0,0.0,0.0,1.0,0.0,0.0,0.0,1.0,
2026-07-31 22:30:07,BV1HX3b6SEBh,180,BV1HX3b6SEBh,自测勿点7.31_8.9,随便一只,2026-07-30 20:15:21,120.0,0.0,0.0,0.0,0.0,0.0,0.0,1.0,
2026-07-31 22:30:07,BV1iD3a6mEWK,181,BV1iD3a6mEWK,自测勿点,木易北北yoo,2026-07-31 07:23:21,6.0,0.0,0.0,1.0,0.0,0.0,0.0,1.0,
2026-07-31 22:30:07,BV1bNGN6tEwg,182,BV1bNGN6tEwg,自测请勿点击,风枷锁,2026-07-31 20:51:36,1.0,0.0,0.0,1.0,0.0,0.0,0.0,1.0,
2026-07-31 22:30:07,BV1fC3n6XECU,183,BV1fC3n6XECU,自测 勿点,123滴滴滴ddd,2026-07-29 21:45:52,37.0,0.0,0.0,1.0,0.0,0.0,0.0,1.0,
2026-07-31 22:30:07,BV18b316gEgT,184,BV18b316gEgT,自测误点,臻理不是真理,2026-07-29 19:29:12,7.0,0.0,0.0,1.0,0.0,0.0,0.0,1.0,
2026-07-31 22:30:07,BV15g3n6jEbS,185,BV15g3n6jEbS,自测3,午夜忧郁纯情甜妹总裁,2026-07-29 23:01:50,3.0,0.0,0.0,1.0,0.0,0.0,0.0,1.0,
2026-07-31 22:30:07,BV1rj3b65EKN,186,BV1rj3b65EKN,自测路人勿入,林中波纹曲,2026-07-30 23:05:39,13.0,1.0,0.0,1.0,0.0,0.0,0.0,1.0,
2026-07-31 22:30:07,BV15d3p6WEtX,187,BV15d3p6WEtX,1.0自测勿入,祝暥w_,2026-07-30 10:40:48,1.0,0.0,0.0,1.0,0.0,0.0,0.0,1.0,
2026-07-31 22:30:07,BV1Yy3x6tEok,188,BV1Yy3x6tEok,28150819赛段自测01,28150819,2026-07-30 12:13:09,28.0,0.0,0.0,1.0,25.0,0.0,0.0,1.0,
2026-07-31 22:30:07,BV1s43z67EXn,189,BV1s43z67EXn,自测 729,TAOTAOALL,2026-07-29 00:53:50,94.0,0.0,0.0,1.0,0.0,0.0,0.0,1.0,
2026-07-31 22:30:07,BV1ks3x63EL6,190,BV1ks3x63EL6,自测勿点1,暖大大的烘山芋,2026-07-30 12:53:46,19.0,0.0,0.0,1.0,0.0,0.0,0.0,1.0,
2026-07-31 22:30:07,BV1Ug3x6DE1b,191,BV1Ug3x6DE1b,0801-0803自测勿点2,你做咩吖咩,2026-07-30 12:21:07,0.0,0.0,0.0,0.0,0.0,0.0,0.0,1.0,
2026-07-31 22:30:07,BV1tY316qEMY,192,BV1tY316qEMY,自测勿点勿看,捏个小埋,2026-07-29 20:20:46,4.0,0.0,0.0,1.0,0.0,0.0,0.0,1.0,
2026-07-31 22:30:07,BV1Lg3n6jEKQ,193,BV1Lg3n6jEKQ,自测 2,午夜忧郁纯情甜妹总裁,2026-07-29 23:29:15,44.0,0.0,0.0,0.0,0.0,1.0,0.0,1.0,
2026-07-31 22:30:07,BV1PC3s6gEtM,194,BV1PC3s6gEtM,自测 勿点,kmdgzs,2026-07-30 13:58:35,14.0,0.0,0.0,1.0,0.0,0.0,0.0,1.0,
2026-07-31 22:30:07,BV12Y316qEdn,195,BV12Y316qEdn,自测勿点1,焱yyyan,2026-07-29 20:21:12,8.0,1.0,0.0,1.0,0.0,0.0,0.0,1.0,
2026-07-31 22:30:07,BV1hx316GEKS,196,BV1hx316GEKS,自测 勿点,自矜丨,2026-07-29 19:14:08,1.0,0.0,0.0,1.0,0.0,0.0,0.0,1.0,
2026-07-31 22:30:07,BV1tNGN6tESS,197,BV1tNGN6tESS,自测请勿点击,风枷锁,2026-07-31 20:54:14,1.0,0.0,0.0,1.0,0.0,0.0,0.0,1.0,
2026-07-31 22:30:07,BV1aZGP6AEvS,198,BV1aZGP6AEvS,7.31 0601 自测不要点,用户0601吗,2026-07-31 21:15:46,5.0,0.0,0.0,1.0,0.0,0.0,0.0,1.0,
2026-07-31 22:30:07,BV1XF3W6SEuz,199,BV1XF3W6SEuz,自测勿入,太阳好大好想鼠,2026-07-30 10:45:14,16.0,0.0,0.0,1.0,0.0,0.0,0.0,1.0,
2026-07-31 22:30:07,BV16N316dEjM,200,BV16N316dEjM,我的最新作品，快来一睹为快！,bili_47649027571,2026-07-29 22:53:36,1.0,0.0,0.0,0.0,0.0,0.0,0.0,1.0,
2026-07-31 22:30:07,BV1wiGP6EEqQ,201,BV1wiGP6EEqQ,自测勿点1,猫球不是毛球啊,2026-07-31 21:56:20,3.0,0.0,0.0,1.0,0.0,0.0,0.0,1.0,
2026-07-31 22:30:07,BV1cqGP6mEG4,202,BV1cqGP6mEG4,7.31自测视频不要点进去,财神爷的亲生女儿在,2026-07-31 21:57:21,0.0,0.0,0.0,0.0,0.0,0.0,0.0,1.0,
2026-07-31 22:30:07,BV1P8GP6pERt,203,BV1P8GP6pERt,自测勿入3,Rambo的羊角,2026-07-31 22:12:49,3.0,0.0,0.0,1.0,0.0,0.0,0.0,1.0,
2026-07-31 22:30:07,BV1dGcPz9EoF,204,BV1dGcPz9EoF,自测,无咖啡的伴侣,2026-02-09 01:06:36,4.0,0.0,0.0,1.0,0.0,0.0,0.0,1.0,
2026-07-31 22:30:07,BV1unGP6bEWu,205,BV1unGP6bEWu,7.31-8.3自测视频,木易遥沫,2026-07-31 21:51:12,3.0,0.0,0.0,1.0,0.0,0.0,0.0,1.0,
2026-07-31 22:30:07,BV1LezWBREYM,206,BV1LezWBREYM,1-自测视频，请勿点开,外太空的兔子,2026-01-22 19:01:37,2.0,0.0,0.0,0.0,0.0,0.0,0.0,1.0,
2026-07-31 22:30:07,BV1xU3h6cEjZ,207,BV1xU3h6cEjZ,7.31-8.3自测视频,小羊-_-ovo,2026-07-31 09:09:12,38.0,1.0,0.0,1.0,0.0,0.0,0.0,1.0,
2026-07-31 22:30:07,BV1fFznBnEkq,208,BV1fFznBnEkq,测试,猫吃鱼的吧,2026-01-22 01:25:29,9.0,0.0,0.0,1.0,0.0,0.0,0.0,1.0,
2026-07-31 22:30:07,BV1ZFznBnESY,209,BV1ZFznBnESY,测试,太空中的小羊,2026-01-22 01:23:59,6.0,0.0,0.0,1.0,0.0,0.0,0.0,1.0,
2026-07-31 22:30:07,BV1moGF67EiW,210,BV1moGF67EiW,9.31-8.3自测视频2,勤快的小破罐,2026-07-31 13:55:38,6.0,0.0,0.0,1.0,0.0,0.0,0.0,1.0,
2026-07-31 22:30:07,BV16zGP6LEa8,211,BV16zGP6LEa8,自测勿入2,耶加雪啡Rambo,2026-07-31 22:05:09,2.0,0.0,0.0,1.0,0.0,0.0,0.0,1.0,
2026-07-31 23:00:07,https://www.bilibili.com/video/BV1jN64BKECs/?spm_id_from=333.337.search-card.all.click,0,BV1jN64BKECs,【杨博文｜4K直拍】跟着节奏一起《闭嘴跳舞》～,关键时刻来瓶尖叫,2026-02-01 20:20:32,1427291.0,25870.0,15773.0,22038.0,7115.0,2371.0,7087.0,1.0,
2026-07-31 23:00:07,https://www.bilibili.com/video/BV1Lb6tBBEYC/?spm_id_from=333.1387.favlist.content.click&vd_source=bdf775a036c61c0159ac2f0c251aaeb7,1,BV1Lb6tBBEYC,【4K精剪】闭嘴跳舞 | 杨博文直拍 | 260201,underthepoplar,2026-02-02 00:00:55,346379.0,26766.0,13971.0,18931.0,6486.0,1808.0,3042.0,2.0,
2026-07-31 23:00:07,https://www.bilibili.com/video/BV1mJ64BREZY/?spm_id_from=333.1387.favlist.content.click&vd_source=bdf775a036c61c0159ac2f0c251aaeb7,2,BV1mJ64BREZY,【杨博文】闭嘴跳舞丨当主舞穿上西装就会得到,Kismet丨杨博文,2026-02-01 18:31:00,598065.0,34854.0,3776.0,25158.0,4729.0,442.0,592.0,11.0,
2026-07-31 23:00:07,https://www.bilibili.com/video/BV1XA6nBGEPV/?spm_id_from=333.1387.favlist.content.click,3,BV1XA6nBGEPV,【4K精剪】希区考克 作品152 | 杨博文直拍 | 260131,underthepoplar,2026-02-01 00:23:17,1933089.0,23154.0,21892.0,19616.0,17912.0,3987.0,6859.0,1.0,
2026-07-31 23:00:07,https://www.bilibili.com/video/BV1EGBCBmEo8/?spm_id_from=333.1387.favlist.content.click,4,BV1EGBCBmEo8,【杨博文｜4K高清直拍】魅魔级别的《Manta》舞台，看博文如何一yeah封神,关键时刻来瓶尖叫,2025-12-27 23:15:44,868476.0,12157.0,9513.0,10865.0,12684.0,973.0,2312.0,18.0,
2026-07-31 23:00:07,https://www.bilibili.com/video/BV1A5vkB2E1k/?spm_id_from=333.1387.favlist.content.click,5,BV1A5vkB2E1k,【杨博文】Hey Mama六机位纯舞直拍丨15岁舞台统治者的诞生，四代主舞燃炸全场！,Kismet丨杨博文,2025-12-28 22:28:16,2616381.0,62712.0,43997.0,45426.0,22046.0,13502.0,21052.0,14.0,
2026-07-31 23:00:07,https://www.bilibili.com/video/BV1EQK56xEZk/?spm_id_from=333.1387.favlist.content.click,6,BV1EQK56xEZk,【杨博文｜音乐现场】｜《全世界陪我出发》4K直拍，考核第一的大C位实在太亮眼！,关键时刻来瓶尖叫,2026-07-16 20:29:02,230382.0,9730.0,2736.0,5481.0,5637.0,10122.0,7774.0,17.0,
2026-07-31 23:00:07,https://www.bilibili.com/video/BV1JUK56tEh5/?spm_id_from=333.1387.favlist.content.click,7,BV1JUK56tEh5,【杨博文｜音乐现场】全程舒适！跟着标准答案出发不迷路｜《全世界陪我出发》4k横屏直拍,游园会_杨博文,2026-07-16 20:06:19,153514.0,7190.0,2300.0,3815.0,5069.0,1940.0,1769.0,1.0,
2026-07-31 23:00:07,https://www.bilibili.com/video/BV1kFKG6pEPe/?spm_id_from=333.1387.favlist.content.click,8,BV1kFKG6pEPe,【杨博文】夏日运动会《全世界陪我出发》4K直拍,Eternity丨杨博文,2026-07-16 19:13:38,40274.0,4722.0,711.0,2628.0,2323.0,36.0,93.0,1.0,
2026-07-31 23:00:07,bilibili.com/video/BV1M9ePzaELH/?spm_id_from=333.337.search-card.all.click,9,BV1M9ePzaELH,「杨博文｜卡拉永远OK」突发舞台事故？我怎么没看见,Astra_杨博文,2025-08-19 22:15:30,822821.0,14540.0,4654.0,9747.0,10688.0,623.0,536.0,15.0,
2026-07-31 23:00:07,BV1gx316VEoZ,10,BV1gx316VEoZ,自测,你吃不吃蛋挞-Y,2026-07-29 19:15:14,0.0,0.0,0.0,0.0,0.0,0.0,0.0,1.0,
2026-07-31 23:00:07,BV1UG3x6JEho,11,BV1UG3x6JEho,0801-0803自测勿点1,你做咩吖咩,2026-07-30 12:20:31,2.0,0.0,0.0,0.0,0.0,0.0,0.0,1.0,
2026-07-31 23:00:07,BV1ku3463EPp,13,BV1ku3463EPp,自测勿点,总有一天找到你,2026-07-30 20:11:56,12.0,0.0,0.0,1.0,0.0,0.0,0.0,1.0,
2026-07-31 23:00:07,BV1WN3b6QEfh,14,BV1WN3b6QEfh,？,玳瑁大魔王,2026-07-30 22:47:52,249.0,2.0,0.0,0.0,0.0,0.0,0.0,1.0,
2026-07-31 23:00:07,BV1EEFSzWE7Y,15,BV1EEFSzWE7Y,2.10自测视频不要点谢谢！,燃烧浮生哦改哦拖,2026-02-10 15:49:42,126.0,0.0,0.0,1.0,0.0,0.0,0.0,1.0,
2026-07-31 23:00:07,BV12sGP6REe7,16,BV12sGP6REe7,7.31 不是 自测不要点,不是高手_,2026-07-31 21:18:21,5.0,0.0,0.0,1.0,0.0,0.0,0.0,1.0,
2026-07-31 23:00:07,BV1g33t6fE9w,17,BV1g33t6fE9w,自测3（勿点）,低能量地活着,2026-07-30 16:07:34,2.0,0.0,0.0,1.0,0.0,0.0,0.0,1.0,
2026-07-31 23:00:07,BV1zv3x6eEup,18,BV1zv3x6eEup,自测,lala懒懒新新,2026-07-30 11:15:20,57.0,0.0,0.0,1.0,0.0,0.0,0.0,1.0,
2026-07-31 23:00:07,BV1fC3n6XE69,19,BV1fC3n6XE69,自测，请勿点击,crown2025,2026-07-29 21:46:27,16.0,0.0,0.0,1.0,0.0,0.0,0.0,1.0,
2026-07-31 23:00:07,BV1XdGP6eEzT,20,BV1XdGP6eEzT,自测请勿点击,风枷锁,2026-07-31 21:01:16,2.0,0.0,0.0,1.0,0.0,0.0,0.0,1.0,
2026-07-31 23:00:07,BV17EGc6AEVT,21,BV17EGc6AEVT,7.30自测,契樱超甜,2026-07-31 13:13:21,84.0,0.0,0.0,1.0,0.0,0.0,0.0,1.0,
2026-07-31 23:00:07,BV1R7316mEcy,22,BV1R7316mEcy,我困了•自测勿点,琦_羊,2026-07-29 21:59:00,9.0,0.0,0.0,1.0,0.0,0.0,0.0,1.0,
2026-07-31 23:00:07,BV1seNB6wEPh,23,BV1seNB6wEPh,自测视频，请勿点击！,爱意再次来袭,2026-07-16 00:06:20,11.0,23.0,0.0,1.0,0.0,0.0,0.0,1.0,
2026-07-31 23:00:07,BV1BJ3b6GECG,24,BV1BJ3b6GECG,自测,啵啵冬Y,2026-07-30 23:14:49,6.0,0.0,0.0,1.0,0.0,0.0,0.0,1.0,
2026-07-31 23:00:07,BV17F3t6TE7b,26,BV17F3t6TE7b,自测请勿点击,加菲走猫步,2026-07-30 17:50:23,75.0,0.0,0.0,0.0,0.0,0.0,0.0,1.0,
2026-07-31 23:00:07,BV17EGc6AEip,27,BV17EGc6AEip,7.30自测,我要薯啦awa,2026-07-31 13:14:17,1.0,0.0,0.0,0.0,0.0,0.0,0.0,1.0,
2026-07-31 23:00:07,BV1EnGA66EK3,28,BV1EnGA66EK3,自测视频【误点】,京城有个贝斯手,2026-07-31 16:36:59,2.0,0.0,0.0,1.0,0.0,0.0,0.0,1.0,
2026-07-31 23:00:07,BV1hm3x6xE8F,29,BV1hm3x6xE8F,【bbbbbb8330】我的最新作品，快来一睹为快！,bbbbbb8330,2026-07-30 11:49:13,37.0,0.0,0.0,1.0,0.0,0.0,0.0,1.0,
2026-07-31 23:00:07,BV1CF316FEGk,30,BV1CF316FEGk,自测勿进,Xisooay,2026-07-29 22:27:23,24.0,0.0,0.0,1.0,0.0,0.0,0.0,1.0,
2026-07-31 23:00:07,BV1BJGA6gEX5,31,BV1BJGA6gEX5,噔噔噔噔噔噔噔,芋泥牛奶吐司,2026-07-31 16:40:33,51.0,0.0,0.0,2.0,0.0,0.0,0.0,1.0,
2026-07-31 23:00:07,BV1mL3x67E6s,32,BV1mL3x67E6s,勿进。测试！pc端cdy,cannndy_,2026-07-30 12:24:46,10.0,0.0,0.0,1.0,0.0,0.0,0.0,1.0,
2026-07-31 23:00:07,BV1i3316QEi4,33,BV1i3316QEi4,自测勿点,就吃一根薯条蘸茄汁,2026-07-29 21:03:16,15.0,0.0,0.0,1.0,0.0,0.0,0.0,1.0,
2026-07-31 23:00:07,BV1oq3x6AExN,34,BV1oq3x6AExN,自测视频1.0,咬一口北北脸颊肉,2026-07-30 11:11:33,9.0,1.0,0.0,1.0,0.0,0.0,0.0,1.0,
2026-07-31 23:00:07,BV1mMNt6uEep,35,BV1mMNt6uEep,自测7.14,刘海打歪了,2026-07-14 22:03:29,5.0,13.0,0.0,1.0,0.0,0.0,0.0,1.0,
2026-07-31 23:00:07,BV1JnGA6zEKd,36,BV1JnGA6zEKd,自测 勿点1,羊只波纹兔_yy,2026-07-31 16:36:14,13.0,0.0,0.0,1.0,0.0,0.0,0.0,1.0,
2026-07-31 23:00:07,BV1GT5v6xEDT,37,BV1GT5v6xEDT,【玖儿糖糖】最新视频上线，求关注！,玖儿糖糖,2026-05-15 17:52:26,5.0,2.0,0.0,1.0,0.0,0.0,0.0,1.0,
2026-07-31 23:00:07,BV1RQ3n67Err,38,BV1RQ3n67Err,自测视频 请勿点开,嘟嘟DuduOvo,2026-07-29 22:39:48,2.0,0.0,0.0,1.0,0.0,0.0,0.0,1.0,
2026-07-31 23:00:07,BV1K23b69EFY,39,BV1K23b69EFY,自测勿点1,枝刊续__,2026-07-30 20:33:15,165.0,1.0,0.0,1.0,0.0,0.0,0.0,1.0,
2026-07-31 23:00:07,BV19F3W6SEvK,40,BV19F3W6SEvK,自测勿入,太阳很大不要鼠,2026-07-30 10:46:35,20.0,0.0,0.0,1.0,0.0,0.0,0.0,1.0,
2026-07-31 23:00:07,BV12J3t6pEtx,41,BV12J3t6pEtx,第一阶段自测,这个名字真的很难想,2026-07-30 17:39:10,12.0,0.0,0.0,1.0,0.0,0.0,0.0,1.0,
2026-07-31 23:00:07,BV1ef316SEGT,43,BV1ef316SEGT,超级自测,小小littlesheep,2026-07-29 19:07:58,5.0,0.0,0.0,1.0,0.0,0.0,0.0,1.0,
2026-07-31 23:00:07,BV1AQGA6EEZw,44,BV1AQGA6EEZw,自测用勿点击,堆满柠檬的鸟巢,2026-07-31 15:11:58,15.0,0.0,0.0,1.0,0.0,0.0,0.0,1.0,
2026-07-31 23:00:07,BV1nj3b65EhY,45,BV1nj3b65EhY,自用误入1,wuli沉浸式D,2026-07-30 23:07:41,80.0,2.0,0.0,1.0,0.0,0.0,0.0,1.0,
2026-07-31 23:00:07,BV15f3p6HEmt,46,BV15f3p6HEmt,1.0自测勿入（2）,呈子吼吼,2026-07-30 10:48:59,10.0,0.0,0.0,1.0,0.0,0.0,0.0,1.0,
2026-07-31 23:00:07,BV1jT386gEJW,47,BV1jT386gEJW,自测勿点1,小羊下雨问妖,2026-07-30 21:05:41,11.0,1.0,0.0,1.0,0.0,0.0,0.0,1.0,
2026-07-31 23:00:07,BV1Qr4y157Y4,48,BV1Qr4y157Y4,只是做任务,nicoicc,2022-08-06 13:18:05,104.0,5.0,0.0,1.0,0.0,1.0,0.0,1.0,
2026-07-31 23:00:07,BV1Ua316MENn,49,BV1Ua316MENn,自测 请勿点击,杨博文小漂亮,2026-07-29 20:03:49,18.0,1.0,0.0,1.0,0.0,0.0,0.0,1.0,
2026-07-31 23:00:07,BV1QRGw64E2r,50,BV1QRGw64E2r,自测,加贝061,2026-07-31 17:49:24,3.0,0.0,0.0,1.0,0.0,0.0,0.0,1.0,
2026-07-31 23:00:07,BV1sB316PEE2,51,BV1sB316PEE2,7.31-8.3自测,我素质低你让让我,2026-07-29 19:49:17,156.0,0.0,0.0,1.0,0.0,0.0,0.0,1.0,
2026-07-31 23:00:07,BV1Bg316pE2m,52,BV1Bg316pE2m,自测请勿点击,obsession-202,2026-07-29 21:27:37,25.0,0.0,0.0,1.0,0.0,0.0,0.0,1.0,
2026-07-31 23:00:07,BV1U9KV6KEN5,53,BV1U9KV6KEN5,自测勿点,杨語文歌,2026-07-16 22:39:00,167.0,12.0,0.0,1.0,0.0,0.0,0.0,1.0,
2026-07-31 23:00:07,BV1PQ3b6nEVG,54,BV1PQ3b6nEVG,博丝自测，勿点谢谢1.0,bili_53292940566,2026-07-30 20:19:46,21.0,0.0,0.0,2.0,0.0,0.0,0.0,1.0,
2026-07-31 23:00:07,BV1RkGF6oEFv,55,BV1RkGF6oEFv,自测1勿点-第一赛段,丨失眠数羊丨,2026-07-31 13:26:07,9.0,2.0,0.0,1.0,0.0,0.0,0.0,1.0,
2026-07-31 23:00:07,BV1UNGN6tEmj,56,BV1UNGN6tEmj,自测请勿点击,风枷锁,2026-07-31 20:53:23,1.0,0.0,0.0,1.0,0.0,0.0,0.0,1.0,
2026-07-31 23:00:07,BV1EnGA6zEqH,58,BV1EnGA6zEqH,自測 勿點1,梓序未央_AxSeq,2026-07-31 16:36:58,13.0,0.0,0.0,1.0,0.0,0.0,0.0,1.0,
2026-07-31 23:00:07,BV1vUGP6uE2W,59,BV1vUGP6uE2W,波纹测试视频7.31,机智豆好鸡汁,2026-07-31 20:16:09,19.0,0.0,0.0,1.0,0.0,0.0,0.0,1.0,
2026-07-31 23:00:07,BV1XdGP6eE6K,60,BV1XdGP6eE6K,自测请勿点击,风枷锁,2026-07-31 21:00:08,1.0,0.0,0.0,1.0,0.0,0.0,0.0,1.0,
2026-07-31 23:00:07,BV1ipGc68EUC,61,BV1ipGc68EUC,自测视频勿点,新用户080913,2026-07-31 12:57:28,71.0,0.0,0.0,1.0,0.0,0.0,0.0,1.0,
2026-07-31 23:00:07,BV1Tk3b64EA2,62,BV1Tk3b64EA2,自测勿点,怪盗乌哩哩,2026-07-30 22:13:24,118.0,1.0,0.0,0.0,0.0,0.0,0.0,1.0,
2026-07-31 23:00:07,BV1wR3b6EEvB,63,BV1wR3b6EEvB,自测2，自用,梦汐MX,2026-07-30 20:30:28,34.0,1.0,0.0,1.0,0.0,0.0,0.0,1.0,
2026-07-31 23:00:07,BV1eF3x6bEZY,64,BV1eF3x6bEZY,自测勿点,牛肉干爹,2026-07-30 14:00:28,124.0,2.0,0.0,1.0,0.0,1.0,0.0,1.0,
2026-07-31 23:00:07,BV1fS3p64EqR,65,BV1fS3p64EqR,自测勿点,dd鱿鱼须,2026-07-30 10:58:30,10.0,0.0,0.0,1.0,0.0,0.0,0.0,1.0,
2026-07-31 23:00:07,BV1Qm3x6xEvj,66,BV1Qm3x6xEvj,自测勿进,A鸡蛋批发商,2026-07-30 11:49:19,214.0,3.0,0.0,2.0,0.0,0.0,0.0,1.0,
2026-07-31 23:00:07,BV1xa3n6wESf,67,BV1xa3n6wESf,自测视频｜自用勿点,Solbudglow,2026-07-29 23:26:09,9.0,0.0,0.0,1.0,0.0,0.0,0.0,1.0,
2026-07-31 23:00:07,BV1ug3x6QEU5,68,BV1ug3x6QEU5,第一阶段3 听视频 勿动勿点,桧云渺,2026-07-30 12:22:56,2.0,0.0,0.0,1.0,0.0,0.0,0.0,1.0,
2026-07-31 23:00:07,BV1AQGA6EEWX,69,BV1AQGA6EEWX,自测，勿点,啵啵博文酱,2026-07-31 15:13:26,12.0,0.0,0.0,1.0,0.0,0.0,0.0,1.0,
2026-07-31 23:00:07,BV15s346cEVW,70,BV15s346cEVW,自测请勿点击,长在红旗下好青年,2026-07-30 18:06:00,6.0,0.0,0.0,0.0,0.0,0.0,0.0,1.0,
2026-07-31 23:00:07,BV19o3p6QExT,71,BV19o3p6QExT,自测视频勿入,嘎贝大王万万岁,2026-07-30 10:36:49,153.0,2.0,0.0,1.0,0.0,0.0,0.0,1.0,
2026-07-31 23:00:07,BV1ygGA6jEsw,72,BV1ygGA6jEsw,自测，勿点2,幸福的bowen,2026-07-31 15:40:19,1.0,0.0,0.0,1.0,0.0,0.0,0.0,1.0,
2026-07-31 23:00:07,BV1dT386uEX9,73,BV1dT386uEX9,自测1勿点,很爱学习的华夫饼,2026-07-30 21:02:19,141.0,0.0,0.0,1.0,0.0,0.0,0.0,1.0,
2026-07-31 23:00:07,BV1Rr3x68Eto,74,BV1Rr3x68Eto,第一阶段自测2 勿动勿点,书源不打烊ov2,2026-07-30 12:05:10,3.0,0.0,0.0,1.0,0.0,0.0,0.0,1.0,
2026-07-31 23:00:07,BV1EEGc6AEB1,75,BV1EEGc6AEB1,自测，勿点1,小妍love妮,2026-07-31 13:10:05,6.0,0.0,0.0,1.0,0.0,0.0,0.0,1.0,
2026-07-31 23:00:07,BV1hp3165Eq7,76,BV1hp3165Eq7,自测，勿点！,Insist愛,2026-07-29 19:38:40,13.0,0.0,0.0,1.0,0.0,0.0,0.0,1.0,
2026-07-31 23:00:07,BV1Eq3x6PEwg,77,BV1Eq3x6PEwg,自测,哈哈哈哈哈11_,2026-07-30 11:08:49,30.0,0.0,0.0,1.0,0.0,0.0,0.0,1.0,
2026-07-31 23:00:07,BV16vGw6gEEo,78,BV16vGw6gEEo,自测,摩西摩托,2026-07-31 18:29:30,1.0,0.0,0.0,0.0,0.0,0.0,0.0,1.0,
2026-07-31 23:00:07,BV1d3316QERP,79,BV1d3316QERP,自测视频1,呆羊精得很,2026-07-29 21:01:11,3.0,0.0,0.0,0.0,1.0,0.0,0.0,1.0,
2026-07-31 23:00:07,BV1Su3x6HE9g,80,BV1Su3x6HE9g,自测 勿点1,满目霖郎,2026-07-30 12:44:48,18.0,0.0,0.0,0.0,0.0,0.0,0.0,1.0,
2026-07-31 23:00:07,BV18z3b6bE71,81,BV18z3b6bE71,自测视频-1,么么北北mmbb,2026-07-30 22:01:50,138.0,2.0,0.0,1.0,0.0,0.0,0.0,1.0,
2026-07-31 23:00:07,BV1cg346rEVx,82,BV1cg346rEVx,粉海,zmmxi,2026-07-30 20:08:09,17.0,0.0,0.0,1.0,0.0,0.0,0.0,1.0,
2026-07-31 23:00:07,BV1Xm3x6xEFo,83,BV1Xm3x6xEFo,自测勿进,寿喜丸子锅,2026-07-30 11:49:45,52.0,1.0,0.0,2.0,0.0,0.0,0.0,1.0,
2026-07-31 23:00:07,BV11P3b6pEyQ,84,BV11P3b6pEyQ,自测路人勿入,语柒词,2026-07-30 22:32:04,113.0,0.0,0.0,1.0,0.0,0.0,0.0,1.0,
2026-07-31 23:00:07,BV1mf3t6dE7b,85,BV1mf3t6dE7b,自测请勿点击,桃那个夭,2026-07-30 23:02:31,13.0,0.0,0.0,1.0,0.0,0.0,0.0,1.0,
2026-07-31 23:00:07,BV1pd3J6dE9x,86,BV1pd3J6dE9x,自测误点,只加冰__,2026-07-29 23:54:51,4.0,0.0,0.0,1.0,0.0,0.0,0.0,1.0,
2026-07-31 23:00:07,BV1VYNv6KEHa,87,BV1VYNv6KEHa,自测,是小文文ya,2026-07-15 14:21:13,458.0,14.0,0.0,1.0,0.0,0.0,0.0,1.0,
2026-07-31 23:00:07,BV1ZTKY6MEKB,88,BV1ZTKY6MEKB,自测别点,芋泥脑袋x,2026-07-22 00:01:37,137.0,18.0,0.0,1.0,0.0,0.0,0.0,1.0,
2026-07-31 23:00:07,BV1z23n6QEwm,89,BV1z23n6QEwm,自测视频 不要点开,61小幺妹,2026-07-29 22:29:25,1.0,1.0,0.0,1.0,0.0,0.0,0.0,1.0,
2026-07-31 23:00:07,BV1qqGF6cEXJ,90,BV1qqGF6cEXJ,自测2勿点-第一赛段,丨失眠数羊丨,2026-07-31 13:40:31,15.0,0.0,0.0,1.0,0.0,0.0,0.0,1.0,
2026-07-31 23:00:07,BV1eDGw6FEb3,91,BV1eDGw6FEb3,自测 勿点1,稚恋狗酱_,2026-07-31 16:51:52,18.0,0.0,0.0,1.0,0.0,0.0,0.0,1.0,
2026-07-31 23:00:07,BV1D33t6ZEcE,92,BV1D33t6ZEcE,自测2（勿点）,低能量地活着,2026-07-30 16:07:35,8.0,0.0,0.0,1.0,0.0,0.0,0.0,1.0,
2026-07-31 23:00:07,BV1hW316CE2T,93,BV1hW316CE2T,自测 勿点 7.31-8.3,妈粉来自Slytherin,2026-07-29 19:21:34,12.0,0.0,0.0,1.0,0.0,0.0,0.0,1.0,
2026-07-31 23:00:07,BV1GF3W6DEBc,94,BV1GF3W6DEBc,自测 勿点！！,源琳-,2026-07-30 10:44:29,22.0,0.0,0.0,1.0,0.0,0.0,0.0,1.0,
2026-07-31 23:00:07,BV18U3x6RESK,95,BV18U3x6RESK,【M雨梦】最新视频已上线，快来围观！,M雨梦,2026-07-30 11:45:25,35.0,0.0,0.0,1.0,0.0,0.0,0.0,1.0,
2026-07-31 23:00:07,BV1yB316PECF,96,BV1yB316PECF,7.31-8.3自测2,我素质低你让让我,2026-07-29 19:50:14,81.0,0.0,0.0,1.0,0.0,0.0,0.0,1.0,
2026-07-31 23:00:07,BV1J63n6dEUw,97,BV1J63n6dEUw,自测（勿点）,楊小咩_sheep,2026-07-29 21:35:56,0.0,0.0,0.0,0.0,0.0,0.0,0.0,1.0,
2026-07-31 23:00:07,BV1Y13x6oEEC,98,BV1Y13x6oEEC,第一阶段自测1 勿动勿点,周洲舟ov,2026-07-30 12:08:32,2.0,0.0,0.0,1.0,0.0,0.0,0.0,1.0,
2026-07-31 23:00:07,BV1qCGP6kEX5,99,BV1qCGP6kEX5,自测自测,Corgiibo,2026-07-31 20:26:39,10.0,0.0,0.0,1.0,0.0,0.0,0.0,1.0,
2026-07-31 23:00:07,BV16kGP6VEPS,100,BV16kGP6VEPS,自测 勿点,zoz-iii,2026-07-31 20:33:13,11.0,0.0,0.0,1.0,0.0,0.0,0.0,1.0,
2026-07-31 23:00:07,BV1L2GP6zEDd,101,BV1L2GP6zEDd,自测视频勿点,烊不源,2026-07-31 20:37:37,2.0,0.0,0.0,0.0,0.0,0.0,0.0,1.0,
2026-07-31 23:00:07,BV1Y1GF6REak,102,BV1Y1GF6REak,7.31自测，勿入！,蕴璞,2026-07-31 13:37:15,4.0,0.0,0.0,0.0,0.0,0.0,0.0,1.0,
2026-07-31 23:00:07,BV1UG3x6JEtV,103,BV1UG3x6JEtV,mmm赛段自测01,MadMadMe,2026-07-30 12:18:37,11.0,0.0,0.0,1.0,0.0,0.0,0.0,1.0,
2026-07-31 23:00:07,BV1sD3J6FER8,104,BV1sD3J6FER8,自测视频 禁止点击,羊村常住村民,2026-07-30 00:13:00,111.0,1.0,0.0,0.0,0.0,0.0,0.0,1.0,
2026-07-31 23:00:07,BV11qz4BJESa,105,BV11qz4BJESa,三点,ktmmt91,2026-01-26 03:54:41,204.0,1.0,0.0,2.0,0.0,0.0,0.0,1.0,
2026-07-31 23:00:07,BV1Du3x6HEs4,106,BV1Du3x6HEs4,肆意自测别点,肆意再现,2026-07-30 12:45:59,0.0,0.0,0.0,0.0,0.0,0.0,0.0,1.0,
2026-07-31 23:00:07,BV1GY3b6YEgN,107,BV1GY3b6YEgN,自测，勿点1,你爱喝果粒橙么,2026-07-30 22:19:49,20.0,1.0,0.0,1.0,0.0,0.0,0.0,1.0,
2026-07-31 23:00:07,BV1ef316SECU,108,BV1ef316SECU,【玖玖糖糖】最新视频上线，求关注！,玖玖糖糖,2026-07-29 19:26:11,20.0,0.0,0.0,1.0,0.0,0.0,0.0,1.0,
2026-07-31 23:00:07,BV1YJ316jEEE,109,,失败,,,,,,,,,,,62012
2026-07-31 23:00:07,BV1YUGw6hEqX,110,BV1YUGw6hEqX,自测视频1,顺只小摩尔__,2026-07-31 17:00:18,5.0,0.0,0.0,1.0,0.0,0.0,0.0,1.0,
2026-07-31 23:00:07,BV14nGw6DEa7,111,BV14nGw6DEa7,自测勿点1,咩巴啦噜,2026-07-31 18:00:28,8.0,1.0,0.0,1.0,0.0,1.0,0.0,1.0,
2026-07-31 23:00:07,BV16N316dER1,112,BV16N316dER1,【玖玖糖糖糖】最新视频来袭，快来看看吧！,玖玖糖糖糖,2026-07-29 21:22:29,13.0,0.0,0.0,0.0,0.0,0.0,0.0,1.0,
2026-07-31 23:00:07,BV1vSGP6BE82,113,BV1vSGP6BE82,自测勿点7.31-8.3,羊崽甜思思_,2026-07-31 20:11:15,11.0,0.0,0.0,1.0,0.0,0.0,0.0,1.0,
2026-07-31 23:00:07,BV1qD3a6mEAN,114,BV1qD3a6mEAN,自测勿点,ppdd-_,2026-07-31 07:21:42,19.0,0.0,0.0,1.0,0.0,0.0,0.0,1.0,
2026-07-31 23:00:07,BV1yH3x6VETZ,115,BV1yH3x6VETZ,自测视频，勿点一一一,dddddash6,2026-07-30 13:19:40,87.0,0.0,0.0,1.0,0.0,0.0,0.0,1.0,
2026-07-31 23:00:07,BV1Vh3h6kES4,116,BV1Vh3h6kES4,自测勿点,huixuan128,2026-07-31 00:50:54,64.0,0.0,0.0,1.0,0.0,0.0,0.0,1.0,
2026-07-31 23:00:07,BV1w63p6eENE,117,BV1w63p6eENE,自测勿点,不同CD,2026-07-30 10:33:21,22.0,1.0,0.0,1.0,0.0,0.0,0.0,1.0,
2026-07-31 23:00:07,BV15d3p6WEsc,118,BV15d3p6WEsc,自测 勿点‼️‼️‼️,椿芽榴莲,2026-07-30 10:41:29,6.0,0.0,0.0,0.0,0.0,0.0,0.0,1.0,
2026-07-31 23:00:07,BV1nSK56oEwv,119,BV1nSK56oEwv,自测,Oopsoooh,2026-07-16 20:18:14,361.0,16.0,0.0,1.0,0.0,0.0,0.0,1.0,
2026-07-31 23:00:07,BV1yB316PEU5,120,BV1yB316PEU5,7.31-8.3自测3,我素质低你让让我,2026-07-29 19:50:20,102.0,0.0,0.0,1.0,0.0,0.0,0.0,1.0,
2026-07-31 23:00:07,BV1jt3h6yEjW,121,BV1jt3h6yEjW,自测视频勿点,sherry银河系,2026-07-31 01:15:45,13.0,1.0,0.0,1.0,0.0,0.0,0.0,1.0,
2026-07-31 23:00:07,BV1wQ346kET4,122,BV1wQ346kET4,自测勿点1,潇潇暮晚吟,2026-07-30 17:06:15,3.0,0.0,0.0,1.0,0.0,0.0,0.0,1.0,
2026-07-31 23:00:07,BV1zHGN62EaP,123,BV1zHGN62EaP,自测视频 勿点1,苓且,2026-07-31 20:05:57,11.0,0.0,0.0,1.0,0.0,0.0,0.0,1.0,
2026-07-31 23:00:07,BV1BqGF6cEXT,124,BV1BqGF6cEXT,自测，勿点1,落叶眠烟,2026-07-31 13:41:36,4.0,0.0,0.0,1.0,0.0,0.0,0.0,1.0,
2026-07-31 23:00:07,BV1Vb3b6KEj6,125,BV1Vb3b6KEj6,自测1.0折杏春版,折杏春,2026-07-30 21:26:27,4.0,0.0,0.0,1.0,0.0,0.0,0.0,1.0,
2026-07-31 23:00:07,BV1YZGP6AEud,126,BV1YZGP6AEud,7.31至3日自测不要点,方圆几里里里里,2026-07-31 21:13:50,10.0,0.0,0.0,1.0,0.0,0.0,0.0,1.0,
2026-07-31 23:00:07,BV14U3J6hEEh,127,BV14U3J6hEEh,自测视频 禁止点击,波纹牌保文杯,2026-07-30 00:17:13,12.0,0.0,0.0,0.0,0.0,0.0,0.0,1.0,
2026-07-31 23:00:07,BV1EpGA6MEFc,128,BV1EpGA6MEFc,自测,bili_79266720008,2026-07-31 16:15:37,3.0,0.0,0.0,1.0,0.0,0.0,0.0,1.0,
2026-07-31 23:00:07,BV1kuGc6uEPM,129,BV1kuGc6uEPM,自测，勿点1,京城兔少,2026-07-31 12:10:23,4.0,0.0,0.0,1.0,0.0,0.0,0.0,1.0,
2026-07-31 23:00:07,BV1Zc386VE4g,130,BV1Zc386VE4g,自测勿点1,Bamboo-shade,2026-07-30 21:22:06,11.0,0.0,0.0,1.0,0.0,0.0,0.0,1.0,
2026-07-31 23:00:07,BV1UJ3t6pEGh,131,BV1UJ3t6pEGh,第一阶段自测,我要喝绿豆汤,2026-07-30 16:40:45,3.0,0.0,0.0,1.0,0.0,0.0,0.0,1.0,
2026-07-31 23:00:07,BV1UZ3t64Ecj,132,BV1UZ3t64Ecj,！,玳瑁大魔王,2026-07-30 22:49:02,122.0,2.0,0.0,0.0,0.0,0.0,0.0,1.0,
2026-07-31 23:00:07,BV1pr316wEpv,133,BV1pr316wEpv,刷播自测，勿点,第十一杯eleven,2026-07-29 19:55:38,6.0,1.0,0.0,1.0,0.0,0.0,0.0,1.0,
2026-07-31 23:00:07,BV1AQ3b6nEaY,134,BV1AQ3b6nEaY,【萌了个杨】我的最新作品，快来一睹为快！,萌了个杨,2026-07-30 20:20:40,20.0,0.0,0.0,1.0,0.0,0.0,0.0,1.0,
2026-07-31 23:00:07,BV1L43b6qEw4,135,BV1L43b6qEw4,自测1.0yzzr版,yzzr_b,2026-07-30 21:28:34,10.0,0.0,0.0,1.0,0.0,0.0,0.0,1.0,
2026-07-31 23:00:07,BV1Nq3p6iE7h,136,BV1Nq3p6iE7h,自测，勿点1,郁期物,2026-07-30 10:24:41,18.0,0.0,0.0,1.0,0.0,0.0,0.0,1.0,
2026-07-31 23:00:07,BV1ex3468Eib,137,BV1ex3468Eib,自测视频勿点,Rayla_X,2026-07-30 18:02:16,20.0,1.0,0.0,1.0,0.0,0.0,0.0,1.0,
2026-07-31 23:00:07,BV1yJ3x6yEx8,138,BV1yJ3x6yEx8,自测视频，勿点一一一二,dddddash6,2026-07-30 13:21:19,6.0,0.0,0.0,1.0,0.0,0.0,0.0,1.0,
2026-07-31 23:00:07,BV1kr316wEHH,139,BV1kr316wEHH,刷播自测，勿点,冬眠中的眼镜小姐,2026-07-29 19:59:08,8.0,0.0,0.0,1.0,0.0,0.0,0.0,1.0,
2026-07-31 23:00:07,BV1gAffBaE4f,140,BV1gAffBaE4f,自测3,半夏哒哒哒,2026-02-04 23:27:13,41.0,0.0,0.0,1.0,0.0,0.0,0.0,1.0,
2026-07-31 23:00:07,BV1EC3n69ErV,141,BV1EC3n69ErV,勿点 自测,bili_70067848892,2026-07-30 00:04:07,2.0,0.0,0.0,1.0,0.0,0.0,0.0,1.0,
2026-07-31 23:00:07,BV1jP386GE1N,142,BV1jP386GE1N,自测 勿入 1,秋雨__,2026-07-30 20:55:08,10.0,0.0,0.0,1.0,0.0,0.0,0.0,1.0,
2026-07-31 23:00:07,BV1mm3J6wEz4,143,BV1mm3J6wEz4,自测视频请勿点击,攒灵儿,2026-07-30 00:06:30,18.0,0.0,0.0,1.0,0.0,0.0,0.0,1.0,
2026-07-31 23:00:07,BV1sT3b6nE8d,144,BV1sT3b6nE8d,自测勿点,夏目の妖,2026-07-30 22:42:00,9.0,0.0,0.0,0.0,0.0,0.0,0.0,1.0,
2026-07-31 23:00:07,BV1LM386zE7M,145,BV1LM386zE7M,自存 勿入 2,盒饭刺豚,2026-07-30 20:58:42,158.0,0.0,0.0,1.0,0.0,0.0,0.0,1.0,
2026-07-31 23:00:07,BV1u43166E2t,146,BV1u43166E2t,自测误点,bili_21144701884,2026-07-29 21:56:06,12.0,0.0,0.0,1.0,0.0,0.0,0.0,1.0,
2026-07-31 23:00:07,BV1Qd3n6yEZE,147,BV1Qd3n6yEZE,自测视频 请勿点开,61小羊梅,2026-07-29 22:20:32,13.0,1.0,0.0,1.0,0.0,0.0,0.0,1.0,
2026-07-31 23:00:07,BV1dQ3n67Ego,148,BV1dQ3n67Ego,自测视频 请勿点开,女厕所战神_,2026-07-29 22:36:03,14.0,0.0,0.0,1.0,0.0,0.0,0.0,1.0,
2026-07-31 23:00:07,BV1Y13x6oEHJ,149,BV1Y13x6oEHJ,ntt0819赛段自测01,ntt0819,2026-07-30 12:09:18,0.0,0.0,0.0,1.0,0.0,0.0,0.0,1.0,
2026-07-31 23:00:07,BV16JGA6gEiZ,150,BV16JGA6gEiZ,【自测视频别点】,釦釦咯樓,2026-07-31 16:39:48,4.0,0.0,0.0,1.0,0.0,0.0,0.0,1.0,
2026-07-31 23:00:07,BV1eyGF6xEWL,151,BV1eyGF6xEWL,7.31自测,顺走YBW,2026-07-31 13:22:12,12.0,0.0,0.0,1.0,0.0,0.0,0.0,1.0,
2026-07-31 23:00:07,BV18AGN6fEEV,152,BV18AGN6fEEV,自测请勿点击,风枷锁,2026-07-31 20:55:34,1.0,0.0,0.0,1.0,0.0,0.0,0.0,1.0,
2026-07-31 23:00:07,BV1bAGN6fECo,153,BV1bAGN6fECo,自测请勿点击,风枷锁,2026-07-31 20:57:42,1.0,0.0,0.0,1.0,0.0,0.0,0.0,1.0,
2026-07-31 23:00:07,BV1qpGA6MEvj,154,BV1qpGA6MEvj,自测,愛與時,2026-07-31 16:13:33,1.0,0.0,0.0,1.0,0.0,0.0,0.0,1.0,
2026-07-31 23:00:07,BV1DU3x6RE7m,155,BV1DU3x6RE7m,自测勿进,腼腆自卑内向_,2026-07-30 11:45:46,232.0,2.0,0.0,1.0,0.0,0.0,0.0,1.0,
2026-07-31 23:00:07,BV1ck3p6AEa5,156,BV1ck3p6AEa5,自测、勿点1,涩咪亚,2026-07-30 10:28:12,19.0,0.0,0.0,1.0,0.0,0.0,0.0,1.0,
2026-07-31 23:00:07,BV1hD3x6WEyw,157,BV1hD3x6WEyw,lpss赛段自测01,_lpss,2026-07-30 11:56:25,0.0,0.0,0.0,1.0,0.0,0.0,0.0,1.0,
2026-07-31 23:00:07,BV1fEGc6AES3,158,BV1fEGc6AES3,自测误点1,眄睐99,2026-07-31 13:13:18,13.0,0.0,0.0,1.0,1.0,0.0,0.0,1.0,
2026-07-31 23:00:07,BV1ML3x6EEyM,159,BV1ML3x6EEyM,勿进！测试！pc端2,cannndy_,2026-07-30 12:26:16,1.0,0.0,0.0,1.0,0.0,0.0,0.0,1.0,
2026-07-31 23:00:07,BV1D33t6ZEYa,160,BV1D33t6ZEYa,自测1（勿点）,低能量地活着,2026-07-30 16:06:57,2.0,0.0,0.0,1.0,0.0,0.0,0.0,1.0,
2026-07-31 23:00:07,BV1zjGc6eEUZ,161,BV1zjGc6eEUZ,自测勿进勿进勿进,为什么是V,2026-07-31 13:16:35,8.0,0.0,0.0,1.0,0.0,0.0,0.0,1.0,
2026-07-31 23:00:07,BV19P3x6REne,162,BV19P3x6REne,自测肆意再现,饺饺者7,2026-07-30 12:40:52,2.0,0.0,0.0,0.0,1.0,0.0,0.0,1.0,
2026-07-31 23:00:07,BV1u63b6ZEKe,163,BV1u63b6ZEKe,自测1勿点,叶不修u,2026-07-30 21:58:55,6.0,0.0,0.0,1.0,0.0,0.0,0.0,1.0,
2026-07-31 23:00:07,BV1sN3b6QE3R,164,BV1sN3b6QE3R,【萸霜霜霜】Up主探索中，欢迎收看求三连！,萸霜霜霜,2026-07-30 22:44:51,130.0,2.0,0.0,2.0,0.0,0.0,0.0,1.0,
2026-07-31 23:00:07,BV1oq3x6AEBX,165,BV1oq3x6AEBX,自测视频勿点,雁渡寒潭yuan,2026-07-30 11:08:56,24.0,0.0,0.0,1.0,0.0,0.0,0.0,1.0,
2026-07-31 23:00:07,BV1oT3n6EEpQ,166,BV1oT3n6EEpQ,自测视频｜自用勿点,星光延长期,2026-07-30 00:34:03,17.0,0.0,0.0,1.0,0.0,0.0,0.0,1.0,
2026-07-31 23:00:07,BV1eZ316nEvS,167,BV1eZ316nEvS,【辉映皓天】新作上线，快来看看！,辉映皓天,2026-07-29 19:26:44,0.0,0.0,0.0,0.0,0.0,0.0,0.0,1.0,
2026-07-31 23:00:07,BV1qM3n6mEnw,168,BV1qM3n6mEnw,自测，勿点,已完结zzz,2026-07-30 00:38:24,4.0,0.0,0.0,1.0,0.0,1.0,0.0,1.0,
2026-07-31 23:00:07,BV1ikGF6ZEbn,169,BV1ikGF6ZEbn,自测，勿点1,醉江南ace,2026-07-31 13:26:46,12.0,0.0,0.0,1.0,0.0,0.0,0.0,1.0,
2026-07-31 23:00:07,BV1KtGP69Ee5,170,BV1KtGP69Ee5,自测勿点！！！,呆博萌羊_0601,2026-07-31 21:29:52,4.0,0.0,0.0,1.0,0.0,0.0,0.0,1.0,
2026-07-31 23:00:07,BV1AQ3b6nEZW,171,BV1AQ3b6nEZW,博丝自测，勿点谢谢1.1,bili_53292940566,2026-07-30 20:22:17,8.0,0.0,0.0,1.0,0.0,0.0,0.0,1.0,
2026-07-31 23:00:07,BV1M43n6vEHU,172,BV1M43n6vEHU,计划，误点,朔月新夏,2026-07-29 23:37:48,11.0,0.0,0.0,1.0,0.0,0.0,0.0,1.0,
2026-07-31 23:00:07,BV17EGc6AEtd,173,BV17EGc6AEtd,自测勿入,壹波纹0601,2026-07-31 13:13:36,1.0,0.0,0.0,1.0,0.0,0.0,0.0,1.0,
2026-07-31 23:00:07,BV1vb3b6KET1,174,BV1vb3b6KET1,自测1.0蓝莓酱版,蓝莓酱LEFT,2026-07-30 21:24:47,5.0,2.0,0.0,1.0,0.0,0.0,0.0,1.0,
2026-07-31 23:00:07,BV1vg3n6jEat,175,BV1vg3n6jEat,自测误点 1,午夜忧郁纯情甜妹总裁,2026-07-29 22:59:07,14.0,0.0,0.0,1.0,0.0,0.0,0.0,1.0,
2026-07-31 23:00:07,BV1Ni316iEQh,176,BV1Ni316iEQh,自测请勿点击,11225566778800,2026-07-29 19:52:44,2.0,0.0,0.0,0.0,0.0,0.0,0.0,1.0,
2026-07-31 23:00:07,BV1WB316NEqW,177,BV1WB316NEqW,自测请勿点击,小茄波纹呀,2026-07-29 19:52:00,1.0,0.0,0.0,0.0,0.0,0.0,0.0,1.0,
2026-07-31 23:00:07,BV1EHGN62Eoj,178,BV1EHGN62Eoj,自测勿点,-傻了吧唧,2026-07-31 20:07:09,12.0,0.0,0.0,1.0,0.0,0.0,0.0,1.0,
2026-07-31 23:00:07,BV1H3GA61EQS,179,BV1H3GA61EQS,自测,海洋朵花枯萎了,2026-07-31 15:38:52,4.0,0.0,0.0,1.0,0.0,0.0,0.0,1.0,
2026-07-31 23:00:07,BV1HX3b6SEBh,180,BV1HX3b6SEBh,自测勿点7.31_8.9,随便一只,2026-07-30 20:15:21,120.0,0.0,0.0,0.0,0.0,0.0,0.0,1.0,
2026-07-31 23:00:07,BV1iD3a6mEWK,181,BV1iD3a6mEWK,自测勿点,木易北北yoo,2026-07-31 07:23:21,6.0,0.0,0.0,1.0,0.0,0.0,0.0,1.0,
2026-07-31 23:00:07,BV1bNGN6tEwg,182,BV1bNGN6tEwg,自测请勿点击,风枷锁,2026-07-31 20:51:36,1.0,0.0,0.0,1.0,0.0,0.0,0.0,1.0,
2026-07-31 23:00:07,BV1fC3n6XECU,183,BV1fC3n6XECU,自测 勿点,123滴滴滴ddd,2026-07-29 21:45:52,42.0,0.0,0.0,1.0,0.0,0.0,0.0,1.0,
2026-07-31 23:00:07,BV18b316gEgT,184,BV18b316gEgT,自测误点,臻理不是真理,2026-07-29 19:29:12,12.0,0.0,0.0,1.0,0.0,0.0,0.0,1.0,
2026-07-31 23:00:07,BV15g3n6jEbS,185,BV15g3n6jEbS,自测3,午夜忧郁纯情甜妹总裁,2026-07-29 23:01:50,3.0,0.0,0.0,1.0,0.0,0.0,0.0,1.0,
2026-07-31 23:00:07,BV1rj3b65EKN,186,BV1rj3b65EKN,自测路人勿入,林中波纹曲,2026-07-30 23:05:39,16.0,1.0,0.0,1.0,0.0,0.0,0.0,1.0,
2026-07-31 23:00:07,BV15d3p6WEtX,187,BV15d3p6WEtX,1.0自测勿入,祝暥w_,2026-07-30 10:40:48,1.0,0.0,0.0,1.0,0.0,0.0,0.0,1.0,
2026-07-31 23:00:07,BV1Yy3x6tEok,188,BV1Yy3x6tEok,28150819赛段自测01,28150819,2026-07-30 12:13:09,32.0,0.0,0.0,1.0,31.0,0.0,0.0,1.0,
2026-07-31 23:00:07,BV1s43z67EXn,189,BV1s43z67EXn,自测 729,TAOTAOALL,2026-07-29 00:53:50,95.0,0.0,0.0,1.0,0.0,0.0,0.0,1.0,
2026-07-31 23:00:07,BV1ks3x63EL6,190,BV1ks3x63EL6,自测勿点1,暖大大的烘山芋,2026-07-30 12:53:46,23.0,0.0,0.0,1.0,0.0,0.0,0.0,1.0,
2026-07-31 23:00:07,BV1Ug3x6DE1b,191,BV1Ug3x6DE1b,0801-0803自测勿点2,你做咩吖咩,2026-07-30 12:21:07,0.0,0.0,0.0,0.0,0.0,0.0,0.0,1.0,
2026-07-31 23:00:07,BV1tY316qEMY,192,BV1tY316qEMY,自测勿点勿看,捏个小埋,2026-07-29 20:20:46,8.0,0.0,0.0,1.0,0.0,0.0,0.0,1.0,
2026-07-31 23:00:07,BV1Lg3n6jEKQ,193,BV1Lg3n6jEKQ,自测 2,午夜忧郁纯情甜妹总裁,2026-07-29 23:29:15,44.0,0.0,0.0,0.0,0.0,1.0,0.0,1.0,
2026-07-31 23:00:07,BV1PC3s6gEtM,194,BV1PC3s6gEtM,自测 勿点,kmdgzs,2026-07-30 13:58:35,14.0,0.0,0.0,1.0,0.0,0.0,0.0,1.0,
2026-07-31 23:00:07,BV12Y316qEdn,195,BV12Y316qEdn,自测勿点1,焱yyyan,2026-07-29 20:21:12,8.0,1.0,0.0,1.0,0.0,0.0,0.0,1.0,
2026-07-31 23:00:07,BV1hx316GEKS,196,BV1hx316GEKS,自测 勿点,自矜丨,2026-07-29 19:14:08,1.0,0.0,0.0,1.0,0.0,0.0,0.0,1.0,
2026-07-31 23:00:07,BV1tNGN6tESS,197,BV1tNGN6tESS,自测请勿点击,风枷锁,2026-07-31 20:54:14,1.0,0.0,0.0,1.0,0.0,0.0,0.0,1.0,
2026-07-31 23:00:07,BV1aZGP6AEvS,198,BV1aZGP6AEvS,7.31 0601 自测不要点,用户0601吗,2026-07-31 21:15:46,10.0,0.0,0.0,1.0,0.0,0.0,0.0,1.0,
2026-07-31 23:00:07,BV1XF3W6SEuz,199,BV1XF3W6SEuz,自测勿入,太阳好大好想鼠,2026-07-30 10:45:14,21.0,0.0,0.0,1.0,0.0,0.0,0.0,1.0,
2026-07-31 23:00:07,BV16N316dEjM,200,BV16N316dEjM,我的最新作品，快来一睹为快！,bili_47649027571,2026-07-29 22:53:36,1.0,0.0,0.0,0.0,0.0,0.0,0.0,1.0,
2026-07-31 23:00:07,BV1wiGP6EEqQ,201,BV1wiGP6EEqQ,自测勿点1,猫球不是毛球啊,2026-07-31 21:56:20,3.0,0.0,0.0,1.0,0.0,0.0,0.0,1.0,
2026-07-31 23:00:07,BV1cqGP6mEG4,202,BV1cqGP6mEG4,7.31自测视频不要点进去,财神爷的亲生女儿在,2026-07-31 21:57:21,0.0,0.0,0.0,0.0,0.0,0.0,0.0,1.0,
2026-07-31 23:00:07,BV1P8GP6pERt,203,BV1P8GP6pERt,自测勿入3,Rambo的羊角,2026-07-31 22:12:49,3.0,0.0,0.0,1.0,0.0,0.0,0.0,1.0,
2026-07-31 23:00:07,BV1dGcPz9EoF,204,BV1dGcPz9EoF,自测,无咖啡的伴侣,2026-02-09 01:06:36,4.0,0.0,0.0,1.0,0.0,0.0,0.0,1.0,
2026-07-31 23:00:07,BV1unGP6bEWu,205,BV1unGP6bEWu,7.31-8.3自测视频,木易遥沫,2026-07-31 21:51:12,8.0,0.0,0.0,1.0,0.0,0.0,0.0,1.0,
2026-07-31 23:00:07,BV1LezWBREYM,206,BV1LezWBREYM,1-自测视频，请勿点开,外太空的兔子,2026-01-22 19:01:37,2.0,0.0,0.0,0.0,0.0,0.0,0.0,1.0,
2026-07-31 23:00:07,BV1xU3h6cEjZ,207,BV1xU3h6cEjZ,7.31-8.3自测视频,小羊-_-ovo,2026-07-31 09:09:12,47.0,1.0,0.0,1.0,0.0,0.0,0.0,1.0,
2026-07-31 23:00:07,BV1fFznBnEkq,208,BV1fFznBnEkq,测试,猫吃鱼的吧,2026-01-22 01:25:29,9.0,0.0,0.0,1.0,0.0,0.0,0.0,1.0,
2026-07-31 23:00:07,BV1ZFznBnESY,209,BV1ZFznBnESY,测试,太空中的小羊,2026-01-22 01:23:59,6.0,0.0,0.0,1.0,0.0,0.0,0.0,1.0,
2026-07-31 23:00:07,BV1moGF67EiW,210,BV1moGF67EiW,9.31-8.3自测视频2,勤快的小破罐,2026-07-31 13:55:38,11.0,0.0,0.0,1.0,0.0,0.0,0.0,1.0,
2026-07-31 23:00:07,BV16zGP6LEa8,211,BV16zGP6LEa8,自测勿入2,耶加雪啡Rambo,2026-07-31 22:05:09,2.0,0.0,0.0,1.0,0.0,0.0,0.0,1.0,
2026-07-31 23:30:06,https://www.bilibili.com/video/BV1jN64BKECs/?spm_id_from=333.337.search-card.all.click,0,BV1jN64BKECs,【杨博文｜4K直拍】跟着节奏一起《闭嘴跳舞》～,关键时刻来瓶尖叫,2026-02-01 20:20:32,1427320.0,25873.0,15774.0,22040.0,7120.0,2371.0,7087.0,1,
2026-07-31 23:30:06,https://www.bilibili.com/video/BV1Lb6tBBEYC/?spm_id_from=333.1387.favlist.content.click&vd_source=bdf775a036c61c0159ac2f0c251aaeb7,1,BV1Lb6tBBEYC,【4K精剪】闭嘴跳舞 | 杨博文直拍 | 260201,underthepoplar,2026-02-02 00:00:55,346431.0,26774.0,13973.0,18938.0,6493.0,1808.0,3042.0,1,
2026-07-31 23:30:06,https://www.bilibili.com/video/BV1mJ64BREZY/?spm_id_from=333.1387.favlist.content.click&vd_source=bdf775a036c61c0159ac2f0c251aaeb7,2,BV1mJ64BREZY,【杨博文】闭嘴跳舞丨当主舞穿上西装就会得到,Kismet丨杨博文,2026-02-01 18:31:00,598125.0,34854.0,3776.0,25158.0,4736.0,442.0,592.0,12,
2026-07-31 23:30:06,https://www.bilibili.com/video/BV1XA6nBGEPV/?spm_id_from=333.1387.favlist.content.click,3,BV1XA6nBGEPV,【4K精剪】希区考克 作品152 | 杨博文直拍 | 260131,underthepoplar,2026-02-01 00:23:17,1933105.0,23157.0,21895.0,19618.0,17918.0,3987.0,6859.0,1,
2026-07-31 23:30:06,https://www.bilibili.com/video/BV1EGBCBmEo8/?spm_id_from=333.1387.favlist.content.click,4,BV1EGBCBmEo8,【杨博文｜4K高清直拍】魅魔级别的《Manta》舞台，看博文如何一yeah封神,关键时刻来瓶尖叫,2025-12-27 23:15:44,868839.0,12160.0,9515.0,10867.0,12684.0,973.0,2312.0,20,
2026-07-31 23:30:06,https://www.bilibili.com/video/BV1A5vkB2E1k/?spm_id_from=333.1387.favlist.content.click,5,BV1A5vkB2E1k,【杨博文】Hey Mama六机位纯舞直拍丨15岁舞台统治者的诞生，四代主舞燃炸全场！,Kismet丨杨博文,2025-12-28 22:28:16,2616793.0,62717.0,43997.0,45430.0,22051.0,13503.0,21053.0,23,
2026-07-31 23:30:06,https://www.bilibili.com/video/BV1EQK56xEZk/?spm_id_from=333.1387.favlist.content.click,6,BV1EQK56xEZk,【杨博文｜音乐现场】｜《全世界陪我出发》4K直拍，考核第一的大C位实在太亮眼！,关键时刻来瓶尖叫,2026-07-16 20:29:02,230816.0,9739.0,2738.0,5488.0,5638.0,10131.0,7782.0,22,
2026-07-31 23:30:06,https://www.bilibili.com/video/BV1JUK56tEh5/?spm_id_from=333.1387.favlist.content.click,7,BV1JUK56tEh5,【杨博文｜音乐现场】全程舒适！跟着标准答案出发不迷路｜《全世界陪我出发》4k横屏直拍,游园会_杨博文,2026-07-16 20:06:19,153568.0,7191.0,2300.0,3814.0,5069.0,1940.0,1769.0,1,
2026-07-31 23:30:06,https://www.bilibili.com/video/BV1kFKG6pEPe/?spm_id_from=333.1387.favlist.content.click,8,BV1kFKG6pEPe,【杨博文】夏日运动会《全世界陪我出发》4K直拍,Eternity丨杨博文,2026-07-16 19:13:38,40276.0,4723.0,711.0,2628.0,2323.0,36.0,93.0,1,
2026-07-31 23:30:06,bilibili.com/video/BV1M9ePzaELH/?spm_id_from=333.337.search-card.all.click,9,BV1M9ePzaELH,「杨博文｜卡拉永远OK」突发舞台事故？我怎么没看见,Astra_杨博文,2025-08-19 22:15:30,823139.0,14541.0,4656.0,9753.0,10689.0,623.0,536.0,15,
2026-07-31 23:30:06,BV1gx316VEoZ,10,BV1gx316VEoZ,自测,你吃不吃蛋挞-Y,2026-07-29 19:15:14,0.0,0.0,0.0,0.0,0.0,0.0,0.0,1,
2026-07-31 23:30:06,BV1UG3x6JEho,11,BV1UG3x6JEho,0801-0803自测勿点1,你做咩吖咩,2026-07-30 12:20:31,2.0,0.0,0.0,0.0,0.0,0.0,0.0,1,
2026-07-31 23:30:06,BV1ku3463EPp,13,BV1ku3463EPp,自测勿点,总有一天找到你,2026-07-30 20:11:56,12.0,0.0,0.0,1.0,0.0,0.0,0.0,1,
2026-07-31 23:30:06,BV1WN3b6QEfh,14,BV1WN3b6QEfh,？,玳瑁大魔王,2026-07-30 22:47:52,249.0,2.0,0.0,0.0,0.0,0.0,0.0,1,
2026-07-31 23:30:06,BV1EEFSzWE7Y,15,BV1EEFSzWE7Y,2.10自测视频不要点谢谢！,燃烧浮生哦改哦拖,2026-02-10 15:49:42,126.0,0.0,0.0,1.0,0.0,0.0,0.0,1,
2026-07-31 23:30:06,BV12sGP6REe7,16,BV12sGP6REe7,7.31 不是 自测不要点,不是高手_,2026-07-31 21:18:21,5.0,0.0,0.0,1.0,0.0,0.0,0.0,1,
2026-07-31 23:30:06,BV1g33t6fE9w,17,BV1g33t6fE9w,自测3（勿点）,低能量地活着,2026-07-30 16:07:34,2.0,0.0,0.0,1.0,0.0,0.0,0.0,1,
2026-07-31 23:30:06,BV1zv3x6eEup,18,BV1zv3x6eEup,自测,lala懒懒新新,2026-07-30 11:15:20,57.0,0.0,0.0,1.0,0.0,0.0,0.0,1,
2026-07-31 23:30:06,BV1fC3n6XE69,19,BV1fC3n6XE69,自测，请勿点击,crown2025,2026-07-29 21:46:27,17.0,0.0,0.0,1.0,0.0,0.0,0.0,1,
2026-07-31 23:30:06,BV1XdGP6eEzT,20,BV1XdGP6eEzT,自测请勿点击,风枷锁,2026-07-31 21:01:16,2.0,0.0,0.0,1.0,0.0,0.0,0.0,1,
2026-07-31 23:30:06,BV17EGc6AEVT,21,BV17EGc6AEVT,7.30自测,契樱超甜,2026-07-31 13:13:21,89.0,0.0,0.0,1.0,0.0,0.0,0.0,1,
2026-07-31 23:30:06,BV1R7316mEcy,22,BV1R7316mEcy,我困了•自测勿点,琦_羊,2026-07-29 21:59:00,14.0,0.0,0.0,1.0,0.0,0.0,0.0,1,
2026-07-31 23:30:06,BV1seNB6wEPh,23,BV1seNB6wEPh,自测视频，请勿点击！,爱意再次来袭,2026-07-16 00:06:20,16.0,23.0,0.0,1.0,0.0,0.0,0.0,1,
2026-07-31 23:30:06,BV1BJ3b6GECG,24,BV1BJ3b6GECG,自测,啵啵冬Y,2026-07-30 23:14:49,12.0,0.0,0.0,1.0,0.0,0.0,0.0,1,
2026-07-31 23:30:06,BV17F3t6TE7b,26,BV17F3t6TE7b,自测请勿点击,加菲走猫步,2026-07-30 17:50:23,75.0,0.0,0.0,0.0,0.0,0.0,0.0,1,
2026-07-31 23:30:06,BV17EGc6AEip,27,BV17EGc6AEip,7.30自测,我要薯啦awa,2026-07-31 13:14:17,1.0,0.0,0.0,0.0,0.0,0.0,0.0,1,
2026-07-31 23:30:06,BV1EnGA66EK3,28,BV1EnGA66EK3,自测视频【误点】,京城有个贝斯手,2026-07-31 16:36:59,7.0,0.0,0.0,1.0,0.0,0.0,0.0,1,
2026-07-31 23:30:06,BV1hm3x6xE8F,29,BV1hm3x6xE8F,【bbbbbb8330】我的最新作品，快来一睹为快！,bbbbbb8330,2026-07-30 11:49:13,41.0,0.0,0.0,1.0,0.0,0.0,0.0,1,
2026-07-31 23:30:06,BV1CF316FEGk,30,BV1CF316FEGk,自测勿进,Xisooay,2026-07-29 22:27:23,27.0,0.0,0.0,1.0,0.0,0.0,0.0,1,
2026-07-31 23:30:06,BV1BJGA6gEX5,31,BV1BJGA6gEX5,噔噔噔噔噔噔噔,芋泥牛奶吐司,2026-07-31 16:40:33,58.0,0.0,0.0,2.0,0.0,0.0,0.0,1,
2026-07-31 23:30:06,BV1mL3x67E6s,32,BV1mL3x67E6s,勿进。测试！pc端cdy,cannndy_,2026-07-30 12:24:46,14.0,0.0,0.0,1.0,0.0,0.0,0.0,1,
2026-07-31 23:30:06,BV1i3316QEi4,33,BV1i3316QEi4,自测勿点,就吃一根薯条蘸茄汁,2026-07-29 21:03:16,20.0,0.0,0.0,1.0,0.0,0.0,0.0,1,
2026-07-31 23:30:06,BV1oq3x6AExN,34,BV1oq3x6AExN,自测视频1.0,咬一口北北脸颊肉,2026-07-30 11:11:33,12.0,1.0,0.0,1.0,0.0,0.0,0.0,1,
2026-07-31 23:30:06,BV1mMNt6uEep,35,BV1mMNt6uEep,自测7.14,刘海打歪了,2026-07-14 22:03:29,6.0,13.0,0.0,1.0,0.0,0.0,0.0,1,
2026-07-31 23:30:06,BV1JnGA6zEKd,36,BV1JnGA6zEKd,自测 勿点1,羊只波纹兔_yy,2026-07-31 16:36:14,18.0,0.0,0.0,1.0,0.0,0.0,0.0,1,
2026-07-31 23:30:06,BV1GT5v6xEDT,37,BV1GT5v6xEDT,【玖儿糖糖】最新视频上线，求关注！,玖儿糖糖,2026-05-15 17:52:26,5.0,2.0,0.0,1.0,0.0,0.0,0.0,1,
2026-07-31 23:30:06,BV1RQ3n67Err,38,BV1RQ3n67Err,自测视频 请勿点开,嘟嘟DuduOvo,2026-07-29 22:39:48,2.0,0.0,0.0,1.0,0.0,0.0,0.0,1,
2026-07-31 23:30:06,BV1K23b69EFY,39,BV1K23b69EFY,自测勿点1,枝刊续__,2026-07-30 20:33:15,165.0,1.0,0.0,1.0,0.0,0.0,0.0,1,
2026-07-31 23:30:06,BV19F3W6SEvK,40,BV19F3W6SEvK,自测勿入,太阳很大不要鼠,2026-07-30 10:46:35,25.0,0.0,0.0,1.0,0.0,0.0,0.0,1,
2026-07-31 23:30:06,BV12J3t6pEtx,41,BV12J3t6pEtx,第一阶段自测,这个名字真的很难想,2026-07-30 17:39:10,17.0,0.0,0.0,1.0,0.0,0.0,0.0,1,
2026-07-31 23:30:06,BV1ef316SEGT,43,BV1ef316SEGT,超级自测,小小littlesheep,2026-07-29 19:07:58,5.0,0.0,0.0,1.0,0.0,0.0,0.0,1,
2026-07-31 23:30:06,BV1AQGA6EEZw,44,BV1AQGA6EEZw,自测用勿点击,堆满柠檬的鸟巢,2026-07-31 15:11:58,20.0,0.0,0.0,1.0,0.0,0.0,0.0,1,
2026-07-31 23:30:06,BV1nj3b65EhY,45,BV1nj3b65EhY,自用误入1,wuli沉浸式D,2026-07-30 23:07:41,82.0,2.0,0.0,1.0,0.0,0.0,0.0,1,
2026-07-31 23:30:06,BV15f3p6HEmt,46,BV15f3p6HEmt,1.0自测勿入（2）,呈子吼吼,2026-07-30 10:48:59,15.0,0.0,0.0,1.0,0.0,0.0,0.0,1,
2026-07-31 23:30:06,BV1jT386gEJW,47,BV1jT386gEJW,自测勿点1,小羊下雨问妖,2026-07-30 21:05:41,14.0,1.0,0.0,1.0,0.0,0.0,0.0,1,
2026-07-31 23:30:06,BV1Qr4y157Y4,48,BV1Qr4y157Y4,只是做任务,nicoicc,2022-08-06 13:18:05,107.0,5.0,0.0,1.0,0.0,1.0,0.0,1,
2026-07-31 23:30:06,BV1Ua316MENn,49,BV1Ua316MENn,自测 请勿点击,杨博文小漂亮,2026-07-29 20:03:49,18.0,1.0,0.0,1.0,0.0,0.0,0.0,1,
2026-07-31 23:30:06,BV1QRGw64E2r,50,BV1QRGw64E2r,自测,加贝061,2026-07-31 17:49:24,3.0,0.0,0.0,1.0,0.0,0.0,0.0,1,
2026-07-31 23:30:06,BV1sB316PEE2,51,BV1sB316PEE2,7.31-8.3自测,我素质低你让让我,2026-07-29 19:49:17,158.0,0.0,0.0,1.0,0.0,0.0,0.0,1,
2026-07-31 23:30:06,BV1Bg316pE2m,52,BV1Bg316pE2m,自测请勿点击,obsession-202,2026-07-29 21:27:37,26.0,0.0,0.0,1.0,0.0,0.0,0.0,1,
2026-07-31 23:30:06,BV1U9KV6KEN5,53,BV1U9KV6KEN5,自测勿点,杨語文歌,2026-07-16 22:39:00,167.0,12.0,0.0,1.0,0.0,0.0,0.0,1,
2026-07-31 23:30:06,BV1PQ3b6nEVG,54,BV1PQ3b6nEVG,博丝自测，勿点谢谢1.0,bili_53292940566,2026-07-30 20:19:46,26.0,0.0,0.0,2.0,0.0,0.0,0.0,1,
2026-07-31 23:30:06,BV1RkGF6oEFv,55,BV1RkGF6oEFv,自测1勿点-第一赛段,丨失眠数羊丨,2026-07-31 13:26:07,14.0,2.0,0.0,1.0,0.0,0.0,0.0,1,
2026-07-31 23:30:06,BV1UNGN6tEmj,56,BV1UNGN6tEmj,自测请勿点击,风枷锁,2026-07-31 20:53:23,1.0,0.0,0.0,1.0,0.0,0.0,0.0,1,
2026-07-31 23:30:06,BV1qg316pEhR,57,BV1qg316pEhR,【61晓】新作上线，快来看看！,61晓,2026-07-29 21:28:57,24.0,1.0,0.0,1.0,0.0,0.0,0.0,1,
2026-07-31 23:30:06,BV1EnGA6zEqH,58,BV1EnGA6zEqH,自測 勿點1,梓序未央_AxSeq,2026-07-31 16:36:58,17.0,0.0,0.0,1.0,0.0,0.0,0.0,1,
2026-07-31 23:30:06,BV1vUGP6uE2W,59,BV1vUGP6uE2W,波纹测试视频7.31,机智豆好鸡汁,2026-07-31 20:16:09,23.0,0.0,0.0,1.0,0.0,0.0,0.0,1,
2026-07-31 23:30:06,BV1XdGP6eE6K,60,BV1XdGP6eE6K,自测请勿点击,风枷锁,2026-07-31 21:00:08,1.0,0.0,0.0,1.0,0.0,0.0,0.0,1,
2026-07-31 23:30:06,BV1ipGc68EUC,61,BV1ipGc68EUC,自测视频勿点,新用户080913,2026-07-31 12:57:28,76.0,0.0,0.0,1.0,0.0,0.0,0.0,1,
2026-07-31 23:30:06,BV1Tk3b64EA2,62,BV1Tk3b64EA2,自测勿点,怪盗乌哩哩,2026-07-30 22:13:24,118.0,1.0,0.0,0.0,0.0,0.0,0.0,1,
2026-07-31 23:30:06,BV1wR3b6EEvB,63,BV1wR3b6EEvB,自测2，自用,梦汐MX,2026-07-30 20:30:28,36.0,1.0,0.0,1.0,0.0,0.0,0.0,1,
2026-07-31 23:30:06,BV1eF3x6bEZY,64,BV1eF3x6bEZY,自测勿点,牛肉干爹,2026-07-30 14:00:28,129.0,2.0,0.0,1.0,0.0,1.0,0.0,1,
2026-07-31 23:30:06,BV1fS3p64EqR,65,BV1fS3p64EqR,自测勿点,dd鱿鱼须,2026-07-30 10:58:30,10.0,0.0,0.0,1.0,0.0,0.0,0.0,1,
2026-07-31 23:30:06,BV1Qm3x6xEvj,66,BV1Qm3x6xEvj,自测勿进,A鸡蛋批发商,2026-07-30 11:49:19,217.0,3.0,0.0,2.0,0.0,0.0,0.0,1,
2026-07-31 23:30:06,BV1xa3n6wESf,67,BV1xa3n6wESf,自测视频｜自用勿点,Solbudglow,2026-07-29 23:26:09,12.0,0.0,0.0,1.0,0.0,0.0,0.0,1,
2026-07-31 23:30:06,BV1ug3x6QEU5,68,BV1ug3x6QEU5,第一阶段3 听视频 勿动勿点,桧云渺,2026-07-30 12:22:56,2.0,0.0,0.0,1.0,0.0,0.0,0.0,1,
2026-07-31 23:30:06,BV1AQGA6EEWX,69,BV1AQGA6EEWX,自测，勿点,啵啵博文酱,2026-07-31 15:13:26,15.0,0.0,0.0,1.0,0.0,0.0,0.0,1,
2026-07-31 23:30:06,BV15s346cEVW,70,BV15s346cEVW,自测请勿点击,长在红旗下好青年,2026-07-30 18:06:00,6.0,0.0,0.0,0.0,0.0,0.0,0.0,1,
2026-07-31 23:30:06,BV19o3p6QExT,71,BV19o3p6QExT,自测视频勿入,嘎贝大王万万岁,2026-07-30 10:36:49,156.0,2.0,0.0,1.0,0.0,0.0,0.0,1,
2026-07-31 23:30:06,BV1ygGA6jEsw,72,BV1ygGA6jEsw,自测，勿点2,幸福的bowen,2026-07-31 15:40:19,1.0,0.0,0.0,1.0,0.0,0.0,0.0,1,
2026-07-31 23:30:06,BV1dT386uEX9,73,BV1dT386uEX9,自测1勿点,很爱学习的华夫饼,2026-07-30 21:02:19,142.0,0.0,0.0,1.0,0.0,0.0,0.0,1,
2026-07-31 23:30:06,BV1Rr3x68Eto,74,BV1Rr3x68Eto,第一阶段自测2 勿动勿点,书源不打烊ov2,2026-07-30 12:05:10,7.0,0.0,0.0,1.0,0.0,0.0,0.0,1,
2026-07-31 23:30:06,BV1EEGc6AEB1,75,BV1EEGc6AEB1,自测，勿点1,小妍love妮,2026-07-31 13:10:05,8.0,0.0,0.0,1.0,0.0,0.0,0.0,1,
2026-07-31 23:30:06,BV1hp3165Eq7,76,BV1hp3165Eq7,自测，勿点！,Insist愛,2026-07-29 19:38:40,17.0,0.0,0.0,1.0,0.0,0.0,0.0,1,
2026-07-31 23:30:06,BV1Eq3x6PEwg,77,BV1Eq3x6PEwg,自测,哈哈哈哈哈11_,2026-07-30 11:08:49,30.0,0.0,0.0,1.0,0.0,0.0,0.0,1,
2026-07-31 23:30:06,BV16vGw6gEEo,78,BV16vGw6gEEo,自测,摩西摩托,2026-07-31 18:29:30,1.0,0.0,0.0,0.0,0.0,0.0,0.0,1,
2026-07-31 23:30:06,BV1d3316QERP,79,BV1d3316QERP,自测视频1,呆羊精得很,2026-07-29 21:01:11,3.0,0.0,0.0,0.0,1.0,0.0,0.0,1,
2026-07-31 23:30:06,BV1Su3x6HE9g,80,BV1Su3x6HE9g,自测 勿点1,满目霖郎,2026-07-30 12:44:48,18.0,0.0,0.0,0.0,0.0,0.0,0.0,1,
2026-07-31 23:30:06,BV18z3b6bE71,81,BV18z3b6bE71,自测视频-1,么么北北mmbb,2026-07-30 22:01:50,138.0,2.0,0.0,1.0,0.0,0.0,0.0,1,
2026-07-31 23:30:06,BV1cg346rEVx,82,BV1cg346rEVx,粉海,zmmxi,2026-07-30 20:08:09,22.0,0.0,0.0,1.0,0.0,0.0,0.0,1,
2026-07-31 23:30:06,BV1Xm3x6xEFo,83,BV1Xm3x6xEFo,自测勿进,寿喜丸子锅,2026-07-30 11:49:45,52.0,1.0,0.0,2.0,0.0,0.0,0.0,1,
2026-07-31 23:30:06,BV11P3b6pEyQ,84,BV11P3b6pEyQ,自测路人勿入,语柒词,2026-07-30 22:32:04,118.0,0.0,0.0,1.0,0.0,0.0,0.0,1,
2026-07-31 23:30:06,BV1mf3t6dE7b,85,BV1mf3t6dE7b,自测请勿点击,桃那个夭,2026-07-30 23:02:31,17.0,0.0,0.0,1.0,0.0,0.0,0.0,1,
2026-07-31 23:30:06,BV1pd3J6dE9x,86,BV1pd3J6dE9x,自测误点,只加冰__,2026-07-29 23:54:51,7.0,0.0,0.0,1.0,0.0,0.0,0.0,1,
2026-07-31 23:30:06,BV1VYNv6KEHa,87,BV1VYNv6KEHa,自测,是小文文ya,2026-07-15 14:21:13,460.0,14.0,0.0,1.0,0.0,0.0,0.0,1,
2026-07-31 23:30:06,BV1ZTKY6MEKB,88,BV1ZTKY6MEKB,自测别点,芋泥脑袋x,2026-07-22 00:01:37,137.0,18.0,0.0,1.0,0.0,0.0,0.0,1,
2026-07-31 23:30:06,BV1z23n6QEwm,89,BV1z23n6QEwm,自测视频 不要点开,61小幺妹,2026-07-29 22:29:25,6.0,1.0,0.0,1.0,0.0,0.0,0.0,1,
2026-07-31 23:30:06,BV1qqGF6cEXJ,90,BV1qqGF6cEXJ,自测2勿点-第一赛段,丨失眠数羊丨,2026-07-31 13:40:31,20.0,0.0,0.0,1.0,0.0,0.0,0.0,1,
2026-07-31 23:30:06,BV1eDGw6FEb3,91,BV1eDGw6FEb3,自测 勿点1,稚恋狗酱_,2026-07-31 16:51:52,29.0,1.0,0.0,1.0,0.0,0.0,0.0,1,
2026-07-31 23:30:06,BV1D33t6ZEcE,92,BV1D33t6ZEcE,自测2（勿点）,低能量地活着,2026-07-30 16:07:35,11.0,0.0,0.0,1.0,0.0,0.0,0.0,1,
2026-07-31 23:30:06,BV1hW316CE2T,93,BV1hW316CE2T,自测 勿点 7.31-8.3,妈粉来自Slytherin,2026-07-29 19:21:34,17.0,0.0,0.0,1.0,0.0,0.0,0.0,1,
2026-07-31 23:30:06,BV1GF3W6DEBc,94,BV1GF3W6DEBc,自测 勿点！！,源琳-,2026-07-30 10:44:29,26.0,0.0,0.0,1.0,0.0,0.0,0.0,1,
2026-07-31 23:30:06,BV18U3x6RESK,95,BV18U3x6RESK,【M雨梦】最新视频已上线，快来围观！,M雨梦,2026-07-30 11:45:25,39.0,0.0,0.0,1.0,0.0,0.0,0.0,1,
2026-07-31 23:30:06,BV1yB316PECF,96,BV1yB316PECF,7.31-8.3自测2,我素质低你让让我,2026-07-29 19:50:14,82.0,0.0,0.0,1.0,0.0,0.0,0.0,1,
2026-07-31 23:30:06,BV1J63n6dEUw,97,BV1J63n6dEUw,自测（勿点）,楊小咩_sheep,2026-07-29 21:35:56,0.0,0.0,0.0,0.0,0.0,0.0,0.0,1,
2026-07-31 23:30:06,BV1Y13x6oEEC,98,BV1Y13x6oEEC,第一阶段自测1 勿动勿点,周洲舟ov,2026-07-30 12:08:32,2.0,0.0,0.0,1.0,0.0,0.0,0.0,1,
2026-07-31 23:30:06,BV1qCGP6kEX5,99,BV1qCGP6kEX5,自测自测,Corgiibo,2026-07-31 20:26:39,15.0,0.0,0.0,1.0,0.0,0.0,0.0,1,
2026-07-31 23:30:06,BV16kGP6VEPS,100,BV16kGP6VEPS,自测 勿点,zoz-iii,2026-07-31 20:33:13,16.0,0.0,0.0,1.0,0.0,0.0,0.0,1,
2026-07-31 23:30:06,BV1L2GP6zEDd,101,BV1L2GP6zEDd,自测视频勿点,烊不源,2026-07-31 20:37:37,2.0,0.0,0.0,0.0,0.0,0.0,0.0,1,
2026-07-31 23:30:06,BV1Y1GF6REak,102,BV1Y1GF6REak,7.31自测，勿入！,蕴璞,2026-07-31 13:37:15,4.0,0.0,0.0,0.0,0.0,0.0,0.0,1,
2026-07-31 23:30:06,BV1UG3x6JEtV,103,BV1UG3x6JEtV,mmm赛段自测01,MadMadMe,2026-07-30 12:18:37,16.0,0.0,0.0,1.0,0.0,0.0,0.0,1,
2026-07-31 23:30:06,BV1sD3J6FER8,104,BV1sD3J6FER8,自测视频 禁止点击,羊村常住村民,2026-07-30 00:13:00,111.0,1.0,0.0,0.0,0.0,0.0,0.0,1,
2026-07-31 23:30:06,BV11qz4BJESa,105,BV11qz4BJESa,三点,ktmmt91,2026-01-26 03:54:41,204.0,1.0,0.0,2.0,0.0,0.0,0.0,1,
2026-07-31 23:30:06,BV1Du3x6HEs4,106,BV1Du3x6HEs4,肆意自测别点,肆意再现,2026-07-30 12:45:59,5.0,0.0,0.0,1.0,0.0,0.0,0.0,1,
2026-07-31 23:30:06,BV1GY3b6YEgN,107,BV1GY3b6YEgN,自测，勿点1,你爱喝果粒橙么,2026-07-30 22:19:49,25.0,1.0,0.0,1.0,0.0,0.0,0.0,1,
2026-07-31 23:30:06,BV1ef316SECU,108,BV1ef316SECU,【玖玖糖糖】最新视频上线，求关注！,玖玖糖糖,2026-07-29 19:26:11,20.0,0.0,0.0,1.0,0.0,0.0,0.0,1,
2026-07-31 23:30:06,BV1YJ316jEEE,109,,失败,,,,,,,,,,,62012
2026-07-31 23:30:06,BV1YUGw6hEqX,110,BV1YUGw6hEqX,自测视频1,顺只小摩尔__,2026-07-31 17:00:18,6.0,0.0,0.0,1.0,0.0,0.0,0.0,1,
2026-07-31 23:30:06,BV14nGw6DEa7,111,BV14nGw6DEa7,自测勿点1,咩巴啦噜,2026-07-31 18:00:28,8.0,1.0,0.0,1.0,0.0,1.0,0.0,1,
2026-07-31 23:30:06,BV16N316dER1,112,BV16N316dER1,【玖玖糖糖糖】最新视频来袭，快来看看吧！,玖玖糖糖糖,2026-07-29 21:22:29,13.0,0.0,0.0,0.0,0.0,0.0,0.0,1,
2026-07-31 23:30:06,BV1vSGP6BE82,113,BV1vSGP6BE82,自测勿点7.31-8.3,羊崽甜思思_,2026-07-31 20:11:15,15.0,0.0,0.0,1.0,0.0,0.0,0.0,1,
2026-07-31 23:30:06,BV1qD3a6mEAN,114,BV1qD3a6mEAN,自测勿点,ppdd-_,2026-07-31 07:21:42,19.0,0.0,0.0,1.0,0.0,0.0,0.0,1,
2026-07-31 23:30:06,BV1yH3x6VETZ,115,BV1yH3x6VETZ,自测视频，勿点一一一,dddddash6,2026-07-30 13:19:40,87.0,0.0,0.0,1.0,0.0,0.0,0.0,1,
2026-07-31 23:30:06,BV1Vh3h6kES4,116,BV1Vh3h6kES4,自测勿点,huixuan128,2026-07-31 00:50:54,70.0,0.0,0.0,1.0,0.0,0.0,0.0,1,
2026-07-31 23:30:06,BV1w63p6eENE,117,BV1w63p6eENE,自测勿点,不同CD,2026-07-30 10:33:21,24.0,1.0,0.0,1.0,0.0,0.0,0.0,1,
2026-07-31 23:30:06,BV15d3p6WEsc,118,BV15d3p6WEsc,自测 勿点‼️‼️‼️,椿芽榴莲,2026-07-30 10:41:29,6.0,0.0,0.0,0.0,0.0,0.0,0.0,1,
2026-07-31 23:30:06,BV1nSK56oEwv,119,BV1nSK56oEwv,自测,Oopsoooh,2026-07-16 20:18:14,364.0,16.0,0.0,1.0,0.0,0.0,0.0,1,
2026-07-31 23:30:06,BV1yB316PEU5,120,BV1yB316PEU5,7.31-8.3自测3,我素质低你让让我,2026-07-29 19:50:20,102.0,0.0,0.0,1.0,0.0,0.0,0.0,1,
2026-07-31 23:30:06,BV1jt3h6yEjW,121,BV1jt3h6yEjW,自测视频勿点,sherry银河系,2026-07-31 01:15:45,13.0,1.0,0.0,1.0,0.0,0.0,0.0,1,
2026-07-31 23:30:06,BV1wQ346kET4,122,BV1wQ346kET4,自测勿点1,潇潇暮晚吟,2026-07-30 17:06:15,3.0,0.0,0.0,1.0,0.0,0.0,0.0,1,
2026-07-31 23:30:06,BV1zHGN62EaP,123,BV1zHGN62EaP,自测视频 勿点1,苓且,2026-07-31 20:05:57,17.0,0.0,0.0,1.0,0.0,0.0,0.0,1,
2026-07-31 23:30:06,BV1BqGF6cEXT,124,BV1BqGF6cEXT,自测，勿点1,落叶眠烟,2026-07-31 13:41:36,5.0,0.0,0.0,1.0,0.0,0.0,0.0,1,
2026-07-31 23:30:06,BV1Vb3b6KEj6,125,BV1Vb3b6KEj6,自测1.0折杏春版,折杏春,2026-07-30 21:26:27,5.0,0.0,0.0,1.0,0.0,0.0,0.0,1,
2026-07-31 23:30:06,BV1YZGP6AEud,126,BV1YZGP6AEud,7.31至3日自测不要点,方圆几里里里里,2026-07-31 21:13:50,16.0,0.0,0.0,1.0,0.0,0.0,0.0,1,
2026-07-31 23:30:06,BV14U3J6hEEh,127,BV14U3J6hEEh,自测视频 禁止点击,波纹牌保文杯,2026-07-30 00:17:13,12.0,0.0,0.0,0.0,0.0,0.0,0.0,1,
2026-07-31 23:30:06,BV1EpGA6MEFc,128,BV1EpGA6MEFc,自测,bili_79266720008,2026-07-31 16:15:37,4.0,0.0,0.0,1.0,0.0,0.0,0.0,1,
2026-07-31 23:30:06,BV1kuGc6uEPM,129,BV1kuGc6uEPM,自测，勿点1,京城兔少,2026-07-31 12:10:23,4.0,0.0,0.0,1.0,0.0,0.0,0.0,1,
2026-07-31 23:30:06,BV1Zc386VE4g,130,BV1Zc386VE4g,自测勿点1,Bamboo-shade,2026-07-30 21:22:06,16.0,0.0,0.0,1.0,0.0,0.0,0.0,1,
2026-07-31 23:30:06,BV1UJ3t6pEGh,131,BV1UJ3t6pEGh,第一阶段自测,我要喝绿豆汤,2026-07-30 16:40:45,3.0,0.0,0.0,1.0,0.0,0.0,0.0,1,
2026-07-31 23:30:06,BV1UZ3t64Ecj,132,BV1UZ3t64Ecj,！,玳瑁大魔王,2026-07-30 22:49:02,122.0,2.0,0.0,0.0,0.0,0.0,0.0,1,
2026-07-31 23:30:06,BV1pr316wEpv,133,BV1pr316wEpv,刷播自测，勿点,第十一杯eleven,2026-07-29 19:55:38,9.0,1.0,0.0,1.0,0.0,0.0,0.0,1,
2026-07-31 23:30:06,BV1AQ3b6nEaY,134,BV1AQ3b6nEaY,【萌了个杨】我的最新作品，快来一睹为快！,萌了个杨,2026-07-30 20:20:40,27.0,0.0,0.0,1.0,1.0,0.0,0.0,1,
2026-07-31 23:30:06,BV1L43b6qEw4,135,BV1L43b6qEw4,自测1.0yzzr版,yzzr_b,2026-07-30 21:28:34,14.0,0.0,0.0,1.0,0.0,0.0,0.0,1,
2026-07-31 23:30:06,BV1Nq3p6iE7h,136,BV1Nq3p6iE7h,自测，勿点1,郁期物,2026-07-30 10:24:41,21.0,0.0,0.0,1.0,0.0,0.0,0.0,1,
2026-07-31 23:30:06,BV1ex3468Eib,137,BV1ex3468Eib,自测视频勿点,Rayla_X,2026-07-30 18:02:16,22.0,1.0,0.0,1.0,0.0,0.0,0.0,1,
2026-07-31 23:30:06,BV1yJ3x6yEx8,138,BV1yJ3x6yEx8,自测视频，勿点一一一二,dddddash6,2026-07-30 13:21:19,6.0,0.0,0.0,1.0,0.0,0.0,0.0,1,
2026-07-31 23:30:06,BV1kr316wEHH,139,BV1kr316wEHH,刷播自测，勿点,冬眠中的眼镜小姐,2026-07-29 19:59:08,8.0,0.0,0.0,1.0,0.0,0.0,0.0,1,
2026-07-31 23:30:06,BV1gAffBaE4f,140,BV1gAffBaE4f,自测3,半夏哒哒哒,2026-02-04 23:27:13,41.0,0.0,0.0,1.0,0.0,0.0,0.0,1,
2026-07-31 23:30:06,BV1EC3n69ErV,141,BV1EC3n69ErV,勿点 自测,bili_70067848892,2026-07-30 00:04:07,2.0,0.0,0.0,1.0,0.0,0.0,0.0,1,
2026-07-31 23:30:06,BV1jP386GE1N,142,BV1jP386GE1N,自测 勿入 1,秋雨__,2026-07-30 20:55:08,11.0,0.0,0.0,1.0,0.0,0.0,0.0,1,
2026-07-31 23:30:06,BV1mm3J6wEz4,143,BV1mm3J6wEz4,自测视频请勿点击,攒灵儿,2026-07-30 00:06:30,18.0,0.0,0.0,1.0,0.0,0.0,0.0,1,
2026-07-31 23:30:06,BV1sT3b6nE8d,144,BV1sT3b6nE8d,自测勿点,夏目の妖,2026-07-30 22:42:00,13.0,0.0,0.0,1.0,0.0,0.0,0.0,1,
2026-07-31 23:30:06,BV1LM386zE7M,145,BV1LM386zE7M,自存 勿入 2,盒饭刺豚,2026-07-30 20:58:42,163.0,0.0,0.0,1.0,0.0,0.0,0.0,1,
2026-07-31 23:30:06,BV1u43166E2t,146,BV1u43166E2t,自测误点,bili_21144701884,2026-07-29 21:56:06,17.0,0.0,0.0,1.0,0.0,0.0,0.0,1,
2026-07-31 23:30:06,BV1Qd3n6yEZE,147,BV1Qd3n6yEZE,自测视频 请勿点开,61小羊梅,2026-07-29 22:20:32,18.0,1.0,0.0,1.0,0.0,0.0,0.0,1,
2026-07-31 23:30:06,BV1dQ3n67Ego,148,BV1dQ3n67Ego,自测视频 请勿点开,女厕所战神_,2026-07-29 22:36:03,14.0,0.0,0.0,1.0,0.0,0.0,0.0,1,
2026-07-31 23:30:06,BV1Y13x6oEHJ,149,BV1Y13x6oEHJ,ntt0819赛段自测01,ntt0819,2026-07-30 12:09:18,0.0,0.0,0.0,1.0,0.0,0.0,0.0,1,
2026-07-31 23:30:06,BV16JGA6gEiZ,150,BV16JGA6gEiZ,【自测视频别点】,釦釦咯樓,2026-07-31 16:39:48,12.0,0.0,0.0,1.0,0.0,0.0,0.0,1,
2026-07-31 23:30:06,BV1eyGF6xEWL,151,BV1eyGF6xEWL,7.31自测,顺走YBW,2026-07-31 13:22:12,17.0,0.0,0.0,1.0,0.0,0.0,0.0,1,
2026-07-31 23:30:06,BV18AGN6fEEV,152,BV18AGN6fEEV,自测请勿点击,风枷锁,2026-07-31 20:55:34,2.0,0.0,0.0,1.0,0.0,0.0,0.0,1,
2026-07-31 23:30:06,BV1bAGN6fECo,153,BV1bAGN6fECo,自测请勿点击,风枷锁,2026-07-31 20:57:42,3.0,0.0,0.0,1.0,0.0,0.0,0.0,1,
2026-07-31 23:30:06,BV1qpGA6MEvj,154,BV1qpGA6MEvj,自测,愛與時,2026-07-31 16:13:33,2.0,0.0,0.0,1.0,0.0,0.0,0.0,1,
2026-07-31 23:30:06,BV1DU3x6RE7m,155,BV1DU3x6RE7m,自测勿进,腼腆自卑内向_,2026-07-30 11:45:46,232.0,2.0,0.0,1.0,0.0,0.0,0.0,1,
2026-07-31 23:30:06,BV1ck3p6AEa5,156,BV1ck3p6AEa5,自测、勿点1,涩咪亚,2026-07-30 10:28:12,24.0,0.0,0.0,1.0,0.0,0.0,0.0,1,
2026-07-31 23:30:06,BV1hD3x6WEyw,157,BV1hD3x6WEyw,lpss赛段自测01,_lpss,2026-07-30 11:56:25,0.0,0.0,0.0,1.0,0.0,0.0,0.0,1,
2026-07-31 23:30:06,BV1fEGc6AES3,158,BV1fEGc6AES3,自测误点1,眄睐99,2026-07-31 13:13:18,17.0,0.0,0.0,1.0,1.0,0.0,0.0,1,
2026-07-31 23:30:06,BV1ML3x6EEyM,159,BV1ML3x6EEyM,勿进！测试！pc端2,cannndy_,2026-07-30 12:26:16,1.0,0.0,0.0,1.0,0.0,0.0,0.0,1,
2026-07-31 23:30:06,BV1D33t6ZEYa,160,BV1D33t6ZEYa,自测1（勿点）,低能量地活着,2026-07-30 16:06:57,2.0,0.0,0.0,1.0,0.0,0.0,0.0,1,
2026-07-31 23:30:06,BV1zjGc6eEUZ,161,BV1zjGc6eEUZ,自测勿进勿进勿进,为什么是V,2026-07-31 13:16:35,8.0,0.0,0.0,1.0,0.0,0.0,0.0,1,
2026-07-31 23:30:06,BV19P3x6REne,162,BV19P3x6REne,自测肆意再现,饺饺者7,2026-07-30 12:40:52,2.0,0.0,0.0,0.0,1.0,0.0,0.0,1,
2026-07-31 23:30:06,BV1u63b6ZEKe,163,BV1u63b6ZEKe,自测1勿点,叶不修u,2026-07-30 21:58:55,11.0,0.0,0.0,1.0,0.0,0.0,0.0,1,
2026-07-31 23:30:06,BV1sN3b6QE3R,164,BV1sN3b6QE3R,【萸霜霜霜】Up主探索中，欢迎收看求三连！,萸霜霜霜,2026-07-30 22:44:51,131.0,2.0,0.0,2.0,0.0,0.0,0.0,1,
2026-07-31 23:30:06,BV1oq3x6AEBX,165,BV1oq3x6AEBX,自测视频勿点,雁渡寒潭yuan,2026-07-30 11:08:56,29.0,0.0,0.0,1.0,0.0,0.0,0.0,1,
2026-07-31 23:30:06,BV1oT3n6EEpQ,166,BV1oT3n6EEpQ,自测视频｜自用勿点,星光延长期,2026-07-30 00:34:03,20.0,0.0,0.0,1.0,0.0,0.0,0.0,1,
2026-07-31 23:30:06,BV1eZ316nEvS,167,BV1eZ316nEvS,【辉映皓天】新作上线，快来看看！,辉映皓天,2026-07-29 19:26:44,0.0,0.0,0.0,0.0,0.0,0.0,0.0,1,
2026-07-31 23:30:06,BV1qM3n6mEnw,168,BV1qM3n6mEnw,自测，勿点,已完结zzz,2026-07-30 00:38:24,4.0,0.0,0.0,1.0,0.0,1.0,0.0,1,
2026-07-31 23:30:06,BV1ikGF6ZEbn,169,BV1ikGF6ZEbn,自测，勿点1,醉江南ace,2026-07-31 13:26:46,16.0,0.0,0.0,1.0,0.0,0.0,0.0,1,
2026-07-31 23:30:06,BV1KtGP69Ee5,170,BV1KtGP69Ee5,自测勿点！！！,呆博萌羊_0601,2026-07-31 21:29:52,9.0,0.0,0.0,1.0,0.0,0.0,0.0,1,
2026-07-31 23:30:06,BV1AQ3b6nEZW,171,BV1AQ3b6nEZW,博丝自测，勿点谢谢1.1,bili_53292940566,2026-07-30 20:22:17,13.0,0.0,0.0,1.0,0.0,0.0,0.0,1,
2026-07-31 23:30:06,BV1M43n6vEHU,172,BV1M43n6vEHU,计划，误点,朔月新夏,2026-07-29 23:37:48,16.0,0.0,0.0,1.0,0.0,0.0,0.0,1,
2026-07-31 23:30:06,BV17EGc6AEtd,173,BV17EGc6AEtd,自测勿入,壹波纹0601,2026-07-31 13:13:36,3.0,0.0,0.0,1.0,0.0,0.0,0.0,1,
2026-07-31 23:30:06,BV1vb3b6KET1,174,BV1vb3b6KET1,自测1.0蓝莓酱版,蓝莓酱LEFT,2026-07-30 21:24:47,7.0,2.0,0.0,1.0,0.0,0.0,0.0,1,
2026-07-31 23:30:06,BV1vg3n6jEat,175,BV1vg3n6jEat,自测误点 1,午夜忧郁纯情甜妹总裁,2026-07-29 22:59:07,14.0,0.0,0.0,1.0,0.0,0.0,0.0,1,
2026-07-31 23:30:06,BV1Ni316iEQh,176,BV1Ni316iEQh,自测请勿点击,11225566778800,2026-07-29 19:52:44,3.0,0.0,0.0,1.0,0.0,0.0,0.0,1,
2026-07-31 23:30:06,BV1WB316NEqW,177,BV1WB316NEqW,自测请勿点击,小茄波纹呀,2026-07-29 19:52:00,1.0,0.0,0.0,0.0,0.0,0.0,0.0,1,
2026-07-31 23:30:06,BV1EHGN62Eoj,178,BV1EHGN62Eoj,自测勿点,-傻了吧唧,2026-07-31 20:07:09,16.0,0.0,0.0,1.0,0.0,0.0,0.0,1,
2026-07-31 23:30:06,BV1H3GA61EQS,179,BV1H3GA61EQS,自测,海洋朵花枯萎了,2026-07-31 15:38:52,4.0,0.0,0.0,1.0,0.0,0.0,0.0,1,
2026-07-31 23:30:06,BV1HX3b6SEBh,180,BV1HX3b6SEBh,自测勿点7.31_8.9,随便一只,2026-07-30 20:15:21,120.0,0.0,0.0,0.0,0.0,0.0,0.0,1,
2026-07-31 23:30:06,BV1iD3a6mEWK,181,BV1iD3a6mEWK,自测勿点,木易北北yoo,2026-07-31 07:23:21,6.0,0.0,0.0,1.0,0.0,0.0,0.0,1,
2026-07-31 23:30:06,BV1bNGN6tEwg,182,BV1bNGN6tEwg,自测请勿点击,风枷锁,2026-07-31 20:51:36,2.0,0.0,0.0,1.0,0.0,0.0,0.0,1,
2026-07-31 23:30:06,BV1fC3n6XECU,183,BV1fC3n6XECU,自测 勿点,123滴滴滴ddd,2026-07-29 21:45:52,50.0,0.0,0.0,1.0,0.0,0.0,0.0,1,
2026-07-31 23:30:06,BV18b316gEgT,184,BV18b316gEgT,自测误点,臻理不是真理,2026-07-29 19:29:12,17.0,0.0,0.0,1.0,0.0,0.0,0.0,1,
2026-07-31 23:30:06,BV15g3n6jEbS,185,BV15g3n6jEbS,自测3,午夜忧郁纯情甜妹总裁,2026-07-29 23:01:50,3.0,0.0,0.0,1.0,0.0,0.0,0.0,1,
2026-07-31 23:30:06,BV1rj3b65EKN,186,BV1rj3b65EKN,自测路人勿入,林中波纹曲,2026-07-30 23:05:39,19.0,1.0,0.0,1.0,0.0,0.0,0.0,1,
2026-07-31 23:30:06,BV15d3p6WEtX,187,BV15d3p6WEtX,1.0自测勿入,祝暥w_,2026-07-30 10:40:48,1.0,0.0,0.0,1.0,0.0,0.0,0.0,1,
2026-07-31 23:30:06,BV1Yy3x6tEok,188,BV1Yy3x6tEok,28150819赛段自测01,28150819,2026-07-30 12:13:09,36.0,0.0,0.0,1.0,32.0,0.0,0.0,1,
2026-07-31 23:30:06,BV1s43z67EXn,189,BV1s43z67EXn,自测 729,TAOTAOALL,2026-07-29 00:53:50,95.0,0.0,0.0,1.0,0.0,0.0,0.0,1,
2026-07-31 23:30:06,BV1ks3x63EL6,190,BV1ks3x63EL6,自测勿点1,暖大大的烘山芋,2026-07-30 12:53:46,24.0,0.0,0.0,1.0,0.0,0.0,0.0,1,
2026-07-31 23:30:06,BV1Ug3x6DE1b,191,BV1Ug3x6DE1b,0801-0803自测勿点2,你做咩吖咩,2026-07-30 12:21:07,0.0,0.0,0.0,0.0,0.0,0.0,0.0,1,
2026-07-31 23:30:06,BV1tY316qEMY,192,BV1tY316qEMY,自测勿点勿看,捏个小埋,2026-07-29 20:20:46,12.0,0.0,0.0,1.0,0.0,0.0,0.0,1,
2026-07-31 23:30:06,BV1Lg3n6jEKQ,193,BV1Lg3n6jEKQ,自测 2,午夜忧郁纯情甜妹总裁,2026-07-29 23:29:15,44.0,0.0,0.0,0.0,0.0,1.0,0.0,1,
2026-07-31 23:30:06,BV1PC3s6gEtM,194,BV1PC3s6gEtM,自测 勿点,kmdgzs,2026-07-30 13:58:35,14.0,0.0,0.0,1.0,0.0,0.0,0.0,1,
2026-07-31 23:30:06,BV12Y316qEdn,195,BV12Y316qEdn,自测勿点1,焱yyyan,2026-07-29 20:21:12,8.0,1.0,0.0,1.0,0.0,0.0,0.0,1,
2026-07-31 23:30:06,BV1hx316GEKS,196,BV1hx316GEKS,自测 勿点,自矜丨,2026-07-29 19:14:08,1.0,0.0,0.0,1.0,0.0,0.0,0.0,1,
2026-07-31 23:30:06,BV1tNGN6tESS,197,BV1tNGN6tESS,自测请勿点击,风枷锁,2026-07-31 20:54:14,3.0,0.0,0.0,1.0,0.0,0.0,0.0,1,
2026-07-31 23:30:06,BV1aZGP6AEvS,198,BV1aZGP6AEvS,7.31 0601 自测不要点,用户0601吗,2026-07-31 21:15:46,15.0,0.0,0.0,1.0,0.0,0.0,0.0,1,
2026-07-31 23:30:06,BV1XF3W6SEuz,199,BV1XF3W6SEuz,自测勿入,太阳好大好想鼠,2026-07-30 10:45:14,26.0,0.0,0.0,1.0,0.0,0.0,0.0,1,
2026-07-31 23:30:06,BV16N316dEjM,200,BV16N316dEjM,我的最新作品，快来一睹为快！,bili_47649027571,2026-07-29 22:53:36,1.0,0.0,0.0,0.0,0.0,0.0,0.0,1,
2026-07-31 23:30:06,BV1wiGP6EEqQ,201,BV1wiGP6EEqQ,自测勿点1,猫球不是毛球啊,2026-07-31 21:56:20,4.0,0.0,0.0,1.0,0.0,0.0,0.0,1,
2026-07-31 23:30:06,BV1cqGP6mEG4,202,BV1cqGP6mEG4,7.31自测视频不要点进去,财神爷的亲生女儿在,2026-07-31 21:57:21,0.0,0.0,0.0,0.0,0.0,0.0,0.0,1,
2026-07-31 23:30:06,BV1P8GP6pERt,203,BV1P8GP6pERt,自测勿入3,Rambo的羊角,2026-07-31 22:12:49,3.0,0.0,0.0,1.0,0.0,0.0,0.0,1,
2026-07-31 23:30:06,BV1dGcPz9EoF,204,BV1dGcPz9EoF,自测,无咖啡的伴侣,2026-02-09 01:06:36,4.0,0.0,0.0,1.0,0.0,0.0,0.0,1,
2026-07-31 23:30:06,BV1unGP6bEWu,205,BV1unGP6bEWu,7.31-8.3自测视频,木易遥沫,2026-07-31 21:51:12,14.0,0.0,0.0,1.0,0.0,0.0,0.0,1,
2026-07-31 23:30:06,BV1LezWBREYM,206,BV1LezWBREYM,1-自测视频，请勿点开,外太空的兔子,2026-01-22 19:01:37,2.0,0.0,0.0,0.0,0.0,0.0,0.0,1,
2026-07-31 23:30:06,BV1xU3h6cEjZ,207,BV1xU3h6cEjZ,7.31-8.3自测视频,小羊-_-ovo,2026-07-31 09:09:12,53.0,1.0,0.0,1.0,0.0,0.0,0.0,1,
2026-07-31 23:30:06,BV1fFznBnEkq,208,BV1fFznBnEkq,测试,猫吃鱼的吧,2026-01-22 01:25:29,9.0,0.0,0.0,1.0,0.0,0.0,0.0,1,
2026-07-31 23:30:06,BV1ZFznBnESY,209,BV1ZFznBnESY,测试,太空中的小羊,2026-01-22 01:23:59,6.0,0.0,0.0,1.0,0.0,0.0,0.0,1,
2026-07-31 23:30:06,BV1moGF67EiW,210,BV1moGF67EiW,9.31-8.3自测视频2,勤快的小破罐,2026-07-31 13:55:38,16.0,0.0,0.0,1.0,0.0,0.0,0.0,1,
2026-07-31 23:30:06,BV16zGP6LEa8,211,BV16zGP6LEa8,自测勿入2,耶加雪啡Rambo,2026-07-31 22:05:09,2.0,0.0,0.0,1.0,0.0,0.0,0.0,1,
