采集时间,输入,原始顺序,BV号,标题,UP主,上传时间,总播放量,点赞数,投币数,收藏数,转发数,评论数,弹幕数,在线人数
2026-07-09 00:56:40,https://www.bilibili.com/video/BV1A5vkB2E1k/?spm_id_from=333.1387.favlist.content.click&vd_source=bdf775a036c61c0159ac2f0c251aaeb7,0,BV1A5vkB2E1k,【杨博文】Hey Mama六机位纯舞直拍丨15岁舞台统治者的诞生，四代主舞燃炸全场！,Kismet丨杨博文,2025-12-28 22:28:16,2488492,60790,43000,44178,12943,13454,20516,1
2026-07-09 00:56:40,https://www.bilibili.com/video/BV1XA6nBGEPV/?spm_id_from=333.1387.favlist.content.click&vd_source=bdf775a036c61c0159ac2f0c251aaeb7,1,BV1XA6nBGEPV,【4K精剪】希区考克 作品152 | 杨博文直拍 | 260131,underthepoplar,2026-02-01 00:23:17,1921088,22357,21462,19188,8982,3976,6797,1
2026-07-09 00:56:40,https://www.bilibili.com/video/BV15r61BWESJ/?spm_id_from=333.1387.favlist.content.click&vd_source=bdf775a036c61c0159ac2f0c251aaeb7,2,BV15r61BWESJ,【杨博文】希区考克作品152丨双机位直拍 悬疑与张力碰撞 表管拉满 少年锋芒,Kismet丨杨博文,2026-01-31 18:27:40,541077,18453,10858,15560,931,1082,1224,1
2026-07-09 00:56:40,https://www.bilibili.com/video/BV19y61BnEMM/?spm_id_from=333.1387.favlist.content.click&vd_source=bdf775a036c61c0159ac2f0c251aaeb7,3,BV19y61BnEMM,【杨博文】就这个踢腿爽之 连每一根头发丝都在劲舞｜希区考克 作品152 4k双机位横屏直拍,游园会_杨博文,2026-01-31 18:31:31,417284,14798,9593,12539,1174,1513,2297,1
2026-07-09 00:56:40,https://www.bilibili.com/video/BV1M9ePzaELH/?spm_id_from=333.1387.favlist.content.click&vd_source=bdf775a036c61c0159ac2f0c251aaeb7,4,BV1M9ePzaELH,「杨博文｜卡拉永远OK」突发舞台事故？我怎么没看见,Astra_杨博文,2025-08-19 22:15:30,808423,14287,4533,9563,6369,614,516,1
2026-07-09 00:56:40,https://www.bilibili.com/video/BV1pV9GB6E96/?spm_id_from=333.1387.favlist.content.click&vd_source=bdf775a036c61c0159ac2f0c251aaeb7,5,BV1pV9GB6E96,【4K精剪】Guilty | 杨博文直拍 | 250119,underthepoplar,2026-04-01 02:23:39,49264,9025,2955,5326,241,201,204,1
2026-07-09 00:56:40,https://www.bilibili.com/video/BV1vFwNeKER9/?spm_id_from=333.1387.favlist.content.click&vd_source=bdf775a036c61c0159ac2f0c251aaeb7,6,BV1vFwNeKER9,【杨博文】guilty 4k横屏直拍｜夺命34秒，谁都无法拒绝的Legend级别，建议调大音量食用更加,游园会_杨博文,2025-01-18 22:02:36,263339,16460,8044,14258,1083,850,3090,1
2026-07-09 00:56:40,https://www.bilibili.com/video/BV1MGYnzrE9E/?spm_id_from=333.1387.favlist.content.click&vd_source=bdf775a036c61c0159ac2f0c251aaeb7,7,BV1MGYnzrE9E,杨博文跳 《Centuries》帅到窒息！！竖屏4K直拍,Kismet丨杨博文,2025-08-18 02:15:37,263689,12056,6641,7806,562,950,3369,1
2026-07-09 00:56:40,https://www.bilibili.com/video/BV1DZvDBEEjv/?spm_id_from=333.1387.favlist.content.click&vd_source=bdf775a036c61c0159ac2f0c251aaeb7,8,BV1DZvDBEEjv,终于找到了治愈我每一天的秘方 当你一开嗓 哪怕是夕阳也格外绚烂 ｜【杨博文】黄昏晓4k横屏直拍,游园会_杨博文,2026-01-01 20:53:32,24006,4089,712,2664,35,44,178,1
2026-07-09 00:56:40,https://www.bilibili.com/video/BV1owvqBJEkn/?spm_id_from=333.1387.favlist.content.click&vd_source=bdf775a036c61c0159ac2f0c251aaeb7,9,BV1owvqBJEkn,【杨博文｜黄昏晓】 4K直拍,羊圈主,2025-12-28 00:28:04,18052,4364,1028,1653,70,88,256,1
2026-07-09 00:56:40,https://www.bilibili.com/video/BV1eqY6e1Eec/?spm_id_from=333.1387.favlist.content.click&vd_source=bdf775a036c61c0159ac2f0c251aaeb7,10,BV1eqY6e1Eec,【TF家族-杨博文】蔡依林男粉！？你的杨会扭儿上线｜《看我72变》4K直拍,LOST-杨博文,2024-08-13 05:57:43,99657,10017,1635,5637,429,102,321,1
2026-07-09 00:56:40,https://www.bilibili.com/video/BV1r9BeBZEMu/?spm_id_from=333.1387.favlist.content.click&vd_source=bdf775a036c61c0159ac2f0c251aaeb7,11,BV1r9BeBZEMu,【杨博文｜4K舞台直拍】《爱要坦荡荡》，四代主唱贝斯手玩转乐队，好青春洋溢,关键时刻来瓶尖叫,2025-12-27 00:55:22,36170,4773,745,3177,51,52,64,1
2026-07-09 00:56:40,https://www.bilibili.com/video/BV1Lb6tBBEYC/?spm_id_from=333.1387.favlist.content.click&vd_source=bdf775a036c61c0159ac2f0c251aaeb7,12,BV1Lb6tBBEYC,【4K精剪】闭嘴跳舞 | 杨博文直拍 | 260201,underthepoplar,2026-02-02 00:00:55,265572,21765,13148,15852,1890,1671,2809,2
2026-07-09 00:56:40,https://www.bilibili.com/video/BV1mJ64BREZY/?spm_id_from=333.1387.favlist.content.click&vd_source=bdf775a036c61c0159ac2f0c251aaeb7,13,BV1mJ64BREZY,【杨博文】闭嘴跳舞丨当主舞穿上西装就会得到,Kismet丨杨博文,2026-02-01 18:31:00,508165,31987,3534,22984,179,100,425,1
2026-07-09 00:56:40,https://www.bilibili.com/video/BV15M64BPEVo/?spm_id_from=333.1387.favlist.content.click&vd_source=bdf775a036c61c0159ac2f0c251aaeb7,14,BV15M64BPEVo,【杨博文】舞步是我最有力的武器 请调动所有感官和我一同所向披靡｜闭嘴跳舞4k横屏双机位直拍,游园会_杨博文,2026-02-01 20:09:30,51812,7820,1412,4985,56,38,157,1
2026-07-09 00:56:40,https://www.bilibili.com/video/BV1fWYqzTECD/?spm_id_from=333.1387.favlist.content.click&vd_source=bdf775a036c61c0159ac2f0c251aaeb7,15,BV1fWYqzTECD,绝美堕天使下凡了……｜杨博文｜deja vu 4K直拍,WIX99,2025-08-16 22:18:21,13645,2051,584,892,68,44,115,1
2026-07-09 00:56:40,https://www.bilibili.com/video/BV1Bem3B1EcH/?spm_id_from=333.1387.favlist.content.click&vd_source=bdf775a036c61c0159ac2f0c251aaeb7,16,BV1Bem3B1EcH,【杨博文｜4K舞台直拍】怎么黑衣的《Deja vu》也让人看的停不下来呢,关键时刻来瓶尖叫,2025-12-12 21:30:00,12428,1404,159,1249,19,7,1,1
2026-07-09 00:56:40,https://www.bilibili.com/video/BV11kZyByE81/?spm_id_from=333.1387.favlist.content.click&vd_source=bdf775a036c61c0159ac2f0c251aaeb7,17,BV11kZyByE81,【4K精剪】Deja Vu | 杨博文直拍 | 250816 & 250817,underthepoplar,2026-02-17 20:22:24,48386,7199,3134,3410,374,230,207,1
2026-07-09 00:56:40,https://www.bilibili.com/video/BV1J7Awz8EUZ/?spm_id_from=333.1387.favlist.content.click&vd_source=bdf775a036c61c0159ac2f0c251aaeb7,18,BV1J7Awz8EUZ,自测鸡蛋果,喜欢吃鸡蛋果,2026-03-21 16:17:31,1530,0,0,1,1,0,0,1
2026-07-09 00:56:40,https://www.bilibili.com/video/BV1Xm61BEEnt/?spm_id_from=333.1387.favlist.content.click,19,BV1Xm61BEEnt,【杨博文】致命诱惑<希区考克 作品152> 4k 竖版直拍 Focus,Roseate丨杨博文,2026-01-31 17:54:23,48113,7750,3401,2845,207,259,425,1
2026-07-09 00:56:40,https://www.bilibili.com/video/BV1MtFrzLEqw/?spm_id_from=333.1387.favlist.content.click&vd_source=82c7dc283676ff6ca01b24294b7c8a32,20,BV1MtFrzLEqw,【4K】借过一下 | 杨博文直拍 | 260131,underthepoplar,2026-02-06 15:13:06,23040,3599,1459,1783,64,101,213,1
2026-07-09 00:56:40,https://www.bilibili.com/video/BV1jjF3z3Ern/?spm_id_from=333.1387.favlist.content.click&vd_source=82c7dc283676ff6ca01b24294b7c8a32,21,BV1jjF3z3Ern,【4K精剪】Why Why Why | 杨博文直拍 | 260201,underthepoplar,2026-02-03 05:55:49,69552,11533,5443,5875,298,247,617,1
2026-07-09 00:56:40,https://www.bilibili.com/video/BV1oJVD6BEEW/?spm_id_from=333.1387.favlist.content.click&vd_source=82c7dc283676ff6ca01b24294b7c8a32,22,BV1oJVD6BEEW,Hey Mama 一分钟solo | 杨博文直拍 | 251228,underthepoplar,2026-06-01 02:16:51,31371,4084,1621,2275,65,76,35,1
2026-07-09 00:56:40,https://www.bilibili.com/video/BV16MbLzPETK/?spm_id_from=333.1387.favlist.content.click&vd_source=82c7dc283676ff6ca01b24294b7c8a32,23,BV16MbLzPETK,这是洋娃娃在给我唱歌吧｜杨博文｜雨爱 4K直拍,WIX99,2025-08-11 18:44:28,4156,644,72,334,3,9,3,1
2026-07-09 00:56:40,https://www.bilibili.com/video/BV1nUFFzSE8W/?spm_id_from=333.337.search-card.all.click&vd_source=c9ba0a78401ac34b07f18808dcb060f8,24,BV1nUFFzSE8W,【4K精剪】第二类我 | 杨博文直拍 | 260201,underthepoplar,2026-02-05 03:45:45,36874,5397,3617,2813,205,203,293,1
2026-07-09 00:56:40,https://www.bilibili.com/video/BV1JFZ4BnEiL/?spm_id_from=333.337.search-card.all.click,25,BV1JFZ4BnEiL,【杨博文4K直拍】《希区考克 作品152》20260131丨澳门·荣耀之战演唱会丨四机位,houRlyRambo丨杨博文,2026-02-15 16:50:03,2931,636,136,140,15,9,15,1
2026-07-09 00:56:40,https://www.bilibili.com/video/BV19k61BQE89/?spm_id_from=333.337.search-card.all.click,26,BV19k61BQE89,【杨博文】跟随少年步伐走进悬疑 <希区考克 作品152 >三机位混剪,61strawberry,2026-01-31 18:26:12,10604,1759,514,1378,50,43,10,1
2026-07-09 00:56:40,https://www.bilibili.com/video/BV1oz61B9ECW/?spm_id_from=333.337.search-card.all.click,27,BV1oz61B9ECW,【杨博文｜4K直拍】《希区考克》好帅的舞台,关键时刻来瓶尖叫,2026-01-31 18:18:47,30673,4092,1771,2544,116,122,192,1
2026-07-09 00:56:40,https://www.bilibili.com/video/BV1EGBCBmEo8/?spm_id_from=333.337.search-card.all.click&vd_source=bdf775a036c61c0159ac2f0c251aaeb7,28,BV1EGBCBmEo8,【杨博文｜4K高清直拍】魅魔级别的《Manta》舞台，看博文如何一yeah封神,关键时刻来瓶尖叫,2025-12-27 23:15:44,760734,11958,9315,10532,5787,945,2304,1
2026-07-09 00:56:40,https://www.bilibili.com/video/BV1s8BvBPEN5/?spm_id_from=333.337.search-card.all.click&vd_source=bdf775a036c61c0159ac2f0c251aaeb7,29,BV1s8BvBPEN5,【杨博文｜4K舞台直拍】好运来祝你好运来～博文宝宝祝你新年好运来,关键时刻来瓶尖叫,2025-12-27 00:43:12,1900559,34057,16549,31804,6873,4002,4641,1
2026-07-09 01:57:02,https://www.bilibili.com/video/BV1A5vkB2E1k/?spm_id_from=333.1387.favlist.content.click&vd_source=bdf775a036c61c0159ac2f0c251aaeb7,0,BV1A5vkB2E1k,【杨博文】Hey Mama六机位纯舞直拍丨15岁舞台统治者的诞生，四代主舞燃炸全场！,Kismet丨杨博文,2025-12-28 22:28:16,2488545,60793,43000,44178,12943,13454,20516,1
2026-07-09 01:57:02,https://www.bilibili.com/video/BV1XA6nBGEPV/?spm_id_from=333.1387.favlist.content.click&vd_source=bdf775a036c61c0159ac2f0c251aaeb7,1,BV1XA6nBGEPV,【4K精剪】希区考克 作品152 | 杨博文直拍 | 260131,underthepoplar,2026-02-01 00:23:17,1921094,22357,21462,19188,8982,3976,6797,1
2026-07-09 01:57:02,https://www.bilibili.com/video/BV15r61BWESJ/?spm_id_from=333.1387.favlist.content.click&vd_source=bdf775a036c61c0159ac2f0c251aaeb7,2,BV15r61BWESJ,【杨博文】希区考克作品152丨双机位直拍 悬疑与张力碰撞 表管拉满 少年锋芒,Kismet丨杨博文,2026-01-31 18:27:40,541079,18453,10858,15560,931,1082,1224,1
2026-07-09 01:57:02,https://www.bilibili.com/video/BV19y61BnEMM/?spm_id_from=333.1387.favlist.content.click&vd_source=bdf775a036c61c0159ac2f0c251aaeb7,3,BV19y61BnEMM,【杨博文】就这个踢腿爽之 连每一根头发丝都在劲舞｜希区考克 作品152 4k双机位横屏直拍,游园会_杨博文,2026-01-31 18:31:31,417288,14799,9593,12539,1174,1513,2297,1
2026-07-09 01:57:02,https://www.bilibili.com/video/BV1M9ePzaELH/?spm_id_from=333.1387.favlist.content.click&vd_source=bdf775a036c61c0159ac2f0c251aaeb7,4,BV1M9ePzaELH,「杨博文｜卡拉永远OK」突发舞台事故？我怎么没看见,Astra_杨博文,2025-08-19 22:15:30,808436,14288,4533,9564,6369,614,516,1
2026-07-09 01:57:02,https://www.bilibili.com/video/BV1pV9GB6E96/?spm_id_from=333.1387.favlist.content.click&vd_source=bdf775a036c61c0159ac2f0c251aaeb7,5,BV1pV9GB6E96,【4K精剪】Guilty | 杨博文直拍 | 250119,underthepoplar,2026-04-01 02:23:39,49269,9025,2955,5326,241,201,204,1
2026-07-09 01:57:02,https://www.bilibili.com/video/BV1vFwNeKER9/?spm_id_from=333.1387.favlist.content.click&vd_source=bdf775a036c61c0159ac2f0c251aaeb7,6,BV1vFwNeKER9,【杨博文】guilty 4k横屏直拍｜夺命34秒，谁都无法拒绝的Legend级别，建议调大音量食用更加,游园会_杨博文,2025-01-18 22:02:36,263347,16460,8044,14258,1083,850,3090,1
2026-07-09 01:57:02,https://www.bilibili.com/video/BV1MGYnzrE9E/?spm_id_from=333.1387.favlist.content.click&vd_source=bdf775a036c61c0159ac2f0c251aaeb7,7,BV1MGYnzrE9E,杨博文跳 《Centuries》帅到窒息！！竖屏4K直拍,Kismet丨杨博文,2025-08-18 02:15:37,263689,12056,6641,7806,562,950,3369,1
2026-07-09 01:57:02,https://www.bilibili.com/video/BV1DZvDBEEjv/?spm_id_from=333.1387.favlist.content.click&vd_source=bdf775a036c61c0159ac2f0c251aaeb7,8,BV1DZvDBEEjv,终于找到了治愈我每一天的秘方 当你一开嗓 哪怕是夕阳也格外绚烂 ｜【杨博文】黄昏晓4k横屏直拍,游园会_杨博文,2026-01-01 20:53:32,24006,4089,712,2664,35,44,178,1
2026-07-09 01:57:02,https://www.bilibili.com/video/BV1owvqBJEkn/?spm_id_from=333.1387.favlist.content.click&vd_source=bdf775a036c61c0159ac2f0c251aaeb7,9,BV1owvqBJEkn,【杨博文｜黄昏晓】 4K直拍,羊圈主,2025-12-28 00:28:04,18052,4364,1028,1653,70,88,256,1
2026-07-09 01:57:02,https://www.bilibili.com/video/BV1eqY6e1Eec/?spm_id_from=333.1387.favlist.content.click&vd_source=bdf775a036c61c0159ac2f0c251aaeb7,10,BV1eqY6e1Eec,【TF家族-杨博文】蔡依林男粉！？你的杨会扭儿上线｜《看我72变》4K直拍,LOST-杨博文,2024-08-13 05:57:43,99659,10016,1635,5637,429,102,321,1
2026-07-09 01:57:02,https://www.bilibili.com/video/BV1r9BeBZEMu/?spm_id_from=333.1387.favlist.content.click&vd_source=bdf775a036c61c0159ac2f0c251aaeb7,11,BV1r9BeBZEMu,【杨博文｜4K舞台直拍】《爱要坦荡荡》，四代主唱贝斯手玩转乐队，好青春洋溢,关键时刻来瓶尖叫,2025-12-27 00:55:22,36170,4773,745,3177,51,52,64,1
2026-07-09 01:57:02,https://www.bilibili.com/video/BV1Lb6tBBEYC/?spm_id_from=333.1387.favlist.content.click&vd_source=bdf775a036c61c0159ac2f0c251aaeb7,12,BV1Lb6tBBEYC,【4K精剪】闭嘴跳舞 | 杨博文直拍 | 260201,underthepoplar,2026-02-02 00:00:55,265604,21772,13148,15853,1890,1671,2809,1
2026-07-09 01:57:02,https://www.bilibili.com/video/BV1mJ64BREZY/?spm_id_from=333.1387.favlist.content.click&vd_source=bdf775a036c61c0159ac2f0c251aaeb7,13,BV1mJ64BREZY,【杨博文】闭嘴跳舞丨当主舞穿上西装就会得到,Kismet丨杨博文,2026-02-01 18:31:00,508179,31988,3534,22985,179,100,425,1
2026-07-09 01:57:02,https://www.bilibili.com/video/BV15M64BPEVo/?spm_id_from=333.1387.favlist.content.click&vd_source=bdf775a036c61c0159ac2f0c251aaeb7,14,BV15M64BPEVo,【杨博文】舞步是我最有力的武器 请调动所有感官和我一同所向披靡｜闭嘴跳舞4k横屏双机位直拍,游园会_杨博文,2026-02-01 20:09:30,51815,7822,1412,4985,56,38,157,1
2026-07-09 01:57:02,https://www.bilibili.com/video/BV1fWYqzTECD/?spm_id_from=333.1387.favlist.content.click&vd_source=bdf775a036c61c0159ac2f0c251aaeb7,15,BV1fWYqzTECD,绝美堕天使下凡了……｜杨博文｜deja vu 4K直拍,WIX99,2025-08-16 22:18:21,13645,2051,584,892,68,44,115,1
2026-07-09 01:57:02,https://www.bilibili.com/video/BV1Bem3B1EcH/?spm_id_from=333.1387.favlist.content.click&vd_source=bdf775a036c61c0159ac2f0c251aaeb7,16,BV1Bem3B1EcH,【杨博文｜4K舞台直拍】怎么黑衣的《Deja vu》也让人看的停不下来呢,关键时刻来瓶尖叫,2025-12-12 21:30:00,12428,1404,159,1249,19,7,1,1
2026-07-09 01:57:02,https://www.bilibili.com/video/BV11kZyByE81/?spm_id_from=333.1387.favlist.content.click&vd_source=bdf775a036c61c0159ac2f0c251aaeb7,17,BV11kZyByE81,【4K精剪】Deja Vu | 杨博文直拍 | 250816 & 250817,underthepoplar,2026-02-17 20:22:24,48387,7199,3134,3410,374,230,207,1
2026-07-09 01:57:02,https://www.bilibili.com/video/BV1J7Awz8EUZ/?spm_id_from=333.1387.favlist.content.click&vd_source=bdf775a036c61c0159ac2f0c251aaeb7,18,BV1J7Awz8EUZ,自测鸡蛋果,喜欢吃鸡蛋果,2026-03-21 16:17:31,1530,0,0,1,1,0,0,1
2026-07-09 01:57:02,https://www.bilibili.com/video/BV1Xm61BEEnt/?spm_id_from=333.1387.favlist.content.click,19,BV1Xm61BEEnt,【杨博文】致命诱惑<希区考克 作品152> 4k 竖版直拍 Focus,Roseate丨杨博文,2026-01-31 17:54:23,48114,7750,3401,2845,207,259,425,1
2026-07-09 01:57:02,https://www.bilibili.com/video/BV1MtFrzLEqw/?spm_id_from=333.1387.favlist.content.click&vd_source=82c7dc283676ff6ca01b24294b7c8a32,20,BV1MtFrzLEqw,【4K】借过一下 | 杨博文直拍 | 260131,underthepoplar,2026-02-06 15:13:06,23041,3600,1459,1783,64,101,213,1
2026-07-09 01:57:02,https://www.bilibili.com/video/BV1jjF3z3Ern/?spm_id_from=333.1387.favlist.content.click&vd_source=82c7dc283676ff6ca01b24294b7c8a32,21,BV1jjF3z3Ern,【4K精剪】Why Why Why | 杨博文直拍 | 260201,underthepoplar,2026-02-03 05:55:49,69556,11534,5443,5876,298,247,617,1
2026-07-09 01:57:02,https://www.bilibili.com/video/BV1oJVD6BEEW/?spm_id_from=333.1387.favlist.content.click&vd_source=82c7dc283676ff6ca01b24294b7c8a32,22,BV1oJVD6BEEW,Hey Mama 一分钟solo | 杨博文直拍 | 251228,underthepoplar,2026-06-01 02:16:51,31377,4084,1621,2275,65,76,35,1
2026-07-09 01:57:02,https://www.bilibili.com/video/BV16MbLzPETK/?spm_id_from=333.1387.favlist.content.click&vd_source=82c7dc283676ff6ca01b24294b7c8a32,23,BV16MbLzPETK,这是洋娃娃在给我唱歌吧｜杨博文｜雨爱 4K直拍,WIX99,2025-08-11 18:44:28,4156,644,72,334,3,9,3,1
2026-07-09 01:57:02,https://www.bilibili.com/video/BV1nUFFzSE8W/?spm_id_from=333.337.search-card.all.click&vd_source=c9ba0a78401ac34b07f18808dcb060f8,24,BV1nUFFzSE8W,【4K精剪】第二类我 | 杨博文直拍 | 260201,underthepoplar,2026-02-05 03:45:45,36876,5397,3617,2813,205,203,293,1
2026-07-09 01:57:02,https://www.bilibili.com/video/BV1JFZ4BnEiL/?spm_id_from=333.337.search-card.all.click,25,BV1JFZ4BnEiL,【杨博文4K直拍】《希区考克 作品152》20260131丨澳门·荣耀之战演唱会丨四机位,houRlyRambo丨杨博文,2026-02-15 16:50:03,2931,636,136,140,15,9,15,1
2026-07-09 01:57:02,https://www.bilibili.com/video/BV19k61BQE89/?spm_id_from=333.337.search-card.all.click,26,BV19k61BQE89,【杨博文】跟随少年步伐走进悬疑 <希区考克 作品152 >三机位混剪,61strawberry,2026-01-31 18:26:12,10604,1759,514,1378,50,43,10,1
2026-07-09 01:57:02,https://www.bilibili.com/video/BV1oz61B9ECW/?spm_id_from=333.337.search-card.all.click,27,BV1oz61B9ECW,【杨博文｜4K直拍】《希区考克》好帅的舞台,关键时刻来瓶尖叫,2026-01-31 18:18:47,30676,4092,1771,2543,116,122,192,1
2026-07-09 01:57:02,https://www.bilibili.com/video/BV1EGBCBmEo8/?spm_id_from=333.337.search-card.all.click&vd_source=bdf775a036c61c0159ac2f0c251aaeb7,28,BV1EGBCBmEo8,【杨博文｜4K高清直拍】魅魔级别的《Manta》舞台，看博文如何一yeah封神,关键时刻来瓶尖叫,2025-12-27 23:15:44,760752,11958,9315,10532,5787,945,2304,1
2026-07-09 01:57:02,https://www.bilibili.com/video/BV1s8BvBPEN5/?spm_id_from=333.337.search-card.all.click&vd_source=bdf775a036c61c0159ac2f0c251aaeb7,29,BV1s8BvBPEN5,【杨博文｜4K舞台直拍】好运来祝你好运来～博文宝宝祝你新年好运来,关键时刻来瓶尖叫,2025-12-27 00:43:12,1900569,34058,16549,31808,6873,4002,4641,1
2026-07-09 02:57:24,https://www.bilibili.com/video/BV1A5vkB2E1k/?spm_id_from=333.1387.favlist.content.click&vd_source=bdf775a036c61c0159ac2f0c251aaeb7,0,BV1A5vkB2E1k,【杨博文】Hey Mama六机位纯舞直拍丨15岁舞台统治者的诞生，四代主舞燃炸全场！,Kismet丨杨博文,2025-12-28 22:28:16,2488597,60797,43002,44182,12949,13454,20516,1
2026-07-09 02:57:24,https://www.bilibili.com/video/BV1XA6nBGEPV/?spm_id_from=333.1387.favlist.content.click&vd_source=bdf775a036c61c0159ac2f0c251aaeb7,1,BV1XA6nBGEPV,【4K精剪】希区考克 作品152 | 杨博文直拍 | 260131,underthepoplar,2026-02-01 00:23:17,1921109,22358,21462,19188,8987,3976,6797,1
2026-07-09 02:57:24,https://www.bilibili.com/video/BV15r61BWESJ/?spm_id_from=333.1387.favlist.content.click&vd_source=bdf775a036c61c0159ac2f0c251aaeb7,2,BV15r61BWESJ,【杨博文】希区考克作品152丨双机位直拍 悬疑与张力碰撞 表管拉满 少年锋芒,Kismet丨杨博文,2026-01-31 18:27:40,541079,18453,10858,15560,931,1082,1224,1
2026-07-09 02:57:24,https://www.bilibili.com/video/BV19y61BnEMM/?spm_id_from=333.1387.favlist.content.click&vd_source=bdf775a036c61c0159ac2f0c251aaeb7,3,BV19y61BnEMM,【杨博文】就这个踢腿爽之 连每一根头发丝都在劲舞｜希区考克 作品152 4k双机位横屏直拍,游园会_杨博文,2026-01-31 18:31:31,417293,14799,9593,12539,1174,1513,2297,1
2026-07-09 02:57:24,https://www.bilibili.com/video/BV1M9ePzaELH/?spm_id_from=333.1387.favlist.content.click&vd_source=bdf775a036c61c0159ac2f0c251aaeb7,4,BV1M9ePzaELH,「杨博文｜卡拉永远OK」突发舞台事故？我怎么没看见,Astra_杨博文,2025-08-19 22:15:30,808447,14288,4533,9564,6374,614,516,1
2026-07-09 02:57:24,https://www.bilibili.com/video/BV1pV9GB6E96/?spm_id_from=333.1387.favlist.content.click&vd_source=bdf775a036c61c0159ac2f0c251aaeb7,5,BV1pV9GB6E96,【4K精剪】Guilty | 杨博文直拍 | 250119,underthepoplar,2026-04-01 02:23:39,49278,9026,2955,5326,241,201,204,1
2026-07-09 02:57:24,https://www.bilibili.com/video/BV1vFwNeKER9/?spm_id_from=333.1387.favlist.content.click&vd_source=bdf775a036c61c0159ac2f0c251aaeb7,6,BV1vFwNeKER9,【杨博文】guilty 4k横屏直拍｜夺命34秒，谁都无法拒绝的Legend级别，建议调大音量食用更加,游园会_杨博文,2025-01-18 22:02:36,263352,16460,8044,14258,1083,850,3090,1
2026-07-09 02:57:24,https://www.bilibili.com/video/BV1MGYnzrE9E/?spm_id_from=333.1387.favlist.content.click&vd_source=bdf775a036c61c0159ac2f0c251aaeb7,7,BV1MGYnzrE9E,杨博文跳 《Centuries》帅到窒息！！竖屏4K直拍,Kismet丨杨博文,2025-08-18 02:15:37,263691,12056,6641,7807,562,950,3369,1
2026-07-09 02:57:24,https://www.bilibili.com/video/BV1DZvDBEEjv/?spm_id_from=333.1387.favlist.content.click&vd_source=bdf775a036c61c0159ac2f0c251aaeb7,8,BV1DZvDBEEjv,终于找到了治愈我每一天的秘方 当你一开嗓 哪怕是夕阳也格外绚烂 ｜【杨博文】黄昏晓4k横屏直拍,游园会_杨博文,2026-01-01 20:53:32,24006,4089,712,2664,35,44,178,1
2026-07-09 02:57:24,https://www.bilibili.com/video/BV1owvqBJEkn/?spm_id_from=333.1387.favlist.content.click&vd_source=bdf775a036c61c0159ac2f0c251aaeb7,9,BV1owvqBJEkn,【杨博文｜黄昏晓】 4K直拍,羊圈主,2025-12-28 00:28:04,18052,4364,1028,1653,70,88,256,1
2026-07-09 02:57:24,https://www.bilibili.com/video/BV1eqY6e1Eec/?spm_id_from=333.1387.favlist.content.click&vd_source=bdf775a036c61c0159ac2f0c251aaeb7,10,BV1eqY6e1Eec,【TF家族-杨博文】蔡依林男粉！？你的杨会扭儿上线｜《看我72变》4K直拍,LOST-杨博文,2024-08-13 05:57:43,99660,10017,1635,5637,429,102,321,1
2026-07-09 02:57:24,https://www.bilibili.com/video/BV1r9BeBZEMu/?spm_id_from=333.1387.favlist.content.click&vd_source=bdf775a036c61c0159ac2f0c251aaeb7,11,BV1r9BeBZEMu,【杨博文｜4K舞台直拍】《爱要坦荡荡》，四代主唱贝斯手玩转乐队，好青春洋溢,关键时刻来瓶尖叫,2025-12-27 00:55:22,36172,4773,745,3177,51,52,64,1
2026-07-09 02:57:24,https://www.bilibili.com/video/BV1Lb6tBBEYC/?spm_id_from=333.1387.favlist.content.click&vd_source=bdf775a036c61c0159ac2f0c251aaeb7,12,BV1Lb6tBBEYC,【4K精剪】闭嘴跳舞 | 杨博文直拍 | 260201,underthepoplar,2026-02-02 00:00:55,265629,21777,13150,15856,1890,1671,2809,1
2026-07-09 02:57:24,https://www.bilibili.com/video/BV1mJ64BREZY/?spm_id_from=333.1387.favlist.content.click&vd_source=bdf775a036c61c0159ac2f0c251aaeb7,13,BV1mJ64BREZY,【杨博文】闭嘴跳舞丨当主舞穿上西装就会得到,Kismet丨杨博文,2026-02-01 18:31:00,508187,31988,3534,22985,179,100,425,1
2026-07-09 02:57:24,https://www.bilibili.com/video/BV15M64BPEVo/?spm_id_from=333.1387.favlist.content.click&vd_source=bdf775a036c61c0159ac2f0c251aaeb7,14,BV15M64BPEVo,【杨博文】舞步是我最有力的武器 请调动所有感官和我一同所向披靡｜闭嘴跳舞4k横屏双机位直拍,游园会_杨博文,2026-02-01 20:09:30,51816,7822,1412,4984,56,38,157,1
2026-07-09 02:57:24,https://www.bilibili.com/video/BV1fWYqzTECD/?spm_id_from=333.1387.favlist.content.click&vd_source=bdf775a036c61c0159ac2f0c251aaeb7,15,BV1fWYqzTECD,绝美堕天使下凡了……｜杨博文｜deja vu 4K直拍,WIX99,2025-08-16 22:18:21,13646,2051,584,892,68,44,115,1
2026-07-09 02:57:24,https://www.bilibili.com/video/BV1Bem3B1EcH/?spm_id_from=333.1387.favlist.content.click&vd_source=bdf775a036c61c0159ac2f0c251aaeb7,16,BV1Bem3B1EcH,【杨博文｜4K舞台直拍】怎么黑衣的《Deja vu》也让人看的停不下来呢,关键时刻来瓶尖叫,2025-12-12 21:30:00,12429,1404,159,1249,19,7,1,1
2026-07-09 02:57:24,https://www.bilibili.com/video/BV11kZyByE81/?spm_id_from=333.1387.favlist.content.click&vd_source=bdf775a036c61c0159ac2f0c251aaeb7,17,BV11kZyByE81,【4K精剪】Deja Vu | 杨博文直拍 | 250816 & 250817,underthepoplar,2026-02-17 20:22:24,48393,7199,3134,3410,374,230,207,1
2026-07-09 02:57:24,https://www.bilibili.com/video/BV1J7Awz8EUZ/?spm_id_from=333.1387.favlist.content.click&vd_source=bdf775a036c61c0159ac2f0c251aaeb7,18,BV1J7Awz8EUZ,自测鸡蛋果,喜欢吃鸡蛋果,2026-03-21 16:17:31,1530,0,0,1,1,0,0,1
2026-07-09 02:57:24,https://www.bilibili.com/video/BV1Xm61BEEnt/?spm_id_from=333.1387.favlist.content.click,19,BV1Xm61BEEnt,【杨博文】致命诱惑<希区考克 作品152> 4k 竖版直拍 Focus,Roseate丨杨博文,2026-01-31 17:54:23,48114,7750,3401,2845,207,259,425,1
2026-07-09 02:57:24,https://www.bilibili.com/video/BV1MtFrzLEqw/?spm_id_from=333.1387.favlist.content.click&vd_source=82c7dc283676ff6ca01b24294b7c8a32,20,BV1MtFrzLEqw,【4K】借过一下 | 杨博文直拍 | 260131,underthepoplar,2026-02-06 15:13:06,23046,3600,1459,1783,64,101,213,1
2026-07-09 02:57:24,https://www.bilibili.com/video/BV1jjF3z3Ern/?spm_id_from=333.1387.favlist.content.click&vd_source=82c7dc283676ff6ca01b24294b7c8a32,21,BV1jjF3z3Ern,【4K精剪】Why Why Why | 杨博文直拍 | 260201,underthepoplar,2026-02-03 05:55:49,69561,11533,5443,5876,298,247,617,1
2026-07-09 02:57:24,https://www.bilibili.com/video/BV1oJVD6BEEW/?spm_id_from=333.1387.favlist.content.click&vd_source=82c7dc283676ff6ca01b24294b7c8a32,22,BV1oJVD6BEEW,Hey Mama 一分钟solo | 杨博文直拍 | 251228,underthepoplar,2026-06-01 02:16:51,31382,4084,1621,2275,65,76,35,1
2026-07-09 02:57:24,https://www.bilibili.com/video/BV16MbLzPETK/?spm_id_from=333.1387.favlist.content.click&vd_source=82c7dc283676ff6ca01b24294b7c8a32,23,BV16MbLzPETK,这是洋娃娃在给我唱歌吧｜杨博文｜雨爱 4K直拍,WIX99,2025-08-11 18:44:28,4156,644,72,334,3,9,3,1
2026-07-09 02:57:24,https://www.bilibili.com/video/BV1nUFFzSE8W/?spm_id_from=333.337.search-card.all.click&vd_source=c9ba0a78401ac34b07f18808dcb060f8,24,BV1nUFFzSE8W,【4K精剪】第二类我 | 杨博文直拍 | 260201,underthepoplar,2026-02-05 03:45:45,36879,5397,3617,2813,205,203,293,1
2026-07-09 02:57:24,https://www.bilibili.com/video/BV1JFZ4BnEiL/?spm_id_from=333.337.search-card.all.click,25,BV1JFZ4BnEiL,【杨博文4K直拍】《希区考克 作品152》20260131丨澳门·荣耀之战演唱会丨四机位,houRlyRambo丨杨博文,2026-02-15 16:50:03,2931,636,136,140,15,9,15,1
2026-07-09 02:57:24,https://www.bilibili.com/video/BV19k61BQE89/?spm_id_from=333.337.search-card.all.click,26,BV19k61BQE89,【杨博文】跟随少年步伐走进悬疑 <希区考克 作品152 >三机位混剪,61strawberry,2026-01-31 18:26:12,10604,1759,514,1378,50,43,10,1
2026-07-09 02:57:24,https://www.bilibili.com/video/BV1oz61B9ECW/?spm_id_from=333.337.search-card.all.click,27,BV1oz61B9ECW,【杨博文｜4K直拍】《希区考克》好帅的舞台,关键时刻来瓶尖叫,2026-01-31 18:18:47,30676,4092,1771,2543,116,122,192,1
2026-07-09 02:57:24,https://www.bilibili.com/video/BV1EGBCBmEo8/?spm_id_from=333.337.search-card.all.click&vd_source=bdf775a036c61c0159ac2f0c251aaeb7,28,BV1EGBCBmEo8,【杨博文｜4K高清直拍】魅魔级别的《Manta》舞台，看博文如何一yeah封神,关键时刻来瓶尖叫,2025-12-27 23:15:44,760775,11958,9315,10532,5793,945,2304,1
2026-07-09 02:57:24,https://www.bilibili.com/video/BV1s8BvBPEN5/?spm_id_from=333.337.search-card.all.click&vd_source=bdf775a036c61c0159ac2f0c251aaeb7,29,BV1s8BvBPEN5,【杨博文｜4K舞台直拍】好运来祝你好运来～博文宝宝祝你新年好运来,关键时刻来瓶尖叫,2025-12-27 00:43:12,1900582,34060,16549,31811,6879,4002,4642,1
2026-07-09 03:57:45,https://www.bilibili.com/video/BV1A5vkB2E1k/?spm_id_from=333.1387.favlist.content.click&vd_source=bdf775a036c61c0159ac2f0c251aaeb7,0,BV1A5vkB2E1k,【杨博文】Hey Mama六机位纯舞直拍丨15岁舞台统治者的诞生，四代主舞燃炸全场！,Kismet丨杨博文,2025-12-28 22:28:16,2488630,60799,43002,44183,12949,13454,20516,2
2026-07-09 03:57:45,https://www.bilibili.com/video/BV1XA6nBGEPV/?spm_id_from=333.1387.favlist.content.click&vd_source=bdf775a036c61c0159ac2f0c251aaeb7,1,BV1XA6nBGEPV,【4K精剪】希区考克 作品152 | 杨博文直拍 | 260131,underthepoplar,2026-02-01 00:23:17,1921114,22359,21462,19188,8987,3976,6797,1
2026-07-09 03:57:45,https://www.bilibili.com/video/BV15r61BWESJ/?spm_id_from=333.1387.favlist.content.click&vd_source=bdf775a036c61c0159ac2f0c251aaeb7,2,BV15r61BWESJ,【杨博文】希区考克作品152丨双机位直拍 悬疑与张力碰撞 表管拉满 少年锋芒,Kismet丨杨博文,2026-01-31 18:27:40,541079,18453,10858,15560,931,1082,1224,1
2026-07-09 03:57:45,https://www.bilibili.com/video/BV19y61BnEMM/?spm_id_from=333.1387.favlist.content.click&vd_source=bdf775a036c61c0159ac2f0c251aaeb7,3,BV19y61BnEMM,【杨博文】就这个踢腿爽之 连每一根头发丝都在劲舞｜希区考克 作品152 4k双机位横屏直拍,游园会_杨博文,2026-01-31 18:31:31,417297,14800,9593,12540,1174,1513,2297,1
2026-07-09 03:57:45,https://www.bilibili.com/video/BV1M9ePzaELH/?spm_id_from=333.1387.favlist.content.click&vd_source=bdf775a036c61c0159ac2f0c251aaeb7,4,BV1M9ePzaELH,「杨博文｜卡拉永远OK」突发舞台事故？我怎么没看见,Astra_杨博文,2025-08-19 22:15:30,808456,14288,4533,9564,6374,614,516,1
2026-07-09 03:57:45,https://www.bilibili.com/video/BV1pV9GB6E96/?spm_id_from=333.1387.favlist.content.click&vd_source=bdf775a036c61c0159ac2f0c251aaeb7,5,BV1pV9GB6E96,【4K精剪】Guilty | 杨博文直拍 | 250119,underthepoplar,2026-04-01 02:23:39,49281,9026,2955,5326,241,201,204,1
2026-07-09 03:57:45,https://www.bilibili.com/video/BV1vFwNeKER9/?spm_id_from=333.1387.favlist.content.click&vd_source=bdf775a036c61c0159ac2f0c251aaeb7,6,BV1vFwNeKER9,【杨博文】guilty 4k横屏直拍｜夺命34秒，谁都无法拒绝的Legend级别，建议调大音量食用更加,游园会_杨博文,2025-01-18 22:02:36,263356,16461,8044,14258,1083,850,3091,1
2026-07-09 03:57:45,https://www.bilibili.com/video/BV1MGYnzrE9E/?spm_id_from=333.1387.favlist.content.click&vd_source=bdf775a036c61c0159ac2f0c251aaeb7,7,BV1MGYnzrE9E,杨博文跳 《Centuries》帅到窒息！！竖屏4K直拍,Kismet丨杨博文,2025-08-18 02:15:37,263691,12056,6641,7807,562,950,3369,1
2026-07-09 03:57:45,https://www.bilibili.com/video/BV1DZvDBEEjv/?spm_id_from=333.1387.favlist.content.click&vd_source=bdf775a036c61c0159ac2f0c251aaeb7,8,BV1DZvDBEEjv,终于找到了治愈我每一天的秘方 当你一开嗓 哪怕是夕阳也格外绚烂 ｜【杨博文】黄昏晓4k横屏直拍,游园会_杨博文,2026-01-01 20:53:32,24006,4089,712,2664,35,44,178,1
2026-07-09 03:57:45,https://www.bilibili.com/video/BV1owvqBJEkn/?spm_id_from=333.1387.favlist.content.click&vd_source=bdf775a036c61c0159ac2f0c251aaeb7,9,BV1owvqBJEkn,【杨博文｜黄昏晓】 4K直拍,羊圈主,2025-12-28 00:28:04,18052,4364,1028,1653,70,88,256,1
2026-07-09 03:57:45,https://www.bilibili.com/video/BV1eqY6e1Eec/?spm_id_from=333.1387.favlist.content.click&vd_source=bdf775a036c61c0159ac2f0c251aaeb7,10,BV1eqY6e1Eec,【TF家族-杨博文】蔡依林男粉！？你的杨会扭儿上线｜《看我72变》4K直拍,LOST-杨博文,2024-08-13 05:57:43,99661,10016,1635,5637,429,102,321,1
2026-07-09 03:57:45,https://www.bilibili.com/video/BV1r9BeBZEMu/?spm_id_from=333.1387.favlist.content.click&vd_source=bdf775a036c61c0159ac2f0c251aaeb7,11,BV1r9BeBZEMu,【杨博文｜4K舞台直拍】《爱要坦荡荡》，四代主唱贝斯手玩转乐队，好青春洋溢,关键时刻来瓶尖叫,2025-12-27 00:55:22,36173,4773,745,3177,51,52,64,1
2026-07-09 03:57:45,https://www.bilibili.com/video/BV1Lb6tBBEYC/?spm_id_from=333.1387.favlist.content.click&vd_source=bdf775a036c61c0159ac2f0c251aaeb7,12,BV1Lb6tBBEYC,【4K精剪】闭嘴跳舞 | 杨博文直拍 | 260201,underthepoplar,2026-02-02 00:00:55,265640,21780,13150,15857,1890,1671,2809,1
2026-07-09 03:57:45,https://www.bilibili.com/video/BV1mJ64BREZY/?spm_id_from=333.1387.favlist.content.click&vd_source=bdf775a036c61c0159ac2f0c251aaeb7,13,BV1mJ64BREZY,【杨博文】闭嘴跳舞丨当主舞穿上西装就会得到,Kismet丨杨博文,2026-02-01 18:31:00,508191,31988,3534,22985,179,100,425,1
2026-07-09 03:57:45,https://www.bilibili.com/video/BV15M64BPEVo/?spm_id_from=333.1387.favlist.content.click&vd_source=bdf775a036c61c0159ac2f0c251aaeb7,14,BV15M64BPEVo,【杨博文】舞步是我最有力的武器 请调动所有感官和我一同所向披靡｜闭嘴跳舞4k横屏双机位直拍,游园会_杨博文,2026-02-01 20:09:30,51816,7822,1412,4984,56,38,157,1
2026-07-09 03:57:45,https://www.bilibili.com/video/BV1fWYqzTECD/?spm_id_from=333.1387.favlist.content.click&vd_source=bdf775a036c61c0159ac2f0c251aaeb7,15,BV1fWYqzTECD,绝美堕天使下凡了……｜杨博文｜deja vu 4K直拍,WIX99,2025-08-16 22:18:21,13647,2051,584,892,68,44,115,1
2026-07-09 03:57:45,https://www.bilibili.com/video/BV1Bem3B1EcH/?spm_id_from=333.1387.favlist.content.click&vd_source=bdf775a036c61c0159ac2f0c251aaeb7,16,BV1Bem3B1EcH,【杨博文｜4K舞台直拍】怎么黑衣的《Deja vu》也让人看的停不下来呢,关键时刻来瓶尖叫,2025-12-12 21:30:00,12429,1404,159,1249,19,7,1,1
2026-07-09 03:57:45,https://www.bilibili.com/video/BV11kZyByE81/?spm_id_from=333.1387.favlist.content.click&vd_source=bdf775a036c61c0159ac2f0c251aaeb7,17,BV11kZyByE81,【4K精剪】Deja Vu | 杨博文直拍 | 250816 & 250817,underthepoplar,2026-02-17 20:22:24,48396,7199,3134,3410,374,230,207,1
2026-07-09 03:57:45,https://www.bilibili.com/video/BV1J7Awz8EUZ/?spm_id_from=333.1387.favlist.content.click&vd_source=bdf775a036c61c0159ac2f0c251aaeb7,18,BV1J7Awz8EUZ,自测鸡蛋果,喜欢吃鸡蛋果,2026-03-21 16:17:31,1530,0,0,1,1,0,0,1
2026-07-09 03:57:45,https://www.bilibili.com/video/BV1Xm61BEEnt/?spm_id_from=333.1387.favlist.content.click,19,BV1Xm61BEEnt,【杨博文】致命诱惑<希区考克 作品152> 4k 竖版直拍 Focus,Roseate丨杨博文,2026-01-31 17:54:23,48114,7750,3401,2845,207,259,425,1
2026-07-09 03:57:45,https://www.bilibili.com/video/BV1MtFrzLEqw/?spm_id_from=333.1387.favlist.content.click&vd_source=82c7dc283676ff6ca01b24294b7c8a32,20,BV1MtFrzLEqw,【4K】借过一下 | 杨博文直拍 | 260131,underthepoplar,2026-02-06 15:13:06,23047,3600,1459,1783,64,101,213,1
2026-07-09 03:57:45,https://www.bilibili.com/video/BV1jjF3z3Ern/?spm_id_from=333.1387.favlist.content.click&vd_source=82c7dc283676ff6ca01b24294b7c8a32,21,BV1jjF3z3Ern,【4K精剪】Why Why Why | 杨博文直拍 | 260201,underthepoplar,2026-02-03 05:55:49,69562,11534,5443,5876,298,247,617,1
2026-07-09 03:57:45,https://www.bilibili.com/video/BV1oJVD6BEEW/?spm_id_from=333.1387.favlist.content.click&vd_source=82c7dc283676ff6ca01b24294b7c8a32,22,BV1oJVD6BEEW,Hey Mama 一分钟solo | 杨博文直拍 | 251228,underthepoplar,2026-06-01 02:16:51,31391,4087,1621,2277,65,76,35,1
2026-07-09 03:57:45,https://www.bilibili.com/video/BV16MbLzPETK/?spm_id_from=333.1387.favlist.content.click&vd_source=82c7dc283676ff6ca01b24294b7c8a32,23,BV16MbLzPETK,这是洋娃娃在给我唱歌吧｜杨博文｜雨爱 4K直拍,WIX99,2025-08-11 18:44:28,4157,644,72,334,3,9,3,1
2026-07-09 03:57:45,https://www.bilibili.com/video/BV1nUFFzSE8W/?spm_id_from=333.337.search-card.all.click&vd_source=c9ba0a78401ac34b07f18808dcb060f8,24,BV1nUFFzSE8W,【4K精剪】第二类我 | 杨博文直拍 | 260201,underthepoplar,2026-02-05 03:45:45,36879,5397,3617,2813,205,203,293,1
2026-07-09 03:57:45,https://www.bilibili.com/video/BV1JFZ4BnEiL/?spm_id_from=333.337.search-card.all.click,25,BV1JFZ4BnEiL,【杨博文4K直拍】《希区考克 作品152》20260131丨澳门·荣耀之战演唱会丨四机位,houRlyRambo丨杨博文,2026-02-15 16:50:03,2931,636,136,140,15,9,15,1
2026-07-09 03:57:45,https://www.bilibili.com/video/BV19k61BQE89/?spm_id_from=333.337.search-card.all.click,26,BV19k61BQE89,【杨博文】跟随少年步伐走进悬疑 <希区考克 作品152 >三机位混剪,61strawberry,2026-01-31 18:26:12,10604,1759,514,1378,50,43,10,1
2026-07-09 03:57:45,https://www.bilibili.com/video/BV1oz61B9ECW/?spm_id_from=333.337.search-card.all.click,27,BV1oz61B9ECW,【杨博文｜4K直拍】《希区考克》好帅的舞台,关键时刻来瓶尖叫,2026-01-31 18:18:47,30676,4092,1771,2543,116,122,192,1
2026-07-09 03:57:45,https://www.bilibili.com/video/BV1EGBCBmEo8/?spm_id_from=333.337.search-card.all.click&vd_source=bdf775a036c61c0159ac2f0c251aaeb7,28,BV1EGBCBmEo8,【杨博文｜4K高清直拍】魅魔级别的《Manta》舞台，看博文如何一yeah封神,关键时刻来瓶尖叫,2025-12-27 23:15:44,760790,11958,9315,10532,5793,945,2304,1
2026-07-09 03:57:45,https://www.bilibili.com/video/BV1s8BvBPEN5/?spm_id_from=333.337.search-card.all.click&vd_source=bdf775a036c61c0159ac2f0c251aaeb7,29,BV1s8BvBPEN5,【杨博文｜4K舞台直拍】好运来祝你好运来～博文宝宝祝你新年好运来,关键时刻来瓶尖叫,2025-12-27 00:43:12,1900585,34060,16549,31811,6879,4002,4642,1
2026-07-09 04:58:07,https://www.bilibili.com/video/BV1A5vkB2E1k/?spm_id_from=333.1387.favlist.content.click&vd_source=bdf775a036c61c0159ac2f0c251aaeb7,0,BV1A5vkB2E1k,【杨博文】Hey Mama六机位纯舞直拍丨15岁舞台统治者的诞生，四代主舞燃炸全场！,Kismet丨杨博文,2025-12-28 22:28:16,2488655,60799,43002,44183,12953,13454,20516,2
2026-07-09 04:58:07,https://www.bilibili.com/video/BV1XA6nBGEPV/?spm_id_from=333.1387.favlist.content.click&vd_source=bdf775a036c61c0159ac2f0c251aaeb7,1,BV1XA6nBGEPV,【4K精剪】希区考克 作品152 | 杨博文直拍 | 260131,underthepoplar,2026-02-01 00:23:17,1921120,22359,21462,19188,8989,3976,6797,1
2026-07-09 04:58:07,https://www.bilibili.com/video/BV15r61BWESJ/?spm_id_from=333.1387.favlist.content.click&vd_source=bdf775a036c61c0159ac2f0c251aaeb7,2,BV15r61BWESJ,【杨博文】希区考克作品152丨双机位直拍 悬疑与张力碰撞 表管拉满 少年锋芒,Kismet丨杨博文,2026-01-31 18:27:40,541080,18453,10858,15560,931,1082,1224,1
2026-07-09 04:58:07,https://www.bilibili.com/video/BV19y61BnEMM/?spm_id_from=333.1387.favlist.content.click&vd_source=bdf775a036c61c0159ac2f0c251aaeb7,3,BV19y61BnEMM,【杨博文】就这个踢腿爽之 连每一根头发丝都在劲舞｜希区考克 作品152 4k双机位横屏直拍,游园会_杨博文,2026-01-31 18:31:31,417299,14800,9593,12540,1174,1513,2297,1
2026-07-09 04:58:07,https://www.bilibili.com/video/BV1M9ePzaELH/?spm_id_from=333.1387.favlist.content.click&vd_source=bdf775a036c61c0159ac2f0c251aaeb7,4,BV1M9ePzaELH,「杨博文｜卡拉永远OK」突发舞台事故？我怎么没看见,Astra_杨博文,2025-08-19 22:15:30,808466,14289,4533,9564,6377,614,516,1
2026-07-09 04:58:07,https://www.bilibili.com/video/BV1pV9GB6E96/?spm_id_from=333.1387.favlist.content.click&vd_source=bdf775a036c61c0159ac2f0c251aaeb7,5,BV1pV9GB6E96,【4K精剪】Guilty | 杨博文直拍 | 250119,underthepoplar,2026-04-01 02:23:39,49285,9027,2955,5326,241,201,204,1
2026-07-09 04:58:07,https://www.bilibili.com/video/BV1vFwNeKER9/?spm_id_from=333.1387.favlist.content.click&vd_source=bdf775a036c61c0159ac2f0c251aaeb7,6,BV1vFwNeKER9,【杨博文】guilty 4k横屏直拍｜夺命34秒，谁都无法拒绝的Legend级别，建议调大音量食用更加,游园会_杨博文,2025-01-18 22:02:36,263356,16461,8044,14258,1083,850,3091,1
2026-07-09 04:58:07,https://www.bilibili.com/video/BV1MGYnzrE9E/?spm_id_from=333.1387.favlist.content.click&vd_source=bdf775a036c61c0159ac2f0c251aaeb7,7,BV1MGYnzrE9E,杨博文跳 《Centuries》帅到窒息！！竖屏4K直拍,Kismet丨杨博文,2025-08-18 02:15:37,263691,12056,6641,7807,562,950,3369,1
2026-07-09 04:58:07,https://www.bilibili.com/video/BV1DZvDBEEjv/?spm_id_from=333.1387.favlist.content.click&vd_source=bdf775a036c61c0159ac2f0c251aaeb7,8,BV1DZvDBEEjv,终于找到了治愈我每一天的秘方 当你一开嗓 哪怕是夕阳也格外绚烂 ｜【杨博文】黄昏晓4k横屏直拍,游园会_杨博文,2026-01-01 20:53:32,24006,4089,712,2664,35,44,178,1
2026-07-09 04:58:07,https://www.bilibili.com/video/BV1owvqBJEkn/?spm_id_from=333.1387.favlist.content.click&vd_source=bdf775a036c61c0159ac2f0c251aaeb7,9,BV1owvqBJEkn,【杨博文｜黄昏晓】 4K直拍,羊圈主,2025-12-28 00:28:04,18052,4364,1028,1653,70,88,256,1
2026-07-09 04:58:07,https://www.bilibili.com/video/BV1eqY6e1Eec/?spm_id_from=333.1387.favlist.content.click&vd_source=bdf775a036c61c0159ac2f0c251aaeb7,10,BV1eqY6e1Eec,【TF家族-杨博文】蔡依林男粉！？你的杨会扭儿上线｜《看我72变》4K直拍,LOST-杨博文,2024-08-13 05:57:43,99663,10018,1637,5638,429,102,321,1
2026-07-09 04:58:07,https://www.bilibili.com/video/BV1r9BeBZEMu/?spm_id_from=333.1387.favlist.content.click&vd_source=bdf775a036c61c0159ac2f0c251aaeb7,11,BV1r9BeBZEMu,【杨博文｜4K舞台直拍】《爱要坦荡荡》，四代主唱贝斯手玩转乐队，好青春洋溢,关键时刻来瓶尖叫,2025-12-27 00:55:22,36173,4773,745,3177,51,52,64,1
2026-07-09 04:58:07,https://www.bilibili.com/video/BV1Lb6tBBEYC/?spm_id_from=333.1387.favlist.content.click&vd_source=bdf775a036c61c0159ac2f0c251aaeb7,12,BV1Lb6tBBEYC,【4K精剪】闭嘴跳舞 | 杨博文直拍 | 260201,underthepoplar,2026-02-02 00:00:55,265643,21780,13150,15857,1890,1671,2809,1
2026-07-09 04:58:07,https://www.bilibili.com/video/BV1mJ64BREZY/?spm_id_from=333.1387.favlist.content.click&vd_source=bdf775a036c61c0159ac2f0c251aaeb7,13,BV1mJ64BREZY,【杨博文】闭嘴跳舞丨当主舞穿上西装就会得到,Kismet丨杨博文,2026-02-01 18:31:00,508193,31988,3534,22985,179,100,425,1
2026-07-09 04:58:07,https://www.bilibili.com/video/BV15M64BPEVo/?spm_id_from=333.1387.favlist.content.click&vd_source=bdf775a036c61c0159ac2f0c251aaeb7,14,BV15M64BPEVo,【杨博文】舞步是我最有力的武器 请调动所有感官和我一同所向披靡｜闭嘴跳舞4k横屏双机位直拍,游园会_杨博文,2026-02-01 20:09:30,51817,7822,1412,4984,56,38,157,1
2026-07-09 04:58:07,https://www.bilibili.com/video/BV1fWYqzTECD/?spm_id_from=333.1387.favlist.content.click&vd_source=bdf775a036c61c0159ac2f0c251aaeb7,15,BV1fWYqzTECD,绝美堕天使下凡了……｜杨博文｜deja vu 4K直拍,WIX99,2025-08-16 22:18:21,13647,2051,584,892,68,44,115,1
2026-07-09 04:58:07,https://www.bilibili.com/video/BV1Bem3B1EcH/?spm_id_from=333.1387.favlist.content.click&vd_source=bdf775a036c61c0159ac2f0c251aaeb7,16,BV1Bem3B1EcH,【杨博文｜4K舞台直拍】怎么黑衣的《Deja vu》也让人看的停不下来呢,关键时刻来瓶尖叫,2025-12-12 21:30:00,12429,1404,159,1249,19,7,1,1
2026-07-09 04:58:07,https://www.bilibili.com/video/BV11kZyByE81/?spm_id_from=333.1387.favlist.content.click&vd_source=bdf775a036c61c0159ac2f0c251aaeb7,17,BV11kZyByE81,【4K精剪】Deja Vu | 杨博文直拍 | 250816 & 250817,underthepoplar,2026-02-17 20:22:24,48396,7199,3134,3410,374,230,207,1
2026-07-09 04:58:07,https://www.bilibili.com/video/BV1J7Awz8EUZ/?spm_id_from=333.1387.favlist.content.click&vd_source=bdf775a036c61c0159ac2f0c251aaeb7,18,BV1J7Awz8EUZ,自测鸡蛋果,喜欢吃鸡蛋果,2026-03-21 16:17:31,1530,0,0,1,1,0,0,1
2026-07-09 04:58:07,https://www.bilibili.com/video/BV1Xm61BEEnt/?spm_id_from=333.1387.favlist.content.click,19,BV1Xm61BEEnt,【杨博文】致命诱惑<希区考克 作品152> 4k 竖版直拍 Focus,Roseate丨杨博文,2026-01-31 17:54:23,48114,7750,3401,2845,207,259,425,1
2026-07-09 04:58:07,https://www.bilibili.com/video/BV1MtFrzLEqw/?spm_id_from=333.1387.favlist.content.click&vd_source=82c7dc283676ff6ca01b24294b7c8a32,20,BV1MtFrzLEqw,【4K】借过一下 | 杨博文直拍 | 260131,underthepoplar,2026-02-06 15:13:06,23047,3600,1459,1783,64,101,213,1
2026-07-09 04:58:07,https://www.bilibili.com/video/BV1jjF3z3Ern/?spm_id_from=333.1387.favlist.content.click&vd_source=82c7dc283676ff6ca01b24294b7c8a32,21,BV1jjF3z3Ern,【4K精剪】Why Why Why | 杨博文直拍 | 260201,underthepoplar,2026-02-03 05:55:49,69563,11533,5443,5876,298,247,617,1
2026-07-09 04:58:07,https://www.bilibili.com/video/BV1oJVD6BEEW/?spm_id_from=333.1387.favlist.content.click&vd_source=82c7dc283676ff6ca01b24294b7c8a32,22,BV1oJVD6BEEW,Hey Mama 一分钟solo | 杨博文直拍 | 251228,underthepoplar,2026-06-01 02:16:51,31393,4087,1621,2277,65,76,35,1
2026-07-09 04:58:07,https://www.bilibili.com/video/BV16MbLzPETK/?spm_id_from=333.1387.favlist.content.click&vd_source=82c7dc283676ff6ca01b24294b7c8a32,23,BV16MbLzPETK,这是洋娃娃在给我唱歌吧｜杨博文｜雨爱 4K直拍,WIX99,2025-08-11 18:44:28,4158,644,72,334,3,9,3,1
2026-07-09 04:58:07,https://www.bilibili.com/video/BV1nUFFzSE8W/?spm_id_from=333.337.search-card.all.click&vd_source=c9ba0a78401ac34b07f18808dcb060f8,24,BV1nUFFzSE8W,【4K精剪】第二类我 | 杨博文直拍 | 260201,underthepoplar,2026-02-05 03:45:45,36879,5397,3617,2813,205,203,293,1
2026-07-09 04:58:07,https://www.bilibili.com/video/BV1JFZ4BnEiL/?spm_id_from=333.337.search-card.all.click,25,BV1JFZ4BnEiL,【杨博文4K直拍】《希区考克 作品152》20260131丨澳门·荣耀之战演唱会丨四机位,houRlyRambo丨杨博文,2026-02-15 16:50:03,2931,636,136,140,15,9,15,1
2026-07-09 04:58:07,https://www.bilibili.com/video/BV19k61BQE89/?spm_id_from=333.337.search-card.all.click,26,BV19k61BQE89,【杨博文】跟随少年步伐走进悬疑 <希区考克 作品152 >三机位混剪,61strawberry,2026-01-31 18:26:12,10604,1759,514,1378,50,43,10,1
2026-07-09 04:58:07,https://www.bilibili.com/video/BV1oz61B9ECW/?spm_id_from=333.337.search-card.all.click,27,BV1oz61B9ECW,【杨博文｜4K直拍】《希区考克》好帅的舞台,关键时刻来瓶尖叫,2026-01-31 18:18:47,30676,4092,1771,2543,116,122,192,1
2026-07-09 04:58:07,https://www.bilibili.com/video/BV1EGBCBmEo8/?spm_id_from=333.337.search-card.all.click&vd_source=bdf775a036c61c0159ac2f0c251aaeb7,28,BV1EGBCBmEo8,【杨博文｜4K高清直拍】魅魔级别的《Manta》舞台，看博文如何一yeah封神,关键时刻来瓶尖叫,2025-12-27 23:15:44,760806,11958,9315,10532,5796,945,2304,1
2026-07-09 04:58:07,https://www.bilibili.com/video/BV1s8BvBPEN5/?spm_id_from=333.337.search-card.all.click&vd_source=bdf775a036c61c0159ac2f0c251aaeb7,29,BV1s8BvBPEN5,【杨博文｜4K舞台直拍】好运来祝你好运来～博文宝宝祝你新年好运来,关键时刻来瓶尖叫,2025-12-27 00:43:12,1900587,34060,16549,31811,6882,4002,4642,1
2026-07-09 05:58:29,https://www.bilibili.com/video/BV1A5vkB2E1k/?spm_id_from=333.1387.favlist.content.click&vd_source=bdf775a036c61c0159ac2f0c251aaeb7,0,BV1A5vkB2E1k,【杨博文】Hey Mama六机位纯舞直拍丨15岁舞台统治者的诞生，四代主舞燃炸全场！,Kismet丨杨博文,2025-12-28 22:28:16,2488681,60800,43002,44183,12953,13454,20516,1
2026-07-09 05:58:29,https://www.bilibili.com/video/BV1XA6nBGEPV/?spm_id_from=333.1387.favlist.content.click&vd_source=bdf775a036c61c0159ac2f0c251aaeb7,1,BV1XA6nBGEPV,【4K精剪】希区考克 作品152 | 杨博文直拍 | 260131,underthepoplar,2026-02-01 00:23:17,1921121,22359,21462,19188,8992,3976,6797,1
2026-07-09 05:58:29,https://www.bilibili.com/video/BV15r61BWESJ/?spm_id_from=333.1387.favlist.content.click&vd_source=bdf775a036c61c0159ac2f0c251aaeb7,2,BV15r61BWESJ,【杨博文】希区考克作品152丨双机位直拍 悬疑与张力碰撞 表管拉满 少年锋芒,Kismet丨杨博文,2026-01-31 18:27:40,541081,18453,10858,15560,931,1082,1224,1
2026-07-09 05:58:29,https://www.bilibili.com/video/BV19y61BnEMM/?spm_id_from=333.1387.favlist.content.click&vd_source=bdf775a036c61c0159ac2f0c251aaeb7,3,BV19y61BnEMM,【杨博文】就这个踢腿爽之 连每一根头发丝都在劲舞｜希区考克 作品152 4k双机位横屏直拍,游园会_杨博文,2026-01-31 18:31:31,417302,14800,9593,12539,1174,1513,2297,1
2026-07-09 05:58:29,https://www.bilibili.com/video/BV1M9ePzaELH/?spm_id_from=333.1387.favlist.content.click&vd_source=bdf775a036c61c0159ac2f0c251aaeb7,4,BV1M9ePzaELH,「杨博文｜卡拉永远OK」突发舞台事故？我怎么没看见,Astra_杨博文,2025-08-19 22:15:30,808471,14289,4533,9564,6379,614,516,1
2026-07-09 05:58:29,https://www.bilibili.com/video/BV1pV9GB6E96/?spm_id_from=333.1387.favlist.content.click&vd_source=bdf775a036c61c0159ac2f0c251aaeb7,5,BV1pV9GB6E96,【4K精剪】Guilty | 杨博文直拍 | 250119,underthepoplar,2026-04-01 02:23:39,49285,9027,2955,5326,241,201,204,1
2026-07-09 05:58:29,https://www.bilibili.com/video/BV1vFwNeKER9/?spm_id_from=333.1387.favlist.content.click&vd_source=bdf775a036c61c0159ac2f0c251aaeb7,6,BV1vFwNeKER9,【杨博文】guilty 4k横屏直拍｜夺命34秒，谁都无法拒绝的Legend级别，建议调大音量食用更加,游园会_杨博文,2025-01-18 22:02:36,263357,16461,8044,14258,1083,850,3091,1
2026-07-09 05:58:29,https://www.bilibili.com/video/BV1MGYnzrE9E/?spm_id_from=333.1387.favlist.content.click&vd_source=bdf775a036c61c0159ac2f0c251aaeb7,7,BV1MGYnzrE9E,杨博文跳 《Centuries》帅到窒息！！竖屏4K直拍,Kismet丨杨博文,2025-08-18 02:15:37,263691,12056,6641,7807,562,950,3369,1
2026-07-09 05:58:29,https://www.bilibili.com/video/BV1DZvDBEEjv/?spm_id_from=333.1387.favlist.content.click&vd_source=bdf775a036c61c0159ac2f0c251aaeb7,8,BV1DZvDBEEjv,终于找到了治愈我每一天的秘方 当你一开嗓 哪怕是夕阳也格外绚烂 ｜【杨博文】黄昏晓4k横屏直拍,游园会_杨博文,2026-01-01 20:53:32,24006,4089,712,2664,35,44,178,1
2026-07-09 05:58:29,https://www.bilibili.com/video/BV1owvqBJEkn/?spm_id_from=333.1387.favlist.content.click&vd_source=bdf775a036c61c0159ac2f0c251aaeb7,9,BV1owvqBJEkn,【杨博文｜黄昏晓】 4K直拍,羊圈主,2025-12-28 00:28:04,18052,4364,1028,1653,70,88,256,1
2026-07-09 05:58:29,https://www.bilibili.com/video/BV1eqY6e1Eec/?spm_id_from=333.1387.favlist.content.click&vd_source=bdf775a036c61c0159ac2f0c251aaeb7,10,BV1eqY6e1Eec,【TF家族-杨博文】蔡依林男粉！？你的杨会扭儿上线｜《看我72变》4K直拍,LOST-杨博文,2024-08-13 05:57:43,99663,10017,1637,5638,429,102,321,1
2026-07-09 05:58:29,https://www.bilibili.com/video/BV1r9BeBZEMu/?spm_id_from=333.1387.favlist.content.click&vd_source=bdf775a036c61c0159ac2f0c251aaeb7,11,BV1r9BeBZEMu,【杨博文｜4K舞台直拍】《爱要坦荡荡》，四代主唱贝斯手玩转乐队，好青春洋溢,关键时刻来瓶尖叫,2025-12-27 00:55:22,36173,4773,745,3177,51,52,64,1
2026-07-09 05:58:29,https://www.bilibili.com/video/BV1Lb6tBBEYC/?spm_id_from=333.1387.favlist.content.click&vd_source=bdf775a036c61c0159ac2f0c251aaeb7,12,BV1Lb6tBBEYC,【4K精剪】闭嘴跳舞 | 杨博文直拍 | 260201,underthepoplar,2026-02-02 00:00:55,265651,21782,13150,15858,1890,1671,2809,2
2026-07-09 05:58:29,https://www.bilibili.com/video/BV1mJ64BREZY/?spm_id_from=333.1387.favlist.content.click&vd_source=bdf775a036c61c0159ac2f0c251aaeb7,13,BV1mJ64BREZY,【杨博文】闭嘴跳舞丨当主舞穿上西装就会得到,Kismet丨杨博文,2026-02-01 18:31:00,508197,31988,3534,22985,179,100,425,1
2026-07-09 05:58:29,https://www.bilibili.com/video/BV15M64BPEVo/?spm_id_from=333.1387.favlist.content.click&vd_source=bdf775a036c61c0159ac2f0c251aaeb7,14,BV15M64BPEVo,【杨博文】舞步是我最有力的武器 请调动所有感官和我一同所向披靡｜闭嘴跳舞4k横屏双机位直拍,游园会_杨博文,2026-02-01 20:09:30,51817,7822,1412,4984,56,38,157,1
2026-07-09 05:58:29,https://www.bilibili.com/video/BV1fWYqzTECD/?spm_id_from=333.1387.favlist.content.click&vd_source=bdf775a036c61c0159ac2f0c251aaeb7,15,BV1fWYqzTECD,绝美堕天使下凡了……｜杨博文｜deja vu 4K直拍,WIX99,2025-08-16 22:18:21,13647,2051,584,892,68,44,115,1
2026-07-09 05:58:29,https://www.bilibili.com/video/BV1Bem3B1EcH/?spm_id_from=333.1387.favlist.content.click&vd_source=bdf775a036c61c0159ac2f0c251aaeb7,16,BV1Bem3B1EcH,【杨博文｜4K舞台直拍】怎么黑衣的《Deja vu》也让人看的停不下来呢,关键时刻来瓶尖叫,2025-12-12 21:30:00,12429,1404,159,1249,19,7,1,1
2026-07-09 05:58:29,https://www.bilibili.com/video/BV11kZyByE81/?spm_id_from=333.1387.favlist.content.click&vd_source=bdf775a036c61c0159ac2f0c251aaeb7,17,BV11kZyByE81,【4K精剪】Deja Vu | 杨博文直拍 | 250816 & 250817,underthepoplar,2026-02-17 20:22:24,48399,7199,3134,3410,374,230,207,1
2026-07-09 05:58:29,https://www.bilibili.com/video/BV1J7Awz8EUZ/?spm_id_from=333.1387.favlist.content.click&vd_source=bdf775a036c61c0159ac2f0c251aaeb7,18,BV1J7Awz8EUZ,自测鸡蛋果,喜欢吃鸡蛋果,2026-03-21 16:17:31,1530,0,0,1,1,0,0,1
2026-07-09 05:58:29,https://www.bilibili.com/video/BV1Xm61BEEnt/?spm_id_from=333.1387.favlist.content.click,19,BV1Xm61BEEnt,【杨博文】致命诱惑<希区考克 作品152> 4k 竖版直拍 Focus,Roseate丨杨博文,2026-01-31 17:54:23,48114,7750,3401,2845,207,259,425,1
2026-07-09 05:58:29,https://www.bilibili.com/video/BV1MtFrzLEqw/?spm_id_from=333.1387.favlist.content.click&vd_source=82c7dc283676ff6ca01b24294b7c8a32,20,BV1MtFrzLEqw,【4K】借过一下 | 杨博文直拍 | 260131,underthepoplar,2026-02-06 15:13:06,23047,3600,1459,1783,64,101,213,1
2026-07-09 05:58:29,https://www.bilibili.com/video/BV1jjF3z3Ern/?spm_id_from=333.1387.favlist.content.click&vd_source=82c7dc283676ff6ca01b24294b7c8a32,21,BV1jjF3z3Ern,【4K精剪】Why Why Why | 杨博文直拍 | 260201,underthepoplar,2026-02-03 05:55:49,69564,11533,5443,5876,298,247,617,1
2026-07-09 05:58:29,https://www.bilibili.com/video/BV1oJVD6BEEW/?spm_id_from=333.1387.favlist.content.click&vd_source=82c7dc283676ff6ca01b24294b7c8a32,22,BV1oJVD6BEEW,Hey Mama 一分钟solo | 杨博文直拍 | 251228,underthepoplar,2026-06-01 02:16:51,31394,4087,1621,2277,65,76,35,1
2026-07-09 05:58:29,https://www.bilibili.com/video/BV16MbLzPETK/?spm_id_from=333.1387.favlist.content.click&vd_source=82c7dc283676ff6ca01b24294b7c8a32,23,BV16MbLzPETK,这是洋娃娃在给我唱歌吧｜杨博文｜雨爱 4K直拍,WIX99,2025-08-11 18:44:28,4158,644,72,334,3,9,3,1
2026-07-09 05:58:29,https://www.bilibili.com/video/BV1nUFFzSE8W/?spm_id_from=333.337.search-card.all.click&vd_source=c9ba0a78401ac34b07f18808dcb060f8,24,BV1nUFFzSE8W,【4K精剪】第二类我 | 杨博文直拍 | 260201,underthepoplar,2026-02-05 03:45:45,36879,5397,3617,2813,205,203,293,1
2026-07-09 05:58:29,https://www.bilibili.com/video/BV1JFZ4BnEiL/?spm_id_from=333.337.search-card.all.click,25,BV1JFZ4BnEiL,【杨博文4K直拍】《希区考克 作品152》20260131丨澳门·荣耀之战演唱会丨四机位,houRlyRambo丨杨博文,2026-02-15 16:50:03,2931,636,136,140,15,9,15,1
2026-07-09 05:58:29,https://www.bilibili.com/video/BV19k61BQE89/?spm_id_from=333.337.search-card.all.click,26,BV19k61BQE89,【杨博文】跟随少年步伐走进悬疑 <希区考克 作品152 >三机位混剪,61strawberry,2026-01-31 18:26:12,10604,1759,514,1378,50,43,10,1
2026-07-09 05:58:29,https://www.bilibili.com/video/BV1oz61B9ECW/?spm_id_from=333.337.search-card.all.click,27,BV1oz61B9ECW,【杨博文｜4K直拍】《希区考克》好帅的舞台,关键时刻来瓶尖叫,2026-01-31 18:18:47,30676,4092,1771,2543,116,122,192,1
2026-07-09 05:58:29,https://www.bilibili.com/video/BV1EGBCBmEo8/?spm_id_from=333.337.search-card.all.click&vd_source=bdf775a036c61c0159ac2f0c251aaeb7,28,BV1EGBCBmEo8,【杨博文｜4K高清直拍】魅魔级别的《Manta》舞台，看博文如何一yeah封神,关键时刻来瓶尖叫,2025-12-27 23:15:44,760827,11958,9315,10532,5797,945,2304,1
2026-07-09 05:58:29,https://www.bilibili.com/video/BV1s8BvBPEN5/?spm_id_from=333.337.search-card.all.click&vd_source=bdf775a036c61c0159ac2f0c251aaeb7,29,BV1s8BvBPEN5,【杨博文｜4K舞台直拍】好运来祝你好运来～博文宝宝祝你新年好运来,关键时刻来瓶尖叫,2025-12-27 00:43:12,1900590,34060,16549,31811,6884,4002,4642,1
2026-07-09 06:58:50,https://www.bilibili.com/video/BV1A5vkB2E1k/?spm_id_from=333.1387.favlist.content.click&vd_source=bdf775a036c61c0159ac2f0c251aaeb7,0,BV1A5vkB2E1k,【杨博文】Hey Mama六机位纯舞直拍丨15岁舞台统治者的诞生，四代主舞燃炸全场！,Kismet丨杨博文,2025-12-28 22:28:16,2488711,60800,43002,44184,12953,13454,20516,1
2026-07-09 06:58:50,https://www.bilibili.com/video/BV1XA6nBGEPV/?spm_id_from=333.1387.favlist.content.click&vd_source=bdf775a036c61c0159ac2f0c251aaeb7,1,BV1XA6nBGEPV,【4K精剪】希区考克 作品152 | 杨博文直拍 | 260131,underthepoplar,2026-02-01 00:23:17,1921127,22359,21462,19188,8992,3976,6797,1
2026-07-09 06:58:50,https://www.bilibili.com/video/BV15r61BWESJ/?spm_id_from=333.1387.favlist.content.click&vd_source=bdf775a036c61c0159ac2f0c251aaeb7,2,BV15r61BWESJ,【杨博文】希区考克作品152丨双机位直拍 悬疑与张力碰撞 表管拉满 少年锋芒,Kismet丨杨博文,2026-01-31 18:27:40,541084,18453,10858,15560,931,1082,1224,1
2026-07-09 06:58:50,https://www.bilibili.com/video/BV19y61BnEMM/?spm_id_from=333.1387.favlist.content.click&vd_source=bdf775a036c61c0159ac2f0c251aaeb7,3,BV19y61BnEMM,【杨博文】就这个踢腿爽之 连每一根头发丝都在劲舞｜希区考克 作品152 4k双机位横屏直拍,游园会_杨博文,2026-01-31 18:31:31,417306,14800,9593,12539,1174,1513,2297,1
2026-07-09 06:58:50,https://www.bilibili.com/video/BV1M9ePzaELH/?spm_id_from=333.1387.favlist.content.click&vd_source=bdf775a036c61c0159ac2f0c251aaeb7,4,BV1M9ePzaELH,「杨博文｜卡拉永远OK」突发舞台事故？我怎么没看见,Astra_杨博文,2025-08-19 22:15:30,808471,14289,4533,9564,6379,614,516,1
2026-07-09 06:58:50,https://www.bilibili.com/video/BV1pV9GB6E96/?spm_id_from=333.1387.favlist.content.click&vd_source=bdf775a036c61c0159ac2f0c251aaeb7,5,BV1pV9GB6E96,【4K精剪】Guilty | 杨博文直拍 | 250119,underthepoplar,2026-04-01 02:23:39,49287,9027,2955,5326,241,201,204,1
2026-07-09 06:58:50,https://www.bilibili.com/video/BV1vFwNeKER9/?spm_id_from=333.1387.favlist.content.click&vd_source=bdf775a036c61c0159ac2f0c251aaeb7,6,BV1vFwNeKER9,【杨博文】guilty 4k横屏直拍｜夺命34秒，谁都无法拒绝的Legend级别，建议调大音量食用更加,游园会_杨博文,2025-01-18 22:02:36,263358,16461,8044,14258,1083,850,3091,1
2026-07-09 06:58:50,https://www.bilibili.com/video/BV1MGYnzrE9E/?spm_id_from=333.1387.favlist.content.click&vd_source=bdf775a036c61c0159ac2f0c251aaeb7,7,BV1MGYnzrE9E,杨博文跳 《Centuries》帅到窒息！！竖屏4K直拍,Kismet丨杨博文,2025-08-18 02:15:37,263691,12056,6641,7807,562,950,3369,1
2026-07-09 06:58:50,https://www.bilibili.com/video/BV1DZvDBEEjv/?spm_id_from=333.1387.favlist.content.click&vd_source=bdf775a036c61c0159ac2f0c251aaeb7,8,BV1DZvDBEEjv,终于找到了治愈我每一天的秘方 当你一开嗓 哪怕是夕阳也格外绚烂 ｜【杨博文】黄昏晓4k横屏直拍,游园会_杨博文,2026-01-01 20:53:32,24006,4089,712,2664,35,44,178,1
2026-07-09 06:58:50,https://www.bilibili.com/video/BV1owvqBJEkn/?spm_id_from=333.1387.favlist.content.click&vd_source=bdf775a036c61c0159ac2f0c251aaeb7,9,BV1owvqBJEkn,【杨博文｜黄昏晓】 4K直拍,羊圈主,2025-12-28 00:28:04,18052,4364,1028,1653,70,88,256,1
2026-07-09 06:58:50,https://www.bilibili.com/video/BV1eqY6e1Eec/?spm_id_from=333.1387.favlist.content.click&vd_source=bdf775a036c61c0159ac2f0c251aaeb7,10,BV1eqY6e1Eec,【TF家族-杨博文】蔡依林男粉！？你的杨会扭儿上线｜《看我72变》4K直拍,LOST-杨博文,2024-08-13 05:57:43,99663,10018,1637,5638,429,102,321,1
2026-07-09 06:58:50,https://www.bilibili.com/video/BV1r9BeBZEMu/?spm_id_from=333.1387.favlist.content.click&vd_source=bdf775a036c61c0159ac2f0c251aaeb7,11,BV1r9BeBZEMu,【杨博文｜4K舞台直拍】《爱要坦荡荡》，四代主唱贝斯手玩转乐队，好青春洋溢,关键时刻来瓶尖叫,2025-12-27 00:55:22,36173,4773,745,3177,51,52,64,1
2026-07-09 06:58:50,https://www.bilibili.com/video/BV1Lb6tBBEYC/?spm_id_from=333.1387.favlist.content.click&vd_source=bdf775a036c61c0159ac2f0c251aaeb7,12,BV1Lb6tBBEYC,【4K精剪】闭嘴跳舞 | 杨博文直拍 | 260201,underthepoplar,2026-02-02 00:00:55,265671,21783,13150,15859,1890,1671,2809,1
2026-07-09 06:58:50,https://www.bilibili.com/video/BV1mJ64BREZY/?spm_id_from=333.1387.favlist.content.click&vd_source=bdf775a036c61c0159ac2f0c251aaeb7,13,BV1mJ64BREZY,【杨博文】闭嘴跳舞丨当主舞穿上西装就会得到,Kismet丨杨博文,2026-02-01 18:31:00,508204,31989,3534,22986,179,100,425,1
2026-07-09 06:58:50,https://www.bilibili.com/video/BV15M64BPEVo/?spm_id_from=333.1387.favlist.content.click&vd_source=bdf775a036c61c0159ac2f0c251aaeb7,14,BV15M64BPEVo,【杨博文】舞步是我最有力的武器 请调动所有感官和我一同所向披靡｜闭嘴跳舞4k横屏双机位直拍,游园会_杨博文,2026-02-01 20:09:30,51817,7822,1412,4984,56,38,157,1
2026-07-09 06:58:50,https://www.bilibili.com/video/BV1fWYqzTECD/?spm_id_from=333.1387.favlist.content.click&vd_source=bdf775a036c61c0159ac2f0c251aaeb7,15,BV1fWYqzTECD,绝美堕天使下凡了……｜杨博文｜deja vu 4K直拍,WIX99,2025-08-16 22:18:21,13647,2051,584,892,68,44,115,1
2026-07-09 06:58:50,https://www.bilibili.com/video/BV1Bem3B1EcH/?spm_id_from=333.1387.favlist.content.click&vd_source=bdf775a036c61c0159ac2f0c251aaeb7,16,BV1Bem3B1EcH,【杨博文｜4K舞台直拍】怎么黑衣的《Deja vu》也让人看的停不下来呢,关键时刻来瓶尖叫,2025-12-12 21:30:00,12429,1404,159,1249,19,7,1,1
2026-07-09 06:58:50,https://www.bilibili.com/video/BV11kZyByE81/?spm_id_from=333.1387.favlist.content.click&vd_source=bdf775a036c61c0159ac2f0c251aaeb7,17,BV11kZyByE81,【4K精剪】Deja Vu | 杨博文直拍 | 250816 & 250817,underthepoplar,2026-02-17 20:22:24,48403,7200,3136,3411,374,230,207,1
2026-07-09 06:58:50,https://www.bilibili.com/video/BV1J7Awz8EUZ/?spm_id_from=333.1387.favlist.content.click&vd_source=bdf775a036c61c0159ac2f0c251aaeb7,18,BV1J7Awz8EUZ,自测鸡蛋果,喜欢吃鸡蛋果,2026-03-21 16:17:31,1530,0,0,1,1,0,0,1
2026-07-09 06:58:50,https://www.bilibili.com/video/BV1Xm61BEEnt/?spm_id_from=333.1387.favlist.content.click,19,BV1Xm61BEEnt,【杨博文】致命诱惑<希区考克 作品152> 4k 竖版直拍 Focus,Roseate丨杨博文,2026-01-31 17:54:23,48115,7750,3401,2845,207,259,425,1
2026-07-09 06:58:50,https://www.bilibili.com/video/BV1MtFrzLEqw/?spm_id_from=333.1387.favlist.content.click&vd_source=82c7dc283676ff6ca01b24294b7c8a32,20,BV1MtFrzLEqw,【4K】借过一下 | 杨博文直拍 | 260131,underthepoplar,2026-02-06 15:13:06,23047,3600,1459,1783,64,101,213,1
2026-07-09 06:58:50,https://www.bilibili.com/video/BV1jjF3z3Ern/?spm_id_from=333.1387.favlist.content.click&vd_source=82c7dc283676ff6ca01b24294b7c8a32,21,BV1jjF3z3Ern,【4K精剪】Why Why Why | 杨博文直拍 | 260201,underthepoplar,2026-02-03 05:55:49,69570,11533,5443,5876,298,247,617,1
2026-07-09 06:58:50,https://www.bilibili.com/video/BV1oJVD6BEEW/?spm_id_from=333.1387.favlist.content.click&vd_source=82c7dc283676ff6ca01b24294b7c8a32,22,BV1oJVD6BEEW,Hey Mama 一分钟solo | 杨博文直拍 | 251228,underthepoplar,2026-06-01 02:16:51,31400,4087,1621,2277,65,76,35,1
2026-07-09 06:58:50,https://www.bilibili.com/video/BV16MbLzPETK/?spm_id_from=333.1387.favlist.content.click&vd_source=82c7dc283676ff6ca01b24294b7c8a32,23,BV16MbLzPETK,这是洋娃娃在给我唱歌吧｜杨博文｜雨爱 4K直拍,WIX99,2025-08-11 18:44:28,4158,644,72,334,3,9,3,1
2026-07-09 06:58:50,https://www.bilibili.com/video/BV1nUFFzSE8W/?spm_id_from=333.337.search-card.all.click&vd_source=c9ba0a78401ac34b07f18808dcb060f8,24,BV1nUFFzSE8W,【4K精剪】第二类我 | 杨博文直拍 | 260201,underthepoplar,2026-02-05 03:45:45,36881,5397,3617,2813,205,203,293,1
2026-07-09 06:58:50,https://www.bilibili.com/video/BV1JFZ4BnEiL/?spm_id_from=333.337.search-card.all.click,25,BV1JFZ4BnEiL,【杨博文4K直拍】《希区考克 作品152》20260131丨澳门·荣耀之战演唱会丨四机位,houRlyRambo丨杨博文,2026-02-15 16:50:03,2931,636,136,140,15,9,15,1
2026-07-09 06:58:50,https://www.bilibili.com/video/BV19k61BQE89/?spm_id_from=333.337.search-card.all.click,26,BV19k61BQE89,【杨博文】跟随少年步伐走进悬疑 <希区考克 作品152 >三机位混剪,61strawberry,2026-01-31 18:26:12,10605,1759,514,1378,50,43,10,1
2026-07-09 06:58:50,https://www.bilibili.com/video/BV1oz61B9ECW/?spm_id_from=333.337.search-card.all.click,27,BV1oz61B9ECW,【杨博文｜4K直拍】《希区考克》好帅的舞台,关键时刻来瓶尖叫,2026-01-31 18:18:47,30676,4092,1771,2543,116,122,192,1
2026-07-09 06:58:50,https://www.bilibili.com/video/BV1EGBCBmEo8/?spm_id_from=333.337.search-card.all.click&vd_source=bdf775a036c61c0159ac2f0c251aaeb7,28,BV1EGBCBmEo8,【杨博文｜4K高清直拍】魅魔级别的《Manta》舞台，看博文如何一yeah封神,关键时刻来瓶尖叫,2025-12-27 23:15:44,760849,11958,9315,10532,5797,945,2304,1
2026-07-09 06:58:50,https://www.bilibili.com/video/BV1s8BvBPEN5/?spm_id_from=333.337.search-card.all.click&vd_source=bdf775a036c61c0159ac2f0c251aaeb7,29,BV1s8BvBPEN5,【杨博文｜4K舞台直拍】好运来祝你好运来～博文宝宝祝你新年好运来,关键时刻来瓶尖叫,2025-12-27 00:43:12,1900592,34060,16549,31811,6884,4002,4642,1
2026-07-09 07:59:11,https://www.bilibili.com/video/BV1A5vkB2E1k/?spm_id_from=333.1387.favlist.content.click&vd_source=bdf775a036c61c0159ac2f0c251aaeb7,0,BV1A5vkB2E1k,【杨博文】Hey Mama六机位纯舞直拍丨15岁舞台统治者的诞生，四代主舞燃炸全场！,Kismet丨杨博文,2025-12-28 22:28:16,2488748,60800,43002,44184,12959,13454,20516,1
2026-07-09 07:59:11,https://www.bilibili.com/video/BV1XA6nBGEPV/?spm_id_from=333.1387.favlist.content.click&vd_source=bdf775a036c61c0159ac2f0c251aaeb7,1,BV1XA6nBGEPV,【4K精剪】希区考克 作品152 | 杨博文直拍 | 260131,underthepoplar,2026-02-01 00:23:17,1921134,22359,21462,19188,8997,3976,6797,1
2026-07-09 07:59:11,https://www.bilibili.com/video/BV15r61BWESJ/?spm_id_from=333.1387.favlist.content.click&vd_source=bdf775a036c61c0159ac2f0c251aaeb7,2,BV15r61BWESJ,【杨博文】希区考克作品152丨双机位直拍 悬疑与张力碰撞 表管拉满 少年锋芒,Kismet丨杨博文,2026-01-31 18:27:40,541094,18453,10858,15560,931,1082,1224,1
2026-07-09 07:59:11,https://www.bilibili.com/video/BV19y61BnEMM/?spm_id_from=333.1387.favlist.content.click&vd_source=bdf775a036c61c0159ac2f0c251aaeb7,3,BV19y61BnEMM,【杨博文】就这个踢腿爽之 连每一根头发丝都在劲舞｜希区考克 作品152 4k双机位横屏直拍,游园会_杨博文,2026-01-31 18:31:31,417317,14800,9593,12539,1174,1513,2297,1
2026-07-09 07:59:11,https://www.bilibili.com/video/BV1M9ePzaELH/?spm_id_from=333.1387.favlist.content.click&vd_source=bdf775a036c61c0159ac2f0c251aaeb7,4,BV1M9ePzaELH,「杨博文｜卡拉永远OK」突发舞台事故？我怎么没看见,Astra_杨博文,2025-08-19 22:15:30,808476,14289,4533,9564,6385,614,516,1
2026-07-09 07:59:11,https://www.bilibili.com/video/BV1pV9GB6E96/?spm_id_from=333.1387.favlist.content.click&vd_source=bdf775a036c61c0159ac2f0c251aaeb7,5,BV1pV9GB6E96,【4K精剪】Guilty | 杨博文直拍 | 250119,underthepoplar,2026-04-01 02:23:39,49295,9027,2957,5326,241,201,204,1
2026-07-09 07:59:11,https://www.bilibili.com/video/BV1vFwNeKER9/?spm_id_from=333.1387.favlist.content.click&vd_source=bdf775a036c61c0159ac2f0c251aaeb7,6,BV1vFwNeKER9,【杨博文】guilty 4k横屏直拍｜夺命34秒，谁都无法拒绝的Legend级别，建议调大音量食用更加,游园会_杨博文,2025-01-18 22:02:36,263360,16461,8044,14258,1083,850,3091,1
2026-07-09 07:59:11,https://www.bilibili.com/video/BV1MGYnzrE9E/?spm_id_from=333.1387.favlist.content.click&vd_source=bdf775a036c61c0159ac2f0c251aaeb7,7,BV1MGYnzrE9E,杨博文跳 《Centuries》帅到窒息！！竖屏4K直拍,Kismet丨杨博文,2025-08-18 02:15:37,263691,12056,6641,7807,562,950,3369,1
2026-07-09 07:59:11,https://www.bilibili.com/video/BV1DZvDBEEjv/?spm_id_from=333.1387.favlist.content.click&vd_source=bdf775a036c61c0159ac2f0c251aaeb7,8,BV1DZvDBEEjv,终于找到了治愈我每一天的秘方 当你一开嗓 哪怕是夕阳也格外绚烂 ｜【杨博文】黄昏晓4k横屏直拍,游园会_杨博文,2026-01-01 20:53:32,24006,4089,712,2664,35,44,178,1
2026-07-09 07:59:11,https://www.bilibili.com/video/BV1owvqBJEkn/?spm_id_from=333.1387.favlist.content.click&vd_source=bdf775a036c61c0159ac2f0c251aaeb7,9,BV1owvqBJEkn,【杨博文｜黄昏晓】 4K直拍,羊圈主,2025-12-28 00:28:04,18052,4364,1028,1653,70,88,256,1
2026-07-09 07:59:11,https://www.bilibili.com/video/BV1eqY6e1Eec/?spm_id_from=333.1387.favlist.content.click&vd_source=bdf775a036c61c0159ac2f0c251aaeb7,10,BV1eqY6e1Eec,【TF家族-杨博文】蔡依林男粉！？你的杨会扭儿上线｜《看我72变》4K直拍,LOST-杨博文,2024-08-13 05:57:43,99664,10017,1637,5638,429,102,321,1
2026-07-09 07:59:11,https://www.bilibili.com/video/BV1r9BeBZEMu/?spm_id_from=333.1387.favlist.content.click&vd_source=bdf775a036c61c0159ac2f0c251aaeb7,11,BV1r9BeBZEMu,【杨博文｜4K舞台直拍】《爱要坦荡荡》，四代主唱贝斯手玩转乐队，好青春洋溢,关键时刻来瓶尖叫,2025-12-27 00:55:22,36173,4773,745,3177,51,52,64,1
2026-07-09 07:59:11,https://www.bilibili.com/video/BV1Lb6tBBEYC/?spm_id_from=333.1387.favlist.content.click&vd_source=bdf775a036c61c0159ac2f0c251aaeb7,12,BV1Lb6tBBEYC,【4K精剪】闭嘴跳舞 | 杨博文直拍 | 260201,underthepoplar,2026-02-02 00:00:55,265718,21786,13150,15862,1890,1671,2809,1
2026-07-09 07:59:11,https://www.bilibili.com/video/BV1mJ64BREZY/?spm_id_from=333.1387.favlist.content.click&vd_source=bdf775a036c61c0159ac2f0c251aaeb7,13,BV1mJ64BREZY,【杨博文】闭嘴跳舞丨当主舞穿上西装就会得到,Kismet丨杨博文,2026-02-01 18:31:00,508248,31991,3534,22988,179,100,425,1
2026-07-09 07:59:11,https://www.bilibili.com/video/BV15M64BPEVo/?spm_id_from=333.1387.favlist.content.click&vd_source=bdf775a036c61c0159ac2f0c251aaeb7,14,BV15M64BPEVo,【杨博文】舞步是我最有力的武器 请调动所有感官和我一同所向披靡｜闭嘴跳舞4k横屏双机位直拍,游园会_杨博文,2026-02-01 20:09:30,51820,7822,1412,4984,56,38,157,1
2026-07-09 07:59:11,https://www.bilibili.com/video/BV1fWYqzTECD/?spm_id_from=333.1387.favlist.content.click&vd_source=bdf775a036c61c0159ac2f0c251aaeb7,15,BV1fWYqzTECD,绝美堕天使下凡了……｜杨博文｜deja vu 4K直拍,WIX99,2025-08-16 22:18:21,13647,2051,584,892,68,44,115,1
2026-07-09 07:59:11,https://www.bilibili.com/video/BV1Bem3B1EcH/?spm_id_from=333.1387.favlist.content.click&vd_source=bdf775a036c61c0159ac2f0c251aaeb7,16,BV1Bem3B1EcH,【杨博文｜4K舞台直拍】怎么黑衣的《Deja vu》也让人看的停不下来呢,关键时刻来瓶尖叫,2025-12-12 21:30:00,12430,1404,159,1249,19,7,1,1
2026-07-09 07:59:11,https://www.bilibili.com/video/BV11kZyByE81/?spm_id_from=333.1387.favlist.content.click&vd_source=bdf775a036c61c0159ac2f0c251aaeb7,17,BV11kZyByE81,【4K精剪】Deja Vu | 杨博文直拍 | 250816 & 250817,underthepoplar,2026-02-17 20:22:24,48410,7200,3136,3411,374,230,207,1
2026-07-09 07:59:11,https://www.bilibili.com/video/BV1J7Awz8EUZ/?spm_id_from=333.1387.favlist.content.click&vd_source=bdf775a036c61c0159ac2f0c251aaeb7,18,BV1J7Awz8EUZ,自测鸡蛋果,喜欢吃鸡蛋果,2026-03-21 16:17:31,1530,0,0,1,1,0,0,1
2026-07-09 07:59:11,https://www.bilibili.com/video/BV1Xm61BEEnt/?spm_id_from=333.1387.favlist.content.click,19,BV1Xm61BEEnt,【杨博文】致命诱惑<希区考克 作品152> 4k 竖版直拍 Focus,Roseate丨杨博文,2026-01-31 17:54:23,48115,7750,3401,2845,207,259,425,1
2026-07-09 07:59:11,https://www.bilibili.com/video/BV1MtFrzLEqw/?spm_id_from=333.1387.favlist.content.click&vd_source=82c7dc283676ff6ca01b24294b7c8a32,20,BV1MtFrzLEqw,【4K】借过一下 | 杨博文直拍 | 260131,underthepoplar,2026-02-06 15:13:06,23048,3600,1459,1783,64,101,213,1
2026-07-09 07:59:11,https://www.bilibili.com/video/BV1jjF3z3Ern/?spm_id_from=333.1387.favlist.content.click&vd_source=82c7dc283676ff6ca01b24294b7c8a32,21,BV1jjF3z3Ern,【4K精剪】Why Why Why | 杨博文直拍 | 260201,underthepoplar,2026-02-03 05:55:49,69574,11533,5443,5876,298,247,617,1
2026-07-09 07:59:11,https://www.bilibili.com/video/BV1oJVD6BEEW/?spm_id_from=333.1387.favlist.content.click&vd_source=82c7dc283676ff6ca01b24294b7c8a32,22,BV1oJVD6BEEW,Hey Mama 一分钟solo | 杨博文直拍 | 251228,underthepoplar,2026-06-01 02:16:51,31404,4087,1621,2277,65,76,35,1
2026-07-09 07:59:11,https://www.bilibili.com/video/BV16MbLzPETK/?spm_id_from=333.1387.favlist.content.click&vd_source=82c7dc283676ff6ca01b24294b7c8a32,23,BV16MbLzPETK,这是洋娃娃在给我唱歌吧｜杨博文｜雨爱 4K直拍,WIX99,2025-08-11 18:44:28,4158,644,72,334,3,9,3,1
2026-07-09 07:59:11,https://www.bilibili.com/video/BV1nUFFzSE8W/?spm_id_from=333.337.search-card.all.click&vd_source=c9ba0a78401ac34b07f18808dcb060f8,24,BV1nUFFzSE8W,【4K精剪】第二类我 | 杨博文直拍 | 260201,underthepoplar,2026-02-05 03:45:45,36885,5397,3617,2813,205,203,293,1
2026-07-09 07:59:11,https://www.bilibili.com/video/BV1JFZ4BnEiL/?spm_id_from=333.337.search-card.all.click,25,BV1JFZ4BnEiL,【杨博文4K直拍】《希区考克 作品152》20260131丨澳门·荣耀之战演唱会丨四机位,houRlyRambo丨杨博文,2026-02-15 16:50:03,2931,636,136,140,15,9,15,1
2026-07-09 07:59:11,https://www.bilibili.com/video/BV19k61BQE89/?spm_id_from=333.337.search-card.all.click,26,BV19k61BQE89,【杨博文】跟随少年步伐走进悬疑 <希区考克 作品152 >三机位混剪,61strawberry,2026-01-31 18:26:12,10606,1759,514,1378,50,43,10,1
2026-07-09 07:59:11,https://www.bilibili.com/video/BV1oz61B9ECW/?spm_id_from=333.337.search-card.all.click,27,BV1oz61B9ECW,【杨博文｜4K直拍】《希区考克》好帅的舞台,关键时刻来瓶尖叫,2026-01-31 18:18:47,30678,4092,1771,2543,116,122,192,1
2026-07-09 07:59:11,https://www.bilibili.com/video/BV1EGBCBmEo8/?spm_id_from=333.337.search-card.all.click&vd_source=bdf775a036c61c0159ac2f0c251aaeb7,28,BV1EGBCBmEo8,【杨博文｜4K高清直拍】魅魔级别的《Manta》舞台，看博文如何一yeah封神,关键时刻来瓶尖叫,2025-12-27 23:15:44,760871,11958,9315,10532,5803,945,2304,1
2026-07-09 07:59:11,https://www.bilibili.com/video/BV1s8BvBPEN5/?spm_id_from=333.337.search-card.all.click&vd_source=bdf775a036c61c0159ac2f0c251aaeb7,29,BV1s8BvBPEN5,【杨博文｜4K舞台直拍】好运来祝你好运来～博文宝宝祝你新年好运来,关键时刻来瓶尖叫,2025-12-27 00:43:12,1900597,34060,16549,31811,6889,4002,4642,1
2026-07-09 08:59:33,https://www.bilibili.com/video/BV1A5vkB2E1k/?spm_id_from=333.1387.favlist.content.click&vd_source=bdf775a036c61c0159ac2f0c251aaeb7,0,BV1A5vkB2E1k,【杨博文】Hey Mama六机位纯舞直拍丨15岁舞台统治者的诞生，四代主舞燃炸全场！,Kismet丨杨博文,2025-12-28 22:28:16,2488777,60800,43002,44183,12959,13454,20516,1
2026-07-09 08:59:33,https://www.bilibili.com/video/BV1XA6nBGEPV/?spm_id_from=333.1387.favlist.content.click&vd_source=bdf775a036c61c0159ac2f0c251aaeb7,1,BV1XA6nBGEPV,【4K精剪】希区考克 作品152 | 杨博文直拍 | 260131,underthepoplar,2026-02-01 00:23:17,1921138,22359,21462,19188,8997,3976,6797,1
2026-07-09 08:59:33,https://www.bilibili.com/video/BV15r61BWESJ/?spm_id_from=333.1387.favlist.content.click&vd_source=bdf775a036c61c0159ac2f0c251aaeb7,2,BV15r61BWESJ,【杨博文】希区考克作品152丨双机位直拍 悬疑与张力碰撞 表管拉满 少年锋芒,Kismet丨杨博文,2026-01-31 18:27:40,541113,18454,10858,15560,931,1082,1224,1
2026-07-09 08:59:33,https://www.bilibili.com/video/BV19y61BnEMM/?spm_id_from=333.1387.favlist.content.click&vd_source=bdf775a036c61c0159ac2f0c251aaeb7,3,BV19y61BnEMM,【杨博文】就这个踢腿爽之 连每一根头发丝都在劲舞｜希区考克 作品152 4k双机位横屏直拍,游园会_杨博文,2026-01-31 18:31:31,417336,14801,9595,12541,1174,1513,2297,1
2026-07-09 08:59:33,https://www.bilibili.com/video/BV1M9ePzaELH/?spm_id_from=333.1387.favlist.content.click&vd_source=bdf775a036c61c0159ac2f0c251aaeb7,4,BV1M9ePzaELH,「杨博文｜卡拉永远OK」突发舞台事故？我怎么没看见,Astra_杨博文,2025-08-19 22:15:30,808479,14289,4533,9564,6385,614,516,1
2026-07-09 08:59:33,https://www.bilibili.com/video/BV1pV9GB6E96/?spm_id_from=333.1387.favlist.content.click&vd_source=bdf775a036c61c0159ac2f0c251aaeb7,5,BV1pV9GB6E96,【4K精剪】Guilty | 杨博文直拍 | 250119,underthepoplar,2026-04-01 02:23:39,49307,9028,2957,5326,241,201,204,1
2026-07-09 08:59:33,https://www.bilibili.com/video/BV1vFwNeKER9/?spm_id_from=333.1387.favlist.content.click&vd_source=bdf775a036c61c0159ac2f0c251aaeb7,6,BV1vFwNeKER9,【杨博文】guilty 4k横屏直拍｜夺命34秒，谁都无法拒绝的Legend级别，建议调大音量食用更加,游园会_杨博文,2025-01-18 22:02:36,263363,16461,8044,14258,1083,850,3091,1
2026-07-09 08:59:33,https://www.bilibili.com/video/BV1MGYnzrE9E/?spm_id_from=333.1387.favlist.content.click&vd_source=bdf775a036c61c0159ac2f0c251aaeb7,7,BV1MGYnzrE9E,杨博文跳 《Centuries》帅到窒息！！竖屏4K直拍,Kismet丨杨博文,2025-08-18 02:15:37,263695,12056,6641,7807,562,950,3369,1
2026-07-09 08:59:33,https://www.bilibili.com/video/BV1DZvDBEEjv/?spm_id_from=333.1387.favlist.content.click&vd_source=bdf775a036c61c0159ac2f0c251aaeb7,8,BV1DZvDBEEjv,终于找到了治愈我每一天的秘方 当你一开嗓 哪怕是夕阳也格外绚烂 ｜【杨博文】黄昏晓4k横屏直拍,游园会_杨博文,2026-01-01 20:53:32,24008,4089,712,2664,35,44,178,1
2026-07-09 08:59:33,https://www.bilibili.com/video/BV1owvqBJEkn/?spm_id_from=333.1387.favlist.content.click&vd_source=bdf775a036c61c0159ac2f0c251aaeb7,9,BV1owvqBJEkn,【杨博文｜黄昏晓】 4K直拍,羊圈主,2025-12-28 00:28:04,18055,4364,1028,1653,70,88,256,1
2026-07-09 08:59:33,https://www.bilibili.com/video/BV1eqY6e1Eec/?spm_id_from=333.1387.favlist.content.click&vd_source=bdf775a036c61c0159ac2f0c251aaeb7,10,BV1eqY6e1Eec,【TF家族-杨博文】蔡依林男粉！？你的杨会扭儿上线｜《看我72变》4K直拍,LOST-杨博文,2024-08-13 05:57:43,99666,10018,1637,5638,429,102,321,1
2026-07-09 08:59:33,https://www.bilibili.com/video/BV1r9BeBZEMu/?spm_id_from=333.1387.favlist.content.click&vd_source=bdf775a036c61c0159ac2f0c251aaeb7,11,BV1r9BeBZEMu,【杨博文｜4K舞台直拍】《爱要坦荡荡》，四代主唱贝斯手玩转乐队，好青春洋溢,关键时刻来瓶尖叫,2025-12-27 00:55:22,36173,4773,745,3177,51,52,64,1
2026-07-09 08:59:33,https://www.bilibili.com/video/BV1Lb6tBBEYC/?spm_id_from=333.1387.favlist.content.click&vd_source=bdf775a036c61c0159ac2f0c251aaeb7,12,BV1Lb6tBBEYC,【4K精剪】闭嘴跳舞 | 杨博文直拍 | 260201,underthepoplar,2026-02-02 00:00:55,265831,21793,13152,15866,1890,1671,2810,3
2026-07-09 08:59:33,https://www.bilibili.com/video/BV1mJ64BREZY/?spm_id_from=333.1387.favlist.content.click&vd_source=bdf775a036c61c0159ac2f0c251aaeb7,13,BV1mJ64BREZY,【杨博文】闭嘴跳舞丨当主舞穿上西装就会得到,Kismet丨杨博文,2026-02-01 18:31:00,508362,31995,3534,22991,179,100,425,3
2026-07-09 08:59:33,https://www.bilibili.com/video/BV15M64BPEVo/?spm_id_from=333.1387.favlist.content.click&vd_source=bdf775a036c61c0159ac2f0c251aaeb7,14,BV15M64BPEVo,【杨博文】舞步是我最有力的武器 请调动所有感官和我一同所向披靡｜闭嘴跳舞4k横屏双机位直拍,游园会_杨博文,2026-02-01 20:09:30,51823,7822,1412,4984,56,38,157,1
2026-07-09 08:59:33,https://www.bilibili.com/video/BV1fWYqzTECD/?spm_id_from=333.1387.favlist.content.click&vd_source=bdf775a036c61c0159ac2f0c251aaeb7,15,BV1fWYqzTECD,绝美堕天使下凡了……｜杨博文｜deja vu 4K直拍,WIX99,2025-08-16 22:18:21,13647,2051,584,892,68,44,115,1
2026-07-09 08:59:33,https://www.bilibili.com/video/BV1Bem3B1EcH/?spm_id_from=333.1387.favlist.content.click&vd_source=bdf775a036c61c0159ac2f0c251aaeb7,16,BV1Bem3B1EcH,【杨博文｜4K舞台直拍】怎么黑衣的《Deja vu》也让人看的停不下来呢,关键时刻来瓶尖叫,2025-12-12 21:30:00,12430,1404,159,1249,19,7,1,1
2026-07-09 08:59:33,https://www.bilibili.com/video/BV11kZyByE81/?spm_id_from=333.1387.favlist.content.click&vd_source=bdf775a036c61c0159ac2f0c251aaeb7,17,BV11kZyByE81,【4K精剪】Deja Vu | 杨博文直拍 | 250816 & 250817,underthepoplar,2026-02-17 20:22:24,48415,7200,3136,3411,374,230,207,1
2026-07-09 08:59:33,https://www.bilibili.com/video/BV1J7Awz8EUZ/?spm_id_from=333.1387.favlist.content.click&vd_source=bdf775a036c61c0159ac2f0c251aaeb7,18,BV1J7Awz8EUZ,自测鸡蛋果,喜欢吃鸡蛋果,2026-03-21 16:17:31,1530,0,0,1,1,0,0,1
2026-07-09 08:59:33,https://www.bilibili.com/video/BV1Xm61BEEnt/?spm_id_from=333.1387.favlist.content.click,19,BV1Xm61BEEnt,【杨博文】致命诱惑<希区考克 作品152> 4k 竖版直拍 Focus,Roseate丨杨博文,2026-01-31 17:54:23,48115,7750,3401,2845,207,259,425,1
2026-07-09 08:59:33,https://www.bilibili.com/video/BV1MtFrzLEqw/?spm_id_from=333.1387.favlist.content.click&vd_source=82c7dc283676ff6ca01b24294b7c8a32,20,BV1MtFrzLEqw,【4K】借过一下 | 杨博文直拍 | 260131,underthepoplar,2026-02-06 15:13:06,23052,3600,1459,1783,64,101,213,1
2026-07-09 08:59:33,https://www.bilibili.com/video/BV1jjF3z3Ern/?spm_id_from=333.1387.favlist.content.click&vd_source=82c7dc283676ff6ca01b24294b7c8a32,21,BV1jjF3z3Ern,【4K精剪】Why Why Why | 杨博文直拍 | 260201,underthepoplar,2026-02-03 05:55:49,69579,11533,5443,5876,298,247,617,1
2026-07-09 08:59:33,https://www.bilibili.com/video/BV1oJVD6BEEW/?spm_id_from=333.1387.favlist.content.click&vd_source=82c7dc283676ff6ca01b24294b7c8a32,22,BV1oJVD6BEEW,Hey Mama 一分钟solo | 杨博文直拍 | 251228,underthepoplar,2026-06-01 02:16:51,31418,4088,1621,2277,65,76,35,1
2026-07-09 08:59:33,https://www.bilibili.com/video/BV16MbLzPETK/?spm_id_from=333.1387.favlist.content.click&vd_source=82c7dc283676ff6ca01b24294b7c8a32,23,BV16MbLzPETK,这是洋娃娃在给我唱歌吧｜杨博文｜雨爱 4K直拍,WIX99,2025-08-11 18:44:28,4158,644,72,334,3,9,3,1
2026-07-09 08:59:33,https://www.bilibili.com/video/BV1nUFFzSE8W/?spm_id_from=333.337.search-card.all.click&vd_source=c9ba0a78401ac34b07f18808dcb060f8,24,BV1nUFFzSE8W,【4K精剪】第二类我 | 杨博文直拍 | 260201,underthepoplar,2026-02-05 03:45:45,36889,5397,3617,2813,205,203,293,1
2026-07-09 08:59:33,https://www.bilibili.com/video/BV1JFZ4BnEiL/?spm_id_from=333.337.search-card.all.click,25,BV1JFZ4BnEiL,【杨博文4K直拍】《希区考克 作品152》20260131丨澳门·荣耀之战演唱会丨四机位,houRlyRambo丨杨博文,2026-02-15 16:50:03,2932,636,136,140,15,9,15,1
2026-07-09 08:59:33,https://www.bilibili.com/video/BV19k61BQE89/?spm_id_from=333.337.search-card.all.click,26,BV19k61BQE89,【杨博文】跟随少年步伐走进悬疑 <希区考克 作品152 >三机位混剪,61strawberry,2026-01-31 18:26:12,10606,1759,514,1378,50,43,10,1
2026-07-09 08:59:33,https://www.bilibili.com/video/BV1oz61B9ECW/?spm_id_from=333.337.search-card.all.click,27,BV1oz61B9ECW,【杨博文｜4K直拍】《希区考克》好帅的舞台,关键时刻来瓶尖叫,2026-01-31 18:18:47,30686,4093,1771,2544,116,122,192,1
2026-07-09 08:59:33,https://www.bilibili.com/video/BV1EGBCBmEo8/?spm_id_from=333.337.search-card.all.click&vd_source=bdf775a036c61c0159ac2f0c251aaeb7,28,BV1EGBCBmEo8,【杨博文｜4K高清直拍】魅魔级别的《Manta》舞台，看博文如何一yeah封神,关键时刻来瓶尖叫,2025-12-27 23:15:44,760892,11958,9315,10532,5803,945,2304,1
2026-07-09 08:59:33,https://www.bilibili.com/video/BV1s8BvBPEN5/?spm_id_from=333.337.search-card.all.click&vd_source=bdf775a036c61c0159ac2f0c251aaeb7,29,BV1s8BvBPEN5,【杨博文｜4K舞台直拍】好运来祝你好运来～博文宝宝祝你新年好运来,关键时刻来瓶尖叫,2025-12-27 00:43:12,1900602,34060,16549,31811,6889,4002,4642,1
2026-07-09 09:59:55,https://www.bilibili.com/video/BV1A5vkB2E1k/?spm_id_from=333.1387.favlist.content.click&vd_source=bdf775a036c61c0159ac2f0c251aaeb7,0,BV1A5vkB2E1k,【杨博文】Hey Mama六机位纯舞直拍丨15岁舞台统治者的诞生，四代主舞燃炸全场！,Kismet丨杨博文,2025-12-28 22:28:16,2488821,60801,43002,44183,12964,13454,20516,1
2026-07-09 09:59:55,https://www.bilibili.com/video/BV1XA6nBGEPV/?spm_id_from=333.1387.favlist.content.click&vd_source=bdf775a036c61c0159ac2f0c251aaeb7,1,BV1XA6nBGEPV,【4K精剪】希区考克 作品152 | 杨博文直拍 | 260131,underthepoplar,2026-02-01 00:23:17,1921158,22359,21462,19188,9002,3976,6797,1
2026-07-09 09:59:55,https://www.bilibili.com/video/BV15r61BWESJ/?spm_id_from=333.1387.favlist.content.click&vd_source=bdf775a036c61c0159ac2f0c251aaeb7,2,BV15r61BWESJ,【杨博文】希区考克作品152丨双机位直拍 悬疑与张力碰撞 表管拉满 少年锋芒,Kismet丨杨博文,2026-01-31 18:27:40,541148,18460,10858,15565,931,1082,1224,1
2026-07-09 09:59:55,https://www.bilibili.com/video/BV19y61BnEMM/?spm_id_from=333.1387.favlist.content.click&vd_source=bdf775a036c61c0159ac2f0c251aaeb7,3,BV19y61BnEMM,【杨博文】就这个踢腿爽之 连每一根头发丝都在劲舞｜希区考克 作品152 4k双机位横屏直拍,游园会_杨博文,2026-01-31 18:31:31,417359,14801,9595,12541,1174,1513,2297,1
2026-07-09 09:59:55,https://www.bilibili.com/video/BV1M9ePzaELH/?spm_id_from=333.1387.favlist.content.click&vd_source=bdf775a036c61c0159ac2f0c251aaeb7,4,BV1M9ePzaELH,「杨博文｜卡拉永远OK」突发舞台事故？我怎么没看见,Astra_杨博文,2025-08-19 22:15:30,808485,14289,4533,9564,6390,614,516,1
2026-07-09 09:59:55,https://www.bilibili.com/video/BV1pV9GB6E96/?spm_id_from=333.1387.favlist.content.click&vd_source=bdf775a036c61c0159ac2f0c251aaeb7,5,BV1pV9GB6E96,【4K精剪】Guilty | 杨博文直拍 | 250119,underthepoplar,2026-04-01 02:23:39,49322,9030,2957,5327,241,201,204,2
2026-07-09 09:59:55,https://www.bilibili.com/video/BV1vFwNeKER9/?spm_id_from=333.1387.favlist.content.click&vd_source=bdf775a036c61c0159ac2f0c251aaeb7,6,BV1vFwNeKER9,【杨博文】guilty 4k横屏直拍｜夺命34秒，谁都无法拒绝的Legend级别，建议调大音量食用更加,游园会_杨博文,2025-01-18 22:02:36,263367,16461,8044,14258,1083,850,3091,1
2026-07-09 09:59:55,https://www.bilibili.com/video/BV1MGYnzrE9E/?spm_id_from=333.1387.favlist.content.click&vd_source=bdf775a036c61c0159ac2f0c251aaeb7,7,BV1MGYnzrE9E,杨博文跳 《Centuries》帅到窒息！！竖屏4K直拍,Kismet丨杨博文,2025-08-18 02:15:37,263698,12056,6641,7807,562,950,3369,1
2026-07-09 09:59:55,https://www.bilibili.com/video/BV1DZvDBEEjv/?spm_id_from=333.1387.favlist.content.click&vd_source=bdf775a036c61c0159ac2f0c251aaeb7,8,BV1DZvDBEEjv,终于找到了治愈我每一天的秘方 当你一开嗓 哪怕是夕阳也格外绚烂 ｜【杨博文】黄昏晓4k横屏直拍,游园会_杨博文,2026-01-01 20:53:32,24008,4089,712,2664,35,44,178,1
2026-07-09 09:59:55,https://www.bilibili.com/video/BV1owvqBJEkn/?spm_id_from=333.1387.favlist.content.click&vd_source=bdf775a036c61c0159ac2f0c251aaeb7,9,BV1owvqBJEkn,【杨博文｜黄昏晓】 4K直拍,羊圈主,2025-12-28 00:28:04,18055,4364,1028,1653,70,88,256,1
2026-07-09 09:59:55,https://www.bilibili.com/video/BV1eqY6e1Eec/?spm_id_from=333.1387.favlist.content.click&vd_source=bdf775a036c61c0159ac2f0c251aaeb7,10,BV1eqY6e1Eec,【TF家族-杨博文】蔡依林男粉！？你的杨会扭儿上线｜《看我72变》4K直拍,LOST-杨博文,2024-08-13 05:57:43,99666,10017,1637,5638,429,102,321,1
2026-07-09 09:59:55,https://www.bilibili.com/video/BV1r9BeBZEMu/?spm_id_from=333.1387.favlist.content.click&vd_source=bdf775a036c61c0159ac2f0c251aaeb7,11,BV1r9BeBZEMu,【杨博文｜4K舞台直拍】《爱要坦荡荡》，四代主唱贝斯手玩转乐队，好青春洋溢,关键时刻来瓶尖叫,2025-12-27 00:55:22,36174,4773,745,3177,51,52,64,1
2026-07-09 09:59:55,https://www.bilibili.com/video/BV1Lb6tBBEYC/?spm_id_from=333.1387.favlist.content.click&vd_source=bdf775a036c61c0159ac2f0c251aaeb7,12,BV1Lb6tBBEYC,【4K精剪】闭嘴跳舞 | 杨博文直拍 | 260201,underthepoplar,2026-02-02 00:00:55,266046,21802,13152,15874,1890,1671,2810,7
2026-07-09 09:59:55,https://www.bilibili.com/video/BV1mJ64BREZY/?spm_id_from=333.1387.favlist.content.click&vd_source=bdf775a036c61c0159ac2f0c251aaeb7,13,BV1mJ64BREZY,【杨博文】闭嘴跳舞丨当主舞穿上西装就会得到,Kismet丨杨博文,2026-02-01 18:31:00,508605,32000,3535,22997,180,100,425,7
2026-07-09 09:59:55,https://www.bilibili.com/video/BV15M64BPEVo/?spm_id_from=333.1387.favlist.content.click&vd_source=bdf775a036c61c0159ac2f0c251aaeb7,14,BV15M64BPEVo,【杨博文】舞步是我最有力的武器 请调动所有感官和我一同所向披靡｜闭嘴跳舞4k横屏双机位直拍,游园会_杨博文,2026-02-01 20:09:30,51829,7822,1412,4984,56,38,157,1
2026-07-09 09:59:55,https://www.bilibili.com/video/BV1fWYqzTECD/?spm_id_from=333.1387.favlist.content.click&vd_source=bdf775a036c61c0159ac2f0c251aaeb7,15,BV1fWYqzTECD,绝美堕天使下凡了……｜杨博文｜deja vu 4K直拍,WIX99,2025-08-16 22:18:21,13647,2051,584,892,68,44,115,1
2026-07-09 09:59:55,https://www.bilibili.com/video/BV1Bem3B1EcH/?spm_id_from=333.1387.favlist.content.click&vd_source=bdf775a036c61c0159ac2f0c251aaeb7,16,BV1Bem3B1EcH,【杨博文｜4K舞台直拍】怎么黑衣的《Deja vu》也让人看的停不下来呢,关键时刻来瓶尖叫,2025-12-12 21:30:00,12431,1404,159,1249,19,7,1,1
2026-07-09 09:59:55,https://www.bilibili.com/video/BV11kZyByE81/?spm_id_from=333.1387.favlist.content.click&vd_source=bdf775a036c61c0159ac2f0c251aaeb7,17,BV11kZyByE81,【4K精剪】Deja Vu | 杨博文直拍 | 250816 & 250817,underthepoplar,2026-02-17 20:22:24,48423,7200,3136,3411,374,231,207,1
2026-07-09 09:59:55,https://www.bilibili.com/video/BV1J7Awz8EUZ/?spm_id_from=333.1387.favlist.content.click&vd_source=bdf775a036c61c0159ac2f0c251aaeb7,18,BV1J7Awz8EUZ,自测鸡蛋果,喜欢吃鸡蛋果,2026-03-21 16:17:31,1530,0,0,1,1,0,0,1
2026-07-09 09:59:55,https://www.bilibili.com/video/BV1Xm61BEEnt/?spm_id_from=333.1387.favlist.content.click,19,BV1Xm61BEEnt,【杨博文】致命诱惑<希区考克 作品152> 4k 竖版直拍 Focus,Roseate丨杨博文,2026-01-31 17:54:23,48115,7750,3401,2845,207,259,425,1
2026-07-09 09:59:55,https://www.bilibili.com/video/BV1MtFrzLEqw/?spm_id_from=333.1387.favlist.content.click&vd_source=82c7dc283676ff6ca01b24294b7c8a32,20,BV1MtFrzLEqw,【4K】借过一下 | 杨博文直拍 | 260131,underthepoplar,2026-02-06 15:13:06,23059,3600,1459,1783,64,101,213,1
2026-07-09 09:59:55,https://www.bilibili.com/video/BV1jjF3z3Ern/?spm_id_from=333.1387.favlist.content.click&vd_source=82c7dc283676ff6ca01b24294b7c8a32,21,BV1jjF3z3Ern,【4K精剪】Why Why Why | 杨博文直拍 | 260201,underthepoplar,2026-02-03 05:55:49,69591,11535,5443,5876,298,247,617,1
2026-07-09 09:59:55,https://www.bilibili.com/video/BV1oJVD6BEEW/?spm_id_from=333.1387.favlist.content.click&vd_source=82c7dc283676ff6ca01b24294b7c8a32,22,BV1oJVD6BEEW,Hey Mama 一分钟solo | 杨博文直拍 | 251228,underthepoplar,2026-06-01 02:16:51,31445,4089,1621,2279,65,76,35,1
2026-07-09 09:59:55,https://www.bilibili.com/video/BV16MbLzPETK/?spm_id_from=333.1387.favlist.content.click&vd_source=82c7dc283676ff6ca01b24294b7c8a32,23,BV16MbLzPETK,这是洋娃娃在给我唱歌吧｜杨博文｜雨爱 4K直拍,WIX99,2025-08-11 18:44:28,4158,644,72,334,3,9,3,1
2026-07-09 09:59:55,https://www.bilibili.com/video/BV1nUFFzSE8W/?spm_id_from=333.337.search-card.all.click&vd_source=c9ba0a78401ac34b07f18808dcb060f8,24,BV1nUFFzSE8W,【4K精剪】第二类我 | 杨博文直拍 | 260201,underthepoplar,2026-02-05 03:45:45,36899,5397,3617,2813,205,205,293,1
2026-07-09 09:59:55,https://www.bilibili.com/video/BV1JFZ4BnEiL/?spm_id_from=333.337.search-card.all.click,25,BV1JFZ4BnEiL,【杨博文4K直拍】《希区考克 作品152》20260131丨澳门·荣耀之战演唱会丨四机位,houRlyRambo丨杨博文,2026-02-15 16:50:03,2932,636,136,140,15,9,15,1
2026-07-09 09:59:55,https://www.bilibili.com/video/BV19k61BQE89/?spm_id_from=333.337.search-card.all.click,26,BV19k61BQE89,【杨博文】跟随少年步伐走进悬疑 <希区考克 作品152 >三机位混剪,61strawberry,2026-01-31 18:26:12,10610,1761,514,1380,50,43,10,1
2026-07-09 09:59:55,https://www.bilibili.com/video/BV1oz61B9ECW/?spm_id_from=333.337.search-card.all.click,27,BV1oz61B9ECW,【杨博文｜4K直拍】《希区考克》好帅的舞台,关键时刻来瓶尖叫,2026-01-31 18:18:47,30690,4093,1771,2544,116,122,192,1
2026-07-09 09:59:55,https://www.bilibili.com/video/BV1EGBCBmEo8/?spm_id_from=333.337.search-card.all.click&vd_source=bdf775a036c61c0159ac2f0c251aaeb7,28,BV1EGBCBmEo8,【杨博文｜4K高清直拍】魅魔级别的《Manta》舞台，看博文如何一yeah封神,关键时刻来瓶尖叫,2025-12-27 23:15:44,760910,11958,9315,10532,5808,945,2304,1
2026-07-09 09:59:55,https://www.bilibili.com/video/BV1s8BvBPEN5/?spm_id_from=333.337.search-card.all.click&vd_source=bdf775a036c61c0159ac2f0c251aaeb7,29,BV1s8BvBPEN5,【杨博文｜4K舞台直拍】好运来祝你好运来～博文宝宝祝你新年好运来,关键时刻来瓶尖叫,2025-12-27 00:43:12,1900613,34060,16549,31811,6894,4002,4642,1
2026-07-09 11:00:16,https://www.bilibili.com/video/BV1A5vkB2E1k/?spm_id_from=333.1387.favlist.content.click&vd_source=bdf775a036c61c0159ac2f0c251aaeb7,0,BV1A5vkB2E1k,【杨博文】Hey Mama六机位纯舞直拍丨15岁舞台统治者的诞生，四代主舞燃炸全场！,Kismet丨杨博文,2025-12-28 22:28:16,2488889,60804,43002,44185,12968,13454,20516,1
2026-07-09 11:00:16,https://www.bilibili.com/video/BV1XA6nBGEPV/?spm_id_from=333.1387.favlist.content.click&vd_source=bdf775a036c61c0159ac2f0c251aaeb7,1,BV1XA6nBGEPV,【4K精剪】希区考克 作品152 | 杨博文直拍 | 260131,underthepoplar,2026-02-01 00:23:17,1921173,22361,21462,19188,9007,3976,6797,1
2026-07-09 11:00:16,https://www.bilibili.com/video/BV15r61BWESJ/?spm_id_from=333.1387.favlist.content.click&vd_source=bdf775a036c61c0159ac2f0c251aaeb7,2,BV15r61BWESJ,【杨博文】希区考克作品152丨双机位直拍 悬疑与张力碰撞 表管拉满 少年锋芒,Kismet丨杨博文,2026-01-31 18:27:40,541190,18464,10858,15570,931,1082,1224,1
2026-07-09 11:00:16,https://www.bilibili.com/video/BV19y61BnEMM/?spm_id_from=333.1387.favlist.content.click&vd_source=bdf775a036c61c0159ac2f0c251aaeb7,3,BV19y61BnEMM,【杨博文】就这个踢腿爽之 连每一根头发丝都在劲舞｜希区考克 作品152 4k双机位横屏直拍,游园会_杨博文,2026-01-31 18:31:31,417399,14806,9595,12546,1175,1513,2297,1
2026-07-09 11:00:16,https://www.bilibili.com/video/BV1M9ePzaELH/?spm_id_from=333.1387.favlist.content.click&vd_source=bdf775a036c61c0159ac2f0c251aaeb7,4,BV1M9ePzaELH,「杨博文｜卡拉永远OK」突发舞台事故？我怎么没看见,Astra_杨博文,2025-08-19 22:15:30,808494,14290,4535,9564,6395,614,516,1
2026-07-09 11:00:16,https://www.bilibili.com/video/BV1pV9GB6E96/?spm_id_from=333.1387.favlist.content.click&vd_source=bdf775a036c61c0159ac2f0c251aaeb7,5,BV1pV9GB6E96,【4K精剪】Guilty | 杨博文直拍 | 250119,underthepoplar,2026-04-01 02:23:39,49344,9032,2957,5327,241,201,204,1
2026-07-09 11:00:16,https://www.bilibili.com/video/BV1vFwNeKER9/?spm_id_from=333.1387.favlist.content.click&vd_source=bdf775a036c61c0159ac2f0c251aaeb7,6,BV1vFwNeKER9,【杨博文】guilty 4k横屏直拍｜夺命34秒，谁都无法拒绝的Legend级别，建议调大音量食用更加,游园会_杨博文,2025-01-18 22:02:36,263374,16462,8044,14258,1083,850,3091,1
2026-07-09 11:00:16,https://www.bilibili.com/video/BV1MGYnzrE9E/?spm_id_from=333.1387.favlist.content.click&vd_source=bdf775a036c61c0159ac2f0c251aaeb7,7,BV1MGYnzrE9E,杨博文跳 《Centuries》帅到窒息！！竖屏4K直拍,Kismet丨杨博文,2025-08-18 02:15:37,263700,12057,6643,7807,562,950,3369,1
2026-07-09 11:00:16,https://www.bilibili.com/video/BV1DZvDBEEjv/?spm_id_from=333.1387.favlist.content.click&vd_source=bdf775a036c61c0159ac2f0c251aaeb7,8,BV1DZvDBEEjv,终于找到了治愈我每一天的秘方 当你一开嗓 哪怕是夕阳也格外绚烂 ｜【杨博文】黄昏晓4k横屏直拍,游园会_杨博文,2026-01-01 20:53:32,24009,4089,712,2664,35,44,178,1
2026-07-09 11:00:16,https://www.bilibili.com/video/BV1owvqBJEkn/?spm_id_from=333.1387.favlist.content.click&vd_source=bdf775a036c61c0159ac2f0c251aaeb7,9,BV1owvqBJEkn,【杨博文｜黄昏晓】 4K直拍,羊圈主,2025-12-28 00:28:04,18055,4364,1028,1653,70,88,256,1
2026-07-09 11:00:16,https://www.bilibili.com/video/BV1eqY6e1Eec/?spm_id_from=333.1387.favlist.content.click&vd_source=bdf775a036c61c0159ac2f0c251aaeb7,10,BV1eqY6e1Eec,【TF家族-杨博文】蔡依林男粉！？你的杨会扭儿上线｜《看我72变》4K直拍,LOST-杨博文,2024-08-13 05:57:43,99667,10018,1637,5638,429,102,321,1
2026-07-09 11:00:16,https://www.bilibili.com/video/BV1r9BeBZEMu/?spm_id_from=333.1387.favlist.content.click&vd_source=bdf775a036c61c0159ac2f0c251aaeb7,11,BV1r9BeBZEMu,【杨博文｜4K舞台直拍】《爱要坦荡荡》，四代主唱贝斯手玩转乐队，好青春洋溢,关键时刻来瓶尖叫,2025-12-27 00:55:22,36175,4773,745,3177,51,52,64,1
2026-07-09 11:00:16,https://www.bilibili.com/video/BV1Lb6tBBEYC/?spm_id_from=333.1387.favlist.content.click&vd_source=bdf775a036c61c0159ac2f0c251aaeb7,12,BV1Lb6tBBEYC,【4K精剪】闭嘴跳舞 | 杨博文直拍 | 260201,underthepoplar,2026-02-02 00:00:55,266347,21812,13152,15881,1890,1671,2810,8
2026-07-09 11:00:16,https://www.bilibili.com/video/BV1mJ64BREZY/?spm_id_from=333.1387.favlist.content.click&vd_source=bdf775a036c61c0159ac2f0c251aaeb7,13,BV1mJ64BREZY,【杨博文】闭嘴跳舞丨当主舞穿上西装就会得到,Kismet丨杨博文,2026-02-01 18:31:00,508971,32012,3535,23008,180,100,425,11
2026-07-09 11:00:16,https://www.bilibili.com/video/BV15M64BPEVo/?spm_id_from=333.1387.favlist.content.click&vd_source=bdf775a036c61c0159ac2f0c251aaeb7,14,BV15M64BPEVo,【杨博文】舞步是我最有力的武器 请调动所有感官和我一同所向披靡｜闭嘴跳舞4k横屏双机位直拍,游园会_杨博文,2026-02-01 20:09:30,51837,7823,1412,4985,56,38,157,1
2026-07-09 11:00:16,https://www.bilibili.com/video/BV1fWYqzTECD/?spm_id_from=333.1387.favlist.content.click&vd_source=bdf775a036c61c0159ac2f0c251aaeb7,15,BV1fWYqzTECD,绝美堕天使下凡了……｜杨博文｜deja vu 4K直拍,WIX99,2025-08-16 22:18:21,13647,2051,584,892,68,44,115,1
2026-07-09 11:00:16,https://www.bilibili.com/video/BV1Bem3B1EcH/?spm_id_from=333.1387.favlist.content.click&vd_source=bdf775a036c61c0159ac2f0c251aaeb7,16,BV1Bem3B1EcH,【杨博文｜4K舞台直拍】怎么黑衣的《Deja vu》也让人看的停不下来呢,关键时刻来瓶尖叫,2025-12-12 21:30:00,12431,1404,159,1249,19,7,1,1
2026-07-09 11:00:16,https://www.bilibili.com/video/BV11kZyByE81/?spm_id_from=333.1387.favlist.content.click&vd_source=bdf775a036c61c0159ac2f0c251aaeb7,17,BV11kZyByE81,【4K精剪】Deja Vu | 杨博文直拍 | 250816 & 250817,underthepoplar,2026-02-17 20:22:24,48449,7202,3138,3412,374,231,207,1
2026-07-09 11:00:16,https://www.bilibili.com/video/BV1J7Awz8EUZ/?spm_id_from=333.1387.favlist.content.click&vd_source=bdf775a036c61c0159ac2f0c251aaeb7,18,BV1J7Awz8EUZ,自测鸡蛋果,喜欢吃鸡蛋果,2026-03-21 16:17:31,1530,0,0,1,1,0,0,1
2026-07-09 11:00:16,https://www.bilibili.com/video/BV1Xm61BEEnt/?spm_id_from=333.1387.favlist.content.click,19,BV1Xm61BEEnt,【杨博文】致命诱惑<希区考克 作品152> 4k 竖版直拍 Focus,Roseate丨杨博文,2026-01-31 17:54:23,48115,7750,3401,2845,207,259,425,1
2026-07-09 11:00:16,https://www.bilibili.com/video/BV1MtFrzLEqw/?spm_id_from=333.1387.favlist.content.click&vd_source=82c7dc283676ff6ca01b24294b7c8a32,20,BV1MtFrzLEqw,【4K】借过一下 | 杨博文直拍 | 260131,underthepoplar,2026-02-06 15:13:06,23067,3601,1459,1784,64,101,213,1
2026-07-09 11:00:16,https://www.bilibili.com/video/BV1jjF3z3Ern/?spm_id_from=333.1387.favlist.content.click&vd_source=82c7dc283676ff6ca01b24294b7c8a32,21,BV1jjF3z3Ern,【4K精剪】Why Why Why | 杨博文直拍 | 260201,underthepoplar,2026-02-03 05:55:49,69605,11537,5443,5879,298,247,617,1
2026-07-09 11:00:16,https://www.bilibili.com/video/BV1oJVD6BEEW/?spm_id_from=333.1387.favlist.content.click&vd_source=82c7dc283676ff6ca01b24294b7c8a32,22,BV1oJVD6BEEW,Hey Mama 一分钟solo | 杨博文直拍 | 251228,underthepoplar,2026-06-01 02:16:51,31473,4091,1621,2280,65,76,35,1
2026-07-09 11:00:16,https://www.bilibili.com/video/BV16MbLzPETK/?spm_id_from=333.1387.favlist.content.click&vd_source=82c7dc283676ff6ca01b24294b7c8a32,23,BV16MbLzPETK,这是洋娃娃在给我唱歌吧｜杨博文｜雨爱 4K直拍,WIX99,2025-08-11 18:44:28,4158,644,72,334,3,9,3,1
2026-07-09 11:00:16,https://www.bilibili.com/video/BV1nUFFzSE8W/?spm_id_from=333.337.search-card.all.click&vd_source=c9ba0a78401ac34b07f18808dcb060f8,24,BV1nUFFzSE8W,【4K精剪】第二类我 | 杨博文直拍 | 260201,underthepoplar,2026-02-05 03:45:45,36909,5397,3617,2813,205,205,293,1
2026-07-09 11:00:16,https://www.bilibili.com/video/BV1JFZ4BnEiL/?spm_id_from=333.337.search-card.all.click,25,BV1JFZ4BnEiL,【杨博文4K直拍】《希区考克 作品152》20260131丨澳门·荣耀之战演唱会丨四机位,houRlyRambo丨杨博文,2026-02-15 16:50:03,2932,636,136,140,15,9,15,1
2026-07-09 11:00:16,https://www.bilibili.com/video/BV19k61BQE89/?spm_id_from=333.337.search-card.all.click,26,BV19k61BQE89,【杨博文】跟随少年步伐走进悬疑 <希区考克 作品152 >三机位混剪,61strawberry,2026-01-31 18:26:12,10616,1762,514,1381,50,43,10,1
2026-07-09 11:00:16,https://www.bilibili.com/video/BV1oz61B9ECW/?spm_id_from=333.337.search-card.all.click,27,BV1oz61B9ECW,【杨博文｜4K直拍】《希区考克》好帅的舞台,关键时刻来瓶尖叫,2026-01-31 18:18:47,30695,4093,1771,2544,116,122,192,1
2026-07-09 11:00:16,https://www.bilibili.com/video/BV1EGBCBmEo8/?spm_id_from=333.337.search-card.all.click&vd_source=bdf775a036c61c0159ac2f0c251aaeb7,28,BV1EGBCBmEo8,【杨博文｜4K高清直拍】魅魔级别的《Manta》舞台，看博文如何一yeah封神,关键时刻来瓶尖叫,2025-12-27 23:15:44,760923,11958,9315,10532,5813,945,2304,1
2026-07-09 11:00:16,https://www.bilibili.com/video/BV1s8BvBPEN5/?spm_id_from=333.337.search-card.all.click&vd_source=bdf775a036c61c0159ac2f0c251aaeb7,29,BV1s8BvBPEN5,【杨博文｜4K舞台直拍】好运来祝你好运来～博文宝宝祝你新年好运来,关键时刻来瓶尖叫,2025-12-27 00:43:12,1900628,34060,16549,31811,6899,4002,4642,1
2026-07-09 12:00:38,https://www.bilibili.com/video/BV1A5vkB2E1k/?spm_id_from=333.1387.favlist.content.click&vd_source=bdf775a036c61c0159ac2f0c251aaeb7,0,BV1A5vkB2E1k,【杨博文】Hey Mama六机位纯舞直拍丨15岁舞台统治者的诞生，四代主舞燃炸全场！,Kismet丨杨博文,2025-12-28 22:28:16,2488962,60807,43002,44188,12976,13454,20516,4
2026-07-09 12:00:38,https://www.bilibili.com/video/BV1XA6nBGEPV/?spm_id_from=333.1387.favlist.content.click&vd_source=bdf775a036c61c0159ac2f0c251aaeb7,1,BV1XA6nBGEPV,【4K精剪】希区考克 作品152 | 杨博文直拍 | 260131,underthepoplar,2026-02-01 00:23:17,1921195,22361,21462,19188,9016,3976,6797,1
2026-07-09 12:00:38,https://www.bilibili.com/video/BV15r61BWESJ/?spm_id_from=333.1387.favlist.content.click&vd_source=bdf775a036c61c0159ac2f0c251aaeb7,2,BV15r61BWESJ,【杨博文】希区考克作品152丨双机位直拍 悬疑与张力碰撞 表管拉满 少年锋芒,Kismet丨杨博文,2026-01-31 18:27:40,541257,18468,10858,15575,931,1082,1224,1
2026-07-09 12:00:38,https://www.bilibili.com/video/BV19y61BnEMM/?spm_id_from=333.1387.favlist.content.click&vd_source=bdf775a036c61c0159ac2f0c251aaeb7,3,BV19y61BnEMM,【杨博文】就这个踢腿爽之 连每一根头发丝都在劲舞｜希区考克 作品152 4k双机位横屏直拍,游园会_杨博文,2026-01-31 18:31:31,417447,14807,9595,12548,1175,1513,2297,1
2026-07-09 12:00:38,https://www.bilibili.com/video/BV1M9ePzaELH/?spm_id_from=333.1387.favlist.content.click&vd_source=bdf775a036c61c0159ac2f0c251aaeb7,4,BV1M9ePzaELH,「杨博文｜卡拉永远OK」突发舞台事故？我怎么没看见,Astra_杨博文,2025-08-19 22:15:30,808504,14290,4535,9564,6403,614,516,1
2026-07-09 12:00:38,https://www.bilibili.com/video/BV1pV9GB6E96/?spm_id_from=333.1387.favlist.content.click&vd_source=bdf775a036c61c0159ac2f0c251aaeb7,5,BV1pV9GB6E96,【4K精剪】Guilty | 杨博文直拍 | 250119,underthepoplar,2026-04-01 02:23:39,49366,9033,2957,5327,241,201,204,2
2026-07-09 12:00:38,https://www.bilibili.com/video/BV1vFwNeKER9/?spm_id_from=333.1387.favlist.content.click&vd_source=bdf775a036c61c0159ac2f0c251aaeb7,6,BV1vFwNeKER9,【杨博文】guilty 4k横屏直拍｜夺命34秒，谁都无法拒绝的Legend级别，建议调大音量食用更加,游园会_杨博文,2025-01-18 22:02:36,263384,16462,8044,14259,1083,850,3091,1
2026-07-09 12:00:38,https://www.bilibili.com/video/BV1MGYnzrE9E/?spm_id_from=333.1387.favlist.content.click&vd_source=bdf775a036c61c0159ac2f0c251aaeb7,7,BV1MGYnzrE9E,杨博文跳 《Centuries》帅到窒息！！竖屏4K直拍,Kismet丨杨博文,2025-08-18 02:15:37,263703,12058,6643,7807,562,950,3369,1
2026-07-09 12:00:38,https://www.bilibili.com/video/BV1DZvDBEEjv/?spm_id_from=333.1387.favlist.content.click&vd_source=bdf775a036c61c0159ac2f0c251aaeb7,8,BV1DZvDBEEjv,终于找到了治愈我每一天的秘方 当你一开嗓 哪怕是夕阳也格外绚烂 ｜【杨博文】黄昏晓4k横屏直拍,游园会_杨博文,2026-01-01 20:53:32,24009,4089,712,2664,35,44,178,1
2026-07-09 12:00:38,https://www.bilibili.com/video/BV1owvqBJEkn/?spm_id_from=333.1387.favlist.content.click&vd_source=bdf775a036c61c0159ac2f0c251aaeb7,9,BV1owvqBJEkn,【杨博文｜黄昏晓】 4K直拍,羊圈主,2025-12-28 00:28:04,18056,4364,1028,1653,70,88,256,1
2026-07-09 12:00:38,https://www.bilibili.com/video/BV1eqY6e1Eec/?spm_id_from=333.1387.favlist.content.click&vd_source=bdf775a036c61c0159ac2f0c251aaeb7,10,BV1eqY6e1Eec,【TF家族-杨博文】蔡依林男粉！？你的杨会扭儿上线｜《看我72变》4K直拍,LOST-杨博文,2024-08-13 05:57:43,99668,10018,1637,5638,429,102,321,1
2026-07-09 12:00:38,https://www.bilibili.com/video/BV1r9BeBZEMu/?spm_id_from=333.1387.favlist.content.click&vd_source=bdf775a036c61c0159ac2f0c251aaeb7,11,BV1r9BeBZEMu,【杨博文｜4K舞台直拍】《爱要坦荡荡》，四代主唱贝斯手玩转乐队，好青春洋溢,关键时刻来瓶尖叫,2025-12-27 00:55:22,36176,4773,745,3177,51,52,64,1
2026-07-09 12:00:38,https://www.bilibili.com/video/BV1Lb6tBBEYC/?spm_id_from=333.1387.favlist.content.click&vd_source=bdf775a036c61c0159ac2f0c251aaeb7,12,BV1Lb6tBBEYC,【4K精剪】闭嘴跳舞 | 杨博文直拍 | 260201,underthepoplar,2026-02-02 00:00:55,266760,21826,13152,15890,1890,1671,2810,4
2026-07-09 12:00:38,https://www.bilibili.com/video/BV1mJ64BREZY/?spm_id_from=333.1387.favlist.content.click&vd_source=bdf775a036c61c0159ac2f0c251aaeb7,13,BV1mJ64BREZY,【杨博文】闭嘴跳舞丨当主舞穿上西装就会得到,Kismet丨杨博文,2026-02-01 18:31:00,509375,32027,3537,23022,180,100,425,7
2026-07-09 12:00:38,https://www.bilibili.com/video/BV15M64BPEVo/?spm_id_from=333.1387.favlist.content.click&vd_source=bdf775a036c61c0159ac2f0c251aaeb7,14,BV15M64BPEVo,【杨博文】舞步是我最有力的武器 请调动所有感官和我一同所向披靡｜闭嘴跳舞4k横屏双机位直拍,游园会_杨博文,2026-02-01 20:09:30,51853,7826,1412,4988,56,38,157,1
2026-07-09 12:00:38,https://www.bilibili.com/video/BV1fWYqzTECD/?spm_id_from=333.1387.favlist.content.click&vd_source=bdf775a036c61c0159ac2f0c251aaeb7,15,BV1fWYqzTECD,绝美堕天使下凡了……｜杨博文｜deja vu 4K直拍,WIX99,2025-08-16 22:18:21,13650,2051,584,892,68,44,115,1
2026-07-09 12:00:38,https://www.bilibili.com/video/BV1Bem3B1EcH/?spm_id_from=333.1387.favlist.content.click&vd_source=bdf775a036c61c0159ac2f0c251aaeb7,16,BV1Bem3B1EcH,【杨博文｜4K舞台直拍】怎么黑衣的《Deja vu》也让人看的停不下来呢,关键时刻来瓶尖叫,2025-12-12 21:30:00,12434,1404,159,1249,19,7,1,1
2026-07-09 12:00:38,https://www.bilibili.com/video/BV11kZyByE81/?spm_id_from=333.1387.favlist.content.click&vd_source=bdf775a036c61c0159ac2f0c251aaeb7,17,BV11kZyByE81,【4K精剪】Deja Vu | 杨博文直拍 | 250816 & 250817,underthepoplar,2026-02-17 20:22:24,48469,7203,3138,3413,374,231,207,1
2026-07-09 12:00:38,https://www.bilibili.com/video/BV1J7Awz8EUZ/?spm_id_from=333.1387.favlist.content.click&vd_source=bdf775a036c61c0159ac2f0c251aaeb7,18,BV1J7Awz8EUZ,自测鸡蛋果,喜欢吃鸡蛋果,2026-03-21 16:17:31,1530,0,0,1,1,0,0,1
2026-07-09 12:00:38,https://www.bilibili.com/video/BV1Xm61BEEnt/?spm_id_from=333.1387.favlist.content.click,19,BV1Xm61BEEnt,【杨博文】致命诱惑<希区考克 作品152> 4k 竖版直拍 Focus,Roseate丨杨博文,2026-01-31 17:54:23,48116,7750,3401,2845,207,259,425,1
2026-07-09 12:00:38,https://www.bilibili.com/video/BV1MtFrzLEqw/?spm_id_from=333.1387.favlist.content.click&vd_source=82c7dc283676ff6ca01b24294b7c8a32,20,BV1MtFrzLEqw,【4K】借过一下 | 杨博文直拍 | 260131,underthepoplar,2026-02-06 15:13:06,23074,3601,1459,1784,64,101,213,1
2026-07-09 12:00:38,https://www.bilibili.com/video/BV1jjF3z3Ern/?spm_id_from=333.1387.favlist.content.click&vd_source=82c7dc283676ff6ca01b24294b7c8a32,21,BV1jjF3z3Ern,【4K精剪】Why Why Why | 杨博文直拍 | 260201,underthepoplar,2026-02-03 05:55:49,69626,11541,5443,5881,298,247,617,1
2026-07-09 12:00:38,https://www.bilibili.com/video/BV1oJVD6BEEW/?spm_id_from=333.1387.favlist.content.click&vd_source=82c7dc283676ff6ca01b24294b7c8a32,22,BV1oJVD6BEEW,Hey Mama 一分钟solo | 杨博文直拍 | 251228,underthepoplar,2026-06-01 02:16:51,31504,4094,1625,2282,65,76,35,1
2026-07-09 12:00:38,https://www.bilibili.com/video/BV16MbLzPETK/?spm_id_from=333.1387.favlist.content.click&vd_source=82c7dc283676ff6ca01b24294b7c8a32,23,BV16MbLzPETK,这是洋娃娃在给我唱歌吧｜杨博文｜雨爱 4K直拍,WIX99,2025-08-11 18:44:28,4158,644,72,334,3,9,3,1
2026-07-09 12:00:38,https://www.bilibili.com/video/BV1nUFFzSE8W/?spm_id_from=333.337.search-card.all.click&vd_source=c9ba0a78401ac34b07f18808dcb060f8,24,BV1nUFFzSE8W,【4K精剪】第二类我 | 杨博文直拍 | 260201,underthepoplar,2026-02-05 03:45:45,36916,5397,3617,2813,205,205,293,1
2026-07-09 12:00:38,https://www.bilibili.com/video/BV1JFZ4BnEiL/?spm_id_from=333.337.search-card.all.click,25,BV1JFZ4BnEiL,【杨博文4K直拍】《希区考克 作品152》20260131丨澳门·荣耀之战演唱会丨四机位,houRlyRambo丨杨博文,2026-02-15 16:50:03,2932,636,136,140,15,9,15,1
2026-07-09 12:00:38,https://www.bilibili.com/video/BV19k61BQE89/?spm_id_from=333.337.search-card.all.click,26,BV19k61BQE89,【杨博文】跟随少年步伐走进悬疑 <希区考克 作品152 >三机位混剪,61strawberry,2026-01-31 18:26:12,10618,1763,514,1382,50,43,10,1
2026-07-09 12:00:38,https://www.bilibili.com/video/BV1oz61B9ECW/?spm_id_from=333.337.search-card.all.click,27,BV1oz61B9ECW,【杨博文｜4K直拍】《希区考克》好帅的舞台,关键时刻来瓶尖叫,2026-01-31 18:18:47,30705,4093,1771,2544,116,122,192,1
2026-07-09 12:00:38,https://www.bilibili.com/video/BV1EGBCBmEo8/?spm_id_from=333.337.search-card.all.click&vd_source=bdf775a036c61c0159ac2f0c251aaeb7,28,BV1EGBCBmEo8,【杨博文｜4K高清直拍】魅魔级别的《Manta》舞台，看博文如何一yeah封神,关键时刻来瓶尖叫,2025-12-27 23:15:44,760934,11958,9315,10532,5822,945,2304,1
2026-07-09 12:00:38,https://www.bilibili.com/video/BV1s8BvBPEN5/?spm_id_from=333.337.search-card.all.click&vd_source=bdf775a036c61c0159ac2f0c251aaeb7,29,BV1s8BvBPEN5,【杨博文｜4K舞台直拍】好运来祝你好运来～博文宝宝祝你新年好运来,关键时刻来瓶尖叫,2025-12-27 00:43:12,1900645,34060,16549,31811,6906,4002,4642,1
2026-07-09 13:01:00,https://www.bilibili.com/video/BV1A5vkB2E1k/?spm_id_from=333.1387.favlist.content.click&vd_source=bdf775a036c61c0159ac2f0c251aaeb7,0,BV1A5vkB2E1k,【杨博文】Hey Mama六机位纯舞直拍丨15岁舞台统治者的诞生，四代主舞燃炸全场！,Kismet丨杨博文,2025-12-28 22:28:16,2489043,60810,43004,44190,12980,13454,20518,2
2026-07-09 13:01:00,https://www.bilibili.com/video/BV1XA6nBGEPV/?spm_id_from=333.1387.favlist.content.click&vd_source=bdf775a036c61c0159ac2f0c251aaeb7,1,BV1XA6nBGEPV,【4K精剪】希区考克 作品152 | 杨博文直拍 | 260131,underthepoplar,2026-02-01 00:23:17,1921210,22361,21462,19188,9017,3976,6797,1
2026-07-09 13:01:00,https://www.bilibili.com/video/BV15r61BWESJ/?spm_id_from=333.1387.favlist.content.click&vd_source=bdf775a036c61c0159ac2f0c251aaeb7,2,BV15r61BWESJ,【杨博文】希区考克作品152丨双机位直拍 悬疑与张力碰撞 表管拉满 少年锋芒,Kismet丨杨博文,2026-01-31 18:27:40,541311,18472,10858,15579,931,1082,1224,1
2026-07-09 13:01:00,https://www.bilibili.com/video/BV19y61BnEMM/?spm_id_from=333.1387.favlist.content.click&vd_source=bdf775a036c61c0159ac2f0c251aaeb7,3,BV19y61BnEMM,【杨博文】就这个踢腿爽之 连每一根头发丝都在劲舞｜希区考克 作品152 4k双机位横屏直拍,游园会_杨博文,2026-01-31 18:31:31,417525,14813,9595,12552,1175,1513,2297,1
2026-07-09 13:01:00,https://www.bilibili.com/video/BV1M9ePzaELH/?spm_id_from=333.1387.favlist.content.click&vd_source=bdf775a036c61c0159ac2f0c251aaeb7,4,BV1M9ePzaELH,「杨博文｜卡拉永远OK」突发舞台事故？我怎么没看见,Astra_杨博文,2025-08-19 22:15:30,808509,14290,4535,9565,6404,614,516,1
2026-07-09 13:01:00,https://www.bilibili.com/video/BV1pV9GB6E96/?spm_id_from=333.1387.favlist.content.click&vd_source=bdf775a036c61c0159ac2f0c251aaeb7,5,BV1pV9GB6E96,【4K精剪】Guilty | 杨博文直拍 | 250119,underthepoplar,2026-04-01 02:23:39,49391,9035,2957,5327,241,201,204,1
2026-07-09 13:01:00,https://www.bilibili.com/video/BV1vFwNeKER9/?spm_id_from=333.1387.favlist.content.click&vd_source=bdf775a036c61c0159ac2f0c251aaeb7,6,BV1vFwNeKER9,【杨博文】guilty 4k横屏直拍｜夺命34秒，谁都无法拒绝的Legend级别，建议调大音量食用更加,游园会_杨博文,2025-01-18 22:02:36,263392,16462,8044,14259,1083,850,3091,1
2026-07-09 13:01:00,https://www.bilibili.com/video/BV1MGYnzrE9E/?spm_id_from=333.1387.favlist.content.click&vd_source=bdf775a036c61c0159ac2f0c251aaeb7,7,BV1MGYnzrE9E,杨博文跳 《Centuries》帅到窒息！！竖屏4K直拍,Kismet丨杨博文,2025-08-18 02:15:37,263707,12058,6643,7807,562,950,3369,1
2026-07-09 13:01:00,https://www.bilibili.com/video/BV1DZvDBEEjv/?spm_id_from=333.1387.favlist.content.click&vd_source=bdf775a036c61c0159ac2f0c251aaeb7,8,BV1DZvDBEEjv,终于找到了治愈我每一天的秘方 当你一开嗓 哪怕是夕阳也格外绚烂 ｜【杨博文】黄昏晓4k横屏直拍,游园会_杨博文,2026-01-01 20:53:32,24009,4089,712,2664,35,44,178,1
2026-07-09 13:01:00,https://www.bilibili.com/video/BV1owvqBJEkn/?spm_id_from=333.1387.favlist.content.click&vd_source=bdf775a036c61c0159ac2f0c251aaeb7,9,BV1owvqBJEkn,【杨博文｜黄昏晓】 4K直拍,羊圈主,2025-12-28 00:28:04,18056,4364,1028,1653,70,88,256,1
2026-07-09 13:01:00,https://www.bilibili.com/video/BV1eqY6e1Eec/?spm_id_from=333.1387.favlist.content.click&vd_source=bdf775a036c61c0159ac2f0c251aaeb7,10,BV1eqY6e1Eec,【TF家族-杨博文】蔡依林男粉！？你的杨会扭儿上线｜《看我72变》4K直拍,LOST-杨博文,2024-08-13 05:57:43,99675,10017,1637,5638,429,102,321,1
2026-07-09 13:01:00,https://www.bilibili.com/video/BV1r9BeBZEMu/?spm_id_from=333.1387.favlist.content.click&vd_source=bdf775a036c61c0159ac2f0c251aaeb7,11,BV1r9BeBZEMu,【杨博文｜4K舞台直拍】《爱要坦荡荡》，四代主唱贝斯手玩转乐队，好青春洋溢,关键时刻来瓶尖叫,2025-12-27 00:55:22,36178,4773,745,3177,51,52,64,1
2026-07-09 13:01:00,https://www.bilibili.com/video/BV1Lb6tBBEYC/?spm_id_from=333.1387.favlist.content.click&vd_source=bdf775a036c61c0159ac2f0c251aaeb7,12,BV1Lb6tBBEYC,【4K精剪】闭嘴跳舞 | 杨博文直拍 | 260201,underthepoplar,2026-02-02 00:00:55,267195,21840,13156,15901,1890,1671,2811,9
2026-07-09 13:01:00,https://www.bilibili.com/video/BV1mJ64BREZY/?spm_id_from=333.1387.favlist.content.click&vd_source=bdf775a036c61c0159ac2f0c251aaeb7,13,BV1mJ64BREZY,【杨博文】闭嘴跳舞丨当主舞穿上西装就会得到,Kismet丨杨博文,2026-02-01 18:31:00,509662,32032,3537,23023,180,100,425,6
2026-07-09 13:01:00,https://www.bilibili.com/video/BV15M64BPEVo/?spm_id_from=333.1387.favlist.content.click&vd_source=bdf775a036c61c0159ac2f0c251aaeb7,14,BV15M64BPEVo,【杨博文】舞步是我最有力的武器 请调动所有感官和我一同所向披靡｜闭嘴跳舞4k横屏双机位直拍,游园会_杨博文,2026-02-01 20:09:30,51870,7827,1412,4989,56,38,157,1
2026-07-09 13:01:00,https://www.bilibili.com/video/BV1fWYqzTECD/?spm_id_from=333.1387.favlist.content.click&vd_source=bdf775a036c61c0159ac2f0c251aaeb7,15,BV1fWYqzTECD,绝美堕天使下凡了……｜杨博文｜deja vu 4K直拍,WIX99,2025-08-16 22:18:21,13651,2051,584,892,68,44,115,1
2026-07-09 13:01:00,https://www.bilibili.com/video/BV1Bem3B1EcH/?spm_id_from=333.1387.favlist.content.click&vd_source=bdf775a036c61c0159ac2f0c251aaeb7,16,BV1Bem3B1EcH,【杨博文｜4K舞台直拍】怎么黑衣的《Deja vu》也让人看的停不下来呢,关键时刻来瓶尖叫,2025-12-12 21:30:00,12435,1404,159,1249,19,7,1,1
2026-07-09 13:01:00,https://www.bilibili.com/video/BV11kZyByE81/?spm_id_from=333.1387.favlist.content.click&vd_source=bdf775a036c61c0159ac2f0c251aaeb7,17,BV11kZyByE81,【4K精剪】Deja Vu | 杨博文直拍 | 250816 & 250817,underthepoplar,2026-02-17 20:22:24,48485,7204,3138,3415,374,231,207,1
2026-07-09 13:01:00,https://www.bilibili.com/video/BV1J7Awz8EUZ/?spm_id_from=333.1387.favlist.content.click&vd_source=bdf775a036c61c0159ac2f0c251aaeb7,18,BV1J7Awz8EUZ,自测鸡蛋果,喜欢吃鸡蛋果,2026-03-21 16:17:31,1530,0,0,1,1,0,0,1
2026-07-09 13:01:00,https://www.bilibili.com/video/BV1Xm61BEEnt/?spm_id_from=333.1387.favlist.content.click,19,BV1Xm61BEEnt,【杨博文】致命诱惑<希区考克 作品152> 4k 竖版直拍 Focus,Roseate丨杨博文,2026-01-31 17:54:23,48116,7750,3401,2845,207,259,425,1
2026-07-09 13:01:00,https://www.bilibili.com/video/BV1MtFrzLEqw/?spm_id_from=333.1387.favlist.content.click&vd_source=82c7dc283676ff6ca01b24294b7c8a32,20,BV1MtFrzLEqw,【4K】借过一下 | 杨博文直拍 | 260131,underthepoplar,2026-02-06 15:13:06,23093,3604,1459,1788,64,101,213,1
2026-07-09 13:01:00,https://www.bilibili.com/video/BV1jjF3z3Ern/?spm_id_from=333.1387.favlist.content.click&vd_source=82c7dc283676ff6ca01b24294b7c8a32,21,BV1jjF3z3Ern,【4K精剪】Why Why Why | 杨博文直拍 | 260201,underthepoplar,2026-02-03 05:55:49,69652,11544,5445,5884,298,247,617,1
2026-07-09 13:01:00,https://www.bilibili.com/video/BV1oJVD6BEEW/?spm_id_from=333.1387.favlist.content.click&vd_source=82c7dc283676ff6ca01b24294b7c8a32,22,BV1oJVD6BEEW,Hey Mama 一分钟solo | 杨博文直拍 | 251228,underthepoplar,2026-06-01 02:16:51,31555,4097,1627,2283,65,76,35,3
2026-07-09 13:01:00,https://www.bilibili.com/video/BV16MbLzPETK/?spm_id_from=333.1387.favlist.content.click&vd_source=82c7dc283676ff6ca01b24294b7c8a32,23,BV16MbLzPETK,这是洋娃娃在给我唱歌吧｜杨博文｜雨爱 4K直拍,WIX99,2025-08-11 18:44:28,4159,644,72,334,3,9,3,1
2026-07-09 13:01:00,https://www.bilibili.com/video/BV1nUFFzSE8W/?spm_id_from=333.337.search-card.all.click&vd_source=c9ba0a78401ac34b07f18808dcb060f8,24,BV1nUFFzSE8W,【4K精剪】第二类我 | 杨博文直拍 | 260201,underthepoplar,2026-02-05 03:45:45,36930,5397,3617,2813,205,205,293,1
2026-07-09 13:01:00,https://www.bilibili.com/video/BV1JFZ4BnEiL/?spm_id_from=333.337.search-card.all.click,25,BV1JFZ4BnEiL,【杨博文4K直拍】《希区考克 作品152》20260131丨澳门·荣耀之战演唱会丨四机位,houRlyRambo丨杨博文,2026-02-15 16:50:03,2932,636,136,140,15,9,15,1
2026-07-09 13:01:00,https://www.bilibili.com/video/BV19k61BQE89/?spm_id_from=333.337.search-card.all.click,26,BV19k61BQE89,【杨博文】跟随少年步伐走进悬疑 <希区考克 作品152 >三机位混剪,61strawberry,2026-01-31 18:26:12,10619,1763,514,1382,50,43,10,1
2026-07-09 13:01:00,https://www.bilibili.com/video/BV1oz61B9ECW/?spm_id_from=333.337.search-card.all.click,27,BV1oz61B9ECW,【杨博文｜4K直拍】《希区考克》好帅的舞台,关键时刻来瓶尖叫,2026-01-31 18:18:47,30718,4094,1771,2544,116,122,192,1
2026-07-09 13:01:00,https://www.bilibili.com/video/BV1EGBCBmEo8/?spm_id_from=333.337.search-card.all.click&vd_source=bdf775a036c61c0159ac2f0c251aaeb7,28,BV1EGBCBmEo8,【杨博文｜4K高清直拍】魅魔级别的《Manta》舞台，看博文如何一yeah封神,关键时刻来瓶尖叫,2025-12-27 23:15:44,760937,11958,9315,10532,5823,945,2304,1
2026-07-09 13:01:00,https://www.bilibili.com/video/BV1s8BvBPEN5/?spm_id_from=333.337.search-card.all.click&vd_source=bdf775a036c61c0159ac2f0c251aaeb7,29,BV1s8BvBPEN5,【杨博文｜4K舞台直拍】好运来祝你好运来～博文宝宝祝你新年好运来,关键时刻来瓶尖叫,2025-12-27 00:43:12,1900658,34061,16551,31812,6908,4002,4642,1
2026-07-09 14:01:21,https://www.bilibili.com/video/BV1A5vkB2E1k/?spm_id_from=333.1387.favlist.content.click&vd_source=bdf775a036c61c0159ac2f0c251aaeb7,0,BV1A5vkB2E1k,【杨博文】Hey Mama六机位纯舞直拍丨15岁舞台统治者的诞生，四代主舞燃炸全场！,Kismet丨杨博文,2025-12-28 22:28:16,2489128,60813,43004,44192,12981,13454,20520,2
2026-07-09 14:01:21,https://www.bilibili.com/video/BV1XA6nBGEPV/?spm_id_from=333.1387.favlist.content.click&vd_source=bdf775a036c61c0159ac2f0c251aaeb7,1,BV1XA6nBGEPV,【4K精剪】希区考克 作品152 | 杨博文直拍 | 260131,underthepoplar,2026-02-01 00:23:17,1921226,22362,21462,19190,9017,3976,6797,1
2026-07-09 14:01:21,https://www.bilibili.com/video/BV15r61BWESJ/?spm_id_from=333.1387.favlist.content.click&vd_source=bdf775a036c61c0159ac2f0c251aaeb7,2,BV15r61BWESJ,【杨博文】希区考克作品152丨双机位直拍 悬疑与张力碰撞 表管拉满 少年锋芒,Kismet丨杨博文,2026-01-31 18:27:40,541373,18472,10858,15580,931,1082,1224,1
2026-07-09 14:01:21,https://www.bilibili.com/video/BV19y61BnEMM/?spm_id_from=333.1387.favlist.content.click&vd_source=bdf775a036c61c0159ac2f0c251aaeb7,3,BV19y61BnEMM,【杨博文】就这个踢腿爽之 连每一根头发丝都在劲舞｜希区考克 作品152 4k双机位横屏直拍,游园会_杨博文,2026-01-31 18:31:31,417596,14819,9597,12558,1175,1513,2299,1
2026-07-09 14:01:21,https://www.bilibili.com/video/BV1M9ePzaELH/?spm_id_from=333.1387.favlist.content.click&vd_source=bdf775a036c61c0159ac2f0c251aaeb7,4,BV1M9ePzaELH,「杨博文｜卡拉永远OK」突发舞台事故？我怎么没看见,Astra_杨博文,2025-08-19 22:15:30,808515,14290,4535,9565,6404,614,516,1
2026-07-09 14:01:21,https://www.bilibili.com/video/BV1pV9GB6E96/?spm_id_from=333.1387.favlist.content.click&vd_source=bdf775a036c61c0159ac2f0c251aaeb7,5,BV1pV9GB6E96,【4K精剪】Guilty | 杨博文直拍 | 250119,underthepoplar,2026-04-01 02:23:39,49431,9041,2959,5333,241,201,204,1
2026-07-09 14:01:21,https://www.bilibili.com/video/BV1vFwNeKER9/?spm_id_from=333.1387.favlist.content.click&vd_source=bdf775a036c61c0159ac2f0c251aaeb7,6,BV1vFwNeKER9,【杨博文】guilty 4k横屏直拍｜夺命34秒，谁都无法拒绝的Legend级别，建议调大音量食用更加,游园会_杨博文,2025-01-18 22:02:36,263401,16462,8044,14259,1084,850,3091,1
2026-07-09 14:01:21,https://www.bilibili.com/video/BV1MGYnzrE9E/?spm_id_from=333.1387.favlist.content.click&vd_source=bdf775a036c61c0159ac2f0c251aaeb7,7,BV1MGYnzrE9E,杨博文跳 《Centuries》帅到窒息！！竖屏4K直拍,Kismet丨杨博文,2025-08-18 02:15:37,263713,12059,6643,7808,562,950,3369,1
2026-07-09 14:01:21,https://www.bilibili.com/video/BV1DZvDBEEjv/?spm_id_from=333.1387.favlist.content.click&vd_source=bdf775a036c61c0159ac2f0c251aaeb7,8,BV1DZvDBEEjv,终于找到了治愈我每一天的秘方 当你一开嗓 哪怕是夕阳也格外绚烂 ｜【杨博文】黄昏晓4k横屏直拍,游园会_杨博文,2026-01-01 20:53:32,24010,4089,712,2664,35,44,178,1
2026-07-09 14:01:21,https://www.bilibili.com/video/BV1owvqBJEkn/?spm_id_from=333.1387.favlist.content.click&vd_source=bdf775a036c61c0159ac2f0c251aaeb7,9,BV1owvqBJEkn,【杨博文｜黄昏晓】 4K直拍,羊圈主,2025-12-28 00:28:04,18057,4364,1028,1653,70,88,256,1
2026-07-09 14:01:21,https://www.bilibili.com/video/BV1eqY6e1Eec/?spm_id_from=333.1387.favlist.content.click&vd_source=bdf775a036c61c0159ac2f0c251aaeb7,10,BV1eqY6e1Eec,【TF家族-杨博文】蔡依林男粉！？你的杨会扭儿上线｜《看我72变》4K直拍,LOST-杨博文,2024-08-13 05:57:43,99677,10017,1637,5638,429,102,321,1
2026-07-09 14:01:21,https://www.bilibili.com/video/BV1r9BeBZEMu/?spm_id_from=333.1387.favlist.content.click&vd_source=bdf775a036c61c0159ac2f0c251aaeb7,11,BV1r9BeBZEMu,【杨博文｜4K舞台直拍】《爱要坦荡荡》，四代主唱贝斯手玩转乐队，好青春洋溢,关键时刻来瓶尖叫,2025-12-27 00:55:22,36180,4773,745,3177,51,52,64,1
2026-07-09 14:01:21,https://www.bilibili.com/video/BV1Lb6tBBEYC/?spm_id_from=333.1387.favlist.content.click&vd_source=bdf775a036c61c0159ac2f0c251aaeb7,12,BV1Lb6tBBEYC,【4K精剪】闭嘴跳舞 | 杨博文直拍 | 260201,underthepoplar,2026-02-02 00:00:55,267767,21860,13162,15920,1890,1671,2811,12
2026-07-09 14:01:21,https://www.bilibili.com/video/BV1mJ64BREZY/?spm_id_from=333.1387.favlist.content.click&vd_source=bdf775a036c61c0159ac2f0c251aaeb7,13,BV1mJ64BREZY,【杨博文】闭嘴跳舞丨当主舞穿上西装就会得到,Kismet丨杨博文,2026-02-01 18:31:00,510053,32042,3537,23030,180,100,425,15
2026-07-09 14:01:21,https://www.bilibili.com/video/BV15M64BPEVo/?spm_id_from=333.1387.favlist.content.click&vd_source=bdf775a036c61c0159ac2f0c251aaeb7,14,BV15M64BPEVo,【杨博文】舞步是我最有力的武器 请调动所有感官和我一同所向披靡｜闭嘴跳舞4k横屏双机位直拍,游园会_杨博文,2026-02-01 20:09:30,51877,7827,1412,4989,56,38,157,1
2026-07-09 14:01:21,https://www.bilibili.com/video/BV1fWYqzTECD/?spm_id_from=333.1387.favlist.content.click&vd_source=bdf775a036c61c0159ac2f0c251aaeb7,15,BV1fWYqzTECD,绝美堕天使下凡了……｜杨博文｜deja vu 4K直拍,WIX99,2025-08-16 22:18:21,13652,2051,584,892,68,44,115,1
2026-07-09 14:01:21,https://www.bilibili.com/video/BV1Bem3B1EcH/?spm_id_from=333.1387.favlist.content.click&vd_source=bdf775a036c61c0159ac2f0c251aaeb7,16,BV1Bem3B1EcH,【杨博文｜4K舞台直拍】怎么黑衣的《Deja vu》也让人看的停不下来呢,关键时刻来瓶尖叫,2025-12-12 21:30:00,12435,1404,159,1249,19,7,1,1
2026-07-09 14:01:21,https://www.bilibili.com/video/BV11kZyByE81/?spm_id_from=333.1387.favlist.content.click&vd_source=bdf775a036c61c0159ac2f0c251aaeb7,17,BV11kZyByE81,【4K精剪】Deja Vu | 杨博文直拍 | 250816 & 250817,underthepoplar,2026-02-17 20:22:24,48494,7205,3138,3415,374,231,207,1
2026-07-09 14:01:21,https://www.bilibili.com/video/BV1J7Awz8EUZ/?spm_id_from=333.1387.favlist.content.click&vd_source=bdf775a036c61c0159ac2f0c251aaeb7,18,BV1J7Awz8EUZ,自测鸡蛋果,喜欢吃鸡蛋果,2026-03-21 16:17:31,1530,0,0,1,1,0,0,1
2026-07-09 14:01:21,https://www.bilibili.com/video/BV1Xm61BEEnt/?spm_id_from=333.1387.favlist.content.click,19,BV1Xm61BEEnt,【杨博文】致命诱惑<希区考克 作品152> 4k 竖版直拍 Focus,Roseate丨杨博文,2026-01-31 17:54:23,48117,7751,3401,2846,207,259,425,1
2026-07-09 14:01:21,https://www.bilibili.com/video/BV1MtFrzLEqw/?spm_id_from=333.1387.favlist.content.click&vd_source=82c7dc283676ff6ca01b24294b7c8a32,20,BV1MtFrzLEqw,【4K】借过一下 | 杨博文直拍 | 260131,underthepoplar,2026-02-06 15:13:06,23100,3605,1459,1791,64,101,213,1
2026-07-09 14:01:21,https://www.bilibili.com/video/BV1jjF3z3Ern/?spm_id_from=333.1387.favlist.content.click&vd_source=82c7dc283676ff6ca01b24294b7c8a32,21,BV1jjF3z3Ern,【4K精剪】Why Why Why | 杨博文直拍 | 260201,underthepoplar,2026-02-03 05:55:49,69683,11548,5445,5887,298,247,617,1
2026-07-09 14:01:21,https://www.bilibili.com/video/BV1oJVD6BEEW/?spm_id_from=333.1387.favlist.content.click&vd_source=82c7dc283676ff6ca01b24294b7c8a32,22,BV1oJVD6BEEW,Hey Mama 一分钟solo | 杨博文直拍 | 251228,underthepoplar,2026-06-01 02:16:51,31624,4101,1628,2285,66,76,35,1
2026-07-09 14:01:21,https://www.bilibili.com/video/BV16MbLzPETK/?spm_id_from=333.1387.favlist.content.click&vd_source=82c7dc283676ff6ca01b24294b7c8a32,23,BV16MbLzPETK,这是洋娃娃在给我唱歌吧｜杨博文｜雨爱 4K直拍,WIX99,2025-08-11 18:44:28,4159,644,72,334,3,9,3,1
2026-07-09 14:01:21,https://www.bilibili.com/video/BV1nUFFzSE8W/?spm_id_from=333.337.search-card.all.click&vd_source=c9ba0a78401ac34b07f18808dcb060f8,24,BV1nUFFzSE8W,【4K精剪】第二类我 | 杨博文直拍 | 260201,underthepoplar,2026-02-05 03:45:45,36948,5397,3617,2813,205,205,293,1
2026-07-09 14:01:21,https://www.bilibili.com/video/BV1JFZ4BnEiL/?spm_id_from=333.337.search-card.all.click,25,BV1JFZ4BnEiL,【杨博文4K直拍】《希区考克 作品152》20260131丨澳门·荣耀之战演唱会丨四机位,houRlyRambo丨杨博文,2026-02-15 16:50:03,2932,636,136,140,15,9,15,1
2026-07-09 14:01:21,https://www.bilibili.com/video/BV19k61BQE89/?spm_id_from=333.337.search-card.all.click,26,BV19k61BQE89,【杨博文】跟随少年步伐走进悬疑 <希区考克 作品152 >三机位混剪,61strawberry,2026-01-31 18:26:12,10620,1763,514,1382,50,43,10,1
2026-07-09 14:01:21,https://www.bilibili.com/video/BV1oz61B9ECW/?spm_id_from=333.337.search-card.all.click,27,BV1oz61B9ECW,【杨博文｜4K直拍】《希区考克》好帅的舞台,关键时刻来瓶尖叫,2026-01-31 18:18:47,30724,4094,1771,2544,116,122,192,1
2026-07-09 14:01:21,https://www.bilibili.com/video/BV1EGBCBmEo8/?spm_id_from=333.337.search-card.all.click&vd_source=bdf775a036c61c0159ac2f0c251aaeb7,28,BV1EGBCBmEo8,【杨博文｜4K高清直拍】魅魔级别的《Manta》舞台，看博文如何一yeah封神,关键时刻来瓶尖叫,2025-12-27 23:15:44,760943,11958,9315,10532,5823,945,2304,1
2026-07-09 14:01:21,https://www.bilibili.com/video/BV1s8BvBPEN5/?spm_id_from=333.337.search-card.all.click&vd_source=bdf775a036c61c0159ac2f0c251aaeb7,29,BV1s8BvBPEN5,【杨博文｜4K舞台直拍】好运来祝你好运来～博文宝宝祝你新年好运来,关键时刻来瓶尖叫,2025-12-27 00:43:12,1900675,34061,16551,31814,6908,4002,4642,1
2026-07-09 15:01:43,https://www.bilibili.com/video/BV1A5vkB2E1k/?spm_id_from=333.1387.favlist.content.click&vd_source=bdf775a036c61c0159ac2f0c251aaeb7,0,BV1A5vkB2E1k,【杨博文】Hey Mama六机位纯舞直拍丨15岁舞台统治者的诞生，四代主舞燃炸全场！,Kismet丨杨博文,2025-12-28 22:28:16,2489203,60818,43006,44194,12988,13454,20520,4
2026-07-09 15:01:43,https://www.bilibili.com/video/BV1XA6nBGEPV/?spm_id_from=333.1387.favlist.content.click&vd_source=bdf775a036c61c0159ac2f0c251aaeb7,1,BV1XA6nBGEPV,【4K精剪】希区考克 作品152 | 杨博文直拍 | 260131,underthepoplar,2026-02-01 00:23:17,1921250,22362,21462,19190,9029,3976,6797,1
2026-07-09 15:01:43,https://www.bilibili.com/video/BV15r61BWESJ/?spm_id_from=333.1387.favlist.content.click&vd_source=bdf775a036c61c0159ac2f0c251aaeb7,2,BV15r61BWESJ,【杨博文】希区考克作品152丨双机位直拍 悬疑与张力碰撞 表管拉满 少年锋芒,Kismet丨杨博文,2026-01-31 18:27:40,541422,18477,10858,15583,931,1082,1224,1
2026-07-09 15:01:43,https://www.bilibili.com/video/BV19y61BnEMM/?spm_id_from=333.1387.favlist.content.click&vd_source=bdf775a036c61c0159ac2f0c251aaeb7,3,BV19y61BnEMM,【杨博文】就这个踢腿爽之 连每一根头发丝都在劲舞｜希区考克 作品152 4k双机位横屏直拍,游园会_杨博文,2026-01-31 18:31:31,417640,14821,9597,12558,1175,1513,2299,2
2026-07-09 15:01:43,https://www.bilibili.com/video/BV1M9ePzaELH/?spm_id_from=333.1387.favlist.content.click&vd_source=bdf775a036c61c0159ac2f0c251aaeb7,4,BV1M9ePzaELH,「杨博文｜卡拉永远OK」突发舞台事故？我怎么没看见,Astra_杨博文,2025-08-19 22:15:30,808527,14290,4535,9565,6416,614,516,1
2026-07-09 15:01:43,https://www.bilibili.com/video/BV1pV9GB6E96/?spm_id_from=333.1387.favlist.content.click&vd_source=bdf775a036c61c0159ac2f0c251aaeb7,5,BV1pV9GB6E96,【4K精剪】Guilty | 杨博文直拍 | 250119,underthepoplar,2026-04-01 02:23:39,49463,9046,2965,5337,241,201,204,1
2026-07-09 15:01:43,https://www.bilibili.com/video/BV1vFwNeKER9/?spm_id_from=333.1387.favlist.content.click&vd_source=bdf775a036c61c0159ac2f0c251aaeb7,6,BV1vFwNeKER9,【杨博文】guilty 4k横屏直拍｜夺命34秒，谁都无法拒绝的Legend级别，建议调大音量食用更加,游园会_杨博文,2025-01-18 22:02:36,263410,16463,8044,14260,1084,850,3091,1
2026-07-09 15:01:43,https://www.bilibili.com/video/BV1MGYnzrE9E/?spm_id_from=333.1387.favlist.content.click&vd_source=bdf775a036c61c0159ac2f0c251aaeb7,7,BV1MGYnzrE9E,杨博文跳 《Centuries》帅到窒息！！竖屏4K直拍,Kismet丨杨博文,2025-08-18 02:15:37,263720,12059,6643,7808,562,950,3369,1
2026-07-09 15:01:43,https://www.bilibili.com/video/BV1DZvDBEEjv/?spm_id_from=333.1387.favlist.content.click&vd_source=bdf775a036c61c0159ac2f0c251aaeb7,8,BV1DZvDBEEjv,终于找到了治愈我每一天的秘方 当你一开嗓 哪怕是夕阳也格外绚烂 ｜【杨博文】黄昏晓4k横屏直拍,游园会_杨博文,2026-01-01 20:53:32,24012,4089,712,2664,35,44,178,1
2026-07-09 15:01:43,https://www.bilibili.com/video/BV1owvqBJEkn/?spm_id_from=333.1387.favlist.content.click&vd_source=bdf775a036c61c0159ac2f0c251aaeb7,9,BV1owvqBJEkn,【杨博文｜黄昏晓】 4K直拍,羊圈主,2025-12-28 00:28:04,18058,4364,1028,1653,70,88,256,1
2026-07-09 15:01:43,https://www.bilibili.com/video/BV1eqY6e1Eec/?spm_id_from=333.1387.favlist.content.click&vd_source=bdf775a036c61c0159ac2f0c251aaeb7,10,BV1eqY6e1Eec,【TF家族-杨博文】蔡依林男粉！？你的杨会扭儿上线｜《看我72变》4K直拍,LOST-杨博文,2024-08-13 05:57:43,99681,10018,1637,5638,429,102,321,1
2026-07-09 15:01:43,https://www.bilibili.com/video/BV1r9BeBZEMu/?spm_id_from=333.1387.favlist.content.click&vd_source=bdf775a036c61c0159ac2f0c251aaeb7,11,BV1r9BeBZEMu,【杨博文｜4K舞台直拍】《爱要坦荡荡》，四代主唱贝斯手玩转乐队，好青春洋溢,关键时刻来瓶尖叫,2025-12-27 00:55:22,36188,4773,745,3177,51,52,64,1
2026-07-09 15:01:43,https://www.bilibili.com/video/BV1Lb6tBBEYC/?spm_id_from=333.1387.favlist.content.click&vd_source=bdf775a036c61c0159ac2f0c251aaeb7,12,BV1Lb6tBBEYC,【4K精剪】闭嘴跳舞 | 杨博文直拍 | 260201,underthepoplar,2026-02-02 00:00:55,268178,21870,13164,15928,1892,1671,2811,8
2026-07-09 15:01:43,https://www.bilibili.com/video/BV1mJ64BREZY/?spm_id_from=333.1387.favlist.content.click&vd_source=bdf775a036c61c0159ac2f0c251aaeb7,13,BV1mJ64BREZY,【杨博文】闭嘴跳舞丨当主舞穿上西装就会得到,Kismet丨杨博文,2026-02-01 18:31:00,510365,32049,3537,23035,180,100,425,6
2026-07-09 15:01:43,https://www.bilibili.com/video/BV15M64BPEVo/?spm_id_from=333.1387.favlist.content.click&vd_source=bdf775a036c61c0159ac2f0c251aaeb7,14,BV15M64BPEVo,【杨博文】舞步是我最有力的武器 请调动所有感官和我一同所向披靡｜闭嘴跳舞4k横屏双机位直拍,游园会_杨博文,2026-02-01 20:09:30,51887,7829,1412,4991,56,38,157,1
2026-07-09 15:01:43,https://www.bilibili.com/video/BV1fWYqzTECD/?spm_id_from=333.1387.favlist.content.click&vd_source=bdf775a036c61c0159ac2f0c251aaeb7,15,BV1fWYqzTECD,绝美堕天使下凡了……｜杨博文｜deja vu 4K直拍,WIX99,2025-08-16 22:18:21,13655,2051,584,892,68,44,115,1
2026-07-09 15:01:43,https://www.bilibili.com/video/BV1Bem3B1EcH/?spm_id_from=333.1387.favlist.content.click&vd_source=bdf775a036c61c0159ac2f0c251aaeb7,16,BV1Bem3B1EcH,【杨博文｜4K舞台直拍】怎么黑衣的《Deja vu》也让人看的停不下来呢,关键时刻来瓶尖叫,2025-12-12 21:30:00,12437,1404,159,1249,19,7,1,1
2026-07-09 15:01:43,https://www.bilibili.com/video/BV11kZyByE81/?spm_id_from=333.1387.favlist.content.click&vd_source=bdf775a036c61c0159ac2f0c251aaeb7,17,BV11kZyByE81,【4K精剪】Deja Vu | 杨博文直拍 | 250816 & 250817,underthepoplar,2026-02-17 20:22:24,48521,7207,3138,3416,374,231,207,1
2026-07-09 15:01:43,https://www.bilibili.com/video/BV1J7Awz8EUZ/?spm_id_from=333.1387.favlist.content.click&vd_source=bdf775a036c61c0159ac2f0c251aaeb7,18,BV1J7Awz8EUZ,自测鸡蛋果,喜欢吃鸡蛋果,2026-03-21 16:17:31,1530,0,0,1,1,0,0,1
2026-07-09 15:01:43,https://www.bilibili.com/video/BV1Xm61BEEnt/?spm_id_from=333.1387.favlist.content.click,19,BV1Xm61BEEnt,【杨博文】致命诱惑<希区考克 作品152> 4k 竖版直拍 Focus,Roseate丨杨博文,2026-01-31 17:54:23,48120,7751,3401,2846,207,259,425,1
2026-07-09 15:01:43,https://www.bilibili.com/video/BV1MtFrzLEqw/?spm_id_from=333.1387.favlist.content.click&vd_source=82c7dc283676ff6ca01b24294b7c8a32,20,BV1MtFrzLEqw,【4K】借过一下 | 杨博文直拍 | 260131,underthepoplar,2026-02-06 15:13:06,23109,3606,1459,1792,64,101,213,1
2026-07-09 15:01:43,https://www.bilibili.com/video/BV1jjF3z3Ern/?spm_id_from=333.1387.favlist.content.click&vd_source=82c7dc283676ff6ca01b24294b7c8a32,21,BV1jjF3z3Ern,【4K精剪】Why Why Why | 杨博文直拍 | 260201,underthepoplar,2026-02-03 05:55:49,69699,11548,5445,5887,298,247,617,1
2026-07-09 15:01:43,https://www.bilibili.com/video/BV1oJVD6BEEW/?spm_id_from=333.1387.favlist.content.click&vd_source=82c7dc283676ff6ca01b24294b7c8a32,22,BV1oJVD6BEEW,Hey Mama 一分钟solo | 杨博文直拍 | 251228,underthepoplar,2026-06-01 02:16:51,31670,4104,1628,2286,66,76,35,1
2026-07-09 15:01:43,https://www.bilibili.com/video/BV16MbLzPETK/?spm_id_from=333.1387.favlist.content.click&vd_source=82c7dc283676ff6ca01b24294b7c8a32,23,BV16MbLzPETK,这是洋娃娃在给我唱歌吧｜杨博文｜雨爱 4K直拍,WIX99,2025-08-11 18:44:28,4160,644,72,334,3,9,3,1
2026-07-09 15:01:43,https://www.bilibili.com/video/BV1nUFFzSE8W/?spm_id_from=333.337.search-card.all.click&vd_source=c9ba0a78401ac34b07f18808dcb060f8,24,BV1nUFFzSE8W,【4K精剪】第二类我 | 杨博文直拍 | 260201,underthepoplar,2026-02-05 03:45:45,36964,5400,3618,2817,205,205,293,1
2026-07-09 15:01:43,https://www.bilibili.com/video/BV1JFZ4BnEiL/?spm_id_from=333.337.search-card.all.click,25,BV1JFZ4BnEiL,【杨博文4K直拍】《希区考克 作品152》20260131丨澳门·荣耀之战演唱会丨四机位,houRlyRambo丨杨博文,2026-02-15 16:50:03,2933,636,136,140,15,9,15,1
2026-07-09 15:01:43,https://www.bilibili.com/video/BV19k61BQE89/?spm_id_from=333.337.search-card.all.click,26,BV19k61BQE89,【杨博文】跟随少年步伐走进悬疑 <希区考克 作品152 >三机位混剪,61strawberry,2026-01-31 18:26:12,10623,1764,514,1383,50,43,10,1
2026-07-09 15:01:43,https://www.bilibili.com/video/BV1oz61B9ECW/?spm_id_from=333.337.search-card.all.click,27,BV1oz61B9ECW,【杨博文｜4K直拍】《希区考克》好帅的舞台,关键时刻来瓶尖叫,2026-01-31 18:18:47,30734,4095,1771,2544,116,122,192,1
2026-07-09 15:01:43,https://www.bilibili.com/video/BV1EGBCBmEo8/?spm_id_from=333.337.search-card.all.click&vd_source=bdf775a036c61c0159ac2f0c251aaeb7,28,BV1EGBCBmEo8,【杨博文｜4K高清直拍】魅魔级别的《Manta》舞台，看博文如何一yeah封神,关键时刻来瓶尖叫,2025-12-27 23:15:44,760958,11958,9315,10532,5834,945,2304,1
2026-07-09 15:01:43,https://www.bilibili.com/video/BV1s8BvBPEN5/?spm_id_from=333.337.search-card.all.click&vd_source=bdf775a036c61c0159ac2f0c251aaeb7,29,BV1s8BvBPEN5,【杨博文｜4K舞台直拍】好运来祝你好运来～博文宝宝祝你新年好运来,关键时刻来瓶尖叫,2025-12-27 00:43:12,1900693,34061,16551,31814,6921,4002,4642,1
2026-07-09 16:02:05,https://www.bilibili.com/video/BV1A5vkB2E1k/?spm_id_from=333.1387.favlist.content.click&vd_source=bdf775a036c61c0159ac2f0c251aaeb7,0,BV1A5vkB2E1k,【杨博文】Hey Mama六机位纯舞直拍丨15岁舞台统治者的诞生，四代主舞燃炸全场！,Kismet丨杨博文,2025-12-28 22:28:16,2489300,60823,43006,44194,12995,13454,20520,1
2026-07-09 16:02:05,https://www.bilibili.com/video/BV1XA6nBGEPV/?spm_id_from=333.1387.favlist.content.click&vd_source=bdf775a036c61c0159ac2f0c251aaeb7,1,BV1XA6nBGEPV,【4K精剪】希区考克 作品152 | 杨博文直拍 | 260131,underthepoplar,2026-02-01 00:23:17,1921273,22362,21462,19190,9038,3976,6797,1
2026-07-09 16:02:05,https://www.bilibili.com/video/BV15r61BWESJ/?spm_id_from=333.1387.favlist.content.click&vd_source=bdf775a036c61c0159ac2f0c251aaeb7,2,BV15r61BWESJ,【杨博文】希区考克作品152丨双机位直拍 悬疑与张力碰撞 表管拉满 少年锋芒,Kismet丨杨博文,2026-01-31 18:27:40,541451,18481,10858,15586,931,1082,1224,1
2026-07-09 16:02:05,https://www.bilibili.com/video/BV19y61BnEMM/?spm_id_from=333.1387.favlist.content.click&vd_source=bdf775a036c61c0159ac2f0c251aaeb7,3,BV19y61BnEMM,【杨博文】就这个踢腿爽之 连每一根头发丝都在劲舞｜希区考克 作品152 4k双机位横屏直拍,游园会_杨博文,2026-01-31 18:31:31,417682,14824,9597,12559,1175,1513,2299,1
2026-07-09 16:02:05,https://www.bilibili.com/video/BV1M9ePzaELH/?spm_id_from=333.1387.favlist.content.click&vd_source=bdf775a036c61c0159ac2f0c251aaeb7,4,BV1M9ePzaELH,「杨博文｜卡拉永远OK」突发舞台事故？我怎么没看见,Astra_杨博文,2025-08-19 22:15:30,808540,14290,4535,9565,6425,614,516,1
2026-07-09 16:02:05,https://www.bilibili.com/video/BV1pV9GB6E96/?spm_id_from=333.1387.favlist.content.click&vd_source=bdf775a036c61c0159ac2f0c251aaeb7,5,BV1pV9GB6E96,【4K精剪】Guilty | 杨博文直拍 | 250119,underthepoplar,2026-04-01 02:23:39,49484,9049,2965,5338,241,201,204,1
2026-07-09 16:02:05,https://www.bilibili.com/video/BV1vFwNeKER9/?spm_id_from=333.1387.favlist.content.click&vd_source=bdf775a036c61c0159ac2f0c251aaeb7,6,BV1vFwNeKER9,【杨博文】guilty 4k横屏直拍｜夺命34秒，谁都无法拒绝的Legend级别，建议调大音量食用更加,游园会_杨博文,2025-01-18 22:02:36,263417,16463,8044,14260,1084,850,3091,1
2026-07-09 16:02:05,https://www.bilibili.com/video/BV1MGYnzrE9E/?spm_id_from=333.1387.favlist.content.click&vd_source=bdf775a036c61c0159ac2f0c251aaeb7,7,BV1MGYnzrE9E,杨博文跳 《Centuries》帅到窒息！！竖屏4K直拍,Kismet丨杨博文,2025-08-18 02:15:37,263728,12059,6643,7808,562,950,3369,1
2026-07-09 16:02:05,https://www.bilibili.com/video/BV1DZvDBEEjv/?spm_id_from=333.1387.favlist.content.click&vd_source=bdf775a036c61c0159ac2f0c251aaeb7,8,BV1DZvDBEEjv,终于找到了治愈我每一天的秘方 当你一开嗓 哪怕是夕阳也格外绚烂 ｜【杨博文】黄昏晓4k横屏直拍,游园会_杨博文,2026-01-01 20:53:32,24012,4089,712,2664,35,44,178,1
2026-07-09 16:02:05,https://www.bilibili.com/video/BV1owvqBJEkn/?spm_id_from=333.1387.favlist.content.click&vd_source=bdf775a036c61c0159ac2f0c251aaeb7,9,BV1owvqBJEkn,【杨博文｜黄昏晓】 4K直拍,羊圈主,2025-12-28 00:28:04,18059,4364,1028,1653,70,88,256,1
2026-07-09 16:02:05,https://www.bilibili.com/video/BV1eqY6e1Eec/?spm_id_from=333.1387.favlist.content.click&vd_source=bdf775a036c61c0159ac2f0c251aaeb7,10,BV1eqY6e1Eec,【TF家族-杨博文】蔡依林男粉！？你的杨会扭儿上线｜《看我72变》4K直拍,LOST-杨博文,2024-08-13 05:57:43,99683,10017,1637,5638,429,102,321,1
2026-07-09 16:02:05,https://www.bilibili.com/video/BV1r9BeBZEMu/?spm_id_from=333.1387.favlist.content.click&vd_source=bdf775a036c61c0159ac2f0c251aaeb7,11,BV1r9BeBZEMu,【杨博文｜4K舞台直拍】《爱要坦荡荡》，四代主唱贝斯手玩转乐队，好青春洋溢,关键时刻来瓶尖叫,2025-12-27 00:55:22,36196,4773,745,3177,51,52,64,1
2026-07-09 16:02:05,https://www.bilibili.com/video/BV1Lb6tBBEYC/?spm_id_from=333.1387.favlist.content.click&vd_source=bdf775a036c61c0159ac2f0c251aaeb7,12,BV1Lb6tBBEYC,【4K精剪】闭嘴跳舞 | 杨博文直拍 | 260201,underthepoplar,2026-02-02 00:00:55,268486,21887,13164,15935,1892,1671,2813,8
2026-07-09 16:02:05,https://www.bilibili.com/video/BV1mJ64BREZY/?spm_id_from=333.1387.favlist.content.click&vd_source=bdf775a036c61c0159ac2f0c251aaeb7,13,BV1mJ64BREZY,【杨博文】闭嘴跳舞丨当主舞穿上西装就会得到,Kismet丨杨博文,2026-02-01 18:31:00,510687,32060,3541,23044,180,100,425,5
2026-07-09 16:02:05,https://www.bilibili.com/video/BV15M64BPEVo/?spm_id_from=333.1387.favlist.content.click&vd_source=bdf775a036c61c0159ac2f0c251aaeb7,14,BV15M64BPEVo,【杨博文】舞步是我最有力的武器 请调动所有感官和我一同所向披靡｜闭嘴跳舞4k横屏双机位直拍,游园会_杨博文,2026-02-01 20:09:30,51894,7829,1412,4991,56,38,157,1
2026-07-09 16:02:05,https://www.bilibili.com/video/BV1fWYqzTECD/?spm_id_from=333.1387.favlist.content.click&vd_source=bdf775a036c61c0159ac2f0c251aaeb7,15,BV1fWYqzTECD,绝美堕天使下凡了……｜杨博文｜deja vu 4K直拍,WIX99,2025-08-16 22:18:21,13656,2051,584,892,68,44,115,1
2026-07-09 16:02:05,https://www.bilibili.com/video/BV1Bem3B1EcH/?spm_id_from=333.1387.favlist.content.click&vd_source=bdf775a036c61c0159ac2f0c251aaeb7,16,BV1Bem3B1EcH,【杨博文｜4K舞台直拍】怎么黑衣的《Deja vu》也让人看的停不下来呢,关键时刻来瓶尖叫,2025-12-12 21:30:00,12439,1404,159,1249,19,7,1,1
2026-07-09 16:02:05,https://www.bilibili.com/video/BV11kZyByE81/?spm_id_from=333.1387.favlist.content.click&vd_source=bdf775a036c61c0159ac2f0c251aaeb7,17,BV11kZyByE81,【4K精剪】Deja Vu | 杨博文直拍 | 250816 & 250817,underthepoplar,2026-02-17 20:22:24,48538,7210,3138,3418,375,231,207,1
2026-07-09 16:02:05,https://www.bilibili.com/video/BV1J7Awz8EUZ/?spm_id_from=333.1387.favlist.content.click&vd_source=bdf775a036c61c0159ac2f0c251aaeb7,18,BV1J7Awz8EUZ,自测鸡蛋果,喜欢吃鸡蛋果,2026-03-21 16:17:31,1530,0,0,1,1,0,0,1
2026-07-09 16:02:05,https://www.bilibili.com/video/BV1Xm61BEEnt/?spm_id_from=333.1387.favlist.content.click,19,BV1Xm61BEEnt,【杨博文】致命诱惑<希区考克 作品152> 4k 竖版直拍 Focus,Roseate丨杨博文,2026-01-31 17:54:23,48121,7752,3401,2846,207,259,425,1
2026-07-09 16:02:05,https://www.bilibili.com/video/BV1MtFrzLEqw/?spm_id_from=333.1387.favlist.content.click&vd_source=82c7dc283676ff6ca01b24294b7c8a32,20,BV1MtFrzLEqw,【4K】借过一下 | 杨博文直拍 | 260131,underthepoplar,2026-02-06 15:13:06,23120,3608,1459,1794,64,101,213,1
2026-07-09 16:02:05,https://www.bilibili.com/video/BV1jjF3z3Ern/?spm_id_from=333.1387.favlist.content.click&vd_source=82c7dc283676ff6ca01b24294b7c8a32,21,BV1jjF3z3Ern,【4K精剪】Why Why Why | 杨博文直拍 | 260201,underthepoplar,2026-02-03 05:55:49,69720,11551,5445,5887,298,247,617,2
2026-07-09 16:02:05,https://www.bilibili.com/video/BV1oJVD6BEEW/?spm_id_from=333.1387.favlist.content.click&vd_source=82c7dc283676ff6ca01b24294b7c8a32,22,BV1oJVD6BEEW,Hey Mama 一分钟solo | 杨博文直拍 | 251228,underthepoplar,2026-06-01 02:16:51,31714,4108,1628,2289,66,76,35,1
2026-07-09 16:02:05,https://www.bilibili.com/video/BV16MbLzPETK/?spm_id_from=333.1387.favlist.content.click&vd_source=82c7dc283676ff6ca01b24294b7c8a32,23,BV16MbLzPETK,这是洋娃娃在给我唱歌吧｜杨博文｜雨爱 4K直拍,WIX99,2025-08-11 18:44:28,4161,644,72,334,3,9,3,1
2026-07-09 16:02:05,https://www.bilibili.com/video/BV1nUFFzSE8W/?spm_id_from=333.337.search-card.all.click&vd_source=c9ba0a78401ac34b07f18808dcb060f8,24,BV1nUFFzSE8W,【4K精剪】第二类我 | 杨博文直拍 | 260201,underthepoplar,2026-02-05 03:45:45,36973,5400,3618,2817,206,205,293,1
2026-07-09 16:02:05,https://www.bilibili.com/video/BV1JFZ4BnEiL/?spm_id_from=333.337.search-card.all.click,25,BV1JFZ4BnEiL,【杨博文4K直拍】《希区考克 作品152》20260131丨澳门·荣耀之战演唱会丨四机位,houRlyRambo丨杨博文,2026-02-15 16:50:03,2933,636,136,140,15,9,15,1
2026-07-09 16:02:05,https://www.bilibili.com/video/BV19k61BQE89/?spm_id_from=333.337.search-card.all.click,26,BV19k61BQE89,【杨博文】跟随少年步伐走进悬疑 <希区考克 作品152 >三机位混剪,61strawberry,2026-01-31 18:26:12,10624,1764,514,1384,50,43,10,1
2026-07-09 16:02:05,https://www.bilibili.com/video/BV1oz61B9ECW/?spm_id_from=333.337.search-card.all.click,27,BV1oz61B9ECW,【杨博文｜4K直拍】《希区考克》好帅的舞台,关键时刻来瓶尖叫,2026-01-31 18:18:47,30745,4097,1771,2547,116,122,192,1
2026-07-09 16:02:05,https://www.bilibili.com/video/BV1EGBCBmEo8/?spm_id_from=333.337.search-card.all.click&vd_source=bdf775a036c61c0159ac2f0c251aaeb7,28,BV1EGBCBmEo8,【杨博文｜4K高清直拍】魅魔级别的《Manta》舞台，看博文如何一yeah封神,关键时刻来瓶尖叫,2025-12-27 23:15:44,760970,11958,9315,10532,5844,945,2304,1
2026-07-09 16:02:05,https://www.bilibili.com/video/BV1s8BvBPEN5/?spm_id_from=333.337.search-card.all.click&vd_source=bdf775a036c61c0159ac2f0c251aaeb7,29,BV1s8BvBPEN5,【杨博文｜4K舞台直拍】好运来祝你好运来～博文宝宝祝你新年好运来,关键时刻来瓶尖叫,2025-12-27 00:43:12,1900718,34061,16551,31814,6929,4002,4642,1
2026-07-09 17:02:27,https://www.bilibili.com/video/BV1A5vkB2E1k/?spm_id_from=333.1387.favlist.content.click&vd_source=bdf775a036c61c0159ac2f0c251aaeb7,0,BV1A5vkB2E1k,【杨博文】Hey Mama六机位纯舞直拍丨15岁舞台统治者的诞生，四代主舞燃炸全场！,Kismet丨杨博文,2025-12-28 22:28:16,2489371,60827,43008,44196,13003,13454,20520,3
2026-07-09 17:02:27,https://www.bilibili.com/video/BV1XA6nBGEPV/?spm_id_from=333.1387.favlist.content.click&vd_source=bdf775a036c61c0159ac2f0c251aaeb7,1,BV1XA6nBGEPV,【4K精剪】希区考克 作品152 | 杨博文直拍 | 260131,underthepoplar,2026-02-01 00:23:17,1921295,22364,21462,19191,9047,3976,6797,1
2026-07-09 17:02:27,https://www.bilibili.com/video/BV15r61BWESJ/?spm_id_from=333.1387.favlist.content.click&vd_source=bdf775a036c61c0159ac2f0c251aaeb7,2,BV15r61BWESJ,【杨博文】希区考克作品152丨双机位直拍 悬疑与张力碰撞 表管拉满 少年锋芒,Kismet丨杨博文,2026-01-31 18:27:40,541479,18486,10858,15589,931,1082,1224,1
2026-07-09 17:02:27,https://www.bilibili.com/video/BV19y61BnEMM/?spm_id_from=333.1387.favlist.content.click&vd_source=bdf775a036c61c0159ac2f0c251aaeb7,3,BV19y61BnEMM,【杨博文】就这个踢腿爽之 连每一根头发丝都在劲舞｜希区考克 作品152 4k双机位横屏直拍,游园会_杨博文,2026-01-31 18:31:31,417735,14827,9597,12560,1175,1513,2299,1
2026-07-09 17:02:27,https://www.bilibili.com/video/BV1M9ePzaELH/?spm_id_from=333.1387.favlist.content.click&vd_source=bdf775a036c61c0159ac2f0c251aaeb7,4,BV1M9ePzaELH,「杨博文｜卡拉永远OK」突发舞台事故？我怎么没看见,Astra_杨博文,2025-08-19 22:15:30,808556,14291,4535,9566,6433,614,516,1
2026-07-09 17:02:27,https://www.bilibili.com/video/BV1pV9GB6E96/?spm_id_from=333.1387.favlist.content.click&vd_source=bdf775a036c61c0159ac2f0c251aaeb7,5,BV1pV9GB6E96,【4K精剪】Guilty | 杨博文直拍 | 250119,underthepoplar,2026-04-01 02:23:39,49517,9055,2965,5340,241,201,204,1
2026-07-09 17:02:27,https://www.bilibili.com/video/BV1vFwNeKER9/?spm_id_from=333.1387.favlist.content.click&vd_source=bdf775a036c61c0159ac2f0c251aaeb7,6,BV1vFwNeKER9,【杨博文】guilty 4k横屏直拍｜夺命34秒，谁都无法拒绝的Legend级别，建议调大音量食用更加,游园会_杨博文,2025-01-18 22:02:36,263428,16464,8044,14260,1084,850,3091,1
2026-07-09 17:02:27,https://www.bilibili.com/video/BV1MGYnzrE9E/?spm_id_from=333.1387.favlist.content.click&vd_source=bdf775a036c61c0159ac2f0c251aaeb7,7,BV1MGYnzrE9E,杨博文跳 《Centuries》帅到窒息！！竖屏4K直拍,Kismet丨杨博文,2025-08-18 02:15:37,263734,12060,6643,7809,562,950,3369,1
2026-07-09 17:02:27,https://www.bilibili.com/video/BV1DZvDBEEjv/?spm_id_from=333.1387.favlist.content.click&vd_source=bdf775a036c61c0159ac2f0c251aaeb7,8,BV1DZvDBEEjv,终于找到了治愈我每一天的秘方 当你一开嗓 哪怕是夕阳也格外绚烂 ｜【杨博文】黄昏晓4k横屏直拍,游园会_杨博文,2026-01-01 20:53:32,24012,4089,712,2664,35,44,178,1
2026-07-09 17:02:27,https://www.bilibili.com/video/BV1owvqBJEkn/?spm_id_from=333.1387.favlist.content.click&vd_source=bdf775a036c61c0159ac2f0c251aaeb7,9,BV1owvqBJEkn,【杨博文｜黄昏晓】 4K直拍,羊圈主,2025-12-28 00:28:04,18059,4364,1028,1653,70,88,256,1
2026-07-09 17:02:27,https://www.bilibili.com/video/BV1eqY6e1Eec/?spm_id_from=333.1387.favlist.content.click&vd_source=bdf775a036c61c0159ac2f0c251aaeb7,10,BV1eqY6e1Eec,【TF家族-杨博文】蔡依林男粉！？你的杨会扭儿上线｜《看我72变》4K直拍,LOST-杨博文,2024-08-13 05:57:43,99686,10019,1637,5639,429,102,321,1
2026-07-09 17:02:27,https://www.bilibili.com/video/BV1r9BeBZEMu/?spm_id_from=333.1387.favlist.content.click&vd_source=bdf775a036c61c0159ac2f0c251aaeb7,11,BV1r9BeBZEMu,【杨博文｜4K舞台直拍】《爱要坦荡荡》，四代主唱贝斯手玩转乐队，好青春洋溢,关键时刻来瓶尖叫,2025-12-27 00:55:22,36198,4773,745,3177,51,52,64,1
2026-07-09 17:02:27,https://www.bilibili.com/video/BV1Lb6tBBEYC/?spm_id_from=333.1387.favlist.content.click&vd_source=bdf775a036c61c0159ac2f0c251aaeb7,12,BV1Lb6tBBEYC,【4K精剪】闭嘴跳舞 | 杨博文直拍 | 260201,underthepoplar,2026-02-02 00:00:55,268783,21893,13164,15942,1892,1671,2813,7
2026-07-09 17:02:27,https://www.bilibili.com/video/BV1mJ64BREZY/?spm_id_from=333.1387.favlist.content.click&vd_source=bdf775a036c61c0159ac2f0c251aaeb7,13,BV1mJ64BREZY,【杨博文】闭嘴跳舞丨当主舞穿上西装就会得到,Kismet丨杨博文,2026-02-01 18:31:00,511024,32066,3541,23050,180,100,425,6
2026-07-09 17:02:27,https://www.bilibili.com/video/BV15M64BPEVo/?spm_id_from=333.1387.favlist.content.click&vd_source=bdf775a036c61c0159ac2f0c251aaeb7,14,BV15M64BPEVo,【杨博文】舞步是我最有力的武器 请调动所有感官和我一同所向披靡｜闭嘴跳舞4k横屏双机位直拍,游园会_杨博文,2026-02-01 20:09:30,51905,7831,1412,4992,56,38,157,1
2026-07-09 17:02:27,https://www.bilibili.com/video/BV1fWYqzTECD/?spm_id_from=333.1387.favlist.content.click&vd_source=bdf775a036c61c0159ac2f0c251aaeb7,15,BV1fWYqzTECD,绝美堕天使下凡了……｜杨博文｜deja vu 4K直拍,WIX99,2025-08-16 22:18:21,13657,2051,584,892,68,44,115,1
2026-07-09 17:02:27,https://www.bilibili.com/video/BV1Bem3B1EcH/?spm_id_from=333.1387.favlist.content.click&vd_source=bdf775a036c61c0159ac2f0c251aaeb7,16,BV1Bem3B1EcH,【杨博文｜4K舞台直拍】怎么黑衣的《Deja vu》也让人看的停不下来呢,关键时刻来瓶尖叫,2025-12-12 21:30:00,12441,1404,159,1249,19,7,1,1
2026-07-09 17:02:27,https://www.bilibili.com/video/BV11kZyByE81/?spm_id_from=333.1387.favlist.content.click&vd_source=bdf775a036c61c0159ac2f0c251aaeb7,17,BV11kZyByE81,【4K精剪】Deja Vu | 杨博文直拍 | 250816 & 250817,underthepoplar,2026-02-17 20:22:24,48568,7214,3138,3420,375,231,207,1
2026-07-09 17:02:27,https://www.bilibili.com/video/BV1J7Awz8EUZ/?spm_id_from=333.1387.favlist.content.click&vd_source=bdf775a036c61c0159ac2f0c251aaeb7,18,BV1J7Awz8EUZ,自测鸡蛋果,喜欢吃鸡蛋果,2026-03-21 16:17:31,1530,0,0,1,1,0,0,1
2026-07-09 17:02:27,https://www.bilibili.com/video/BV1Xm61BEEnt/?spm_id_from=333.1387.favlist.content.click,19,BV1Xm61BEEnt,【杨博文】致命诱惑<希区考克 作品152> 4k 竖版直拍 Focus,Roseate丨杨博文,2026-01-31 17:54:23,48122,7752,3401,2846,207,259,425,1
2026-07-09 17:02:27,https://www.bilibili.com/video/BV1MtFrzLEqw/?spm_id_from=333.1387.favlist.content.click&vd_source=82c7dc283676ff6ca01b24294b7c8a32,20,BV1MtFrzLEqw,【4K】借过一下 | 杨博文直拍 | 260131,underthepoplar,2026-02-06 15:13:06,23133,3613,1459,1797,64,101,213,1
2026-07-09 17:02:27,https://www.bilibili.com/video/BV1jjF3z3Ern/?spm_id_from=333.1387.favlist.content.click&vd_source=82c7dc283676ff6ca01b24294b7c8a32,21,BV1jjF3z3Ern,【4K精剪】Why Why Why | 杨博文直拍 | 260201,underthepoplar,2026-02-03 05:55:49,69739,11554,5445,5889,298,247,617,1
2026-07-09 17:02:27,https://www.bilibili.com/video/BV1oJVD6BEEW/?spm_id_from=333.1387.favlist.content.click&vd_source=82c7dc283676ff6ca01b24294b7c8a32,22,BV1oJVD6BEEW,Hey Mama 一分钟solo | 杨博文直拍 | 251228,underthepoplar,2026-06-01 02:16:51,31753,4112,1628,2291,66,76,35,1
2026-07-09 17:02:27,https://www.bilibili.com/video/BV16MbLzPETK/?spm_id_from=333.1387.favlist.content.click&vd_source=82c7dc283676ff6ca01b24294b7c8a32,23,BV16MbLzPETK,这是洋娃娃在给我唱歌吧｜杨博文｜雨爱 4K直拍,WIX99,2025-08-11 18:44:28,4161,644,72,334,3,9,3,1
2026-07-09 17:02:27,https://www.bilibili.com/video/BV1nUFFzSE8W/?spm_id_from=333.337.search-card.all.click&vd_source=c9ba0a78401ac34b07f18808dcb060f8,24,BV1nUFFzSE8W,【4K精剪】第二类我 | 杨博文直拍 | 260201,underthepoplar,2026-02-05 03:45:45,36987,5402,3618,2818,206,205,293,3
2026-07-09 17:02:27,https://www.bilibili.com/video/BV1JFZ4BnEiL/?spm_id_from=333.337.search-card.all.click,25,BV1JFZ4BnEiL,【杨博文4K直拍】《希区考克 作品152》20260131丨澳门·荣耀之战演唱会丨四机位,houRlyRambo丨杨博文,2026-02-15 16:50:03,2934,636,136,140,15,9,15,1
2026-07-09 17:02:27,https://www.bilibili.com/video/BV19k61BQE89/?spm_id_from=333.337.search-card.all.click,26,BV19k61BQE89,【杨博文】跟随少年步伐走进悬疑 <希区考克 作品152 >三机位混剪,61strawberry,2026-01-31 18:26:12,10627,1764,514,1384,50,43,10,1
2026-07-09 17:02:27,https://www.bilibili.com/video/BV1oz61B9ECW/?spm_id_from=333.337.search-card.all.click,27,BV1oz61B9ECW,【杨博文｜4K直拍】《希区考克》好帅的舞台,关键时刻来瓶尖叫,2026-01-31 18:18:47,30752,4099,1773,2547,116,122,192,1
2026-07-09 17:02:27,https://www.bilibili.com/video/BV1EGBCBmEo8/?spm_id_from=333.337.search-card.all.click&vd_source=bdf775a036c61c0159ac2f0c251aaeb7,28,BV1EGBCBmEo8,【杨博文｜4K高清直拍】魅魔级别的《Manta》舞台，看博文如何一yeah封神,关键时刻来瓶尖叫,2025-12-27 23:15:44,760985,11958,9315,10532,5851,945,2304,1
2026-07-09 17:02:27,https://www.bilibili.com/video/BV1s8BvBPEN5/?spm_id_from=333.337.search-card.all.click&vd_source=bdf775a036c61c0159ac2f0c251aaeb7,29,BV1s8BvBPEN5,【杨博文｜4K舞台直拍】好运来祝你好运来～博文宝宝祝你新年好运来,关键时刻来瓶尖叫,2025-12-27 00:43:12,1900749,34063,16553,31814,6937,4002,4642,1
2026-07-09 18:02:48,https://www.bilibili.com/video/BV1A5vkB2E1k/?spm_id_from=333.1387.favlist.content.click&vd_source=bdf775a036c61c0159ac2f0c251aaeb7,0,BV1A5vkB2E1k,【杨博文】Hey Mama六机位纯舞直拍丨15岁舞台统治者的诞生，四代主舞燃炸全场！,Kismet丨杨博文,2025-12-28 22:28:16,2489451,60830,43008,44199,13003,13455,20522,1
2026-07-09 18:02:48,https://www.bilibili.com/video/BV1XA6nBGEPV/?spm_id_from=333.1387.favlist.content.click&vd_source=bdf775a036c61c0159ac2f0c251aaeb7,1,BV1XA6nBGEPV,【4K精剪】希区考克 作品152 | 杨博文直拍 | 260131,underthepoplar,2026-02-01 00:23:17,1921305,22365,21462,19190,9047,3976,6797,1
2026-07-09 18:02:48,https://www.bilibili.com/video/BV15r61BWESJ/?spm_id_from=333.1387.favlist.content.click&vd_source=bdf775a036c61c0159ac2f0c251aaeb7,2,BV15r61BWESJ,【杨博文】希区考克作品152丨双机位直拍 悬疑与张力碰撞 表管拉满 少年锋芒,Kismet丨杨博文,2026-01-31 18:27:40,541507,18491,10858,15592,931,1082,1224,1
2026-07-09 18:02:48,https://www.bilibili.com/video/BV19y61BnEMM/?spm_id_from=333.1387.favlist.content.click&vd_source=bdf775a036c61c0159ac2f0c251aaeb7,3,BV19y61BnEMM,【杨博文】就这个踢腿爽之 连每一根头发丝都在劲舞｜希区考克 作品152 4k双机位横屏直拍,游园会_杨博文,2026-01-31 18:31:31,417794,14837,9597,12565,1175,1513,2299,1
2026-07-09 18:02:48,https://www.bilibili.com/video/BV1M9ePzaELH/?spm_id_from=333.1387.favlist.content.click&vd_source=bdf775a036c61c0159ac2f0c251aaeb7,4,BV1M9ePzaELH,「杨博文｜卡拉永远OK」突发舞台事故？我怎么没看见,Astra_杨博文,2025-08-19 22:15:30,808563,14291,4535,9566,6433,614,516,1
2026-07-09 18:02:48,https://www.bilibili.com/video/BV1pV9GB6E96/?spm_id_from=333.1387.favlist.content.click&vd_source=bdf775a036c61c0159ac2f0c251aaeb7,5,BV1pV9GB6E96,【4K精剪】Guilty | 杨博文直拍 | 250119,underthepoplar,2026-04-01 02:23:39,49558,9059,2967,5343,241,202,204,1
2026-07-09 18:02:48,https://www.bilibili.com/video/BV1vFwNeKER9/?spm_id_from=333.1387.favlist.content.click&vd_source=bdf775a036c61c0159ac2f0c251aaeb7,6,BV1vFwNeKER9,【杨博文】guilty 4k横屏直拍｜夺命34秒，谁都无法拒绝的Legend级别，建议调大音量食用更加,游园会_杨博文,2025-01-18 22:02:36,263436,16464,8044,14258,1084,850,3091,1
2026-07-09 18:02:48,https://www.bilibili.com/video/BV1MGYnzrE9E/?spm_id_from=333.1387.favlist.content.click&vd_source=bdf775a036c61c0159ac2f0c251aaeb7,7,BV1MGYnzrE9E,杨博文跳 《Centuries》帅到窒息！！竖屏4K直拍,Kismet丨杨博文,2025-08-18 02:15:37,263742,12061,6643,7810,562,950,3369,1
2026-07-09 18:02:48,https://www.bilibili.com/video/BV1DZvDBEEjv/?spm_id_from=333.1387.favlist.content.click&vd_source=bdf775a036c61c0159ac2f0c251aaeb7,8,BV1DZvDBEEjv,终于找到了治愈我每一天的秘方 当你一开嗓 哪怕是夕阳也格外绚烂 ｜【杨博文】黄昏晓4k横屏直拍,游园会_杨博文,2026-01-01 20:53:32,24014,4089,712,2664,35,44,178,1
2026-07-09 18:02:48,https://www.bilibili.com/video/BV1owvqBJEkn/?spm_id_from=333.1387.favlist.content.click&vd_source=bdf775a036c61c0159ac2f0c251aaeb7,9,BV1owvqBJEkn,【杨博文｜黄昏晓】 4K直拍,羊圈主,2025-12-28 00:28:04,18059,4364,1028,1653,70,88,256,1
2026-07-09 18:02:48,https://www.bilibili.com/video/BV1eqY6e1Eec/?spm_id_from=333.1387.favlist.content.click&vd_source=bdf775a036c61c0159ac2f0c251aaeb7,10,BV1eqY6e1Eec,【TF家族-杨博文】蔡依林男粉！？你的杨会扭儿上线｜《看我72变》4K直拍,LOST-杨博文,2024-08-13 05:57:43,99687,10019,1637,5639,429,102,321,1
2026-07-09 18:02:48,https://www.bilibili.com/video/BV1r9BeBZEMu/?spm_id_from=333.1387.favlist.content.click&vd_source=bdf775a036c61c0159ac2f0c251aaeb7,11,BV1r9BeBZEMu,【杨博文｜4K舞台直拍】《爱要坦荡荡》，四代主唱贝斯手玩转乐队，好青春洋溢,关键时刻来瓶尖叫,2025-12-27 00:55:22,36201,4773,745,3177,51,52,64,1
2026-07-09 18:02:48,https://www.bilibili.com/video/BV1Lb6tBBEYC/?spm_id_from=333.1387.favlist.content.click&vd_source=bdf775a036c61c0159ac2f0c251aaeb7,12,BV1Lb6tBBEYC,【4K精剪】闭嘴跳舞 | 杨博文直拍 | 260201,underthepoplar,2026-02-02 00:00:55,269047,21904,13164,15951,1892,1671,2815,2
2026-07-09 18:02:48,https://www.bilibili.com/video/BV1mJ64BREZY/?spm_id_from=333.1387.favlist.content.click&vd_source=bdf775a036c61c0159ac2f0c251aaeb7,13,BV1mJ64BREZY,【杨博文】闭嘴跳舞丨当主舞穿上西装就会得到,Kismet丨杨博文,2026-02-01 18:31:00,511329,32071,3541,23056,180,100,425,8
2026-07-09 18:02:48,https://www.bilibili.com/video/BV15M64BPEVo/?spm_id_from=333.1387.favlist.content.click&vd_source=bdf775a036c61c0159ac2f0c251aaeb7,14,BV15M64BPEVo,【杨博文】舞步是我最有力的武器 请调动所有感官和我一同所向披靡｜闭嘴跳舞4k横屏双机位直拍,游园会_杨博文,2026-02-01 20:09:30,51914,7831,1412,4992,56,38,157,1
2026-07-09 18:02:48,https://www.bilibili.com/video/BV1fWYqzTECD/?spm_id_from=333.1387.favlist.content.click&vd_source=bdf775a036c61c0159ac2f0c251aaeb7,15,BV1fWYqzTECD,绝美堕天使下凡了……｜杨博文｜deja vu 4K直拍,WIX99,2025-08-16 22:18:21,13659,2051,584,892,68,44,115,1
2026-07-09 18:02:48,https://www.bilibili.com/video/BV1Bem3B1EcH/?spm_id_from=333.1387.favlist.content.click&vd_source=bdf775a036c61c0159ac2f0c251aaeb7,16,BV1Bem3B1EcH,【杨博文｜4K舞台直拍】怎么黑衣的《Deja vu》也让人看的停不下来呢,关键时刻来瓶尖叫,2025-12-12 21:30:00,12446,1404,159,1249,19,7,1,1
2026-07-09 18:02:48,https://www.bilibili.com/video/BV11kZyByE81/?spm_id_from=333.1387.favlist.content.click&vd_source=bdf775a036c61c0159ac2f0c251aaeb7,17,BV11kZyByE81,【4K精剪】Deja Vu | 杨博文直拍 | 250816 & 250817,underthepoplar,2026-02-17 20:22:24,48593,7217,3138,3421,375,231,207,1
2026-07-09 18:02:48,https://www.bilibili.com/video/BV1J7Awz8EUZ/?spm_id_from=333.1387.favlist.content.click&vd_source=bdf775a036c61c0159ac2f0c251aaeb7,18,BV1J7Awz8EUZ,自测鸡蛋果,喜欢吃鸡蛋果,2026-03-21 16:17:31,1530,0,0,1,1,0,0,1
2026-07-09 18:02:48,https://www.bilibili.com/video/BV1Xm61BEEnt/?spm_id_from=333.1387.favlist.content.click,19,BV1Xm61BEEnt,【杨博文】致命诱惑<希区考克 作品152> 4k 竖版直拍 Focus,Roseate丨杨博文,2026-01-31 17:54:23,48124,7753,3401,2846,207,259,425,1
2026-07-09 18:02:48,https://www.bilibili.com/video/BV1MtFrzLEqw/?spm_id_from=333.1387.favlist.content.click&vd_source=82c7dc283676ff6ca01b24294b7c8a32,20,BV1MtFrzLEqw,【4K】借过一下 | 杨博文直拍 | 260131,underthepoplar,2026-02-06 15:13:06,23147,3615,1459,1798,64,101,213,1
2026-07-09 18:02:48,https://www.bilibili.com/video/BV1jjF3z3Ern/?spm_id_from=333.1387.favlist.content.click&vd_source=82c7dc283676ff6ca01b24294b7c8a32,21,BV1jjF3z3Ern,【4K精剪】Why Why Why | 杨博文直拍 | 260201,underthepoplar,2026-02-03 05:55:49,69761,11559,5445,5892,298,247,617,1
2026-07-09 18:02:48,https://www.bilibili.com/video/BV1oJVD6BEEW/?spm_id_from=333.1387.favlist.content.click&vd_source=82c7dc283676ff6ca01b24294b7c8a32,22,BV1oJVD6BEEW,Hey Mama 一分钟solo | 杨博文直拍 | 251228,underthepoplar,2026-06-01 02:16:51,31797,4117,1628,2296,66,76,35,1
2026-07-09 18:02:48,https://www.bilibili.com/video/BV16MbLzPETK/?spm_id_from=333.1387.favlist.content.click&vd_source=82c7dc283676ff6ca01b24294b7c8a32,23,BV16MbLzPETK,这是洋娃娃在给我唱歌吧｜杨博文｜雨爱 4K直拍,WIX99,2025-08-11 18:44:28,4161,644,72,334,3,9,3,1
2026-07-09 18:02:48,https://www.bilibili.com/video/BV1nUFFzSE8W/?spm_id_from=333.337.search-card.all.click&vd_source=c9ba0a78401ac34b07f18808dcb060f8,24,BV1nUFFzSE8W,【4K精剪】第二类我 | 杨博文直拍 | 260201,underthepoplar,2026-02-05 03:45:45,37003,5404,3618,2818,206,205,293,1
2026-07-09 18:02:48,https://www.bilibili.com/video/BV1JFZ4BnEiL/?spm_id_from=333.337.search-card.all.click,25,BV1JFZ4BnEiL,【杨博文4K直拍】《希区考克 作品152》20260131丨澳门·荣耀之战演唱会丨四机位,houRlyRambo丨杨博文,2026-02-15 16:50:03,2934,636,136,140,15,9,15,1
2026-07-09 18:02:48,https://www.bilibili.com/video/BV19k61BQE89/?spm_id_from=333.337.search-card.all.click,26,BV19k61BQE89,【杨博文】跟随少年步伐走进悬疑 <希区考克 作品152 >三机位混剪,61strawberry,2026-01-31 18:26:12,10631,1764,514,1384,50,43,10,1
2026-07-09 18:02:48,https://www.bilibili.com/video/BV1oz61B9ECW/?spm_id_from=333.337.search-card.all.click,27,BV1oz61B9ECW,【杨博文｜4K直拍】《希区考克》好帅的舞台,关键时刻来瓶尖叫,2026-01-31 18:18:47,30758,4100,1773,2548,116,122,192,1
2026-07-09 18:02:48,https://www.bilibili.com/video/BV1EGBCBmEo8/?spm_id_from=333.337.search-card.all.click&vd_source=bdf775a036c61c0159ac2f0c251aaeb7,28,BV1EGBCBmEo8,【杨博文｜4K高清直拍】魅魔级别的《Manta》舞台，看博文如何一yeah封神,关键时刻来瓶尖叫,2025-12-27 23:15:44,760991,11958,9315,10532,5851,945,2304,1
2026-07-09 18:02:48,https://www.bilibili.com/video/BV1s8BvBPEN5/?spm_id_from=333.337.search-card.all.click&vd_source=bdf775a036c61c0159ac2f0c251aaeb7,29,BV1s8BvBPEN5,【杨博文｜4K舞台直拍】好运来祝你好运来～博文宝宝祝你新年好运来,关键时刻来瓶尖叫,2025-12-27 00:43:12,1900772,34064,16553,31815,6937,4002,4643,1
2026-07-09 19:03:10,https://www.bilibili.com/video/BV1A5vkB2E1k/?spm_id_from=333.1387.favlist.content.click&vd_source=bdf775a036c61c0159ac2f0c251aaeb7,0,BV1A5vkB2E1k,【杨博文】Hey Mama六机位纯舞直拍丨15岁舞台统治者的诞生，四代主舞燃炸全场！,Kismet丨杨博文,2025-12-28 22:28:16,2489526,60834,43010,44203,13010,13455,20524,4
2026-07-09 19:03:10,https://www.bilibili.com/video/BV1XA6nBGEPV/?spm_id_from=333.1387.favlist.content.click&vd_source=bdf775a036c61c0159ac2f0c251aaeb7,1,BV1XA6nBGEPV,【4K精剪】希区考克 作品152 | 杨博文直拍 | 260131,underthepoplar,2026-02-01 00:23:17,1921331,22366,21462,19192,9056,3977,6798,1
2026-07-09 19:03:10,https://www.bilibili.com/video/BV15r61BWESJ/?spm_id_from=333.1387.favlist.content.click&vd_source=bdf775a036c61c0159ac2f0c251aaeb7,2,BV15r61BWESJ,【杨博文】希区考克作品152丨双机位直拍 悬疑与张力碰撞 表管拉满 少年锋芒,Kismet丨杨博文,2026-01-31 18:27:40,541531,18493,10858,15594,931,1082,1224,1
2026-07-09 19:03:10,https://www.bilibili.com/video/BV19y61BnEMM/?spm_id_from=333.1387.favlist.content.click&vd_source=bdf775a036c61c0159ac2f0c251aaeb7,3,BV19y61BnEMM,【杨博文】就这个踢腿爽之 连每一根头发丝都在劲舞｜希区考克 作品152 4k双机位横屏直拍,游园会_杨博文,2026-01-31 18:31:31,417831,14842,9597,12568,1175,1513,2299,1
2026-07-09 19:03:10,https://www.bilibili.com/video/BV1M9ePzaELH/?spm_id_from=333.1387.favlist.content.click&vd_source=bdf775a036c61c0159ac2f0c251aaeb7,4,BV1M9ePzaELH,「杨博文｜卡拉永远OK」突发舞台事故？我怎么没看见,Astra_杨博文,2025-08-19 22:15:30,808576,14292,4535,9567,6441,614,516,1
2026-07-09 19:03:10,https://www.bilibili.com/video/BV1pV9GB6E96/?spm_id_from=333.1387.favlist.content.click&vd_source=bdf775a036c61c0159ac2f0c251aaeb7,5,BV1pV9GB6E96,【4K精剪】Guilty | 杨博文直拍 | 250119,underthepoplar,2026-04-01 02:23:39,49592,9061,2967,5345,241,202,204,1
2026-07-09 19:03:10,https://www.bilibili.com/video/BV1vFwNeKER9/?spm_id_from=333.1387.favlist.content.click&vd_source=bdf775a036c61c0159ac2f0c251aaeb7,6,BV1vFwNeKER9,【杨博文】guilty 4k横屏直拍｜夺命34秒，谁都无法拒绝的Legend级别，建议调大音量食用更加,游园会_杨博文,2025-01-18 22:02:36,263440,16465,8046,14258,1084,850,3091,1
2026-07-09 19:03:10,https://www.bilibili.com/video/BV1MGYnzrE9E/?spm_id_from=333.1387.favlist.content.click&vd_source=bdf775a036c61c0159ac2f0c251aaeb7,7,BV1MGYnzrE9E,杨博文跳 《Centuries》帅到窒息！！竖屏4K直拍,Kismet丨杨博文,2025-08-18 02:15:37,263743,12061,6643,7810,562,950,3369,1
2026-07-09 19:03:10,https://www.bilibili.com/video/BV1DZvDBEEjv/?spm_id_from=333.1387.favlist.content.click&vd_source=bdf775a036c61c0159ac2f0c251aaeb7,8,BV1DZvDBEEjv,终于找到了治愈我每一天的秘方 当你一开嗓 哪怕是夕阳也格外绚烂 ｜【杨博文】黄昏晓4k横屏直拍,游园会_杨博文,2026-01-01 20:53:32,24016,4089,712,2664,35,44,178,1
2026-07-09 19:03:10,https://www.bilibili.com/video/BV1owvqBJEkn/?spm_id_from=333.1387.favlist.content.click&vd_source=bdf775a036c61c0159ac2f0c251aaeb7,9,BV1owvqBJEkn,【杨博文｜黄昏晓】 4K直拍,羊圈主,2025-12-28 00:28:04,18060,4364,1028,1653,70,88,256,1
2026-07-09 19:03:10,https://www.bilibili.com/video/BV1eqY6e1Eec/?spm_id_from=333.1387.favlist.content.click&vd_source=bdf775a036c61c0159ac2f0c251aaeb7,10,BV1eqY6e1Eec,【TF家族-杨博文】蔡依林男粉！？你的杨会扭儿上线｜《看我72变》4K直拍,LOST-杨博文,2024-08-13 05:57:43,99691,10018,1637,5639,429,102,321,1
2026-07-09 19:03:10,https://www.bilibili.com/video/BV1r9BeBZEMu/?spm_id_from=333.1387.favlist.content.click&vd_source=bdf775a036c61c0159ac2f0c251aaeb7,11,BV1r9BeBZEMu,【杨博文｜4K舞台直拍】《爱要坦荡荡》，四代主唱贝斯手玩转乐队，好青春洋溢,关键时刻来瓶尖叫,2025-12-27 00:55:22,36202,4773,745,3177,51,52,64,1
2026-07-09 19:03:10,https://www.bilibili.com/video/BV1Lb6tBBEYC/?spm_id_from=333.1387.favlist.content.click&vd_source=bdf775a036c61c0159ac2f0c251aaeb7,12,BV1Lb6tBBEYC,【4K精剪】闭嘴跳舞 | 杨博文直拍 | 260201,underthepoplar,2026-02-02 00:00:55,269233,21908,13166,15959,1892,1671,2815,3
2026-07-09 19:03:10,https://www.bilibili.com/video/BV1mJ64BREZY/?spm_id_from=333.1387.favlist.content.click&vd_source=bdf775a036c61c0159ac2f0c251aaeb7,13,BV1mJ64BREZY,【杨博文】闭嘴跳舞丨当主舞穿上西装就会得到,Kismet丨杨博文,2026-02-01 18:31:00,511546,32079,3541,23065,180,100,425,4
2026-07-09 19:03:10,https://www.bilibili.com/video/BV15M64BPEVo/?spm_id_from=333.1387.favlist.content.click&vd_source=bdf775a036c61c0159ac2f0c251aaeb7,14,BV15M64BPEVo,【杨博文】舞步是我最有力的武器 请调动所有感官和我一同所向披靡｜闭嘴跳舞4k横屏双机位直拍,游园会_杨博文,2026-02-01 20:09:30,51925,7833,1412,4993,56,38,157,1
2026-07-09 19:03:10,https://www.bilibili.com/video/BV1fWYqzTECD/?spm_id_from=333.1387.favlist.content.click&vd_source=bdf775a036c61c0159ac2f0c251aaeb7,15,BV1fWYqzTECD,绝美堕天使下凡了……｜杨博文｜deja vu 4K直拍,WIX99,2025-08-16 22:18:21,13662,2052,584,892,68,44,115,1
2026-07-09 19:03:10,https://www.bilibili.com/video/BV1Bem3B1EcH/?spm_id_from=333.1387.favlist.content.click&vd_source=bdf775a036c61c0159ac2f0c251aaeb7,16,BV1Bem3B1EcH,【杨博文｜4K舞台直拍】怎么黑衣的《Deja vu》也让人看的停不下来呢,关键时刻来瓶尖叫,2025-12-12 21:30:00,12448,1405,159,1249,19,7,1,1
2026-07-09 19:03:10,https://www.bilibili.com/video/BV11kZyByE81/?spm_id_from=333.1387.favlist.content.click&vd_source=bdf775a036c61c0159ac2f0c251aaeb7,17,BV11kZyByE81,【4K精剪】Deja Vu | 杨博文直拍 | 250816 & 250817,underthepoplar,2026-02-17 20:22:24,48611,7221,3140,3422,375,231,207,1
2026-07-09 19:03:10,https://www.bilibili.com/video/BV1J7Awz8EUZ/?spm_id_from=333.1387.favlist.content.click&vd_source=bdf775a036c61c0159ac2f0c251aaeb7,18,BV1J7Awz8EUZ,自测鸡蛋果,喜欢吃鸡蛋果,2026-03-21 16:17:31,1530,0,0,1,1,0,0,1
2026-07-09 19:03:10,https://www.bilibili.com/video/BV1Xm61BEEnt/?spm_id_from=333.1387.favlist.content.click,19,BV1Xm61BEEnt,【杨博文】致命诱惑<希区考克 作品152> 4k 竖版直拍 Focus,Roseate丨杨博文,2026-01-31 17:54:23,48130,7754,3401,2846,208,259,425,1
2026-07-09 19:03:10,https://www.bilibili.com/video/BV1MtFrzLEqw/?spm_id_from=333.1387.favlist.content.click&vd_source=82c7dc283676ff6ca01b24294b7c8a32,20,BV1MtFrzLEqw,【4K】借过一下 | 杨博文直拍 | 260131,underthepoplar,2026-02-06 15:13:06,23159,3621,1459,1801,64,101,213,1
2026-07-09 19:03:10,https://www.bilibili.com/video/BV1jjF3z3Ern/?spm_id_from=333.1387.favlist.content.click&vd_source=82c7dc283676ff6ca01b24294b7c8a32,21,BV1jjF3z3Ern,【4K精剪】Why Why Why | 杨博文直拍 | 260201,underthepoplar,2026-02-03 05:55:49,69779,11561,5445,5894,298,247,617,1
2026-07-09 19:03:10,https://www.bilibili.com/video/BV1oJVD6BEEW/?spm_id_from=333.1387.favlist.content.click&vd_source=82c7dc283676ff6ca01b24294b7c8a32,22,BV1oJVD6BEEW,Hey Mama 一分钟solo | 杨博文直拍 | 251228,underthepoplar,2026-06-01 02:16:51,31861,4124,1628,2302,66,76,35,1
2026-07-09 19:03:10,https://www.bilibili.com/video/BV16MbLzPETK/?spm_id_from=333.1387.favlist.content.click&vd_source=82c7dc283676ff6ca01b24294b7c8a32,23,BV16MbLzPETK,这是洋娃娃在给我唱歌吧｜杨博文｜雨爱 4K直拍,WIX99,2025-08-11 18:44:28,4162,644,72,334,3,9,3,1
2026-07-09 19:03:10,https://www.bilibili.com/video/BV1nUFFzSE8W/?spm_id_from=333.337.search-card.all.click&vd_source=c9ba0a78401ac34b07f18808dcb060f8,24,BV1nUFFzSE8W,【4K精剪】第二类我 | 杨博文直拍 | 260201,underthepoplar,2026-02-05 03:45:45,37012,5406,3618,2818,206,205,293,1
2026-07-09 19:03:10,https://www.bilibili.com/video/BV1JFZ4BnEiL/?spm_id_from=333.337.search-card.all.click,25,BV1JFZ4BnEiL,【杨博文4K直拍】《希区考克 作品152》20260131丨澳门·荣耀之战演唱会丨四机位,houRlyRambo丨杨博文,2026-02-15 16:50:03,2934,636,136,140,15,9,15,1
2026-07-09 19:03:10,https://www.bilibili.com/video/BV19k61BQE89/?spm_id_from=333.337.search-card.all.click,26,BV19k61BQE89,【杨博文】跟随少年步伐走进悬疑 <希区考克 作品152 >三机位混剪,61strawberry,2026-01-31 18:26:12,10635,1765,514,1385,50,43,10,1
2026-07-09 19:03:10,https://www.bilibili.com/video/BV1oz61B9ECW/?spm_id_from=333.337.search-card.all.click,27,BV1oz61B9ECW,【杨博文｜4K直拍】《希区考克》好帅的舞台,关键时刻来瓶尖叫,2026-01-31 18:18:47,30765,4101,1773,2548,116,122,192,1
2026-07-09 19:03:10,https://www.bilibili.com/video/BV1EGBCBmEo8/?spm_id_from=333.337.search-card.all.click&vd_source=bdf775a036c61c0159ac2f0c251aaeb7,28,BV1EGBCBmEo8,【杨博文｜4K高清直拍】魅魔级别的《Manta》舞台，看博文如何一yeah封神,关键时刻来瓶尖叫,2025-12-27 23:15:44,760999,11958,9315,10532,5859,945,2304,1
2026-07-09 19:03:10,https://www.bilibili.com/video/BV1s8BvBPEN5/?spm_id_from=333.337.search-card.all.click&vd_source=bdf775a036c61c0159ac2f0c251aaeb7,29,BV1s8BvBPEN5,【杨博文｜4K舞台直拍】好运来祝你好运来～博文宝宝祝你新年好运来,关键时刻来瓶尖叫,2025-12-27 00:43:12,1900795,34064,16553,31815,6945,4002,4643,1
2026-07-09 20:03:31,https://www.bilibili.com/video/BV1A5vkB2E1k/?spm_id_from=333.1387.favlist.content.click&vd_source=bdf775a036c61c0159ac2f0c251aaeb7,0,BV1A5vkB2E1k,【杨博文】Hey Mama六机位纯舞直拍丨15岁舞台统治者的诞生，四代主舞燃炸全场！,Kismet丨杨博文,2025-12-28 22:28:16,2489622,60841,43014,44206,13017,13455,20528,1
2026-07-09 20:03:31,https://www.bilibili.com/video/BV1XA6nBGEPV/?spm_id_from=333.1387.favlist.content.click&vd_source=bdf775a036c61c0159ac2f0c251aaeb7,1,BV1XA6nBGEPV,【4K精剪】希区考克 作品152 | 杨博文直拍 | 260131,underthepoplar,2026-02-01 00:23:17,1921366,22366,21462,19191,9065,3977,6798,2
2026-07-09 20:03:31,https://www.bilibili.com/video/BV15r61BWESJ/?spm_id_from=333.1387.favlist.content.click&vd_source=bdf775a036c61c0159ac2f0c251aaeb7,2,BV15r61BWESJ,【杨博文】希区考克作品152丨双机位直拍 悬疑与张力碰撞 表管拉满 少年锋芒,Kismet丨杨博文,2026-01-31 18:27:40,541565,18495,10858,15596,931,1082,1224,1
2026-07-09 20:03:31,https://www.bilibili.com/video/BV19y61BnEMM/?spm_id_from=333.1387.favlist.content.click&vd_source=bdf775a036c61c0159ac2f0c251aaeb7,3,BV19y61BnEMM,【杨博文】就这个踢腿爽之 连每一根头发丝都在劲舞｜希区考克 作品152 4k双机位横屏直拍,游园会_杨博文,2026-01-31 18:31:31,417877,14848,9599,12570,1175,1513,2299,1
2026-07-09 20:03:31,https://www.bilibili.com/video/BV1M9ePzaELH/?spm_id_from=333.1387.favlist.content.click&vd_source=bdf775a036c61c0159ac2f0c251aaeb7,4,BV1M9ePzaELH,「杨博文｜卡拉永远OK」突发舞台事故？我怎么没看见,Astra_杨博文,2025-08-19 22:15:30,808594,14292,4535,9566,6449,614,516,1
2026-07-09 20:03:31,https://www.bilibili.com/video/BV1pV9GB6E96/?spm_id_from=333.1387.favlist.content.click&vd_source=bdf775a036c61c0159ac2f0c251aaeb7,5,BV1pV9GB6E96,【4K精剪】Guilty | 杨博文直拍 | 250119,underthepoplar,2026-04-01 02:23:39,49628,9062,2967,5346,241,202,204,2
2026-07-09 20:03:31,https://www.bilibili.com/video/BV1vFwNeKER9/?spm_id_from=333.1387.favlist.content.click&vd_source=bdf775a036c61c0159ac2f0c251aaeb7,6,BV1vFwNeKER9,【杨博文】guilty 4k横屏直拍｜夺命34秒，谁都无法拒绝的Legend级别，建议调大音量食用更加,游园会_杨博文,2025-01-18 22:02:36,263452,16466,8046,14258,1084,850,3091,1
2026-07-09 20:03:31,https://www.bilibili.com/video/BV1MGYnzrE9E/?spm_id_from=333.1387.favlist.content.click&vd_source=bdf775a036c61c0159ac2f0c251aaeb7,7,BV1MGYnzrE9E,杨博文跳 《Centuries》帅到窒息！！竖屏4K直拍,Kismet丨杨博文,2025-08-18 02:15:37,263744,12061,6643,7810,562,950,3369,1
2026-07-09 20:03:31,https://www.bilibili.com/video/BV1DZvDBEEjv/?spm_id_from=333.1387.favlist.content.click&vd_source=bdf775a036c61c0159ac2f0c251aaeb7,8,BV1DZvDBEEjv,终于找到了治愈我每一天的秘方 当你一开嗓 哪怕是夕阳也格外绚烂 ｜【杨博文】黄昏晓4k横屏直拍,游园会_杨博文,2026-01-01 20:53:32,24017,4089,712,2664,35,44,178,1
2026-07-09 20:03:31,https://www.bilibili.com/video/BV1owvqBJEkn/?spm_id_from=333.1387.favlist.content.click&vd_source=bdf775a036c61c0159ac2f0c251aaeb7,9,BV1owvqBJEkn,【杨博文｜黄昏晓】 4K直拍,羊圈主,2025-12-28 00:28:04,18060,4364,1028,1653,70,88,256,1
2026-07-09 20:03:31,https://www.bilibili.com/video/BV1eqY6e1Eec/?spm_id_from=333.1387.favlist.content.click&vd_source=bdf775a036c61c0159ac2f0c251aaeb7,10,BV1eqY6e1Eec,【TF家族-杨博文】蔡依林男粉！？你的杨会扭儿上线｜《看我72变》4K直拍,LOST-杨博文,2024-08-13 05:57:43,99695,10018,1637,5638,429,102,321,1
2026-07-09 20:03:31,https://www.bilibili.com/video/BV1r9BeBZEMu/?spm_id_from=333.1387.favlist.content.click&vd_source=bdf775a036c61c0159ac2f0c251aaeb7,11,BV1r9BeBZEMu,【杨博文｜4K舞台直拍】《爱要坦荡荡》，四代主唱贝斯手玩转乐队，好青春洋溢,关键时刻来瓶尖叫,2025-12-27 00:55:22,36204,4773,745,3177,51,52,64,1
2026-07-09 20:03:31,https://www.bilibili.com/video/BV1Lb6tBBEYC/?spm_id_from=333.1387.favlist.content.click&vd_source=bdf775a036c61c0159ac2f0c251aaeb7,12,BV1Lb6tBBEYC,【4K精剪】闭嘴跳舞 | 杨博文直拍 | 260201,underthepoplar,2026-02-02 00:00:55,269452,21922,13170,15971,1892,1671,2815,3
2026-07-09 20:03:31,https://www.bilibili.com/video/BV1mJ64BREZY/?spm_id_from=333.1387.favlist.content.click&vd_source=bdf775a036c61c0159ac2f0c251aaeb7,13,BV1mJ64BREZY,【杨博文】闭嘴跳舞丨当主舞穿上西装就会得到,Kismet丨杨博文,2026-02-01 18:31:00,511789,32088,3541,23076,180,100,425,6
2026-07-09 20:03:31,https://www.bilibili.com/video/BV15M64BPEVo/?spm_id_from=333.1387.favlist.content.click&vd_source=bdf775a036c61c0159ac2f0c251aaeb7,14,BV15M64BPEVo,【杨博文】舞步是我最有力的武器 请调动所有感官和我一同所向披靡｜闭嘴跳舞4k横屏双机位直拍,游园会_杨博文,2026-02-01 20:09:30,51935,7838,1412,4996,56,38,157,1
2026-07-09 20:03:31,https://www.bilibili.com/video/BV1fWYqzTECD/?spm_id_from=333.1387.favlist.content.click&vd_source=bdf775a036c61c0159ac2f0c251aaeb7,15,BV1fWYqzTECD,绝美堕天使下凡了……｜杨博文｜deja vu 4K直拍,WIX99,2025-08-16 22:18:21,13662,2052,584,892,68,44,115,1
2026-07-09 20:03:31,https://www.bilibili.com/video/BV1Bem3B1EcH/?spm_id_from=333.1387.favlist.content.click&vd_source=bdf775a036c61c0159ac2f0c251aaeb7,16,BV1Bem3B1EcH,【杨博文｜4K舞台直拍】怎么黑衣的《Deja vu》也让人看的停不下来呢,关键时刻来瓶尖叫,2025-12-12 21:30:00,12450,1405,159,1249,19,7,1,1
2026-07-09 20:03:31,https://www.bilibili.com/video/BV11kZyByE81/?spm_id_from=333.1387.favlist.content.click&vd_source=bdf775a036c61c0159ac2f0c251aaeb7,17,BV11kZyByE81,【4K精剪】Deja Vu | 杨博文直拍 | 250816 & 250817,underthepoplar,2026-02-17 20:22:24,48630,7223,3140,3422,375,231,207,1
2026-07-09 20:03:31,https://www.bilibili.com/video/BV1J7Awz8EUZ/?spm_id_from=333.1387.favlist.content.click&vd_source=bdf775a036c61c0159ac2f0c251aaeb7,18,BV1J7Awz8EUZ,自测鸡蛋果,喜欢吃鸡蛋果,2026-03-21 16:17:31,1530,0,0,1,1,0,0,1
2026-07-09 20:03:31,https://www.bilibili.com/video/BV1Xm61BEEnt/?spm_id_from=333.1387.favlist.content.click,19,BV1Xm61BEEnt,【杨博文】致命诱惑<希区考克 作品152> 4k 竖版直拍 Focus,Roseate丨杨博文,2026-01-31 17:54:23,48133,7755,3401,2845,208,259,425,1
2026-07-09 20:03:31,https://www.bilibili.com/video/BV1MtFrzLEqw/?spm_id_from=333.1387.favlist.content.click&vd_source=82c7dc283676ff6ca01b24294b7c8a32,20,BV1MtFrzLEqw,【4K】借过一下 | 杨博文直拍 | 260131,underthepoplar,2026-02-06 15:13:06,23178,3621,1459,1802,64,101,213,1
2026-07-09 20:03:31,https://www.bilibili.com/video/BV1jjF3z3Ern/?spm_id_from=333.1387.favlist.content.click&vd_source=82c7dc283676ff6ca01b24294b7c8a32,21,BV1jjF3z3Ern,【4K精剪】Why Why Why | 杨博文直拍 | 260201,underthepoplar,2026-02-03 05:55:49,69814,11564,5447,5897,298,247,617,1
2026-07-09 20:03:31,https://www.bilibili.com/video/BV1oJVD6BEEW/?spm_id_from=333.1387.favlist.content.click&vd_source=82c7dc283676ff6ca01b24294b7c8a32,22,BV1oJVD6BEEW,Hey Mama 一分钟solo | 杨博文直拍 | 251228,underthepoplar,2026-06-01 02:16:51,31919,4129,1628,2302,66,76,35,1
2026-07-09 20:03:31,https://www.bilibili.com/video/BV16MbLzPETK/?spm_id_from=333.1387.favlist.content.click&vd_source=82c7dc283676ff6ca01b24294b7c8a32,23,BV16MbLzPETK,这是洋娃娃在给我唱歌吧｜杨博文｜雨爱 4K直拍,WIX99,2025-08-11 18:44:28,4162,644,72,334,3,9,3,1
2026-07-09 20:03:31,https://www.bilibili.com/video/BV1nUFFzSE8W/?spm_id_from=333.337.search-card.all.click&vd_source=c9ba0a78401ac34b07f18808dcb060f8,24,BV1nUFFzSE8W,【4K精剪】第二类我 | 杨博文直拍 | 260201,underthepoplar,2026-02-05 03:45:45,37027,5408,3618,2820,206,205,293,1
2026-07-09 20:03:31,https://www.bilibili.com/video/BV1JFZ4BnEiL/?spm_id_from=333.337.search-card.all.click,25,BV1JFZ4BnEiL,【杨博文4K直拍】《希区考克 作品152》20260131丨澳门·荣耀之战演唱会丨四机位,houRlyRambo丨杨博文,2026-02-15 16:50:03,2934,636,136,140,15,9,15,1
2026-07-09 20:03:31,https://www.bilibili.com/video/BV19k61BQE89/?spm_id_from=333.337.search-card.all.click,26,BV19k61BQE89,【杨博文】跟随少年步伐走进悬疑 <希区考克 作品152 >三机位混剪,61strawberry,2026-01-31 18:26:12,10635,1765,514,1385,50,43,10,1
2026-07-09 20:03:31,https://www.bilibili.com/video/BV1oz61B9ECW/?spm_id_from=333.337.search-card.all.click,27,BV1oz61B9ECW,【杨博文｜4K直拍】《希区考克》好帅的舞台,关键时刻来瓶尖叫,2026-01-31 18:18:47,30770,4101,1773,2548,116,122,192,1
2026-07-09 20:03:31,https://www.bilibili.com/video/BV1EGBCBmEo8/?spm_id_from=333.337.search-card.all.click&vd_source=bdf775a036c61c0159ac2f0c251aaeb7,28,BV1EGBCBmEo8,【杨博文｜4K高清直拍】魅魔级别的《Manta》舞台，看博文如何一yeah封神,关键时刻来瓶尖叫,2025-12-27 23:15:44,761010,11958,9315,10532,5869,945,2304,1
2026-07-09 20:03:31,https://www.bilibili.com/video/BV1s8BvBPEN5/?spm_id_from=333.337.search-card.all.click&vd_source=bdf775a036c61c0159ac2f0c251aaeb7,29,BV1s8BvBPEN5,【杨博文｜4K舞台直拍】好运来祝你好运来～博文宝宝祝你新年好运来,关键时刻来瓶尖叫,2025-12-27 00:43:12,1900821,34065,16553,31815,6953,4002,4643,1
2026-07-09 21:03:53,https://www.bilibili.com/video/BV1A5vkB2E1k/?spm_id_from=333.1387.favlist.content.click&vd_source=bdf775a036c61c0159ac2f0c251aaeb7,0,BV1A5vkB2E1k,【杨博文】Hey Mama六机位纯舞直拍丨15岁舞台统治者的诞生，四代主舞燃炸全场！,Kismet丨杨博文,2025-12-28 22:28:16,2489727,60845,43016,44213,13017,13455,20528,3
2026-07-09 21:03:53,https://www.bilibili.com/video/BV1XA6nBGEPV/?spm_id_from=333.1387.favlist.content.click&vd_source=bdf775a036c61c0159ac2f0c251aaeb7,1,BV1XA6nBGEPV,【4K精剪】希区考克 作品152 | 杨博文直拍 | 260131,underthepoplar,2026-02-01 00:23:17,1921382,22367,21462,19191,9065,3977,6798,1
2026-07-09 21:03:53,https://www.bilibili.com/video/BV15r61BWESJ/?spm_id_from=333.1387.favlist.content.click&vd_source=bdf775a036c61c0159ac2f0c251aaeb7,2,BV15r61BWESJ,【杨博文】希区考克作品152丨双机位直拍 悬疑与张力碰撞 表管拉满 少年锋芒,Kismet丨杨博文,2026-01-31 18:27:40,541598,18500,10860,15601,931,1082,1224,1
2026-07-09 21:03:53,https://www.bilibili.com/video/BV19y61BnEMM/?spm_id_from=333.1387.favlist.content.click&vd_source=bdf775a036c61c0159ac2f0c251aaeb7,3,BV19y61BnEMM,【杨博文】就这个踢腿爽之 连每一根头发丝都在劲舞｜希区考克 作品152 4k双机位横屏直拍,游园会_杨博文,2026-01-31 18:31:31,417930,14849,9599,12573,1175,1513,2299,1
2026-07-09 21:03:53,https://www.bilibili.com/video/BV1M9ePzaELH/?spm_id_from=333.1387.favlist.content.click&vd_source=bdf775a036c61c0159ac2f0c251aaeb7,4,BV1M9ePzaELH,「杨博文｜卡拉永远OK」突发舞台事故？我怎么没看见,Astra_杨博文,2025-08-19 22:15:30,808608,14294,4535,9567,6449,614,516,1
2026-07-09 21:03:53,https://www.bilibili.com/video/BV1pV9GB6E96/?spm_id_from=333.1387.favlist.content.click&vd_source=bdf775a036c61c0159ac2f0c251aaeb7,5,BV1pV9GB6E96,【4K精剪】Guilty | 杨博文直拍 | 250119,underthepoplar,2026-04-01 02:23:39,49657,9069,2969,5349,241,202,204,1
2026-07-09 21:03:53,https://www.bilibili.com/video/BV1vFwNeKER9/?spm_id_from=333.1387.favlist.content.click&vd_source=bdf775a036c61c0159ac2f0c251aaeb7,6,BV1vFwNeKER9,【杨博文】guilty 4k横屏直拍｜夺命34秒，谁都无法拒绝的Legend级别，建议调大音量食用更加,游园会_杨博文,2025-01-18 22:02:36,263466,16467,8046,14260,1084,850,3091,1
2026-07-09 21:03:53,https://www.bilibili.com/video/BV1MGYnzrE9E/?spm_id_from=333.1387.favlist.content.click&vd_source=bdf775a036c61c0159ac2f0c251aaeb7,7,BV1MGYnzrE9E,杨博文跳 《Centuries》帅到窒息！！竖屏4K直拍,Kismet丨杨博文,2025-08-18 02:15:37,263753,12061,6643,7810,562,950,3369,1
2026-07-09 21:03:53,https://www.bilibili.com/video/BV1DZvDBEEjv/?spm_id_from=333.1387.favlist.content.click&vd_source=bdf775a036c61c0159ac2f0c251aaeb7,8,BV1DZvDBEEjv,终于找到了治愈我每一天的秘方 当你一开嗓 哪怕是夕阳也格外绚烂 ｜【杨博文】黄昏晓4k横屏直拍,游园会_杨博文,2026-01-01 20:53:32,24020,4089,712,2664,35,44,178,1
2026-07-09 21:03:53,https://www.bilibili.com/video/BV1owvqBJEkn/?spm_id_from=333.1387.favlist.content.click&vd_source=bdf775a036c61c0159ac2f0c251aaeb7,9,BV1owvqBJEkn,【杨博文｜黄昏晓】 4K直拍,羊圈主,2025-12-28 00:28:04,18062,4365,1028,1653,70,88,256,1
2026-07-09 21:03:53,https://www.bilibili.com/video/BV1eqY6e1Eec/?spm_id_from=333.1387.favlist.content.click&vd_source=bdf775a036c61c0159ac2f0c251aaeb7,10,BV1eqY6e1Eec,【TF家族-杨博文】蔡依林男粉！？你的杨会扭儿上线｜《看我72变》4K直拍,LOST-杨博文,2024-08-13 05:57:43,99700,10019,1637,5638,429,102,321,1
2026-07-09 21:03:53,https://www.bilibili.com/video/BV1r9BeBZEMu/?spm_id_from=333.1387.favlist.content.click&vd_source=bdf775a036c61c0159ac2f0c251aaeb7,11,BV1r9BeBZEMu,【杨博文｜4K舞台直拍】《爱要坦荡荡》，四代主唱贝斯手玩转乐队，好青春洋溢,关键时刻来瓶尖叫,2025-12-27 00:55:22,36205,4773,745,3177,51,52,64,1
2026-07-09 21:03:53,https://www.bilibili.com/video/BV1Lb6tBBEYC/?spm_id_from=333.1387.favlist.content.click&vd_source=bdf775a036c61c0159ac2f0c251aaeb7,12,BV1Lb6tBBEYC,【4K精剪】闭嘴跳舞 | 杨博文直拍 | 260201,underthepoplar,2026-02-02 00:00:55,269703,21935,13171,15982,1892,1671,2815,4
2026-07-09 21:03:53,https://www.bilibili.com/video/BV1mJ64BREZY/?spm_id_from=333.1387.favlist.content.click&vd_source=bdf775a036c61c0159ac2f0c251aaeb7,13,BV1mJ64BREZY,【杨博文】闭嘴跳舞丨当主舞穿上西装就会得到,Kismet丨杨博文,2026-02-01 18:31:00,512041,32095,3541,23081,180,100,425,5
2026-07-09 21:03:53,https://www.bilibili.com/video/BV15M64BPEVo/?spm_id_from=333.1387.favlist.content.click&vd_source=bdf775a036c61c0159ac2f0c251aaeb7,14,BV15M64BPEVo,【杨博文】舞步是我最有力的武器 请调动所有感官和我一同所向披靡｜闭嘴跳舞4k横屏双机位直拍,游园会_杨博文,2026-02-01 20:09:30,51948,7840,1412,4997,56,38,157,1
2026-07-09 21:03:53,https://www.bilibili.com/video/BV1fWYqzTECD/?spm_id_from=333.1387.favlist.content.click&vd_source=bdf775a036c61c0159ac2f0c251aaeb7,15,BV1fWYqzTECD,绝美堕天使下凡了……｜杨博文｜deja vu 4K直拍,WIX99,2025-08-16 22:18:21,13665,2052,584,892,68,44,115,1
2026-07-09 21:03:53,https://www.bilibili.com/video/BV1Bem3B1EcH/?spm_id_from=333.1387.favlist.content.click&vd_source=bdf775a036c61c0159ac2f0c251aaeb7,16,BV1Bem3B1EcH,【杨博文｜4K舞台直拍】怎么黑衣的《Deja vu》也让人看的停不下来呢,关键时刻来瓶尖叫,2025-12-12 21:30:00,12450,1405,159,1249,19,7,1,1
2026-07-09 21:03:53,https://www.bilibili.com/video/BV11kZyByE81/?spm_id_from=333.1387.favlist.content.click&vd_source=bdf775a036c61c0159ac2f0c251aaeb7,17,BV11kZyByE81,【4K精剪】Deja Vu | 杨博文直拍 | 250816 & 250817,underthepoplar,2026-02-17 20:22:24,48651,7227,3142,3425,375,231,207,1
2026-07-09 21:03:53,https://www.bilibili.com/video/BV1J7Awz8EUZ/?spm_id_from=333.1387.favlist.content.click&vd_source=bdf775a036c61c0159ac2f0c251aaeb7,18,BV1J7Awz8EUZ,自测鸡蛋果,喜欢吃鸡蛋果,2026-03-21 16:17:31,1530,0,0,1,1,0,0,1
2026-07-09 21:03:53,https://www.bilibili.com/video/BV1Xm61BEEnt/?spm_id_from=333.1387.favlist.content.click,19,BV1Xm61BEEnt,【杨博文】致命诱惑<希区考克 作品152> 4k 竖版直拍 Focus,Roseate丨杨博文,2026-01-31 17:54:23,48135,7756,3401,2845,208,259,425,1
2026-07-09 21:03:53,https://www.bilibili.com/video/BV1MtFrzLEqw/?spm_id_from=333.1387.favlist.content.click&vd_source=82c7dc283676ff6ca01b24294b7c8a32,20,BV1MtFrzLEqw,【4K】借过一下 | 杨博文直拍 | 260131,underthepoplar,2026-02-06 15:13:06,23202,3627,1461,1806,64,101,213,1
2026-07-09 21:03:53,https://www.bilibili.com/video/BV1jjF3z3Ern/?spm_id_from=333.1387.favlist.content.click&vd_source=82c7dc283676ff6ca01b24294b7c8a32,21,BV1jjF3z3Ern,【4K精剪】Why Why Why | 杨博文直拍 | 260201,underthepoplar,2026-02-03 05:55:49,69842,11568,5447,5904,298,247,617,1
2026-07-09 21:03:53,https://www.bilibili.com/video/BV1oJVD6BEEW/?spm_id_from=333.1387.favlist.content.click&vd_source=82c7dc283676ff6ca01b24294b7c8a32,22,BV1oJVD6BEEW,Hey Mama 一分钟solo | 杨博文直拍 | 251228,underthepoplar,2026-06-01 02:16:51,31963,4139,1632,2308,66,76,35,1
2026-07-09 21:03:53,https://www.bilibili.com/video/BV16MbLzPETK/?spm_id_from=333.1387.favlist.content.click&vd_source=82c7dc283676ff6ca01b24294b7c8a32,23,BV16MbLzPETK,这是洋娃娃在给我唱歌吧｜杨博文｜雨爱 4K直拍,WIX99,2025-08-11 18:44:28,4162,644,72,334,3,9,3,1
2026-07-09 21:03:53,https://www.bilibili.com/video/BV1nUFFzSE8W/?spm_id_from=333.337.search-card.all.click&vd_source=c9ba0a78401ac34b07f18808dcb060f8,24,BV1nUFFzSE8W,【4K精剪】第二类我 | 杨博文直拍 | 260201,underthepoplar,2026-02-05 03:45:45,37049,5411,3622,2822,206,205,293,1
2026-07-09 21:03:53,https://www.bilibili.com/video/BV1JFZ4BnEiL/?spm_id_from=333.337.search-card.all.click,25,BV1JFZ4BnEiL,【杨博文4K直拍】《希区考克 作品152》20260131丨澳门·荣耀之战演唱会丨四机位,houRlyRambo丨杨博文,2026-02-15 16:50:03,2934,636,136,140,15,9,15,1
2026-07-09 21:03:53,https://www.bilibili.com/video/BV19k61BQE89/?spm_id_from=333.337.search-card.all.click,26,BV19k61BQE89,【杨博文】跟随少年步伐走进悬疑 <希区考克 作品152 >三机位混剪,61strawberry,2026-01-31 18:26:12,10642,1767,514,1386,50,43,10,1
2026-07-09 21:03:53,https://www.bilibili.com/video/BV1oz61B9ECW/?spm_id_from=333.337.search-card.all.click,27,BV1oz61B9ECW,【杨博文｜4K直拍】《希区考克》好帅的舞台,关键时刻来瓶尖叫,2026-01-31 18:18:47,30774,4104,1773,2550,116,122,192,1
2026-07-09 21:03:53,https://www.bilibili.com/video/BV1EGBCBmEo8/?spm_id_from=333.337.search-card.all.click&vd_source=bdf775a036c61c0159ac2f0c251aaeb7,28,BV1EGBCBmEo8,【杨博文｜4K高清直拍】魅魔级别的《Manta》舞台，看博文如何一yeah封神,关键时刻来瓶尖叫,2025-12-27 23:15:44,761017,11958,9315,10532,5869,945,2304,1
2026-07-09 21:03:53,https://www.bilibili.com/video/BV1s8BvBPEN5/?spm_id_from=333.337.search-card.all.click&vd_source=bdf775a036c61c0159ac2f0c251aaeb7,29,BV1s8BvBPEN5,【杨博文｜4K舞台直拍】好运来祝你好运来～博文宝宝祝你新年好运来,关键时刻来瓶尖叫,2025-12-27 00:43:12,1900834,34065,16553,31812,6953,4002,4643,1
2026-07-09 22:04:15,https://www.bilibili.com/video/BV1A5vkB2E1k/?spm_id_from=333.1387.favlist.content.click&vd_source=bdf775a036c61c0159ac2f0c251aaeb7,0,BV1A5vkB2E1k,【杨博文】Hey Mama六机位纯舞直拍丨15岁舞台统治者的诞生，四代主舞燃炸全场！,Kismet丨杨博文,2025-12-28 22:28:16,2489836,60852,43020,44215,13023,13455,20528,2
2026-07-09 22:04:15,https://www.bilibili.com/video/BV1XA6nBGEPV/?spm_id_from=333.1387.favlist.content.click&vd_source=bdf775a036c61c0159ac2f0c251aaeb7,1,BV1XA6nBGEPV,【4K精剪】希区考克 作品152 | 杨博文直拍 | 260131,underthepoplar,2026-02-01 00:23:17,1921403,22367,21462,19192,9071,3978,6798,1
2026-07-09 22:04:15,https://www.bilibili.com/video/BV15r61BWESJ/?spm_id_from=333.1387.favlist.content.click&vd_source=bdf775a036c61c0159ac2f0c251aaeb7,2,BV15r61BWESJ,【杨博文】希区考克作品152丨双机位直拍 悬疑与张力碰撞 表管拉满 少年锋芒,Kismet丨杨博文,2026-01-31 18:27:40,541624,18503,10860,15602,931,1082,1224,1
2026-07-09 22:04:15,https://www.bilibili.com/video/BV19y61BnEMM/?spm_id_from=333.1387.favlist.content.click&vd_source=bdf775a036c61c0159ac2f0c251aaeb7,3,BV19y61BnEMM,【杨博文】就这个踢腿爽之 连每一根头发丝都在劲舞｜希区考克 作品152 4k双机位横屏直拍,游园会_杨博文,2026-01-31 18:31:31,417982,14856,9600,12578,1176,1513,2299,1
2026-07-09 22:04:15,https://www.bilibili.com/video/BV1M9ePzaELH/?spm_id_from=333.1387.favlist.content.click&vd_source=bdf775a036c61c0159ac2f0c251aaeb7,4,BV1M9ePzaELH,「杨博文｜卡拉永远OK」突发舞台事故？我怎么没看见,Astra_杨博文,2025-08-19 22:15:30,808625,14295,4535,9567,6454,615,516,1
2026-07-09 22:04:15,https://www.bilibili.com/video/BV1pV9GB6E96/?spm_id_from=333.1387.favlist.content.click&vd_source=bdf775a036c61c0159ac2f0c251aaeb7,5,BV1pV9GB6E96,【4K精剪】Guilty | 杨博文直拍 | 250119,underthepoplar,2026-04-01 02:23:39,49694,9072,2969,5353,241,202,204,1
2026-07-09 22:04:15,https://www.bilibili.com/video/BV1vFwNeKER9/?spm_id_from=333.1387.favlist.content.click&vd_source=bdf775a036c61c0159ac2f0c251aaeb7,6,BV1vFwNeKER9,【杨博文】guilty 4k横屏直拍｜夺命34秒，谁都无法拒绝的Legend级别，建议调大音量食用更加,游园会_杨博文,2025-01-18 22:02:36,263482,16469,8046,14260,1084,850,3091,1
2026-07-09 22:04:15,https://www.bilibili.com/video/BV1MGYnzrE9E/?spm_id_from=333.1387.favlist.content.click&vd_source=bdf775a036c61c0159ac2f0c251aaeb7,7,BV1MGYnzrE9E,杨博文跳 《Centuries》帅到窒息！！竖屏4K直拍,Kismet丨杨博文,2025-08-18 02:15:37,263759,12062,6643,7810,562,950,3369,1
2026-07-09 22:04:15,https://www.bilibili.com/video/BV1DZvDBEEjv/?spm_id_from=333.1387.favlist.content.click&vd_source=bdf775a036c61c0159ac2f0c251aaeb7,8,BV1DZvDBEEjv,终于找到了治愈我每一天的秘方 当你一开嗓 哪怕是夕阳也格外绚烂 ｜【杨博文】黄昏晓4k横屏直拍,游园会_杨博文,2026-01-01 20:53:32,24020,4089,712,2664,35,44,178,1
2026-07-09 22:04:15,https://www.bilibili.com/video/BV1owvqBJEkn/?spm_id_from=333.1387.favlist.content.click&vd_source=bdf775a036c61c0159ac2f0c251aaeb7,9,BV1owvqBJEkn,【杨博文｜黄昏晓】 4K直拍,羊圈主,2025-12-28 00:28:04,18062,4365,1028,1653,70,88,256,1
2026-07-09 22:04:15,https://www.bilibili.com/video/BV1eqY6e1Eec/?spm_id_from=333.1387.favlist.content.click&vd_source=bdf775a036c61c0159ac2f0c251aaeb7,10,BV1eqY6e1Eec,【TF家族-杨博文】蔡依林男粉！？你的杨会扭儿上线｜《看我72变》4K直拍,LOST-杨博文,2024-08-13 05:57:43,99709,10020,1639,5639,430,102,321,1
2026-07-09 22:04:15,https://www.bilibili.com/video/BV1r9BeBZEMu/?spm_id_from=333.1387.favlist.content.click&vd_source=bdf775a036c61c0159ac2f0c251aaeb7,11,BV1r9BeBZEMu,【杨博文｜4K舞台直拍】《爱要坦荡荡》，四代主唱贝斯手玩转乐队，好青春洋溢,关键时刻来瓶尖叫,2025-12-27 00:55:22,36207,4773,745,3177,51,52,64,1
2026-07-09 22:04:15,https://www.bilibili.com/video/BV1Lb6tBBEYC/?spm_id_from=333.1387.favlist.content.click&vd_source=bdf775a036c61c0159ac2f0c251aaeb7,12,BV1Lb6tBBEYC,【4K精剪】闭嘴跳舞 | 杨博文直拍 | 260201,underthepoplar,2026-02-02 00:00:55,269928,21948,13173,15992,1892,1672,2815,5
2026-07-09 22:04:15,https://www.bilibili.com/video/BV1mJ64BREZY/?spm_id_from=333.1387.favlist.content.click&vd_source=bdf775a036c61c0159ac2f0c251aaeb7,13,BV1mJ64BREZY,【杨博文】闭嘴跳舞丨当主舞穿上西装就会得到,Kismet丨杨博文,2026-02-01 18:31:00,512250,32099,3541,23084,180,100,425,1
2026-07-09 22:04:15,https://www.bilibili.com/video/BV15M64BPEVo/?spm_id_from=333.1387.favlist.content.click&vd_source=bdf775a036c61c0159ac2f0c251aaeb7,14,BV15M64BPEVo,【杨博文】舞步是我最有力的武器 请调动所有感官和我一同所向披靡｜闭嘴跳舞4k横屏双机位直拍,游园会_杨博文,2026-02-01 20:09:30,51956,7840,1412,4997,56,38,157,1
2026-07-09 22:04:15,https://www.bilibili.com/video/BV1fWYqzTECD/?spm_id_from=333.1387.favlist.content.click&vd_source=bdf775a036c61c0159ac2f0c251aaeb7,15,BV1fWYqzTECD,绝美堕天使下凡了……｜杨博文｜deja vu 4K直拍,WIX99,2025-08-16 22:18:21,13666,2052,584,892,68,44,115,1
2026-07-09 22:04:15,https://www.bilibili.com/video/BV1Bem3B1EcH/?spm_id_from=333.1387.favlist.content.click&vd_source=bdf775a036c61c0159ac2f0c251aaeb7,16,BV1Bem3B1EcH,【杨博文｜4K舞台直拍】怎么黑衣的《Deja vu》也让人看的停不下来呢,关键时刻来瓶尖叫,2025-12-12 21:30:00,12450,1405,159,1249,19,7,1,1
2026-07-09 22:04:15,https://www.bilibili.com/video/BV11kZyByE81/?spm_id_from=333.1387.favlist.content.click&vd_source=bdf775a036c61c0159ac2f0c251aaeb7,17,BV11kZyByE81,【4K精剪】Deja Vu | 杨博文直拍 | 250816 & 250817,underthepoplar,2026-02-17 20:22:24,48680,7229,3142,3427,375,231,207,1
2026-07-09 22:04:15,https://www.bilibili.com/video/BV1J7Awz8EUZ/?spm_id_from=333.1387.favlist.content.click&vd_source=bdf775a036c61c0159ac2f0c251aaeb7,18,BV1J7Awz8EUZ,自测鸡蛋果,喜欢吃鸡蛋果,2026-03-21 16:17:31,1530,0,0,1,1,0,0,1
2026-07-09 22:04:15,https://www.bilibili.com/video/BV1Xm61BEEnt/?spm_id_from=333.1387.favlist.content.click,19,BV1Xm61BEEnt,【杨博文】致命诱惑<希区考克 作品152> 4k 竖版直拍 Focus,Roseate丨杨博文,2026-01-31 17:54:23,48136,7757,3401,2845,208,259,425,1
2026-07-09 22:04:15,https://www.bilibili.com/video/BV1MtFrzLEqw/?spm_id_from=333.1387.favlist.content.click&vd_source=82c7dc283676ff6ca01b24294b7c8a32,20,BV1MtFrzLEqw,【4K】借过一下 | 杨博文直拍 | 260131,underthepoplar,2026-02-06 15:13:06,23229,3632,1461,1810,64,101,213,1
2026-07-09 22:04:15,https://www.bilibili.com/video/BV1jjF3z3Ern/?spm_id_from=333.1387.favlist.content.click&vd_source=82c7dc283676ff6ca01b24294b7c8a32,21,BV1jjF3z3Ern,【4K精剪】Why Why Why | 杨博文直拍 | 260201,underthepoplar,2026-02-03 05:55:49,69872,11572,5449,5906,298,247,617,1
2026-07-09 22:04:15,https://www.bilibili.com/video/BV1oJVD6BEEW/?spm_id_from=333.1387.favlist.content.click&vd_source=82c7dc283676ff6ca01b24294b7c8a32,22,BV1oJVD6BEEW,Hey Mama 一分钟solo | 杨博文直拍 | 251228,underthepoplar,2026-06-01 02:16:51,32022,4143,1632,2311,66,76,35,1
2026-07-09 22:04:15,https://www.bilibili.com/video/BV16MbLzPETK/?spm_id_from=333.1387.favlist.content.click&vd_source=82c7dc283676ff6ca01b24294b7c8a32,23,BV16MbLzPETK,这是洋娃娃在给我唱歌吧｜杨博文｜雨爱 4K直拍,WIX99,2025-08-11 18:44:28,4162,644,72,334,3,9,3,1
2026-07-09 22:04:15,https://www.bilibili.com/video/BV1nUFFzSE8W/?spm_id_from=333.337.search-card.all.click&vd_source=c9ba0a78401ac34b07f18808dcb060f8,24,BV1nUFFzSE8W,【4K精剪】第二类我 | 杨博文直拍 | 260201,underthepoplar,2026-02-05 03:45:45,37073,5417,3624,2825,206,207,293,1
2026-07-09 22:04:15,https://www.bilibili.com/video/BV1JFZ4BnEiL/?spm_id_from=333.337.search-card.all.click,25,BV1JFZ4BnEiL,【杨博文4K直拍】《希区考克 作品152》20260131丨澳门·荣耀之战演唱会丨四机位,houRlyRambo丨杨博文,2026-02-15 16:50:03,2935,636,136,140,15,9,15,1
2026-07-09 22:04:15,https://www.bilibili.com/video/BV19k61BQE89/?spm_id_from=333.337.search-card.all.click,26,BV19k61BQE89,【杨博文】跟随少年步伐走进悬疑 <希区考克 作品152 >三机位混剪,61strawberry,2026-01-31 18:26:12,10648,1768,514,1387,50,43,10,1
2026-07-09 22:04:15,https://www.bilibili.com/video/BV1oz61B9ECW/?spm_id_from=333.337.search-card.all.click,27,BV1oz61B9ECW,【杨博文｜4K直拍】《希区考克》好帅的舞台,关键时刻来瓶尖叫,2026-01-31 18:18:47,30782,4104,1773,2550,116,122,192,1
2026-07-09 22:04:15,https://www.bilibili.com/video/BV1EGBCBmEo8/?spm_id_from=333.337.search-card.all.click&vd_source=bdf775a036c61c0159ac2f0c251aaeb7,28,BV1EGBCBmEo8,【杨博文｜4K高清直拍】魅魔级别的《Manta》舞台，看博文如何一yeah封神,关键时刻来瓶尖叫,2025-12-27 23:15:44,761029,11958,9315,10532,5874,946,2304,1
2026-07-09 22:04:15,https://www.bilibili.com/video/BV1s8BvBPEN5/?spm_id_from=333.337.search-card.all.click&vd_source=bdf775a036c61c0159ac2f0c251aaeb7,29,BV1s8BvBPEN5,【杨博文｜4K舞台直拍】好运来祝你好运来～博文宝宝祝你新年好运来,关键时刻来瓶尖叫,2025-12-27 00:43:12,1900857,34066,16553,31812,6959,4002,4643,1
2026-07-09 23:04:37,https://www.bilibili.com/video/BV1A5vkB2E1k/?spm_id_from=333.1387.favlist.content.click&vd_source=bdf775a036c61c0159ac2f0c251aaeb7,0,BV1A5vkB2E1k,【杨博文】Hey Mama六机位纯舞直拍丨15岁舞台统治者的诞生，四代主舞燃炸全场！,Kismet丨杨博文,2025-12-28 22:28:16,2489944,60857,43022,44217,13028,13455,20539,1
2026-07-09 23:04:37,https://www.bilibili.com/video/BV1XA6nBGEPV/?spm_id_from=333.1387.favlist.content.click&vd_source=bdf775a036c61c0159ac2f0c251aaeb7,1,BV1XA6nBGEPV,【4K精剪】希区考克 作品152 | 杨博文直拍 | 260131,underthepoplar,2026-02-01 00:23:17,1921427,22368,21462,19194,9075,3977,6798,1
2026-07-09 23:04:37,https://www.bilibili.com/video/BV15r61BWESJ/?spm_id_from=333.1387.favlist.content.click&vd_source=bdf775a036c61c0159ac2f0c251aaeb7,2,BV15r61BWESJ,【杨博文】希区考克作品152丨双机位直拍 悬疑与张力碰撞 表管拉满 少年锋芒,Kismet丨杨博文,2026-01-31 18:27:40,541648,18508,10860,15606,931,1082,1224,1
2026-07-09 23:04:37,https://www.bilibili.com/video/BV19y61BnEMM/?spm_id_from=333.1387.favlist.content.click&vd_source=bdf775a036c61c0159ac2f0c251aaeb7,3,BV19y61BnEMM,【杨博文】就这个踢腿爽之 连每一根头发丝都在劲舞｜希区考克 作品152 4k双机位横屏直拍,游园会_杨博文,2026-01-31 18:31:31,418032,14859,9600,12580,1176,1513,2299,1
2026-07-09 23:04:37,https://www.bilibili.com/video/BV1M9ePzaELH/?spm_id_from=333.1387.favlist.content.click&vd_source=bdf775a036c61c0159ac2f0c251aaeb7,4,BV1M9ePzaELH,「杨博文｜卡拉永远OK」突发舞台事故？我怎么没看见,Astra_杨博文,2025-08-19 22:15:30,808640,14295,4537,9567,6460,615,516,1
2026-07-09 23:04:37,https://www.bilibili.com/video/BV1pV9GB6E96/?spm_id_from=333.1387.favlist.content.click&vd_source=bdf775a036c61c0159ac2f0c251aaeb7,5,BV1pV9GB6E96,【4K精剪】Guilty | 杨博文直拍 | 250119,underthepoplar,2026-04-01 02:23:39,49722,9081,2969,5357,241,202,204,1
2026-07-09 23:04:37,https://www.bilibili.com/video/BV1vFwNeKER9/?spm_id_from=333.1387.favlist.content.click&vd_source=bdf775a036c61c0159ac2f0c251aaeb7,6,BV1vFwNeKER9,【杨博文】guilty 4k横屏直拍｜夺命34秒，谁都无法拒绝的Legend级别，建议调大音量食用更加,游园会_杨博文,2025-01-18 22:02:36,263505,16472,8046,14262,1084,850,3091,1
2026-07-09 23:04:37,https://www.bilibili.com/video/BV1MGYnzrE9E/?spm_id_from=333.1387.favlist.content.click&vd_source=bdf775a036c61c0159ac2f0c251aaeb7,7,BV1MGYnzrE9E,杨博文跳 《Centuries》帅到窒息！！竖屏4K直拍,Kismet丨杨博文,2025-08-18 02:15:37,263769,12064,6643,7812,563,950,3369,1
2026-07-09 23:04:37,https://www.bilibili.com/video/BV1DZvDBEEjv/?spm_id_from=333.1387.favlist.content.click&vd_source=bdf775a036c61c0159ac2f0c251aaeb7,8,BV1DZvDBEEjv,终于找到了治愈我每一天的秘方 当你一开嗓 哪怕是夕阳也格外绚烂 ｜【杨博文】黄昏晓4k横屏直拍,游园会_杨博文,2026-01-01 20:53:32,24020,4089,712,2664,35,44,178,1
2026-07-09 23:04:37,https://www.bilibili.com/video/BV1owvqBJEkn/?spm_id_from=333.1387.favlist.content.click&vd_source=bdf775a036c61c0159ac2f0c251aaeb7,9,BV1owvqBJEkn,【杨博文｜黄昏晓】 4K直拍,羊圈主,2025-12-28 00:28:04,18062,4365,1028,1653,70,88,256,1
2026-07-09 23:04:37,https://www.bilibili.com/video/BV1eqY6e1Eec/?spm_id_from=333.1387.favlist.content.click&vd_source=bdf775a036c61c0159ac2f0c251aaeb7,10,BV1eqY6e1Eec,【TF家族-杨博文】蔡依林男粉！？你的杨会扭儿上线｜《看我72变》4K直拍,LOST-杨博文,2024-08-13 05:57:43,99716,10020,1639,5639,430,102,321,1
2026-07-09 23:04:37,https://www.bilibili.com/video/BV1r9BeBZEMu/?spm_id_from=333.1387.favlist.content.click&vd_source=bdf775a036c61c0159ac2f0c251aaeb7,11,BV1r9BeBZEMu,【杨博文｜4K舞台直拍】《爱要坦荡荡》，四代主唱贝斯手玩转乐队，好青春洋溢,关键时刻来瓶尖叫,2025-12-27 00:55:22,36208,4773,745,3177,51,52,64,1
2026-07-09 23:04:37,https://www.bilibili.com/video/BV1Lb6tBBEYC/?spm_id_from=333.1387.favlist.content.click&vd_source=bdf775a036c61c0159ac2f0c251aaeb7,12,BV1Lb6tBBEYC,【4K精剪】闭嘴跳舞 | 杨博文直拍 | 260201,underthepoplar,2026-02-02 00:00:55,270099,21961,13175,16003,1892,1672,2815,2
2026-07-09 23:04:37,https://www.bilibili.com/video/BV1mJ64BREZY/?spm_id_from=333.1387.favlist.content.click&vd_source=bdf775a036c61c0159ac2f0c251aaeb7,13,BV1mJ64BREZY,【杨博文】闭嘴跳舞丨当主舞穿上西装就会得到,Kismet丨杨博文,2026-02-01 18:31:00,512427,32108,3541,23094,180,100,425,2
2026-07-09 23:04:37,https://www.bilibili.com/video/BV15M64BPEVo/?spm_id_from=333.1387.favlist.content.click&vd_source=bdf775a036c61c0159ac2f0c251aaeb7,14,BV15M64BPEVo,【杨博文】舞步是我最有力的武器 请调动所有感官和我一同所向披靡｜闭嘴跳舞4k横屏双机位直拍,游园会_杨博文,2026-02-01 20:09:30,51965,7842,1412,4998,56,38,157,1
2026-07-09 23:04:37,https://www.bilibili.com/video/BV1fWYqzTECD/?spm_id_from=333.1387.favlist.content.click&vd_source=bdf775a036c61c0159ac2f0c251aaeb7,15,BV1fWYqzTECD,绝美堕天使下凡了……｜杨博文｜deja vu 4K直拍,WIX99,2025-08-16 22:18:21,13668,2052,584,892,68,44,115,1
2026-07-09 23:04:37,https://www.bilibili.com/video/BV1Bem3B1EcH/?spm_id_from=333.1387.favlist.content.click&vd_source=bdf775a036c61c0159ac2f0c251aaeb7,16,BV1Bem3B1EcH,【杨博文｜4K舞台直拍】怎么黑衣的《Deja vu》也让人看的停不下来呢,关键时刻来瓶尖叫,2025-12-12 21:30:00,12459,1405,159,1249,19,7,1,1
2026-07-09 23:04:37,https://www.bilibili.com/video/BV11kZyByE81/?spm_id_from=333.1387.favlist.content.click&vd_source=bdf775a036c61c0159ac2f0c251aaeb7,17,BV11kZyByE81,【4K精剪】Deja Vu | 杨博文直拍 | 250816 & 250817,underthepoplar,2026-02-17 20:22:24,48717,7232,3142,3429,375,231,207,1
2026-07-09 23:04:37,https://www.bilibili.com/video/BV1J7Awz8EUZ/?spm_id_from=333.1387.favlist.content.click&vd_source=bdf775a036c61c0159ac2f0c251aaeb7,18,BV1J7Awz8EUZ,自测鸡蛋果,喜欢吃鸡蛋果,2026-03-21 16:17:31,1530,0,0,1,1,0,0,1
2026-07-09 23:04:37,https://www.bilibili.com/video/BV1Xm61BEEnt/?spm_id_from=333.1387.favlist.content.click,19,BV1Xm61BEEnt,【杨博文】致命诱惑<希区考克 作品152> 4k 竖版直拍 Focus,Roseate丨杨博文,2026-01-31 17:54:23,48140,7759,3401,2845,208,259,425,1
2026-07-09 23:04:37,https://www.bilibili.com/video/BV1MtFrzLEqw/?spm_id_from=333.1387.favlist.content.click&vd_source=82c7dc283676ff6ca01b24294b7c8a32,20,BV1MtFrzLEqw,【4K】借过一下 | 杨博文直拍 | 260131,underthepoplar,2026-02-06 15:13:06,23245,3633,1461,1811,64,101,213,1
2026-07-09 23:04:37,https://www.bilibili.com/video/BV1jjF3z3Ern/?spm_id_from=333.1387.favlist.content.click&vd_source=82c7dc283676ff6ca01b24294b7c8a32,21,BV1jjF3z3Ern,【4K精剪】Why Why Why | 杨博文直拍 | 260201,underthepoplar,2026-02-03 05:55:49,69898,11575,5451,5906,298,247,617,1
2026-07-09 23:04:37,https://www.bilibili.com/video/BV1oJVD6BEEW/?spm_id_from=333.1387.favlist.content.click&vd_source=82c7dc283676ff6ca01b24294b7c8a32,22,BV1oJVD6BEEW,Hey Mama 一分钟solo | 杨博文直拍 | 251228,underthepoplar,2026-06-01 02:16:51,32050,4146,1632,2314,66,76,35,1
2026-07-09 23:04:37,https://www.bilibili.com/video/BV16MbLzPETK/?spm_id_from=333.1387.favlist.content.click&vd_source=82c7dc283676ff6ca01b24294b7c8a32,23,BV16MbLzPETK,这是洋娃娃在给我唱歌吧｜杨博文｜雨爱 4K直拍,WIX99,2025-08-11 18:44:28,4162,644,72,334,3,9,3,1
2026-07-09 23:04:37,https://www.bilibili.com/video/BV1nUFFzSE8W/?spm_id_from=333.337.search-card.all.click&vd_source=c9ba0a78401ac34b07f18808dcb060f8,24,BV1nUFFzSE8W,【4K精剪】第二类我 | 杨博文直拍 | 260201,underthepoplar,2026-02-05 03:45:45,37087,5419,3624,2827,206,206,293,1
2026-07-09 23:04:37,https://www.bilibili.com/video/BV1JFZ4BnEiL/?spm_id_from=333.337.search-card.all.click,25,BV1JFZ4BnEiL,【杨博文4K直拍】《希区考克 作品152》20260131丨澳门·荣耀之战演唱会丨四机位,houRlyRambo丨杨博文,2026-02-15 16:50:03,2935,636,136,140,15,9,15,1
2026-07-09 23:04:37,https://www.bilibili.com/video/BV19k61BQE89/?spm_id_from=333.337.search-card.all.click,26,BV19k61BQE89,【杨博文】跟随少年步伐走进悬疑 <希区考克 作品152 >三机位混剪,61strawberry,2026-01-31 18:26:12,10649,1768,514,1387,50,43,10,1
2026-07-09 23:04:37,https://www.bilibili.com/video/BV1oz61B9ECW/?spm_id_from=333.337.search-card.all.click,27,BV1oz61B9ECW,【杨博文｜4K直拍】《希区考克》好帅的舞台,关键时刻来瓶尖叫,2026-01-31 18:18:47,30794,4104,1773,2550,116,122,192,1
2026-07-09 23:04:37,https://www.bilibili.com/video/BV1EGBCBmEo8/?spm_id_from=333.337.search-card.all.click&vd_source=bdf775a036c61c0159ac2f0c251aaeb7,28,BV1EGBCBmEo8,【杨博文｜4K高清直拍】魅魔级别的《Manta》舞台，看博文如何一yeah封神,关键时刻来瓶尖叫,2025-12-27 23:15:44,761041,11958,9315,10532,5879,945,2304,1
2026-07-09 23:04:37,https://www.bilibili.com/video/BV1s8BvBPEN5/?spm_id_from=333.337.search-card.all.click&vd_source=bdf775a036c61c0159ac2f0c251aaeb7,29,BV1s8BvBPEN5,【杨博文｜4K舞台直拍】好运来祝你好运来～博文宝宝祝你新年好运来,关键时刻来瓶尖叫,2025-12-27 00:43:12,1900883,34067,16553,31814,6963,4002,4643,1
