采集时间,输入,BV号,标题,UP主,UP主mid,上传时间,总播放量,点赞数,投币数,收藏数,转发数,评论数,弹幕数,在线人数,每小时播放增量,是否起量
2026-03-09 00:31:07,https://www.bilibili.com/video/BV1e364BwE63/?spm_id_from=333.1387.favlist.content.click,BV1e364BwE63,【杨博文】Why Why Why竖屏4k focus,meetsummer丨杨博文,3546622113876662,2026-02-01 19:33:16,26631,492,186,229,13,12,11,1,0,False
2026-03-09 01:31:21,https://www.bilibili.com/video/BV1e364BwE63/?spm_id_from=333.1387.favlist.content.click,BV1e364BwE63,【杨博文】Why Why Why竖屏4k focus,meetsummer丨杨博文,3546622113876662,2026-02-01 19:33:16,26632,492,186,229,13,12,11,1,1,False
2026-03-09 02:31:35,https://www.bilibili.com/video/BV1e364BwE63/?spm_id_from=333.1387.favlist.content.click,BV1e364BwE63,【杨博文】Why Why Why竖屏4k focus,meetsummer丨杨博文,3546622113876662,2026-02-01 19:33:16,26632,492,186,229,13,12,11,1,0,False
2026-03-09 03:31:49,https://www.bilibili.com/video/BV1e364BwE63/?spm_id_from=333.1387.favlist.content.click,BV1e364BwE63,【杨博文】Why Why Why竖屏4k focus,meetsummer丨杨博文,3546622113876662,2026-02-01 19:33:16,26633,492,186,229,13,12,11,1,1,False
2026-03-09 04:32:03,https://www.bilibili.com/video/BV1e364BwE63/?spm_id_from=333.1387.favlist.content.click,BV1e364BwE63,【杨博文】Why Why Why竖屏4k focus,meetsummer丨杨博文,3546622113876662,2026-02-01 19:33:16,26633,492,186,229,13,12,11,1,0,False
2026-03-09 05:32:16,https://www.bilibili.com/video/BV1e364BwE63/?spm_id_from=333.1387.favlist.content.click,BV1e364BwE63,【杨博文】Why Why Why竖屏4k focus,meetsummer丨杨博文,3546622113876662,2026-02-01 19:33:16,26633,492,186,229,13,12,11,1,0,False
2026-03-09 06:32:30,https://www.bilibili.com/video/BV1e364BwE63/?spm_id_from=333.1387.favlist.content.click,BV1e364BwE63,【杨博文】Why Why Why竖屏4k focus,meetsummer丨杨博文,3546622113876662,2026-02-01 19:33:16,26633,492,186,229,13,12,11,1,0,False
2026-03-09 07:32:44,https://www.bilibili.com/video/BV1e364BwE63/?spm_id_from=333.1387.favlist.content.click,BV1e364BwE63,【杨博文】Why Why Why竖屏4k focus,meetsummer丨杨博文,3546622113876662,2026-02-01 19:33:16,26633,492,186,229,13,12,11,1,0,False
2026-03-09 08:32:58,https://www.bilibili.com/video/BV1e364BwE63/?spm_id_from=333.1387.favlist.content.click,BV1e364BwE63,【杨博文】Why Why Why竖屏4k focus,meetsummer丨杨博文,3546622113876662,2026-02-01 19:33:16,26633,492,186,229,13,12,11,1,0,False
2026-03-09 09:33:12,https://www.bilibili.com/video/BV1e364BwE63/?spm_id_from=333.1387.favlist.content.click,BV1e364BwE63,【杨博文】Why Why Why竖屏4k focus,meetsummer丨杨博文,3546622113876662,2026-02-01 19:33:16,26633,492,186,229,13,12,11,1,0,False
2026-03-09 10:33:26,https://www.bilibili.com/video/BV1e364BwE63/?spm_id_from=333.1387.favlist.content.click,BV1e364BwE63,【杨博文】Why Why Why竖屏4k focus,meetsummer丨杨博文,3546622113876662,2026-02-01 19:33:16,26633,492,186,229,13,12,11,1,0,False
2026-03-09 11:33:40,https://www.bilibili.com/video/BV1e364BwE63/?spm_id_from=333.1387.favlist.content.click,BV1e364BwE63,【杨博文】Why Why Why竖屏4k focus,meetsummer丨杨博文,3546622113876662,2026-02-01 19:33:16,26634,493,186,230,13,12,11,1,1,False
2026-03-09 12:33:54,https://www.bilibili.com/video/BV1e364BwE63/?spm_id_from=333.1387.favlist.content.click,BV1e364BwE63,【杨博文】Why Why Why竖屏4k focus,meetsummer丨杨博文,3546622113876662,2026-02-01 19:33:16,26634,493,186,230,13,12,11,1,0,False
2026-03-09 13:34:08,https://www.bilibili.com/video/BV1e364BwE63/?spm_id_from=333.1387.favlist.content.click,BV1e364BwE63,【杨博文】Why Why Why竖屏4k focus,meetsummer丨杨博文,3546622113876662,2026-02-01 19:33:16,26636,493,186,230,13,12,11,1,2,False
2026-03-09 14:34:22,https://www.bilibili.com/video/BV1e364BwE63/?spm_id_from=333.1387.favlist.content.click,BV1e364BwE63,【杨博文】Why Why Why竖屏4k focus,meetsummer丨杨博文,3546622113876662,2026-02-01 19:33:16,26636,493,186,230,13,12,11,1,0,False
2026-03-09 15:34:36,https://www.bilibili.com/video/BV1e364BwE63/?spm_id_from=333.1387.favlist.content.click,BV1e364BwE63,【杨博文】Why Why Why竖屏4k focus,meetsummer丨杨博文,3546622113876662,2026-02-01 19:33:16,26636,493,186,230,13,12,11,1,0,False
2026-03-09 19:35:49,https://www.bilibili.com/video/BV1e364BwE63/?spm_id_from=333.1387.favlist.content.click,BV1e364BwE63,【杨博文】Why Why Why竖屏4k focus,meetsummer丨杨博文,3546622113876662,2026-02-01 19:33:16,26637,494,186,231,13,12,11,1,1,False
2026-03-09 20:36:03,https://www.bilibili.com/video/BV1e364BwE63/?spm_id_from=333.1387.favlist.content.click,BV1e364BwE63,【杨博文】Why Why Why竖屏4k focus,meetsummer丨杨博文,3546622113876662,2026-02-01 19:33:16,26637,494,186,231,13,12,11,1,0,False
2026-03-09 21:36:17,https://www.bilibili.com/video/BV1e364BwE63/?spm_id_from=333.1387.favlist.content.click,BV1e364BwE63,【杨博文】Why Why Why竖屏4k focus,meetsummer丨杨博文,3546622113876662,2026-02-01 19:33:16,26637,494,186,231,13,12,11,1,0,False
2026-03-09 22:36:31,https://www.bilibili.com/video/BV1e364BwE63/?spm_id_from=333.1387.favlist.content.click,BV1e364BwE63,【杨博文】Why Why Why竖屏4k focus,meetsummer丨杨博文,3546622113876662,2026-02-01 19:33:16,26637,494,186,231,13,12,11,1,0,False
2026-03-09 23:36:46,https://www.bilibili.com/video/BV1e364BwE63/?spm_id_from=333.1387.favlist.content.click,BV1e364BwE63,【杨博文】Why Why Why竖屏4k focus,meetsummer丨杨博文,3546622113876662,2026-02-01 19:33:16,26637,494,186,231,13,12,11,1,0,False
2026-03-09 00:31:07,https://www.bilibili.com/video/BV1pjA6zyE2K/?spm_id_from=333.1387.favlist.content.click,BV1pjA6zyE2K,网页版防吞,爱磕糖的兔子Y,628963336,2026-02-26 20:15:12,26336,4,2,78,1,0,0,1,0,False
2026-03-09 01:31:21,https://www.bilibili.com/video/BV1pjA6zyE2K/?spm_id_from=333.1387.favlist.content.click,BV1pjA6zyE2K,网页版防吞,爱磕糖的兔子Y,628963336,2026-02-26 20:15:12,26336,4,2,78,1,0,0,1,0,False
2026-03-09 02:31:35,https://www.bilibili.com/video/BV1pjA6zyE2K/?spm_id_from=333.1387.favlist.content.click,BV1pjA6zyE2K,网页版防吞,爱磕糖的兔子Y,628963336,2026-02-26 20:15:12,26336,4,2,78,1,0,0,1,0,False
2026-03-09 03:31:49,https://www.bilibili.com/video/BV1pjA6zyE2K/?spm_id_from=333.1387.favlist.content.click,BV1pjA6zyE2K,网页版防吞,爱磕糖的兔子Y,628963336,2026-02-26 20:15:12,26336,4,2,78,1,0,0,1,0,False
2026-03-09 04:32:03,https://www.bilibili.com/video/BV1pjA6zyE2K/?spm_id_from=333.1387.favlist.content.click,BV1pjA6zyE2K,网页版防吞,爱磕糖的兔子Y,628963336,2026-02-26 20:15:12,26336,4,2,78,1,0,0,1,0,False
2026-03-09 05:32:16,https://www.bilibili.com/video/BV1pjA6zyE2K/?spm_id_from=333.1387.favlist.content.click,BV1pjA6zyE2K,网页版防吞,爱磕糖的兔子Y,628963336,2026-02-26 20:15:12,26336,4,2,78,1,0,0,1,0,False
2026-03-09 06:32:30,https://www.bilibili.com/video/BV1pjA6zyE2K/?spm_id_from=333.1387.favlist.content.click,BV1pjA6zyE2K,网页版防吞,爱磕糖的兔子Y,628963336,2026-02-26 20:15:12,26336,4,2,78,1,0,0,1,0,False
2026-03-09 07:32:44,https://www.bilibili.com/video/BV1pjA6zyE2K/?spm_id_from=333.1387.favlist.content.click,BV1pjA6zyE2K,网页版防吞,爱磕糖的兔子Y,628963336,2026-02-26 20:15:12,26336,4,2,78,1,0,0,1,0,False
2026-03-09 08:32:58,https://www.bilibili.com/video/BV1pjA6zyE2K/?spm_id_from=333.1387.favlist.content.click,BV1pjA6zyE2K,网页版防吞,爱磕糖的兔子Y,628963336,2026-02-26 20:15:12,26336,4,2,78,1,0,0,1,0,False
2026-03-09 09:33:12,https://www.bilibili.com/video/BV1pjA6zyE2K/?spm_id_from=333.1387.favlist.content.click,BV1pjA6zyE2K,网页版防吞,爱磕糖的兔子Y,628963336,2026-02-26 20:15:12,26336,4,2,78,1,0,0,1,0,False
2026-03-09 10:33:26,https://www.bilibili.com/video/BV1pjA6zyE2K/?spm_id_from=333.1387.favlist.content.click,BV1pjA6zyE2K,网页版防吞,爱磕糖的兔子Y,628963336,2026-02-26 20:15:12,26336,4,2,78,1,0,0,1,0,False
2026-03-09 11:33:40,https://www.bilibili.com/video/BV1pjA6zyE2K/?spm_id_from=333.1387.favlist.content.click,BV1pjA6zyE2K,网页版防吞,爱磕糖的兔子Y,628963336,2026-02-26 20:15:12,26336,4,2,78,1,0,0,1,0,False
2026-03-09 12:33:54,https://www.bilibili.com/video/BV1pjA6zyE2K/?spm_id_from=333.1387.favlist.content.click,BV1pjA6zyE2K,网页版防吞,爱磕糖的兔子Y,628963336,2026-02-26 20:15:12,26336,4,2,78,1,0,0,1,0,False
2026-03-09 13:34:08,https://www.bilibili.com/video/BV1pjA6zyE2K/?spm_id_from=333.1387.favlist.content.click,BV1pjA6zyE2K,网页版防吞,爱磕糖的兔子Y,628963336,2026-02-26 20:15:12,26336,4,2,78,1,0,0,1,0,False
2026-03-09 14:34:22,https://www.bilibili.com/video/BV1pjA6zyE2K/?spm_id_from=333.1387.favlist.content.click,BV1pjA6zyE2K,网页版防吞,爱磕糖的兔子Y,628963336,2026-02-26 20:15:12,26336,4,2,78,1,0,0,1,0,False
2026-03-09 15:34:36,https://www.bilibili.com/video/BV1pjA6zyE2K/?spm_id_from=333.1387.favlist.content.click,BV1pjA6zyE2K,网页版防吞,爱磕糖的兔子Y,628963336,2026-02-26 20:15:12,26336,4,2,78,1,0,0,1,0,False
2026-03-09 19:35:49,https://www.bilibili.com/video/BV1pjA6zyE2K/?spm_id_from=333.1387.favlist.content.click,BV1pjA6zyE2K,网页版防吞,爱磕糖的兔子Y,628963336,2026-02-26 20:15:12,26336,4,2,78,1,0,0,1,0,False
2026-03-09 20:36:03,https://www.bilibili.com/video/BV1pjA6zyE2K/?spm_id_from=333.1387.favlist.content.click,BV1pjA6zyE2K,网页版防吞,爱磕糖的兔子Y,628963336,2026-02-26 20:15:12,26336,4,2,78,1,0,0,1,0,False
2026-03-09 21:36:17,https://www.bilibili.com/video/BV1pjA6zyE2K/?spm_id_from=333.1387.favlist.content.click,BV1pjA6zyE2K,网页版防吞,爱磕糖的兔子Y,628963336,2026-02-26 20:15:12,26336,4,2,78,1,0,0,1,0,False
2026-03-09 22:36:31,https://www.bilibili.com/video/BV1pjA6zyE2K/?spm_id_from=333.1387.favlist.content.click,BV1pjA6zyE2K,网页版防吞,爱磕糖的兔子Y,628963336,2026-02-26 20:15:12,26336,4,2,78,1,0,0,1,0,False
2026-03-09 23:36:46,https://www.bilibili.com/video/BV1pjA6zyE2K/?spm_id_from=333.1387.favlist.content.click,BV1pjA6zyE2K,网页版防吞,爱磕糖的兔子Y,628963336,2026-02-26 20:15:12,26336,4,2,78,1,0,0,1,0,False
2026-03-09 00:31:07,https://www.bilibili.com/video/BV1ac6aBVER8/?spm_id_from=333.1387.favlist.content.click,BV1ac6aBVER8,【杨博文｜4K双机位直拍】《闭嘴跳舞》内娱竟有如此红丝绒般的唱跳舞台,Eternity丨杨博文,3691009716259112,2026-02-02 09:56:33,41872,2861,342,1764,9,30,13,2,0,False
2026-03-09 01:31:21,https://www.bilibili.com/video/BV1ac6aBVER8/?spm_id_from=333.1387.favlist.content.click,BV1ac6aBVER8,【杨博文｜4K双机位直拍】《闭嘴跳舞》内娱竟有如此红丝绒般的唱跳舞台,Eternity丨杨博文,3691009716259112,2026-02-02 09:56:33,41873,2861,342,1764,9,30,13,1,1,False
2026-03-09 02:31:35,https://www.bilibili.com/video/BV1ac6aBVER8/?spm_id_from=333.1387.favlist.content.click,BV1ac6aBVER8,【杨博文｜4K双机位直拍】《闭嘴跳舞》内娱竟有如此红丝绒般的唱跳舞台,Eternity丨杨博文,3691009716259112,2026-02-02 09:56:33,41874,2861,342,1764,9,30,13,1,1,False
2026-03-09 03:31:49,https://www.bilibili.com/video/BV1ac6aBVER8/?spm_id_from=333.1387.favlist.content.click,BV1ac6aBVER8,【杨博文｜4K双机位直拍】《闭嘴跳舞》内娱竟有如此红丝绒般的唱跳舞台,Eternity丨杨博文,3691009716259112,2026-02-02 09:56:33,41875,2861,342,1764,9,30,13,1,1,False
2026-03-09 04:32:03,https://www.bilibili.com/video/BV1ac6aBVER8/?spm_id_from=333.1387.favlist.content.click,BV1ac6aBVER8,【杨博文｜4K双机位直拍】《闭嘴跳舞》内娱竟有如此红丝绒般的唱跳舞台,Eternity丨杨博文,3691009716259112,2026-02-02 09:56:33,41876,2861,342,1764,9,30,13,1,1,False
2026-03-09 05:32:16,https://www.bilibili.com/video/BV1ac6aBVER8/?spm_id_from=333.1387.favlist.content.click,BV1ac6aBVER8,【杨博文｜4K双机位直拍】《闭嘴跳舞》内娱竟有如此红丝绒般的唱跳舞台,Eternity丨杨博文,3691009716259112,2026-02-02 09:56:33,41877,2861,342,1764,9,30,13,1,1,False
2026-03-09 06:32:30,https://www.bilibili.com/video/BV1ac6aBVER8/?spm_id_from=333.1387.favlist.content.click,BV1ac6aBVER8,【杨博文｜4K双机位直拍】《闭嘴跳舞》内娱竟有如此红丝绒般的唱跳舞台,Eternity丨杨博文,3691009716259112,2026-02-02 09:56:33,41878,2861,342,1764,9,30,13,1,1,False
2026-03-09 07:32:44,https://www.bilibili.com/video/BV1ac6aBVER8/?spm_id_from=333.1387.favlist.content.click,BV1ac6aBVER8,【杨博文｜4K双机位直拍】《闭嘴跳舞》内娱竟有如此红丝绒般的唱跳舞台,Eternity丨杨博文,3691009716259112,2026-02-02 09:56:33,41879,2861,342,1764,9,30,13,1,1,False
2026-03-09 08:32:58,https://www.bilibili.com/video/BV1ac6aBVER8/?spm_id_from=333.1387.favlist.content.click,BV1ac6aBVER8,【杨博文｜4K双机位直拍】《闭嘴跳舞》内娱竟有如此红丝绒般的唱跳舞台,Eternity丨杨博文,3691009716259112,2026-02-02 09:56:33,41881,2861,342,1764,9,30,13,1,2,False
2026-03-09 09:33:12,https://www.bilibili.com/video/BV1ac6aBVER8/?spm_id_from=333.1387.favlist.content.click,BV1ac6aBVER8,【杨博文｜4K双机位直拍】《闭嘴跳舞》内娱竟有如此红丝绒般的唱跳舞台,Eternity丨杨博文,3691009716259112,2026-02-02 09:56:33,41883,2862,344,1764,9,30,13,1,2,False
2026-03-09 10:33:26,https://www.bilibili.com/video/BV1ac6aBVER8/?spm_id_from=333.1387.favlist.content.click,BV1ac6aBVER8,【杨博文｜4K双机位直拍】《闭嘴跳舞》内娱竟有如此红丝绒般的唱跳舞台,Eternity丨杨博文,3691009716259112,2026-02-02 09:56:33,41883,2862,344,1764,9,30,13,1,0,False
2026-03-09 11:33:40,https://www.bilibili.com/video/BV1ac6aBVER8/?spm_id_from=333.1387.favlist.content.click,BV1ac6aBVER8,【杨博文｜4K双机位直拍】《闭嘴跳舞》内娱竟有如此红丝绒般的唱跳舞台,Eternity丨杨博文,3691009716259112,2026-02-02 09:56:33,41887,2862,344,1764,9,30,13,1,4,False
2026-03-09 12:33:54,https://www.bilibili.com/video/BV1ac6aBVER8/?spm_id_from=333.1387.favlist.content.click,BV1ac6aBVER8,【杨博文｜4K双机位直拍】《闭嘴跳舞》内娱竟有如此红丝绒般的唱跳舞台,Eternity丨杨博文,3691009716259112,2026-02-02 09:56:33,41889,2862,344,1764,9,30,13,1,2,False
2026-03-09 13:34:08,https://www.bilibili.com/video/BV1ac6aBVER8/?spm_id_from=333.1387.favlist.content.click,BV1ac6aBVER8,【杨博文｜4K双机位直拍】《闭嘴跳舞》内娱竟有如此红丝绒般的唱跳舞台,Eternity丨杨博文,3691009716259112,2026-02-02 09:56:33,41895,2864,344,1767,9,30,13,1,6,False
2026-03-09 14:34:22,https://www.bilibili.com/video/BV1ac6aBVER8/?spm_id_from=333.1387.favlist.content.click,BV1ac6aBVER8,【杨博文｜4K双机位直拍】《闭嘴跳舞》内娱竟有如此红丝绒般的唱跳舞台,Eternity丨杨博文,3691009716259112,2026-02-02 09:56:33,41898,2864,344,1767,9,30,13,1,3,False
2026-03-09 15:34:36,https://www.bilibili.com/video/BV1ac6aBVER8/?spm_id_from=333.1387.favlist.content.click,BV1ac6aBVER8,【杨博文｜4K双机位直拍】《闭嘴跳舞》内娱竟有如此红丝绒般的唱跳舞台,Eternity丨杨博文,3691009716259112,2026-02-02 09:56:33,41898,2864,344,1767,9,30,13,1,0,False
2026-03-09 19:35:49,https://www.bilibili.com/video/BV1ac6aBVER8/?spm_id_from=333.1387.favlist.content.click,BV1ac6aBVER8,【杨博文｜4K双机位直拍】《闭嘴跳舞》内娱竟有如此红丝绒般的唱跳舞台,Eternity丨杨博文,3691009716259112,2026-02-02 09:56:33,41914,2868,344,1770,9,30,13,1,16,False
2026-03-09 20:36:03,https://www.bilibili.com/video/BV1ac6aBVER8/?spm_id_from=333.1387.favlist.content.click,BV1ac6aBVER8,【杨博文｜4K双机位直拍】《闭嘴跳舞》内娱竟有如此红丝绒般的唱跳舞台,Eternity丨杨博文,3691009716259112,2026-02-02 09:56:33,41920,2869,344,1770,9,30,13,1,6,False
2026-03-09 21:36:17,https://www.bilibili.com/video/BV1ac6aBVER8/?spm_id_from=333.1387.favlist.content.click,BV1ac6aBVER8,【杨博文｜4K双机位直拍】《闭嘴跳舞》内娱竟有如此红丝绒般的唱跳舞台,Eternity丨杨博文,3691009716259112,2026-02-02 09:56:33,41930,2869,344,1771,9,30,13,1,10,False
2026-03-09 22:36:31,https://www.bilibili.com/video/BV1ac6aBVER8/?spm_id_from=333.1387.favlist.content.click,BV1ac6aBVER8,【杨博文｜4K双机位直拍】《闭嘴跳舞》内娱竟有如此红丝绒般的唱跳舞台,Eternity丨杨博文,3691009716259112,2026-02-02 09:56:33,41933,2869,344,1771,9,30,13,1,3,False
2026-03-09 23:36:46,https://www.bilibili.com/video/BV1ac6aBVER8/?spm_id_from=333.1387.favlist.content.click,BV1ac6aBVER8,【杨博文｜4K双机位直拍】《闭嘴跳舞》内娱竟有如此红丝绒般的唱跳舞台,Eternity丨杨博文,3691009716259112,2026-02-02 09:56:33,41936,2870,344,1771,9,30,13,1,3,False
2026-03-09 00:31:07,https://www.bilibili.com/video/BV1eQ6bBrE5m/?spm_id_from=333.1387.favlist.content.click,BV1eQ6bBrE5m,【杨博文】四代来了一个表管天才<闭嘴跳舞>4k精剪直拍,61strawberry,3691004414658723,2026-02-01 20:51:17,66414,4277,520,3827,16,29,14,1,0,False
2026-03-09 01:31:21,https://www.bilibili.com/video/BV1eQ6bBrE5m/?spm_id_from=333.1387.favlist.content.click,BV1eQ6bBrE5m,【杨博文】四代来了一个表管天才<闭嘴跳舞>4k精剪直拍,61strawberry,3691004414658723,2026-02-01 20:51:17,66417,4277,520,3827,16,29,14,1,3,False
2026-03-09 02:31:35,https://www.bilibili.com/video/BV1eQ6bBrE5m/?spm_id_from=333.1387.favlist.content.click,BV1eQ6bBrE5m,【杨博文】四代来了一个表管天才<闭嘴跳舞>4k精剪直拍,61strawberry,3691004414658723,2026-02-01 20:51:17,66419,4277,520,3827,16,29,14,1,2,False
2026-03-09 03:31:49,https://www.bilibili.com/video/BV1eQ6bBrE5m/?spm_id_from=333.1387.favlist.content.click,BV1eQ6bBrE5m,【杨博文】四代来了一个表管天才<闭嘴跳舞>4k精剪直拍,61strawberry,3691004414658723,2026-02-01 20:51:17,66419,4277,520,3827,16,29,14,1,0,False
2026-03-09 04:32:03,https://www.bilibili.com/video/BV1eQ6bBrE5m/?spm_id_from=333.1387.favlist.content.click,BV1eQ6bBrE5m,【杨博文】四代来了一个表管天才<闭嘴跳舞>4k精剪直拍,61strawberry,3691004414658723,2026-02-01 20:51:17,66420,4277,520,3828,16,29,14,1,1,False
2026-03-09 05:32:16,https://www.bilibili.com/video/BV1eQ6bBrE5m/?spm_id_from=333.1387.favlist.content.click,BV1eQ6bBrE5m,【杨博文】四代来了一个表管天才<闭嘴跳舞>4k精剪直拍,61strawberry,3691004414658723,2026-02-01 20:51:17,66420,4277,520,3828,16,29,14,1,0,False
2026-03-09 06:32:30,https://www.bilibili.com/video/BV1eQ6bBrE5m/?spm_id_from=333.1387.favlist.content.click,BV1eQ6bBrE5m,【杨博文】四代来了一个表管天才<闭嘴跳舞>4k精剪直拍,61strawberry,3691004414658723,2026-02-01 20:51:17,66421,4277,520,3828,16,29,14,1,1,False
2026-03-09 07:32:44,https://www.bilibili.com/video/BV1eQ6bBrE5m/?spm_id_from=333.1387.favlist.content.click,BV1eQ6bBrE5m,【杨博文】四代来了一个表管天才<闭嘴跳舞>4k精剪直拍,61strawberry,3691004414658723,2026-02-01 20:51:17,66421,4277,520,3828,16,29,14,1,0,False
2026-03-09 08:32:58,https://www.bilibili.com/video/BV1eQ6bBrE5m/?spm_id_from=333.1387.favlist.content.click,BV1eQ6bBrE5m,【杨博文】四代来了一个表管天才<闭嘴跳舞>4k精剪直拍,61strawberry,3691004414658723,2026-02-01 20:51:17,66422,4277,520,3828,16,29,14,1,1,False
2026-03-09 09:33:12,https://www.bilibili.com/video/BV1eQ6bBrE5m/?spm_id_from=333.1387.favlist.content.click,BV1eQ6bBrE5m,【杨博文】四代来了一个表管天才<闭嘴跳舞>4k精剪直拍,61strawberry,3691004414658723,2026-02-01 20:51:17,66422,4277,520,3828,16,29,14,1,0,False
2026-03-09 10:33:26,https://www.bilibili.com/video/BV1eQ6bBrE5m/?spm_id_from=333.1387.favlist.content.click,BV1eQ6bBrE5m,【杨博文】四代来了一个表管天才<闭嘴跳舞>4k精剪直拍,61strawberry,3691004414658723,2026-02-01 20:51:17,66422,4277,520,3828,16,29,14,1,0,False
2026-03-09 11:33:40,https://www.bilibili.com/video/BV1eQ6bBrE5m/?spm_id_from=333.1387.favlist.content.click,BV1eQ6bBrE5m,【杨博文】四代来了一个表管天才<闭嘴跳舞>4k精剪直拍,61strawberry,3691004414658723,2026-02-01 20:51:17,66424,4278,520,3830,16,29,14,1,2,False
2026-03-09 12:33:54,https://www.bilibili.com/video/BV1eQ6bBrE5m/?spm_id_from=333.1387.favlist.content.click,BV1eQ6bBrE5m,【杨博文】四代来了一个表管天才<闭嘴跳舞>4k精剪直拍,61strawberry,3691004414658723,2026-02-01 20:51:17,66435,4278,520,3830,16,29,14,1,11,False
2026-03-09 13:34:08,https://www.bilibili.com/video/BV1eQ6bBrE5m/?spm_id_from=333.1387.favlist.content.click,BV1eQ6bBrE5m,【杨博文】四代来了一个表管天才<闭嘴跳舞>4k精剪直拍,61strawberry,3691004414658723,2026-02-01 20:51:17,66448,4280,520,3832,16,29,14,1,13,False
2026-03-09 14:34:22,https://www.bilibili.com/video/BV1eQ6bBrE5m/?spm_id_from=333.1387.favlist.content.click,BV1eQ6bBrE5m,【杨博文】四代来了一个表管天才<闭嘴跳舞>4k精剪直拍,61strawberry,3691004414658723,2026-02-01 20:51:17,66449,4281,520,3833,16,29,14,1,1,False
2026-03-09 15:34:36,https://www.bilibili.com/video/BV1eQ6bBrE5m/?spm_id_from=333.1387.favlist.content.click,BV1eQ6bBrE5m,【杨博文】四代来了一个表管天才<闭嘴跳舞>4k精剪直拍,61strawberry,3691004414658723,2026-02-01 20:51:17,66449,4281,520,3833,16,29,14,1,0,False
2026-03-09 19:35:49,https://www.bilibili.com/video/BV1eQ6bBrE5m/?spm_id_from=333.1387.favlist.content.click,BV1eQ6bBrE5m,【杨博文】四代来了一个表管天才<闭嘴跳舞>4k精剪直拍,61strawberry,3691004414658723,2026-02-01 20:51:17,66515,4292,524,3844,16,29,14,1,66,False
2026-03-09 20:36:03,https://www.bilibili.com/video/BV1eQ6bBrE5m/?spm_id_from=333.1387.favlist.content.click,BV1eQ6bBrE5m,【杨博文】四代来了一个表管天才<闭嘴跳舞>4k精剪直拍,61strawberry,3691004414658723,2026-02-01 20:51:17,66547,4294,524,3847,16,29,14,1,32,False
2026-03-09 21:36:17,https://www.bilibili.com/video/BV1eQ6bBrE5m/?spm_id_from=333.1387.favlist.content.click,BV1eQ6bBrE5m,【杨博文】四代来了一个表管天才<闭嘴跳舞>4k精剪直拍,61strawberry,3691004414658723,2026-02-01 20:51:17,66575,4300,524,3853,16,29,14,1,28,False
2026-03-09 22:36:31,https://www.bilibili.com/video/BV1eQ6bBrE5m/?spm_id_from=333.1387.favlist.content.click,BV1eQ6bBrE5m,【杨博文】四代来了一个表管天才<闭嘴跳舞>4k精剪直拍,61strawberry,3691004414658723,2026-02-01 20:51:17,66599,4306,524,3859,16,29,14,1,24,False
2026-03-09 23:36:46,https://www.bilibili.com/video/BV1eQ6bBrE5m/?spm_id_from=333.1387.favlist.content.click,BV1eQ6bBrE5m,【杨博文】四代来了一个表管天才<闭嘴跳舞>4k精剪直拍,61strawberry,3691004414658723,2026-02-01 20:51:17,66604,4306,524,3859,16,29,14,1,5,False
2026-03-09 00:31:07,https://www.bilibili.com/video/BV1Yo6bBMET2/?spm_id_from=333.1387.favlist.content.click,BV1Yo6bBMET2,【杨博文|4K直拍】《Why Why Why》 说什么又爱又恨的 其实梦里都是我的脸吧,WILSON丨杨博文,1383223009,2026-02-01 20:52:11,27697,414,112,212,5,4,1,1,0,False
2026-03-09 01:31:21,https://www.bilibili.com/video/BV1Yo6bBMET2/?spm_id_from=333.1387.favlist.content.click,BV1Yo6bBMET2,【杨博文|4K直拍】《Why Why Why》 说什么又爱又恨的 其实梦里都是我的脸吧,WILSON丨杨博文,1383223009,2026-02-01 20:52:11,27697,414,112,212,5,4,1,1,0,False
2026-03-09 02:31:35,https://www.bilibili.com/video/BV1Yo6bBMET2/?spm_id_from=333.1387.favlist.content.click,BV1Yo6bBMET2,【杨博文|4K直拍】《Why Why Why》 说什么又爱又恨的 其实梦里都是我的脸吧,WILSON丨杨博文,1383223009,2026-02-01 20:52:11,27697,414,112,212,5,4,1,1,0,False
2026-03-09 03:31:49,https://www.bilibili.com/video/BV1Yo6bBMET2/?spm_id_from=333.1387.favlist.content.click,BV1Yo6bBMET2,【杨博文|4K直拍】《Why Why Why》 说什么又爱又恨的 其实梦里都是我的脸吧,WILSON丨杨博文,1383223009,2026-02-01 20:52:11,27697,414,112,212,5,4,1,1,0,False
2026-03-09 04:32:03,https://www.bilibili.com/video/BV1Yo6bBMET2/?spm_id_from=333.1387.favlist.content.click,BV1Yo6bBMET2,【杨博文|4K直拍】《Why Why Why》 说什么又爱又恨的 其实梦里都是我的脸吧,WILSON丨杨博文,1383223009,2026-02-01 20:52:11,27697,414,112,212,5,4,1,1,0,False
2026-03-09 05:32:16,https://www.bilibili.com/video/BV1Yo6bBMET2/?spm_id_from=333.1387.favlist.content.click,BV1Yo6bBMET2,【杨博文|4K直拍】《Why Why Why》 说什么又爱又恨的 其实梦里都是我的脸吧,WILSON丨杨博文,1383223009,2026-02-01 20:52:11,27697,414,112,212,5,4,1,1,0,False
2026-03-09 06:32:30,https://www.bilibili.com/video/BV1Yo6bBMET2/?spm_id_from=333.1387.favlist.content.click,BV1Yo6bBMET2,【杨博文|4K直拍】《Why Why Why》 说什么又爱又恨的 其实梦里都是我的脸吧,WILSON丨杨博文,1383223009,2026-02-01 20:52:11,27697,414,112,212,5,4,1,1,0,False
2026-03-09 07:32:44,https://www.bilibili.com/video/BV1Yo6bBMET2/?spm_id_from=333.1387.favlist.content.click,BV1Yo6bBMET2,【杨博文|4K直拍】《Why Why Why》 说什么又爱又恨的 其实梦里都是我的脸吧,WILSON丨杨博文,1383223009,2026-02-01 20:52:11,27697,414,112,212,5,4,1,1,0,False
2026-03-09 08:32:58,https://www.bilibili.com/video/BV1Yo6bBMET2/?spm_id_from=333.1387.favlist.content.click,BV1Yo6bBMET2,【杨博文|4K直拍】《Why Why Why》 说什么又爱又恨的 其实梦里都是我的脸吧,WILSON丨杨博文,1383223009,2026-02-01 20:52:11,27697,414,112,212,5,4,1,1,0,False
2026-03-09 09:33:12,https://www.bilibili.com/video/BV1Yo6bBMET2/?spm_id_from=333.1387.favlist.content.click,BV1Yo6bBMET2,【杨博文|4K直拍】《Why Why Why》 说什么又爱又恨的 其实梦里都是我的脸吧,WILSON丨杨博文,1383223009,2026-02-01 20:52:11,27697,414,112,212,5,4,1,1,0,False
2026-03-09 10:33:26,https://www.bilibili.com/video/BV1Yo6bBMET2/?spm_id_from=333.1387.favlist.content.click,BV1Yo6bBMET2,【杨博文|4K直拍】《Why Why Why》 说什么又爱又恨的 其实梦里都是我的脸吧,WILSON丨杨博文,1383223009,2026-02-01 20:52:11,27697,414,112,212,5,4,1,1,0,False
2026-03-09 11:33:40,https://www.bilibili.com/video/BV1Yo6bBMET2/?spm_id_from=333.1387.favlist.content.click,BV1Yo6bBMET2,【杨博文|4K直拍】《Why Why Why》 说什么又爱又恨的 其实梦里都是我的脸吧,WILSON丨杨博文,1383223009,2026-02-01 20:52:11,27697,414,112,212,5,4,1,1,0,False
2026-03-09 12:33:54,https://www.bilibili.com/video/BV1Yo6bBMET2/?spm_id_from=333.1387.favlist.content.click,BV1Yo6bBMET2,【杨博文|4K直拍】《Why Why Why》 说什么又爱又恨的 其实梦里都是我的脸吧,WILSON丨杨博文,1383223009,2026-02-01 20:52:11,27697,414,112,212,5,4,1,1,0,False
2026-03-09 13:34:08,https://www.bilibili.com/video/BV1Yo6bBMET2/?spm_id_from=333.1387.favlist.content.click,BV1Yo6bBMET2,【杨博文|4K直拍】《Why Why Why》 说什么又爱又恨的 其实梦里都是我的脸吧,WILSON丨杨博文,1383223009,2026-02-01 20:52:11,27697,414,112,212,5,4,1,1,0,False
2026-03-09 14:34:22,https://www.bilibili.com/video/BV1Yo6bBMET2/?spm_id_from=333.1387.favlist.content.click,BV1Yo6bBMET2,【杨博文|4K直拍】《Why Why Why》 说什么又爱又恨的 其实梦里都是我的脸吧,WILSON丨杨博文,1383223009,2026-02-01 20:52:11,27697,414,112,212,5,4,1,1,0,False
2026-03-09 15:34:36,https://www.bilibili.com/video/BV1Yo6bBMET2/?spm_id_from=333.1387.favlist.content.click,BV1Yo6bBMET2,【杨博文|4K直拍】《Why Why Why》 说什么又爱又恨的 其实梦里都是我的脸吧,WILSON丨杨博文,1383223009,2026-02-01 20:52:11,27697,414,112,212,5,4,1,1,0,False
2026-03-09 19:35:49,https://www.bilibili.com/video/BV1Yo6bBMET2/?spm_id_from=333.1387.favlist.content.click,BV1Yo6bBMET2,【杨博文|4K直拍】《Why Why Why》 说什么又爱又恨的 其实梦里都是我的脸吧,WILSON丨杨博文,1383223009,2026-02-01 20:52:11,27698,414,112,212,5,4,1,1,1,False
2026-03-09 20:36:03,https://www.bilibili.com/video/BV1Yo6bBMET2/?spm_id_from=333.1387.favlist.content.click,BV1Yo6bBMET2,【杨博文|4K直拍】《Why Why Why》 说什么又爱又恨的 其实梦里都是我的脸吧,WILSON丨杨博文,1383223009,2026-02-01 20:52:11,27698,414,112,212,5,4,1,1,0,False
2026-03-09 21:36:17,https://www.bilibili.com/video/BV1Yo6bBMET2/?spm_id_from=333.1387.favlist.content.click,BV1Yo6bBMET2,【杨博文|4K直拍】《Why Why Why》 说什么又爱又恨的 其实梦里都是我的脸吧,WILSON丨杨博文,1383223009,2026-02-01 20:52:11,27698,414,112,212,5,4,1,1,0,False
2026-03-09 22:36:31,https://www.bilibili.com/video/BV1Yo6bBMET2/?spm_id_from=333.1387.favlist.content.click,BV1Yo6bBMET2,【杨博文|4K直拍】《Why Why Why》 说什么又爱又恨的 其实梦里都是我的脸吧,WILSON丨杨博文,1383223009,2026-02-01 20:52:11,27698,414,112,212,5,4,1,1,0,False
2026-03-09 23:36:46,https://www.bilibili.com/video/BV1Yo6bBMET2/?spm_id_from=333.1387.favlist.content.click,BV1Yo6bBMET2,【杨博文|4K直拍】《Why Why Why》 说什么又爱又恨的 其实梦里都是我的脸吧,WILSON丨杨博文,1383223009,2026-02-01 20:52:11,27698,414,112,212,5,4,1,1,0,False
2026-03-09 00:31:07,https://www.bilibili.com/video/BV1jN64BKECs/?spm_id_from=333.337.search-card.all.click&vd_source=406d0cf895bedbdc58a3d0130d55e34c,BV1jN64BKECs,【杨博文｜4K直拍】跟着节奏一起《闭嘴跳舞》～,关键时刻来瓶尖叫,2142251174,2026-02-01 20:20:32,1276527,18960,13838,16727,2109,2241,6238,1,0,False
2026-03-09 01:31:21,https://www.bilibili.com/video/BV1jN64BKECs/?spm_id_from=333.337.search-card.all.click&vd_source=406d0cf895bedbdc58a3d0130d55e34c,BV1jN64BKECs,【杨博文｜4K直拍】跟着节奏一起《闭嘴跳舞》～,关键时刻来瓶尖叫,2142251174,2026-02-01 20:20:32,1276550,18962,13838,16728,2109,2241,6239,1,23,False
2026-03-09 02:31:35,https://www.bilibili.com/video/BV1jN64BKECs/?spm_id_from=333.337.search-card.all.click&vd_source=406d0cf895bedbdc58a3d0130d55e34c,BV1jN64BKECs,【杨博文｜4K直拍】跟着节奏一起《闭嘴跳舞》～,关键时刻来瓶尖叫,2142251174,2026-02-01 20:20:32,1276560,18963,13838,16729,2109,2241,6239,1,10,False
2026-03-09 03:31:49,https://www.bilibili.com/video/BV1jN64BKECs/?spm_id_from=333.337.search-card.all.click&vd_source=406d0cf895bedbdc58a3d0130d55e34c,BV1jN64BKECs,【杨博文｜4K直拍】跟着节奏一起《闭嘴跳舞》～,关键时刻来瓶尖叫,2142251174,2026-02-01 20:20:32,1276564,18963,13838,16729,2109,2241,6239,1,4,False
2026-03-09 04:32:03,https://www.bilibili.com/video/BV1jN64BKECs/?spm_id_from=333.337.search-card.all.click&vd_source=406d0cf895bedbdc58a3d0130d55e34c,BV1jN64BKECs,【杨博文｜4K直拍】跟着节奏一起《闭嘴跳舞》～,关键时刻来瓶尖叫,2142251174,2026-02-01 20:20:32,1276570,18963,13838,16729,2109,2241,6239,1,6,False
2026-03-09 05:32:16,https://www.bilibili.com/video/BV1jN64BKECs/?spm_id_from=333.337.search-card.all.click&vd_source=406d0cf895bedbdc58a3d0130d55e34c,BV1jN64BKECs,【杨博文｜4K直拍】跟着节奏一起《闭嘴跳舞》～,关键时刻来瓶尖叫,2142251174,2026-02-01 20:20:32,1276575,18963,13838,16729,2109,2241,6239,1,5,False
2026-03-09 06:32:30,https://www.bilibili.com/video/BV1jN64BKECs/?spm_id_from=333.337.search-card.all.click&vd_source=406d0cf895bedbdc58a3d0130d55e34c,BV1jN64BKECs,【杨博文｜4K直拍】跟着节奏一起《闭嘴跳舞》～,关键时刻来瓶尖叫,2142251174,2026-02-01 20:20:32,1276579,18963,13838,16730,2109,2241,6239,1,4,False
2026-03-09 07:32:44,https://www.bilibili.com/video/BV1jN64BKECs/?spm_id_from=333.337.search-card.all.click&vd_source=406d0cf895bedbdc58a3d0130d55e34c,BV1jN64BKECs,【杨博文｜4K直拍】跟着节奏一起《闭嘴跳舞》～,关键时刻来瓶尖叫,2142251174,2026-02-01 20:20:32,1276583,18963,13838,16730,2109,2241,6239,1,4,False
2026-03-09 08:32:58,https://www.bilibili.com/video/BV1jN64BKECs/?spm_id_from=333.337.search-card.all.click&vd_source=406d0cf895bedbdc58a3d0130d55e34c,BV1jN64BKECs,【杨博文｜4K直拍】跟着节奏一起《闭嘴跳舞》～,关键时刻来瓶尖叫,2142251174,2026-02-01 20:20:32,1276590,18963,13838,16730,2109,2241,6239,1,7,False
2026-03-09 09:33:12,https://www.bilibili.com/video/BV1jN64BKECs/?spm_id_from=333.337.search-card.all.click&vd_source=406d0cf895bedbdc58a3d0130d55e34c,BV1jN64BKECs,【杨博文｜4K直拍】跟着节奏一起《闭嘴跳舞》～,关键时刻来瓶尖叫,2142251174,2026-02-01 20:20:32,1276599,18963,13838,16730,2109,2241,6239,1,9,False
2026-03-09 10:33:26,https://www.bilibili.com/video/BV1jN64BKECs/?spm_id_from=333.337.search-card.all.click&vd_source=406d0cf895bedbdc58a3d0130d55e34c,BV1jN64BKECs,【杨博文｜4K直拍】跟着节奏一起《闭嘴跳舞》～,关键时刻来瓶尖叫,2142251174,2026-02-01 20:20:32,1276608,18963,13838,16729,2109,2241,6239,1,9,False
2026-03-09 11:33:40,https://www.bilibili.com/video/BV1jN64BKECs/?spm_id_from=333.337.search-card.all.click&vd_source=406d0cf895bedbdc58a3d0130d55e34c,BV1jN64BKECs,【杨博文｜4K直拍】跟着节奏一起《闭嘴跳舞》～,关键时刻来瓶尖叫,2142251174,2026-02-01 20:20:32,1276620,18963,13838,16729,2109,2241,6239,1,12,False
2026-03-09 12:33:54,https://www.bilibili.com/video/BV1jN64BKECs/?spm_id_from=333.337.search-card.all.click&vd_source=406d0cf895bedbdc58a3d0130d55e34c,BV1jN64BKECs,【杨博文｜4K直拍】跟着节奏一起《闭嘴跳舞》～,关键时刻来瓶尖叫,2142251174,2026-02-01 20:20:32,1276641,18964,13838,16730,2109,2241,6241,2,21,False
2026-03-09 13:34:08,https://www.bilibili.com/video/BV1jN64BKECs/?spm_id_from=333.337.search-card.all.click&vd_source=406d0cf895bedbdc58a3d0130d55e34c,BV1jN64BKECs,【杨博文｜4K直拍】跟着节奏一起《闭嘴跳舞》～,关键时刻来瓶尖叫,2142251174,2026-02-01 20:20:32,1276691,18967,13839,16733,2110,2241,6241,1,50,False
2026-03-09 14:34:22,https://www.bilibili.com/video/BV1jN64BKECs/?spm_id_from=333.337.search-card.all.click&vd_source=406d0cf895bedbdc58a3d0130d55e34c,BV1jN64BKECs,【杨博文｜4K直拍】跟着节奏一起《闭嘴跳舞》～,关键时刻来瓶尖叫,2142251174,2026-02-01 20:20:32,1276722,18969,13839,16735,2110,2241,6241,3,31,False
2026-03-09 15:34:36,https://www.bilibili.com/video/BV1jN64BKECs/?spm_id_from=333.337.search-card.all.click&vd_source=406d0cf895bedbdc58a3d0130d55e34c,BV1jN64BKECs,【杨博文｜4K直拍】跟着节奏一起《闭嘴跳舞》～,关键时刻来瓶尖叫,2142251174,2026-02-01 20:20:32,1276746,18969,13839,16735,2110,2241,6241,1,24,False
2026-03-09 19:35:49,https://www.bilibili.com/video/BV1jN64BKECs/?spm_id_from=333.337.search-card.all.click&vd_source=406d0cf895bedbdc58a3d0130d55e34c,BV1jN64BKECs,【杨博文｜4K直拍】跟着节奏一起《闭嘴跳舞》～,关键时刻来瓶尖叫,2142251174,2026-02-01 20:20:32,1276877,18976,13841,16741,2110,2241,6243,3,131,False
2026-03-09 20:36:03,https://www.bilibili.com/video/BV1jN64BKECs/?spm_id_from=333.337.search-card.all.click&vd_source=406d0cf895bedbdc58a3d0130d55e34c,BV1jN64BKECs,【杨博文｜4K直拍】跟着节奏一起《闭嘴跳舞》～,关键时刻来瓶尖叫,2142251174,2026-02-01 20:20:32,1276953,18980,13843,16743,2110,2241,6243,2,76,False
2026-03-09 21:36:17,https://www.bilibili.com/video/BV1jN64BKECs/?spm_id_from=333.337.search-card.all.click&vd_source=406d0cf895bedbdc58a3d0130d55e34c,BV1jN64BKECs,【杨博文｜4K直拍】跟着节奏一起《闭嘴跳舞》～,关键时刻来瓶尖叫,2142251174,2026-02-01 20:20:32,1277024,18986,13845,16744,2112,2241,6243,5,71,False
2026-03-09 22:36:31,https://www.bilibili.com/video/BV1jN64BKECs/?spm_id_from=333.337.search-card.all.click&vd_source=406d0cf895bedbdc58a3d0130d55e34c,BV1jN64BKECs,【杨博文｜4K直拍】跟着节奏一起《闭嘴跳舞》～,关键时刻来瓶尖叫,2142251174,2026-02-01 20:20:32,1277092,18989,13845,16750,2112,2241,6243,2,68,False
2026-03-09 23:36:46,https://www.bilibili.com/video/BV1jN64BKECs/?spm_id_from=333.337.search-card.all.click&vd_source=406d0cf895bedbdc58a3d0130d55e34c,BV1jN64BKECs,【杨博文｜4K直拍】跟着节奏一起《闭嘴跳舞》～,关键时刻来瓶尖叫,2142251174,2026-02-01 20:20:32,1277161,18996,13849,16753,2113,2241,6244,3,69,False
2026-03-09 00:31:07,https://www.bilibili.com/video/BV1s8BvBPEN5/?spm_id_from=333.1387.favlist.content.click&vd_source=406d0cf895bedbdc58a3d0130d55e34c,BV1s8BvBPEN5,【杨博文｜4K舞台直拍】好运来祝你好运来～博文宝宝祝你新年好运来,关键时刻来瓶尖叫,2142251174,2025-12-27 00:43:12,1831599,29000,15459,27712,1559,3774,4311,1,0,False
2026-03-09 01:31:21,https://www.bilibili.com/video/BV1s8BvBPEN5/?spm_id_from=333.1387.favlist.content.click&vd_source=406d0cf895bedbdc58a3d0130d55e34c,BV1s8BvBPEN5,【杨博文｜4K舞台直拍】好运来祝你好运来～博文宝宝祝你新年好运来,关键时刻来瓶尖叫,2142251174,2025-12-27 00:43:12,1831614,29002,15459,27714,1559,3774,4311,1,15,False
2026-03-09 02:31:35,https://www.bilibili.com/video/BV1s8BvBPEN5/?spm_id_from=333.1387.favlist.content.click&vd_source=406d0cf895bedbdc58a3d0130d55e34c,BV1s8BvBPEN5,【杨博文｜4K舞台直拍】好运来祝你好运来～博文宝宝祝你新年好运来,关键时刻来瓶尖叫,2142251174,2025-12-27 00:43:12,1831620,29002,15459,27714,1559,3774,4311,1,6,False
2026-03-09 03:31:49,https://www.bilibili.com/video/BV1s8BvBPEN5/?spm_id_from=333.1387.favlist.content.click&vd_source=406d0cf895bedbdc58a3d0130d55e34c,BV1s8BvBPEN5,【杨博文｜4K舞台直拍】好运来祝你好运来～博文宝宝祝你新年好运来,关键时刻来瓶尖叫,2142251174,2025-12-27 00:43:12,1831622,29002,15459,27714,1559,3774,4311,1,2,False
2026-03-09 04:32:03,https://www.bilibili.com/video/BV1s8BvBPEN5/?spm_id_from=333.1387.favlist.content.click&vd_source=406d0cf895bedbdc58a3d0130d55e34c,BV1s8BvBPEN5,【杨博文｜4K舞台直拍】好运来祝你好运来～博文宝宝祝你新年好运来,关键时刻来瓶尖叫,2142251174,2025-12-27 00:43:12,1831626,29002,15459,27714,1559,3774,4311,1,4,False
2026-03-09 05:32:16,https://www.bilibili.com/video/BV1s8BvBPEN5/?spm_id_from=333.1387.favlist.content.click&vd_source=406d0cf895bedbdc58a3d0130d55e34c,BV1s8BvBPEN5,【杨博文｜4K舞台直拍】好运来祝你好运来～博文宝宝祝你新年好运来,关键时刻来瓶尖叫,2142251174,2025-12-27 00:43:12,1831636,29002,15459,27714,1559,3774,4311,1,10,False
2026-03-09 06:32:30,https://www.bilibili.com/video/BV1s8BvBPEN5/?spm_id_from=333.1387.favlist.content.click&vd_source=406d0cf895bedbdc58a3d0130d55e34c,BV1s8BvBPEN5,【杨博文｜4K舞台直拍】好运来祝你好运来～博文宝宝祝你新年好运来,关键时刻来瓶尖叫,2142251174,2025-12-27 00:43:12,1831647,29002,15459,27715,1559,3774,4311,1,11,False
2026-03-09 07:32:44,https://www.bilibili.com/video/BV1s8BvBPEN5/?spm_id_from=333.1387.favlist.content.click&vd_source=406d0cf895bedbdc58a3d0130d55e34c,BV1s8BvBPEN5,【杨博文｜4K舞台直拍】好运来祝你好运来～博文宝宝祝你新年好运来,关键时刻来瓶尖叫,2142251174,2025-12-27 00:43:12,1831656,29003,15461,27715,1559,3774,4311,1,9,False
2026-03-09 08:32:58,https://www.bilibili.com/video/BV1s8BvBPEN5/?spm_id_from=333.1387.favlist.content.click&vd_source=406d0cf895bedbdc58a3d0130d55e34c,BV1s8BvBPEN5,【杨博文｜4K舞台直拍】好运来祝你好运来～博文宝宝祝你新年好运来,关键时刻来瓶尖叫,2142251174,2025-12-27 00:43:12,1831673,29004,15461,27717,1559,3774,4311,1,17,False
2026-03-09 09:33:12,https://www.bilibili.com/video/BV1s8BvBPEN5/?spm_id_from=333.1387.favlist.content.click&vd_source=406d0cf895bedbdc58a3d0130d55e34c,BV1s8BvBPEN5,【杨博文｜4K舞台直拍】好运来祝你好运来～博文宝宝祝你新年好运来,关键时刻来瓶尖叫,2142251174,2025-12-27 00:43:12,1831693,29004,15461,27718,1559,3774,4311,1,20,False
2026-03-09 10:33:26,https://www.bilibili.com/video/BV1s8BvBPEN5/?spm_id_from=333.1387.favlist.content.click&vd_source=406d0cf895bedbdc58a3d0130d55e34c,BV1s8BvBPEN5,【杨博文｜4K舞台直拍】好运来祝你好运来～博文宝宝祝你新年好运来,关键时刻来瓶尖叫,2142251174,2025-12-27 00:43:12,1831716,29004,15461,27718,1559,3774,4311,1,23,False
2026-03-09 11:33:40,https://www.bilibili.com/video/BV1s8BvBPEN5/?spm_id_from=333.1387.favlist.content.click&vd_source=406d0cf895bedbdc58a3d0130d55e34c,BV1s8BvBPEN5,【杨博文｜4K舞台直拍】好运来祝你好运来～博文宝宝祝你新年好运来,关键时刻来瓶尖叫,2142251174,2025-12-27 00:43:12,1831751,29005,15461,27718,1559,3774,4311,1,35,False
2026-03-09 12:33:54,https://www.bilibili.com/video/BV1s8BvBPEN5/?spm_id_from=333.1387.favlist.content.click&vd_source=406d0cf895bedbdc58a3d0130d55e34c,BV1s8BvBPEN5,【杨博文｜4K舞台直拍】好运来祝你好运来～博文宝宝祝你新年好运来,关键时刻来瓶尖叫,2142251174,2025-12-27 00:43:12,1831791,29005,15461,27719,1559,3774,4311,2,40,False
2026-03-09 13:34:08,https://www.bilibili.com/video/BV1s8BvBPEN5/?spm_id_from=333.1387.favlist.content.click&vd_source=406d0cf895bedbdc58a3d0130d55e34c,BV1s8BvBPEN5,【杨博文｜4K舞台直拍】好运来祝你好运来～博文宝宝祝你新年好运来,关键时刻来瓶尖叫,2142251174,2025-12-27 00:43:12,1831847,29005,15461,27721,1559,3774,4311,1,56,False
2026-03-09 14:34:22,https://www.bilibili.com/video/BV1s8BvBPEN5/?spm_id_from=333.1387.favlist.content.click&vd_source=406d0cf895bedbdc58a3d0130d55e34c,BV1s8BvBPEN5,【杨博文｜4K舞台直拍】好运来祝你好运来～博文宝宝祝你新年好运来,关键时刻来瓶尖叫,2142251174,2025-12-27 00:43:12,1831893,29007,15463,27722,1560,3776,4311,1,46,False
2026-03-09 15:34:36,https://www.bilibili.com/video/BV1s8BvBPEN5/?spm_id_from=333.1387.favlist.content.click&vd_source=406d0cf895bedbdc58a3d0130d55e34c,BV1s8BvBPEN5,【杨博文｜4K舞台直拍】好运来祝你好运来～博文宝宝祝你新年好运来,关键时刻来瓶尖叫,2142251174,2025-12-27 00:43:12,1831934,29007,15463,27723,1560,3776,4311,1,41,False
2026-03-09 19:35:49,https://www.bilibili.com/video/BV1s8BvBPEN5/?spm_id_from=333.1387.favlist.content.click&vd_source=406d0cf895bedbdc58a3d0130d55e34c,BV1s8BvBPEN5,【杨博文｜4K舞台直拍】好运来祝你好运来～博文宝宝祝你新年好运来,关键时刻来瓶尖叫,2142251174,2025-12-27 00:43:12,1832093,29010,15464,27725,1560,3776,4311,1,159,False
2026-03-09 20:36:03,https://www.bilibili.com/video/BV1s8BvBPEN5/?spm_id_from=333.1387.favlist.content.click&vd_source=406d0cf895bedbdc58a3d0130d55e34c,BV1s8BvBPEN5,【杨博文｜4K舞台直拍】好运来祝你好运来～博文宝宝祝你新年好运来,关键时刻来瓶尖叫,2142251174,2025-12-27 00:43:12,1832136,29011,15465,27724,1560,3776,4311,1,43,False
2026-03-09 21:36:17,https://www.bilibili.com/video/BV1s8BvBPEN5/?spm_id_from=333.1387.favlist.content.click&vd_source=406d0cf895bedbdc58a3d0130d55e34c,BV1s8BvBPEN5,【杨博文｜4K舞台直拍】好运来祝你好运来～博文宝宝祝你新年好运来,关键时刻来瓶尖叫,2142251174,2025-12-27 00:43:12,1832180,29014,15467,27725,1563,3776,4312,1,44,False
2026-03-09 22:36:31,https://www.bilibili.com/video/BV1s8BvBPEN5/?spm_id_from=333.1387.favlist.content.click&vd_source=406d0cf895bedbdc58a3d0130d55e34c,BV1s8BvBPEN5,【杨博文｜4K舞台直拍】好运来祝你好运来～博文宝宝祝你新年好运来,关键时刻来瓶尖叫,2142251174,2025-12-27 00:43:12,1832219,29016,15467,27723,1563,3776,4312,1,39,False
2026-03-09 23:36:46,https://www.bilibili.com/video/BV1s8BvBPEN5/?spm_id_from=333.1387.favlist.content.click&vd_source=406d0cf895bedbdc58a3d0130d55e34c,BV1s8BvBPEN5,【杨博文｜4K舞台直拍】好运来祝你好运来～博文宝宝祝你新年好运来,关键时刻来瓶尖叫,2142251174,2025-12-27 00:43:12,1832252,29017,15467,27723,1563,3776,4312,1,33,False
2026-03-09 00:31:07,https://www.bilibili.com/video/BV1A5vkB2E1k/?spm_id_from=333.1387.favlist.content.click&vd_source=406d0cf895bedbdc58a3d0130d55e34c,BV1A5vkB2E1k,【杨博文】Hey Mama六机位纯舞直拍丨15岁舞台统治者的诞生，四代主舞燃炸全场！,Kismet丨杨博文,259932025,2025-12-28 22:28:16,2253000,52510,39957,39428,5569,11299,17491,2,0,False
2026-03-09 01:31:21,https://www.bilibili.com/video/BV1A5vkB2E1k/?spm_id_from=333.1387.favlist.content.click&vd_source=406d0cf895bedbdc58a3d0130d55e34c,BV1A5vkB2E1k,【杨博文】Hey Mama六机位纯舞直拍丨15岁舞台统治者的诞生，四代主舞燃炸全场！,Kismet丨杨博文,259932025,2025-12-28 22:28:16,2253071,52511,39959,39429,5569,11299,17493,1,71,False
2026-03-09 02:31:35,https://www.bilibili.com/video/BV1A5vkB2E1k/?spm_id_from=333.1387.favlist.content.click&vd_source=406d0cf895bedbdc58a3d0130d55e34c,BV1A5vkB2E1k,【杨博文】Hey Mama六机位纯舞直拍丨15岁舞台统治者的诞生，四代主舞燃炸全场！,Kismet丨杨博文,259932025,2025-12-28 22:28:16,2253125,52511,39961,39429,5569,11299,17494,2,54,False
2026-03-09 03:31:49,https://www.bilibili.com/video/BV1A5vkB2E1k/?spm_id_from=333.1387.favlist.content.click&vd_source=406d0cf895bedbdc58a3d0130d55e34c,BV1A5vkB2E1k,【杨博文】Hey Mama六机位纯舞直拍丨15岁舞台统治者的诞生，四代主舞燃炸全场！,Kismet丨杨博文,259932025,2025-12-28 22:28:16,2253160,52511,39961,39429,5569,11299,17494,1,35,False
2026-03-09 04:32:03,https://www.bilibili.com/video/BV1A5vkB2E1k/?spm_id_from=333.1387.favlist.content.click&vd_source=406d0cf895bedbdc58a3d0130d55e34c,BV1A5vkB2E1k,【杨博文】Hey Mama六机位纯舞直拍丨15岁舞台统治者的诞生，四代主舞燃炸全场！,Kismet丨杨博文,259932025,2025-12-28 22:28:16,2253193,52511,39961,39429,5569,11299,17494,1,33,False
2026-03-09 05:32:16,https://www.bilibili.com/video/BV1A5vkB2E1k/?spm_id_from=333.1387.favlist.content.click&vd_source=406d0cf895bedbdc58a3d0130d55e34c,BV1A5vkB2E1k,【杨博文】Hey Mama六机位纯舞直拍丨15岁舞台统治者的诞生，四代主舞燃炸全场！,Kismet丨杨博文,259932025,2025-12-28 22:28:16,2253234,52511,39961,39429,5569,11299,17494,1,41,False
2026-03-09 06:32:30,https://www.bilibili.com/video/BV1A5vkB2E1k/?spm_id_from=333.1387.favlist.content.click&vd_source=406d0cf895bedbdc58a3d0130d55e34c,BV1A5vkB2E1k,【杨博文】Hey Mama六机位纯舞直拍丨15岁舞台统治者的诞生，四代主舞燃炸全场！,Kismet丨杨博文,259932025,2025-12-28 22:28:16,2253269,52511,39961,39429,5569,11299,17494,1,35,False
2026-03-09 07:32:44,https://www.bilibili.com/video/BV1A5vkB2E1k/?spm_id_from=333.1387.favlist.content.click&vd_source=406d0cf895bedbdc58a3d0130d55e34c,BV1A5vkB2E1k,【杨博文】Hey Mama六机位纯舞直拍丨15岁舞台统治者的诞生，四代主舞燃炸全场！,Kismet丨杨博文,259932025,2025-12-28 22:28:16,2253315,52511,39961,39429,5569,11299,17494,2,46,False
2026-03-09 08:32:58,https://www.bilibili.com/video/BV1A5vkB2E1k/?spm_id_from=333.1387.favlist.content.click&vd_source=406d0cf895bedbdc58a3d0130d55e34c,BV1A5vkB2E1k,【杨博文】Hey Mama六机位纯舞直拍丨15岁舞台统治者的诞生，四代主舞燃炸全场！,Kismet丨杨博文,259932025,2025-12-28 22:28:16,2253383,52511,39961,39429,5569,11299,17494,1,68,False
2026-03-09 09:33:12,https://www.bilibili.com/video/BV1A5vkB2E1k/?spm_id_from=333.1387.favlist.content.click&vd_source=406d0cf895bedbdc58a3d0130d55e34c,BV1A5vkB2E1k,【杨博文】Hey Mama六机位纯舞直拍丨15岁舞台统治者的诞生，四代主舞燃炸全场！,Kismet丨杨博文,259932025,2025-12-28 22:28:16,2253480,52514,39961,39430,5569,11299,17494,1,97,False
2026-03-09 10:33:26,https://www.bilibili.com/video/BV1A5vkB2E1k/?spm_id_from=333.1387.favlist.content.click&vd_source=406d0cf895bedbdc58a3d0130d55e34c,BV1A5vkB2E1k,【杨博文】Hey Mama六机位纯舞直拍丨15岁舞台统治者的诞生，四代主舞燃炸全场！,Kismet丨杨博文,259932025,2025-12-28 22:28:16,2253588,52514,39961,39431,5569,11299,17494,1,108,False
2026-03-09 11:33:40,https://www.bilibili.com/video/BV1A5vkB2E1k/?spm_id_from=333.1387.favlist.content.click&vd_source=406d0cf895bedbdc58a3d0130d55e34c,BV1A5vkB2E1k,【杨博文】Hey Mama六机位纯舞直拍丨15岁舞台统治者的诞生，四代主舞燃炸全场！,Kismet丨杨博文,259932025,2025-12-28 22:28:16,2253730,52515,39963,39432,5569,11299,17494,1,142,False
2026-03-09 12:33:54,https://www.bilibili.com/video/BV1A5vkB2E1k/?spm_id_from=333.1387.favlist.content.click&vd_source=406d0cf895bedbdc58a3d0130d55e34c,BV1A5vkB2E1k,【杨博文】Hey Mama六机位纯舞直拍丨15岁舞台统治者的诞生，四代主舞燃炸全场！,Kismet丨杨博文,259932025,2025-12-28 22:28:16,2253897,52519,39965,39433,5570,11302,17498,3,167,False
2026-03-09 13:34:08,https://www.bilibili.com/video/BV1A5vkB2E1k/?spm_id_from=333.1387.favlist.content.click&vd_source=406d0cf895bedbdc58a3d0130d55e34c,BV1A5vkB2E1k,【杨博文】Hey Mama六机位纯舞直拍丨15岁舞台统治者的诞生，四代主舞燃炸全场！,Kismet丨杨博文,259932025,2025-12-28 22:28:16,2254062,52520,39965,39434,5570,11302,17499,2,165,False
2026-03-09 14:34:22,https://www.bilibili.com/video/BV1A5vkB2E1k/?spm_id_from=333.1387.favlist.content.click&vd_source=406d0cf895bedbdc58a3d0130d55e34c,BV1A5vkB2E1k,【杨博文】Hey Mama六机位纯舞直拍丨15岁舞台统治者的诞生，四代主舞燃炸全场！,Kismet丨杨博文,259932025,2025-12-28 22:28:16,2254235,52523,39967,39437,5571,11302,17499,2,173,False
2026-03-09 15:34:36,https://www.bilibili.com/video/BV1A5vkB2E1k/?spm_id_from=333.1387.favlist.content.click&vd_source=406d0cf895bedbdc58a3d0130d55e34c,BV1A5vkB2E1k,【杨博文】Hey Mama六机位纯舞直拍丨15岁舞台统治者的诞生，四代主舞燃炸全场！,Kismet丨杨博文,259932025,2025-12-28 22:28:16,2254415,52523,39967,39437,5571,11303,17499,6,180,False
2026-03-09 19:35:49,https://www.bilibili.com/video/BV1A5vkB2E1k/?spm_id_from=333.1387.favlist.content.click&vd_source=406d0cf895bedbdc58a3d0130d55e34c,BV1A5vkB2E1k,【杨博文】Hey Mama六机位纯舞直拍丨15岁舞台统治者的诞生，四代主舞燃炸全场！,Kismet丨杨博文,259932025,2025-12-28 22:28:16,2255006,52528,39969,39437,5572,11303,17499,4,591,True
2026-03-09 20:36:03,https://www.bilibili.com/video/BV1A5vkB2E1k/?spm_id_from=333.1387.favlist.content.click&vd_source=406d0cf895bedbdc58a3d0130d55e34c,BV1A5vkB2E1k,【杨博文】Hey Mama六机位纯舞直拍丨15岁舞台统治者的诞生，四代主舞燃炸全场！,Kismet丨杨博文,259932025,2025-12-28 22:28:16,2255113,52528,39971,39438,5572,11303,17500,4,107,False
2026-03-09 21:36:17,https://www.bilibili.com/video/BV1A5vkB2E1k/?spm_id_from=333.1387.favlist.content.click&vd_source=406d0cf895bedbdc58a3d0130d55e34c,BV1A5vkB2E1k,【杨博文】Hey Mama六机位纯舞直拍丨15岁舞台统治者的诞生，四代主舞燃炸全场！,Kismet丨杨博文,259932025,2025-12-28 22:28:16,2255238,52533,39973,39437,5574,11304,17500,3,125,False
2026-03-09 22:36:31,https://www.bilibili.com/video/BV1A5vkB2E1k/?spm_id_from=333.1387.favlist.content.click&vd_source=406d0cf895bedbdc58a3d0130d55e34c,BV1A5vkB2E1k,【杨博文】Hey Mama六机位纯舞直拍丨15岁舞台统治者的诞生，四代主舞燃炸全场！,Kismet丨杨博文,259932025,2025-12-28 22:28:16,2255352,52536,39973,39439,5574,11304,17500,3,114,False
2026-03-09 23:36:46,https://www.bilibili.com/video/BV1A5vkB2E1k/?spm_id_from=333.1387.favlist.content.click&vd_source=406d0cf895bedbdc58a3d0130d55e34c,BV1A5vkB2E1k,【杨博文】Hey Mama六机位纯舞直拍丨15岁舞台统治者的诞生，四代主舞燃炸全场！,Kismet丨杨博文,259932025,2025-12-28 22:28:16,2255430,52536,39973,39439,5575,11304,17501,1,78,False
2026-03-09 00:31:07,https://www.bilibili.com/video/BV1M9ePzaELH/?spm_id_from=333.1387.favlist.content.click&vd_source=406d0cf895bedbdc58a3d0130d55e34c,BV1M9ePzaELH,「杨博文｜卡拉永远OK」突发舞台事故？我怎么没看见,Astra_杨博文,1006909645,2025-08-19 22:15:30,781022,13781,4295,9343,1140,601,492,1,0,False
2026-03-09 01:31:21,https://www.bilibili.com/video/BV1M9ePzaELH/?spm_id_from=333.1387.favlist.content.click&vd_source=406d0cf895bedbdc58a3d0130d55e34c,BV1M9ePzaELH,「杨博文｜卡拉永远OK」突发舞台事故？我怎么没看见,Astra_杨博文,1006909645,2025-08-19 22:15:30,781041,13782,4295,9344,1140,601,492,1,19,False
2026-03-09 02:31:35,https://www.bilibili.com/video/BV1M9ePzaELH/?spm_id_from=333.1387.favlist.content.click&vd_source=406d0cf895bedbdc58a3d0130d55e34c,BV1M9ePzaELH,「杨博文｜卡拉永远OK」突发舞台事故？我怎么没看见,Astra_杨博文,1006909645,2025-08-19 22:15:30,781051,13782,4295,9344,1140,601,492,1,10,False
2026-03-09 03:31:49,https://www.bilibili.com/video/BV1M9ePzaELH/?spm_id_from=333.1387.favlist.content.click&vd_source=406d0cf895bedbdc58a3d0130d55e34c,BV1M9ePzaELH,「杨博文｜卡拉永远OK」突发舞台事故？我怎么没看见,Astra_杨博文,1006909645,2025-08-19 22:15:30,781062,13782,4295,9344,1140,601,492,1,11,False
2026-03-09 04:32:03,https://www.bilibili.com/video/BV1M9ePzaELH/?spm_id_from=333.1387.favlist.content.click&vd_source=406d0cf895bedbdc58a3d0130d55e34c,BV1M9ePzaELH,「杨博文｜卡拉永远OK」突发舞台事故？我怎么没看见,Astra_杨博文,1006909645,2025-08-19 22:15:30,781072,13782,4295,9344,1140,601,492,1,10,False
2026-03-09 05:32:16,https://www.bilibili.com/video/BV1M9ePzaELH/?spm_id_from=333.1387.favlist.content.click&vd_source=406d0cf895bedbdc58a3d0130d55e34c,BV1M9ePzaELH,「杨博文｜卡拉永远OK」突发舞台事故？我怎么没看见,Astra_杨博文,1006909645,2025-08-19 22:15:30,781076,13782,4295,9344,1140,601,492,1,4,False
2026-03-09 06:32:30,https://www.bilibili.com/video/BV1M9ePzaELH/?spm_id_from=333.1387.favlist.content.click&vd_source=406d0cf895bedbdc58a3d0130d55e34c,BV1M9ePzaELH,「杨博文｜卡拉永远OK」突发舞台事故？我怎么没看见,Astra_杨博文,1006909645,2025-08-19 22:15:30,781076,13782,4295,9344,1140,601,492,1,0,False
2026-03-09 07:32:44,https://www.bilibili.com/video/BV1M9ePzaELH/?spm_id_from=333.1387.favlist.content.click&vd_source=406d0cf895bedbdc58a3d0130d55e34c,BV1M9ePzaELH,「杨博文｜卡拉永远OK」突发舞台事故？我怎么没看见,Astra_杨博文,1006909645,2025-08-19 22:15:30,781077,13782,4295,9344,1140,601,492,1,1,False
2026-03-09 08:32:58,https://www.bilibili.com/video/BV1M9ePzaELH/?spm_id_from=333.1387.favlist.content.click&vd_source=406d0cf895bedbdc58a3d0130d55e34c,BV1M9ePzaELH,「杨博文｜卡拉永远OK」突发舞台事故？我怎么没看见,Astra_杨博文,1006909645,2025-08-19 22:15:30,781085,13782,4295,9344,1140,601,492,1,8,False
2026-03-09 09:33:12,https://www.bilibili.com/video/BV1M9ePzaELH/?spm_id_from=333.1387.favlist.content.click&vd_source=406d0cf895bedbdc58a3d0130d55e34c,BV1M9ePzaELH,「杨博文｜卡拉永远OK」突发舞台事故？我怎么没看见,Astra_杨博文,1006909645,2025-08-19 22:15:30,781104,13782,4295,9344,1140,601,492,1,19,False
2026-03-09 10:33:26,https://www.bilibili.com/video/BV1M9ePzaELH/?spm_id_from=333.1387.favlist.content.click&vd_source=406d0cf895bedbdc58a3d0130d55e34c,BV1M9ePzaELH,「杨博文｜卡拉永远OK」突发舞台事故？我怎么没看见,Astra_杨博文,1006909645,2025-08-19 22:15:30,781129,13782,4295,9344,1140,601,492,1,25,False
2026-03-09 11:33:40,https://www.bilibili.com/video/BV1M9ePzaELH/?spm_id_from=333.1387.favlist.content.click&vd_source=406d0cf895bedbdc58a3d0130d55e34c,BV1M9ePzaELH,「杨博文｜卡拉永远OK」突发舞台事故？我怎么没看见,Astra_杨博文,1006909645,2025-08-19 22:15:30,781164,13782,4295,9344,1140,601,492,1,35,False
2026-03-09 12:33:54,https://www.bilibili.com/video/BV1M9ePzaELH/?spm_id_from=333.1387.favlist.content.click&vd_source=406d0cf895bedbdc58a3d0130d55e34c,BV1M9ePzaELH,「杨博文｜卡拉永远OK」突发舞台事故？我怎么没看见,Astra_杨博文,1006909645,2025-08-19 22:15:30,781201,13782,4295,9344,1140,601,492,1,37,False
2026-03-09 13:34:08,https://www.bilibili.com/video/BV1M9ePzaELH/?spm_id_from=333.1387.favlist.content.click&vd_source=406d0cf895bedbdc58a3d0130d55e34c,BV1M9ePzaELH,「杨博文｜卡拉永远OK」突发舞台事故？我怎么没看见,Astra_杨博文,1006909645,2025-08-19 22:15:30,781242,13782,4295,9343,1141,601,492,1,41,False
2026-03-09 14:34:22,https://www.bilibili.com/video/BV1M9ePzaELH/?spm_id_from=333.1387.favlist.content.click&vd_source=406d0cf895bedbdc58a3d0130d55e34c,BV1M9ePzaELH,「杨博文｜卡拉永远OK」突发舞台事故？我怎么没看见,Astra_杨博文,1006909645,2025-08-19 22:15:30,781277,13782,4295,9343,1141,601,492,1,35,False
2026-03-09 15:34:36,https://www.bilibili.com/video/BV1M9ePzaELH/?spm_id_from=333.1387.favlist.content.click&vd_source=406d0cf895bedbdc58a3d0130d55e34c,BV1M9ePzaELH,「杨博文｜卡拉永远OK」突发舞台事故？我怎么没看见,Astra_杨博文,1006909645,2025-08-19 22:15:30,781317,13782,4295,9344,1141,601,492,1,40,False
2026-03-09 19:35:49,https://www.bilibili.com/video/BV1M9ePzaELH/?spm_id_from=333.1387.favlist.content.click&vd_source=406d0cf895bedbdc58a3d0130d55e34c,BV1M9ePzaELH,「杨博文｜卡拉永远OK」突发舞台事故？我怎么没看见,Astra_杨博文,1006909645,2025-08-19 22:15:30,781445,13785,4295,9345,1141,600,492,1,128,False
2026-03-09 20:36:03,https://www.bilibili.com/video/BV1M9ePzaELH/?spm_id_from=333.1387.favlist.content.click&vd_source=406d0cf895bedbdc58a3d0130d55e34c,BV1M9ePzaELH,「杨博文｜卡拉永远OK」突发舞台事故？我怎么没看见,Astra_杨博文,1006909645,2025-08-19 22:15:30,781461,13785,4295,9345,1141,600,492,1,16,False
2026-03-09 21:36:17,https://www.bilibili.com/video/BV1M9ePzaELH/?spm_id_from=333.1387.favlist.content.click&vd_source=406d0cf895bedbdc58a3d0130d55e34c,BV1M9ePzaELH,「杨博文｜卡拉永远OK」突发舞台事故？我怎么没看见,Astra_杨博文,1006909645,2025-08-19 22:15:30,781480,13785,4295,9346,1141,600,492,1,19,False
2026-03-09 22:36:31,https://www.bilibili.com/video/BV1M9ePzaELH/?spm_id_from=333.1387.favlist.content.click&vd_source=406d0cf895bedbdc58a3d0130d55e34c,BV1M9ePzaELH,「杨博文｜卡拉永远OK」突发舞台事故？我怎么没看见,Astra_杨博文,1006909645,2025-08-19 22:15:30,781496,13786,4295,9346,1142,600,492,1,16,False
2026-03-09 23:36:46,https://www.bilibili.com/video/BV1M9ePzaELH/?spm_id_from=333.1387.favlist.content.click&vd_source=406d0cf895bedbdc58a3d0130d55e34c,BV1M9ePzaELH,「杨博文｜卡拉永远OK」突发舞台事故？我怎么没看见,Astra_杨博文,1006909645,2025-08-19 22:15:30,781508,13786,4295,9346,1142,600,492,1,12,False
2026-03-09 00:31:07,https://www.bilibili.com/video/BV1WjA6zyEiN/?spm_id_from=333.1387.favlist.content.click&vd_source=406d0cf895bedbdc58a3d0130d55e34c,BV1WjA6zyEiN,听视频防吞,爱磕糖的兔子Y,628963336,2026-02-26 20:14:24,53696,7,0,152,1,0,0,1,0,False
2026-03-09 01:31:21,https://www.bilibili.com/video/BV1WjA6zyEiN/?spm_id_from=333.1387.favlist.content.click&vd_source=406d0cf895bedbdc58a3d0130d55e34c,BV1WjA6zyEiN,听视频防吞,爱磕糖的兔子Y,628963336,2026-02-26 20:14:24,53696,7,0,152,1,0,0,1,0,False
2026-03-09 02:31:35,https://www.bilibili.com/video/BV1WjA6zyEiN/?spm_id_from=333.1387.favlist.content.click&vd_source=406d0cf895bedbdc58a3d0130d55e34c,BV1WjA6zyEiN,听视频防吞,爱磕糖的兔子Y,628963336,2026-02-26 20:14:24,53696,7,0,152,1,0,0,1,0,False
2026-03-09 03:31:49,https://www.bilibili.com/video/BV1WjA6zyEiN/?spm_id_from=333.1387.favlist.content.click&vd_source=406d0cf895bedbdc58a3d0130d55e34c,BV1WjA6zyEiN,听视频防吞,爱磕糖的兔子Y,628963336,2026-02-26 20:14:24,53696,7,0,152,1,0,0,1,0,False
2026-03-09 04:32:03,https://www.bilibili.com/video/BV1WjA6zyEiN/?spm_id_from=333.1387.favlist.content.click&vd_source=406d0cf895bedbdc58a3d0130d55e34c,BV1WjA6zyEiN,听视频防吞,爱磕糖的兔子Y,628963336,2026-02-26 20:14:24,53696,7,0,152,1,0,0,1,0,False
2026-03-09 05:32:16,https://www.bilibili.com/video/BV1WjA6zyEiN/?spm_id_from=333.1387.favlist.content.click&vd_source=406d0cf895bedbdc58a3d0130d55e34c,BV1WjA6zyEiN,听视频防吞,爱磕糖的兔子Y,628963336,2026-02-26 20:14:24,53696,7,0,152,1,0,0,1,0,False
2026-03-09 06:32:30,https://www.bilibili.com/video/BV1WjA6zyEiN/?spm_id_from=333.1387.favlist.content.click&vd_source=406d0cf895bedbdc58a3d0130d55e34c,BV1WjA6zyEiN,听视频防吞,爱磕糖的兔子Y,628963336,2026-02-26 20:14:24,53696,7,0,152,1,0,0,1,0,False
2026-03-09 07:32:44,https://www.bilibili.com/video/BV1WjA6zyEiN/?spm_id_from=333.1387.favlist.content.click&vd_source=406d0cf895bedbdc58a3d0130d55e34c,BV1WjA6zyEiN,听视频防吞,爱磕糖的兔子Y,628963336,2026-02-26 20:14:24,53696,7,0,152,1,0,0,1,0,False
2026-03-09 08:32:58,https://www.bilibili.com/video/BV1WjA6zyEiN/?spm_id_from=333.1387.favlist.content.click&vd_source=406d0cf895bedbdc58a3d0130d55e34c,BV1WjA6zyEiN,听视频防吞,爱磕糖的兔子Y,628963336,2026-02-26 20:14:24,53696,7,0,152,1,0,0,1,0,False
2026-03-09 09:33:12,https://www.bilibili.com/video/BV1WjA6zyEiN/?spm_id_from=333.1387.favlist.content.click&vd_source=406d0cf895bedbdc58a3d0130d55e34c,BV1WjA6zyEiN,听视频防吞,爱磕糖的兔子Y,628963336,2026-02-26 20:14:24,53702,7,0,152,1,0,0,1,6,False
2026-03-09 10:33:26,https://www.bilibili.com/video/BV1WjA6zyEiN/?spm_id_from=333.1387.favlist.content.click&vd_source=406d0cf895bedbdc58a3d0130d55e34c,BV1WjA6zyEiN,听视频防吞,爱磕糖的兔子Y,628963336,2026-02-26 20:14:24,53712,7,0,152,1,0,0,1,10,False
2026-03-09 11:33:40,https://www.bilibili.com/video/BV1WjA6zyEiN/?spm_id_from=333.1387.favlist.content.click&vd_source=406d0cf895bedbdc58a3d0130d55e34c,BV1WjA6zyEiN,听视频防吞,爱磕糖的兔子Y,628963336,2026-02-26 20:14:24,53730,7,0,152,1,0,0,1,18,False
2026-03-09 12:33:54,https://www.bilibili.com/video/BV1WjA6zyEiN/?spm_id_from=333.1387.favlist.content.click&vd_source=406d0cf895bedbdc58a3d0130d55e34c,BV1WjA6zyEiN,听视频防吞,爱磕糖的兔子Y,628963336,2026-02-26 20:14:24,53754,7,0,152,1,0,0,1,24,False
2026-03-09 13:34:08,https://www.bilibili.com/video/BV1WjA6zyEiN/?spm_id_from=333.1387.favlist.content.click&vd_source=406d0cf895bedbdc58a3d0130d55e34c,BV1WjA6zyEiN,听视频防吞,爱磕糖的兔子Y,628963336,2026-02-26 20:14:24,53778,7,0,152,1,0,0,1,24,False
2026-03-09 14:34:22,https://www.bilibili.com/video/BV1WjA6zyEiN/?spm_id_from=333.1387.favlist.content.click&vd_source=406d0cf895bedbdc58a3d0130d55e34c,BV1WjA6zyEiN,听视频防吞,爱磕糖的兔子Y,628963336,2026-02-26 20:14:24,53805,7,0,152,1,0,0,1,27,False
2026-03-09 15:34:36,https://www.bilibili.com/video/BV1WjA6zyEiN/?spm_id_from=333.1387.favlist.content.click&vd_source=406d0cf895bedbdc58a3d0130d55e34c,BV1WjA6zyEiN,听视频防吞,爱磕糖的兔子Y,628963336,2026-02-26 20:14:24,53829,7,0,152,1,0,0,1,24,False
2026-03-09 19:35:49,https://www.bilibili.com/video/BV1WjA6zyEiN/?spm_id_from=333.1387.favlist.content.click&vd_source=406d0cf895bedbdc58a3d0130d55e34c,BV1WjA6zyEiN,听视频防吞,爱磕糖的兔子Y,628963336,2026-02-26 20:14:24,53900,7,0,152,1,0,0,1,71,False
2026-03-09 20:36:03,https://www.bilibili.com/video/BV1WjA6zyEiN/?spm_id_from=333.1387.favlist.content.click&vd_source=406d0cf895bedbdc58a3d0130d55e34c,BV1WjA6zyEiN,听视频防吞,爱磕糖的兔子Y,628963336,2026-02-26 20:14:24,53908,7,0,152,1,0,0,1,8,False
2026-03-09 21:36:17,https://www.bilibili.com/video/BV1WjA6zyEiN/?spm_id_from=333.1387.favlist.content.click&vd_source=406d0cf895bedbdc58a3d0130d55e34c,BV1WjA6zyEiN,听视频防吞,爱磕糖的兔子Y,628963336,2026-02-26 20:14:24,53916,7,0,152,1,0,0,1,8,False
2026-03-09 22:36:31,https://www.bilibili.com/video/BV1WjA6zyEiN/?spm_id_from=333.1387.favlist.content.click&vd_source=406d0cf895bedbdc58a3d0130d55e34c,BV1WjA6zyEiN,听视频防吞,爱磕糖的兔子Y,628963336,2026-02-26 20:14:24,53924,7,0,152,1,0,0,1,8,False
2026-03-09 23:36:46,https://www.bilibili.com/video/BV1WjA6zyEiN/?spm_id_from=333.1387.favlist.content.click&vd_source=406d0cf895bedbdc58a3d0130d55e34c,BV1WjA6zyEiN,听视频防吞,爱磕糖的兔子Y,628963336,2026-02-26 20:14:24,53930,7,0,152,1,0,0,1,6,False
2026-03-09 00:31:07,https://www.bilibili.com/video/BV1EGBCBmEo8/?spm_id_from=333.1387.favlist.content.click&vd_source=406d0cf895bedbdc58a3d0130d55e34c,BV1EGBCBmEo8,【杨博文｜4K高清直拍】魅魔级别的《Manta》舞台，看博文如何一yeah封神,关键时刻来瓶尖叫,2142251174,2025-12-27 23:15:44,694178,11295,9015,9575,601,905,2271,1,0,False
2026-03-09 01:31:21,https://www.bilibili.com/video/BV1EGBCBmEo8/?spm_id_from=333.1387.favlist.content.click&vd_source=406d0cf895bedbdc58a3d0130d55e34c,BV1EGBCBmEo8,【杨博文｜4K高清直拍】魅魔级别的《Manta》舞台，看博文如何一yeah封神,关键时刻来瓶尖叫,2142251174,2025-12-27 23:15:44,694179,11296,9015,9576,601,905,2271,1,1,False
2026-03-09 02:31:35,https://www.bilibili.com/video/BV1EGBCBmEo8/?spm_id_from=333.1387.favlist.content.click&vd_source=406d0cf895bedbdc58a3d0130d55e34c,BV1EGBCBmEo8,【杨博文｜4K高清直拍】魅魔级别的《Manta》舞台，看博文如何一yeah封神,关键时刻来瓶尖叫,2142251174,2025-12-27 23:15:44,694181,11296,9015,9576,601,905,2271,1,2,False
2026-03-09 03:31:49,https://www.bilibili.com/video/BV1EGBCBmEo8/?spm_id_from=333.1387.favlist.content.click&vd_source=406d0cf895bedbdc58a3d0130d55e34c,BV1EGBCBmEo8,【杨博文｜4K高清直拍】魅魔级别的《Manta》舞台，看博文如何一yeah封神,关键时刻来瓶尖叫,2142251174,2025-12-27 23:15:44,694181,11296,9015,9576,601,905,2271,1,0,False
2026-03-09 04:32:03,https://www.bilibili.com/video/BV1EGBCBmEo8/?spm_id_from=333.1387.favlist.content.click&vd_source=406d0cf895bedbdc58a3d0130d55e34c,BV1EGBCBmEo8,【杨博文｜4K高清直拍】魅魔级别的《Manta》舞台，看博文如何一yeah封神,关键时刻来瓶尖叫,2142251174,2025-12-27 23:15:44,694181,11296,9015,9576,601,905,2271,1,0,False
2026-03-09 05:32:16,https://www.bilibili.com/video/BV1EGBCBmEo8/?spm_id_from=333.1387.favlist.content.click&vd_source=406d0cf895bedbdc58a3d0130d55e34c,BV1EGBCBmEo8,【杨博文｜4K高清直拍】魅魔级别的《Manta》舞台，看博文如何一yeah封神,关键时刻来瓶尖叫,2142251174,2025-12-27 23:15:44,694181,11296,9015,9576,601,905,2271,1,0,False
2026-03-09 06:32:30,https://www.bilibili.com/video/BV1EGBCBmEo8/?spm_id_from=333.1387.favlist.content.click&vd_source=406d0cf895bedbdc58a3d0130d55e34c,BV1EGBCBmEo8,【杨博文｜4K高清直拍】魅魔级别的《Manta》舞台，看博文如何一yeah封神,关键时刻来瓶尖叫,2142251174,2025-12-27 23:15:44,694181,11296,9015,9576,601,905,2271,1,0,False
2026-03-09 07:32:44,https://www.bilibili.com/video/BV1EGBCBmEo8/?spm_id_from=333.1387.favlist.content.click&vd_source=406d0cf895bedbdc58a3d0130d55e34c,BV1EGBCBmEo8,【杨博文｜4K高清直拍】魅魔级别的《Manta》舞台，看博文如何一yeah封神,关键时刻来瓶尖叫,2142251174,2025-12-27 23:15:44,694182,11296,9015,9576,601,905,2271,1,1,False
2026-03-09 08:32:58,https://www.bilibili.com/video/BV1EGBCBmEo8/?spm_id_from=333.1387.favlist.content.click&vd_source=406d0cf895bedbdc58a3d0130d55e34c,BV1EGBCBmEo8,【杨博文｜4K高清直拍】魅魔级别的《Manta》舞台，看博文如何一yeah封神,关键时刻来瓶尖叫,2142251174,2025-12-27 23:15:44,694190,11296,9015,9576,601,905,2271,1,8,False
2026-03-09 09:33:12,https://www.bilibili.com/video/BV1EGBCBmEo8/?spm_id_from=333.1387.favlist.content.click&vd_source=406d0cf895bedbdc58a3d0130d55e34c,BV1EGBCBmEo8,【杨博文｜4K高清直拍】魅魔级别的《Manta》舞台，看博文如何一yeah封神,关键时刻来瓶尖叫,2142251174,2025-12-27 23:15:44,694206,11296,9015,9575,601,905,2271,1,16,False
2026-03-09 10:33:26,https://www.bilibili.com/video/BV1EGBCBmEo8/?spm_id_from=333.1387.favlist.content.click&vd_source=406d0cf895bedbdc58a3d0130d55e34c,BV1EGBCBmEo8,【杨博文｜4K高清直拍】魅魔级别的《Manta》舞台，看博文如何一yeah封神,关键时刻来瓶尖叫,2142251174,2025-12-27 23:15:44,694226,11296,9015,9575,601,905,2271,1,20,False
2026-03-09 11:33:40,https://www.bilibili.com/video/BV1EGBCBmEo8/?spm_id_from=333.1387.favlist.content.click&vd_source=406d0cf895bedbdc58a3d0130d55e34c,BV1EGBCBmEo8,【杨博文｜4K高清直拍】魅魔级别的《Manta》舞台，看博文如何一yeah封神,关键时刻来瓶尖叫,2142251174,2025-12-27 23:15:44,694255,11296,9015,9575,601,905,2271,1,29,False
2026-03-09 12:33:54,https://www.bilibili.com/video/BV1EGBCBmEo8/?spm_id_from=333.1387.favlist.content.click&vd_source=406d0cf895bedbdc58a3d0130d55e34c,BV1EGBCBmEo8,【杨博文｜4K高清直拍】魅魔级别的《Manta》舞台，看博文如何一yeah封神,关键时刻来瓶尖叫,2142251174,2025-12-27 23:15:44,694287,11296,9015,9576,601,905,2271,1,32,False
2026-03-09 13:34:08,https://www.bilibili.com/video/BV1EGBCBmEo8/?spm_id_from=333.1387.favlist.content.click&vd_source=406d0cf895bedbdc58a3d0130d55e34c,BV1EGBCBmEo8,【杨博文｜4K高清直拍】魅魔级别的《Manta》舞台，看博文如何一yeah封神,关键时刻来瓶尖叫,2142251174,2025-12-27 23:15:44,694319,11296,9015,9576,601,905,2271,1,32,False
2026-03-09 14:34:22,https://www.bilibili.com/video/BV1EGBCBmEo8/?spm_id_from=333.1387.favlist.content.click&vd_source=406d0cf895bedbdc58a3d0130d55e34c,BV1EGBCBmEo8,【杨博文｜4K高清直拍】魅魔级别的《Manta》舞台，看博文如何一yeah封神,关键时刻来瓶尖叫,2142251174,2025-12-27 23:15:44,694358,11297,9015,9577,601,905,2271,1,39,False
2026-03-09 15:34:36,https://www.bilibili.com/video/BV1EGBCBmEo8/?spm_id_from=333.1387.favlist.content.click&vd_source=406d0cf895bedbdc58a3d0130d55e34c,BV1EGBCBmEo8,【杨博文｜4K高清直拍】魅魔级别的《Manta》舞台，看博文如何一yeah封神,关键时刻来瓶尖叫,2142251174,2025-12-27 23:15:44,694395,11297,9015,9577,601,905,2271,1,37,False
2026-03-09 19:35:49,https://www.bilibili.com/video/BV1EGBCBmEo8/?spm_id_from=333.1387.favlist.content.click&vd_source=406d0cf895bedbdc58a3d0130d55e34c,BV1EGBCBmEo8,【杨博文｜4K高清直拍】魅魔级别的《Manta》舞台，看博文如何一yeah封神,关键时刻来瓶尖叫,2142251174,2025-12-27 23:15:44,694497,11298,9015,9577,601,905,2271,1,102,False
2026-03-09 20:36:03,https://www.bilibili.com/video/BV1EGBCBmEo8/?spm_id_from=333.1387.favlist.content.click&vd_source=406d0cf895bedbdc58a3d0130d55e34c,BV1EGBCBmEo8,【杨博文｜4K高清直拍】魅魔级别的《Manta》舞台，看博文如何一yeah封神,关键时刻来瓶尖叫,2142251174,2025-12-27 23:15:44,694505,11298,9015,9577,601,905,2271,1,8,False
2026-03-09 21:36:17,https://www.bilibili.com/video/BV1EGBCBmEo8/?spm_id_from=333.1387.favlist.content.click&vd_source=406d0cf895bedbdc58a3d0130d55e34c,BV1EGBCBmEo8,【杨博文｜4K高清直拍】魅魔级别的《Manta》舞台，看博文如何一yeah封神,关键时刻来瓶尖叫,2142251174,2025-12-27 23:15:44,694513,11298,9015,9575,601,905,2271,1,8,False
2026-03-09 22:36:31,https://www.bilibili.com/video/BV1EGBCBmEo8/?spm_id_from=333.1387.favlist.content.click&vd_source=406d0cf895bedbdc58a3d0130d55e34c,BV1EGBCBmEo8,【杨博文｜4K高清直拍】魅魔级别的《Manta》舞台，看博文如何一yeah封神,关键时刻来瓶尖叫,2142251174,2025-12-27 23:15:44,694524,11298,9015,9574,601,905,2271,1,11,False
2026-03-09 23:36:46,https://www.bilibili.com/video/BV1EGBCBmEo8/?spm_id_from=333.1387.favlist.content.click&vd_source=406d0cf895bedbdc58a3d0130d55e34c,BV1EGBCBmEo8,【杨博文｜4K高清直拍】魅魔级别的《Manta》舞台，看博文如何一yeah封神,关键时刻来瓶尖叫,2142251174,2025-12-27 23:15:44,694533,11298,9015,9574,601,905,2271,1,9,False
2026-03-09 00:31:07,https://www.bilibili.com/video/BV1fV62BhE6c/?spm_id_from=333.1387.favlist.content.click&vd_source=406d0cf895bedbdc58a3d0130d55e34c,BV1fV62BhE6c,空翻！少侠好身手！张桂源《竹林深处》直拍,序言丨张桂源,703106231,2026-01-31 16:56:24,821716,17349,13051,15599,2026,2159,8703,1,0,False
2026-03-09 01:31:21,https://www.bilibili.com/video/BV1fV62BhE6c/?spm_id_from=333.1387.favlist.content.click&vd_source=406d0cf895bedbdc58a3d0130d55e34c,BV1fV62BhE6c,空翻！少侠好身手！张桂源《竹林深处》直拍,序言丨张桂源,703106231,2026-01-31 16:56:24,821719,17350,13051,15599,2026,2159,8703,1,3,False
2026-03-09 02:31:35,https://www.bilibili.com/video/BV1fV62BhE6c/?spm_id_from=333.1387.favlist.content.click&vd_source=406d0cf895bedbdc58a3d0130d55e34c,BV1fV62BhE6c,空翻！少侠好身手！张桂源《竹林深处》直拍,序言丨张桂源,703106231,2026-01-31 16:56:24,821725,17350,13051,15599,2026,2159,8703,1,6,False
2026-03-09 03:31:49,https://www.bilibili.com/video/BV1fV62BhE6c/?spm_id_from=333.1387.favlist.content.click&vd_source=406d0cf895bedbdc58a3d0130d55e34c,BV1fV62BhE6c,空翻！少侠好身手！张桂源《竹林深处》直拍,序言丨张桂源,703106231,2026-01-31 16:56:24,821727,17351,13053,15600,2026,2159,8703,1,2,False
2026-03-09 04:32:03,https://www.bilibili.com/video/BV1fV62BhE6c/?spm_id_from=333.1387.favlist.content.click&vd_source=406d0cf895bedbdc58a3d0130d55e34c,BV1fV62BhE6c,空翻！少侠好身手！张桂源《竹林深处》直拍,序言丨张桂源,703106231,2026-01-31 16:56:24,821728,17351,13053,15600,2026,2159,8703,1,1,False
2026-03-09 05:32:16,https://www.bilibili.com/video/BV1fV62BhE6c/?spm_id_from=333.1387.favlist.content.click&vd_source=406d0cf895bedbdc58a3d0130d55e34c,BV1fV62BhE6c,空翻！少侠好身手！张桂源《竹林深处》直拍,序言丨张桂源,703106231,2026-01-31 16:56:24,821728,17351,13053,15599,2026,2159,8703,1,0,False
2026-03-09 06:32:30,https://www.bilibili.com/video/BV1fV62BhE6c/?spm_id_from=333.1387.favlist.content.click&vd_source=406d0cf895bedbdc58a3d0130d55e34c,BV1fV62BhE6c,空翻！少侠好身手！张桂源《竹林深处》直拍,序言丨张桂源,703106231,2026-01-31 16:56:24,821730,17351,13053,15599,2026,2159,8703,1,2,False
2026-03-09 07:32:44,https://www.bilibili.com/video/BV1fV62BhE6c/?spm_id_from=333.1387.favlist.content.click&vd_source=406d0cf895bedbdc58a3d0130d55e34c,BV1fV62BhE6c,空翻！少侠好身手！张桂源《竹林深处》直拍,序言丨张桂源,703106231,2026-01-31 16:56:24,821731,17351,13053,15599,2026,2159,8703,1,1,False
2026-03-09 08:32:58,https://www.bilibili.com/video/BV1fV62BhE6c/?spm_id_from=333.1387.favlist.content.click&vd_source=406d0cf895bedbdc58a3d0130d55e34c,BV1fV62BhE6c,空翻！少侠好身手！张桂源《竹林深处》直拍,序言丨张桂源,703106231,2026-01-31 16:56:24,821733,17352,13053,15600,2026,2159,8703,1,2,False
2026-03-09 09:33:12,https://www.bilibili.com/video/BV1fV62BhE6c/?spm_id_from=333.1387.favlist.content.click&vd_source=406d0cf895bedbdc58a3d0130d55e34c,BV1fV62BhE6c,空翻！少侠好身手！张桂源《竹林深处》直拍,序言丨张桂源,703106231,2026-01-31 16:56:24,821738,17352,13053,15600,2026,2159,8703,2,5,False
2026-03-09 10:33:26,https://www.bilibili.com/video/BV1fV62BhE6c/?spm_id_from=333.1387.favlist.content.click&vd_source=406d0cf895bedbdc58a3d0130d55e34c,BV1fV62BhE6c,空翻！少侠好身手！张桂源《竹林深处》直拍,序言丨张桂源,703106231,2026-01-31 16:56:24,821743,17352,13053,15600,2026,2159,8703,1,5,False
2026-03-09 11:33:40,https://www.bilibili.com/video/BV1fV62BhE6c/?spm_id_from=333.1387.favlist.content.click&vd_source=406d0cf895bedbdc58a3d0130d55e34c,BV1fV62BhE6c,空翻！少侠好身手！张桂源《竹林深处》直拍,序言丨张桂源,703106231,2026-01-31 16:56:24,821750,17352,13053,15600,2026,2159,8703,2,7,False
2026-03-09 12:33:54,https://www.bilibili.com/video/BV1fV62BhE6c/?spm_id_from=333.1387.favlist.content.click&vd_source=406d0cf895bedbdc58a3d0130d55e34c,BV1fV62BhE6c,空翻！少侠好身手！张桂源《竹林深处》直拍,序言丨张桂源,703106231,2026-01-31 16:56:24,821759,17354,13053,15602,2026,2159,8703,1,9,False
2026-03-09 13:34:08,https://www.bilibili.com/video/BV1fV62BhE6c/?spm_id_from=333.1387.favlist.content.click&vd_source=406d0cf895bedbdc58a3d0130d55e34c,BV1fV62BhE6c,空翻！少侠好身手！张桂源《竹林深处》直拍,序言丨张桂源,703106231,2026-01-31 16:56:24,821778,17355,13053,15603,2026,2159,8703,2,19,False
2026-03-09 14:34:22,https://www.bilibili.com/video/BV1fV62BhE6c/?spm_id_from=333.1387.favlist.content.click&vd_source=406d0cf895bedbdc58a3d0130d55e34c,BV1fV62BhE6c,空翻！少侠好身手！张桂源《竹林深处》直拍,序言丨张桂源,703106231,2026-01-31 16:56:24,821787,17356,13053,15604,2026,2159,8703,4,9,False
2026-03-09 15:34:36,https://www.bilibili.com/video/BV1fV62BhE6c/?spm_id_from=333.1387.favlist.content.click&vd_source=406d0cf895bedbdc58a3d0130d55e34c,BV1fV62BhE6c,空翻！少侠好身手！张桂源《竹林深处》直拍,序言丨张桂源,703106231,2026-01-31 16:56:24,821796,17356,13053,15604,2026,2159,8703,4,9,False
2026-03-09 19:35:49,https://www.bilibili.com/video/BV1fV62BhE6c/?spm_id_from=333.1387.favlist.content.click&vd_source=406d0cf895bedbdc58a3d0130d55e34c,BV1fV62BhE6c,空翻！少侠好身手！张桂源《竹林深处》直拍,序言丨张桂源,703106231,2026-01-31 16:56:24,821836,17358,13053,15605,2026,2159,8703,3,40,False
2026-03-09 20:36:03,https://www.bilibili.com/video/BV1fV62BhE6c/?spm_id_from=333.1387.favlist.content.click&vd_source=406d0cf895bedbdc58a3d0130d55e34c,BV1fV62BhE6c,空翻！少侠好身手！张桂源《竹林深处》直拍,序言丨张桂源,703106231,2026-01-31 16:56:24,821852,17358,13053,15605,2026,2159,8703,1,16,False
2026-03-09 21:36:17,https://www.bilibili.com/video/BV1fV62BhE6c/?spm_id_from=333.1387.favlist.content.click&vd_source=406d0cf895bedbdc58a3d0130d55e34c,BV1fV62BhE6c,空翻！少侠好身手！张桂源《竹林深处》直拍,序言丨张桂源,703106231,2026-01-31 16:56:24,821870,17359,13053,15606,2026,2159,8703,1,18,False
2026-03-09 22:36:31,https://www.bilibili.com/video/BV1fV62BhE6c/?spm_id_from=333.1387.favlist.content.click&vd_source=406d0cf895bedbdc58a3d0130d55e34c,BV1fV62BhE6c,空翻！少侠好身手！张桂源《竹林深处》直拍,序言丨张桂源,703106231,2026-01-31 16:56:24,821893,17361,13053,15606,2027,2159,8703,1,23,False
2026-03-09 23:36:46,https://www.bilibili.com/video/BV1fV62BhE6c/?spm_id_from=333.1387.favlist.content.click&vd_source=406d0cf895bedbdc58a3d0130d55e34c,BV1fV62BhE6c,空翻！少侠好身手！张桂源《竹林深处》直拍,序言丨张桂源,703106231,2026-01-31 16:56:24,821911,17363,13053,15607,2027,2159,8703,1,18,False
2026-03-09 00:31:07,https://www.bilibili.com/video/BV1bNtbzSE8X/?spm_id_from=333.1387.favlist.content.click&vd_source=406d0cf895bedbdc58a3d0130d55e34c,BV1bNtbzSE8X,你没见过的Deja Vu直拍丨舞台魅力大爆发丨张桂源,序言丨张桂源,703106231,2025-08-09 18:36:44,993124,19358,12156,20067,1524,2248,10245,1,0,False
2026-03-09 01:31:21,https://www.bilibili.com/video/BV1bNtbzSE8X/?spm_id_from=333.1387.favlist.content.click&vd_source=406d0cf895bedbdc58a3d0130d55e34c,BV1bNtbzSE8X,你没见过的Deja Vu直拍丨舞台魅力大爆发丨张桂源,序言丨张桂源,703106231,2025-08-09 18:36:44,993138,19360,12158,20068,1524,2248,10245,1,14,False
2026-03-09 02:31:35,https://www.bilibili.com/video/BV1bNtbzSE8X/?spm_id_from=333.1387.favlist.content.click&vd_source=406d0cf895bedbdc58a3d0130d55e34c,BV1bNtbzSE8X,你没见过的Deja Vu直拍丨舞台魅力大爆发丨张桂源,序言丨张桂源,703106231,2025-08-09 18:36:44,993144,19360,12158,20068,1524,2248,10245,1,6,False
2026-03-09 03:31:49,https://www.bilibili.com/video/BV1bNtbzSE8X/?spm_id_from=333.1387.favlist.content.click&vd_source=406d0cf895bedbdc58a3d0130d55e34c,BV1bNtbzSE8X,你没见过的Deja Vu直拍丨舞台魅力大爆发丨张桂源,序言丨张桂源,703106231,2025-08-09 18:36:44,993153,19361,12158,20068,1524,2248,10245,1,9,False
2026-03-09 04:32:03,https://www.bilibili.com/video/BV1bNtbzSE8X/?spm_id_from=333.1387.favlist.content.click&vd_source=406d0cf895bedbdc58a3d0130d55e34c,BV1bNtbzSE8X,你没见过的Deja Vu直拍丨舞台魅力大爆发丨张桂源,序言丨张桂源,703106231,2025-08-09 18:36:44,993290,19361,12158,20068,1524,2248,10245,1,137,False
2026-03-09 05:32:16,https://www.bilibili.com/video/BV1bNtbzSE8X/?spm_id_from=333.1387.favlist.content.click&vd_source=406d0cf895bedbdc58a3d0130d55e34c,BV1bNtbzSE8X,你没见过的Deja Vu直拍丨舞台魅力大爆发丨张桂源,序言丨张桂源,703106231,2025-08-09 18:36:44,993449,19361,12158,20068,1524,2248,10245,1,159,False
2026-03-09 06:32:30,https://www.bilibili.com/video/BV1bNtbzSE8X/?spm_id_from=333.1387.favlist.content.click&vd_source=406d0cf895bedbdc58a3d0130d55e34c,BV1bNtbzSE8X,你没见过的Deja Vu直拍丨舞台魅力大爆发丨张桂源,序言丨张桂源,703106231,2025-08-09 18:36:44,993596,19361,12158,20068,1524,2248,10245,2,147,False
2026-03-09 07:32:44,https://www.bilibili.com/video/BV1bNtbzSE8X/?spm_id_from=333.1387.favlist.content.click&vd_source=406d0cf895bedbdc58a3d0130d55e34c,BV1bNtbzSE8X,你没见过的Deja Vu直拍丨舞台魅力大爆发丨张桂源,序言丨张桂源,703106231,2025-08-09 18:36:44,993761,19361,12158,20068,1524,2248,10245,2,165,False
2026-03-09 08:32:58,https://www.bilibili.com/video/BV1bNtbzSE8X/?spm_id_from=333.1387.favlist.content.click&vd_source=406d0cf895bedbdc58a3d0130d55e34c,BV1bNtbzSE8X,你没见过的Deja Vu直拍丨舞台魅力大爆发丨张桂源,序言丨张桂源,703106231,2025-08-09 18:36:44,993932,19361,12158,20067,1524,2248,10245,1,171,False
2026-03-09 09:33:12,https://www.bilibili.com/video/BV1bNtbzSE8X/?spm_id_from=333.1387.favlist.content.click&vd_source=406d0cf895bedbdc58a3d0130d55e34c,BV1bNtbzSE8X,你没见过的Deja Vu直拍丨舞台魅力大爆发丨张桂源,序言丨张桂源,703106231,2025-08-09 18:36:44,994085,19361,12158,20067,1524,2250,10245,1,153,False
2026-03-09 10:33:26,https://www.bilibili.com/video/BV1bNtbzSE8X/?spm_id_from=333.1387.favlist.content.click&vd_source=406d0cf895bedbdc58a3d0130d55e34c,BV1bNtbzSE8X,你没见过的Deja Vu直拍丨舞台魅力大爆发丨张桂源,序言丨张桂源,703106231,2025-08-09 18:36:44,994255,19362,12160,20067,1524,2250,10245,2,170,False
2026-03-09 11:33:40,https://www.bilibili.com/video/BV1bNtbzSE8X/?spm_id_from=333.1387.favlist.content.click&vd_source=406d0cf895bedbdc58a3d0130d55e34c,BV1bNtbzSE8X,你没见过的Deja Vu直拍丨舞台魅力大爆发丨张桂源,序言丨张桂源,703106231,2025-08-09 18:36:44,994299,19362,12160,20067,1524,2250,10245,1,44,False
2026-03-09 12:33:54,https://www.bilibili.com/video/BV1bNtbzSE8X/?spm_id_from=333.1387.favlist.content.click&vd_source=406d0cf895bedbdc58a3d0130d55e34c,BV1bNtbzSE8X,你没见过的Deja Vu直拍丨舞台魅力大爆发丨张桂源,序言丨张桂源,703106231,2025-08-09 18:36:44,994308,19362,12160,20067,1524,2250,10245,1,9,False
2026-03-09 13:34:08,https://www.bilibili.com/video/BV1bNtbzSE8X/?spm_id_from=333.1387.favlist.content.click&vd_source=406d0cf895bedbdc58a3d0130d55e34c,BV1bNtbzSE8X,你没见过的Deja Vu直拍丨舞台魅力大爆发丨张桂源,序言丨张桂源,703106231,2025-08-09 18:36:44,994327,19364,12160,20069,1524,2250,10245,4,19,False
2026-03-09 14:34:22,https://www.bilibili.com/video/BV1bNtbzSE8X/?spm_id_from=333.1387.favlist.content.click&vd_source=406d0cf895bedbdc58a3d0130d55e34c,BV1bNtbzSE8X,你没见过的Deja Vu直拍丨舞台魅力大爆发丨张桂源,序言丨张桂源,703106231,2025-08-09 18:36:44,994344,19365,12161,20071,1524,2250,10245,4,17,False
2026-03-09 15:34:36,https://www.bilibili.com/video/BV1bNtbzSE8X/?spm_id_from=333.1387.favlist.content.click&vd_source=406d0cf895bedbdc58a3d0130d55e34c,BV1bNtbzSE8X,你没见过的Deja Vu直拍丨舞台魅力大爆发丨张桂源,序言丨张桂源,703106231,2025-08-09 18:36:44,994357,19366,12161,20072,1524,2250,10245,1,13,False
2026-03-09 19:35:49,https://www.bilibili.com/video/BV1bNtbzSE8X/?spm_id_from=333.1387.favlist.content.click&vd_source=406d0cf895bedbdc58a3d0130d55e34c,BV1bNtbzSE8X,你没见过的Deja Vu直拍丨舞台魅力大爆发丨张桂源,序言丨张桂源,703106231,2025-08-09 18:36:44,994400,19368,12161,20072,1525,2251,10247,3,43,False
2026-03-09 20:36:03,https://www.bilibili.com/video/BV1bNtbzSE8X/?spm_id_from=333.1387.favlist.content.click&vd_source=406d0cf895bedbdc58a3d0130d55e34c,BV1bNtbzSE8X,你没见过的Deja Vu直拍丨舞台魅力大爆发丨张桂源,序言丨张桂源,703106231,2025-08-09 18:36:44,994417,19369,12163,20073,1525,2251,10247,3,17,False
2026-03-09 21:36:17,https://www.bilibili.com/video/BV1bNtbzSE8X/?spm_id_from=333.1387.favlist.content.click&vd_source=406d0cf895bedbdc58a3d0130d55e34c,BV1bNtbzSE8X,你没见过的Deja Vu直拍丨舞台魅力大爆发丨张桂源,序言丨张桂源,703106231,2025-08-09 18:36:44,994445,19373,12163,20074,1525,2251,10247,3,28,False
2026-03-09 22:36:31,https://www.bilibili.com/video/BV1bNtbzSE8X/?spm_id_from=333.1387.favlist.content.click&vd_source=406d0cf895bedbdc58a3d0130d55e34c,BV1bNtbzSE8X,你没见过的Deja Vu直拍丨舞台魅力大爆发丨张桂源,序言丨张桂源,703106231,2025-08-09 18:36:44,994488,19373,12163,20074,1525,2251,10247,2,43,False
2026-03-09 23:36:46,https://www.bilibili.com/video/BV1bNtbzSE8X/?spm_id_from=333.1387.favlist.content.click&vd_source=406d0cf895bedbdc58a3d0130d55e34c,BV1bNtbzSE8X,你没见过的Deja Vu直拍丨舞台魅力大爆发丨张桂源,序言丨张桂源,703106231,2025-08-09 18:36:44,994628,19374,12163,20076,1525,2251,10247,1,140,False
2026-03-09 00:31:07,https://www.bilibili.com/video/BV1qiBkBGEoj/?spm_id_from=333.1387.favlist.content.click&vd_source=406d0cf895bedbdc58a3d0130d55e34c,BV1qiBkBGEoj,【张桂源】On 4k四机位横屏直拍 / TF家族新年音乐会「荣耀」,WISH0511_张桂源,494070671,2025-12-27 16:42:34,910419,13305,9371,11387,1034,1066,3211,2,0,False
2026-03-09 01:31:21,https://www.bilibili.com/video/BV1qiBkBGEoj/?spm_id_from=333.1387.favlist.content.click&vd_source=406d0cf895bedbdc58a3d0130d55e34c,BV1qiBkBGEoj,【张桂源】On 4k四机位横屏直拍 / TF家族新年音乐会「荣耀」,WISH0511_张桂源,494070671,2025-12-27 16:42:34,910431,13305,9371,11387,1034,1066,3211,3,12,False
2026-03-09 02:31:35,https://www.bilibili.com/video/BV1qiBkBGEoj/?spm_id_from=333.1387.favlist.content.click&vd_source=406d0cf895bedbdc58a3d0130d55e34c,BV1qiBkBGEoj,【张桂源】On 4k四机位横屏直拍 / TF家族新年音乐会「荣耀」,WISH0511_张桂源,494070671,2025-12-27 16:42:34,910432,13305,9371,11387,1034,1066,3211,1,1,False
2026-03-09 03:31:49,https://www.bilibili.com/video/BV1qiBkBGEoj/?spm_id_from=333.1387.favlist.content.click&vd_source=406d0cf895bedbdc58a3d0130d55e34c,BV1qiBkBGEoj,【张桂源】On 4k四机位横屏直拍 / TF家族新年音乐会「荣耀」,WISH0511_张桂源,494070671,2025-12-27 16:42:34,910437,13305,9371,11386,1034,1066,3211,1,5,False
2026-03-09 04:32:03,https://www.bilibili.com/video/BV1qiBkBGEoj/?spm_id_from=333.1387.favlist.content.click&vd_source=406d0cf895bedbdc58a3d0130d55e34c,BV1qiBkBGEoj,【张桂源】On 4k四机位横屏直拍 / TF家族新年音乐会「荣耀」,WISH0511_张桂源,494070671,2025-12-27 16:42:34,910439,13305,9371,11386,1034,1066,3211,2,2,False
2026-03-09 05:32:16,https://www.bilibili.com/video/BV1qiBkBGEoj/?spm_id_from=333.1387.favlist.content.click&vd_source=406d0cf895bedbdc58a3d0130d55e34c,BV1qiBkBGEoj,【张桂源】On 4k四机位横屏直拍 / TF家族新年音乐会「荣耀」,WISH0511_张桂源,494070671,2025-12-27 16:42:34,910439,13305,9371,11386,1034,1066,3211,3,0,False
2026-03-09 06:32:30,https://www.bilibili.com/video/BV1qiBkBGEoj/?spm_id_from=333.1387.favlist.content.click&vd_source=406d0cf895bedbdc58a3d0130d55e34c,BV1qiBkBGEoj,【张桂源】On 4k四机位横屏直拍 / TF家族新年音乐会「荣耀」,WISH0511_张桂源,494070671,2025-12-27 16:42:34,910443,13305,9371,11386,1034,1066,3211,2,4,False
2026-03-09 07:32:44,https://www.bilibili.com/video/BV1qiBkBGEoj/?spm_id_from=333.1387.favlist.content.click&vd_source=406d0cf895bedbdc58a3d0130d55e34c,BV1qiBkBGEoj,【张桂源】On 4k四机位横屏直拍 / TF家族新年音乐会「荣耀」,WISH0511_张桂源,494070671,2025-12-27 16:42:34,910447,13305,9371,11386,1034,1066,3211,2,4,False
2026-03-09 08:32:58,https://www.bilibili.com/video/BV1qiBkBGEoj/?spm_id_from=333.1387.favlist.content.click&vd_source=406d0cf895bedbdc58a3d0130d55e34c,BV1qiBkBGEoj,【张桂源】On 4k四机位横屏直拍 / TF家族新年音乐会「荣耀」,WISH0511_张桂源,494070671,2025-12-27 16:42:34,910452,13306,9371,11388,1034,1066,3211,2,5,False
2026-03-09 09:33:12,https://www.bilibili.com/video/BV1qiBkBGEoj/?spm_id_from=333.1387.favlist.content.click&vd_source=406d0cf895bedbdc58a3d0130d55e34c,BV1qiBkBGEoj,【张桂源】On 4k四机位横屏直拍 / TF家族新年音乐会「荣耀」,WISH0511_张桂源,494070671,2025-12-27 16:42:34,910456,13306,9371,11388,1034,1066,3211,1,4,False
2026-03-09 10:33:26,https://www.bilibili.com/video/BV1qiBkBGEoj/?spm_id_from=333.1387.favlist.content.click&vd_source=406d0cf895bedbdc58a3d0130d55e34c,BV1qiBkBGEoj,【张桂源】On 4k四机位横屏直拍 / TF家族新年音乐会「荣耀」,WISH0511_张桂源,494070671,2025-12-27 16:42:34,910460,13306,9371,11388,1034,1066,3211,2,4,False
2026-03-09 11:33:40,https://www.bilibili.com/video/BV1qiBkBGEoj/?spm_id_from=333.1387.favlist.content.click&vd_source=406d0cf895bedbdc58a3d0130d55e34c,BV1qiBkBGEoj,【张桂源】On 4k四机位横屏直拍 / TF家族新年音乐会「荣耀」,WISH0511_张桂源,494070671,2025-12-27 16:42:34,910465,13307,9371,11388,1034,1066,3211,1,5,False
2026-03-09 12:33:54,https://www.bilibili.com/video/BV1qiBkBGEoj/?spm_id_from=333.1387.favlist.content.click&vd_source=406d0cf895bedbdc58a3d0130d55e34c,BV1qiBkBGEoj,【张桂源】On 4k四机位横屏直拍 / TF家族新年音乐会「荣耀」,WISH0511_张桂源,494070671,2025-12-27 16:42:34,910474,13308,9371,11388,1034,1066,3211,1,9,False
2026-03-09 13:34:08,https://www.bilibili.com/video/BV1qiBkBGEoj/?spm_id_from=333.1387.favlist.content.click&vd_source=406d0cf895bedbdc58a3d0130d55e34c,BV1qiBkBGEoj,【张桂源】On 4k四机位横屏直拍 / TF家族新年音乐会「荣耀」,WISH0511_张桂源,494070671,2025-12-27 16:42:34,910488,13309,9371,11389,1034,1066,3211,5,14,False
2026-03-09 14:34:22,https://www.bilibili.com/video/BV1qiBkBGEoj/?spm_id_from=333.1387.favlist.content.click&vd_source=406d0cf895bedbdc58a3d0130d55e34c,BV1qiBkBGEoj,【张桂源】On 4k四机位横屏直拍 / TF家族新年音乐会「荣耀」,WISH0511_张桂源,494070671,2025-12-27 16:42:34,910501,13312,9373,11393,1034,1066,3211,5,13,False
2026-03-09 15:34:36,https://www.bilibili.com/video/BV1qiBkBGEoj/?spm_id_from=333.1387.favlist.content.click&vd_source=406d0cf895bedbdc58a3d0130d55e34c,BV1qiBkBGEoj,【张桂源】On 4k四机位横屏直拍 / TF家族新年音乐会「荣耀」,WISH0511_张桂源,494070671,2025-12-27 16:42:34,910512,13314,9375,11394,1034,1066,3211,6,11,False
2026-03-09 19:35:49,https://www.bilibili.com/video/BV1qiBkBGEoj/?spm_id_from=333.1387.favlist.content.click&vd_source=406d0cf895bedbdc58a3d0130d55e34c,BV1qiBkBGEoj,【张桂源】On 4k四机位横屏直拍 / TF家族新年音乐会「荣耀」,WISH0511_张桂源,494070671,2025-12-27 16:42:34,910556,13315,9375,11395,1034,1066,3211,3,44,False
2026-03-09 20:36:03,https://www.bilibili.com/video/BV1qiBkBGEoj/?spm_id_from=333.1387.favlist.content.click&vd_source=406d0cf895bedbdc58a3d0130d55e34c,BV1qiBkBGEoj,【张桂源】On 4k四机位横屏直拍 / TF家族新年音乐会「荣耀」,WISH0511_张桂源,494070671,2025-12-27 16:42:34,910582,13318,9377,11395,1034,1066,3211,6,26,False
2026-03-09 21:36:17,https://www.bilibili.com/video/BV1qiBkBGEoj/?spm_id_from=333.1387.favlist.content.click&vd_source=406d0cf895bedbdc58a3d0130d55e34c,BV1qiBkBGEoj,【张桂源】On 4k四机位横屏直拍 / TF家族新年音乐会「荣耀」,WISH0511_张桂源,494070671,2025-12-27 16:42:34,910610,13320,9377,11397,1034,1066,3211,7,28,False
2026-03-09 22:36:31,https://www.bilibili.com/video/BV1qiBkBGEoj/?spm_id_from=333.1387.favlist.content.click&vd_source=406d0cf895bedbdc58a3d0130d55e34c,BV1qiBkBGEoj,【张桂源】On 4k四机位横屏直拍 / TF家族新年音乐会「荣耀」,WISH0511_张桂源,494070671,2025-12-27 16:42:34,910629,13323,9379,11398,1034,1066,3211,4,19,False
2026-03-09 23:36:46,https://www.bilibili.com/video/BV1qiBkBGEoj/?spm_id_from=333.1387.favlist.content.click&vd_source=406d0cf895bedbdc58a3d0130d55e34c,BV1qiBkBGEoj,【张桂源】On 4k四机位横屏直拍 / TF家族新年音乐会「荣耀」,WISH0511_张桂源,494070671,2025-12-27 16:42:34,910645,13324,9379,11399,1034,1066,3211,4,16,False
2026-03-09 00:31:07,https://www.bilibili.com/video/BV1iy64BBEqf/?spm_id_from=333.1387.favlist.content.click&vd_source=406d0cf895bedbdc58a3d0130d55e34c,BV1iy64BBEqf,进来倾听治愈系萌物唱Everything will beok 陈奕恒《拍拍灰》4K四机位直拍,你听得到0509,29947812,2026-02-01 17:03:08,496431,14193,9900,16139,948,504,3510,2,0,False
2026-03-09 01:31:21,https://www.bilibili.com/video/BV1iy64BBEqf/?spm_id_from=333.1387.favlist.content.click&vd_source=406d0cf895bedbdc58a3d0130d55e34c,BV1iy64BBEqf,进来倾听治愈系萌物唱Everything will beok 陈奕恒《拍拍灰》4K四机位直拍,你听得到0509,29947812,2026-02-01 17:03:08,496434,14193,9900,16139,948,504,3510,4,3,False
2026-03-09 02:31:35,https://www.bilibili.com/video/BV1iy64BBEqf/?spm_id_from=333.1387.favlist.content.click&vd_source=406d0cf895bedbdc58a3d0130d55e34c,BV1iy64BBEqf,进来倾听治愈系萌物唱Everything will beok 陈奕恒《拍拍灰》4K四机位直拍,你听得到0509,29947812,2026-02-01 17:03:08,496438,14193,9900,16139,948,504,3510,3,4,False
2026-03-09 03:31:49,https://www.bilibili.com/video/BV1iy64BBEqf/?spm_id_from=333.1387.favlist.content.click&vd_source=406d0cf895bedbdc58a3d0130d55e34c,BV1iy64BBEqf,进来倾听治愈系萌物唱Everything will beok 陈奕恒《拍拍灰》4K四机位直拍,你听得到0509,29947812,2026-02-01 17:03:08,496442,14193,9900,16139,948,504,3510,2,4,False
2026-03-09 04:32:03,https://www.bilibili.com/video/BV1iy64BBEqf/?spm_id_from=333.1387.favlist.content.click&vd_source=406d0cf895bedbdc58a3d0130d55e34c,BV1iy64BBEqf,进来倾听治愈系萌物唱Everything will beok 陈奕恒《拍拍灰》4K四机位直拍,你听得到0509,29947812,2026-02-01 17:03:08,496445,14193,9900,16139,948,504,3510,3,3,False
2026-03-09 05:32:16,https://www.bilibili.com/video/BV1iy64BBEqf/?spm_id_from=333.1387.favlist.content.click&vd_source=406d0cf895bedbdc58a3d0130d55e34c,BV1iy64BBEqf,进来倾听治愈系萌物唱Everything will beok 陈奕恒《拍拍灰》4K四机位直拍,你听得到0509,29947812,2026-02-01 17:03:08,496448,14193,9900,16139,948,504,3510,1,3,False
2026-03-09 06:32:30,https://www.bilibili.com/video/BV1iy64BBEqf/?spm_id_from=333.1387.favlist.content.click&vd_source=406d0cf895bedbdc58a3d0130d55e34c,BV1iy64BBEqf,进来倾听治愈系萌物唱Everything will beok 陈奕恒《拍拍灰》4K四机位直拍,你听得到0509,29947812,2026-02-01 17:03:08,496450,14193,9900,16139,948,504,3510,1,2,False
2026-03-09 07:32:44,https://www.bilibili.com/video/BV1iy64BBEqf/?spm_id_from=333.1387.favlist.content.click&vd_source=406d0cf895bedbdc58a3d0130d55e34c,BV1iy64BBEqf,进来倾听治愈系萌物唱Everything will beok 陈奕恒《拍拍灰》4K四机位直拍,你听得到0509,29947812,2026-02-01 17:03:08,496453,14193,9900,16139,948,504,3510,2,3,False
2026-03-09 08:32:58,https://www.bilibili.com/video/BV1iy64BBEqf/?spm_id_from=333.1387.favlist.content.click&vd_source=406d0cf895bedbdc58a3d0130d55e34c,BV1iy64BBEqf,进来倾听治愈系萌物唱Everything will beok 陈奕恒《拍拍灰》4K四机位直拍,你听得到0509,29947812,2026-02-01 17:03:08,496456,14193,9900,16138,948,504,3510,1,3,False
2026-03-09 09:33:12,https://www.bilibili.com/video/BV1iy64BBEqf/?spm_id_from=333.1387.favlist.content.click&vd_source=406d0cf895bedbdc58a3d0130d55e34c,BV1iy64BBEqf,进来倾听治愈系萌物唱Everything will beok 陈奕恒《拍拍灰》4K四机位直拍,你听得到0509,29947812,2026-02-01 17:03:08,496459,14193,9900,16138,948,504,3510,1,3,False
2026-03-09 10:33:26,https://www.bilibili.com/video/BV1iy64BBEqf/?spm_id_from=333.1387.favlist.content.click&vd_source=406d0cf895bedbdc58a3d0130d55e34c,BV1iy64BBEqf,进来倾听治愈系萌物唱Everything will beok 陈奕恒《拍拍灰》4K四机位直拍,你听得到0509,29947812,2026-02-01 17:03:08,496462,14193,9900,16138,948,504,3510,1,3,False
2026-03-09 11:33:40,https://www.bilibili.com/video/BV1iy64BBEqf/?spm_id_from=333.1387.favlist.content.click&vd_source=406d0cf895bedbdc58a3d0130d55e34c,BV1iy64BBEqf,进来倾听治愈系萌物唱Everything will beok 陈奕恒《拍拍灰》4K四机位直拍,你听得到0509,29947812,2026-02-01 17:03:08,496462,14193,9900,16138,948,504,3510,1,0,False
2026-03-09 12:33:54,https://www.bilibili.com/video/BV1iy64BBEqf/?spm_id_from=333.1387.favlist.content.click&vd_source=406d0cf895bedbdc58a3d0130d55e34c,BV1iy64BBEqf,进来倾听治愈系萌物唱Everything will beok 陈奕恒《拍拍灰》4K四机位直拍,你听得到0509,29947812,2026-02-01 17:03:08,496470,14193,9900,16138,948,504,3510,1,8,False
2026-03-09 13:34:08,https://www.bilibili.com/video/BV1iy64BBEqf/?spm_id_from=333.1387.favlist.content.click&vd_source=406d0cf895bedbdc58a3d0130d55e34c,BV1iy64BBEqf,进来倾听治愈系萌物唱Everything will beok 陈奕恒《拍拍灰》4K四机位直拍,你听得到0509,29947812,2026-02-01 17:03:08,496483,14195,9900,16139,948,504,3510,1,13,False
2026-03-09 14:34:22,https://www.bilibili.com/video/BV1iy64BBEqf/?spm_id_from=333.1387.favlist.content.click&vd_source=406d0cf895bedbdc58a3d0130d55e34c,BV1iy64BBEqf,进来倾听治愈系萌物唱Everything will beok 陈奕恒《拍拍灰》4K四机位直拍,你听得到0509,29947812,2026-02-01 17:03:08,496495,14195,9900,16139,948,504,3510,1,12,False
2026-03-09 15:34:36,https://www.bilibili.com/video/BV1iy64BBEqf/?spm_id_from=333.1387.favlist.content.click&vd_source=406d0cf895bedbdc58a3d0130d55e34c,BV1iy64BBEqf,进来倾听治愈系萌物唱Everything will beok 陈奕恒《拍拍灰》4K四机位直拍,你听得到0509,29947812,2026-02-01 17:03:08,496508,14195,9900,16139,948,504,3510,1,13,False
2026-03-09 19:35:49,https://www.bilibili.com/video/BV1iy64BBEqf/?spm_id_from=333.1387.favlist.content.click&vd_source=406d0cf895bedbdc58a3d0130d55e34c,BV1iy64BBEqf,进来倾听治愈系萌物唱Everything will beok 陈奕恒《拍拍灰》4K四机位直拍,你听得到0509,29947812,2026-02-01 17:03:08,496526,14195,9900,16138,948,504,3510,1,18,False
2026-03-09 20:36:03,https://www.bilibili.com/video/BV1iy64BBEqf/?spm_id_from=333.1387.favlist.content.click&vd_source=406d0cf895bedbdc58a3d0130d55e34c,BV1iy64BBEqf,进来倾听治愈系萌物唱Everything will beok 陈奕恒《拍拍灰》4K四机位直拍,你听得到0509,29947812,2026-02-01 17:03:08,496543,14196,9900,16139,948,504,3511,1,17,False
2026-03-09 21:36:17,https://www.bilibili.com/video/BV1iy64BBEqf/?spm_id_from=333.1387.favlist.content.click&vd_source=406d0cf895bedbdc58a3d0130d55e34c,BV1iy64BBEqf,进来倾听治愈系萌物唱Everything will beok 陈奕恒《拍拍灰》4K四机位直拍,你听得到0509,29947812,2026-02-01 17:03:08,496552,14197,9903,16141,950,504,3511,1,9,False
2026-03-09 22:36:31,https://www.bilibili.com/video/BV1iy64BBEqf/?spm_id_from=333.1387.favlist.content.click&vd_source=406d0cf895bedbdc58a3d0130d55e34c,BV1iy64BBEqf,进来倾听治愈系萌物唱Everything will beok 陈奕恒《拍拍灰》4K四机位直拍,你听得到0509,29947812,2026-02-01 17:03:08,496561,14199,9905,16141,950,504,3511,1,9,False
2026-03-09 23:36:46,https://www.bilibili.com/video/BV1iy64BBEqf/?spm_id_from=333.1387.favlist.content.click&vd_source=406d0cf895bedbdc58a3d0130d55e34c,BV1iy64BBEqf,进来倾听治愈系萌物唱Everything will beok 陈奕恒《拍拍灰》4K四机位直拍,你听得到0509,29947812,2026-02-01 17:03:08,496571,14202,9905,16143,951,504,3511,1,10,False
2026-03-09 00:31:07,https://www.bilibili.com/video/BV1ao64B8Ewp/?spm_id_from=333.1387.favlist.content.click&vd_source=406d0cf895bedbdc58a3d0130d55e34c,BV1ao64B8Ewp,【陈奕恒直拍】Attention!!红衣战神再度来袭!!此男又轻轻一跳魅惑全场了《闭嘴跳舞》4k四机位focus,前夜丨陈奕恒,3546741399881763,2026-02-01 17:36:32,559102,19684,12030,19483,1588,765,5182,6,0,False
2026-03-09 01:31:21,https://www.bilibili.com/video/BV1ao64B8Ewp/?spm_id_from=333.1387.favlist.content.click&vd_source=406d0cf895bedbdc58a3d0130d55e34c,BV1ao64B8Ewp,【陈奕恒直拍】Attention!!红衣战神再度来袭!!此男又轻轻一跳魅惑全场了《闭嘴跳舞》4k四机位focus,前夜丨陈奕恒,3546741399881763,2026-02-01 17:36:32,559156,19688,12030,19484,1588,765,5182,3,54,False
2026-03-09 02:31:35,https://www.bilibili.com/video/BV1ao64B8Ewp/?spm_id_from=333.1387.favlist.content.click&vd_source=406d0cf895bedbdc58a3d0130d55e34c,BV1ao64B8Ewp,【陈奕恒直拍】Attention!!红衣战神再度来袭!!此男又轻轻一跳魅惑全场了《闭嘴跳舞》4k四机位focus,前夜丨陈奕恒,3546741399881763,2026-02-01 17:36:32,559173,19688,12030,19484,1588,765,5182,4,17,False
2026-03-09 03:31:49,https://www.bilibili.com/video/BV1ao64B8Ewp/?spm_id_from=333.1387.favlist.content.click&vd_source=406d0cf895bedbdc58a3d0130d55e34c,BV1ao64B8Ewp,【陈奕恒直拍】Attention!!红衣战神再度来袭!!此男又轻轻一跳魅惑全场了《闭嘴跳舞》4k四机位focus,前夜丨陈奕恒,3546741399881763,2026-02-01 17:36:32,559185,19689,12030,19484,1588,765,5182,3,12,False
2026-03-09 04:32:03,https://www.bilibili.com/video/BV1ao64B8Ewp/?spm_id_from=333.1387.favlist.content.click&vd_source=406d0cf895bedbdc58a3d0130d55e34c,BV1ao64B8Ewp,【陈奕恒直拍】Attention!!红衣战神再度来袭!!此男又轻轻一跳魅惑全场了《闭嘴跳舞》4k四机位focus,前夜丨陈奕恒,3546741399881763,2026-02-01 17:36:32,559196,19690,12032,19485,1588,765,5182,3,11,False
2026-03-09 05:32:16,https://www.bilibili.com/video/BV1ao64B8Ewp/?spm_id_from=333.1387.favlist.content.click&vd_source=406d0cf895bedbdc58a3d0130d55e34c,BV1ao64B8Ewp,【陈奕恒直拍】Attention!!红衣战神再度来袭!!此男又轻轻一跳魅惑全场了《闭嘴跳舞》4k四机位focus,前夜丨陈奕恒,3546741399881763,2026-02-01 17:36:32,559206,19690,12032,19486,1588,767,5182,1,10,False
2026-03-09 06:32:30,https://www.bilibili.com/video/BV1ao64B8Ewp/?spm_id_from=333.1387.favlist.content.click&vd_source=406d0cf895bedbdc58a3d0130d55e34c,BV1ao64B8Ewp,【陈奕恒直拍】Attention!!红衣战神再度来袭!!此男又轻轻一跳魅惑全场了《闭嘴跳舞》4k四机位focus,前夜丨陈奕恒,3546741399881763,2026-02-01 17:36:32,559208,19690,12032,19486,1588,767,5182,3,2,False
2026-03-09 07:32:44,https://www.bilibili.com/video/BV1ao64B8Ewp/?spm_id_from=333.1387.favlist.content.click&vd_source=406d0cf895bedbdc58a3d0130d55e34c,BV1ao64B8Ewp,【陈奕恒直拍】Attention!!红衣战神再度来袭!!此男又轻轻一跳魅惑全场了《闭嘴跳舞》4k四机位focus,前夜丨陈奕恒,3546741399881763,2026-02-01 17:36:32,559220,19690,12032,19486,1589,767,5182,1,12,False
2026-03-09 08:32:58,https://www.bilibili.com/video/BV1ao64B8Ewp/?spm_id_from=333.1387.favlist.content.click&vd_source=406d0cf895bedbdc58a3d0130d55e34c,BV1ao64B8Ewp,【陈奕恒直拍】Attention!!红衣战神再度来袭!!此男又轻轻一跳魅惑全场了《闭嘴跳舞》4k四机位focus,前夜丨陈奕恒,3546741399881763,2026-02-01 17:36:32,559230,19690,12032,19485,1589,767,5182,1,10,False
2026-03-09 09:33:12,https://www.bilibili.com/video/BV1ao64B8Ewp/?spm_id_from=333.1387.favlist.content.click&vd_source=406d0cf895bedbdc58a3d0130d55e34c,BV1ao64B8Ewp,【陈奕恒直拍】Attention!!红衣战神再度来袭!!此男又轻轻一跳魅惑全场了《闭嘴跳舞》4k四机位focus,前夜丨陈奕恒,3546741399881763,2026-02-01 17:36:32,559246,19691,12032,19485,1589,767,5182,3,16,False
2026-03-09 10:33:26,https://www.bilibili.com/video/BV1ao64B8Ewp/?spm_id_from=333.1387.favlist.content.click&vd_source=406d0cf895bedbdc58a3d0130d55e34c,BV1ao64B8Ewp,【陈奕恒直拍】Attention!!红衣战神再度来袭!!此男又轻轻一跳魅惑全场了《闭嘴跳舞》4k四机位focus,前夜丨陈奕恒,3546741399881763,2026-02-01 17:36:32,559262,19692,12034,19486,1589,767,5182,2,16,False
2026-03-09 11:33:40,https://www.bilibili.com/video/BV1ao64B8Ewp/?spm_id_from=333.1387.favlist.content.click&vd_source=406d0cf895bedbdc58a3d0130d55e34c,BV1ao64B8Ewp,【陈奕恒直拍】Attention!!红衣战神再度来袭!!此男又轻轻一跳魅惑全场了《闭嘴跳舞》4k四机位focus,前夜丨陈奕恒,3546741399881763,2026-02-01 17:36:32,559281,19692,12034,19486,1589,767,5182,4,19,False
2026-03-09 12:33:54,https://www.bilibili.com/video/BV1ao64B8Ewp/?spm_id_from=333.1387.favlist.content.click&vd_source=406d0cf895bedbdc58a3d0130d55e34c,BV1ao64B8Ewp,【陈奕恒直拍】Attention!!红衣战神再度来袭!!此男又轻轻一跳魅惑全场了《闭嘴跳舞》4k四机位focus,前夜丨陈奕恒,3546741399881763,2026-02-01 17:36:32,559329,19697,12036,19489,1589,767,5182,5,48,False
2026-03-09 13:34:08,https://www.bilibili.com/video/BV1ao64B8Ewp/?spm_id_from=333.1387.favlist.content.click&vd_source=406d0cf895bedbdc58a3d0130d55e34c,BV1ao64B8Ewp,【陈奕恒直拍】Attention!!红衣战神再度来袭!!此男又轻轻一跳魅惑全场了《闭嘴跳舞》4k四机位focus,前夜丨陈奕恒,3546741399881763,2026-02-01 17:36:32,559394,19700,12036,19491,1589,767,5186,2,65,False
2026-03-09 14:34:22,https://www.bilibili.com/video/BV1ao64B8Ewp/?spm_id_from=333.1387.favlist.content.click&vd_source=406d0cf895bedbdc58a3d0130d55e34c,BV1ao64B8Ewp,【陈奕恒直拍】Attention!!红衣战神再度来袭!!此男又轻轻一跳魅惑全场了《闭嘴跳舞》4k四机位focus,前夜丨陈奕恒,3546741399881763,2026-02-01 17:36:32,559429,19701,12036,19491,1589,767,5186,2,35,False
2026-03-09 15:34:36,https://www.bilibili.com/video/BV1ao64B8Ewp/?spm_id_from=333.1387.favlist.content.click&vd_source=406d0cf895bedbdc58a3d0130d55e34c,BV1ao64B8Ewp,【陈奕恒直拍】Attention!!红衣战神再度来袭!!此男又轻轻一跳魅惑全场了《闭嘴跳舞》4k四机位focus,前夜丨陈奕恒,3546741399881763,2026-02-01 17:36:32,559453,19701,12036,19491,1589,767,5186,6,24,False
2026-03-09 19:35:49,https://www.bilibili.com/video/BV1ao64B8Ewp/?spm_id_from=333.1387.favlist.content.click&vd_source=406d0cf895bedbdc58a3d0130d55e34c,BV1ao64B8Ewp,【陈奕恒直拍】Attention!!红衣战神再度来袭!!此男又轻轻一跳魅惑全场了《闭嘴跳舞》4k四机位focus,前夜丨陈奕恒,3546741399881763,2026-02-01 17:36:32,559649,19710,12036,19500,1592,768,5187,5,196,False
2026-03-09 20:36:03,https://www.bilibili.com/video/BV1ao64B8Ewp/?spm_id_from=333.1387.favlist.content.click&vd_source=406d0cf895bedbdc58a3d0130d55e34c,BV1ao64B8Ewp,【陈奕恒直拍】Attention!!红衣战神再度来袭!!此男又轻轻一跳魅惑全场了《闭嘴跳舞》4k四机位focus,前夜丨陈奕恒,3546741399881763,2026-02-01 17:36:32,559760,19716,12042,19500,1595,769,5188,6,111,False
2026-03-09 21:36:17,https://www.bilibili.com/video/BV1ao64B8Ewp/?spm_id_from=333.1387.favlist.content.click&vd_source=406d0cf895bedbdc58a3d0130d55e34c,BV1ao64B8Ewp,【陈奕恒直拍】Attention!!红衣战神再度来袭!!此男又轻轻一跳魅惑全场了《闭嘴跳舞》4k四机位focus,前夜丨陈奕恒,3546741399881763,2026-02-01 17:36:32,559880,19724,12043,19505,1596,769,5188,7,120,False
2026-03-09 22:36:31,https://www.bilibili.com/video/BV1ao64B8Ewp/?spm_id_from=333.1387.favlist.content.click&vd_source=406d0cf895bedbdc58a3d0130d55e34c,BV1ao64B8Ewp,【陈奕恒直拍】Attention!!红衣战神再度来袭!!此男又轻轻一跳魅惑全场了《闭嘴跳舞》4k四机位focus,前夜丨陈奕恒,3546741399881763,2026-02-01 17:36:32,560004,19731,12043,19510,1597,769,5188,8,124,False
2026-03-09 23:36:46,https://www.bilibili.com/video/BV1ao64B8Ewp/?spm_id_from=333.1387.favlist.content.click&vd_source=406d0cf895bedbdc58a3d0130d55e34c,BV1ao64B8Ewp,【陈奕恒直拍】Attention!!红衣战神再度来袭!!此男又轻轻一跳魅惑全场了《闭嘴跳舞》4k四机位focus,前夜丨陈奕恒,3546741399881763,2026-02-01 17:36:32,560087,19738,12043,19515,1598,770,5188,6,83,False
2026-03-09 00:31:07,https://www.bilibili.com/video/BV1iF61BHE8w/?spm_id_from=333.1387.favlist.content.click&vd_source=406d0cf895bedbdc58a3d0130d55e34c,BV1iF61BHE8w,【陈奕恒直拍】Just感受!!唇环180男神魅惑来袭《希区考克》4k三机位focus,前夜丨陈奕恒,3546741399881763,2026-01-31 20:30:48,495518,12619,9398,14474,1012,542,3192,5,0,False
2026-03-09 01:31:21,https://www.bilibili.com/video/BV1iF61BHE8w/?spm_id_from=333.1387.favlist.content.click&vd_source=406d0cf895bedbdc58a3d0130d55e34c,BV1iF61BHE8w,【陈奕恒直拍】Just感受!!唇环180男神魅惑来袭《希区考克》4k三机位focus,前夜丨陈奕恒,3546741399881763,2026-01-31 20:30:48,495521,12619,9398,14474,1012,542,3192,2,3,False
2026-03-09 02:31:35,https://www.bilibili.com/video/BV1iF61BHE8w/?spm_id_from=333.1387.favlist.content.click&vd_source=406d0cf895bedbdc58a3d0130d55e34c,BV1iF61BHE8w,【陈奕恒直拍】Just感受!!唇环180男神魅惑来袭《希区考克》4k三机位focus,前夜丨陈奕恒,3546741399881763,2026-01-31 20:30:48,495523,12619,9398,14474,1012,542,3192,2,2,False
2026-03-09 03:31:49,https://www.bilibili.com/video/BV1iF61BHE8w/?spm_id_from=333.1387.favlist.content.click&vd_source=406d0cf895bedbdc58a3d0130d55e34c,BV1iF61BHE8w,【陈奕恒直拍】Just感受!!唇环180男神魅惑来袭《希区考克》4k三机位focus,前夜丨陈奕恒,3546741399881763,2026-01-31 20:30:48,495525,12619,9398,14474,1012,542,3192,3,2,False
2026-03-09 04:32:03,https://www.bilibili.com/video/BV1iF61BHE8w/?spm_id_from=333.1387.favlist.content.click&vd_source=406d0cf895bedbdc58a3d0130d55e34c,BV1iF61BHE8w,【陈奕恒直拍】Just感受!!唇环180男神魅惑来袭《希区考克》4k三机位focus,前夜丨陈奕恒,3546741399881763,2026-01-31 20:30:48,495528,12619,9398,14474,1012,542,3192,2,3,False
2026-03-09 05:32:16,https://www.bilibili.com/video/BV1iF61BHE8w/?spm_id_from=333.1387.favlist.content.click&vd_source=406d0cf895bedbdc58a3d0130d55e34c,BV1iF61BHE8w,【陈奕恒直拍】Just感受!!唇环180男神魅惑来袭《希区考克》4k三机位focus,前夜丨陈奕恒,3546741399881763,2026-01-31 20:30:48,495531,12619,9398,14474,1012,542,3192,1,3,False
2026-03-09 06:32:30,https://www.bilibili.com/video/BV1iF61BHE8w/?spm_id_from=333.1387.favlist.content.click&vd_source=406d0cf895bedbdc58a3d0130d55e34c,BV1iF61BHE8w,【陈奕恒直拍】Just感受!!唇环180男神魅惑来袭《希区考克》4k三机位focus,前夜丨陈奕恒,3546741399881763,2026-01-31 20:30:48,495532,12619,9398,14474,1012,542,3192,1,1,False
2026-03-09 07:32:44,https://www.bilibili.com/video/BV1iF61BHE8w/?spm_id_from=333.1387.favlist.content.click&vd_source=406d0cf895bedbdc58a3d0130d55e34c,BV1iF61BHE8w,【陈奕恒直拍】Just感受!!唇环180男神魅惑来袭《希区考克》4k三机位focus,前夜丨陈奕恒,3546741399881763,2026-01-31 20:30:48,495533,12619,9398,14474,1013,542,3192,1,1,False
2026-03-09 08:32:58,https://www.bilibili.com/video/BV1iF61BHE8w/?spm_id_from=333.1387.favlist.content.click&vd_source=406d0cf895bedbdc58a3d0130d55e34c,BV1iF61BHE8w,【陈奕恒直拍】Just感受!!唇环180男神魅惑来袭《希区考克》4k三机位focus,前夜丨陈奕恒,3546741399881763,2026-01-31 20:30:48,495535,12619,9398,14473,1013,542,3192,2,2,False
2026-03-09 09:33:12,https://www.bilibili.com/video/BV1iF61BHE8w/?spm_id_from=333.1387.favlist.content.click&vd_source=406d0cf895bedbdc58a3d0130d55e34c,BV1iF61BHE8w,【陈奕恒直拍】Just感受!!唇环180男神魅惑来袭《希区考克》4k三机位focus,前夜丨陈奕恒,3546741399881763,2026-01-31 20:30:48,495537,12619,9398,14473,1013,542,3192,1,2,False
2026-03-09 10:33:26,https://www.bilibili.com/video/BV1iF61BHE8w/?spm_id_from=333.1387.favlist.content.click&vd_source=406d0cf895bedbdc58a3d0130d55e34c,BV1iF61BHE8w,【陈奕恒直拍】Just感受!!唇环180男神魅惑来袭《希区考克》4k三机位focus,前夜丨陈奕恒,3546741399881763,2026-01-31 20:30:48,495541,12619,9398,14473,1013,542,3192,1,4,False
2026-03-09 11:33:40,https://www.bilibili.com/video/BV1iF61BHE8w/?spm_id_from=333.1387.favlist.content.click&vd_source=406d0cf895bedbdc58a3d0130d55e34c,BV1iF61BHE8w,【陈奕恒直拍】Just感受!!唇环180男神魅惑来袭《希区考克》4k三机位focus,前夜丨陈奕恒,3546741399881763,2026-01-31 20:30:48,495541,12619,9398,14473,1013,542,3192,1,0,False
2026-03-09 12:33:54,https://www.bilibili.com/video/BV1iF61BHE8w/?spm_id_from=333.1387.favlist.content.click&vd_source=406d0cf895bedbdc58a3d0130d55e34c,BV1iF61BHE8w,【陈奕恒直拍】Just感受!!唇环180男神魅惑来袭《希区考克》4k三机位focus,前夜丨陈奕恒,3546741399881763,2026-01-31 20:30:48,495550,12619,9398,14473,1014,542,3192,1,9,False
2026-03-09 13:34:08,https://www.bilibili.com/video/BV1iF61BHE8w/?spm_id_from=333.1387.favlist.content.click&vd_source=406d0cf895bedbdc58a3d0130d55e34c,BV1iF61BHE8w,【陈奕恒直拍】Just感受!!唇环180男神魅惑来袭《希区考克》4k三机位focus,前夜丨陈奕恒,3546741399881763,2026-01-31 20:30:48,495563,12621,9398,14474,1014,542,3192,2,13,False
2026-03-09 14:34:22,https://www.bilibili.com/video/BV1iF61BHE8w/?spm_id_from=333.1387.favlist.content.click&vd_source=406d0cf895bedbdc58a3d0130d55e34c,BV1iF61BHE8w,【陈奕恒直拍】Just感受!!唇环180男神魅惑来袭《希区考克》4k三机位focus,前夜丨陈奕恒,3546741399881763,2026-01-31 20:30:48,495575,12621,9398,14474,1014,542,3192,1,12,False
2026-03-09 15:34:36,https://www.bilibili.com/video/BV1iF61BHE8w/?spm_id_from=333.1387.favlist.content.click&vd_source=406d0cf895bedbdc58a3d0130d55e34c,BV1iF61BHE8w,【陈奕恒直拍】Just感受!!唇环180男神魅惑来袭《希区考克》4k三机位focus,前夜丨陈奕恒,3546741399881763,2026-01-31 20:30:48,495585,12621,9398,14474,1014,542,3192,1,10,False
2026-03-09 19:35:49,https://www.bilibili.com/video/BV1iF61BHE8w/?spm_id_from=333.1387.favlist.content.click&vd_source=406d0cf895bedbdc58a3d0130d55e34c,BV1iF61BHE8w,【陈奕恒直拍】Just感受!!唇环180男神魅惑来袭《希区考克》4k三机位focus,前夜丨陈奕恒,3546741399881763,2026-01-31 20:30:48,495608,12623,9398,14474,1014,542,3192,1,23,False
2026-03-09 20:36:03,https://www.bilibili.com/video/BV1iF61BHE8w/?spm_id_from=333.1387.favlist.content.click&vd_source=406d0cf895bedbdc58a3d0130d55e34c,BV1iF61BHE8w,【陈奕恒直拍】Just感受!!唇环180男神魅惑来袭《希区考克》4k三机位focus,前夜丨陈奕恒,3546741399881763,2026-01-31 20:30:48,495618,12624,9400,14475,1014,542,3192,2,10,False
2026-03-09 21:36:17,https://www.bilibili.com/video/BV1iF61BHE8w/?spm_id_from=333.1387.favlist.content.click&vd_source=406d0cf895bedbdc58a3d0130d55e34c,BV1iF61BHE8w,【陈奕恒直拍】Just感受!!唇环180男神魅惑来袭《希区考克》4k三机位focus,前夜丨陈奕恒,3546741399881763,2026-01-31 20:30:48,495630,12625,9401,14476,1015,542,3192,2,12,False
2026-03-09 22:36:31,https://www.bilibili.com/video/BV1iF61BHE8w/?spm_id_from=333.1387.favlist.content.click&vd_source=406d0cf895bedbdc58a3d0130d55e34c,BV1iF61BHE8w,【陈奕恒直拍】Just感受!!唇环180男神魅惑来袭《希区考克》4k三机位focus,前夜丨陈奕恒,3546741399881763,2026-01-31 20:30:48,495643,12627,9403,14476,1015,542,3192,1,13,False
2026-03-09 23:36:46,https://www.bilibili.com/video/BV1iF61BHE8w/?spm_id_from=333.1387.favlist.content.click&vd_source=406d0cf895bedbdc58a3d0130d55e34c,BV1iF61BHE8w,【陈奕恒直拍】Just感受!!唇环180男神魅惑来袭《希区考克》4k三机位focus,前夜丨陈奕恒,3546741399881763,2026-01-31 20:30:48,495655,12630,9403,14479,1016,542,3193,1,12,False
2026-03-09 00:31:07,https://www.bilibili.com/video/BV1EQ6yBoEEP/?spm_id_from=333.1387.favlist.content.click&vd_source=406d0cf895bedbdc58a3d0130d55e34c,BV1EQ6yBoEEP,王橹杰｜借过一下｜4k直拍双机位｜月光仙子,OOSAN丨王橹杰,3690989432604729,2026-01-31 20:26:21,829622,14515,15478,16375,3645,1737,6556,13,0,False
2026-03-09 01:31:21,https://www.bilibili.com/video/BV1EQ6yBoEEP/?spm_id_from=333.1387.favlist.content.click&vd_source=406d0cf895bedbdc58a3d0130d55e34c,BV1EQ6yBoEEP,王橹杰｜借过一下｜4k直拍双机位｜月光仙子,OOSAN丨王橹杰,3690989432604729,2026-01-31 20:26:21,829631,14515,15478,16375,3645,1750,6556,16,9,False
2026-03-09 02:31:35,https://www.bilibili.com/video/BV1EQ6yBoEEP/?spm_id_from=333.1387.favlist.content.click&vd_source=406d0cf895bedbdc58a3d0130d55e34c,BV1EQ6yBoEEP,王橹杰｜借过一下｜4k直拍双机位｜月光仙子,OOSAN丨王橹杰,3690989432604729,2026-01-31 20:26:21,829642,14515,15478,16375,3645,1750,6556,14,11,False
2026-03-09 03:31:49,https://www.bilibili.com/video/BV1EQ6yBoEEP/?spm_id_from=333.1387.favlist.content.click&vd_source=406d0cf895bedbdc58a3d0130d55e34c,BV1EQ6yBoEEP,王橹杰｜借过一下｜4k直拍双机位｜月光仙子,OOSAN丨王橹杰,3690989432604729,2026-01-31 20:26:21,829649,14515,15478,16375,3645,1750,6556,9,7,False
2026-03-09 04:32:03,https://www.bilibili.com/video/BV1EQ6yBoEEP/?spm_id_from=333.1387.favlist.content.click&vd_source=406d0cf895bedbdc58a3d0130d55e34c,BV1EQ6yBoEEP,王橹杰｜借过一下｜4k直拍双机位｜月光仙子,OOSAN丨王橹杰,3690989432604729,2026-01-31 20:26:21,829655,14515,15478,16375,3645,1750,6556,13,6,False
2026-03-09 05:32:16,https://www.bilibili.com/video/BV1EQ6yBoEEP/?spm_id_from=333.1387.favlist.content.click&vd_source=406d0cf895bedbdc58a3d0130d55e34c,BV1EQ6yBoEEP,王橹杰｜借过一下｜4k直拍双机位｜月光仙子,OOSAN丨王橹杰,3690989432604729,2026-01-31 20:26:21,829663,14516,15478,16375,3645,1750,6556,12,8,False
2026-03-09 06:32:30,https://www.bilibili.com/video/BV1EQ6yBoEEP/?spm_id_from=333.1387.favlist.content.click&vd_source=406d0cf895bedbdc58a3d0130d55e34c,BV1EQ6yBoEEP,王橹杰｜借过一下｜4k直拍双机位｜月光仙子,OOSAN丨王橹杰,3690989432604729,2026-01-31 20:26:21,829670,14516,15478,16375,3645,1750,6556,16,7,False
2026-03-09 07:32:44,https://www.bilibili.com/video/BV1EQ6yBoEEP/?spm_id_from=333.1387.favlist.content.click&vd_source=406d0cf895bedbdc58a3d0130d55e34c,BV1EQ6yBoEEP,王橹杰｜借过一下｜4k直拍双机位｜月光仙子,OOSAN丨王橹杰,3690989432604729,2026-01-31 20:26:21,829686,14516,15480,16375,3645,1750,6556,15,16,False
2026-03-09 08:32:58,https://www.bilibili.com/video/BV1EQ6yBoEEP/?spm_id_from=333.1387.favlist.content.click&vd_source=406d0cf895bedbdc58a3d0130d55e34c,BV1EQ6yBoEEP,王橹杰｜借过一下｜4k直拍双机位｜月光仙子,OOSAN丨王橹杰,3690989432604729,2026-01-31 20:26:21,829704,14516,15480,16375,3649,1750,6556,11,18,False
2026-03-09 09:33:12,https://www.bilibili.com/video/BV1EQ6yBoEEP/?spm_id_from=333.1387.favlist.content.click&vd_source=406d0cf895bedbdc58a3d0130d55e34c,BV1EQ6yBoEEP,王橹杰｜借过一下｜4k直拍双机位｜月光仙子,OOSAN丨王橹杰,3690989432604729,2026-01-31 20:26:21,829717,14516,15480,16374,3649,1750,6556,15,13,False
2026-03-09 10:33:26,https://www.bilibili.com/video/BV1EQ6yBoEEP/?spm_id_from=333.1387.favlist.content.click&vd_source=406d0cf895bedbdc58a3d0130d55e34c,BV1EQ6yBoEEP,王橹杰｜借过一下｜4k直拍双机位｜月光仙子,OOSAN丨王橹杰,3690989432604729,2026-01-31 20:26:21,829736,14516,15480,16373,3649,1750,6556,14,19,False
2026-03-09 11:33:40,https://www.bilibili.com/video/BV1EQ6yBoEEP/?spm_id_from=333.1387.favlist.content.click&vd_source=406d0cf895bedbdc58a3d0130d55e34c,BV1EQ6yBoEEP,王橹杰｜借过一下｜4k直拍双机位｜月光仙子,OOSAN丨王橹杰,3690989432604729,2026-01-31 20:26:21,829754,14516,15480,16373,3649,1750,6556,12,18,False
2026-03-09 12:33:54,https://www.bilibili.com/video/BV1EQ6yBoEEP/?spm_id_from=333.1387.favlist.content.click&vd_source=406d0cf895bedbdc58a3d0130d55e34c,BV1EQ6yBoEEP,王橹杰｜借过一下｜4k直拍双机位｜月光仙子,OOSAN丨王橹杰,3690989432604729,2026-01-31 20:26:21,829771,14516,15480,16373,3649,1750,6556,16,17,False
2026-03-09 13:34:08,https://www.bilibili.com/video/BV1EQ6yBoEEP/?spm_id_from=333.1387.favlist.content.click&vd_source=406d0cf895bedbdc58a3d0130d55e34c,BV1EQ6yBoEEP,王橹杰｜借过一下｜4k直拍双机位｜月光仙子,OOSAN丨王橹杰,3690989432604729,2026-01-31 20:26:21,829779,14516,15480,16374,3650,1750,6556,16,8,False
2026-03-09 14:34:22,https://www.bilibili.com/video/BV1EQ6yBoEEP/?spm_id_from=333.1387.favlist.content.click&vd_source=406d0cf895bedbdc58a3d0130d55e34c,BV1EQ6yBoEEP,王橹杰｜借过一下｜4k直拍双机位｜月光仙子,OOSAN丨王橹杰,3690989432604729,2026-01-31 20:26:21,829787,14516,15480,16374,3650,1750,6556,12,8,False
2026-03-09 15:34:36,https://www.bilibili.com/video/BV1EQ6yBoEEP/?spm_id_from=333.1387.favlist.content.click&vd_source=406d0cf895bedbdc58a3d0130d55e34c,BV1EQ6yBoEEP,王橹杰｜借过一下｜4k直拍双机位｜月光仙子,OOSAN丨王橹杰,3690989432604729,2026-01-31 20:26:21,829799,14516,15480,16374,3650,1750,6556,11,12,False
2026-03-09 19:35:49,https://www.bilibili.com/video/BV1EQ6yBoEEP/?spm_id_from=333.1387.favlist.content.click&vd_source=406d0cf895bedbdc58a3d0130d55e34c,BV1EQ6yBoEEP,王橹杰｜借过一下｜4k直拍双机位｜月光仙子,OOSAN丨王橹杰,3690989432604729,2026-01-31 20:26:21,829848,14517,15480,16374,3650,1750,6556,15,49,False
2026-03-09 20:36:03,https://www.bilibili.com/video/BV1EQ6yBoEEP/?spm_id_from=333.1387.favlist.content.click&vd_source=406d0cf895bedbdc58a3d0130d55e34c,BV1EQ6yBoEEP,王橹杰｜借过一下｜4k直拍双机位｜月光仙子,OOSAN丨王橹杰,3690989432604729,2026-01-31 20:26:21,829868,14518,15480,16373,3650,1750,6556,10,20,False
2026-03-09 21:36:17,https://www.bilibili.com/video/BV1EQ6yBoEEP/?spm_id_from=333.1387.favlist.content.click&vd_source=406d0cf895bedbdc58a3d0130d55e34c,BV1EQ6yBoEEP,王橹杰｜借过一下｜4k直拍双机位｜月光仙子,OOSAN丨王橹杰,3690989432604729,2026-01-31 20:26:21,829889,14519,15482,16374,3652,1751,6558,12,21,False
2026-03-09 22:36:31,https://www.bilibili.com/video/BV1EQ6yBoEEP/?spm_id_from=333.1387.favlist.content.click&vd_source=406d0cf895bedbdc58a3d0130d55e34c,BV1EQ6yBoEEP,王橹杰｜借过一下｜4k直拍双机位｜月光仙子,OOSAN丨王橹杰,3690989432604729,2026-01-31 20:26:21,829909,14519,15484,16372,3653,1751,6558,9,20,False
2026-03-09 23:36:46,https://www.bilibili.com/video/BV1EQ6yBoEEP/?spm_id_from=333.1387.favlist.content.click&vd_source=406d0cf895bedbdc58a3d0130d55e34c,BV1EQ6yBoEEP,王橹杰｜借过一下｜4k直拍双机位｜月光仙子,OOSAN丨王橹杰,3690989432604729,2026-01-31 20:26:21,829923,14519,15484,16372,3653,1751,6558,6,14,False
2026-03-09 00:31:07,https://www.bilibili.com/video/BV1bm6nBGE12/?spm_id_from=333.1387.favlist.content.click&vd_source=406d0cf895bedbdc58a3d0130d55e34c,BV1bm6nBGE12,【王橹杰FOCUS | 4K直拍】lovely,Morpheus秩序外_王橹杰,3632310920415710,2026-01-31 22:31:24,926083,25943,23438,23510,4315,2084,9969,6,0,False
2026-03-09 01:31:21,https://www.bilibili.com/video/BV1bm6nBGE12/?spm_id_from=333.1387.favlist.content.click&vd_source=406d0cf895bedbdc58a3d0130d55e34c,BV1bm6nBGE12,【王橹杰FOCUS | 4K直拍】lovely,Morpheus秩序外_王橹杰,3632310920415710,2026-01-31 22:31:24,926109,25944,23440,23511,4317,2091,9969,4,26,False
2026-03-09 02:31:35,https://www.bilibili.com/video/BV1bm6nBGE12/?spm_id_from=333.1387.favlist.content.click&vd_source=406d0cf895bedbdc58a3d0130d55e34c,BV1bm6nBGE12,【王橹杰FOCUS | 4K直拍】lovely,Morpheus秩序外_王橹杰,3632310920415710,2026-01-31 22:31:24,926132,25946,23440,23512,4317,2091,9969,3,23,False
2026-03-09 03:31:49,https://www.bilibili.com/video/BV1bm6nBGE12/?spm_id_from=333.1387.favlist.content.click&vd_source=406d0cf895bedbdc58a3d0130d55e34c,BV1bm6nBGE12,【王橹杰FOCUS | 4K直拍】lovely,Morpheus秩序外_王橹杰,3632310920415710,2026-01-31 22:31:24,926151,25946,23442,23514,4317,2091,9969,7,19,False
2026-03-09 04:32:03,https://www.bilibili.com/video/BV1bm6nBGE12/?spm_id_from=333.1387.favlist.content.click&vd_source=406d0cf895bedbdc58a3d0130d55e34c,BV1bm6nBGE12,【王橹杰FOCUS | 4K直拍】lovely,Morpheus秩序外_王橹杰,3632310920415710,2026-01-31 22:31:24,926163,25946,23442,23515,4317,2091,9969,3,12,False
2026-03-09 05:32:16,https://www.bilibili.com/video/BV1bm6nBGE12/?spm_id_from=333.1387.favlist.content.click&vd_source=406d0cf895bedbdc58a3d0130d55e34c,BV1bm6nBGE12,【王橹杰FOCUS | 4K直拍】lovely,Morpheus秩序外_王橹杰,3632310920415710,2026-01-31 22:31:24,926176,25946,23442,23515,4317,2091,9969,7,13,False
2026-03-09 06:32:30,https://www.bilibili.com/video/BV1bm6nBGE12/?spm_id_from=333.1387.favlist.content.click&vd_source=406d0cf895bedbdc58a3d0130d55e34c,BV1bm6nBGE12,【王橹杰FOCUS | 4K直拍】lovely,Morpheus秩序外_王橹杰,3632310920415710,2026-01-31 22:31:24,926190,25946,23442,23515,4317,2091,9969,4,14,False
2026-03-09 07:32:44,https://www.bilibili.com/video/BV1bm6nBGE12/?spm_id_from=333.1387.favlist.content.click&vd_source=406d0cf895bedbdc58a3d0130d55e34c,BV1bm6nBGE12,【王橹杰FOCUS | 4K直拍】lovely,Morpheus秩序外_王橹杰,3632310920415710,2026-01-31 22:31:24,926210,25946,23444,23515,4317,2091,9969,4,20,False
2026-03-09 08:32:58,https://www.bilibili.com/video/BV1bm6nBGE12/?spm_id_from=333.1387.favlist.content.click&vd_source=406d0cf895bedbdc58a3d0130d55e34c,BV1bm6nBGE12,【王橹杰FOCUS | 4K直拍】lovely,Morpheus秩序外_王橹杰,3632310920415710,2026-01-31 22:31:24,926234,25946,23444,23515,4320,2091,9969,4,24,False
2026-03-09 09:33:12,https://www.bilibili.com/video/BV1bm6nBGE12/?spm_id_from=333.1387.favlist.content.click&vd_source=406d0cf895bedbdc58a3d0130d55e34c,BV1bm6nBGE12,【王橹杰FOCUS | 4K直拍】lovely,Morpheus秩序外_王橹杰,3632310920415710,2026-01-31 22:31:24,926258,25946,23444,23514,4320,2091,9969,4,24,False
2026-03-09 10:33:26,https://www.bilibili.com/video/BV1bm6nBGE12/?spm_id_from=333.1387.favlist.content.click&vd_source=406d0cf895bedbdc58a3d0130d55e34c,BV1bm6nBGE12,【王橹杰FOCUS | 4K直拍】lovely,Morpheus秩序外_王橹杰,3632310920415710,2026-01-31 22:31:24,926286,25947,23446,23514,4320,2091,9969,6,28,False
2026-03-09 11:33:40,https://www.bilibili.com/video/BV1bm6nBGE12/?spm_id_from=333.1387.favlist.content.click&vd_source=406d0cf895bedbdc58a3d0130d55e34c,BV1bm6nBGE12,【王橹杰FOCUS | 4K直拍】lovely,Morpheus秩序外_王橹杰,3632310920415710,2026-01-31 22:31:24,926319,25947,23446,23514,4320,2091,9969,4,33,False
2026-03-09 12:33:54,https://www.bilibili.com/video/BV1bm6nBGE12/?spm_id_from=333.1387.favlist.content.click&vd_source=406d0cf895bedbdc58a3d0130d55e34c,BV1bm6nBGE12,【王橹杰FOCUS | 4K直拍】lovely,Morpheus秩序外_王橹杰,3632310920415710,2026-01-31 22:31:24,926346,25947,23446,23515,4320,2091,9969,4,27,False
2026-03-09 13:34:08,https://www.bilibili.com/video/BV1bm6nBGE12/?spm_id_from=333.1387.favlist.content.click&vd_source=406d0cf895bedbdc58a3d0130d55e34c,BV1bm6nBGE12,【王橹杰FOCUS | 4K直拍】lovely,Morpheus秩序外_王橹杰,3632310920415710,2026-01-31 22:31:24,926386,25952,23448,23518,4320,2091,9971,8,40,False
2026-03-09 14:34:22,https://www.bilibili.com/video/BV1bm6nBGE12/?spm_id_from=333.1387.favlist.content.click&vd_source=406d0cf895bedbdc58a3d0130d55e34c,BV1bm6nBGE12,【王橹杰FOCUS | 4K直拍】lovely,Morpheus秩序外_王橹杰,3632310920415710,2026-01-31 22:31:24,926408,25952,23448,23517,4322,2091,9971,10,22,False
2026-03-09 15:34:36,https://www.bilibili.com/video/BV1bm6nBGE12/?spm_id_from=333.1387.favlist.content.click&vd_source=406d0cf895bedbdc58a3d0130d55e34c,BV1bm6nBGE12,【王橹杰FOCUS | 4K直拍】lovely,Morpheus秩序外_王橹杰,3632310920415710,2026-01-31 22:31:24,926443,25952,23448,23518,4322,2091,9971,6,35,False
2026-03-09 19:35:49,https://www.bilibili.com/video/BV1bm6nBGE12/?spm_id_from=333.1387.favlist.content.click&vd_source=406d0cf895bedbdc58a3d0130d55e34c,BV1bm6nBGE12,【王橹杰FOCUS | 4K直拍】lovely,Morpheus秩序外_王橹杰,3632310920415710,2026-01-31 22:31:24,926583,25958,23450,23525,4322,2091,9971,5,140,False
2026-03-09 20:36:03,https://www.bilibili.com/video/BV1bm6nBGE12/?spm_id_from=333.1387.favlist.content.click&vd_source=406d0cf895bedbdc58a3d0130d55e34c,BV1bm6nBGE12,【王橹杰FOCUS | 4K直拍】lovely,Morpheus秩序外_王橹杰,3632310920415710,2026-01-31 22:31:24,926658,25965,23452,23528,4323,2092,9972,7,75,False
2026-03-09 21:36:17,https://www.bilibili.com/video/BV1bm6nBGE12/?spm_id_from=333.1387.favlist.content.click&vd_source=406d0cf895bedbdc58a3d0130d55e34c,BV1bm6nBGE12,【王橹杰FOCUS | 4K直拍】lovely,Morpheus秩序外_王橹杰,3632310920415710,2026-01-31 22:31:24,926768,25969,23454,23531,4325,2092,9974,10,110,False
2026-03-09 22:36:31,https://www.bilibili.com/video/BV1bm6nBGE12/?spm_id_from=333.1387.favlist.content.click&vd_source=406d0cf895bedbdc58a3d0130d55e34c,BV1bm6nBGE12,【王橹杰FOCUS | 4K直拍】lovely,Morpheus秩序外_王橹杰,3632310920415710,2026-01-31 22:31:24,926850,25971,23454,23529,4325,2092,9974,10,82,False
2026-03-09 23:36:46,https://www.bilibili.com/video/BV1bm6nBGE12/?spm_id_from=333.1387.favlist.content.click&vd_source=406d0cf895bedbdc58a3d0130d55e34c,BV1bm6nBGE12,【王橹杰FOCUS | 4K直拍】lovely,Morpheus秩序外_王橹杰,3632310920415710,2026-01-31 22:31:24,926940,25974,23454,23530,4325,2093,9974,5,90,False
2026-03-09 00:31:07,https://www.bilibili.com/video/BV1nM6WBiEQs/?spm_id_from=333.1387.favlist.content.click&vd_source=406d0cf895bedbdc58a3d0130d55e34c,BV1nM6WBiEQs,【王橹杰FOCUS |4K直拍】希区考克,Morpheus秩序外_王橹杰,3632310920415710,2026-02-01 09:06:59,979352,39329,33172,28924,6111,3396,13469,18,0,False
2026-03-09 01:31:21,https://www.bilibili.com/video/BV1nM6WBiEQs/?spm_id_from=333.1387.favlist.content.click&vd_source=406d0cf895bedbdc58a3d0130d55e34c,BV1nM6WBiEQs,【王橹杰FOCUS |4K直拍】希区考克,Morpheus秩序外_王橹杰,3632310920415710,2026-02-01 09:06:59,979422,39332,33174,28928,6112,3421,13469,21,70,False
2026-03-09 02:31:35,https://www.bilibili.com/video/BV1nM6WBiEQs/?spm_id_from=333.1387.favlist.content.click&vd_source=406d0cf895bedbdc58a3d0130d55e34c,BV1nM6WBiEQs,【王橹杰FOCUS |4K直拍】希区考克,Morpheus秩序外_王橹杰,3632310920415710,2026-02-01 09:06:59,979473,39336,33176,28930,6112,3421,13472,13,51,False
2026-03-09 03:31:49,https://www.bilibili.com/video/BV1nM6WBiEQs/?spm_id_from=333.1387.favlist.content.click&vd_source=406d0cf895bedbdc58a3d0130d55e34c,BV1nM6WBiEQs,【王橹杰FOCUS |4K直拍】希区考克,Morpheus秩序外_王橹杰,3632310920415710,2026-02-01 09:06:59,979507,39336,33178,28931,6114,3421,13472,12,34,False
2026-03-09 04:32:03,https://www.bilibili.com/video/BV1nM6WBiEQs/?spm_id_from=333.1387.favlist.content.click&vd_source=406d0cf895bedbdc58a3d0130d55e34c,BV1nM6WBiEQs,【王橹杰FOCUS |4K直拍】希区考克,Morpheus秩序外_王橹杰,3632310920415710,2026-02-01 09:06:59,979530,39338,33178,28931,6114,3421,13472,14,23,False
2026-03-09 05:32:16,https://www.bilibili.com/video/BV1nM6WBiEQs/?spm_id_from=333.1387.favlist.content.click&vd_source=406d0cf895bedbdc58a3d0130d55e34c,BV1nM6WBiEQs,【王橹杰FOCUS |4K直拍】希区考克,Morpheus秩序外_王橹杰,3632310920415710,2026-02-01 09:06:59,979543,39339,33180,28932,6114,3421,13472,11,13,False
2026-03-09 06:32:30,https://www.bilibili.com/video/BV1nM6WBiEQs/?spm_id_from=333.1387.favlist.content.click&vd_source=406d0cf895bedbdc58a3d0130d55e34c,BV1nM6WBiEQs,【王橹杰FOCUS |4K直拍】希区考克,Morpheus秩序外_王橹杰,3632310920415710,2026-02-01 09:06:59,979563,39340,33180,28932,6114,3421,13472,12,20,False
2026-03-09 07:32:44,https://www.bilibili.com/video/BV1nM6WBiEQs/?spm_id_from=333.1387.favlist.content.click&vd_source=406d0cf895bedbdc58a3d0130d55e34c,BV1nM6WBiEQs,【王橹杰FOCUS |4K直拍】希区考克,Morpheus秩序外_王橹杰,3632310920415710,2026-02-01 09:06:59,979581,39340,33182,28932,6114,3421,13472,11,18,False
2026-03-09 08:32:58,https://www.bilibili.com/video/BV1nM6WBiEQs/?spm_id_from=333.1387.favlist.content.click&vd_source=406d0cf895bedbdc58a3d0130d55e34c,BV1nM6WBiEQs,【王橹杰FOCUS |4K直拍】希区考克,Morpheus秩序外_王橹杰,3632310920415710,2026-02-01 09:06:59,979611,39340,33182,28932,6117,3421,13472,12,30,False
2026-03-09 09:33:12,https://www.bilibili.com/video/BV1nM6WBiEQs/?spm_id_from=333.1387.favlist.content.click&vd_source=406d0cf895bedbdc58a3d0130d55e34c,BV1nM6WBiEQs,【王橹杰FOCUS |4K直拍】希区考克,Morpheus秩序外_王橹杰,3632310920415710,2026-02-01 09:06:59,979658,39341,33182,28931,6117,3421,13472,11,47,False
2026-03-09 10:33:26,https://www.bilibili.com/video/BV1nM6WBiEQs/?spm_id_from=333.1387.favlist.content.click&vd_source=406d0cf895bedbdc58a3d0130d55e34c,BV1nM6WBiEQs,【王橹杰FOCUS |4K直拍】希区考克,Morpheus秩序外_王橹杰,3632310920415710,2026-02-01 09:06:59,979699,39341,33182,28932,6117,3421,13473,18,41,False
2026-03-09 11:33:40,https://www.bilibili.com/video/BV1nM6WBiEQs/?spm_id_from=333.1387.favlist.content.click&vd_source=406d0cf895bedbdc58a3d0130d55e34c,BV1nM6WBiEQs,【王橹杰FOCUS |4K直拍】希区考克,Morpheus秩序外_王橹杰,3632310920415710,2026-02-01 09:06:59,979739,39341,33182,28932,6117,3421,13474,16,40,False
2026-03-09 12:33:54,https://www.bilibili.com/video/BV1nM6WBiEQs/?spm_id_from=333.1387.favlist.content.click&vd_source=406d0cf895bedbdc58a3d0130d55e34c,BV1nM6WBiEQs,【王橹杰FOCUS |4K直拍】希区考克,Morpheus秩序外_王橹杰,3632310920415710,2026-02-01 09:06:59,979801,39343,33184,28934,6119,3421,13474,17,62,False
2026-03-09 13:34:08,https://www.bilibili.com/video/BV1nM6WBiEQs/?spm_id_from=333.1387.favlist.content.click&vd_source=406d0cf895bedbdc58a3d0130d55e34c,BV1nM6WBiEQs,【王橹杰FOCUS |4K直拍】希区考克,Morpheus秩序外_王橹杰,3632310920415710,2026-02-01 09:06:59,979872,39347,33184,28938,6120,3421,13474,10,71,False
2026-03-09 14:34:22,https://www.bilibili.com/video/BV1nM6WBiEQs/?spm_id_from=333.1387.favlist.content.click&vd_source=406d0cf895bedbdc58a3d0130d55e34c,BV1nM6WBiEQs,【王橹杰FOCUS |4K直拍】希区考克,Morpheus秩序外_王橹杰,3632310920415710,2026-02-01 09:06:59,979943,39348,33186,28938,6122,3422,13474,18,71,False
2026-03-09 15:34:36,https://www.bilibili.com/video/BV1nM6WBiEQs/?spm_id_from=333.1387.favlist.content.click&vd_source=406d0cf895bedbdc58a3d0130d55e34c,BV1nM6WBiEQs,【王橹杰FOCUS |4K直拍】希区考克,Morpheus秩序外_王橹杰,3632310920415710,2026-02-01 09:06:59,980052,39352,33188,28941,6122,3422,13474,16,109,False
2026-03-09 19:35:49,https://www.bilibili.com/video/BV1nM6WBiEQs/?spm_id_from=333.1387.favlist.content.click&vd_source=406d0cf895bedbdc58a3d0130d55e34c,BV1nM6WBiEQs,【王橹杰FOCUS |4K直拍】希区考克,Morpheus秩序外_王橹杰,3632310920415710,2026-02-01 09:06:59,980409,39361,33194,28945,6124,3422,13476,20,357,True
2026-03-09 20:36:03,https://www.bilibili.com/video/BV1nM6WBiEQs/?spm_id_from=333.1387.favlist.content.click&vd_source=406d0cf895bedbdc58a3d0130d55e34c,BV1nM6WBiEQs,【王橹杰FOCUS |4K直拍】希区考克,Morpheus秩序外_王橹杰,3632310920415710,2026-02-01 09:06:59,980609,39370,33202,28949,6127,3423,13477,18,200,False
2026-03-09 21:36:17,https://www.bilibili.com/video/BV1nM6WBiEQs/?spm_id_from=333.1387.favlist.content.click&vd_source=406d0cf895bedbdc58a3d0130d55e34c,BV1nM6WBiEQs,【王橹杰FOCUS |4K直拍】希区考克,Morpheus秩序外_王橹杰,3632310920415710,2026-02-01 09:06:59,980856,39390,33216,28954,6129,3423,13484,22,247,False
2026-03-09 22:36:31,https://www.bilibili.com/video/BV1nM6WBiEQs/?spm_id_from=333.1387.favlist.content.click&vd_source=406d0cf895bedbdc58a3d0130d55e34c,BV1nM6WBiEQs,【王橹杰FOCUS |4K直拍】希区考克,Morpheus秩序外_王橹杰,3632310920415710,2026-02-01 09:06:59,981084,39398,33220,28958,6129,3423,13484,22,228,False
2026-03-09 23:36:46,https://www.bilibili.com/video/BV1nM6WBiEQs/?spm_id_from=333.1387.favlist.content.click&vd_source=406d0cf895bedbdc58a3d0130d55e34c,BV1nM6WBiEQs,【王橹杰FOCUS |4K直拍】希区考克,Morpheus秩序外_王橹杰,3632310920415710,2026-02-01 09:06:59,981357,39414,33226,28964,6135,3426,13484,26,273,False
2026-03-09 00:31:07,https://www.bilibili.com/video/BV1oi61BdEvP/?spm_id_from=333.1387.favlist.content.click&vd_source=406d0cf895bedbdc58a3d0130d55e34c,BV1oi61BdEvP,【TF家族王橹杰】当舞台变成希区考克的片场丨王橹杰4K直拍双机位,Capricorn王橹杰,3537114847251044,2026-01-31 20:09:30,1013983,28554,24392,24503,4616,3082,10438,8,0,False
2026-03-09 01:31:21,https://www.bilibili.com/video/BV1oi61BdEvP/?spm_id_from=333.1387.favlist.content.click&vd_source=406d0cf895bedbdc58a3d0130d55e34c,BV1oi61BdEvP,【TF家族王橹杰】当舞台变成希区考克的片场丨王橹杰4K直拍双机位,Capricorn王橹杰,3537114847251044,2026-01-31 20:09:30,1014025,28556,24392,24506,4616,3082,10439,1,42,False
2026-03-09 02:31:35,https://www.bilibili.com/video/BV1oi61BdEvP/?spm_id_from=333.1387.favlist.content.click&vd_source=406d0cf895bedbdc58a3d0130d55e34c,BV1oi61BdEvP,【TF家族王橹杰】当舞台变成希区考克的片场丨王橹杰4K直拍双机位,Capricorn王橹杰,3537114847251044,2026-01-31 20:09:30,1014056,28557,24394,24506,4616,3084,10439,4,31,False
2026-03-09 03:31:49,https://www.bilibili.com/video/BV1oi61BdEvP/?spm_id_from=333.1387.favlist.content.click&vd_source=406d0cf895bedbdc58a3d0130d55e34c,BV1oi61BdEvP,【TF家族王橹杰】当舞台变成希区考克的片场丨王橹杰4K直拍双机位,Capricorn王橹杰,3537114847251044,2026-01-31 20:09:30,1014073,28558,24394,24506,4616,3084,10440,5,17,False
2026-03-09 04:32:03,https://www.bilibili.com/video/BV1oi61BdEvP/?spm_id_from=333.1387.favlist.content.click&vd_source=406d0cf895bedbdc58a3d0130d55e34c,BV1oi61BdEvP,【TF家族王橹杰】当舞台变成希区考克的片场丨王橹杰4K直拍双机位,Capricorn王橹杰,3537114847251044,2026-01-31 20:09:30,1014092,28558,24394,24506,4616,3084,10440,2,19,False
2026-03-09 05:32:16,https://www.bilibili.com/video/BV1oi61BdEvP/?spm_id_from=333.1387.favlist.content.click&vd_source=406d0cf895bedbdc58a3d0130d55e34c,BV1oi61BdEvP,【TF家族王橹杰】当舞台变成希区考克的片场丨王橹杰4K直拍双机位,Capricorn王橹杰,3537114847251044,2026-01-31 20:09:30,1014102,28558,24394,24505,4616,3084,10440,2,10,False
2026-03-09 06:32:30,https://www.bilibili.com/video/BV1oi61BdEvP/?spm_id_from=333.1387.favlist.content.click&vd_source=406d0cf895bedbdc58a3d0130d55e34c,BV1oi61BdEvP,【TF家族王橹杰】当舞台变成希区考克的片场丨王橹杰4K直拍双机位,Capricorn王橹杰,3537114847251044,2026-01-31 20:09:30,1014114,28558,24394,24505,4616,3084,10440,2,12,False
2026-03-09 07:32:44,https://www.bilibili.com/video/BV1oi61BdEvP/?spm_id_from=333.1387.favlist.content.click&vd_source=406d0cf895bedbdc58a3d0130d55e34c,BV1oi61BdEvP,【TF家族王橹杰】当舞台变成希区考克的片场丨王橹杰4K直拍双机位,Capricorn王橹杰,3537114847251044,2026-01-31 20:09:30,1014127,28559,24394,24506,4616,3084,10440,2,13,False
2026-03-09 08:32:58,https://www.bilibili.com/video/BV1oi61BdEvP/?spm_id_from=333.1387.favlist.content.click&vd_source=406d0cf895bedbdc58a3d0130d55e34c,BV1oi61BdEvP,【TF家族王橹杰】当舞台变成希区考克的片场丨王橹杰4K直拍双机位,Capricorn王橹杰,3537114847251044,2026-01-31 20:09:30,1014141,28559,24394,24505,4619,3084,10440,3,14,False
2026-03-09 09:33:12,https://www.bilibili.com/video/BV1oi61BdEvP/?spm_id_from=333.1387.favlist.content.click&vd_source=406d0cf895bedbdc58a3d0130d55e34c,BV1oi61BdEvP,【TF家族王橹杰】当舞台变成希区考克的片场丨王橹杰4K直拍双机位,Capricorn王橹杰,3537114847251044,2026-01-31 20:09:30,1014153,28559,24394,24504,4619,3084,10440,4,12,False
2026-03-09 10:33:26,https://www.bilibili.com/video/BV1oi61BdEvP/?spm_id_from=333.1387.favlist.content.click&vd_source=406d0cf895bedbdc58a3d0130d55e34c,BV1oi61BdEvP,【TF家族王橹杰】当舞台变成希区考克的片场丨王橹杰4K直拍双机位,Capricorn王橹杰,3537114847251044,2026-01-31 20:09:30,1014176,28559,24394,24503,4620,3084,10440,4,23,False
2026-03-09 11:33:40,https://www.bilibili.com/video/BV1oi61BdEvP/?spm_id_from=333.1387.favlist.content.click&vd_source=406d0cf895bedbdc58a3d0130d55e34c,BV1oi61BdEvP,【TF家族王橹杰】当舞台变成希区考克的片场丨王橹杰4K直拍双机位,Capricorn王橹杰,3537114847251044,2026-01-31 20:09:30,1014204,28559,24394,24503,4620,3084,10440,2,28,False
2026-03-09 12:33:54,https://www.bilibili.com/video/BV1oi61BdEvP/?spm_id_from=333.1387.favlist.content.click&vd_source=406d0cf895bedbdc58a3d0130d55e34c,BV1oi61BdEvP,【TF家族王橹杰】当舞台变成希区考克的片场丨王橹杰4K直拍双机位,Capricorn王橹杰,3537114847251044,2026-01-31 20:09:30,1014235,28561,24394,24506,4621,3084,10440,6,31,False
2026-03-09 13:34:08,https://www.bilibili.com/video/BV1oi61BdEvP/?spm_id_from=333.1387.favlist.content.click&vd_source=406d0cf895bedbdc58a3d0130d55e34c,BV1oi61BdEvP,【TF家族王橹杰】当舞台变成希区考克的片场丨王橹杰4K直拍双机位,Capricorn王橹杰,3537114847251044,2026-01-31 20:09:30,1014297,28564,24398,24510,4621,3084,10441,5,62,False
2026-03-09 14:34:22,https://www.bilibili.com/video/BV1oi61BdEvP/?spm_id_from=333.1387.favlist.content.click&vd_source=406d0cf895bedbdc58a3d0130d55e34c,BV1oi61BdEvP,【TF家族王橹杰】当舞台变成希区考克的片场丨王橹杰4K直拍双机位,Capricorn王橹杰,3537114847251044,2026-01-31 20:09:30,1014339,28564,24398,24509,4621,3084,10441,5,42,False
2026-03-09 15:34:36,https://www.bilibili.com/video/BV1oi61BdEvP/?spm_id_from=333.1387.favlist.content.click&vd_source=406d0cf895bedbdc58a3d0130d55e34c,BV1oi61BdEvP,【TF家族王橹杰】当舞台变成希区考克的片场丨王橹杰4K直拍双机位,Capricorn王橹杰,3537114847251044,2026-01-31 20:09:30,1014383,28565,24398,24509,4621,3084,10441,2,44,False
2026-03-09 19:35:49,https://www.bilibili.com/video/BV1oi61BdEvP/?spm_id_from=333.1387.favlist.content.click&vd_source=406d0cf895bedbdc58a3d0130d55e34c,BV1oi61BdEvP,【TF家族王橹杰】当舞台变成希区考克的片场丨王橹杰4K直拍双机位,Capricorn王橹杰,3537114847251044,2026-01-31 20:09:30,1014559,28574,24406,24516,4621,3082,10442,7,176,False
2026-03-09 20:36:03,https://www.bilibili.com/video/BV1oi61BdEvP/?spm_id_from=333.1387.favlist.content.click&vd_source=406d0cf895bedbdc58a3d0130d55e34c,BV1oi61BdEvP,【TF家族王橹杰】当舞台变成希区考克的片场丨王橹杰4K直拍双机位,Capricorn王橹杰,3537114847251044,2026-01-31 20:09:30,1014667,28581,24410,24518,4622,3082,10442,16,108,False
2026-03-09 21:36:17,https://www.bilibili.com/video/BV1oi61BdEvP/?spm_id_from=333.1387.favlist.content.click&vd_source=406d0cf895bedbdc58a3d0130d55e34c,BV1oi61BdEvP,【TF家族王橹杰】当舞台变成希区考克的片场丨王橹杰4K直拍双机位,Capricorn王橹杰,3537114847251044,2026-01-31 20:09:30,1014806,28586,24416,24523,4622,3082,10445,13,139,False
2026-03-09 22:36:31,https://www.bilibili.com/video/BV1oi61BdEvP/?spm_id_from=333.1387.favlist.content.click&vd_source=406d0cf895bedbdc58a3d0130d55e34c,BV1oi61BdEvP,【TF家族王橹杰】当舞台变成希区考克的片场丨王橹杰4K直拍双机位,Capricorn王橹杰,3537114847251044,2026-01-31 20:09:30,1014947,28596,24418,24524,4623,3082,10445,5,141,False
2026-03-09 23:36:46,https://www.bilibili.com/video/BV1oi61BdEvP/?spm_id_from=333.1387.favlist.content.click&vd_source=406d0cf895bedbdc58a3d0130d55e34c,BV1oi61BdEvP,【TF家族王橹杰】当舞台变成希区考克的片场丨王橹杰4K直拍双机位,Capricorn王橹杰,3537114847251044,2026-01-31 20:09:30,1015081,28609,24418,24527,4624,3082,10448,9,134,False
2026-03-09 00:31:07,https://www.bilibili.com/video/BV1chwTeXEqS/?spm_id_from=333.337.search-card.all.click&vd_source=406d0cf895bedbdc58a3d0130d55e34c,BV1chwTeXEqS,元气樱花少年！【王橹杰】《Para Para Sakura》4K直拍 | 250118 TF家族新年音乐会,麦辣脆猪猪,325217719,2025-01-19 00:21:05,2367183,119846,58355,74484,9803,6615,16897,3,0,False
2026-03-09 01:31:21,https://www.bilibili.com/video/BV1chwTeXEqS/?spm_id_from=333.337.search-card.all.click&vd_source=406d0cf895bedbdc58a3d0130d55e34c,BV1chwTeXEqS,元气樱花少年！【王橹杰】《Para Para Sakura》4K直拍 | 250118 TF家族新年音乐会,麦辣脆猪猪,325217719,2025-01-19 00:21:05,2367274,119849,58355,74488,9803,6615,16897,2,91,False
2026-03-09 02:31:35,https://www.bilibili.com/video/BV1chwTeXEqS/?spm_id_from=333.337.search-card.all.click&vd_source=406d0cf895bedbdc58a3d0130d55e34c,BV1chwTeXEqS,元气樱花少年！【王橹杰】《Para Para Sakura》4K直拍 | 250118 TF家族新年音乐会,麦辣脆猪猪,325217719,2025-01-19 00:21:05,2367316,119850,58355,74488,9803,6615,16897,2,42,False
2026-03-09 03:31:49,https://www.bilibili.com/video/BV1chwTeXEqS/?spm_id_from=333.337.search-card.all.click&vd_source=406d0cf895bedbdc58a3d0130d55e34c,BV1chwTeXEqS,元气樱花少年！【王橹杰】《Para Para Sakura》4K直拍 | 250118 TF家族新年音乐会,麦辣脆猪猪,325217719,2025-01-19 00:21:05,2367342,119851,58355,74490,9803,6615,16897,1,26,False
2026-03-09 04:32:03,https://www.bilibili.com/video/BV1chwTeXEqS/?spm_id_from=333.337.search-card.all.click&vd_source=406d0cf895bedbdc58a3d0130d55e34c,BV1chwTeXEqS,元气樱花少年！【王橹杰】《Para Para Sakura》4K直拍 | 250118 TF家族新年音乐会,麦辣脆猪猪,325217719,2025-01-19 00:21:05,2367370,119853,58357,74491,9803,6615,16897,2,28,False
2026-03-09 05:32:16,https://www.bilibili.com/video/BV1chwTeXEqS/?spm_id_from=333.337.search-card.all.click&vd_source=406d0cf895bedbdc58a3d0130d55e34c,BV1chwTeXEqS,元气樱花少年！【王橹杰】《Para Para Sakura》4K直拍 | 250118 TF家族新年音乐会,麦辣脆猪猪,325217719,2025-01-19 00:21:05,2367386,119853,58357,74492,9803,6615,16897,1,16,False
2026-03-09 06:32:30,https://www.bilibili.com/video/BV1chwTeXEqS/?spm_id_from=333.337.search-card.all.click&vd_source=406d0cf895bedbdc58a3d0130d55e34c,BV1chwTeXEqS,元气樱花少年！【王橹杰】《Para Para Sakura》4K直拍 | 250118 TF家族新年音乐会,麦辣脆猪猪,325217719,2025-01-19 00:21:05,2367399,119854,58357,74491,9803,6615,16897,2,13,False
2026-03-09 07:32:44,https://www.bilibili.com/video/BV1chwTeXEqS/?spm_id_from=333.337.search-card.all.click&vd_source=406d0cf895bedbdc58a3d0130d55e34c,BV1chwTeXEqS,元气樱花少年！【王橹杰】《Para Para Sakura》4K直拍 | 250118 TF家族新年音乐会,麦辣脆猪猪,325217719,2025-01-19 00:21:05,2367412,119854,58357,74491,9803,6615,16897,3,13,False
2026-03-09 08:32:58,https://www.bilibili.com/video/BV1chwTeXEqS/?spm_id_from=333.337.search-card.all.click&vd_source=406d0cf895bedbdc58a3d0130d55e34c,BV1chwTeXEqS,元气樱花少年！【王橹杰】《Para Para Sakura》4K直拍 | 250118 TF家族新年音乐会,麦辣脆猪猪,325217719,2025-01-19 00:21:05,2367428,119854,58357,74490,9806,6615,16897,1,16,False
2026-03-09 09:33:12,https://www.bilibili.com/video/BV1chwTeXEqS/?spm_id_from=333.337.search-card.all.click&vd_source=406d0cf895bedbdc58a3d0130d55e34c,BV1chwTeXEqS,元气樱花少年！【王橹杰】《Para Para Sakura》4K直拍 | 250118 TF家族新年音乐会,麦辣脆猪猪,325217719,2025-01-19 00:21:05,2367467,119855,58357,74490,9807,6615,16897,2,39,False
2026-03-09 10:33:26,https://www.bilibili.com/video/BV1chwTeXEqS/?spm_id_from=333.337.search-card.all.click&vd_source=406d0cf895bedbdc58a3d0130d55e34c,BV1chwTeXEqS,元气樱花少年！【王橹杰】《Para Para Sakura》4K直拍 | 250118 TF家族新年音乐会,麦辣脆猪猪,325217719,2025-01-19 00:21:05,2367504,119856,58357,74489,9807,6615,16897,1,37,False
2026-03-09 11:33:40,https://www.bilibili.com/video/BV1chwTeXEqS/?spm_id_from=333.337.search-card.all.click&vd_source=406d0cf895bedbdc58a3d0130d55e34c,BV1chwTeXEqS,元气樱花少年！【王橹杰】《Para Para Sakura》4K直拍 | 250118 TF家族新年音乐会,麦辣脆猪猪,325217719,2025-01-19 00:21:05,2367552,119858,58359,74489,9807,6615,16897,2,48,False
2026-03-09 12:33:54,https://www.bilibili.com/video/BV1chwTeXEqS/?spm_id_from=333.337.search-card.all.click&vd_source=406d0cf895bedbdc58a3d0130d55e34c,BV1chwTeXEqS,元气樱花少年！【王橹杰】《Para Para Sakura》4K直拍 | 250118 TF家族新年音乐会,麦辣脆猪猪,325217719,2025-01-19 00:21:05,2367640,119866,58363,74491,9807,6615,16897,8,88,False
2026-03-09 13:34:08,https://www.bilibili.com/video/BV1chwTeXEqS/?spm_id_from=333.337.search-card.all.click&vd_source=406d0cf895bedbdc58a3d0130d55e34c,BV1chwTeXEqS,元气樱花少年！【王橹杰】《Para Para Sakura》4K直拍 | 250118 TF家族新年音乐会,麦辣脆猪猪,325217719,2025-01-19 00:21:05,2367738,119866,58363,74494,9807,6615,16897,4,98,False
2026-03-09 14:34:22,https://www.bilibili.com/video/BV1chwTeXEqS/?spm_id_from=333.337.search-card.all.click&vd_source=406d0cf895bedbdc58a3d0130d55e34c,BV1chwTeXEqS,元气樱花少年！【王橹杰】《Para Para Sakura》4K直拍 | 250118 TF家族新年音乐会,麦辣脆猪猪,325217719,2025-01-19 00:21:05,2367804,119867,58363,74494,9808,6615,16897,3,66,False
2026-03-09 15:34:36,https://www.bilibili.com/video/BV1chwTeXEqS/?spm_id_from=333.337.search-card.all.click&vd_source=406d0cf895bedbdc58a3d0130d55e34c,BV1chwTeXEqS,元气樱花少年！【王橹杰】《Para Para Sakura》4K直拍 | 250118 TF家族新年音乐会,麦辣脆猪猪,325217719,2025-01-19 00:21:05,2367875,119871,58363,74497,9808,6615,16897,6,71,False
2026-03-09 19:35:49,https://www.bilibili.com/video/BV1chwTeXEqS/?spm_id_from=333.337.search-card.all.click&vd_source=406d0cf895bedbdc58a3d0130d55e34c,BV1chwTeXEqS,元气樱花少年！【王橹杰】《Para Para Sakura》4K直拍 | 250118 TF家族新年音乐会,麦辣脆猪猪,325217719,2025-01-19 00:21:05,2368228,119883,58367,74505,9809,6615,16898,5,353,True
2026-03-09 20:36:03,https://www.bilibili.com/video/BV1chwTeXEqS/?spm_id_from=333.337.search-card.all.click&vd_source=406d0cf895bedbdc58a3d0130d55e34c,BV1chwTeXEqS,元气樱花少年！【王橹杰】《Para Para Sakura》4K直拍 | 250118 TF家族新年音乐会,麦辣脆猪猪,325217719,2025-01-19 00:21:05,2368377,119889,58367,74510,9809,6615,16898,10,149,False
2026-03-09 21:36:17,https://www.bilibili.com/video/BV1chwTeXEqS/?spm_id_from=333.337.search-card.all.click&vd_source=406d0cf895bedbdc58a3d0130d55e34c,BV1chwTeXEqS,元气樱花少年！【王橹杰】《Para Para Sakura》4K直拍 | 250118 TF家族新年音乐会,麦辣脆猪猪,325217719,2025-01-19 00:21:05,2368564,119895,58367,74511,9811,6615,16899,8,187,False
2026-03-09 22:36:31,https://www.bilibili.com/video/BV1chwTeXEqS/?spm_id_from=333.337.search-card.all.click&vd_source=406d0cf895bedbdc58a3d0130d55e34c,BV1chwTeXEqS,元气樱花少年！【王橹杰】《Para Para Sakura》4K直拍 | 250118 TF家族新年音乐会,麦辣脆猪猪,325217719,2025-01-19 00:21:05,2368742,119906,58371,74518,9812,6616,16899,9,178,False
2026-03-09 23:36:46,https://www.bilibili.com/video/BV1chwTeXEqS/?spm_id_from=333.337.search-card.all.click&vd_source=406d0cf895bedbdc58a3d0130d55e34c,BV1chwTeXEqS,元气樱花少年！【王橹杰】《Para Para Sakura》4K直拍 | 250118 TF家族新年音乐会,麦辣脆猪猪,325217719,2025-01-19 00:21:05,2368893,119910,58373,74522,9812,6616,16899,4,151,False
2026-03-09 00:31:07,https://www.bilibili.com/video/BV1YX64BAEjd/?spm_id_from=333.1387.favlist.content.click&vd_source=6376e07ec49eec7d49dd941ef312f95d,BV1YX64BAEjd,【闭嘴跳舞｜张函瑞】双机位4K精剪直拍,Karmaismycat,3546943494031804,2026-02-01 17:32:47,543609,29233,24700,23875,1696,1215,5535,46,0,False
2026-03-09 01:31:21,https://www.bilibili.com/video/BV1YX64BAEjd/?spm_id_from=333.1387.favlist.content.click&vd_source=6376e07ec49eec7d49dd941ef312f95d,BV1YX64BAEjd,【闭嘴跳舞｜张函瑞】双机位4K精剪直拍,Karmaismycat,3546943494031804,2026-02-01 17:32:47,543721,29236,24704,23876,1697,1215,5536,43,112,False
2026-03-09 02:31:35,https://www.bilibili.com/video/BV1YX64BAEjd/?spm_id_from=333.1387.favlist.content.click&vd_source=6376e07ec49eec7d49dd941ef312f95d,BV1YX64BAEjd,【闭嘴跳舞｜张函瑞】双机位4K精剪直拍,Karmaismycat,3546943494031804,2026-02-01 17:32:47,543819,29239,24706,23877,1697,1215,5538,44,98,False
2026-03-09 03:31:49,https://www.bilibili.com/video/BV1YX64BAEjd/?spm_id_from=333.1387.favlist.content.click&vd_source=6376e07ec49eec7d49dd941ef312f95d,BV1YX64BAEjd,【闭嘴跳舞｜张函瑞】双机位4K精剪直拍,Karmaismycat,3546943494031804,2026-02-01 17:32:47,543911,29240,24710,23878,1697,1215,5538,39,92,False
2026-03-09 04:32:03,https://www.bilibili.com/video/BV1YX64BAEjd/?spm_id_from=333.1387.favlist.content.click&vd_source=6376e07ec49eec7d49dd941ef312f95d,BV1YX64BAEjd,【闭嘴跳舞｜张函瑞】双机位4K精剪直拍,Karmaismycat,3546943494031804,2026-02-01 17:32:47,543990,29240,24710,23877,1697,1215,5538,34,79,False
2026-03-09 05:32:16,https://www.bilibili.com/video/BV1YX64BAEjd/?spm_id_from=333.1387.favlist.content.click&vd_source=6376e07ec49eec7d49dd941ef312f95d,BV1YX64BAEjd,【闭嘴跳舞｜张函瑞】双机位4K精剪直拍,Karmaismycat,3546943494031804,2026-02-01 17:32:47,544050,29240,24710,23877,1697,1215,5538,36,60,False
2026-03-09 06:32:30,https://www.bilibili.com/video/BV1YX64BAEjd/?spm_id_from=333.1387.favlist.content.click&vd_source=6376e07ec49eec7d49dd941ef312f95d,BV1YX64BAEjd,【闭嘴跳舞｜张函瑞】双机位4K精剪直拍,Karmaismycat,3546943494031804,2026-02-01 17:32:47,544431,29241,24710,23877,1697,1215,5539,42,381,True
2026-03-09 07:32:44,https://www.bilibili.com/video/BV1YX64BAEjd/?spm_id_from=333.1387.favlist.content.click&vd_source=6376e07ec49eec7d49dd941ef312f95d,BV1YX64BAEjd,【闭嘴跳舞｜张函瑞】双机位4K精剪直拍,Karmaismycat,3546943494031804,2026-02-01 17:32:47,545148,29241,24710,23877,1697,1215,5540,37,717,True
2026-03-09 08:32:58,https://www.bilibili.com/video/BV1YX64BAEjd/?spm_id_from=333.1387.favlist.content.click&vd_source=6376e07ec49eec7d49dd941ef312f95d,BV1YX64BAEjd,【闭嘴跳舞｜张函瑞】双机位4K精剪直拍,Karmaismycat,3546943494031804,2026-02-01 17:32:47,545225,29241,24710,23876,1697,1215,5542,38,77,False
2026-03-09 09:33:12,https://www.bilibili.com/video/BV1YX64BAEjd/?spm_id_from=333.1387.favlist.content.click&vd_source=6376e07ec49eec7d49dd941ef312f95d,BV1YX64BAEjd,【闭嘴跳舞｜张函瑞】双机位4K精剪直拍,Karmaismycat,3546943494031804,2026-02-01 17:32:47,545316,29242,24710,23877,1697,1215,5542,35,91,False
2026-03-09 10:33:26,https://www.bilibili.com/video/BV1YX64BAEjd/?spm_id_from=333.1387.favlist.content.click&vd_source=6376e07ec49eec7d49dd941ef312f95d,BV1YX64BAEjd,【闭嘴跳舞｜张函瑞】双机位4K精剪直拍,Karmaismycat,3546943494031804,2026-02-01 17:32:47,545411,29242,24710,23877,1697,1215,5542,43,95,False
2026-03-09 11:33:40,https://www.bilibili.com/video/BV1YX64BAEjd/?spm_id_from=333.1387.favlist.content.click&vd_source=6376e07ec49eec7d49dd941ef312f95d,BV1YX64BAEjd,【闭嘴跳舞｜张函瑞】双机位4K精剪直拍,Karmaismycat,3546943494031804,2026-02-01 17:32:47,546446,29243,24710,23876,1698,1215,5542,34,1035,True
2026-03-09 12:33:54,https://www.bilibili.com/video/BV1YX64BAEjd/?spm_id_from=333.1387.favlist.content.click&vd_source=6376e07ec49eec7d49dd941ef312f95d,BV1YX64BAEjd,【闭嘴跳舞｜张函瑞】双机位4K精剪直拍,Karmaismycat,3546943494031804,2026-02-01 17:32:47,547376,29243,24710,23877,1698,1215,5543,44,930,True
2026-03-09 13:34:08,https://www.bilibili.com/video/BV1YX64BAEjd/?spm_id_from=333.1387.favlist.content.click&vd_source=6376e07ec49eec7d49dd941ef312f95d,BV1YX64BAEjd,【闭嘴跳舞｜张函瑞】双机位4K精剪直拍,Karmaismycat,3546943494031804,2026-02-01 17:32:47,547485,29244,24713,23880,1699,1215,5543,34,109,False
2026-03-09 14:34:22,https://www.bilibili.com/video/BV1YX64BAEjd/?spm_id_from=333.1387.favlist.content.click&vd_source=6376e07ec49eec7d49dd941ef312f95d,BV1YX64BAEjd,【闭嘴跳舞｜张函瑞】双机位4K精剪直拍,Karmaismycat,3546943494031804,2026-02-01 17:32:47,548567,29245,24713,23881,1699,1216,5545,48,1082,True
2026-03-09 15:34:36,https://www.bilibili.com/video/BV1YX64BAEjd/?spm_id_from=333.1387.favlist.content.click&vd_source=6376e07ec49eec7d49dd941ef312f95d,BV1YX64BAEjd,【闭嘴跳舞｜张函瑞】双机位4K精剪直拍,Karmaismycat,3546943494031804,2026-02-01 17:32:47,548683,29245,24713,23881,1699,1218,5546,47,116,False
2026-03-09 19:35:49,https://www.bilibili.com/video/BV1YX64BAEjd/?spm_id_from=333.1387.favlist.content.click&vd_source=6376e07ec49eec7d49dd941ef312f95d,BV1YX64BAEjd,【闭嘴跳舞｜张函瑞】双机位4K精剪直拍,Karmaismycat,3546943494031804,2026-02-01 17:32:47,549591,29255,24722,23888,1701,1219,5553,40,908,True
2026-03-09 20:36:03,https://www.bilibili.com/video/BV1YX64BAEjd/?spm_id_from=333.1387.favlist.content.click&vd_source=6376e07ec49eec7d49dd941ef312f95d,BV1YX64BAEjd,【闭嘴跳舞｜张函瑞】双机位4K精剪直拍,Karmaismycat,3546943494031804,2026-02-01 17:32:47,551036,29257,24724,23890,1701,1219,5556,48,1445,True
2026-03-09 21:36:17,https://www.bilibili.com/video/BV1YX64BAEjd/?spm_id_from=333.1387.favlist.content.click&vd_source=6376e07ec49eec7d49dd941ef312f95d,BV1YX64BAEjd,【闭嘴跳舞｜张函瑞】双机位4K精剪直拍,Karmaismycat,3546943494031804,2026-02-01 17:32:47,551209,29262,24726,23892,1702,1219,5556,56,173,False
2026-03-09 22:36:31,https://www.bilibili.com/video/BV1YX64BAEjd/?spm_id_from=333.1387.favlist.content.click&vd_source=6376e07ec49eec7d49dd941ef312f95d,BV1YX64BAEjd,【闭嘴跳舞｜张函瑞】双机位4K精剪直拍,Karmaismycat,3546943494031804,2026-02-01 17:32:47,551385,29267,24730,23896,1703,1219,5558,57,176,False
2026-03-09 23:36:46,https://www.bilibili.com/video/BV1YX64BAEjd/?spm_id_from=333.1387.favlist.content.click&vd_source=6376e07ec49eec7d49dd941ef312f95d,BV1YX64BAEjd,【闭嘴跳舞｜张函瑞】双机位4K精剪直拍,Karmaismycat,3546943494031804,2026-02-01 17:32:47,552382,29272,24734,23899,1703,1219,5561,33,997,True
2026-03-09 00:31:07,https://www.bilibili.com/video/BV1fxtbzKESN/?spm_id_from=333.1387.favlist.content.click&vd_source=6376e07ec49eec7d49dd941ef312f95d,BV1fxtbzKESN,【张函瑞】雨爱双机位4K精剪横屏直拍 新舞台神仙嗓音 百万直拍预定💘开口即跪的纯欲少年音,秋日信函_张函瑞,1643739345,2025-08-09 19:11:18,621498,13220,10961,12820,880,1069,4653,56,0,False
2026-03-09 01:31:21,https://www.bilibili.com/video/BV1fxtbzKESN/?spm_id_from=333.1387.favlist.content.click&vd_source=6376e07ec49eec7d49dd941ef312f95d,BV1fxtbzKESN,【张函瑞】雨爱双机位4K精剪横屏直拍 新舞台神仙嗓音 百万直拍预定💘开口即跪的纯欲少年音,秋日信函_张函瑞,1643739345,2025-08-09 19:11:18,621748,13222,10963,12822,880,1069,4653,55,250,False
2026-03-09 02:31:35,https://www.bilibili.com/video/BV1fxtbzKESN/?spm_id_from=333.1387.favlist.content.click&vd_source=6376e07ec49eec7d49dd941ef312f95d,BV1fxtbzKESN,【张函瑞】雨爱双机位4K精剪横屏直拍 新舞台神仙嗓音 百万直拍预定💘开口即跪的纯欲少年音,秋日信函_张函瑞,1643739345,2025-08-09 19:11:18,621815,13223,10965,12822,882,1069,4654,56,67,False
2026-03-09 03:31:49,https://www.bilibili.com/video/BV1fxtbzKESN/?spm_id_from=333.1387.favlist.content.click&vd_source=6376e07ec49eec7d49dd941ef312f95d,BV1fxtbzKESN,【张函瑞】雨爱双机位4K精剪横屏直拍 新舞台神仙嗓音 百万直拍预定💘开口即跪的纯欲少年音,秋日信函_张函瑞,1643739345,2025-08-09 19:11:18,622444,13223,10965,12822,882,1069,4654,35,629,True
2026-03-09 04:32:03,https://www.bilibili.com/video/BV1fxtbzKESN/?spm_id_from=333.1387.favlist.content.click&vd_source=6376e07ec49eec7d49dd941ef312f95d,BV1fxtbzKESN,【张函瑞】雨爱双机位4K精剪横屏直拍 新舞台神仙嗓音 百万直拍预定💘开口即跪的纯欲少年音,秋日信函_张函瑞,1643739345,2025-08-09 19:11:18,622947,13223,10965,12822,882,1069,4654,59,503,True
2026-03-09 05:32:16,https://www.bilibili.com/video/BV1fxtbzKESN/?spm_id_from=333.1387.favlist.content.click&vd_source=6376e07ec49eec7d49dd941ef312f95d,BV1fxtbzKESN,【张函瑞】雨爱双机位4K精剪横屏直拍 新舞台神仙嗓音 百万直拍预定💘开口即跪的纯欲少年音,秋日信函_张函瑞,1643739345,2025-08-09 19:11:18,623173,13223,10965,12822,882,1069,4654,37,226,False
2026-03-09 06:32:30,https://www.bilibili.com/video/BV1fxtbzKESN/?spm_id_from=333.1387.favlist.content.click&vd_source=6376e07ec49eec7d49dd941ef312f95d,BV1fxtbzKESN,【张函瑞】雨爱双机位4K精剪横屏直拍 新舞台神仙嗓音 百万直拍预定💘开口即跪的纯欲少年音,秋日信函_张函瑞,1643739345,2025-08-09 19:11:18,624880,13223,10965,12822,882,1069,4654,46,1707,True
2026-03-09 07:32:44,https://www.bilibili.com/video/BV1fxtbzKESN/?spm_id_from=333.1387.favlist.content.click&vd_source=6376e07ec49eec7d49dd941ef312f95d,BV1fxtbzKESN,【张函瑞】雨爱双机位4K精剪横屏直拍 新舞台神仙嗓音 百万直拍预定💘开口即跪的纯欲少年音,秋日信函_张函瑞,1643739345,2025-08-09 19:11:18,624981,13223,10965,12822,882,1069,4654,38,101,False
2026-03-09 08:32:58,https://www.bilibili.com/video/BV1fxtbzKESN/?spm_id_from=333.1387.favlist.content.click&vd_source=6376e07ec49eec7d49dd941ef312f95d,BV1fxtbzKESN,【张函瑞】雨爱双机位4K精剪横屏直拍 新舞台神仙嗓音 百万直拍预定💘开口即跪的纯欲少年音,秋日信函_张函瑞,1643739345,2025-08-09 19:11:18,625839,13224,10965,12822,882,1069,4654,35,858,True
2026-03-09 09:33:12,https://www.bilibili.com/video/BV1fxtbzKESN/?spm_id_from=333.1387.favlist.content.click&vd_source=6376e07ec49eec7d49dd941ef312f95d,BV1fxtbzKESN,【张函瑞】雨爱双机位4K精剪横屏直拍 新舞台神仙嗓音 百万直拍预定💘开口即跪的纯欲少年音,秋日信函_张函瑞,1643739345,2025-08-09 19:11:18,626383,13225,10967,12824,882,1069,4654,43,544,True
2026-03-09 10:33:26,https://www.bilibili.com/video/BV1fxtbzKESN/?spm_id_from=333.1387.favlist.content.click&vd_source=6376e07ec49eec7d49dd941ef312f95d,BV1fxtbzKESN,【张函瑞】雨爱双机位4K精剪横屏直拍 新舞台神仙嗓音 百万直拍预定💘开口即跪的纯欲少年音,秋日信函_张函瑞,1643739345,2025-08-09 19:11:18,627026,13227,10969,12826,882,1069,4654,28,643,True
2026-03-09 11:33:40,https://www.bilibili.com/video/BV1fxtbzKESN/?spm_id_from=333.1387.favlist.content.click&vd_source=6376e07ec49eec7d49dd941ef312f95d,BV1fxtbzKESN,【张函瑞】雨爱双机位4K精剪横屏直拍 新舞台神仙嗓音 百万直拍预定💘开口即跪的纯欲少年音,秋日信函_张函瑞,1643739345,2025-08-09 19:11:18,627106,13229,10969,12827,882,1069,4654,46,80,False
2026-03-09 12:33:54,https://www.bilibili.com/video/BV1fxtbzKESN/?spm_id_from=333.1387.favlist.content.click&vd_source=6376e07ec49eec7d49dd941ef312f95d,BV1fxtbzKESN,【张函瑞】雨爱双机位4K精剪横屏直拍 新舞台神仙嗓音 百万直拍预定💘开口即跪的纯欲少年音,秋日信函_张函瑞,1643739345,2025-08-09 19:11:18,628137,13229,10970,12828,882,1069,4654,44,1031,True
2026-03-09 13:34:08,https://www.bilibili.com/video/BV1fxtbzKESN/?spm_id_from=333.1387.favlist.content.click&vd_source=6376e07ec49eec7d49dd941ef312f95d,BV1fxtbzKESN,【张函瑞】雨爱双机位4K精剪横屏直拍 新舞台神仙嗓音 百万直拍预定💘开口即跪的纯欲少年音,秋日信函_张函瑞,1643739345,2025-08-09 19:11:18,628999,13230,10970,12828,882,1069,4654,40,862,True
2026-03-09 14:34:22,https://www.bilibili.com/video/BV1fxtbzKESN/?spm_id_from=333.1387.favlist.content.click&vd_source=6376e07ec49eec7d49dd941ef312f95d,BV1fxtbzKESN,【张函瑞】雨爱双机位4K精剪横屏直拍 新舞台神仙嗓音 百万直拍预定💘开口即跪的纯欲少年音,秋日信函_张函瑞,1643739345,2025-08-09 19:11:18,629052,13231,10970,12829,882,1070,4654,55,53,False
2026-03-09 15:34:36,https://www.bilibili.com/video/BV1fxtbzKESN/?spm_id_from=333.1387.favlist.content.click&vd_source=6376e07ec49eec7d49dd941ef312f95d,BV1fxtbzKESN,【张函瑞】雨爱双机位4K精剪横屏直拍 新舞台神仙嗓音 百万直拍预定💘开口即跪的纯欲少年音,秋日信函_张函瑞,1643739345,2025-08-09 19:11:18,629864,13231,10970,12830,882,1071,4654,51,812,True
2026-03-09 19:35:49,https://www.bilibili.com/video/BV1fxtbzKESN/?spm_id_from=333.1387.favlist.content.click&vd_source=6376e07ec49eec7d49dd941ef312f95d,BV1fxtbzKESN,【张函瑞】雨爱双机位4K精剪横屏直拍 新舞台神仙嗓音 百万直拍预定💘开口即跪的纯欲少年音,秋日信函_张函瑞,1643739345,2025-08-09 19:11:18,633060,13236,10977,12840,882,1073,4657,38,3196,True
2026-03-09 20:36:03,https://www.bilibili.com/video/BV1fxtbzKESN/?spm_id_from=333.1387.favlist.content.click&vd_source=6376e07ec49eec7d49dd941ef312f95d,BV1fxtbzKESN,【张函瑞】雨爱双机位4K精剪横屏直拍 新舞台神仙嗓音 百万直拍预定💘开口即跪的纯欲少年音,秋日信函_张函瑞,1643739345,2025-08-09 19:11:18,633914,13238,10979,12841,882,1073,4657,46,854,True
2026-03-09 21:36:17,https://www.bilibili.com/video/BV1fxtbzKESN/?spm_id_from=333.1387.favlist.content.click&vd_source=6376e07ec49eec7d49dd941ef312f95d,BV1fxtbzKESN,【张函瑞】雨爱双机位4K精剪横屏直拍 新舞台神仙嗓音 百万直拍预定💘开口即跪的纯欲少年音,秋日信函_张函瑞,1643739345,2025-08-09 19:11:18,635044,13240,10981,12842,882,1073,4657,51,1130,True
2026-03-09 22:36:31,https://www.bilibili.com/video/BV1fxtbzKESN/?spm_id_from=333.1387.favlist.content.click&vd_source=6376e07ec49eec7d49dd941ef312f95d,BV1fxtbzKESN,【张函瑞】雨爱双机位4K精剪横屏直拍 新舞台神仙嗓音 百万直拍预定💘开口即跪的纯欲少年音,秋日信函_张函瑞,1643739345,2025-08-09 19:11:18,635125,13241,10983,12843,882,1073,4657,51,81,False
2026-03-09 23:36:46,https://www.bilibili.com/video/BV1fxtbzKESN/?spm_id_from=333.1387.favlist.content.click&vd_source=6376e07ec49eec7d49dd941ef312f95d,BV1fxtbzKESN,【张函瑞】雨爱双机位4K精剪横屏直拍 新舞台神仙嗓音 百万直拍预定💘开口即跪的纯欲少年音,秋日信函_张函瑞,1643739345,2025-08-09 19:11:18,635187,13241,10983,12843,882,1073,4657,40,62,False
2026-03-09 00:31:07,https://www.bilibili.com/video/BV11Btaz9ERL/?spm_id_from=333.1387.favlist.content.click&vd_source=6376e07ec49eec7d49dd941ef312f95d,BV11Btaz9ERL,【Lucifer｜张函瑞】四代最强表管翻跳SM神曲，完全移不开视线！TF家族四代公演张函瑞4K精剪直拍,Karmaismycat,3546943494031804,2025-08-10 04:18:11,823255,27454,21267,21045,2260,1758,12103,35,0,False
2026-03-09 01:31:21,https://www.bilibili.com/video/BV11Btaz9ERL/?spm_id_from=333.1387.favlist.content.click&vd_source=6376e07ec49eec7d49dd941ef312f95d,BV11Btaz9ERL,【Lucifer｜张函瑞】四代最强表管翻跳SM神曲，完全移不开视线！TF家族四代公演张函瑞4K精剪直拍,Karmaismycat,3546943494031804,2025-08-10 04:18:11,823974,27454,21267,21046,2260,1758,12103,25,719,True
2026-03-09 02:31:35,https://www.bilibili.com/video/BV11Btaz9ERL/?spm_id_from=333.1387.favlist.content.click&vd_source=6376e07ec49eec7d49dd941ef312f95d,BV11Btaz9ERL,【Lucifer｜张函瑞】四代最强表管翻跳SM神曲，完全移不开视线！TF家族四代公演张函瑞4K精剪直拍,Karmaismycat,3546943494031804,2025-08-10 04:18:11,825180,27457,21267,21046,2260,1758,12103,32,1206,True
2026-03-09 03:31:49,https://www.bilibili.com/video/BV11Btaz9ERL/?spm_id_from=333.1387.favlist.content.click&vd_source=6376e07ec49eec7d49dd941ef312f95d,BV11Btaz9ERL,【Lucifer｜张函瑞】四代最强表管翻跳SM神曲，完全移不开视线！TF家族四代公演张函瑞4K精剪直拍,Karmaismycat,3546943494031804,2025-08-10 04:18:11,825979,27457,21269,21046,2260,1758,12103,28,799,True
2026-03-09 04:32:03,https://www.bilibili.com/video/BV11Btaz9ERL/?spm_id_from=333.1387.favlist.content.click&vd_source=6376e07ec49eec7d49dd941ef312f95d,BV11Btaz9ERL,【Lucifer｜张函瑞】四代最强表管翻跳SM神曲，完全移不开视线！TF家族四代公演张函瑞4K精剪直拍,Karmaismycat,3546943494031804,2025-08-10 04:18:11,826463,27457,21269,21046,2260,1758,12103,34,484,True
2026-03-09 05:32:16,https://www.bilibili.com/video/BV11Btaz9ERL/?spm_id_from=333.1387.favlist.content.click&vd_source=6376e07ec49eec7d49dd941ef312f95d,BV11Btaz9ERL,【Lucifer｜张函瑞】四代最强表管翻跳SM神曲，完全移不开视线！TF家族四代公演张函瑞4K精剪直拍,Karmaismycat,3546943494031804,2025-08-10 04:18:11,827166,27457,21269,21046,2260,1758,12103,31,703,True
2026-03-09 06:32:30,https://www.bilibili.com/video/BV11Btaz9ERL/?spm_id_from=333.1387.favlist.content.click&vd_source=6376e07ec49eec7d49dd941ef312f95d,BV11Btaz9ERL,【Lucifer｜张函瑞】四代最强表管翻跳SM神曲，完全移不开视线！TF家族四代公演张函瑞4K精剪直拍,Karmaismycat,3546943494031804,2025-08-10 04:18:11,827215,27458,21271,21046,2260,1758,12103,31,49,False
2026-03-09 07:32:44,https://www.bilibili.com/video/BV11Btaz9ERL/?spm_id_from=333.1387.favlist.content.click&vd_source=6376e07ec49eec7d49dd941ef312f95d,BV11Btaz9ERL,【Lucifer｜张函瑞】四代最强表管翻跳SM神曲，完全移不开视线！TF家族四代公演张函瑞4K精剪直拍,Karmaismycat,3546943494031804,2025-08-10 04:18:11,827264,27458,21273,21046,2261,1758,12103,23,49,False
2026-03-09 08:32:58,https://www.bilibili.com/video/BV11Btaz9ERL/?spm_id_from=333.1387.favlist.content.click&vd_source=6376e07ec49eec7d49dd941ef312f95d,BV11Btaz9ERL,【Lucifer｜张函瑞】四代最强表管翻跳SM神曲，完全移不开视线！TF家族四代公演张函瑞4K精剪直拍,Karmaismycat,3546943494031804,2025-08-10 04:18:11,827316,27458,21273,21046,2261,1758,12103,32,52,False
2026-03-09 09:33:12,https://www.bilibili.com/video/BV11Btaz9ERL/?spm_id_from=333.1387.favlist.content.click&vd_source=6376e07ec49eec7d49dd941ef312f95d,BV11Btaz9ERL,【Lucifer｜张函瑞】四代最强表管翻跳SM神曲，完全移不开视线！TF家族四代公演张函瑞4K精剪直拍,Karmaismycat,3546943494031804,2025-08-10 04:18:11,827364,27459,21273,21049,2261,1758,12103,22,48,False
2026-03-09 10:33:26,https://www.bilibili.com/video/BV11Btaz9ERL/?spm_id_from=333.1387.favlist.content.click&vd_source=6376e07ec49eec7d49dd941ef312f95d,BV11Btaz9ERL,【Lucifer｜张函瑞】四代最强表管翻跳SM神曲，完全移不开视线！TF家族四代公演张函瑞4K精剪直拍,Karmaismycat,3546943494031804,2025-08-10 04:18:11,827432,27460,21275,21050,2261,1758,12103,34,68,False
2026-03-09 11:33:40,https://www.bilibili.com/video/BV11Btaz9ERL/?spm_id_from=333.1387.favlist.content.click&vd_source=6376e07ec49eec7d49dd941ef312f95d,BV11Btaz9ERL,【Lucifer｜张函瑞】四代最强表管翻跳SM神曲，完全移不开视线！TF家族四代公演张函瑞4K精剪直拍,Karmaismycat,3546943494031804,2025-08-10 04:18:11,827496,27460,21275,21050,2261,1758,12103,20,64,False
2026-03-09 12:33:54,https://www.bilibili.com/video/BV11Btaz9ERL/?spm_id_from=333.1387.favlist.content.click&vd_source=6376e07ec49eec7d49dd941ef312f95d,BV11Btaz9ERL,【Lucifer｜张函瑞】四代最强表管翻跳SM神曲，完全移不开视线！TF家族四代公演张函瑞4K精剪直拍,Karmaismycat,3546943494031804,2025-08-10 04:18:11,828548,27461,21275,21050,2261,1758,12103,21,1052,True
2026-03-09 13:34:08,https://www.bilibili.com/video/BV11Btaz9ERL/?spm_id_from=333.1387.favlist.content.click&vd_source=6376e07ec49eec7d49dd941ef312f95d,BV11Btaz9ERL,【Lucifer｜张函瑞】四代最强表管翻跳SM神曲，完全移不开视线！TF家族四代公演张函瑞4K精剪直拍,Karmaismycat,3546943494031804,2025-08-10 04:18:11,829033,27460,21275,21050,2261,1758,12103,31,485,True
2026-03-09 14:34:22,https://www.bilibili.com/video/BV11Btaz9ERL/?spm_id_from=333.1387.favlist.content.click&vd_source=6376e07ec49eec7d49dd941ef312f95d,BV11Btaz9ERL,【Lucifer｜张函瑞】四代最强表管翻跳SM神曲，完全移不开视线！TF家族四代公演张函瑞4K精剪直拍,Karmaismycat,3546943494031804,2025-08-10 04:18:11,829112,27462,21275,21051,2261,1759,12103,28,79,False
2026-03-09 15:34:36,https://www.bilibili.com/video/BV11Btaz9ERL/?spm_id_from=333.1387.favlist.content.click&vd_source=6376e07ec49eec7d49dd941ef312f95d,BV11Btaz9ERL,【Lucifer｜张函瑞】四代最强表管翻跳SM神曲，完全移不开视线！TF家族四代公演张函瑞4K精剪直拍,Karmaismycat,3546943494031804,2025-08-10 04:18:11,830495,27463,21277,21051,2262,1760,12103,19,1383,True
2026-03-09 19:35:49,https://www.bilibili.com/video/BV11Btaz9ERL/?spm_id_from=333.1387.favlist.content.click&vd_source=6376e07ec49eec7d49dd941ef312f95d,BV11Btaz9ERL,【Lucifer｜张函瑞】四代最强表管翻跳SM神曲，完全移不开视线！TF家族四代公演张函瑞4K精剪直拍,Karmaismycat,3546943494031804,2025-08-10 04:18:11,831549,27471,21281,21060,2262,1761,12104,20,1054,True
2026-03-09 20:36:03,https://www.bilibili.com/video/BV11Btaz9ERL/?spm_id_from=333.1387.favlist.content.click&vd_source=6376e07ec49eec7d49dd941ef312f95d,BV11Btaz9ERL,【Lucifer｜张函瑞】四代最强表管翻跳SM神曲，完全移不开视线！TF家族四代公演张函瑞4K精剪直拍,Karmaismycat,3546943494031804,2025-08-10 04:18:11,832312,27473,21283,21063,2262,1761,12104,22,763,True
2026-03-09 21:36:17,https://www.bilibili.com/video/BV11Btaz9ERL/?spm_id_from=333.1387.favlist.content.click&vd_source=6376e07ec49eec7d49dd941ef312f95d,BV11Btaz9ERL,【Lucifer｜张函瑞】四代最强表管翻跳SM神曲，完全移不开视线！TF家族四代公演张函瑞4K精剪直拍,Karmaismycat,3546943494031804,2025-08-10 04:18:11,832388,27476,21285,21065,2262,1761,12104,32,76,False
2026-03-09 22:36:31,https://www.bilibili.com/video/BV11Btaz9ERL/?spm_id_from=333.1387.favlist.content.click&vd_source=6376e07ec49eec7d49dd941ef312f95d,BV11Btaz9ERL,【Lucifer｜张函瑞】四代最强表管翻跳SM神曲，完全移不开视线！TF家族四代公演张函瑞4K精剪直拍,Karmaismycat,3546943494031804,2025-08-10 04:18:11,832931,27477,21285,21065,2262,1761,12104,26,543,True
2026-03-09 23:36:46,https://www.bilibili.com/video/BV11Btaz9ERL/?spm_id_from=333.1387.favlist.content.click&vd_source=6376e07ec49eec7d49dd941ef312f95d,BV11Btaz9ERL,【Lucifer｜张函瑞】四代最强表管翻跳SM神曲，完全移不开视线！TF家族四代公演张函瑞4K精剪直拍,Karmaismycat,3546943494031804,2025-08-10 04:18:11,833555,27479,21285,21066,2262,1761,12104,30,624,True
2026-03-09 00:31:07,https://www.bilibili.com/video/BV1234y1Z7CX/?spm_id_from=333.1387.favlist.content.click&vd_source=6376e07ec49eec7d49dd941ef312f95d,BV1234y1Z7CX,【TF 家族练习生】 「2023新年音乐会——瞬间」《光亮》纯享版,TF家族,3670216,2023-01-26 15:10:23,1601520,70369,36140,44272,38174,6606,15671,65,0,False
2026-03-09 01:31:21,https://www.bilibili.com/video/BV1234y1Z7CX/?spm_id_from=333.1387.favlist.content.click&vd_source=6376e07ec49eec7d49dd941ef312f95d,BV1234y1Z7CX,【TF 家族练习生】 「2023新年音乐会——瞬间」《光亮》纯享版,TF家族,3670216,2023-01-26 15:10:23,1602464,70370,36140,44272,38174,6606,15671,68,944,True
2026-03-09 02:31:35,https://www.bilibili.com/video/BV1234y1Z7CX/?spm_id_from=333.1387.favlist.content.click&vd_source=6376e07ec49eec7d49dd941ef312f95d,BV1234y1Z7CX,【TF 家族练习生】 「2023新年音乐会——瞬间」《光亮》纯享版,TF家族,3670216,2023-01-26 15:10:23,1602561,70373,36145,44275,38176,6606,15671,62,97,False
2026-03-09 03:31:49,https://www.bilibili.com/video/BV1234y1Z7CX/?spm_id_from=333.1387.favlist.content.click&vd_source=6376e07ec49eec7d49dd941ef312f95d,BV1234y1Z7CX,【TF 家族练习生】 「2023新年音乐会——瞬间」《光亮》纯享版,TF家族,3670216,2023-01-26 15:10:23,1603632,70374,36145,44277,38176,6606,15671,65,1071,True
2026-03-09 04:32:03,https://www.bilibili.com/video/BV1234y1Z7CX/?spm_id_from=333.1387.favlist.content.click&vd_source=6376e07ec49eec7d49dd941ef312f95d,BV1234y1Z7CX,【TF 家族练习生】 「2023新年音乐会——瞬间」《光亮》纯享版,TF家族,3670216,2023-01-26 15:10:23,1603700,70375,36145,44278,38176,6606,15671,51,68,False
2026-03-09 05:32:16,https://www.bilibili.com/video/BV1234y1Z7CX/?spm_id_from=333.1387.favlist.content.click&vd_source=6376e07ec49eec7d49dd941ef312f95d,BV1234y1Z7CX,【TF 家族练习生】 「2023新年音乐会——瞬间」《光亮》纯享版,TF家族,3670216,2023-01-26 15:10:23,1603765,70375,36145,44278,38176,6606,15671,68,65,False
2026-03-09 06:32:30,https://www.bilibili.com/video/BV1234y1Z7CX/?spm_id_from=333.1387.favlist.content.click&vd_source=6376e07ec49eec7d49dd941ef312f95d,BV1234y1Z7CX,【TF 家族练习生】 「2023新年音乐会——瞬间」《光亮》纯享版,TF家族,3670216,2023-01-26 15:10:23,1603818,70375,36145,44278,38176,6606,15671,49,53,False
2026-03-09 07:32:44,https://www.bilibili.com/video/BV1234y1Z7CX/?spm_id_from=333.1387.favlist.content.click&vd_source=6376e07ec49eec7d49dd941ef312f95d,BV1234y1Z7CX,【TF 家族练习生】 「2023新年音乐会——瞬间」《光亮》纯享版,TF家族,3670216,2023-01-26 15:10:23,1603877,70375,36145,44278,38176,6606,15671,60,59,False
2026-03-09 08:32:58,https://www.bilibili.com/video/BV1234y1Z7CX/?spm_id_from=333.1387.favlist.content.click&vd_source=6376e07ec49eec7d49dd941ef312f95d,BV1234y1Z7CX,【TF 家族练习生】 「2023新年音乐会——瞬间」《光亮》纯享版,TF家族,3670216,2023-01-26 15:10:23,1604580,70375,36145,44278,38176,6606,15671,44,703,True
2026-03-09 09:33:12,https://www.bilibili.com/video/BV1234y1Z7CX/?spm_id_from=333.1387.favlist.content.click&vd_source=6376e07ec49eec7d49dd941ef312f95d,BV1234y1Z7CX,【TF 家族练习生】 「2023新年音乐会——瞬间」《光亮》纯享版,TF家族,3670216,2023-01-26 15:10:23,1604649,70375,36145,44280,38176,6606,15671,50,69,False
2026-03-09 10:33:26,https://www.bilibili.com/video/BV1234y1Z7CX/?spm_id_from=333.1387.favlist.content.click&vd_source=6376e07ec49eec7d49dd941ef312f95d,BV1234y1Z7CX,【TF 家族练习生】 「2023新年音乐会——瞬间」《光亮》纯享版,TF家族,3670216,2023-01-26 15:10:23,1604721,70380,36147,44282,38176,6607,15671,47,72,False
2026-03-09 11:33:40,https://www.bilibili.com/video/BV1234y1Z7CX/?spm_id_from=333.1387.favlist.content.click&vd_source=6376e07ec49eec7d49dd941ef312f95d,BV1234y1Z7CX,【TF 家族练习生】 「2023新年音乐会——瞬间」《光亮》纯享版,TF家族,3670216,2023-01-26 15:10:23,1604786,70384,36153,44287,38177,6607,15671,50,65,False
2026-03-09 12:33:54,https://www.bilibili.com/video/BV1234y1Z7CX/?spm_id_from=333.1387.favlist.content.click&vd_source=6376e07ec49eec7d49dd941ef312f95d,BV1234y1Z7CX,【TF 家族练习生】 「2023新年音乐会——瞬间」《光亮》纯享版,TF家族,3670216,2023-01-26 15:10:23,1604866,70386,36159,44291,38179,6607,15671,60,80,False
2026-03-09 13:34:08,https://www.bilibili.com/video/BV1234y1Z7CX/?spm_id_from=333.1387.favlist.content.click&vd_source=6376e07ec49eec7d49dd941ef312f95d,BV1234y1Z7CX,【TF 家族练习生】 「2023新年音乐会——瞬间」《光亮》纯享版,TF家族,3670216,2023-01-26 15:10:23,1605319,70386,36159,44290,38179,6607,15671,62,453,True
2026-03-09 14:34:22,https://www.bilibili.com/video/BV1234y1Z7CX/?spm_id_from=333.1387.favlist.content.click&vd_source=6376e07ec49eec7d49dd941ef312f95d,BV1234y1Z7CX,【TF 家族练习生】 「2023新年音乐会——瞬间」《光亮》纯享版,TF家族,3670216,2023-01-26 15:10:23,1606789,70388,36163,44293,38180,6609,15680,48,1470,True
2026-03-09 15:34:36,https://www.bilibili.com/video/BV1234y1Z7CX/?spm_id_from=333.1387.favlist.content.click&vd_source=6376e07ec49eec7d49dd941ef312f95d,BV1234y1Z7CX,【TF 家族练习生】 「2023新年音乐会——瞬间」《光亮》纯享版,TF家族,3670216,2023-01-26 15:10:23,1607833,70390,36165,44295,38181,6610,15680,51,1044,True
2026-03-09 19:35:49,https://www.bilibili.com/video/BV1234y1Z7CX/?spm_id_from=333.1387.favlist.content.click&vd_source=6376e07ec49eec7d49dd941ef312f95d,BV1234y1Z7CX,【TF 家族练习生】 「2023新年音乐会——瞬间」《光亮》纯享版,TF家族,3670216,2023-01-26 15:10:23,1609156,70398,36171,44306,38185,6613,15683,52,1323,True
2026-03-09 20:36:03,https://www.bilibili.com/video/BV1234y1Z7CX/?spm_id_from=333.1387.favlist.content.click&vd_source=6376e07ec49eec7d49dd941ef312f95d,BV1234y1Z7CX,【TF 家族练习生】 「2023新年音乐会——瞬间」《光亮》纯享版,TF家族,3670216,2023-01-26 15:10:23,1610272,70402,36175,44314,38186,6626,15683,48,1116,True
2026-03-09 21:36:17,https://www.bilibili.com/video/BV1234y1Z7CX/?spm_id_from=333.1387.favlist.content.click&vd_source=6376e07ec49eec7d49dd941ef312f95d,BV1234y1Z7CX,【TF 家族练习生】 「2023新年音乐会——瞬间」《光亮》纯享版,TF家族,3670216,2023-01-26 15:10:23,1611096,70407,36179,44318,38186,6626,15683,60,824,True
2026-03-09 22:36:31,https://www.bilibili.com/video/BV1234y1Z7CX/?spm_id_from=333.1387.favlist.content.click&vd_source=6376e07ec49eec7d49dd941ef312f95d,BV1234y1Z7CX,【TF 家族练习生】 「2023新年音乐会——瞬间」《光亮》纯享版,TF家族,3670216,2023-01-26 15:10:23,1611214,70409,36181,44319,38188,6626,15683,55,118,False
2026-03-09 23:36:46,https://www.bilibili.com/video/BV1234y1Z7CX/?spm_id_from=333.1387.favlist.content.click&vd_source=6376e07ec49eec7d49dd941ef312f95d,BV1234y1Z7CX,【TF 家族练习生】 「2023新年音乐会——瞬间」《光亮》纯享版,TF家族,3670216,2023-01-26 15:10:23,1611322,70414,36187,44325,38189,6626,15683,52,108,False
2026-03-09 00:31:07,https://www.bilibili.com/video/BV19q6CB7EQ9/?spm_id_from=333.1387.favlist.content.click&vd_source=6376e07ec49eec7d49dd941ef312f95d,BV19q6CB7EQ9,【张函瑞|我是一只鱼】直拍 人间萌鱼！本视频可能导致笑容失控！这只“小鱼”正在全力游进你心里,秋日信函_张函瑞,1643739345,2026-01-31 14:48:19,562029,18986,18798,18390,1496,1797,4860,2,0,False
2026-03-09 01:31:21,https://www.bilibili.com/video/BV19q6CB7EQ9/?spm_id_from=333.1387.favlist.content.click&vd_source=6376e07ec49eec7d49dd941ef312f95d,BV19q6CB7EQ9,【张函瑞|我是一只鱼】直拍 人间萌鱼！本视频可能导致笑容失控！这只“小鱼”正在全力游进你心里,秋日信函_张函瑞,1643739345,2026-01-31 14:48:19,562042,18987,18798,18391,1496,1797,4860,4,13,False
2026-03-09 02:31:35,https://www.bilibili.com/video/BV19q6CB7EQ9/?spm_id_from=333.1387.favlist.content.click&vd_source=6376e07ec49eec7d49dd941ef312f95d,BV19q6CB7EQ9,【张函瑞|我是一只鱼】直拍 人间萌鱼！本视频可能导致笑容失控！这只“小鱼”正在全力游进你心里,秋日信函_张函瑞,1643739345,2026-01-31 14:48:19,562051,18988,18798,18391,1496,1797,4860,2,9,False
2026-03-09 03:31:49,https://www.bilibili.com/video/BV19q6CB7EQ9/?spm_id_from=333.1387.favlist.content.click&vd_source=6376e07ec49eec7d49dd941ef312f95d,BV19q6CB7EQ9,【张函瑞|我是一只鱼】直拍 人间萌鱼！本视频可能导致笑容失控！这只“小鱼”正在全力游进你心里,秋日信函_张函瑞,1643739345,2026-01-31 14:48:19,562056,18989,18798,18391,1496,1797,4860,4,5,False
2026-03-09 04:32:03,https://www.bilibili.com/video/BV19q6CB7EQ9/?spm_id_from=333.1387.favlist.content.click&vd_source=6376e07ec49eec7d49dd941ef312f95d,BV19q6CB7EQ9,【张函瑞|我是一只鱼】直拍 人间萌鱼！本视频可能导致笑容失控！这只“小鱼”正在全力游进你心里,秋日信函_张函瑞,1643739345,2026-01-31 14:48:19,562058,18989,18798,18391,1496,1797,4860,2,2,False
2026-03-09 05:32:16,https://www.bilibili.com/video/BV19q6CB7EQ9/?spm_id_from=333.1387.favlist.content.click&vd_source=6376e07ec49eec7d49dd941ef312f95d,BV19q6CB7EQ9,【张函瑞|我是一只鱼】直拍 人间萌鱼！本视频可能导致笑容失控！这只“小鱼”正在全力游进你心里,秋日信函_张函瑞,1643739345,2026-01-31 14:48:19,562059,18989,18798,18391,1496,1797,4860,3,1,False
2026-03-09 06:32:30,https://www.bilibili.com/video/BV19q6CB7EQ9/?spm_id_from=333.1387.favlist.content.click&vd_source=6376e07ec49eec7d49dd941ef312f95d,BV19q6CB7EQ9,【张函瑞|我是一只鱼】直拍 人间萌鱼！本视频可能导致笑容失控！这只“小鱼”正在全力游进你心里,秋日信函_张函瑞,1643739345,2026-01-31 14:48:19,562062,18989,18798,18391,1496,1797,4860,1,3,False
2026-03-09 07:32:44,https://www.bilibili.com/video/BV19q6CB7EQ9/?spm_id_from=333.1387.favlist.content.click&vd_source=6376e07ec49eec7d49dd941ef312f95d,BV19q6CB7EQ9,【张函瑞|我是一只鱼】直拍 人间萌鱼！本视频可能导致笑容失控！这只“小鱼”正在全力游进你心里,秋日信函_张函瑞,1643739345,2026-01-31 14:48:19,562066,18989,18798,18391,1496,1797,4860,1,4,False
2026-03-09 08:32:58,https://www.bilibili.com/video/BV19q6CB7EQ9/?spm_id_from=333.1387.favlist.content.click&vd_source=6376e07ec49eec7d49dd941ef312f95d,BV19q6CB7EQ9,【张函瑞|我是一只鱼】直拍 人间萌鱼！本视频可能导致笑容失控！这只“小鱼”正在全力游进你心里,秋日信函_张函瑞,1643739345,2026-01-31 14:48:19,562074,18989,18798,18390,1496,1797,4860,2,8,False
2026-03-09 09:33:12,https://www.bilibili.com/video/BV19q6CB7EQ9/?spm_id_from=333.1387.favlist.content.click&vd_source=6376e07ec49eec7d49dd941ef312f95d,BV19q6CB7EQ9,【张函瑞|我是一只鱼】直拍 人间萌鱼！本视频可能导致笑容失控！这只“小鱼”正在全力游进你心里,秋日信函_张函瑞,1643739345,2026-01-31 14:48:19,562079,18989,18798,18390,1496,1797,4860,1,5,False
2026-03-09 10:33:26,https://www.bilibili.com/video/BV19q6CB7EQ9/?spm_id_from=333.1387.favlist.content.click&vd_source=6376e07ec49eec7d49dd941ef312f95d,BV19q6CB7EQ9,【张函瑞|我是一只鱼】直拍 人间萌鱼！本视频可能导致笑容失控！这只“小鱼”正在全力游进你心里,秋日信函_张函瑞,1643739345,2026-01-31 14:48:19,562087,18989,18798,18390,1496,1797,4860,2,8,False
2026-03-09 11:33:40,https://www.bilibili.com/video/BV19q6CB7EQ9/?spm_id_from=333.1387.favlist.content.click&vd_source=6376e07ec49eec7d49dd941ef312f95d,BV19q6CB7EQ9,【张函瑞|我是一只鱼】直拍 人间萌鱼！本视频可能导致笑容失控！这只“小鱼”正在全力游进你心里,秋日信函_张函瑞,1643739345,2026-01-31 14:48:19,562097,18989,18798,18390,1496,1797,4861,4,10,False
2026-03-09 12:33:54,https://www.bilibili.com/video/BV19q6CB7EQ9/?spm_id_from=333.1387.favlist.content.click&vd_source=6376e07ec49eec7d49dd941ef312f95d,BV19q6CB7EQ9,【张函瑞|我是一只鱼】直拍 人间萌鱼！本视频可能导致笑容失控！这只“小鱼”正在全力游进你心里,秋日信函_张函瑞,1643739345,2026-01-31 14:48:19,562102,18989,18798,18390,1496,1797,4861,1,5,False
2026-03-09 13:34:08,https://www.bilibili.com/video/BV19q6CB7EQ9/?spm_id_from=333.1387.favlist.content.click&vd_source=6376e07ec49eec7d49dd941ef312f95d,BV19q6CB7EQ9,【张函瑞|我是一只鱼】直拍 人间萌鱼！本视频可能导致笑容失控！这只“小鱼”正在全力游进你心里,秋日信函_张函瑞,1643739345,2026-01-31 14:48:19,562113,18990,18798,18391,1496,1797,4861,2,11,False
2026-03-09 14:34:22,https://www.bilibili.com/video/BV19q6CB7EQ9/?spm_id_from=333.1387.favlist.content.click&vd_source=6376e07ec49eec7d49dd941ef312f95d,BV19q6CB7EQ9,【张函瑞|我是一只鱼】直拍 人间萌鱼！本视频可能导致笑容失控！这只“小鱼”正在全力游进你心里,秋日信函_张函瑞,1643739345,2026-01-31 14:48:19,562119,18990,18798,18390,1496,1797,4861,1,6,False
2026-03-09 15:34:36,https://www.bilibili.com/video/BV19q6CB7EQ9/?spm_id_from=333.1387.favlist.content.click&vd_source=6376e07ec49eec7d49dd941ef312f95d,BV19q6CB7EQ9,【张函瑞|我是一只鱼】直拍 人间萌鱼！本视频可能导致笑容失控！这只“小鱼”正在全力游进你心里,秋日信函_张函瑞,1643739345,2026-01-31 14:48:19,562123,18991,18800,18391,1496,1797,4861,5,4,False
2026-03-09 19:35:49,https://www.bilibili.com/video/BV19q6CB7EQ9/?spm_id_from=333.1387.favlist.content.click&vd_source=6376e07ec49eec7d49dd941ef312f95d,BV19q6CB7EQ9,【张函瑞|我是一只鱼】直拍 人间萌鱼！本视频可能导致笑容失控！这只“小鱼”正在全力游进你心里,秋日信函_张函瑞,1643739345,2026-01-31 14:48:19,562183,18994,18800,18392,1496,1797,4861,3,60,False
2026-03-09 20:36:03,https://www.bilibili.com/video/BV19q6CB7EQ9/?spm_id_from=333.1387.favlist.content.click&vd_source=6376e07ec49eec7d49dd941ef312f95d,BV19q6CB7EQ9,【张函瑞|我是一只鱼】直拍 人间萌鱼！本视频可能导致笑容失控！这只“小鱼”正在全力游进你心里,秋日信函_张函瑞,1643739345,2026-01-31 14:48:19,562203,18994,18800,18391,1496,1797,4861,3,20,False
2026-03-09 21:36:17,https://www.bilibili.com/video/BV19q6CB7EQ9/?spm_id_from=333.1387.favlist.content.click&vd_source=6376e07ec49eec7d49dd941ef312f95d,BV19q6CB7EQ9,【张函瑞|我是一只鱼】直拍 人间萌鱼！本视频可能导致笑容失控！这只“小鱼”正在全力游进你心里,秋日信函_张函瑞,1643739345,2026-01-31 14:48:19,562230,18996,18802,18394,1496,1798,4861,6,27,False
2026-03-09 22:36:31,https://www.bilibili.com/video/BV19q6CB7EQ9/?spm_id_from=333.1387.favlist.content.click&vd_source=6376e07ec49eec7d49dd941ef312f95d,BV19q6CB7EQ9,【张函瑞|我是一只鱼】直拍 人间萌鱼！本视频可能导致笑容失控！这只“小鱼”正在全力游进你心里,秋日信函_张函瑞,1643739345,2026-01-31 14:48:19,562254,18997,18802,18394,1496,1798,4861,2,24,False
2026-03-09 23:36:46,https://www.bilibili.com/video/BV19q6CB7EQ9/?spm_id_from=333.1387.favlist.content.click&vd_source=6376e07ec49eec7d49dd941ef312f95d,BV19q6CB7EQ9,【张函瑞|我是一只鱼】直拍 人间萌鱼！本视频可能导致笑容失控！这只“小鱼”正在全力游进你心里,秋日信函_张函瑞,1643739345,2026-01-31 14:48:19,562281,18998,18802,18393,1496,1798,4861,2,27,False
2026-03-09 00:31:07,https://www.bilibili.com/video/BV12G6nBKEWZ/?spm_id_from=333.1387.favlist.content.click&vd_source=6376e07ec49eec7d49dd941ef312f95d,BV12G6nBKEWZ,【lovely｜张函瑞】四机位4K精剪直拍（含字幕）,Karmaismycat,3546943494031804,2026-01-31 23:04:42,562015,25016,24156,23055,1673,1810,5329,1,0,False
2026-03-09 01:31:21,https://www.bilibili.com/video/BV12G6nBKEWZ/?spm_id_from=333.1387.favlist.content.click&vd_source=6376e07ec49eec7d49dd941ef312f95d,BV12G6nBKEWZ,【lovely｜张函瑞】四机位4K精剪直拍（含字幕）,Karmaismycat,3546943494031804,2026-01-31 23:04:42,562028,25017,24156,23055,1674,1810,5329,2,13,False
2026-03-09 02:31:35,https://www.bilibili.com/video/BV12G6nBKEWZ/?spm_id_from=333.1387.favlist.content.click&vd_source=6376e07ec49eec7d49dd941ef312f95d,BV12G6nBKEWZ,【lovely｜张函瑞】四机位4K精剪直拍（含字幕）,Karmaismycat,3546943494031804,2026-01-31 23:04:42,562040,25018,24156,23055,1674,1810,5329,2,12,False
2026-03-09 03:31:49,https://www.bilibili.com/video/BV12G6nBKEWZ/?spm_id_from=333.1387.favlist.content.click&vd_source=6376e07ec49eec7d49dd941ef312f95d,BV12G6nBKEWZ,【lovely｜张函瑞】四机位4K精剪直拍（含字幕）,Karmaismycat,3546943494031804,2026-01-31 23:04:42,562047,25019,24158,23055,1674,1810,5329,4,7,False
2026-03-09 04:32:03,https://www.bilibili.com/video/BV12G6nBKEWZ/?spm_id_from=333.1387.favlist.content.click&vd_source=6376e07ec49eec7d49dd941ef312f95d,BV12G6nBKEWZ,【lovely｜张函瑞】四机位4K精剪直拍（含字幕）,Karmaismycat,3546943494031804,2026-01-31 23:04:42,562052,25019,24158,23054,1674,1810,5329,2,5,False
2026-03-09 05:32:16,https://www.bilibili.com/video/BV12G6nBKEWZ/?spm_id_from=333.1387.favlist.content.click&vd_source=6376e07ec49eec7d49dd941ef312f95d,BV12G6nBKEWZ,【lovely｜张函瑞】四机位4K精剪直拍（含字幕）,Karmaismycat,3546943494031804,2026-01-31 23:04:42,562058,25020,24158,23054,1674,1810,5329,3,6,False
2026-03-09 06:32:30,https://www.bilibili.com/video/BV12G6nBKEWZ/?spm_id_from=333.1387.favlist.content.click&vd_source=6376e07ec49eec7d49dd941ef312f95d,BV12G6nBKEWZ,【lovely｜张函瑞】四机位4K精剪直拍（含字幕）,Karmaismycat,3546943494031804,2026-01-31 23:04:42,562059,25020,24158,23054,1674,1810,5329,2,1,False
2026-03-09 07:32:44,https://www.bilibili.com/video/BV12G6nBKEWZ/?spm_id_from=333.1387.favlist.content.click&vd_source=6376e07ec49eec7d49dd941ef312f95d,BV12G6nBKEWZ,【lovely｜张函瑞】四机位4K精剪直拍（含字幕）,Karmaismycat,3546943494031804,2026-01-31 23:04:42,562067,25020,24158,23054,1674,1810,5329,2,8,False
2026-03-09 08:32:58,https://www.bilibili.com/video/BV12G6nBKEWZ/?spm_id_from=333.1387.favlist.content.click&vd_source=6376e07ec49eec7d49dd941ef312f95d,BV12G6nBKEWZ,【lovely｜张函瑞】四机位4K精剪直拍（含字幕）,Karmaismycat,3546943494031804,2026-01-31 23:04:42,562074,25021,24158,23054,1674,1810,5329,2,7,False
2026-03-09 09:33:12,https://www.bilibili.com/video/BV12G6nBKEWZ/?spm_id_from=333.1387.favlist.content.click&vd_source=6376e07ec49eec7d49dd941ef312f95d,BV12G6nBKEWZ,【lovely｜张函瑞】四机位4K精剪直拍（含字幕）,Karmaismycat,3546943494031804,2026-01-31 23:04:42,562083,25023,24160,23054,1674,1810,5329,3,9,False
2026-03-09 10:33:26,https://www.bilibili.com/video/BV12G6nBKEWZ/?spm_id_from=333.1387.favlist.content.click&vd_source=6376e07ec49eec7d49dd941ef312f95d,BV12G6nBKEWZ,【lovely｜张函瑞】四机位4K精剪直拍（含字幕）,Karmaismycat,3546943494031804,2026-01-31 23:04:42,562097,25025,24162,23054,1674,1810,5330,2,14,False
2026-03-09 11:33:40,https://www.bilibili.com/video/BV12G6nBKEWZ/?spm_id_from=333.1387.favlist.content.click&vd_source=6376e07ec49eec7d49dd941ef312f95d,BV12G6nBKEWZ,【lovely｜张函瑞】四机位4K精剪直拍（含字幕）,Karmaismycat,3546943494031804,2026-01-31 23:04:42,562104,25025,24162,23054,1674,1810,5330,4,7,False
2026-03-09 12:33:54,https://www.bilibili.com/video/BV12G6nBKEWZ/?spm_id_from=333.1387.favlist.content.click&vd_source=6376e07ec49eec7d49dd941ef312f95d,BV12G6nBKEWZ,【lovely｜张函瑞】四机位4K精剪直拍（含字幕）,Karmaismycat,3546943494031804,2026-01-31 23:04:42,562123,25026,24162,23055,1674,1810,5330,2,19,False
2026-03-09 13:34:08,https://www.bilibili.com/video/BV12G6nBKEWZ/?spm_id_from=333.1387.favlist.content.click&vd_source=6376e07ec49eec7d49dd941ef312f95d,BV12G6nBKEWZ,【lovely｜张函瑞】四机位4K精剪直拍（含字幕）,Karmaismycat,3546943494031804,2026-01-31 23:04:42,562141,25027,24162,23057,1674,1810,5330,3,18,False
2026-03-09 14:34:22,https://www.bilibili.com/video/BV12G6nBKEWZ/?spm_id_from=333.1387.favlist.content.click&vd_source=6376e07ec49eec7d49dd941ef312f95d,BV12G6nBKEWZ,【lovely｜张函瑞】四机位4K精剪直拍（含字幕）,Karmaismycat,3546943494031804,2026-01-31 23:04:42,562155,25028,24162,23058,1674,1812,5330,3,14,False
2026-03-09 15:34:36,https://www.bilibili.com/video/BV12G6nBKEWZ/?spm_id_from=333.1387.favlist.content.click&vd_source=6376e07ec49eec7d49dd941ef312f95d,BV12G6nBKEWZ,【lovely｜张函瑞】四机位4K精剪直拍（含字幕）,Karmaismycat,3546943494031804,2026-01-31 23:04:42,562165,25028,24162,23058,1674,1812,5330,4,10,False
2026-03-09 19:35:49,https://www.bilibili.com/video/BV12G6nBKEWZ/?spm_id_from=333.1387.favlist.content.click&vd_source=6376e07ec49eec7d49dd941ef312f95d,BV12G6nBKEWZ,【lovely｜张函瑞】四机位4K精剪直拍（含字幕）,Karmaismycat,3546943494031804,2026-01-31 23:04:42,562265,25033,24164,23062,1674,1812,5330,4,100,False
2026-03-09 20:36:03,https://www.bilibili.com/video/BV12G6nBKEWZ/?spm_id_from=333.1387.favlist.content.click&vd_source=6376e07ec49eec7d49dd941ef312f95d,BV12G6nBKEWZ,【lovely｜张函瑞】四机位4K精剪直拍（含字幕）,Karmaismycat,3546943494031804,2026-01-31 23:04:42,562320,25040,24166,23065,1674,1812,5331,5,55,False
2026-03-09 21:36:17,https://www.bilibili.com/video/BV12G6nBKEWZ/?spm_id_from=333.1387.favlist.content.click&vd_source=6376e07ec49eec7d49dd941ef312f95d,BV12G6nBKEWZ,【lovely｜张函瑞】四机位4K精剪直拍（含字幕）,Karmaismycat,3546943494031804,2026-01-31 23:04:42,562370,25042,24166,23067,1674,1812,5331,4,50,False
2026-03-09 22:36:31,https://www.bilibili.com/video/BV12G6nBKEWZ/?spm_id_from=333.1387.favlist.content.click&vd_source=6376e07ec49eec7d49dd941ef312f95d,BV12G6nBKEWZ,【lovely｜张函瑞】四机位4K精剪直拍（含字幕）,Karmaismycat,3546943494031804,2026-01-31 23:04:42,562419,25047,24170,23070,1674,1812,5331,5,49,False
2026-03-09 23:36:46,https://www.bilibili.com/video/BV12G6nBKEWZ/?spm_id_from=333.1387.favlist.content.click&vd_source=6376e07ec49eec7d49dd941ef312f95d,BV12G6nBKEWZ,【lovely｜张函瑞】四机位4K精剪直拍（含字幕）,Karmaismycat,3546943494031804,2026-01-31 23:04:42,562454,25051,24172,23070,1674,1812,5332,7,35,False
2026-03-09 00:31:07,https://www.bilibili.com/video/BV1Wg6tBDEH2/?spm_id_from=333.1387.favlist.content.click&vd_source=6376e07ec49eec7d49dd941ef312f95d,BV1Wg6tBDEH2,【太阳与地球｜张函瑞】三机位4K精剪直拍（含字幕）,Karmaismycat,3546943494031804,2026-02-01 15:31:30,486128,23463,20164,21503,1174,1237,3182,3,0,False
2026-03-09 01:31:21,https://www.bilibili.com/video/BV1Wg6tBDEH2/?spm_id_from=333.1387.favlist.content.click&vd_source=6376e07ec49eec7d49dd941ef312f95d,BV1Wg6tBDEH2,【太阳与地球｜张函瑞】三机位4K精剪直拍（含字幕）,Karmaismycat,3546943494031804,2026-02-01 15:31:30,486144,23463,20164,21504,1175,1237,3182,3,16,False
2026-03-09 02:31:35,https://www.bilibili.com/video/BV1Wg6tBDEH2/?spm_id_from=333.1387.favlist.content.click&vd_source=6376e07ec49eec7d49dd941ef312f95d,BV1Wg6tBDEH2,【太阳与地球｜张函瑞】三机位4K精剪直拍（含字幕）,Karmaismycat,3546943494031804,2026-02-01 15:31:30,486155,23463,20166,21504,1175,1237,3182,2,11,False
2026-03-09 03:31:49,https://www.bilibili.com/video/BV1Wg6tBDEH2/?spm_id_from=333.1387.favlist.content.click&vd_source=6376e07ec49eec7d49dd941ef312f95d,BV1Wg6tBDEH2,【太阳与地球｜张函瑞】三机位4K精剪直拍（含字幕）,Karmaismycat,3546943494031804,2026-02-01 15:31:30,486165,23464,20168,21504,1175,1237,3182,1,10,False
2026-03-09 04:32:03,https://www.bilibili.com/video/BV1Wg6tBDEH2/?spm_id_from=333.1387.favlist.content.click&vd_source=6376e07ec49eec7d49dd941ef312f95d,BV1Wg6tBDEH2,【太阳与地球｜张函瑞】三机位4K精剪直拍（含字幕）,Karmaismycat,3546943494031804,2026-02-01 15:31:30,486168,23464,20168,21503,1175,1237,3182,2,3,False
2026-03-09 05:32:16,https://www.bilibili.com/video/BV1Wg6tBDEH2/?spm_id_from=333.1387.favlist.content.click&vd_source=6376e07ec49eec7d49dd941ef312f95d,BV1Wg6tBDEH2,【太阳与地球｜张函瑞】三机位4K精剪直拍（含字幕）,Karmaismycat,3546943494031804,2026-02-01 15:31:30,486170,23464,20168,21503,1175,1237,3182,1,2,False
2026-03-09 06:32:30,https://www.bilibili.com/video/BV1Wg6tBDEH2/?spm_id_from=333.1387.favlist.content.click&vd_source=6376e07ec49eec7d49dd941ef312f95d,BV1Wg6tBDEH2,【太阳与地球｜张函瑞】三机位4K精剪直拍（含字幕）,Karmaismycat,3546943494031804,2026-02-01 15:31:30,486174,23464,20168,21503,1175,1237,3182,2,4,False
2026-03-09 07:32:44,https://www.bilibili.com/video/BV1Wg6tBDEH2/?spm_id_from=333.1387.favlist.content.click&vd_source=6376e07ec49eec7d49dd941ef312f95d,BV1Wg6tBDEH2,【太阳与地球｜张函瑞】三机位4K精剪直拍（含字幕）,Karmaismycat,3546943494031804,2026-02-01 15:31:30,486182,23465,20168,21504,1175,1237,3182,1,8,False
2026-03-09 08:32:58,https://www.bilibili.com/video/BV1Wg6tBDEH2/?spm_id_from=333.1387.favlist.content.click&vd_source=6376e07ec49eec7d49dd941ef312f95d,BV1Wg6tBDEH2,【太阳与地球｜张函瑞】三机位4K精剪直拍（含字幕）,Karmaismycat,3546943494031804,2026-02-01 15:31:30,486193,23465,20168,21503,1175,1237,3182,1,11,False
2026-03-09 09:33:12,https://www.bilibili.com/video/BV1Wg6tBDEH2/?spm_id_from=333.1387.favlist.content.click&vd_source=6376e07ec49eec7d49dd941ef312f95d,BV1Wg6tBDEH2,【太阳与地球｜张函瑞】三机位4K精剪直拍（含字幕）,Karmaismycat,3546943494031804,2026-02-01 15:31:30,486208,23466,20169,21503,1175,1237,3182,5,15,False
2026-03-09 10:33:26,https://www.bilibili.com/video/BV1Wg6tBDEH2/?spm_id_from=333.1387.favlist.content.click&vd_source=6376e07ec49eec7d49dd941ef312f95d,BV1Wg6tBDEH2,【太阳与地球｜张函瑞】三机位4K精剪直拍（含字幕）,Karmaismycat,3546943494031804,2026-02-01 15:31:30,486224,23467,20171,21503,1175,1237,3182,3,16,False
2026-03-09 11:33:40,https://www.bilibili.com/video/BV1Wg6tBDEH2/?spm_id_from=333.1387.favlist.content.click&vd_source=6376e07ec49eec7d49dd941ef312f95d,BV1Wg6tBDEH2,【太阳与地球｜张函瑞】三机位4K精剪直拍（含字幕）,Karmaismycat,3546943494031804,2026-02-01 15:31:30,486234,23467,20171,21503,1175,1237,3182,4,10,False
2026-03-09 12:33:54,https://www.bilibili.com/video/BV1Wg6tBDEH2/?spm_id_from=333.1387.favlist.content.click&vd_source=6376e07ec49eec7d49dd941ef312f95d,BV1Wg6tBDEH2,【太阳与地球｜张函瑞】三机位4K精剪直拍（含字幕）,Karmaismycat,3546943494031804,2026-02-01 15:31:30,486252,23469,20173,21506,1175,1237,3182,4,18,False
2026-03-09 13:34:08,https://www.bilibili.com/video/BV1Wg6tBDEH2/?spm_id_from=333.1387.favlist.content.click&vd_source=6376e07ec49eec7d49dd941ef312f95d,BV1Wg6tBDEH2,【太阳与地球｜张函瑞】三机位4K精剪直拍（含字幕）,Karmaismycat,3546943494031804,2026-02-01 15:31:30,486277,23469,20173,21507,1175,1237,3182,3,25,False
2026-03-09 14:34:22,https://www.bilibili.com/video/BV1Wg6tBDEH2/?spm_id_from=333.1387.favlist.content.click&vd_source=6376e07ec49eec7d49dd941ef312f95d,BV1Wg6tBDEH2,【太阳与地球｜张函瑞】三机位4K精剪直拍（含字幕）,Karmaismycat,3546943494031804,2026-02-01 15:31:30,486294,23470,20173,21508,1175,1237,3182,2,17,False
2026-03-09 15:34:36,https://www.bilibili.com/video/BV1Wg6tBDEH2/?spm_id_from=333.1387.favlist.content.click&vd_source=6376e07ec49eec7d49dd941ef312f95d,BV1Wg6tBDEH2,【太阳与地球｜张函瑞】三机位4K精剪直拍（含字幕）,Karmaismycat,3546943494031804,2026-02-01 15:31:30,486308,23471,20173,21509,1175,1237,3182,3,14,False
2026-03-09 19:35:49,https://www.bilibili.com/video/BV1Wg6tBDEH2/?spm_id_from=333.1387.favlist.content.click&vd_source=6376e07ec49eec7d49dd941ef312f95d,BV1Wg6tBDEH2,【太阳与地球｜张函瑞】三机位4K精剪直拍（含字幕）,Karmaismycat,3546943494031804,2026-02-01 15:31:30,486395,23475,20173,21512,1177,1237,3182,6,87,False
2026-03-09 20:36:03,https://www.bilibili.com/video/BV1Wg6tBDEH2/?spm_id_from=333.1387.favlist.content.click&vd_source=6376e07ec49eec7d49dd941ef312f95d,BV1Wg6tBDEH2,【太阳与地球｜张函瑞】三机位4K精剪直拍（含字幕）,Karmaismycat,3546943494031804,2026-02-01 15:31:30,486442,23476,20175,21511,1177,1237,3183,5,47,False
2026-03-09 21:36:17,https://www.bilibili.com/video/BV1Wg6tBDEH2/?spm_id_from=333.1387.favlist.content.click&vd_source=6376e07ec49eec7d49dd941ef312f95d,BV1Wg6tBDEH2,【太阳与地球｜张函瑞】三机位4K精剪直拍（含字幕）,Karmaismycat,3546943494031804,2026-02-01 15:31:30,486501,23478,20175,21512,1177,1237,3183,4,59,False
2026-03-09 22:36:31,https://www.bilibili.com/video/BV1Wg6tBDEH2/?spm_id_from=333.1387.favlist.content.click&vd_source=6376e07ec49eec7d49dd941ef312f95d,BV1Wg6tBDEH2,【太阳与地球｜张函瑞】三机位4K精剪直拍（含字幕）,Karmaismycat,3546943494031804,2026-02-01 15:31:30,486561,23480,20177,21517,1177,1237,3183,9,60,False
2026-03-09 23:36:46,https://www.bilibili.com/video/BV1Wg6tBDEH2/?spm_id_from=333.1387.favlist.content.click&vd_source=6376e07ec49eec7d49dd941ef312f95d,BV1Wg6tBDEH2,【太阳与地球｜张函瑞】三机位4K精剪直拍（含字幕）,Karmaismycat,3546943494031804,2026-02-01 15:31:30,486603,23483,20177,21516,1178,1237,3183,4,42,False
