采集时间,输入,原始顺序,BV号,标题,UP主,上传时间,总播放量,点赞数,投币数,收藏数,转发数,评论数,弹幕数,在线人数
2026-08-16 00:00:02,https://www.bilibili.com/video/BV1EGBCBmEo8/?spm_id_from=333.1387.favlist.content.click,0,BV1EGBCBmEo8,【杨博文｜4K高清直拍】魅魔级别的《Manta》舞台，看博文如何一yeah封神,关键时刻来瓶尖叫,2025-12-27 23:15:44,1018324,12645,9903,11503,12722,1101,2417,1
2026-08-16 00:00:02,https://www.bilibili.com/video/BV1A5vkB2E1k/?spm_id_from=333.1387.favlist.content.click,1,BV1A5vkB2E1k,【杨博文】Hey Mama六机位纯舞直拍丨15岁舞台统治者的诞生，四代主舞燃炸全场！,Kismet丨杨博文,2025-12-28 22:28:16,2796360,64588,45219,47321,25036,13624,21828,10
2026-08-16 00:00:02,https://www.bilibili.com/video/BV1EQK56xEZk/?spm_id_from=333.1387.favlist.content.click,2,BV1EQK56xEZk,【杨博文｜音乐现场】｜《全世界陪我出发》4K直拍，考核第一的大C位实在太亮眼！,关键时刻来瓶尖叫,2026-07-16 20:29:02,427911,12560,3310,7425,5680,11152,8526,2
2026-08-16 00:00:02,bilibili.com/video/BV1M9ePzaELH/?spm_id_from=333.337.search-card.all.click,3,BV1M9ePzaELH,「杨博文｜卡拉永远OK」突发舞台事故？我怎么没看见,Astra_杨博文,2025-08-19 22:15:30,998531,15158,5146,10654,10727,764,707,9
2026-08-16 00:00:02,BV1s8BvBPEN5,4,BV1s8BvBPEN5,【杨博文｜4K舞台直拍】好运来祝你好运来～博文宝宝祝你新年好运来,关键时刻来瓶尖叫,2025-12-27 00:43:12,1913554,34830,16988,32293,18468,4332,4867,1
2026-08-16 00:00:02,https://www.bilibili.com/video/BV1jN64BKECs/?spm_id_from=333.337.search-card.all.click,5,BV1jN64BKECs,【杨博文｜4K直拍】跟着节奏一起《闭嘴跳舞》～,关键时刻来瓶尖叫,2026-02-01 20:20:32,1440137,26643,16063,22700,9941,2377,7181,3
2026-08-16 00:00:02,https://www.bilibili.com/video/BV1Lb6tBBEYC/?spm_id_from=333.1387.favlist.content.click&vd_source=bdf775a036c61c0159ac2f0c251aaeb7,6,BV1Lb6tBBEYC,【4K精剪】闭嘴跳舞 | 杨博文直拍 | 260201,underthepoplar,2026-02-02 00:00:55,356615,27421,14222,19304,9218,1837,3101,1
2026-08-16 00:00:02,https://www.bilibili.com/video/BV1mJ64BREZY/?spm_id_from=333.1387.favlist.content.click&vd_source=bdf775a036c61c0159ac2f0c251aaeb7,7,BV1mJ64BREZY,【杨博文】闭嘴跳舞丨当主舞穿上西装就会得到,Kismet丨杨博文,2026-02-01 18:31:00,620303,35116,4008,25446,7483,447,654,1
2026-08-16 00:00:02,https://www.bilibili.com/video/BV1XA6nBGEPV/?spm_id_from=333.1387.favlist.content.click,8,BV1XA6nBGEPV,【4K精剪】希区考克 作品152 | 杨博文直拍 | 260131,underthepoplar,2026-02-01 00:23:17,1942138,23798,22292,20038,19000,4014,6927,1
2026-08-16 00:00:02,https://www.bilibili.com/video/BV1JUK56tEh5/?spm_id_from=333.1387.favlist.content.click,9,BV1JUK56tEh5,【杨博文｜音乐现场】全程舒适！跟着标准答案出发不迷路｜《全世界陪我出发》4k横屏直拍,游园会_杨博文,2026-07-16 20:06:19,160469,8024,2378,3935,5073,1951,1799,1
2026-08-16 00:00:02,https://www.bilibili.com/video/BV1kFKG6pEPe/?spm_id_from=333.1387.favlist.content.click,10,BV1kFKG6pEPe,【杨博文】夏日运动会《全世界陪我出发》4K直拍,Eternity丨杨博文,2026-07-16 19:13:38,45069,5422,733,2939,2326,37,94,1
2026-08-16 00:00:02,BV1MGYnzrE9E,11,BV1MGYnzrE9E,杨博文跳 《Centuries》帅到窒息！！竖屏4K直拍,Kismet丨杨博文,2025-08-18 02:15:37,273681,12361,6778,7958,585,959,3381,1
2026-08-16 00:00:02,BV1TLYnzzEx9,12,BV1TLYnzzEx9,舞力全开！主舞大人爽飞全场 15岁少年「杨博文」尽情演绎《Go In Blind》,Astra_杨博文,2025-08-18 00:48:26,333938,9936,5869,8921,578,717,2604,1
2026-08-16 00:30:02,https://www.bilibili.com/video/BV1EGBCBmEo8/?spm_id_from=333.1387.favlist.content.click,0,BV1EGBCBmEo8,【杨博文｜4K高清直拍】魅魔级别的《Manta》舞台，看博文如何一yeah封神,关键时刻来瓶尖叫,2025-12-27 23:15:44,1018337,12647,9903,11504,12722,1101,2417,1
2026-08-16 00:30:02,https://www.bilibili.com/video/BV1A5vkB2E1k/?spm_id_from=333.1387.favlist.content.click,1,BV1A5vkB2E1k,【杨博文】Hey Mama六机位纯舞直拍丨15岁舞台统治者的诞生，四代主舞燃炸全场！,Kismet丨杨博文,2025-12-28 22:28:16,2796397,64592,45227,47327,25049,13624,21828,13
2026-08-16 00:30:02,https://www.bilibili.com/video/BV1EQK56xEZk/?spm_id_from=333.1387.favlist.content.click,2,BV1EQK56xEZk,【杨博文｜音乐现场】｜《全世界陪我出发》4K直拍，考核第一的大C位实在太亮眼！,关键时刻来瓶尖叫,2026-07-16 20:29:02,427934,12560,3310,7427,5680,11152,8526,1
2026-08-16 00:30:02,bilibili.com/video/BV1M9ePzaELH/?spm_id_from=333.337.search-card.all.click,3,BV1M9ePzaELH,「杨博文｜卡拉永远OK」突发舞台事故？我怎么没看见,Astra_杨博文,2025-08-19 22:15:30,998585,15159,5147,10658,10727,764,707,10
2026-08-16 00:30:02,BV1s8BvBPEN5,4,BV1s8BvBPEN5,【杨博文｜4K舞台直拍】好运来祝你好运来～博文宝宝祝你新年好运来,关键时刻来瓶尖叫,2025-12-27 00:43:12,1913559,34831,16988,32293,18481,4332,4867,1
2026-08-16 00:30:02,https://www.bilibili.com/video/BV1jN64BKECs/?spm_id_from=333.337.search-card.all.click,5,BV1jN64BKECs,【杨博文｜4K直拍】跟着节奏一起《闭嘴跳舞》～,关键时刻来瓶尖叫,2026-02-01 20:20:32,1440152,26645,16065,22701,9953,2377,7181,1
2026-08-16 00:30:02,https://www.bilibili.com/video/BV1Lb6tBBEYC/?spm_id_from=333.1387.favlist.content.click&vd_source=bdf775a036c61c0159ac2f0c251aaeb7,6,BV1Lb6tBBEYC,【4K精剪】闭嘴跳舞 | 杨博文直拍 | 260201,underthepoplar,2026-02-02 00:00:55,356622,27422,14222,19304,9230,1837,3101,1
2026-08-16 00:30:02,https://www.bilibili.com/video/BV1mJ64BREZY/?spm_id_from=333.1387.favlist.content.click&vd_source=bdf775a036c61c0159ac2f0c251aaeb7,7,BV1mJ64BREZY,【杨博文】闭嘴跳舞丨当主舞穿上西装就会得到,Kismet丨杨博文,2026-02-01 18:31:00,620304,35116,4008,25446,7496,447,654,1
2026-08-16 00:30:02,https://www.bilibili.com/video/BV1XA6nBGEPV/?spm_id_from=333.1387.favlist.content.click,8,BV1XA6nBGEPV,【4K精剪】希区考克 作品152 | 杨博文直拍 | 260131,underthepoplar,2026-02-01 00:23:17,1942152,23801,22294,20039,19000,4014,6927,1
2026-08-16 00:30:02,https://www.bilibili.com/video/BV1JUK56tEh5/?spm_id_from=333.1387.favlist.content.click,9,BV1JUK56tEh5,【杨博文｜音乐现场】全程舒适！跟着标准答案出发不迷路｜《全世界陪我出发》4k横屏直拍,游园会_杨博文,2026-07-16 20:06:19,160474,8025,2378,3935,5073,1951,1799,1
2026-08-16 00:30:02,https://www.bilibili.com/video/BV1kFKG6pEPe/?spm_id_from=333.1387.favlist.content.click,10,BV1kFKG6pEPe,【杨博文】夏日运动会《全世界陪我出发》4K直拍,Eternity丨杨博文,2026-07-16 19:13:38,45069,5422,733,2939,2326,37,94,1
2026-08-16 00:30:02,BV1MGYnzrE9E,11,BV1MGYnzrE9E,杨博文跳 《Centuries》帅到窒息！！竖屏4K直拍,Kismet丨杨博文,2025-08-18 02:15:37,273681,12361,6778,7957,585,959,3381,1
2026-08-16 00:30:02,BV1TLYnzzEx9,12,BV1TLYnzzEx9,舞力全开！主舞大人爽飞全场 15岁少年「杨博文」尽情演绎《Go In Blind》,Astra_杨博文,2025-08-18 00:48:26,333938,9937,5869,8920,578,717,2604,1
2026-08-16 01:00:03,https://www.bilibili.com/video/BV1EGBCBmEo8/?spm_id_from=333.1387.favlist.content.click,0,BV1EGBCBmEo8,【杨博文｜4K高清直拍】魅魔级别的《Manta》舞台，看博文如何一yeah封神,关键时刻来瓶尖叫,2025-12-27 23:15:44,1018347,12648,9903,11506,12722,1101,2417,1
2026-08-16 01:00:03,https://www.bilibili.com/video/BV1A5vkB2E1k/?spm_id_from=333.1387.favlist.content.click,1,BV1A5vkB2E1k,【杨博文】Hey Mama六机位纯舞直拍丨15岁舞台统治者的诞生，四代主舞燃炸全场！,Kismet丨杨博文,2025-12-28 22:28:16,2796433,64597,45229,47333,25056,13624,21828,11
2026-08-16 01:00:03,https://www.bilibili.com/video/BV1EQK56xEZk/?spm_id_from=333.1387.favlist.content.click,2,BV1EQK56xEZk,【杨博文｜音乐现场】｜《全世界陪我出发》4K直拍，考核第一的大C位实在太亮眼！,关键时刻来瓶尖叫,2026-07-16 20:29:02,427948,12563,3310,7430,5680,11152,8526,1
2026-08-16 01:00:03,bilibili.com/video/BV1M9ePzaELH/?spm_id_from=333.337.search-card.all.click,3,BV1M9ePzaELH,「杨博文｜卡拉永远OK」突发舞台事故？我怎么没看见,Astra_杨博文,2025-08-19 22:15:30,998649,15161,5147,10659,10727,766,707,7
2026-08-16 01:00:03,BV1s8BvBPEN5,4,BV1s8BvBPEN5,【杨博文｜4K舞台直拍】好运来祝你好运来～博文宝宝祝你新年好运来,关键时刻来瓶尖叫,2025-12-27 00:43:12,1913568,34833,16990,32296,18489,4332,4867,1
2026-08-16 01:00:03,https://www.bilibili.com/video/BV1jN64BKECs/?spm_id_from=333.337.search-card.all.click,5,BV1jN64BKECs,【杨博文｜4K直拍】跟着节奏一起《闭嘴跳舞》～,关键时刻来瓶尖叫,2026-02-01 20:20:32,1440156,26647,16065,22703,9961,2377,7181,1
2026-08-16 01:00:03,https://www.bilibili.com/video/BV1Lb6tBBEYC/?spm_id_from=333.1387.favlist.content.click&vd_source=bdf775a036c61c0159ac2f0c251aaeb7,6,BV1Lb6tBBEYC,【4K精剪】闭嘴跳舞 | 杨博文直拍 | 260201,underthepoplar,2026-02-02 00:00:55,356630,27424,14222,19306,9239,1837,3101,1
2026-08-16 01:00:03,https://www.bilibili.com/video/BV1mJ64BREZY/?spm_id_from=333.1387.favlist.content.click&vd_source=bdf775a036c61c0159ac2f0c251aaeb7,7,BV1mJ64BREZY,【杨博文】闭嘴跳舞丨当主舞穿上西装就会得到,Kismet丨杨博文,2026-02-01 18:31:00,620308,35117,4008,25448,7504,447,654,1
2026-08-16 01:00:03,https://www.bilibili.com/video/BV1XA6nBGEPV/?spm_id_from=333.1387.favlist.content.click,8,BV1XA6nBGEPV,【4K精剪】希区考克 作品152 | 杨博文直拍 | 260131,underthepoplar,2026-02-01 00:23:17,1942167,23802,22296,20042,19000,4014,6927,1
2026-08-16 01:00:03,https://www.bilibili.com/video/BV1JUK56tEh5/?spm_id_from=333.1387.favlist.content.click,9,BV1JUK56tEh5,【杨博文｜音乐现场】全程舒适！跟着标准答案出发不迷路｜《全世界陪我出发》4k横屏直拍,游园会_杨博文,2026-07-16 20:06:19,160479,8026,2378,3937,5073,1951,1799,1
2026-08-16 01:00:03,https://www.bilibili.com/video/BV1kFKG6pEPe/?spm_id_from=333.1387.favlist.content.click,10,BV1kFKG6pEPe,【杨博文】夏日运动会《全世界陪我出发》4K直拍,Eternity丨杨博文,2026-07-16 19:13:38,45069,5422,733,2939,2326,37,94,1
2026-08-16 01:00:03,BV1MGYnzrE9E,11,BV1MGYnzrE9E,杨博文跳 《Centuries》帅到窒息！！竖屏4K直拍,Kismet丨杨博文,2025-08-18 02:15:37,273682,12362,6780,7957,585,959,3381,1
2026-08-16 01:00:03,BV1TLYnzzEx9,12,BV1TLYnzzEx9,舞力全开！主舞大人爽飞全场 15岁少年「杨博文」尽情演绎《Go In Blind》,Astra_杨博文,2025-08-18 00:48:26,333938,9936,5869,8919,578,717,2604,1
2026-08-16 01:30:04,https://www.bilibili.com/video/BV1EGBCBmEo8/?spm_id_from=333.1387.favlist.content.click,0,BV1EGBCBmEo8,【杨博文｜4K高清直拍】魅魔级别的《Manta》舞台，看博文如何一yeah封神,关键时刻来瓶尖叫,2025-12-27 23:15:44,1018356,12650,9905,11506,12722,1101,2417,1
2026-08-16 01:30:04,https://www.bilibili.com/video/BV1A5vkB2E1k/?spm_id_from=333.1387.favlist.content.click,1,BV1A5vkB2E1k,【杨博文】Hey Mama六机位纯舞直拍丨15岁舞台统治者的诞生，四代主舞燃炸全场！,Kismet丨杨博文,2025-12-28 22:28:16,2796478,64603,45233,47335,25056,13624,21828,12
2026-08-16 01:30:04,https://www.bilibili.com/video/BV1EQK56xEZk/?spm_id_from=333.1387.favlist.content.click,2,BV1EQK56xEZk,【杨博文｜音乐现场】｜《全世界陪我出发》4K直拍，考核第一的大C位实在太亮眼！,关键时刻来瓶尖叫,2026-07-16 20:29:02,427965,12565,3310,7430,5680,11152,8526,1
2026-08-16 01:30:04,bilibili.com/video/BV1M9ePzaELH/?spm_id_from=333.337.search-card.all.click,3,BV1M9ePzaELH,「杨博文｜卡拉永远OK」突发舞台事故？我怎么没看见,Astra_杨博文,2025-08-19 22:15:30,998722,15164,5153,10662,10728,766,707,10
2026-08-16 01:30:04,BV1s8BvBPEN5,4,BV1s8BvBPEN5,【杨博文｜4K舞台直拍】好运来祝你好运来～博文宝宝祝你新年好运来,关键时刻来瓶尖叫,2025-12-27 00:43:12,1913574,34835,16990,32294,18489,4332,4867,1
2026-08-16 01:30:04,https://www.bilibili.com/video/BV1jN64BKECs/?spm_id_from=333.337.search-card.all.click,5,BV1jN64BKECs,【杨博文｜4K直拍】跟着节奏一起《闭嘴跳舞》～,关键时刻来瓶尖叫,2026-02-01 20:20:32,1440173,26648,16067,22704,9961,2377,7181,1
2026-08-16 01:30:04,https://www.bilibili.com/video/BV1Lb6tBBEYC/?spm_id_from=333.1387.favlist.content.click&vd_source=bdf775a036c61c0159ac2f0c251aaeb7,6,BV1Lb6tBBEYC,【4K精剪】闭嘴跳舞 | 杨博文直拍 | 260201,underthepoplar,2026-02-02 00:00:55,356640,27425,14224,19306,9239,1837,3101,1
2026-08-16 01:30:04,https://www.bilibili.com/video/BV1mJ64BREZY/?spm_id_from=333.1387.favlist.content.click&vd_source=bdf775a036c61c0159ac2f0c251aaeb7,7,BV1mJ64BREZY,【杨博文】闭嘴跳舞丨当主舞穿上西装就会得到,Kismet丨杨博文,2026-02-01 18:31:00,620314,35117,4008,25449,7504,447,654,1
2026-08-16 01:30:04,https://www.bilibili.com/video/BV1XA6nBGEPV/?spm_id_from=333.1387.favlist.content.click,8,BV1XA6nBGEPV,【4K精剪】希区考克 作品152 | 杨博文直拍 | 260131,underthepoplar,2026-02-01 00:23:17,1942187,23806,22296,20042,19000,4014,6927,2
2026-08-16 01:30:04,https://www.bilibili.com/video/BV1JUK56tEh5/?spm_id_from=333.1387.favlist.content.click,9,BV1JUK56tEh5,【杨博文｜音乐现场】全程舒适！跟着标准答案出发不迷路｜《全世界陪我出发》4k横屏直拍,游园会_杨博文,2026-07-16 20:06:19,160483,8027,2378,3937,5073,1951,1799,1
2026-08-16 01:30:04,https://www.bilibili.com/video/BV1kFKG6pEPe/?spm_id_from=333.1387.favlist.content.click,10,BV1kFKG6pEPe,【杨博文】夏日运动会《全世界陪我出发》4K直拍,Eternity丨杨博文,2026-07-16 19:13:38,45069,5422,733,2939,2326,37,94,1
2026-08-16 01:30:04,BV1MGYnzrE9E,11,BV1MGYnzrE9E,杨博文跳 《Centuries》帅到窒息！！竖屏4K直拍,Kismet丨杨博文,2025-08-18 02:15:37,273683,12363,6780,7956,585,959,3381,1
2026-08-16 01:30:04,BV1TLYnzzEx9,12,BV1TLYnzzEx9,舞力全开！主舞大人爽飞全场 15岁少年「杨博文」尽情演绎《Go In Blind》,Astra_杨博文,2025-08-18 00:48:26,333939,9938,5869,8919,578,717,2604,1
2026-08-16 02:00:04,https://www.bilibili.com/video/BV1EGBCBmEo8/?spm_id_from=333.1387.favlist.content.click,0,BV1EGBCBmEo8,【杨博文｜4K高清直拍】魅魔级别的《Manta》舞台，看博文如何一yeah封神,关键时刻来瓶尖叫,2025-12-27 23:15:44,1018362,12651,9905,11506,12722,1101,2417,1
2026-08-16 02:00:04,https://www.bilibili.com/video/BV1A5vkB2E1k/?spm_id_from=333.1387.favlist.content.click,1,BV1A5vkB2E1k,【杨博文】Hey Mama六机位纯舞直拍丨15岁舞台统治者的诞生，四代主舞燃炸全场！,Kismet丨杨博文,2025-12-28 22:28:16,2796519,64603,45237,47338,25056,13624,21830,14
2026-08-16 02:00:04,https://www.bilibili.com/video/BV1EQK56xEZk/?spm_id_from=333.1387.favlist.content.click,2,BV1EQK56xEZk,【杨博文｜音乐现场】｜《全世界陪我出发》4K直拍，考核第一的大C位实在太亮眼！,关键时刻来瓶尖叫,2026-07-16 20:29:02,427979,12566,3313,7431,5680,11152,8526,1
2026-08-16 02:00:04,bilibili.com/video/BV1M9ePzaELH/?spm_id_from=333.337.search-card.all.click,3,BV1M9ePzaELH,「杨博文｜卡拉永远OK」突发舞台事故？我怎么没看见,Astra_杨博文,2025-08-19 22:15:30,998797,15164,5153,10662,10728,766,707,12
2026-08-16 02:00:04,BV1s8BvBPEN5,4,BV1s8BvBPEN5,【杨博文｜4K舞台直拍】好运来祝你好运来～博文宝宝祝你新年好运来,关键时刻来瓶尖叫,2025-12-27 00:43:12,1913582,34836,16994,32295,18489,4332,4867,1
2026-08-16 02:00:04,https://www.bilibili.com/video/BV1jN64BKECs/?spm_id_from=333.337.search-card.all.click,5,BV1jN64BKECs,【杨博文｜4K直拍】跟着节奏一起《闭嘴跳舞》～,关键时刻来瓶尖叫,2026-02-01 20:20:32,1440181,26651,16069,22706,9961,2377,7181,1
2026-08-16 02:00:04,https://www.bilibili.com/video/BV1Lb6tBBEYC/?spm_id_from=333.1387.favlist.content.click&vd_source=bdf775a036c61c0159ac2f0c251aaeb7,6,BV1Lb6tBBEYC,【4K精剪】闭嘴跳舞 | 杨博文直拍 | 260201,underthepoplar,2026-02-02 00:00:55,356650,27426,14224,19307,9239,1837,3101,1
2026-08-16 02:00:04,https://www.bilibili.com/video/BV1mJ64BREZY/?spm_id_from=333.1387.favlist.content.click&vd_source=bdf775a036c61c0159ac2f0c251aaeb7,7,BV1mJ64BREZY,【杨博文】闭嘴跳舞丨当主舞穿上西装就会得到,Kismet丨杨博文,2026-02-01 18:31:00,620320,35117,4008,25448,7504,447,654,1
2026-08-16 02:00:04,https://www.bilibili.com/video/BV1XA6nBGEPV/?spm_id_from=333.1387.favlist.content.click,8,BV1XA6nBGEPV,【4K精剪】希区考克 作品152 | 杨博文直拍 | 260131,underthepoplar,2026-02-01 00:23:17,1942207,23808,22298,20042,19001,4014,6927,1
2026-08-16 02:00:04,https://www.bilibili.com/video/BV1JUK56tEh5/?spm_id_from=333.1387.favlist.content.click,9,BV1JUK56tEh5,【杨博文｜音乐现场】全程舒适！跟着标准答案出发不迷路｜《全世界陪我出发》4k横屏直拍,游园会_杨博文,2026-07-16 20:06:19,160484,8027,2378,3937,5073,1951,1799,1
2026-08-16 02:00:04,https://www.bilibili.com/video/BV1kFKG6pEPe/?spm_id_from=333.1387.favlist.content.click,10,BV1kFKG6pEPe,【杨博文】夏日运动会《全世界陪我出发》4K直拍,Eternity丨杨博文,2026-07-16 19:13:38,45069,5422,733,2939,2326,37,94,1
2026-08-16 02:00:04,BV1MGYnzrE9E,11,BV1MGYnzrE9E,杨博文跳 《Centuries》帅到窒息！！竖屏4K直拍,Kismet丨杨博文,2025-08-18 02:15:37,273683,12363,6780,7956,585,959,3381,1
2026-08-16 02:00:04,BV1TLYnzzEx9,12,BV1TLYnzzEx9,舞力全开！主舞大人爽飞全场 15岁少年「杨博文」尽情演绎《Go In Blind》,Astra_杨博文,2025-08-18 00:48:26,333939,9938,5869,8919,578,717,2604,1
2026-08-16 02:30:06,https://www.bilibili.com/video/BV1EGBCBmEo8/?spm_id_from=333.1387.favlist.content.click,0,BV1EGBCBmEo8,【杨博文｜4K高清直拍】魅魔级别的《Manta》舞台，看博文如何一yeah封神,关键时刻来瓶尖叫,2025-12-27 23:15:44,1018370,12651,9905,11506,12722,1101,2417,1
2026-08-16 02:30:06,https://www.bilibili.com/video/BV1A5vkB2E1k/?spm_id_from=333.1387.favlist.content.click,1,BV1A5vkB2E1k,【杨博文】Hey Mama六机位纯舞直拍丨15岁舞台统治者的诞生，四代主舞燃炸全场！,Kismet丨杨博文,2025-12-28 22:28:16,2796559,64609,45244,47344,25062,13624,21830,10
2026-08-16 02:30:06,https://www.bilibili.com/video/BV1EQK56xEZk/?spm_id_from=333.1387.favlist.content.click,2,BV1EQK56xEZk,【杨博文｜音乐现场】｜《全世界陪我出发》4K直拍，考核第一的大C位实在太亮眼！,关键时刻来瓶尖叫,2026-07-16 20:29:02,427993,12567,3317,7434,5680,11152,8526,1
2026-08-16 02:30:06,bilibili.com/video/BV1M9ePzaELH/?spm_id_from=333.337.search-card.all.click,3,BV1M9ePzaELH,「杨博文｜卡拉永远OK」突发舞台事故？我怎么没看见,Astra_杨博文,2025-08-19 22:15:30,998869,15166,5155,10662,10728,766,707,7
2026-08-16 02:30:06,BV1s8BvBPEN5,4,BV1s8BvBPEN5,【杨博文｜4K舞台直拍】好运来祝你好运来～博文宝宝祝你新年好运来,关键时刻来瓶尖叫,2025-12-27 00:43:12,1913584,34836,16994,32295,18494,4332,4867,1
2026-08-16 02:30:06,https://www.bilibili.com/video/BV1jN64BKECs/?spm_id_from=333.337.search-card.all.click,5,BV1jN64BKECs,【杨博文｜4K直拍】跟着节奏一起《闭嘴跳舞》～,关键时刻来瓶尖叫,2026-02-01 20:20:32,1440184,26651,16071,22705,9966,2377,7181,1
2026-08-16 02:30:06,https://www.bilibili.com/video/BV1Lb6tBBEYC/?spm_id_from=333.1387.favlist.content.click&vd_source=bdf775a036c61c0159ac2f0c251aaeb7,6,BV1Lb6tBBEYC,【4K精剪】闭嘴跳舞 | 杨博文直拍 | 260201,underthepoplar,2026-02-02 00:00:55,356659,27430,14226,19307,9243,1837,3101,2
2026-08-16 02:30:06,https://www.bilibili.com/video/BV1mJ64BREZY/?spm_id_from=333.1387.favlist.content.click&vd_source=bdf775a036c61c0159ac2f0c251aaeb7,7,BV1mJ64BREZY,【杨博文】闭嘴跳舞丨当主舞穿上西装就会得到,Kismet丨杨博文,2026-02-01 18:31:00,620327,35117,4008,25448,7509,447,654,1
2026-08-16 02:30:06,https://www.bilibili.com/video/BV1XA6nBGEPV/?spm_id_from=333.1387.favlist.content.click,8,BV1XA6nBGEPV,【4K精剪】希区考克 作品152 | 杨博文直拍 | 260131,underthepoplar,2026-02-01 00:23:17,1942218,23808,22298,20040,19001,4014,6927,1
2026-08-16 02:30:06,https://www.bilibili.com/video/BV1JUK56tEh5/?spm_id_from=333.1387.favlist.content.click,9,BV1JUK56tEh5,【杨博文｜音乐现场】全程舒适！跟着标准答案出发不迷路｜《全世界陪我出发》4k横屏直拍,游园会_杨博文,2026-07-16 20:06:19,160484,8027,2378,3937,5073,1951,1799,1
2026-08-16 02:30:06,https://www.bilibili.com/video/BV1kFKG6pEPe/?spm_id_from=333.1387.favlist.content.click,10,BV1kFKG6pEPe,【杨博文】夏日运动会《全世界陪我出发》4K直拍,Eternity丨杨博文,2026-07-16 19:13:38,45070,5422,733,2939,2326,37,94,1
2026-08-16 02:30:06,BV1MGYnzrE9E,11,BV1MGYnzrE9E,杨博文跳 《Centuries》帅到窒息！！竖屏4K直拍,Kismet丨杨博文,2025-08-18 02:15:37,273683,12363,6780,7956,585,959,3381,1
2026-08-16 02:30:06,BV1TLYnzzEx9,12,BV1TLYnzzEx9,舞力全开！主舞大人爽飞全场 15岁少年「杨博文」尽情演绎《Go In Blind》,Astra_杨博文,2025-08-18 00:48:26,333939,9938,5869,8919,578,717,2604,1
2026-08-16 03:00:05,https://www.bilibili.com/video/BV1EGBCBmEo8/?spm_id_from=333.1387.favlist.content.click,0,BV1EGBCBmEo8,【杨博文｜4K高清直拍】魅魔级别的《Manta》舞台，看博文如何一yeah封神,关键时刻来瓶尖叫,2025-12-27 23:15:44,1018379,12651,9905,11506,12722,1101,2417,1
2026-08-16 03:00:05,https://www.bilibili.com/video/BV1A5vkB2E1k/?spm_id_from=333.1387.favlist.content.click,1,BV1A5vkB2E1k,【杨博文】Hey Mama六机位纯舞直拍丨15岁舞台统治者的诞生，四代主舞燃炸全场！,Kismet丨杨博文,2025-12-28 22:28:16,2796578,64609,45244,47347,25067,13624,21830,13
2026-08-16 03:00:05,https://www.bilibili.com/video/BV1EQK56xEZk/?spm_id_from=333.1387.favlist.content.click,2,BV1EQK56xEZk,【杨博文｜音乐现场】｜《全世界陪我出发》4K直拍，考核第一的大C位实在太亮眼！,关键时刻来瓶尖叫,2026-07-16 20:29:02,428008,12568,3317,7432,5680,11152,8526,1
2026-08-16 03:00:05,bilibili.com/video/BV1M9ePzaELH/?spm_id_from=333.337.search-card.all.click,3,BV1M9ePzaELH,「杨博文｜卡拉永远OK」突发舞台事故？我怎么没看见,Astra_杨博文,2025-08-19 22:15:30,998947,15167,5155,10662,10728,766,707,8
2026-08-16 03:00:05,BV1s8BvBPEN5,4,BV1s8BvBPEN5,【杨博文｜4K舞台直拍】好运来祝你好运来～博文宝宝祝你新年好运来,关键时刻来瓶尖叫,2025-12-27 00:43:12,1913587,34836,16996,32295,18499,4332,4867,1
2026-08-16 03:00:05,https://www.bilibili.com/video/BV1jN64BKECs/?spm_id_from=333.337.search-card.all.click,5,BV1jN64BKECs,【杨博文｜4K直拍】跟着节奏一起《闭嘴跳舞》～,关键时刻来瓶尖叫,2026-02-01 20:20:32,1440194,26651,16071,22705,9971,2377,7181,1
2026-08-16 03:00:05,https://www.bilibili.com/video/BV1Lb6tBBEYC/?spm_id_from=333.1387.favlist.content.click&vd_source=bdf775a036c61c0159ac2f0c251aaeb7,6,BV1Lb6tBBEYC,【4K精剪】闭嘴跳舞 | 杨博文直拍 | 260201,underthepoplar,2026-02-02 00:00:55,356668,27431,14226,19307,9249,1837,3101,1
2026-08-16 03:00:05,https://www.bilibili.com/video/BV1mJ64BREZY/?spm_id_from=333.1387.favlist.content.click&vd_source=bdf775a036c61c0159ac2f0c251aaeb7,7,BV1mJ64BREZY,【杨博文】闭嘴跳舞丨当主舞穿上西装就会得到,Kismet丨杨博文,2026-02-01 18:31:00,620333,35117,4008,25448,7514,447,654,1
2026-08-16 03:00:05,https://www.bilibili.com/video/BV1XA6nBGEPV/?spm_id_from=333.1387.favlist.content.click,8,BV1XA6nBGEPV,【4K精剪】希区考克 作品152 | 杨博文直拍 | 260131,underthepoplar,2026-02-01 00:23:17,1942229,23809,22298,20040,19001,4014,6927,1
2026-08-16 03:00:05,https://www.bilibili.com/video/BV1JUK56tEh5/?spm_id_from=333.1387.favlist.content.click,9,BV1JUK56tEh5,【杨博文｜音乐现场】全程舒适！跟着标准答案出发不迷路｜《全世界陪我出发》4k横屏直拍,游园会_杨博文,2026-07-16 20:06:19,160486,8028,2378,3937,5073,1951,1799,1
2026-08-16 03:00:05,https://www.bilibili.com/video/BV1kFKG6pEPe/?spm_id_from=333.1387.favlist.content.click,10,BV1kFKG6pEPe,【杨博文】夏日运动会《全世界陪我出发》4K直拍,Eternity丨杨博文,2026-07-16 19:13:38,45071,5422,733,2939,2326,37,94,1
2026-08-16 03:00:05,BV1MGYnzrE9E,11,BV1MGYnzrE9E,杨博文跳 《Centuries》帅到窒息！！竖屏4K直拍,Kismet丨杨博文,2025-08-18 02:15:37,273687,12363,6780,7956,585,959,3381,1
2026-08-16 03:00:05,BV1TLYnzzEx9,12,BV1TLYnzzEx9,舞力全开！主舞大人爽飞全场 15岁少年「杨博文」尽情演绎《Go In Blind》,Astra_杨博文,2025-08-18 00:48:26,333939,9938,5869,8919,578,717,2604,1
2026-08-16 03:30:04,https://www.bilibili.com/video/BV1EGBCBmEo8/?spm_id_from=333.1387.favlist.content.click,0,BV1EGBCBmEo8,【杨博文｜4K高清直拍】魅魔级别的《Manta》舞台，看博文如何一yeah封神,关键时刻来瓶尖叫,2025-12-27 23:15:44,1018381,12651,9905,11506,12722,1101,2417,1
2026-08-16 03:30:04,https://www.bilibili.com/video/BV1A5vkB2E1k/?spm_id_from=333.1387.favlist.content.click,1,BV1A5vkB2E1k,【杨博文】Hey Mama六机位纯舞直拍丨15岁舞台统治者的诞生，四代主舞燃炸全场！,Kismet丨杨博文,2025-12-28 22:28:16,2796596,64610,45246,47348,25071,13624,21830,3
2026-08-16 03:30:04,https://www.bilibili.com/video/BV1EQK56xEZk/?spm_id_from=333.1387.favlist.content.click,2,BV1EQK56xEZk,【杨博文｜音乐现场】｜《全世界陪我出发》4K直拍，考核第一的大C位实在太亮眼！,关键时刻来瓶尖叫,2026-07-16 20:29:02,428016,12569,3317,7432,5680,11152,8526,1
2026-08-16 03:30:04,bilibili.com/video/BV1M9ePzaELH/?spm_id_from=333.337.search-card.all.click,3,BV1M9ePzaELH,「杨博文｜卡拉永远OK」突发舞台事故？我怎么没看见,Astra_杨博文,2025-08-19 22:15:30,999010,15167,5155,10662,10728,767,707,5
2026-08-16 03:30:04,BV1s8BvBPEN5,4,BV1s8BvBPEN5,【杨博文｜4K舞台直拍】好运来祝你好运来～博文宝宝祝你新年好运来,关键时刻来瓶尖叫,2025-12-27 00:43:12,1913589,34836,16996,32295,18503,4332,4867,1
2026-08-16 03:30:04,https://www.bilibili.com/video/BV1jN64BKECs/?spm_id_from=333.337.search-card.all.click,5,BV1jN64BKECs,【杨博文｜4K直拍】跟着节奏一起《闭嘴跳舞》～,关键时刻来瓶尖叫,2026-02-01 20:20:32,1440198,26652,16071,22705,9975,2377,7181,1
2026-08-16 03:30:04,https://www.bilibili.com/video/BV1Lb6tBBEYC/?spm_id_from=333.1387.favlist.content.click&vd_source=bdf775a036c61c0159ac2f0c251aaeb7,6,BV1Lb6tBBEYC,【4K精剪】闭嘴跳舞 | 杨博文直拍 | 260201,underthepoplar,2026-02-02 00:00:55,356672,27431,14226,19307,9253,1837,3101,1
2026-08-16 03:30:04,https://www.bilibili.com/video/BV1mJ64BREZY/?spm_id_from=333.1387.favlist.content.click&vd_source=bdf775a036c61c0159ac2f0c251aaeb7,7,BV1mJ64BREZY,【杨博文】闭嘴跳舞丨当主舞穿上西装就会得到,Kismet丨杨博文,2026-02-01 18:31:00,620339,35117,4008,25448,7518,447,654,1
2026-08-16 03:30:04,https://www.bilibili.com/video/BV1XA6nBGEPV/?spm_id_from=333.1387.favlist.content.click,8,BV1XA6nBGEPV,【4K精剪】希区考克 作品152 | 杨博文直拍 | 260131,underthepoplar,2026-02-01 00:23:17,1942235,23809,22300,20040,19001,4014,6927,1
2026-08-16 03:30:04,https://www.bilibili.com/video/BV1JUK56tEh5/?spm_id_from=333.1387.favlist.content.click,9,BV1JUK56tEh5,【杨博文｜音乐现场】全程舒适！跟着标准答案出发不迷路｜《全世界陪我出发》4k横屏直拍,游园会_杨博文,2026-07-16 20:06:19,160486,8028,2378,3937,5073,1951,1799,1
2026-08-16 03:30:04,https://www.bilibili.com/video/BV1kFKG6pEPe/?spm_id_from=333.1387.favlist.content.click,10,BV1kFKG6pEPe,【杨博文】夏日运动会《全世界陪我出发》4K直拍,Eternity丨杨博文,2026-07-16 19:13:38,45072,5422,733,2939,2326,37,94,1
2026-08-16 03:30:04,BV1MGYnzrE9E,11,BV1MGYnzrE9E,杨博文跳 《Centuries》帅到窒息！！竖屏4K直拍,Kismet丨杨博文,2025-08-18 02:15:37,273688,12363,6780,7956,585,959,3381,1
2026-08-16 03:30:04,BV1TLYnzzEx9,12,BV1TLYnzzEx9,舞力全开！主舞大人爽飞全场 15岁少年「杨博文」尽情演绎《Go In Blind》,Astra_杨博文,2025-08-18 00:48:26,333939,9938,5869,8919,578,717,2604,1
2026-08-16 04:00:05,https://www.bilibili.com/video/BV1EGBCBmEo8/?spm_id_from=333.1387.favlist.content.click,0,BV1EGBCBmEo8,【杨博文｜4K高清直拍】魅魔级别的《Manta》舞台，看博文如何一yeah封神,关键时刻来瓶尖叫,2025-12-27 23:15:44,1018386,12652,9907,11507,12722,1101,2417,1
2026-08-16 04:00:05,https://www.bilibili.com/video/BV1A5vkB2E1k/?spm_id_from=333.1387.favlist.content.click,1,BV1A5vkB2E1k,【杨博文】Hey Mama六机位纯舞直拍丨15岁舞台统治者的诞生，四代主舞燃炸全场！,Kismet丨杨博文,2025-12-28 22:28:16,2796619,64611,45248,47349,25071,13624,21833,12
2026-08-16 04:00:05,https://www.bilibili.com/video/BV1EQK56xEZk/?spm_id_from=333.1387.favlist.content.click,2,BV1EQK56xEZk,【杨博文｜音乐现场】｜《全世界陪我出发》4K直拍，考核第一的大C位实在太亮眼！,关键时刻来瓶尖叫,2026-07-16 20:29:02,428024,12570,3317,7434,5680,11152,8526,1
2026-08-16 04:00:05,bilibili.com/video/BV1M9ePzaELH/?spm_id_from=333.337.search-card.all.click,3,BV1M9ePzaELH,「杨博文｜卡拉永远OK」突发舞台事故？我怎么没看见,Astra_杨博文,2025-08-19 22:15:30,999077,15168,5155,10663,10728,767,707,9
2026-08-16 04:00:05,BV1s8BvBPEN5,4,BV1s8BvBPEN5,【杨博文｜4K舞台直拍】好运来祝你好运来～博文宝宝祝你新年好运来,关键时刻来瓶尖叫,2025-12-27 00:43:12,1913595,34837,16998,32296,18503,4332,4867,1
2026-08-16 04:00:05,https://www.bilibili.com/video/BV1jN64BKECs/?spm_id_from=333.337.search-card.all.click,5,BV1jN64BKECs,【杨博文｜4K直拍】跟着节奏一起《闭嘴跳舞》～,关键时刻来瓶尖叫,2026-02-01 20:20:32,1440203,26655,16075,22707,9976,2377,7181,1
2026-08-16 04:00:05,https://www.bilibili.com/video/BV1Lb6tBBEYC/?spm_id_from=333.1387.favlist.content.click&vd_source=bdf775a036c61c0159ac2f0c251aaeb7,6,BV1Lb6tBBEYC,【4K精剪】闭嘴跳舞 | 杨博文直拍 | 260201,underthepoplar,2026-02-02 00:00:55,356675,27431,14226,19307,9253,1837,3101,1
2026-08-16 04:00:05,https://www.bilibili.com/video/BV1mJ64BREZY/?spm_id_from=333.1387.favlist.content.click&vd_source=bdf775a036c61c0159ac2f0c251aaeb7,7,BV1mJ64BREZY,【杨博文】闭嘴跳舞丨当主舞穿上西装就会得到,Kismet丨杨博文,2026-02-01 18:31:00,620345,35117,4008,25448,7518,447,654,1
2026-08-16 04:00:05,https://www.bilibili.com/video/BV1XA6nBGEPV/?spm_id_from=333.1387.favlist.content.click,8,BV1XA6nBGEPV,【4K精剪】希区考克 作品152 | 杨博文直拍 | 260131,underthepoplar,2026-02-01 00:23:17,1942244,23810,22302,20041,19001,4014,6927,1
2026-08-16 04:00:05,https://www.bilibili.com/video/BV1JUK56tEh5/?spm_id_from=333.1387.favlist.content.click,9,BV1JUK56tEh5,【杨博文｜音乐现场】全程舒适！跟着标准答案出发不迷路｜《全世界陪我出发》4k横屏直拍,游园会_杨博文,2026-07-16 20:06:19,160486,8028,2378,3937,5073,1951,1799,1
2026-08-16 04:00:05,https://www.bilibili.com/video/BV1kFKG6pEPe/?spm_id_from=333.1387.favlist.content.click,10,BV1kFKG6pEPe,【杨博文】夏日运动会《全世界陪我出发》4K直拍,Eternity丨杨博文,2026-07-16 19:13:38,45072,5422,733,2939,2326,37,94,1
2026-08-16 04:00:05,BV1MGYnzrE9E,11,BV1MGYnzrE9E,杨博文跳 《Centuries》帅到窒息！！竖屏4K直拍,Kismet丨杨博文,2025-08-18 02:15:37,273688,12363,6780,7956,585,959,3381,1
2026-08-16 04:00:05,BV1TLYnzzEx9,12,BV1TLYnzzEx9,舞力全开！主舞大人爽飞全场 15岁少年「杨博文」尽情演绎《Go In Blind》,Astra_杨博文,2025-08-18 00:48:26,333939,9938,5869,8919,578,717,2604,1
2026-08-16 04:30:04,https://www.bilibili.com/video/BV1EGBCBmEo8/?spm_id_from=333.1387.favlist.content.click,0,BV1EGBCBmEo8,【杨博文｜4K高清直拍】魅魔级别的《Manta》舞台，看博文如何一yeah封神,关键时刻来瓶尖叫,2025-12-27 23:15:44,1018390,12653,9907,11508,12722,1101,2417,1
2026-08-16 04:30:04,https://www.bilibili.com/video/BV1A5vkB2E1k/?spm_id_from=333.1387.favlist.content.click,1,BV1A5vkB2E1k,【杨博文】Hey Mama六机位纯舞直拍丨15岁舞台统治者的诞生，四代主舞燃炸全场！,Kismet丨杨博文,2025-12-28 22:28:16,2796634,64611,45248,47349,25071,13624,21833,10
2026-08-16 04:30:04,https://www.bilibili.com/video/BV1EQK56xEZk/?spm_id_from=333.1387.favlist.content.click,2,BV1EQK56xEZk,【杨博文｜音乐现场】｜《全世界陪我出发》4K直拍，考核第一的大C位实在太亮眼！,关键时刻来瓶尖叫,2026-07-16 20:29:02,428033,12571,3317,7434,5680,11152,8526,1
2026-08-16 04:30:04,bilibili.com/video/BV1M9ePzaELH/?spm_id_from=333.337.search-card.all.click,3,BV1M9ePzaELH,「杨博文｜卡拉永远OK」突发舞台事故？我怎么没看见,Astra_杨博文,2025-08-19 22:15:30,999142,15168,5155,10663,10728,767,707,7
2026-08-16 04:30:04,BV1s8BvBPEN5,4,BV1s8BvBPEN5,【杨博文｜4K舞台直拍】好运来祝你好运来～博文宝宝祝你新年好运来,关键时刻来瓶尖叫,2025-12-27 00:43:12,1913596,34837,16998,32296,18503,4332,4867,1
2026-08-16 04:30:04,https://www.bilibili.com/video/BV1jN64BKECs/?spm_id_from=333.337.search-card.all.click,5,BV1jN64BKECs,【杨博文｜4K直拍】跟着节奏一起《闭嘴跳舞》～,关键时刻来瓶尖叫,2026-02-01 20:20:32,1440206,26655,16075,22707,9976,2377,7181,1
2026-08-16 04:30:04,https://www.bilibili.com/video/BV1Lb6tBBEYC/?spm_id_from=333.1387.favlist.content.click&vd_source=bdf775a036c61c0159ac2f0c251aaeb7,6,BV1Lb6tBBEYC,【4K精剪】闭嘴跳舞 | 杨博文直拍 | 260201,underthepoplar,2026-02-02 00:00:55,356678,27431,14226,19307,9253,1837,3101,1
2026-08-16 04:30:04,https://www.bilibili.com/video/BV1mJ64BREZY/?spm_id_from=333.1387.favlist.content.click&vd_source=bdf775a036c61c0159ac2f0c251aaeb7,7,BV1mJ64BREZY,【杨博文】闭嘴跳舞丨当主舞穿上西装就会得到,Kismet丨杨博文,2026-02-01 18:31:00,620349,35117,4008,25448,7518,447,654,1
2026-08-16 04:30:04,https://www.bilibili.com/video/BV1XA6nBGEPV/?spm_id_from=333.1387.favlist.content.click,8,BV1XA6nBGEPV,【4K精剪】希区考克 作品152 | 杨博文直拍 | 260131,underthepoplar,2026-02-01 00:23:17,1942245,23810,22302,20041,19001,4014,6927,1
2026-08-16 04:30:04,https://www.bilibili.com/video/BV1JUK56tEh5/?spm_id_from=333.1387.favlist.content.click,9,BV1JUK56tEh5,【杨博文｜音乐现场】全程舒适！跟着标准答案出发不迷路｜《全世界陪我出发》4k横屏直拍,游园会_杨博文,2026-07-16 20:06:19,160487,8028,2378,3937,5073,1951,1799,1
2026-08-16 04:30:04,https://www.bilibili.com/video/BV1kFKG6pEPe/?spm_id_from=333.1387.favlist.content.click,10,BV1kFKG6pEPe,【杨博文】夏日运动会《全世界陪我出发》4K直拍,Eternity丨杨博文,2026-07-16 19:13:38,45072,5422,733,2939,2326,37,94,1
2026-08-16 04:30:04,BV1MGYnzrE9E,11,BV1MGYnzrE9E,杨博文跳 《Centuries》帅到窒息！！竖屏4K直拍,Kismet丨杨博文,2025-08-18 02:15:37,273690,12363,6780,7956,585,959,3381,1
2026-08-16 04:30:04,BV1TLYnzzEx9,12,BV1TLYnzzEx9,舞力全开！主舞大人爽飞全场 15岁少年「杨博文」尽情演绎《Go In Blind》,Astra_杨博文,2025-08-18 00:48:26,333939,9938,5869,8919,578,717,2604,1
2026-08-16 05:00:04,https://www.bilibili.com/video/BV1EGBCBmEo8/?spm_id_from=333.1387.favlist.content.click,0,BV1EGBCBmEo8,【杨博文｜4K高清直拍】魅魔级别的《Manta》舞台，看博文如何一yeah封神,关键时刻来瓶尖叫,2025-12-27 23:15:44,1018390,12653,9907,11508,12722,1101,2417,1
2026-08-16 05:00:04,https://www.bilibili.com/video/BV1A5vkB2E1k/?spm_id_from=333.1387.favlist.content.click,1,BV1A5vkB2E1k,【杨博文】Hey Mama六机位纯舞直拍丨15岁舞台统治者的诞生，四代主舞燃炸全场！,Kismet丨杨博文,2025-12-28 22:28:16,2796648,64613,45248,47351,25076,13624,21833,6
2026-08-16 05:00:04,https://www.bilibili.com/video/BV1EQK56xEZk/?spm_id_from=333.1387.favlist.content.click,2,BV1EQK56xEZk,【杨博文｜音乐现场】｜《全世界陪我出发》4K直拍，考核第一的大C位实在太亮眼！,关键时刻来瓶尖叫,2026-07-16 20:29:02,428041,12571,3317,7434,5680,11152,8526,1
2026-08-16 05:00:04,bilibili.com/video/BV1M9ePzaELH/?spm_id_from=333.337.search-card.all.click,3,BV1M9ePzaELH,「杨博文｜卡拉永远OK」突发舞台事故？我怎么没看见,Astra_杨博文,2025-08-19 22:15:30,999206,15169,5157,10664,10728,767,709,4
2026-08-16 05:00:04,BV1s8BvBPEN5,4,BV1s8BvBPEN5,【杨博文｜4K舞台直拍】好运来祝你好运来～博文宝宝祝你新年好运来,关键时刻来瓶尖叫,2025-12-27 00:43:12,1913597,34837,16998,32296,18508,4332,4867,1
2026-08-16 05:00:04,https://www.bilibili.com/video/BV1jN64BKECs/?spm_id_from=333.337.search-card.all.click,5,BV1jN64BKECs,【杨博文｜4K直拍】跟着节奏一起《闭嘴跳舞》～,关键时刻来瓶尖叫,2026-02-01 20:20:32,1440207,26656,16075,22708,9981,2377,7181,1
2026-08-16 05:00:04,https://www.bilibili.com/video/BV1Lb6tBBEYC/?spm_id_from=333.1387.favlist.content.click&vd_source=bdf775a036c61c0159ac2f0c251aaeb7,6,BV1Lb6tBBEYC,【4K精剪】闭嘴跳舞 | 杨博文直拍 | 260201,underthepoplar,2026-02-02 00:00:55,356679,27432,14226,19307,9258,1837,3101,1
2026-08-16 05:00:04,https://www.bilibili.com/video/BV1mJ64BREZY/?spm_id_from=333.1387.favlist.content.click&vd_source=bdf775a036c61c0159ac2f0c251aaeb7,7,BV1mJ64BREZY,【杨博文】闭嘴跳舞丨当主舞穿上西装就会得到,Kismet丨杨博文,2026-02-01 18:31:00,620354,35117,4008,25448,7523,447,654,1
2026-08-16 05:00:04,https://www.bilibili.com/video/BV1XA6nBGEPV/?spm_id_from=333.1387.favlist.content.click,8,BV1XA6nBGEPV,【4K精剪】希区考克 作品152 | 杨博文直拍 | 260131,underthepoplar,2026-02-01 00:23:17,1942247,23810,22302,20041,19001,4014,6927,1
2026-08-16 05:00:04,https://www.bilibili.com/video/BV1JUK56tEh5/?spm_id_from=333.1387.favlist.content.click,9,BV1JUK56tEh5,【杨博文｜音乐现场】全程舒适！跟着标准答案出发不迷路｜《全世界陪我出发》4k横屏直拍,游园会_杨博文,2026-07-16 20:06:19,160488,8028,2378,3937,5073,1951,1799,1
2026-08-16 05:00:04,https://www.bilibili.com/video/BV1kFKG6pEPe/?spm_id_from=333.1387.favlist.content.click,10,BV1kFKG6pEPe,【杨博文】夏日运动会《全世界陪我出发》4K直拍,Eternity丨杨博文,2026-07-16 19:13:38,45072,5422,733,2939,2326,37,94,1
2026-08-16 05:00:04,BV1MGYnzrE9E,11,BV1MGYnzrE9E,杨博文跳 《Centuries》帅到窒息！！竖屏4K直拍,Kismet丨杨博文,2025-08-18 02:15:37,273690,12363,6780,7956,585,959,3381,1
2026-08-16 05:00:04,BV1TLYnzzEx9,12,BV1TLYnzzEx9,舞力全开！主舞大人爽飞全场 15岁少年「杨博文」尽情演绎《Go In Blind》,Astra_杨博文,2025-08-18 00:48:26,333939,9938,5869,8919,578,717,2604,1
2026-08-16 05:30:03,https://www.bilibili.com/video/BV1EGBCBmEo8/?spm_id_from=333.1387.favlist.content.click,0,BV1EGBCBmEo8,【杨博文｜4K高清直拍】魅魔级别的《Manta》舞台，看博文如何一yeah封神,关键时刻来瓶尖叫,2025-12-27 23:15:44,1018391,12653,9907,11508,12722,1101,2417,1
2026-08-16 05:30:03,https://www.bilibili.com/video/BV1A5vkB2E1k/?spm_id_from=333.1387.favlist.content.click,1,BV1A5vkB2E1k,【杨博文】Hey Mama六机位纯舞直拍丨15岁舞台统治者的诞生，四代主舞燃炸全场！,Kismet丨杨博文,2025-12-28 22:28:16,2796660,64614,45248,47352,25082,13624,21835,12
2026-08-16 05:30:03,https://www.bilibili.com/video/BV1EQK56xEZk/?spm_id_from=333.1387.favlist.content.click,2,BV1EQK56xEZk,【杨博文｜音乐现场】｜《全世界陪我出发》4K直拍，考核第一的大C位实在太亮眼！,关键时刻来瓶尖叫,2026-07-16 20:29:02,428052,12573,3317,7435,5680,11152,8526,1
2026-08-16 05:30:03,bilibili.com/video/BV1M9ePzaELH/?spm_id_from=333.337.search-card.all.click,3,BV1M9ePzaELH,「杨博文｜卡拉永远OK」突发舞台事故？我怎么没看见,Astra_杨博文,2025-08-19 22:15:30,999258,15169,5157,10664,10728,768,711,9
2026-08-16 05:30:03,BV1s8BvBPEN5,4,BV1s8BvBPEN5,【杨博文｜4K舞台直拍】好运来祝你好运来～博文宝宝祝你新年好运来,关键时刻来瓶尖叫,2025-12-27 00:43:12,1913603,34838,16998,32296,18512,4332,4867,1
2026-08-16 05:30:03,https://www.bilibili.com/video/BV1jN64BKECs/?spm_id_from=333.337.search-card.all.click,5,BV1jN64BKECs,【杨博文｜4K直拍】跟着节奏一起《闭嘴跳舞》～,关键时刻来瓶尖叫,2026-02-01 20:20:32,1440208,26656,16075,22708,9986,2377,7181,1
2026-08-16 05:30:03,https://www.bilibili.com/video/BV1Lb6tBBEYC/?spm_id_from=333.1387.favlist.content.click&vd_source=bdf775a036c61c0159ac2f0c251aaeb7,6,BV1Lb6tBBEYC,【4K精剪】闭嘴跳舞 | 杨博文直拍 | 260201,underthepoplar,2026-02-02 00:00:55,356680,27432,14226,19308,9263,1837,3101,1
2026-08-16 05:30:03,https://www.bilibili.com/video/BV1mJ64BREZY/?spm_id_from=333.1387.favlist.content.click&vd_source=bdf775a036c61c0159ac2f0c251aaeb7,7,BV1mJ64BREZY,【杨博文】闭嘴跳舞丨当主舞穿上西装就会得到,Kismet丨杨博文,2026-02-01 18:31:00,620358,35117,4008,25448,7528,447,654,1
2026-08-16 05:30:03,https://www.bilibili.com/video/BV1XA6nBGEPV/?spm_id_from=333.1387.favlist.content.click,8,BV1XA6nBGEPV,【4K精剪】希区考克 作品152 | 杨博文直拍 | 260131,underthepoplar,2026-02-01 00:23:17,1942248,23810,22302,20041,19001,4014,6927,1
2026-08-16 05:30:03,https://www.bilibili.com/video/BV1JUK56tEh5/?spm_id_from=333.1387.favlist.content.click,9,BV1JUK56tEh5,【杨博文｜音乐现场】全程舒适！跟着标准答案出发不迷路｜《全世界陪我出发》4k横屏直拍,游园会_杨博文,2026-07-16 20:06:19,160488,8028,2378,3937,5073,1951,1799,1
2026-08-16 05:30:03,https://www.bilibili.com/video/BV1kFKG6pEPe/?spm_id_from=333.1387.favlist.content.click,10,BV1kFKG6pEPe,【杨博文】夏日运动会《全世界陪我出发》4K直拍,Eternity丨杨博文,2026-07-16 19:13:38,45072,5422,733,2939,2326,37,94,1
2026-08-16 05:30:03,BV1MGYnzrE9E,11,BV1MGYnzrE9E,杨博文跳 《Centuries》帅到窒息！！竖屏4K直拍,Kismet丨杨博文,2025-08-18 02:15:37,273690,12363,6780,7956,585,959,3381,1
2026-08-16 05:30:03,BV1TLYnzzEx9,12,BV1TLYnzzEx9,舞力全开！主舞大人爽飞全场 15岁少年「杨博文」尽情演绎《Go In Blind》,Astra_杨博文,2025-08-18 00:48:26,333939,9938,5869,8919,578,717,2604,1
2026-08-16 06:00:02,https://www.bilibili.com/video/BV1EGBCBmEo8/?spm_id_from=333.1387.favlist.content.click,0,BV1EGBCBmEo8,【杨博文｜4K高清直拍】魅魔级别的《Manta》舞台，看博文如何一yeah封神,关键时刻来瓶尖叫,2025-12-27 23:15:44,1018391,12653,9907,11508,12722,1101,2417,1
2026-08-16 06:00:02,https://www.bilibili.com/video/BV1A5vkB2E1k/?spm_id_from=333.1387.favlist.content.click,1,BV1A5vkB2E1k,【杨博文】Hey Mama六机位纯舞直拍丨15岁舞台统治者的诞生，四代主舞燃炸全场！,Kismet丨杨博文,2025-12-28 22:28:16,2796670,64615,45248,47353,25085,13624,21844,8
2026-08-16 06:00:02,https://www.bilibili.com/video/BV1EQK56xEZk/?spm_id_from=333.1387.favlist.content.click,2,BV1EQK56xEZk,【杨博文｜音乐现场】｜《全世界陪我出发》4K直拍，考核第一的大C位实在太亮眼！,关键时刻来瓶尖叫,2026-07-16 20:29:02,428059,12573,3317,7435,5680,11152,8526,1
2026-08-16 06:00:02,bilibili.com/video/BV1M9ePzaELH/?spm_id_from=333.337.search-card.all.click,3,BV1M9ePzaELH,「杨博文｜卡拉永远OK」突发舞台事故？我怎么没看见,Astra_杨博文,2025-08-19 22:15:30,999306,15169,5157,10664,10728,768,711,3
2026-08-16 06:00:02,BV1s8BvBPEN5,4,BV1s8BvBPEN5,【杨博文｜4K舞台直拍】好运来祝你好运来～博文宝宝祝你新年好运来,关键时刻来瓶尖叫,2025-12-27 00:43:12,1913603,34838,16998,32296,18517,4332,4867,1
2026-08-16 06:00:02,https://www.bilibili.com/video/BV1jN64BKECs/?spm_id_from=333.337.search-card.all.click,5,BV1jN64BKECs,【杨博文｜4K直拍】跟着节奏一起《闭嘴跳舞》～,关键时刻来瓶尖叫,2026-02-01 20:20:32,1440210,26656,16075,22708,9990,2377,7181,1
2026-08-16 06:00:02,https://www.bilibili.com/video/BV1Lb6tBBEYC/?spm_id_from=333.1387.favlist.content.click&vd_source=bdf775a036c61c0159ac2f0c251aaeb7,6,BV1Lb6tBBEYC,【4K精剪】闭嘴跳舞 | 杨博文直拍 | 260201,underthepoplar,2026-02-02 00:00:55,356681,27432,14226,19308,9267,1837,3101,1
2026-08-16 06:00:02,https://www.bilibili.com/video/BV1mJ64BREZY/?spm_id_from=333.1387.favlist.content.click&vd_source=bdf775a036c61c0159ac2f0c251aaeb7,7,BV1mJ64BREZY,【杨博文】闭嘴跳舞丨当主舞穿上西装就会得到,Kismet丨杨博文,2026-02-01 18:31:00,620360,35117,4008,25448,7532,447,654,1
2026-08-16 06:00:02,https://www.bilibili.com/video/BV1XA6nBGEPV/?spm_id_from=333.1387.favlist.content.click,8,BV1XA6nBGEPV,【4K精剪】希区考克 作品152 | 杨博文直拍 | 260131,underthepoplar,2026-02-01 00:23:17,1942248,23810,22302,20041,19001,4014,6927,1
2026-08-16 06:00:02,https://www.bilibili.com/video/BV1JUK56tEh5/?spm_id_from=333.1387.favlist.content.click,9,BV1JUK56tEh5,【杨博文｜音乐现场】全程舒适！跟着标准答案出发不迷路｜《全世界陪我出发》4k横屏直拍,游园会_杨博文,2026-07-16 20:06:19,160488,8028,2378,3937,5073,1951,1799,1
2026-08-16 06:00:02,https://www.bilibili.com/video/BV1kFKG6pEPe/?spm_id_from=333.1387.favlist.content.click,10,BV1kFKG6pEPe,【杨博文】夏日运动会《全世界陪我出发》4K直拍,Eternity丨杨博文,2026-07-16 19:13:38,45072,5422,733,2939,2326,37,94,1
2026-08-16 06:00:02,BV1MGYnzrE9E,11,BV1MGYnzrE9E,杨博文跳 《Centuries》帅到窒息！！竖屏4K直拍,Kismet丨杨博文,2025-08-18 02:15:37,273691,12363,6780,7956,585,959,3381,1
2026-08-16 06:00:02,BV1TLYnzzEx9,12,BV1TLYnzzEx9,舞力全开！主舞大人爽飞全场 15岁少年「杨博文」尽情演绎《Go In Blind》,Astra_杨博文,2025-08-18 00:48:26,333939,9938,5869,8919,578,717,2604,1
2026-08-16 06:30:01,https://www.bilibili.com/video/BV1EGBCBmEo8/?spm_id_from=333.1387.favlist.content.click,0,BV1EGBCBmEo8,【杨博文｜4K高清直拍】魅魔级别的《Manta》舞台，看博文如何一yeah封神,关键时刻来瓶尖叫,2025-12-27 23:15:44,1018391,12653,9907,11508,12722,1101,2417,1
2026-08-16 06:30:01,https://www.bilibili.com/video/BV1A5vkB2E1k/?spm_id_from=333.1387.favlist.content.click,1,BV1A5vkB2E1k,【杨博文】Hey Mama六机位纯舞直拍丨15岁舞台统治者的诞生，四代主舞燃炸全场！,Kismet丨杨博文,2025-12-28 22:28:16,2796681,64617,45248,47354,25085,13624,21844,4
2026-08-16 06:30:01,https://www.bilibili.com/video/BV1EQK56xEZk/?spm_id_from=333.1387.favlist.content.click,2,BV1EQK56xEZk,【杨博文｜音乐现场】｜《全世界陪我出发》4K直拍，考核第一的大C位实在太亮眼！,关键时刻来瓶尖叫,2026-07-16 20:29:02,428062,12574,3319,7436,5680,11152,8526,1
2026-08-16 06:30:01,bilibili.com/video/BV1M9ePzaELH/?spm_id_from=333.337.search-card.all.click,3,BV1M9ePzaELH,「杨博文｜卡拉永远OK」突发舞台事故？我怎么没看见,Astra_杨博文,2025-08-19 22:15:30,999345,15169,5157,10664,10728,768,711,4
2026-08-16 06:30:01,BV1s8BvBPEN5,4,BV1s8BvBPEN5,【杨博文｜4K舞台直拍】好运来祝你好运来～博文宝宝祝你新年好运来,关键时刻来瓶尖叫,2025-12-27 00:43:12,1913604,34838,16998,32296,18517,4332,4867,1
2026-08-16 06:30:01,https://www.bilibili.com/video/BV1jN64BKECs/?spm_id_from=333.337.search-card.all.click,5,BV1jN64BKECs,【杨博文｜4K直拍】跟着节奏一起《闭嘴跳舞》～,关键时刻来瓶尖叫,2026-02-01 20:20:32,1440212,26656,16075,22708,9990,2377,7181,1
2026-08-16 06:30:01,https://www.bilibili.com/video/BV1Lb6tBBEYC/?spm_id_from=333.1387.favlist.content.click&vd_source=bdf775a036c61c0159ac2f0c251aaeb7,6,BV1Lb6tBBEYC,【4K精剪】闭嘴跳舞 | 杨博文直拍 | 260201,underthepoplar,2026-02-02 00:00:55,356682,27432,14226,19308,9267,1837,3101,1
2026-08-16 06:30:01,https://www.bilibili.com/video/BV1mJ64BREZY/?spm_id_from=333.1387.favlist.content.click&vd_source=bdf775a036c61c0159ac2f0c251aaeb7,7,BV1mJ64BREZY,【杨博文】闭嘴跳舞丨当主舞穿上西装就会得到,Kismet丨杨博文,2026-02-01 18:31:00,620360,35117,4008,25448,7532,447,654,1
2026-08-16 06:30:01,https://www.bilibili.com/video/BV1XA6nBGEPV/?spm_id_from=333.1387.favlist.content.click,8,BV1XA6nBGEPV,【4K精剪】希区考克 作品152 | 杨博文直拍 | 260131,underthepoplar,2026-02-01 00:23:17,1942250,23810,22302,20041,19001,4014,6927,1
2026-08-16 06:30:01,https://www.bilibili.com/video/BV1JUK56tEh5/?spm_id_from=333.1387.favlist.content.click,9,BV1JUK56tEh5,【杨博文｜音乐现场】全程舒适！跟着标准答案出发不迷路｜《全世界陪我出发》4k横屏直拍,游园会_杨博文,2026-07-16 20:06:19,160489,8028,2378,3937,5073,1951,1799,1
2026-08-16 06:30:01,https://www.bilibili.com/video/BV1kFKG6pEPe/?spm_id_from=333.1387.favlist.content.click,10,BV1kFKG6pEPe,【杨博文】夏日运动会《全世界陪我出发》4K直拍,Eternity丨杨博文,2026-07-16 19:13:38,45072,5422,733,2939,2326,37,94,1
2026-08-16 06:30:01,BV1MGYnzrE9E,11,BV1MGYnzrE9E,杨博文跳 《Centuries》帅到窒息！！竖屏4K直拍,Kismet丨杨博文,2025-08-18 02:15:37,273691,12363,6780,7956,585,959,3381,1
2026-08-16 06:30:01,BV1TLYnzzEx9,12,BV1TLYnzzEx9,舞力全开！主舞大人爽飞全场 15岁少年「杨博文」尽情演绎《Go In Blind》,Astra_杨博文,2025-08-18 00:48:26,333939,9938,5869,8919,578,717,2604,1
2026-08-16 07:00:00,https://www.bilibili.com/video/BV1EGBCBmEo8/?spm_id_from=333.1387.favlist.content.click,0,BV1EGBCBmEo8,【杨博文｜4K高清直拍】魅魔级别的《Manta》舞台，看博文如何一yeah封神,关键时刻来瓶尖叫,2025-12-27 23:15:44,1018393,12653,9907,11508,12722,1101,2417,1
2026-08-16 07:00:00,https://www.bilibili.com/video/BV1A5vkB2E1k/?spm_id_from=333.1387.favlist.content.click,1,BV1A5vkB2E1k,【杨博文】Hey Mama六机位纯舞直拍丨15岁舞台统治者的诞生，四代主舞燃炸全场！,Kismet丨杨博文,2025-12-28 22:28:16,2796689,64617,45248,47354,25085,13624,21844,8
2026-08-16 07:00:00,https://www.bilibili.com/video/BV1EQK56xEZk/?spm_id_from=333.1387.favlist.content.click,2,BV1EQK56xEZk,【杨博文｜音乐现场】｜《全世界陪我出发》4K直拍，考核第一的大C位实在太亮眼！,关键时刻来瓶尖叫,2026-07-16 20:29:02,428068,12574,3319,7436,5680,11152,8526,1
2026-08-16 07:00:00,bilibili.com/video/BV1M9ePzaELH/?spm_id_from=333.337.search-card.all.click,3,BV1M9ePzaELH,「杨博文｜卡拉永远OK」突发舞台事故？我怎么没看见,Astra_杨博文,2025-08-19 22:15:30,999375,15169,5157,10664,10728,768,711,5
2026-08-16 07:00:00,BV1s8BvBPEN5,4,BV1s8BvBPEN5,【杨博文｜4K舞台直拍】好运来祝你好运来～博文宝宝祝你新年好运来,关键时刻来瓶尖叫,2025-12-27 00:43:12,1913604,34838,16998,32296,18517,4332,4867,1
2026-08-16 07:00:00,https://www.bilibili.com/video/BV1jN64BKECs/?spm_id_from=333.337.search-card.all.click,5,BV1jN64BKECs,【杨博文｜4K直拍】跟着节奏一起《闭嘴跳舞》～,关键时刻来瓶尖叫,2026-02-01 20:20:32,1440215,26656,16075,22708,9990,2377,7181,1
2026-08-16 07:00:00,https://www.bilibili.com/video/BV1Lb6tBBEYC/?spm_id_from=333.1387.favlist.content.click&vd_source=bdf775a036c61c0159ac2f0c251aaeb7,6,BV1Lb6tBBEYC,【4K精剪】闭嘴跳舞 | 杨博文直拍 | 260201,underthepoplar,2026-02-02 00:00:55,356684,27434,14228,19309,9267,1837,3101,1
2026-08-16 07:00:00,https://www.bilibili.com/video/BV1mJ64BREZY/?spm_id_from=333.1387.favlist.content.click&vd_source=bdf775a036c61c0159ac2f0c251aaeb7,7,BV1mJ64BREZY,【杨博文】闭嘴跳舞丨当主舞穿上西装就会得到,Kismet丨杨博文,2026-02-01 18:31:00,620360,35117,4008,25448,7532,447,654,1
2026-08-16 07:00:00,https://www.bilibili.com/video/BV1XA6nBGEPV/?spm_id_from=333.1387.favlist.content.click,8,BV1XA6nBGEPV,【4K精剪】希区考克 作品152 | 杨博文直拍 | 260131,underthepoplar,2026-02-01 00:23:17,1942251,23810,22302,20041,19001,4014,6927,1
2026-08-16 07:00:00,https://www.bilibili.com/video/BV1JUK56tEh5/?spm_id_from=333.1387.favlist.content.click,9,BV1JUK56tEh5,【杨博文｜音乐现场】全程舒适！跟着标准答案出发不迷路｜《全世界陪我出发》4k横屏直拍,游园会_杨博文,2026-07-16 20:06:19,160490,8028,2378,3937,5073,1951,1799,1
2026-08-16 07:00:00,https://www.bilibili.com/video/BV1kFKG6pEPe/?spm_id_from=333.1387.favlist.content.click,10,BV1kFKG6pEPe,【杨博文】夏日运动会《全世界陪我出发》4K直拍,Eternity丨杨博文,2026-07-16 19:13:38,45072,5422,733,2939,2326,37,94,1
2026-08-16 07:00:00,BV1MGYnzrE9E,11,BV1MGYnzrE9E,杨博文跳 《Centuries》帅到窒息！！竖屏4K直拍,Kismet丨杨博文,2025-08-18 02:15:37,273691,12363,6780,7956,585,959,3381,1
2026-08-16 07:00:00,BV1TLYnzzEx9,12,BV1TLYnzzEx9,舞力全开！主舞大人爽飞全场 15岁少年「杨博文」尽情演绎《Go In Blind》,Astra_杨博文,2025-08-18 00:48:26,333939,9938,5869,8919,578,717,2604,1
2026-08-16 07:30:00,https://www.bilibili.com/video/BV1EGBCBmEo8/?spm_id_from=333.1387.favlist.content.click,0,BV1EGBCBmEo8,【杨博文｜4K高清直拍】魅魔级别的《Manta》舞台，看博文如何一yeah封神,关键时刻来瓶尖叫,2025-12-27 23:15:44,1018394,12653,9907,11508,12722,1101,2417,1
2026-08-16 07:30:00,https://www.bilibili.com/video/BV1A5vkB2E1k/?spm_id_from=333.1387.favlist.content.click,1,BV1A5vkB2E1k,【杨博文】Hey Mama六机位纯舞直拍丨15岁舞台统治者的诞生，四代主舞燃炸全场！,Kismet丨杨博文,2025-12-28 22:28:16,2796707,64617,45248,47355,25091,13624,21844,2
2026-08-16 07:30:00,https://www.bilibili.com/video/BV1EQK56xEZk/?spm_id_from=333.1387.favlist.content.click,2,BV1EQK56xEZk,【杨博文｜音乐现场】｜《全世界陪我出发》4K直拍，考核第一的大C位实在太亮眼！,关键时刻来瓶尖叫,2026-07-16 20:29:02,428075,12576,3321,7437,5680,11152,8526,1
2026-08-16 07:30:00,bilibili.com/video/BV1M9ePzaELH/?spm_id_from=333.337.search-card.all.click,3,BV1M9ePzaELH,「杨博文｜卡拉永远OK」突发舞台事故？我怎么没看见,Astra_杨博文,2025-08-19 22:15:30,999410,15169,5157,10664,10728,768,712,2
2026-08-16 07:30:00,BV1s8BvBPEN5,4,BV1s8BvBPEN5,【杨博文｜4K舞台直拍】好运来祝你好运来～博文宝宝祝你新年好运来,关键时刻来瓶尖叫,2025-12-27 00:43:12,1913605,34838,16998,32296,18522,4332,4867,1
2026-08-16 07:30:00,https://www.bilibili.com/video/BV1jN64BKECs/?spm_id_from=333.337.search-card.all.click,5,BV1jN64BKECs,【杨博文｜4K直拍】跟着节奏一起《闭嘴跳舞》～,关键时刻来瓶尖叫,2026-02-01 20:20:32,1440220,26656,16075,22708,9996,2377,7181,1
2026-08-16 07:30:00,https://www.bilibili.com/video/BV1Lb6tBBEYC/?spm_id_from=333.1387.favlist.content.click&vd_source=bdf775a036c61c0159ac2f0c251aaeb7,6,BV1Lb6tBBEYC,【4K精剪】闭嘴跳舞 | 杨博文直拍 | 260201,underthepoplar,2026-02-02 00:00:55,356685,27434,14228,19309,9272,1837,3101,1
2026-08-16 07:30:00,https://www.bilibili.com/video/BV1mJ64BREZY/?spm_id_from=333.1387.favlist.content.click&vd_source=bdf775a036c61c0159ac2f0c251aaeb7,7,BV1mJ64BREZY,【杨博文】闭嘴跳舞丨当主舞穿上西装就会得到,Kismet丨杨博文,2026-02-01 18:31:00,620361,35117,4008,25448,7537,447,654,1
2026-08-16 07:30:00,https://www.bilibili.com/video/BV1XA6nBGEPV/?spm_id_from=333.1387.favlist.content.click,8,BV1XA6nBGEPV,【4K精剪】希区考克 作品152 | 杨博文直拍 | 260131,underthepoplar,2026-02-01 00:23:17,1942255,23810,22302,20041,19001,4014,6927,1
2026-08-16 07:30:00,https://www.bilibili.com/video/BV1JUK56tEh5/?spm_id_from=333.1387.favlist.content.click,9,BV1JUK56tEh5,【杨博文｜音乐现场】全程舒适！跟着标准答案出发不迷路｜《全世界陪我出发》4k横屏直拍,游园会_杨博文,2026-07-16 20:06:19,160491,8028,2378,3937,5073,1951,1799,1
2026-08-16 07:30:00,https://www.bilibili.com/video/BV1kFKG6pEPe/?spm_id_from=333.1387.favlist.content.click,10,BV1kFKG6pEPe,【杨博文】夏日运动会《全世界陪我出发》4K直拍,Eternity丨杨博文,2026-07-16 19:13:38,45072,5422,733,2939,2326,37,94,1
2026-08-16 07:30:00,BV1MGYnzrE9E,11,BV1MGYnzrE9E,杨博文跳 《Centuries》帅到窒息！！竖屏4K直拍,Kismet丨杨博文,2025-08-18 02:15:37,273692,12363,6780,7957,585,959,3381,1
2026-08-16 07:30:00,BV1TLYnzzEx9,12,BV1TLYnzzEx9,舞力全开！主舞大人爽飞全场 15岁少年「杨博文」尽情演绎《Go In Blind》,Astra_杨博文,2025-08-18 00:48:26,333939,9938,5869,8919,578,717,2604,1
2026-08-16 08:00:09,https://www.bilibili.com/video/BV1EGBCBmEo8/?spm_id_from=333.1387.favlist.content.click,0,BV1EGBCBmEo8,【杨博文｜4K高清直拍】魅魔级别的《Manta》舞台，看博文如何一yeah封神,关键时刻来瓶尖叫,2025-12-27 23:15:44,1018394,12653,9907,11508,12722,1101,2417,1
2026-08-16 08:00:09,https://www.bilibili.com/video/BV1A5vkB2E1k/?spm_id_from=333.1387.favlist.content.click,1,BV1A5vkB2E1k,【杨博文】Hey Mama六机位纯舞直拍丨15岁舞台统治者的诞生，四代主舞燃炸全场！,Kismet丨杨博文,2025-12-28 22:28:16,2796715,64617,45248,47354,25096,13624,21844,6
2026-08-16 08:00:09,https://www.bilibili.com/video/BV1EQK56xEZk/?spm_id_from=333.1387.favlist.content.click,2,BV1EQK56xEZk,【杨博文｜音乐现场】｜《全世界陪我出发》4K直拍，考核第一的大C位实在太亮眼！,关键时刻来瓶尖叫,2026-07-16 20:29:02,428084,12576,3321,7437,5680,11152,8526,1
2026-08-16 08:00:09,bilibili.com/video/BV1M9ePzaELH/?spm_id_from=333.337.search-card.all.click,3,BV1M9ePzaELH,「杨博文｜卡拉永远OK」突发舞台事故？我怎么没看见,Astra_杨博文,2025-08-19 22:15:30,999444,15170,5159,10665,10728,768,712,7
2026-08-16 08:00:09,BV1s8BvBPEN5,4,BV1s8BvBPEN5,【杨博文｜4K舞台直拍】好运来祝你好运来～博文宝宝祝你新年好运来,关键时刻来瓶尖叫,2025-12-27 00:43:12,1913606,34838,16998,32296,18528,4332,4867,1
2026-08-16 08:00:09,https://www.bilibili.com/video/BV1jN64BKECs/?spm_id_from=333.337.search-card.all.click,5,BV1jN64BKECs,【杨博文｜4K直拍】跟着节奏一起《闭嘴跳舞》～,关键时刻来瓶尖叫,2026-02-01 20:20:32,1440224,26656,16075,22708,10001,2377,7181,1
2026-08-16 08:00:09,https://www.bilibili.com/video/BV1Lb6tBBEYC/?spm_id_from=333.1387.favlist.content.click&vd_source=bdf775a036c61c0159ac2f0c251aaeb7,6,BV1Lb6tBBEYC,【4K精剪】闭嘴跳舞 | 杨博文直拍 | 260201,underthepoplar,2026-02-02 00:00:55,356688,27434,14228,19309,9277,1837,3101,1
2026-08-16 08:00:09,https://www.bilibili.com/video/BV1mJ64BREZY/?spm_id_from=333.1387.favlist.content.click&vd_source=bdf775a036c61c0159ac2f0c251aaeb7,7,BV1mJ64BREZY,【杨博文】闭嘴跳舞丨当主舞穿上西装就会得到,Kismet丨杨博文,2026-02-01 18:31:00,620361,35117,4008,25448,7543,447,654,1
2026-08-16 08:00:09,https://www.bilibili.com/video/BV1XA6nBGEPV/?spm_id_from=333.1387.favlist.content.click,8,BV1XA6nBGEPV,【4K精剪】希区考克 作品152 | 杨博文直拍 | 260131,underthepoplar,2026-02-01 00:23:17,1942257,23810,22302,20041,19001,4014,6927,1
2026-08-16 08:00:09,https://www.bilibili.com/video/BV1JUK56tEh5/?spm_id_from=333.1387.favlist.content.click,9,BV1JUK56tEh5,【杨博文｜音乐现场】全程舒适！跟着标准答案出发不迷路｜《全世界陪我出发》4k横屏直拍,游园会_杨博文,2026-07-16 20:06:19,160493,8029,2380,3938,5073,1951,1799,1
2026-08-16 08:00:09,https://www.bilibili.com/video/BV1kFKG6pEPe/?spm_id_from=333.1387.favlist.content.click,10,BV1kFKG6pEPe,【杨博文】夏日运动会《全世界陪我出发》4K直拍,Eternity丨杨博文,2026-07-16 19:13:38,45074,5422,733,2939,2326,37,94,1
2026-08-16 08:00:09,BV1MGYnzrE9E,11,BV1MGYnzrE9E,杨博文跳 《Centuries》帅到窒息！！竖屏4K直拍,Kismet丨杨博文,2025-08-18 02:15:37,273692,12363,6780,7957,585,959,3381,1
2026-08-16 08:00:09,BV1TLYnzzEx9,12,BV1TLYnzzEx9,舞力全开！主舞大人爽飞全场 15岁少年「杨博文」尽情演绎《Go In Blind》,Astra_杨博文,2025-08-18 00:48:26,333939,9938,5869,8919,578,717,2604,1
2026-08-16 08:30:08,https://www.bilibili.com/video/BV1EGBCBmEo8/?spm_id_from=333.1387.favlist.content.click,0,BV1EGBCBmEo8,【杨博文｜4K高清直拍】魅魔级别的《Manta》舞台，看博文如何一yeah封神,关键时刻来瓶尖叫,2025-12-27 23:15:44,1018396,12653,9907,11508,12722,1101,2417,1
2026-08-16 08:30:08,https://www.bilibili.com/video/BV1A5vkB2E1k/?spm_id_from=333.1387.favlist.content.click,1,BV1A5vkB2E1k,【杨博文】Hey Mama六机位纯舞直拍丨15岁舞台统治者的诞生，四代主舞燃炸全场！,Kismet丨杨博文,2025-12-28 22:28:16,2796730,64619,45250,47357,25099,13624,21846,8
2026-08-16 08:30:08,https://www.bilibili.com/video/BV1EQK56xEZk/?spm_id_from=333.1387.favlist.content.click,2,BV1EQK56xEZk,【杨博文｜音乐现场】｜《全世界陪我出发》4K直拍，考核第一的大C位实在太亮眼！,关键时刻来瓶尖叫,2026-07-16 20:29:02,428095,12576,3321,7437,5680,11152,8526,1
2026-08-16 08:30:08,bilibili.com/video/BV1M9ePzaELH/?spm_id_from=333.337.search-card.all.click,3,BV1M9ePzaELH,「杨博文｜卡拉永远OK」突发舞台事故？我怎么没看见,Astra_杨博文,2025-08-19 22:15:30,999485,15170,5159,10665,10728,768,712,10
2026-08-16 08:30:08,BV1s8BvBPEN5,4,BV1s8BvBPEN5,【杨博文｜4K舞台直拍】好运来祝你好运来～博文宝宝祝你新年好运来,关键时刻来瓶尖叫,2025-12-27 00:43:12,1913609,34839,17000,32296,18531,4332,4867,1
2026-08-16 08:30:08,https://www.bilibili.com/video/BV1jN64BKECs/?spm_id_from=333.337.search-card.all.click,5,BV1jN64BKECs,【杨博文｜4K直拍】跟着节奏一起《闭嘴跳舞》～,关键时刻来瓶尖叫,2026-02-01 20:20:32,1440228,26656,16075,22708,10004,2377,7181,1
2026-08-16 08:30:08,https://www.bilibili.com/video/BV1Lb6tBBEYC/?spm_id_from=333.1387.favlist.content.click&vd_source=bdf775a036c61c0159ac2f0c251aaeb7,6,BV1Lb6tBBEYC,【4K精剪】闭嘴跳舞 | 杨博文直拍 | 260201,underthepoplar,2026-02-02 00:00:55,356690,27434,14228,19309,9281,1837,3101,1
2026-08-16 08:30:08,https://www.bilibili.com/video/BV1mJ64BREZY/?spm_id_from=333.1387.favlist.content.click&vd_source=bdf775a036c61c0159ac2f0c251aaeb7,7,BV1mJ64BREZY,【杨博文】闭嘴跳舞丨当主舞穿上西装就会得到,Kismet丨杨博文,2026-02-01 18:31:00,620362,35117,4008,25448,7546,447,654,1
2026-08-16 08:30:08,https://www.bilibili.com/video/BV1XA6nBGEPV/?spm_id_from=333.1387.favlist.content.click,8,BV1XA6nBGEPV,【4K精剪】希区考克 作品152 | 杨博文直拍 | 260131,underthepoplar,2026-02-01 00:23:17,1942263,23811,22304,20041,19001,4014,6927,1
2026-08-16 08:30:08,https://www.bilibili.com/video/BV1JUK56tEh5/?spm_id_from=333.1387.favlist.content.click,9,BV1JUK56tEh5,【杨博文｜音乐现场】全程舒适！跟着标准答案出发不迷路｜《全世界陪我出发》4k横屏直拍,游园会_杨博文,2026-07-16 20:06:19,160494,8029,2380,3938,5073,1951,1799,1
2026-08-16 08:30:08,https://www.bilibili.com/video/BV1kFKG6pEPe/?spm_id_from=333.1387.favlist.content.click,10,BV1kFKG6pEPe,【杨博文】夏日运动会《全世界陪我出发》4K直拍,Eternity丨杨博文,2026-07-16 19:13:38,45076,5422,733,2940,2326,37,94,1
2026-08-16 08:30:08,BV1MGYnzrE9E,11,BV1MGYnzrE9E,杨博文跳 《Centuries》帅到窒息！！竖屏4K直拍,Kismet丨杨博文,2025-08-18 02:15:37,273692,12363,6780,7957,585,959,3381,1
2026-08-16 08:30:08,BV1TLYnzzEx9,12,BV1TLYnzzEx9,舞力全开！主舞大人爽飞全场 15岁少年「杨博文」尽情演绎《Go In Blind》,Astra_杨博文,2025-08-18 00:48:26,333939,9938,5869,8919,578,717,2604,1
2026-08-16 09:00:07,https://www.bilibili.com/video/BV1EGBCBmEo8/?spm_id_from=333.1387.favlist.content.click,0,BV1EGBCBmEo8,【杨博文｜4K高清直拍】魅魔级别的《Manta》舞台，看博文如何一yeah封神,关键时刻来瓶尖叫,2025-12-27 23:15:44,1018396,12653,9907,11508,12722,1101,2417,1
2026-08-16 09:00:07,https://www.bilibili.com/video/BV1A5vkB2E1k/?spm_id_from=333.1387.favlist.content.click,1,BV1A5vkB2E1k,【杨博文】Hey Mama六机位纯舞直拍丨15岁舞台统治者的诞生，四代主舞燃炸全场！,Kismet丨杨博文,2025-12-28 22:28:16,2796742,64619,45250,47356,25099,13624,21846,11
2026-08-16 09:00:07,https://www.bilibili.com/video/BV1EQK56xEZk/?spm_id_from=333.1387.favlist.content.click,2,BV1EQK56xEZk,【杨博文｜音乐现场】｜《全世界陪我出发》4K直拍，考核第一的大C位实在太亮眼！,关键时刻来瓶尖叫,2026-07-16 20:29:02,428102,12576,3321,7437,5680,11152,8526,1
2026-08-16 09:00:07,bilibili.com/video/BV1M9ePzaELH/?spm_id_from=333.337.search-card.all.click,3,BV1M9ePzaELH,「杨博文｜卡拉永远OK」突发舞台事故？我怎么没看见,Astra_杨博文,2025-08-19 22:15:30,999524,15171,5161,10666,10728,769,712,7
2026-08-16 09:00:07,BV1s8BvBPEN5,4,BV1s8BvBPEN5,【杨博文｜4K舞台直拍】好运来祝你好运来～博文宝宝祝你新年好运来,关键时刻来瓶尖叫,2025-12-27 00:43:12,1913611,34840,17000,32297,18531,4332,4867,1
2026-08-16 09:00:07,https://www.bilibili.com/video/BV1jN64BKECs/?spm_id_from=333.337.search-card.all.click,5,BV1jN64BKECs,【杨博文｜4K直拍】跟着节奏一起《闭嘴跳舞》～,关键时刻来瓶尖叫,2026-02-01 20:20:32,1440237,26656,16075,22708,10004,2377,7181,1
2026-08-16 09:00:07,https://www.bilibili.com/video/BV1Lb6tBBEYC/?spm_id_from=333.1387.favlist.content.click&vd_source=bdf775a036c61c0159ac2f0c251aaeb7,6,BV1Lb6tBBEYC,【4K精剪】闭嘴跳舞 | 杨博文直拍 | 260201,underthepoplar,2026-02-02 00:00:55,356693,27434,14228,19308,9281,1837,3101,1
2026-08-16 09:00:07,https://www.bilibili.com/video/BV1mJ64BREZY/?spm_id_from=333.1387.favlist.content.click&vd_source=bdf775a036c61c0159ac2f0c251aaeb7,7,BV1mJ64BREZY,【杨博文】闭嘴跳舞丨当主舞穿上西装就会得到,Kismet丨杨博文,2026-02-01 18:31:00,620363,35117,4008,25448,7546,447,654,1
2026-08-16 09:00:07,https://www.bilibili.com/video/BV1XA6nBGEPV/?spm_id_from=333.1387.favlist.content.click,8,BV1XA6nBGEPV,【4K精剪】希区考克 作品152 | 杨博文直拍 | 260131,underthepoplar,2026-02-01 00:23:17,1942264,23811,22304,20040,19001,4014,6927,1
2026-08-16 09:00:07,https://www.bilibili.com/video/BV1JUK56tEh5/?spm_id_from=333.1387.favlist.content.click,9,BV1JUK56tEh5,【杨博文｜音乐现场】全程舒适！跟着标准答案出发不迷路｜《全世界陪我出发》4k横屏直拍,游园会_杨博文,2026-07-16 20:06:19,160497,8030,2380,3938,5073,1951,1799,1
2026-08-16 09:00:07,https://www.bilibili.com/video/BV1kFKG6pEPe/?spm_id_from=333.1387.favlist.content.click,10,BV1kFKG6pEPe,【杨博文】夏日运动会《全世界陪我出发》4K直拍,Eternity丨杨博文,2026-07-16 19:13:38,45078,5423,733,2940,2326,37,94,1
2026-08-16 09:00:07,BV1MGYnzrE9E,11,BV1MGYnzrE9E,杨博文跳 《Centuries》帅到窒息！！竖屏4K直拍,Kismet丨杨博文,2025-08-18 02:15:37,273692,12363,6780,7957,585,959,3381,1
2026-08-16 09:00:07,BV1TLYnzzEx9,12,BV1TLYnzzEx9,舞力全开！主舞大人爽飞全场 15岁少年「杨博文」尽情演绎《Go In Blind》,Astra_杨博文,2025-08-18 00:48:26,333941,9938,5869,8919,578,717,2604,1
2026-08-16 09:30:06,https://www.bilibili.com/video/BV1EGBCBmEo8/?spm_id_from=333.1387.favlist.content.click,0,BV1EGBCBmEo8,【杨博文｜4K高清直拍】魅魔级别的《Manta》舞台，看博文如何一yeah封神,关键时刻来瓶尖叫,2025-12-27 23:15:44,1018397,12653,9907,11508,12722,1101,2417,1
2026-08-16 09:30:06,https://www.bilibili.com/video/BV1A5vkB2E1k/?spm_id_from=333.1387.favlist.content.click,1,BV1A5vkB2E1k,【杨博文】Hey Mama六机位纯舞直拍丨15岁舞台统治者的诞生，四代主舞燃炸全场！,Kismet丨杨博文,2025-12-28 22:28:16,2796769,64623,45250,47358,25100,13624,21846,10
2026-08-16 09:30:06,https://www.bilibili.com/video/BV1EQK56xEZk/?spm_id_from=333.1387.favlist.content.click,2,BV1EQK56xEZk,【杨博文｜音乐现场】｜《全世界陪我出发》4K直拍，考核第一的大C位实在太亮眼！,关键时刻来瓶尖叫,2026-07-16 20:29:02,428121,12578,3323,7437,5680,11152,8526,1
2026-08-16 09:30:06,bilibili.com/video/BV1M9ePzaELH/?spm_id_from=333.337.search-card.all.click,3,BV1M9ePzaELH,「杨博文｜卡拉永远OK」突发舞台事故？我怎么没看见,Astra_杨博文,2025-08-19 22:15:30,999565,15172,5161,10664,10728,770,712,7
2026-08-16 09:30:06,BV1s8BvBPEN5,4,BV1s8BvBPEN5,【杨博文｜4K舞台直拍】好运来祝你好运来～博文宝宝祝你新年好运来,关键时刻来瓶尖叫,2025-12-27 00:43:12,1913613,34840,17000,32297,18531,4332,4867,1
2026-08-16 09:30:06,https://www.bilibili.com/video/BV1jN64BKECs/?spm_id_from=333.337.search-card.all.click,5,BV1jN64BKECs,【杨博文｜4K直拍】跟着节奏一起《闭嘴跳舞》～,关键时刻来瓶尖叫,2026-02-01 20:20:32,1440248,26656,16075,22708,10004,2377,7181,1
2026-08-16 09:30:06,https://www.bilibili.com/video/BV1Lb6tBBEYC/?spm_id_from=333.1387.favlist.content.click&vd_source=bdf775a036c61c0159ac2f0c251aaeb7,6,BV1Lb6tBBEYC,【4K精剪】闭嘴跳舞 | 杨博文直拍 | 260201,underthepoplar,2026-02-02 00:00:55,356699,27435,14228,19308,9281,1837,3101,1
2026-08-16 09:30:06,https://www.bilibili.com/video/BV1mJ64BREZY/?spm_id_from=333.1387.favlist.content.click&vd_source=bdf775a036c61c0159ac2f0c251aaeb7,7,BV1mJ64BREZY,【杨博文】闭嘴跳舞丨当主舞穿上西装就会得到,Kismet丨杨博文,2026-02-01 18:31:00,620363,35117,4008,25448,7546,447,654,1
2026-08-16 09:30:06,https://www.bilibili.com/video/BV1XA6nBGEPV/?spm_id_from=333.1387.favlist.content.click,8,BV1XA6nBGEPV,【4K精剪】希区考克 作品152 | 杨博文直拍 | 260131,underthepoplar,2026-02-01 00:23:17,1942270,23811,22304,20040,19001,4014,6927,1
2026-08-16 09:30:06,https://www.bilibili.com/video/BV1JUK56tEh5/?spm_id_from=333.1387.favlist.content.click,9,BV1JUK56tEh5,【杨博文｜音乐现场】全程舒适！跟着标准答案出发不迷路｜《全世界陪我出发》4k横屏直拍,游园会_杨博文,2026-07-16 20:06:19,160499,8030,2380,3938,5073,1951,1799,1
2026-08-16 09:30:06,https://www.bilibili.com/video/BV1kFKG6pEPe/?spm_id_from=333.1387.favlist.content.click,10,BV1kFKG6pEPe,【杨博文】夏日运动会《全世界陪我出发》4K直拍,Eternity丨杨博文,2026-07-16 19:13:38,45078,5423,733,2940,2326,37,94,1
2026-08-16 09:30:06,BV1MGYnzrE9E,11,BV1MGYnzrE9E,杨博文跳 《Centuries》帅到窒息！！竖屏4K直拍,Kismet丨杨博文,2025-08-18 02:15:37,273693,12363,6780,7957,585,959,3381,1
2026-08-16 09:30:06,BV1TLYnzzEx9,12,BV1TLYnzzEx9,舞力全开！主舞大人爽飞全场 15岁少年「杨博文」尽情演绎《Go In Blind》,Astra_杨博文,2025-08-18 00:48:26,333941,9938,5869,8919,578,717,2604,1
2026-08-16 10:00:06,https://www.bilibili.com/video/BV1EGBCBmEo8/?spm_id_from=333.1387.favlist.content.click,0,BV1EGBCBmEo8,【杨博文｜4K高清直拍】魅魔级别的《Manta》舞台，看博文如何一yeah封神,关键时刻来瓶尖叫,2025-12-27 23:15:44,1018400,12654,9907,11509,12722,1101,2417,1
2026-08-16 10:00:06,https://www.bilibili.com/video/BV1A5vkB2E1k/?spm_id_from=333.1387.favlist.content.click,1,BV1A5vkB2E1k,【杨博文】Hey Mama六机位纯舞直拍丨15岁舞台统治者的诞生，四代主舞燃炸全场！,Kismet丨杨博文,2025-12-28 22:28:16,2796800,64624,45252,47364,25105,13624,21847,11
2026-08-16 10:00:06,https://www.bilibili.com/video/BV1EQK56xEZk/?spm_id_from=333.1387.favlist.content.click,2,BV1EQK56xEZk,【杨博文｜音乐现场】｜《全世界陪我出发》4K直拍，考核第一的大C位实在太亮眼！,关键时刻来瓶尖叫,2026-07-16 20:29:02,428139,12581,3325,7438,5680,11152,8526,1
2026-08-16 10:00:06,bilibili.com/video/BV1M9ePzaELH/?spm_id_from=333.337.search-card.all.click,3,BV1M9ePzaELH,「杨博文｜卡拉永远OK」突发舞台事故？我怎么没看见,Astra_杨博文,2025-08-19 22:15:30,999604,15174,5161,10665,10728,770,713,14
2026-08-16 10:00:06,BV1s8BvBPEN5,4,BV1s8BvBPEN5,【杨博文｜4K舞台直拍】好运来祝你好运来～博文宝宝祝你新年好运来,关键时刻来瓶尖叫,2025-12-27 00:43:12,1913617,34841,17000,32298,18537,4332,4867,1
2026-08-16 10:00:06,https://www.bilibili.com/video/BV1jN64BKECs/?spm_id_from=333.337.search-card.all.click,5,BV1jN64BKECs,【杨博文｜4K直拍】跟着节奏一起《闭嘴跳舞》～,关键时刻来瓶尖叫,2026-02-01 20:20:32,1440264,26657,16075,22710,10010,2377,7181,2
2026-08-16 10:00:06,https://www.bilibili.com/video/BV1Lb6tBBEYC/?spm_id_from=333.1387.favlist.content.click&vd_source=bdf775a036c61c0159ac2f0c251aaeb7,6,BV1Lb6tBBEYC,【4K精剪】闭嘴跳舞 | 杨博文直拍 | 260201,underthepoplar,2026-02-02 00:00:55,356704,27435,14228,19309,9286,1837,3101,1
2026-08-16 10:00:06,https://www.bilibili.com/video/BV1mJ64BREZY/?spm_id_from=333.1387.favlist.content.click&vd_source=bdf775a036c61c0159ac2f0c251aaeb7,7,BV1mJ64BREZY,【杨博文】闭嘴跳舞丨当主舞穿上西装就会得到,Kismet丨杨博文,2026-02-01 18:31:00,620363,35117,4008,25448,7552,447,654,1
2026-08-16 10:00:06,https://www.bilibili.com/video/BV1XA6nBGEPV/?spm_id_from=333.1387.favlist.content.click,8,BV1XA6nBGEPV,【4K精剪】希区考克 作品152 | 杨博文直拍 | 260131,underthepoplar,2026-02-01 00:23:17,1942278,23811,22304,20042,19001,4014,6927,1
2026-08-16 10:00:06,https://www.bilibili.com/video/BV1JUK56tEh5/?spm_id_from=333.1387.favlist.content.click,9,BV1JUK56tEh5,【杨博文｜音乐现场】全程舒适！跟着标准答案出发不迷路｜《全世界陪我出发》4k横屏直拍,游园会_杨博文,2026-07-16 20:06:19,160506,8031,2382,3939,5073,1951,1799,1
2026-08-16 10:00:06,https://www.bilibili.com/video/BV1kFKG6pEPe/?spm_id_from=333.1387.favlist.content.click,10,BV1kFKG6pEPe,【杨博文】夏日运动会《全世界陪我出发》4K直拍,Eternity丨杨博文,2026-07-16 19:13:38,45079,5424,733,2941,2326,37,94,1
2026-08-16 10:00:06,BV1MGYnzrE9E,11,BV1MGYnzrE9E,杨博文跳 《Centuries》帅到窒息！！竖屏4K直拍,Kismet丨杨博文,2025-08-18 02:15:37,273693,12363,6780,7958,585,959,3381,1
2026-08-16 10:00:06,BV1TLYnzzEx9,12,BV1TLYnzzEx9,舞力全开！主舞大人爽飞全场 15岁少年「杨博文」尽情演绎《Go In Blind》,Astra_杨博文,2025-08-18 00:48:26,333941,9938,5869,8919,578,717,2604,1
2026-08-16 10:30:05,https://www.bilibili.com/video/BV1EGBCBmEo8/?spm_id_from=333.1387.favlist.content.click,0,BV1EGBCBmEo8,【杨博文｜4K高清直拍】魅魔级别的《Manta》舞台，看博文如何一yeah封神,关键时刻来瓶尖叫,2025-12-27 23:15:44,1018402,12654,9907,11511,12722,1101,2417,1
2026-08-16 10:30:05,https://www.bilibili.com/video/BV1A5vkB2E1k/?spm_id_from=333.1387.favlist.content.click,1,BV1A5vkB2E1k,【杨博文】Hey Mama六机位纯舞直拍丨15岁舞台统治者的诞生，四代主舞燃炸全场！,Kismet丨杨博文,2025-12-28 22:28:16,2796844,64630,45254,47377,25110,13624,21847,12
2026-08-16 10:30:05,https://www.bilibili.com/video/BV1EQK56xEZk/?spm_id_from=333.1387.favlist.content.click,2,BV1EQK56xEZk,【杨博文｜音乐现场】｜《全世界陪我出发》4K直拍，考核第一的大C位实在太亮眼！,关键时刻来瓶尖叫,2026-07-16 20:29:02,428155,12582,3325,7441,5680,11152,8526,2
2026-08-16 10:30:05,bilibili.com/video/BV1M9ePzaELH/?spm_id_from=333.337.search-card.all.click,3,BV1M9ePzaELH,「杨博文｜卡拉永远OK」突发舞台事故？我怎么没看见,Astra_杨博文,2025-08-19 22:15:30,999647,15174,5161,10665,10728,770,713,6
2026-08-16 10:30:05,BV1s8BvBPEN5,4,BV1s8BvBPEN5,【杨博文｜4K舞台直拍】好运来祝你好运来～博文宝宝祝你新年好运来,关键时刻来瓶尖叫,2025-12-27 00:43:12,1913630,34844,17002,32303,18542,4333,4867,1
2026-08-16 10:30:05,https://www.bilibili.com/video/BV1jN64BKECs/?spm_id_from=333.337.search-card.all.click,5,BV1jN64BKECs,【杨博文｜4K直拍】跟着节奏一起《闭嘴跳舞》～,关键时刻来瓶尖叫,2026-02-01 20:20:32,1440277,26658,16075,22714,10015,2377,7181,1
2026-08-16 10:30:05,https://www.bilibili.com/video/BV1Lb6tBBEYC/?spm_id_from=333.1387.favlist.content.click&vd_source=bdf775a036c61c0159ac2f0c251aaeb7,6,BV1Lb6tBBEYC,【4K精剪】闭嘴跳舞 | 杨博文直拍 | 260201,underthepoplar,2026-02-02 00:00:55,356716,27437,14230,19311,9292,1837,3101,1
2026-08-16 10:30:05,https://www.bilibili.com/video/BV1mJ64BREZY/?spm_id_from=333.1387.favlist.content.click&vd_source=bdf775a036c61c0159ac2f0c251aaeb7,7,BV1mJ64BREZY,【杨博文】闭嘴跳舞丨当主舞穿上西装就会得到,Kismet丨杨博文,2026-02-01 18:31:00,620366,35118,4010,25451,7557,447,654,1
2026-08-16 10:30:05,https://www.bilibili.com/video/BV1XA6nBGEPV/?spm_id_from=333.1387.favlist.content.click,8,BV1XA6nBGEPV,【4K精剪】希区考克 作品152 | 杨博文直拍 | 260131,underthepoplar,2026-02-01 00:23:17,1942296,23815,22306,20044,19001,4014,6927,1
2026-08-16 10:30:05,https://www.bilibili.com/video/BV1JUK56tEh5/?spm_id_from=333.1387.favlist.content.click,9,BV1JUK56tEh5,【杨博文｜音乐现场】全程舒适！跟着标准答案出发不迷路｜《全世界陪我出发》4k横屏直拍,游园会_杨博文,2026-07-16 20:06:19,160510,8031,2382,3941,5073,1951,1799,1
2026-08-16 10:30:05,https://www.bilibili.com/video/BV1kFKG6pEPe/?spm_id_from=333.1387.favlist.content.click,10,BV1kFKG6pEPe,【杨博文】夏日运动会《全世界陪我出发》4K直拍,Eternity丨杨博文,2026-07-16 19:13:38,45081,5424,733,2941,2326,37,94,1
2026-08-16 10:30:05,BV1MGYnzrE9E,11,BV1MGYnzrE9E,杨博文跳 《Centuries》帅到窒息！！竖屏4K直拍,Kismet丨杨博文,2025-08-18 02:15:37,273694,12363,6780,7960,585,959,3381,1
2026-08-16 10:30:05,BV1TLYnzzEx9,12,BV1TLYnzzEx9,舞力全开！主舞大人爽飞全场 15岁少年「杨博文」尽情演绎《Go In Blind》,Astra_杨博文,2025-08-18 00:48:26,333941,9938,5869,8920,578,717,2604,1
2026-08-16 11:00:06,https://www.bilibili.com/video/BV1EGBCBmEo8/?spm_id_from=333.1387.favlist.content.click,0,BV1EGBCBmEo8,【杨博文｜4K高清直拍】魅魔级别的《Manta》舞台，看博文如何一yeah封神,关键时刻来瓶尖叫,2025-12-27 23:15:44,1018402,12654,9907,11511,12722,1101,2417,1
2026-08-16 11:00:06,https://www.bilibili.com/video/BV1A5vkB2E1k/?spm_id_from=333.1387.favlist.content.click,1,BV1A5vkB2E1k,【杨博文】Hey Mama六机位纯舞直拍丨15岁舞台统治者的诞生，四代主舞燃炸全场！,Kismet丨杨博文,2025-12-28 22:28:16,2796877,64636,45254,47384,25113,13624,21848,15
2026-08-16 11:00:06,https://www.bilibili.com/video/BV1EQK56xEZk/?spm_id_from=333.1387.favlist.content.click,2,BV1EQK56xEZk,【杨博文｜音乐现场】｜《全世界陪我出发》4K直拍，考核第一的大C位实在太亮眼！,关键时刻来瓶尖叫,2026-07-16 20:29:02,428179,12583,3325,7441,5680,11152,8526,2
2026-08-16 11:00:06,bilibili.com/video/BV1M9ePzaELH/?spm_id_from=333.337.search-card.all.click,3,BV1M9ePzaELH,「杨博文｜卡拉永远OK」突发舞台事故？我怎么没看见,Astra_杨博文,2025-08-19 22:15:30,999689,15174,5161,10666,10728,770,713,13
2026-08-16 11:00:06,BV1s8BvBPEN5,4,BV1s8BvBPEN5,【杨博文｜4K舞台直拍】好运来祝你好运来～博文宝宝祝你新年好运来,关键时刻来瓶尖叫,2025-12-27 00:43:12,1913637,34845,17002,32305,18545,4333,4867,1
2026-08-16 11:00:06,https://www.bilibili.com/video/BV1jN64BKECs/?spm_id_from=333.337.search-card.all.click,5,BV1jN64BKECs,【杨博文｜4K直拍】跟着节奏一起《闭嘴跳舞》～,关键时刻来瓶尖叫,2026-02-01 20:20:32,1440293,26659,16075,22716,10018,2377,7181,2
2026-08-16 11:00:06,https://www.bilibili.com/video/BV1Lb6tBBEYC/?spm_id_from=333.1387.favlist.content.click&vd_source=bdf775a036c61c0159ac2f0c251aaeb7,6,BV1Lb6tBBEYC,【4K精剪】闭嘴跳舞 | 杨博文直拍 | 260201,underthepoplar,2026-02-02 00:00:55,356722,27437,14230,19312,9295,1837,3101,1
2026-08-16 11:00:06,https://www.bilibili.com/video/BV1mJ64BREZY/?spm_id_from=333.1387.favlist.content.click&vd_source=bdf775a036c61c0159ac2f0c251aaeb7,7,BV1mJ64BREZY,【杨博文】闭嘴跳舞丨当主舞穿上西装就会得到,Kismet丨杨博文,2026-02-01 18:31:00,620370,35119,4010,25451,7560,447,654,1
2026-08-16 11:00:06,https://www.bilibili.com/video/BV1XA6nBGEPV/?spm_id_from=333.1387.favlist.content.click,8,BV1XA6nBGEPV,【4K精剪】希区考克 作品152 | 杨博文直拍 | 260131,underthepoplar,2026-02-01 00:23:17,1942305,23817,22306,20046,19001,4014,6927,1
2026-08-16 11:00:06,https://www.bilibili.com/video/BV1JUK56tEh5/?spm_id_from=333.1387.favlist.content.click,9,BV1JUK56tEh5,【杨博文｜音乐现场】全程舒适！跟着标准答案出发不迷路｜《全世界陪我出发》4k横屏直拍,游园会_杨博文,2026-07-16 20:06:19,160514,8031,2382,3941,5073,1951,1799,1
2026-08-16 11:00:06,https://www.bilibili.com/video/BV1kFKG6pEPe/?spm_id_from=333.1387.favlist.content.click,10,BV1kFKG6pEPe,【杨博文】夏日运动会《全世界陪我出发》4K直拍,Eternity丨杨博文,2026-07-16 19:13:38,45084,5424,733,2941,2326,37,94,1
2026-08-16 11:00:06,BV1MGYnzrE9E,11,BV1MGYnzrE9E,杨博文跳 《Centuries》帅到窒息！！竖屏4K直拍,Kismet丨杨博文,2025-08-18 02:15:37,273695,12363,6780,7960,585,959,3381,1
2026-08-16 11:00:06,BV1TLYnzzEx9,12,BV1TLYnzzEx9,舞力全开！主舞大人爽飞全场 15岁少年「杨博文」尽情演绎《Go In Blind》,Astra_杨博文,2025-08-18 00:48:26,333941,9938,5869,8921,578,717,2604,1
2026-08-16 11:30:05,https://www.bilibili.com/video/BV1EGBCBmEo8/?spm_id_from=333.1387.favlist.content.click,0,BV1EGBCBmEo8,【杨博文｜4K高清直拍】魅魔级别的《Manta》舞台，看博文如何一yeah封神,关键时刻来瓶尖叫,2025-12-27 23:15:44,1018403,12654,9907,11510,12722,1101,2417,1
2026-08-16 11:30:05,https://www.bilibili.com/video/BV1A5vkB2E1k/?spm_id_from=333.1387.favlist.content.click,1,BV1A5vkB2E1k,【杨博文】Hey Mama六机位纯舞直拍丨15岁舞台统治者的诞生，四代主舞燃炸全场！,Kismet丨杨博文,2025-12-28 22:28:16,2796912,64640,45257,47393,25113,13625,21849,16
2026-08-16 11:30:05,https://www.bilibili.com/video/BV1EQK56xEZk/?spm_id_from=333.1387.favlist.content.click,2,BV1EQK56xEZk,【杨博文｜音乐现场】｜《全世界陪我出发》4K直拍，考核第一的大C位实在太亮眼！,关键时刻来瓶尖叫,2026-07-16 20:29:02,428200,12585,3327,7442,5680,11152,8526,1
2026-08-16 11:30:05,bilibili.com/video/BV1M9ePzaELH/?spm_id_from=333.337.search-card.all.click,3,BV1M9ePzaELH,「杨博文｜卡拉永远OK」突发舞台事故？我怎么没看见,Astra_杨博文,2025-08-19 22:15:30,999745,15174,5161,10665,10728,776,713,12
2026-08-16 11:30:05,BV1s8BvBPEN5,4,BV1s8BvBPEN5,【杨博文｜4K舞台直拍】好运来祝你好运来～博文宝宝祝你新年好运来,关键时刻来瓶尖叫,2025-12-27 00:43:12,1913643,34845,17002,32307,18545,4333,4867,1
2026-08-16 11:30:05,https://www.bilibili.com/video/BV1jN64BKECs/?spm_id_from=333.337.search-card.all.click,5,BV1jN64BKECs,【杨博文｜4K直拍】跟着节奏一起《闭嘴跳舞》～,关键时刻来瓶尖叫,2026-02-01 20:20:32,1440315,26659,16075,22719,10018,2377,7181,1
2026-08-16 11:30:05,https://www.bilibili.com/video/BV1Lb6tBBEYC/?spm_id_from=333.1387.favlist.content.click&vd_source=bdf775a036c61c0159ac2f0c251aaeb7,6,BV1Lb6tBBEYC,【4K精剪】闭嘴跳舞 | 杨博文直拍 | 260201,underthepoplar,2026-02-02 00:00:55,356738,27438,14230,19313,9295,1837,3101,1
2026-08-16 11:30:05,https://www.bilibili.com/video/BV1mJ64BREZY/?spm_id_from=333.1387.favlist.content.click&vd_source=bdf775a036c61c0159ac2f0c251aaeb7,7,BV1mJ64BREZY,【杨博文】闭嘴跳舞丨当主舞穿上西装就会得到,Kismet丨杨博文,2026-02-01 18:31:00,620370,35119,4010,25451,7560,447,654,1
2026-08-16 11:30:05,https://www.bilibili.com/video/BV1XA6nBGEPV/?spm_id_from=333.1387.favlist.content.click,8,BV1XA6nBGEPV,【4K精剪】希区考克 作品152 | 杨博文直拍 | 260131,underthepoplar,2026-02-01 00:23:17,1942320,23818,22306,20047,19001,4014,6927,1
2026-08-16 11:30:05,https://www.bilibili.com/video/BV1JUK56tEh5/?spm_id_from=333.1387.favlist.content.click,9,BV1JUK56tEh5,【杨博文｜音乐现场】全程舒适！跟着标准答案出发不迷路｜《全世界陪我出发》4k横屏直拍,游园会_杨博文,2026-07-16 20:06:19,160519,8032,2384,3942,5073,1951,1799,1
2026-08-16 11:30:05,https://www.bilibili.com/video/BV1kFKG6pEPe/?spm_id_from=333.1387.favlist.content.click,10,BV1kFKG6pEPe,【杨博文】夏日运动会《全世界陪我出发》4K直拍,Eternity丨杨博文,2026-07-16 19:13:38,45088,5426,733,2942,2326,37,94,1
2026-08-16 11:30:05,BV1MGYnzrE9E,11,BV1MGYnzrE9E,杨博文跳 《Centuries》帅到窒息！！竖屏4K直拍,Kismet丨杨博文,2025-08-18 02:15:37,273695,12363,6780,7959,585,959,3381,1
2026-08-16 11:30:05,BV1TLYnzzEx9,12,BV1TLYnzzEx9,舞力全开！主舞大人爽飞全场 15岁少年「杨博文」尽情演绎《Go In Blind》,Astra_杨博文,2025-08-18 00:48:26,333941,9938,5869,8920,578,717,2604,1
2026-08-16 12:00:05,https://www.bilibili.com/video/BV1EGBCBmEo8/?spm_id_from=333.1387.favlist.content.click,0,BV1EGBCBmEo8,【杨博文｜4K高清直拍】魅魔级别的《Manta》舞台，看博文如何一yeah封神,关键时刻来瓶尖叫,2025-12-27 23:15:44,1018403,12654,9907,11510,12722,1101,2417,1
2026-08-16 12:00:05,https://www.bilibili.com/video/BV1A5vkB2E1k/?spm_id_from=333.1387.favlist.content.click,1,BV1A5vkB2E1k,【杨博文】Hey Mama六机位纯舞直拍丨15岁舞台统治者的诞生，四代主舞燃炸全场！,Kismet丨杨博文,2025-12-28 22:28:16,2796949,64646,45258,47401,25114,13626,21853,12
2026-08-16 12:00:05,https://www.bilibili.com/video/BV1EQK56xEZk/?spm_id_from=333.1387.favlist.content.click,2,BV1EQK56xEZk,【杨博文｜音乐现场】｜《全世界陪我出发》4K直拍，考核第一的大C位实在太亮眼！,关键时刻来瓶尖叫,2026-07-16 20:29:02,428225,12586,3327,7443,5680,11152,8526,1
2026-08-16 12:00:05,bilibili.com/video/BV1M9ePzaELH/?spm_id_from=333.337.search-card.all.click,3,BV1M9ePzaELH,「杨博文｜卡拉永远OK」突发舞台事故？我怎么没看见,Astra_杨博文,2025-08-19 22:15:30,999797,15175,5161,10666,10728,776,713,8
2026-08-16 12:00:05,BV1s8BvBPEN5,4,BV1s8BvBPEN5,【杨博文｜4K舞台直拍】好运来祝你好运来～博文宝宝祝你新年好运来,关键时刻来瓶尖叫,2025-12-27 00:43:12,1913648,34846,17002,32309,18546,4333,4867,1
2026-08-16 12:00:05,https://www.bilibili.com/video/BV1jN64BKECs/?spm_id_from=333.337.search-card.all.click,5,BV1jN64BKECs,【杨博文｜4K直拍】跟着节奏一起《闭嘴跳舞》～,关键时刻来瓶尖叫,2026-02-01 20:20:32,1440334,26660,16075,22720,10019,2377,7181,1
2026-08-16 12:00:05,https://www.bilibili.com/video/BV1Lb6tBBEYC/?spm_id_from=333.1387.favlist.content.click&vd_source=bdf775a036c61c0159ac2f0c251aaeb7,6,BV1Lb6tBBEYC,【4K精剪】闭嘴跳舞 | 杨博文直拍 | 260201,underthepoplar,2026-02-02 00:00:55,356745,27438,14230,19313,9295,1837,3101,1
2026-08-16 12:00:05,https://www.bilibili.com/video/BV1mJ64BREZY/?spm_id_from=333.1387.favlist.content.click&vd_source=bdf775a036c61c0159ac2f0c251aaeb7,7,BV1mJ64BREZY,【杨博文】闭嘴跳舞丨当主舞穿上西装就会得到,Kismet丨杨博文,2026-02-01 18:31:00,620371,35119,4010,25451,7561,447,654,1
2026-08-16 12:00:05,https://www.bilibili.com/video/BV1XA6nBGEPV/?spm_id_from=333.1387.favlist.content.click,8,BV1XA6nBGEPV,【4K精剪】希区考克 作品152 | 杨博文直拍 | 260131,underthepoplar,2026-02-01 00:23:17,1942329,23819,22306,20048,19001,4014,6927,1
2026-08-16 12:00:05,https://www.bilibili.com/video/BV1JUK56tEh5/?spm_id_from=333.1387.favlist.content.click,9,BV1JUK56tEh5,【杨博文｜音乐现场】全程舒适！跟着标准答案出发不迷路｜《全世界陪我出发》4k横屏直拍,游园会_杨博文,2026-07-16 20:06:19,160529,8033,2384,3942,5073,1951,1799,1
2026-08-16 12:00:05,https://www.bilibili.com/video/BV1kFKG6pEPe/?spm_id_from=333.1387.favlist.content.click,10,BV1kFKG6pEPe,【杨博文】夏日运动会《全世界陪我出发》4K直拍,Eternity丨杨博文,2026-07-16 19:13:38,45092,5427,733,2943,2326,37,94,2
2026-08-16 12:00:05,BV1MGYnzrE9E,11,BV1MGYnzrE9E,杨博文跳 《Centuries》帅到窒息！！竖屏4K直拍,Kismet丨杨博文,2025-08-18 02:15:37,273697,12363,6780,7959,585,959,3381,1
2026-08-16 12:00:05,BV1TLYnzzEx9,12,BV1TLYnzzEx9,舞力全开！主舞大人爽飞全场 15岁少年「杨博文」尽情演绎《Go In Blind》,Astra_杨博文,2025-08-18 00:48:26,333941,9938,5869,8920,578,717,2604,1
2026-08-16 12:30:04,https://www.bilibili.com/video/BV1EGBCBmEo8/?spm_id_from=333.1387.favlist.content.click,0,BV1EGBCBmEo8,【杨博文｜4K高清直拍】魅魔级别的《Manta》舞台，看博文如何一yeah封神,关键时刻来瓶尖叫,2025-12-27 23:15:44,1018406,12656,9909,11511,12722,1101,2417,1
2026-08-16 12:30:04,https://www.bilibili.com/video/BV1A5vkB2E1k/?spm_id_from=333.1387.favlist.content.click,1,BV1A5vkB2E1k,【杨博文】Hey Mama六机位纯舞直拍丨15岁舞台统治者的诞生，四代主舞燃炸全场！,Kismet丨杨博文,2025-12-28 22:28:16,2796981,64651,45262,47407,25119,13626,21853,10
2026-08-16 12:30:04,https://www.bilibili.com/video/BV1EQK56xEZk/?spm_id_from=333.1387.favlist.content.click,2,BV1EQK56xEZk,【杨博文｜音乐现场】｜《全世界陪我出发》4K直拍，考核第一的大C位实在太亮眼！,关键时刻来瓶尖叫,2026-07-16 20:29:02,428264,12590,3329,7444,5680,11152,8526,1
2026-08-16 12:30:04,bilibili.com/video/BV1M9ePzaELH/?spm_id_from=333.337.search-card.all.click,3,BV1M9ePzaELH,「杨博文｜卡拉永远OK」突发舞台事故？我怎么没看见,Astra_杨博文,2025-08-19 22:15:30,999860,15179,5165,10669,10728,776,716,9
2026-08-16 12:30:04,BV1s8BvBPEN5,4,BV1s8BvBPEN5,【杨博文｜4K舞台直拍】好运来祝你好运来～博文宝宝祝你新年好运来,关键时刻来瓶尖叫,2025-12-27 00:43:12,1913652,34847,17002,32310,18551,4333,4867,1
2026-08-16 12:30:04,https://www.bilibili.com/video/BV1jN64BKECs/?spm_id_from=333.337.search-card.all.click,5,BV1jN64BKECs,【杨博文｜4K直拍】跟着节奏一起《闭嘴跳舞》～,关键时刻来瓶尖叫,2026-02-01 20:20:32,1440351,26663,16077,22722,10025,2377,7181,1
2026-08-16 12:30:04,https://www.bilibili.com/video/BV1Lb6tBBEYC/?spm_id_from=333.1387.favlist.content.click&vd_source=bdf775a036c61c0159ac2f0c251aaeb7,6,BV1Lb6tBBEYC,【4K精剪】闭嘴跳舞 | 杨博文直拍 | 260201,underthepoplar,2026-02-02 00:00:55,356755,27439,14230,19313,9301,1837,3101,1
2026-08-16 12:30:04,https://www.bilibili.com/video/BV1mJ64BREZY/?spm_id_from=333.1387.favlist.content.click&vd_source=bdf775a036c61c0159ac2f0c251aaeb7,7,BV1mJ64BREZY,【杨博文】闭嘴跳舞丨当主舞穿上西装就会得到,Kismet丨杨博文,2026-02-01 18:31:00,620373,35119,4010,25451,7566,447,654,1
2026-08-16 12:30:04,https://www.bilibili.com/video/BV1XA6nBGEPV/?spm_id_from=333.1387.favlist.content.click,8,BV1XA6nBGEPV,【4K精剪】希区考克 作品152 | 杨博文直拍 | 260131,underthepoplar,2026-02-01 00:23:17,1942336,23820,22306,20049,19001,4014,6927,1
2026-08-16 12:30:04,https://www.bilibili.com/video/BV1JUK56tEh5/?spm_id_from=333.1387.favlist.content.click,9,BV1JUK56tEh5,【杨博文｜音乐现场】全程舒适！跟着标准答案出发不迷路｜《全世界陪我出发》4k横屏直拍,游园会_杨博文,2026-07-16 20:06:19,160531,8034,2384,3942,5073,1951,1799,1
2026-08-16 12:30:04,https://www.bilibili.com/video/BV1kFKG6pEPe/?spm_id_from=333.1387.favlist.content.click,10,BV1kFKG6pEPe,【杨博文】夏日运动会《全世界陪我出发》4K直拍,Eternity丨杨博文,2026-07-16 19:13:38,45097,5427,733,2943,2326,37,94,1
2026-08-16 12:30:04,BV1MGYnzrE9E,11,BV1MGYnzrE9E,杨博文跳 《Centuries》帅到窒息！！竖屏4K直拍,Kismet丨杨博文,2025-08-18 02:15:37,273698,12363,6780,7959,585,959,3381,1
2026-08-16 12:30:04,BV1TLYnzzEx9,12,BV1TLYnzzEx9,舞力全开！主舞大人爽飞全场 15岁少年「杨博文」尽情演绎《Go In Blind》,Astra_杨博文,2025-08-18 00:48:26,333944,9938,5869,8920,578,717,2604,1
2026-08-16 13:00:04,https://www.bilibili.com/video/BV1EGBCBmEo8/?spm_id_from=333.1387.favlist.content.click,0,BV1EGBCBmEo8,【杨博文｜4K高清直拍】魅魔级别的《Manta》舞台，看博文如何一yeah封神,关键时刻来瓶尖叫,2025-12-27 23:15:44,1018413,12657,9909,11510,12722,1101,2417,1
2026-08-16 13:00:04,https://www.bilibili.com/video/BV1A5vkB2E1k/?spm_id_from=333.1387.favlist.content.click,1,BV1A5vkB2E1k,【杨博文】Hey Mama六机位纯舞直拍丨15岁舞台统治者的诞生，四代主舞燃炸全场！,Kismet丨杨博文,2025-12-28 22:28:16,2797009,64653,45262,47410,25125,13626,21855,16
2026-08-16 13:00:04,https://www.bilibili.com/video/BV1EQK56xEZk/?spm_id_from=333.1387.favlist.content.click,2,BV1EQK56xEZk,【杨博文｜音乐现场】｜《全世界陪我出发》4K直拍，考核第一的大C位实在太亮眼！,关键时刻来瓶尖叫,2026-07-16 20:29:02,428296,12592,3330,7445,5680,11152,8526,1
2026-08-16 13:00:04,bilibili.com/video/BV1M9ePzaELH/?spm_id_from=333.337.search-card.all.click,3,BV1M9ePzaELH,「杨博文｜卡拉永远OK」突发舞台事故？我怎么没看见,Astra_杨博文,2025-08-19 22:15:30,999923,15180,5167,10668,10728,776,716,12
2026-08-16 13:00:04,BV1s8BvBPEN5,4,BV1s8BvBPEN5,【杨博文｜4K舞台直拍】好运来祝你好运来～博文宝宝祝你新年好运来,关键时刻来瓶尖叫,2025-12-27 00:43:12,1913660,34847,17002,32311,18556,4333,4867,1
2026-08-16 13:00:04,https://www.bilibili.com/video/BV1jN64BKECs/?spm_id_from=333.337.search-card.all.click,5,BV1jN64BKECs,【杨博文｜4K直拍】跟着节奏一起《闭嘴跳舞》～,关键时刻来瓶尖叫,2026-02-01 20:20:32,1440374,26663,16077,22723,10030,2377,7181,2
2026-08-16 13:00:04,https://www.bilibili.com/video/BV1Lb6tBBEYC/?spm_id_from=333.1387.favlist.content.click&vd_source=bdf775a036c61c0159ac2f0c251aaeb7,6,BV1Lb6tBBEYC,【4K精剪】闭嘴跳舞 | 杨博文直拍 | 260201,underthepoplar,2026-02-02 00:00:55,356767,27439,14230,19314,9305,1837,3101,1
2026-08-16 13:00:04,https://www.bilibili.com/video/BV1mJ64BREZY/?spm_id_from=333.1387.favlist.content.click&vd_source=bdf775a036c61c0159ac2f0c251aaeb7,7,BV1mJ64BREZY,【杨博文】闭嘴跳舞丨当主舞穿上西装就会得到,Kismet丨杨博文,2026-02-01 18:31:00,620373,35119,4010,25451,7571,447,654,1
2026-08-16 13:00:04,https://www.bilibili.com/video/BV1XA6nBGEPV/?spm_id_from=333.1387.favlist.content.click,8,BV1XA6nBGEPV,【4K精剪】希区考克 作品152 | 杨博文直拍 | 260131,underthepoplar,2026-02-01 00:23:17,1942348,23821,22306,20051,19001,4014,6927,1
2026-08-16 13:00:04,https://www.bilibili.com/video/BV1JUK56tEh5/?spm_id_from=333.1387.favlist.content.click,9,BV1JUK56tEh5,【杨博文｜音乐现场】全程舒适！跟着标准答案出发不迷路｜《全世界陪我出发》4k横屏直拍,游园会_杨博文,2026-07-16 20:06:19,160537,8034,2384,3941,5073,1951,1799,1
2026-08-16 13:00:04,https://www.bilibili.com/video/BV1kFKG6pEPe/?spm_id_from=333.1387.favlist.content.click,10,BV1kFKG6pEPe,【杨博文】夏日运动会《全世界陪我出发》4K直拍,Eternity丨杨博文,2026-07-16 19:13:38,45102,5427,733,2943,2326,37,94,1
2026-08-16 13:00:04,BV1MGYnzrE9E,11,BV1MGYnzrE9E,杨博文跳 《Centuries》帅到窒息！！竖屏4K直拍,Kismet丨杨博文,2025-08-18 02:15:37,273699,12363,6780,7959,585,959,3381,1
2026-08-16 13:00:04,BV1TLYnzzEx9,12,BV1TLYnzzEx9,舞力全开！主舞大人爽飞全场 15岁少年「杨博文」尽情演绎《Go In Blind》,Astra_杨博文,2025-08-18 00:48:26,333944,9938,5869,8920,578,717,2604,1
2026-08-16 13:30:04,https://www.bilibili.com/video/BV1EGBCBmEo8/?spm_id_from=333.1387.favlist.content.click,0,BV1EGBCBmEo8,【杨博文｜4K高清直拍】魅魔级别的《Manta》舞台，看博文如何一yeah封神,关键时刻来瓶尖叫,2025-12-27 23:15:44,1018413,12657,9909,11508,12722,1101,2417,1
2026-08-16 13:30:04,https://www.bilibili.com/video/BV1A5vkB2E1k/?spm_id_from=333.1387.favlist.content.click,1,BV1A5vkB2E1k,【杨博文】Hey Mama六机位纯舞直拍丨15岁舞台统治者的诞生，四代主舞燃炸全场！,Kismet丨杨博文,2025-12-28 22:28:16,2797051,64656,45262,47416,25127,13626,21856,12
2026-08-16 13:30:04,https://www.bilibili.com/video/BV1EQK56xEZk/?spm_id_from=333.1387.favlist.content.click,2,BV1EQK56xEZk,【杨博文｜音乐现场】｜《全世界陪我出发》4K直拍，考核第一的大C位实在太亮眼！,关键时刻来瓶尖叫,2026-07-16 20:29:02,428315,12593,3330,7446,5680,11152,8526,1
2026-08-16 13:30:04,bilibili.com/video/BV1M9ePzaELH/?spm_id_from=333.337.search-card.all.click,3,BV1M9ePzaELH,「杨博文｜卡拉永远OK」突发舞台事故？我怎么没看见,Astra_杨博文,2025-08-19 22:15:30,999975,15180,5167,10669,10728,776,716,7
2026-08-16 13:30:04,BV1s8BvBPEN5,4,BV1s8BvBPEN5,【杨博文｜4K舞台直拍】好运来祝你好运来～博文宝宝祝你新年好运来,关键时刻来瓶尖叫,2025-12-27 00:43:12,1913664,34847,17002,32309,18559,4333,4867,1
2026-08-16 13:30:04,https://www.bilibili.com/video/BV1jN64BKECs/?spm_id_from=333.337.search-card.all.click,5,BV1jN64BKECs,【杨博文｜4K直拍】跟着节奏一起《闭嘴跳舞》～,关键时刻来瓶尖叫,2026-02-01 20:20:32,1440385,26663,16077,22722,10033,2377,7182,1
2026-08-16 13:30:04,https://www.bilibili.com/video/BV1Lb6tBBEYC/?spm_id_from=333.1387.favlist.content.click&vd_source=bdf775a036c61c0159ac2f0c251aaeb7,6,BV1Lb6tBBEYC,【4K精剪】闭嘴跳舞 | 杨博文直拍 | 260201,underthepoplar,2026-02-02 00:00:55,356781,27441,14230,19318,9309,1837,3101,1
2026-08-16 13:30:04,https://www.bilibili.com/video/BV1mJ64BREZY/?spm_id_from=333.1387.favlist.content.click&vd_source=bdf775a036c61c0159ac2f0c251aaeb7,7,BV1mJ64BREZY,【杨博文】闭嘴跳舞丨当主舞穿上西装就会得到,Kismet丨杨博文,2026-02-01 18:31:00,620380,35120,4010,25450,7574,447,654,1
2026-08-16 13:30:04,https://www.bilibili.com/video/BV1XA6nBGEPV/?spm_id_from=333.1387.favlist.content.click,8,BV1XA6nBGEPV,【4K精剪】希区考克 作品152 | 杨博文直拍 | 260131,underthepoplar,2026-02-01 00:23:17,1942356,23821,22306,20050,19001,4014,6927,1
2026-08-16 13:30:04,https://www.bilibili.com/video/BV1JUK56tEh5/?spm_id_from=333.1387.favlist.content.click,9,BV1JUK56tEh5,【杨博文｜音乐现场】全程舒适！跟着标准答案出发不迷路｜《全世界陪我出发》4k横屏直拍,游园会_杨博文,2026-07-16 20:06:19,160542,8036,2384,3940,5073,1951,1799,1
2026-08-16 13:30:04,https://www.bilibili.com/video/BV1kFKG6pEPe/?spm_id_from=333.1387.favlist.content.click,10,BV1kFKG6pEPe,【杨博文】夏日运动会《全世界陪我出发》4K直拍,Eternity丨杨博文,2026-07-16 19:13:38,45108,5429,733,2943,2326,37,94,1
2026-08-16 13:30:04,BV1MGYnzrE9E,11,BV1MGYnzrE9E,杨博文跳 《Centuries》帅到窒息！！竖屏4K直拍,Kismet丨杨博文,2025-08-18 02:15:37,273699,12363,6780,7959,585,959,3381,1
2026-08-16 13:30:04,BV1TLYnzzEx9,12,BV1TLYnzzEx9,舞力全开！主舞大人爽飞全场 15岁少年「杨博文」尽情演绎《Go In Blind》,Astra_杨博文,2025-08-18 00:48:26,333945,9938,5869,8920,578,717,2604,1
2026-08-16 14:00:04,https://www.bilibili.com/video/BV1EGBCBmEo8/?spm_id_from=333.1387.favlist.content.click,0,BV1EGBCBmEo8,【杨博文｜4K高清直拍】魅魔级别的《Manta》舞台，看博文如何一yeah封神,关键时刻来瓶尖叫,2025-12-27 23:15:44,1018416,12657,9909,11509,12722,1101,2417,1
2026-08-16 14:00:04,https://www.bilibili.com/video/BV1A5vkB2E1k/?spm_id_from=333.1387.favlist.content.click,1,BV1A5vkB2E1k,【杨博文】Hey Mama六机位纯舞直拍丨15岁舞台统治者的诞生，四代主舞燃炸全场！,Kismet丨杨博文,2025-12-28 22:28:16,2797087,64660,45266,47421,25127,13626,21856,16
2026-08-16 14:00:04,https://www.bilibili.com/video/BV1EQK56xEZk/?spm_id_from=333.1387.favlist.content.click,2,BV1EQK56xEZk,【杨博文｜音乐现场】｜《全世界陪我出发》4K直拍，考核第一的大C位实在太亮眼！,关键时刻来瓶尖叫,2026-07-16 20:29:02,428337,12594,3332,7448,5680,11152,8526,1
2026-08-16 14:00:04,bilibili.com/video/BV1M9ePzaELH/?spm_id_from=333.337.search-card.all.click,3,BV1M9ePzaELH,「杨博文｜卡拉永远OK」突发舞台事故？我怎么没看见,Astra_杨博文,2025-08-19 22:15:30,1000035,15180,5167,10669,10728,776,716,8
2026-08-16 14:00:04,BV1s8BvBPEN5,4,BV1s8BvBPEN5,【杨博文｜4K舞台直拍】好运来祝你好运来～博文宝宝祝你新年好运来,关键时刻来瓶尖叫,2025-12-27 00:43:12,1913673,34848,17002,32310,18559,4333,4867,1
2026-08-16 14:00:04,https://www.bilibili.com/video/BV1jN64BKECs/?spm_id_from=333.337.search-card.all.click,5,BV1jN64BKECs,【杨博文｜4K直拍】跟着节奏一起《闭嘴跳舞》～,关键时刻来瓶尖叫,2026-02-01 20:20:32,1440407,26665,16077,22725,10033,2377,7182,1
2026-08-16 14:00:04,https://www.bilibili.com/video/BV1Lb6tBBEYC/?spm_id_from=333.1387.favlist.content.click&vd_source=bdf775a036c61c0159ac2f0c251aaeb7,6,BV1Lb6tBBEYC,【4K精剪】闭嘴跳舞 | 杨博文直拍 | 260201,underthepoplar,2026-02-02 00:00:55,356794,27440,14232,19319,9309,1837,3101,1
2026-08-16 14:00:04,https://www.bilibili.com/video/BV1mJ64BREZY/?spm_id_from=333.1387.favlist.content.click&vd_source=bdf775a036c61c0159ac2f0c251aaeb7,7,BV1mJ64BREZY,【杨博文】闭嘴跳舞丨当主舞穿上西装就会得到,Kismet丨杨博文,2026-02-01 18:31:00,620382,35120,4010,25450,7574,447,654,1
2026-08-16 14:00:04,https://www.bilibili.com/video/BV1XA6nBGEPV/?spm_id_from=333.1387.favlist.content.click,8,BV1XA6nBGEPV,【4K精剪】希区考克 作品152 | 杨博文直拍 | 260131,underthepoplar,2026-02-01 00:23:17,1942372,23822,22306,20051,19001,4014,6927,1
2026-08-16 14:00:04,https://www.bilibili.com/video/BV1JUK56tEh5/?spm_id_from=333.1387.favlist.content.click,9,BV1JUK56tEh5,【杨博文｜音乐现场】全程舒适！跟着标准答案出发不迷路｜《全世界陪我出发》4k横屏直拍,游园会_杨博文,2026-07-16 20:06:19,160548,8037,2384,3941,5073,1951,1799,1
2026-08-16 14:00:04,https://www.bilibili.com/video/BV1kFKG6pEPe/?spm_id_from=333.1387.favlist.content.click,10,BV1kFKG6pEPe,【杨博文】夏日运动会《全世界陪我出发》4K直拍,Eternity丨杨博文,2026-07-16 19:13:38,45109,5430,733,2943,2326,37,94,1
2026-08-16 14:00:04,BV1MGYnzrE9E,11,BV1MGYnzrE9E,杨博文跳 《Centuries》帅到窒息！！竖屏4K直拍,Kismet丨杨博文,2025-08-18 02:15:37,273699,12363,6780,7959,585,959,3381,1
2026-08-16 14:00:04,BV1TLYnzzEx9,12,BV1TLYnzzEx9,舞力全开！主舞大人爽飞全场 15岁少年「杨博文」尽情演绎《Go In Blind》,Astra_杨博文,2025-08-18 00:48:26,333946,9938,5869,8920,578,717,2604,1
2026-08-16 14:30:03,https://www.bilibili.com/video/BV1EGBCBmEo8/?spm_id_from=333.1387.favlist.content.click,0,BV1EGBCBmEo8,【杨博文｜4K高清直拍】魅魔级别的《Manta》舞台，看博文如何一yeah封神,关键时刻来瓶尖叫,2025-12-27 23:15:44,1018416,12657,9909,11509,12722,1101,2417,1
2026-08-16 14:30:03,https://www.bilibili.com/video/BV1A5vkB2E1k/?spm_id_from=333.1387.favlist.content.click,1,BV1A5vkB2E1k,【杨博文】Hey Mama六机位纯舞直拍丨15岁舞台统治者的诞生，四代主舞燃炸全场！,Kismet丨杨博文,2025-12-28 22:28:16,2797127,64664,45268,47424,25134,13626,21856,15
2026-08-16 14:30:03,https://www.bilibili.com/video/BV1EQK56xEZk/?spm_id_from=333.1387.favlist.content.click,2,BV1EQK56xEZk,【杨博文｜音乐现场】｜《全世界陪我出发》4K直拍，考核第一的大C位实在太亮眼！,关键时刻来瓶尖叫,2026-07-16 20:29:02,428364,12595,3332,7449,5680,11152,8526,1
2026-08-16 14:30:03,bilibili.com/video/BV1M9ePzaELH/?spm_id_from=333.337.search-card.all.click,3,BV1M9ePzaELH,「杨博文｜卡拉永远OK」突发舞台事故？我怎么没看见,Astra_杨博文,2025-08-19 22:15:30,1000091,15180,5167,10669,10728,776,716,10
2026-08-16 14:30:03,BV1s8BvBPEN5,4,BV1s8BvBPEN5,【杨博文｜4K舞台直拍】好运来祝你好运来～博文宝宝祝你新年好运来,关键时刻来瓶尖叫,2025-12-27 00:43:12,1913677,34848,17002,32310,18565,4333,4867,1
2026-08-16 14:30:03,https://www.bilibili.com/video/BV1jN64BKECs/?spm_id_from=333.337.search-card.all.click,5,BV1jN64BKECs,【杨博文｜4K直拍】跟着节奏一起《闭嘴跳舞》～,关键时刻来瓶尖叫,2026-02-01 20:20:32,1440432,26667,16079,22727,10039,2377,7182,1
2026-08-16 14:30:03,https://www.bilibili.com/video/BV1Lb6tBBEYC/?spm_id_from=333.1387.favlist.content.click&vd_source=bdf775a036c61c0159ac2f0c251aaeb7,6,BV1Lb6tBBEYC,【4K精剪】闭嘴跳舞 | 杨博文直拍 | 260201,underthepoplar,2026-02-02 00:00:55,356804,27442,14232,19319,9315,1837,3101,1
2026-08-16 14:30:03,https://www.bilibili.com/video/BV1mJ64BREZY/?spm_id_from=333.1387.favlist.content.click&vd_source=bdf775a036c61c0159ac2f0c251aaeb7,7,BV1mJ64BREZY,【杨博文】闭嘴跳舞丨当主舞穿上西装就会得到,Kismet丨杨博文,2026-02-01 18:31:00,620382,35120,4010,25450,7580,447,654,1
2026-08-16 14:30:03,https://www.bilibili.com/video/BV1XA6nBGEPV/?spm_id_from=333.1387.favlist.content.click,8,BV1XA6nBGEPV,【4K精剪】希区考克 作品152 | 杨博文直拍 | 260131,underthepoplar,2026-02-01 00:23:17,1942379,23822,22306,20051,19001,4014,6927,1
2026-08-16 14:30:03,https://www.bilibili.com/video/BV1JUK56tEh5/?spm_id_from=333.1387.favlist.content.click,9,BV1JUK56tEh5,【杨博文｜音乐现场】全程舒适！跟着标准答案出发不迷路｜《全世界陪我出发》4k横屏直拍,游园会_杨博文,2026-07-16 20:06:19,160553,8037,2384,3941,5073,1951,1799,1
2026-08-16 14:30:03,https://www.bilibili.com/video/BV1kFKG6pEPe/?spm_id_from=333.1387.favlist.content.click,10,BV1kFKG6pEPe,【杨博文】夏日运动会《全世界陪我出发》4K直拍,Eternity丨杨博文,2026-07-16 19:13:38,45112,5430,733,2943,2326,37,94,1
2026-08-16 14:30:03,BV1MGYnzrE9E,11,BV1MGYnzrE9E,杨博文跳 《Centuries》帅到窒息！！竖屏4K直拍,Kismet丨杨博文,2025-08-18 02:15:37,273700,12363,6780,7959,585,959,3381,1
2026-08-16 14:30:03,BV1TLYnzzEx9,12,BV1TLYnzzEx9,舞力全开！主舞大人爽飞全场 15岁少年「杨博文」尽情演绎《Go In Blind》,Astra_杨博文,2025-08-18 00:48:26,333946,9937,5869,8919,578,717,2604,1
2026-08-16 15:00:03,https://www.bilibili.com/video/BV1EGBCBmEo8/?spm_id_from=333.1387.favlist.content.click,0,BV1EGBCBmEo8,【杨博文｜4K高清直拍】魅魔级别的《Manta》舞台，看博文如何一yeah封神,关键时刻来瓶尖叫,2025-12-27 23:15:44,1018418,12657,9909,11510,12722,1101,2417,1
2026-08-16 15:00:03,https://www.bilibili.com/video/BV1A5vkB2E1k/?spm_id_from=333.1387.favlist.content.click,1,BV1A5vkB2E1k,【杨博文】Hey Mama六机位纯舞直拍丨15岁舞台统治者的诞生，四代主舞燃炸全场！,Kismet丨杨博文,2025-12-28 22:28:16,2797159,64669,45272,47431,25145,13626,21857,10
2026-08-16 15:00:03,https://www.bilibili.com/video/BV1EQK56xEZk/?spm_id_from=333.1387.favlist.content.click,2,BV1EQK56xEZk,【杨博文｜音乐现场】｜《全世界陪我出发》4K直拍，考核第一的大C位实在太亮眼！,关键时刻来瓶尖叫,2026-07-16 20:29:02,428393,12598,3332,7449,5680,11152,8526,1
2026-08-16 15:00:03,bilibili.com/video/BV1M9ePzaELH/?spm_id_from=333.337.search-card.all.click,3,BV1M9ePzaELH,「杨博文｜卡拉永远OK」突发舞台事故？我怎么没看见,Astra_杨博文,2025-08-19 22:15:30,1000146,15181,5167,10669,10728,776,717,6
2026-08-16 15:00:03,BV1s8BvBPEN5,4,BV1s8BvBPEN5,【杨博文｜4K舞台直拍】好运来祝你好运来～博文宝宝祝你新年好运来,关键时刻来瓶尖叫,2025-12-27 00:43:12,1913684,34848,17002,32312,18576,4333,4869,1
2026-08-16 15:00:03,https://www.bilibili.com/video/BV1jN64BKECs/?spm_id_from=333.337.search-card.all.click,5,BV1jN64BKECs,【杨博文｜4K直拍】跟着节奏一起《闭嘴跳舞》～,关键时刻来瓶尖叫,2026-02-01 20:20:32,1440460,26670,16082,22731,10051,2377,7183,1
2026-08-16 15:00:03,https://www.bilibili.com/video/BV1Lb6tBBEYC/?spm_id_from=333.1387.favlist.content.click&vd_source=bdf775a036c61c0159ac2f0c251aaeb7,6,BV1Lb6tBBEYC,【4K精剪】闭嘴跳舞 | 杨博文直拍 | 260201,underthepoplar,2026-02-02 00:00:55,356814,27442,14232,19321,9325,1837,3101,1
2026-08-16 15:00:03,https://www.bilibili.com/video/BV1mJ64BREZY/?spm_id_from=333.1387.favlist.content.click&vd_source=bdf775a036c61c0159ac2f0c251aaeb7,7,BV1mJ64BREZY,【杨博文】闭嘴跳舞丨当主舞穿上西装就会得到,Kismet丨杨博文,2026-02-01 18:31:00,620384,35120,4010,25451,7591,447,654,1
2026-08-16 15:00:03,https://www.bilibili.com/video/BV1XA6nBGEPV/?spm_id_from=333.1387.favlist.content.click,8,BV1XA6nBGEPV,【4K精剪】希区考克 作品152 | 杨博文直拍 | 260131,underthepoplar,2026-02-01 00:23:17,1942389,23822,22306,20053,19001,4014,6927,1
2026-08-16 15:00:03,https://www.bilibili.com/video/BV1JUK56tEh5/?spm_id_from=333.1387.favlist.content.click,9,BV1JUK56tEh5,【杨博文｜音乐现场】全程舒适！跟着标准答案出发不迷路｜《全世界陪我出发》4k横屏直拍,游园会_杨博文,2026-07-16 20:06:19,160555,8038,2386,3942,5073,1951,1799,1
2026-08-16 15:00:03,https://www.bilibili.com/video/BV1kFKG6pEPe/?spm_id_from=333.1387.favlist.content.click,10,BV1kFKG6pEPe,【杨博文】夏日运动会《全世界陪我出发》4K直拍,Eternity丨杨博文,2026-07-16 19:13:38,45116,5430,733,2943,2326,37,94,1
2026-08-16 15:00:03,BV1MGYnzrE9E,11,BV1MGYnzrE9E,杨博文跳 《Centuries》帅到窒息！！竖屏4K直拍,Kismet丨杨博文,2025-08-18 02:15:37,273700,12363,6780,7960,585,959,3381,1
2026-08-16 15:00:03,BV1TLYnzzEx9,12,BV1TLYnzzEx9,舞力全开！主舞大人爽飞全场 15岁少年「杨博文」尽情演绎《Go In Blind》,Astra_杨博文,2025-08-18 00:48:26,333946,9937,5869,8919,578,717,2604,1
2026-08-16 15:30:02,https://www.bilibili.com/video/BV1EGBCBmEo8/?spm_id_from=333.1387.favlist.content.click,0,BV1EGBCBmEo8,【杨博文｜4K高清直拍】魅魔级别的《Manta》舞台，看博文如何一yeah封神,关键时刻来瓶尖叫,2025-12-27 23:15:44,1018420,12657,9909,11511,12722,1101,2417,1
2026-08-16 15:30:02,https://www.bilibili.com/video/BV1A5vkB2E1k/?spm_id_from=333.1387.favlist.content.click,1,BV1A5vkB2E1k,【杨博文】Hey Mama六机位纯舞直拍丨15岁舞台统治者的诞生，四代主舞燃炸全场！,Kismet丨杨博文,2025-12-28 22:28:16,2797184,64673,45272,47438,25153,13626,21857,12
2026-08-16 15:30:02,https://www.bilibili.com/video/BV1EQK56xEZk/?spm_id_from=333.1387.favlist.content.click,2,BV1EQK56xEZk,【杨博文｜音乐现场】｜《全世界陪我出发》4K直拍，考核第一的大C位实在太亮眼！,关键时刻来瓶尖叫,2026-07-16 20:29:02,428424,12600,3332,7451,5680,11152,8526,1
2026-08-16 15:30:02,bilibili.com/video/BV1M9ePzaELH/?spm_id_from=333.337.search-card.all.click,3,BV1M9ePzaELH,「杨博文｜卡拉永远OK」突发舞台事故？我怎么没看见,Astra_杨博文,2025-08-19 22:15:30,1000197,15185,5169,10672,10729,776,717,9
2026-08-16 15:30:02,BV1s8BvBPEN5,4,BV1s8BvBPEN5,【杨博文｜4K舞台直拍】好运来祝你好运来～博文宝宝祝你新年好运来,关键时刻来瓶尖叫,2025-12-27 00:43:12,1913693,34848,17002,32314,18585,4333,4869,1
2026-08-16 15:30:02,https://www.bilibili.com/video/BV1jN64BKECs/?spm_id_from=333.337.search-card.all.click,5,BV1jN64BKECs,【杨博文｜4K直拍】跟着节奏一起《闭嘴跳舞》～,关键时刻来瓶尖叫,2026-02-01 20:20:32,1440482,26671,16082,22734,10059,2377,7183,1
2026-08-16 15:30:02,https://www.bilibili.com/video/BV1Lb6tBBEYC/?spm_id_from=333.1387.favlist.content.click&vd_source=bdf775a036c61c0159ac2f0c251aaeb7,6,BV1Lb6tBBEYC,【4K精剪】闭嘴跳舞 | 杨博文直拍 | 260201,underthepoplar,2026-02-02 00:00:55,356823,27443,14232,19322,9333,1837,3101,1
2026-08-16 15:30:02,https://www.bilibili.com/video/BV1mJ64BREZY/?spm_id_from=333.1387.favlist.content.click&vd_source=bdf775a036c61c0159ac2f0c251aaeb7,7,BV1mJ64BREZY,【杨博文】闭嘴跳舞丨当主舞穿上西装就会得到,Kismet丨杨博文,2026-02-01 18:31:00,620384,35120,4010,25450,7600,447,654,1
2026-08-16 15:30:02,https://www.bilibili.com/video/BV1XA6nBGEPV/?spm_id_from=333.1387.favlist.content.click,8,BV1XA6nBGEPV,【4K精剪】希区考克 作品152 | 杨博文直拍 | 260131,underthepoplar,2026-02-01 00:23:17,1942397,23823,22306,20054,19001,4014,6927,1
2026-08-16 15:30:02,https://www.bilibili.com/video/BV1JUK56tEh5/?spm_id_from=333.1387.favlist.content.click,9,BV1JUK56tEh5,【杨博文｜音乐现场】全程舒适！跟着标准答案出发不迷路｜《全世界陪我出发》4k横屏直拍,游园会_杨博文,2026-07-16 20:06:19,160557,8038,2386,3942,5073,1951,1799,1
2026-08-16 15:30:02,https://www.bilibili.com/video/BV1kFKG6pEPe/?spm_id_from=333.1387.favlist.content.click,10,BV1kFKG6pEPe,【杨博文】夏日运动会《全世界陪我出发》4K直拍,Eternity丨杨博文,2026-07-16 19:13:38,45119,5432,733,2944,2326,37,94,1
2026-08-16 15:30:02,BV1MGYnzrE9E,11,BV1MGYnzrE9E,杨博文跳 《Centuries》帅到窒息！！竖屏4K直拍,Kismet丨杨博文,2025-08-18 02:15:37,273700,12363,6780,7960,585,959,3381,1
2026-08-16 15:30:02,BV1TLYnzzEx9,12,BV1TLYnzzEx9,舞力全开！主舞大人爽飞全场 15岁少年「杨博文」尽情演绎《Go In Blind》,Astra_杨博文,2025-08-18 00:48:26,333948,9937,5869,8919,578,717,2604,1
2026-08-16 16:00:02,https://www.bilibili.com/video/BV1EGBCBmEo8/?spm_id_from=333.1387.favlist.content.click,0,BV1EGBCBmEo8,【杨博文｜4K高清直拍】魅魔级别的《Manta》舞台，看博文如何一yeah封神,关键时刻来瓶尖叫,2025-12-27 23:15:44,1018422,12658,9909,11511,12722,1101,2417,1
2026-08-16 16:00:02,https://www.bilibili.com/video/BV1A5vkB2E1k/?spm_id_from=333.1387.favlist.content.click,1,BV1A5vkB2E1k,【杨博文】Hey Mama六机位纯舞直拍丨15岁舞台统治者的诞生，四代主舞燃炸全场！,Kismet丨杨博文,2025-12-28 22:28:16,2797222,64675,45272,47443,25155,13626,21857,15
2026-08-16 16:00:02,https://www.bilibili.com/video/BV1EQK56xEZk/?spm_id_from=333.1387.favlist.content.click,2,BV1EQK56xEZk,【杨博文｜音乐现场】｜《全世界陪我出发》4K直拍，考核第一的大C位实在太亮眼！,关键时刻来瓶尖叫,2026-07-16 20:29:02,428465,12603,3332,7453,5680,11152,8526,1
2026-08-16 16:00:02,bilibili.com/video/BV1M9ePzaELH/?spm_id_from=333.337.search-card.all.click,3,BV1M9ePzaELH,「杨博文｜卡拉永远OK」突发舞台事故？我怎么没看见,Astra_杨博文,2025-08-19 22:15:30,1000243,15185,5169,10672,10729,776,718,10
2026-08-16 16:00:02,BV1s8BvBPEN5,4,BV1s8BvBPEN5,【杨博文｜4K舞台直拍】好运来祝你好运来～博文宝宝祝你新年好运来,关键时刻来瓶尖叫,2025-12-27 00:43:12,1913696,34848,17002,32314,18587,4333,4869,1
2026-08-16 16:00:02,https://www.bilibili.com/video/BV1jN64BKECs/?spm_id_from=333.337.search-card.all.click,5,BV1jN64BKECs,【杨博文｜4K直拍】跟着节奏一起《闭嘴跳舞》～,关键时刻来瓶尖叫,2026-02-01 20:20:32,1440504,26672,16082,22735,10061,2377,7183,2
2026-08-16 16:00:02,https://www.bilibili.com/video/BV1Lb6tBBEYC/?spm_id_from=333.1387.favlist.content.click&vd_source=bdf775a036c61c0159ac2f0c251aaeb7,6,BV1Lb6tBBEYC,【4K精剪】闭嘴跳舞 | 杨博文直拍 | 260201,underthepoplar,2026-02-02 00:00:55,356838,27445,14232,19322,9337,1837,3101,1
2026-08-16 16:00:02,https://www.bilibili.com/video/BV1mJ64BREZY/?spm_id_from=333.1387.favlist.content.click&vd_source=bdf775a036c61c0159ac2f0c251aaeb7,7,BV1mJ64BREZY,【杨博文】闭嘴跳舞丨当主舞穿上西装就会得到,Kismet丨杨博文,2026-02-01 18:31:00,620387,35120,4010,25450,7602,447,654,1
2026-08-16 16:00:02,https://www.bilibili.com/video/BV1XA6nBGEPV/?spm_id_from=333.1387.favlist.content.click,8,BV1XA6nBGEPV,【4K精剪】希区考克 作品152 | 杨博文直拍 | 260131,underthepoplar,2026-02-01 00:23:17,1942407,23824,22306,20054,19001,4014,6927,1
2026-08-16 16:00:02,https://www.bilibili.com/video/BV1JUK56tEh5/?spm_id_from=333.1387.favlist.content.click,9,BV1JUK56tEh5,【杨博文｜音乐现场】全程舒适！跟着标准答案出发不迷路｜《全世界陪我出发》4k横屏直拍,游园会_杨博文,2026-07-16 20:06:19,160562,8038,2386,3942,5073,1951,1799,1
2026-08-16 16:00:02,https://www.bilibili.com/video/BV1kFKG6pEPe/?spm_id_from=333.1387.favlist.content.click,10,BV1kFKG6pEPe,【杨博文】夏日运动会《全世界陪我出发》4K直拍,Eternity丨杨博文,2026-07-16 19:13:38,45128,5432,733,2945,2326,37,94,1
2026-08-16 16:00:02,BV1MGYnzrE9E,11,BV1MGYnzrE9E,杨博文跳 《Centuries》帅到窒息！！竖屏4K直拍,Kismet丨杨博文,2025-08-18 02:15:37,273700,12363,6780,7960,585,959,3381,1
2026-08-16 16:00:02,BV1TLYnzzEx9,12,BV1TLYnzzEx9,舞力全开！主舞大人爽飞全场 15岁少年「杨博文」尽情演绎《Go In Blind》,Astra_杨博文,2025-08-18 00:48:26,333949,9937,5869,8919,578,717,2604,1
2026-08-16 16:30:01,https://www.bilibili.com/video/BV1EGBCBmEo8/?spm_id_from=333.1387.favlist.content.click,0,BV1EGBCBmEo8,【杨博文｜4K高清直拍】魅魔级别的《Manta》舞台，看博文如何一yeah封神,关键时刻来瓶尖叫,2025-12-27 23:15:44,1018422,12658,9909,11512,12722,1101,2417,1
2026-08-16 16:30:01,https://www.bilibili.com/video/BV1A5vkB2E1k/?spm_id_from=333.1387.favlist.content.click,1,BV1A5vkB2E1k,【杨博文】Hey Mama六机位纯舞直拍丨15岁舞台统治者的诞生，四代主舞燃炸全场！,Kismet丨杨博文,2025-12-28 22:28:16,2797261,64678,45272,47447,25157,13626,21857,10
2026-08-16 16:30:01,https://www.bilibili.com/video/BV1EQK56xEZk/?spm_id_from=333.1387.favlist.content.click,2,BV1EQK56xEZk,【杨博文｜音乐现场】｜《全世界陪我出发》4K直拍，考核第一的大C位实在太亮眼！,关键时刻来瓶尖叫,2026-07-16 20:29:02,428484,12604,3334,7455,5680,11152,8526,1
2026-08-16 16:30:01,bilibili.com/video/BV1M9ePzaELH/?spm_id_from=333.337.search-card.all.click,3,BV1M9ePzaELH,「杨博文｜卡拉永远OK」突发舞台事故？我怎么没看见,Astra_杨博文,2025-08-19 22:15:30,1000284,15186,5169,10673,10729,776,719,7
2026-08-16 16:30:01,BV1s8BvBPEN5,4,BV1s8BvBPEN5,【杨博文｜4K舞台直拍】好运来祝你好运来～博文宝宝祝你新年好运来,关键时刻来瓶尖叫,2025-12-27 00:43:12,1913703,34849,17002,32315,18588,4333,4869,1
2026-08-16 16:30:01,https://www.bilibili.com/video/BV1jN64BKECs/?spm_id_from=333.337.search-card.all.click,5,BV1jN64BKECs,【杨博文｜4K直拍】跟着节奏一起《闭嘴跳舞》～,关键时刻来瓶尖叫,2026-02-01 20:20:32,1440521,26672,16082,22737,10063,2377,7183,1
2026-08-16 16:30:01,https://www.bilibili.com/video/BV1Lb6tBBEYC/?spm_id_from=333.1387.favlist.content.click&vd_source=bdf775a036c61c0159ac2f0c251aaeb7,6,BV1Lb6tBBEYC,【4K精剪】闭嘴跳舞 | 杨博文直拍 | 260201,underthepoplar,2026-02-02 00:00:55,356852,27446,14233,19323,9338,1837,3101,1
2026-08-16 16:30:01,https://www.bilibili.com/video/BV1mJ64BREZY/?spm_id_from=333.1387.favlist.content.click&vd_source=bdf775a036c61c0159ac2f0c251aaeb7,7,BV1mJ64BREZY,【杨博文】闭嘴跳舞丨当主舞穿上西装就会得到,Kismet丨杨博文,2026-02-01 18:31:00,620392,35121,4010,25452,7604,447,654,1
2026-08-16 16:30:01,https://www.bilibili.com/video/BV1XA6nBGEPV/?spm_id_from=333.1387.favlist.content.click,8,BV1XA6nBGEPV,【4K精剪】希区考克 作品152 | 杨博文直拍 | 260131,underthepoplar,2026-02-01 00:23:17,1942422,23826,22306,20055,19001,4014,6927,1
2026-08-16 16:30:01,https://www.bilibili.com/video/BV1JUK56tEh5/?spm_id_from=333.1387.favlist.content.click,9,BV1JUK56tEh5,【杨博文｜音乐现场】全程舒适！跟着标准答案出发不迷路｜《全世界陪我出发》4k横屏直拍,游园会_杨博文,2026-07-16 20:06:19,160569,8038,2386,3942,5073,1951,1799,1
2026-08-16 16:30:01,https://www.bilibili.com/video/BV1kFKG6pEPe/?spm_id_from=333.1387.favlist.content.click,10,BV1kFKG6pEPe,【杨博文】夏日运动会《全世界陪我出发》4K直拍,Eternity丨杨博文,2026-07-16 19:13:38,45130,5432,733,2945,2326,37,94,1
2026-08-16 16:30:01,BV1MGYnzrE9E,11,BV1MGYnzrE9E,杨博文跳 《Centuries》帅到窒息！！竖屏4K直拍,Kismet丨杨博文,2025-08-18 02:15:37,273700,12363,6780,7961,585,959,3381,1
2026-08-16 16:30:01,BV1TLYnzzEx9,12,BV1TLYnzzEx9,舞力全开！主舞大人爽飞全场 15岁少年「杨博文」尽情演绎《Go In Blind》,Astra_杨博文,2025-08-18 00:48:26,333950,9937,5869,8919,578,717,2604,1
2026-08-16 17:00:00,https://www.bilibili.com/video/BV1EGBCBmEo8/?spm_id_from=333.1387.favlist.content.click,0,BV1EGBCBmEo8,【杨博文｜4K高清直拍】魅魔级别的《Manta》舞台，看博文如何一yeah封神,关键时刻来瓶尖叫,2025-12-27 23:15:44,1018422,12658,9909,11512,12722,1101,2417,1
2026-08-16 17:00:00,https://www.bilibili.com/video/BV1A5vkB2E1k/?spm_id_from=333.1387.favlist.content.click,1,BV1A5vkB2E1k,【杨博文】Hey Mama六机位纯舞直拍丨15岁舞台统治者的诞生，四代主舞燃炸全场！,Kismet丨杨博文,2025-12-28 22:28:16,2797303,64683,45276,47451,25164,13626,21857,12
2026-08-16 17:00:00,https://www.bilibili.com/video/BV1EQK56xEZk/?spm_id_from=333.1387.favlist.content.click,2,BV1EQK56xEZk,【杨博文｜音乐现场】｜《全世界陪我出发》4K直拍，考核第一的大C位实在太亮眼！,关键时刻来瓶尖叫,2026-07-16 20:29:02,428506,12605,3334,7456,5680,11152,8526,2
2026-08-16 17:00:00,bilibili.com/video/BV1M9ePzaELH/?spm_id_from=333.337.search-card.all.click,3,BV1M9ePzaELH,「杨博文｜卡拉永远OK」突发舞台事故？我怎么没看见,Astra_杨博文,2025-08-19 22:15:30,1000325,15188,5169,10674,10729,776,719,8
2026-08-16 17:00:00,BV1s8BvBPEN5,4,BV1s8BvBPEN5,【杨博文｜4K舞台直拍】好运来祝你好运来～博文宝宝祝你新年好运来,关键时刻来瓶尖叫,2025-12-27 00:43:12,1913707,34851,17002,32317,18595,4333,4869,1
2026-08-16 17:00:00,https://www.bilibili.com/video/BV1jN64BKECs/?spm_id_from=333.337.search-card.all.click,5,BV1jN64BKECs,【杨博文｜4K直拍】跟着节奏一起《闭嘴跳舞》～,关键时刻来瓶尖叫,2026-02-01 20:20:32,1440542,26674,16082,22739,10069,2377,7185,1
2026-08-16 17:00:00,https://www.bilibili.com/video/BV1Lb6tBBEYC/?spm_id_from=333.1387.favlist.content.click&vd_source=bdf775a036c61c0159ac2f0c251aaeb7,6,BV1Lb6tBBEYC,【4K精剪】闭嘴跳舞 | 杨博文直拍 | 260201,underthepoplar,2026-02-02 00:00:55,356857,27446,14233,19323,9345,1837,3101,2
2026-08-16 17:00:00,https://www.bilibili.com/video/BV1mJ64BREZY/?spm_id_from=333.1387.favlist.content.click&vd_source=bdf775a036c61c0159ac2f0c251aaeb7,7,BV1mJ64BREZY,【杨博文】闭嘴跳舞丨当主舞穿上西装就会得到,Kismet丨杨博文,2026-02-01 18:31:00,620394,35121,4010,25451,7610,447,654,1
2026-08-16 17:00:00,https://www.bilibili.com/video/BV1XA6nBGEPV/?spm_id_from=333.1387.favlist.content.click,8,BV1XA6nBGEPV,【4K精剪】希区考克 作品152 | 杨博文直拍 | 260131,underthepoplar,2026-02-01 00:23:17,1942430,23827,22308,20055,19001,4014,6927,1
2026-08-16 17:00:00,https://www.bilibili.com/video/BV1JUK56tEh5/?spm_id_from=333.1387.favlist.content.click,9,BV1JUK56tEh5,【杨博文｜音乐现场】全程舒适！跟着标准答案出发不迷路｜《全世界陪我出发》4k横屏直拍,游园会_杨博文,2026-07-16 20:06:19,160575,8040,2388,3942,5073,1951,1799,1
2026-08-16 17:00:00,https://www.bilibili.com/video/BV1kFKG6pEPe/?spm_id_from=333.1387.favlist.content.click,10,BV1kFKG6pEPe,【杨博文】夏日运动会《全世界陪我出发》4K直拍,Eternity丨杨博文,2026-07-16 19:13:38,45132,5432,733,2946,2326,37,94,1
2026-08-16 17:00:00,BV1MGYnzrE9E,11,BV1MGYnzrE9E,杨博文跳 《Centuries》帅到窒息！！竖屏4K直拍,Kismet丨杨博文,2025-08-18 02:15:37,273700,12363,6780,7961,585,959,3381,1
2026-08-16 17:00:00,BV1TLYnzzEx9,12,BV1TLYnzzEx9,舞力全开！主舞大人爽飞全场 15岁少年「杨博文」尽情演绎《Go In Blind》,Astra_杨博文,2025-08-18 00:48:26,333950,9937,5869,8919,578,717,2604,1
2026-08-16 17:30:09,https://www.bilibili.com/video/BV1EGBCBmEo8/?spm_id_from=333.1387.favlist.content.click,0,BV1EGBCBmEo8,【杨博文｜4K高清直拍】魅魔级别的《Manta》舞台，看博文如何一yeah封神,关键时刻来瓶尖叫,2025-12-27 23:15:44,1018424,12658,9909,11512,12722,1101,2417,1
2026-08-16 17:30:09,https://www.bilibili.com/video/BV1A5vkB2E1k/?spm_id_from=333.1387.favlist.content.click,1,BV1A5vkB2E1k,【杨博文】Hey Mama六机位纯舞直拍丨15岁舞台统治者的诞生，四代主舞燃炸全场！,Kismet丨杨博文,2025-12-28 22:28:16,2797341,64688,45278,47457,25173,13626,21857,13
2026-08-16 17:30:09,https://www.bilibili.com/video/BV1EQK56xEZk/?spm_id_from=333.1387.favlist.content.click,2,BV1EQK56xEZk,【杨博文｜音乐现场】｜《全世界陪我出发》4K直拍，考核第一的大C位实在太亮眼！,关键时刻来瓶尖叫,2026-07-16 20:29:02,428531,12605,3334,7456,5680,11152,8526,1
2026-08-16 17:30:09,bilibili.com/video/BV1M9ePzaELH/?spm_id_from=333.337.search-card.all.click,3,BV1M9ePzaELH,「杨博文｜卡拉永远OK」突发舞台事故？我怎么没看见,Astra_杨博文,2025-08-19 22:15:30,1000359,15189,5169,10675,10729,776,719,13
2026-08-16 17:30:09,BV1s8BvBPEN5,4,BV1s8BvBPEN5,【杨博文｜4K舞台直拍】好运来祝你好运来～博文宝宝祝你新年好运来,关键时刻来瓶尖叫,2025-12-27 00:43:12,1913714,34851,17002,32317,18603,4333,4869,1
2026-08-16 17:30:09,https://www.bilibili.com/video/BV1jN64BKECs/?spm_id_from=333.337.search-card.all.click,5,BV1jN64BKECs,【杨博文｜4K直拍】跟着节奏一起《闭嘴跳舞》～,关键时刻来瓶尖叫,2026-02-01 20:20:32,1440566,26676,16082,22740,10079,2377,7185,1
2026-08-16 17:30:09,https://www.bilibili.com/video/BV1Lb6tBBEYC/?spm_id_from=333.1387.favlist.content.click&vd_source=bdf775a036c61c0159ac2f0c251aaeb7,6,BV1Lb6tBBEYC,【4K精剪】闭嘴跳舞 | 杨博文直拍 | 260201,underthepoplar,2026-02-02 00:00:55,356867,27446,14233,19323,9354,1837,3101,1
2026-08-16 17:30:09,https://www.bilibili.com/video/BV1mJ64BREZY/?spm_id_from=333.1387.favlist.content.click&vd_source=bdf775a036c61c0159ac2f0c251aaeb7,7,BV1mJ64BREZY,【杨博文】闭嘴跳舞丨当主舞穿上西装就会得到,Kismet丨杨博文,2026-02-01 18:31:00,620395,35121,4010,25451,7619,447,654,1
2026-08-16 17:30:09,https://www.bilibili.com/video/BV1XA6nBGEPV/?spm_id_from=333.1387.favlist.content.click,8,BV1XA6nBGEPV,【4K精剪】希区考克 作品152 | 杨博文直拍 | 260131,underthepoplar,2026-02-01 00:23:17,1942439,23827,22308,20056,19001,4014,6927,1
2026-08-16 17:30:09,https://www.bilibili.com/video/BV1JUK56tEh5/?spm_id_from=333.1387.favlist.content.click,9,BV1JUK56tEh5,【杨博文｜音乐现场】全程舒适！跟着标准答案出发不迷路｜《全世界陪我出发》4k横屏直拍,游园会_杨博文,2026-07-16 20:06:19,160584,8040,2388,3942,5073,1951,1799,2
2026-08-16 17:30:09,https://www.bilibili.com/video/BV1kFKG6pEPe/?spm_id_from=333.1387.favlist.content.click,10,BV1kFKG6pEPe,【杨博文】夏日运动会《全世界陪我出发》4K直拍,Eternity丨杨博文,2026-07-16 19:13:38,45144,5433,733,2946,2326,37,94,1
2026-08-16 17:30:09,BV1MGYnzrE9E,11,BV1MGYnzrE9E,杨博文跳 《Centuries》帅到窒息！！竖屏4K直拍,Kismet丨杨博文,2025-08-18 02:15:37,273702,12363,6780,7961,585,959,3381,1
2026-08-16 17:30:09,BV1TLYnzzEx9,12,BV1TLYnzzEx9,舞力全开！主舞大人爽飞全场 15岁少年「杨博文」尽情演绎《Go In Blind》,Astra_杨博文,2025-08-18 00:48:26,333950,9937,5869,8919,578,717,2604,1
2026-08-16 18:00:09,https://www.bilibili.com/video/BV1EGBCBmEo8/?spm_id_from=333.1387.favlist.content.click,0,BV1EGBCBmEo8,【杨博文｜4K高清直拍】魅魔级别的《Manta》舞台，看博文如何一yeah封神,关键时刻来瓶尖叫,2025-12-27 23:15:44,1018426,12658,9909,11512,12722,1101,2417,1
2026-08-16 18:00:09,https://www.bilibili.com/video/BV1A5vkB2E1k/?spm_id_from=333.1387.favlist.content.click,1,BV1A5vkB2E1k,【杨博文】Hey Mama六机位纯舞直拍丨15岁舞台统治者的诞生，四代主舞燃炸全场！,Kismet丨杨博文,2025-12-28 22:28:16,2797377,64692,45279,47460,25179,13626,21857,15
2026-08-16 18:00:09,https://www.bilibili.com/video/BV1EQK56xEZk/?spm_id_from=333.1387.favlist.content.click,2,BV1EQK56xEZk,【杨博文｜音乐现场】｜《全世界陪我出发》4K直拍，考核第一的大C位实在太亮眼！,关键时刻来瓶尖叫,2026-07-16 20:29:02,428558,12608,3334,7458,5680,11152,8526,2
2026-08-16 18:00:09,bilibili.com/video/BV1M9ePzaELH/?spm_id_from=333.337.search-card.all.click,3,BV1M9ePzaELH,「杨博文｜卡拉永远OK」突发舞台事故？我怎么没看见,Astra_杨博文,2025-08-19 22:15:30,1000399,15191,5170,10677,10729,776,719,9
2026-08-16 18:00:09,BV1s8BvBPEN5,4,BV1s8BvBPEN5,【杨博文｜4K舞台直拍】好运来祝你好运来～博文宝宝祝你新年好运来,关键时刻来瓶尖叫,2025-12-27 00:43:12,1913719,34852,17002,32319,18609,4333,4869,1
2026-08-16 18:00:09,https://www.bilibili.com/video/BV1jN64BKECs/?spm_id_from=333.337.search-card.all.click,5,BV1jN64BKECs,【杨博文｜4K直拍】跟着节奏一起《闭嘴跳舞》～,关键时刻来瓶尖叫,2026-02-01 20:20:32,1440587,26678,16082,22742,10084,2377,7185,1
2026-08-16 18:00:09,https://www.bilibili.com/video/BV1Lb6tBBEYC/?spm_id_from=333.1387.favlist.content.click&vd_source=bdf775a036c61c0159ac2f0c251aaeb7,6,BV1Lb6tBBEYC,【4K精剪】闭嘴跳舞 | 杨博文直拍 | 260201,underthepoplar,2026-02-02 00:00:55,356885,27446,14233,19323,9359,1837,3101,2
2026-08-16 18:00:09,https://www.bilibili.com/video/BV1mJ64BREZY/?spm_id_from=333.1387.favlist.content.click&vd_source=bdf775a036c61c0159ac2f0c251aaeb7,7,BV1mJ64BREZY,【杨博文】闭嘴跳舞丨当主舞穿上西装就会得到,Kismet丨杨博文,2026-02-01 18:31:00,620397,35121,4010,25451,7625,447,654,1
2026-08-16 18:00:09,https://www.bilibili.com/video/BV1XA6nBGEPV/?spm_id_from=333.1387.favlist.content.click,8,BV1XA6nBGEPV,【4K精剪】希区考克 作品152 | 杨博文直拍 | 260131,underthepoplar,2026-02-01 00:23:17,1942450,23827,22310,20057,19001,4014,6927,1
2026-08-16 18:00:09,https://www.bilibili.com/video/BV1JUK56tEh5/?spm_id_from=333.1387.favlist.content.click,9,BV1JUK56tEh5,【杨博文｜音乐现场】全程舒适！跟着标准答案出发不迷路｜《全世界陪我出发》4k横屏直拍,游园会_杨博文,2026-07-16 20:06:19,160587,8041,2388,3942,5073,1951,1799,1
2026-08-16 18:00:09,https://www.bilibili.com/video/BV1kFKG6pEPe/?spm_id_from=333.1387.favlist.content.click,10,BV1kFKG6pEPe,【杨博文】夏日运动会《全世界陪我出发》4K直拍,Eternity丨杨博文,2026-07-16 19:13:38,45150,5433,733,2947,2326,37,94,1
2026-08-16 18:00:09,BV1MGYnzrE9E,11,BV1MGYnzrE9E,杨博文跳 《Centuries》帅到窒息！！竖屏4K直拍,Kismet丨杨博文,2025-08-18 02:15:37,273702,12363,6780,7961,585,959,3381,1
2026-08-16 18:00:09,BV1TLYnzzEx9,12,BV1TLYnzzEx9,舞力全开！主舞大人爽飞全场 15岁少年「杨博文」尽情演绎《Go In Blind》,Astra_杨博文,2025-08-18 00:48:26,333952,9937,5869,8919,578,717,2604,1
2026-08-16 18:30:09,https://www.bilibili.com/video/BV1EGBCBmEo8/?spm_id_from=333.1387.favlist.content.click,0,BV1EGBCBmEo8,【杨博文｜4K高清直拍】魅魔级别的《Manta》舞台，看博文如何一yeah封神,关键时刻来瓶尖叫,2025-12-27 23:15:44,1018427,12658,9909,11512,12722,1101,2417,1
2026-08-16 18:30:09,https://www.bilibili.com/video/BV1A5vkB2E1k/?spm_id_from=333.1387.favlist.content.click,1,BV1A5vkB2E1k,【杨博文】Hey Mama六机位纯舞直拍丨15岁舞台统治者的诞生，四代主舞燃炸全场！,Kismet丨杨博文,2025-12-28 22:28:16,2797410,64697,45283,47462,25183,13626,21858,9
2026-08-16 18:30:09,https://www.bilibili.com/video/BV1EQK56xEZk/?spm_id_from=333.1387.favlist.content.click,2,BV1EQK56xEZk,【杨博文｜音乐现场】｜《全世界陪我出发》4K直拍，考核第一的大C位实在太亮眼！,关键时刻来瓶尖叫,2026-07-16 20:29:02,428587,12608,3336,7458,5680,11152,8526,1
2026-08-16 18:30:09,bilibili.com/video/BV1M9ePzaELH/?spm_id_from=333.337.search-card.all.click,3,BV1M9ePzaELH,「杨博文｜卡拉永远OK」突发舞台事故？我怎么没看见,Astra_杨博文,2025-08-19 22:15:30,1000430,15192,5170,10677,10729,776,719,8
2026-08-16 18:30:09,BV1s8BvBPEN5,4,BV1s8BvBPEN5,【杨博文｜4K舞台直拍】好运来祝你好运来～博文宝宝祝你新年好运来,关键时刻来瓶尖叫,2025-12-27 00:43:12,1913726,34852,17002,32320,18615,4333,4869,1
2026-08-16 18:30:09,https://www.bilibili.com/video/BV1jN64BKECs/?spm_id_from=333.337.search-card.all.click,5,BV1jN64BKECs,【杨博文｜4K直拍】跟着节奏一起《闭嘴跳舞》～,关键时刻来瓶尖叫,2026-02-01 20:20:32,1440601,26680,16082,22743,10089,2377,7185,1
2026-08-16 18:30:09,https://www.bilibili.com/video/BV1Lb6tBBEYC/?spm_id_from=333.1387.favlist.content.click&vd_source=bdf775a036c61c0159ac2f0c251aaeb7,6,BV1Lb6tBBEYC,【4K精剪】闭嘴跳舞 | 杨博文直拍 | 260201,underthepoplar,2026-02-02 00:00:55,356892,27448,14233,19323,9365,1837,3101,1
2026-08-16 18:30:09,https://www.bilibili.com/video/BV1mJ64BREZY/?spm_id_from=333.1387.favlist.content.click&vd_source=bdf775a036c61c0159ac2f0c251aaeb7,7,BV1mJ64BREZY,【杨博文】闭嘴跳舞丨当主舞穿上西装就会得到,Kismet丨杨博文,2026-02-01 18:31:00,620398,35121,4010,25451,7629,447,654,1
2026-08-16 18:30:09,https://www.bilibili.com/video/BV1XA6nBGEPV/?spm_id_from=333.1387.favlist.content.click,8,BV1XA6nBGEPV,【4K精剪】希区考克 作品152 | 杨博文直拍 | 260131,underthepoplar,2026-02-01 00:23:17,1942457,23828,22312,20057,19001,4014,6927,1
2026-08-16 18:30:09,https://www.bilibili.com/video/BV1JUK56tEh5/?spm_id_from=333.1387.favlist.content.click,9,BV1JUK56tEh5,【杨博文｜音乐现场】全程舒适！跟着标准答案出发不迷路｜《全世界陪我出发》4k横屏直拍,游园会_杨博文,2026-07-16 20:06:19,160592,8041,2388,3942,5073,1951,1799,1
2026-08-16 18:30:09,https://www.bilibili.com/video/BV1kFKG6pEPe/?spm_id_from=333.1387.favlist.content.click,10,BV1kFKG6pEPe,【杨博文】夏日运动会《全世界陪我出发》4K直拍,Eternity丨杨博文,2026-07-16 19:13:38,45150,5433,733,2947,2326,37,94,1
2026-08-16 18:30:09,BV1MGYnzrE9E,11,BV1MGYnzrE9E,杨博文跳 《Centuries》帅到窒息！！竖屏4K直拍,Kismet丨杨博文,2025-08-18 02:15:37,273702,12363,6780,7961,585,959,3381,1
2026-08-16 18:30:09,BV1TLYnzzEx9,12,BV1TLYnzzEx9,舞力全开！主舞大人爽飞全场 15岁少年「杨博文」尽情演绎《Go In Blind》,Astra_杨博文,2025-08-18 00:48:26,333952,9937,5869,8919,578,717,2604,1
2026-08-16 19:00:09,https://www.bilibili.com/video/BV1EGBCBmEo8/?spm_id_from=333.1387.favlist.content.click,0,BV1EGBCBmEo8,【杨博文｜4K高清直拍】魅魔级别的《Manta》舞台，看博文如何一yeah封神,关键时刻来瓶尖叫,2025-12-27 23:15:44,1018428,12658,9909,11512,12722,1101,2417,2
2026-08-16 19:00:09,https://www.bilibili.com/video/BV1A5vkB2E1k/?spm_id_from=333.1387.favlist.content.click,1,BV1A5vkB2E1k,【杨博文】Hey Mama六机位纯舞直拍丨15岁舞台统治者的诞生，四代主舞燃炸全场！,Kismet丨杨博文,2025-12-28 22:28:16,2797444,64698,45283,47465,25185,13626,21858,14
2026-08-16 19:00:09,https://www.bilibili.com/video/BV1EQK56xEZk/?spm_id_from=333.1387.favlist.content.click,2,BV1EQK56xEZk,【杨博文｜音乐现场】｜《全世界陪我出发》4K直拍，考核第一的大C位实在太亮眼！,关键时刻来瓶尖叫,2026-07-16 20:29:02,428606,12610,3336,7459,5680,11152,8526,3
2026-08-16 19:00:09,bilibili.com/video/BV1M9ePzaELH/?spm_id_from=333.337.search-card.all.click,3,BV1M9ePzaELH,「杨博文｜卡拉永远OK」突发舞台事故？我怎么没看见,Astra_杨博文,2025-08-19 22:15:30,1000460,15195,5174,10677,10729,776,719,11
2026-08-16 19:00:09,BV1s8BvBPEN5,4,BV1s8BvBPEN5,【杨博文｜4K舞台直拍】好运来祝你好运来～博文宝宝祝你新年好运来,关键时刻来瓶尖叫,2025-12-27 00:43:12,1913728,34852,17002,32321,18617,4333,4869,1
2026-08-16 19:00:09,https://www.bilibili.com/video/BV1jN64BKECs/?spm_id_from=333.337.search-card.all.click,5,BV1jN64BKECs,【杨博文｜4K直拍】跟着节奏一起《闭嘴跳舞》～,关键时刻来瓶尖叫,2026-02-01 20:20:32,1440615,26680,16082,22743,10092,2377,7185,2
2026-08-16 19:00:09,https://www.bilibili.com/video/BV1Lb6tBBEYC/?spm_id_from=333.1387.favlist.content.click&vd_source=bdf775a036c61c0159ac2f0c251aaeb7,6,BV1Lb6tBBEYC,【4K精剪】闭嘴跳舞 | 杨博文直拍 | 260201,underthepoplar,2026-02-02 00:00:55,356900,27448,14233,19323,9367,1837,3101,1
2026-08-16 19:00:09,https://www.bilibili.com/video/BV1mJ64BREZY/?spm_id_from=333.1387.favlist.content.click&vd_source=bdf775a036c61c0159ac2f0c251aaeb7,7,BV1mJ64BREZY,【杨博文】闭嘴跳舞丨当主舞穿上西装就会得到,Kismet丨杨博文,2026-02-01 18:31:00,620398,35121,4010,25451,7632,447,654,1
2026-08-16 19:00:09,https://www.bilibili.com/video/BV1XA6nBGEPV/?spm_id_from=333.1387.favlist.content.click,8,BV1XA6nBGEPV,【4K精剪】希区考克 作品152 | 杨博文直拍 | 260131,underthepoplar,2026-02-01 00:23:17,1942464,23828,22312,20057,19001,4014,6927,1
2026-08-16 19:00:09,https://www.bilibili.com/video/BV1JUK56tEh5/?spm_id_from=333.1387.favlist.content.click,9,BV1JUK56tEh5,【杨博文｜音乐现场】全程舒适！跟着标准答案出发不迷路｜《全世界陪我出发》4k横屏直拍,游园会_杨博文,2026-07-16 20:06:19,160601,8041,2388,3942,5073,1951,1799,1
2026-08-16 19:00:09,https://www.bilibili.com/video/BV1kFKG6pEPe/?spm_id_from=333.1387.favlist.content.click,10,BV1kFKG6pEPe,【杨博文】夏日运动会《全世界陪我出发》4K直拍,Eternity丨杨博文,2026-07-16 19:13:38,45153,5434,733,2948,2326,37,94,1
2026-08-16 19:00:09,BV1MGYnzrE9E,11,BV1MGYnzrE9E,杨博文跳 《Centuries》帅到窒息！！竖屏4K直拍,Kismet丨杨博文,2025-08-18 02:15:37,273703,12364,6780,7961,585,959,3381,1
2026-08-16 19:00:09,BV1TLYnzzEx9,12,BV1TLYnzzEx9,舞力全开！主舞大人爽飞全场 15岁少年「杨博文」尽情演绎《Go In Blind》,Astra_杨博文,2025-08-18 00:48:26,333952,9937,5869,8919,578,717,2604,1
2026-08-16 19:30:09,https://www.bilibili.com/video/BV1EGBCBmEo8/?spm_id_from=333.1387.favlist.content.click,0,BV1EGBCBmEo8,【杨博文｜4K高清直拍】魅魔级别的《Manta》舞台，看博文如何一yeah封神,关键时刻来瓶尖叫,2025-12-27 23:15:44,1018429,12659,9909,11512,12722,1101,2417,1
2026-08-16 19:30:09,https://www.bilibili.com/video/BV1A5vkB2E1k/?spm_id_from=333.1387.favlist.content.click,1,BV1A5vkB2E1k,【杨博文】Hey Mama六机位纯舞直拍丨15岁舞台统治者的诞生，四代主舞燃炸全场！,Kismet丨杨博文,2025-12-28 22:28:16,2797471,64701,45283,47467,25195,13626,21858,15
2026-08-16 19:30:09,https://www.bilibili.com/video/BV1EQK56xEZk/?spm_id_from=333.1387.favlist.content.click,2,BV1EQK56xEZk,【杨博文｜音乐现场】｜《全世界陪我出发》4K直拍，考核第一的大C位实在太亮眼！,关键时刻来瓶尖叫,2026-07-16 20:29:02,428632,12611,3336,7462,5680,11152,8526,1
2026-08-16 19:30:09,bilibili.com/video/BV1M9ePzaELH/?spm_id_from=333.337.search-card.all.click,3,BV1M9ePzaELH,「杨博文｜卡拉永远OK」突发舞台事故？我怎么没看见,Astra_杨博文,2025-08-19 22:15:30,1000473,15199,5174,10678,10729,776,720,2
2026-08-16 19:30:09,BV1s8BvBPEN5,4,BV1s8BvBPEN5,【杨博文｜4K舞台直拍】好运来祝你好运来～博文宝宝祝你新年好运来,关键时刻来瓶尖叫,2025-12-27 00:43:12,1913736,34855,17002,32323,18625,4333,4869,1
2026-08-16 19:30:09,https://www.bilibili.com/video/BV1jN64BKECs/?spm_id_from=333.337.search-card.all.click,5,BV1jN64BKECs,【杨博文｜4K直拍】跟着节奏一起《闭嘴跳舞》～,关键时刻来瓶尖叫,2026-02-01 20:20:32,1440627,26681,16082,22745,10101,2377,7185,1
2026-08-16 19:30:09,https://www.bilibili.com/video/BV1Lb6tBBEYC/?spm_id_from=333.1387.favlist.content.click&vd_source=bdf775a036c61c0159ac2f0c251aaeb7,6,BV1Lb6tBBEYC,【4K精剪】闭嘴跳舞 | 杨博文直拍 | 260201,underthepoplar,2026-02-02 00:00:55,356908,27448,14233,19323,9375,1837,3101,1
2026-08-16 19:30:09,https://www.bilibili.com/video/BV1mJ64BREZY/?spm_id_from=333.1387.favlist.content.click&vd_source=bdf775a036c61c0159ac2f0c251aaeb7,7,BV1mJ64BREZY,【杨博文】闭嘴跳舞丨当主舞穿上西装就会得到,Kismet丨杨博文,2026-02-01 18:31:00,620399,35121,4010,25451,7641,447,654,1
2026-08-16 19:30:09,https://www.bilibili.com/video/BV1XA6nBGEPV/?spm_id_from=333.1387.favlist.content.click,8,BV1XA6nBGEPV,【4K精剪】希区考克 作品152 | 杨博文直拍 | 260131,underthepoplar,2026-02-01 00:23:17,1942474,23829,22312,20059,19001,4014,6927,1
2026-08-16 19:30:09,https://www.bilibili.com/video/BV1JUK56tEh5/?spm_id_from=333.1387.favlist.content.click,9,BV1JUK56tEh5,【杨博文｜音乐现场】全程舒适！跟着标准答案出发不迷路｜《全世界陪我出发》4k横屏直拍,游园会_杨博文,2026-07-16 20:06:19,160604,8041,2388,3942,5073,1951,1799,1
2026-08-16 19:30:09,https://www.bilibili.com/video/BV1kFKG6pEPe/?spm_id_from=333.1387.favlist.content.click,10,BV1kFKG6pEPe,【杨博文】夏日运动会《全世界陪我出发》4K直拍,Eternity丨杨博文,2026-07-16 19:13:38,45154,5434,733,2948,2326,37,94,1
2026-08-16 19:30:09,BV1MGYnzrE9E,11,BV1MGYnzrE9E,杨博文跳 《Centuries》帅到窒息！！竖屏4K直拍,Kismet丨杨博文,2025-08-18 02:15:37,273704,12364,6780,7961,585,959,3381,1
2026-08-16 19:30:09,BV1TLYnzzEx9,12,BV1TLYnzzEx9,舞力全开！主舞大人爽飞全场 15岁少年「杨博文」尽情演绎《Go In Blind》,Astra_杨博文,2025-08-18 00:48:26,333952,9937,5869,8919,578,717,2604,1
2026-08-16 19:50:08,https://www.bilibili.com/video/BV1EGBCBmEo8/?spm_id_from=333.1387.favlist.content.click,0,BV1EGBCBmEo8,【杨博文｜4K高清直拍】魅魔级别的《Manta》舞台，看博文如何一yeah封神,关键时刻来瓶尖叫,2025-12-27 23:15:44,1018429,12659,9909,11512,12722,1101,2417,1
2026-08-16 19:50:08,https://www.bilibili.com/video/BV1A5vkB2E1k/?spm_id_from=333.1387.favlist.content.click,1,BV1A5vkB2E1k,【杨博文】Hey Mama六机位纯舞直拍丨15岁舞台统治者的诞生，四代主舞燃炸全场！,Kismet丨杨博文,2025-12-28 22:28:16,2797491,64703,45283,47471,25204,13626,21858,12
2026-08-16 19:50:08,https://www.bilibili.com/video/BV1EQK56xEZk/?spm_id_from=333.1387.favlist.content.click,2,BV1EQK56xEZk,【杨博文｜音乐现场】｜《全世界陪我出发》4K直拍，考核第一的大C位实在太亮眼！,关键时刻来瓶尖叫,2026-07-16 20:29:02,428639,12612,3338,7463,5680,11152,8526,1
2026-08-16 19:50:08,bilibili.com/video/BV1M9ePzaELH/?spm_id_from=333.337.search-card.all.click,3,BV1M9ePzaELH,「杨博文｜卡拉永远OK」突发舞台事故？我怎么没看见,Astra_杨博文,2025-08-19 22:15:30,1000476,15199,5174,10677,10729,776,720,1
2026-08-16 19:50:08,BV1s8BvBPEN5,4,BV1s8BvBPEN5,【杨博文｜4K舞台直拍】好运来祝你好运来～博文宝宝祝你新年好运来,关键时刻来瓶尖叫,2025-12-27 00:43:12,1913742,34855,17002,32323,18634,4333,4869,1
2026-08-16 19:50:08,https://www.bilibili.com/video/BV1jN64BKECs/?spm_id_from=333.337.search-card.all.click,5,BV1jN64BKECs,【杨博文｜4K直拍】跟着节奏一起《闭嘴跳舞》～,关键时刻来瓶尖叫,2026-02-01 20:20:32,1440633,26681,16082,22745,10110,2377,7185,1
2026-08-16 19:50:08,https://www.bilibili.com/video/BV1Lb6tBBEYC/?spm_id_from=333.1387.favlist.content.click&vd_source=bdf775a036c61c0159ac2f0c251aaeb7,6,BV1Lb6tBBEYC,【4K精剪】闭嘴跳舞 | 杨博文直拍 | 260201,underthepoplar,2026-02-02 00:00:55,356919,27448,14233,19323,9383,1837,3101,1
2026-08-16 19:50:08,https://www.bilibili.com/video/BV1mJ64BREZY/?spm_id_from=333.1387.favlist.content.click&vd_source=bdf775a036c61c0159ac2f0c251aaeb7,7,BV1mJ64BREZY,【杨博文】闭嘴跳舞丨当主舞穿上西装就会得到,Kismet丨杨博文,2026-02-01 18:31:00,620401,35121,4010,25451,7649,447,654,1
2026-08-16 19:50:08,https://www.bilibili.com/video/BV1XA6nBGEPV/?spm_id_from=333.1387.favlist.content.click,8,BV1XA6nBGEPV,【4K精剪】希区考克 作品152 | 杨博文直拍 | 260131,underthepoplar,2026-02-01 00:23:17,1942483,23831,22312,20061,19001,4014,6927,1
2026-08-16 19:50:08,https://www.bilibili.com/video/BV1JUK56tEh5/?spm_id_from=333.1387.favlist.content.click,9,BV1JUK56tEh5,【杨博文｜音乐现场】全程舒适！跟着标准答案出发不迷路｜《全世界陪我出发》4k横屏直拍,游园会_杨博文,2026-07-16 20:06:19,160608,8041,2388,3942,5073,1951,1799,1
2026-08-16 19:50:08,https://www.bilibili.com/video/BV1kFKG6pEPe/?spm_id_from=333.1387.favlist.content.click,10,BV1kFKG6pEPe,【杨博文】夏日运动会《全世界陪我出发》4K直拍,Eternity丨杨博文,2026-07-16 19:13:38,45154,5434,733,2948,2326,37,94,1
2026-08-16 19:50:08,BV1MGYnzrE9E,11,BV1MGYnzrE9E,杨博文跳 《Centuries》帅到窒息！！竖屏4K直拍,Kismet丨杨博文,2025-08-18 02:15:37,273704,12364,6780,7961,585,959,3381,1
2026-08-16 19:50:08,BV1TLYnzzEx9,12,BV1TLYnzzEx9,舞力全开！主舞大人爽飞全场 15岁少年「杨博文」尽情演绎《Go In Blind》,Astra_杨博文,2025-08-18 00:48:26,333952,9937,5869,8919,578,717,2604,1
2026-08-16 20:00:06,https://www.bilibili.com/video/BV1EGBCBmEo8/?spm_id_from=333.1387.favlist.content.click,0,BV1EGBCBmEo8,【杨博文｜4K高清直拍】魅魔级别的《Manta》舞台，看博文如何一yeah封神,关键时刻来瓶尖叫,2025-12-27 23:15:44,1018430,12659,9909,11512,12722,1101,2417,1
2026-08-16 20:00:06,https://www.bilibili.com/video/BV1A5vkB2E1k/?spm_id_from=333.1387.favlist.content.click,1,BV1A5vkB2E1k,【杨博文】Hey Mama六机位纯舞直拍丨15岁舞台统治者的诞生，四代主舞燃炸全场！,Kismet丨杨博文,2025-12-28 22:28:16,2797504,64703,45283,47471,25207,13626,21858,10
2026-08-16 20:00:06,https://www.bilibili.com/video/BV1EQK56xEZk/?spm_id_from=333.1387.favlist.content.click,2,BV1EQK56xEZk,【杨博文｜音乐现场】｜《全世界陪我出发》4K直拍，考核第一的大C位实在太亮眼！,关键时刻来瓶尖叫,2026-07-16 20:29:02,428644,12612,3338,7463,5680,11152,8526,1
2026-08-16 20:00:06,bilibili.com/video/BV1M9ePzaELH/?spm_id_from=333.337.search-card.all.click,3,BV1M9ePzaELH,「杨博文｜卡拉永远OK」突发舞台事故？我怎么没看见,Astra_杨博文,2025-08-19 22:15:30,1000477,15199,5174,10677,10729,776,720,1
2026-08-16 20:00:06,BV1s8BvBPEN5,4,BV1s8BvBPEN5,【杨博文｜4K舞台直拍】好运来祝你好运来～博文宝宝祝你新年好运来,关键时刻来瓶尖叫,2025-12-27 00:43:12,1913744,34856,17002,32325,18637,4333,4869,1
2026-08-16 20:00:06,https://www.bilibili.com/video/BV1jN64BKECs/?spm_id_from=333.337.search-card.all.click,5,BV1jN64BKECs,【杨博文｜4K直拍】跟着节奏一起《闭嘴跳舞》～,关键时刻来瓶尖叫,2026-02-01 20:20:32,1440640,26681,16082,22746,10113,2377,7185,2
2026-08-16 20:00:06,https://www.bilibili.com/video/BV1Lb6tBBEYC/?spm_id_from=333.1387.favlist.content.click&vd_source=bdf775a036c61c0159ac2f0c251aaeb7,6,BV1Lb6tBBEYC,【4K精剪】闭嘴跳舞 | 杨博文直拍 | 260201,underthepoplar,2026-02-02 00:00:55,356923,27448,14233,19323,9387,1837,3101,1
2026-08-16 20:00:06,https://www.bilibili.com/video/BV1mJ64BREZY/?spm_id_from=333.1387.favlist.content.click&vd_source=bdf775a036c61c0159ac2f0c251aaeb7,7,BV1mJ64BREZY,【杨博文】闭嘴跳舞丨当主舞穿上西装就会得到,Kismet丨杨博文,2026-02-01 18:31:00,620402,35121,4010,25451,7653,447,654,1
2026-08-16 20:00:06,https://www.bilibili.com/video/BV1XA6nBGEPV/?spm_id_from=333.1387.favlist.content.click,8,BV1XA6nBGEPV,【4K精剪】希区考克 作品152 | 杨博文直拍 | 260131,underthepoplar,2026-02-01 00:23:17,1942488,23833,22312,20064,19001,4014,6927,1
2026-08-16 20:00:06,https://www.bilibili.com/video/BV1JUK56tEh5/?spm_id_from=333.1387.favlist.content.click,9,BV1JUK56tEh5,【杨博文｜音乐现场】全程舒适！跟着标准答案出发不迷路｜《全世界陪我出发》4k横屏直拍,游园会_杨博文,2026-07-16 20:06:19,160609,8041,2388,3942,5073,1951,1799,1
2026-08-16 20:00:06,https://www.bilibili.com/video/BV1kFKG6pEPe/?spm_id_from=333.1387.favlist.content.click,10,BV1kFKG6pEPe,【杨博文】夏日运动会《全世界陪我出发》4K直拍,Eternity丨杨博文,2026-07-16 19:13:38,45154,5434,733,2948,2326,37,94,1
2026-08-16 20:00:06,BV1MGYnzrE9E,11,BV1MGYnzrE9E,杨博文跳 《Centuries》帅到窒息！！竖屏4K直拍,Kismet丨杨博文,2025-08-18 02:15:37,273704,12364,6780,7961,585,959,3381,1
2026-08-16 20:00:06,BV1TLYnzzEx9,12,BV1TLYnzzEx9,舞力全开！主舞大人爽飞全场 15岁少年「杨博文」尽情演绎《Go In Blind》,Astra_杨博文,2025-08-18 00:48:26,333952,9937,5869,8919,578,717,2604,1
2026-08-16 20:30:06,https://www.bilibili.com/video/BV1EGBCBmEo8/?spm_id_from=333.1387.favlist.content.click,0,BV1EGBCBmEo8,【杨博文｜4K高清直拍】魅魔级别的《Manta》舞台，看博文如何一yeah封神,关键时刻来瓶尖叫,2025-12-27 23:15:44,1018432,12659,9909,11512,12722,1101,2417,1
2026-08-16 20:30:06,https://www.bilibili.com/video/BV1A5vkB2E1k/?spm_id_from=333.1387.favlist.content.click,1,BV1A5vkB2E1k,【杨博文】Hey Mama六机位纯舞直拍丨15岁舞台统治者的诞生，四代主舞燃炸全场！,Kismet丨杨博文,2025-12-28 22:28:16,2797557,64706,45283,47474,25213,13626,21858,6
2026-08-16 20:30:06,https://www.bilibili.com/video/BV1EQK56xEZk/?spm_id_from=333.1387.favlist.content.click,2,BV1EQK56xEZk,【杨博文｜音乐现场】｜《全世界陪我出发》4K直拍，考核第一的大C位实在太亮眼！,关键时刻来瓶尖叫,2026-07-16 20:29:02,428669,12614,3338,7463,5680,11152,8526,3
2026-08-16 20:30:06,bilibili.com/video/BV1M9ePzaELH/?spm_id_from=333.337.search-card.all.click,3,BV1M9ePzaELH,「杨博文｜卡拉永远OK」突发舞台事故？我怎么没看见,Astra_杨博文,2025-08-19 22:15:30,1000480,15200,5176,10677,10729,776,720,1
2026-08-16 20:30:06,BV1s8BvBPEN5,4,BV1s8BvBPEN5,【杨博文｜4K舞台直拍】好运来祝你好运来～博文宝宝祝你新年好运来,关键时刻来瓶尖叫,2025-12-27 00:43:12,1913752,34857,17002,32325,18643,4333,4869,1
2026-08-16 20:30:06,https://www.bilibili.com/video/BV1jN64BKECs/?spm_id_from=333.337.search-card.all.click,5,BV1jN64BKECs,【杨博文｜4K直拍】跟着节奏一起《闭嘴跳舞》～,关键时刻来瓶尖叫,2026-02-01 20:20:32,1440663,26683,16082,22749,10118,2377,7185,1
2026-08-16 20:30:06,https://www.bilibili.com/video/BV1Lb6tBBEYC/?spm_id_from=333.1387.favlist.content.click&vd_source=bdf775a036c61c0159ac2f0c251aaeb7,6,BV1Lb6tBBEYC,【4K精剪】闭嘴跳舞 | 杨博文直拍 | 260201,underthepoplar,2026-02-02 00:00:55,356930,27449,14233,19324,9393,1837,3101,1
2026-08-16 20:30:06,https://www.bilibili.com/video/BV1mJ64BREZY/?spm_id_from=333.1387.favlist.content.click&vd_source=bdf775a036c61c0159ac2f0c251aaeb7,7,BV1mJ64BREZY,【杨博文】闭嘴跳舞丨当主舞穿上西装就会得到,Kismet丨杨博文,2026-02-01 18:31:00,620402,35121,4010,25451,7658,447,654,1
2026-08-16 20:30:06,https://www.bilibili.com/video/BV1XA6nBGEPV/?spm_id_from=333.1387.favlist.content.click,8,BV1XA6nBGEPV,【4K精剪】希区考克 作品152 | 杨博文直拍 | 260131,underthepoplar,2026-02-01 00:23:17,1942494,23834,22312,20064,19001,4014,6927,1
2026-08-16 20:30:06,https://www.bilibili.com/video/BV1JUK56tEh5/?spm_id_from=333.1387.favlist.content.click,9,BV1JUK56tEh5,【杨博文｜音乐现场】全程舒适！跟着标准答案出发不迷路｜《全世界陪我出发》4k横屏直拍,游园会_杨博文,2026-07-16 20:06:19,160615,8041,2388,3942,5073,1951,1799,1
2026-08-16 20:30:06,https://www.bilibili.com/video/BV1kFKG6pEPe/?spm_id_from=333.1387.favlist.content.click,10,BV1kFKG6pEPe,【杨博文】夏日运动会《全世界陪我出发》4K直拍,Eternity丨杨博文,2026-07-16 19:13:38,45159,5434,733,2949,2326,37,94,1
2026-08-16 20:30:06,BV1MGYnzrE9E,11,BV1MGYnzrE9E,杨博文跳 《Centuries》帅到窒息！！竖屏4K直拍,Kismet丨杨博文,2025-08-18 02:15:37,273704,12364,6780,7961,585,959,3381,1
2026-08-16 20:30:06,BV1TLYnzzEx9,12,BV1TLYnzzEx9,舞力全开！主舞大人爽飞全场 15岁少年「杨博文」尽情演绎《Go In Blind》,Astra_杨博文,2025-08-18 00:48:26,333952,9937,5869,8919,578,717,2604,1
2026-08-16 21:00:05,https://www.bilibili.com/video/BV1EGBCBmEo8/?spm_id_from=333.1387.favlist.content.click,0,BV1EGBCBmEo8,【杨博文｜4K高清直拍】魅魔级别的《Manta》舞台，看博文如何一yeah封神,关键时刻来瓶尖叫,2025-12-27 23:15:44,1018434,12659,9911,11512,12722,1102,2417,1
2026-08-16 21:00:05,https://www.bilibili.com/video/BV1A5vkB2E1k/?spm_id_from=333.1387.favlist.content.click,1,BV1A5vkB2E1k,【杨博文】Hey Mama六机位纯舞直拍丨15岁舞台统治者的诞生，四代主舞燃炸全场！,Kismet丨杨博文,2025-12-28 22:28:16,2797604,64708,45283,47478,25215,13626,21858,16
2026-08-16 21:00:05,https://www.bilibili.com/video/BV1EQK56xEZk/?spm_id_from=333.1387.favlist.content.click,2,BV1EQK56xEZk,【杨博文｜音乐现场】｜《全世界陪我出发》4K直拍，考核第一的大C位实在太亮眼！,关键时刻来瓶尖叫,2026-07-16 20:29:02,428688,12618,3340,7462,5680,11153,8526,1
2026-08-16 21:00:05,bilibili.com/video/BV1M9ePzaELH/?spm_id_from=333.337.search-card.all.click,3,BV1M9ePzaELH,「杨博文｜卡拉永远OK」突发舞台事故？我怎么没看见,Astra_杨博文,2025-08-19 22:15:30,1000486,15201,5178,10676,10729,778,720,1
2026-08-16 21:00:05,BV1s8BvBPEN5,4,BV1s8BvBPEN5,【杨博文｜4K舞台直拍】好运来祝你好运来～博文宝宝祝你新年好运来,关键时刻来瓶尖叫,2025-12-27 00:43:12,1913761,34858,17002,32326,18645,4333,4869,1
2026-08-16 21:00:05,https://www.bilibili.com/video/BV1jN64BKECs/?spm_id_from=333.337.search-card.all.click,5,BV1jN64BKECs,【杨博文｜4K直拍】跟着节奏一起《闭嘴跳舞》～,关键时刻来瓶尖叫,2026-02-01 20:20:32,1440682,26683,16082,22749,10120,2377,7185,2
2026-08-16 21:00:05,https://www.bilibili.com/video/BV1Lb6tBBEYC/?spm_id_from=333.1387.favlist.content.click&vd_source=bdf775a036c61c0159ac2f0c251aaeb7,6,BV1Lb6tBBEYC,【4K精剪】闭嘴跳舞 | 杨博文直拍 | 260201,underthepoplar,2026-02-02 00:00:55,356944,27451,14233,19325,9395,1837,3101,1
2026-08-16 21:00:05,https://www.bilibili.com/video/BV1mJ64BREZY/?spm_id_from=333.1387.favlist.content.click&vd_source=bdf775a036c61c0159ac2f0c251aaeb7,7,BV1mJ64BREZY,【杨博文】闭嘴跳舞丨当主舞穿上西装就会得到,Kismet丨杨博文,2026-02-01 18:31:00,620407,35121,4010,25451,7660,447,654,1
2026-08-16 21:00:05,https://www.bilibili.com/video/BV1XA6nBGEPV/?spm_id_from=333.1387.favlist.content.click,8,BV1XA6nBGEPV,【4K精剪】希区考克 作品152 | 杨博文直拍 | 260131,underthepoplar,2026-02-01 00:23:17,1942510,23834,22312,20064,19001,4014,6927,1
2026-08-16 21:00:05,https://www.bilibili.com/video/BV1JUK56tEh5/?spm_id_from=333.1387.favlist.content.click,9,BV1JUK56tEh5,【杨博文｜音乐现场】全程舒适！跟着标准答案出发不迷路｜《全世界陪我出发》4k横屏直拍,游园会_杨博文,2026-07-16 20:06:19,160619,8042,2390,3942,5073,1952,1799,1
2026-08-16 21:00:05,https://www.bilibili.com/video/BV1kFKG6pEPe/?spm_id_from=333.1387.favlist.content.click,10,BV1kFKG6pEPe,【杨博文】夏日运动会《全世界陪我出发》4K直拍,Eternity丨杨博文,2026-07-16 19:13:38,45159,5434,733,2949,2326,37,94,1
2026-08-16 21:00:05,BV1MGYnzrE9E,11,BV1MGYnzrE9E,杨博文跳 《Centuries》帅到窒息！！竖屏4K直拍,Kismet丨杨博文,2025-08-18 02:15:37,273704,12364,6780,7961,585,959,3381,1
2026-08-16 21:00:05,BV1TLYnzzEx9,12,BV1TLYnzzEx9,舞力全开！主舞大人爽飞全场 15岁少年「杨博文」尽情演绎《Go In Blind》,Astra_杨博文,2025-08-18 00:48:26,333952,9937,5869,8919,578,717,2604,1
2026-08-16 21:30:04,https://www.bilibili.com/video/BV1EGBCBmEo8/?spm_id_from=333.1387.favlist.content.click,0,BV1EGBCBmEo8,【杨博文｜4K高清直拍】魅魔级别的《Manta》舞台，看博文如何一yeah封神,关键时刻来瓶尖叫,2025-12-27 23:15:44,1018434,12659,9911,11512,12722,1102,2417,1
2026-08-16 21:30:04,https://www.bilibili.com/video/BV1A5vkB2E1k/?spm_id_from=333.1387.favlist.content.click,1,BV1A5vkB2E1k,【杨博文】Hey Mama六机位纯舞直拍丨15岁舞台统治者的诞生，四代主舞燃炸全场！,Kismet丨杨博文,2025-12-28 22:28:16,2797653,64713,45285,47483,25217,13626,21858,10
2026-08-16 21:30:04,https://www.bilibili.com/video/BV1EQK56xEZk/?spm_id_from=333.1387.favlist.content.click,2,BV1EQK56xEZk,【杨博文｜音乐现场】｜《全世界陪我出发》4K直拍，考核第一的大C位实在太亮眼！,关键时刻来瓶尖叫,2026-07-16 20:29:02,428717,12622,3340,7463,5680,11153,8526,2
2026-08-16 21:30:04,bilibili.com/video/BV1M9ePzaELH/?spm_id_from=333.337.search-card.all.click,3,BV1M9ePzaELH,「杨博文｜卡拉永远OK」突发舞台事故？我怎么没看见,Astra_杨博文,2025-08-19 22:15:30,1000491,15202,5178,10678,10729,778,720,1
2026-08-16 21:30:04,BV1s8BvBPEN5,4,BV1s8BvBPEN5,【杨博文｜4K舞台直拍】好运来祝你好运来～博文宝宝祝你新年好运来,关键时刻来瓶尖叫,2025-12-27 00:43:12,1913768,34859,17004,32327,18647,4333,4869,1
2026-08-16 21:30:04,https://www.bilibili.com/video/BV1jN64BKECs/?spm_id_from=333.337.search-card.all.click,5,BV1jN64BKECs,【杨博文｜4K直拍】跟着节奏一起《闭嘴跳舞》～,关键时刻来瓶尖叫,2026-02-01 20:20:32,1440701,26684,16082,22752,10122,2377,7185,2
2026-08-16 21:30:04,https://www.bilibili.com/video/BV1Lb6tBBEYC/?spm_id_from=333.1387.favlist.content.click&vd_source=bdf775a036c61c0159ac2f0c251aaeb7,6,BV1Lb6tBBEYC,【4K精剪】闭嘴跳舞 | 杨博文直拍 | 260201,underthepoplar,2026-02-02 00:00:55,356950,27451,14233,19325,9396,1837,3101,1
2026-08-16 21:30:04,https://www.bilibili.com/video/BV1mJ64BREZY/?spm_id_from=333.1387.favlist.content.click&vd_source=bdf775a036c61c0159ac2f0c251aaeb7,7,BV1mJ64BREZY,【杨博文】闭嘴跳舞丨当主舞穿上西装就会得到,Kismet丨杨博文,2026-02-01 18:31:00,620410,35121,4010,25450,7662,447,654,1
2026-08-16 21:30:04,https://www.bilibili.com/video/BV1XA6nBGEPV/?spm_id_from=333.1387.favlist.content.click,8,BV1XA6nBGEPV,【4K精剪】希区考克 作品152 | 杨博文直拍 | 260131,underthepoplar,2026-02-01 00:23:17,1942525,23834,22312,20066,19001,4014,6927,1
2026-08-16 21:30:04,https://www.bilibili.com/video/BV1JUK56tEh5/?spm_id_from=333.1387.favlist.content.click,9,BV1JUK56tEh5,【杨博文｜音乐现场】全程舒适！跟着标准答案出发不迷路｜《全世界陪我出发》4k横屏直拍,游园会_杨博文,2026-07-16 20:06:19,160623,8043,2391,3942,5073,1952,1799,1
2026-08-16 21:30:04,https://www.bilibili.com/video/BV1kFKG6pEPe/?spm_id_from=333.1387.favlist.content.click,10,BV1kFKG6pEPe,【杨博文】夏日运动会《全世界陪我出发》4K直拍,Eternity丨杨博文,2026-07-16 19:13:38,45163,5434,733,2949,2326,37,94,1
2026-08-16 21:30:04,BV1MGYnzrE9E,11,BV1MGYnzrE9E,杨博文跳 《Centuries》帅到窒息！！竖屏4K直拍,Kismet丨杨博文,2025-08-18 02:15:37,273704,12364,6780,7961,585,959,3381,1
2026-08-16 21:30:04,BV1TLYnzzEx9,12,BV1TLYnzzEx9,舞力全开！主舞大人爽飞全场 15岁少年「杨博文」尽情演绎《Go In Blind》,Astra_杨博文,2025-08-18 00:48:26,333953,9937,5869,8919,578,717,2604,1
2026-08-16 22:00:04,https://www.bilibili.com/video/BV1EGBCBmEo8/?spm_id_from=333.1387.favlist.content.click,0,BV1EGBCBmEo8,【杨博文｜4K高清直拍】魅魔级别的《Manta》舞台，看博文如何一yeah封神,关键时刻来瓶尖叫,2025-12-27 23:15:44,1018434,12659,9911,11512,12722,1102,2417,1
2026-08-16 22:00:04,https://www.bilibili.com/video/BV1A5vkB2E1k/?spm_id_from=333.1387.favlist.content.click,1,BV1A5vkB2E1k,【杨博文】Hey Mama六机位纯舞直拍丨15岁舞台统治者的诞生，四代主舞燃炸全场！,Kismet丨杨博文,2025-12-28 22:28:16,2797702,64718,45289,47486,25222,13626,21858,14
2026-08-16 22:00:04,https://www.bilibili.com/video/BV1EQK56xEZk/?spm_id_from=333.1387.favlist.content.click,2,BV1EQK56xEZk,【杨博文｜音乐现场】｜《全世界陪我出发》4K直拍，考核第一的大C位实在太亮眼！,关键时刻来瓶尖叫,2026-07-16 20:29:02,428745,12625,3340,7462,5680,11153,8526,1
2026-08-16 22:00:04,bilibili.com/video/BV1M9ePzaELH/?spm_id_from=333.337.search-card.all.click,3,BV1M9ePzaELH,「杨博文｜卡拉永远OK」突发舞台事故？我怎么没看见,Astra_杨博文,2025-08-19 22:15:30,1000497,15207,5180,10679,10729,778,720,1
2026-08-16 22:00:04,BV1s8BvBPEN5,4,BV1s8BvBPEN5,【杨博文｜4K舞台直拍】好运来祝你好运来～博文宝宝祝你新年好运来,关键时刻来瓶尖叫,2025-12-27 00:43:12,1913776,34859,17004,32327,18650,4333,4869,1
2026-08-16 22:00:04,https://www.bilibili.com/video/BV1jN64BKECs/?spm_id_from=333.337.search-card.all.click,5,BV1jN64BKECs,【杨博文｜4K直拍】跟着节奏一起《闭嘴跳舞》～,关键时刻来瓶尖叫,2026-02-01 20:20:32,1440716,26685,16082,22754,10126,2377,7185,1
2026-08-16 22:00:04,https://www.bilibili.com/video/BV1Lb6tBBEYC/?spm_id_from=333.1387.favlist.content.click&vd_source=bdf775a036c61c0159ac2f0c251aaeb7,6,BV1Lb6tBBEYC,【4K精剪】闭嘴跳舞 | 杨博文直拍 | 260201,underthepoplar,2026-02-02 00:00:55,356974,27453,14235,19327,9400,1837,3101,2
2026-08-16 22:00:04,https://www.bilibili.com/video/BV1mJ64BREZY/?spm_id_from=333.1387.favlist.content.click&vd_source=bdf775a036c61c0159ac2f0c251aaeb7,7,BV1mJ64BREZY,【杨博文】闭嘴跳舞丨当主舞穿上西装就会得到,Kismet丨杨博文,2026-02-01 18:31:00,620415,35121,4010,25450,7666,447,654,1
2026-08-16 22:00:04,https://www.bilibili.com/video/BV1XA6nBGEPV/?spm_id_from=333.1387.favlist.content.click,8,BV1XA6nBGEPV,【4K精剪】希区考克 作品152 | 杨博文直拍 | 260131,underthepoplar,2026-02-01 00:23:17,1942535,23835,22312,20066,19002,4014,6927,1
2026-08-16 22:00:04,https://www.bilibili.com/video/BV1JUK56tEh5/?spm_id_from=333.1387.favlist.content.click,9,BV1JUK56tEh5,【杨博文｜音乐现场】全程舒适！跟着标准答案出发不迷路｜《全世界陪我出发》4k横屏直拍,游园会_杨博文,2026-07-16 20:06:19,160627,8044,2391,3942,5073,1952,1799,1
2026-08-16 22:00:04,https://www.bilibili.com/video/BV1kFKG6pEPe/?spm_id_from=333.1387.favlist.content.click,10,BV1kFKG6pEPe,【杨博文】夏日运动会《全世界陪我出发》4K直拍,Eternity丨杨博文,2026-07-16 19:13:38,45168,5434,733,2949,2326,37,94,1
2026-08-16 22:00:04,BV1MGYnzrE9E,11,BV1MGYnzrE9E,杨博文跳 《Centuries》帅到窒息！！竖屏4K直拍,Kismet丨杨博文,2025-08-18 02:15:37,273705,12364,6780,7961,585,959,3381,1
2026-08-16 22:00:04,BV1TLYnzzEx9,12,BV1TLYnzzEx9,舞力全开！主舞大人爽飞全场 15岁少年「杨博文」尽情演绎《Go In Blind》,Astra_杨博文,2025-08-18 00:48:26,333954,9937,5869,8919,578,717,2604,1
2026-08-16 22:30:03,https://www.bilibili.com/video/BV1EGBCBmEo8/?spm_id_from=333.1387.favlist.content.click,0,BV1EGBCBmEo8,【杨博文｜4K高清直拍】魅魔级别的《Manta》舞台，看博文如何一yeah封神,关键时刻来瓶尖叫,2025-12-27 23:15:44,1018436,12659,9911,11512,12722,1102,2417,1
2026-08-16 22:30:03,https://www.bilibili.com/video/BV1A5vkB2E1k/?spm_id_from=333.1387.favlist.content.click,1,BV1A5vkB2E1k,【杨博文】Hey Mama六机位纯舞直拍丨15岁舞台统治者的诞生，四代主舞燃炸全场！,Kismet丨杨博文,2025-12-28 22:28:16,2797790,64724,45295,47497,25229,13626,21860,9
2026-08-16 22:30:03,https://www.bilibili.com/video/BV1EQK56xEZk/?spm_id_from=333.1387.favlist.content.click,2,BV1EQK56xEZk,【杨博文｜音乐现场】｜《全世界陪我出发》4K直拍，考核第一的大C位实在太亮眼！,关键时刻来瓶尖叫,2026-07-16 20:29:02,428774,12627,3340,7464,5680,11153,8526,1
2026-08-16 22:30:03,bilibili.com/video/BV1M9ePzaELH/?spm_id_from=333.337.search-card.all.click,3,BV1M9ePzaELH,「杨博文｜卡拉永远OK」突发舞台事故？我怎么没看见,Astra_杨博文,2025-08-19 22:15:30,1000503,15209,5180,10678,10729,778,720,1
2026-08-16 22:30:03,BV1s8BvBPEN5,4,BV1s8BvBPEN5,【杨博文｜4K舞台直拍】好运来祝你好运来～博文宝宝祝你新年好运来,关键时刻来瓶尖叫,2025-12-27 00:43:12,1913786,34860,17006,32330,18658,4333,4869,1
2026-08-16 22:30:03,https://www.bilibili.com/video/BV1jN64BKECs/?spm_id_from=333.337.search-card.all.click,5,BV1jN64BKECs,【杨博文｜4K直拍】跟着节奏一起《闭嘴跳舞》～,关键时刻来瓶尖叫,2026-02-01 20:20:32,1440747,26687,16084,22761,10133,2377,7186,3
2026-08-16 22:30:03,https://www.bilibili.com/video/BV1Lb6tBBEYC/?spm_id_from=333.1387.favlist.content.click&vd_source=bdf775a036c61c0159ac2f0c251aaeb7,6,BV1Lb6tBBEYC,【4K精剪】闭嘴跳舞 | 杨博文直拍 | 260201,underthepoplar,2026-02-02 00:00:55,356991,27454,14235,19327,9408,1837,3101,1
2026-08-16 22:30:03,https://www.bilibili.com/video/BV1mJ64BREZY/?spm_id_from=333.1387.favlist.content.click&vd_source=bdf775a036c61c0159ac2f0c251aaeb7,7,BV1mJ64BREZY,【杨博文】闭嘴跳舞丨当主舞穿上西装就会得到,Kismet丨杨博文,2026-02-01 18:31:00,620417,35122,4012,25449,7672,447,654,1
2026-08-16 22:30:03,https://www.bilibili.com/video/BV1XA6nBGEPV/?spm_id_from=333.1387.favlist.content.click,8,BV1XA6nBGEPV,【4K精剪】希区考克 作品152 | 杨博文直拍 | 260131,underthepoplar,2026-02-01 00:23:17,1942551,23837,22312,20069,19002,4014,6927,1
2026-08-16 22:30:03,https://www.bilibili.com/video/BV1JUK56tEh5/?spm_id_from=333.1387.favlist.content.click,9,BV1JUK56tEh5,【杨博文｜音乐现场】全程舒适！跟着标准答案出发不迷路｜《全世界陪我出发》4k横屏直拍,游园会_杨博文,2026-07-16 20:06:19,160634,8045,2391,3942,5073,1952,1799,1
2026-08-16 22:30:03,https://www.bilibili.com/video/BV1kFKG6pEPe/?spm_id_from=333.1387.favlist.content.click,10,BV1kFKG6pEPe,【杨博文】夏日运动会《全世界陪我出发》4K直拍,Eternity丨杨博文,2026-07-16 19:13:38,45170,5435,733,2949,2326,37,94,1
2026-08-16 22:30:03,BV1MGYnzrE9E,11,BV1MGYnzrE9E,杨博文跳 《Centuries》帅到窒息！！竖屏4K直拍,Kismet丨杨博文,2025-08-18 02:15:37,273707,12364,6780,7960,585,959,3381,1
2026-08-16 22:30:03,BV1TLYnzzEx9,12,BV1TLYnzzEx9,舞力全开！主舞大人爽飞全场 15岁少年「杨博文」尽情演绎《Go In Blind》,Astra_杨博文,2025-08-18 00:48:26,333954,9937,5869,8919,578,717,2604,1
2026-08-16 23:00:03,https://www.bilibili.com/video/BV1EGBCBmEo8/?spm_id_from=333.1387.favlist.content.click,0,BV1EGBCBmEo8,【杨博文｜4K高清直拍】魅魔级别的《Manta》舞台，看博文如何一yeah封神,关键时刻来瓶尖叫,2025-12-27 23:15:44,1018443,12659,9911,11513,12722,1102,2417,1
2026-08-16 23:00:03,https://www.bilibili.com/video/BV1A5vkB2E1k/?spm_id_from=333.1387.favlist.content.click,1,BV1A5vkB2E1k,【杨博文】Hey Mama六机位纯舞直拍丨15岁舞台统治者的诞生，四代主舞燃炸全场！,Kismet丨杨博文,2025-12-28 22:28:16,2797908,64736,45299,47507,25237,13627,21862,12
2026-08-16 23:00:03,https://www.bilibili.com/video/BV1EQK56xEZk/?spm_id_from=333.1387.favlist.content.click,2,BV1EQK56xEZk,【杨博文｜音乐现场】｜《全世界陪我出发》4K直拍，考核第一的大C位实在太亮眼！,关键时刻来瓶尖叫,2026-07-16 20:29:02,428791,12627,3340,7465,5680,11153,8526,3
2026-08-16 23:00:03,bilibili.com/video/BV1M9ePzaELH/?spm_id_from=333.337.search-card.all.click,3,BV1M9ePzaELH,「杨博文｜卡拉永远OK」突发舞台事故？我怎么没看见,Astra_杨博文,2025-08-19 22:15:30,1000511,15209,5180,10680,10729,778,720,1
2026-08-16 23:00:03,BV1s8BvBPEN5,4,BV1s8BvBPEN5,【杨博文｜4K舞台直拍】好运来祝你好运来～博文宝宝祝你新年好运来,关键时刻来瓶尖叫,2025-12-27 00:43:12,1913794,34861,17006,32332,18665,4333,4869,1
2026-08-16 23:00:03,https://www.bilibili.com/video/BV1jN64BKECs/?spm_id_from=333.337.search-card.all.click,5,BV1jN64BKECs,【杨博文｜4K直拍】跟着节奏一起《闭嘴跳舞》～,关键时刻来瓶尖叫,2026-02-01 20:20:32,1440769,26687,16084,22764,10140,2377,7186,1
2026-08-16 23:00:03,https://www.bilibili.com/video/BV1Lb6tBBEYC/?spm_id_from=333.1387.favlist.content.click&vd_source=bdf775a036c61c0159ac2f0c251aaeb7,6,BV1Lb6tBBEYC,【4K精剪】闭嘴跳舞 | 杨博文直拍 | 260201,underthepoplar,2026-02-02 00:00:55,357008,27455,14235,19328,9415,1837,3101,1
2026-08-16 23:00:03,https://www.bilibili.com/video/BV1mJ64BREZY/?spm_id_from=333.1387.favlist.content.click&vd_source=bdf775a036c61c0159ac2f0c251aaeb7,7,BV1mJ64BREZY,【杨博文】闭嘴跳舞丨当主舞穿上西装就会得到,Kismet丨杨博文,2026-02-01 18:31:00,620420,35122,4012,25449,7680,447,654,1
2026-08-16 23:00:03,https://www.bilibili.com/video/BV1XA6nBGEPV/?spm_id_from=333.1387.favlist.content.click,8,BV1XA6nBGEPV,【4K精剪】希区考克 作品152 | 杨博文直拍 | 260131,underthepoplar,2026-02-01 00:23:17,1942569,23838,22315,20072,19003,4014,6927,1
2026-08-16 23:00:03,https://www.bilibili.com/video/BV1JUK56tEh5/?spm_id_from=333.1387.favlist.content.click,9,BV1JUK56tEh5,【杨博文｜音乐现场】全程舒适！跟着标准答案出发不迷路｜《全世界陪我出发》4k横屏直拍,游园会_杨博文,2026-07-16 20:06:19,160641,8045,2391,3943,5073,1952,1799,1
2026-08-16 23:00:03,https://www.bilibili.com/video/BV1kFKG6pEPe/?spm_id_from=333.1387.favlist.content.click,10,BV1kFKG6pEPe,【杨博文】夏日运动会《全世界陪我出发》4K直拍,Eternity丨杨博文,2026-07-16 19:13:38,45170,5435,733,2949,2326,37,94,1
2026-08-16 23:00:03,BV1MGYnzrE9E,11,BV1MGYnzrE9E,杨博文跳 《Centuries》帅到窒息！！竖屏4K直拍,Kismet丨杨博文,2025-08-18 02:15:37,273708,12364,6780,7960,585,959,3381,1
2026-08-16 23:00:03,BV1TLYnzzEx9,12,BV1TLYnzzEx9,舞力全开！主舞大人爽飞全场 15岁少年「杨博文」尽情演绎《Go In Blind》,Astra_杨博文,2025-08-18 00:48:26,333954,9937,5869,8920,578,717,2604,1
2026-08-16 23:30:02,https://www.bilibili.com/video/BV1EGBCBmEo8/?spm_id_from=333.1387.favlist.content.click,0,BV1EGBCBmEo8,【杨博文｜4K高清直拍】魅魔级别的《Manta》舞台，看博文如何一yeah封神,关键时刻来瓶尖叫,2025-12-27 23:15:44,1018447,12661,9914,11514,12722,1102,2417,1
2026-08-16 23:30:02,https://www.bilibili.com/video/BV1A5vkB2E1k/?spm_id_from=333.1387.favlist.content.click,1,BV1A5vkB2E1k,【杨博文】Hey Mama六机位纯舞直拍丨15岁舞台统治者的诞生，四代主舞燃炸全场！,Kismet丨杨博文,2025-12-28 22:28:16,2797986,64743,45305,47515,25241,13628,21862,13
2026-08-16 23:30:02,https://www.bilibili.com/video/BV1EQK56xEZk/?spm_id_from=333.1387.favlist.content.click,2,BV1EQK56xEZk,【杨博文｜音乐现场】｜《全世界陪我出发》4K直拍，考核第一的大C位实在太亮眼！,关键时刻来瓶尖叫,2026-07-16 20:29:02,428807,12627,3340,7465,5680,11153,8526,1
2026-08-16 23:30:02,bilibili.com/video/BV1M9ePzaELH/?spm_id_from=333.337.search-card.all.click,3,BV1M9ePzaELH,「杨博文｜卡拉永远OK」突发舞台事故？我怎么没看见,Astra_杨博文,2025-08-19 22:15:30,1000516,15211,5180,10681,10729,778,720,1
2026-08-16 23:30:02,BV1s8BvBPEN5,4,BV1s8BvBPEN5,【杨博文｜4K舞台直拍】好运来祝你好运来～博文宝宝祝你新年好运来,关键时刻来瓶尖叫,2025-12-27 00:43:12,1913803,34862,17006,32332,18669,4333,4869,1
2026-08-16 23:30:02,https://www.bilibili.com/video/BV1jN64BKECs/?spm_id_from=333.337.search-card.all.click,5,BV1jN64BKECs,【杨博文｜4K直拍】跟着节奏一起《闭嘴跳舞》～,关键时刻来瓶尖叫,2026-02-01 20:20:32,1440800,26692,16087,22764,10145,2377,7186,1
2026-08-16 23:30:02,https://www.bilibili.com/video/BV1Lb6tBBEYC/?spm_id_from=333.1387.favlist.content.click&vd_source=bdf775a036c61c0159ac2f0c251aaeb7,6,BV1Lb6tBBEYC,【4K精剪】闭嘴跳舞 | 杨博文直拍 | 260201,underthepoplar,2026-02-02 00:00:55,357030,27458,14235,19329,9419,1837,3102,1
2026-08-16 23:30:02,https://www.bilibili.com/video/BV1mJ64BREZY/?spm_id_from=333.1387.favlist.content.click&vd_source=bdf775a036c61c0159ac2f0c251aaeb7,7,BV1mJ64BREZY,【杨博文】闭嘴跳舞丨当主舞穿上西装就会得到,Kismet丨杨博文,2026-02-01 18:31:00,620425,35123,4012,25449,7684,447,654,1
2026-08-16 23:30:02,https://www.bilibili.com/video/BV1XA6nBGEPV/?spm_id_from=333.1387.favlist.content.click,8,BV1XA6nBGEPV,【4K精剪】希区考克 作品152 | 杨博文直拍 | 260131,underthepoplar,2026-02-01 00:23:17,1942594,23839,22315,20072,19005,4014,6927,1
2026-08-16 23:30:02,https://www.bilibili.com/video/BV1JUK56tEh5/?spm_id_from=333.1387.favlist.content.click,9,BV1JUK56tEh5,【杨博文｜音乐现场】全程舒适！跟着标准答案出发不迷路｜《全世界陪我出发》4k横屏直拍,游园会_杨博文,2026-07-16 20:06:19,160646,8046,2391,3944,5073,1952,1799,1
2026-08-16 23:30:02,https://www.bilibili.com/video/BV1kFKG6pEPe/?spm_id_from=333.1387.favlist.content.click,10,BV1kFKG6pEPe,【杨博文】夏日运动会《全世界陪我出发》4K直拍,Eternity丨杨博文,2026-07-16 19:13:38,45170,5435,733,2949,2326,37,94,1
2026-08-16 23:30:02,BV1MGYnzrE9E,11,BV1MGYnzrE9E,杨博文跳 《Centuries》帅到窒息！！竖屏4K直拍,Kismet丨杨博文,2025-08-18 02:15:37,273711,12364,6780,7960,585,959,3381,1
2026-08-16 23:30:02,BV1TLYnzzEx9,12,BV1TLYnzzEx9,舞力全开！主舞大人爽飞全场 15岁少年「杨博文」尽情演绎《Go In Blind》,Astra_杨博文,2025-08-18 00:48:26,333955,9937,5869,8920,578,717,2604,1
