采集时间,输入,原始顺序,BV号,标题,UP主,上传时间,总播放量,点赞数,投币数,收藏数,转发数,评论数,弹幕数,在线人数
2026-08-12 00:00:07,https://www.bilibili.com/video/BV1EGBCBmEo8/?spm_id_from=333.1387.favlist.content.click,0,BV1EGBCBmEo8,【杨博文｜4K高清直拍】魅魔级别的《Manta》舞台，看博文如何一yeah封神,关键时刻来瓶尖叫,2025-12-27 23:15:44,1016194,12559,9850,11490,12721,1100,2416,1
2026-08-12 00:00:07,https://www.bilibili.com/video/BV1A5vkB2E1k/?spm_id_from=333.1387.favlist.content.click,1,BV1A5vkB2E1k,【杨博文】Hey Mama六机位纯舞直拍丨15岁舞台统治者的诞生，四代主舞燃炸全场！,Kismet丨杨博文,2025-12-28 22:28:16,2771179,63760,44545,46368,24319,13563,21493,25
2026-08-12 00:00:07,https://www.bilibili.com/video/BV1EQK56xEZk/?spm_id_from=333.1387.favlist.content.click,2,BV1EQK56xEZk,【杨博文｜音乐现场】｜《全世界陪我出发》4K直拍，考核第一的大C位实在太亮眼！,关键时刻来瓶尖叫,2026-07-16 20:29:02,413949,12075,3182,7200,5673,11099,8452,4
2026-08-12 00:00:07,bilibili.com/video/BV1M9ePzaELH/?spm_id_from=333.337.search-card.all.click,3,BV1M9ePzaELH,「杨博文｜卡拉永远OK」突发舞台事故？我怎么没看见,Astra_杨博文,2025-08-19 22:15:30,983943,14957,4988,10508,10715,733,671,4
2026-08-12 00:00:07,BV1s8BvBPEN5,4,BV1s8BvBPEN5,【杨博文｜4K舞台直拍】好运来祝你好运来～博文宝宝祝你新年好运来,关键时刻来瓶尖叫,2025-12-27 00:43:12,1911876,34688,16922,32145,17837,4326,4858,1
2026-08-12 00:00:07,https://www.bilibili.com/video/BV1jN64BKECs/?spm_id_from=333.337.search-card.all.click,5,BV1jN64BKECs,【杨博文｜4K直拍】跟着节奏一起《闭嘴跳舞》～,关键时刻来瓶尖叫,2026-02-01 20:20:32,1436279,26357,15950,22433,9277,2375,7161,2
2026-08-12 00:00:07,https://www.bilibili.com/video/BV1Lb6tBBEYC/?spm_id_from=333.1387.favlist.content.click&vd_source=bdf775a036c61c0159ac2f0c251aaeb7,6,BV1Lb6tBBEYC,【4K精剪】闭嘴跳舞 | 杨博文直拍 | 260201,underthepoplar,2026-02-02 00:00:55,353622,27206,14120,19193,8585,1837,3079,1
2026-08-12 00:00:07,https://www.bilibili.com/video/BV1mJ64BREZY/?spm_id_from=333.1387.favlist.content.click&vd_source=bdf775a036c61c0159ac2f0c251aaeb7,7,BV1mJ64BREZY,【杨博文】闭嘴跳舞丨当主舞穿上西装就会得到,Kismet丨杨博文,2026-02-01 18:31:00,612407,35000,3914,25344,6843,447,607,1
2026-08-12 00:00:07,https://www.bilibili.com/video/BV1XA6nBGEPV/?spm_id_from=333.1387.favlist.content.click,8,BV1XA6nBGEPV,【4K精剪】希区考克 作品152 | 杨博文直拍 | 260131,underthepoplar,2026-02-01 00:23:17,1938936,23550,22122,19851,18992,4001,6897,1
2026-08-12 00:00:07,https://www.bilibili.com/video/BV1JUK56tEh5/?spm_id_from=333.1387.favlist.content.click,9,BV1JUK56tEh5,【杨博文｜音乐现场】全程舒适！跟着标准答案出发不迷路｜《全世界陪我出发》4k横屏直拍,游园会_杨博文,2026-07-16 20:06:19,158815,7818,2349,3890,5073,1951,1789,1
2026-08-12 00:00:07,https://www.bilibili.com/video/BV1kFKG6pEPe/?spm_id_from=333.1387.favlist.content.click,10,BV1kFKG6pEPe,【杨博文】夏日运动会《全世界陪我出发》4K直拍,Eternity丨杨博文,2026-07-16 19:13:38,43998,5298,724,2878,2326,37,94,1
2026-08-12 00:00:07,BV1MGYnzrE9E,11,BV1MGYnzrE9E,杨博文跳 《Centuries》帅到窒息！！竖屏4K直拍,Kismet丨杨博文,2025-08-18 02:15:37,272124,12321,6770,7935,582,959,3381,3
2026-08-12 00:00:07,BV1TLYnzzEx9,12,BV1TLYnzzEx9,舞力全开！主舞大人爽飞全场 15岁少年「杨博文」尽情演绎《Go In Blind》,Astra_杨博文,2025-08-18 00:48:26,332659,9924,5862,8917,577,717,2604,3
2026-08-12 00:30:07,https://www.bilibili.com/video/BV1EGBCBmEo8/?spm_id_from=333.1387.favlist.content.click,0,BV1EGBCBmEo8,【杨博文｜4K高清直拍】魅魔级别的《Manta》舞台，看博文如何一yeah封神,关键时刻来瓶尖叫,2025-12-27 23:15:44,1016214,12559,9850,11489,12721,1100,2416,1
2026-08-12 00:30:07,https://www.bilibili.com/video/BV1A5vkB2E1k/?spm_id_from=333.1387.favlist.content.click,1,BV1A5vkB2E1k,【杨博文】Hey Mama六机位纯舞直拍丨15岁舞台统治者的诞生，四代主舞燃炸全场！,Kismet丨杨博文,2025-12-28 22:28:16,2771273,63762,44545,46369,24323,13563,21494,26
2026-08-12 00:30:07,https://www.bilibili.com/video/BV1EQK56xEZk/?spm_id_from=333.1387.favlist.content.click,2,BV1EQK56xEZk,【杨博文｜音乐现场】｜《全世界陪我出发》4K直拍，考核第一的大C位实在太亮眼！,关键时刻来瓶尖叫,2026-07-16 20:29:02,414039,12081,3184,7202,5673,11099,8452,3
2026-08-12 00:30:07,bilibili.com/video/BV1M9ePzaELH/?spm_id_from=333.337.search-card.all.click,3,BV1M9ePzaELH,「杨博文｜卡拉永远OK」突发舞台事故？我怎么没看见,Astra_杨博文,2025-08-19 22:15:30,984010,14957,4988,10510,10715,733,671,3
2026-08-12 00:30:07,BV1s8BvBPEN5,4,BV1s8BvBPEN5,【杨博文｜4K舞台直拍】好运来祝你好运来～博文宝宝祝你新年好运来,关键时刻来瓶尖叫,2025-12-27 00:43:12,1911881,34689,16922,32145,17841,4326,4858,1
2026-08-12 00:30:07,https://www.bilibili.com/video/BV1jN64BKECs/?spm_id_from=333.337.search-card.all.click,5,BV1jN64BKECs,【杨博文｜4K直拍】跟着节奏一起《闭嘴跳舞》～,关键时刻来瓶尖叫,2026-02-01 20:20:32,1436287,26357,15950,22434,9281,2375,7161,1
2026-08-12 00:30:07,https://www.bilibili.com/video/BV1Lb6tBBEYC/?spm_id_from=333.1387.favlist.content.click&vd_source=bdf775a036c61c0159ac2f0c251aaeb7,6,BV1Lb6tBBEYC,【4K精剪】闭嘴跳舞 | 杨博文直拍 | 260201,underthepoplar,2026-02-02 00:00:55,353635,27206,14120,19193,8590,1837,3079,1
2026-08-12 00:30:07,https://www.bilibili.com/video/BV1mJ64BREZY/?spm_id_from=333.1387.favlist.content.click&vd_source=bdf775a036c61c0159ac2f0c251aaeb7,7,BV1mJ64BREZY,【杨博文】闭嘴跳舞丨当主舞穿上西装就会得到,Kismet丨杨博文,2026-02-01 18:31:00,612465,35000,3914,25346,6847,447,607,4
2026-08-12 00:30:07,https://www.bilibili.com/video/BV1XA6nBGEPV/?spm_id_from=333.1387.favlist.content.click,8,BV1XA6nBGEPV,【4K精剪】希区考克 作品152 | 杨博文直拍 | 260131,underthepoplar,2026-02-01 00:23:17,1938950,23551,22122,19851,18992,4001,6897,1
2026-08-12 00:30:07,https://www.bilibili.com/video/BV1JUK56tEh5/?spm_id_from=333.1387.favlist.content.click,9,BV1JUK56tEh5,【杨博文｜音乐现场】全程舒适！跟着标准答案出发不迷路｜《全世界陪我出发》4k横屏直拍,游园会_杨博文,2026-07-16 20:06:19,158817,7819,2349,3889,5073,1951,1789,1
2026-08-12 00:30:07,https://www.bilibili.com/video/BV1kFKG6pEPe/?spm_id_from=333.1387.favlist.content.click,10,BV1kFKG6pEPe,【杨博文】夏日运动会《全世界陪我出发》4K直拍,Eternity丨杨博文,2026-07-16 19:13:38,44004,5300,724,2878,2326,37,94,1
2026-08-12 00:30:07,BV1MGYnzrE9E,11,BV1MGYnzrE9E,杨博文跳 《Centuries》帅到窒息！！竖屏4K直拍,Kismet丨杨博文,2025-08-18 02:15:37,272143,12321,6770,7935,582,959,3381,3
2026-08-12 00:30:07,BV1TLYnzzEx9,12,BV1TLYnzzEx9,舞力全开！主舞大人爽飞全场 15岁少年「杨博文」尽情演绎《Go In Blind》,Astra_杨博文,2025-08-18 00:48:26,332673,9924,5862,8917,577,717,2604,2
2026-08-12 01:00:07,https://www.bilibili.com/video/BV1EGBCBmEo8/?spm_id_from=333.1387.favlist.content.click,0,BV1EGBCBmEo8,【杨博文｜4K高清直拍】魅魔级别的《Manta》舞台，看博文如何一yeah封神,关键时刻来瓶尖叫,2025-12-27 23:15:44,1016239,12559,9850,11489,12721,1100,2416,1
2026-08-12 01:00:07,https://www.bilibili.com/video/BV1A5vkB2E1k/?spm_id_from=333.1387.favlist.content.click,1,BV1A5vkB2E1k,【杨博文】Hey Mama六机位纯舞直拍丨15岁舞台统治者的诞生，四代主舞燃炸全场！,Kismet丨杨博文,2025-12-28 22:28:16,2771363,63763,44547,46371,24326,13563,21494,37
2026-08-12 01:00:07,https://www.bilibili.com/video/BV1EQK56xEZk/?spm_id_from=333.1387.favlist.content.click,2,BV1EQK56xEZk,【杨博文｜音乐现场】｜《全世界陪我出发》4K直拍，考核第一的大C位实在太亮眼！,关键时刻来瓶尖叫,2026-07-16 20:29:02,414141,12084,3184,7203,5673,11099,8452,5
2026-08-12 01:00:07,bilibili.com/video/BV1M9ePzaELH/?spm_id_from=333.337.search-card.all.click,3,BV1M9ePzaELH,「杨博文｜卡拉永远OK」突发舞台事故？我怎么没看见,Astra_杨博文,2025-08-19 22:15:30,984095,14957,4988,10511,10715,734,671,5
2026-08-12 01:00:07,BV1s8BvBPEN5,4,BV1s8BvBPEN5,【杨博文｜4K舞台直拍】好运来祝你好运来～博文宝宝祝你新年好运来,关键时刻来瓶尖叫,2025-12-27 00:43:12,1911885,34690,16922,32145,17843,4326,4858,1
2026-08-12 01:00:07,https://www.bilibili.com/video/BV1jN64BKECs/?spm_id_from=333.337.search-card.all.click,5,BV1jN64BKECs,【杨博文｜4K直拍】跟着节奏一起《闭嘴跳舞》～,关键时刻来瓶尖叫,2026-02-01 20:20:32,1436299,26357,15950,22435,9283,2375,7161,1
2026-08-12 01:00:07,https://www.bilibili.com/video/BV1Lb6tBBEYC/?spm_id_from=333.1387.favlist.content.click&vd_source=bdf775a036c61c0159ac2f0c251aaeb7,6,BV1Lb6tBBEYC,【4K精剪】闭嘴跳舞 | 杨博文直拍 | 260201,underthepoplar,2026-02-02 00:00:55,353651,27207,14120,19193,8593,1837,3079,1
2026-08-12 01:00:07,https://www.bilibili.com/video/BV1mJ64BREZY/?spm_id_from=333.1387.favlist.content.click&vd_source=bdf775a036c61c0159ac2f0c251aaeb7,7,BV1mJ64BREZY,【杨博文】闭嘴跳舞丨当主舞穿上西装就会得到,Kismet丨杨博文,2026-02-01 18:31:00,612537,35000,3914,25347,6849,447,607,5
2026-08-12 01:00:07,https://www.bilibili.com/video/BV1XA6nBGEPV/?spm_id_from=333.1387.favlist.content.click,8,BV1XA6nBGEPV,【4K精剪】希区考克 作品152 | 杨博文直拍 | 260131,underthepoplar,2026-02-01 00:23:17,1938957,23551,22122,19851,18992,4001,6897,1
2026-08-12 01:00:07,https://www.bilibili.com/video/BV1JUK56tEh5/?spm_id_from=333.1387.favlist.content.click,9,BV1JUK56tEh5,【杨博文｜音乐现场】全程舒适！跟着标准答案出发不迷路｜《全世界陪我出发》4k横屏直拍,游园会_杨博文,2026-07-16 20:06:19,158820,7820,2349,3889,5073,1951,1789,1
2026-08-12 01:00:07,https://www.bilibili.com/video/BV1kFKG6pEPe/?spm_id_from=333.1387.favlist.content.click,10,BV1kFKG6pEPe,【杨博文】夏日运动会《全世界陪我出发》4K直拍,Eternity丨杨博文,2026-07-16 19:13:38,44008,5302,724,2878,2326,37,94,1
2026-08-12 01:00:07,BV1MGYnzrE9E,11,BV1MGYnzrE9E,杨博文跳 《Centuries》帅到窒息！！竖屏4K直拍,Kismet丨杨博文,2025-08-18 02:15:37,272165,12321,6770,7935,582,959,3381,4
2026-08-12 01:00:07,BV1TLYnzzEx9,12,BV1TLYnzzEx9,舞力全开！主舞大人爽飞全场 15岁少年「杨博文」尽情演绎《Go In Blind》,Astra_杨博文,2025-08-18 00:48:26,332689,9924,5862,8917,577,717,2604,1
2026-08-12 01:30:07,https://www.bilibili.com/video/BV1EGBCBmEo8/?spm_id_from=333.1387.favlist.content.click,0,BV1EGBCBmEo8,【杨博文｜4K高清直拍】魅魔级别的《Manta》舞台，看博文如何一yeah封神,关键时刻来瓶尖叫,2025-12-27 23:15:44,1016260,12559,9850,11487,12721,1100,2416,1
2026-08-12 01:30:07,https://www.bilibili.com/video/BV1A5vkB2E1k/?spm_id_from=333.1387.favlist.content.click,1,BV1A5vkB2E1k,【杨博文】Hey Mama六机位纯舞直拍丨15岁舞台统治者的诞生，四代主舞燃炸全场！,Kismet丨杨博文,2025-12-28 22:28:16,2771458,63763,44547,46371,24331,13563,21494,32
2026-08-12 01:30:07,https://www.bilibili.com/video/BV1EQK56xEZk/?spm_id_from=333.1387.favlist.content.click,2,BV1EQK56xEZk,【杨博文｜音乐现场】｜《全世界陪我出发》4K直拍，考核第一的大C位实在太亮眼！,关键时刻来瓶尖叫,2026-07-16 20:29:02,414251,12086,3184,7203,5673,11099,8452,4
2026-08-12 01:30:07,bilibili.com/video/BV1M9ePzaELH/?spm_id_from=333.337.search-card.all.click,3,BV1M9ePzaELH,「杨博文｜卡拉永远OK」突发舞台事故？我怎么没看见,Astra_杨博文,2025-08-19 22:15:30,984182,14958,4988,10511,10715,734,671,5
2026-08-12 01:30:07,BV1s8BvBPEN5,4,BV1s8BvBPEN5,【杨博文｜4K舞台直拍】好运来祝你好运来～博文宝宝祝你新年好运来,关键时刻来瓶尖叫,2025-12-27 00:43:12,1911885,34690,16922,32145,17847,4326,4858,1
2026-08-12 01:30:07,https://www.bilibili.com/video/BV1jN64BKECs/?spm_id_from=333.337.search-card.all.click,5,BV1jN64BKECs,【杨博文｜4K直拍】跟着节奏一起《闭嘴跳舞》～,关键时刻来瓶尖叫,2026-02-01 20:20:32,1436308,26357,15950,22435,9288,2375,7161,1
2026-08-12 01:30:07,https://www.bilibili.com/video/BV1Lb6tBBEYC/?spm_id_from=333.1387.favlist.content.click&vd_source=bdf775a036c61c0159ac2f0c251aaeb7,6,BV1Lb6tBBEYC,【4K精剪】闭嘴跳舞 | 杨博文直拍 | 260201,underthepoplar,2026-02-02 00:00:55,353656,27207,14120,19194,8598,1837,3079,1
2026-08-12 01:30:07,https://www.bilibili.com/video/BV1mJ64BREZY/?spm_id_from=333.1387.favlist.content.click&vd_source=bdf775a036c61c0159ac2f0c251aaeb7,7,BV1mJ64BREZY,【杨博文】闭嘴跳舞丨当主舞穿上西装就会得到,Kismet丨杨博文,2026-02-01 18:31:00,612621,35000,3914,25348,6854,447,607,4
2026-08-12 01:30:07,https://www.bilibili.com/video/BV1XA6nBGEPV/?spm_id_from=333.1387.favlist.content.click,8,BV1XA6nBGEPV,【4K精剪】希区考克 作品152 | 杨博文直拍 | 260131,underthepoplar,2026-02-01 00:23:17,1938965,23553,22126,19851,18992,4001,6897,1
2026-08-12 01:30:07,https://www.bilibili.com/video/BV1JUK56tEh5/?spm_id_from=333.1387.favlist.content.click,9,BV1JUK56tEh5,【杨博文｜音乐现场】全程舒适！跟着标准答案出发不迷路｜《全世界陪我出发》4k横屏直拍,游园会_杨博文,2026-07-16 20:06:19,158824,7822,2349,3890,5073,1951,1789,1
2026-08-12 01:30:07,https://www.bilibili.com/video/BV1kFKG6pEPe/?spm_id_from=333.1387.favlist.content.click,10,BV1kFKG6pEPe,【杨博文】夏日运动会《全世界陪我出发》4K直拍,Eternity丨杨博文,2026-07-16 19:13:38,44009,5303,724,2878,2326,37,94,1
2026-08-12 01:30:07,BV1MGYnzrE9E,11,BV1MGYnzrE9E,杨博文跳 《Centuries》帅到窒息！！竖屏4K直拍,Kismet丨杨博文,2025-08-18 02:15:37,272183,12321,6770,7935,582,959,3381,4
2026-08-12 01:30:07,BV1TLYnzzEx9,12,BV1TLYnzzEx9,舞力全开！主舞大人爽飞全场 15岁少年「杨博文」尽情演绎《Go In Blind》,Astra_杨博文,2025-08-18 00:48:26,332706,9924,5862,8917,577,717,2604,2
2026-08-12 02:00:07,https://www.bilibili.com/video/BV1EGBCBmEo8/?spm_id_from=333.1387.favlist.content.click,0,BV1EGBCBmEo8,【杨博文｜4K高清直拍】魅魔级别的《Manta》舞台，看博文如何一yeah封神,关键时刻来瓶尖叫,2025-12-27 23:15:44,1016288,12561,9852,11487,12721,1100,2416,1
2026-08-12 02:00:07,https://www.bilibili.com/video/BV1A5vkB2E1k/?spm_id_from=333.1387.favlist.content.click,1,BV1A5vkB2E1k,【杨博文】Hey Mama六机位纯舞直拍丨15岁舞台统治者的诞生，四代主舞燃炸全场！,Kismet丨杨博文,2025-12-28 22:28:16,2771553,63765,44551,46371,24338,13563,21494,28
2026-08-12 02:00:07,https://www.bilibili.com/video/BV1EQK56xEZk/?spm_id_from=333.1387.favlist.content.click,2,BV1EQK56xEZk,【杨博文｜音乐现场】｜《全世界陪我出发》4K直拍，考核第一的大C位实在太亮眼！,关键时刻来瓶尖叫,2026-07-16 20:29:02,414356,12088,3186,7203,5673,11099,8452,2
2026-08-12 02:00:07,bilibili.com/video/BV1M9ePzaELH/?spm_id_from=333.337.search-card.all.click,3,BV1M9ePzaELH,「杨博文｜卡拉永远OK」突发舞台事故？我怎么没看见,Astra_杨博文,2025-08-19 22:15:30,984282,14960,4990,10511,10715,734,671,2
2026-08-12 02:00:07,BV1s8BvBPEN5,4,BV1s8BvBPEN5,【杨博文｜4K舞台直拍】好运来祝你好运来～博文宝宝祝你新年好运来,关键时刻来瓶尖叫,2025-12-27 00:43:12,1911889,34692,16924,32145,17854,4326,4858,1
2026-08-12 02:00:07,https://www.bilibili.com/video/BV1jN64BKECs/?spm_id_from=333.337.search-card.all.click,5,BV1jN64BKECs,【杨博文｜4K直拍】跟着节奏一起《闭嘴跳舞》～,关键时刻来瓶尖叫,2026-02-01 20:20:32,1436313,26358,15950,22435,9295,2375,7161,1
2026-08-12 02:00:07,https://www.bilibili.com/video/BV1Lb6tBBEYC/?spm_id_from=333.1387.favlist.content.click&vd_source=bdf775a036c61c0159ac2f0c251aaeb7,6,BV1Lb6tBBEYC,【4K精剪】闭嘴跳舞 | 杨博文直拍 | 260201,underthepoplar,2026-02-02 00:00:55,353660,27207,14120,19194,8604,1837,3079,1
2026-08-12 02:00:07,https://www.bilibili.com/video/BV1mJ64BREZY/?spm_id_from=333.1387.favlist.content.click&vd_source=bdf775a036c61c0159ac2f0c251aaeb7,7,BV1mJ64BREZY,【杨博文】闭嘴跳舞丨当主舞穿上西装就会得到,Kismet丨杨博文,2026-02-01 18:31:00,612713,35001,3916,25348,6860,447,607,3
2026-08-12 02:00:07,https://www.bilibili.com/video/BV1XA6nBGEPV/?spm_id_from=333.1387.favlist.content.click,8,BV1XA6nBGEPV,【4K精剪】希区考克 作品152 | 杨博文直拍 | 260131,underthepoplar,2026-02-01 00:23:17,1938973,23554,22126,19851,18992,4001,6897,1
2026-08-12 02:00:07,https://www.bilibili.com/video/BV1JUK56tEh5/?spm_id_from=333.1387.favlist.content.click,9,BV1JUK56tEh5,【杨博文｜音乐现场】全程舒适！跟着标准答案出发不迷路｜《全世界陪我出发》4k横屏直拍,游园会_杨博文,2026-07-16 20:06:19,158826,7823,2349,3890,5073,1951,1789,1
2026-08-12 02:00:07,https://www.bilibili.com/video/BV1kFKG6pEPe/?spm_id_from=333.1387.favlist.content.click,10,BV1kFKG6pEPe,【杨博文】夏日运动会《全世界陪我出发》4K直拍,Eternity丨杨博文,2026-07-16 19:13:38,44009,5303,724,2878,2326,37,94,1
2026-08-12 02:00:07,BV1MGYnzrE9E,11,BV1MGYnzrE9E,杨博文跳 《Centuries》帅到窒息！！竖屏4K直拍,Kismet丨杨博文,2025-08-18 02:15:37,272200,12321,6770,7935,582,959,3381,2
2026-08-12 02:00:07,BV1TLYnzzEx9,12,BV1TLYnzzEx9,舞力全开！主舞大人爽飞全场 15岁少年「杨博文」尽情演绎《Go In Blind》,Astra_杨博文,2025-08-18 00:48:26,332723,9925,5862,8917,577,717,2604,2
2026-08-12 02:30:07,https://www.bilibili.com/video/BV1EGBCBmEo8/?spm_id_from=333.1387.favlist.content.click,0,BV1EGBCBmEo8,【杨博文｜4K高清直拍】魅魔级别的《Manta》舞台，看博文如何一yeah封神,关键时刻来瓶尖叫,2025-12-27 23:15:44,1016310,12562,9852,11488,12721,1100,2416,1
2026-08-12 02:30:07,https://www.bilibili.com/video/BV1A5vkB2E1k/?spm_id_from=333.1387.favlist.content.click,1,BV1A5vkB2E1k,【杨博文】Hey Mama六机位纯舞直拍丨15岁舞台统治者的诞生，四代主舞燃炸全场！,Kismet丨杨博文,2025-12-28 22:28:16,2771646,63766,44551,46372,24340,13563,21494,36
2026-08-12 02:30:07,https://www.bilibili.com/video/BV1EQK56xEZk/?spm_id_from=333.1387.favlist.content.click,2,BV1EQK56xEZk,【杨博文｜音乐现场】｜《全世界陪我出发》4K直拍，考核第一的大C位实在太亮眼！,关键时刻来瓶尖叫,2026-07-16 20:29:02,414468,12091,3186,7204,5673,11099,8452,2
2026-08-12 02:30:07,bilibili.com/video/BV1M9ePzaELH/?spm_id_from=333.337.search-card.all.click,3,BV1M9ePzaELH,「杨博文｜卡拉永远OK」突发舞台事故？我怎么没看见,Astra_杨博文,2025-08-19 22:15:30,984379,14960,4990,10511,10715,734,671,3
2026-08-12 02:30:07,BV1s8BvBPEN5,4,BV1s8BvBPEN5,【杨博文｜4K舞台直拍】好运来祝你好运来～博文宝宝祝你新年好运来,关键时刻来瓶尖叫,2025-12-27 00:43:12,1911890,34692,16924,32145,17856,4326,4858,1
2026-08-12 02:30:07,https://www.bilibili.com/video/BV1jN64BKECs/?spm_id_from=333.337.search-card.all.click,5,BV1jN64BKECs,【杨博文｜4K直拍】跟着节奏一起《闭嘴跳舞》～,关键时刻来瓶尖叫,2026-02-01 20:20:32,1436320,26358,15950,22435,9297,2375,7161,1
2026-08-12 02:30:07,https://www.bilibili.com/video/BV1Lb6tBBEYC/?spm_id_from=333.1387.favlist.content.click&vd_source=bdf775a036c61c0159ac2f0c251aaeb7,6,BV1Lb6tBBEYC,【4K精剪】闭嘴跳舞 | 杨博文直拍 | 260201,underthepoplar,2026-02-02 00:00:55,353667,27207,14120,19194,8606,1837,3079,1
2026-08-12 02:30:07,https://www.bilibili.com/video/BV1mJ64BREZY/?spm_id_from=333.1387.favlist.content.click&vd_source=bdf775a036c61c0159ac2f0c251aaeb7,7,BV1mJ64BREZY,【杨博文】闭嘴跳舞丨当主舞穿上西装就会得到,Kismet丨杨博文,2026-02-01 18:31:00,612799,35002,3916,25348,6862,447,607,4
2026-08-12 02:30:07,https://www.bilibili.com/video/BV1XA6nBGEPV/?spm_id_from=333.1387.favlist.content.click,8,BV1XA6nBGEPV,【4K精剪】希区考克 作品152 | 杨博文直拍 | 260131,underthepoplar,2026-02-01 00:23:17,1938977,23554,22126,19851,18992,4001,6897,1
2026-08-12 02:30:07,https://www.bilibili.com/video/BV1JUK56tEh5/?spm_id_from=333.1387.favlist.content.click,9,BV1JUK56tEh5,【杨博文｜音乐现场】全程舒适！跟着标准答案出发不迷路｜《全世界陪我出发》4k横屏直拍,游园会_杨博文,2026-07-16 20:06:19,158827,7823,2349,3890,5073,1951,1789,1
2026-08-12 02:30:07,https://www.bilibili.com/video/BV1kFKG6pEPe/?spm_id_from=333.1387.favlist.content.click,10,BV1kFKG6pEPe,【杨博文】夏日运动会《全世界陪我出发》4K直拍,Eternity丨杨博文,2026-07-16 19:13:38,44011,5303,724,2878,2326,37,94,1
2026-08-12 02:30:07,BV1MGYnzrE9E,11,BV1MGYnzrE9E,杨博文跳 《Centuries》帅到窒息！！竖屏4K直拍,Kismet丨杨博文,2025-08-18 02:15:37,272219,12321,6770,7935,582,959,3381,4
2026-08-12 02:30:07,BV1TLYnzzEx9,12,BV1TLYnzzEx9,舞力全开！主舞大人爽飞全场 15岁少年「杨博文」尽情演绎《Go In Blind》,Astra_杨博文,2025-08-18 00:48:26,332739,9925,5862,8917,577,717,2604,4
2026-08-12 03:00:07,https://www.bilibili.com/video/BV1EGBCBmEo8/?spm_id_from=333.1387.favlist.content.click,0,BV1EGBCBmEo8,【杨博文｜4K高清直拍】魅魔级别的《Manta》舞台，看博文如何一yeah封神,关键时刻来瓶尖叫,2025-12-27 23:15:44,1016329,12562,9852,11488,12721,1100,2416,1
2026-08-12 03:00:07,https://www.bilibili.com/video/BV1A5vkB2E1k/?spm_id_from=333.1387.favlist.content.click,1,BV1A5vkB2E1k,【杨博文】Hey Mama六机位纯舞直拍丨15岁舞台统治者的诞生，四代主舞燃炸全场！,Kismet丨杨博文,2025-12-28 22:28:16,2771750,63768,44551,46372,24343,13563,21494,24
2026-08-12 03:00:07,https://www.bilibili.com/video/BV1EQK56xEZk/?spm_id_from=333.1387.favlist.content.click,2,BV1EQK56xEZk,【杨博文｜音乐现场】｜《全世界陪我出发》4K直拍，考核第一的大C位实在太亮眼！,关键时刻来瓶尖叫,2026-07-16 20:29:02,414577,12093,3186,7205,5673,11099,8452,3
2026-08-12 03:00:07,bilibili.com/video/BV1M9ePzaELH/?spm_id_from=333.337.search-card.all.click,3,BV1M9ePzaELH,「杨博文｜卡拉永远OK」突发舞台事故？我怎么没看见,Astra_杨博文,2025-08-19 22:15:30,984470,14961,4990,10511,10715,734,671,2
2026-08-12 03:00:07,BV1s8BvBPEN5,4,BV1s8BvBPEN5,【杨博文｜4K舞台直拍】好运来祝你好运来～博文宝宝祝你新年好运来,关键时刻来瓶尖叫,2025-12-27 00:43:12,1911891,34692,16924,32145,17858,4326,4858,1
2026-08-12 03:00:07,https://www.bilibili.com/video/BV1jN64BKECs/?spm_id_from=333.337.search-card.all.click,5,BV1jN64BKECs,【杨博文｜4K直拍】跟着节奏一起《闭嘴跳舞》～,关键时刻来瓶尖叫,2026-02-01 20:20:32,1436328,26358,15950,22435,9300,2375,7161,1
2026-08-12 03:00:07,https://www.bilibili.com/video/BV1Lb6tBBEYC/?spm_id_from=333.1387.favlist.content.click&vd_source=bdf775a036c61c0159ac2f0c251aaeb7,6,BV1Lb6tBBEYC,【4K精剪】闭嘴跳舞 | 杨博文直拍 | 260201,underthepoplar,2026-02-02 00:00:55,353672,27208,14122,19195,8608,1837,3079,1
2026-08-12 03:00:07,https://www.bilibili.com/video/BV1mJ64BREZY/?spm_id_from=333.1387.favlist.content.click&vd_source=bdf775a036c61c0159ac2f0c251aaeb7,7,BV1mJ64BREZY,【杨博文】闭嘴跳舞丨当主舞穿上西装就会得到,Kismet丨杨博文,2026-02-01 18:31:00,612891,35002,3916,25348,6865,447,607,3
2026-08-12 03:00:07,https://www.bilibili.com/video/BV1XA6nBGEPV/?spm_id_from=333.1387.favlist.content.click,8,BV1XA6nBGEPV,【4K精剪】希区考克 作品152 | 杨博文直拍 | 260131,underthepoplar,2026-02-01 00:23:17,1938981,23554,22126,19851,18992,4001,6897,1
2026-08-12 03:00:07,https://www.bilibili.com/video/BV1JUK56tEh5/?spm_id_from=333.1387.favlist.content.click,9,BV1JUK56tEh5,【杨博文｜音乐现场】全程舒适！跟着标准答案出发不迷路｜《全世界陪我出发》4k横屏直拍,游园会_杨博文,2026-07-16 20:06:19,158829,7824,2349,3890,5073,1951,1789,1
2026-08-12 03:00:07,https://www.bilibili.com/video/BV1kFKG6pEPe/?spm_id_from=333.1387.favlist.content.click,10,BV1kFKG6pEPe,【杨博文】夏日运动会《全世界陪我出发》4K直拍,Eternity丨杨博文,2026-07-16 19:13:38,44012,5303,724,2878,2326,37,94,1
2026-08-12 03:00:07,BV1MGYnzrE9E,11,BV1MGYnzrE9E,杨博文跳 《Centuries》帅到窒息！！竖屏4K直拍,Kismet丨杨博文,2025-08-18 02:15:37,272236,12321,6770,7935,582,959,3381,3
2026-08-12 03:00:07,BV1TLYnzzEx9,12,BV1TLYnzzEx9,舞力全开！主舞大人爽飞全场 15岁少年「杨博文」尽情演绎《Go In Blind》,Astra_杨博文,2025-08-18 00:48:26,332756,9925,5862,8917,577,717,2604,3
2026-08-12 03:30:07,https://www.bilibili.com/video/BV1EGBCBmEo8/?spm_id_from=333.1387.favlist.content.click,0,BV1EGBCBmEo8,【杨博文｜4K高清直拍】魅魔级别的《Manta》舞台，看博文如何一yeah封神,关键时刻来瓶尖叫,2025-12-27 23:15:44,1016346,12562,9852,11488,12721,1100,2416,1
2026-08-12 03:30:07,https://www.bilibili.com/video/BV1A5vkB2E1k/?spm_id_from=333.1387.favlist.content.click,1,BV1A5vkB2E1k,【杨博文】Hey Mama六机位纯舞直拍丨15岁舞台统治者的诞生，四代主舞燃炸全场！,Kismet丨杨博文,2025-12-28 22:28:16,2771844,63768,44551,46374,24348,13563,21494,30
2026-08-12 03:30:07,https://www.bilibili.com/video/BV1EQK56xEZk/?spm_id_from=333.1387.favlist.content.click,2,BV1EQK56xEZk,【杨博文｜音乐现场】｜《全世界陪我出发》4K直拍，考核第一的大C位实在太亮眼！,关键时刻来瓶尖叫,2026-07-16 20:29:02,414692,12094,3186,7205,5674,11099,8452,5
2026-08-12 03:30:07,bilibili.com/video/BV1M9ePzaELH/?spm_id_from=333.337.search-card.all.click,3,BV1M9ePzaELH,「杨博文｜卡拉永远OK」突发舞台事故？我怎么没看见,Astra_杨博文,2025-08-19 22:15:30,984571,14961,4990,10511,10715,734,671,2
2026-08-12 03:30:07,BV1s8BvBPEN5,4,BV1s8BvBPEN5,【杨博文｜4K舞台直拍】好运来祝你好运来～博文宝宝祝你新年好运来,关键时刻来瓶尖叫,2025-12-27 00:43:12,1911897,34693,16926,32146,17863,4326,4858,1
2026-08-12 03:30:07,https://www.bilibili.com/video/BV1jN64BKECs/?spm_id_from=333.337.search-card.all.click,5,BV1jN64BKECs,【杨博文｜4K直拍】跟着节奏一起《闭嘴跳舞》～,关键时刻来瓶尖叫,2026-02-01 20:20:32,1436331,26358,15950,22437,9304,2375,7161,1
2026-08-12 03:30:07,https://www.bilibili.com/video/BV1Lb6tBBEYC/?spm_id_from=333.1387.favlist.content.click&vd_source=bdf775a036c61c0159ac2f0c251aaeb7,6,BV1Lb6tBBEYC,【4K精剪】闭嘴跳舞 | 杨博文直拍 | 260201,underthepoplar,2026-02-02 00:00:55,353674,27208,14122,19195,8613,1837,3079,1
2026-08-12 03:30:07,https://www.bilibili.com/video/BV1mJ64BREZY/?spm_id_from=333.1387.favlist.content.click&vd_source=bdf775a036c61c0159ac2f0c251aaeb7,7,BV1mJ64BREZY,【杨博文】闭嘴跳舞丨当主舞穿上西装就会得到,Kismet丨杨博文,2026-02-01 18:31:00,612982,35001,3916,25348,6868,447,607,3
2026-08-12 03:30:07,https://www.bilibili.com/video/BV1XA6nBGEPV/?spm_id_from=333.1387.favlist.content.click,8,BV1XA6nBGEPV,【4K精剪】希区考克 作品152 | 杨博文直拍 | 260131,underthepoplar,2026-02-01 00:23:17,1938987,23555,22128,19851,18992,4001,6897,1
2026-08-12 03:30:07,https://www.bilibili.com/video/BV1JUK56tEh5/?spm_id_from=333.1387.favlist.content.click,9,BV1JUK56tEh5,【杨博文｜音乐现场】全程舒适！跟着标准答案出发不迷路｜《全世界陪我出发》4k横屏直拍,游园会_杨博文,2026-07-16 20:06:19,158831,7824,2349,3890,5073,1951,1789,1
2026-08-12 03:30:07,https://www.bilibili.com/video/BV1kFKG6pEPe/?spm_id_from=333.1387.favlist.content.click,10,BV1kFKG6pEPe,【杨博文】夏日运动会《全世界陪我出发》4K直拍,Eternity丨杨博文,2026-07-16 19:13:38,44012,5304,724,2878,2326,37,94,1
2026-08-12 03:30:07,BV1MGYnzrE9E,11,BV1MGYnzrE9E,杨博文跳 《Centuries》帅到窒息！！竖屏4K直拍,Kismet丨杨博文,2025-08-18 02:15:37,272252,12321,6770,7935,582,959,3381,3
2026-08-12 03:30:07,BV1TLYnzzEx9,12,BV1TLYnzzEx9,舞力全开！主舞大人爽飞全场 15岁少年「杨博文」尽情演绎《Go In Blind》,Astra_杨博文,2025-08-18 00:48:26,332773,9925,5862,8917,577,717,2604,2
2026-08-12 04:00:08,https://www.bilibili.com/video/BV1EGBCBmEo8/?spm_id_from=333.1387.favlist.content.click,0,BV1EGBCBmEo8,【杨博文｜4K高清直拍】魅魔级别的《Manta》舞台，看博文如何一yeah封神,关键时刻来瓶尖叫,2025-12-27 23:15:44,1016359,12562,9852,11488,12721,1100,2416,1
2026-08-12 04:00:08,https://www.bilibili.com/video/BV1A5vkB2E1k/?spm_id_from=333.1387.favlist.content.click,1,BV1A5vkB2E1k,【杨博文】Hey Mama六机位纯舞直拍丨15岁舞台统治者的诞生，四代主舞燃炸全场！,Kismet丨杨博文,2025-12-28 22:28:16,2771936,63768,44551,46374,24357,13563,21494,33
2026-08-12 04:00:08,https://www.bilibili.com/video/BV1EQK56xEZk/?spm_id_from=333.1387.favlist.content.click,2,BV1EQK56xEZk,【杨博文｜音乐现场】｜《全世界陪我出发》4K直拍，考核第一的大C位实在太亮眼！,关键时刻来瓶尖叫,2026-07-16 20:29:02,414799,12095,3188,7205,5674,11099,8452,3
2026-08-12 04:00:08,bilibili.com/video/BV1M9ePzaELH/?spm_id_from=333.337.search-card.all.click,3,BV1M9ePzaELH,「杨博文｜卡拉永远OK」突发舞台事故？我怎么没看见,Astra_杨博文,2025-08-19 22:15:30,984667,14962,4992,10511,10715,734,671,2
2026-08-12 04:00:08,BV1s8BvBPEN5,4,BV1s8BvBPEN5,【杨博文｜4K舞台直拍】好运来祝你好运来～博文宝宝祝你新年好运来,关键时刻来瓶尖叫,2025-12-27 00:43:12,1911900,34693,16926,32146,17872,4326,4858,1
2026-08-12 04:00:08,https://www.bilibili.com/video/BV1jN64BKECs/?spm_id_from=333.337.search-card.all.click,5,BV1jN64BKECs,【杨博文｜4K直拍】跟着节奏一起《闭嘴跳舞》～,关键时刻来瓶尖叫,2026-02-01 20:20:32,1436333,26358,15950,22437,9314,2375,7161,1
2026-08-12 04:00:08,https://www.bilibili.com/video/BV1Lb6tBBEYC/?spm_id_from=333.1387.favlist.content.click&vd_source=bdf775a036c61c0159ac2f0c251aaeb7,6,BV1Lb6tBBEYC,【4K精剪】闭嘴跳舞 | 杨博文直拍 | 260201,underthepoplar,2026-02-02 00:00:55,353677,27208,14122,19195,8622,1837,3079,1
2026-08-12 04:00:08,https://www.bilibili.com/video/BV1mJ64BREZY/?spm_id_from=333.1387.favlist.content.click&vd_source=bdf775a036c61c0159ac2f0c251aaeb7,7,BV1mJ64BREZY,【杨博文】闭嘴跳舞丨当主舞穿上西装就会得到,Kismet丨杨博文,2026-02-01 18:31:00,613074,35004,3920,25349,6879,447,607,3
2026-08-12 04:00:08,https://www.bilibili.com/video/BV1XA6nBGEPV/?spm_id_from=333.1387.favlist.content.click,8,BV1XA6nBGEPV,【4K精剪】希区考克 作品152 | 杨博文直拍 | 260131,underthepoplar,2026-02-01 00:23:17,1938990,23555,22128,19851,18992,4001,6897,1
2026-08-12 04:00:08,https://www.bilibili.com/video/BV1JUK56tEh5/?spm_id_from=333.1387.favlist.content.click,9,BV1JUK56tEh5,【杨博文｜音乐现场】全程舒适！跟着标准答案出发不迷路｜《全世界陪我出发》4k横屏直拍,游园会_杨博文,2026-07-16 20:06:19,158836,7824,2349,3890,5073,1951,1789,1
2026-08-12 04:00:08,https://www.bilibili.com/video/BV1kFKG6pEPe/?spm_id_from=333.1387.favlist.content.click,10,BV1kFKG6pEPe,【杨博文】夏日运动会《全世界陪我出发》4K直拍,Eternity丨杨博文,2026-07-16 19:13:38,44014,5305,724,2878,2326,37,94,1
2026-08-12 04:00:08,BV1MGYnzrE9E,11,BV1MGYnzrE9E,杨博文跳 《Centuries》帅到窒息！！竖屏4K直拍,Kismet丨杨博文,2025-08-18 02:15:37,272268,12321,6770,7935,582,959,3381,3
2026-08-12 04:00:08,BV1TLYnzzEx9,12,BV1TLYnzzEx9,舞力全开！主舞大人爽飞全场 15岁少年「杨博文」尽情演绎《Go In Blind》,Astra_杨博文,2025-08-18 00:48:26,332789,9925,5862,8917,577,717,2604,2
2026-08-12 04:30:08,https://www.bilibili.com/video/BV1EGBCBmEo8/?spm_id_from=333.1387.favlist.content.click,0,BV1EGBCBmEo8,【杨博文｜4K高清直拍】魅魔级别的《Manta》舞台，看博文如何一yeah封神,关键时刻来瓶尖叫,2025-12-27 23:15:44,1016376,12562,9852,11488,12721,1100,2416,1
2026-08-12 04:30:08,https://www.bilibili.com/video/BV1A5vkB2E1k/?spm_id_from=333.1387.favlist.content.click,1,BV1A5vkB2E1k,【杨博文】Hey Mama六机位纯舞直拍丨15岁舞台统治者的诞生，四代主舞燃炸全场！,Kismet丨杨博文,2025-12-28 22:28:16,2772022,63769,44551,46373,24361,13563,21494,24
2026-08-12 04:30:08,https://www.bilibili.com/video/BV1EQK56xEZk/?spm_id_from=333.1387.favlist.content.click,2,BV1EQK56xEZk,【杨博文｜音乐现场】｜《全世界陪我出发》4K直拍，考核第一的大C位实在太亮眼！,关键时刻来瓶尖叫,2026-07-16 20:29:02,414904,12095,3188,7205,5674,11099,8452,1
2026-08-12 04:30:08,bilibili.com/video/BV1M9ePzaELH/?spm_id_from=333.337.search-card.all.click,3,BV1M9ePzaELH,「杨博文｜卡拉永远OK」突发舞台事故？我怎么没看见,Astra_杨博文,2025-08-19 22:15:30,984758,14962,4992,10511,10715,734,671,2
2026-08-12 04:30:08,BV1s8BvBPEN5,4,BV1s8BvBPEN5,【杨博文｜4K舞台直拍】好运来祝你好运来～博文宝宝祝你新年好运来,关键时刻来瓶尖叫,2025-12-27 00:43:12,1911902,34693,16926,32146,17876,4326,4858,1
2026-08-12 04:30:08,https://www.bilibili.com/video/BV1jN64BKECs/?spm_id_from=333.337.search-card.all.click,5,BV1jN64BKECs,【杨博文｜4K直拍】跟着节奏一起《闭嘴跳舞》～,关键时刻来瓶尖叫,2026-02-01 20:20:32,1436339,26358,15950,22436,9318,2375,7161,1
2026-08-12 04:30:08,https://www.bilibili.com/video/BV1Lb6tBBEYC/?spm_id_from=333.1387.favlist.content.click&vd_source=bdf775a036c61c0159ac2f0c251aaeb7,6,BV1Lb6tBBEYC,【4K精剪】闭嘴跳舞 | 杨博文直拍 | 260201,underthepoplar,2026-02-02 00:00:55,353680,27208,14122,19195,8626,1837,3079,1
2026-08-12 04:30:08,https://www.bilibili.com/video/BV1mJ64BREZY/?spm_id_from=333.1387.favlist.content.click&vd_source=bdf775a036c61c0159ac2f0c251aaeb7,7,BV1mJ64BREZY,【杨博文】闭嘴跳舞丨当主舞穿上西装就会得到,Kismet丨杨博文,2026-02-01 18:31:00,613166,35004,3920,25349,6883,447,607,3
2026-08-12 04:30:08,https://www.bilibili.com/video/BV1XA6nBGEPV/?spm_id_from=333.1387.favlist.content.click,8,BV1XA6nBGEPV,【4K精剪】希区考克 作品152 | 杨博文直拍 | 260131,underthepoplar,2026-02-01 00:23:17,1938994,23555,22128,19851,18992,4001,6897,1
2026-08-12 04:30:08,https://www.bilibili.com/video/BV1JUK56tEh5/?spm_id_from=333.1387.favlist.content.click,9,BV1JUK56tEh5,【杨博文｜音乐现场】全程舒适！跟着标准答案出发不迷路｜《全世界陪我出发》4k横屏直拍,游园会_杨博文,2026-07-16 20:06:19,158843,7825,2349,3890,5073,1951,1789,1
2026-08-12 04:30:08,https://www.bilibili.com/video/BV1kFKG6pEPe/?spm_id_from=333.1387.favlist.content.click,10,BV1kFKG6pEPe,【杨博文】夏日运动会《全世界陪我出发》4K直拍,Eternity丨杨博文,2026-07-16 19:13:38,44015,5305,724,2878,2326,37,94,1
2026-08-12 04:30:08,BV1MGYnzrE9E,11,BV1MGYnzrE9E,杨博文跳 《Centuries》帅到窒息！！竖屏4K直拍,Kismet丨杨博文,2025-08-18 02:15:37,272283,12321,6770,7935,582,959,3381,2
2026-08-12 04:30:08,BV1TLYnzzEx9,12,BV1TLYnzzEx9,舞力全开！主舞大人爽飞全场 15岁少年「杨博文」尽情演绎《Go In Blind》,Astra_杨博文,2025-08-18 00:48:26,332805,9925,5862,8917,577,717,2604,2
2026-08-12 05:00:09,https://www.bilibili.com/video/BV1EGBCBmEo8/?spm_id_from=333.1387.favlist.content.click,0,BV1EGBCBmEo8,【杨博文｜4K高清直拍】魅魔级别的《Manta》舞台，看博文如何一yeah封神,关键时刻来瓶尖叫,2025-12-27 23:15:44,1016394,12562,9852,11488,12721,1100,2416,1
2026-08-12 05:00:09,https://www.bilibili.com/video/BV1A5vkB2E1k/?spm_id_from=333.1387.favlist.content.click,1,BV1A5vkB2E1k,【杨博文】Hey Mama六机位纯舞直拍丨15岁舞台统治者的诞生，四代主舞燃炸全场！,Kismet丨杨博文,2025-12-28 22:28:16,2772110,63770,44551,46374,24361,13563,21494,30
2026-08-12 05:00:09,https://www.bilibili.com/video/BV1EQK56xEZk/?spm_id_from=333.1387.favlist.content.click,2,BV1EQK56xEZk,【杨博文｜音乐现场】｜《全世界陪我出发》4K直拍，考核第一的大C位实在太亮眼！,关键时刻来瓶尖叫,2026-07-16 20:29:02,415002,12095,3188,7205,5674,11099,8452,4
2026-08-12 05:00:09,bilibili.com/video/BV1M9ePzaELH/?spm_id_from=333.337.search-card.all.click,3,BV1M9ePzaELH,「杨博文｜卡拉永远OK」突发舞台事故？我怎么没看见,Astra_杨博文,2025-08-19 22:15:30,984844,14962,4992,10511,10715,734,671,4
2026-08-12 05:00:09,BV1s8BvBPEN5,4,BV1s8BvBPEN5,【杨博文｜4K舞台直拍】好运来祝你好运来～博文宝宝祝你新年好运来,关键时刻来瓶尖叫,2025-12-27 00:43:12,1911905,34693,16926,32146,17876,4326,4858,1
2026-08-12 05:00:09,https://www.bilibili.com/video/BV1jN64BKECs/?spm_id_from=333.337.search-card.all.click,5,BV1jN64BKECs,【杨博文｜4K直拍】跟着节奏一起《闭嘴跳舞》～,关键时刻来瓶尖叫,2026-02-01 20:20:32,1436342,26358,15950,22436,9318,2375,7161,1
2026-08-12 05:00:09,https://www.bilibili.com/video/BV1Lb6tBBEYC/?spm_id_from=333.1387.favlist.content.click&vd_source=bdf775a036c61c0159ac2f0c251aaeb7,6,BV1Lb6tBBEYC,【4K精剪】闭嘴跳舞 | 杨博文直拍 | 260201,underthepoplar,2026-02-02 00:00:55,353682,27209,14122,19195,8626,1837,3079,1
2026-08-12 05:00:09,https://www.bilibili.com/video/BV1mJ64BREZY/?spm_id_from=333.1387.favlist.content.click&vd_source=bdf775a036c61c0159ac2f0c251aaeb7,7,BV1mJ64BREZY,【杨博文】闭嘴跳舞丨当主舞穿上西装就会得到,Kismet丨杨博文,2026-02-01 18:31:00,613249,35003,3920,25349,6883,447,607,1
2026-08-12 05:00:09,https://www.bilibili.com/video/BV1XA6nBGEPV/?spm_id_from=333.1387.favlist.content.click,8,BV1XA6nBGEPV,【4K精剪】希区考克 作品152 | 杨博文直拍 | 260131,underthepoplar,2026-02-01 00:23:17,1938996,23556,22128,19851,18992,4001,6897,1
2026-08-12 05:00:09,https://www.bilibili.com/video/BV1JUK56tEh5/?spm_id_from=333.1387.favlist.content.click,9,BV1JUK56tEh5,【杨博文｜音乐现场】全程舒适！跟着标准答案出发不迷路｜《全世界陪我出发》4k横屏直拍,游园会_杨博文,2026-07-16 20:06:19,158846,7825,2349,3890,5073,1951,1789,1
2026-08-12 05:00:09,https://www.bilibili.com/video/BV1kFKG6pEPe/?spm_id_from=333.1387.favlist.content.click,10,BV1kFKG6pEPe,【杨博文】夏日运动会《全世界陪我出发》4K直拍,Eternity丨杨博文,2026-07-16 19:13:38,44015,5305,724,2878,2326,37,94,1
2026-08-12 05:00:09,BV1MGYnzrE9E,11,BV1MGYnzrE9E,杨博文跳 《Centuries》帅到窒息！！竖屏4K直拍,Kismet丨杨博文,2025-08-18 02:15:37,272299,12321,6770,7935,582,959,3381,1
2026-08-12 05:00:09,BV1TLYnzzEx9,12,BV1TLYnzzEx9,舞力全开！主舞大人爽飞全场 15岁少年「杨博文」尽情演绎《Go In Blind》,Astra_杨博文,2025-08-18 00:48:26,332822,9925,5862,8917,577,717,2604,2
2026-08-12 05:30:09,https://www.bilibili.com/video/BV1EGBCBmEo8/?spm_id_from=333.1387.favlist.content.click,0,BV1EGBCBmEo8,【杨博文｜4K高清直拍】魅魔级别的《Manta》舞台，看博文如何一yeah封神,关键时刻来瓶尖叫,2025-12-27 23:15:44,1016410,12562,9852,11488,12721,1100,2416,1
2026-08-12 05:30:09,https://www.bilibili.com/video/BV1A5vkB2E1k/?spm_id_from=333.1387.favlist.content.click,1,BV1A5vkB2E1k,【杨博文】Hey Mama六机位纯舞直拍丨15岁舞台统治者的诞生，四代主舞燃炸全场！,Kismet丨杨博文,2025-12-28 22:28:16,2772194,63771,44553,46375,24363,13563,21494,37
2026-08-12 05:30:09,https://www.bilibili.com/video/BV1EQK56xEZk/?spm_id_from=333.1387.favlist.content.click,2,BV1EQK56xEZk,【杨博文｜音乐现场】｜《全世界陪我出发》4K直拍，考核第一的大C位实在太亮眼！,关键时刻来瓶尖叫,2026-07-16 20:29:02,415100,12095,3188,7206,5674,11099,8452,3
2026-08-12 05:30:09,bilibili.com/video/BV1M9ePzaELH/?spm_id_from=333.337.search-card.all.click,3,BV1M9ePzaELH,「杨博文｜卡拉永远OK」突发舞台事故？我怎么没看见,Astra_杨博文,2025-08-19 22:15:30,984927,14962,4992,10512,10715,734,671,4
2026-08-12 05:30:09,BV1s8BvBPEN5,4,BV1s8BvBPEN5,【杨博文｜4K舞台直拍】好运来祝你好运来～博文宝宝祝你新年好运来,关键时刻来瓶尖叫,2025-12-27 00:43:12,1911910,34694,16928,32147,17878,4326,4858,1
2026-08-12 05:30:09,https://www.bilibili.com/video/BV1jN64BKECs/?spm_id_from=333.337.search-card.all.click,5,BV1jN64BKECs,【杨博文｜4K直拍】跟着节奏一起《闭嘴跳舞》～,关键时刻来瓶尖叫,2026-02-01 20:20:32,1436344,26358,15950,22436,9320,2375,7161,1
2026-08-12 05:30:09,https://www.bilibili.com/video/BV1Lb6tBBEYC/?spm_id_from=333.1387.favlist.content.click&vd_source=bdf775a036c61c0159ac2f0c251aaeb7,6,BV1Lb6tBBEYC,【4K精剪】闭嘴跳舞 | 杨博文直拍 | 260201,underthepoplar,2026-02-02 00:00:55,353683,27209,14122,19194,8628,1837,3079,1
2026-08-12 05:30:09,https://www.bilibili.com/video/BV1mJ64BREZY/?spm_id_from=333.1387.favlist.content.click&vd_source=bdf775a036c61c0159ac2f0c251aaeb7,7,BV1mJ64BREZY,【杨博文】闭嘴跳舞丨当主舞穿上西装就会得到,Kismet丨杨博文,2026-02-01 18:31:00,613330,35003,3920,25349,6885,447,607,3
2026-08-12 05:30:09,https://www.bilibili.com/video/BV1XA6nBGEPV/?spm_id_from=333.1387.favlist.content.click,8,BV1XA6nBGEPV,【4K精剪】希区考克 作品152 | 杨博文直拍 | 260131,underthepoplar,2026-02-01 00:23:17,1938999,23556,22128,19850,18992,4001,6897,1
2026-08-12 05:30:09,https://www.bilibili.com/video/BV1JUK56tEh5/?spm_id_from=333.1387.favlist.content.click,9,BV1JUK56tEh5,【杨博文｜音乐现场】全程舒适！跟着标准答案出发不迷路｜《全世界陪我出发》4k横屏直拍,游园会_杨博文,2026-07-16 20:06:19,158850,7825,2349,3890,5073,1951,1789,1
2026-08-12 05:30:09,https://www.bilibili.com/video/BV1kFKG6pEPe/?spm_id_from=333.1387.favlist.content.click,10,BV1kFKG6pEPe,【杨博文】夏日运动会《全世界陪我出发》4K直拍,Eternity丨杨博文,2026-07-16 19:13:38,44015,5305,724,2878,2326,37,94,1
2026-08-12 05:30:09,BV1MGYnzrE9E,11,BV1MGYnzrE9E,杨博文跳 《Centuries》帅到窒息！！竖屏4K直拍,Kismet丨杨博文,2025-08-18 02:15:37,272312,12321,6770,7934,582,959,3381,5
2026-08-12 05:30:09,BV1TLYnzzEx9,12,BV1TLYnzzEx9,舞力全开！主舞大人爽飞全场 15岁少年「杨博文」尽情演绎《Go In Blind》,Astra_杨博文,2025-08-18 00:48:26,332834,9925,5862,8916,577,717,2604,4
2026-08-12 06:00:09,https://www.bilibili.com/video/BV1EGBCBmEo8/?spm_id_from=333.1387.favlist.content.click,0,BV1EGBCBmEo8,【杨博文｜4K高清直拍】魅魔级别的《Manta》舞台，看博文如何一yeah封神,关键时刻来瓶尖叫,2025-12-27 23:15:44,1016430,12562,9852,11488,12721,1100,2416,1
2026-08-12 06:00:09,https://www.bilibili.com/video/BV1A5vkB2E1k/?spm_id_from=333.1387.favlist.content.click,1,BV1A5vkB2E1k,【杨博文】Hey Mama六机位纯舞直拍丨15岁舞台统治者的诞生，四代主舞燃炸全场！,Kismet丨杨博文,2025-12-28 22:28:16,2772258,63771,44553,46375,24368,13563,21494,35
2026-08-12 06:00:09,https://www.bilibili.com/video/BV1EQK56xEZk/?spm_id_from=333.1387.favlist.content.click,2,BV1EQK56xEZk,【杨博文｜音乐现场】｜《全世界陪我出发》4K直拍，考核第一的大C位实在太亮眼！,关键时刻来瓶尖叫,2026-07-16 20:29:02,415174,12095,3188,7206,5674,11099,8452,6
2026-08-12 06:00:09,bilibili.com/video/BV1M9ePzaELH/?spm_id_from=333.337.search-card.all.click,3,BV1M9ePzaELH,「杨博文｜卡拉永远OK」突发舞台事故？我怎么没看见,Astra_杨博文,2025-08-19 22:15:30,984995,14962,4992,10512,10715,734,671,5
2026-08-12 06:00:09,BV1s8BvBPEN5,4,BV1s8BvBPEN5,【杨博文｜4K舞台直拍】好运来祝你好运来～博文宝宝祝你新年好运来,关键时刻来瓶尖叫,2025-12-27 00:43:12,1911912,34694,16928,32147,17883,4326,4858,1
2026-08-12 06:00:09,https://www.bilibili.com/video/BV1jN64BKECs/?spm_id_from=333.337.search-card.all.click,5,BV1jN64BKECs,【杨博文｜4K直拍】跟着节奏一起《闭嘴跳舞》～,关键时刻来瓶尖叫,2026-02-01 20:20:32,1436347,26358,15950,22436,9325,2375,7161,1
2026-08-12 06:00:09,https://www.bilibili.com/video/BV1Lb6tBBEYC/?spm_id_from=333.1387.favlist.content.click&vd_source=bdf775a036c61c0159ac2f0c251aaeb7,6,BV1Lb6tBBEYC,【4K精剪】闭嘴跳舞 | 杨博文直拍 | 260201,underthepoplar,2026-02-02 00:00:55,353684,27209,14122,19194,8631,1837,3079,1
2026-08-12 06:00:09,https://www.bilibili.com/video/BV1mJ64BREZY/?spm_id_from=333.1387.favlist.content.click&vd_source=bdf775a036c61c0159ac2f0c251aaeb7,7,BV1mJ64BREZY,【杨博文】闭嘴跳舞丨当主舞穿上西装就会得到,Kismet丨杨博文,2026-02-01 18:31:00,613391,35003,3920,25349,6890,447,607,1
2026-08-12 06:00:09,https://www.bilibili.com/video/BV1XA6nBGEPV/?spm_id_from=333.1387.favlist.content.click,8,BV1XA6nBGEPV,【4K精剪】希区考克 作品152 | 杨博文直拍 | 260131,underthepoplar,2026-02-01 00:23:17,1938999,23556,22128,19850,18992,4001,6897,1
2026-08-12 06:00:09,https://www.bilibili.com/video/BV1JUK56tEh5/?spm_id_from=333.1387.favlist.content.click,9,BV1JUK56tEh5,【杨博文｜音乐现场】全程舒适！跟着标准答案出发不迷路｜《全世界陪我出发》4k横屏直拍,游园会_杨博文,2026-07-16 20:06:19,158855,7825,2349,3890,5073,1951,1789,1
2026-08-12 06:00:09,https://www.bilibili.com/video/BV1kFKG6pEPe/?spm_id_from=333.1387.favlist.content.click,10,BV1kFKG6pEPe,【杨博文】夏日运动会《全世界陪我出发》4K直拍,Eternity丨杨博文,2026-07-16 19:13:38,44015,5305,724,2878,2326,37,94,1
2026-08-12 06:00:09,BV1MGYnzrE9E,11,BV1MGYnzrE9E,杨博文跳 《Centuries》帅到窒息！！竖屏4K直拍,Kismet丨杨博文,2025-08-18 02:15:37,272323,12321,6770,7934,582,959,3381,3
2026-08-12 06:00:09,BV1TLYnzzEx9,12,BV1TLYnzzEx9,舞力全开！主舞大人爽飞全场 15岁少年「杨博文」尽情演绎《Go In Blind》,Astra_杨博文,2025-08-18 00:48:26,332845,9925,5862,8916,577,717,2604,1
2026-08-12 06:30:00,https://www.bilibili.com/video/BV1EGBCBmEo8/?spm_id_from=333.1387.favlist.content.click,0,BV1EGBCBmEo8,【杨博文｜4K高清直拍】魅魔级别的《Manta》舞台，看博文如何一yeah封神,关键时刻来瓶尖叫,2025-12-27 23:15:44,1016447,12562,9852,11488,12721,1100,2416,1
2026-08-12 06:30:00,https://www.bilibili.com/video/BV1A5vkB2E1k/?spm_id_from=333.1387.favlist.content.click,1,BV1A5vkB2E1k,【杨博文】Hey Mama六机位纯舞直拍丨15岁舞台统治者的诞生，四代主舞燃炸全场！,Kismet丨杨博文,2025-12-28 22:28:16,2772315,63771,44553,46375,24373,13563,21494,25
2026-08-12 06:30:00,https://www.bilibili.com/video/BV1EQK56xEZk/?spm_id_from=333.1387.favlist.content.click,2,BV1EQK56xEZk,【杨博文｜音乐现场】｜《全世界陪我出发》4K直拍，考核第一的大C位实在太亮眼！,关键时刻来瓶尖叫,2026-07-16 20:29:02,415229,12095,3188,7206,5674,11099,8452,1
2026-08-12 06:30:00,bilibili.com/video/BV1M9ePzaELH/?spm_id_from=333.337.search-card.all.click,3,BV1M9ePzaELH,「杨博文｜卡拉永远OK」突发舞台事故？我怎么没看见,Astra_杨博文,2025-08-19 22:15:30,985055,14962,4992,10512,10715,734,671,3
2026-08-12 06:30:00,BV1s8BvBPEN5,4,BV1s8BvBPEN5,【杨博文｜4K舞台直拍】好运来祝你好运来～博文宝宝祝你新年好运来,关键时刻来瓶尖叫,2025-12-27 00:43:12,1911913,34694,16928,32147,17888,4326,4858,1
2026-08-12 06:30:00,https://www.bilibili.com/video/BV1jN64BKECs/?spm_id_from=333.337.search-card.all.click,5,BV1jN64BKECs,【杨博文｜4K直拍】跟着节奏一起《闭嘴跳舞》～,关键时刻来瓶尖叫,2026-02-01 20:20:32,1436347,26358,15950,22436,9330,2375,7161,1
2026-08-12 06:30:00,https://www.bilibili.com/video/BV1Lb6tBBEYC/?spm_id_from=333.1387.favlist.content.click&vd_source=bdf775a036c61c0159ac2f0c251aaeb7,6,BV1Lb6tBBEYC,【4K精剪】闭嘴跳舞 | 杨博文直拍 | 260201,underthepoplar,2026-02-02 00:00:55,353685,27210,14122,19194,8637,1837,3079,1
2026-08-12 06:30:00,https://www.bilibili.com/video/BV1mJ64BREZY/?spm_id_from=333.1387.favlist.content.click&vd_source=bdf775a036c61c0159ac2f0c251aaeb7,7,BV1mJ64BREZY,【杨博文】闭嘴跳舞丨当主舞穿上西装就会得到,Kismet丨杨博文,2026-02-01 18:31:00,613440,35003,3920,25349,6894,447,607,3
2026-08-12 06:30:00,https://www.bilibili.com/video/BV1XA6nBGEPV/?spm_id_from=333.1387.favlist.content.click,8,BV1XA6nBGEPV,【4K精剪】希区考克 作品152 | 杨博文直拍 | 260131,underthepoplar,2026-02-01 00:23:17,1939000,23556,22128,19850,18992,4001,6897,1
2026-08-12 06:30:00,https://www.bilibili.com/video/BV1JUK56tEh5/?spm_id_from=333.1387.favlist.content.click,9,BV1JUK56tEh5,【杨博文｜音乐现场】全程舒适！跟着标准答案出发不迷路｜《全世界陪我出发》4k横屏直拍,游园会_杨博文,2026-07-16 20:06:19,158860,7825,2349,3890,5073,1951,1789,1
2026-08-12 06:30:00,https://www.bilibili.com/video/BV1kFKG6pEPe/?spm_id_from=333.1387.favlist.content.click,10,BV1kFKG6pEPe,【杨博文】夏日运动会《全世界陪我出发》4K直拍,Eternity丨杨博文,2026-07-16 19:13:38,44015,5305,724,2878,2326,37,94,1
2026-08-12 06:30:00,BV1MGYnzrE9E,11,BV1MGYnzrE9E,杨博文跳 《Centuries》帅到窒息！！竖屏4K直拍,Kismet丨杨博文,2025-08-18 02:15:37,272333,12321,6770,7934,582,959,3381,4
2026-08-12 06:30:00,BV1TLYnzzEx9,12,BV1TLYnzzEx9,舞力全开！主舞大人爽飞全场 15岁少年「杨博文」尽情演绎《Go In Blind》,Astra_杨博文,2025-08-18 00:48:26,332855,9925,5862,8916,577,717,2604,1
2026-08-12 07:00:00,https://www.bilibili.com/video/BV1EGBCBmEo8/?spm_id_from=333.1387.favlist.content.click,0,BV1EGBCBmEo8,【杨博文｜4K高清直拍】魅魔级别的《Manta》舞台，看博文如何一yeah封神,关键时刻来瓶尖叫,2025-12-27 23:15:44,1016465,12562,9852,11488,12721,1100,2416,1
2026-08-12 07:00:00,https://www.bilibili.com/video/BV1A5vkB2E1k/?spm_id_from=333.1387.favlist.content.click,1,BV1A5vkB2E1k,【杨博文】Hey Mama六机位纯舞直拍丨15岁舞台统治者的诞生，四代主舞燃炸全场！,Kismet丨杨博文,2025-12-28 22:28:16,2772359,63772,44553,46375,24377,13563,21494,28
2026-08-12 07:00:00,https://www.bilibili.com/video/BV1EQK56xEZk/?spm_id_from=333.1387.favlist.content.click,2,BV1EQK56xEZk,【杨博文｜音乐现场】｜《全世界陪我出发》4K直拍，考核第一的大C位实在太亮眼！,关键时刻来瓶尖叫,2026-07-16 20:29:02,415286,12095,3188,7206,5674,11099,8452,2
2026-08-12 07:00:00,bilibili.com/video/BV1M9ePzaELH/?spm_id_from=333.337.search-card.all.click,3,BV1M9ePzaELH,「杨博文｜卡拉永远OK」突发舞台事故？我怎么没看见,Astra_杨博文,2025-08-19 22:15:30,985106,14962,4992,10512,10715,734,671,1
2026-08-12 07:00:00,BV1s8BvBPEN5,4,BV1s8BvBPEN5,【杨博文｜4K舞台直拍】好运来祝你好运来～博文宝宝祝你新年好运来,关键时刻来瓶尖叫,2025-12-27 00:43:12,1911913,34694,16928,32147,17892,4326,4858,1
2026-08-12 07:00:00,https://www.bilibili.com/video/BV1jN64BKECs/?spm_id_from=333.337.search-card.all.click,5,BV1jN64BKECs,【杨博文｜4K直拍】跟着节奏一起《闭嘴跳舞》～,关键时刻来瓶尖叫,2026-02-01 20:20:32,1436349,26358,15950,22436,9334,2375,7161,1
2026-08-12 07:00:00,https://www.bilibili.com/video/BV1Lb6tBBEYC/?spm_id_from=333.1387.favlist.content.click&vd_source=bdf775a036c61c0159ac2f0c251aaeb7,6,BV1Lb6tBBEYC,【4K精剪】闭嘴跳舞 | 杨博文直拍 | 260201,underthepoplar,2026-02-02 00:00:55,353686,27210,14122,19194,8641,1837,3079,1
2026-08-12 07:00:00,https://www.bilibili.com/video/BV1mJ64BREZY/?spm_id_from=333.1387.favlist.content.click&vd_source=bdf775a036c61c0159ac2f0c251aaeb7,7,BV1mJ64BREZY,【杨博文】闭嘴跳舞丨当主舞穿上西装就会得到,Kismet丨杨博文,2026-02-01 18:31:00,613479,35003,3920,25350,6899,447,607,3
2026-08-12 07:00:00,https://www.bilibili.com/video/BV1XA6nBGEPV/?spm_id_from=333.1387.favlist.content.click,8,BV1XA6nBGEPV,【4K精剪】希区考克 作品152 | 杨博文直拍 | 260131,underthepoplar,2026-02-01 00:23:17,1939002,23557,22128,19850,18992,4001,6897,1
2026-08-12 07:00:00,https://www.bilibili.com/video/BV1JUK56tEh5/?spm_id_from=333.1387.favlist.content.click,9,BV1JUK56tEh5,【杨博文｜音乐现场】全程舒适！跟着标准答案出发不迷路｜《全世界陪我出发》4k横屏直拍,游园会_杨博文,2026-07-16 20:06:19,158863,7825,2349,3890,5073,1951,1789,1
2026-08-12 07:00:00,https://www.bilibili.com/video/BV1kFKG6pEPe/?spm_id_from=333.1387.favlist.content.click,10,BV1kFKG6pEPe,【杨博文】夏日运动会《全世界陪我出发》4K直拍,Eternity丨杨博文,2026-07-16 19:13:38,44017,5306,724,2879,2326,37,94,1
2026-08-12 07:00:00,BV1MGYnzrE9E,11,BV1MGYnzrE9E,杨博文跳 《Centuries》帅到窒息！！竖屏4K直拍,Kismet丨杨博文,2025-08-18 02:15:37,272345,12321,6770,7934,582,959,3381,2
2026-08-12 07:00:00,BV1TLYnzzEx9,12,BV1TLYnzzEx9,舞力全开！主舞大人爽飞全场 15岁少年「杨博文」尽情演绎《Go In Blind》,Astra_杨博文,2025-08-18 00:48:26,332866,9925,5862,8916,577,717,2604,2
2026-08-12 07:30:01,https://www.bilibili.com/video/BV1EGBCBmEo8/?spm_id_from=333.1387.favlist.content.click,0,BV1EGBCBmEo8,【杨博文｜4K高清直拍】魅魔级别的《Manta》舞台，看博文如何一yeah封神,关键时刻来瓶尖叫,2025-12-27 23:15:44,1016479,12562,9852,11488,12721,1100,2416,1
2026-08-12 07:30:01,https://www.bilibili.com/video/BV1A5vkB2E1k/?spm_id_from=333.1387.favlist.content.click,1,BV1A5vkB2E1k,【杨博文】Hey Mama六机位纯舞直拍丨15岁舞台统治者的诞生，四代主舞燃炸全场！,Kismet丨杨博文,2025-12-28 22:28:16,2772406,63772,44553,46375,24377,13563,21494,34
2026-08-12 07:30:01,https://www.bilibili.com/video/BV1EQK56xEZk/?spm_id_from=333.1387.favlist.content.click,2,BV1EQK56xEZk,【杨博文｜音乐现场】｜《全世界陪我出发》4K直拍，考核第一的大C位实在太亮眼！,关键时刻来瓶尖叫,2026-07-16 20:29:02,415345,12095,3188,7206,5674,11099,8452,2
2026-08-12 07:30:01,bilibili.com/video/BV1M9ePzaELH/?spm_id_from=333.337.search-card.all.click,3,BV1M9ePzaELH,「杨博文｜卡拉永远OK」突发舞台事故？我怎么没看见,Astra_杨博文,2025-08-19 22:15:30,985151,14962,4992,10512,10715,734,671,2
2026-08-12 07:30:01,BV1s8BvBPEN5,4,BV1s8BvBPEN5,【杨博文｜4K舞台直拍】好运来祝你好运来～博文宝宝祝你新年好运来,关键时刻来瓶尖叫,2025-12-27 00:43:12,1911914,34695,16928,32147,17892,4326,4858,1
2026-08-12 07:30:01,https://www.bilibili.com/video/BV1jN64BKECs/?spm_id_from=333.337.search-card.all.click,5,BV1jN64BKECs,【杨博文｜4K直拍】跟着节奏一起《闭嘴跳舞》～,关键时刻来瓶尖叫,2026-02-01 20:20:32,1436354,26358,15950,22435,9334,2375,7161,1
2026-08-12 07:30:01,https://www.bilibili.com/video/BV1Lb6tBBEYC/?spm_id_from=333.1387.favlist.content.click&vd_source=bdf775a036c61c0159ac2f0c251aaeb7,6,BV1Lb6tBBEYC,【4K精剪】闭嘴跳舞 | 杨博文直拍 | 260201,underthepoplar,2026-02-02 00:00:55,353688,27210,14122,19194,8641,1837,3079,1
2026-08-12 07:30:01,https://www.bilibili.com/video/BV1mJ64BREZY/?spm_id_from=333.1387.favlist.content.click&vd_source=bdf775a036c61c0159ac2f0c251aaeb7,7,BV1mJ64BREZY,【杨博文】闭嘴跳舞丨当主舞穿上西装就会得到,Kismet丨杨博文,2026-02-01 18:31:00,613525,35004,3920,25350,6899,447,607,2
2026-08-12 07:30:01,https://www.bilibili.com/video/BV1XA6nBGEPV/?spm_id_from=333.1387.favlist.content.click,8,BV1XA6nBGEPV,【4K精剪】希区考克 作品152 | 杨博文直拍 | 260131,underthepoplar,2026-02-01 00:23:17,1939006,23558,22128,19849,18992,4001,6897,1
2026-08-12 07:30:01,https://www.bilibili.com/video/BV1JUK56tEh5/?spm_id_from=333.1387.favlist.content.click,9,BV1JUK56tEh5,【杨博文｜音乐现场】全程舒适！跟着标准答案出发不迷路｜《全世界陪我出发》4k横屏直拍,游园会_杨博文,2026-07-16 20:06:19,158867,7825,2349,3890,5073,1951,1789,1
2026-08-12 07:30:01,https://www.bilibili.com/video/BV1kFKG6pEPe/?spm_id_from=333.1387.favlist.content.click,10,BV1kFKG6pEPe,【杨博文】夏日运动会《全世界陪我出发》4K直拍,Eternity丨杨博文,2026-07-16 19:13:38,44019,5306,724,2879,2326,37,94,1
2026-08-12 07:30:01,BV1MGYnzrE9E,11,BV1MGYnzrE9E,杨博文跳 《Centuries》帅到窒息！！竖屏4K直拍,Kismet丨杨博文,2025-08-18 02:15:37,272351,12321,6770,7934,582,959,3381,1
2026-08-12 07:30:01,BV1TLYnzzEx9,12,BV1TLYnzzEx9,舞力全开！主舞大人爽飞全场 15岁少年「杨博文」尽情演绎《Go In Blind》,Astra_杨博文,2025-08-18 00:48:26,332872,9925,5862,8916,577,717,2604,1
2026-08-12 08:00:01,https://www.bilibili.com/video/BV1EGBCBmEo8/?spm_id_from=333.1387.favlist.content.click,0,BV1EGBCBmEo8,【杨博文｜4K高清直拍】魅魔级别的《Manta》舞台，看博文如何一yeah封神,关键时刻来瓶尖叫,2025-12-27 23:15:44,1016498,12563,9854,11489,12721,1100,2416,1
2026-08-12 08:00:01,https://www.bilibili.com/video/BV1A5vkB2E1k/?spm_id_from=333.1387.favlist.content.click,1,BV1A5vkB2E1k,【杨博文】Hey Mama六机位纯舞直拍丨15岁舞台统治者的诞生，四代主舞燃炸全场！,Kismet丨杨博文,2025-12-28 22:28:16,2772457,63774,44555,46376,24379,13563,21494,22
2026-08-12 08:00:01,https://www.bilibili.com/video/BV1EQK56xEZk/?spm_id_from=333.1387.favlist.content.click,2,BV1EQK56xEZk,【杨博文｜音乐现场】｜《全世界陪我出发》4K直拍，考核第一的大C位实在太亮眼！,关键时刻来瓶尖叫,2026-07-16 20:29:02,415411,12097,3188,7207,5674,11099,8452,1
2026-08-12 08:00:01,bilibili.com/video/BV1M9ePzaELH/?spm_id_from=333.337.search-card.all.click,3,BV1M9ePzaELH,「杨博文｜卡拉永远OK」突发舞台事故？我怎么没看见,Astra_杨博文,2025-08-19 22:15:30,985200,14962,4992,10512,10715,734,671,1
2026-08-12 08:00:01,BV1s8BvBPEN5,4,BV1s8BvBPEN5,【杨博文｜4K舞台直拍】好运来祝你好运来～博文宝宝祝你新年好运来,关键时刻来瓶尖叫,2025-12-27 00:43:12,1911917,34696,16930,32148,17894,4326,4858,1
2026-08-12 08:00:01,https://www.bilibili.com/video/BV1jN64BKECs/?spm_id_from=333.337.search-card.all.click,5,BV1jN64BKECs,【杨博文｜4K直拍】跟着节奏一起《闭嘴跳舞》～,关键时刻来瓶尖叫,2026-02-01 20:20:32,1436360,26360,15952,22436,9336,2375,7161,1
2026-08-12 08:00:01,https://www.bilibili.com/video/BV1Lb6tBBEYC/?spm_id_from=333.1387.favlist.content.click&vd_source=bdf775a036c61c0159ac2f0c251aaeb7,6,BV1Lb6tBBEYC,【4K精剪】闭嘴跳舞 | 杨博文直拍 | 260201,underthepoplar,2026-02-02 00:00:55,353690,27210,14122,19194,8642,1837,3079,1
2026-08-12 08:00:01,https://www.bilibili.com/video/BV1mJ64BREZY/?spm_id_from=333.1387.favlist.content.click&vd_source=bdf775a036c61c0159ac2f0c251aaeb7,7,BV1mJ64BREZY,【杨博文】闭嘴跳舞丨当主舞穿上西装就会得到,Kismet丨杨博文,2026-02-01 18:31:00,613567,35003,3920,25351,6901,447,607,2
2026-08-12 08:00:01,https://www.bilibili.com/video/BV1XA6nBGEPV/?spm_id_from=333.1387.favlist.content.click,8,BV1XA6nBGEPV,【4K精剪】希区考克 作品152 | 杨博文直拍 | 260131,underthepoplar,2026-02-01 00:23:17,1939011,23559,22130,19850,18992,4001,6897,1
2026-08-12 08:00:01,https://www.bilibili.com/video/BV1JUK56tEh5/?spm_id_from=333.1387.favlist.content.click,9,BV1JUK56tEh5,【杨博文｜音乐现场】全程舒适！跟着标准答案出发不迷路｜《全世界陪我出发》4k横屏直拍,游园会_杨博文,2026-07-16 20:06:19,158874,7826,2349,3891,5073,1951,1789,1
2026-08-12 08:00:01,https://www.bilibili.com/video/BV1kFKG6pEPe/?spm_id_from=333.1387.favlist.content.click,10,BV1kFKG6pEPe,【杨博文】夏日运动会《全世界陪我出发》4K直拍,Eternity丨杨博文,2026-07-16 19:13:38,44021,5306,724,2879,2326,37,94,1
2026-08-12 08:00:01,BV1MGYnzrE9E,11,BV1MGYnzrE9E,杨博文跳 《Centuries》帅到窒息！！竖屏4K直拍,Kismet丨杨博文,2025-08-18 02:15:37,272355,12321,6770,7934,582,959,3381,1
2026-08-12 08:00:01,BV1TLYnzzEx9,12,BV1TLYnzzEx9,舞力全开！主舞大人爽飞全场 15岁少年「杨博文」尽情演绎《Go In Blind》,Astra_杨博文,2025-08-18 00:48:26,332876,9925,5862,8916,577,717,2604,1
2026-08-12 08:30:02,https://www.bilibili.com/video/BV1EGBCBmEo8/?spm_id_from=333.1387.favlist.content.click,0,BV1EGBCBmEo8,【杨博文｜4K高清直拍】魅魔级别的《Manta》舞台，看博文如何一yeah封神,关键时刻来瓶尖叫,2025-12-27 23:15:44,1016516,12563,9854,11489,12721,1100,2416,1
2026-08-12 08:30:02,https://www.bilibili.com/video/BV1A5vkB2E1k/?spm_id_from=333.1387.favlist.content.click,1,BV1A5vkB2E1k,【杨博文】Hey Mama六机位纯舞直拍丨15岁舞台统治者的诞生，四代主舞燃炸全场！,Kismet丨杨博文,2025-12-28 22:28:16,2772499,63773,44555,46376,24392,13563,21494,27
2026-08-12 08:30:02,https://www.bilibili.com/video/BV1EQK56xEZk/?spm_id_from=333.1387.favlist.content.click,2,BV1EQK56xEZk,【杨博文｜音乐现场】｜《全世界陪我出发》4K直拍，考核第一的大C位实在太亮眼！,关键时刻来瓶尖叫,2026-07-16 20:29:02,415466,12100,3188,7207,5674,11099,8452,1
2026-08-12 08:30:02,bilibili.com/video/BV1M9ePzaELH/?spm_id_from=333.337.search-card.all.click,3,BV1M9ePzaELH,「杨博文｜卡拉永远OK」突发舞台事故？我怎么没看见,Astra_杨博文,2025-08-19 22:15:30,985239,14962,4992,10512,10715,734,671,2
2026-08-12 08:30:02,BV1s8BvBPEN5,4,BV1s8BvBPEN5,【杨博文｜4K舞台直拍】好运来祝你好运来～博文宝宝祝你新年好运来,关键时刻来瓶尖叫,2025-12-27 00:43:12,1911918,34696,16930,32148,17905,4326,4858,1
2026-08-12 08:30:02,https://www.bilibili.com/video/BV1jN64BKECs/?spm_id_from=333.337.search-card.all.click,5,BV1jN64BKECs,【杨博文｜4K直拍】跟着节奏一起《闭嘴跳舞》～,关键时刻来瓶尖叫,2026-02-01 20:20:32,1436366,26360,15952,22436,9347,2375,7161,1
2026-08-12 08:30:02,https://www.bilibili.com/video/BV1Lb6tBBEYC/?spm_id_from=333.1387.favlist.content.click&vd_source=bdf775a036c61c0159ac2f0c251aaeb7,6,BV1Lb6tBBEYC,【4K精剪】闭嘴跳舞 | 杨博文直拍 | 260201,underthepoplar,2026-02-02 00:00:55,353692,27210,14122,19194,8654,1837,3079,1
2026-08-12 08:30:02,https://www.bilibili.com/video/BV1mJ64BREZY/?spm_id_from=333.1387.favlist.content.click&vd_source=bdf775a036c61c0159ac2f0c251aaeb7,7,BV1mJ64BREZY,【杨博文】闭嘴跳舞丨当主舞穿上西装就会得到,Kismet丨杨博文,2026-02-01 18:31:00,613597,35003,3920,25351,6912,447,607,1
2026-08-12 08:30:02,https://www.bilibili.com/video/BV1XA6nBGEPV/?spm_id_from=333.1387.favlist.content.click,8,BV1XA6nBGEPV,【4K精剪】希区考克 作品152 | 杨博文直拍 | 260131,underthepoplar,2026-02-01 00:23:17,1939013,23559,22130,19850,18992,4001,6897,1
2026-08-12 08:30:02,https://www.bilibili.com/video/BV1JUK56tEh5/?spm_id_from=333.1387.favlist.content.click,9,BV1JUK56tEh5,【杨博文｜音乐现场】全程舒适！跟着标准答案出发不迷路｜《全世界陪我出发》4k横屏直拍,游园会_杨博文,2026-07-16 20:06:19,158878,7826,2349,3891,5073,1951,1789,1
2026-08-12 08:30:02,https://www.bilibili.com/video/BV1kFKG6pEPe/?spm_id_from=333.1387.favlist.content.click,10,BV1kFKG6pEPe,【杨博文】夏日运动会《全世界陪我出发》4K直拍,Eternity丨杨博文,2026-07-16 19:13:38,44023,5306,724,2878,2326,37,94,1
2026-08-12 08:30:02,BV1MGYnzrE9E,11,BV1MGYnzrE9E,杨博文跳 《Centuries》帅到窒息！！竖屏4K直拍,Kismet丨杨博文,2025-08-18 02:15:37,272355,12321,6770,7934,582,959,3381,1
2026-08-12 08:30:02,BV1TLYnzzEx9,12,BV1TLYnzzEx9,舞力全开！主舞大人爽飞全场 15岁少年「杨博文」尽情演绎《Go In Blind》,Astra_杨博文,2025-08-18 00:48:26,332876,9925,5862,8916,577,717,2604,1
2026-08-12 09:00:02,https://www.bilibili.com/video/BV1EGBCBmEo8/?spm_id_from=333.1387.favlist.content.click,0,BV1EGBCBmEo8,【杨博文｜4K高清直拍】魅魔级别的《Manta》舞台，看博文如何一yeah封神,关键时刻来瓶尖叫,2025-12-27 23:15:44,1016526,12563,9854,11487,12721,1100,2416,1
2026-08-12 09:00:02,https://www.bilibili.com/video/BV1A5vkB2E1k/?spm_id_from=333.1387.favlist.content.click,1,BV1A5vkB2E1k,【杨博文】Hey Mama六机位纯舞直拍丨15岁舞台统治者的诞生，四代主舞燃炸全场！,Kismet丨杨博文,2025-12-28 22:28:16,2772540,63774,44557,46377,24400,13563,21495,29
2026-08-12 09:00:02,https://www.bilibili.com/video/BV1EQK56xEZk/?spm_id_from=333.1387.favlist.content.click,2,BV1EQK56xEZk,【杨博文｜音乐现场】｜《全世界陪我出发》4K直拍，考核第一的大C位实在太亮眼！,关键时刻来瓶尖叫,2026-07-16 20:29:02,415523,12102,3188,7208,5674,11099,8452,2
2026-08-12 09:00:02,bilibili.com/video/BV1M9ePzaELH/?spm_id_from=333.337.search-card.all.click,3,BV1M9ePzaELH,「杨博文｜卡拉永远OK」突发舞台事故？我怎么没看见,Astra_杨博文,2025-08-19 22:15:30,985274,14963,4992,10513,10715,734,673,2
2026-08-12 09:00:02,BV1s8BvBPEN5,4,BV1s8BvBPEN5,【杨博文｜4K舞台直拍】好运来祝你好运来～博文宝宝祝你新年好运来,关键时刻来瓶尖叫,2025-12-27 00:43:12,1911924,34696,16930,32148,17915,4326,4858,1
2026-08-12 09:00:02,https://www.bilibili.com/video/BV1jN64BKECs/?spm_id_from=333.337.search-card.all.click,5,BV1jN64BKECs,【杨博文｜4K直拍】跟着节奏一起《闭嘴跳舞》～,关键时刻来瓶尖叫,2026-02-01 20:20:32,1436372,26360,15952,22436,9356,2375,7161,1
2026-08-12 09:00:02,https://www.bilibili.com/video/BV1Lb6tBBEYC/?spm_id_from=333.1387.favlist.content.click&vd_source=bdf775a036c61c0159ac2f0c251aaeb7,6,BV1Lb6tBBEYC,【4K精剪】闭嘴跳舞 | 杨博文直拍 | 260201,underthepoplar,2026-02-02 00:00:55,353694,27211,14122,19195,8663,1837,3079,1
2026-08-12 09:00:02,https://www.bilibili.com/video/BV1mJ64BREZY/?spm_id_from=333.1387.favlist.content.click&vd_source=bdf775a036c61c0159ac2f0c251aaeb7,7,BV1mJ64BREZY,【杨博文】闭嘴跳舞丨当主舞穿上西装就会得到,Kismet丨杨博文,2026-02-01 18:31:00,613632,35005,3920,25354,6922,447,614,1
2026-08-12 09:00:02,https://www.bilibili.com/video/BV1XA6nBGEPV/?spm_id_from=333.1387.favlist.content.click,8,BV1XA6nBGEPV,【4K精剪】希区考克 作品152 | 杨博文直拍 | 260131,underthepoplar,2026-02-01 00:23:17,1939015,23559,22130,19850,18992,4001,6897,1
2026-08-12 09:00:02,https://www.bilibili.com/video/BV1JUK56tEh5/?spm_id_from=333.1387.favlist.content.click,9,BV1JUK56tEh5,【杨博文｜音乐现场】全程舒适！跟着标准答案出发不迷路｜《全世界陪我出发》4k横屏直拍,游园会_杨博文,2026-07-16 20:06:19,158887,7828,2349,3891,5073,1951,1789,1
2026-08-12 09:00:02,https://www.bilibili.com/video/BV1kFKG6pEPe/?spm_id_from=333.1387.favlist.content.click,10,BV1kFKG6pEPe,【杨博文】夏日运动会《全世界陪我出发》4K直拍,Eternity丨杨博文,2026-07-16 19:13:38,44027,5308,724,2879,2326,37,94,1
2026-08-12 09:00:02,BV1MGYnzrE9E,11,BV1MGYnzrE9E,杨博文跳 《Centuries》帅到窒息！！竖屏4K直拍,Kismet丨杨博文,2025-08-18 02:15:37,272356,12321,6770,7934,582,959,3381,1
2026-08-12 09:00:02,BV1TLYnzzEx9,12,BV1TLYnzzEx9,舞力全开！主舞大人爽飞全场 15岁少年「杨博文」尽情演绎《Go In Blind》,Astra_杨博文,2025-08-18 00:48:26,332876,9925,5862,8916,577,717,2604,3
2026-08-12 09:30:03,https://www.bilibili.com/video/BV1EGBCBmEo8/?spm_id_from=333.1387.favlist.content.click,0,BV1EGBCBmEo8,【杨博文｜4K高清直拍】魅魔级别的《Manta》舞台，看博文如何一yeah封神,关键时刻来瓶尖叫,2025-12-27 23:15:44,1016537,12563,9854,11487,12721,1100,2416,1
2026-08-12 09:30:03,https://www.bilibili.com/video/BV1A5vkB2E1k/?spm_id_from=333.1387.favlist.content.click,1,BV1A5vkB2E1k,【杨博文】Hey Mama六机位纯舞直拍丨15岁舞台统治者的诞生，四代主舞燃炸全场！,Kismet丨杨博文,2025-12-28 22:28:16,2772599,63774,44557,46377,24400,13563,21500,27
2026-08-12 09:30:03,https://www.bilibili.com/video/BV1EQK56xEZk/?spm_id_from=333.1387.favlist.content.click,2,BV1EQK56xEZk,【杨博文｜音乐现场】｜《全世界陪我出发》4K直拍，考核第一的大C位实在太亮眼！,关键时刻来瓶尖叫,2026-07-16 20:29:02,415597,12103,3188,7210,5674,11099,8452,8
2026-08-12 09:30:03,bilibili.com/video/BV1M9ePzaELH/?spm_id_from=333.337.search-card.all.click,3,BV1M9ePzaELH,「杨博文｜卡拉永远OK」突发舞台事故？我怎么没看见,Astra_杨博文,2025-08-19 22:15:30,985331,14963,4992,10513,10715,734,673,2
2026-08-12 09:30:03,BV1s8BvBPEN5,4,BV1s8BvBPEN5,【杨博文｜4K舞台直拍】好运来祝你好运来～博文宝宝祝你新年好运来,关键时刻来瓶尖叫,2025-12-27 00:43:12,1911928,34696,16930,32148,17915,4326,4858,1
2026-08-12 09:30:03,https://www.bilibili.com/video/BV1jN64BKECs/?spm_id_from=333.337.search-card.all.click,5,BV1jN64BKECs,【杨博文｜4K直拍】跟着节奏一起《闭嘴跳舞》～,关键时刻来瓶尖叫,2026-02-01 20:20:32,1436382,26361,15952,22437,9356,2375,7161,1
2026-08-12 09:30:03,https://www.bilibili.com/video/BV1Lb6tBBEYC/?spm_id_from=333.1387.favlist.content.click&vd_source=bdf775a036c61c0159ac2f0c251aaeb7,6,BV1Lb6tBBEYC,【4K精剪】闭嘴跳舞 | 杨博文直拍 | 260201,underthepoplar,2026-02-02 00:00:55,353699,27211,14122,19195,8664,1837,3079,1
2026-08-12 09:30:03,https://www.bilibili.com/video/BV1mJ64BREZY/?spm_id_from=333.1387.favlist.content.click&vd_source=bdf775a036c61c0159ac2f0c251aaeb7,7,BV1mJ64BREZY,【杨博文】闭嘴跳舞丨当主舞穿上西装就会得到,Kismet丨杨博文,2026-02-01 18:31:00,613679,35005,3920,25354,6922,447,614,4
2026-08-12 09:30:03,https://www.bilibili.com/video/BV1XA6nBGEPV/?spm_id_from=333.1387.favlist.content.click,8,BV1XA6nBGEPV,【4K精剪】希区考克 作品152 | 杨博文直拍 | 260131,underthepoplar,2026-02-01 00:23:17,1939018,23559,22130,19850,18992,4001,6897,1
2026-08-12 09:30:03,https://www.bilibili.com/video/BV1JUK56tEh5/?spm_id_from=333.1387.favlist.content.click,9,BV1JUK56tEh5,【杨博文｜音乐现场】全程舒适！跟着标准答案出发不迷路｜《全世界陪我出发》4k横屏直拍,游园会_杨博文,2026-07-16 20:06:19,158894,7831,2349,3893,5073,1951,1789,1
2026-08-12 09:30:03,https://www.bilibili.com/video/BV1kFKG6pEPe/?spm_id_from=333.1387.favlist.content.click,10,BV1kFKG6pEPe,【杨博文】夏日运动会《全世界陪我出发》4K直拍,Eternity丨杨博文,2026-07-16 19:13:38,44029,5309,724,2880,2326,37,94,1
2026-08-12 09:30:03,BV1MGYnzrE9E,11,BV1MGYnzrE9E,杨博文跳 《Centuries》帅到窒息！！竖屏4K直拍,Kismet丨杨博文,2025-08-18 02:15:37,272361,12321,6770,7934,582,959,3381,2
2026-08-12 09:30:03,BV1TLYnzzEx9,12,BV1TLYnzzEx9,舞力全开！主舞大人爽飞全场 15岁少年「杨博文」尽情演绎《Go In Blind》,Astra_杨博文,2025-08-18 00:48:26,332881,9925,5862,8916,577,717,2604,1
2026-08-12 10:00:03,https://www.bilibili.com/video/BV1EGBCBmEo8/?spm_id_from=333.1387.favlist.content.click,0,BV1EGBCBmEo8,【杨博文｜4K高清直拍】魅魔级别的《Manta》舞台，看博文如何一yeah封神,关键时刻来瓶尖叫,2025-12-27 23:15:44,1016555,12563,9854,11486,12721,1100,2416,1
2026-08-12 10:00:03,https://www.bilibili.com/video/BV1A5vkB2E1k/?spm_id_from=333.1387.favlist.content.click,1,BV1A5vkB2E1k,【杨博文】Hey Mama六机位纯舞直拍丨15岁舞台统治者的诞生，四代主舞燃炸全场！,Kismet丨杨博文,2025-12-28 22:28:16,2772658,63776,44558,46376,24401,13563,21500,25
2026-08-12 10:00:03,https://www.bilibili.com/video/BV1EQK56xEZk/?spm_id_from=333.1387.favlist.content.click,2,BV1EQK56xEZk,【杨博文｜音乐现场】｜《全世界陪我出发》4K直拍，考核第一的大C位实在太亮眼！,关键时刻来瓶尖叫,2026-07-16 20:29:02,415674,12104,3188,7212,5674,11099,8452,3
2026-08-12 10:00:03,bilibili.com/video/BV1M9ePzaELH/?spm_id_from=333.337.search-card.all.click,3,BV1M9ePzaELH,「杨博文｜卡拉永远OK」突发舞台事故？我怎么没看见,Astra_杨博文,2025-08-19 22:15:30,985391,14963,4992,10513,10715,734,673,1
2026-08-12 10:00:03,BV1s8BvBPEN5,4,BV1s8BvBPEN5,【杨博文｜4K舞台直拍】好运来祝你好运来～博文宝宝祝你新年好运来,关键时刻来瓶尖叫,2025-12-27 00:43:12,1911939,34697,16930,32149,17915,4326,4858,1
2026-08-12 10:00:03,https://www.bilibili.com/video/BV1jN64BKECs/?spm_id_from=333.337.search-card.all.click,5,BV1jN64BKECs,【杨博文｜4K直拍】跟着节奏一起《闭嘴跳舞》～,关键时刻来瓶尖叫,2026-02-01 20:20:32,1436391,26361,15952,22437,9356,2375,7161,1
2026-08-12 10:00:03,https://www.bilibili.com/video/BV1Lb6tBBEYC/?spm_id_from=333.1387.favlist.content.click&vd_source=bdf775a036c61c0159ac2f0c251aaeb7,6,BV1Lb6tBBEYC,【4K精剪】闭嘴跳舞 | 杨博文直拍 | 260201,underthepoplar,2026-02-02 00:00:55,353704,27211,14122,19195,8664,1837,3079,1
2026-08-12 10:00:03,https://www.bilibili.com/video/BV1mJ64BREZY/?spm_id_from=333.1387.favlist.content.click&vd_source=bdf775a036c61c0159ac2f0c251aaeb7,7,BV1mJ64BREZY,【杨博文】闭嘴跳舞丨当主舞穿上西装就会得到,Kismet丨杨博文,2026-02-01 18:31:00,613726,35005,3920,25354,6922,447,614,2
2026-08-12 10:00:03,https://www.bilibili.com/video/BV1XA6nBGEPV/?spm_id_from=333.1387.favlist.content.click,8,BV1XA6nBGEPV,【4K精剪】希区考克 作品152 | 杨博文直拍 | 260131,underthepoplar,2026-02-01 00:23:17,1939021,23559,22130,19848,18992,4001,6899,1
2026-08-12 10:00:03,https://www.bilibili.com/video/BV1JUK56tEh5/?spm_id_from=333.1387.favlist.content.click,9,BV1JUK56tEh5,【杨博文｜音乐现场】全程舒适！跟着标准答案出发不迷路｜《全世界陪我出发》4k横屏直拍,游园会_杨博文,2026-07-16 20:06:19,158902,7831,2349,3893,5073,1951,1789,1
2026-08-12 10:00:03,https://www.bilibili.com/video/BV1kFKG6pEPe/?spm_id_from=333.1387.favlist.content.click,10,BV1kFKG6pEPe,【杨博文】夏日运动会《全世界陪我出发》4K直拍,Eternity丨杨博文,2026-07-16 19:13:38,44040,5312,724,2881,2326,37,94,1
2026-08-12 10:00:03,BV1MGYnzrE9E,11,BV1MGYnzrE9E,杨博文跳 《Centuries》帅到窒息！！竖屏4K直拍,Kismet丨杨博文,2025-08-18 02:15:37,272369,12321,6770,7935,582,959,3381,1
2026-08-12 10:00:03,BV1TLYnzzEx9,12,BV1TLYnzzEx9,舞力全开！主舞大人爽飞全场 15岁少年「杨博文」尽情演绎《Go In Blind》,Astra_杨博文,2025-08-18 00:48:26,332886,9925,5862,8916,577,717,2604,1
2026-08-12 10:30:04,https://www.bilibili.com/video/BV1EGBCBmEo8/?spm_id_from=333.1387.favlist.content.click,0,BV1EGBCBmEo8,【杨博文｜4K高清直拍】魅魔级别的《Manta》舞台，看博文如何一yeah封神,关键时刻来瓶尖叫,2025-12-27 23:15:44,1016570,12563,9854,11486,12721,1100,2416,1
2026-08-12 10:30:04,https://www.bilibili.com/video/BV1A5vkB2E1k/?spm_id_from=333.1387.favlist.content.click,1,BV1A5vkB2E1k,【杨博文】Hey Mama六机位纯舞直拍丨15岁舞台统治者的诞生，四代主舞燃炸全场！,Kismet丨杨博文,2025-12-28 22:28:16,2772729,63777,44558,46377,24409,13563,21504,47
2026-08-12 10:30:04,https://www.bilibili.com/video/BV1EQK56xEZk/?spm_id_from=333.1387.favlist.content.click,2,BV1EQK56xEZk,【杨博文｜音乐现场】｜《全世界陪我出发》4K直拍，考核第一的大C位实在太亮眼！,关键时刻来瓶尖叫,2026-07-16 20:29:02,415763,12106,3188,7213,5675,11099,8452,7
2026-08-12 10:30:04,bilibili.com/video/BV1M9ePzaELH/?spm_id_from=333.337.search-card.all.click,3,BV1M9ePzaELH,「杨博文｜卡拉永远OK」突发舞台事故？我怎么没看见,Astra_杨博文,2025-08-19 22:15:30,985451,14963,4992,10513,10715,734,673,4
2026-08-12 10:30:04,BV1s8BvBPEN5,4,BV1s8BvBPEN5,【杨博文｜4K舞台直拍】好运来祝你好运来～博文宝宝祝你新年好运来,关键时刻来瓶尖叫,2025-12-27 00:43:12,1911946,34697,16930,32149,17923,4326,4858,1
2026-08-12 10:30:04,https://www.bilibili.com/video/BV1jN64BKECs/?spm_id_from=333.337.search-card.all.click,5,BV1jN64BKECs,【杨博文｜4K直拍】跟着节奏一起《闭嘴跳舞》～,关键时刻来瓶尖叫,2026-02-01 20:20:32,1436403,26362,15952,22437,9366,2375,7161,1
2026-08-12 10:30:04,https://www.bilibili.com/video/BV1Lb6tBBEYC/?spm_id_from=333.1387.favlist.content.click&vd_source=bdf775a036c61c0159ac2f0c251aaeb7,6,BV1Lb6tBBEYC,【4K精剪】闭嘴跳舞 | 杨博文直拍 | 260201,underthepoplar,2026-02-02 00:00:55,353713,27211,14122,19195,8672,1837,3079,1
2026-08-12 10:30:04,https://www.bilibili.com/video/BV1mJ64BREZY/?spm_id_from=333.1387.favlist.content.click&vd_source=bdf775a036c61c0159ac2f0c251aaeb7,7,BV1mJ64BREZY,【杨博文】闭嘴跳舞丨当主舞穿上西装就会得到,Kismet丨杨博文,2026-02-01 18:31:00,613791,35005,3920,25354,6930,447,614,2
2026-08-12 10:30:04,https://www.bilibili.com/video/BV1XA6nBGEPV/?spm_id_from=333.1387.favlist.content.click,8,BV1XA6nBGEPV,【4K精剪】希区考克 作品152 | 杨博文直拍 | 260131,underthepoplar,2026-02-01 00:23:17,1939030,23559,22130,19848,18992,4001,6899,1
2026-08-12 10:30:04,https://www.bilibili.com/video/BV1JUK56tEh5/?spm_id_from=333.1387.favlist.content.click,9,BV1JUK56tEh5,【杨博文｜音乐现场】全程舒适！跟着标准答案出发不迷路｜《全世界陪我出发》4k横屏直拍,游园会_杨博文,2026-07-16 20:06:19,158905,7831,2349,3893,5073,1951,1789,1
2026-08-12 10:30:04,https://www.bilibili.com/video/BV1kFKG6pEPe/?spm_id_from=333.1387.favlist.content.click,10,BV1kFKG6pEPe,【杨博文】夏日运动会《全世界陪我出发》4K直拍,Eternity丨杨博文,2026-07-16 19:13:38,44046,5312,724,2881,2326,37,94,1
2026-08-12 10:30:04,BV1MGYnzrE9E,11,BV1MGYnzrE9E,杨博文跳 《Centuries》帅到窒息！！竖屏4K直拍,Kismet丨杨博文,2025-08-18 02:15:37,272386,12324,6770,7936,582,959,3381,2
2026-08-12 10:30:04,BV1TLYnzzEx9,12,BV1TLYnzzEx9,舞力全开！主舞大人爽飞全场 15岁少年「杨博文」尽情演绎《Go In Blind》,Astra_杨博文,2025-08-18 00:48:26,332898,9925,5862,8916,577,717,2604,1
2026-08-12 11:00:04,https://www.bilibili.com/video/BV1EGBCBmEo8/?spm_id_from=333.1387.favlist.content.click,0,BV1EGBCBmEo8,【杨博文｜4K高清直拍】魅魔级别的《Manta》舞台，看博文如何一yeah封神,关键时刻来瓶尖叫,2025-12-27 23:15:44,1016594,12563,9854,11485,12721,1100,2416,1
2026-08-12 11:00:04,https://www.bilibili.com/video/BV1A5vkB2E1k/?spm_id_from=333.1387.favlist.content.click,1,BV1A5vkB2E1k,【杨博文】Hey Mama六机位纯舞直拍丨15岁舞台统治者的诞生，四代主舞燃炸全场！,Kismet丨杨博文,2025-12-28 22:28:16,2772803,63777,44558,46377,24414,13563,21504,48
2026-08-12 11:00:04,https://www.bilibili.com/video/BV1EQK56xEZk/?spm_id_from=333.1387.favlist.content.click,2,BV1EQK56xEZk,【杨博文｜音乐现场】｜《全世界陪我出发》4K直拍，考核第一的大C位实在太亮眼！,关键时刻来瓶尖叫,2026-07-16 20:29:02,415852,12108,3188,7215,5675,11099,8452,4
2026-08-12 11:00:04,bilibili.com/video/BV1M9ePzaELH/?spm_id_from=333.337.search-card.all.click,3,BV1M9ePzaELH,「杨博文｜卡拉永远OK」突发舞台事故？我怎么没看见,Astra_杨博文,2025-08-19 22:15:30,985530,14964,4992,10514,10716,735,673,5
2026-08-12 11:00:04,BV1s8BvBPEN5,4,BV1s8BvBPEN5,【杨博文｜4K舞台直拍】好运来祝你好运来～博文宝宝祝你新年好运来,关键时刻来瓶尖叫,2025-12-27 00:43:12,1911963,34698,16930,32151,17928,4326,4862,1
2026-08-12 11:00:04,https://www.bilibili.com/video/BV1jN64BKECs/?spm_id_from=333.337.search-card.all.click,5,BV1jN64BKECs,【杨博文｜4K直拍】跟着节奏一起《闭嘴跳舞》～,关键时刻来瓶尖叫,2026-02-01 20:20:32,1436420,26362,15952,22438,9370,2375,7161,2
2026-08-12 11:00:04,https://www.bilibili.com/video/BV1Lb6tBBEYC/?spm_id_from=333.1387.favlist.content.click&vd_source=bdf775a036c61c0159ac2f0c251aaeb7,6,BV1Lb6tBBEYC,【4K精剪】闭嘴跳舞 | 杨博文直拍 | 260201,underthepoplar,2026-02-02 00:00:55,353726,27211,14122,19197,8677,1837,3079,1
2026-08-12 11:00:04,https://www.bilibili.com/video/BV1mJ64BREZY/?spm_id_from=333.1387.favlist.content.click&vd_source=bdf775a036c61c0159ac2f0c251aaeb7,7,BV1mJ64BREZY,【杨博文】闭嘴跳舞丨当主舞穿上西装就会得到,Kismet丨杨博文,2026-02-01 18:31:00,613852,35006,3922,25355,6935,447,614,3
2026-08-12 11:00:04,https://www.bilibili.com/video/BV1XA6nBGEPV/?spm_id_from=333.1387.favlist.content.click,8,BV1XA6nBGEPV,【4K精剪】希区考克 作品152 | 杨博文直拍 | 260131,underthepoplar,2026-02-01 00:23:17,1939046,23559,22130,19848,18992,4002,6899,1
2026-08-12 11:00:04,https://www.bilibili.com/video/BV1JUK56tEh5/?spm_id_from=333.1387.favlist.content.click,9,BV1JUK56tEh5,【杨博文｜音乐现场】全程舒适！跟着标准答案出发不迷路｜《全世界陪我出发》4k横屏直拍,游园会_杨博文,2026-07-16 20:06:19,158912,7831,2349,3893,5073,1951,1789,1
2026-08-12 11:00:04,https://www.bilibili.com/video/BV1kFKG6pEPe/?spm_id_from=333.1387.favlist.content.click,10,BV1kFKG6pEPe,【杨博文】夏日运动会《全世界陪我出发》4K直拍,Eternity丨杨博文,2026-07-16 19:13:38,44051,5313,724,2882,2326,37,94,1
2026-08-12 11:00:04,BV1MGYnzrE9E,11,BV1MGYnzrE9E,杨博文跳 《Centuries》帅到窒息！！竖屏4K直拍,Kismet丨杨博文,2025-08-18 02:15:37,272402,12324,6770,7935,582,959,3381,1
2026-08-12 11:00:04,BV1TLYnzzEx9,12,BV1TLYnzzEx9,舞力全开！主舞大人爽飞全场 15岁少年「杨博文」尽情演绎《Go In Blind》,Astra_杨博文,2025-08-18 00:48:26,332910,9925,5862,8916,577,717,2604,3
2026-08-12 11:30:05,https://www.bilibili.com/video/BV1EGBCBmEo8/?spm_id_from=333.1387.favlist.content.click,0,BV1EGBCBmEo8,【杨博文｜4K高清直拍】魅魔级别的《Manta》舞台，看博文如何一yeah封神,关键时刻来瓶尖叫,2025-12-27 23:15:44,1016620,12563,9854,11486,12721,1100,2416,1
2026-08-12 11:30:05,https://www.bilibili.com/video/BV1A5vkB2E1k/?spm_id_from=333.1387.favlist.content.click,1,BV1A5vkB2E1k,【杨博文】Hey Mama六机位纯舞直拍丨15岁舞台统治者的诞生，四代主舞燃炸全场！,Kismet丨杨博文,2025-12-28 22:28:16,2772880,63778,44560,46379,24414,13563,21506,26
2026-08-12 11:30:05,https://www.bilibili.com/video/BV1EQK56xEZk/?spm_id_from=333.1387.favlist.content.click,2,BV1EQK56xEZk,【杨博文｜音乐现场】｜《全世界陪我出发》4K直拍，考核第一的大C位实在太亮眼！,关键时刻来瓶尖叫,2026-07-16 20:29:02,415970,12111,3189,7216,5675,11099,8458,5
2026-08-12 11:30:05,bilibili.com/video/BV1M9ePzaELH/?spm_id_from=333.337.search-card.all.click,3,BV1M9ePzaELH,「杨博文｜卡拉永远OK」突发舞台事故？我怎么没看见,Astra_杨博文,2025-08-19 22:15:30,985623,14965,4993,10514,10716,735,680,7
2026-08-12 11:30:05,BV1s8BvBPEN5,4,BV1s8BvBPEN5,【杨博文｜4K舞台直拍】好运来祝你好运来～博文宝宝祝你新年好运来,关键时刻来瓶尖叫,2025-12-27 00:43:12,1911975,34698,16930,32151,17928,4326,4862,2
2026-08-12 11:30:05,https://www.bilibili.com/video/BV1jN64BKECs/?spm_id_from=333.337.search-card.all.click,5,BV1jN64BKECs,【杨博文｜4K直拍】跟着节奏一起《闭嘴跳舞》～,关键时刻来瓶尖叫,2026-02-01 20:20:32,1436434,26363,15952,22438,9370,2375,7161,1
2026-08-12 11:30:05,https://www.bilibili.com/video/BV1Lb6tBBEYC/?spm_id_from=333.1387.favlist.content.click&vd_source=bdf775a036c61c0159ac2f0c251aaeb7,6,BV1Lb6tBBEYC,【4K精剪】闭嘴跳舞 | 杨博文直拍 | 260201,underthepoplar,2026-02-02 00:00:55,353741,27211,14122,19197,8677,1837,3079,1
2026-08-12 11:30:05,https://www.bilibili.com/video/BV1mJ64BREZY/?spm_id_from=333.1387.favlist.content.click&vd_source=bdf775a036c61c0159ac2f0c251aaeb7,7,BV1mJ64BREZY,【杨博文】闭嘴跳舞丨当主舞穿上西装就会得到,Kismet丨杨博文,2026-02-01 18:31:00,613924,35007,3922,25355,6936,447,623,5
2026-08-12 11:30:05,https://www.bilibili.com/video/BV1XA6nBGEPV/?spm_id_from=333.1387.favlist.content.click,8,BV1XA6nBGEPV,【4K精剪】希区考克 作品152 | 杨博文直拍 | 260131,underthepoplar,2026-02-01 00:23:17,1939057,23559,22130,19848,18992,4003,6899,1
2026-08-12 11:30:05,https://www.bilibili.com/video/BV1JUK56tEh5/?spm_id_from=333.1387.favlist.content.click,9,BV1JUK56tEh5,【杨博文｜音乐现场】全程舒适！跟着标准答案出发不迷路｜《全世界陪我出发》4k横屏直拍,游园会_杨博文,2026-07-16 20:06:19,158916,7831,2349,3893,5073,1951,1789,1
2026-08-12 11:30:05,https://www.bilibili.com/video/BV1kFKG6pEPe/?spm_id_from=333.1387.favlist.content.click,10,BV1kFKG6pEPe,【杨博文】夏日运动会《全世界陪我出发》4K直拍,Eternity丨杨博文,2026-07-16 19:13:38,44068,5319,724,2884,2326,37,94,2
2026-08-12 11:30:05,BV1MGYnzrE9E,11,BV1MGYnzrE9E,杨博文跳 《Centuries》帅到窒息！！竖屏4K直拍,Kismet丨杨博文,2025-08-18 02:15:37,272416,12324,6770,7935,582,959,3381,5
2026-08-12 11:30:05,BV1TLYnzzEx9,12,BV1TLYnzzEx9,舞力全开！主舞大人爽飞全场 15岁少年「杨博文」尽情演绎《Go In Blind》,Astra_杨博文,2025-08-18 00:48:26,332922,9925,5862,8916,577,717,2604,3
2026-08-12 12:00:05,https://www.bilibili.com/video/BV1EGBCBmEo8/?spm_id_from=333.1387.favlist.content.click,0,BV1EGBCBmEo8,【杨博文｜4K高清直拍】魅魔级别的《Manta》舞台，看博文如何一yeah封神,关键时刻来瓶尖叫,2025-12-27 23:15:44,1016633,12563,9854,11486,12721,1100,2416,1
2026-08-12 12:00:05,https://www.bilibili.com/video/BV1A5vkB2E1k/?spm_id_from=333.1387.favlist.content.click,1,BV1A5vkB2E1k,【杨博文】Hey Mama六机位纯舞直拍丨15岁舞台统治者的诞生，四代主舞燃炸全场！,Kismet丨杨博文,2025-12-28 22:28:16,2772963,63782,44560,46380,24414,13563,21506,27
2026-08-12 12:00:05,https://www.bilibili.com/video/BV1EQK56xEZk/?spm_id_from=333.1387.favlist.content.click,2,BV1EQK56xEZk,【杨博文｜音乐现场】｜《全世界陪我出发》4K直拍，考核第一的大C位实在太亮眼！,关键时刻来瓶尖叫,2026-07-16 20:29:02,416076,12118,3189,7219,5675,11099,8458,3
2026-08-12 12:00:05,bilibili.com/video/BV1M9ePzaELH/?spm_id_from=333.337.search-card.all.click,3,BV1M9ePzaELH,「杨博文｜卡拉永远OK」突发舞台事故？我怎么没看见,Astra_杨博文,2025-08-19 22:15:30,985712,14966,4993,10515,10716,735,680,3
2026-08-12 12:00:05,BV1s8BvBPEN5,4,BV1s8BvBPEN5,【杨博文｜4K舞台直拍】好运来祝你好运来～博文宝宝祝你新年好运来,关键时刻来瓶尖叫,2025-12-27 00:43:12,1911982,34698,16930,32151,17928,4326,4862,1
2026-08-12 12:00:05,https://www.bilibili.com/video/BV1jN64BKECs/?spm_id_from=333.337.search-card.all.click,5,BV1jN64BKECs,【杨博文｜4K直拍】跟着节奏一起《闭嘴跳舞》～,关键时刻来瓶尖叫,2026-02-01 20:20:32,1436455,26363,15952,22438,9370,2375,7161,1
2026-08-12 12:00:05,https://www.bilibili.com/video/BV1Lb6tBBEYC/?spm_id_from=333.1387.favlist.content.click&vd_source=bdf775a036c61c0159ac2f0c251aaeb7,6,BV1Lb6tBBEYC,【4K精剪】闭嘴跳舞 | 杨博文直拍 | 260201,underthepoplar,2026-02-02 00:00:55,353763,27212,14124,19198,8677,1837,3079,1
2026-08-12 12:00:05,https://www.bilibili.com/video/BV1mJ64BREZY/?spm_id_from=333.1387.favlist.content.click&vd_source=bdf775a036c61c0159ac2f0c251aaeb7,7,BV1mJ64BREZY,【杨博文】闭嘴跳舞丨当主舞穿上西装就会得到,Kismet丨杨博文,2026-02-01 18:31:00,613993,35006,3922,25355,6936,447,625,1
2026-08-12 12:00:05,https://www.bilibili.com/video/BV1XA6nBGEPV/?spm_id_from=333.1387.favlist.content.click,8,BV1XA6nBGEPV,【4K精剪】希区考克 作品152 | 杨博文直拍 | 260131,underthepoplar,2026-02-01 00:23:17,1939069,23559,22130,19848,18992,4003,6899,2
2026-08-12 12:00:05,https://www.bilibili.com/video/BV1JUK56tEh5/?spm_id_from=333.1387.favlist.content.click,9,BV1JUK56tEh5,【杨博文｜音乐现场】全程舒适！跟着标准答案出发不迷路｜《全世界陪我出发》4k横屏直拍,游园会_杨博文,2026-07-16 20:06:19,158921,7831,2349,3893,5073,1951,1789,1
2026-08-12 12:00:05,https://www.bilibili.com/video/BV1kFKG6pEPe/?spm_id_from=333.1387.favlist.content.click,10,BV1kFKG6pEPe,【杨博文】夏日运动会《全世界陪我出发》4K直拍,Eternity丨杨博文,2026-07-16 19:13:38,44104,5321,724,2886,2326,37,94,5
2026-08-12 12:00:05,BV1MGYnzrE9E,11,BV1MGYnzrE9E,杨博文跳 《Centuries》帅到窒息！！竖屏4K直拍,Kismet丨杨博文,2025-08-18 02:15:37,272437,12324,6770,7935,582,959,3381,2
2026-08-12 12:00:05,BV1TLYnzzEx9,12,BV1TLYnzzEx9,舞力全开！主舞大人爽飞全场 15岁少年「杨博文」尽情演绎《Go In Blind》,Astra_杨博文,2025-08-18 00:48:26,332940,9925,5862,8916,577,717,2604,1
2026-08-12 12:30:06,https://www.bilibili.com/video/BV1EGBCBmEo8/?spm_id_from=333.1387.favlist.content.click,0,BV1EGBCBmEo8,【杨博文｜4K高清直拍】魅魔级别的《Manta》舞台，看博文如何一yeah封神,关键时刻来瓶尖叫,2025-12-27 23:15:44,1016654,12563,9854,11486,12721,1100,2416,1
2026-08-12 12:30:06,https://www.bilibili.com/video/BV1A5vkB2E1k/?spm_id_from=333.1387.favlist.content.click,1,BV1A5vkB2E1k,【杨博文】Hey Mama六机位纯舞直拍丨15岁舞台统治者的诞生，四代主舞燃炸全场！,Kismet丨杨博文,2025-12-28 22:28:16,2773051,63782,44560,46382,24420,13563,21507,25
2026-08-12 12:30:06,https://www.bilibili.com/video/BV1EQK56xEZk/?spm_id_from=333.1387.favlist.content.click,2,BV1EQK56xEZk,【杨博文｜音乐现场】｜《全世界陪我出发》4K直拍，考核第一的大C位实在太亮眼！,关键时刻来瓶尖叫,2026-07-16 20:29:02,416204,12122,3191,7223,5675,11099,8458,11
2026-08-12 12:30:06,bilibili.com/video/BV1M9ePzaELH/?spm_id_from=333.337.search-card.all.click,3,BV1M9ePzaELH,「杨博文｜卡拉永远OK」突发舞台事故？我怎么没看见,Astra_杨博文,2025-08-19 22:15:30,985808,14966,4993,10517,10716,735,680,4
2026-08-12 12:30:06,BV1s8BvBPEN5,4,BV1s8BvBPEN5,【杨博文｜4K舞台直拍】好运来祝你好运来～博文宝宝祝你新年好运来,关键时刻来瓶尖叫,2025-12-27 00:43:12,1911998,34699,16930,32152,17932,4326,4862,1
2026-08-12 12:30:06,https://www.bilibili.com/video/BV1jN64BKECs/?spm_id_from=333.337.search-card.all.click,5,BV1jN64BKECs,【杨博文｜4K直拍】跟着节奏一起《闭嘴跳舞》～,关键时刻来瓶尖叫,2026-02-01 20:20:32,1436475,26363,15952,22438,9375,2375,7161,1
2026-08-12 12:30:06,https://www.bilibili.com/video/BV1Lb6tBBEYC/?spm_id_from=333.1387.favlist.content.click&vd_source=bdf775a036c61c0159ac2f0c251aaeb7,6,BV1Lb6tBBEYC,【4K精剪】闭嘴跳舞 | 杨博文直拍 | 260201,underthepoplar,2026-02-02 00:00:55,353777,27213,14124,19199,8681,1837,3079,1
2026-08-12 12:30:06,https://www.bilibili.com/video/BV1mJ64BREZY/?spm_id_from=333.1387.favlist.content.click&vd_source=bdf775a036c61c0159ac2f0c251aaeb7,7,BV1mJ64BREZY,【杨博文】闭嘴跳舞丨当主舞穿上西装就会得到,Kismet丨杨博文,2026-02-01 18:31:00,614071,35007,3922,25357,6940,447,625,4
2026-08-12 12:30:06,https://www.bilibili.com/video/BV1XA6nBGEPV/?spm_id_from=333.1387.favlist.content.click,8,BV1XA6nBGEPV,【4K精剪】希区考克 作品152 | 杨博文直拍 | 260131,underthepoplar,2026-02-01 00:23:17,1939082,23559,22130,19848,18992,4003,6899,1
2026-08-12 12:30:06,https://www.bilibili.com/video/BV1JUK56tEh5/?spm_id_from=333.1387.favlist.content.click,9,BV1JUK56tEh5,【杨博文｜音乐现场】全程舒适！跟着标准答案出发不迷路｜《全世界陪我出发》4k横屏直拍,游园会_杨博文,2026-07-16 20:06:19,158928,7831,2349,3893,5073,1951,1789,1
2026-08-12 12:30:06,https://www.bilibili.com/video/BV1kFKG6pEPe/?spm_id_from=333.1387.favlist.content.click,10,BV1kFKG6pEPe,【杨博文】夏日运动会《全世界陪我出发》4K直拍,Eternity丨杨博文,2026-07-16 19:13:38,44137,5324,725,2888,2326,37,94,2
2026-08-12 12:30:06,BV1MGYnzrE9E,11,BV1MGYnzrE9E,杨博文跳 《Centuries》帅到窒息！！竖屏4K直拍,Kismet丨杨博文,2025-08-18 02:15:37,272455,12324,6770,7935,582,959,3381,3
2026-08-12 12:30:06,BV1TLYnzzEx9,12,BV1TLYnzzEx9,舞力全开！主舞大人爽飞全场 15岁少年「杨博文」尽情演绎《Go In Blind》,Astra_杨博文,2025-08-18 00:48:26,332954,9925,5862,8916,577,717,2604,5
2026-08-12 13:00:06,https://www.bilibili.com/video/BV1EGBCBmEo8/?spm_id_from=333.1387.favlist.content.click,0,BV1EGBCBmEo8,【杨博文｜4K高清直拍】魅魔级别的《Manta》舞台，看博文如何一yeah封神,关键时刻来瓶尖叫,2025-12-27 23:15:44,1016669,12563,9856,11486,12721,1100,2416,1
2026-08-12 13:00:06,https://www.bilibili.com/video/BV1A5vkB2E1k/?spm_id_from=333.1387.favlist.content.click,1,BV1A5vkB2E1k,【杨博文】Hey Mama六机位纯舞直拍丨15岁舞台统治者的诞生，四代主舞燃炸全场！,Kismet丨杨博文,2025-12-28 22:28:16,2773142,63786,44566,46383,24421,13563,21507,9
2026-08-12 13:00:06,https://www.bilibili.com/video/BV1EQK56xEZk/?spm_id_from=333.1387.favlist.content.click,2,BV1EQK56xEZk,【杨博文｜音乐现场】｜《全世界陪我出发》4K直拍，考核第一的大C位实在太亮眼！,关键时刻来瓶尖叫,2026-07-16 20:29:02,416354,12130,3193,7227,5676,11099,8458,8
2026-08-12 13:00:06,bilibili.com/video/BV1M9ePzaELH/?spm_id_from=333.337.search-card.all.click,3,BV1M9ePzaELH,「杨博文｜卡拉永远OK」突发舞台事故？我怎么没看见,Astra_杨博文,2025-08-19 22:15:30,985896,14966,4995,10517,10717,735,680,4
2026-08-12 13:00:06,BV1s8BvBPEN5,4,BV1s8BvBPEN5,【杨博文｜4K舞台直拍】好运来祝你好运来～博文宝宝祝你新年好运来,关键时刻来瓶尖叫,2025-12-27 00:43:12,1912015,34699,16930,32152,17933,4326,4862,1
2026-08-12 13:00:06,https://www.bilibili.com/video/BV1jN64BKECs/?spm_id_from=333.337.search-card.all.click,5,BV1jN64BKECs,【杨博文｜4K直拍】跟着节奏一起《闭嘴跳舞》～,关键时刻来瓶尖叫,2026-02-01 20:20:32,1436499,26365,15952,22439,9376,2375,7161,1
2026-08-12 13:00:06,https://www.bilibili.com/video/BV1Lb6tBBEYC/?spm_id_from=333.1387.favlist.content.click&vd_source=bdf775a036c61c0159ac2f0c251aaeb7,6,BV1Lb6tBBEYC,【4K精剪】闭嘴跳舞 | 杨博文直拍 | 260201,underthepoplar,2026-02-02 00:00:55,353804,27214,14124,19199,8681,1837,3079,1
2026-08-12 13:00:06,https://www.bilibili.com/video/BV1mJ64BREZY/?spm_id_from=333.1387.favlist.content.click&vd_source=bdf775a036c61c0159ac2f0c251aaeb7,7,BV1mJ64BREZY,【杨博文】闭嘴跳舞丨当主舞穿上西装就会得到,Kismet丨杨博文,2026-02-01 18:31:00,614144,35006,3922,25356,6942,447,625,2
2026-08-12 13:00:06,https://www.bilibili.com/video/BV1XA6nBGEPV/?spm_id_from=333.1387.favlist.content.click,8,BV1XA6nBGEPV,【4K精剪】希区考克 作品152 | 杨博文直拍 | 260131,underthepoplar,2026-02-01 00:23:17,1939090,23559,22130,19848,18992,4003,6899,1
2026-08-12 13:00:06,https://www.bilibili.com/video/BV1JUK56tEh5/?spm_id_from=333.1387.favlist.content.click,9,BV1JUK56tEh5,【杨博文｜音乐现场】全程舒适！跟着标准答案出发不迷路｜《全世界陪我出发》4k横屏直拍,游园会_杨博文,2026-07-16 20:06:19,158936,7831,2349,3894,5073,1951,1789,1
2026-08-12 13:00:06,https://www.bilibili.com/video/BV1kFKG6pEPe/?spm_id_from=333.1387.favlist.content.click,10,BV1kFKG6pEPe,【杨博文】夏日运动会《全世界陪我出发》4K直拍,Eternity丨杨博文,2026-07-16 19:13:38,44170,5327,725,2891,2326,37,94,2
2026-08-12 13:00:06,BV1MGYnzrE9E,11,BV1MGYnzrE9E,杨博文跳 《Centuries》帅到窒息！！竖屏4K直拍,Kismet丨杨博文,2025-08-18 02:15:37,272476,12324,6770,7935,582,959,3381,2
2026-08-12 13:00:06,BV1TLYnzzEx9,12,BV1TLYnzzEx9,舞力全开！主舞大人爽飞全场 15岁少年「杨博文」尽情演绎《Go In Blind》,Astra_杨博文,2025-08-18 00:48:26,332971,9925,5862,8916,577,717,2604,1
2026-08-12 13:30:06,https://www.bilibili.com/video/BV1EGBCBmEo8/?spm_id_from=333.1387.favlist.content.click,0,BV1EGBCBmEo8,【杨博文｜4K高清直拍】魅魔级别的《Manta》舞台，看博文如何一yeah封神,关键时刻来瓶尖叫,2025-12-27 23:15:44,1016682,12564,9856,11486,12721,1100,2416,1
2026-08-12 13:30:06,https://www.bilibili.com/video/BV1A5vkB2E1k/?spm_id_from=333.1387.favlist.content.click,1,BV1A5vkB2E1k,【杨博文】Hey Mama六机位纯舞直拍丨15岁舞台统治者的诞生，四代主舞燃炸全场！,Kismet丨杨博文,2025-12-28 22:28:16,2773254,63789,44568,46385,24424,13563,21508,8
2026-08-12 13:30:06,https://www.bilibili.com/video/BV1EQK56xEZk/?spm_id_from=333.1387.favlist.content.click,2,BV1EQK56xEZk,【杨博文｜音乐现场】｜《全世界陪我出发》4K直拍，考核第一的大C位实在太亮眼！,关键时刻来瓶尖叫,2026-07-16 20:29:02,416489,12133,3193,7229,5676,11099,8458,7
2026-08-12 13:30:06,bilibili.com/video/BV1M9ePzaELH/?spm_id_from=333.337.search-card.all.click,3,BV1M9ePzaELH,「杨博文｜卡拉永远OK」突发舞台事故？我怎么没看见,Astra_杨博文,2025-08-19 22:15:30,985987,14966,4995,10518,10718,735,680,3
2026-08-12 13:30:06,BV1s8BvBPEN5,4,BV1s8BvBPEN5,【杨博文｜4K舞台直拍】好运来祝你好运来～博文宝宝祝你新年好运来,关键时刻来瓶尖叫,2025-12-27 00:43:12,1912030,34699,16930,32152,17935,4326,4862,1
2026-08-12 13:30:06,https://www.bilibili.com/video/BV1jN64BKECs/?spm_id_from=333.337.search-card.all.click,5,BV1jN64BKECs,【杨博文｜4K直拍】跟着节奏一起《闭嘴跳舞》～,关键时刻来瓶尖叫,2026-02-01 20:20:32,1436524,26366,15954,22440,9379,2375,7161,1
2026-08-12 13:30:06,https://www.bilibili.com/video/BV1Lb6tBBEYC/?spm_id_from=333.1387.favlist.content.click&vd_source=bdf775a036c61c0159ac2f0c251aaeb7,6,BV1Lb6tBBEYC,【4K精剪】闭嘴跳舞 | 杨博文直拍 | 260201,underthepoplar,2026-02-02 00:00:55,353831,27217,14124,19200,8683,1837,3079,2
2026-08-12 13:30:06,https://www.bilibili.com/video/BV1mJ64BREZY/?spm_id_from=333.1387.favlist.content.click&vd_source=bdf775a036c61c0159ac2f0c251aaeb7,7,BV1mJ64BREZY,【杨博文】闭嘴跳舞丨当主舞穿上西装就会得到,Kismet丨杨博文,2026-02-01 18:31:00,614222,35007,3922,25357,6944,447,625,2
2026-08-12 13:30:06,https://www.bilibili.com/video/BV1XA6nBGEPV/?spm_id_from=333.1387.favlist.content.click,8,BV1XA6nBGEPV,【4K精剪】希区考克 作品152 | 杨博文直拍 | 260131,underthepoplar,2026-02-01 00:23:17,1939114,23562,22132,19849,18992,4003,6899,1
2026-08-12 13:30:06,https://www.bilibili.com/video/BV1JUK56tEh5/?spm_id_from=333.1387.favlist.content.click,9,BV1JUK56tEh5,【杨博文｜音乐现场】全程舒适！跟着标准答案出发不迷路｜《全世界陪我出发》4k横屏直拍,游园会_杨博文,2026-07-16 20:06:19,158944,7832,2349,3894,5073,1951,1789,1
2026-08-12 13:30:06,https://www.bilibili.com/video/BV1kFKG6pEPe/?spm_id_from=333.1387.favlist.content.click,10,BV1kFKG6pEPe,【杨博文】夏日运动会《全世界陪我出发》4K直拍,Eternity丨杨博文,2026-07-16 19:13:38,44196,5330,725,2892,2326,37,94,1
2026-08-12 13:30:06,BV1MGYnzrE9E,11,BV1MGYnzrE9E,杨博文跳 《Centuries》帅到窒息！！竖屏4K直拍,Kismet丨杨博文,2025-08-18 02:15:37,272498,12324,6770,7935,582,959,3381,4
2026-08-12 13:30:06,BV1TLYnzzEx9,12,BV1TLYnzzEx9,舞力全开！主舞大人爽飞全场 15岁少年「杨博文」尽情演绎《Go In Blind》,Astra_杨博文,2025-08-18 00:48:26,332992,9925,5862,8916,577,717,2604,4
2026-08-12 14:00:07,https://www.bilibili.com/video/BV1EGBCBmEo8/?spm_id_from=333.1387.favlist.content.click,0,BV1EGBCBmEo8,【杨博文｜4K高清直拍】魅魔级别的《Manta》舞台，看博文如何一yeah封神,关键时刻来瓶尖叫,2025-12-27 23:15:44,1016694,12564,9856,11486,12721,1100,2416,1
2026-08-12 14:00:07,https://www.bilibili.com/video/BV1A5vkB2E1k/?spm_id_from=333.1387.favlist.content.click,1,BV1A5vkB2E1k,【杨博文】Hey Mama六机位纯舞直拍丨15岁舞台统治者的诞生，四代主舞燃炸全场！,Kismet丨杨博文,2025-12-28 22:28:16,2773350,63790,44568,46385,24424,13563,21508,6
2026-08-12 14:00:07,https://www.bilibili.com/video/BV1EQK56xEZk/?spm_id_from=333.1387.favlist.content.click,2,BV1EQK56xEZk,【杨博文｜音乐现场】｜《全世界陪我出发》4K直拍，考核第一的大C位实在太亮眼！,关键时刻来瓶尖叫,2026-07-16 20:29:02,416632,12134,3193,7231,5676,11099,8458,6
2026-08-12 14:00:07,bilibili.com/video/BV1M9ePzaELH/?spm_id_from=333.337.search-card.all.click,3,BV1M9ePzaELH,「杨博文｜卡拉永远OK」突发舞台事故？我怎么没看见,Astra_杨博文,2025-08-19 22:15:30,986080,14966,4995,10518,10718,735,680,2
2026-08-12 14:00:07,BV1s8BvBPEN5,4,BV1s8BvBPEN5,【杨博文｜4K舞台直拍】好运来祝你好运来～博文宝宝祝你新年好运来,关键时刻来瓶尖叫,2025-12-27 00:43:12,1912037,34699,16930,32152,17935,4326,4862,1
2026-08-12 14:00:07,https://www.bilibili.com/video/BV1jN64BKECs/?spm_id_from=333.337.search-card.all.click,5,BV1jN64BKECs,【杨博文｜4K直拍】跟着节奏一起《闭嘴跳舞》～,关键时刻来瓶尖叫,2026-02-01 20:20:32,1436558,26367,15954,22441,9379,2375,7161,3
2026-08-12 14:00:07,https://www.bilibili.com/video/BV1Lb6tBBEYC/?spm_id_from=333.1387.favlist.content.click&vd_source=bdf775a036c61c0159ac2f0c251aaeb7,6,BV1Lb6tBBEYC,【4K精剪】闭嘴跳舞 | 杨博文直拍 | 260201,underthepoplar,2026-02-02 00:00:55,353853,27219,14124,19201,8683,1837,3080,1
2026-08-12 14:00:07,https://www.bilibili.com/video/BV1mJ64BREZY/?spm_id_from=333.1387.favlist.content.click&vd_source=bdf775a036c61c0159ac2f0c251aaeb7,7,BV1mJ64BREZY,【杨博文】闭嘴跳舞丨当主舞穿上西装就会得到,Kismet丨杨博文,2026-02-01 18:31:00,614297,35007,3922,25357,6944,447,625,1
2026-08-12 14:00:07,https://www.bilibili.com/video/BV1XA6nBGEPV/?spm_id_from=333.1387.favlist.content.click,8,BV1XA6nBGEPV,【4K精剪】希区考克 作品152 | 杨博文直拍 | 260131,underthepoplar,2026-02-01 00:23:17,1939133,23562,22132,19849,18992,4003,6899,1
2026-08-12 14:00:07,https://www.bilibili.com/video/BV1JUK56tEh5/?spm_id_from=333.1387.favlist.content.click,9,BV1JUK56tEh5,【杨博文｜音乐现场】全程舒适！跟着标准答案出发不迷路｜《全世界陪我出发》4k横屏直拍,游园会_杨博文,2026-07-16 20:06:19,158952,7834,2349,3895,5073,1951,1789,1
2026-08-12 14:00:07,https://www.bilibili.com/video/BV1kFKG6pEPe/?spm_id_from=333.1387.favlist.content.click,10,BV1kFKG6pEPe,【杨博文】夏日运动会《全世界陪我出发》4K直拍,Eternity丨杨博文,2026-07-16 19:13:38,44214,5331,725,2894,2326,37,94,2
2026-08-12 14:00:07,BV1MGYnzrE9E,11,BV1MGYnzrE9E,杨博文跳 《Centuries》帅到窒息！！竖屏4K直拍,Kismet丨杨博文,2025-08-18 02:15:37,272519,12324,6770,7934,582,959,3381,2
2026-08-12 14:00:07,BV1TLYnzzEx9,12,BV1TLYnzzEx9,舞力全开！主舞大人爽飞全场 15岁少年「杨博文」尽情演绎《Go In Blind》,Astra_杨博文,2025-08-18 00:48:26,333017,9926,5862,8916,577,717,2604,4
2026-08-12 14:30:07,https://www.bilibili.com/video/BV1EGBCBmEo8/?spm_id_from=333.1387.favlist.content.click,0,BV1EGBCBmEo8,【杨博文｜4K高清直拍】魅魔级别的《Manta》舞台，看博文如何一yeah封神,关键时刻来瓶尖叫,2025-12-27 23:15:44,1016707,12565,9856,11486,12721,1101,2416,1
2026-08-12 14:30:07,https://www.bilibili.com/video/BV1A5vkB2E1k/?spm_id_from=333.1387.favlist.content.click,1,BV1A5vkB2E1k,【杨博文】Hey Mama六机位纯舞直拍丨15岁舞台统治者的诞生，四代主舞燃炸全场！,Kismet丨杨博文,2025-12-28 22:28:16,2773474,63792,44568,46386,24426,13563,21510,7
2026-08-12 14:30:07,https://www.bilibili.com/video/BV1EQK56xEZk/?spm_id_from=333.1387.favlist.content.click,2,BV1EQK56xEZk,【杨博文｜音乐现场】｜《全世界陪我出发》4K直拍，考核第一的大C位实在太亮眼！,关键时刻来瓶尖叫,2026-07-16 20:29:02,416794,12143,3193,7237,5676,11099,8458,6
2026-08-12 14:30:07,bilibili.com/video/BV1M9ePzaELH/?spm_id_from=333.337.search-card.all.click,3,BV1M9ePzaELH,「杨博文｜卡拉永远OK」突发舞台事故？我怎么没看见,Astra_杨博文,2025-08-19 22:15:30,986204,14966,4995,10518,10718,735,680,3
2026-08-12 14:30:07,BV1s8BvBPEN5,4,BV1s8BvBPEN5,【杨博文｜4K舞台直拍】好运来祝你好运来～博文宝宝祝你新年好运来,关键时刻来瓶尖叫,2025-12-27 00:43:12,1912050,34700,16930,32153,17935,4326,4862,1
2026-08-12 14:30:07,https://www.bilibili.com/video/BV1jN64BKECs/?spm_id_from=333.337.search-card.all.click,5,BV1jN64BKECs,【杨博文｜4K直拍】跟着节奏一起《闭嘴跳舞》～,关键时刻来瓶尖叫,2026-02-01 20:20:32,1436579,26369,15954,22440,9380,2375,7161,3
2026-08-12 14:30:07,https://www.bilibili.com/video/BV1Lb6tBBEYC/?spm_id_from=333.1387.favlist.content.click&vd_source=bdf775a036c61c0159ac2f0c251aaeb7,6,BV1Lb6tBBEYC,【4K精剪】闭嘴跳舞 | 杨博文直拍 | 260201,underthepoplar,2026-02-02 00:00:55,353880,27220,14124,19201,8683,1837,3080,1
2026-08-12 14:30:07,https://www.bilibili.com/video/BV1mJ64BREZY/?spm_id_from=333.1387.favlist.content.click&vd_source=bdf775a036c61c0159ac2f0c251aaeb7,7,BV1mJ64BREZY,【杨博文】闭嘴跳舞丨当主舞穿上西装就会得到,Kismet丨杨博文,2026-02-01 18:31:00,614404,35008,3922,25357,6945,447,625,4
2026-08-12 14:30:07,https://www.bilibili.com/video/BV1XA6nBGEPV/?spm_id_from=333.1387.favlist.content.click,8,BV1XA6nBGEPV,【4K精剪】希区考克 作品152 | 杨博文直拍 | 260131,underthepoplar,2026-02-01 00:23:17,1939147,23562,22132,19849,18992,4003,6899,1
2026-08-12 14:30:07,https://www.bilibili.com/video/BV1JUK56tEh5/?spm_id_from=333.1387.favlist.content.click,9,BV1JUK56tEh5,【杨博文｜音乐现场】全程舒适！跟着标准答案出发不迷路｜《全世界陪我出发》4k横屏直拍,游园会_杨博文,2026-07-16 20:06:19,158954,7836,2349,3895,5073,1951,1789,1
2026-08-12 14:30:07,https://www.bilibili.com/video/BV1kFKG6pEPe/?spm_id_from=333.1387.favlist.content.click,10,BV1kFKG6pEPe,【杨博文】夏日运动会《全世界陪我出发》4K直拍,Eternity丨杨博文,2026-07-16 19:13:38,44229,5334,725,2896,2326,37,94,1
2026-08-12 14:30:07,BV1MGYnzrE9E,11,BV1MGYnzrE9E,杨博文跳 《Centuries》帅到窒息！！竖屏4K直拍,Kismet丨杨博文,2025-08-18 02:15:37,272542,12324,6770,7935,582,959,3381,3
2026-08-12 14:30:07,BV1TLYnzzEx9,12,BV1TLYnzzEx9,舞力全开！主舞大人爽飞全场 15岁少年「杨博文」尽情演绎《Go In Blind》,Astra_杨博文,2025-08-18 00:48:26,333038,9926,5862,8916,577,717,2604,2
2026-08-12 15:00:08,https://www.bilibili.com/video/BV1EGBCBmEo8/?spm_id_from=333.1387.favlist.content.click,0,BV1EGBCBmEo8,【杨博文｜4K高清直拍】魅魔级别的《Manta》舞台，看博文如何一yeah封神,关键时刻来瓶尖叫,2025-12-27 23:15:44,1016722,12566,9858,11487,12721,1101,2416,1
2026-08-12 15:00:08,https://www.bilibili.com/video/BV1A5vkB2E1k/?spm_id_from=333.1387.favlist.content.click,1,BV1A5vkB2E1k,【杨博文】Hey Mama六机位纯舞直拍丨15岁舞台统治者的诞生，四代主舞燃炸全场！,Kismet丨杨博文,2025-12-28 22:28:16,2773605,63793,44568,46385,24431,13563,21510,9
2026-08-12 15:00:08,https://www.bilibili.com/video/BV1EQK56xEZk/?spm_id_from=333.1387.favlist.content.click,2,BV1EQK56xEZk,【杨博文｜音乐现场】｜《全世界陪我出发》4K直拍，考核第一的大C位实在太亮眼！,关键时刻来瓶尖叫,2026-07-16 20:29:02,416949,12149,3193,7238,5676,11099,8458,9
2026-08-12 15:00:08,bilibili.com/video/BV1M9ePzaELH/?spm_id_from=333.337.search-card.all.click,3,BV1M9ePzaELH,「杨博文｜卡拉永远OK」突发舞台事故？我怎么没看见,Astra_杨博文,2025-08-19 22:15:30,986322,14966,4995,10518,10718,735,680,8
2026-08-12 15:00:08,BV1s8BvBPEN5,4,BV1s8BvBPEN5,【杨博文｜4K舞台直拍】好运来祝你好运来～博文宝宝祝你新年好运来,关键时刻来瓶尖叫,2025-12-27 00:43:12,1912065,34701,16932,32153,17939,4326,4862,1
2026-08-12 15:00:08,https://www.bilibili.com/video/BV1jN64BKECs/?spm_id_from=333.337.search-card.all.click,5,BV1jN64BKECs,【杨博文｜4K直拍】跟着节奏一起《闭嘴跳舞》～,关键时刻来瓶尖叫,2026-02-01 20:20:32,1436601,26371,15956,22441,9384,2375,7161,1
2026-08-12 15:00:08,https://www.bilibili.com/video/BV1Lb6tBBEYC/?spm_id_from=333.1387.favlist.content.click&vd_source=bdf775a036c61c0159ac2f0c251aaeb7,6,BV1Lb6tBBEYC,【4K精剪】闭嘴跳舞 | 杨博文直拍 | 260201,underthepoplar,2026-02-02 00:00:55,353897,27220,14124,19201,8688,1837,3080,2
2026-08-12 15:00:08,https://www.bilibili.com/video/BV1mJ64BREZY/?spm_id_from=333.1387.favlist.content.click&vd_source=bdf775a036c61c0159ac2f0c251aaeb7,7,BV1mJ64BREZY,【杨博文】闭嘴跳舞丨当主舞穿上西装就会得到,Kismet丨杨博文,2026-02-01 18:31:00,614507,35008,3922,25357,6949,447,625,5
2026-08-12 15:00:08,https://www.bilibili.com/video/BV1XA6nBGEPV/?spm_id_from=333.1387.favlist.content.click,8,BV1XA6nBGEPV,【4K精剪】希区考克 作品152 | 杨博文直拍 | 260131,underthepoplar,2026-02-01 00:23:17,1939167,23564,22132,19850,18992,4003,6899,1
2026-08-12 15:00:08,https://www.bilibili.com/video/BV1JUK56tEh5/?spm_id_from=333.1387.favlist.content.click,9,BV1JUK56tEh5,【杨博文｜音乐现场】全程舒适！跟着标准答案出发不迷路｜《全世界陪我出发》4k横屏直拍,游园会_杨博文,2026-07-16 20:06:19,158966,7840,2351,3896,5073,1951,1789,1
2026-08-12 15:00:08,https://www.bilibili.com/video/BV1kFKG6pEPe/?spm_id_from=333.1387.favlist.content.click,10,BV1kFKG6pEPe,【杨博文】夏日运动会《全世界陪我出发》4K直拍,Eternity丨杨博文,2026-07-16 19:13:38,44244,5335,725,2898,2326,37,94,1
2026-08-12 15:00:08,BV1MGYnzrE9E,11,BV1MGYnzrE9E,杨博文跳 《Centuries》帅到窒息！！竖屏4K直拍,Kismet丨杨博文,2025-08-18 02:15:37,272565,12325,6772,7936,582,959,3381,4
2026-08-12 15:00:08,BV1TLYnzzEx9,12,BV1TLYnzzEx9,舞力全开！主舞大人爽飞全场 15岁少年「杨博文」尽情演绎《Go In Blind》,Astra_杨博文,2025-08-18 00:48:26,333056,9926,5862,8916,577,717,2604,3
2026-08-12 15:30:08,https://www.bilibili.com/video/BV1EGBCBmEo8/?spm_id_from=333.1387.favlist.content.click,0,BV1EGBCBmEo8,【杨博文｜4K高清直拍】魅魔级别的《Manta》舞台，看博文如何一yeah封神,关键时刻来瓶尖叫,2025-12-27 23:15:44,1016737,12566,9858,11487,12721,1101,2416,1
2026-08-12 15:30:08,https://www.bilibili.com/video/BV1A5vkB2E1k/?spm_id_from=333.1387.favlist.content.click,1,BV1A5vkB2E1k,【杨博文】Hey Mama六机位纯舞直拍丨15岁舞台统治者的诞生，四代主舞燃炸全场！,Kismet丨杨博文,2025-12-28 22:28:16,2773746,63794,44570,46386,24433,13563,21510,6
2026-08-12 15:30:08,https://www.bilibili.com/video/BV1EQK56xEZk/?spm_id_from=333.1387.favlist.content.click,2,BV1EQK56xEZk,【杨博文｜音乐现场】｜《全世界陪我出发》4K直拍，考核第一的大C位实在太亮眼！,关键时刻来瓶尖叫,2026-07-16 20:29:02,417098,12153,3193,7239,5676,11099,8458,7
2026-08-12 15:30:08,bilibili.com/video/BV1M9ePzaELH/?spm_id_from=333.337.search-card.all.click,3,BV1M9ePzaELH,「杨博文｜卡拉永远OK」突发舞台事故？我怎么没看见,Astra_杨博文,2025-08-19 22:15:30,986449,14968,4997,10519,10718,735,680,5
2026-08-12 15:30:08,BV1s8BvBPEN5,4,BV1s8BvBPEN5,【杨博文｜4K舞台直拍】好运来祝你好运来～博文宝宝祝你新年好运来,关键时刻来瓶尖叫,2025-12-27 00:43:12,1912083,34701,16932,32153,17942,4326,4862,1
2026-08-12 15:30:08,https://www.bilibili.com/video/BV1jN64BKECs/?spm_id_from=333.337.search-card.all.click,5,BV1jN64BKECs,【杨博文｜4K直拍】跟着节奏一起《闭嘴跳舞》～,关键时刻来瓶尖叫,2026-02-01 20:20:32,1436628,26371,15956,22442,9386,2375,7161,1
2026-08-12 15:30:08,https://www.bilibili.com/video/BV1Lb6tBBEYC/?spm_id_from=333.1387.favlist.content.click&vd_source=bdf775a036c61c0159ac2f0c251aaeb7,6,BV1Lb6tBBEYC,【4K精剪】闭嘴跳舞 | 杨博文直拍 | 260201,underthepoplar,2026-02-02 00:00:55,353916,27221,14124,19202,8689,1837,3080,2
2026-08-12 15:30:08,https://www.bilibili.com/video/BV1mJ64BREZY/?spm_id_from=333.1387.favlist.content.click&vd_source=bdf775a036c61c0159ac2f0c251aaeb7,7,BV1mJ64BREZY,【杨博文】闭嘴跳舞丨当主舞穿上西装就会得到,Kismet丨杨博文,2026-02-01 18:31:00,614607,35009,3922,25357,6951,447,625,4
2026-08-12 15:30:08,https://www.bilibili.com/video/BV1XA6nBGEPV/?spm_id_from=333.1387.favlist.content.click,8,BV1XA6nBGEPV,【4K精剪】希区考克 作品152 | 杨博文直拍 | 260131,underthepoplar,2026-02-01 00:23:17,1939189,23566,22132,19850,18992,4003,6899,1
2026-08-12 15:30:08,https://www.bilibili.com/video/BV1JUK56tEh5/?spm_id_from=333.1387.favlist.content.click,9,BV1JUK56tEh5,【杨博文｜音乐现场】全程舒适！跟着标准答案出发不迷路｜《全世界陪我出发》4k横屏直拍,游园会_杨博文,2026-07-16 20:06:19,158971,7841,2351,3895,5073,1951,1789,1
2026-08-12 15:30:08,https://www.bilibili.com/video/BV1kFKG6pEPe/?spm_id_from=333.1387.favlist.content.click,10,BV1kFKG6pEPe,【杨博文】夏日运动会《全世界陪我出发》4K直拍,Eternity丨杨博文,2026-07-16 19:13:38,44256,5338,727,2899,2326,37,94,1
2026-08-12 15:30:08,BV1MGYnzrE9E,11,BV1MGYnzrE9E,杨博文跳 《Centuries》帅到窒息！！竖屏4K直拍,Kismet丨杨博文,2025-08-18 02:15:37,272582,12325,6772,7937,582,959,3381,2
2026-08-12 15:30:08,BV1TLYnzzEx9,12,BV1TLYnzzEx9,舞力全开！主舞大人爽飞全场 15岁少年「杨博文」尽情演绎《Go In Blind》,Astra_杨博文,2025-08-18 00:48:26,333069,9926,5862,8916,577,717,2604,1
2026-08-12 16:00:09,https://www.bilibili.com/video/BV1EGBCBmEo8/?spm_id_from=333.1387.favlist.content.click,0,BV1EGBCBmEo8,【杨博文｜4K高清直拍】魅魔级别的《Manta》舞台，看博文如何一yeah封神,关键时刻来瓶尖叫,2025-12-27 23:15:44,1016761,12567,9858,11487,12721,1101,2416,1
2026-08-12 16:00:09,https://www.bilibili.com/video/BV1A5vkB2E1k/?spm_id_from=333.1387.favlist.content.click,1,BV1A5vkB2E1k,【杨博文】Hey Mama六机位纯舞直拍丨15岁舞台统治者的诞生，四代主舞燃炸全场！,Kismet丨杨博文,2025-12-28 22:28:16,2773898,63795,44570,46387,24433,13563,21510,7
2026-08-12 16:00:09,https://www.bilibili.com/video/BV1EQK56xEZk/?spm_id_from=333.1387.favlist.content.click,2,BV1EQK56xEZk,【杨博文｜音乐现场】｜《全世界陪我出发》4K直拍，考核第一的大C位实在太亮眼！,关键时刻来瓶尖叫,2026-07-16 20:29:02,417252,12157,3193,7240,5676,11099,8458,9
2026-08-12 16:00:09,bilibili.com/video/BV1M9ePzaELH/?spm_id_from=333.337.search-card.all.click,3,BV1M9ePzaELH,「杨博文｜卡拉永远OK」突发舞台事故？我怎么没看见,Astra_杨博文,2025-08-19 22:15:30,986592,14969,4997,10518,10718,735,680,3
2026-08-12 16:00:09,BV1s8BvBPEN5,4,BV1s8BvBPEN5,【杨博文｜4K舞台直拍】好运来祝你好运来～博文宝宝祝你新年好运来,关键时刻来瓶尖叫,2025-12-27 00:43:12,1912099,34701,16932,32152,17942,4326,4862,1
2026-08-12 16:00:09,https://www.bilibili.com/video/BV1jN64BKECs/?spm_id_from=333.337.search-card.all.click,5,BV1jN64BKECs,【杨博文｜4K直拍】跟着节奏一起《闭嘴跳舞》～,关键时刻来瓶尖叫,2026-02-01 20:20:32,1436671,26376,15956,22443,9387,2376,7164,1
2026-08-12 16:00:09,https://www.bilibili.com/video/BV1Lb6tBBEYC/?spm_id_from=333.1387.favlist.content.click&vd_source=bdf775a036c61c0159ac2f0c251aaeb7,6,BV1Lb6tBBEYC,【4K精剪】闭嘴跳舞 | 杨博文直拍 | 260201,underthepoplar,2026-02-02 00:00:55,353931,27221,14124,19202,8689,1837,3080,1
2026-08-12 16:00:09,https://www.bilibili.com/video/BV1mJ64BREZY/?spm_id_from=333.1387.favlist.content.click&vd_source=bdf775a036c61c0159ac2f0c251aaeb7,7,BV1mJ64BREZY,【杨博文】闭嘴跳舞丨当主舞穿上西装就会得到,Kismet丨杨博文,2026-02-01 18:31:00,614710,35009,3922,25357,6951,447,625,3
2026-08-12 16:00:09,https://www.bilibili.com/video/BV1XA6nBGEPV/?spm_id_from=333.1387.favlist.content.click,8,BV1XA6nBGEPV,【4K精剪】希区考克 作品152 | 杨博文直拍 | 260131,underthepoplar,2026-02-01 00:23:17,1939208,23567,22132,19851,18992,4003,6899,1
2026-08-12 16:00:09,https://www.bilibili.com/video/BV1JUK56tEh5/?spm_id_from=333.1387.favlist.content.click,9,BV1JUK56tEh5,【杨博文｜音乐现场】全程舒适！跟着标准答案出发不迷路｜《全世界陪我出发》4k横屏直拍,游园会_杨博文,2026-07-16 20:06:19,158976,7841,2351,3895,5073,1951,1789,1
2026-08-12 16:00:09,https://www.bilibili.com/video/BV1kFKG6pEPe/?spm_id_from=333.1387.favlist.content.click,10,BV1kFKG6pEPe,【杨博文】夏日运动会《全世界陪我出发》4K直拍,Eternity丨杨博文,2026-07-16 19:13:38,44265,5340,727,2901,2326,37,94,1
2026-08-12 16:00:09,BV1MGYnzrE9E,11,BV1MGYnzrE9E,杨博文跳 《Centuries》帅到窒息！！竖屏4K直拍,Kismet丨杨博文,2025-08-18 02:15:37,272598,12325,6772,7937,582,959,3381,6
2026-08-12 16:00:09,BV1TLYnzzEx9,12,BV1TLYnzzEx9,舞力全开！主舞大人爽飞全场 15岁少年「杨博文」尽情演绎《Go In Blind》,Astra_杨博文,2025-08-18 00:48:26,333090,9926,5862,8916,577,717,2604,4
2026-08-12 16:30:09,https://www.bilibili.com/video/BV1EGBCBmEo8/?spm_id_from=333.1387.favlist.content.click,0,BV1EGBCBmEo8,【杨博文｜4K高清直拍】魅魔级别的《Manta》舞台，看博文如何一yeah封神,关键时刻来瓶尖叫,2025-12-27 23:15:44,1016790,12568,9858,11488,12721,1101,2416,1
2026-08-12 16:30:09,https://www.bilibili.com/video/BV1A5vkB2E1k/?spm_id_from=333.1387.favlist.content.click,1,BV1A5vkB2E1k,【杨博文】Hey Mama六机位纯舞直拍丨15岁舞台统治者的诞生，四代主舞燃炸全场！,Kismet丨杨博文,2025-12-28 22:28:16,2774039,63796,44570,46389,24434,13563,21510,9
2026-08-12 16:30:09,https://www.bilibili.com/video/BV1EQK56xEZk/?spm_id_from=333.1387.favlist.content.click,2,BV1EQK56xEZk,【杨博文｜音乐现场】｜《全世界陪我出发》4K直拍，考核第一的大C位实在太亮眼！,关键时刻来瓶尖叫,2026-07-16 20:29:02,417413,12160,3193,7243,5676,11099,8458,3
2026-08-12 16:30:09,bilibili.com/video/BV1M9ePzaELH/?spm_id_from=333.337.search-card.all.click,3,BV1M9ePzaELH,「杨博文｜卡拉永远OK」突发舞台事故？我怎么没看见,Astra_杨博文,2025-08-19 22:15:30,986715,14969,4997,10521,10718,735,680,3
2026-08-12 16:30:09,BV1s8BvBPEN5,4,BV1s8BvBPEN5,【杨博文｜4K舞台直拍】好运来祝你好运来～博文宝宝祝你新年好运来,关键时刻来瓶尖叫,2025-12-27 00:43:12,1912115,34701,16932,32153,17942,4326,4862,1
2026-08-12 16:30:09,https://www.bilibili.com/video/BV1jN64BKECs/?spm_id_from=333.337.search-card.all.click,5,BV1jN64BKECs,【杨博文｜4K直拍】跟着节奏一起《闭嘴跳舞》～,关键时刻来瓶尖叫,2026-02-01 20:20:32,1436705,26377,15956,22446,9387,2376,7164,2
2026-08-12 16:30:09,https://www.bilibili.com/video/BV1Lb6tBBEYC/?spm_id_from=333.1387.favlist.content.click&vd_source=bdf775a036c61c0159ac2f0c251aaeb7,6,BV1Lb6tBBEYC,【4K精剪】闭嘴跳舞 | 杨博文直拍 | 260201,underthepoplar,2026-02-02 00:00:55,353951,27222,14124,19202,8689,1837,3080,1
2026-08-12 16:30:09,https://www.bilibili.com/video/BV1mJ64BREZY/?spm_id_from=333.1387.favlist.content.click&vd_source=bdf775a036c61c0159ac2f0c251aaeb7,7,BV1mJ64BREZY,【杨博文】闭嘴跳舞丨当主舞穿上西装就会得到,Kismet丨杨博文,2026-02-01 18:31:00,614812,35009,3923,25359,6951,447,625,3
2026-08-12 16:30:09,https://www.bilibili.com/video/BV1XA6nBGEPV/?spm_id_from=333.1387.favlist.content.click,8,BV1XA6nBGEPV,【4K精剪】希区考克 作品152 | 杨博文直拍 | 260131,underthepoplar,2026-02-01 00:23:17,1939238,23567,22132,19854,18992,4003,6899,2
2026-08-12 16:30:09,https://www.bilibili.com/video/BV1JUK56tEh5/?spm_id_from=333.1387.favlist.content.click,9,BV1JUK56tEh5,【杨博文｜音乐现场】全程舒适！跟着标准答案出发不迷路｜《全世界陪我出发》4k横屏直拍,游园会_杨博文,2026-07-16 20:06:19,158985,7843,2351,3895,5073,1951,1789,1
2026-08-12 16:30:09,https://www.bilibili.com/video/BV1kFKG6pEPe/?spm_id_from=333.1387.favlist.content.click,10,BV1kFKG6pEPe,【杨博文】夏日运动会《全世界陪我出发》4K直拍,Eternity丨杨博文,2026-07-16 19:13:38,44277,5342,727,2901,2326,37,94,1
2026-08-12 16:30:09,BV1MGYnzrE9E,11,BV1MGYnzrE9E,杨博文跳 《Centuries》帅到窒息！！竖屏4K直拍,Kismet丨杨博文,2025-08-18 02:15:37,272616,12326,6772,7937,582,959,3381,3
2026-08-12 16:30:09,BV1TLYnzzEx9,12,BV1TLYnzzEx9,舞力全开！主舞大人爽飞全场 15岁少年「杨博文」尽情演绎《Go In Blind》,Astra_杨博文,2025-08-18 00:48:26,333105,9926,5862,8916,577,717,2604,1
2026-08-12 17:00:00,https://www.bilibili.com/video/BV1EGBCBmEo8/?spm_id_from=333.1387.favlist.content.click,0,BV1EGBCBmEo8,【杨博文｜4K高清直拍】魅魔级别的《Manta》舞台，看博文如何一yeah封神,关键时刻来瓶尖叫,2025-12-27 23:15:44,1016802,12568,9858,11487,12721,1101,2416,1
2026-08-12 17:00:00,https://www.bilibili.com/video/BV1A5vkB2E1k/?spm_id_from=333.1387.favlist.content.click,1,BV1A5vkB2E1k,【杨博文】Hey Mama六机位纯舞直拍丨15岁舞台统治者的诞生，四代主舞燃炸全场！,Kismet丨杨博文,2025-12-28 22:28:16,2774193,63801,44572,46391,24439,13563,21510,5
2026-08-12 17:00:00,https://www.bilibili.com/video/BV1EQK56xEZk/?spm_id_from=333.1387.favlist.content.click,2,BV1EQK56xEZk,【杨博文｜音乐现场】｜《全世界陪我出发》4K直拍，考核第一的大C位实在太亮眼！,关键时刻来瓶尖叫,2026-07-16 20:29:02,417577,12167,3194,7251,5676,11099,8458,6
2026-08-12 17:00:00,bilibili.com/video/BV1M9ePzaELH/?spm_id_from=333.337.search-card.all.click,3,BV1M9ePzaELH,「杨博文｜卡拉永远OK」突发舞台事故？我怎么没看见,Astra_杨博文,2025-08-19 22:15:30,986861,14971,5001,10524,10719,735,680,7
2026-08-12 17:00:00,BV1s8BvBPEN5,4,BV1s8BvBPEN5,【杨博文｜4K舞台直拍】好运来祝你好运来～博文宝宝祝你新年好运来,关键时刻来瓶尖叫,2025-12-27 00:43:12,1912134,34701,16932,32153,17947,4326,4862,1
2026-08-12 17:00:00,https://www.bilibili.com/video/BV1jN64BKECs/?spm_id_from=333.337.search-card.all.click,5,BV1jN64BKECs,【杨博文｜4K直拍】跟着节奏一起《闭嘴跳舞》～,关键时刻来瓶尖叫,2026-02-01 20:20:32,1436739,26380,15958,22449,9393,2376,7164,1
2026-08-12 17:00:00,https://www.bilibili.com/video/BV1Lb6tBBEYC/?spm_id_from=333.1387.favlist.content.click&vd_source=bdf775a036c61c0159ac2f0c251aaeb7,6,BV1Lb6tBBEYC,【4K精剪】闭嘴跳舞 | 杨博文直拍 | 260201,underthepoplar,2026-02-02 00:00:55,353966,27222,14124,19201,8694,1837,3080,1
2026-08-12 17:00:00,https://www.bilibili.com/video/BV1mJ64BREZY/?spm_id_from=333.1387.favlist.content.click&vd_source=bdf775a036c61c0159ac2f0c251aaeb7,7,BV1mJ64BREZY,【杨博文】闭嘴跳舞丨当主舞穿上西装就会得到,Kismet丨杨博文,2026-02-01 18:31:00,614928,35009,3923,25364,6956,447,625,3
2026-08-12 17:00:00,https://www.bilibili.com/video/BV1XA6nBGEPV/?spm_id_from=333.1387.favlist.content.click,8,BV1XA6nBGEPV,【4K精剪】希区考克 作品152 | 杨博文直拍 | 260131,underthepoplar,2026-02-01 00:23:17,1939263,23568,22132,19853,18992,4003,6899,2
2026-08-12 17:00:00,https://www.bilibili.com/video/BV1JUK56tEh5/?spm_id_from=333.1387.favlist.content.click,9,BV1JUK56tEh5,【杨博文｜音乐现场】全程舒适！跟着标准答案出发不迷路｜《全世界陪我出发》4k横屏直拍,游园会_杨博文,2026-07-16 20:06:19,158995,7846,2351,3895,5073,1951,1789,1
2026-08-12 17:00:00,https://www.bilibili.com/video/BV1kFKG6pEPe/?spm_id_from=333.1387.favlist.content.click,10,BV1kFKG6pEPe,【杨博文】夏日运动会《全世界陪我出发》4K直拍,Eternity丨杨博文,2026-07-16 19:13:38,44298,5344,727,2901,2326,37,94,2
2026-08-12 17:00:00,BV1MGYnzrE9E,11,BV1MGYnzrE9E,杨博文跳 《Centuries》帅到窒息！！竖屏4K直拍,Kismet丨杨博文,2025-08-18 02:15:37,272630,12326,6772,7937,582,959,3381,1
2026-08-12 17:00:00,BV1TLYnzzEx9,12,BV1TLYnzzEx9,舞力全开！主舞大人爽飞全场 15岁少年「杨博文」尽情演绎《Go In Blind》,Astra_杨博文,2025-08-18 00:48:26,333118,9926,5862,8916,577,717,2604,2
2026-08-12 17:30:01,https://www.bilibili.com/video/BV1EGBCBmEo8/?spm_id_from=333.1387.favlist.content.click,0,BV1EGBCBmEo8,【杨博文｜4K高清直拍】魅魔级别的《Manta》舞台，看博文如何一yeah封神,关键时刻来瓶尖叫,2025-12-27 23:15:44,1016815,12568,9858,11487,12721,1101,2416,1
2026-08-12 17:30:01,https://www.bilibili.com/video/BV1A5vkB2E1k/?spm_id_from=333.1387.favlist.content.click,1,BV1A5vkB2E1k,【杨博文】Hey Mama六机位纯舞直拍丨15岁舞台统治者的诞生，四代主舞燃炸全场！,Kismet丨杨博文,2025-12-28 22:28:16,2774351,63806,44576,46401,24444,13563,21510,57
2026-08-12 17:30:01,https://www.bilibili.com/video/BV1EQK56xEZk/?spm_id_from=333.1387.favlist.content.click,2,BV1EQK56xEZk,【杨博文｜音乐现场】｜《全世界陪我出发》4K直拍，考核第一的大C位实在太亮眼！,关键时刻来瓶尖叫,2026-07-16 20:29:02,417755,12173,3195,7258,5676,11099,8458,8
2026-08-12 17:30:01,bilibili.com/video/BV1M9ePzaELH/?spm_id_from=333.337.search-card.all.click,3,BV1M9ePzaELH,「杨博文｜卡拉永远OK」突发舞台事故？我怎么没看见,Astra_杨博文,2025-08-19 22:15:30,986992,14975,5003,10534,10720,735,681,6
2026-08-12 17:30:01,BV1s8BvBPEN5,4,BV1s8BvBPEN5,【杨博文｜4K舞台直拍】好运来祝你好运来～博文宝宝祝你新年好运来,关键时刻来瓶尖叫,2025-12-27 00:43:12,1912147,34702,16932,32152,17950,4326,4862,1
2026-08-12 17:30:01,https://www.bilibili.com/video/BV1jN64BKECs/?spm_id_from=333.337.search-card.all.click,5,BV1jN64BKECs,【杨博文｜4K直拍】跟着节奏一起《闭嘴跳舞》～,关键时刻来瓶尖叫,2026-02-01 20:20:32,1436777,26384,15958,22452,9396,2376,7164,3
2026-08-12 17:30:01,https://www.bilibili.com/video/BV1Lb6tBBEYC/?spm_id_from=333.1387.favlist.content.click&vd_source=bdf775a036c61c0159ac2f0c251aaeb7,6,BV1Lb6tBBEYC,【4K精剪】闭嘴跳舞 | 杨博文直拍 | 260201,underthepoplar,2026-02-02 00:00:55,353986,27224,14124,19201,8697,1837,3080,1
2026-08-12 17:30:01,https://www.bilibili.com/video/BV1mJ64BREZY/?spm_id_from=333.1387.favlist.content.click&vd_source=bdf775a036c61c0159ac2f0c251aaeb7,7,BV1mJ64BREZY,【杨博文】闭嘴跳舞丨当主舞穿上西装就会得到,Kismet丨杨博文,2026-02-01 18:31:00,615062,35012,3925,25373,6960,447,626,2
2026-08-12 17:30:01,https://www.bilibili.com/video/BV1XA6nBGEPV/?spm_id_from=333.1387.favlist.content.click,8,BV1XA6nBGEPV,【4K精剪】希区考克 作品152 | 杨博文直拍 | 260131,underthepoplar,2026-02-01 00:23:17,1939285,23571,22132,19853,18992,4003,6899,1
2026-08-12 17:30:01,https://www.bilibili.com/video/BV1JUK56tEh5/?spm_id_from=333.1387.favlist.content.click,9,BV1JUK56tEh5,【杨博文｜音乐现场】全程舒适！跟着标准答案出发不迷路｜《全世界陪我出发》4k横屏直拍,游园会_杨博文,2026-07-16 20:06:19,159008,7847,2351,3896,5073,1951,1789,1
2026-08-12 17:30:01,https://www.bilibili.com/video/BV1kFKG6pEPe/?spm_id_from=333.1387.favlist.content.click,10,BV1kFKG6pEPe,【杨博文】夏日运动会《全世界陪我出发》4K直拍,Eternity丨杨博文,2026-07-16 19:13:38,44315,5344,727,2901,2326,37,94,1
2026-08-12 17:30:01,BV1MGYnzrE9E,11,BV1MGYnzrE9E,杨博文跳 《Centuries》帅到窒息！！竖屏4K直拍,Kismet丨杨博文,2025-08-18 02:15:37,272644,12326,6772,7937,582,959,3381,3
2026-08-12 17:30:01,BV1TLYnzzEx9,12,BV1TLYnzzEx9,舞力全开！主舞大人爽飞全场 15岁少年「杨博文」尽情演绎《Go In Blind》,Astra_杨博文,2025-08-18 00:48:26,333127,9926,5862,8916,577,717,2604,2
2026-08-12 18:00:01,https://www.bilibili.com/video/BV1EGBCBmEo8/?spm_id_from=333.1387.favlist.content.click,0,BV1EGBCBmEo8,【杨博文｜4K高清直拍】魅魔级别的《Manta》舞台，看博文如何一yeah封神,关键时刻来瓶尖叫,2025-12-27 23:15:44,1016829,12568,9858,11489,12721,1101,2416,1
2026-08-12 18:00:01,https://www.bilibili.com/video/BV1A5vkB2E1k/?spm_id_from=333.1387.favlist.content.click,1,BV1A5vkB2E1k,【杨博文】Hey Mama六机位纯舞直拍丨15岁舞台统治者的诞生，四代主舞燃炸全场！,Kismet丨杨博文,2025-12-28 22:28:16,2774484,63810,44576,46402,24450,13563,21510,56
2026-08-12 18:00:01,https://www.bilibili.com/video/BV1EQK56xEZk/?spm_id_from=333.1387.favlist.content.click,2,BV1EQK56xEZk,【杨博文｜音乐现场】｜《全世界陪我出发》4K直拍，考核第一的大C位实在太亮眼！,关键时刻来瓶尖叫,2026-07-16 20:29:02,417926,12175,3195,7260,5676,11099,8459,6
2026-08-12 18:00:01,bilibili.com/video/BV1M9ePzaELH/?spm_id_from=333.337.search-card.all.click,3,BV1M9ePzaELH,「杨博文｜卡拉永远OK」突发舞台事故？我怎么没看见,Astra_杨博文,2025-08-19 22:15:30,987141,14976,5003,10537,10721,735,681,5
2026-08-12 18:00:01,BV1s8BvBPEN5,4,BV1s8BvBPEN5,【杨博文｜4K舞台直拍】好运来祝你好运来～博文宝宝祝你新年好运来,关键时刻来瓶尖叫,2025-12-27 00:43:12,1912158,34704,16933,32154,17952,4326,4862,1
2026-08-12 18:00:01,https://www.bilibili.com/video/BV1jN64BKECs/?spm_id_from=333.337.search-card.all.click,5,BV1jN64BKECs,【杨博文｜4K直拍】跟着节奏一起《闭嘴跳舞》～,关键时刻来瓶尖叫,2026-02-01 20:20:32,1436810,26385,15958,22452,9400,2376,7164,2
2026-08-12 18:00:01,https://www.bilibili.com/video/BV1Lb6tBBEYC/?spm_id_from=333.1387.favlist.content.click&vd_source=bdf775a036c61c0159ac2f0c251aaeb7,6,BV1Lb6tBBEYC,【4K精剪】闭嘴跳舞 | 杨博文直拍 | 260201,underthepoplar,2026-02-02 00:00:55,354005,27227,14124,19203,8700,1837,3080,1
2026-08-12 18:00:01,https://www.bilibili.com/video/BV1mJ64BREZY/?spm_id_from=333.1387.favlist.content.click&vd_source=bdf775a036c61c0159ac2f0c251aaeb7,7,BV1mJ64BREZY,【杨博文】闭嘴跳舞丨当主舞穿上西装就会得到,Kismet丨杨博文,2026-02-01 18:31:00,615179,35012,3925,25376,6962,447,626,3
2026-08-12 18:00:01,https://www.bilibili.com/video/BV1XA6nBGEPV/?spm_id_from=333.1387.favlist.content.click,8,BV1XA6nBGEPV,【4K精剪】希区考克 作品152 | 杨博文直拍 | 260131,underthepoplar,2026-02-01 00:23:17,1939294,23573,22133,19855,18992,4004,6899,2
2026-08-12 18:00:01,https://www.bilibili.com/video/BV1JUK56tEh5/?spm_id_from=333.1387.favlist.content.click,9,BV1JUK56tEh5,【杨博文｜音乐现场】全程舒适！跟着标准答案出发不迷路｜《全世界陪我出发》4k横屏直拍,游园会_杨博文,2026-07-16 20:06:19,159026,7849,2351,3896,5073,1951,1789,1
2026-08-12 18:00:01,https://www.bilibili.com/video/BV1kFKG6pEPe/?spm_id_from=333.1387.favlist.content.click,10,BV1kFKG6pEPe,【杨博文】夏日运动会《全世界陪我出发》4K直拍,Eternity丨杨博文,2026-07-16 19:13:38,44325,5346,727,2902,2326,37,94,1
2026-08-12 18:00:01,BV1MGYnzrE9E,11,BV1MGYnzrE9E,杨博文跳 《Centuries》帅到窒息！！竖屏4K直拍,Kismet丨杨博文,2025-08-18 02:15:37,272668,12327,6772,7938,582,959,3381,4
2026-08-12 18:00:01,BV1TLYnzzEx9,12,BV1TLYnzzEx9,舞力全开！主舞大人爽飞全场 15岁少年「杨博文」尽情演绎《Go In Blind》,Astra_杨博文,2025-08-18 00:48:26,333149,9926,5863,8917,578,717,2604,2
2026-08-12 18:30:02,https://www.bilibili.com/video/BV1EGBCBmEo8/?spm_id_from=333.1387.favlist.content.click,0,BV1EGBCBmEo8,【杨博文｜4K高清直拍】魅魔级别的《Manta》舞台，看博文如何一yeah封神,关键时刻来瓶尖叫,2025-12-27 23:15:44,1016843,12568,9858,11489,12721,1101,2416,2
2026-08-12 18:30:02,https://www.bilibili.com/video/BV1A5vkB2E1k/?spm_id_from=333.1387.favlist.content.click,1,BV1A5vkB2E1k,【杨博文】Hey Mama六机位纯舞直拍丨15岁舞台统治者的诞生，四代主舞燃炸全场！,Kismet丨杨博文,2025-12-28 22:28:16,2774601,63812,44580,46405,24453,13563,21510,58
2026-08-12 18:30:02,https://www.bilibili.com/video/BV1EQK56xEZk/?spm_id_from=333.1387.favlist.content.click,2,BV1EQK56xEZk,【杨博文｜音乐现场】｜《全世界陪我出发》4K直拍，考核第一的大C位实在太亮眼！,关键时刻来瓶尖叫,2026-07-16 20:29:02,418060,12182,3195,7266,5676,11099,8459,5
2026-08-12 18:30:02,bilibili.com/video/BV1M9ePzaELH/?spm_id_from=333.337.search-card.all.click,3,BV1M9ePzaELH,「杨博文｜卡拉永远OK」突发舞台事故？我怎么没看见,Astra_杨博文,2025-08-19 22:15:30,987263,14977,5003,10540,10722,736,681,5
2026-08-12 18:30:02,BV1s8BvBPEN5,4,BV1s8BvBPEN5,【杨博文｜4K舞台直拍】好运来祝你好运来～博文宝宝祝你新年好运来,关键时刻来瓶尖叫,2025-12-27 00:43:12,1912167,34704,16933,32154,17954,4326,4862,2
2026-08-12 18:30:02,https://www.bilibili.com/video/BV1jN64BKECs/?spm_id_from=333.337.search-card.all.click,5,BV1jN64BKECs,【杨博文｜4K直拍】跟着节奏一起《闭嘴跳舞》～,关键时刻来瓶尖叫,2026-02-01 20:20:32,1436833,26385,15958,22452,9402,2376,7164,2
2026-08-12 18:30:02,https://www.bilibili.com/video/BV1Lb6tBBEYC/?spm_id_from=333.1387.favlist.content.click&vd_source=bdf775a036c61c0159ac2f0c251aaeb7,6,BV1Lb6tBBEYC,【4K精剪】闭嘴跳舞 | 杨博文直拍 | 260201,underthepoplar,2026-02-02 00:00:55,354035,27228,14124,19204,8703,1837,3080,1
2026-08-12 18:30:02,https://www.bilibili.com/video/BV1mJ64BREZY/?spm_id_from=333.1387.favlist.content.click&vd_source=bdf775a036c61c0159ac2f0c251aaeb7,7,BV1mJ64BREZY,【杨博文】闭嘴跳舞丨当主舞穿上西装就会得到,Kismet丨杨博文,2026-02-01 18:31:00,615272,35013,3925,25379,6963,447,626,4
2026-08-12 18:30:02,https://www.bilibili.com/video/BV1XA6nBGEPV/?spm_id_from=333.1387.favlist.content.click,8,BV1XA6nBGEPV,【4K精剪】希区考克 作品152 | 杨博文直拍 | 260131,underthepoplar,2026-02-01 00:23:17,1939313,23574,22133,19855,18992,4004,6899,1
2026-08-12 18:30:02,https://www.bilibili.com/video/BV1JUK56tEh5/?spm_id_from=333.1387.favlist.content.click,9,BV1JUK56tEh5,【杨博文｜音乐现场】全程舒适！跟着标准答案出发不迷路｜《全世界陪我出发》4k横屏直拍,游园会_杨博文,2026-07-16 20:06:19,159035,7850,2351,3896,5073,1951,1789,1
2026-08-12 18:30:02,https://www.bilibili.com/video/BV1kFKG6pEPe/?spm_id_from=333.1387.favlist.content.click,10,BV1kFKG6pEPe,【杨博文】夏日运动会《全世界陪我出发》4K直拍,Eternity丨杨博文,2026-07-16 19:13:38,44339,5348,727,2903,2326,37,94,1
2026-08-12 18:30:02,BV1MGYnzrE9E,11,BV1MGYnzrE9E,杨博文跳 《Centuries》帅到窒息！！竖屏4K直拍,Kismet丨杨博文,2025-08-18 02:15:37,272686,12327,6772,7938,582,959,3381,1
2026-08-12 18:30:02,BV1TLYnzzEx9,12,BV1TLYnzzEx9,舞力全开！主舞大人爽飞全场 15岁少年「杨博文」尽情演绎《Go In Blind》,Astra_杨博文,2025-08-18 00:48:26,333168,9926,5863,8917,578,717,2604,8
2026-08-12 19:00:02,https://www.bilibili.com/video/BV1EGBCBmEo8/?spm_id_from=333.1387.favlist.content.click,0,BV1EGBCBmEo8,【杨博文｜4K高清直拍】魅魔级别的《Manta》舞台，看博文如何一yeah封神,关键时刻来瓶尖叫,2025-12-27 23:15:44,1016856,12568,9858,11489,12721,1101,2416,1
2026-08-12 19:00:02,https://www.bilibili.com/video/BV1A5vkB2E1k/?spm_id_from=333.1387.favlist.content.click,1,BV1A5vkB2E1k,【杨博文】Hey Mama六机位纯舞直拍丨15岁舞台统治者的诞生，四代主舞燃炸全场！,Kismet丨杨博文,2025-12-28 22:28:16,2774710,63815,44582,46408,24453,13563,21510,57
2026-08-12 19:00:02,https://www.bilibili.com/video/BV1EQK56xEZk/?spm_id_from=333.1387.favlist.content.click,2,BV1EQK56xEZk,【杨博文｜音乐现场】｜《全世界陪我出发》4K直拍，考核第一的大C位实在太亮眼！,关键时刻来瓶尖叫,2026-07-16 20:29:02,418164,12187,3195,7265,5676,11099,8459,6
2026-08-12 19:00:02,bilibili.com/video/BV1M9ePzaELH/?spm_id_from=333.337.search-card.all.click,3,BV1M9ePzaELH,「杨博文｜卡拉永远OK」突发舞台事故？我怎么没看见,Astra_杨博文,2025-08-19 22:15:30,987352,14978,5003,10540,10722,736,681,8
2026-08-12 19:00:02,BV1s8BvBPEN5,4,BV1s8BvBPEN5,【杨博文｜4K舞台直拍】好运来祝你好运来～博文宝宝祝你新年好运来,关键时刻来瓶尖叫,2025-12-27 00:43:12,1912173,34704,16933,32154,17954,4326,4862,1
2026-08-12 19:00:02,https://www.bilibili.com/video/BV1jN64BKECs/?spm_id_from=333.337.search-card.all.click,5,BV1jN64BKECs,【杨博文｜4K直拍】跟着节奏一起《闭嘴跳舞》～,关键时刻来瓶尖叫,2026-02-01 20:20:32,1436867,26387,15958,22458,9402,2376,7165,2
2026-08-12 19:00:02,https://www.bilibili.com/video/BV1Lb6tBBEYC/?spm_id_from=333.1387.favlist.content.click&vd_source=bdf775a036c61c0159ac2f0c251aaeb7,6,BV1Lb6tBBEYC,【4K精剪】闭嘴跳舞 | 杨博文直拍 | 260201,underthepoplar,2026-02-02 00:00:55,354060,27229,14126,19205,8703,1837,3080,1
2026-08-12 19:00:02,https://www.bilibili.com/video/BV1mJ64BREZY/?spm_id_from=333.1387.favlist.content.click&vd_source=bdf775a036c61c0159ac2f0c251aaeb7,7,BV1mJ64BREZY,【杨博文】闭嘴跳舞丨当主舞穿上西装就会得到,Kismet丨杨博文,2026-02-01 18:31:00,615348,35014,3925,25381,6963,447,626,3
2026-08-12 19:00:02,https://www.bilibili.com/video/BV1XA6nBGEPV/?spm_id_from=333.1387.favlist.content.click,8,BV1XA6nBGEPV,【4K精剪】希区考克 作品152 | 杨博文直拍 | 260131,underthepoplar,2026-02-01 00:23:17,1939324,23575,22133,19855,18992,4004,6899,1
2026-08-12 19:00:02,https://www.bilibili.com/video/BV1JUK56tEh5/?spm_id_from=333.1387.favlist.content.click,9,BV1JUK56tEh5,【杨博文｜音乐现场】全程舒适！跟着标准答案出发不迷路｜《全世界陪我出发》4k横屏直拍,游园会_杨博文,2026-07-16 20:06:19,159045,7851,2351,3896,5073,1951,1789,1
2026-08-12 19:00:02,https://www.bilibili.com/video/BV1kFKG6pEPe/?spm_id_from=333.1387.favlist.content.click,10,BV1kFKG6pEPe,【杨博文】夏日运动会《全世界陪我出发》4K直拍,Eternity丨杨博文,2026-07-16 19:13:38,44354,5351,727,2906,2326,37,94,2
2026-08-12 19:00:02,BV1MGYnzrE9E,11,BV1MGYnzrE9E,杨博文跳 《Centuries》帅到窒息！！竖屏4K直拍,Kismet丨杨博文,2025-08-18 02:15:37,272706,12328,6772,7938,582,959,3381,4
2026-08-12 19:00:02,BV1TLYnzzEx9,12,BV1TLYnzzEx9,舞力全开！主舞大人爽飞全场 15岁少年「杨博文」尽情演绎《Go In Blind》,Astra_杨博文,2025-08-18 00:48:26,333187,9926,5863,8917,578,717,2604,4
2026-08-12 19:30:02,https://www.bilibili.com/video/BV1EGBCBmEo8/?spm_id_from=333.1387.favlist.content.click,0,BV1EGBCBmEo8,【杨博文｜4K高清直拍】魅魔级别的《Manta》舞台，看博文如何一yeah封神,关键时刻来瓶尖叫,2025-12-27 23:15:44,1016865,12568,9858,11489,12722,1101,2416,1
2026-08-12 19:30:02,https://www.bilibili.com/video/BV1A5vkB2E1k/?spm_id_from=333.1387.favlist.content.click,1,BV1A5vkB2E1k,【杨博文】Hey Mama六机位纯舞直拍丨15岁舞台统治者的诞生，四代主舞燃炸全场！,Kismet丨杨博文,2025-12-28 22:28:16,2774781,63818,44586,46415,24459,13563,21510,74
2026-08-12 19:30:02,https://www.bilibili.com/video/BV1EQK56xEZk/?spm_id_from=333.1387.favlist.content.click,2,BV1EQK56xEZk,【杨博文｜音乐现场】｜《全世界陪我出发》4K直拍，考核第一的大C位实在太亮眼！,关键时刻来瓶尖叫,2026-07-16 20:29:02,418265,12192,3197,7270,5676,11099,8459,5
2026-08-12 19:30:02,bilibili.com/video/BV1M9ePzaELH/?spm_id_from=333.337.search-card.all.click,3,BV1M9ePzaELH,「杨博文｜卡拉永远OK」突发舞台事故？我怎么没看见,Astra_杨博文,2025-08-19 22:15:30,987440,14982,5005,10544,10723,736,681,4
2026-08-12 19:30:02,BV1s8BvBPEN5,4,BV1s8BvBPEN5,【杨博文｜4K舞台直拍】好运来祝你好运来～博文宝宝祝你新年好运来,关键时刻来瓶尖叫,2025-12-27 00:43:12,1912181,34704,16933,32155,17958,4326,4862,1
2026-08-12 19:30:02,https://www.bilibili.com/video/BV1jN64BKECs/?spm_id_from=333.337.search-card.all.click,5,BV1jN64BKECs,【杨博文｜4K直拍】跟着节奏一起《闭嘴跳舞》～,关键时刻来瓶尖叫,2026-02-01 20:20:32,1436884,26388,15958,22459,9406,2376,7165,1
2026-08-12 19:30:02,https://www.bilibili.com/video/BV1Lb6tBBEYC/?spm_id_from=333.1387.favlist.content.click&vd_source=bdf775a036c61c0159ac2f0c251aaeb7,6,BV1Lb6tBBEYC,【4K精剪】闭嘴跳舞 | 杨博文直拍 | 260201,underthepoplar,2026-02-02 00:00:55,354077,27230,14126,19208,8708,1837,3080,1
2026-08-12 19:30:02,https://www.bilibili.com/video/BV1mJ64BREZY/?spm_id_from=333.1387.favlist.content.click&vd_source=bdf775a036c61c0159ac2f0c251aaeb7,7,BV1mJ64BREZY,【杨博文】闭嘴跳舞丨当主舞穿上西装就会得到,Kismet丨杨博文,2026-02-01 18:31:00,615416,35016,3927,25385,6968,447,626,4
2026-08-12 19:30:02,https://www.bilibili.com/video/BV1XA6nBGEPV/?spm_id_from=333.1387.favlist.content.click,8,BV1XA6nBGEPV,【4K精剪】希区考克 作品152 | 杨博文直拍 | 260131,underthepoplar,2026-02-01 00:23:17,1939330,23575,22133,19857,18992,4004,6899,1
2026-08-12 19:30:02,https://www.bilibili.com/video/BV1JUK56tEh5/?spm_id_from=333.1387.favlist.content.click,9,BV1JUK56tEh5,【杨博文｜音乐现场】全程舒适！跟着标准答案出发不迷路｜《全世界陪我出发》4k横屏直拍,游园会_杨博文,2026-07-16 20:06:19,159052,7853,2351,3897,5073,1951,1789,1
2026-08-12 19:30:02,https://www.bilibili.com/video/BV1kFKG6pEPe/?spm_id_from=333.1387.favlist.content.click,10,BV1kFKG6pEPe,【杨博文】夏日运动会《全世界陪我出发》4K直拍,Eternity丨杨博文,2026-07-16 19:13:38,44368,5352,729,2906,2326,37,94,1
2026-08-12 19:30:02,BV1MGYnzrE9E,11,BV1MGYnzrE9E,杨博文跳 《Centuries》帅到窒息！！竖屏4K直拍,Kismet丨杨博文,2025-08-18 02:15:37,272724,12328,6772,7938,582,959,3381,2
2026-08-12 19:30:02,BV1TLYnzzEx9,12,BV1TLYnzzEx9,舞力全开！主舞大人爽飞全场 15岁少年「杨博文」尽情演绎《Go In Blind》,Astra_杨博文,2025-08-18 00:48:26,333205,9926,5863,8917,578,717,2604,4
2026-08-12 19:50:02,https://www.bilibili.com/video/BV1EGBCBmEo8/?spm_id_from=333.1387.favlist.content.click,0,BV1EGBCBmEo8,【杨博文｜4K高清直拍】魅魔级别的《Manta》舞台，看博文如何一yeah封神,关键时刻来瓶尖叫,2025-12-27 23:15:44,1016868,12568,9858,11489,12722,1101,2416,1
2026-08-12 19:50:02,https://www.bilibili.com/video/BV1A5vkB2E1k/?spm_id_from=333.1387.favlist.content.click,1,BV1A5vkB2E1k,【杨博文】Hey Mama六机位纯舞直拍丨15岁舞台统治者的诞生，四代主舞燃炸全场！,Kismet丨杨博文,2025-12-28 22:28:16,2774826,63820,44588,46417,24466,13563,21510,77
2026-08-12 19:50:02,https://www.bilibili.com/video/BV1EQK56xEZk/?spm_id_from=333.1387.favlist.content.click,2,BV1EQK56xEZk,【杨博文｜音乐现场】｜《全世界陪我出发》4K直拍，考核第一的大C位实在太亮眼！,关键时刻来瓶尖叫,2026-07-16 20:29:02,418332,12193,3197,7272,5676,11099,8460,6
2026-08-12 19:50:02,bilibili.com/video/BV1M9ePzaELH/?spm_id_from=333.337.search-card.all.click,3,BV1M9ePzaELH,「杨博文｜卡拉永远OK」突发舞台事故？我怎么没看见,Astra_杨博文,2025-08-19 22:15:30,987495,14983,5005,10546,10723,736,681,5
2026-08-12 19:50:02,BV1s8BvBPEN5,4,BV1s8BvBPEN5,【杨博文｜4K舞台直拍】好运来祝你好运来～博文宝宝祝你新年好运来,关键时刻来瓶尖叫,2025-12-27 00:43:12,1912187,34705,16933,32156,17965,4326,4862,1
2026-08-12 19:50:02,https://www.bilibili.com/video/BV1jN64BKECs/?spm_id_from=333.337.search-card.all.click,5,BV1jN64BKECs,【杨博文｜4K直拍】跟着节奏一起《闭嘴跳舞》～,关键时刻来瓶尖叫,2026-02-01 20:20:32,1436908,26389,15958,22460,9412,2376,7165,1
2026-08-12 19:50:02,https://www.bilibili.com/video/BV1Lb6tBBEYC/?spm_id_from=333.1387.favlist.content.click&vd_source=bdf775a036c61c0159ac2f0c251aaeb7,6,BV1Lb6tBBEYC,【4K精剪】闭嘴跳舞 | 杨博文直拍 | 260201,underthepoplar,2026-02-02 00:00:55,354090,27231,14126,19207,8715,1837,3080,1
2026-08-12 19:50:02,https://www.bilibili.com/video/BV1mJ64BREZY/?spm_id_from=333.1387.favlist.content.click&vd_source=bdf775a036c61c0159ac2f0c251aaeb7,7,BV1mJ64BREZY,【杨博文】闭嘴跳舞丨当主舞穿上西装就会得到,Kismet丨杨博文,2026-02-01 18:31:00,615465,35017,3927,25387,6974,447,626,3
2026-08-12 19:50:02,https://www.bilibili.com/video/BV1XA6nBGEPV/?spm_id_from=333.1387.favlist.content.click,8,BV1XA6nBGEPV,【4K精剪】希区考克 作品152 | 杨博文直拍 | 260131,underthepoplar,2026-02-01 00:23:17,1939340,23576,22133,19858,18992,4004,6899,1
2026-08-12 19:50:02,https://www.bilibili.com/video/BV1JUK56tEh5/?spm_id_from=333.1387.favlist.content.click,9,BV1JUK56tEh5,【杨博文｜音乐现场】全程舒适！跟着标准答案出发不迷路｜《全世界陪我出发》4k横屏直拍,游园会_杨博文,2026-07-16 20:06:19,159059,7853,2351,3898,5073,1951,1789,1
2026-08-12 19:50:02,https://www.bilibili.com/video/BV1kFKG6pEPe/?spm_id_from=333.1387.favlist.content.click,10,BV1kFKG6pEPe,【杨博文】夏日运动会《全世界陪我出发》4K直拍,Eternity丨杨博文,2026-07-16 19:13:38,44371,5352,729,2906,2326,37,94,1
2026-08-12 19:50:02,BV1MGYnzrE9E,11,BV1MGYnzrE9E,杨博文跳 《Centuries》帅到窒息！！竖屏4K直拍,Kismet丨杨博文,2025-08-18 02:15:37,272738,12328,6772,7940,582,959,3381,3
2026-08-12 19:50:02,BV1TLYnzzEx9,12,BV1TLYnzzEx9,舞力全开！主舞大人爽飞全场 15岁少年「杨博文」尽情演绎《Go In Blind》,Astra_杨博文,2025-08-18 00:48:26,333217,9926,5863,8918,578,717,2604,3
2026-08-12 20:00:02,https://www.bilibili.com/video/BV1EGBCBmEo8/?spm_id_from=333.1387.favlist.content.click,0,BV1EGBCBmEo8,【杨博文｜4K高清直拍】魅魔级别的《Manta》舞台，看博文如何一yeah封神,关键时刻来瓶尖叫,2025-12-27 23:15:44,1016870,12568,9858,11489,12722,1101,2416,1
2026-08-12 20:00:02,https://www.bilibili.com/video/BV1A5vkB2E1k/?spm_id_from=333.1387.favlist.content.click,1,BV1A5vkB2E1k,【杨博文】Hey Mama六机位纯舞直拍丨15岁舞台统治者的诞生，四代主舞燃炸全场！,Kismet丨杨博文,2025-12-28 22:28:16,2774850,63820,44588,46416,24468,13563,21510,75
2026-08-12 20:00:02,https://www.bilibili.com/video/BV1EQK56xEZk/?spm_id_from=333.1387.favlist.content.click,2,BV1EQK56xEZk,【杨博文｜音乐现场】｜《全世界陪我出发》4K直拍，考核第一的大C位实在太亮眼！,关键时刻来瓶尖叫,2026-07-16 20:29:02,418365,12195,3197,7273,5676,11099,8460,5
2026-08-12 20:00:02,bilibili.com/video/BV1M9ePzaELH/?spm_id_from=333.337.search-card.all.click,3,BV1M9ePzaELH,「杨博文｜卡拉永远OK」突发舞台事故？我怎么没看见,Astra_杨博文,2025-08-19 22:15:30,987524,14983,5005,10546,10723,736,681,5
2026-08-12 20:00:02,BV1s8BvBPEN5,4,BV1s8BvBPEN5,【杨博文｜4K舞台直拍】好运来祝你好运来～博文宝宝祝你新年好运来,关键时刻来瓶尖叫,2025-12-27 00:43:12,1912189,34705,16933,32156,17968,4326,4862,1
2026-08-12 20:00:02,https://www.bilibili.com/video/BV1jN64BKECs/?spm_id_from=333.337.search-card.all.click,5,BV1jN64BKECs,【杨博文｜4K直拍】跟着节奏一起《闭嘴跳舞》～,关键时刻来瓶尖叫,2026-02-01 20:20:32,1436919,26389,15958,22461,9415,2376,7165,1
2026-08-12 20:00:02,https://www.bilibili.com/video/BV1Lb6tBBEYC/?spm_id_from=333.1387.favlist.content.click&vd_source=bdf775a036c61c0159ac2f0c251aaeb7,6,BV1Lb6tBBEYC,【4K精剪】闭嘴跳舞 | 杨博文直拍 | 260201,underthepoplar,2026-02-02 00:00:55,354095,27232,14126,19207,8718,1837,3080,2
2026-08-12 20:00:02,https://www.bilibili.com/video/BV1mJ64BREZY/?spm_id_from=333.1387.favlist.content.click&vd_source=bdf775a036c61c0159ac2f0c251aaeb7,7,BV1mJ64BREZY,【杨博文】闭嘴跳舞丨当主舞穿上西装就会得到,Kismet丨杨博文,2026-02-01 18:31:00,615484,35017,3927,25387,6977,447,626,3
2026-08-12 20:00:02,https://www.bilibili.com/video/BV1XA6nBGEPV/?spm_id_from=333.1387.favlist.content.click,8,BV1XA6nBGEPV,【4K精剪】希区考克 作品152 | 杨博文直拍 | 260131,underthepoplar,2026-02-01 00:23:17,1939345,23576,22133,19858,18992,4004,6899,1
2026-08-12 20:00:02,https://www.bilibili.com/video/BV1JUK56tEh5/?spm_id_from=333.1387.favlist.content.click,9,BV1JUK56tEh5,【杨博文｜音乐现场】全程舒适！跟着标准答案出发不迷路｜《全世界陪我出发》4k横屏直拍,游园会_杨博文,2026-07-16 20:06:19,159061,7853,2351,3898,5073,1951,1789,1
2026-08-12 20:00:02,https://www.bilibili.com/video/BV1kFKG6pEPe/?spm_id_from=333.1387.favlist.content.click,10,BV1kFKG6pEPe,【杨博文】夏日运动会《全世界陪我出发》4K直拍,Eternity丨杨博文,2026-07-16 19:13:38,44374,5352,729,2907,2326,37,94,1
2026-08-12 20:00:02,BV1MGYnzrE9E,11,BV1MGYnzrE9E,杨博文跳 《Centuries》帅到窒息！！竖屏4K直拍,Kismet丨杨博文,2025-08-18 02:15:37,272745,12328,6772,7940,582,959,3381,4
2026-08-12 20:00:02,BV1TLYnzzEx9,12,BV1TLYnzzEx9,舞力全开！主舞大人爽飞全场 15岁少年「杨博文」尽情演绎《Go In Blind》,Astra_杨博文,2025-08-18 00:48:26,333224,9926,5863,8918,578,717,2604,2
2026-08-12 20:30:03,https://www.bilibili.com/video/BV1EGBCBmEo8/?spm_id_from=333.1387.favlist.content.click,0,BV1EGBCBmEo8,【杨博文｜4K高清直拍】魅魔级别的《Manta》舞台，看博文如何一yeah封神,关键时刻来瓶尖叫,2025-12-27 23:15:44,1016879,12568,9858,11488,12722,1101,2416,1
2026-08-12 20:30:03,https://www.bilibili.com/video/BV1A5vkB2E1k/?spm_id_from=333.1387.favlist.content.click,1,BV1A5vkB2E1k,【杨博文】Hey Mama六机位纯舞直拍丨15岁舞台统治者的诞生，四代主舞燃炸全场！,Kismet丨杨博文,2025-12-28 22:28:16,2774939,63822,44588,46418,24473,13563,21510,75
2026-08-12 20:30:03,https://www.bilibili.com/video/BV1EQK56xEZk/?spm_id_from=333.1387.favlist.content.click,2,BV1EQK56xEZk,【杨博文｜音乐现场】｜《全世界陪我出发》4K直拍，考核第一的大C位实在太亮眼！,关键时刻来瓶尖叫,2026-07-16 20:29:02,418476,12198,3197,7276,5676,11099,8460,5
2026-08-12 20:30:03,bilibili.com/video/BV1M9ePzaELH/?spm_id_from=333.337.search-card.all.click,3,BV1M9ePzaELH,「杨博文｜卡拉永远OK」突发舞台事故？我怎么没看见,Astra_杨博文,2025-08-19 22:15:30,987630,14983,5005,10545,10723,737,681,9
2026-08-12 20:30:03,BV1s8BvBPEN5,4,BV1s8BvBPEN5,【杨博文｜4K舞台直拍】好运来祝你好运来～博文宝宝祝你新年好运来,关键时刻来瓶尖叫,2025-12-27 00:43:12,1912194,34705,16933,32156,17974,4326,4862,1
2026-08-12 20:30:03,https://www.bilibili.com/video/BV1jN64BKECs/?spm_id_from=333.337.search-card.all.click,5,BV1jN64BKECs,【杨博文｜4K直拍】跟着节奏一起《闭嘴跳舞》～,关键时刻来瓶尖叫,2026-02-01 20:20:32,1436953,26392,15960,22462,9421,2376,7168,1
2026-08-12 20:30:03,https://www.bilibili.com/video/BV1Lb6tBBEYC/?spm_id_from=333.1387.favlist.content.click&vd_source=bdf775a036c61c0159ac2f0c251aaeb7,6,BV1Lb6tBBEYC,【4K精剪】闭嘴跳舞 | 杨博文直拍 | 260201,underthepoplar,2026-02-02 00:00:55,354125,27234,14128,19207,8723,1837,3080,1
2026-08-12 20:30:03,https://www.bilibili.com/video/BV1mJ64BREZY/?spm_id_from=333.1387.favlist.content.click&vd_source=bdf775a036c61c0159ac2f0c251aaeb7,7,BV1mJ64BREZY,【杨博文】闭嘴跳舞丨当主舞穿上西装就会得到,Kismet丨杨博文,2026-02-01 18:31:00,615562,35018,3927,25386,6983,447,626,4
2026-08-12 20:30:03,https://www.bilibili.com/video/BV1XA6nBGEPV/?spm_id_from=333.1387.favlist.content.click,8,BV1XA6nBGEPV,【4K精剪】希区考克 作品152 | 杨博文直拍 | 260131,underthepoplar,2026-02-01 00:23:17,1939363,23578,22133,19858,18992,4005,6899,1
2026-08-12 20:30:03,https://www.bilibili.com/video/BV1JUK56tEh5/?spm_id_from=333.1387.favlist.content.click,9,BV1JUK56tEh5,【杨博文｜音乐现场】全程舒适！跟着标准答案出发不迷路｜《全世界陪我出发》4k横屏直拍,游园会_杨博文,2026-07-16 20:06:19,159078,7857,2351,3898,5073,1951,1789,1
2026-08-12 20:30:03,https://www.bilibili.com/video/BV1kFKG6pEPe/?spm_id_from=333.1387.favlist.content.click,10,BV1kFKG6pEPe,【杨博文】夏日运动会《全世界陪我出发》4K直拍,Eternity丨杨博文,2026-07-16 19:13:38,44381,5354,729,2906,2326,37,94,1
2026-08-12 20:30:03,BV1MGYnzrE9E,11,BV1MGYnzrE9E,杨博文跳 《Centuries》帅到窒息！！竖屏4K直拍,Kismet丨杨博文,2025-08-18 02:15:37,272777,12329,6772,7940,582,959,3381,5
2026-08-12 20:30:03,BV1TLYnzzEx9,12,BV1TLYnzzEx9,舞力全开！主舞大人爽飞全场 15岁少年「杨博文」尽情演绎《Go In Blind》,Astra_杨博文,2025-08-18 00:48:26,333248,9926,5863,8919,578,717,2604,1
2026-08-12 21:00:03,https://www.bilibili.com/video/BV1EGBCBmEo8/?spm_id_from=333.1387.favlist.content.click,0,BV1EGBCBmEo8,【杨博文｜4K高清直拍】魅魔级别的《Manta》舞台，看博文如何一yeah封神,关键时刻来瓶尖叫,2025-12-27 23:15:44,1016894,12568,9858,11488,12722,1101,2416,1
2026-08-12 21:00:03,https://www.bilibili.com/video/BV1A5vkB2E1k/?spm_id_from=333.1387.favlist.content.click,1,BV1A5vkB2E1k,【杨博文】Hey Mama六机位纯舞直拍丨15岁舞台统治者的诞生，四代主舞燃炸全场！,Kismet丨杨博文,2025-12-28 22:28:16,2775047,63825,44590,46421,24477,13563,21510,79
2026-08-12 21:00:03,https://www.bilibili.com/video/BV1EQK56xEZk/?spm_id_from=333.1387.favlist.content.click,2,BV1EQK56xEZk,【杨博文｜音乐现场】｜《全世界陪我出发》4K直拍，考核第一的大C位实在太亮眼！,关键时刻来瓶尖叫,2026-07-16 20:29:02,418577,12198,3197,7277,5676,11099,8461,5
2026-08-12 21:00:03,bilibili.com/video/BV1M9ePzaELH/?spm_id_from=333.337.search-card.all.click,3,BV1M9ePzaELH,「杨博文｜卡拉永远OK」突发舞台事故？我怎么没看见,Astra_杨博文,2025-08-19 22:15:30,987731,14983,5005,10546,10723,737,681,6
2026-08-12 21:00:03,BV1s8BvBPEN5,4,BV1s8BvBPEN5,【杨博文｜4K舞台直拍】好运来祝你好运来～博文宝宝祝你新年好运来,关键时刻来瓶尖叫,2025-12-27 00:43:12,1912202,34705,16933,32156,17976,4326,4862,1
2026-08-12 21:00:03,https://www.bilibili.com/video/BV1jN64BKECs/?spm_id_from=333.337.search-card.all.click,5,BV1jN64BKECs,【杨博文｜4K直拍】跟着节奏一起《闭嘴跳舞》～,关键时刻来瓶尖叫,2026-02-01 20:20:32,1436987,26393,15960,22464,9424,2376,7168,2
2026-08-12 21:00:03,https://www.bilibili.com/video/BV1Lb6tBBEYC/?spm_id_from=333.1387.favlist.content.click&vd_source=bdf775a036c61c0159ac2f0c251aaeb7,6,BV1Lb6tBBEYC,【4K精剪】闭嘴跳舞 | 杨博文直拍 | 260201,underthepoplar,2026-02-02 00:00:55,354145,27234,14128,19208,8727,1837,3081,2
2026-08-12 21:00:03,https://www.bilibili.com/video/BV1mJ64BREZY/?spm_id_from=333.1387.favlist.content.click&vd_source=bdf775a036c61c0159ac2f0c251aaeb7,7,BV1mJ64BREZY,【杨博文】闭嘴跳舞丨当主舞穿上西装就会得到,Kismet丨杨博文,2026-02-01 18:31:00,615637,35018,3927,25388,6986,447,626,5
2026-08-12 21:00:03,https://www.bilibili.com/video/BV1XA6nBGEPV/?spm_id_from=333.1387.favlist.content.click,8,BV1XA6nBGEPV,【4K精剪】希区考克 作品152 | 杨博文直拍 | 260131,underthepoplar,2026-02-01 00:23:17,1939385,23578,22133,19858,18992,4005,6899,1
2026-08-12 21:00:03,https://www.bilibili.com/video/BV1JUK56tEh5/?spm_id_from=333.1387.favlist.content.click,9,BV1JUK56tEh5,【杨博文｜音乐现场】全程舒适！跟着标准答案出发不迷路｜《全世界陪我出发》4k横屏直拍,游园会_杨博文,2026-07-16 20:06:19,159083,7858,2351,3898,5073,1951,1789,1
2026-08-12 21:00:03,https://www.bilibili.com/video/BV1kFKG6pEPe/?spm_id_from=333.1387.favlist.content.click,10,BV1kFKG6pEPe,【杨博文】夏日运动会《全世界陪我出发》4K直拍,Eternity丨杨博文,2026-07-16 19:13:38,44387,5355,729,2906,2326,37,94,1
2026-08-12 21:00:03,BV1MGYnzrE9E,11,BV1MGYnzrE9E,杨博文跳 《Centuries》帅到窒息！！竖屏4K直拍,Kismet丨杨博文,2025-08-18 02:15:37,272808,12328,6772,7940,582,959,3381,4
2026-08-12 21:00:03,BV1TLYnzzEx9,12,BV1TLYnzzEx9,舞力全开！主舞大人爽飞全场 15岁少年「杨博文」尽情演绎《Go In Blind》,Astra_杨博文,2025-08-18 00:48:26,333272,9926,5863,8919,578,717,2604,3
2026-08-12 21:30:03,https://www.bilibili.com/video/BV1EGBCBmEo8/?spm_id_from=333.1387.favlist.content.click,0,BV1EGBCBmEo8,【杨博文｜4K高清直拍】魅魔级别的《Manta》舞台，看博文如何一yeah封神,关键时刻来瓶尖叫,2025-12-27 23:15:44,1016907,12568,9858,11488,12722,1101,2416,1
2026-08-12 21:30:03,https://www.bilibili.com/video/BV1A5vkB2E1k/?spm_id_from=333.1387.favlist.content.click,1,BV1A5vkB2E1k,【杨博文】Hey Mama六机位纯舞直拍丨15岁舞台统治者的诞生，四代主舞燃炸全场！,Kismet丨杨博文,2025-12-28 22:28:16,2775129,63829,44594,46427,24481,13563,21513,78
2026-08-12 21:30:03,https://www.bilibili.com/video/BV1EQK56xEZk/?spm_id_from=333.1387.favlist.content.click,2,BV1EQK56xEZk,【杨博文｜音乐现场】｜《全世界陪我出发》4K直拍，考核第一的大C位实在太亮眼！,关键时刻来瓶尖叫,2026-07-16 20:29:02,418682,12202,3197,7278,5677,11099,8461,5
2026-08-12 21:30:03,bilibili.com/video/BV1M9ePzaELH/?spm_id_from=333.337.search-card.all.click,3,BV1M9ePzaELH,「杨博文｜卡拉永远OK」突发舞台事故？我怎么没看见,Astra_杨博文,2025-08-19 22:15:30,987828,14983,5005,10547,10723,738,681,4
2026-08-12 21:30:03,BV1s8BvBPEN5,4,BV1s8BvBPEN5,【杨博文｜4K舞台直拍】好运来祝你好运来～博文宝宝祝你新年好运来,关键时刻来瓶尖叫,2025-12-27 00:43:12,1912214,34708,16935,32159,17982,4326,4862,1
2026-08-12 21:30:03,https://www.bilibili.com/video/BV1jN64BKECs/?spm_id_from=333.337.search-card.all.click,5,BV1jN64BKECs,【杨博文｜4K直拍】跟着节奏一起《闭嘴跳舞》～,关键时刻来瓶尖叫,2026-02-01 20:20:32,1437028,26397,15960,22466,9429,2376,7168,2
2026-08-12 21:30:03,https://www.bilibili.com/video/BV1Lb6tBBEYC/?spm_id_from=333.1387.favlist.content.click&vd_source=bdf775a036c61c0159ac2f0c251aaeb7,6,BV1Lb6tBBEYC,【4K精剪】闭嘴跳舞 | 杨博文直拍 | 260201,underthepoplar,2026-02-02 00:00:55,354178,27237,14130,19211,8731,1837,3081,1
2026-08-12 21:30:03,https://www.bilibili.com/video/BV1mJ64BREZY/?spm_id_from=333.1387.favlist.content.click&vd_source=bdf775a036c61c0159ac2f0c251aaeb7,7,BV1mJ64BREZY,【杨博文】闭嘴跳舞丨当主舞穿上西装就会得到,Kismet丨杨博文,2026-02-01 18:31:00,615706,35018,3927,25389,6990,447,626,5
2026-08-12 21:30:03,https://www.bilibili.com/video/BV1XA6nBGEPV/?spm_id_from=333.1387.favlist.content.click,8,BV1XA6nBGEPV,【4K精剪】希区考克 作品152 | 杨博文直拍 | 260131,underthepoplar,2026-02-01 00:23:17,1939407,23578,22134,19859,18992,4005,6899,1
2026-08-12 21:30:03,https://www.bilibili.com/video/BV1JUK56tEh5/?spm_id_from=333.1387.favlist.content.click,9,BV1JUK56tEh5,【杨博文｜音乐现场】全程舒适！跟着标准答案出发不迷路｜《全世界陪我出发》4k横屏直拍,游园会_杨博文,2026-07-16 20:06:19,159091,7861,2351,3898,5073,1951,1790,1
2026-08-12 21:30:03,https://www.bilibili.com/video/BV1kFKG6pEPe/?spm_id_from=333.1387.favlist.content.click,10,BV1kFKG6pEPe,【杨博文】夏日运动会《全世界陪我出发》4K直拍,Eternity丨杨博文,2026-07-16 19:13:38,44392,5355,729,2906,2326,37,94,1
2026-08-12 21:30:03,BV1MGYnzrE9E,11,BV1MGYnzrE9E,杨博文跳 《Centuries》帅到窒息！！竖屏4K直拍,Kismet丨杨博文,2025-08-18 02:15:37,272834,12328,6772,7940,582,959,3381,5
2026-08-12 21:30:03,BV1TLYnzzEx9,12,BV1TLYnzzEx9,舞力全开！主舞大人爽飞全场 15岁少年「杨博文」尽情演绎《Go In Blind》,Astra_杨博文,2025-08-18 00:48:26,333296,9926,5863,8919,578,717,2604,4
2026-08-12 22:00:03,https://www.bilibili.com/video/BV1EGBCBmEo8/?spm_id_from=333.1387.favlist.content.click,0,BV1EGBCBmEo8,【杨博文｜4K高清直拍】魅魔级别的《Manta》舞台，看博文如何一yeah封神,关键时刻来瓶尖叫,2025-12-27 23:15:44,1016915,12568,9858,11488,12722,1101,2416,1
2026-08-12 22:00:03,https://www.bilibili.com/video/BV1A5vkB2E1k/?spm_id_from=333.1387.favlist.content.click,1,BV1A5vkB2E1k,【杨博文】Hey Mama六机位纯舞直拍丨15岁舞台统治者的诞生，四代主舞燃炸全场！,Kismet丨杨博文,2025-12-28 22:28:16,2775232,63831,44596,46428,24488,13564,21516,77
2026-08-12 22:00:03,https://www.bilibili.com/video/BV1EQK56xEZk/?spm_id_from=333.1387.favlist.content.click,2,BV1EQK56xEZk,【杨博文｜音乐现场】｜《全世界陪我出发》4K直拍，考核第一的大C位实在太亮眼！,关键时刻来瓶尖叫,2026-07-16 20:29:02,418808,12208,3197,7284,5677,11099,8461,7
2026-08-12 22:00:03,bilibili.com/video/BV1M9ePzaELH/?spm_id_from=333.337.search-card.all.click,3,BV1M9ePzaELH,「杨博文｜卡拉永远OK」突发舞台事故？我怎么没看见,Astra_杨博文,2025-08-19 22:15:30,987933,14985,5005,10550,10723,738,681,2
2026-08-12 22:00:03,BV1s8BvBPEN5,4,BV1s8BvBPEN5,【杨博文｜4K舞台直拍】好运来祝你好运来～博文宝宝祝你新年好运来,关键时刻来瓶尖叫,2025-12-27 00:43:12,1912223,34711,16935,32160,17987,4326,4862,1
2026-08-12 22:00:03,https://www.bilibili.com/video/BV1jN64BKECs/?spm_id_from=333.337.search-card.all.click,5,BV1jN64BKECs,【杨博文｜4K直拍】跟着节奏一起《闭嘴跳舞》～,关键时刻来瓶尖叫,2026-02-01 20:20:32,1437063,26400,15962,22469,9435,2376,7168,2
2026-08-12 22:00:03,https://www.bilibili.com/video/BV1Lb6tBBEYC/?spm_id_from=333.1387.favlist.content.click&vd_source=bdf775a036c61c0159ac2f0c251aaeb7,6,BV1Lb6tBBEYC,【4K精剪】闭嘴跳舞 | 杨博文直拍 | 260201,underthepoplar,2026-02-02 00:00:55,354199,27239,14130,19212,8737,1837,3081,1
2026-08-12 22:00:03,https://www.bilibili.com/video/BV1mJ64BREZY/?spm_id_from=333.1387.favlist.content.click&vd_source=bdf775a036c61c0159ac2f0c251aaeb7,7,BV1mJ64BREZY,【杨博文】闭嘴跳舞丨当主舞穿上西装就会得到,Kismet丨杨博文,2026-02-01 18:31:00,615794,35022,3929,25393,6997,447,626,4
2026-08-12 22:00:03,https://www.bilibili.com/video/BV1XA6nBGEPV/?spm_id_from=333.1387.favlist.content.click,8,BV1XA6nBGEPV,【4K精剪】希区考克 作品152 | 杨博文直拍 | 260131,underthepoplar,2026-02-01 00:23:17,1939433,23580,22134,19859,18992,4005,6899,2
2026-08-12 22:00:03,https://www.bilibili.com/video/BV1JUK56tEh5/?spm_id_from=333.1387.favlist.content.click,9,BV1JUK56tEh5,【杨博文｜音乐现场】全程舒适！跟着标准答案出发不迷路｜《全世界陪我出发》4k横屏直拍,游园会_杨博文,2026-07-16 20:06:19,159098,7862,2351,3898,5073,1951,1790,1
2026-08-12 22:00:03,https://www.bilibili.com/video/BV1kFKG6pEPe/?spm_id_from=333.1387.favlist.content.click,10,BV1kFKG6pEPe,【杨博文】夏日运动会《全世界陪我出发》4K直拍,Eternity丨杨博文,2026-07-16 19:13:38,44397,5355,729,2905,2326,37,94,1
2026-08-12 22:00:03,BV1MGYnzrE9E,11,BV1MGYnzrE9E,杨博文跳 《Centuries》帅到窒息！！竖屏4K直拍,Kismet丨杨博文,2025-08-18 02:15:37,272859,12328,6772,7940,582,959,3381,3
2026-08-12 22:00:03,BV1TLYnzzEx9,12,BV1TLYnzzEx9,舞力全开！主舞大人爽飞全场 15岁少年「杨博文」尽情演绎《Go In Blind》,Astra_杨博文,2025-08-18 00:48:26,333316,9926,5863,8919,578,717,2604,3
2026-08-12 22:30:05,https://www.bilibili.com/video/BV1EGBCBmEo8/?spm_id_from=333.1387.favlist.content.click,0,BV1EGBCBmEo8,【杨博文｜4K高清直拍】魅魔级别的《Manta》舞台，看博文如何一yeah封神,关键时刻来瓶尖叫,2025-12-27 23:15:44,1016931,12571,9860,11492,12722,1101,2416,1
2026-08-12 22:30:05,https://www.bilibili.com/video/BV1A5vkB2E1k/?spm_id_from=333.1387.favlist.content.click,1,BV1A5vkB2E1k,【杨博文】Hey Mama六机位纯舞直拍丨15岁舞台统治者的诞生，四代主舞燃炸全场！,Kismet丨杨博文,2025-12-28 22:28:16,2775375,63837,44600,46441,24491,13564,21517,76
2026-08-12 22:30:05,https://www.bilibili.com/video/BV1EQK56xEZk/?spm_id_from=333.1387.favlist.content.click,2,BV1EQK56xEZk,【杨博文｜音乐现场】｜《全世界陪我出发》4K直拍，考核第一的大C位实在太亮眼！,关键时刻来瓶尖叫,2026-07-16 20:29:02,418904,12208,3197,7288,5677,11099,8461,7
2026-08-12 22:30:05,bilibili.com/video/BV1M9ePzaELH/?spm_id_from=333.337.search-card.all.click,3,BV1M9ePzaELH,「杨博文｜卡拉永远OK」突发舞台事故？我怎么没看见,Astra_杨博文,2025-08-19 22:15:30,988036,14985,5005,10554,10723,738,681,5
2026-08-12 22:30:05,BV1s8BvBPEN5,4,BV1s8BvBPEN5,【杨博文｜4K舞台直拍】好运来祝你好运来～博文宝宝祝你新年好运来,关键时刻来瓶尖叫,2025-12-27 00:43:12,1912233,34712,16935,32163,17990,4326,4862,1
2026-08-12 22:30:05,https://www.bilibili.com/video/BV1jN64BKECs/?spm_id_from=333.337.search-card.all.click,5,BV1jN64BKECs,【杨博文｜4K直拍】跟着节奏一起《闭嘴跳舞》～,关键时刻来瓶尖叫,2026-02-01 20:20:32,1437087,26402,15962,22473,9437,2376,7168,2
2026-08-12 22:30:05,https://www.bilibili.com/video/BV1Lb6tBBEYC/?spm_id_from=333.1387.favlist.content.click&vd_source=bdf775a036c61c0159ac2f0c251aaeb7,6,BV1Lb6tBBEYC,【4K精剪】闭嘴跳舞 | 杨博文直拍 | 260201,underthepoplar,2026-02-02 00:00:55,354214,27239,14130,19213,8740,1837,3081,1
2026-08-12 22:30:05,https://www.bilibili.com/video/BV1mJ64BREZY/?spm_id_from=333.1387.favlist.content.click&vd_source=bdf775a036c61c0159ac2f0c251aaeb7,7,BV1mJ64BREZY,【杨博文】闭嘴跳舞丨当主舞穿上西装就会得到,Kismet丨杨博文,2026-02-01 18:31:00,615879,35023,3933,25397,7000,447,626,3
2026-08-12 22:30:05,https://www.bilibili.com/video/BV1XA6nBGEPV/?spm_id_from=333.1387.favlist.content.click,8,BV1XA6nBGEPV,【4K精剪】希区考克 作品152 | 杨博文直拍 | 260131,underthepoplar,2026-02-01 00:23:17,1939450,23580,22134,19866,18992,4005,6899,1
2026-08-12 22:30:05,https://www.bilibili.com/video/BV1JUK56tEh5/?spm_id_from=333.1387.favlist.content.click,9,BV1JUK56tEh5,【杨博文｜音乐现场】全程舒适！跟着标准答案出发不迷路｜《全世界陪我出发》4k横屏直拍,游园会_杨博文,2026-07-16 20:06:19,159102,7864,2351,3899,5073,1951,1790,1
2026-08-12 22:30:05,https://www.bilibili.com/video/BV1kFKG6pEPe/?spm_id_from=333.1387.favlist.content.click,10,BV1kFKG6pEPe,【杨博文】夏日运动会《全世界陪我出发》4K直拍,Eternity丨杨博文,2026-07-16 19:13:38,44403,5358,729,2906,2326,37,94,1
2026-08-12 22:30:05,BV1MGYnzrE9E,11,BV1MGYnzrE9E,杨博文跳 《Centuries》帅到窒息！！竖屏4K直拍,Kismet丨杨博文,2025-08-18 02:15:37,272884,12329,6772,7941,582,959,3381,3
2026-08-12 22:30:05,BV1TLYnzzEx9,12,BV1TLYnzzEx9,舞力全开！主舞大人爽飞全场 15岁少年「杨博文」尽情演绎《Go In Blind》,Astra_杨博文,2025-08-18 00:48:26,333336,9926,5863,8919,578,717,2604,3
2026-08-12 23:00:05,https://www.bilibili.com/video/BV1EGBCBmEo8/?spm_id_from=333.1387.favlist.content.click,0,BV1EGBCBmEo8,【杨博文｜4K高清直拍】魅魔级别的《Manta》舞台，看博文如何一yeah封神,关键时刻来瓶尖叫,2025-12-27 23:15:44,1016949,12572,9860,11491,12722,1101,2416,1
2026-08-12 23:00:05,https://www.bilibili.com/video/BV1A5vkB2E1k/?spm_id_from=333.1387.favlist.content.click,1,BV1A5vkB2E1k,【杨博文】Hey Mama六机位纯舞直拍丨15岁舞台统治者的诞生，四代主舞燃炸全场！,Kismet丨杨博文,2025-12-28 22:28:16,2775514,63847,44612,46451,24495,13564,21519,77
2026-08-12 23:00:05,https://www.bilibili.com/video/BV1EQK56xEZk/?spm_id_from=333.1387.favlist.content.click,2,BV1EQK56xEZk,【杨博文｜音乐现场】｜《全世界陪我出发》4K直拍，考核第一的大C位实在太亮眼！,关键时刻来瓶尖叫,2026-07-16 20:29:02,419028,12216,3200,7296,5677,11099,8461,5
2026-08-12 23:00:05,bilibili.com/video/BV1M9ePzaELH/?spm_id_from=333.337.search-card.all.click,3,BV1M9ePzaELH,「杨博文｜卡拉永远OK」突发舞台事故？我怎么没看见,Astra_杨博文,2025-08-19 22:15:30,988141,14992,5012,10563,10723,738,685,4
2026-08-12 23:00:05,BV1s8BvBPEN5,4,BV1s8BvBPEN5,【杨博文｜4K舞台直拍】好运来祝你好运来～博文宝宝祝你新年好运来,关键时刻来瓶尖叫,2025-12-27 00:43:12,1912242,34712,16935,32163,17993,4326,4862,1
2026-08-12 23:00:05,https://www.bilibili.com/video/BV1jN64BKECs/?spm_id_from=333.337.search-card.all.click,5,BV1jN64BKECs,【杨博文｜4K直拍】跟着节奏一起《闭嘴跳舞》～,关键时刻来瓶尖叫,2026-02-01 20:20:32,1437100,26402,15962,22472,9440,2376,7168,1
2026-08-12 23:00:05,https://www.bilibili.com/video/BV1Lb6tBBEYC/?spm_id_from=333.1387.favlist.content.click&vd_source=bdf775a036c61c0159ac2f0c251aaeb7,6,BV1Lb6tBBEYC,【4K精剪】闭嘴跳舞 | 杨博文直拍 | 260201,underthepoplar,2026-02-02 00:00:55,354233,27240,14132,19214,8743,1837,3081,1
2026-08-12 23:00:05,https://www.bilibili.com/video/BV1mJ64BREZY/?spm_id_from=333.1387.favlist.content.click&vd_source=bdf775a036c61c0159ac2f0c251aaeb7,7,BV1mJ64BREZY,【杨博文】闭嘴跳舞丨当主舞穿上西装就会得到,Kismet丨杨博文,2026-02-01 18:31:00,615969,35030,3940,25407,7004,447,641,6
2026-08-12 23:00:05,https://www.bilibili.com/video/BV1XA6nBGEPV/?spm_id_from=333.1387.favlist.content.click,8,BV1XA6nBGEPV,【4K精剪】希区考克 作品152 | 杨博文直拍 | 260131,underthepoplar,2026-02-01 00:23:17,1939471,23582,22136,19865,18992,4005,6899,1
2026-08-12 23:00:05,https://www.bilibili.com/video/BV1JUK56tEh5/?spm_id_from=333.1387.favlist.content.click,9,BV1JUK56tEh5,【杨博文｜音乐现场】全程舒适！跟着标准答案出发不迷路｜《全世界陪我出发》4k横屏直拍,游园会_杨博文,2026-07-16 20:06:19,159103,7864,2351,3899,5073,1951,1790,1
2026-08-12 23:00:05,https://www.bilibili.com/video/BV1kFKG6pEPe/?spm_id_from=333.1387.favlist.content.click,10,BV1kFKG6pEPe,【杨博文】夏日运动会《全世界陪我出发》4K直拍,Eternity丨杨博文,2026-07-16 19:13:38,44405,5359,729,2906,2326,37,94,1
2026-08-12 23:00:05,BV1MGYnzrE9E,11,BV1MGYnzrE9E,杨博文跳 《Centuries》帅到窒息！！竖屏4K直拍,Kismet丨杨博文,2025-08-18 02:15:37,272905,12330,6772,7941,582,959,3381,5
2026-08-12 23:00:05,BV1TLYnzzEx9,12,BV1TLYnzzEx9,舞力全开！主舞大人爽飞全场 15岁少年「杨博文」尽情演绎《Go In Blind》,Astra_杨博文,2025-08-18 00:48:26,333356,9926,5863,8919,578,717,2604,3
2026-08-12 23:30:06,https://www.bilibili.com/video/BV1EGBCBmEo8/?spm_id_from=333.1387.favlist.content.click,0,BV1EGBCBmEo8,【杨博文｜4K高清直拍】魅魔级别的《Manta》舞台，看博文如何一yeah封神,关键时刻来瓶尖叫,2025-12-27 23:15:44,1016972,12573,9860,11492,12722,1101,2416,1
2026-08-12 23:30:06,https://www.bilibili.com/video/BV1A5vkB2E1k/?spm_id_from=333.1387.favlist.content.click,1,BV1A5vkB2E1k,【杨博文】Hey Mama六机位纯舞直拍丨15岁舞台统治者的诞生，四代主舞燃炸全场！,Kismet丨杨博文,2025-12-28 22:28:16,2775641,63849,44612,46453,24500,13564,21519,72
2026-08-12 23:30:06,https://www.bilibili.com/video/BV1EQK56xEZk/?spm_id_from=333.1387.favlist.content.click,2,BV1EQK56xEZk,【杨博文｜音乐现场】｜《全世界陪我出发》4K直拍，考核第一的大C位实在太亮眼！,关键时刻来瓶尖叫,2026-07-16 20:29:02,419128,12219,3202,7296,5678,11099,8462,3
2026-08-12 23:30:06,bilibili.com/video/BV1M9ePzaELH/?spm_id_from=333.337.search-card.all.click,3,BV1M9ePzaELH,「杨博文｜卡拉永远OK」突发舞台事故？我怎么没看见,Astra_杨博文,2025-08-19 22:15:30,988243,14993,5016,10563,10723,738,685,4
2026-08-12 23:30:06,BV1s8BvBPEN5,4,BV1s8BvBPEN5,【杨博文｜4K舞台直拍】好运来祝你好运来～博文宝宝祝你新年好运来,关键时刻来瓶尖叫,2025-12-27 00:43:12,1912246,34713,16936,32164,17998,4326,4862,1
2026-08-12 23:30:06,https://www.bilibili.com/video/BV1jN64BKECs/?spm_id_from=333.337.search-card.all.click,5,BV1jN64BKECs,【杨博文｜4K直拍】跟着节奏一起《闭嘴跳舞》～,关键时刻来瓶尖叫,2026-02-01 20:20:32,1437120,26403,15964,22471,9445,2376,7169,2
2026-08-12 23:30:06,https://www.bilibili.com/video/BV1Lb6tBBEYC/?spm_id_from=333.1387.favlist.content.click&vd_source=bdf775a036c61c0159ac2f0c251aaeb7,6,BV1Lb6tBBEYC,【4K精剪】闭嘴跳舞 | 杨博文直拍 | 260201,underthepoplar,2026-02-02 00:00:55,354248,27239,14132,19212,8748,1837,3081,1
2026-08-12 23:30:06,https://www.bilibili.com/video/BV1mJ64BREZY/?spm_id_from=333.1387.favlist.content.click&vd_source=bdf775a036c61c0159ac2f0c251aaeb7,7,BV1mJ64BREZY,【杨博文】闭嘴跳舞丨当主舞穿上西装就会得到,Kismet丨杨博文,2026-02-01 18:31:00,616047,35031,3942,25408,7008,447,641,2
2026-08-12 23:30:06,https://www.bilibili.com/video/BV1XA6nBGEPV/?spm_id_from=333.1387.favlist.content.click,8,BV1XA6nBGEPV,【4K精剪】希区考克 作品152 | 杨博文直拍 | 260131,underthepoplar,2026-02-01 00:23:17,1939489,23583,22136,19866,18993,4005,6899,1
2026-08-12 23:30:06,https://www.bilibili.com/video/BV1JUK56tEh5/?spm_id_from=333.1387.favlist.content.click,9,BV1JUK56tEh5,【杨博文｜音乐现场】全程舒适！跟着标准答案出发不迷路｜《全世界陪我出发》4k横屏直拍,游园会_杨博文,2026-07-16 20:06:19,159110,7868,2351,3900,5073,1951,1790,1
2026-08-12 23:30:06,https://www.bilibili.com/video/BV1kFKG6pEPe/?spm_id_from=333.1387.favlist.content.click,10,BV1kFKG6pEPe,【杨博文】夏日运动会《全世界陪我出发》4K直拍,Eternity丨杨博文,2026-07-16 19:13:38,44407,5359,729,2907,2326,37,94,1
2026-08-12 23:30:06,BV1MGYnzrE9E,11,BV1MGYnzrE9E,杨博文跳 《Centuries》帅到窒息！！竖屏4K直拍,Kismet丨杨博文,2025-08-18 02:15:37,272918,12330,6772,7941,582,959,3381,4
2026-08-12 23:30:06,BV1TLYnzzEx9,12,BV1TLYnzzEx9,舞力全开！主舞大人爽飞全场 15岁少年「杨博文」尽情演绎《Go In Blind》,Astra_杨博文,2025-08-18 00:48:26,333368,9926,5863,8919,578,717,2604,1
