采集时间,输入,原始顺序,BV号,标题,UP主,上传时间,总播放量,点赞数,投币数,收藏数,转发数,评论数,弹幕数,在线人数
2026-08-11 00:00:05,https://www.bilibili.com/video/BV1EGBCBmEo8/?spm_id_from=333.1387.favlist.content.click,0,BV1EGBCBmEo8,【杨博文｜4K高清直拍】魅魔级别的《Manta》舞台，看博文如何一yeah封神,关键时刻来瓶尖叫,2025-12-27 23:15:44,1015381,12540,9844,11489,12718,1100,2412,1
2026-08-11 00:00:05,https://www.bilibili.com/video/BV1A5vkB2E1k/?spm_id_from=333.1387.favlist.content.click,1,BV1A5vkB2E1k,【杨博文】Hey Mama六机位纯舞直拍丨15岁舞台统治者的诞生，四代主舞燃炸全场！,Kismet丨杨博文,2025-12-28 22:28:16,2766750,63689,44501,46322,24145,13562,21418,31
2026-08-11 00:00:05,https://www.bilibili.com/video/BV1EQK56xEZk/?spm_id_from=333.1387.favlist.content.click,2,BV1EQK56xEZk,【杨博文｜音乐现场】｜《全世界陪我出发》4K直拍，考核第一的大C位实在太亮眼！,关键时刻来瓶尖叫,2026-07-16 20:29:02,408711,11942,3160,7121,5672,11099,8438,6
2026-08-11 00:00:05,bilibili.com/video/BV1M9ePzaELH/?spm_id_from=333.337.search-card.all.click,3,BV1M9ePzaELH,「杨博文｜卡拉永远OK」突发舞台事故？我怎么没看见,Astra_杨博文,2025-08-19 22:15:30,979849,14939,4971,10480,10712,728,669,7
2026-08-11 00:00:05,BV1s8BvBPEN5,4,BV1s8BvBPEN5,【杨博文｜4K舞台直拍】好运来祝你好运来～博文宝宝祝你新年好运来,关键时刻来瓶尖叫,2025-12-27 00:43:12,1911485,34667,16908,32125,17688,4325,4857,1
2026-08-11 00:00:05,https://www.bilibili.com/video/BV1jN64BKECs/?spm_id_from=333.337.search-card.all.click,5,BV1jN64BKECs,【杨博文｜4K直拍】跟着节奏一起《闭嘴跳舞》～,关键时刻来瓶尖叫,2026-02-01 20:20:32,1435374,26316,15933,22388,9119,2374,7155,1
2026-08-11 00:00:05,https://www.bilibili.com/video/BV1Lb6tBBEYC/?spm_id_from=333.1387.favlist.content.click&vd_source=bdf775a036c61c0159ac2f0c251aaeb7,6,BV1Lb6tBBEYC,【4K精剪】闭嘴跳舞 | 杨博文直拍 | 260201,underthepoplar,2026-02-02 00:00:55,352997,27164,14112,19174,8442,1837,3078,2
2026-08-11 00:00:05,https://www.bilibili.com/video/BV1mJ64BREZY/?spm_id_from=333.1387.favlist.content.click&vd_source=bdf775a036c61c0159ac2f0c251aaeb7,7,BV1mJ64BREZY,【杨博文】闭嘴跳舞丨当主舞穿上西装就会得到,Kismet丨杨博文,2026-02-01 18:31:00,608757,34986,3900,25318,6693,447,607,4
2026-08-11 00:00:05,https://www.bilibili.com/video/BV1XA6nBGEPV/?spm_id_from=333.1387.favlist.content.click,8,BV1XA6nBGEPV,【4K精剪】希区考克 作品152 | 杨博文直拍 | 260131,underthepoplar,2026-02-01 00:23:17,1938421,23508,22101,19827,18984,4001,6895,1
2026-08-11 00:00:05,https://www.bilibili.com/video/BV1JUK56tEh5/?spm_id_from=333.1387.favlist.content.click,9,BV1JUK56tEh5,【杨博文｜音乐现场】全程舒适！跟着标准答案出发不迷路｜《全世界陪我出发》4k横屏直拍,游园会_杨博文,2026-07-16 20:06:19,158499,7752,2348,3878,5072,1951,1787,1
2026-08-11 00:00:05,https://www.bilibili.com/video/BV1kFKG6pEPe/?spm_id_from=333.1387.favlist.content.click,10,BV1kFKG6pEPe,【杨博文】夏日运动会《全世界陪我出发》4K直拍,Eternity丨杨博文,2026-07-16 19:13:38,43726,5227,722,2855,2325,37,94,1
2026-08-11 00:00:05,BV1MGYnzrE9E,11,BV1MGYnzrE9E,杨博文跳 《Centuries》帅到窒息！！竖屏4K直拍,Kismet丨杨博文,2025-08-18 02:15:37,271303,12310,6763,7932,581,958,3381,4
2026-08-11 00:00:05,BV1TLYnzzEx9,12,BV1TLYnzzEx9,舞力全开！主舞大人爽飞全场 15岁少年「杨博文」尽情演绎《Go In Blind》,Astra_杨博文,2025-08-18 00:48:26,331439,9920,5860,8920,577,717,2604,2
2026-08-11 00:30:05,https://www.bilibili.com/video/BV1EGBCBmEo8/?spm_id_from=333.1387.favlist.content.click,0,BV1EGBCBmEo8,【杨博文｜4K高清直拍】魅魔级别的《Manta》舞台，看博文如何一yeah封神,关键时刻来瓶尖叫,2025-12-27 23:15:44,1015406,12541,9846,11490,12718,1100,2412,1
2026-08-11 00:30:05,https://www.bilibili.com/video/BV1A5vkB2E1k/?spm_id_from=333.1387.favlist.content.click,1,BV1A5vkB2E1k,【杨博文】Hey Mama六机位纯舞直拍丨15岁舞台统治者的诞生，四代主舞燃炸全场！,Kismet丨杨博文,2025-12-28 22:28:16,2766831,63690,44501,46322,24145,13562,21418,30
2026-08-11 00:30:05,https://www.bilibili.com/video/BV1EQK56xEZk/?spm_id_from=333.1387.favlist.content.click,2,BV1EQK56xEZk,【杨博文｜音乐现场】｜《全世界陪我出发》4K直拍，考核第一的大C位实在太亮眼！,关键时刻来瓶尖叫,2026-07-16 20:29:02,408799,11949,3162,7123,5672,11099,8438,6
2026-08-11 00:30:05,bilibili.com/video/BV1M9ePzaELH/?spm_id_from=333.337.search-card.all.click,3,BV1M9ePzaELH,「杨博文｜卡拉永远OK」突发舞台事故？我怎么没看见,Astra_杨博文,2025-08-19 22:15:30,979924,14940,4971,10480,10712,728,669,7
2026-08-11 00:30:05,BV1s8BvBPEN5,4,BV1s8BvBPEN5,【杨博文｜4K舞台直拍】好运来祝你好运来～博文宝宝祝你新年好运来,关键时刻来瓶尖叫,2025-12-27 00:43:12,1911489,34667,16908,32125,17688,4325,4857,1
2026-08-11 00:30:05,https://www.bilibili.com/video/BV1jN64BKECs/?spm_id_from=333.337.search-card.all.click,5,BV1jN64BKECs,【杨博文｜4K直拍】跟着节奏一起《闭嘴跳舞》～,关键时刻来瓶尖叫,2026-02-01 20:20:32,1435388,26316,15933,22388,9119,2374,7155,1
2026-08-11 00:30:05,https://www.bilibili.com/video/BV1Lb6tBBEYC/?spm_id_from=333.1387.favlist.content.click&vd_source=bdf775a036c61c0159ac2f0c251aaeb7,6,BV1Lb6tBBEYC,【4K精剪】闭嘴跳舞 | 杨博文直拍 | 260201,underthepoplar,2026-02-02 00:00:55,353008,27165,14112,19174,8442,1837,3078,1
2026-08-11 00:30:05,https://www.bilibili.com/video/BV1mJ64BREZY/?spm_id_from=333.1387.favlist.content.click&vd_source=bdf775a036c61c0159ac2f0c251aaeb7,7,BV1mJ64BREZY,【杨博文】闭嘴跳舞丨当主舞穿上西装就会得到,Kismet丨杨博文,2026-02-01 18:31:00,608807,34986,3900,25318,6693,447,607,3
2026-08-11 00:30:05,https://www.bilibili.com/video/BV1XA6nBGEPV/?spm_id_from=333.1387.favlist.content.click,8,BV1XA6nBGEPV,【4K精剪】希区考克 作品152 | 杨博文直拍 | 260131,underthepoplar,2026-02-01 00:23:17,1938431,23509,22101,19828,18984,4001,6895,1
2026-08-11 00:30:05,https://www.bilibili.com/video/BV1JUK56tEh5/?spm_id_from=333.1387.favlist.content.click,9,BV1JUK56tEh5,【杨博文｜音乐现场】全程舒适！跟着标准答案出发不迷路｜《全世界陪我出发》4k横屏直拍,游园会_杨博文,2026-07-16 20:06:19,158500,7752,2348,3878,5072,1951,1787,1
2026-08-11 00:30:05,https://www.bilibili.com/video/BV1kFKG6pEPe/?spm_id_from=333.1387.favlist.content.click,10,BV1kFKG6pEPe,【杨博文】夏日运动会《全世界陪我出发》4K直拍,Eternity丨杨博文,2026-07-16 19:13:38,43727,5227,722,2855,2325,37,94,1
2026-08-11 00:30:05,BV1MGYnzrE9E,11,BV1MGYnzrE9E,杨博文跳 《Centuries》帅到窒息！！竖屏4K直拍,Kismet丨杨博文,2025-08-18 02:15:37,271325,12310,6763,7932,581,958,3381,4
2026-08-11 00:30:05,BV1TLYnzzEx9,12,BV1TLYnzzEx9,舞力全开！主舞大人爽飞全场 15岁少年「杨博文」尽情演绎《Go In Blind》,Astra_杨博文,2025-08-18 00:48:26,331493,9920,5860,8920,577,717,2604,1
2026-08-11 01:00:05,https://www.bilibili.com/video/BV1EGBCBmEo8/?spm_id_from=333.1387.favlist.content.click,0,BV1EGBCBmEo8,【杨博文｜4K高清直拍】魅魔级别的《Manta》舞台，看博文如何一yeah封神,关键时刻来瓶尖叫,2025-12-27 23:15:44,1015434,12542,9846,11491,12718,1100,2412,1
2026-08-11 01:00:05,https://www.bilibili.com/video/BV1A5vkB2E1k/?spm_id_from=333.1387.favlist.content.click,1,BV1A5vkB2E1k,【杨博文】Hey Mama六机位纯舞直拍丨15岁舞台统治者的诞生，四代主舞燃炸全场！,Kismet丨杨博文,2025-12-28 22:28:16,2766912,63692,44505,46325,24147,13562,21420,28
2026-08-11 01:00:05,https://www.bilibili.com/video/BV1EQK56xEZk/?spm_id_from=333.1387.favlist.content.click,2,BV1EQK56xEZk,【杨博文｜音乐现场】｜《全世界陪我出发》4K直拍，考核第一的大C位实在太亮眼！,关键时刻来瓶尖叫,2026-07-16 20:29:02,408881,11952,3162,7126,5672,11099,8438,2
2026-08-11 01:00:05,bilibili.com/video/BV1M9ePzaELH/?spm_id_from=333.337.search-card.all.click,3,BV1M9ePzaELH,「杨博文｜卡拉永远OK」突发舞台事故？我怎么没看见,Astra_杨博文,2025-08-19 22:15:30,979992,14941,4971,10481,10712,728,669,3
2026-08-11 01:00:05,BV1s8BvBPEN5,4,BV1s8BvBPEN5,【杨博文｜4K舞台直拍】好运来祝你好运来～博文宝宝祝你新年好运来,关键时刻来瓶尖叫,2025-12-27 00:43:12,1911495,34667,16908,32125,17688,4325,4857,1
2026-08-11 01:00:05,https://www.bilibili.com/video/BV1jN64BKECs/?spm_id_from=333.337.search-card.all.click,5,BV1jN64BKECs,【杨博文｜4K直拍】跟着节奏一起《闭嘴跳舞》～,关键时刻来瓶尖叫,2026-02-01 20:20:32,1435400,26316,15933,22390,9121,2374,7155,1
2026-08-11 01:00:05,https://www.bilibili.com/video/BV1Lb6tBBEYC/?spm_id_from=333.1387.favlist.content.click&vd_source=bdf775a036c61c0159ac2f0c251aaeb7,6,BV1Lb6tBBEYC,【4K精剪】闭嘴跳舞 | 杨博文直拍 | 260201,underthepoplar,2026-02-02 00:00:55,353017,27166,14113,19175,8442,1837,3078,1
2026-08-11 01:00:05,https://www.bilibili.com/video/BV1mJ64BREZY/?spm_id_from=333.1387.favlist.content.click&vd_source=bdf775a036c61c0159ac2f0c251aaeb7,7,BV1mJ64BREZY,【杨博文】闭嘴跳舞丨当主舞穿上西装就会得到,Kismet丨杨博文,2026-02-01 18:31:00,608855,34987,3901,25320,6693,447,607,3
2026-08-11 01:00:05,https://www.bilibili.com/video/BV1XA6nBGEPV/?spm_id_from=333.1387.favlist.content.click,8,BV1XA6nBGEPV,【4K精剪】希区考克 作品152 | 杨博文直拍 | 260131,underthepoplar,2026-02-01 00:23:17,1938442,23512,22101,19830,18984,4001,6895,1
2026-08-11 01:00:05,https://www.bilibili.com/video/BV1JUK56tEh5/?spm_id_from=333.1387.favlist.content.click,9,BV1JUK56tEh5,【杨博文｜音乐现场】全程舒适！跟着标准答案出发不迷路｜《全世界陪我出发》4k横屏直拍,游园会_杨博文,2026-07-16 20:06:19,158502,7753,2348,3878,5072,1951,1787,1
2026-08-11 01:00:05,https://www.bilibili.com/video/BV1kFKG6pEPe/?spm_id_from=333.1387.favlist.content.click,10,BV1kFKG6pEPe,【杨博文】夏日运动会《全世界陪我出发》4K直拍,Eternity丨杨博文,2026-07-16 19:13:38,43729,5228,722,2855,2325,37,94,1
2026-08-11 01:00:05,BV1MGYnzrE9E,11,BV1MGYnzrE9E,杨博文跳 《Centuries》帅到窒息！！竖屏4K直拍,Kismet丨杨博文,2025-08-18 02:15:37,271338,12311,6763,7932,581,958,3381,2
2026-08-11 01:00:05,BV1TLYnzzEx9,12,BV1TLYnzzEx9,舞力全开！主舞大人爽飞全场 15岁少年「杨博文」尽情演绎《Go In Blind》,Astra_杨博文,2025-08-18 00:48:26,331539,9920,5860,8920,577,717,2604,1
2026-08-11 01:30:05,https://www.bilibili.com/video/BV1EGBCBmEo8/?spm_id_from=333.1387.favlist.content.click,0,BV1EGBCBmEo8,【杨博文｜4K高清直拍】魅魔级别的《Manta》舞台，看博文如何一yeah封神,关键时刻来瓶尖叫,2025-12-27 23:15:44,1015467,12542,9848,11491,12718,1100,2412,1
2026-08-11 01:30:05,https://www.bilibili.com/video/BV1A5vkB2E1k/?spm_id_from=333.1387.favlist.content.click,1,BV1A5vkB2E1k,【杨博文】Hey Mama六机位纯舞直拍丨15岁舞台统治者的诞生，四代主舞燃炸全场！,Kismet丨杨博文,2025-12-28 22:28:16,2767002,63692,44505,46326,24147,13562,21422,31
2026-08-11 01:30:05,https://www.bilibili.com/video/BV1EQK56xEZk/?spm_id_from=333.1387.favlist.content.click,2,BV1EQK56xEZk,【杨博文｜音乐现场】｜《全世界陪我出发》4K直拍，考核第一的大C位实在太亮眼！,关键时刻来瓶尖叫,2026-07-16 20:29:02,408969,11953,3162,7128,5672,11099,8438,3
2026-08-11 01:30:05,bilibili.com/video/BV1M9ePzaELH/?spm_id_from=333.337.search-card.all.click,3,BV1M9ePzaELH,「杨博文｜卡拉永远OK」突发舞台事故？我怎么没看见,Astra_杨博文,2025-08-19 22:15:30,980065,14942,4973,10482,10712,728,669,5
2026-08-11 01:30:05,BV1s8BvBPEN5,4,BV1s8BvBPEN5,【杨博文｜4K舞台直拍】好运来祝你好运来～博文宝宝祝你新年好运来,关键时刻来瓶尖叫,2025-12-27 00:43:12,1911503,34670,16910,32130,17688,4325,4857,1
2026-08-11 01:30:05,https://www.bilibili.com/video/BV1jN64BKECs/?spm_id_from=333.337.search-card.all.click,5,BV1jN64BKECs,【杨博文｜4K直拍】跟着节奏一起《闭嘴跳舞》～,关键时刻来瓶尖叫,2026-02-01 20:20:32,1435410,26316,15935,22394,9121,2374,7155,1
2026-08-11 01:30:05,https://www.bilibili.com/video/BV1Lb6tBBEYC/?spm_id_from=333.1387.favlist.content.click&vd_source=bdf775a036c61c0159ac2f0c251aaeb7,6,BV1Lb6tBBEYC,【4K精剪】闭嘴跳舞 | 杨博文直拍 | 260201,underthepoplar,2026-02-02 00:00:55,353024,27167,14113,19177,8442,1837,3078,1
2026-08-11 01:30:05,https://www.bilibili.com/video/BV1mJ64BREZY/?spm_id_from=333.1387.favlist.content.click&vd_source=bdf775a036c61c0159ac2f0c251aaeb7,7,BV1mJ64BREZY,【杨博文】闭嘴跳舞丨当主舞穿上西装就会得到,Kismet丨杨博文,2026-02-01 18:31:00,608918,34988,3901,25323,6693,447,607,3
2026-08-11 01:30:05,https://www.bilibili.com/video/BV1XA6nBGEPV/?spm_id_from=333.1387.favlist.content.click,8,BV1XA6nBGEPV,【4K精剪】希区考克 作品152 | 杨博文直拍 | 260131,underthepoplar,2026-02-01 00:23:17,1938449,23513,22101,19831,18984,4001,6895,1
2026-08-11 01:30:05,https://www.bilibili.com/video/BV1JUK56tEh5/?spm_id_from=333.1387.favlist.content.click,9,BV1JUK56tEh5,【杨博文｜音乐现场】全程舒适！跟着标准答案出发不迷路｜《全世界陪我出发》4k横屏直拍,游园会_杨博文,2026-07-16 20:06:19,158502,7753,2348,3878,5072,1951,1787,1
2026-08-11 01:30:05,https://www.bilibili.com/video/BV1kFKG6pEPe/?spm_id_from=333.1387.favlist.content.click,10,BV1kFKG6pEPe,【杨博文】夏日运动会《全世界陪我出发》4K直拍,Eternity丨杨博文,2026-07-16 19:13:38,43729,5229,722,2855,2325,37,94,1
2026-08-11 01:30:05,BV1MGYnzrE9E,11,BV1MGYnzrE9E,杨博文跳 《Centuries》帅到窒息！！竖屏4K直拍,Kismet丨杨博文,2025-08-18 02:15:37,271360,12312,6763,7932,581,958,3381,3
2026-08-11 01:30:05,BV1TLYnzzEx9,12,BV1TLYnzzEx9,舞力全开！主舞大人爽飞全场 15岁少年「杨博文」尽情演绎《Go In Blind》,Astra_杨博文,2025-08-18 00:48:26,331578,9921,5860,8920,577,717,2604,3
2026-08-11 02:00:05,https://www.bilibili.com/video/BV1EGBCBmEo8/?spm_id_from=333.1387.favlist.content.click,0,BV1EGBCBmEo8,【杨博文｜4K高清直拍】魅魔级别的《Manta》舞台，看博文如何一yeah封神,关键时刻来瓶尖叫,2025-12-27 23:15:44,1015493,12543,9848,11492,12718,1100,2412,1
2026-08-11 02:00:05,https://www.bilibili.com/video/BV1A5vkB2E1k/?spm_id_from=333.1387.favlist.content.click,1,BV1A5vkB2E1k,【杨博文】Hey Mama六机位纯舞直拍丨15岁舞台统治者的诞生，四代主舞燃炸全场！,Kismet丨杨博文,2025-12-28 22:28:16,2767081,63695,44509,46327,24147,13562,21422,27
2026-08-11 02:00:05,https://www.bilibili.com/video/BV1EQK56xEZk/?spm_id_from=333.1387.favlist.content.click,2,BV1EQK56xEZk,【杨博文｜音乐现场】｜《全世界陪我出发》4K直拍，考核第一的大C位实在太亮眼！,关键时刻来瓶尖叫,2026-07-16 20:29:02,409064,11954,3162,7129,5672,11099,8438,4
2026-08-11 02:00:05,bilibili.com/video/BV1M9ePzaELH/?spm_id_from=333.337.search-card.all.click,3,BV1M9ePzaELH,「杨博文｜卡拉永远OK」突发舞台事故？我怎么没看见,Astra_杨博文,2025-08-19 22:15:30,980140,14942,4973,10482,10712,728,669,3
2026-08-11 02:00:05,BV1s8BvBPEN5,4,BV1s8BvBPEN5,【杨博文｜4K舞台直拍】好运来祝你好运来～博文宝宝祝你新年好运来,关键时刻来瓶尖叫,2025-12-27 00:43:12,1911509,34670,16910,32130,17688,4325,4857,1
2026-08-11 02:00:05,https://www.bilibili.com/video/BV1jN64BKECs/?spm_id_from=333.337.search-card.all.click,5,BV1jN64BKECs,【杨博文｜4K直拍】跟着节奏一起《闭嘴跳舞》～,关键时刻来瓶尖叫,2026-02-01 20:20:32,1435419,26317,15935,22394,9121,2374,7155,1
2026-08-11 02:00:05,https://www.bilibili.com/video/BV1Lb6tBBEYC/?spm_id_from=333.1387.favlist.content.click&vd_source=bdf775a036c61c0159ac2f0c251aaeb7,6,BV1Lb6tBBEYC,【4K精剪】闭嘴跳舞 | 杨博文直拍 | 260201,underthepoplar,2026-02-02 00:00:55,353030,27168,14113,19178,8442,1837,3078,1
2026-08-11 02:00:05,https://www.bilibili.com/video/BV1mJ64BREZY/?spm_id_from=333.1387.favlist.content.click&vd_source=bdf775a036c61c0159ac2f0c251aaeb7,7,BV1mJ64BREZY,【杨博文】闭嘴跳舞丨当主舞穿上西装就会得到,Kismet丨杨博文,2026-02-01 18:31:00,608978,34988,3903,25323,6693,447,607,1
2026-08-11 02:00:05,https://www.bilibili.com/video/BV1XA6nBGEPV/?spm_id_from=333.1387.favlist.content.click,8,BV1XA6nBGEPV,【4K精剪】希区考克 作品152 | 杨博文直拍 | 260131,underthepoplar,2026-02-01 00:23:17,1938451,23513,22101,19831,18984,4001,6895,1
2026-08-11 02:00:05,https://www.bilibili.com/video/BV1JUK56tEh5/?spm_id_from=333.1387.favlist.content.click,9,BV1JUK56tEh5,【杨博文｜音乐现场】全程舒适！跟着标准答案出发不迷路｜《全世界陪我出发》4k横屏直拍,游园会_杨博文,2026-07-16 20:06:19,158505,7754,2348,3878,5072,1951,1787,1
2026-08-11 02:00:05,https://www.bilibili.com/video/BV1kFKG6pEPe/?spm_id_from=333.1387.favlist.content.click,10,BV1kFKG6pEPe,【杨博文】夏日运动会《全世界陪我出发》4K直拍,Eternity丨杨博文,2026-07-16 19:13:38,43730,5231,722,2855,2325,37,94,1
2026-08-11 02:00:05,BV1MGYnzrE9E,11,BV1MGYnzrE9E,杨博文跳 《Centuries》帅到窒息！！竖屏4K直拍,Kismet丨杨博文,2025-08-18 02:15:37,271378,12312,6763,7932,581,958,3381,3
2026-08-11 02:00:05,BV1TLYnzzEx9,12,BV1TLYnzzEx9,舞力全开！主舞大人爽飞全场 15岁少年「杨博文」尽情演绎《Go In Blind》,Astra_杨博文,2025-08-18 00:48:26,331614,9921,5860,8920,577,717,2604,4
2026-08-11 02:30:04,https://www.bilibili.com/video/BV1EGBCBmEo8/?spm_id_from=333.1387.favlist.content.click,0,BV1EGBCBmEo8,【杨博文｜4K高清直拍】魅魔级别的《Manta》舞台，看博文如何一yeah封神,关键时刻来瓶尖叫,2025-12-27 23:15:44,1015514,12543,9848,11492,12718,1100,2412,1
2026-08-11 02:30:04,https://www.bilibili.com/video/BV1A5vkB2E1k/?spm_id_from=333.1387.favlist.content.click,1,BV1A5vkB2E1k,【杨博文】Hey Mama六机位纯舞直拍丨15岁舞台统治者的诞生，四代主舞燃炸全场！,Kismet丨杨博文,2025-12-28 22:28:16,2767152,63695,44509,46329,24147,13562,21422,29
2026-08-11 02:30:04,https://www.bilibili.com/video/BV1EQK56xEZk/?spm_id_from=333.1387.favlist.content.click,2,BV1EQK56xEZk,【杨博文｜音乐现场】｜《全世界陪我出发》4K直拍，考核第一的大C位实在太亮眼！,关键时刻来瓶尖叫,2026-07-16 20:29:02,409147,11955,3164,7131,5672,11099,8438,3
2026-08-11 02:30:04,bilibili.com/video/BV1M9ePzaELH/?spm_id_from=333.337.search-card.all.click,3,BV1M9ePzaELH,「杨博文｜卡拉永远OK」突发舞台事故？我怎么没看见,Astra_杨博文,2025-08-19 22:15:30,980225,14942,4973,10484,10712,728,669,5
2026-08-11 02:30:04,BV1s8BvBPEN5,4,BV1s8BvBPEN5,【杨博文｜4K舞台直拍】好运来祝你好运来～博文宝宝祝你新年好运来,关键时刻来瓶尖叫,2025-12-27 00:43:12,1911511,34671,16910,32131,17688,4325,4857,1
2026-08-11 02:30:04,https://www.bilibili.com/video/BV1jN64BKECs/?spm_id_from=333.337.search-card.all.click,5,BV1jN64BKECs,【杨博文｜4K直拍】跟着节奏一起《闭嘴跳舞》～,关键时刻来瓶尖叫,2026-02-01 20:20:32,1435424,26317,15935,22394,9121,2374,7155,1
2026-08-11 02:30:04,https://www.bilibili.com/video/BV1Lb6tBBEYC/?spm_id_from=333.1387.favlist.content.click&vd_source=bdf775a036c61c0159ac2f0c251aaeb7,6,BV1Lb6tBBEYC,【4K精剪】闭嘴跳舞 | 杨博文直拍 | 260201,underthepoplar,2026-02-02 00:00:55,353033,27168,14113,19178,8442,1837,3078,1
2026-08-11 02:30:04,https://www.bilibili.com/video/BV1mJ64BREZY/?spm_id_from=333.1387.favlist.content.click&vd_source=bdf775a036c61c0159ac2f0c251aaeb7,7,BV1mJ64BREZY,【杨博文】闭嘴跳舞丨当主舞穿上西装就会得到,Kismet丨杨博文,2026-02-01 18:31:00,609053,34990,3905,25326,6693,447,607,3
2026-08-11 02:30:04,https://www.bilibili.com/video/BV1XA6nBGEPV/?spm_id_from=333.1387.favlist.content.click,8,BV1XA6nBGEPV,【4K精剪】希区考克 作品152 | 杨博文直拍 | 260131,underthepoplar,2026-02-01 00:23:17,1938453,23513,22101,19832,18984,4001,6895,1
2026-08-11 02:30:04,https://www.bilibili.com/video/BV1JUK56tEh5/?spm_id_from=333.1387.favlist.content.click,9,BV1JUK56tEh5,【杨博文｜音乐现场】全程舒适！跟着标准答案出发不迷路｜《全世界陪我出发》4k横屏直拍,游园会_杨博文,2026-07-16 20:06:19,158505,7754,2348,3878,5072,1951,1787,1
2026-08-11 02:30:04,https://www.bilibili.com/video/BV1kFKG6pEPe/?spm_id_from=333.1387.favlist.content.click,10,BV1kFKG6pEPe,【杨博文】夏日运动会《全世界陪我出发》4K直拍,Eternity丨杨博文,2026-07-16 19:13:38,43730,5231,722,2855,2325,37,94,1
2026-08-11 02:30:04,BV1MGYnzrE9E,11,BV1MGYnzrE9E,杨博文跳 《Centuries》帅到窒息！！竖屏4K直拍,Kismet丨杨博文,2025-08-18 02:15:37,271394,12312,6763,7932,581,958,3381,4
2026-08-11 02:30:04,BV1TLYnzzEx9,12,BV1TLYnzzEx9,舞力全开！主舞大人爽飞全场 15岁少年「杨博文」尽情演绎《Go In Blind》,Astra_杨博文,2025-08-18 00:48:26,331654,9921,5860,8920,577,717,2604,3
2026-08-11 03:00:04,https://www.bilibili.com/video/BV1EGBCBmEo8/?spm_id_from=333.1387.favlist.content.click,0,BV1EGBCBmEo8,【杨博文｜4K高清直拍】魅魔级别的《Manta》舞台，看博文如何一yeah封神,关键时刻来瓶尖叫,2025-12-27 23:15:44,1015534,12543,9848,11492,12718,1100,2412,1
2026-08-11 03:00:04,https://www.bilibili.com/video/BV1A5vkB2E1k/?spm_id_from=333.1387.favlist.content.click,1,BV1A5vkB2E1k,【杨博文】Hey Mama六机位纯舞直拍丨15岁舞台统治者的诞生，四代主舞燃炸全场！,Kismet丨杨博文,2025-12-28 22:28:16,2767242,63695,44509,46330,24147,13562,21422,26
2026-08-11 03:00:04,https://www.bilibili.com/video/BV1EQK56xEZk/?spm_id_from=333.1387.favlist.content.click,2,BV1EQK56xEZk,【杨博文｜音乐现场】｜《全世界陪我出发》4K直拍，考核第一的大C位实在太亮眼！,关键时刻来瓶尖叫,2026-07-16 20:29:02,409238,11955,3164,7131,5672,11099,8438,5
2026-08-11 03:00:04,bilibili.com/video/BV1M9ePzaELH/?spm_id_from=333.337.search-card.all.click,3,BV1M9ePzaELH,「杨博文｜卡拉永远OK」突发舞台事故？我怎么没看见,Astra_杨博文,2025-08-19 22:15:30,980314,14942,4973,10484,10712,728,669,5
2026-08-11 03:00:04,BV1s8BvBPEN5,4,BV1s8BvBPEN5,【杨博文｜4K舞台直拍】好运来祝你好运来～博文宝宝祝你新年好运来,关键时刻来瓶尖叫,2025-12-27 00:43:12,1911513,34671,16910,32131,17688,4325,4857,1
2026-08-11 03:00:04,https://www.bilibili.com/video/BV1jN64BKECs/?spm_id_from=333.337.search-card.all.click,5,BV1jN64BKECs,【杨博文｜4K直拍】跟着节奏一起《闭嘴跳舞》～,关键时刻来瓶尖叫,2026-02-01 20:20:32,1435430,26318,15935,22395,9121,2374,7155,1
2026-08-11 03:00:04,https://www.bilibili.com/video/BV1Lb6tBBEYC/?spm_id_from=333.1387.favlist.content.click&vd_source=bdf775a036c61c0159ac2f0c251aaeb7,6,BV1Lb6tBBEYC,【4K精剪】闭嘴跳舞 | 杨博文直拍 | 260201,underthepoplar,2026-02-02 00:00:55,353036,27168,14113,19178,8442,1837,3078,1
2026-08-11 03:00:04,https://www.bilibili.com/video/BV1mJ64BREZY/?spm_id_from=333.1387.favlist.content.click&vd_source=bdf775a036c61c0159ac2f0c251aaeb7,7,BV1mJ64BREZY,【杨博文】闭嘴跳舞丨当主舞穿上西装就会得到,Kismet丨杨博文,2026-02-01 18:31:00,609132,34990,3905,25326,6693,447,607,2
2026-08-11 03:00:04,https://www.bilibili.com/video/BV1XA6nBGEPV/?spm_id_from=333.1387.favlist.content.click,8,BV1XA6nBGEPV,【4K精剪】希区考克 作品152 | 杨博文直拍 | 260131,underthepoplar,2026-02-01 00:23:17,1938455,23513,22101,19832,18984,4001,6895,1
2026-08-11 03:00:04,https://www.bilibili.com/video/BV1JUK56tEh5/?spm_id_from=333.1387.favlist.content.click,9,BV1JUK56tEh5,【杨博文｜音乐现场】全程舒适！跟着标准答案出发不迷路｜《全世界陪我出发》4k横屏直拍,游园会_杨博文,2026-07-16 20:06:19,158507,7755,2348,3878,5072,1951,1787,1
2026-08-11 03:00:04,https://www.bilibili.com/video/BV1kFKG6pEPe/?spm_id_from=333.1387.favlist.content.click,10,BV1kFKG6pEPe,【杨博文】夏日运动会《全世界陪我出发》4K直拍,Eternity丨杨博文,2026-07-16 19:13:38,43730,5231,722,2855,2325,37,94,1
2026-08-11 03:00:04,BV1MGYnzrE9E,11,BV1MGYnzrE9E,杨博文跳 《Centuries》帅到窒息！！竖屏4K直拍,Kismet丨杨博文,2025-08-18 02:15:37,271411,12313,6763,7932,581,958,3381,1
2026-08-11 03:00:04,BV1TLYnzzEx9,12,BV1TLYnzzEx9,舞力全开！主舞大人爽飞全场 15岁少年「杨博文」尽情演绎《Go In Blind》,Astra_杨博文,2025-08-18 00:48:26,331688,9921,5860,8920,577,717,2604,3
2026-08-11 03:30:04,https://www.bilibili.com/video/BV1EGBCBmEo8/?spm_id_from=333.1387.favlist.content.click,0,BV1EGBCBmEo8,【杨博文｜4K高清直拍】魅魔级别的《Manta》舞台，看博文如何一yeah封神,关键时刻来瓶尖叫,2025-12-27 23:15:44,1015550,12544,9848,11493,12718,1100,2412,1
2026-08-11 03:30:04,https://www.bilibili.com/video/BV1A5vkB2E1k/?spm_id_from=333.1387.favlist.content.click,1,BV1A5vkB2E1k,【杨博文】Hey Mama六机位纯舞直拍丨15岁舞台统治者的诞生，四代主舞燃炸全场！,Kismet丨杨博文,2025-12-28 22:28:16,2767322,63695,44509,46330,24152,13562,21422,30
2026-08-11 03:30:04,https://www.bilibili.com/video/BV1EQK56xEZk/?spm_id_from=333.1387.favlist.content.click,2,BV1EQK56xEZk,【杨博文｜音乐现场】｜《全世界陪我出发》4K直拍，考核第一的大C位实在太亮眼！,关键时刻来瓶尖叫,2026-07-16 20:29:02,409328,11956,3164,7131,5672,11099,8438,4
2026-08-11 03:30:04,bilibili.com/video/BV1M9ePzaELH/?spm_id_from=333.337.search-card.all.click,3,BV1M9ePzaELH,「杨博文｜卡拉永远OK」突发舞台事故？我怎么没看见,Astra_杨博文,2025-08-19 22:15:30,980394,14942,4973,10484,10712,728,669,6
2026-08-11 03:30:04,BV1s8BvBPEN5,4,BV1s8BvBPEN5,【杨博文｜4K舞台直拍】好运来祝你好运来～博文宝宝祝你新年好运来,关键时刻来瓶尖叫,2025-12-27 00:43:12,1911515,34671,16910,32131,17693,4325,4857,1
2026-08-11 03:30:04,https://www.bilibili.com/video/BV1jN64BKECs/?spm_id_from=333.337.search-card.all.click,5,BV1jN64BKECs,【杨博文｜4K直拍】跟着节奏一起《闭嘴跳舞》～,关键时刻来瓶尖叫,2026-02-01 20:20:32,1435436,26318,15935,22395,9127,2374,7155,1
2026-08-11 03:30:04,https://www.bilibili.com/video/BV1Lb6tBBEYC/?spm_id_from=333.1387.favlist.content.click&vd_source=bdf775a036c61c0159ac2f0c251aaeb7,6,BV1Lb6tBBEYC,【4K精剪】闭嘴跳舞 | 杨博文直拍 | 260201,underthepoplar,2026-02-02 00:00:55,353037,27168,14113,19178,8448,1837,3078,1
2026-08-11 03:30:04,https://www.bilibili.com/video/BV1mJ64BREZY/?spm_id_from=333.1387.favlist.content.click&vd_source=bdf775a036c61c0159ac2f0c251aaeb7,7,BV1mJ64BREZY,【杨博文】闭嘴跳舞丨当主舞穿上西装就会得到,Kismet丨杨博文,2026-02-01 18:31:00,609211,34990,3905,25326,6698,447,607,5
2026-08-11 03:30:04,https://www.bilibili.com/video/BV1XA6nBGEPV/?spm_id_from=333.1387.favlist.content.click,8,BV1XA6nBGEPV,【4K精剪】希区考克 作品152 | 杨博文直拍 | 260131,underthepoplar,2026-02-01 00:23:17,1938457,23513,22101,19832,18984,4001,6895,1
2026-08-11 03:30:04,https://www.bilibili.com/video/BV1JUK56tEh5/?spm_id_from=333.1387.favlist.content.click,9,BV1JUK56tEh5,【杨博文｜音乐现场】全程舒适！跟着标准答案出发不迷路｜《全世界陪我出发》4k横屏直拍,游园会_杨博文,2026-07-16 20:06:19,158507,7755,2348,3878,5072,1951,1787,1
2026-08-11 03:30:04,https://www.bilibili.com/video/BV1kFKG6pEPe/?spm_id_from=333.1387.favlist.content.click,10,BV1kFKG6pEPe,【杨博文】夏日运动会《全世界陪我出发》4K直拍,Eternity丨杨博文,2026-07-16 19:13:38,43733,5232,722,2855,2325,37,94,1
2026-08-11 03:30:04,BV1MGYnzrE9E,11,BV1MGYnzrE9E,杨博文跳 《Centuries》帅到窒息！！竖屏4K直拍,Kismet丨杨博文,2025-08-18 02:15:37,271427,12313,6763,7932,581,958,3381,5
2026-08-11 03:30:04,BV1TLYnzzEx9,12,BV1TLYnzzEx9,舞力全开！主舞大人爽飞全场 15岁少年「杨博文」尽情演绎《Go In Blind》,Astra_杨博文,2025-08-18 00:48:26,331721,9922,5860,8921,577,717,2604,4
2026-08-11 04:00:05,https://www.bilibili.com/video/BV1EGBCBmEo8/?spm_id_from=333.1387.favlist.content.click,0,BV1EGBCBmEo8,【杨博文｜4K高清直拍】魅魔级别的《Manta》舞台，看博文如何一yeah封神,关键时刻来瓶尖叫,2025-12-27 23:15:44,1015564,12544,9848,11493,12718,1100,2412,1
2026-08-11 04:00:05,https://www.bilibili.com/video/BV1A5vkB2E1k/?spm_id_from=333.1387.favlist.content.click,1,BV1A5vkB2E1k,【杨博文】Hey Mama六机位纯舞直拍丨15岁舞台统治者的诞生，四代主舞燃炸全场！,Kismet丨杨博文,2025-12-28 22:28:16,2767388,63695,44509,46330,24159,13562,21422,28
2026-08-11 04:00:05,https://www.bilibili.com/video/BV1EQK56xEZk/?spm_id_from=333.1387.favlist.content.click,2,BV1EQK56xEZk,【杨博文｜音乐现场】｜《全世界陪我出发》4K直拍，考核第一的大C位实在太亮眼！,关键时刻来瓶尖叫,2026-07-16 20:29:02,409412,11957,3164,7131,5672,11099,8438,5
2026-08-11 04:00:05,bilibili.com/video/BV1M9ePzaELH/?spm_id_from=333.337.search-card.all.click,3,BV1M9ePzaELH,「杨博文｜卡拉永远OK」突发舞台事故？我怎么没看见,Astra_杨博文,2025-08-19 22:15:30,980472,14942,4973,10484,10712,728,669,6
2026-08-11 04:00:05,BV1s8BvBPEN5,4,BV1s8BvBPEN5,【杨博文｜4K舞台直拍】好运来祝你好运来～博文宝宝祝你新年好运来,关键时刻来瓶尖叫,2025-12-27 00:43:12,1911520,34671,16910,32131,17700,4325,4857,1
2026-08-11 04:00:05,https://www.bilibili.com/video/BV1jN64BKECs/?spm_id_from=333.337.search-card.all.click,5,BV1jN64BKECs,【杨博文｜4K直拍】跟着节奏一起《闭嘴跳舞》～,关键时刻来瓶尖叫,2026-02-01 20:20:32,1435436,26318,15935,22395,9133,2374,7155,1
2026-08-11 04:00:05,https://www.bilibili.com/video/BV1Lb6tBBEYC/?spm_id_from=333.1387.favlist.content.click&vd_source=bdf775a036c61c0159ac2f0c251aaeb7,6,BV1Lb6tBBEYC,【4K精剪】闭嘴跳舞 | 杨博文直拍 | 260201,underthepoplar,2026-02-02 00:00:55,353038,27168,14113,19178,8455,1837,3078,1
2026-08-11 04:00:05,https://www.bilibili.com/video/BV1mJ64BREZY/?spm_id_from=333.1387.favlist.content.click&vd_source=bdf775a036c61c0159ac2f0c251aaeb7,7,BV1mJ64BREZY,【杨博文】闭嘴跳舞丨当主舞穿上西装就会得到,Kismet丨杨博文,2026-02-01 18:31:00,609287,34990,3905,25326,6705,447,607,3
2026-08-11 04:00:05,https://www.bilibili.com/video/BV1XA6nBGEPV/?spm_id_from=333.1387.favlist.content.click,8,BV1XA6nBGEPV,【4K精剪】希区考克 作品152 | 杨博文直拍 | 260131,underthepoplar,2026-02-01 00:23:17,1938461,23513,22101,19832,18984,4001,6895,1
2026-08-11 04:00:05,https://www.bilibili.com/video/BV1JUK56tEh5/?spm_id_from=333.1387.favlist.content.click,9,BV1JUK56tEh5,【杨博文｜音乐现场】全程舒适！跟着标准答案出发不迷路｜《全世界陪我出发》4k横屏直拍,游园会_杨博文,2026-07-16 20:06:19,158508,7756,2348,3878,5072,1951,1787,1
2026-08-11 04:00:05,https://www.bilibili.com/video/BV1kFKG6pEPe/?spm_id_from=333.1387.favlist.content.click,10,BV1kFKG6pEPe,【杨博文】夏日运动会《全世界陪我出发》4K直拍,Eternity丨杨博文,2026-07-16 19:13:38,43733,5232,722,2855,2325,37,94,1
2026-08-11 04:00:05,BV1MGYnzrE9E,11,BV1MGYnzrE9E,杨博文跳 《Centuries》帅到窒息！！竖屏4K直拍,Kismet丨杨博文,2025-08-18 02:15:37,271444,12313,6763,7932,581,958,3381,2
2026-08-11 04:00:05,BV1TLYnzzEx9,12,BV1TLYnzzEx9,舞力全开！主舞大人爽飞全场 15岁少年「杨博文」尽情演绎《Go In Blind》,Astra_杨博文,2025-08-18 00:48:26,331743,9922,5860,8921,577,717,2604,3
2026-08-11 04:30:05,https://www.bilibili.com/video/BV1EGBCBmEo8/?spm_id_from=333.1387.favlist.content.click,0,BV1EGBCBmEo8,【杨博文｜4K高清直拍】魅魔级别的《Manta》舞台，看博文如何一yeah封神,关键时刻来瓶尖叫,2025-12-27 23:15:44,1015577,12544,9848,11493,12718,1100,2412,1
2026-08-11 04:30:05,https://www.bilibili.com/video/BV1A5vkB2E1k/?spm_id_from=333.1387.favlist.content.click,1,BV1A5vkB2E1k,【杨博文】Hey Mama六机位纯舞直拍丨15岁舞台统治者的诞生，四代主舞燃炸全场！,Kismet丨杨博文,2025-12-28 22:28:16,2767469,63695,44509,46330,24160,13562,21422,27
2026-08-11 04:30:05,https://www.bilibili.com/video/BV1EQK56xEZk/?spm_id_from=333.1387.favlist.content.click,2,BV1EQK56xEZk,【杨博文｜音乐现场】｜《全世界陪我出发》4K直拍，考核第一的大C位实在太亮眼！,关键时刻来瓶尖叫,2026-07-16 20:29:02,409496,11957,3164,7131,5672,11099,8438,2
2026-08-11 04:30:05,bilibili.com/video/BV1M9ePzaELH/?spm_id_from=333.337.search-card.all.click,3,BV1M9ePzaELH,「杨博文｜卡拉永远OK」突发舞台事故？我怎么没看见,Astra_杨博文,2025-08-19 22:15:30,980555,14942,4973,10484,10712,728,669,4
2026-08-11 04:30:05,BV1s8BvBPEN5,4,BV1s8BvBPEN5,【杨博文｜4K舞台直拍】好运来祝你好运来～博文宝宝祝你新年好运来,关键时刻来瓶尖叫,2025-12-27 00:43:12,1911524,34671,16910,32131,17701,4325,4857,1
2026-08-11 04:30:05,https://www.bilibili.com/video/BV1jN64BKECs/?spm_id_from=333.337.search-card.all.click,5,BV1jN64BKECs,【杨博文｜4K直拍】跟着节奏一起《闭嘴跳舞》～,关键时刻来瓶尖叫,2026-02-01 20:20:32,1435438,26319,15937,22396,9135,2374,7155,1
2026-08-11 04:30:05,https://www.bilibili.com/video/BV1Lb6tBBEYC/?spm_id_from=333.1387.favlist.content.click&vd_source=bdf775a036c61c0159ac2f0c251aaeb7,6,BV1Lb6tBBEYC,【4K精剪】闭嘴跳舞 | 杨博文直拍 | 260201,underthepoplar,2026-02-02 00:00:55,353042,27169,14115,19179,8456,1837,3078,1
2026-08-11 04:30:05,https://www.bilibili.com/video/BV1mJ64BREZY/?spm_id_from=333.1387.favlist.content.click&vd_source=bdf775a036c61c0159ac2f0c251aaeb7,7,BV1mJ64BREZY,【杨博文】闭嘴跳舞丨当主舞穿上西装就会得到,Kismet丨杨博文,2026-02-01 18:31:00,609366,34990,3905,25326,6706,447,607,2
2026-08-11 04:30:05,https://www.bilibili.com/video/BV1XA6nBGEPV/?spm_id_from=333.1387.favlist.content.click,8,BV1XA6nBGEPV,【4K精剪】希区考克 作品152 | 杨博文直拍 | 260131,underthepoplar,2026-02-01 00:23:17,1938462,23513,22101,19832,18984,4001,6895,1
2026-08-11 04:30:05,https://www.bilibili.com/video/BV1JUK56tEh5/?spm_id_from=333.1387.favlist.content.click,9,BV1JUK56tEh5,【杨博文｜音乐现场】全程舒适！跟着标准答案出发不迷路｜《全世界陪我出发》4k横屏直拍,游园会_杨博文,2026-07-16 20:06:19,158508,7756,2348,3878,5072,1951,1787,1
2026-08-11 04:30:05,https://www.bilibili.com/video/BV1kFKG6pEPe/?spm_id_from=333.1387.favlist.content.click,10,BV1kFKG6pEPe,【杨博文】夏日运动会《全世界陪我出发》4K直拍,Eternity丨杨博文,2026-07-16 19:13:38,43734,5232,722,2855,2325,37,94,1
2026-08-11 04:30:05,BV1MGYnzrE9E,11,BV1MGYnzrE9E,杨博文跳 《Centuries》帅到窒息！！竖屏4K直拍,Kismet丨杨博文,2025-08-18 02:15:37,271461,12313,6763,7932,581,958,3381,2
2026-08-11 04:30:05,BV1TLYnzzEx9,12,BV1TLYnzzEx9,舞力全开！主舞大人爽飞全场 15岁少年「杨博文」尽情演绎《Go In Blind》,Astra_杨博文,2025-08-18 00:48:26,331768,9922,5860,8921,577,717,2604,2
2026-08-11 05:00:05,https://www.bilibili.com/video/BV1EGBCBmEo8/?spm_id_from=333.1387.favlist.content.click,0,BV1EGBCBmEo8,【杨博文｜4K高清直拍】魅魔级别的《Manta》舞台，看博文如何一yeah封神,关键时刻来瓶尖叫,2025-12-27 23:15:44,1015591,12545,9848,11491,12718,1100,2412,1
2026-08-11 05:00:05,https://www.bilibili.com/video/BV1A5vkB2E1k/?spm_id_from=333.1387.favlist.content.click,1,BV1A5vkB2E1k,【杨博文】Hey Mama六机位纯舞直拍丨15岁舞台统治者的诞生，四代主舞燃炸全场！,Kismet丨杨博文,2025-12-28 22:28:16,2767543,63697,44511,46330,24160,13562,21422,28
2026-08-11 05:00:05,https://www.bilibili.com/video/BV1EQK56xEZk/?spm_id_from=333.1387.favlist.content.click,2,BV1EQK56xEZk,【杨博文｜音乐现场】｜《全世界陪我出发》4K直拍，考核第一的大C位实在太亮眼！,关键时刻来瓶尖叫,2026-07-16 20:29:02,409593,11959,3164,7131,5672,11099,8438,3
2026-08-11 05:00:05,bilibili.com/video/BV1M9ePzaELH/?spm_id_from=333.337.search-card.all.click,3,BV1M9ePzaELH,「杨博文｜卡拉永远OK」突发舞台事故？我怎么没看见,Astra_杨博文,2025-08-19 22:15:30,980656,14942,4973,10483,10712,728,669,4
2026-08-11 05:00:05,BV1s8BvBPEN5,4,BV1s8BvBPEN5,【杨博文｜4K舞台直拍】好运来祝你好运来～博文宝宝祝你新年好运来,关键时刻来瓶尖叫,2025-12-27 00:43:12,1911527,34671,16910,32131,17701,4325,4857,1
2026-08-11 05:00:05,https://www.bilibili.com/video/BV1jN64BKECs/?spm_id_from=333.337.search-card.all.click,5,BV1jN64BKECs,【杨博文｜4K直拍】跟着节奏一起《闭嘴跳舞》～,关键时刻来瓶尖叫,2026-02-01 20:20:32,1435442,26321,15939,22397,9135,2374,7155,1
2026-08-11 05:00:05,https://www.bilibili.com/video/BV1Lb6tBBEYC/?spm_id_from=333.1387.favlist.content.click&vd_source=bdf775a036c61c0159ac2f0c251aaeb7,6,BV1Lb6tBBEYC,【4K精剪】闭嘴跳舞 | 杨博文直拍 | 260201,underthepoplar,2026-02-02 00:00:55,353043,27169,14115,19179,8456,1837,3078,1
2026-08-11 05:00:05,https://www.bilibili.com/video/BV1mJ64BREZY/?spm_id_from=333.1387.favlist.content.click&vd_source=bdf775a036c61c0159ac2f0c251aaeb7,7,BV1mJ64BREZY,【杨博文】闭嘴跳舞丨当主舞穿上西装就会得到,Kismet丨杨博文,2026-02-01 18:31:00,609454,34990,3905,25327,6706,447,607,6
2026-08-11 05:00:05,https://www.bilibili.com/video/BV1XA6nBGEPV/?spm_id_from=333.1387.favlist.content.click,8,BV1XA6nBGEPV,【4K精剪】希区考克 作品152 | 杨博文直拍 | 260131,underthepoplar,2026-02-01 00:23:17,1938465,23513,22101,19832,18984,4001,6895,1
2026-08-11 05:00:05,https://www.bilibili.com/video/BV1JUK56tEh5/?spm_id_from=333.1387.favlist.content.click,9,BV1JUK56tEh5,【杨博文｜音乐现场】全程舒适！跟着标准答案出发不迷路｜《全世界陪我出发》4k横屏直拍,游园会_杨博文,2026-07-16 20:06:19,158514,7756,2348,3878,5072,1951,1787,1
2026-08-11 05:00:05,https://www.bilibili.com/video/BV1kFKG6pEPe/?spm_id_from=333.1387.favlist.content.click,10,BV1kFKG6pEPe,【杨博文】夏日运动会《全世界陪我出发》4K直拍,Eternity丨杨博文,2026-07-16 19:13:38,43734,5232,722,2855,2325,37,94,1
2026-08-11 05:00:05,BV1MGYnzrE9E,11,BV1MGYnzrE9E,杨博文跳 《Centuries》帅到窒息！！竖屏4K直拍,Kismet丨杨博文,2025-08-18 02:15:37,271477,12313,6763,7932,581,958,3381,5
2026-08-11 05:00:05,BV1TLYnzzEx9,12,BV1TLYnzzEx9,舞力全开！主舞大人爽飞全场 15岁少年「杨博文」尽情演绎《Go In Blind》,Astra_杨博文,2025-08-18 00:48:26,331791,9922,5860,8921,577,717,2604,4
2026-08-11 05:30:06,https://www.bilibili.com/video/BV1EGBCBmEo8/?spm_id_from=333.1387.favlist.content.click,0,BV1EGBCBmEo8,【杨博文｜4K高清直拍】魅魔级别的《Manta》舞台，看博文如何一yeah封神,关键时刻来瓶尖叫,2025-12-27 23:15:44,1015604,12546,9848,11492,12718,1100,2412,1
2026-08-11 05:30:06,https://www.bilibili.com/video/BV1A5vkB2E1k/?spm_id_from=333.1387.favlist.content.click,1,BV1A5vkB2E1k,【杨博文】Hey Mama六机位纯舞直拍丨15岁舞台统治者的诞生，四代主舞燃炸全场！,Kismet丨杨博文,2025-12-28 22:28:16,2767619,63698,44511,46329,24164,13562,21422,31
2026-08-11 05:30:06,https://www.bilibili.com/video/BV1EQK56xEZk/?spm_id_from=333.1387.favlist.content.click,2,BV1EQK56xEZk,【杨博文｜音乐现场】｜《全世界陪我出发》4K直拍，考核第一的大C位实在太亮眼！,关键时刻来瓶尖叫,2026-07-16 20:29:02,409683,11961,3164,7131,5672,11099,8438,5
2026-08-11 05:30:06,bilibili.com/video/BV1M9ePzaELH/?spm_id_from=333.337.search-card.all.click,3,BV1M9ePzaELH,「杨博文｜卡拉永远OK」突发舞台事故？我怎么没看见,Astra_杨博文,2025-08-19 22:15:30,980762,14944,4975,10485,10712,728,669,8
2026-08-11 05:30:06,BV1s8BvBPEN5,4,BV1s8BvBPEN5,【杨博文｜4K舞台直拍】好运来祝你好运来～博文宝宝祝你新年好运来,关键时刻来瓶尖叫,2025-12-27 00:43:12,1911531,34671,16910,32131,17703,4325,4857,1
2026-08-11 05:30:06,https://www.bilibili.com/video/BV1jN64BKECs/?spm_id_from=333.337.search-card.all.click,5,BV1jN64BKECs,【杨博文｜4K直拍】跟着节奏一起《闭嘴跳舞》～,关键时刻来瓶尖叫,2026-02-01 20:20:32,1435442,26321,15939,22397,9138,2374,7155,1
2026-08-11 05:30:06,https://www.bilibili.com/video/BV1Lb6tBBEYC/?spm_id_from=333.1387.favlist.content.click&vd_source=bdf775a036c61c0159ac2f0c251aaeb7,6,BV1Lb6tBBEYC,【4K精剪】闭嘴跳舞 | 杨博文直拍 | 260201,underthepoplar,2026-02-02 00:00:55,353045,27169,14115,19179,8459,1837,3078,1
2026-08-11 05:30:06,https://www.bilibili.com/video/BV1mJ64BREZY/?spm_id_from=333.1387.favlist.content.click&vd_source=bdf775a036c61c0159ac2f0c251aaeb7,7,BV1mJ64BREZY,【杨博文】闭嘴跳舞丨当主舞穿上西装就会得到,Kismet丨杨博文,2026-02-01 18:31:00,609540,34990,3905,25327,6708,447,607,5
2026-08-11 05:30:06,https://www.bilibili.com/video/BV1XA6nBGEPV/?spm_id_from=333.1387.favlist.content.click,8,BV1XA6nBGEPV,【4K精剪】希区考克 作品152 | 杨博文直拍 | 260131,underthepoplar,2026-02-01 00:23:17,1938466,23514,22103,19833,18984,4001,6895,1
2026-08-11 05:30:06,https://www.bilibili.com/video/BV1JUK56tEh5/?spm_id_from=333.1387.favlist.content.click,9,BV1JUK56tEh5,【杨博文｜音乐现场】全程舒适！跟着标准答案出发不迷路｜《全世界陪我出发》4k横屏直拍,游园会_杨博文,2026-07-16 20:06:19,158519,7757,2349,3878,5073,1951,1787,1
2026-08-11 05:30:06,https://www.bilibili.com/video/BV1kFKG6pEPe/?spm_id_from=333.1387.favlist.content.click,10,BV1kFKG6pEPe,【杨博文】夏日运动会《全世界陪我出发》4K直拍,Eternity丨杨博文,2026-07-16 19:13:38,43734,5232,722,2855,2325,37,94,1
2026-08-11 05:30:06,BV1MGYnzrE9E,11,BV1MGYnzrE9E,杨博文跳 《Centuries》帅到窒息！！竖屏4K直拍,Kismet丨杨博文,2025-08-18 02:15:37,271494,12313,6763,7932,581,958,3381,4
2026-08-11 05:30:06,BV1TLYnzzEx9,12,BV1TLYnzzEx9,舞力全开！主舞大人爽飞全场 15岁少年「杨博文」尽情演绎《Go In Blind》,Astra_杨博文,2025-08-18 00:48:26,331820,9922,5860,8921,577,717,2604,4
2026-08-11 06:00:06,https://www.bilibili.com/video/BV1EGBCBmEo8/?spm_id_from=333.1387.favlist.content.click,0,BV1EGBCBmEo8,【杨博文｜4K高清直拍】魅魔级别的《Manta》舞台，看博文如何一yeah封神,关键时刻来瓶尖叫,2025-12-27 23:15:44,1015613,12546,9848,11492,12718,1100,2412,1
2026-08-11 06:00:06,https://www.bilibili.com/video/BV1A5vkB2E1k/?spm_id_from=333.1387.favlist.content.click,1,BV1A5vkB2E1k,【杨博文】Hey Mama六机位纯舞直拍丨15岁舞台统治者的诞生，四代主舞燃炸全场！,Kismet丨杨博文,2025-12-28 22:28:16,2767674,63698,44511,46329,24171,13562,21422,30
2026-08-11 06:00:06,https://www.bilibili.com/video/BV1EQK56xEZk/?spm_id_from=333.1387.favlist.content.click,2,BV1EQK56xEZk,【杨博文｜音乐现场】｜《全世界陪我出发》4K直拍，考核第一的大C位实在太亮眼！,关键时刻来瓶尖叫,2026-07-16 20:29:02,409761,11961,3164,7131,5672,11099,8438,4
2026-08-11 06:00:06,bilibili.com/video/BV1M9ePzaELH/?spm_id_from=333.337.search-card.all.click,3,BV1M9ePzaELH,「杨博文｜卡拉永远OK」突发舞台事故？我怎么没看见,Astra_杨博文,2025-08-19 22:15:30,980856,14943,4975,10484,10712,728,669,4
2026-08-11 06:00:06,BV1s8BvBPEN5,4,BV1s8BvBPEN5,【杨博文｜4K舞台直拍】好运来祝你好运来～博文宝宝祝你新年好运来,关键时刻来瓶尖叫,2025-12-27 00:43:12,1911536,34671,16910,32130,17711,4325,4857,1
2026-08-11 06:00:06,https://www.bilibili.com/video/BV1jN64BKECs/?spm_id_from=333.337.search-card.all.click,5,BV1jN64BKECs,【杨博文｜4K直拍】跟着节奏一起《闭嘴跳舞》～,关键时刻来瓶尖叫,2026-02-01 20:20:32,1435443,26321,15939,22398,9145,2374,7155,1
2026-08-11 06:00:06,https://www.bilibili.com/video/BV1Lb6tBBEYC/?spm_id_from=333.1387.favlist.content.click&vd_source=bdf775a036c61c0159ac2f0c251aaeb7,6,BV1Lb6tBBEYC,【4K精剪】闭嘴跳舞 | 杨博文直拍 | 260201,underthepoplar,2026-02-02 00:00:55,353047,27169,14115,19179,8466,1837,3078,1
2026-08-11 06:00:06,https://www.bilibili.com/video/BV1mJ64BREZY/?spm_id_from=333.1387.favlist.content.click&vd_source=bdf775a036c61c0159ac2f0c251aaeb7,7,BV1mJ64BREZY,【杨博文】闭嘴跳舞丨当主舞穿上西装就会得到,Kismet丨杨博文,2026-02-01 18:31:00,609614,34990,3905,25327,6716,447,607,4
2026-08-11 06:00:06,https://www.bilibili.com/video/BV1XA6nBGEPV/?spm_id_from=333.1387.favlist.content.click,8,BV1XA6nBGEPV,【4K精剪】希区考克 作品152 | 杨博文直拍 | 260131,underthepoplar,2026-02-01 00:23:17,1938467,23514,22103,19833,18984,4001,6895,1
2026-08-11 06:00:06,https://www.bilibili.com/video/BV1JUK56tEh5/?spm_id_from=333.1387.favlist.content.click,9,BV1JUK56tEh5,【杨博文｜音乐现场】全程舒适！跟着标准答案出发不迷路｜《全世界陪我出发》4k横屏直拍,游园会_杨博文,2026-07-16 20:06:19,158524,7758,2349,3878,5073,1951,1787,1
2026-08-11 06:00:06,https://www.bilibili.com/video/BV1kFKG6pEPe/?spm_id_from=333.1387.favlist.content.click,10,BV1kFKG6pEPe,【杨博文】夏日运动会《全世界陪我出发》4K直拍,Eternity丨杨博文,2026-07-16 19:13:38,43735,5233,722,2856,2325,37,94,1
2026-08-11 06:00:06,BV1MGYnzrE9E,11,BV1MGYnzrE9E,杨博文跳 《Centuries》帅到窒息！！竖屏4K直拍,Kismet丨杨博文,2025-08-18 02:15:37,271511,12313,6763,7933,581,958,3381,2
2026-08-11 06:00:06,BV1TLYnzzEx9,12,BV1TLYnzzEx9,舞力全开！主舞大人爽飞全场 15岁少年「杨博文」尽情演绎《Go In Blind》,Astra_杨博文,2025-08-18 00:48:26,331849,9922,5860,8921,577,717,2604,2
2026-08-11 06:30:07,https://www.bilibili.com/video/BV1EGBCBmEo8/?spm_id_from=333.1387.favlist.content.click,0,BV1EGBCBmEo8,【杨博文｜4K高清直拍】魅魔级别的《Manta》舞台，看博文如何一yeah封神,关键时刻来瓶尖叫,2025-12-27 23:15:44,1015624,12546,9848,11492,12718,1100,2412,1
2026-08-11 06:30:07,https://www.bilibili.com/video/BV1A5vkB2E1k/?spm_id_from=333.1387.favlist.content.click,1,BV1A5vkB2E1k,【杨博文】Hey Mama六机位纯舞直拍丨15岁舞台统治者的诞生，四代主舞燃炸全场！,Kismet丨杨博文,2025-12-28 22:28:16,2767729,63698,44511,46329,24173,13562,21422,29
2026-08-11 06:30:07,https://www.bilibili.com/video/BV1EQK56xEZk/?spm_id_from=333.1387.favlist.content.click,2,BV1EQK56xEZk,【杨博文｜音乐现场】｜《全世界陪我出发》4K直拍，考核第一的大C位实在太亮眼！,关键时刻来瓶尖叫,2026-07-16 20:29:02,409831,11962,3164,7131,5672,11099,8438,4
2026-08-11 06:30:07,bilibili.com/video/BV1M9ePzaELH/?spm_id_from=333.337.search-card.all.click,3,BV1M9ePzaELH,「杨博文｜卡拉永远OK」突发舞台事故？我怎么没看见,Astra_杨博文,2025-08-19 22:15:30,980949,14943,4975,10484,10712,728,669,5
2026-08-11 06:30:07,BV1s8BvBPEN5,4,BV1s8BvBPEN5,【杨博文｜4K舞台直拍】好运来祝你好运来～博文宝宝祝你新年好运来,关键时刻来瓶尖叫,2025-12-27 00:43:12,1911539,34671,16910,32130,17713,4325,4857,1
2026-08-11 06:30:07,https://www.bilibili.com/video/BV1jN64BKECs/?spm_id_from=333.337.search-card.all.click,5,BV1jN64BKECs,【杨博文｜4K直拍】跟着节奏一起《闭嘴跳舞》～,关键时刻来瓶尖叫,2026-02-01 20:20:32,1435444,26321,15939,22398,9147,2374,7155,1
2026-08-11 06:30:07,https://www.bilibili.com/video/BV1Lb6tBBEYC/?spm_id_from=333.1387.favlist.content.click&vd_source=bdf775a036c61c0159ac2f0c251aaeb7,6,BV1Lb6tBBEYC,【4K精剪】闭嘴跳舞 | 杨博文直拍 | 260201,underthepoplar,2026-02-02 00:00:55,353048,27169,14115,19179,8468,1837,3078,1
2026-08-11 06:30:07,https://www.bilibili.com/video/BV1mJ64BREZY/?spm_id_from=333.1387.favlist.content.click&vd_source=bdf775a036c61c0159ac2f0c251aaeb7,7,BV1mJ64BREZY,【杨博文】闭嘴跳舞丨当主舞穿上西装就会得到,Kismet丨杨博文,2026-02-01 18:31:00,609683,34990,3905,25327,6718,447,607,4
2026-08-11 06:30:07,https://www.bilibili.com/video/BV1XA6nBGEPV/?spm_id_from=333.1387.favlist.content.click,8,BV1XA6nBGEPV,【4K精剪】希区考克 作品152 | 杨博文直拍 | 260131,underthepoplar,2026-02-01 00:23:17,1938469,23514,22103,19833,18984,4001,6895,1
2026-08-11 06:30:07,https://www.bilibili.com/video/BV1JUK56tEh5/?spm_id_from=333.1387.favlist.content.click,9,BV1JUK56tEh5,【杨博文｜音乐现场】全程舒适！跟着标准答案出发不迷路｜《全世界陪我出发》4k横屏直拍,游园会_杨博文,2026-07-16 20:06:19,158527,7758,2349,3878,5073,1951,1787,1
2026-08-11 06:30:07,https://www.bilibili.com/video/BV1kFKG6pEPe/?spm_id_from=333.1387.favlist.content.click,10,BV1kFKG6pEPe,【杨博文】夏日运动会《全世界陪我出发》4K直拍,Eternity丨杨博文,2026-07-16 19:13:38,43735,5233,722,2856,2325,37,94,1
2026-08-11 06:30:07,BV1MGYnzrE9E,11,BV1MGYnzrE9E,杨博文跳 《Centuries》帅到窒息！！竖屏4K直拍,Kismet丨杨博文,2025-08-18 02:15:37,271528,12313,6763,7933,581,958,3381,3
2026-08-11 06:30:07,BV1TLYnzzEx9,12,BV1TLYnzzEx9,舞力全开！主舞大人爽飞全场 15岁少年「杨博文」尽情演绎《Go In Blind》,Astra_杨博文,2025-08-18 00:48:26,331876,9922,5860,8921,577,717,2604,4
2026-08-11 07:00:07,https://www.bilibili.com/video/BV1EGBCBmEo8/?spm_id_from=333.1387.favlist.content.click,0,BV1EGBCBmEo8,【杨博文｜4K高清直拍】魅魔级别的《Manta》舞台，看博文如何一yeah封神,关键时刻来瓶尖叫,2025-12-27 23:15:44,1015634,12546,9848,11492,12718,1100,2412,1
2026-08-11 07:00:07,https://www.bilibili.com/video/BV1A5vkB2E1k/?spm_id_from=333.1387.favlist.content.click,1,BV1A5vkB2E1k,【杨博文】Hey Mama六机位纯舞直拍丨15岁舞台统治者的诞生，四代主舞燃炸全场！,Kismet丨杨博文,2025-12-28 22:28:16,2767785,63699,44511,46329,24174,13562,21453,29
2026-08-11 07:00:07,https://www.bilibili.com/video/BV1EQK56xEZk/?spm_id_from=333.1387.favlist.content.click,2,BV1EQK56xEZk,【杨博文｜音乐现场】｜《全世界陪我出发》4K直拍，考核第一的大C位实在太亮眼！,关键时刻来瓶尖叫,2026-07-16 20:29:02,409903,11963,3164,7131,5672,11099,8438,3
2026-08-11 07:00:07,bilibili.com/video/BV1M9ePzaELH/?spm_id_from=333.337.search-card.all.click,3,BV1M9ePzaELH,「杨博文｜卡拉永远OK」突发舞台事故？我怎么没看见,Astra_杨博文,2025-08-19 22:15:30,981031,14943,4975,10484,10712,728,669,4
2026-08-11 07:00:07,BV1s8BvBPEN5,4,BV1s8BvBPEN5,【杨博文｜4K舞台直拍】好运来祝你好运来～博文宝宝祝你新年好运来,关键时刻来瓶尖叫,2025-12-27 00:43:12,1911541,34671,16910,32130,17713,4325,4857,1
2026-08-11 07:00:07,https://www.bilibili.com/video/BV1jN64BKECs/?spm_id_from=333.337.search-card.all.click,5,BV1jN64BKECs,【杨博文｜4K直拍】跟着节奏一起《闭嘴跳舞》～,关键时刻来瓶尖叫,2026-02-01 20:20:32,1435446,26322,15939,22399,9147,2374,7155,1
2026-08-11 07:00:07,https://www.bilibili.com/video/BV1Lb6tBBEYC/?spm_id_from=333.1387.favlist.content.click&vd_source=bdf775a036c61c0159ac2f0c251aaeb7,6,BV1Lb6tBBEYC,【4K精剪】闭嘴跳舞 | 杨博文直拍 | 260201,underthepoplar,2026-02-02 00:00:55,353050,27169,14115,19179,8468,1837,3078,1
2026-08-11 07:00:07,https://www.bilibili.com/video/BV1mJ64BREZY/?spm_id_from=333.1387.favlist.content.click&vd_source=bdf775a036c61c0159ac2f0c251aaeb7,7,BV1mJ64BREZY,【杨博文】闭嘴跳舞丨当主舞穿上西装就会得到,Kismet丨杨博文,2026-02-01 18:31:00,609746,34990,3905,25327,6718,447,607,3
2026-08-11 07:00:07,https://www.bilibili.com/video/BV1XA6nBGEPV/?spm_id_from=333.1387.favlist.content.click,8,BV1XA6nBGEPV,【4K精剪】希区考克 作品152 | 杨博文直拍 | 260131,underthepoplar,2026-02-01 00:23:17,1938470,23514,22103,19833,18984,4001,6895,1
2026-08-11 07:00:07,https://www.bilibili.com/video/BV1JUK56tEh5/?spm_id_from=333.1387.favlist.content.click,9,BV1JUK56tEh5,【杨博文｜音乐现场】全程舒适！跟着标准答案出发不迷路｜《全世界陪我出发》4k横屏直拍,游园会_杨博文,2026-07-16 20:06:19,158532,7758,2349,3879,5073,1951,1787,1
2026-08-11 07:00:07,https://www.bilibili.com/video/BV1kFKG6pEPe/?spm_id_from=333.1387.favlist.content.click,10,BV1kFKG6pEPe,【杨博文】夏日运动会《全世界陪我出发》4K直拍,Eternity丨杨博文,2026-07-16 19:13:38,43735,5234,722,2856,2325,37,94,1
2026-08-11 07:00:07,BV1MGYnzrE9E,11,BV1MGYnzrE9E,杨博文跳 《Centuries》帅到窒息！！竖屏4K直拍,Kismet丨杨博文,2025-08-18 02:15:37,271544,12313,6763,7933,581,958,3381,3
2026-08-11 07:00:07,BV1TLYnzzEx9,12,BV1TLYnzzEx9,舞力全开！主舞大人爽飞全场 15岁少年「杨博文」尽情演绎《Go In Blind》,Astra_杨博文,2025-08-18 00:48:26,331908,9922,5860,8921,577,717,2604,3
2026-08-11 07:30:07,https://www.bilibili.com/video/BV1EGBCBmEo8/?spm_id_from=333.1387.favlist.content.click,0,BV1EGBCBmEo8,【杨博文｜4K高清直拍】魅魔级别的《Manta》舞台，看博文如何一yeah封神,关键时刻来瓶尖叫,2025-12-27 23:15:44,1015645,12546,9848,11492,12718,1100,2412,1
2026-08-11 07:30:07,https://www.bilibili.com/video/BV1A5vkB2E1k/?spm_id_from=333.1387.favlist.content.click,1,BV1A5vkB2E1k,【杨博文】Hey Mama六机位纯舞直拍丨15岁舞台统治者的诞生，四代主舞燃炸全场！,Kismet丨杨博文,2025-12-28 22:28:16,2767840,63699,44511,46329,24177,13562,21457,29
2026-08-11 07:30:07,https://www.bilibili.com/video/BV1EQK56xEZk/?spm_id_from=333.1387.favlist.content.click,2,BV1EQK56xEZk,【杨博文｜音乐现场】｜《全世界陪我出发》4K直拍，考核第一的大C位实在太亮眼！,关键时刻来瓶尖叫,2026-07-16 20:29:02,409969,11963,3164,7132,5672,11099,8438,2
2026-08-11 07:30:07,bilibili.com/video/BV1M9ePzaELH/?spm_id_from=333.337.search-card.all.click,3,BV1M9ePzaELH,「杨博文｜卡拉永远OK」突发舞台事故？我怎么没看见,Astra_杨博文,2025-08-19 22:15:30,981108,14943,4975,10484,10712,728,669,2
2026-08-11 07:30:07,BV1s8BvBPEN5,4,BV1s8BvBPEN5,【杨博文｜4K舞台直拍】好运来祝你好运来～博文宝宝祝你新年好运来,关键时刻来瓶尖叫,2025-12-27 00:43:12,1911545,34671,16910,32130,17715,4325,4857,1
2026-08-11 07:30:07,https://www.bilibili.com/video/BV1jN64BKECs/?spm_id_from=333.337.search-card.all.click,5,BV1jN64BKECs,【杨博文｜4K直拍】跟着节奏一起《闭嘴跳舞》～,关键时刻来瓶尖叫,2026-02-01 20:20:32,1435450,26322,15939,22399,9150,2374,7155,1
2026-08-11 07:30:07,https://www.bilibili.com/video/BV1Lb6tBBEYC/?spm_id_from=333.1387.favlist.content.click&vd_source=bdf775a036c61c0159ac2f0c251aaeb7,6,BV1Lb6tBBEYC,【4K精剪】闭嘴跳舞 | 杨博文直拍 | 260201,underthepoplar,2026-02-02 00:00:55,353050,27169,14115,19179,8470,1837,3078,1
2026-08-11 07:30:07,https://www.bilibili.com/video/BV1mJ64BREZY/?spm_id_from=333.1387.favlist.content.click&vd_source=bdf775a036c61c0159ac2f0c251aaeb7,7,BV1mJ64BREZY,【杨博文】闭嘴跳舞丨当主舞穿上西装就会得到,Kismet丨杨博文,2026-02-01 18:31:00,609808,34990,3905,25327,6721,447,607,2
2026-08-11 07:30:07,https://www.bilibili.com/video/BV1XA6nBGEPV/?spm_id_from=333.1387.favlist.content.click,8,BV1XA6nBGEPV,【4K精剪】希区考克 作品152 | 杨博文直拍 | 260131,underthepoplar,2026-02-01 00:23:17,1938470,23514,22103,19833,18984,4001,6895,1
2026-08-11 07:30:07,https://www.bilibili.com/video/BV1JUK56tEh5/?spm_id_from=333.1387.favlist.content.click,9,BV1JUK56tEh5,【杨博文｜音乐现场】全程舒适！跟着标准答案出发不迷路｜《全世界陪我出发》4k横屏直拍,游园会_杨博文,2026-07-16 20:06:19,158535,7758,2349,3879,5073,1951,1787,1
2026-08-11 07:30:07,https://www.bilibili.com/video/BV1kFKG6pEPe/?spm_id_from=333.1387.favlist.content.click,10,BV1kFKG6pEPe,【杨博文】夏日运动会《全世界陪我出发》4K直拍,Eternity丨杨博文,2026-07-16 19:13:38,43736,5234,722,2856,2325,37,94,1
2026-08-11 07:30:07,BV1MGYnzrE9E,11,BV1MGYnzrE9E,杨博文跳 《Centuries》帅到窒息！！竖屏4K直拍,Kismet丨杨博文,2025-08-18 02:15:37,271561,12313,6763,7933,581,958,3381,2
2026-08-11 07:30:07,BV1TLYnzzEx9,12,BV1TLYnzzEx9,舞力全开！主舞大人爽飞全场 15岁少年「杨博文」尽情演绎《Go In Blind》,Astra_杨博文,2025-08-18 00:48:26,331939,9922,5860,8921,577,717,2604,2
2026-08-11 08:00:08,https://www.bilibili.com/video/BV1EGBCBmEo8/?spm_id_from=333.1387.favlist.content.click,0,BV1EGBCBmEo8,【杨博文｜4K高清直拍】魅魔级别的《Manta》舞台，看博文如何一yeah封神,关键时刻来瓶尖叫,2025-12-27 23:15:44,1015657,12546,9848,11492,12718,1100,2412,1
2026-08-11 08:00:08,https://www.bilibili.com/video/BV1A5vkB2E1k/?spm_id_from=333.1387.favlist.content.click,1,BV1A5vkB2E1k,【杨博文】Hey Mama六机位纯舞直拍丨15岁舞台统治者的诞生，四代主舞燃炸全场！,Kismet丨杨博文,2025-12-28 22:28:16,2767887,63699,44511,46329,24184,13562,21457,29
2026-08-11 08:00:08,https://www.bilibili.com/video/BV1EQK56xEZk/?spm_id_from=333.1387.favlist.content.click,2,BV1EQK56xEZk,【杨博文｜音乐现场】｜《全世界陪我出发》4K直拍，考核第一的大C位实在太亮眼！,关键时刻来瓶尖叫,2026-07-16 20:29:02,410036,11964,3164,7133,5672,11099,8438,4
2026-08-11 08:00:08,bilibili.com/video/BV1M9ePzaELH/?spm_id_from=333.337.search-card.all.click,3,BV1M9ePzaELH,「杨博文｜卡拉永远OK」突发舞台事故？我怎么没看见,Astra_杨博文,2025-08-19 22:15:30,981172,14944,4975,10484,10712,728,669,4
2026-08-11 08:00:08,BV1s8BvBPEN5,4,BV1s8BvBPEN5,【杨博文｜4K舞台直拍】好运来祝你好运来～博文宝宝祝你新年好运来,关键时刻来瓶尖叫,2025-12-27 00:43:12,1911550,34671,16910,32130,17722,4325,4857,1
2026-08-11 08:00:08,https://www.bilibili.com/video/BV1jN64BKECs/?spm_id_from=333.337.search-card.all.click,5,BV1jN64BKECs,【杨博文｜4K直拍】跟着节奏一起《闭嘴跳舞》～,关键时刻来瓶尖叫,2026-02-01 20:20:32,1435455,26322,15939,22400,9157,2374,7155,1
2026-08-11 08:00:08,https://www.bilibili.com/video/BV1Lb6tBBEYC/?spm_id_from=333.1387.favlist.content.click&vd_source=bdf775a036c61c0159ac2f0c251aaeb7,6,BV1Lb6tBBEYC,【4K精剪】闭嘴跳舞 | 杨博文直拍 | 260201,underthepoplar,2026-02-02 00:00:55,353057,27171,14115,19181,8477,1837,3078,1
2026-08-11 08:00:08,https://www.bilibili.com/video/BV1mJ64BREZY/?spm_id_from=333.1387.favlist.content.click&vd_source=bdf775a036c61c0159ac2f0c251aaeb7,7,BV1mJ64BREZY,【杨博文】闭嘴跳舞丨当主舞穿上西装就会得到,Kismet丨杨博文,2026-02-01 18:31:00,609855,34990,3905,25327,6727,447,607,1
2026-08-11 08:00:08,https://www.bilibili.com/video/BV1XA6nBGEPV/?spm_id_from=333.1387.favlist.content.click,8,BV1XA6nBGEPV,【4K精剪】希区考克 作品152 | 杨博文直拍 | 260131,underthepoplar,2026-02-01 00:23:17,1938474,23515,22103,19834,18984,4001,6895,1
2026-08-11 08:00:08,https://www.bilibili.com/video/BV1JUK56tEh5/?spm_id_from=333.1387.favlist.content.click,9,BV1JUK56tEh5,【杨博文｜音乐现场】全程舒适！跟着标准答案出发不迷路｜《全世界陪我出发》4k横屏直拍,游园会_杨博文,2026-07-16 20:06:19,158541,7758,2349,3879,5073,1951,1787,1
2026-08-11 08:00:08,https://www.bilibili.com/video/BV1kFKG6pEPe/?spm_id_from=333.1387.favlist.content.click,10,BV1kFKG6pEPe,【杨博文】夏日运动会《全世界陪我出发》4K直拍,Eternity丨杨博文,2026-07-16 19:13:38,43736,5235,722,2856,2325,37,94,1
2026-08-11 08:00:08,BV1MGYnzrE9E,11,BV1MGYnzrE9E,杨博文跳 《Centuries》帅到窒息！！竖屏4K直拍,Kismet丨杨博文,2025-08-18 02:15:37,271572,12313,6763,7933,581,958,3381,3
2026-08-11 08:00:08,BV1TLYnzzEx9,12,BV1TLYnzzEx9,舞力全开！主舞大人爽飞全场 15岁少年「杨博文」尽情演绎《Go In Blind》,Astra_杨博文,2025-08-18 00:48:26,331961,9922,5860,8921,577,717,2604,2
2026-08-11 08:30:08,https://www.bilibili.com/video/BV1EGBCBmEo8/?spm_id_from=333.1387.favlist.content.click,0,BV1EGBCBmEo8,【杨博文｜4K高清直拍】魅魔级别的《Manta》舞台，看博文如何一yeah封神,关键时刻来瓶尖叫,2025-12-27 23:15:44,1015668,12546,9848,11492,12718,1100,2412,1
2026-08-11 08:30:08,https://www.bilibili.com/video/BV1A5vkB2E1k/?spm_id_from=333.1387.favlist.content.click,1,BV1A5vkB2E1k,【杨博文】Hey Mama六机位纯舞直拍丨15岁舞台统治者的诞生，四代主舞燃炸全场！,Kismet丨杨博文,2025-12-28 22:28:16,2767946,63699,44511,46329,24186,13562,21457,27
2026-08-11 08:30:08,https://www.bilibili.com/video/BV1EQK56xEZk/?spm_id_from=333.1387.favlist.content.click,2,BV1EQK56xEZk,【杨博文｜音乐现场】｜《全世界陪我出发》4K直拍，考核第一的大C位实在太亮眼！,关键时刻来瓶尖叫,2026-07-16 20:29:02,410101,11964,3164,7133,5672,11099,8438,1
2026-08-11 08:30:08,bilibili.com/video/BV1M9ePzaELH/?spm_id_from=333.337.search-card.all.click,3,BV1M9ePzaELH,「杨博文｜卡拉永远OK」突发舞台事故？我怎么没看见,Astra_杨博文,2025-08-19 22:15:30,981248,14944,4975,10484,10712,728,669,1
2026-08-11 08:30:08,BV1s8BvBPEN5,4,BV1s8BvBPEN5,【杨博文｜4K舞台直拍】好运来祝你好运来～博文宝宝祝你新年好运来,关键时刻来瓶尖叫,2025-12-27 00:43:12,1911562,34672,16910,32132,17724,4325,4857,1
2026-08-11 08:30:08,https://www.bilibili.com/video/BV1jN64BKECs/?spm_id_from=333.337.search-card.all.click,5,BV1jN64BKECs,【杨博文｜4K直拍】跟着节奏一起《闭嘴跳舞》～,关键时刻来瓶尖叫,2026-02-01 20:20:32,1435455,26322,15939,22400,9159,2374,7155,1
2026-08-11 08:30:08,https://www.bilibili.com/video/BV1Lb6tBBEYC/?spm_id_from=333.1387.favlist.content.click&vd_source=bdf775a036c61c0159ac2f0c251aaeb7,6,BV1Lb6tBBEYC,【4K精剪】闭嘴跳舞 | 杨博文直拍 | 260201,underthepoplar,2026-02-02 00:00:55,353062,27171,14115,19181,8479,1837,3078,1
2026-08-11 08:30:08,https://www.bilibili.com/video/BV1mJ64BREZY/?spm_id_from=333.1387.favlist.content.click&vd_source=bdf775a036c61c0159ac2f0c251aaeb7,7,BV1mJ64BREZY,【杨博文】闭嘴跳舞丨当主舞穿上西装就会得到,Kismet丨杨博文,2026-02-01 18:31:00,609917,34990,3905,25328,6729,447,607,1
2026-08-11 08:30:08,https://www.bilibili.com/video/BV1XA6nBGEPV/?spm_id_from=333.1387.favlist.content.click,8,BV1XA6nBGEPV,【4K精剪】希区考克 作品152 | 杨博文直拍 | 260131,underthepoplar,2026-02-01 00:23:17,1938477,23515,22103,19834,18984,4001,6895,1
2026-08-11 08:30:08,https://www.bilibili.com/video/BV1JUK56tEh5/?spm_id_from=333.1387.favlist.content.click,9,BV1JUK56tEh5,【杨博文｜音乐现场】全程舒适！跟着标准答案出发不迷路｜《全世界陪我出发》4k横屏直拍,游园会_杨博文,2026-07-16 20:06:19,158548,7759,2349,3879,5073,1951,1787,1
2026-08-11 08:30:08,https://www.bilibili.com/video/BV1kFKG6pEPe/?spm_id_from=333.1387.favlist.content.click,10,BV1kFKG6pEPe,【杨博文】夏日运动会《全世界陪我出发》4K直拍,Eternity丨杨博文,2026-07-16 19:13:38,43738,5236,722,2857,2325,37,94,1
2026-08-11 08:30:08,BV1MGYnzrE9E,11,BV1MGYnzrE9E,杨博文跳 《Centuries》帅到窒息！！竖屏4K直拍,Kismet丨杨博文,2025-08-18 02:15:37,271585,12313,6763,7933,581,958,3381,1
2026-08-11 08:30:08,BV1TLYnzzEx9,12,BV1TLYnzzEx9,舞力全开！主舞大人爽飞全场 15岁少年「杨博文」尽情演绎《Go In Blind》,Astra_杨博文,2025-08-18 00:48:26,331990,9922,5860,8921,577,717,2604,1
2026-08-11 09:00:08,https://www.bilibili.com/video/BV1EGBCBmEo8/?spm_id_from=333.1387.favlist.content.click,0,BV1EGBCBmEo8,【杨博文｜4K高清直拍】魅魔级别的《Manta》舞台，看博文如何一yeah封神,关键时刻来瓶尖叫,2025-12-27 23:15:44,1015681,12546,9848,11492,12718,1100,2412,1
2026-08-11 09:00:08,https://www.bilibili.com/video/BV1A5vkB2E1k/?spm_id_from=333.1387.favlist.content.click,1,BV1A5vkB2E1k,【杨博文】Hey Mama六机位纯舞直拍丨15岁舞台统治者的诞生，四代主舞燃炸全场！,Kismet丨杨博文,2025-12-28 22:28:16,2767996,63699,44511,46329,24189,13562,21457,30
2026-08-11 09:00:08,https://www.bilibili.com/video/BV1EQK56xEZk/?spm_id_from=333.1387.favlist.content.click,2,BV1EQK56xEZk,【杨博文｜音乐现场】｜《全世界陪我出发》4K直拍，考核第一的大C位实在太亮眼！,关键时刻来瓶尖叫,2026-07-16 20:29:02,410177,11965,3164,7133,5672,11099,8438,2
2026-08-11 09:00:08,bilibili.com/video/BV1M9ePzaELH/?spm_id_from=333.337.search-card.all.click,3,BV1M9ePzaELH,「杨博文｜卡拉永远OK」突发舞台事故？我怎么没看见,Astra_杨博文,2025-08-19 22:15:30,981332,14944,4975,10484,10712,728,669,5
2026-08-11 09:00:08,BV1s8BvBPEN5,4,BV1s8BvBPEN5,【杨博文｜4K舞台直拍】好运来祝你好运来～博文宝宝祝你新年好运来,关键时刻来瓶尖叫,2025-12-27 00:43:12,1911566,34672,16910,32132,17725,4325,4857,1
2026-08-11 09:00:08,https://www.bilibili.com/video/BV1jN64BKECs/?spm_id_from=333.337.search-card.all.click,5,BV1jN64BKECs,【杨博文｜4K直拍】跟着节奏一起《闭嘴跳舞》～,关键时刻来瓶尖叫,2026-02-01 20:20:32,1435462,26323,15939,22400,9160,2374,7155,1
2026-08-11 09:00:08,https://www.bilibili.com/video/BV1Lb6tBBEYC/?spm_id_from=333.1387.favlist.content.click&vd_source=bdf775a036c61c0159ac2f0c251aaeb7,6,BV1Lb6tBBEYC,【4K精剪】闭嘴跳舞 | 杨博文直拍 | 260201,underthepoplar,2026-02-02 00:00:55,353067,27171,14115,19181,8480,1837,3078,1
2026-08-11 09:00:08,https://www.bilibili.com/video/BV1mJ64BREZY/?spm_id_from=333.1387.favlist.content.click&vd_source=bdf775a036c61c0159ac2f0c251aaeb7,7,BV1mJ64BREZY,【杨博文】闭嘴跳舞丨当主舞穿上西装就会得到,Kismet丨杨博文,2026-02-01 18:31:00,609973,34990,3905,25328,6730,447,607,4
2026-08-11 09:00:08,https://www.bilibili.com/video/BV1XA6nBGEPV/?spm_id_from=333.1387.favlist.content.click,8,BV1XA6nBGEPV,【4K精剪】希区考克 作品152 | 杨博文直拍 | 260131,underthepoplar,2026-02-01 00:23:17,1938478,23515,22103,19834,18984,4001,6895,1
2026-08-11 09:00:08,https://www.bilibili.com/video/BV1JUK56tEh5/?spm_id_from=333.1387.favlist.content.click,9,BV1JUK56tEh5,【杨博文｜音乐现场】全程舒适！跟着标准答案出发不迷路｜《全世界陪我出发》4k横屏直拍,游园会_杨博文,2026-07-16 20:06:19,158554,7760,2349,3879,5073,1951,1787,1
2026-08-11 09:00:08,https://www.bilibili.com/video/BV1kFKG6pEPe/?spm_id_from=333.1387.favlist.content.click,10,BV1kFKG6pEPe,【杨博文】夏日运动会《全世界陪我出发》4K直拍,Eternity丨杨博文,2026-07-16 19:13:38,43741,5236,722,2857,2325,37,94,1
2026-08-11 09:00:08,BV1MGYnzrE9E,11,BV1MGYnzrE9E,杨博文跳 《Centuries》帅到窒息！！竖屏4K直拍,Kismet丨杨博文,2025-08-18 02:15:37,271602,12313,6763,7933,581,958,3381,4
2026-08-11 09:00:08,BV1TLYnzzEx9,12,BV1TLYnzzEx9,舞力全开！主舞大人爽飞全场 15岁少年「杨博文」尽情演绎《Go In Blind》,Astra_杨博文,2025-08-18 00:48:26,332023,9922,5860,8921,577,717,2604,3
2026-08-11 09:30:09,https://www.bilibili.com/video/BV1EGBCBmEo8/?spm_id_from=333.1387.favlist.content.click,0,BV1EGBCBmEo8,【杨博文｜4K高清直拍】魅魔级别的《Manta》舞台，看博文如何一yeah封神,关键时刻来瓶尖叫,2025-12-27 23:15:44,1015694,12546,9848,11492,12718,1100,2412,1
2026-08-11 09:30:09,https://www.bilibili.com/video/BV1A5vkB2E1k/?spm_id_from=333.1387.favlist.content.click,1,BV1A5vkB2E1k,【杨博文】Hey Mama六机位纯舞直拍丨15岁舞台统治者的诞生，四代主舞燃炸全场！,Kismet丨杨博文,2025-12-28 22:28:16,2768056,63699,44511,46329,24195,13562,21457,31
2026-08-11 09:30:09,https://www.bilibili.com/video/BV1EQK56xEZk/?spm_id_from=333.1387.favlist.content.click,2,BV1EQK56xEZk,【杨博文｜音乐现场】｜《全世界陪我出发》4K直拍，考核第一的大C位实在太亮眼！,关键时刻来瓶尖叫,2026-07-16 20:29:02,410259,11967,3164,7134,5672,11099,8438,3
2026-08-11 09:30:09,bilibili.com/video/BV1M9ePzaELH/?spm_id_from=333.337.search-card.all.click,3,BV1M9ePzaELH,「杨博文｜卡拉永远OK」突发舞台事故？我怎么没看见,Astra_杨博文,2025-08-19 22:15:30,981437,14944,4976,10485,10712,728,669,5
2026-08-11 09:30:09,BV1s8BvBPEN5,4,BV1s8BvBPEN5,【杨博文｜4K舞台直拍】好运来祝你好运来～博文宝宝祝你新年好运来,关键时刻来瓶尖叫,2025-12-27 00:43:12,1911570,34672,16910,32132,17729,4325,4857,1
2026-08-11 09:30:09,https://www.bilibili.com/video/BV1jN64BKECs/?spm_id_from=333.337.search-card.all.click,5,BV1jN64BKECs,【杨博文｜4K直拍】跟着节奏一起《闭嘴跳舞》～,关键时刻来瓶尖叫,2026-02-01 20:20:32,1435470,26323,15939,22400,9166,2374,7155,1
2026-08-11 09:30:09,https://www.bilibili.com/video/BV1Lb6tBBEYC/?spm_id_from=333.1387.favlist.content.click&vd_source=bdf775a036c61c0159ac2f0c251aaeb7,6,BV1Lb6tBBEYC,【4K精剪】闭嘴跳舞 | 杨博文直拍 | 260201,underthepoplar,2026-02-02 00:00:55,353078,27173,14117,19181,8485,1837,3078,1
2026-08-11 09:30:09,https://www.bilibili.com/video/BV1mJ64BREZY/?spm_id_from=333.1387.favlist.content.click&vd_source=bdf775a036c61c0159ac2f0c251aaeb7,7,BV1mJ64BREZY,【杨博文】闭嘴跳舞丨当主舞穿上西装就会得到,Kismet丨杨博文,2026-02-01 18:31:00,610032,34990,3905,25328,6735,447,607,4
2026-08-11 09:30:09,https://www.bilibili.com/video/BV1XA6nBGEPV/?spm_id_from=333.1387.favlist.content.click,8,BV1XA6nBGEPV,【4K精剪】希区考克 作品152 | 杨博文直拍 | 260131,underthepoplar,2026-02-01 00:23:17,1938481,23515,22103,19834,18984,4001,6895,1
2026-08-11 09:30:09,https://www.bilibili.com/video/BV1JUK56tEh5/?spm_id_from=333.1387.favlist.content.click,9,BV1JUK56tEh5,【杨博文｜音乐现场】全程舒适！跟着标准答案出发不迷路｜《全世界陪我出发》4k横屏直拍,游园会_杨博文,2026-07-16 20:06:19,158559,7760,2349,3879,5073,1951,1787,1
2026-08-11 09:30:09,https://www.bilibili.com/video/BV1kFKG6pEPe/?spm_id_from=333.1387.favlist.content.click,10,BV1kFKG6pEPe,【杨博文】夏日运动会《全世界陪我出发》4K直拍,Eternity丨杨博文,2026-07-16 19:13:38,43743,5237,722,2858,2325,37,94,1
2026-08-11 09:30:09,BV1MGYnzrE9E,11,BV1MGYnzrE9E,杨博文跳 《Centuries》帅到窒息！！竖屏4K直拍,Kismet丨杨博文,2025-08-18 02:15:37,271624,12313,6763,7933,581,958,3381,2
2026-08-11 09:30:09,BV1TLYnzzEx9,12,BV1TLYnzzEx9,舞力全开！主舞大人爽飞全场 15岁少年「杨博文」尽情演绎《Go In Blind》,Astra_杨博文,2025-08-18 00:48:26,332063,9922,5860,8921,577,717,2604,1
2026-08-11 10:00:00,https://www.bilibili.com/video/BV1EGBCBmEo8/?spm_id_from=333.1387.favlist.content.click,0,BV1EGBCBmEo8,【杨博文｜4K高清直拍】魅魔级别的《Manta》舞台，看博文如何一yeah封神,关键时刻来瓶尖叫,2025-12-27 23:15:44,1015708,12546,9848,11492,12718,1100,2412,1
2026-08-11 10:00:00,https://www.bilibili.com/video/BV1A5vkB2E1k/?spm_id_from=333.1387.favlist.content.click,1,BV1A5vkB2E1k,【杨博文】Hey Mama六机位纯舞直拍丨15岁舞台统治者的诞生，四代主舞燃炸全场！,Kismet丨杨博文,2025-12-28 22:28:16,2768123,63699,44511,46330,24204,13562,21457,33
2026-08-11 10:00:00,https://www.bilibili.com/video/BV1EQK56xEZk/?spm_id_from=333.1387.favlist.content.click,2,BV1EQK56xEZk,【杨博文｜音乐现场】｜《全世界陪我出发》4K直拍，考核第一的大C位实在太亮眼！,关键时刻来瓶尖叫,2026-07-16 20:29:02,410359,11971,3164,7136,5672,11099,8438,7
2026-08-11 10:00:00,bilibili.com/video/BV1M9ePzaELH/?spm_id_from=333.337.search-card.all.click,3,BV1M9ePzaELH,「杨博文｜卡拉永远OK」突发舞台事故？我怎么没看见,Astra_杨博文,2025-08-19 22:15:30,981533,14944,4976,10486,10712,728,669,3
2026-08-11 10:00:00,BV1s8BvBPEN5,4,BV1s8BvBPEN5,【杨博文｜4K舞台直拍】好运来祝你好运来～博文宝宝祝你新年好运来,关键时刻来瓶尖叫,2025-12-27 00:43:12,1911577,34672,16910,32134,17739,4325,4857,1
2026-08-11 10:00:00,https://www.bilibili.com/video/BV1jN64BKECs/?spm_id_from=333.337.search-card.all.click,5,BV1jN64BKECs,【杨博文｜4K直拍】跟着节奏一起《闭嘴跳舞》～,关键时刻来瓶尖叫,2026-02-01 20:20:32,1435482,26323,15939,22400,9175,2374,7155,1
2026-08-11 10:00:00,https://www.bilibili.com/video/BV1Lb6tBBEYC/?spm_id_from=333.1387.favlist.content.click&vd_source=bdf775a036c61c0159ac2f0c251aaeb7,6,BV1Lb6tBBEYC,【4K精剪】闭嘴跳舞 | 杨博文直拍 | 260201,underthepoplar,2026-02-02 00:00:55,353085,27173,14117,19181,8495,1837,3078,1
2026-08-11 10:00:00,https://www.bilibili.com/video/BV1mJ64BREZY/?spm_id_from=333.1387.favlist.content.click&vd_source=bdf775a036c61c0159ac2f0c251aaeb7,7,BV1mJ64BREZY,【杨博文】闭嘴跳舞丨当主舞穿上西装就会得到,Kismet丨杨博文,2026-02-01 18:31:00,610110,34990,3905,25329,6744,447,607,6
2026-08-11 10:00:00,https://www.bilibili.com/video/BV1XA6nBGEPV/?spm_id_from=333.1387.favlist.content.click,8,BV1XA6nBGEPV,【4K精剪】希区考克 作品152 | 杨博文直拍 | 260131,underthepoplar,2026-02-01 00:23:17,1938492,23516,22103,19835,18984,4001,6895,1
2026-08-11 10:00:00,https://www.bilibili.com/video/BV1JUK56tEh5/?spm_id_from=333.1387.favlist.content.click,9,BV1JUK56tEh5,【杨博文｜音乐现场】全程舒适！跟着标准答案出发不迷路｜《全世界陪我出发》4k横屏直拍,游园会_杨博文,2026-07-16 20:06:19,158566,7762,2349,3879,5073,1951,1787,1
2026-08-11 10:00:00,https://www.bilibili.com/video/BV1kFKG6pEPe/?spm_id_from=333.1387.favlist.content.click,10,BV1kFKG6pEPe,【杨博文】夏日运动会《全世界陪我出发》4K直拍,Eternity丨杨博文,2026-07-16 19:13:38,43747,5238,722,2859,2325,37,94,1
2026-08-11 10:00:00,BV1MGYnzrE9E,11,BV1MGYnzrE9E,杨博文跳 《Centuries》帅到窒息！！竖屏4K直拍,Kismet丨杨博文,2025-08-18 02:15:37,271643,12313,6763,7933,581,958,3381,3
2026-08-11 10:00:00,BV1TLYnzzEx9,12,BV1TLYnzzEx9,舞力全开！主舞大人爽飞全场 15岁少年「杨博文」尽情演绎《Go In Blind》,Astra_杨博文,2025-08-18 00:48:26,332104,9922,5860,8921,577,717,2604,5
2026-08-11 10:30:00,https://www.bilibili.com/video/BV1EGBCBmEo8/?spm_id_from=333.1387.favlist.content.click,0,BV1EGBCBmEo8,【杨博文｜4K高清直拍】魅魔级别的《Manta》舞台，看博文如何一yeah封神,关键时刻来瓶尖叫,2025-12-27 23:15:44,1015724,12546,9848,11492,12718,1100,2412,1
2026-08-11 10:30:00,https://www.bilibili.com/video/BV1A5vkB2E1k/?spm_id_from=333.1387.favlist.content.click,1,BV1A5vkB2E1k,【杨博文】Hey Mama六机位纯舞直拍丨15岁舞台统治者的诞生，四代主舞燃炸全场！,Kismet丨杨博文,2025-12-28 22:28:16,2768203,63700,44511,46331,24208,13563,21457,29
2026-08-11 10:30:00,https://www.bilibili.com/video/BV1EQK56xEZk/?spm_id_from=333.1387.favlist.content.click,2,BV1EQK56xEZk,【杨博文｜音乐现场】｜《全世界陪我出发》4K直拍，考核第一的大C位实在太亮眼！,关键时刻来瓶尖叫,2026-07-16 20:29:02,410466,11975,3164,7138,5672,11099,8438,5
2026-08-11 10:30:00,bilibili.com/video/BV1M9ePzaELH/?spm_id_from=333.337.search-card.all.click,3,BV1M9ePzaELH,「杨博文｜卡拉永远OK」突发舞台事故？我怎么没看见,Astra_杨博文,2025-08-19 22:15:30,981625,14944,4976,10486,10712,728,669,2
2026-08-11 10:30:00,BV1s8BvBPEN5,4,BV1s8BvBPEN5,【杨博文｜4K舞台直拍】好运来祝你好运来～博文宝宝祝你新年好运来,关键时刻来瓶尖叫,2025-12-27 00:43:12,1911588,34673,16910,32133,17743,4325,4857,1
2026-08-11 10:30:00,https://www.bilibili.com/video/BV1jN64BKECs/?spm_id_from=333.337.search-card.all.click,5,BV1jN64BKECs,【杨博文｜4K直拍】跟着节奏一起《闭嘴跳舞》～,关键时刻来瓶尖叫,2026-02-01 20:20:32,1435495,26323,15939,22400,9179,2374,7155,1
2026-08-11 10:30:00,https://www.bilibili.com/video/BV1Lb6tBBEYC/?spm_id_from=333.1387.favlist.content.click&vd_source=bdf775a036c61c0159ac2f0c251aaeb7,6,BV1Lb6tBBEYC,【4K精剪】闭嘴跳舞 | 杨博文直拍 | 260201,underthepoplar,2026-02-02 00:00:55,353095,27173,14117,19180,8498,1837,3078,1
2026-08-11 10:30:00,https://www.bilibili.com/video/BV1mJ64BREZY/?spm_id_from=333.1387.favlist.content.click&vd_source=bdf775a036c61c0159ac2f0c251aaeb7,7,BV1mJ64BREZY,【杨博文】闭嘴跳舞丨当主舞穿上西装就会得到,Kismet丨杨博文,2026-02-01 18:31:00,610180,34990,3905,25329,6748,447,607,5
2026-08-11 10:30:00,https://www.bilibili.com/video/BV1XA6nBGEPV/?spm_id_from=333.1387.favlist.content.click,8,BV1XA6nBGEPV,【4K精剪】希区考克 作品152 | 杨博文直拍 | 260131,underthepoplar,2026-02-01 00:23:17,1938504,23516,22105,19834,18984,4001,6895,1
2026-08-11 10:30:00,https://www.bilibili.com/video/BV1JUK56tEh5/?spm_id_from=333.1387.favlist.content.click,9,BV1JUK56tEh5,【杨博文｜音乐现场】全程舒适！跟着标准答案出发不迷路｜《全世界陪我出发》4k横屏直拍,游园会_杨博文,2026-07-16 20:06:19,158573,7763,2349,3879,5073,1951,1787,1
2026-08-11 10:30:00,https://www.bilibili.com/video/BV1kFKG6pEPe/?spm_id_from=333.1387.favlist.content.click,10,BV1kFKG6pEPe,【杨博文】夏日运动会《全世界陪我出发》4K直拍,Eternity丨杨博文,2026-07-16 19:13:38,43750,5238,722,2860,2326,37,94,1
2026-08-11 10:30:00,BV1MGYnzrE9E,11,BV1MGYnzrE9E,杨博文跳 《Centuries》帅到窒息！！竖屏4K直拍,Kismet丨杨博文,2025-08-18 02:15:37,271662,12313,6763,7933,581,958,3381,1
2026-08-11 10:30:00,BV1TLYnzzEx9,12,BV1TLYnzzEx9,舞力全开！主舞大人爽飞全场 15岁少年「杨博文」尽情演绎《Go In Blind》,Astra_杨博文,2025-08-18 00:48:26,332140,9922,5860,8921,577,717,2604,2
2026-08-11 11:00:01,https://www.bilibili.com/video/BV1EGBCBmEo8/?spm_id_from=333.1387.favlist.content.click,0,BV1EGBCBmEo8,【杨博文｜4K高清直拍】魅魔级别的《Manta》舞台，看博文如何一yeah封神,关键时刻来瓶尖叫,2025-12-27 23:15:44,1015740,12546,9848,11493,12718,1100,2412,1
2026-08-11 11:00:01,https://www.bilibili.com/video/BV1A5vkB2E1k/?spm_id_from=333.1387.favlist.content.click,1,BV1A5vkB2E1k,【杨博文】Hey Mama六机位纯舞直拍丨15岁舞台统治者的诞生，四代主舞燃炸全场！,Kismet丨杨博文,2025-12-28 22:28:16,2768284,63701,44511,46332,24208,13563,21457,29
2026-08-11 11:00:01,https://www.bilibili.com/video/BV1EQK56xEZk/?spm_id_from=333.1387.favlist.content.click,2,BV1EQK56xEZk,【杨博文｜音乐现场】｜《全世界陪我出发》4K直拍，考核第一的大C位实在太亮眼！,关键时刻来瓶尖叫,2026-07-16 20:29:02,410582,11980,3164,7141,5672,11099,8438,3
2026-08-11 11:00:01,bilibili.com/video/BV1M9ePzaELH/?spm_id_from=333.337.search-card.all.click,3,BV1M9ePzaELH,「杨博文｜卡拉永远OK」突发舞台事故？我怎么没看见,Astra_杨博文,2025-08-19 22:15:30,981715,14945,4978,10488,10714,728,669,8
2026-08-11 11:00:01,BV1s8BvBPEN5,4,BV1s8BvBPEN5,【杨博文｜4K舞台直拍】好运来祝你好运来～博文宝宝祝你新年好运来,关键时刻来瓶尖叫,2025-12-27 00:43:12,1911594,34673,16910,32133,17743,4325,4857,1
2026-08-11 11:00:01,https://www.bilibili.com/video/BV1jN64BKECs/?spm_id_from=333.337.search-card.all.click,5,BV1jN64BKECs,【杨博文｜4K直拍】跟着节奏一起《闭嘴跳舞》～,关键时刻来瓶尖叫,2026-02-01 20:20:32,1435513,26323,15939,22400,9179,2374,7155,1
2026-08-11 11:00:01,https://www.bilibili.com/video/BV1Lb6tBBEYC/?spm_id_from=333.1387.favlist.content.click&vd_source=bdf775a036c61c0159ac2f0c251aaeb7,6,BV1Lb6tBBEYC,【4K精剪】闭嘴跳舞 | 杨博文直拍 | 260201,underthepoplar,2026-02-02 00:00:55,353111,27176,14117,19181,8498,1837,3078,1
2026-08-11 11:00:01,https://www.bilibili.com/video/BV1mJ64BREZY/?spm_id_from=333.1387.favlist.content.click&vd_source=bdf775a036c61c0159ac2f0c251aaeb7,7,BV1mJ64BREZY,【杨博文】闭嘴跳舞丨当主舞穿上西装就会得到,Kismet丨杨博文,2026-02-01 18:31:00,610254,34990,3905,25328,6748,447,607,2
2026-08-11 11:00:01,https://www.bilibili.com/video/BV1XA6nBGEPV/?spm_id_from=333.1387.favlist.content.click,8,BV1XA6nBGEPV,【4K精剪】希区考克 作品152 | 杨博文直拍 | 260131,underthepoplar,2026-02-01 00:23:17,1938519,23516,22105,19833,18984,4001,6895,1
2026-08-11 11:00:01,https://www.bilibili.com/video/BV1JUK56tEh5/?spm_id_from=333.1387.favlist.content.click,9,BV1JUK56tEh5,【杨博文｜音乐现场】全程舒适！跟着标准答案出发不迷路｜《全世界陪我出发》4k横屏直拍,游园会_杨博文,2026-07-16 20:06:19,158578,7766,2349,3882,5073,1951,1787,1
2026-08-11 11:00:01,https://www.bilibili.com/video/BV1kFKG6pEPe/?spm_id_from=333.1387.favlist.content.click,10,BV1kFKG6pEPe,【杨博文】夏日运动会《全世界陪我出发》4K直拍,Eternity丨杨博文,2026-07-16 19:13:38,43759,5240,722,2860,2326,37,94,1
2026-08-11 11:00:01,BV1MGYnzrE9E,11,BV1MGYnzrE9E,杨博文跳 《Centuries》帅到窒息！！竖屏4K直拍,Kismet丨杨博文,2025-08-18 02:15:37,271685,12313,6763,7933,581,958,3381,3
2026-08-11 11:00:01,BV1TLYnzzEx9,12,BV1TLYnzzEx9,舞力全开！主舞大人爽飞全场 15岁少年「杨博文」尽情演绎《Go In Blind》,Astra_杨博文,2025-08-18 00:48:26,332176,9923,5860,8921,577,717,2604,1
2026-08-11 11:30:01,https://www.bilibili.com/video/BV1EGBCBmEo8/?spm_id_from=333.1387.favlist.content.click,0,BV1EGBCBmEo8,【杨博文｜4K高清直拍】魅魔级别的《Manta》舞台，看博文如何一yeah封神,关键时刻来瓶尖叫,2025-12-27 23:15:44,1015756,12546,9848,11493,12718,1100,2412,1
2026-08-11 11:30:01,https://www.bilibili.com/video/BV1A5vkB2E1k/?spm_id_from=333.1387.favlist.content.click,1,BV1A5vkB2E1k,【杨博文】Hey Mama六机位纯舞直拍丨15岁舞台统治者的诞生，四代主舞燃炸全场！,Kismet丨杨博文,2025-12-28 22:28:16,2768359,63703,44511,46333,24208,13563,21457,28
2026-08-11 11:30:01,https://www.bilibili.com/video/BV1EQK56xEZk/?spm_id_from=333.1387.favlist.content.click,2,BV1EQK56xEZk,【杨博文｜音乐现场】｜《全世界陪我出发》4K直拍，考核第一的大C位实在太亮眼！,关键时刻来瓶尖叫,2026-07-16 20:29:02,410680,11983,3164,7142,5672,11099,8439,6
2026-08-11 11:30:01,bilibili.com/video/BV1M9ePzaELH/?spm_id_from=333.337.search-card.all.click,3,BV1M9ePzaELH,「杨博文｜卡拉永远OK」突发舞台事故？我怎么没看见,Astra_杨博文,2025-08-19 22:15:30,981801,14945,4978,10488,10714,728,669,4
2026-08-11 11:30:01,BV1s8BvBPEN5,4,BV1s8BvBPEN5,【杨博文｜4K舞台直拍】好运来祝你好运来～博文宝宝祝你新年好运来,关键时刻来瓶尖叫,2025-12-27 00:43:12,1911612,34674,16910,32134,17743,4325,4857,1
2026-08-11 11:30:01,https://www.bilibili.com/video/BV1jN64BKECs/?spm_id_from=333.337.search-card.all.click,5,BV1jN64BKECs,【杨博文｜4K直拍】跟着节奏一起《闭嘴跳舞》～,关键时刻来瓶尖叫,2026-02-01 20:20:32,1435538,26323,15939,22401,9179,2374,7155,1
2026-08-11 11:30:01,https://www.bilibili.com/video/BV1Lb6tBBEYC/?spm_id_from=333.1387.favlist.content.click&vd_source=bdf775a036c61c0159ac2f0c251aaeb7,6,BV1Lb6tBBEYC,【4K精剪】闭嘴跳舞 | 杨博文直拍 | 260201,underthepoplar,2026-02-02 00:00:55,353117,27176,14117,19182,8498,1837,3078,1
2026-08-11 11:30:01,https://www.bilibili.com/video/BV1mJ64BREZY/?spm_id_from=333.1387.favlist.content.click&vd_source=bdf775a036c61c0159ac2f0c251aaeb7,7,BV1mJ64BREZY,【杨博文】闭嘴跳舞丨当主舞穿上西装就会得到,Kismet丨杨博文,2026-02-01 18:31:00,610321,34990,3905,25329,6748,447,607,4
2026-08-11 11:30:01,https://www.bilibili.com/video/BV1XA6nBGEPV/?spm_id_from=333.1387.favlist.content.click,8,BV1XA6nBGEPV,【4K精剪】希区考克 作品152 | 杨博文直拍 | 260131,underthepoplar,2026-02-01 00:23:17,1938538,23517,22105,19834,18984,4001,6895,1
2026-08-11 11:30:01,https://www.bilibili.com/video/BV1JUK56tEh5/?spm_id_from=333.1387.favlist.content.click,9,BV1JUK56tEh5,【杨博文｜音乐现场】全程舒适！跟着标准答案出发不迷路｜《全世界陪我出发》4k横屏直拍,游园会_杨博文,2026-07-16 20:06:19,158586,7768,2349,3882,5073,1951,1787,1
2026-08-11 11:30:01,https://www.bilibili.com/video/BV1kFKG6pEPe/?spm_id_from=333.1387.favlist.content.click,10,BV1kFKG6pEPe,【杨博文】夏日运动会《全世界陪我出发》4K直拍,Eternity丨杨博文,2026-07-16 19:13:38,43773,5240,722,2859,2326,37,94,1
2026-08-11 11:30:01,BV1MGYnzrE9E,11,BV1MGYnzrE9E,杨博文跳 《Centuries》帅到窒息！！竖屏4K直拍,Kismet丨杨博文,2025-08-18 02:15:37,271705,12313,6763,7933,581,958,3381,4
2026-08-11 11:30:01,BV1TLYnzzEx9,12,BV1TLYnzzEx9,舞力全开！主舞大人爽飞全场 15岁少年「杨博文」尽情演绎《Go In Blind》,Astra_杨博文,2025-08-18 00:48:26,332219,9923,5860,8921,577,717,2604,3
2026-08-11 12:00:02,https://www.bilibili.com/video/BV1EGBCBmEo8/?spm_id_from=333.1387.favlist.content.click,0,BV1EGBCBmEo8,【杨博文｜4K高清直拍】魅魔级别的《Manta》舞台，看博文如何一yeah封神,关键时刻来瓶尖叫,2025-12-27 23:15:44,1015778,12549,9848,11493,12718,1100,2412,1
2026-08-11 12:00:02,https://www.bilibili.com/video/BV1A5vkB2E1k/?spm_id_from=333.1387.favlist.content.click,1,BV1A5vkB2E1k,【杨博文】Hey Mama六机位纯舞直拍丨15岁舞台统治者的诞生，四代主舞燃炸全场！,Kismet丨杨博文,2025-12-28 22:28:16,2768439,63707,44515,46335,24211,13563,21462,28
2026-08-11 12:00:02,https://www.bilibili.com/video/BV1EQK56xEZk/?spm_id_from=333.1387.favlist.content.click,2,BV1EQK56xEZk,【杨博文｜音乐现场】｜《全世界陪我出发》4K直拍，考核第一的大C位实在太亮眼！,关键时刻来瓶尖叫,2026-07-16 20:29:02,410796,11986,3164,7143,5672,11099,8439,4
2026-08-11 12:00:02,bilibili.com/video/BV1M9ePzaELH/?spm_id_from=333.337.search-card.all.click,3,BV1M9ePzaELH,「杨博文｜卡拉永远OK」突发舞台事故？我怎么没看见,Astra_杨博文,2025-08-19 22:15:30,981907,14945,4978,10488,10714,728,669,4
2026-08-11 12:00:02,BV1s8BvBPEN5,4,BV1s8BvBPEN5,【杨博文｜4K舞台直拍】好运来祝你好运来～博文宝宝祝你新年好运来,关键时刻来瓶尖叫,2025-12-27 00:43:12,1911627,34675,16910,32135,17745,4325,4857,1
2026-08-11 12:00:02,https://www.bilibili.com/video/BV1jN64BKECs/?spm_id_from=333.337.search-card.all.click,5,BV1jN64BKECs,【杨博文｜4K直拍】跟着节奏一起《闭嘴跳舞》～,关键时刻来瓶尖叫,2026-02-01 20:20:32,1435566,26323,15939,22401,9182,2374,7155,3
2026-08-11 12:00:02,https://www.bilibili.com/video/BV1Lb6tBBEYC/?spm_id_from=333.1387.favlist.content.click&vd_source=bdf775a036c61c0159ac2f0c251aaeb7,6,BV1Lb6tBBEYC,【4K精剪】闭嘴跳舞 | 杨博文直拍 | 260201,underthepoplar,2026-02-02 00:00:55,353130,27177,14117,19182,8500,1837,3078,1
2026-08-11 12:00:02,https://www.bilibili.com/video/BV1mJ64BREZY/?spm_id_from=333.1387.favlist.content.click&vd_source=bdf775a036c61c0159ac2f0c251aaeb7,7,BV1mJ64BREZY,【杨博文】闭嘴跳舞丨当主舞穿上西装就会得到,Kismet丨杨博文,2026-02-01 18:31:00,610397,34990,3905,25329,6750,447,607,4
2026-08-11 12:00:02,https://www.bilibili.com/video/BV1XA6nBGEPV/?spm_id_from=333.1387.favlist.content.click,8,BV1XA6nBGEPV,【4K精剪】希区考克 作品152 | 杨博文直拍 | 260131,underthepoplar,2026-02-01 00:23:17,1938553,23518,22108,19835,18984,4001,6895,1
2026-08-11 12:00:02,https://www.bilibili.com/video/BV1JUK56tEh5/?spm_id_from=333.1387.favlist.content.click,9,BV1JUK56tEh5,【杨博文｜音乐现场】全程舒适！跟着标准答案出发不迷路｜《全世界陪我出发》4k横屏直拍,游园会_杨博文,2026-07-16 20:06:19,158588,7769,2349,3883,5073,1951,1787,1
2026-08-11 12:00:02,https://www.bilibili.com/video/BV1kFKG6pEPe/?spm_id_from=333.1387.favlist.content.click,10,BV1kFKG6pEPe,【杨博文】夏日运动会《全世界陪我出发》4K直拍,Eternity丨杨博文,2026-07-16 19:13:38,43778,5240,722,2859,2326,37,94,1
2026-08-11 12:00:02,BV1MGYnzrE9E,11,BV1MGYnzrE9E,杨博文跳 《Centuries》帅到窒息！！竖屏4K直拍,Kismet丨杨博文,2025-08-18 02:15:37,271730,12313,6763,7933,581,958,3381,5
2026-08-11 12:00:02,BV1TLYnzzEx9,12,BV1TLYnzzEx9,舞力全开！主舞大人爽飞全场 15岁少年「杨博文」尽情演绎《Go In Blind》,Astra_杨博文,2025-08-18 00:48:26,332256,9923,5860,8921,577,717,2604,6
2026-08-11 12:30:03,https://www.bilibili.com/video/BV1EGBCBmEo8/?spm_id_from=333.1387.favlist.content.click,0,BV1EGBCBmEo8,【杨博文｜4K高清直拍】魅魔级别的《Manta》舞台，看博文如何一yeah封神,关键时刻来瓶尖叫,2025-12-27 23:15:44,1015796,12549,9848,11493,12718,1100,2412,1
2026-08-11 12:30:03,https://www.bilibili.com/video/BV1A5vkB2E1k/?spm_id_from=333.1387.favlist.content.click,1,BV1A5vkB2E1k,【杨博文】Hey Mama六机位纯舞直拍丨15岁舞台统治者的诞生，四代主舞燃炸全场！,Kismet丨杨博文,2025-12-28 22:28:16,2768544,63708,44517,46335,24219,13563,21462,26
2026-08-11 12:30:03,https://www.bilibili.com/video/BV1EQK56xEZk/?spm_id_from=333.1387.favlist.content.click,2,BV1EQK56xEZk,【杨博文｜音乐现场】｜《全世界陪我出发》4K直拍，考核第一的大C位实在太亮眼！,关键时刻来瓶尖叫,2026-07-16 20:29:02,410938,11987,3164,7144,5672,11099,8443,7
2026-08-11 12:30:03,bilibili.com/video/BV1M9ePzaELH/?spm_id_from=333.337.search-card.all.click,3,BV1M9ePzaELH,「杨博文｜卡拉永远OK」突发舞台事故？我怎么没看见,Astra_杨博文,2025-08-19 22:15:30,981995,14945,4978,10488,10714,728,669,6
2026-08-11 12:30:03,BV1s8BvBPEN5,4,BV1s8BvBPEN5,【杨博文｜4K舞台直拍】好运来祝你好运来～博文宝宝祝你新年好运来,关键时刻来瓶尖叫,2025-12-27 00:43:12,1911643,34674,16912,32135,17749,4325,4857,1
2026-08-11 12:30:03,https://www.bilibili.com/video/BV1jN64BKECs/?spm_id_from=333.337.search-card.all.click,5,BV1jN64BKECs,【杨博文｜4K直拍】跟着节奏一起《闭嘴跳舞》～,关键时刻来瓶尖叫,2026-02-01 20:20:32,1435591,26324,15940,22400,9187,2374,7159,2
2026-08-11 12:30:03,https://www.bilibili.com/video/BV1Lb6tBBEYC/?spm_id_from=333.1387.favlist.content.click&vd_source=bdf775a036c61c0159ac2f0c251aaeb7,6,BV1Lb6tBBEYC,【4K精剪】闭嘴跳舞 | 杨博文直拍 | 260201,underthepoplar,2026-02-02 00:00:55,353143,27178,14117,19182,8504,1837,3078,1
2026-08-11 12:30:03,https://www.bilibili.com/video/BV1mJ64BREZY/?spm_id_from=333.1387.favlist.content.click&vd_source=bdf775a036c61c0159ac2f0c251aaeb7,7,BV1mJ64BREZY,【杨博文】闭嘴跳舞丨当主舞穿上西装就会得到,Kismet丨杨博文,2026-02-01 18:31:00,610473,34991,3906,25329,6755,447,607,4
2026-08-11 12:30:03,https://www.bilibili.com/video/BV1XA6nBGEPV/?spm_id_from=333.1387.favlist.content.click,8,BV1XA6nBGEPV,【4K精剪】希区考克 作品152 | 杨博文直拍 | 260131,underthepoplar,2026-02-01 00:23:17,1938571,23520,22109,19835,18984,4001,6895,1
2026-08-11 12:30:03,https://www.bilibili.com/video/BV1JUK56tEh5/?spm_id_from=333.1387.favlist.content.click,9,BV1JUK56tEh5,【杨博文｜音乐现场】全程舒适！跟着标准答案出发不迷路｜《全世界陪我出发》4k横屏直拍,游园会_杨博文,2026-07-16 20:06:19,158594,7771,2349,3883,5073,1951,1787,1
2026-08-11 12:30:03,https://www.bilibili.com/video/BV1kFKG6pEPe/?spm_id_from=333.1387.favlist.content.click,10,BV1kFKG6pEPe,【杨博文】夏日运动会《全世界陪我出发》4K直拍,Eternity丨杨博文,2026-07-16 19:13:38,43786,5241,722,2860,2326,37,94,1
2026-08-11 12:30:03,BV1MGYnzrE9E,11,BV1MGYnzrE9E,杨博文跳 《Centuries》帅到窒息！！竖屏4K直拍,Kismet丨杨博文,2025-08-18 02:15:37,271749,12313,6763,7933,581,958,3381,4
2026-08-11 12:30:03,BV1TLYnzzEx9,12,BV1TLYnzzEx9,舞力全开！主舞大人爽飞全场 15岁少年「杨博文」尽情演绎《Go In Blind》,Astra_杨博文,2025-08-18 00:48:26,332283,9923,5860,8921,577,717,2604,3
2026-08-11 13:00:04,https://www.bilibili.com/video/BV1EGBCBmEo8/?spm_id_from=333.1387.favlist.content.click,0,BV1EGBCBmEo8,【杨博文｜4K高清直拍】魅魔级别的《Manta》舞台，看博文如何一yeah封神,关键时刻来瓶尖叫,2025-12-27 23:15:44,1015816,12549,9848,11493,12718,1100,2412,1
2026-08-11 13:00:04,https://www.bilibili.com/video/BV1A5vkB2E1k/?spm_id_from=333.1387.favlist.content.click,1,BV1A5vkB2E1k,【杨博文】Hey Mama六机位纯舞直拍丨15岁舞台统治者的诞生，四代主舞燃炸全场！,Kismet丨杨博文,2025-12-28 22:28:16,2768630,63707,44517,46335,24228,13563,21462,30
2026-08-11 13:00:04,https://www.bilibili.com/video/BV1EQK56xEZk/?spm_id_from=333.1387.favlist.content.click,2,BV1EQK56xEZk,【杨博文｜音乐现场】｜《全世界陪我出发》4K直拍，考核第一的大C位实在太亮眼！,关键时刻来瓶尖叫,2026-07-16 20:29:02,411063,11994,3164,7147,5672,11099,8443,6
2026-08-11 13:00:04,bilibili.com/video/BV1M9ePzaELH/?spm_id_from=333.337.search-card.all.click,3,BV1M9ePzaELH,「杨博文｜卡拉永远OK」突发舞台事故？我怎么没看见,Astra_杨博文,2025-08-19 22:15:30,982069,14945,4978,10489,10714,728,669,8
2026-08-11 13:00:04,BV1s8BvBPEN5,4,BV1s8BvBPEN5,【杨博文｜4K舞台直拍】好运来祝你好运来～博文宝宝祝你新年好运来,关键时刻来瓶尖叫,2025-12-27 00:43:12,1911653,34674,16912,32135,17760,4325,4857,1
2026-08-11 13:00:04,https://www.bilibili.com/video/BV1jN64BKECs/?spm_id_from=333.337.search-card.all.click,5,BV1jN64BKECs,【杨博文｜4K直拍】跟着节奏一起《闭嘴跳舞》～,关键时刻来瓶尖叫,2026-02-01 20:20:32,1435615,26325,15940,22402,9197,2374,7159,1
2026-08-11 13:00:04,https://www.bilibili.com/video/BV1Lb6tBBEYC/?spm_id_from=333.1387.favlist.content.click&vd_source=bdf775a036c61c0159ac2f0c251aaeb7,6,BV1Lb6tBBEYC,【4K精剪】闭嘴跳舞 | 杨博文直拍 | 260201,underthepoplar,2026-02-02 00:00:55,353169,27179,14117,19182,8514,1837,3078,1
2026-08-11 13:00:04,https://www.bilibili.com/video/BV1mJ64BREZY/?spm_id_from=333.1387.favlist.content.click&vd_source=bdf775a036c61c0159ac2f0c251aaeb7,7,BV1mJ64BREZY,【杨博文】闭嘴跳舞丨当主舞穿上西装就会得到,Kismet丨杨博文,2026-02-01 18:31:00,610547,34991,3906,25330,6765,447,607,1
2026-08-11 13:00:04,https://www.bilibili.com/video/BV1XA6nBGEPV/?spm_id_from=333.1387.favlist.content.click,8,BV1XA6nBGEPV,【4K精剪】希区考克 作品152 | 杨博文直拍 | 260131,underthepoplar,2026-02-01 00:23:17,1938588,23521,22109,19836,18984,4001,6895,1
2026-08-11 13:00:04,https://www.bilibili.com/video/BV1JUK56tEh5/?spm_id_from=333.1387.favlist.content.click,9,BV1JUK56tEh5,【杨博文｜音乐现场】全程舒适！跟着标准答案出发不迷路｜《全世界陪我出发》4k横屏直拍,游园会_杨博文,2026-07-16 20:06:19,158595,7772,2349,3883,5073,1951,1787,1
2026-08-11 13:00:04,https://www.bilibili.com/video/BV1kFKG6pEPe/?spm_id_from=333.1387.favlist.content.click,10,BV1kFKG6pEPe,【杨博文】夏日运动会《全世界陪我出发》4K直拍,Eternity丨杨博文,2026-07-16 19:13:38,43795,5243,722,2860,2326,37,94,1
2026-08-11 13:00:04,BV1MGYnzrE9E,11,BV1MGYnzrE9E,杨博文跳 《Centuries》帅到窒息！！竖屏4K直拍,Kismet丨杨博文,2025-08-18 02:15:37,271765,12313,6763,7933,581,958,3381,4
2026-08-11 13:00:04,BV1TLYnzzEx9,12,BV1TLYnzzEx9,舞力全开！主舞大人爽飞全场 15岁少年「杨博文」尽情演绎《Go In Blind》,Astra_杨博文,2025-08-18 00:48:26,332313,9923,5860,8921,577,717,2604,5
2026-08-11 13:30:05,https://www.bilibili.com/video/BV1EGBCBmEo8/?spm_id_from=333.1387.favlist.content.click,0,BV1EGBCBmEo8,【杨博文｜4K高清直拍】魅魔级别的《Manta》舞台，看博文如何一yeah封神,关键时刻来瓶尖叫,2025-12-27 23:15:44,1015842,12549,9848,11493,12719,1100,2412,1
2026-08-11 13:30:05,https://www.bilibili.com/video/BV1A5vkB2E1k/?spm_id_from=333.1387.favlist.content.click,1,BV1A5vkB2E1k,【杨博文】Hey Mama六机位纯舞直拍丨15岁舞台统治者的诞生，四代主舞燃炸全场！,Kismet丨杨博文,2025-12-28 22:28:16,2768724,63707,44517,46335,24232,13563,21462,36
2026-08-11 13:30:05,https://www.bilibili.com/video/BV1EQK56xEZk/?spm_id_from=333.1387.favlist.content.click,2,BV1EQK56xEZk,【杨博文｜音乐现场】｜《全世界陪我出发》4K直拍，考核第一的大C位实在太亮眼！,关键时刻来瓶尖叫,2026-07-16 20:29:02,411191,12002,3166,7151,5672,11099,8443,7
2026-08-11 13:30:05,bilibili.com/video/BV1M9ePzaELH/?spm_id_from=333.337.search-card.all.click,3,BV1M9ePzaELH,「杨博文｜卡拉永远OK」突发舞台事故？我怎么没看见,Astra_杨博文,2025-08-19 22:15:30,982147,14945,4978,10489,10714,728,669,3
2026-08-11 13:30:05,BV1s8BvBPEN5,4,BV1s8BvBPEN5,【杨博文｜4K舞台直拍】好运来祝你好运来～博文宝宝祝你新年好运来,关键时刻来瓶尖叫,2025-12-27 00:43:12,1911664,34674,16912,32134,17763,4325,4857,1
2026-08-11 13:30:05,https://www.bilibili.com/video/BV1jN64BKECs/?spm_id_from=333.337.search-card.all.click,5,BV1jN64BKECs,【杨博文｜4K直拍】跟着节奏一起《闭嘴跳舞》～,关键时刻来瓶尖叫,2026-02-01 20:20:32,1435633,26327,15940,22403,9201,2374,7159,1
2026-08-11 13:30:05,https://www.bilibili.com/video/BV1Lb6tBBEYC/?spm_id_from=333.1387.favlist.content.click&vd_source=bdf775a036c61c0159ac2f0c251aaeb7,6,BV1Lb6tBBEYC,【4K精剪】闭嘴跳舞 | 杨博文直拍 | 260201,underthepoplar,2026-02-02 00:00:55,353189,27181,14117,19183,8519,1837,3078,1
2026-08-11 13:30:05,https://www.bilibili.com/video/BV1mJ64BREZY/?spm_id_from=333.1387.favlist.content.click&vd_source=bdf775a036c61c0159ac2f0c251aaeb7,7,BV1mJ64BREZY,【杨博文】闭嘴跳舞丨当主舞穿上西装就会得到,Kismet丨杨博文,2026-02-01 18:31:00,610614,34992,3906,25330,6769,447,607,1
2026-08-11 13:30:05,https://www.bilibili.com/video/BV1XA6nBGEPV/?spm_id_from=333.1387.favlist.content.click,8,BV1XA6nBGEPV,【4K精剪】希区考克 作品152 | 杨博文直拍 | 260131,underthepoplar,2026-02-01 00:23:17,1938605,23521,22109,19836,18984,4001,6895,1
2026-08-11 13:30:05,https://www.bilibili.com/video/BV1JUK56tEh5/?spm_id_from=333.1387.favlist.content.click,9,BV1JUK56tEh5,【杨博文｜音乐现场】全程舒适！跟着标准答案出发不迷路｜《全世界陪我出发》4k横屏直拍,游园会_杨博文,2026-07-16 20:06:19,158604,7777,2349,3883,5073,1951,1787,1
2026-08-11 13:30:05,https://www.bilibili.com/video/BV1kFKG6pEPe/?spm_id_from=333.1387.favlist.content.click,10,BV1kFKG6pEPe,【杨博文】夏日运动会《全世界陪我出发》4K直拍,Eternity丨杨博文,2026-07-16 19:13:38,43808,5247,722,2863,2326,37,94,1
2026-08-11 13:30:05,BV1MGYnzrE9E,11,BV1MGYnzrE9E,杨博文跳 《Centuries》帅到窒息！！竖屏4K直拍,Kismet丨杨博文,2025-08-18 02:15:37,271787,12313,6763,7933,581,958,3381,7
2026-08-11 13:30:05,BV1TLYnzzEx9,12,BV1TLYnzzEx9,舞力全开！主舞大人爽飞全场 15岁少年「杨博文」尽情演绎《Go In Blind》,Astra_杨博文,2025-08-18 00:48:26,332352,9923,5860,8921,577,717,2604,2
2026-08-11 14:00:06,https://www.bilibili.com/video/BV1EGBCBmEo8/?spm_id_from=333.1387.favlist.content.click,0,BV1EGBCBmEo8,【杨博文｜4K高清直拍】魅魔级别的《Manta》舞台，看博文如何一yeah封神,关键时刻来瓶尖叫,2025-12-27 23:15:44,1015863,12549,9848,11492,12719,1100,2412,1
2026-08-11 14:00:06,https://www.bilibili.com/video/BV1A5vkB2E1k/?spm_id_from=333.1387.favlist.content.click,1,BV1A5vkB2E1k,【杨博文】Hey Mama六机位纯舞直拍丨15岁舞台统治者的诞生，四代主舞燃炸全场！,Kismet丨杨博文,2025-12-28 22:28:16,2768838,63710,44517,46337,24233,13563,21462,38
2026-08-11 14:00:06,https://www.bilibili.com/video/BV1EQK56xEZk/?spm_id_from=333.1387.favlist.content.click,2,BV1EQK56xEZk,【杨博文｜音乐现场】｜《全世界陪我出发》4K直拍，考核第一的大C位实在太亮眼！,关键时刻来瓶尖叫,2026-07-16 20:29:02,411325,12006,3168,7154,5672,11099,8443,7
2026-08-11 14:00:06,bilibili.com/video/BV1M9ePzaELH/?spm_id_from=333.337.search-card.all.click,3,BV1M9ePzaELH,「杨博文｜卡拉永远OK」突发舞台事故？我怎么没看见,Astra_杨博文,2025-08-19 22:15:30,982236,14948,4978,10493,10714,730,669,4
2026-08-11 14:00:06,BV1s8BvBPEN5,4,BV1s8BvBPEN5,【杨博文｜4K舞台直拍】好运来祝你好运来～博文宝宝祝你新年好运来,关键时刻来瓶尖叫,2025-12-27 00:43:12,1911682,34675,16914,32134,17763,4325,4857,1
2026-08-11 14:00:06,https://www.bilibili.com/video/BV1jN64BKECs/?spm_id_from=333.337.search-card.all.click,5,BV1jN64BKECs,【杨博文｜4K直拍】跟着节奏一起《闭嘴跳舞》～,关键时刻来瓶尖叫,2026-02-01 20:20:32,1435660,26329,15940,22402,9201,2374,7159,1
2026-08-11 14:00:06,https://www.bilibili.com/video/BV1Lb6tBBEYC/?spm_id_from=333.1387.favlist.content.click&vd_source=bdf775a036c61c0159ac2f0c251aaeb7,6,BV1Lb6tBBEYC,【4K精剪】闭嘴跳舞 | 杨博文直拍 | 260201,underthepoplar,2026-02-02 00:00:55,353211,27181,14117,19182,8519,1837,3078,1
2026-08-11 14:00:06,https://www.bilibili.com/video/BV1mJ64BREZY/?spm_id_from=333.1387.favlist.content.click&vd_source=bdf775a036c61c0159ac2f0c251aaeb7,7,BV1mJ64BREZY,【杨博文】闭嘴跳舞丨当主舞穿上西装就会得到,Kismet丨杨博文,2026-02-01 18:31:00,610694,34993,3908,25332,6769,447,607,6
2026-08-11 14:00:06,https://www.bilibili.com/video/BV1XA6nBGEPV/?spm_id_from=333.1387.favlist.content.click,8,BV1XA6nBGEPV,【4K精剪】希区考克 作品152 | 杨博文直拍 | 260131,underthepoplar,2026-02-01 00:23:17,1938623,23521,22109,19835,18984,4001,6895,1
2026-08-11 14:00:06,https://www.bilibili.com/video/BV1JUK56tEh5/?spm_id_from=333.1387.favlist.content.click,9,BV1JUK56tEh5,【杨博文｜音乐现场】全程舒适！跟着标准答案出发不迷路｜《全世界陪我出发》4k横屏直拍,游园会_杨博文,2026-07-16 20:06:19,158612,7781,2349,3883,5073,1951,1787,1
2026-08-11 14:00:06,https://www.bilibili.com/video/BV1kFKG6pEPe/?spm_id_from=333.1387.favlist.content.click,10,BV1kFKG6pEPe,【杨博文】夏日运动会《全世界陪我出发》4K直拍,Eternity丨杨博文,2026-07-16 19:13:38,43819,5251,722,2866,2326,37,94,1
2026-08-11 14:00:06,BV1MGYnzrE9E,11,BV1MGYnzrE9E,杨博文跳 《Centuries》帅到窒息！！竖屏4K直拍,Kismet丨杨博文,2025-08-18 02:15:37,271803,12313,6763,7933,581,958,3381,3
2026-08-11 14:00:06,BV1TLYnzzEx9,12,BV1TLYnzzEx9,舞力全开！主舞大人爽飞全场 15岁少年「杨博文」尽情演绎《Go In Blind》,Astra_杨博文,2025-08-18 00:48:26,332382,9923,5860,8921,577,717,2604,3
2026-08-11 14:30:06,https://www.bilibili.com/video/BV1EGBCBmEo8/?spm_id_from=333.1387.favlist.content.click,0,BV1EGBCBmEo8,【杨博文｜4K高清直拍】魅魔级别的《Manta》舞台，看博文如何一yeah封神,关键时刻来瓶尖叫,2025-12-27 23:15:44,1015880,12549,9848,11492,12719,1100,2412,1
2026-08-11 14:30:06,https://www.bilibili.com/video/BV1A5vkB2E1k/?spm_id_from=333.1387.favlist.content.click,1,BV1A5vkB2E1k,【杨博文】Hey Mama六机位纯舞直拍丨15岁舞台统治者的诞生，四代主舞燃炸全场！,Kismet丨杨博文,2025-12-28 22:28:16,2768937,63711,44519,46337,24234,13563,21462,28
2026-08-11 14:30:06,https://www.bilibili.com/video/BV1EQK56xEZk/?spm_id_from=333.1387.favlist.content.click,2,BV1EQK56xEZk,【杨博文｜音乐现场】｜《全世界陪我出发》4K直拍，考核第一的大C位实在太亮眼！,关键时刻来瓶尖叫,2026-07-16 20:29:02,411436,12011,3168,7157,5672,11099,8443,3
2026-08-11 14:30:06,bilibili.com/video/BV1M9ePzaELH/?spm_id_from=333.337.search-card.all.click,3,BV1M9ePzaELH,「杨博文｜卡拉永远OK」突发舞台事故？我怎么没看见,Astra_杨博文,2025-08-19 22:15:30,982313,14948,4978,10493,10714,730,669,4
2026-08-11 14:30:06,BV1s8BvBPEN5,4,BV1s8BvBPEN5,【杨博文｜4K舞台直拍】好运来祝你好运来～博文宝宝祝你新年好运来,关键时刻来瓶尖叫,2025-12-27 00:43:12,1911696,34676,16914,32134,17765,4325,4857,1
2026-08-11 14:30:06,https://www.bilibili.com/video/BV1jN64BKECs/?spm_id_from=333.337.search-card.all.click,5,BV1jN64BKECs,【杨博文｜4K直拍】跟着节奏一起《闭嘴跳舞》～,关键时刻来瓶尖叫,2026-02-01 20:20:32,1435684,26329,15940,22402,9202,2374,7159,4
2026-08-11 14:30:06,https://www.bilibili.com/video/BV1Lb6tBBEYC/?spm_id_from=333.1387.favlist.content.click&vd_source=bdf775a036c61c0159ac2f0c251aaeb7,6,BV1Lb6tBBEYC,【4K精剪】闭嘴跳舞 | 杨博文直拍 | 260201,underthepoplar,2026-02-02 00:00:55,353235,27182,14117,19183,8520,1837,3078,1
2026-08-11 14:30:06,https://www.bilibili.com/video/BV1mJ64BREZY/?spm_id_from=333.1387.favlist.content.click&vd_source=bdf775a036c61c0159ac2f0c251aaeb7,7,BV1mJ64BREZY,【杨博文】闭嘴跳舞丨当主舞穿上西装就会得到,Kismet丨杨博文,2026-02-01 18:31:00,610776,34993,3908,25332,6771,447,607,4
2026-08-11 14:30:06,https://www.bilibili.com/video/BV1XA6nBGEPV/?spm_id_from=333.1387.favlist.content.click,8,BV1XA6nBGEPV,【4K精剪】希区考克 作品152 | 杨博文直拍 | 260131,underthepoplar,2026-02-01 00:23:17,1938650,23523,22109,19835,18984,4001,6895,1
2026-08-11 14:30:06,https://www.bilibili.com/video/BV1JUK56tEh5/?spm_id_from=333.1387.favlist.content.click,9,BV1JUK56tEh5,【杨博文｜音乐现场】全程舒适！跟着标准答案出发不迷路｜《全世界陪我出发》4k横屏直拍,游园会_杨博文,2026-07-16 20:06:19,158619,7785,2349,3886,5073,1951,1787,1
2026-08-11 14:30:06,https://www.bilibili.com/video/BV1kFKG6pEPe/?spm_id_from=333.1387.favlist.content.click,10,BV1kFKG6pEPe,【杨博文】夏日运动会《全世界陪我出发》4K直拍,Eternity丨杨博文,2026-07-16 19:13:38,43827,5252,722,2866,2326,37,94,1
2026-08-11 14:30:06,BV1MGYnzrE9E,11,BV1MGYnzrE9E,杨博文跳 《Centuries》帅到窒息！！竖屏4K直拍,Kismet丨杨博文,2025-08-18 02:15:37,271821,12313,6763,7933,581,958,3381,1
2026-08-11 14:30:06,BV1TLYnzzEx9,12,BV1TLYnzzEx9,舞力全开！主舞大人爽飞全场 15岁少年「杨博文」尽情演绎《Go In Blind》,Astra_杨博文,2025-08-18 00:48:26,332399,9923,5860,8921,577,717,2604,4
2026-08-11 15:00:07,https://www.bilibili.com/video/BV1EGBCBmEo8/?spm_id_from=333.1387.favlist.content.click,0,BV1EGBCBmEo8,【杨博文｜4K高清直拍】魅魔级别的《Manta》舞台，看博文如何一yeah封神,关键时刻来瓶尖叫,2025-12-27 23:15:44,1015896,12549,9848,11492,12719,1100,2412,2
2026-08-11 15:00:07,https://www.bilibili.com/video/BV1A5vkB2E1k/?spm_id_from=333.1387.favlist.content.click,1,BV1A5vkB2E1k,【杨博文】Hey Mama六机位纯舞直拍丨15岁舞台统治者的诞生，四代主舞燃炸全场！,Kismet丨杨博文,2025-12-28 22:28:16,2769053,63711,44519,46337,24238,13563,21465,51
2026-08-11 15:00:07,https://www.bilibili.com/video/BV1EQK56xEZk/?spm_id_from=333.1387.favlist.content.click,2,BV1EQK56xEZk,【杨博文｜音乐现场】｜《全世界陪我出发》4K直拍，考核第一的大C位实在太亮眼！,关键时刻来瓶尖叫,2026-07-16 20:29:02,411584,12020,3168,7163,5672,11099,8443,10
2026-08-11 15:00:07,bilibili.com/video/BV1M9ePzaELH/?spm_id_from=333.337.search-card.all.click,3,BV1M9ePzaELH,「杨博文｜卡拉永远OK」突发舞台事故？我怎么没看见,Astra_杨博文,2025-08-19 22:15:30,982383,14948,4978,10494,10714,730,669,8
2026-08-11 15:00:07,BV1s8BvBPEN5,4,BV1s8BvBPEN5,【杨博文｜4K舞台直拍】好运来祝你好运来～博文宝宝祝你新年好运来,关键时刻来瓶尖叫,2025-12-27 00:43:12,1911709,34676,16914,32134,17768,4325,4858,1
2026-08-11 15:00:07,https://www.bilibili.com/video/BV1jN64BKECs/?spm_id_from=333.337.search-card.all.click,5,BV1jN64BKECs,【杨博文｜4K直拍】跟着节奏一起《闭嘴跳舞》～,关键时刻来瓶尖叫,2026-02-01 20:20:32,1435704,26331,15940,22403,9205,2374,7159,1
2026-08-11 15:00:07,https://www.bilibili.com/video/BV1Lb6tBBEYC/?spm_id_from=333.1387.favlist.content.click&vd_source=bdf775a036c61c0159ac2f0c251aaeb7,6,BV1Lb6tBBEYC,【4K精剪】闭嘴跳舞 | 杨博文直拍 | 260201,underthepoplar,2026-02-02 00:00:55,353261,27186,14117,19184,8523,1837,3079,1
2026-08-11 15:00:07,https://www.bilibili.com/video/BV1mJ64BREZY/?spm_id_from=333.1387.favlist.content.click&vd_source=bdf775a036c61c0159ac2f0c251aaeb7,7,BV1mJ64BREZY,【杨博文】闭嘴跳舞丨当主舞穿上西装就会得到,Kismet丨杨博文,2026-02-01 18:31:00,610858,34993,3908,25335,6774,447,607,7
2026-08-11 15:00:07,https://www.bilibili.com/video/BV1XA6nBGEPV/?spm_id_from=333.1387.favlist.content.click,8,BV1XA6nBGEPV,【4K精剪】希区考克 作品152 | 杨博文直拍 | 260131,underthepoplar,2026-02-01 00:23:17,1938663,23524,22109,19836,18984,4001,6895,2
2026-08-11 15:00:07,https://www.bilibili.com/video/BV1JUK56tEh5/?spm_id_from=333.1387.favlist.content.click,9,BV1JUK56tEh5,【杨博文｜音乐现场】全程舒适！跟着标准答案出发不迷路｜《全世界陪我出发》4k横屏直拍,游园会_杨博文,2026-07-16 20:06:19,158626,7787,2349,3886,5073,1951,1787,1
2026-08-11 15:00:07,https://www.bilibili.com/video/BV1kFKG6pEPe/?spm_id_from=333.1387.favlist.content.click,10,BV1kFKG6pEPe,【杨博文】夏日运动会《全世界陪我出发》4K直拍,Eternity丨杨博文,2026-07-16 19:13:38,43837,5255,722,2866,2326,37,94,1
2026-08-11 15:00:07,BV1MGYnzrE9E,11,BV1MGYnzrE9E,杨博文跳 《Centuries》帅到窒息！！竖屏4K直拍,Kismet丨杨博文,2025-08-18 02:15:37,271832,12314,6763,7933,581,958,3381,8
2026-08-11 15:00:07,BV1TLYnzzEx9,12,BV1TLYnzzEx9,舞力全开！主舞大人爽飞全场 15岁少年「杨博文」尽情演绎《Go In Blind》,Astra_杨博文,2025-08-18 00:48:26,332409,9923,5860,8921,577,717,2604,4
2026-08-11 15:30:07,https://www.bilibili.com/video/BV1EGBCBmEo8/?spm_id_from=333.1387.favlist.content.click,0,BV1EGBCBmEo8,【杨博文｜4K高清直拍】魅魔级别的《Manta》舞台，看博文如何一yeah封神,关键时刻来瓶尖叫,2025-12-27 23:15:44,1015910,12550,9848,11492,12719,1100,2412,1
2026-08-11 15:30:07,https://www.bilibili.com/video/BV1A5vkB2E1k/?spm_id_from=333.1387.favlist.content.click,1,BV1A5vkB2E1k,【杨博文】Hey Mama六机位纯舞直拍丨15岁舞台统治者的诞生，四代主舞燃炸全场！,Kismet丨杨博文,2025-12-28 22:28:16,2769172,63715,44521,46339,24240,13563,21465,56
2026-08-11 15:30:07,https://www.bilibili.com/video/BV1EQK56xEZk/?spm_id_from=333.1387.favlist.content.click,2,BV1EQK56xEZk,【杨博文｜音乐现场】｜《全世界陪我出发》4K直拍，考核第一的大C位实在太亮眼！,关键时刻来瓶尖叫,2026-07-16 20:29:02,411723,12023,3170,7164,5672,11099,8443,10
2026-08-11 15:30:07,bilibili.com/video/BV1M9ePzaELH/?spm_id_from=333.337.search-card.all.click,3,BV1M9ePzaELH,「杨博文｜卡拉永远OK」突发舞台事故？我怎么没看见,Astra_杨博文,2025-08-19 22:15:30,982471,14949,4980,10496,10714,730,669,5
2026-08-11 15:30:07,BV1s8BvBPEN5,4,BV1s8BvBPEN5,【杨博文｜4K舞台直拍】好运来祝你好运来～博文宝宝祝你新年好运来,关键时刻来瓶尖叫,2025-12-27 00:43:12,1911722,34677,16914,32135,17771,4325,4858,2
2026-08-11 15:30:07,https://www.bilibili.com/video/BV1jN64BKECs/?spm_id_from=333.337.search-card.all.click,5,BV1jN64BKECs,【杨博文｜4K直拍】跟着节奏一起《闭嘴跳舞》～,关键时刻来瓶尖叫,2026-02-01 20:20:32,1435745,26331,15940,22403,9208,2374,7159,2
2026-08-11 15:30:07,https://www.bilibili.com/video/BV1Lb6tBBEYC/?spm_id_from=333.1387.favlist.content.click&vd_source=bdf775a036c61c0159ac2f0c251aaeb7,6,BV1Lb6tBBEYC,【4K精剪】闭嘴跳舞 | 杨博文直拍 | 260201,underthepoplar,2026-02-02 00:00:55,353288,27186,14117,19184,8524,1837,3079,1
2026-08-11 15:30:07,https://www.bilibili.com/video/BV1mJ64BREZY/?spm_id_from=333.1387.favlist.content.click&vd_source=bdf775a036c61c0159ac2f0c251aaeb7,7,BV1mJ64BREZY,【杨博文】闭嘴跳舞丨当主舞穿上西装就会得到,Kismet丨杨博文,2026-02-01 18:31:00,610957,34994,3910,25335,6777,447,607,6
2026-08-11 15:30:07,https://www.bilibili.com/video/BV1XA6nBGEPV/?spm_id_from=333.1387.favlist.content.click,8,BV1XA6nBGEPV,【4K精剪】希区考克 作品152 | 杨博文直拍 | 260131,underthepoplar,2026-02-01 00:23:17,1938680,23525,22109,19836,18985,4001,6895,1
2026-08-11 15:30:07,https://www.bilibili.com/video/BV1JUK56tEh5/?spm_id_from=333.1387.favlist.content.click,9,BV1JUK56tEh5,【杨博文｜音乐现场】全程舒适！跟着标准答案出发不迷路｜《全世界陪我出发》4k横屏直拍,游园会_杨博文,2026-07-16 20:06:19,158631,7787,2349,3886,5073,1951,1787,1
2026-08-11 15:30:07,https://www.bilibili.com/video/BV1kFKG6pEPe/?spm_id_from=333.1387.favlist.content.click,10,BV1kFKG6pEPe,【杨博文】夏日运动会《全世界陪我出发》4K直拍,Eternity丨杨博文,2026-07-16 19:13:38,43848,5259,722,2866,2326,37,94,1
2026-08-11 15:30:07,BV1MGYnzrE9E,11,BV1MGYnzrE9E,杨博文跳 《Centuries》帅到窒息！！竖屏4K直拍,Kismet丨杨博文,2025-08-18 02:15:37,271847,12314,6763,7933,581,958,3381,5
2026-08-11 15:30:07,BV1TLYnzzEx9,12,BV1TLYnzzEx9,舞力全开！主舞大人爽飞全场 15岁少年「杨博文」尽情演绎《Go In Blind》,Astra_杨博文,2025-08-18 00:48:26,332421,9923,5860,8921,577,717,2604,7
2026-08-11 16:00:08,https://www.bilibili.com/video/BV1EGBCBmEo8/?spm_id_from=333.1387.favlist.content.click,0,BV1EGBCBmEo8,【杨博文｜4K高清直拍】魅魔级别的《Manta》舞台，看博文如何一yeah封神,关键时刻来瓶尖叫,2025-12-27 23:15:44,1015929,12551,9848,11491,12719,1100,2412,1
2026-08-11 16:00:08,https://www.bilibili.com/video/BV1A5vkB2E1k/?spm_id_from=333.1387.favlist.content.click,1,BV1A5vkB2E1k,【杨博文】Hey Mama六机位纯舞直拍丨15岁舞台统治者的诞生，四代主舞燃炸全场！,Kismet丨杨博文,2025-12-28 22:28:16,2769304,63716,44523,46338,24243,13563,21465,51
2026-08-11 16:00:08,https://www.bilibili.com/video/BV1EQK56xEZk/?spm_id_from=333.1387.favlist.content.click,2,BV1EQK56xEZk,【杨博文｜音乐现场】｜《全世界陪我出发》4K直拍，考核第一的大C位实在太亮眼！,关键时刻来瓶尖叫,2026-07-16 20:29:02,411879,12026,3170,7168,5672,11099,8443,11
2026-08-11 16:00:08,bilibili.com/video/BV1M9ePzaELH/?spm_id_from=333.337.search-card.all.click,3,BV1M9ePzaELH,「杨博文｜卡拉永远OK」突发舞台事故？我怎么没看见,Astra_杨博文,2025-08-19 22:15:30,982571,14949,4980,10498,10714,730,669,6
2026-08-11 16:00:08,BV1s8BvBPEN5,4,BV1s8BvBPEN5,【杨博文｜4K舞台直拍】好运来祝你好运来～博文宝宝祝你新年好运来,关键时刻来瓶尖叫,2025-12-27 00:43:12,1911734,34679,16917,32135,17774,4325,4858,1
2026-08-11 16:00:08,https://www.bilibili.com/video/BV1jN64BKECs/?spm_id_from=333.337.search-card.all.click,5,BV1jN64BKECs,【杨博文｜4K直拍】跟着节奏一起《闭嘴跳舞》～,关键时刻来瓶尖叫,2026-02-01 20:20:32,1435778,26332,15940,22405,9209,2374,7159,3
2026-08-11 16:00:08,https://www.bilibili.com/video/BV1Lb6tBBEYC/?spm_id_from=333.1387.favlist.content.click&vd_source=bdf775a036c61c0159ac2f0c251aaeb7,6,BV1Lb6tBBEYC,【4K精剪】闭嘴跳舞 | 杨博文直拍 | 260201,underthepoplar,2026-02-02 00:00:55,353310,27187,14117,19185,8528,1837,3079,1
2026-08-11 16:00:08,https://www.bilibili.com/video/BV1mJ64BREZY/?spm_id_from=333.1387.favlist.content.click&vd_source=bdf775a036c61c0159ac2f0c251aaeb7,7,BV1mJ64BREZY,【杨博文】闭嘴跳舞丨当主舞穿上西装就会得到,Kismet丨杨博文,2026-02-01 18:31:00,611058,34994,3910,25337,6779,447,607,7
2026-08-11 16:00:08,https://www.bilibili.com/video/BV1XA6nBGEPV/?spm_id_from=333.1387.favlist.content.click,8,BV1XA6nBGEPV,【4K精剪】希区考克 作品152 | 杨博文直拍 | 260131,underthepoplar,2026-02-01 00:23:17,1938693,23526,22109,19836,18985,4001,6895,1
2026-08-11 16:00:08,https://www.bilibili.com/video/BV1JUK56tEh5/?spm_id_from=333.1387.favlist.content.click,9,BV1JUK56tEh5,【杨博文｜音乐现场】全程舒适！跟着标准答案出发不迷路｜《全世界陪我出发》4k横屏直拍,游园会_杨博文,2026-07-16 20:06:19,158642,7789,2349,3887,5073,1951,1789,1
2026-08-11 16:00:08,https://www.bilibili.com/video/BV1kFKG6pEPe/?spm_id_from=333.1387.favlist.content.click,10,BV1kFKG6pEPe,【杨博文】夏日运动会《全世界陪我出发》4K直拍,Eternity丨杨博文,2026-07-16 19:13:38,43859,5261,722,2866,2326,37,94,1
2026-08-11 16:00:08,BV1MGYnzrE9E,11,BV1MGYnzrE9E,杨博文跳 《Centuries》帅到窒息！！竖屏4K直拍,Kismet丨杨博文,2025-08-18 02:15:37,271860,12314,6763,7933,581,958,3381,7
2026-08-11 16:00:08,BV1TLYnzzEx9,12,BV1TLYnzzEx9,舞力全开！主舞大人爽飞全场 15岁少年「杨博文」尽情演绎《Go In Blind》,Astra_杨博文,2025-08-18 00:48:26,332439,9923,5860,8921,577,717,2604,6
2026-08-11 16:30:08,https://www.bilibili.com/video/BV1EGBCBmEo8/?spm_id_from=333.1387.favlist.content.click,0,BV1EGBCBmEo8,【杨博文｜4K高清直拍】魅魔级别的《Manta》舞台，看博文如何一yeah封神,关键时刻来瓶尖叫,2025-12-27 23:15:44,1015947,12552,9848,11491,12719,1100,2412,1
2026-08-11 16:30:08,https://www.bilibili.com/video/BV1A5vkB2E1k/?spm_id_from=333.1387.favlist.content.click,1,BV1A5vkB2E1k,【杨博文】Hey Mama六机位纯舞直拍丨15岁舞台统治者的诞生，四代主舞燃炸全场！,Kismet丨杨博文,2025-12-28 22:28:16,2769425,63718,44525,46339,24245,13563,21466,50
2026-08-11 16:30:08,https://www.bilibili.com/video/BV1EQK56xEZk/?spm_id_from=333.1387.favlist.content.click,2,BV1EQK56xEZk,【杨博文｜音乐现场】｜《全世界陪我出发》4K直拍，考核第一的大C位实在太亮眼！,关键时刻来瓶尖叫,2026-07-16 20:29:02,412038,12028,3173,7171,5673,11099,8444,8
2026-08-11 16:30:08,bilibili.com/video/BV1M9ePzaELH/?spm_id_from=333.337.search-card.all.click,3,BV1M9ePzaELH,「杨博文｜卡拉永远OK」突发舞台事故？我怎么没看见,Astra_杨博文,2025-08-19 22:15:30,982674,14950,4982,10499,10714,730,669,8
2026-08-11 16:30:08,BV1s8BvBPEN5,4,BV1s8BvBPEN5,【杨博文｜4K舞台直拍】好运来祝你好运来～博文宝宝祝你新年好运来,关键时刻来瓶尖叫,2025-12-27 00:43:12,1911740,34680,16918,32136,17776,4325,4858,1
2026-08-11 16:30:08,https://www.bilibili.com/video/BV1jN64BKECs/?spm_id_from=333.337.search-card.all.click,5,BV1jN64BKECs,【杨博文｜4K直拍】跟着节奏一起《闭嘴跳舞》～,关键时刻来瓶尖叫,2026-02-01 20:20:32,1435813,26334,15940,22407,9212,2374,7159,1
2026-08-11 16:30:08,https://www.bilibili.com/video/BV1Lb6tBBEYC/?spm_id_from=333.1387.favlist.content.click&vd_source=bdf775a036c61c0159ac2f0c251aaeb7,6,BV1Lb6tBBEYC,【4K精剪】闭嘴跳舞 | 杨博文直拍 | 260201,underthepoplar,2026-02-02 00:00:55,353329,27188,14117,19185,8530,1837,3079,1
2026-08-11 16:30:08,https://www.bilibili.com/video/BV1mJ64BREZY/?spm_id_from=333.1387.favlist.content.click&vd_source=bdf775a036c61c0159ac2f0c251aaeb7,7,BV1mJ64BREZY,【杨博文】闭嘴跳舞丨当主舞穿上西装就会得到,Kismet丨杨博文,2026-02-01 18:31:00,611166,34995,3912,25337,6781,447,607,6
2026-08-11 16:30:08,https://www.bilibili.com/video/BV1XA6nBGEPV/?spm_id_from=333.1387.favlist.content.click,8,BV1XA6nBGEPV,【4K精剪】希区考克 作品152 | 杨博文直拍 | 260131,underthepoplar,2026-02-01 00:23:17,1938711,23527,22110,19836,18985,4001,6895,1
2026-08-11 16:30:08,https://www.bilibili.com/video/BV1JUK56tEh5/?spm_id_from=333.1387.favlist.content.click,9,BV1JUK56tEh5,【杨博文｜音乐现场】全程舒适！跟着标准答案出发不迷路｜《全世界陪我出发》4k横屏直拍,游园会_杨博文,2026-07-16 20:06:19,158651,7790,2349,3887,5073,1951,1789,1
2026-08-11 16:30:08,https://www.bilibili.com/video/BV1kFKG6pEPe/?spm_id_from=333.1387.favlist.content.click,10,BV1kFKG6pEPe,【杨博文】夏日运动会《全世界陪我出发》4K直拍,Eternity丨杨博文,2026-07-16 19:13:38,43865,5262,722,2867,2326,37,94,1
2026-08-11 16:30:08,BV1MGYnzrE9E,11,BV1MGYnzrE9E,杨博文跳 《Centuries》帅到窒息！！竖屏4K直拍,Kismet丨杨博文,2025-08-18 02:15:37,271882,12314,6764,7933,581,958,3381,5
2026-08-11 16:30:08,BV1TLYnzzEx9,12,BV1TLYnzzEx9,舞力全开！主舞大人爽飞全场 15岁少年「杨博文」尽情演绎《Go In Blind》,Astra_杨博文,2025-08-18 00:48:26,332458,9923,5860,8921,577,717,2604,6
2026-08-11 17:00:09,https://www.bilibili.com/video/BV1EGBCBmEo8/?spm_id_from=333.1387.favlist.content.click,0,BV1EGBCBmEo8,【杨博文｜4K高清直拍】魅魔级别的《Manta》舞台，看博文如何一yeah封神,关键时刻来瓶尖叫,2025-12-27 23:15:44,1015966,12552,9848,11491,12719,1100,2412,1
2026-08-11 17:00:09,https://www.bilibili.com/video/BV1A5vkB2E1k/?spm_id_from=333.1387.favlist.content.click,1,BV1A5vkB2E1k,【杨博文】Hey Mama六机位纯舞直拍丨15岁舞台统治者的诞生，四代主舞燃炸全场！,Kismet丨杨博文,2025-12-28 22:28:16,2769530,63722,44525,46339,24249,13563,21466,49
2026-08-11 17:00:09,https://www.bilibili.com/video/BV1EQK56xEZk/?spm_id_from=333.1387.favlist.content.click,2,BV1EQK56xEZk,【杨博文｜音乐现场】｜《全世界陪我出发》4K直拍，考核第一的大C位实在太亮眼！,关键时刻来瓶尖叫,2026-07-16 20:29:02,412183,12030,3173,7174,5673,11099,8445,11
2026-08-11 17:00:09,bilibili.com/video/BV1M9ePzaELH/?spm_id_from=333.337.search-card.all.click,3,BV1M9ePzaELH,「杨博文｜卡拉永远OK」突发舞台事故？我怎么没看见,Astra_杨博文,2025-08-19 22:15:30,982753,14950,4982,10500,10714,730,669,6
2026-08-11 17:00:09,BV1s8BvBPEN5,4,BV1s8BvBPEN5,【杨博文｜4K舞台直拍】好运来祝你好运来～博文宝宝祝你新年好运来,关键时刻来瓶尖叫,2025-12-27 00:43:12,1911747,34680,16918,32137,17780,4325,4858,3
2026-08-11 17:00:09,https://www.bilibili.com/video/BV1jN64BKECs/?spm_id_from=333.337.search-card.all.click,5,BV1jN64BKECs,【杨博文｜4K直拍】跟着节奏一起《闭嘴跳舞》～,关键时刻来瓶尖叫,2026-02-01 20:20:32,1435849,26334,15940,22409,9217,2374,7159,1
2026-08-11 17:00:09,https://www.bilibili.com/video/BV1Lb6tBBEYC/?spm_id_from=333.1387.favlist.content.click&vd_source=bdf775a036c61c0159ac2f0c251aaeb7,6,BV1Lb6tBBEYC,【4K精剪】闭嘴跳舞 | 杨博文直拍 | 260201,underthepoplar,2026-02-02 00:00:55,353352,27188,14119,19187,8534,1837,3079,1
2026-08-11 17:00:09,https://www.bilibili.com/video/BV1mJ64BREZY/?spm_id_from=333.1387.favlist.content.click&vd_source=bdf775a036c61c0159ac2f0c251aaeb7,7,BV1mJ64BREZY,【杨博文】闭嘴跳舞丨当主舞穿上西装就会得到,Kismet丨杨博文,2026-02-01 18:31:00,611252,34995,3912,25338,6785,447,607,5
2026-08-11 17:00:09,https://www.bilibili.com/video/BV1XA6nBGEPV/?spm_id_from=333.1387.favlist.content.click,8,BV1XA6nBGEPV,【4K精剪】希区考克 作品152 | 杨博文直拍 | 260131,underthepoplar,2026-02-01 00:23:17,1938725,23530,22112,19838,18986,4001,6895,1
2026-08-11 17:00:09,https://www.bilibili.com/video/BV1JUK56tEh5/?spm_id_from=333.1387.favlist.content.click,9,BV1JUK56tEh5,【杨博文｜音乐现场】全程舒适！跟着标准答案出发不迷路｜《全世界陪我出发》4k横屏直拍,游园会_杨博文,2026-07-16 20:06:19,158660,7792,2349,3887,5073,1951,1789,1
2026-08-11 17:00:09,https://www.bilibili.com/video/BV1kFKG6pEPe/?spm_id_from=333.1387.favlist.content.click,10,BV1kFKG6pEPe,【杨博文】夏日运动会《全世界陪我出发》4K直拍,Eternity丨杨博文,2026-07-16 19:13:38,43873,5264,722,2868,2326,37,94,1
2026-08-11 17:00:09,BV1MGYnzrE9E,11,BV1MGYnzrE9E,杨博文跳 《Centuries》帅到窒息！！竖屏4K直拍,Kismet丨杨博文,2025-08-18 02:15:37,271900,12315,6764,7934,581,958,3381,3
2026-08-11 17:00:09,BV1TLYnzzEx9,12,BV1TLYnzzEx9,舞力全开！主舞大人爽飞全场 15岁少年「杨博文」尽情演绎《Go In Blind》,Astra_杨博文,2025-08-18 00:48:26,332475,9923,5860,8921,577,717,2604,5
2026-08-11 17:30:00,https://www.bilibili.com/video/BV1EGBCBmEo8/?spm_id_from=333.1387.favlist.content.click,0,BV1EGBCBmEo8,【杨博文｜4K高清直拍】魅魔级别的《Manta》舞台，看博文如何一yeah封神,关键时刻来瓶尖叫,2025-12-27 23:15:44,1015985,12553,9848,11491,12719,1100,2412,1
2026-08-11 17:30:00,https://www.bilibili.com/video/BV1A5vkB2E1k/?spm_id_from=333.1387.favlist.content.click,1,BV1A5vkB2E1k,【杨博文】Hey Mama六机位纯舞直拍丨15岁舞台统治者的诞生，四代主舞燃炸全场！,Kismet丨杨博文,2025-12-28 22:28:16,2769656,63726,44528,46343,24251,13563,21466,49
2026-08-11 17:30:00,https://www.bilibili.com/video/BV1EQK56xEZk/?spm_id_from=333.1387.favlist.content.click,2,BV1EQK56xEZk,【杨博文｜音乐现场】｜《全世界陪我出发》4K直拍，考核第一的大C位实在太亮眼！,关键时刻来瓶尖叫,2026-07-16 20:29:02,412306,12032,3173,7174,5673,11099,8445,7
2026-08-11 17:30:00,bilibili.com/video/BV1M9ePzaELH/?spm_id_from=333.337.search-card.all.click,3,BV1M9ePzaELH,「杨博文｜卡拉永远OK」突发舞台事故？我怎么没看见,Astra_杨博文,2025-08-19 22:15:30,982836,14950,4982,10500,10714,730,669,4
2026-08-11 17:30:00,BV1s8BvBPEN5,4,BV1s8BvBPEN5,【杨博文｜4K舞台直拍】好运来祝你好运来～博文宝宝祝你新年好运来,关键时刻来瓶尖叫,2025-12-27 00:43:12,1911759,34680,16918,32137,17782,4325,4858,1
2026-08-11 17:30:00,https://www.bilibili.com/video/BV1jN64BKECs/?spm_id_from=333.337.search-card.all.click,5,BV1jN64BKECs,【杨博文｜4K直拍】跟着节奏一起《闭嘴跳舞》～,关键时刻来瓶尖叫,2026-02-01 20:20:32,1435883,26336,15940,22409,9219,2374,7159,1
2026-08-11 17:30:00,https://www.bilibili.com/video/BV1Lb6tBBEYC/?spm_id_from=333.1387.favlist.content.click&vd_source=bdf775a036c61c0159ac2f0c251aaeb7,6,BV1Lb6tBBEYC,【4K精剪】闭嘴跳舞 | 杨博文直拍 | 260201,underthepoplar,2026-02-02 00:00:55,353369,27188,14119,19187,8536,1837,3079,1
2026-08-11 17:30:00,https://www.bilibili.com/video/BV1mJ64BREZY/?spm_id_from=333.1387.favlist.content.click&vd_source=bdf775a036c61c0159ac2f0c251aaeb7,7,BV1mJ64BREZY,【杨博文】闭嘴跳舞丨当主舞穿上西装就会得到,Kismet丨杨博文,2026-02-01 18:31:00,611325,34995,3912,25338,6787,447,607,5
2026-08-11 17:30:00,https://www.bilibili.com/video/BV1XA6nBGEPV/?spm_id_from=333.1387.favlist.content.click,8,BV1XA6nBGEPV,【4K精剪】希区考克 作品152 | 杨博文直拍 | 260131,underthepoplar,2026-02-01 00:23:17,1938741,23530,22112,19838,18986,4001,6895,1
2026-08-11 17:30:00,https://www.bilibili.com/video/BV1JUK56tEh5/?spm_id_from=333.1387.favlist.content.click,9,BV1JUK56tEh5,【杨博文｜音乐现场】全程舒适！跟着标准答案出发不迷路｜《全世界陪我出发》4k横屏直拍,游园会_杨博文,2026-07-16 20:06:19,158670,7793,2349,3887,5073,1951,1789,1
2026-08-11 17:30:00,https://www.bilibili.com/video/BV1kFKG6pEPe/?spm_id_from=333.1387.favlist.content.click,10,BV1kFKG6pEPe,【杨博文】夏日运动会《全世界陪我出发》4K直拍,Eternity丨杨博文,2026-07-16 19:13:38,43881,5268,722,2871,2326,37,94,1
2026-08-11 17:30:00,BV1MGYnzrE9E,11,BV1MGYnzrE9E,杨博文跳 《Centuries》帅到窒息！！竖屏4K直拍,Kismet丨杨博文,2025-08-18 02:15:37,271917,12316,6766,7935,581,958,3381,4
2026-08-11 17:30:00,BV1TLYnzzEx9,12,BV1TLYnzzEx9,舞力全开！主舞大人爽飞全场 15岁少年「杨博文」尽情演绎《Go In Blind》,Astra_杨博文,2025-08-18 00:48:26,332490,9923,5860,8921,577,717,2604,3
2026-08-11 18:00:01,https://www.bilibili.com/video/BV1EGBCBmEo8/?spm_id_from=333.1387.favlist.content.click,0,BV1EGBCBmEo8,【杨博文｜4K高清直拍】魅魔级别的《Manta》舞台，看博文如何一yeah封神,关键时刻来瓶尖叫,2025-12-27 23:15:44,1016001,12553,9848,11490,12719,1100,2412,1
2026-08-11 18:00:01,https://www.bilibili.com/video/BV1A5vkB2E1k/?spm_id_from=333.1387.favlist.content.click,1,BV1A5vkB2E1k,【杨博文】Hey Mama六机位纯舞直拍丨15岁舞台统治者的诞生，四代主舞燃炸全场！,Kismet丨杨博文,2025-12-28 22:28:16,2769755,63729,44530,46344,24255,13564,21467,51
2026-08-11 18:00:01,https://www.bilibili.com/video/BV1EQK56xEZk/?spm_id_from=333.1387.favlist.content.click,2,BV1EQK56xEZk,【杨博文｜音乐现场】｜《全世界陪我出发》4K直拍，考核第一的大C位实在太亮眼！,关键时刻来瓶尖叫,2026-07-16 20:29:02,412443,12038,3173,7177,5673,11100,8445,10
2026-08-11 18:00:01,bilibili.com/video/BV1M9ePzaELH/?spm_id_from=333.337.search-card.all.click,3,BV1M9ePzaELH,「杨博文｜卡拉永远OK」突发舞台事故？我怎么没看见,Astra_杨博文,2025-08-19 22:15:30,982906,14951,4982,10501,10714,732,669,6
2026-08-11 18:00:01,BV1s8BvBPEN5,4,BV1s8BvBPEN5,【杨博文｜4K舞台直拍】好运来祝你好运来～博文宝宝祝你新年好运来,关键时刻来瓶尖叫,2025-12-27 00:43:12,1911766,34680,16918,32137,17784,4325,4858,1
2026-08-11 18:00:01,https://www.bilibili.com/video/BV1jN64BKECs/?spm_id_from=333.337.search-card.all.click,5,BV1jN64BKECs,【杨博文｜4K直拍】跟着节奏一起《闭嘴跳舞》～,关键时刻来瓶尖叫,2026-02-01 20:20:32,1435920,26339,15940,22412,9222,2374,7159,1
2026-08-11 18:00:01,https://www.bilibili.com/video/BV1Lb6tBBEYC/?spm_id_from=333.1387.favlist.content.click&vd_source=bdf775a036c61c0159ac2f0c251aaeb7,6,BV1Lb6tBBEYC,【4K精剪】闭嘴跳舞 | 杨博文直拍 | 260201,underthepoplar,2026-02-02 00:00:55,353392,27189,14119,19187,8538,1838,3079,1
2026-08-11 18:00:01,https://www.bilibili.com/video/BV1mJ64BREZY/?spm_id_from=333.1387.favlist.content.click&vd_source=bdf775a036c61c0159ac2f0c251aaeb7,7,BV1mJ64BREZY,【杨博文】闭嘴跳舞丨当主舞穿上西装就会得到,Kismet丨杨博文,2026-02-01 18:31:00,611408,34995,3912,25338,6790,448,607,3
2026-08-11 18:00:01,https://www.bilibili.com/video/BV1XA6nBGEPV/?spm_id_from=333.1387.favlist.content.click,8,BV1XA6nBGEPV,【4K精剪】希区考克 作品152 | 杨博文直拍 | 260131,underthepoplar,2026-02-01 00:23:17,1938763,23532,22114,19839,18986,4002,6897,1
2026-08-11 18:00:01,https://www.bilibili.com/video/BV1JUK56tEh5/?spm_id_from=333.1387.favlist.content.click,9,BV1JUK56tEh5,【杨博文｜音乐现场】全程舒适！跟着标准答案出发不迷路｜《全世界陪我出发》4k横屏直拍,游园会_杨博文,2026-07-16 20:06:19,158685,7794,2349,3887,5073,1951,1789,1
2026-08-11 18:00:01,https://www.bilibili.com/video/BV1kFKG6pEPe/?spm_id_from=333.1387.favlist.content.click,10,BV1kFKG6pEPe,【杨博文】夏日运动会《全世界陪我出发》4K直拍,Eternity丨杨博文,2026-07-16 19:13:38,43894,5269,722,2872,2326,37,94,2
2026-08-11 18:00:01,BV1MGYnzrE9E,11,BV1MGYnzrE9E,杨博文跳 《Centuries》帅到窒息！！竖屏4K直拍,Kismet丨杨博文,2025-08-18 02:15:37,271935,12316,6766,7934,581,958,3381,7
2026-08-11 18:00:01,BV1TLYnzzEx9,12,BV1TLYnzzEx9,舞力全开！主舞大人爽飞全场 15岁少年「杨博文」尽情演绎《Go In Blind》,Astra_杨博文,2025-08-18 00:48:26,332508,9923,5860,8920,577,717,2604,1
2026-08-11 18:30:02,https://www.bilibili.com/video/BV1EGBCBmEo8/?spm_id_from=333.1387.favlist.content.click,0,BV1EGBCBmEo8,【杨博文｜4K高清直拍】魅魔级别的《Manta》舞台，看博文如何一yeah封神,关键时刻来瓶尖叫,2025-12-27 23:15:44,1016016,12554,9850,11492,12719,1100,2412,1
2026-08-11 18:30:02,https://www.bilibili.com/video/BV1A5vkB2E1k/?spm_id_from=333.1387.favlist.content.click,1,BV1A5vkB2E1k,【杨博文】Hey Mama六机位纯舞直拍丨15岁舞台统治者的诞生，四代主舞燃炸全场！,Kismet丨杨博文,2025-12-28 22:28:16,2769866,63731,44530,46345,24260,13564,21467,46
2026-08-11 18:30:02,https://www.bilibili.com/video/BV1EQK56xEZk/?spm_id_from=333.1387.favlist.content.click,2,BV1EQK56xEZk,【杨博文｜音乐现场】｜《全世界陪我出发》4K直拍，考核第一的大C位实在太亮眼！,关键时刻来瓶尖叫,2026-07-16 20:29:02,412573,12041,3175,7179,5673,11100,8445,6
2026-08-11 18:30:02,bilibili.com/video/BV1M9ePzaELH/?spm_id_from=333.337.search-card.all.click,3,BV1M9ePzaELH,「杨博文｜卡拉永远OK」突发舞台事故？我怎么没看见,Astra_杨博文,2025-08-19 22:15:30,982999,14952,4984,10502,10714,732,669,6
2026-08-11 18:30:02,BV1s8BvBPEN5,4,BV1s8BvBPEN5,【杨博文｜4K舞台直拍】好运来祝你好运来～博文宝宝祝你新年好运来,关键时刻来瓶尖叫,2025-12-27 00:43:12,1911775,34683,16920,32140,17788,4325,4858,1
2026-08-11 18:30:02,https://www.bilibili.com/video/BV1jN64BKECs/?spm_id_from=333.337.search-card.all.click,5,BV1jN64BKECs,【杨博文｜4K直拍】跟着节奏一起《闭嘴跳舞》～,关键时刻来瓶尖叫,2026-02-01 20:20:32,1435950,26341,15942,22414,9226,2374,7160,3
2026-08-11 18:30:02,https://www.bilibili.com/video/BV1Lb6tBBEYC/?spm_id_from=333.1387.favlist.content.click&vd_source=bdf775a036c61c0159ac2f0c251aaeb7,6,BV1Lb6tBBEYC,【4K精剪】闭嘴跳舞 | 杨博文直拍 | 260201,underthepoplar,2026-02-02 00:00:55,353415,27189,14119,19187,8541,1838,3079,1
2026-08-11 18:30:02,https://www.bilibili.com/video/BV1mJ64BREZY/?spm_id_from=333.1387.favlist.content.click&vd_source=bdf775a036c61c0159ac2f0c251aaeb7,7,BV1mJ64BREZY,【杨博文】闭嘴跳舞丨当主舞穿上西装就会得到,Kismet丨杨博文,2026-02-01 18:31:00,611496,34996,3912,25339,6794,448,607,4
2026-08-11 18:30:02,https://www.bilibili.com/video/BV1XA6nBGEPV/?spm_id_from=333.1387.favlist.content.click,8,BV1XA6nBGEPV,【4K精剪】希区考克 作品152 | 杨博文直拍 | 260131,underthepoplar,2026-02-01 00:23:17,1938779,23534,22114,19842,18988,4002,6897,1
2026-08-11 18:30:02,https://www.bilibili.com/video/BV1JUK56tEh5/?spm_id_from=333.1387.favlist.content.click,9,BV1JUK56tEh5,【杨博文｜音乐现场】全程舒适！跟着标准答案出发不迷路｜《全世界陪我出发》4k横屏直拍,游园会_杨博文,2026-07-16 20:06:19,158698,7797,2349,3887,5073,1951,1789,1
2026-08-11 18:30:02,https://www.bilibili.com/video/BV1kFKG6pEPe/?spm_id_from=333.1387.favlist.content.click,10,BV1kFKG6pEPe,【杨博文】夏日运动会《全世界陪我出发》4K直拍,Eternity丨杨博文,2026-07-16 19:13:38,43903,5270,722,2873,2326,37,94,1
2026-08-11 18:30:02,BV1MGYnzrE9E,11,BV1MGYnzrE9E,杨博文跳 《Centuries》帅到窒息！！竖屏4K直拍,Kismet丨杨博文,2025-08-18 02:15:37,271948,12317,6766,7934,581,958,3381,5
2026-08-11 18:30:02,BV1TLYnzzEx9,12,BV1TLYnzzEx9,舞力全开！主舞大人爽飞全场 15岁少年「杨博文」尽情演绎《Go In Blind》,Astra_杨博文,2025-08-18 00:48:26,332521,9923,5860,8920,577,717,2604,2
2026-08-11 19:00:02,https://www.bilibili.com/video/BV1EGBCBmEo8/?spm_id_from=333.1387.favlist.content.click,0,BV1EGBCBmEo8,【杨博文｜4K高清直拍】魅魔级别的《Manta》舞台，看博文如何一yeah封神,关键时刻来瓶尖叫,2025-12-27 23:15:44,1016035,12554,9850,11492,12719,1100,2412,1
2026-08-11 19:00:02,https://www.bilibili.com/video/BV1A5vkB2E1k/?spm_id_from=333.1387.favlist.content.click,1,BV1A5vkB2E1k,【杨博文】Hey Mama六机位纯舞直拍丨15岁舞台统治者的诞生，四代主舞燃炸全场！,Kismet丨杨博文,2025-12-28 22:28:16,2769999,63733,44531,46346,24267,13564,21470,53
2026-08-11 19:00:02,https://www.bilibili.com/video/BV1EQK56xEZk/?spm_id_from=333.1387.favlist.content.click,2,BV1EQK56xEZk,【杨博文｜音乐现场】｜《全世界陪我出发》4K直拍，考核第一的大C位实在太亮眼！,关键时刻来瓶尖叫,2026-07-16 20:29:02,412738,12044,3175,7181,5673,11100,8450,8
2026-08-11 19:00:02,bilibili.com/video/BV1M9ePzaELH/?spm_id_from=333.337.search-card.all.click,3,BV1M9ePzaELH,「杨博文｜卡拉永远OK」突发舞台事故？我怎么没看见,Astra_杨博文,2025-08-19 22:15:30,983107,14953,4984,10502,10714,732,669,7
2026-08-11 19:00:02,BV1s8BvBPEN5,4,BV1s8BvBPEN5,【杨博文｜4K舞台直拍】好运来祝你好运来～博文宝宝祝你新年好运来,关键时刻来瓶尖叫,2025-12-27 00:43:12,1911787,34684,16920,32141,17796,4325,4858,1
2026-08-11 19:00:02,https://www.bilibili.com/video/BV1jN64BKECs/?spm_id_from=333.337.search-card.all.click,5,BV1jN64BKECs,【杨博文｜4K直拍】跟着节奏一起《闭嘴跳舞》～,关键时刻来瓶尖叫,2026-02-01 20:20:32,1435974,26341,15942,22414,9233,2374,7161,1
2026-08-11 19:00:02,https://www.bilibili.com/video/BV1Lb6tBBEYC/?spm_id_from=333.1387.favlist.content.click&vd_source=bdf775a036c61c0159ac2f0c251aaeb7,6,BV1Lb6tBBEYC,【4K精剪】闭嘴跳舞 | 杨博文直拍 | 260201,underthepoplar,2026-02-02 00:00:55,353435,27190,14119,19188,8550,1838,3079,1
2026-08-11 19:00:02,https://www.bilibili.com/video/BV1mJ64BREZY/?spm_id_from=333.1387.favlist.content.click&vd_source=bdf775a036c61c0159ac2f0c251aaeb7,7,BV1mJ64BREZY,【杨博文】闭嘴跳舞丨当主舞穿上西装就会得到,Kismet丨杨博文,2026-02-01 18:31:00,611597,34996,3912,25339,6802,448,607,8
2026-08-11 19:00:02,https://www.bilibili.com/video/BV1XA6nBGEPV/?spm_id_from=333.1387.favlist.content.click,8,BV1XA6nBGEPV,【4K精剪】希区考克 作品152 | 杨博文直拍 | 260131,underthepoplar,2026-02-01 00:23:17,1938794,23537,22116,19844,18989,4002,6897,1
2026-08-11 19:00:02,https://www.bilibili.com/video/BV1JUK56tEh5/?spm_id_from=333.1387.favlist.content.click,9,BV1JUK56tEh5,【杨博文｜音乐现场】全程舒适！跟着标准答案出发不迷路｜《全世界陪我出发》4k横屏直拍,游园会_杨博文,2026-07-16 20:06:19,158711,7800,2349,3887,5073,1951,1789,1
2026-08-11 19:00:02,https://www.bilibili.com/video/BV1kFKG6pEPe/?spm_id_from=333.1387.favlist.content.click,10,BV1kFKG6pEPe,【杨博文】夏日运动会《全世界陪我出发》4K直拍,Eternity丨杨博文,2026-07-16 19:13:38,43916,5273,722,2873,2326,37,94,1
2026-08-11 19:00:02,BV1MGYnzrE9E,11,BV1MGYnzrE9E,杨博文跳 《Centuries》帅到窒息！！竖屏4K直拍,Kismet丨杨博文,2025-08-18 02:15:37,271961,12317,6766,7934,581,958,3381,6
2026-08-11 19:00:02,BV1TLYnzzEx9,12,BV1TLYnzzEx9,舞力全开！主舞大人爽飞全场 15岁少年「杨博文」尽情演绎《Go In Blind》,Astra_杨博文,2025-08-18 00:48:26,332532,9923,5860,8920,577,717,2604,5
2026-08-11 19:30:03,https://www.bilibili.com/video/BV1EGBCBmEo8/?spm_id_from=333.1387.favlist.content.click,0,BV1EGBCBmEo8,【杨博文｜4K高清直拍】魅魔级别的《Manta》舞台，看博文如何一yeah封神,关键时刻来瓶尖叫,2025-12-27 23:15:44,1016054,12554,9850,11492,12720,1100,2415,1
2026-08-11 19:30:03,https://www.bilibili.com/video/BV1A5vkB2E1k/?spm_id_from=333.1387.favlist.content.click,1,BV1A5vkB2E1k,【杨博文】Hey Mama六机位纯舞直拍丨15岁舞台统治者的诞生，四代主舞燃炸全场！,Kismet丨杨博文,2025-12-28 22:28:16,2770131,63734,44531,46347,24287,13563,21485,48
2026-08-11 19:30:03,https://www.bilibili.com/video/BV1EQK56xEZk/?spm_id_from=333.1387.favlist.content.click,2,BV1EQK56xEZk,【杨博文｜音乐现场】｜《全世界陪我出发》4K直拍，考核第一的大C位实在太亮眼！,关键时刻来瓶尖叫,2026-07-16 20:29:02,412873,12048,3177,7184,5673,11099,8450,5
2026-08-11 19:30:03,bilibili.com/video/BV1M9ePzaELH/?spm_id_from=333.337.search-card.all.click,3,BV1M9ePzaELH,「杨博文｜卡拉永远OK」突发舞台事故？我怎么没看见,Astra_杨博文,2025-08-19 22:15:30,983203,14953,4984,10502,10715,731,669,3
2026-08-11 19:30:03,BV1s8BvBPEN5,4,BV1s8BvBPEN5,【杨博文｜4K舞台直拍】好运来祝你好运来～博文宝宝祝你新年好运来,关键时刻来瓶尖叫,2025-12-27 00:43:12,1911797,34684,16920,32141,17810,4325,4858,1
2026-08-11 19:30:03,https://www.bilibili.com/video/BV1jN64BKECs/?spm_id_from=333.337.search-card.all.click,5,BV1jN64BKECs,【杨博文｜4K直拍】跟着节奏一起《闭嘴跳舞》～,关键时刻来瓶尖叫,2026-02-01 20:20:32,1436004,26342,15944,22415,9249,2374,7161,4
2026-08-11 19:30:03,https://www.bilibili.com/video/BV1Lb6tBBEYC/?spm_id_from=333.1387.favlist.content.click&vd_source=bdf775a036c61c0159ac2f0c251aaeb7,6,BV1Lb6tBBEYC,【4K精剪】闭嘴跳舞 | 杨博文直拍 | 260201,underthepoplar,2026-02-02 00:00:55,353460,27191,14119,19188,8559,1837,3079,1
2026-08-11 19:30:03,https://www.bilibili.com/video/BV1mJ64BREZY/?spm_id_from=333.1387.favlist.content.click&vd_source=bdf775a036c61c0159ac2f0c251aaeb7,7,BV1mJ64BREZY,【杨博文】闭嘴跳舞丨当主舞穿上西装就会得到,Kismet丨杨博文,2026-02-01 18:31:00,611674,34996,3912,25339,6816,447,607,4
2026-08-11 19:30:03,https://www.bilibili.com/video/BV1XA6nBGEPV/?spm_id_from=333.1387.favlist.content.click,8,BV1XA6nBGEPV,【4K精剪】希区考克 作品152 | 杨博文直拍 | 260131,underthepoplar,2026-02-01 00:23:17,1938812,23538,22118,19844,18990,4001,6897,1
2026-08-11 19:30:03,https://www.bilibili.com/video/BV1JUK56tEh5/?spm_id_from=333.1387.favlist.content.click,9,BV1JUK56tEh5,【杨博文｜音乐现场】全程舒适！跟着标准答案出发不迷路｜《全世界陪我出发》4k横屏直拍,游园会_杨博文,2026-07-16 20:06:19,158731,7803,2349,3888,5073,1951,1789,1
2026-08-11 19:30:03,https://www.bilibili.com/video/BV1kFKG6pEPe/?spm_id_from=333.1387.favlist.content.click,10,BV1kFKG6pEPe,【杨博文】夏日运动会《全世界陪我出发》4K直拍,Eternity丨杨博文,2026-07-16 19:13:38,43930,5279,722,2874,2326,37,94,2
2026-08-11 19:30:03,BV1MGYnzrE9E,11,BV1MGYnzrE9E,杨博文跳 《Centuries》帅到窒息！！竖屏4K直拍,Kismet丨杨博文,2025-08-18 02:15:37,271975,12317,6766,7934,581,958,3381,5
2026-08-11 19:30:03,BV1TLYnzzEx9,12,BV1TLYnzzEx9,舞力全开！主舞大人爽飞全场 15岁少年「杨博文」尽情演绎《Go In Blind》,Astra_杨博文,2025-08-18 00:48:26,332549,9924,5862,8920,577,717,2604,4
2026-08-11 19:50:03,https://www.bilibili.com/video/BV1EGBCBmEo8/?spm_id_from=333.1387.favlist.content.click,0,BV1EGBCBmEo8,【杨博文｜4K高清直拍】魅魔级别的《Manta》舞台，看博文如何一yeah封神,关键时刻来瓶尖叫,2025-12-27 23:15:44,1016064,12554,9850,11492,12720,1100,2415,1
2026-08-11 19:50:03,https://www.bilibili.com/video/BV1A5vkB2E1k/?spm_id_from=333.1387.favlist.content.click,1,BV1A5vkB2E1k,【杨博文】Hey Mama六机位纯舞直拍丨15岁舞台统治者的诞生，四代主舞燃炸全场！,Kismet丨杨博文,2025-12-28 22:28:16,2770206,63735,44531,46347,24290,13563,21485,26
2026-08-11 19:50:03,https://www.bilibili.com/video/BV1EQK56xEZk/?spm_id_from=333.1387.favlist.content.click,2,BV1EQK56xEZk,【杨博文｜音乐现场】｜《全世界陪我出发》4K直拍，考核第一的大C位实在太亮眼！,关键时刻来瓶尖叫,2026-07-16 20:29:02,412958,12048,3177,7184,5673,11099,8450,7
2026-08-11 19:50:03,bilibili.com/video/BV1M9ePzaELH/?spm_id_from=333.337.search-card.all.click,3,BV1M9ePzaELH,「杨博文｜卡拉永远OK」突发舞台事故？我怎么没看见,Astra_杨博文,2025-08-19 22:15:30,983272,14953,4984,10502,10715,731,669,4
2026-08-11 19:50:03,BV1s8BvBPEN5,4,BV1s8BvBPEN5,【杨博文｜4K舞台直拍】好运来祝你好运来～博文宝宝祝你新年好运来,关键时刻来瓶尖叫,2025-12-27 00:43:12,1911802,34684,16920,32141,17813,4325,4858,1
2026-08-11 19:50:03,https://www.bilibili.com/video/BV1jN64BKECs/?spm_id_from=333.337.search-card.all.click,5,BV1jN64BKECs,【杨博文｜4K直拍】跟着节奏一起《闭嘴跳舞》～,关键时刻来瓶尖叫,2026-02-01 20:20:32,1436015,26342,15944,22416,9252,2374,7161,1
2026-08-11 19:50:03,https://www.bilibili.com/video/BV1Lb6tBBEYC/?spm_id_from=333.1387.favlist.content.click&vd_source=bdf775a036c61c0159ac2f0c251aaeb7,6,BV1Lb6tBBEYC,【4K精剪】闭嘴跳舞 | 杨博文直拍 | 260201,underthepoplar,2026-02-02 00:00:55,353466,27191,14119,19188,8561,1837,3079,1
2026-08-11 19:50:03,https://www.bilibili.com/video/BV1mJ64BREZY/?spm_id_from=333.1387.favlist.content.click&vd_source=bdf775a036c61c0159ac2f0c251aaeb7,7,BV1mJ64BREZY,【杨博文】闭嘴跳舞丨当主舞穿上西装就会得到,Kismet丨杨博文,2026-02-01 18:31:00,611739,34996,3912,25339,6819,447,607,5
2026-08-11 19:50:03,https://www.bilibili.com/video/BV1XA6nBGEPV/?spm_id_from=333.1387.favlist.content.click,8,BV1XA6nBGEPV,【4K精剪】希区考克 作品152 | 杨博文直拍 | 260131,underthepoplar,2026-02-01 00:23:17,1938818,23539,22118,19844,18991,4001,6897,1
2026-08-11 19:50:03,https://www.bilibili.com/video/BV1JUK56tEh5/?spm_id_from=333.1387.favlist.content.click,9,BV1JUK56tEh5,【杨博文｜音乐现场】全程舒适！跟着标准答案出发不迷路｜《全世界陪我出发》4k横屏直拍,游园会_杨博文,2026-07-16 20:06:19,158739,7804,2349,3888,5073,1951,1789,1
2026-08-11 19:50:03,https://www.bilibili.com/video/BV1kFKG6pEPe/?spm_id_from=333.1387.favlist.content.click,10,BV1kFKG6pEPe,【杨博文】夏日运动会《全世界陪我出发》4K直拍,Eternity丨杨博文,2026-07-16 19:13:38,43936,5279,722,2874,2326,37,94,1
2026-08-11 19:50:03,BV1MGYnzrE9E,11,BV1MGYnzrE9E,杨博文跳 《Centuries》帅到窒息！！竖屏4K直拍,Kismet丨杨博文,2025-08-18 02:15:37,271987,12317,6766,7933,581,958,3381,3
2026-08-11 19:50:03,BV1TLYnzzEx9,12,BV1TLYnzzEx9,舞力全开！主舞大人爽飞全场 15岁少年「杨博文」尽情演绎《Go In Blind》,Astra_杨博文,2025-08-18 00:48:26,332559,9924,5862,8919,577,717,2604,3
2026-08-11 20:00:03,https://www.bilibili.com/video/BV1EGBCBmEo8/?spm_id_from=333.1387.favlist.content.click,0,BV1EGBCBmEo8,【杨博文｜4K高清直拍】魅魔级别的《Manta》舞台，看博文如何一yeah封神,关键时刻来瓶尖叫,2025-12-27 23:15:44,1016070,12554,9850,11492,12720,1100,2415,1
2026-08-11 20:00:03,https://www.bilibili.com/video/BV1A5vkB2E1k/?spm_id_from=333.1387.favlist.content.click,1,BV1A5vkB2E1k,【杨博文】Hey Mama六机位纯舞直拍丨15岁舞台统治者的诞生，四代主舞燃炸全场！,Kismet丨杨博文,2025-12-28 22:28:16,2770244,63735,44531,46347,24290,13563,21485,27
2026-08-11 20:00:03,https://www.bilibili.com/video/BV1EQK56xEZk/?spm_id_from=333.1387.favlist.content.click,2,BV1EQK56xEZk,【杨博文｜音乐现场】｜《全世界陪我出发》4K直拍，考核第一的大C位实在太亮眼！,关键时刻来瓶尖叫,2026-07-16 20:29:02,413005,12050,3178,7186,5673,11099,8450,7
2026-08-11 20:00:03,bilibili.com/video/BV1M9ePzaELH/?spm_id_from=333.337.search-card.all.click,3,BV1M9ePzaELH,「杨博文｜卡拉永远OK」突发舞台事故？我怎么没看见,Astra_杨博文,2025-08-19 22:15:30,983311,14953,4984,10502,10715,731,669,4
2026-08-11 20:00:03,BV1s8BvBPEN5,4,BV1s8BvBPEN5,【杨博文｜4K舞台直拍】好运来祝你好运来～博文宝宝祝你新年好运来,关键时刻来瓶尖叫,2025-12-27 00:43:12,1911802,34684,16920,32141,17813,4325,4858,1
2026-08-11 20:00:03,https://www.bilibili.com/video/BV1jN64BKECs/?spm_id_from=333.337.search-card.all.click,5,BV1jN64BKECs,【杨博文｜4K直拍】跟着节奏一起《闭嘴跳舞》～,关键时刻来瓶尖叫,2026-02-01 20:20:32,1436030,26342,15944,22416,9252,2374,7161,1
2026-08-11 20:00:03,https://www.bilibili.com/video/BV1Lb6tBBEYC/?spm_id_from=333.1387.favlist.content.click&vd_source=bdf775a036c61c0159ac2f0c251aaeb7,6,BV1Lb6tBBEYC,【4K精剪】闭嘴跳舞 | 杨博文直拍 | 260201,underthepoplar,2026-02-02 00:00:55,353468,27191,14119,19188,8561,1837,3079,1
2026-08-11 20:00:03,https://www.bilibili.com/video/BV1mJ64BREZY/?spm_id_from=333.1387.favlist.content.click&vd_source=bdf775a036c61c0159ac2f0c251aaeb7,7,BV1mJ64BREZY,【杨博文】闭嘴跳舞丨当主舞穿上西装就会得到,Kismet丨杨博文,2026-02-01 18:31:00,611781,34996,3912,25339,6819,447,607,3
2026-08-11 20:00:03,https://www.bilibili.com/video/BV1XA6nBGEPV/?spm_id_from=333.1387.favlist.content.click,8,BV1XA6nBGEPV,【4K精剪】希区考克 作品152 | 杨博文直拍 | 260131,underthepoplar,2026-02-01 00:23:17,1938821,23539,22118,19844,18991,4001,6897,1
2026-08-11 20:00:03,https://www.bilibili.com/video/BV1JUK56tEh5/?spm_id_from=333.1387.favlist.content.click,9,BV1JUK56tEh5,【杨博文｜音乐现场】全程舒适！跟着标准答案出发不迷路｜《全世界陪我出发》4k横屏直拍,游园会_杨博文,2026-07-16 20:06:19,158743,7804,2349,3888,5073,1951,1789,1
2026-08-11 20:00:03,https://www.bilibili.com/video/BV1kFKG6pEPe/?spm_id_from=333.1387.favlist.content.click,10,BV1kFKG6pEPe,【杨博文】夏日运动会《全世界陪我出发》4K直拍,Eternity丨杨博文,2026-07-16 19:13:38,43937,5279,722,2873,2326,37,94,2
2026-08-11 20:00:03,BV1MGYnzrE9E,11,BV1MGYnzrE9E,杨博文跳 《Centuries》帅到窒息！！竖屏4K直拍,Kismet丨杨博文,2025-08-18 02:15:37,271999,12317,6766,7933,581,958,3381,6
2026-08-11 20:00:03,BV1TLYnzzEx9,12,BV1TLYnzzEx9,舞力全开！主舞大人爽飞全场 15岁少年「杨博文」尽情演绎《Go In Blind》,Astra_杨博文,2025-08-18 00:48:26,332568,9924,5862,8919,577,717,2604,5
2026-08-11 20:30:04,https://www.bilibili.com/video/BV1EGBCBmEo8/?spm_id_from=333.1387.favlist.content.click,0,BV1EGBCBmEo8,【杨博文｜4K高清直拍】魅魔级别的《Manta》舞台，看博文如何一yeah封神,关键时刻来瓶尖叫,2025-12-27 23:15:44,1016083,12556,9850,11493,12720,1100,2415,1
2026-08-11 20:30:04,https://www.bilibili.com/video/BV1A5vkB2E1k/?spm_id_from=333.1387.favlist.content.click,1,BV1A5vkB2E1k,【杨博文】Hey Mama六机位纯舞直拍丨15岁舞台统治者的诞生，四代主舞燃炸全场！,Kismet丨杨博文,2025-12-28 22:28:16,2770380,63737,44533,46348,24290,13563,21485,30
2026-08-11 20:30:04,https://www.bilibili.com/video/BV1EQK56xEZk/?spm_id_from=333.1387.favlist.content.click,2,BV1EQK56xEZk,【杨博文｜音乐现场】｜《全世界陪我出发》4K直拍，考核第一的大C位实在太亮眼！,关键时刻来瓶尖叫,2026-07-16 20:29:02,413125,12054,3178,7187,5673,11099,8450,7
2026-08-11 20:30:04,bilibili.com/video/BV1M9ePzaELH/?spm_id_from=333.337.search-card.all.click,3,BV1M9ePzaELH,「杨博文｜卡拉永远OK」突发舞台事故？我怎么没看见,Astra_杨博文,2025-08-19 22:15:30,983406,14953,4984,10502,10715,731,669,5
2026-08-11 20:30:04,BV1s8BvBPEN5,4,BV1s8BvBPEN5,【杨博文｜4K舞台直拍】好运来祝你好运来～博文宝宝祝你新年好运来,关键时刻来瓶尖叫,2025-12-27 00:43:12,1911808,34684,16920,32141,17813,4325,4858,3
2026-08-11 20:30:04,https://www.bilibili.com/video/BV1jN64BKECs/?spm_id_from=333.337.search-card.all.click,5,BV1jN64BKECs,【杨博文｜4K直拍】跟着节奏一起《闭嘴跳舞》～,关键时刻来瓶尖叫,2026-02-01 20:20:32,1436064,26343,15946,22418,9252,2374,7161,3
2026-08-11 20:30:04,https://www.bilibili.com/video/BV1Lb6tBBEYC/?spm_id_from=333.1387.favlist.content.click&vd_source=bdf775a036c61c0159ac2f0c251aaeb7,6,BV1Lb6tBBEYC,【4K精剪】闭嘴跳舞 | 杨博文直拍 | 260201,underthepoplar,2026-02-02 00:00:55,353491,27195,14119,19186,8561,1837,3079,1
2026-08-11 20:30:04,https://www.bilibili.com/video/BV1mJ64BREZY/?spm_id_from=333.1387.favlist.content.click&vd_source=bdf775a036c61c0159ac2f0c251aaeb7,7,BV1mJ64BREZY,【杨博文】闭嘴跳舞丨当主舞穿上西装就会得到,Kismet丨杨博文,2026-02-01 18:31:00,611856,34996,3914,25339,6819,447,607,3
2026-08-11 20:30:04,https://www.bilibili.com/video/BV1XA6nBGEPV/?spm_id_from=333.1387.favlist.content.click,8,BV1XA6nBGEPV,【4K精剪】希区考克 作品152 | 杨博文直拍 | 260131,underthepoplar,2026-02-01 00:23:17,1938830,23542,22120,19844,18991,4001,6897,1
2026-08-11 20:30:04,https://www.bilibili.com/video/BV1JUK56tEh5/?spm_id_from=333.1387.favlist.content.click,9,BV1JUK56tEh5,【杨博文｜音乐现场】全程舒适！跟着标准答案出发不迷路｜《全世界陪我出发》4k横屏直拍,游园会_杨博文,2026-07-16 20:06:19,158756,7806,2349,3889,5073,1951,1789,1
2026-08-11 20:30:04,https://www.bilibili.com/video/BV1kFKG6pEPe/?spm_id_from=333.1387.favlist.content.click,10,BV1kFKG6pEPe,【杨博文】夏日运动会《全世界陪我出发》4K直拍,Eternity丨杨博文,2026-07-16 19:13:38,43946,5282,722,2874,2326,37,94,2
2026-08-11 20:30:04,BV1MGYnzrE9E,11,BV1MGYnzrE9E,杨博文跳 《Centuries》帅到窒息！！竖屏4K直拍,Kismet丨杨博文,2025-08-18 02:15:37,272014,12318,6766,7932,581,958,3381,4
2026-08-11 20:30:04,BV1TLYnzzEx9,12,BV1TLYnzzEx9,舞力全开！主舞大人爽飞全场 15岁少年「杨博文」尽情演绎《Go In Blind》,Astra_杨博文,2025-08-18 00:48:26,332581,9924,5862,8918,577,717,2604,4
2026-08-11 21:00:04,https://www.bilibili.com/video/BV1EGBCBmEo8/?spm_id_from=333.1387.favlist.content.click,0,BV1EGBCBmEo8,【杨博文｜4K高清直拍】魅魔级别的《Manta》舞台，看博文如何一yeah封神,关键时刻来瓶尖叫,2025-12-27 23:15:44,1016097,12556,9850,11493,12721,1100,2416,1
2026-08-11 21:00:04,https://www.bilibili.com/video/BV1A5vkB2E1k/?spm_id_from=333.1387.favlist.content.click,1,BV1A5vkB2E1k,【杨博文】Hey Mama六机位纯舞直拍丨15岁舞台统治者的诞生，四代主舞燃炸全场！,Kismet丨杨博文,2025-12-28 22:28:16,2770492,63741,44537,46353,24294,13563,21491,28
2026-08-11 21:00:04,https://www.bilibili.com/video/BV1EQK56xEZk/?spm_id_from=333.1387.favlist.content.click,2,BV1EQK56xEZk,【杨博文｜音乐现场】｜《全世界陪我出发》4K直拍，考核第一的大C位实在太亮眼！,关键时刻来瓶尖叫,2026-07-16 20:29:02,413252,12059,3178,7191,5673,11099,8450,6
2026-08-11 21:00:04,bilibili.com/video/BV1M9ePzaELH/?spm_id_from=333.337.search-card.all.click,3,BV1M9ePzaELH,「杨博文｜卡拉永远OK」突发舞台事故？我怎么没看见,Astra_杨博文,2025-08-19 22:15:30,983479,14954,4984,10504,10715,731,669,3
2026-08-11 21:00:04,BV1s8BvBPEN5,4,BV1s8BvBPEN5,【杨博文｜4K舞台直拍】好运来祝你好运来～博文宝宝祝你新年好运来,关键时刻来瓶尖叫,2025-12-27 00:43:12,1911820,34686,16920,32144,17816,4326,4858,1
2026-08-11 21:00:04,https://www.bilibili.com/video/BV1jN64BKECs/?spm_id_from=333.337.search-card.all.click,5,BV1jN64BKECs,【杨博文｜4K直拍】跟着节奏一起《闭嘴跳舞》～,关键时刻来瓶尖叫,2026-02-01 20:20:32,1436097,26346,15946,22420,9256,2374,7161,4
2026-08-11 21:00:04,https://www.bilibili.com/video/BV1Lb6tBBEYC/?spm_id_from=333.1387.favlist.content.click&vd_source=bdf775a036c61c0159ac2f0c251aaeb7,6,BV1Lb6tBBEYC,【4K精剪】闭嘴跳舞 | 杨博文直拍 | 260201,underthepoplar,2026-02-02 00:00:55,353516,27199,14119,19189,8564,1837,3079,1
2026-08-11 21:00:04,https://www.bilibili.com/video/BV1mJ64BREZY/?spm_id_from=333.1387.favlist.content.click&vd_source=bdf775a036c61c0159ac2f0c251aaeb7,7,BV1mJ64BREZY,【杨博文】闭嘴跳舞丨当主舞穿上西装就会得到,Kismet丨杨博文,2026-02-01 18:31:00,611935,34996,3914,25340,6822,447,607,1
2026-08-11 21:00:04,https://www.bilibili.com/video/BV1XA6nBGEPV/?spm_id_from=333.1387.favlist.content.click,8,BV1XA6nBGEPV,【4K精剪】希区考克 作品152 | 杨博文直拍 | 260131,underthepoplar,2026-02-01 00:23:17,1938846,23545,22120,19848,18992,4001,6897,1
2026-08-11 21:00:04,https://www.bilibili.com/video/BV1JUK56tEh5/?spm_id_from=333.1387.favlist.content.click,9,BV1JUK56tEh5,【杨博文｜音乐现场】全程舒适！跟着标准答案出发不迷路｜《全世界陪我出发》4k横屏直拍,游园会_杨博文,2026-07-16 20:06:19,158769,7809,2349,3889,5073,1951,1789,1
2026-08-11 21:00:04,https://www.bilibili.com/video/BV1kFKG6pEPe/?spm_id_from=333.1387.favlist.content.click,10,BV1kFKG6pEPe,【杨博文】夏日运动会《全世界陪我出发》4K直拍,Eternity丨杨博文,2026-07-16 19:13:38,43953,5282,722,2874,2326,37,94,1
2026-08-11 21:00:04,BV1MGYnzrE9E,11,BV1MGYnzrE9E,杨博文跳 《Centuries》帅到窒息！！竖屏4K直拍,Kismet丨杨博文,2025-08-18 02:15:37,272030,12318,6766,7932,581,958,3381,5
2026-08-11 21:00:04,BV1TLYnzzEx9,12,BV1TLYnzzEx9,舞力全开！主舞大人爽飞全场 15岁少年「杨博文」尽情演绎《Go In Blind》,Astra_杨博文,2025-08-18 00:48:26,332595,9924,5862,8917,577,717,2604,2
2026-08-11 21:30:05,https://www.bilibili.com/video/BV1EGBCBmEo8/?spm_id_from=333.1387.favlist.content.click,0,BV1EGBCBmEo8,【杨博文｜4K高清直拍】魅魔级别的《Manta》舞台，看博文如何一yeah封神,关键时刻来瓶尖叫,2025-12-27 23:15:44,1016111,12556,9850,11493,12721,1100,2416,1
2026-08-11 21:30:05,https://www.bilibili.com/video/BV1A5vkB2E1k/?spm_id_from=333.1387.favlist.content.click,1,BV1A5vkB2E1k,【杨博文】Hey Mama六机位纯舞直拍丨15岁舞台统治者的诞生，四代主舞燃炸全场！,Kismet丨杨博文,2025-12-28 22:28:16,2770613,63744,44539,46354,24297,13563,21491,33
2026-08-11 21:30:05,https://www.bilibili.com/video/BV1EQK56xEZk/?spm_id_from=333.1387.favlist.content.click,2,BV1EQK56xEZk,【杨博文｜音乐现场】｜《全世界陪我出发》4K直拍，考核第一的大C位实在太亮眼！,关键时刻来瓶尖叫,2026-07-16 20:29:02,413378,12060,3178,7193,5673,11099,8450,5
2026-08-11 21:30:05,bilibili.com/video/BV1M9ePzaELH/?spm_id_from=333.337.search-card.all.click,3,BV1M9ePzaELH,「杨博文｜卡拉永远OK」突发舞台事故？我怎么没看见,Astra_杨博文,2025-08-19 22:15:30,983555,14954,4984,10504,10715,731,669,3
2026-08-11 21:30:05,BV1s8BvBPEN5,4,BV1s8BvBPEN5,【杨博文｜4K舞台直拍】好运来祝你好运来～博文宝宝祝你新年好运来,关键时刻来瓶尖叫,2025-12-27 00:43:12,1911830,34686,16920,32144,17818,4326,4858,1
2026-08-11 21:30:05,https://www.bilibili.com/video/BV1jN64BKECs/?spm_id_from=333.337.search-card.all.click,5,BV1jN64BKECs,【杨博文｜4K直拍】跟着节奏一起《闭嘴跳舞》～,关键时刻来瓶尖叫,2026-02-01 20:20:32,1436132,26349,15948,22423,9259,2374,7161,2
2026-08-11 21:30:05,https://www.bilibili.com/video/BV1Lb6tBBEYC/?spm_id_from=333.1387.favlist.content.click&vd_source=bdf775a036c61c0159ac2f0c251aaeb7,6,BV1Lb6tBBEYC,【4K精剪】闭嘴跳舞 | 杨博文直拍 | 260201,underthepoplar,2026-02-02 00:00:55,353536,27199,14119,19189,8567,1837,3079,2
2026-08-11 21:30:05,https://www.bilibili.com/video/BV1mJ64BREZY/?spm_id_from=333.1387.favlist.content.click&vd_source=bdf775a036c61c0159ac2f0c251aaeb7,7,BV1mJ64BREZY,【杨博文】闭嘴跳舞丨当主舞穿上西装就会得到,Kismet丨杨博文,2026-02-01 18:31:00,612006,34996,3914,25340,6824,447,607,4
2026-08-11 21:30:05,https://www.bilibili.com/video/BV1XA6nBGEPV/?spm_id_from=333.1387.favlist.content.click,8,BV1XA6nBGEPV,【4K精剪】希区考克 作品152 | 杨博文直拍 | 260131,underthepoplar,2026-02-01 00:23:17,1938855,23545,22120,19848,18992,4001,6897,1
2026-08-11 21:30:05,https://www.bilibili.com/video/BV1JUK56tEh5/?spm_id_from=333.1387.favlist.content.click,9,BV1JUK56tEh5,【杨博文｜音乐现场】全程舒适！跟着标准答案出发不迷路｜《全世界陪我出发》4k横屏直拍,游园会_杨博文,2026-07-16 20:06:19,158775,7810,2349,3889,5073,1951,1789,1
2026-08-11 21:30:05,https://www.bilibili.com/video/BV1kFKG6pEPe/?spm_id_from=333.1387.favlist.content.click,10,BV1kFKG6pEPe,【杨博文】夏日运动会《全世界陪我出发》4K直拍,Eternity丨杨博文,2026-07-16 19:13:38,43966,5284,722,2874,2326,37,94,2
2026-08-11 21:30:05,BV1MGYnzrE9E,11,BV1MGYnzrE9E,杨博文跳 《Centuries》帅到窒息！！竖屏4K直拍,Kismet丨杨博文,2025-08-18 02:15:37,272044,12318,6766,7932,581,958,3381,3
2026-08-11 21:30:05,BV1TLYnzzEx9,12,BV1TLYnzzEx9,舞力全开！主舞大人爽飞全场 15岁少年「杨博文」尽情演绎《Go In Blind》,Astra_杨博文,2025-08-18 00:48:26,332608,9924,5862,8917,577,717,2604,1
2026-08-11 22:00:05,https://www.bilibili.com/video/BV1EGBCBmEo8/?spm_id_from=333.1387.favlist.content.click,0,BV1EGBCBmEo8,【杨博文｜4K高清直拍】魅魔级别的《Manta》舞台，看博文如何一yeah封神,关键时刻来瓶尖叫,2025-12-27 23:15:44,1016121,12556,9850,11493,12721,1100,2416,1
2026-08-11 22:00:05,https://www.bilibili.com/video/BV1A5vkB2E1k/?spm_id_from=333.1387.favlist.content.click,1,BV1A5vkB2E1k,【杨博文】Hey Mama六机位纯舞直拍丨15岁舞台统治者的诞生，四代主舞燃炸全场！,Kismet丨杨博文,2025-12-28 22:28:16,2770723,63746,44541,46358,24301,13563,21491,25
2026-08-11 22:00:05,https://www.bilibili.com/video/BV1EQK56xEZk/?spm_id_from=333.1387.favlist.content.click,2,BV1EQK56xEZk,【杨博文｜音乐现场】｜《全世界陪我出发》4K直拍，考核第一的大C位实在太亮眼！,关键时刻来瓶尖叫,2026-07-16 20:29:02,413495,12062,3178,7193,5673,11099,8450,6
2026-08-11 22:00:05,bilibili.com/video/BV1M9ePzaELH/?spm_id_from=333.337.search-card.all.click,3,BV1M9ePzaELH,「杨博文｜卡拉永远OK」突发舞台事故？我怎么没看见,Astra_杨博文,2025-08-19 22:15:30,983631,14955,4984,10504,10715,731,669,3
2026-08-11 22:00:05,BV1s8BvBPEN5,4,BV1s8BvBPEN5,【杨博文｜4K舞台直拍】好运来祝你好运来～博文宝宝祝你新年好运来,关键时刻来瓶尖叫,2025-12-27 00:43:12,1911840,34686,16920,32144,17821,4326,4858,1
2026-08-11 22:00:05,https://www.bilibili.com/video/BV1jN64BKECs/?spm_id_from=333.337.search-card.all.click,5,BV1jN64BKECs,【杨博文｜4K直拍】跟着节奏一起《闭嘴跳舞》～,关键时刻来瓶尖叫,2026-02-01 20:20:32,1436174,26350,15948,22424,9261,2375,7161,1
2026-08-11 22:00:05,https://www.bilibili.com/video/BV1Lb6tBBEYC/?spm_id_from=333.1387.favlist.content.click&vd_source=bdf775a036c61c0159ac2f0c251aaeb7,6,BV1Lb6tBBEYC,【4K精剪】闭嘴跳舞 | 杨博文直拍 | 260201,underthepoplar,2026-02-02 00:00:55,353554,27199,14119,19188,8570,1837,3079,3
2026-08-11 22:00:05,https://www.bilibili.com/video/BV1mJ64BREZY/?spm_id_from=333.1387.favlist.content.click&vd_source=bdf775a036c61c0159ac2f0c251aaeb7,7,BV1mJ64BREZY,【杨博文】闭嘴跳舞丨当主舞穿上西装就会得到,Kismet丨杨博文,2026-02-01 18:31:00,612091,34997,3914,25340,6827,447,607,5
2026-08-11 22:00:05,https://www.bilibili.com/video/BV1XA6nBGEPV/?spm_id_from=333.1387.favlist.content.click,8,BV1XA6nBGEPV,【4K精剪】希区考克 作品152 | 杨博文直拍 | 260131,underthepoplar,2026-02-01 00:23:17,1938871,23546,22120,19848,18992,4001,6897,1
2026-08-11 22:00:05,https://www.bilibili.com/video/BV1JUK56tEh5/?spm_id_from=333.1387.favlist.content.click,9,BV1JUK56tEh5,【杨博文｜音乐现场】全程舒适！跟着标准答案出发不迷路｜《全世界陪我出发》4k横屏直拍,游园会_杨博文,2026-07-16 20:06:19,158785,7811,2349,3890,5073,1951,1789,1
2026-08-11 22:00:05,https://www.bilibili.com/video/BV1kFKG6pEPe/?spm_id_from=333.1387.favlist.content.click,10,BV1kFKG6pEPe,【杨博文】夏日运动会《全世界陪我出发》4K直拍,Eternity丨杨博文,2026-07-16 19:13:38,43971,5287,722,2875,2326,37,94,1
2026-08-11 22:00:05,BV1MGYnzrE9E,11,BV1MGYnzrE9E,杨博文跳 《Centuries》帅到窒息！！竖屏4K直拍,Kismet丨杨博文,2025-08-18 02:15:37,272062,12318,6766,7932,582,959,3381,2
2026-08-11 22:00:05,BV1TLYnzzEx9,12,BV1TLYnzzEx9,舞力全开！主舞大人爽飞全场 15岁少年「杨博文」尽情演绎《Go In Blind》,Astra_杨博文,2025-08-18 00:48:26,332619,9924,5862,8917,577,717,2604,2
2026-08-11 22:30:05,https://www.bilibili.com/video/BV1EGBCBmEo8/?spm_id_from=333.1387.favlist.content.click,0,BV1EGBCBmEo8,【杨博文｜4K高清直拍】魅魔级别的《Manta》舞台，看博文如何一yeah封神,关键时刻来瓶尖叫,2025-12-27 23:15:44,1016132,12557,9850,11492,12721,1100,2416,1
2026-08-11 22:30:05,https://www.bilibili.com/video/BV1A5vkB2E1k/?spm_id_from=333.1387.favlist.content.click,1,BV1A5vkB2E1k,【杨博文】Hey Mama六机位纯舞直拍丨15岁舞台统治者的诞生，四代主舞燃炸全场！,Kismet丨杨博文,2025-12-28 22:28:16,2770831,63749,44541,46361,24302,13563,21491,32
2026-08-11 22:30:05,https://www.bilibili.com/video/BV1EQK56xEZk/?spm_id_from=333.1387.favlist.content.click,2,BV1EQK56xEZk,【杨博文｜音乐现场】｜《全世界陪我出发》4K直拍，考核第一的大C位实在太亮眼！,关键时刻来瓶尖叫,2026-07-16 20:29:02,413621,12064,3180,7195,5673,11099,8452,7
2026-08-11 22:30:05,bilibili.com/video/BV1M9ePzaELH/?spm_id_from=333.337.search-card.all.click,3,BV1M9ePzaELH,「杨博文｜卡拉永远OK」突发舞台事故？我怎么没看见,Astra_杨博文,2025-08-19 22:15:30,983714,14955,4986,10505,10715,731,670,2
2026-08-11 22:30:05,BV1s8BvBPEN5,4,BV1s8BvBPEN5,【杨博文｜4K舞台直拍】好运来祝你好运来～博文宝宝祝你新年好运来,关键时刻来瓶尖叫,2025-12-27 00:43:12,1911849,34687,16920,32143,17823,4326,4858,1
2026-08-11 22:30:05,https://www.bilibili.com/video/BV1jN64BKECs/?spm_id_from=333.337.search-card.all.click,5,BV1jN64BKECs,【杨博文｜4K直拍】跟着节奏一起《闭嘴跳舞》～,关键时刻来瓶尖叫,2026-02-01 20:20:32,1436209,26352,15948,22425,9263,2375,7161,1
2026-08-11 22:30:05,https://www.bilibili.com/video/BV1Lb6tBBEYC/?spm_id_from=333.1387.favlist.content.click&vd_source=bdf775a036c61c0159ac2f0c251aaeb7,6,BV1Lb6tBBEYC,【4K精剪】闭嘴跳舞 | 杨博文直拍 | 260201,underthepoplar,2026-02-02 00:00:55,353573,27200,14120,19189,8572,1837,3079,1
2026-08-11 22:30:05,https://www.bilibili.com/video/BV1mJ64BREZY/?spm_id_from=333.1387.favlist.content.click&vd_source=bdf775a036c61c0159ac2f0c251aaeb7,7,BV1mJ64BREZY,【杨博文】闭嘴跳舞丨当主舞穿上西装就会得到,Kismet丨杨博文,2026-02-01 18:31:00,612177,34997,3914,25342,6829,447,607,3
2026-08-11 22:30:05,https://www.bilibili.com/video/BV1XA6nBGEPV/?spm_id_from=333.1387.favlist.content.click,8,BV1XA6nBGEPV,【4K精剪】希区考克 作品152 | 杨博文直拍 | 260131,underthepoplar,2026-02-01 00:23:17,1938890,23548,22122,19848,18992,4001,6897,1
2026-08-11 22:30:05,https://www.bilibili.com/video/BV1JUK56tEh5/?spm_id_from=333.1387.favlist.content.click,9,BV1JUK56tEh5,【杨博文｜音乐现场】全程舒适！跟着标准答案出发不迷路｜《全世界陪我出发》4k横屏直拍,游园会_杨博文,2026-07-16 20:06:19,158792,7813,2349,3890,5073,1951,1789,1
2026-08-11 22:30:05,https://www.bilibili.com/video/BV1kFKG6pEPe/?spm_id_from=333.1387.favlist.content.click,10,BV1kFKG6pEPe,【杨博文】夏日运动会《全世界陪我出发》4K直拍,Eternity丨杨博文,2026-07-16 19:13:38,43977,5290,722,2876,2326,37,94,1
2026-08-11 22:30:05,BV1MGYnzrE9E,11,BV1MGYnzrE9E,杨博文跳 《Centuries》帅到窒息！！竖屏4K直拍,Kismet丨杨博文,2025-08-18 02:15:37,272080,12320,6770,7934,582,959,3381,3
2026-08-11 22:30:05,BV1TLYnzzEx9,12,BV1TLYnzzEx9,舞力全开！主舞大人爽飞全场 15岁少年「杨博文」尽情演绎《Go In Blind》,Astra_杨博文,2025-08-18 00:48:26,332628,9924,5862,8917,577,717,2604,2
2026-08-11 23:00:06,https://www.bilibili.com/video/BV1EGBCBmEo8/?spm_id_from=333.1387.favlist.content.click,0,BV1EGBCBmEo8,【杨博文｜4K高清直拍】魅魔级别的《Manta》舞台，看博文如何一yeah封神,关键时刻来瓶尖叫,2025-12-27 23:15:44,1016148,12557,9850,11491,12721,1100,2416,1
2026-08-11 23:00:06,https://www.bilibili.com/video/BV1A5vkB2E1k/?spm_id_from=333.1387.favlist.content.click,1,BV1A5vkB2E1k,【杨博文】Hey Mama六机位纯舞直拍丨15岁舞台统治者的诞生，四代主舞燃炸全场！,Kismet丨杨博文,2025-12-28 22:28:16,2770965,63752,44541,46362,24304,13563,21492,28
2026-08-11 23:00:06,https://www.bilibili.com/video/BV1EQK56xEZk/?spm_id_from=333.1387.favlist.content.click,2,BV1EQK56xEZk,【杨博文｜音乐现场】｜《全世界陪我出发》4K直拍，考核第一的大C位实在太亮眼！,关键时刻来瓶尖叫,2026-07-16 20:29:02,413742,12065,3182,7196,5673,11099,8452,6
2026-08-11 23:00:06,bilibili.com/video/BV1M9ePzaELH/?spm_id_from=333.337.search-card.all.click,3,BV1M9ePzaELH,「杨博文｜卡拉永远OK」突发舞台事故？我怎么没看见,Astra_杨博文,2025-08-19 22:15:30,983801,14955,4986,10506,10715,732,670,1
2026-08-11 23:00:06,BV1s8BvBPEN5,4,BV1s8BvBPEN5,【杨博文｜4K舞台直拍】好运来祝你好运来～博文宝宝祝你新年好运来,关键时刻来瓶尖叫,2025-12-27 00:43:12,1911865,34688,16922,32143,17823,4326,4858,1
2026-08-11 23:00:06,https://www.bilibili.com/video/BV1jN64BKECs/?spm_id_from=333.337.search-card.all.click,5,BV1jN64BKECs,【杨博文｜4K直拍】跟着节奏一起《闭嘴跳舞》～,关键时刻来瓶尖叫,2026-02-01 20:20:32,1436245,26355,15948,22430,9263,2375,7161,3
2026-08-11 23:00:06,https://www.bilibili.com/video/BV1Lb6tBBEYC/?spm_id_from=333.1387.favlist.content.click&vd_source=bdf775a036c61c0159ac2f0c251aaeb7,6,BV1Lb6tBBEYC,【4K精剪】闭嘴跳舞 | 杨博文直拍 | 260201,underthepoplar,2026-02-02 00:00:55,353594,27203,14120,19192,8572,1837,3079,1
2026-08-11 23:00:06,https://www.bilibili.com/video/BV1mJ64BREZY/?spm_id_from=333.1387.favlist.content.click&vd_source=bdf775a036c61c0159ac2f0c251aaeb7,7,BV1mJ64BREZY,【杨博文】闭嘴跳舞丨当主舞穿上西装就会得到,Kismet丨杨博文,2026-02-01 18:31:00,612265,34997,3914,25342,6829,447,607,6
2026-08-11 23:00:06,https://www.bilibili.com/video/BV1XA6nBGEPV/?spm_id_from=333.1387.favlist.content.click,8,BV1XA6nBGEPV,【4K精剪】希区考克 作品152 | 杨博文直拍 | 260131,underthepoplar,2026-02-01 00:23:17,1938904,23548,22122,19847,18992,4001,6897,2
2026-08-11 23:00:06,https://www.bilibili.com/video/BV1JUK56tEh5/?spm_id_from=333.1387.favlist.content.click,9,BV1JUK56tEh5,【杨博文｜音乐现场】全程舒适！跟着标准答案出发不迷路｜《全世界陪我出发》4k横屏直拍,游园会_杨博文,2026-07-16 20:06:19,158802,7815,2349,3890,5073,1951,1789,1
2026-08-11 23:00:06,https://www.bilibili.com/video/BV1kFKG6pEPe/?spm_id_from=333.1387.favlist.content.click,10,BV1kFKG6pEPe,【杨博文】夏日运动会《全世界陪我出发》4K直拍,Eternity丨杨博文,2026-07-16 19:13:38,43984,5292,722,2876,2326,37,94,1
2026-08-11 23:00:06,BV1MGYnzrE9E,11,BV1MGYnzrE9E,杨博文跳 《Centuries》帅到窒息！！竖屏4K直拍,Kismet丨杨博文,2025-08-18 02:15:37,272100,12321,6770,7934,582,959,3381,3
2026-08-11 23:00:06,BV1TLYnzzEx9,12,BV1TLYnzzEx9,舞力全开！主舞大人爽飞全场 15岁少年「杨博文」尽情演绎《Go In Blind》,Astra_杨博文,2025-08-18 00:48:26,332639,9924,5862,8917,577,717,2604,3
2026-08-11 23:30:07,https://www.bilibili.com/video/BV1EGBCBmEo8/?spm_id_from=333.1387.favlist.content.click,0,BV1EGBCBmEo8,【杨博文｜4K高清直拍】魅魔级别的《Manta》舞台，看博文如何一yeah封神,关键时刻来瓶尖叫,2025-12-27 23:15:44,1016168,12557,9850,11490,12721,1100,2416,1
2026-08-11 23:30:07,https://www.bilibili.com/video/BV1A5vkB2E1k/?spm_id_from=333.1387.favlist.content.click,1,BV1A5vkB2E1k,【杨博文】Hey Mama六机位纯舞直拍丨15岁舞台统治者的诞生，四代主舞燃炸全场！,Kismet丨杨博文,2025-12-28 22:28:16,2771089,63756,44543,46364,24310,13563,21492,31
2026-08-11 23:30:07,https://www.bilibili.com/video/BV1EQK56xEZk/?spm_id_from=333.1387.favlist.content.click,2,BV1EQK56xEZk,【杨博文｜音乐现场】｜《全世界陪我出发》4K直拍，考核第一的大C位实在太亮眼！,关键时刻来瓶尖叫,2026-07-16 20:29:02,413853,12070,3182,7197,5673,11099,8452,5
2026-08-11 23:30:07,bilibili.com/video/BV1M9ePzaELH/?spm_id_from=333.337.search-card.all.click,3,BV1M9ePzaELH,「杨博文｜卡拉永远OK」突发舞台事故？我怎么没看见,Astra_杨博文,2025-08-19 22:15:30,983879,14955,4986,10506,10715,733,670,3
2026-08-11 23:30:07,BV1s8BvBPEN5,4,BV1s8BvBPEN5,【杨博文｜4K舞台直拍】好运来祝你好运来～博文宝宝祝你新年好运来,关键时刻来瓶尖叫,2025-12-27 00:43:12,1911868,34688,16922,32143,17827,4326,4858,1
2026-08-11 23:30:07,https://www.bilibili.com/video/BV1jN64BKECs/?spm_id_from=333.337.search-card.all.click,5,BV1jN64BKECs,【杨博文｜4K直拍】跟着节奏一起《闭嘴跳舞》～,关键时刻来瓶尖叫,2026-02-01 20:20:32,1436263,26356,15950,22430,9268,2375,7161,1
2026-08-11 23:30:07,https://www.bilibili.com/video/BV1Lb6tBBEYC/?spm_id_from=333.1387.favlist.content.click&vd_source=bdf775a036c61c0159ac2f0c251aaeb7,6,BV1Lb6tBBEYC,【4K精剪】闭嘴跳舞 | 杨博文直拍 | 260201,underthepoplar,2026-02-02 00:00:55,353606,27203,14120,19192,8576,1837,3079,1
2026-08-11 23:30:07,https://www.bilibili.com/video/BV1mJ64BREZY/?spm_id_from=333.1387.favlist.content.click&vd_source=bdf775a036c61c0159ac2f0c251aaeb7,7,BV1mJ64BREZY,【杨博文】闭嘴跳舞丨当主舞穿上西装就会得到,Kismet丨杨博文,2026-02-01 18:31:00,612346,34998,3914,25343,6833,447,607,2
2026-08-11 23:30:07,https://www.bilibili.com/video/BV1XA6nBGEPV/?spm_id_from=333.1387.favlist.content.click,8,BV1XA6nBGEPV,【4K精剪】希区考克 作品152 | 杨博文直拍 | 260131,underthepoplar,2026-02-01 00:23:17,1938920,23549,22122,19849,18992,4001,6897,1
2026-08-11 23:30:07,https://www.bilibili.com/video/BV1JUK56tEh5/?spm_id_from=333.1387.favlist.content.click,9,BV1JUK56tEh5,【杨博文｜音乐现场】全程舒适！跟着标准答案出发不迷路｜《全世界陪我出发》4k横屏直拍,游园会_杨博文,2026-07-16 20:06:19,158809,7816,2349,3890,5073,1951,1789,1
2026-08-11 23:30:07,https://www.bilibili.com/video/BV1kFKG6pEPe/?spm_id_from=333.1387.favlist.content.click,10,BV1kFKG6pEPe,【杨博文】夏日运动会《全世界陪我出发》4K直拍,Eternity丨杨博文,2026-07-16 19:13:38,43992,5296,724,2878,2326,37,94,1
2026-08-11 23:30:07,BV1MGYnzrE9E,11,BV1MGYnzrE9E,杨博文跳 《Centuries》帅到窒息！！竖屏4K直拍,Kismet丨杨博文,2025-08-18 02:15:37,272115,12321,6770,7935,582,959,3381,3
2026-08-11 23:30:07,BV1TLYnzzEx9,12,BV1TLYnzzEx9,舞力全开！主舞大人爽飞全场 15岁少年「杨博文」尽情演绎《Go In Blind》,Astra_杨博文,2025-08-18 00:48:26,332651,9924,5862,8917,577,717,2604,3
