采集时间,输入,原始顺序,BV号,标题,UP主,上传时间,总播放量,点赞数,投币数,收藏数,转发数,评论数,弹幕数,在线人数
2026-07-05 00:25:32,https://www.bilibili.com/video/BV1A5vkB2E1k/?spm_id_from=333.1387.favlist.content.click&vd_source=bdf775a036c61c0159ac2f0c251aaeb7,0,BV1A5vkB2E1k,【杨博文】Hey Mama六机位纯舞直拍丨15岁舞台统治者的诞生，四代主舞燃炸全场！,Kismet丨杨博文,2025-12-28 22:28:16,2481227,60501,42889,44038,12657,13446,20445,2
2026-07-05 00:25:32,https://www.bilibili.com/video/BV1XA6nBGEPV/?spm_id_from=333.1387.favlist.content.click&vd_source=bdf775a036c61c0159ac2f0c251aaeb7,1,BV1XA6nBGEPV,【4K精剪】希区考克 作品152 | 杨博文直拍 | 260131,underthepoplar,2026-02-01 00:23:17,1919916,22308,21426,19171,8708,3974,6794,1
2026-07-05 00:25:32,https://www.bilibili.com/video/BV15r61BWESJ/?spm_id_from=333.1387.favlist.content.click&vd_source=bdf775a036c61c0159ac2f0c251aaeb7,2,BV15r61BWESJ,【杨博文】希区考克作品152丨双机位直拍 悬疑与张力碰撞 表管拉满 少年锋芒,Kismet丨杨博文,2026-01-31 18:27:40,539097,18304,10843,15457,929,1082,1224,1
2026-07-05 00:25:32,https://www.bilibili.com/video/BV19y61BnEMM/?spm_id_from=333.1387.favlist.content.click&vd_source=bdf775a036c61c0159ac2f0c251aaeb7,3,BV19y61BnEMM,【杨博文】就这个踢腿爽之 连每一根头发丝都在劲舞｜希区考克 作品152 4k双机位横屏直拍,游园会_杨博文,2026-01-31 18:31:31,414294,14562,9573,12386,1172,1513,2289,3
2026-07-05 00:25:32,https://www.bilibili.com/video/BV1M9ePzaELH/?spm_id_from=333.1387.favlist.content.click&vd_source=bdf775a036c61c0159ac2f0c251aaeb7,4,BV1M9ePzaELH,「杨博文｜卡拉永远OK」突发舞台事故？我怎么没看见,Astra_杨博文,2025-08-19 22:15:30,807699,14261,4525,9552,6100,614,515,1
2026-07-05 00:25:32,https://www.bilibili.com/video/BV1pV9GB6E96/?spm_id_from=333.1387.favlist.content.click&vd_source=bdf775a036c61c0159ac2f0c251aaeb7,5,BV1pV9GB6E96,【4K精剪】Guilty | 杨博文直拍 | 250119,underthepoplar,2026-04-01 02:23:39,47362,8819,2925,5154,238,201,198,1
2026-07-05 00:25:32,https://www.bilibili.com/video/BV1vFwNeKER9/?spm_id_from=333.1387.favlist.content.click&vd_source=bdf775a036c61c0159ac2f0c251aaeb7,6,BV1vFwNeKER9,【杨博文】guilty 4k横屏直拍｜夺命34秒，谁都无法拒绝的Legend级别，建议调大音量食用更加,游园会_杨博文,2025-01-18 22:02:36,262590,16410,8023,14221,1083,850,3081,1
2026-07-05 00:25:32,https://www.bilibili.com/video/BV1MGYnzrE9E/?spm_id_from=333.1387.favlist.content.click&vd_source=bdf775a036c61c0159ac2f0c251aaeb7,7,BV1MGYnzrE9E,杨博文跳 《Centuries》帅到窒息！！竖屏4K直拍,Kismet丨杨博文,2025-08-18 02:15:37,263242,12036,6633,7799,561,950,3368,1
2026-07-05 00:25:32,https://www.bilibili.com/video/BV1DZvDBEEjv/?spm_id_from=333.1387.favlist.content.click&vd_source=bdf775a036c61c0159ac2f0c251aaeb7,8,BV1DZvDBEEjv,终于找到了治愈我每一天的秘方 当你一开嗓 哪怕是夕阳也格外绚烂 ｜【杨博文】黄昏晓4k横屏直拍,游园会_杨博文,2026-01-01 20:53:32,23908,4086,710,2664,35,44,178,1
2026-07-05 00:25:32,https://www.bilibili.com/video/BV1owvqBJEkn/?spm_id_from=333.1387.favlist.content.click&vd_source=bdf775a036c61c0159ac2f0c251aaeb7,9,BV1owvqBJEkn,【杨博文｜黄昏晓】 4K直拍,羊圈主,2025-12-28 00:28:04,17908,4357,1028,1649,70,88,256,1
2026-07-05 00:25:32,https://www.bilibili.com/video/BV1eqY6e1Eec/?spm_id_from=333.1387.favlist.content.click&vd_source=bdf775a036c61c0159ac2f0c251aaeb7,10,BV1eqY6e1Eec,【TF家族-杨博文】蔡依林男粉！？你的杨会扭儿上线｜《看我72变》4K直拍,LOST-杨博文,2024-08-13 05:57:43,99337,9991,1629,5627,428,102,321,1
2026-07-05 00:25:32,https://www.bilibili.com/video/BV1r9BeBZEMu/?spm_id_from=333.1387.favlist.content.click&vd_source=bdf775a036c61c0159ac2f0c251aaeb7,11,BV1r9BeBZEMu,【杨博文｜4K舞台直拍】《爱要坦荡荡》，四代主唱贝斯手玩转乐队，好青春洋溢,关键时刻来瓶尖叫,2025-12-27 00:55:22,36029,4767,739,3174,50,52,64,1
2026-07-05 00:25:32,https://www.bilibili.com/video/BV1Lb6tBBEYC/?spm_id_from=333.1387.favlist.content.click&vd_source=bdf775a036c61c0159ac2f0c251aaeb7,12,BV1Lb6tBBEYC,【4K精剪】闭嘴跳舞 | 杨博文直拍 | 260201,underthepoplar,2026-02-02 00:00:55,253328,21043,13032,15377,1878,1668,2767,1
2026-07-05 00:25:32,https://www.bilibili.com/video/BV1mJ64BREZY/?spm_id_from=333.1387.favlist.content.click&vd_source=bdf775a036c61c0159ac2f0c251aaeb7,13,BV1mJ64BREZY,【杨博文】闭嘴跳舞丨当主舞穿上西装就会得到,Kismet丨杨博文,2026-02-01 18:31:00,494987,31535,3513,22634,178,103,423,1
2026-07-05 00:25:32,https://www.bilibili.com/video/BV15M64BPEVo/?spm_id_from=333.1387.favlist.content.click&vd_source=bdf775a036c61c0159ac2f0c251aaeb7,14,BV15M64BPEVo,【杨博文】舞步是我最有力的武器 请调动所有感官和我一同所向披靡｜闭嘴跳舞4k横屏双机位直拍,游园会_杨博文,2026-02-01 20:09:30,50640,7696,1402,4910,54,38,157,1
2026-07-05 00:25:32,https://www.bilibili.com/video/BV1fWYqzTECD/?spm_id_from=333.1387.favlist.content.click&vd_source=bdf775a036c61c0159ac2f0c251aaeb7,15,BV1fWYqzTECD,绝美堕天使下凡了……｜杨博文｜deja vu 4K直拍,WIX99,2025-08-16 22:18:21,13565,2047,582,893,67,44,115,1
2026-07-05 00:25:32,https://www.bilibili.com/video/BV1Bem3B1EcH/?spm_id_from=333.1387.favlist.content.click&vd_source=bdf775a036c61c0159ac2f0c251aaeb7,16,BV1Bem3B1EcH,【杨博文｜4K舞台直拍】怎么黑衣的《Deja vu》也让人看的停不下来呢,关键时刻来瓶尖叫,2025-12-12 21:30:00,12300,1402,157,1248,19,7,1,1
2026-07-05 00:25:32,https://www.bilibili.com/video/BV11kZyByE81/?spm_id_from=333.1387.favlist.content.click&vd_source=bdf775a036c61c0159ac2f0c251aaeb7,17,BV11kZyByE81,【4K精剪】Deja Vu | 杨博文直拍 | 250816 & 250817,underthepoplar,2026-02-17 20:22:24,46973,7077,3104,3328,373,229,199,1
2026-07-05 00:25:32,https://www.bilibili.com/video/BV1J7Awz8EUZ/?spm_id_from=333.1387.favlist.content.click&vd_source=bdf775a036c61c0159ac2f0c251aaeb7,18,BV1J7Awz8EUZ,自测鸡蛋果,喜欢吃鸡蛋果,2026-03-21 16:17:31,1001,0,0,1,1,0,0,1
2026-07-05 01:25:46,https://www.bilibili.com/video/BV1A5vkB2E1k/?spm_id_from=333.1387.favlist.content.click&vd_source=bdf775a036c61c0159ac2f0c251aaeb7,0,BV1A5vkB2E1k,【杨博文】Hey Mama六机位纯舞直拍丨15岁舞台统治者的诞生，四代主舞燃炸全场！,Kismet丨杨博文,2025-12-28 22:28:16,2481304,60509,42889,44040,12661,13446,20446,2
2026-07-05 01:25:46,https://www.bilibili.com/video/BV1XA6nBGEPV/?spm_id_from=333.1387.favlist.content.click&vd_source=bdf775a036c61c0159ac2f0c251aaeb7,1,BV1XA6nBGEPV,【4K精剪】希区考克 作品152 | 杨博文直拍 | 260131,underthepoplar,2026-02-01 00:23:17,1919926,22308,21426,19171,8711,3974,6794,1
2026-07-05 01:25:46,https://www.bilibili.com/video/BV15r61BWESJ/?spm_id_from=333.1387.favlist.content.click&vd_source=bdf775a036c61c0159ac2f0c251aaeb7,2,BV15r61BWESJ,【杨博文】希区考克作品152丨双机位直拍 悬疑与张力碰撞 表管拉满 少年锋芒,Kismet丨杨博文,2026-01-31 18:27:40,539099,18306,10843,15457,929,1082,1224,1
2026-07-05 01:25:46,https://www.bilibili.com/video/BV19y61BnEMM/?spm_id_from=333.1387.favlist.content.click&vd_source=bdf775a036c61c0159ac2f0c251aaeb7,3,BV19y61BnEMM,【杨博文】就这个踢腿爽之 连每一根头发丝都在劲舞｜希区考克 作品152 4k双机位横屏直拍,游园会_杨博文,2026-01-31 18:31:31,414314,14564,9573,12386,1172,1513,2289,1
2026-07-05 01:25:46,https://www.bilibili.com/video/BV1M9ePzaELH/?spm_id_from=333.1387.favlist.content.click&vd_source=bdf775a036c61c0159ac2f0c251aaeb7,4,BV1M9ePzaELH,「杨博文｜卡拉永远OK」突发舞台事故？我怎么没看见,Astra_杨博文,2025-08-19 22:15:30,807709,14262,4525,9552,6102,614,515,1
2026-07-05 01:25:46,https://www.bilibili.com/video/BV1pV9GB6E96/?spm_id_from=333.1387.favlist.content.click&vd_source=bdf775a036c61c0159ac2f0c251aaeb7,5,BV1pV9GB6E96,【4K精剪】Guilty | 杨博文直拍 | 250119,underthepoplar,2026-04-01 02:23:39,47373,8820,2925,5154,238,201,198,1
2026-07-05 01:25:46,https://www.bilibili.com/video/BV1vFwNeKER9/?spm_id_from=333.1387.favlist.content.click&vd_source=bdf775a036c61c0159ac2f0c251aaeb7,6,BV1vFwNeKER9,【杨博文】guilty 4k横屏直拍｜夺命34秒，谁都无法拒绝的Legend级别，建议调大音量食用更加,游园会_杨博文,2025-01-18 22:02:36,262594,16410,8023,14221,1083,850,3081,1
2026-07-05 01:25:46,https://www.bilibili.com/video/BV1MGYnzrE9E/?spm_id_from=333.1387.favlist.content.click&vd_source=bdf775a036c61c0159ac2f0c251aaeb7,7,BV1MGYnzrE9E,杨博文跳 《Centuries》帅到窒息！！竖屏4K直拍,Kismet丨杨博文,2025-08-18 02:15:37,263251,12038,6633,7799,561,950,3368,1
2026-07-05 01:25:46,https://www.bilibili.com/video/BV1DZvDBEEjv/?spm_id_from=333.1387.favlist.content.click&vd_source=bdf775a036c61c0159ac2f0c251aaeb7,8,BV1DZvDBEEjv,终于找到了治愈我每一天的秘方 当你一开嗓 哪怕是夕阳也格外绚烂 ｜【杨博文】黄昏晓4k横屏直拍,游园会_杨博文,2026-01-01 20:53:32,23910,4086,710,2664,35,44,178,1
2026-07-05 01:25:46,https://www.bilibili.com/video/BV1owvqBJEkn/?spm_id_from=333.1387.favlist.content.click&vd_source=bdf775a036c61c0159ac2f0c251aaeb7,9,BV1owvqBJEkn,【杨博文｜黄昏晓】 4K直拍,羊圈主,2025-12-28 00:28:04,17908,4357,1028,1649,70,88,256,1
2026-07-05 01:25:46,https://www.bilibili.com/video/BV1eqY6e1Eec/?spm_id_from=333.1387.favlist.content.click&vd_source=bdf775a036c61c0159ac2f0c251aaeb7,10,BV1eqY6e1Eec,【TF家族-杨博文】蔡依林男粉！？你的杨会扭儿上线｜《看我72变》4K直拍,LOST-杨博文,2024-08-13 05:57:43,99339,9992,1629,5627,428,102,321,1
2026-07-05 01:25:46,https://www.bilibili.com/video/BV1r9BeBZEMu/?spm_id_from=333.1387.favlist.content.click&vd_source=bdf775a036c61c0159ac2f0c251aaeb7,11,BV1r9BeBZEMu,【杨博文｜4K舞台直拍】《爱要坦荡荡》，四代主唱贝斯手玩转乐队，好青春洋溢,关键时刻来瓶尖叫,2025-12-27 00:55:22,36031,4767,739,3174,50,52,64,1
2026-07-05 01:25:46,https://www.bilibili.com/video/BV1Lb6tBBEYC/?spm_id_from=333.1387.favlist.content.click&vd_source=bdf775a036c61c0159ac2f0c251aaeb7,12,BV1Lb6tBBEYC,【4K精剪】闭嘴跳舞 | 杨博文直拍 | 260201,underthepoplar,2026-02-02 00:00:55,253363,21044,13032,15377,1879,1668,2767,1
2026-07-05 01:25:46,https://www.bilibili.com/video/BV1mJ64BREZY/?spm_id_from=333.1387.favlist.content.click&vd_source=bdf775a036c61c0159ac2f0c251aaeb7,13,BV1mJ64BREZY,【杨博文】闭嘴跳舞丨当主舞穿上西装就会得到,Kismet丨杨博文,2026-02-01 18:31:00,495016,31539,3513,22635,178,103,423,1
2026-07-05 01:25:46,https://www.bilibili.com/video/BV15M64BPEVo/?spm_id_from=333.1387.favlist.content.click&vd_source=bdf775a036c61c0159ac2f0c251aaeb7,14,BV15M64BPEVo,【杨博文】舞步是我最有力的武器 请调动所有感官和我一同所向披靡｜闭嘴跳舞4k横屏双机位直拍,游园会_杨博文,2026-02-01 20:09:30,50643,7698,1402,4911,54,38,157,1
2026-07-05 01:25:46,https://www.bilibili.com/video/BV1fWYqzTECD/?spm_id_from=333.1387.favlist.content.click&vd_source=bdf775a036c61c0159ac2f0c251aaeb7,15,BV1fWYqzTECD,绝美堕天使下凡了……｜杨博文｜deja vu 4K直拍,WIX99,2025-08-16 22:18:21,13565,2047,582,893,67,44,115,1
2026-07-05 01:25:46,https://www.bilibili.com/video/BV1Bem3B1EcH/?spm_id_from=333.1387.favlist.content.click&vd_source=bdf775a036c61c0159ac2f0c251aaeb7,16,BV1Bem3B1EcH,【杨博文｜4K舞台直拍】怎么黑衣的《Deja vu》也让人看的停不下来呢,关键时刻来瓶尖叫,2025-12-12 21:30:00,12301,1402,157,1248,19,7,1,1
2026-07-05 01:25:46,https://www.bilibili.com/video/BV11kZyByE81/?spm_id_from=333.1387.favlist.content.click&vd_source=bdf775a036c61c0159ac2f0c251aaeb7,17,BV11kZyByE81,【4K精剪】Deja Vu | 杨博文直拍 | 250816 & 250817,underthepoplar,2026-02-17 20:22:24,46979,7077,3104,3328,373,229,199,1
2026-07-05 01:25:46,https://www.bilibili.com/video/BV1J7Awz8EUZ/?spm_id_from=333.1387.favlist.content.click&vd_source=bdf775a036c61c0159ac2f0c251aaeb7,18,BV1J7Awz8EUZ,自测鸡蛋果,喜欢吃鸡蛋果,2026-03-21 16:17:31,1003,0,0,1,1,0,0,1
2026-07-05 02:25:59,https://www.bilibili.com/video/BV1A5vkB2E1k/?spm_id_from=333.1387.favlist.content.click&vd_source=bdf775a036c61c0159ac2f0c251aaeb7,0,BV1A5vkB2E1k,【杨博文】Hey Mama六机位纯舞直拍丨15岁舞台统治者的诞生，四代主舞燃炸全场！,Kismet丨杨博文,2025-12-28 22:28:16,2481367,60511,42889,44041,12662,13446,20446,1
2026-07-05 02:25:59,https://www.bilibili.com/video/BV1XA6nBGEPV/?spm_id_from=333.1387.favlist.content.click&vd_source=bdf775a036c61c0159ac2f0c251aaeb7,1,BV1XA6nBGEPV,【4K精剪】希区考克 作品152 | 杨博文直拍 | 260131,underthepoplar,2026-02-01 00:23:17,1919934,22308,21426,19171,8711,3974,6794,1
2026-07-05 02:25:59,https://www.bilibili.com/video/BV15r61BWESJ/?spm_id_from=333.1387.favlist.content.click&vd_source=bdf775a036c61c0159ac2f0c251aaeb7,2,BV15r61BWESJ,【杨博文】希区考克作品152丨双机位直拍 悬疑与张力碰撞 表管拉满 少年锋芒,Kismet丨杨博文,2026-01-31 18:27:40,539103,18308,10843,15457,929,1082,1224,1
2026-07-05 02:25:59,https://www.bilibili.com/video/BV19y61BnEMM/?spm_id_from=333.1387.favlist.content.click&vd_source=bdf775a036c61c0159ac2f0c251aaeb7,3,BV19y61BnEMM,【杨博文】就这个踢腿爽之 连每一根头发丝都在劲舞｜希区考克 作品152 4k双机位横屏直拍,游园会_杨博文,2026-01-31 18:31:31,414323,14565,9573,12386,1172,1513,2289,1
2026-07-05 02:25:59,https://www.bilibili.com/video/BV1M9ePzaELH/?spm_id_from=333.1387.favlist.content.click&vd_source=bdf775a036c61c0159ac2f0c251aaeb7,4,BV1M9ePzaELH,「杨博文｜卡拉永远OK」突发舞台事故？我怎么没看见,Astra_杨博文,2025-08-19 22:15:30,807716,14262,4525,9553,6104,614,515,1
2026-07-05 02:25:59,https://www.bilibili.com/video/BV1pV9GB6E96/?spm_id_from=333.1387.favlist.content.click&vd_source=bdf775a036c61c0159ac2f0c251aaeb7,5,BV1pV9GB6E96,【4K精剪】Guilty | 杨博文直拍 | 250119,underthepoplar,2026-04-01 02:23:39,47382,8821,2927,5155,238,201,198,1
2026-07-05 02:25:59,https://www.bilibili.com/video/BV1vFwNeKER9/?spm_id_from=333.1387.favlist.content.click&vd_source=bdf775a036c61c0159ac2f0c251aaeb7,6,BV1vFwNeKER9,【杨博文】guilty 4k横屏直拍｜夺命34秒，谁都无法拒绝的Legend级别，建议调大音量食用更加,游园会_杨博文,2025-01-18 22:02:36,262602,16411,8023,14222,1083,850,3081,1
2026-07-05 02:25:59,https://www.bilibili.com/video/BV1MGYnzrE9E/?spm_id_from=333.1387.favlist.content.click&vd_source=bdf775a036c61c0159ac2f0c251aaeb7,7,BV1MGYnzrE9E,杨博文跳 《Centuries》帅到窒息！！竖屏4K直拍,Kismet丨杨博文,2025-08-18 02:15:37,263257,12038,6633,7800,561,950,3368,1
2026-07-05 02:25:59,https://www.bilibili.com/video/BV1DZvDBEEjv/?spm_id_from=333.1387.favlist.content.click&vd_source=bdf775a036c61c0159ac2f0c251aaeb7,8,BV1DZvDBEEjv,终于找到了治愈我每一天的秘方 当你一开嗓 哪怕是夕阳也格外绚烂 ｜【杨博文】黄昏晓4k横屏直拍,游园会_杨博文,2026-01-01 20:53:32,23910,4086,710,2664,35,44,178,1
2026-07-05 02:25:59,https://www.bilibili.com/video/BV1owvqBJEkn/?spm_id_from=333.1387.favlist.content.click&vd_source=bdf775a036c61c0159ac2f0c251aaeb7,9,BV1owvqBJEkn,【杨博文｜黄昏晓】 4K直拍,羊圈主,2025-12-28 00:28:04,17909,4357,1028,1649,70,88,256,1
2026-07-05 02:25:59,https://www.bilibili.com/video/BV1eqY6e1Eec/?spm_id_from=333.1387.favlist.content.click&vd_source=bdf775a036c61c0159ac2f0c251aaeb7,10,BV1eqY6e1Eec,【TF家族-杨博文】蔡依林男粉！？你的杨会扭儿上线｜《看我72变》4K直拍,LOST-杨博文,2024-08-13 05:57:43,99339,9991,1629,5627,428,102,321,1
2026-07-05 02:25:59,https://www.bilibili.com/video/BV1r9BeBZEMu/?spm_id_from=333.1387.favlist.content.click&vd_source=bdf775a036c61c0159ac2f0c251aaeb7,11,BV1r9BeBZEMu,【杨博文｜4K舞台直拍】《爱要坦荡荡》，四代主唱贝斯手玩转乐队，好青春洋溢,关键时刻来瓶尖叫,2025-12-27 00:55:22,36032,4767,739,3174,50,52,64,1
2026-07-05 02:25:59,https://www.bilibili.com/video/BV1Lb6tBBEYC/?spm_id_from=333.1387.favlist.content.click&vd_source=bdf775a036c61c0159ac2f0c251aaeb7,12,BV1Lb6tBBEYC,【4K精剪】闭嘴跳舞 | 杨博文直拍 | 260201,underthepoplar,2026-02-02 00:00:55,253386,21046,13032,15377,1879,1668,2767,1
2026-07-05 02:25:59,https://www.bilibili.com/video/BV1mJ64BREZY/?spm_id_from=333.1387.favlist.content.click&vd_source=bdf775a036c61c0159ac2f0c251aaeb7,13,BV1mJ64BREZY,【杨博文】闭嘴跳舞丨当主舞穿上西装就会得到,Kismet丨杨博文,2026-02-01 18:31:00,495029,31545,3516,22637,178,103,423,1
2026-07-05 02:25:59,https://www.bilibili.com/video/BV15M64BPEVo/?spm_id_from=333.1387.favlist.content.click&vd_source=bdf775a036c61c0159ac2f0c251aaeb7,14,BV15M64BPEVo,【杨博文】舞步是我最有力的武器 请调动所有感官和我一同所向披靡｜闭嘴跳舞4k横屏双机位直拍,游园会_杨博文,2026-02-01 20:09:30,50643,7698,1402,4911,54,38,157,1
2026-07-05 02:25:59,https://www.bilibili.com/video/BV1fWYqzTECD/?spm_id_from=333.1387.favlist.content.click&vd_source=bdf775a036c61c0159ac2f0c251aaeb7,15,BV1fWYqzTECD,绝美堕天使下凡了……｜杨博文｜deja vu 4K直拍,WIX99,2025-08-16 22:18:21,13566,2047,582,893,67,44,115,1
2026-07-05 02:25:59,https://www.bilibili.com/video/BV1Bem3B1EcH/?spm_id_from=333.1387.favlist.content.click&vd_source=bdf775a036c61c0159ac2f0c251aaeb7,16,BV1Bem3B1EcH,【杨博文｜4K舞台直拍】怎么黑衣的《Deja vu》也让人看的停不下来呢,关键时刻来瓶尖叫,2025-12-12 21:30:00,12302,1402,157,1248,19,7,1,1
2026-07-05 02:25:59,https://www.bilibili.com/video/BV11kZyByE81/?spm_id_from=333.1387.favlist.content.click&vd_source=bdf775a036c61c0159ac2f0c251aaeb7,17,BV11kZyByE81,【4K精剪】Deja Vu | 杨博文直拍 | 250816 & 250817,underthepoplar,2026-02-17 20:22:24,46983,7077,3104,3328,373,229,199,1
2026-07-05 02:25:59,https://www.bilibili.com/video/BV1J7Awz8EUZ/?spm_id_from=333.1387.favlist.content.click&vd_source=bdf775a036c61c0159ac2f0c251aaeb7,18,BV1J7Awz8EUZ,自测鸡蛋果,喜欢吃鸡蛋果,2026-03-21 16:17:31,1010,0,0,1,1,0,0,1
2026-07-05 03:26:13,https://www.bilibili.com/video/BV1A5vkB2E1k/?spm_id_from=333.1387.favlist.content.click&vd_source=bdf775a036c61c0159ac2f0c251aaeb7,0,BV1A5vkB2E1k,【杨博文】Hey Mama六机位纯舞直拍丨15岁舞台统治者的诞生，四代主舞燃炸全场！,Kismet丨杨博文,2025-12-28 22:28:16,2481430,60512,42889,44041,12665,13446,20446,1
2026-07-05 03:26:13,https://www.bilibili.com/video/BV1XA6nBGEPV/?spm_id_from=333.1387.favlist.content.click&vd_source=bdf775a036c61c0159ac2f0c251aaeb7,1,BV1XA6nBGEPV,【4K精剪】希区考克 作品152 | 杨博文直拍 | 260131,underthepoplar,2026-02-01 00:23:17,1919942,22308,21426,19170,8716,3974,6794,1
2026-07-05 03:26:13,https://www.bilibili.com/video/BV15r61BWESJ/?spm_id_from=333.1387.favlist.content.click&vd_source=bdf775a036c61c0159ac2f0c251aaeb7,2,BV15r61BWESJ,【杨博文】希区考克作品152丨双机位直拍 悬疑与张力碰撞 表管拉满 少年锋芒,Kismet丨杨博文,2026-01-31 18:27:40,539104,18308,10843,15457,929,1082,1224,1
2026-07-05 03:26:13,https://www.bilibili.com/video/BV19y61BnEMM/?spm_id_from=333.1387.favlist.content.click&vd_source=bdf775a036c61c0159ac2f0c251aaeb7,3,BV19y61BnEMM,【杨博文】就这个踢腿爽之 连每一根头发丝都在劲舞｜希区考克 作品152 4k双机位横屏直拍,游园会_杨博文,2026-01-31 18:31:31,414334,14566,9573,12386,1172,1513,2289,1
2026-07-05 03:26:13,https://www.bilibili.com/video/BV1M9ePzaELH/?spm_id_from=333.1387.favlist.content.click&vd_source=bdf775a036c61c0159ac2f0c251aaeb7,4,BV1M9ePzaELH,「杨博文｜卡拉永远OK」突发舞台事故？我怎么没看见,Astra_杨博文,2025-08-19 22:15:30,807721,14262,4525,9553,6106,614,515,1
2026-07-05 03:26:13,https://www.bilibili.com/video/BV1pV9GB6E96/?spm_id_from=333.1387.favlist.content.click&vd_source=bdf775a036c61c0159ac2f0c251aaeb7,5,BV1pV9GB6E96,【4K精剪】Guilty | 杨博文直拍 | 250119,underthepoplar,2026-04-01 02:23:39,47384,8821,2927,5155,238,201,198,1
2026-07-05 03:26:13,https://www.bilibili.com/video/BV1vFwNeKER9/?spm_id_from=333.1387.favlist.content.click&vd_source=bdf775a036c61c0159ac2f0c251aaeb7,6,BV1vFwNeKER9,【杨博文】guilty 4k横屏直拍｜夺命34秒，谁都无法拒绝的Legend级别，建议调大音量食用更加,游园会_杨博文,2025-01-18 22:02:36,262609,16412,8025,14223,1083,850,3081,1
2026-07-05 03:26:13,https://www.bilibili.com/video/BV1MGYnzrE9E/?spm_id_from=333.1387.favlist.content.click&vd_source=bdf775a036c61c0159ac2f0c251aaeb7,7,BV1MGYnzrE9E,杨博文跳 《Centuries》帅到窒息！！竖屏4K直拍,Kismet丨杨博文,2025-08-18 02:15:37,263260,12039,6635,7800,561,950,3368,1
2026-07-05 03:26:13,https://www.bilibili.com/video/BV1DZvDBEEjv/?spm_id_from=333.1387.favlist.content.click&vd_source=bdf775a036c61c0159ac2f0c251aaeb7,8,BV1DZvDBEEjv,终于找到了治愈我每一天的秘方 当你一开嗓 哪怕是夕阳也格外绚烂 ｜【杨博文】黄昏晓4k横屏直拍,游园会_杨博文,2026-01-01 20:53:32,23911,4086,710,2664,35,44,178,1
2026-07-05 03:26:13,https://www.bilibili.com/video/BV1owvqBJEkn/?spm_id_from=333.1387.favlist.content.click&vd_source=bdf775a036c61c0159ac2f0c251aaeb7,9,BV1owvqBJEkn,【杨博文｜黄昏晓】 4K直拍,羊圈主,2025-12-28 00:28:04,17909,4357,1028,1649,70,88,256,1
2026-07-05 03:26:13,https://www.bilibili.com/video/BV1eqY6e1Eec/?spm_id_from=333.1387.favlist.content.click&vd_source=bdf775a036c61c0159ac2f0c251aaeb7,10,BV1eqY6e1Eec,【TF家族-杨博文】蔡依林男粉！？你的杨会扭儿上线｜《看我72变》4K直拍,LOST-杨博文,2024-08-13 05:57:43,99340,9991,1629,5627,428,102,321,1
2026-07-05 03:26:13,https://www.bilibili.com/video/BV1r9BeBZEMu/?spm_id_from=333.1387.favlist.content.click&vd_source=bdf775a036c61c0159ac2f0c251aaeb7,11,BV1r9BeBZEMu,【杨博文｜4K舞台直拍】《爱要坦荡荡》，四代主唱贝斯手玩转乐队，好青春洋溢,关键时刻来瓶尖叫,2025-12-27 00:55:22,36032,4767,739,3174,50,52,64,1
2026-07-05 03:26:13,https://www.bilibili.com/video/BV1Lb6tBBEYC/?spm_id_from=333.1387.favlist.content.click&vd_source=bdf775a036c61c0159ac2f0c251aaeb7,12,BV1Lb6tBBEYC,【4K精剪】闭嘴跳舞 | 杨博文直拍 | 260201,underthepoplar,2026-02-02 00:00:55,253407,21046,13032,15377,1879,1668,2767,1
2026-07-05 03:26:13,https://www.bilibili.com/video/BV1mJ64BREZY/?spm_id_from=333.1387.favlist.content.click&vd_source=bdf775a036c61c0159ac2f0c251aaeb7,13,BV1mJ64BREZY,【杨博文】闭嘴跳舞丨当主舞穿上西装就会得到,Kismet丨杨博文,2026-02-01 18:31:00,495039,31546,3516,22637,178,103,423,1
2026-07-05 03:26:13,https://www.bilibili.com/video/BV15M64BPEVo/?spm_id_from=333.1387.favlist.content.click&vd_source=bdf775a036c61c0159ac2f0c251aaeb7,14,BV15M64BPEVo,【杨博文】舞步是我最有力的武器 请调动所有感官和我一同所向披靡｜闭嘴跳舞4k横屏双机位直拍,游园会_杨博文,2026-02-01 20:09:30,50645,7699,1402,4911,54,38,157,1
2026-07-05 03:26:13,https://www.bilibili.com/video/BV1fWYqzTECD/?spm_id_from=333.1387.favlist.content.click&vd_source=bdf775a036c61c0159ac2f0c251aaeb7,15,BV1fWYqzTECD,绝美堕天使下凡了……｜杨博文｜deja vu 4K直拍,WIX99,2025-08-16 22:18:21,13567,2047,582,893,67,44,115,1
2026-07-05 03:26:13,https://www.bilibili.com/video/BV1Bem3B1EcH/?spm_id_from=333.1387.favlist.content.click&vd_source=bdf775a036c61c0159ac2f0c251aaeb7,16,BV1Bem3B1EcH,【杨博文｜4K舞台直拍】怎么黑衣的《Deja vu》也让人看的停不下来呢,关键时刻来瓶尖叫,2025-12-12 21:30:00,12302,1402,157,1248,19,7,1,1
2026-07-05 03:26:13,https://www.bilibili.com/video/BV11kZyByE81/?spm_id_from=333.1387.favlist.content.click&vd_source=bdf775a036c61c0159ac2f0c251aaeb7,17,BV11kZyByE81,【4K精剪】Deja Vu | 杨博文直拍 | 250816 & 250817,underthepoplar,2026-02-17 20:22:24,46988,7078,3104,3328,373,229,199,1
2026-07-05 03:26:13,https://www.bilibili.com/video/BV1J7Awz8EUZ/?spm_id_from=333.1387.favlist.content.click&vd_source=bdf775a036c61c0159ac2f0c251aaeb7,18,BV1J7Awz8EUZ,自测鸡蛋果,喜欢吃鸡蛋果,2026-03-21 16:17:31,1018,0,0,1,1,0,0,1
2026-07-05 04:26:26,https://www.bilibili.com/video/BV1A5vkB2E1k/?spm_id_from=333.1387.favlist.content.click&vd_source=bdf775a036c61c0159ac2f0c251aaeb7,0,BV1A5vkB2E1k,【杨博文】Hey Mama六机位纯舞直拍丨15岁舞台统治者的诞生，四代主舞燃炸全场！,Kismet丨杨博文,2025-12-28 22:28:16,2481481,60516,42889,44042,12665,13446,20446,1
2026-07-05 04:26:26,https://www.bilibili.com/video/BV1XA6nBGEPV/?spm_id_from=333.1387.favlist.content.click&vd_source=bdf775a036c61c0159ac2f0c251aaeb7,1,BV1XA6nBGEPV,【4K精剪】希区考克 作品152 | 杨博文直拍 | 260131,underthepoplar,2026-02-01 00:23:17,1919949,22308,21426,19171,8716,3974,6794,1
2026-07-05 04:26:26,https://www.bilibili.com/video/BV15r61BWESJ/?spm_id_from=333.1387.favlist.content.click&vd_source=bdf775a036c61c0159ac2f0c251aaeb7,2,BV15r61BWESJ,【杨博文】希区考克作品152丨双机位直拍 悬疑与张力碰撞 表管拉满 少年锋芒,Kismet丨杨博文,2026-01-31 18:27:40,539105,18308,10843,15457,929,1082,1224,1
2026-07-05 04:26:26,https://www.bilibili.com/video/BV19y61BnEMM/?spm_id_from=333.1387.favlist.content.click&vd_source=bdf775a036c61c0159ac2f0c251aaeb7,3,BV19y61BnEMM,【杨博文】就这个踢腿爽之 连每一根头发丝都在劲舞｜希区考克 作品152 4k双机位横屏直拍,游园会_杨博文,2026-01-31 18:31:31,414335,14566,9573,12386,1172,1513,2289,2
2026-07-05 04:26:26,https://www.bilibili.com/video/BV1M9ePzaELH/?spm_id_from=333.1387.favlist.content.click&vd_source=bdf775a036c61c0159ac2f0c251aaeb7,4,BV1M9ePzaELH,「杨博文｜卡拉永远OK」突发舞台事故？我怎么没看见,Astra_杨博文,2025-08-19 22:15:30,807723,14262,4525,9553,6107,614,515,1
2026-07-05 04:26:26,https://www.bilibili.com/video/BV1pV9GB6E96/?spm_id_from=333.1387.favlist.content.click&vd_source=bdf775a036c61c0159ac2f0c251aaeb7,5,BV1pV9GB6E96,【4K精剪】Guilty | 杨博文直拍 | 250119,underthepoplar,2026-04-01 02:23:39,47388,8821,2927,5155,238,201,198,1
2026-07-05 04:26:26,https://www.bilibili.com/video/BV1vFwNeKER9/?spm_id_from=333.1387.favlist.content.click&vd_source=bdf775a036c61c0159ac2f0c251aaeb7,6,BV1vFwNeKER9,【杨博文】guilty 4k横屏直拍｜夺命34秒，谁都无法拒绝的Legend级别，建议调大音量食用更加,游园会_杨博文,2025-01-18 22:02:36,262612,16412,8025,14223,1083,850,3081,1
2026-07-05 04:26:26,https://www.bilibili.com/video/BV1MGYnzrE9E/?spm_id_from=333.1387.favlist.content.click&vd_source=bdf775a036c61c0159ac2f0c251aaeb7,7,BV1MGYnzrE9E,杨博文跳 《Centuries》帅到窒息！！竖屏4K直拍,Kismet丨杨博文,2025-08-18 02:15:37,263262,12040,6635,7801,561,950,3368,1
2026-07-05 04:26:26,https://www.bilibili.com/video/BV1DZvDBEEjv/?spm_id_from=333.1387.favlist.content.click&vd_source=bdf775a036c61c0159ac2f0c251aaeb7,8,BV1DZvDBEEjv,终于找到了治愈我每一天的秘方 当你一开嗓 哪怕是夕阳也格外绚烂 ｜【杨博文】黄昏晓4k横屏直拍,游园会_杨博文,2026-01-01 20:53:32,23911,4086,710,2664,35,44,178,1
2026-07-05 04:26:26,https://www.bilibili.com/video/BV1owvqBJEkn/?spm_id_from=333.1387.favlist.content.click&vd_source=bdf775a036c61c0159ac2f0c251aaeb7,9,BV1owvqBJEkn,【杨博文｜黄昏晓】 4K直拍,羊圈主,2025-12-28 00:28:04,17909,4357,1028,1649,70,88,256,1
2026-07-05 04:26:26,https://www.bilibili.com/video/BV1eqY6e1Eec/?spm_id_from=333.1387.favlist.content.click&vd_source=bdf775a036c61c0159ac2f0c251aaeb7,10,BV1eqY6e1Eec,【TF家族-杨博文】蔡依林男粉！？你的杨会扭儿上线｜《看我72变》4K直拍,LOST-杨博文,2024-08-13 05:57:43,99341,9992,1629,5627,428,102,321,1
2026-07-05 04:26:26,https://www.bilibili.com/video/BV1r9BeBZEMu/?spm_id_from=333.1387.favlist.content.click&vd_source=bdf775a036c61c0159ac2f0c251aaeb7,11,BV1r9BeBZEMu,【杨博文｜4K舞台直拍】《爱要坦荡荡》，四代主唱贝斯手玩转乐队，好青春洋溢,关键时刻来瓶尖叫,2025-12-27 00:55:22,36033,4767,739,3174,50,52,64,1
2026-07-05 04:26:26,https://www.bilibili.com/video/BV1Lb6tBBEYC/?spm_id_from=333.1387.favlist.content.click&vd_source=bdf775a036c61c0159ac2f0c251aaeb7,12,BV1Lb6tBBEYC,【4K精剪】闭嘴跳舞 | 杨博文直拍 | 260201,underthepoplar,2026-02-02 00:00:55,253416,21046,13032,15377,1879,1668,2767,1
2026-07-05 04:26:26,https://www.bilibili.com/video/BV1mJ64BREZY/?spm_id_from=333.1387.favlist.content.click&vd_source=bdf775a036c61c0159ac2f0c251aaeb7,13,BV1mJ64BREZY,【杨博文】闭嘴跳舞丨当主舞穿上西装就会得到,Kismet丨杨博文,2026-02-01 18:31:00,495043,31546,3516,22637,178,103,423,1
2026-07-05 04:26:26,https://www.bilibili.com/video/BV15M64BPEVo/?spm_id_from=333.1387.favlist.content.click&vd_source=bdf775a036c61c0159ac2f0c251aaeb7,14,BV15M64BPEVo,【杨博文】舞步是我最有力的武器 请调动所有感官和我一同所向披靡｜闭嘴跳舞4k横屏双机位直拍,游园会_杨博文,2026-02-01 20:09:30,50646,7699,1402,4911,54,38,157,1
2026-07-05 04:26:26,https://www.bilibili.com/video/BV1fWYqzTECD/?spm_id_from=333.1387.favlist.content.click&vd_source=bdf775a036c61c0159ac2f0c251aaeb7,15,BV1fWYqzTECD,绝美堕天使下凡了……｜杨博文｜deja vu 4K直拍,WIX99,2025-08-16 22:18:21,13569,2047,582,893,67,44,115,1
2026-07-05 04:26:26,https://www.bilibili.com/video/BV1Bem3B1EcH/?spm_id_from=333.1387.favlist.content.click&vd_source=bdf775a036c61c0159ac2f0c251aaeb7,16,BV1Bem3B1EcH,【杨博文｜4K舞台直拍】怎么黑衣的《Deja vu》也让人看的停不下来呢,关键时刻来瓶尖叫,2025-12-12 21:30:00,12302,1402,157,1248,19,7,1,1
2026-07-05 04:26:26,https://www.bilibili.com/video/BV11kZyByE81/?spm_id_from=333.1387.favlist.content.click&vd_source=bdf775a036c61c0159ac2f0c251aaeb7,17,BV11kZyByE81,【4K精剪】Deja Vu | 杨博文直拍 | 250816 & 250817,underthepoplar,2026-02-17 20:22:24,46990,7078,3104,3328,373,229,199,1
2026-07-05 04:26:26,https://www.bilibili.com/video/BV1J7Awz8EUZ/?spm_id_from=333.1387.favlist.content.click&vd_source=bdf775a036c61c0159ac2f0c251aaeb7,18,BV1J7Awz8EUZ,自测鸡蛋果,喜欢吃鸡蛋果,2026-03-21 16:17:31,1028,0,0,1,1,0,0,1
2026-07-05 05:26:40,https://www.bilibili.com/video/BV1A5vkB2E1k/?spm_id_from=333.1387.favlist.content.click&vd_source=bdf775a036c61c0159ac2f0c251aaeb7,0,BV1A5vkB2E1k,【杨博文】Hey Mama六机位纯舞直拍丨15岁舞台统治者的诞生，四代主舞燃炸全场！,Kismet丨杨博文,2025-12-28 22:28:16,2481522,60517,42889,44042,12669,13446,20446,1
2026-07-05 05:26:40,https://www.bilibili.com/video/BV1XA6nBGEPV/?spm_id_from=333.1387.favlist.content.click&vd_source=bdf775a036c61c0159ac2f0c251aaeb7,1,BV1XA6nBGEPV,【4K精剪】希区考克 作品152 | 杨博文直拍 | 260131,underthepoplar,2026-02-01 00:23:17,1919954,22308,21426,19171,8720,3974,6794,1
2026-07-05 05:26:40,https://www.bilibili.com/video/BV15r61BWESJ/?spm_id_from=333.1387.favlist.content.click&vd_source=bdf775a036c61c0159ac2f0c251aaeb7,2,BV15r61BWESJ,【杨博文】希区考克作品152丨双机位直拍 悬疑与张力碰撞 表管拉满 少年锋芒,Kismet丨杨博文,2026-01-31 18:27:40,539105,18308,10843,15457,929,1082,1224,1
2026-07-05 05:26:40,https://www.bilibili.com/video/BV19y61BnEMM/?spm_id_from=333.1387.favlist.content.click&vd_source=bdf775a036c61c0159ac2f0c251aaeb7,3,BV19y61BnEMM,【杨博文】就这个踢腿爽之 连每一根头发丝都在劲舞｜希区考克 作品152 4k双机位横屏直拍,游园会_杨博文,2026-01-31 18:31:31,414339,14567,9573,12386,1172,1513,2289,1
2026-07-05 05:26:40,https://www.bilibili.com/video/BV1M9ePzaELH/?spm_id_from=333.1387.favlist.content.click&vd_source=bdf775a036c61c0159ac2f0c251aaeb7,4,BV1M9ePzaELH,「杨博文｜卡拉永远OK」突发舞台事故？我怎么没看见,Astra_杨博文,2025-08-19 22:15:30,807727,14262,4525,9553,6110,614,515,1
2026-07-05 05:26:40,https://www.bilibili.com/video/BV1pV9GB6E96/?spm_id_from=333.1387.favlist.content.click&vd_source=bdf775a036c61c0159ac2f0c251aaeb7,5,BV1pV9GB6E96,【4K精剪】Guilty | 杨博文直拍 | 250119,underthepoplar,2026-04-01 02:23:39,47392,8823,2927,5156,238,201,198,1
2026-07-05 05:26:40,https://www.bilibili.com/video/BV1vFwNeKER9/?spm_id_from=333.1387.favlist.content.click&vd_source=bdf775a036c61c0159ac2f0c251aaeb7,6,BV1vFwNeKER9,【杨博文】guilty 4k横屏直拍｜夺命34秒，谁都无法拒绝的Legend级别，建议调大音量食用更加,游园会_杨博文,2025-01-18 22:02:36,262614,16413,8025,14223,1083,850,3081,1
2026-07-05 05:26:40,https://www.bilibili.com/video/BV1MGYnzrE9E/?spm_id_from=333.1387.favlist.content.click&vd_source=bdf775a036c61c0159ac2f0c251aaeb7,7,BV1MGYnzrE9E,杨博文跳 《Centuries》帅到窒息！！竖屏4K直拍,Kismet丨杨博文,2025-08-18 02:15:37,263262,12040,6635,7801,561,950,3368,1
2026-07-05 05:26:40,https://www.bilibili.com/video/BV1DZvDBEEjv/?spm_id_from=333.1387.favlist.content.click&vd_source=bdf775a036c61c0159ac2f0c251aaeb7,8,BV1DZvDBEEjv,终于找到了治愈我每一天的秘方 当你一开嗓 哪怕是夕阳也格外绚烂 ｜【杨博文】黄昏晓4k横屏直拍,游园会_杨博文,2026-01-01 20:53:32,23911,4086,710,2664,35,44,178,1
2026-07-05 05:26:40,https://www.bilibili.com/video/BV1owvqBJEkn/?spm_id_from=333.1387.favlist.content.click&vd_source=bdf775a036c61c0159ac2f0c251aaeb7,9,BV1owvqBJEkn,【杨博文｜黄昏晓】 4K直拍,羊圈主,2025-12-28 00:28:04,17910,4358,1028,1649,70,88,256,1
2026-07-05 05:26:40,https://www.bilibili.com/video/BV1eqY6e1Eec/?spm_id_from=333.1387.favlist.content.click&vd_source=bdf775a036c61c0159ac2f0c251aaeb7,10,BV1eqY6e1Eec,【TF家族-杨博文】蔡依林男粉！？你的杨会扭儿上线｜《看我72变》4K直拍,LOST-杨博文,2024-08-13 05:57:43,99342,9991,1629,5627,428,102,321,1
2026-07-05 05:26:40,https://www.bilibili.com/video/BV1r9BeBZEMu/?spm_id_from=333.1387.favlist.content.click&vd_source=bdf775a036c61c0159ac2f0c251aaeb7,11,BV1r9BeBZEMu,【杨博文｜4K舞台直拍】《爱要坦荡荡》，四代主唱贝斯手玩转乐队，好青春洋溢,关键时刻来瓶尖叫,2025-12-27 00:55:22,36033,4767,739,3174,50,52,64,1
2026-07-05 05:26:40,https://www.bilibili.com/video/BV1Lb6tBBEYC/?spm_id_from=333.1387.favlist.content.click&vd_source=bdf775a036c61c0159ac2f0c251aaeb7,12,BV1Lb6tBBEYC,【4K精剪】闭嘴跳舞 | 杨博文直拍 | 260201,underthepoplar,2026-02-02 00:00:55,253420,21046,13032,15377,1879,1668,2767,1
2026-07-05 05:26:40,https://www.bilibili.com/video/BV1mJ64BREZY/?spm_id_from=333.1387.favlist.content.click&vd_source=bdf775a036c61c0159ac2f0c251aaeb7,13,BV1mJ64BREZY,【杨博文】闭嘴跳舞丨当主舞穿上西装就会得到,Kismet丨杨博文,2026-02-01 18:31:00,495047,31546,3516,22637,178,103,423,1
2026-07-05 05:26:40,https://www.bilibili.com/video/BV15M64BPEVo/?spm_id_from=333.1387.favlist.content.click&vd_source=bdf775a036c61c0159ac2f0c251aaeb7,14,BV15M64BPEVo,【杨博文】舞步是我最有力的武器 请调动所有感官和我一同所向披靡｜闭嘴跳舞4k横屏双机位直拍,游园会_杨博文,2026-02-01 20:09:30,50647,7699,1402,4911,54,38,157,1
2026-07-05 05:26:40,https://www.bilibili.com/video/BV1fWYqzTECD/?spm_id_from=333.1387.favlist.content.click&vd_source=bdf775a036c61c0159ac2f0c251aaeb7,15,BV1fWYqzTECD,绝美堕天使下凡了……｜杨博文｜deja vu 4K直拍,WIX99,2025-08-16 22:18:21,13569,2047,582,893,67,44,115,1
2026-07-05 05:26:40,https://www.bilibili.com/video/BV1Bem3B1EcH/?spm_id_from=333.1387.favlist.content.click&vd_source=bdf775a036c61c0159ac2f0c251aaeb7,16,BV1Bem3B1EcH,【杨博文｜4K舞台直拍】怎么黑衣的《Deja vu》也让人看的停不下来呢,关键时刻来瓶尖叫,2025-12-12 21:30:00,12302,1402,157,1248,19,7,1,1
2026-07-05 05:26:40,https://www.bilibili.com/video/BV11kZyByE81/?spm_id_from=333.1387.favlist.content.click&vd_source=bdf775a036c61c0159ac2f0c251aaeb7,17,BV11kZyByE81,【4K精剪】Deja Vu | 杨博文直拍 | 250816 & 250817,underthepoplar,2026-02-17 20:22:24,46993,7078,3104,3328,373,229,199,1
2026-07-05 05:26:40,https://www.bilibili.com/video/BV1J7Awz8EUZ/?spm_id_from=333.1387.favlist.content.click&vd_source=bdf775a036c61c0159ac2f0c251aaeb7,18,BV1J7Awz8EUZ,自测鸡蛋果,喜欢吃鸡蛋果,2026-03-21 16:17:31,1038,0,0,1,1,0,0,1
2026-07-05 06:26:54,https://www.bilibili.com/video/BV1A5vkB2E1k/?spm_id_from=333.1387.favlist.content.click&vd_source=bdf775a036c61c0159ac2f0c251aaeb7,0,BV1A5vkB2E1k,【杨博文】Hey Mama六机位纯舞直拍丨15岁舞台统治者的诞生，四代主舞燃炸全场！,Kismet丨杨博文,2025-12-28 22:28:16,2481538,60517,42889,44042,12670,13446,20446,1
2026-07-05 06:26:54,https://www.bilibili.com/video/BV1XA6nBGEPV/?spm_id_from=333.1387.favlist.content.click&vd_source=bdf775a036c61c0159ac2f0c251aaeb7,1,BV1XA6nBGEPV,【4K精剪】希区考克 作品152 | 杨博文直拍 | 260131,underthepoplar,2026-02-01 00:23:17,1919955,22308,21426,19171,8720,3974,6794,1
2026-07-05 06:26:54,https://www.bilibili.com/video/BV15r61BWESJ/?spm_id_from=333.1387.favlist.content.click&vd_source=bdf775a036c61c0159ac2f0c251aaeb7,2,BV15r61BWESJ,【杨博文】希区考克作品152丨双机位直拍 悬疑与张力碰撞 表管拉满 少年锋芒,Kismet丨杨博文,2026-01-31 18:27:40,539106,18308,10843,15457,929,1082,1224,1
2026-07-05 06:26:54,https://www.bilibili.com/video/BV19y61BnEMM/?spm_id_from=333.1387.favlist.content.click&vd_source=bdf775a036c61c0159ac2f0c251aaeb7,3,BV19y61BnEMM,【杨博文】就这个踢腿爽之 连每一根头发丝都在劲舞｜希区考克 作品152 4k双机位横屏直拍,游园会_杨博文,2026-01-31 18:31:31,414341,14567,9573,12386,1172,1513,2289,1
2026-07-05 06:26:54,https://www.bilibili.com/video/BV1M9ePzaELH/?spm_id_from=333.1387.favlist.content.click&vd_source=bdf775a036c61c0159ac2f0c251aaeb7,4,BV1M9ePzaELH,「杨博文｜卡拉永远OK」突发舞台事故？我怎么没看见,Astra_杨博文,2025-08-19 22:15:30,807729,14262,4525,9553,6112,614,515,1
2026-07-05 06:26:54,https://www.bilibili.com/video/BV1pV9GB6E96/?spm_id_from=333.1387.favlist.content.click&vd_source=bdf775a036c61c0159ac2f0c251aaeb7,5,BV1pV9GB6E96,【4K精剪】Guilty | 杨博文直拍 | 250119,underthepoplar,2026-04-01 02:23:39,47393,8823,2927,5157,238,201,198,1
2026-07-05 06:26:54,https://www.bilibili.com/video/BV1vFwNeKER9/?spm_id_from=333.1387.favlist.content.click&vd_source=bdf775a036c61c0159ac2f0c251aaeb7,6,BV1vFwNeKER9,【杨博文】guilty 4k横屏直拍｜夺命34秒，谁都无法拒绝的Legend级别，建议调大音量食用更加,游园会_杨博文,2025-01-18 22:02:36,262615,16413,8025,14224,1083,850,3081,1
2026-07-05 06:26:54,https://www.bilibili.com/video/BV1MGYnzrE9E/?spm_id_from=333.1387.favlist.content.click&vd_source=bdf775a036c61c0159ac2f0c251aaeb7,7,BV1MGYnzrE9E,杨博文跳 《Centuries》帅到窒息！！竖屏4K直拍,Kismet丨杨博文,2025-08-18 02:15:37,263263,12040,6635,7801,561,950,3368,1
2026-07-05 06:26:54,https://www.bilibili.com/video/BV1DZvDBEEjv/?spm_id_from=333.1387.favlist.content.click&vd_source=bdf775a036c61c0159ac2f0c251aaeb7,8,BV1DZvDBEEjv,终于找到了治愈我每一天的秘方 当你一开嗓 哪怕是夕阳也格外绚烂 ｜【杨博文】黄昏晓4k横屏直拍,游园会_杨博文,2026-01-01 20:53:32,23911,4086,710,2664,35,44,178,1
2026-07-05 06:26:54,https://www.bilibili.com/video/BV1owvqBJEkn/?spm_id_from=333.1387.favlist.content.click&vd_source=bdf775a036c61c0159ac2f0c251aaeb7,9,BV1owvqBJEkn,【杨博文｜黄昏晓】 4K直拍,羊圈主,2025-12-28 00:28:04,17910,4358,1028,1649,70,88,256,1
2026-07-05 06:26:54,https://www.bilibili.com/video/BV1eqY6e1Eec/?spm_id_from=333.1387.favlist.content.click&vd_source=bdf775a036c61c0159ac2f0c251aaeb7,10,BV1eqY6e1Eec,【TF家族-杨博文】蔡依林男粉！？你的杨会扭儿上线｜《看我72变》4K直拍,LOST-杨博文,2024-08-13 05:57:43,99342,9991,1629,5627,428,102,321,1
2026-07-05 06:26:54,https://www.bilibili.com/video/BV1r9BeBZEMu/?spm_id_from=333.1387.favlist.content.click&vd_source=bdf775a036c61c0159ac2f0c251aaeb7,11,BV1r9BeBZEMu,【杨博文｜4K舞台直拍】《爱要坦荡荡》，四代主唱贝斯手玩转乐队，好青春洋溢,关键时刻来瓶尖叫,2025-12-27 00:55:22,36033,4767,739,3174,50,52,64,1
2026-07-05 06:26:54,https://www.bilibili.com/video/BV1Lb6tBBEYC/?spm_id_from=333.1387.favlist.content.click&vd_source=bdf775a036c61c0159ac2f0c251aaeb7,12,BV1Lb6tBBEYC,【4K精剪】闭嘴跳舞 | 杨博文直拍 | 260201,underthepoplar,2026-02-02 00:00:55,253429,21047,13032,15378,1879,1668,2767,1
2026-07-05 06:26:54,https://www.bilibili.com/video/BV1mJ64BREZY/?spm_id_from=333.1387.favlist.content.click&vd_source=bdf775a036c61c0159ac2f0c251aaeb7,13,BV1mJ64BREZY,【杨博文】闭嘴跳舞丨当主舞穿上西装就会得到,Kismet丨杨博文,2026-02-01 18:31:00,495051,31546,3516,22637,178,103,423,1
2026-07-05 06:26:54,https://www.bilibili.com/video/BV15M64BPEVo/?spm_id_from=333.1387.favlist.content.click&vd_source=bdf775a036c61c0159ac2f0c251aaeb7,14,BV15M64BPEVo,【杨博文】舞步是我最有力的武器 请调动所有感官和我一同所向披靡｜闭嘴跳舞4k横屏双机位直拍,游园会_杨博文,2026-02-01 20:09:30,50648,7699,1402,4911,54,38,157,1
2026-07-05 06:26:54,https://www.bilibili.com/video/BV1fWYqzTECD/?spm_id_from=333.1387.favlist.content.click&vd_source=bdf775a036c61c0159ac2f0c251aaeb7,15,BV1fWYqzTECD,绝美堕天使下凡了……｜杨博文｜deja vu 4K直拍,WIX99,2025-08-16 22:18:21,13569,2047,582,893,67,44,115,1
2026-07-05 06:26:54,https://www.bilibili.com/video/BV1Bem3B1EcH/?spm_id_from=333.1387.favlist.content.click&vd_source=bdf775a036c61c0159ac2f0c251aaeb7,16,BV1Bem3B1EcH,【杨博文｜4K舞台直拍】怎么黑衣的《Deja vu》也让人看的停不下来呢,关键时刻来瓶尖叫,2025-12-12 21:30:00,12302,1402,157,1248,19,7,1,1
2026-07-05 06:26:54,https://www.bilibili.com/video/BV11kZyByE81/?spm_id_from=333.1387.favlist.content.click&vd_source=bdf775a036c61c0159ac2f0c251aaeb7,17,BV11kZyByE81,【4K精剪】Deja Vu | 杨博文直拍 | 250816 & 250817,underthepoplar,2026-02-17 20:22:24,46993,7078,3104,3328,373,229,199,1
2026-07-05 06:26:54,https://www.bilibili.com/video/BV1J7Awz8EUZ/?spm_id_from=333.1387.favlist.content.click&vd_source=bdf775a036c61c0159ac2f0c251aaeb7,18,BV1J7Awz8EUZ,自测鸡蛋果,喜欢吃鸡蛋果,2026-03-21 16:17:31,1043,0,0,1,1,0,0,1
2026-07-05 07:27:07,https://www.bilibili.com/video/BV1A5vkB2E1k/?spm_id_from=333.1387.favlist.content.click&vd_source=bdf775a036c61c0159ac2f0c251aaeb7,0,BV1A5vkB2E1k,【杨博文】Hey Mama六机位纯舞直拍丨15岁舞台统治者的诞生，四代主舞燃炸全场！,Kismet丨杨博文,2025-12-28 22:28:16,2481558,60518,42891,44041,12673,13446,20446,1
2026-07-05 07:27:07,https://www.bilibili.com/video/BV1XA6nBGEPV/?spm_id_from=333.1387.favlist.content.click&vd_source=bdf775a036c61c0159ac2f0c251aaeb7,1,BV1XA6nBGEPV,【4K精剪】希区考克 作品152 | 杨博文直拍 | 260131,underthepoplar,2026-02-01 00:23:17,1919959,22308,21426,19171,8723,3974,6794,1
2026-07-05 07:27:07,https://www.bilibili.com/video/BV15r61BWESJ/?spm_id_from=333.1387.favlist.content.click&vd_source=bdf775a036c61c0159ac2f0c251aaeb7,2,BV15r61BWESJ,【杨博文】希区考克作品152丨双机位直拍 悬疑与张力碰撞 表管拉满 少年锋芒,Kismet丨杨博文,2026-01-31 18:27:40,539116,18309,10843,15459,929,1082,1224,1
2026-07-05 07:27:07,https://www.bilibili.com/video/BV19y61BnEMM/?spm_id_from=333.1387.favlist.content.click&vd_source=bdf775a036c61c0159ac2f0c251aaeb7,3,BV19y61BnEMM,【杨博文】就这个踢腿爽之 连每一根头发丝都在劲舞｜希区考克 作品152 4k双机位横屏直拍,游园会_杨博文,2026-01-31 18:31:31,414348,14567,9573,12386,1172,1513,2289,1
2026-07-05 07:27:07,https://www.bilibili.com/video/BV1M9ePzaELH/?spm_id_from=333.1387.favlist.content.click&vd_source=bdf775a036c61c0159ac2f0c251aaeb7,4,BV1M9ePzaELH,「杨博文｜卡拉永远OK」突发舞台事故？我怎么没看见,Astra_杨博文,2025-08-19 22:15:30,807731,14262,4525,9553,6113,614,515,1
2026-07-05 07:27:07,https://www.bilibili.com/video/BV1pV9GB6E96/?spm_id_from=333.1387.favlist.content.click&vd_source=bdf775a036c61c0159ac2f0c251aaeb7,5,BV1pV9GB6E96,【4K精剪】Guilty | 杨博文直拍 | 250119,underthepoplar,2026-04-01 02:23:39,47398,8823,2927,5157,238,201,198,1
2026-07-05 07:27:07,https://www.bilibili.com/video/BV1vFwNeKER9/?spm_id_from=333.1387.favlist.content.click&vd_source=bdf775a036c61c0159ac2f0c251aaeb7,6,BV1vFwNeKER9,【杨博文】guilty 4k横屏直拍｜夺命34秒，谁都无法拒绝的Legend级别，建议调大音量食用更加,游园会_杨博文,2025-01-18 22:02:36,262618,16413,8025,14224,1083,850,3081,1
2026-07-05 07:27:07,https://www.bilibili.com/video/BV1MGYnzrE9E/?spm_id_from=333.1387.favlist.content.click&vd_source=bdf775a036c61c0159ac2f0c251aaeb7,7,BV1MGYnzrE9E,杨博文跳 《Centuries》帅到窒息！！竖屏4K直拍,Kismet丨杨博文,2025-08-18 02:15:37,263264,12040,6635,7801,561,950,3368,1
2026-07-05 07:27:07,https://www.bilibili.com/video/BV1DZvDBEEjv/?spm_id_from=333.1387.favlist.content.click&vd_source=bdf775a036c61c0159ac2f0c251aaeb7,8,BV1DZvDBEEjv,终于找到了治愈我每一天的秘方 当你一开嗓 哪怕是夕阳也格外绚烂 ｜【杨博文】黄昏晓4k横屏直拍,游园会_杨博文,2026-01-01 20:53:32,23911,4086,710,2664,35,44,178,1
2026-07-05 07:27:07,https://www.bilibili.com/video/BV1owvqBJEkn/?spm_id_from=333.1387.favlist.content.click&vd_source=bdf775a036c61c0159ac2f0c251aaeb7,9,BV1owvqBJEkn,【杨博文｜黄昏晓】 4K直拍,羊圈主,2025-12-28 00:28:04,17910,4358,1028,1649,70,88,256,1
2026-07-05 07:27:07,https://www.bilibili.com/video/BV1eqY6e1Eec/?spm_id_from=333.1387.favlist.content.click&vd_source=bdf775a036c61c0159ac2f0c251aaeb7,10,BV1eqY6e1Eec,【TF家族-杨博文】蔡依林男粉！？你的杨会扭儿上线｜《看我72变》4K直拍,LOST-杨博文,2024-08-13 05:57:43,99342,9992,1629,5627,428,102,321,1
2026-07-05 07:27:07,https://www.bilibili.com/video/BV1r9BeBZEMu/?spm_id_from=333.1387.favlist.content.click&vd_source=bdf775a036c61c0159ac2f0c251aaeb7,11,BV1r9BeBZEMu,【杨博文｜4K舞台直拍】《爱要坦荡荡》，四代主唱贝斯手玩转乐队，好青春洋溢,关键时刻来瓶尖叫,2025-12-27 00:55:22,36033,4767,739,3174,50,52,64,1
2026-07-05 07:27:07,https://www.bilibili.com/video/BV1Lb6tBBEYC/?spm_id_from=333.1387.favlist.content.click&vd_source=bdf775a036c61c0159ac2f0c251aaeb7,12,BV1Lb6tBBEYC,【4K精剪】闭嘴跳舞 | 杨博文直拍 | 260201,underthepoplar,2026-02-02 00:00:55,253452,21047,13032,15378,1879,1668,2767,1
2026-07-05 07:27:07,https://www.bilibili.com/video/BV1mJ64BREZY/?spm_id_from=333.1387.favlist.content.click&vd_source=bdf775a036c61c0159ac2f0c251aaeb7,13,BV1mJ64BREZY,【杨博文】闭嘴跳舞丨当主舞穿上西装就会得到,Kismet丨杨博文,2026-02-01 18:31:00,495076,31547,3516,22637,178,103,423,1
2026-07-05 07:27:07,https://www.bilibili.com/video/BV15M64BPEVo/?spm_id_from=333.1387.favlist.content.click&vd_source=bdf775a036c61c0159ac2f0c251aaeb7,14,BV15M64BPEVo,【杨博文】舞步是我最有力的武器 请调动所有感官和我一同所向披靡｜闭嘴跳舞4k横屏双机位直拍,游园会_杨博文,2026-02-01 20:09:30,50653,7700,1402,4912,54,38,157,1
2026-07-05 07:27:07,https://www.bilibili.com/video/BV1fWYqzTECD/?spm_id_from=333.1387.favlist.content.click&vd_source=bdf775a036c61c0159ac2f0c251aaeb7,15,BV1fWYqzTECD,绝美堕天使下凡了……｜杨博文｜deja vu 4K直拍,WIX99,2025-08-16 22:18:21,13569,2047,582,893,67,44,115,1
2026-07-05 07:27:07,https://www.bilibili.com/video/BV1Bem3B1EcH/?spm_id_from=333.1387.favlist.content.click&vd_source=bdf775a036c61c0159ac2f0c251aaeb7,16,BV1Bem3B1EcH,【杨博文｜4K舞台直拍】怎么黑衣的《Deja vu》也让人看的停不下来呢,关键时刻来瓶尖叫,2025-12-12 21:30:00,12302,1402,157,1248,19,7,1,1
2026-07-05 07:27:07,https://www.bilibili.com/video/BV11kZyByE81/?spm_id_from=333.1387.favlist.content.click&vd_source=bdf775a036c61c0159ac2f0c251aaeb7,17,BV11kZyByE81,【4K精剪】Deja Vu | 杨博文直拍 | 250816 & 250817,underthepoplar,2026-02-17 20:22:24,46999,7079,3106,3328,373,229,199,1
2026-07-05 07:27:07,https://www.bilibili.com/video/BV1J7Awz8EUZ/?spm_id_from=333.1387.favlist.content.click&vd_source=bdf775a036c61c0159ac2f0c251aaeb7,18,BV1J7Awz8EUZ,自测鸡蛋果,喜欢吃鸡蛋果,2026-03-21 16:17:31,1043,0,0,1,1,0,0,1
2026-07-05 08:27:21,https://www.bilibili.com/video/BV1A5vkB2E1k/?spm_id_from=333.1387.favlist.content.click&vd_source=bdf775a036c61c0159ac2f0c251aaeb7,0,BV1A5vkB2E1k,【杨博文】Hey Mama六机位纯舞直拍丨15岁舞台统治者的诞生，四代主舞燃炸全场！,Kismet丨杨博文,2025-12-28 22:28:16,2481588,60519,42893,44042,12674,13446,20447,1
2026-07-05 08:27:21,https://www.bilibili.com/video/BV1XA6nBGEPV/?spm_id_from=333.1387.favlist.content.click&vd_source=bdf775a036c61c0159ac2f0c251aaeb7,1,BV1XA6nBGEPV,【4K精剪】希区考克 作品152 | 杨博文直拍 | 260131,underthepoplar,2026-02-01 00:23:17,1919963,22308,21426,19171,8724,3974,6794,1
2026-07-05 08:27:21,https://www.bilibili.com/video/BV15r61BWESJ/?spm_id_from=333.1387.favlist.content.click&vd_source=bdf775a036c61c0159ac2f0c251aaeb7,2,BV15r61BWESJ,【杨博文】希区考克作品152丨双机位直拍 悬疑与张力碰撞 表管拉满 少年锋芒,Kismet丨杨博文,2026-01-31 18:27:40,539126,18310,10843,15460,929,1082,1224,1
2026-07-05 08:27:21,https://www.bilibili.com/video/BV19y61BnEMM/?spm_id_from=333.1387.favlist.content.click&vd_source=bdf775a036c61c0159ac2f0c251aaeb7,3,BV19y61BnEMM,【杨博文】就这个踢腿爽之 连每一根头发丝都在劲舞｜希区考克 作品152 4k双机位横屏直拍,游园会_杨博文,2026-01-31 18:31:31,414360,14567,9573,12386,1172,1513,2289,2
2026-07-05 08:27:21,https://www.bilibili.com/video/BV1M9ePzaELH/?spm_id_from=333.1387.favlist.content.click&vd_source=bdf775a036c61c0159ac2f0c251aaeb7,4,BV1M9ePzaELH,「杨博文｜卡拉永远OK」突发舞台事故？我怎么没看见,Astra_杨博文,2025-08-19 22:15:30,807735,14262,4525,9553,6116,614,515,1
2026-07-05 08:27:21,https://www.bilibili.com/video/BV1pV9GB6E96/?spm_id_from=333.1387.favlist.content.click&vd_source=bdf775a036c61c0159ac2f0c251aaeb7,5,BV1pV9GB6E96,【4K精剪】Guilty | 杨博文直拍 | 250119,underthepoplar,2026-04-01 02:23:39,47404,8823,2927,5157,238,201,198,1
2026-07-05 08:27:21,https://www.bilibili.com/video/BV1vFwNeKER9/?spm_id_from=333.1387.favlist.content.click&vd_source=bdf775a036c61c0159ac2f0c251aaeb7,6,BV1vFwNeKER9,【杨博文】guilty 4k横屏直拍｜夺命34秒，谁都无法拒绝的Legend级别，建议调大音量食用更加,游园会_杨博文,2025-01-18 22:02:36,262621,16413,8025,14224,1083,850,3081,1
2026-07-05 08:27:21,https://www.bilibili.com/video/BV1MGYnzrE9E/?spm_id_from=333.1387.favlist.content.click&vd_source=bdf775a036c61c0159ac2f0c251aaeb7,7,BV1MGYnzrE9E,杨博文跳 《Centuries》帅到窒息！！竖屏4K直拍,Kismet丨杨博文,2025-08-18 02:15:37,263266,12040,6635,7801,561,950,3368,1
2026-07-05 08:27:21,https://www.bilibili.com/video/BV1DZvDBEEjv/?spm_id_from=333.1387.favlist.content.click&vd_source=bdf775a036c61c0159ac2f0c251aaeb7,8,BV1DZvDBEEjv,终于找到了治愈我每一天的秘方 当你一开嗓 哪怕是夕阳也格外绚烂 ｜【杨博文】黄昏晓4k横屏直拍,游园会_杨博文,2026-01-01 20:53:32,23911,4086,710,2664,35,44,178,1
2026-07-05 08:27:21,https://www.bilibili.com/video/BV1owvqBJEkn/?spm_id_from=333.1387.favlist.content.click&vd_source=bdf775a036c61c0159ac2f0c251aaeb7,9,BV1owvqBJEkn,【杨博文｜黄昏晓】 4K直拍,羊圈主,2025-12-28 00:28:04,17910,4358,1028,1649,70,88,256,1
2026-07-05 08:27:21,https://www.bilibili.com/video/BV1eqY6e1Eec/?spm_id_from=333.1387.favlist.content.click&vd_source=bdf775a036c61c0159ac2f0c251aaeb7,10,BV1eqY6e1Eec,【TF家族-杨博文】蔡依林男粉！？你的杨会扭儿上线｜《看我72变》4K直拍,LOST-杨博文,2024-08-13 05:57:43,99344,9991,1629,5627,428,102,321,1
2026-07-05 08:27:21,https://www.bilibili.com/video/BV1r9BeBZEMu/?spm_id_from=333.1387.favlist.content.click&vd_source=bdf775a036c61c0159ac2f0c251aaeb7,11,BV1r9BeBZEMu,【杨博文｜4K舞台直拍】《爱要坦荡荡》，四代主唱贝斯手玩转乐队，好青春洋溢,关键时刻来瓶尖叫,2025-12-27 00:55:22,36035,4767,739,3174,50,52,64,1
2026-07-05 08:27:21,https://www.bilibili.com/video/BV1Lb6tBBEYC/?spm_id_from=333.1387.favlist.content.click&vd_source=bdf775a036c61c0159ac2f0c251aaeb7,12,BV1Lb6tBBEYC,【4K精剪】闭嘴跳舞 | 杨博文直拍 | 260201,underthepoplar,2026-02-02 00:00:55,253508,21050,13032,15379,1879,1668,2767,1
2026-07-05 08:27:21,https://www.bilibili.com/video/BV1mJ64BREZY/?spm_id_from=333.1387.favlist.content.click&vd_source=bdf775a036c61c0159ac2f0c251aaeb7,13,BV1mJ64BREZY,【杨博文】闭嘴跳舞丨当主舞穿上西装就会得到,Kismet丨杨博文,2026-02-01 18:31:00,495127,31550,3516,22640,178,103,423,1
2026-07-05 08:27:21,https://www.bilibili.com/video/BV15M64BPEVo/?spm_id_from=333.1387.favlist.content.click&vd_source=bdf775a036c61c0159ac2f0c251aaeb7,14,BV15M64BPEVo,【杨博文】舞步是我最有力的武器 请调动所有感官和我一同所向披靡｜闭嘴跳舞4k横屏双机位直拍,游园会_杨博文,2026-02-01 20:09:30,50654,7700,1402,4912,54,38,157,1
2026-07-05 08:27:21,https://www.bilibili.com/video/BV1fWYqzTECD/?spm_id_from=333.1387.favlist.content.click&vd_source=bdf775a036c61c0159ac2f0c251aaeb7,15,BV1fWYqzTECD,绝美堕天使下凡了……｜杨博文｜deja vu 4K直拍,WIX99,2025-08-16 22:18:21,13569,2047,582,893,67,44,115,1
2026-07-05 08:27:21,https://www.bilibili.com/video/BV1Bem3B1EcH/?spm_id_from=333.1387.favlist.content.click&vd_source=bdf775a036c61c0159ac2f0c251aaeb7,16,BV1Bem3B1EcH,【杨博文｜4K舞台直拍】怎么黑衣的《Deja vu》也让人看的停不下来呢,关键时刻来瓶尖叫,2025-12-12 21:30:00,12303,1402,157,1248,19,7,1,1
2026-07-05 08:27:21,https://www.bilibili.com/video/BV11kZyByE81/?spm_id_from=333.1387.favlist.content.click&vd_source=bdf775a036c61c0159ac2f0c251aaeb7,17,BV11kZyByE81,【4K精剪】Deja Vu | 杨博文直拍 | 250816 & 250817,underthepoplar,2026-02-17 20:22:24,47001,7079,3106,3328,373,229,199,1
2026-07-05 08:27:21,https://www.bilibili.com/video/BV1J7Awz8EUZ/?spm_id_from=333.1387.favlist.content.click&vd_source=bdf775a036c61c0159ac2f0c251aaeb7,18,BV1J7Awz8EUZ,自测鸡蛋果,喜欢吃鸡蛋果,2026-03-21 16:17:31,1043,0,0,1,1,0,0,1
2026-07-05 09:27:34,https://www.bilibili.com/video/BV1A5vkB2E1k/?spm_id_from=333.1387.favlist.content.click&vd_source=bdf775a036c61c0159ac2f0c251aaeb7,0,BV1A5vkB2E1k,【杨博文】Hey Mama六机位纯舞直拍丨15岁舞台统治者的诞生，四代主舞燃炸全场！,Kismet丨杨博文,2025-12-28 22:28:16,2481635,60521,42893,44045,12676,13446,20447,1
2026-07-05 09:27:34,https://www.bilibili.com/video/BV1XA6nBGEPV/?spm_id_from=333.1387.favlist.content.click&vd_source=bdf775a036c61c0159ac2f0c251aaeb7,1,BV1XA6nBGEPV,【4K精剪】希区考克 作品152 | 杨博文直拍 | 260131,underthepoplar,2026-02-01 00:23:17,1919975,22308,21426,19172,8726,3974,6794,2
2026-07-05 09:27:34,https://www.bilibili.com/video/BV15r61BWESJ/?spm_id_from=333.1387.favlist.content.click&vd_source=bdf775a036c61c0159ac2f0c251aaeb7,2,BV15r61BWESJ,【杨博文】希区考克作品152丨双机位直拍 悬疑与张力碰撞 表管拉满 少年锋芒,Kismet丨杨博文,2026-01-31 18:27:40,539146,18312,10843,15461,929,1082,1224,3
2026-07-05 09:27:34,https://www.bilibili.com/video/BV19y61BnEMM/?spm_id_from=333.1387.favlist.content.click&vd_source=bdf775a036c61c0159ac2f0c251aaeb7,3,BV19y61BnEMM,【杨博文】就这个踢腿爽之 连每一根头发丝都在劲舞｜希区考克 作品152 4k双机位横屏直拍,游园会_杨博文,2026-01-31 18:31:31,414388,14568,9573,12387,1172,1513,2289,1
2026-07-05 09:27:34,https://www.bilibili.com/video/BV1M9ePzaELH/?spm_id_from=333.1387.favlist.content.click&vd_source=bdf775a036c61c0159ac2f0c251aaeb7,4,BV1M9ePzaELH,「杨博文｜卡拉永远OK」突发舞台事故？我怎么没看见,Astra_杨博文,2025-08-19 22:15:30,807740,14264,4527,9553,6116,614,515,1
2026-07-05 09:27:34,https://www.bilibili.com/video/BV1pV9GB6E96/?spm_id_from=333.1387.favlist.content.click&vd_source=bdf775a036c61c0159ac2f0c251aaeb7,5,BV1pV9GB6E96,【4K精剪】Guilty | 杨博文直拍 | 250119,underthepoplar,2026-04-01 02:23:39,47420,8826,2928,5159,238,201,198,2
2026-07-05 09:27:34,https://www.bilibili.com/video/BV1vFwNeKER9/?spm_id_from=333.1387.favlist.content.click&vd_source=bdf775a036c61c0159ac2f0c251aaeb7,6,BV1vFwNeKER9,【杨博文】guilty 4k横屏直拍｜夺命34秒，谁都无法拒绝的Legend级别，建议调大音量食用更加,游园会_杨博文,2025-01-18 22:02:36,262624,16413,8025,14223,1083,850,3081,1
2026-07-05 09:27:34,https://www.bilibili.com/video/BV1MGYnzrE9E/?spm_id_from=333.1387.favlist.content.click&vd_source=bdf775a036c61c0159ac2f0c251aaeb7,7,BV1MGYnzrE9E,杨博文跳 《Centuries》帅到窒息！！竖屏4K直拍,Kismet丨杨博文,2025-08-18 02:15:37,263270,12040,6635,7800,561,950,3368,1
2026-07-05 09:27:34,https://www.bilibili.com/video/BV1DZvDBEEjv/?spm_id_from=333.1387.favlist.content.click&vd_source=bdf775a036c61c0159ac2f0c251aaeb7,8,BV1DZvDBEEjv,终于找到了治愈我每一天的秘方 当你一开嗓 哪怕是夕阳也格外绚烂 ｜【杨博文】黄昏晓4k横屏直拍,游园会_杨博文,2026-01-01 20:53:32,23912,4086,710,2664,35,44,178,1
2026-07-05 09:27:34,https://www.bilibili.com/video/BV1owvqBJEkn/?spm_id_from=333.1387.favlist.content.click&vd_source=bdf775a036c61c0159ac2f0c251aaeb7,9,BV1owvqBJEkn,【杨博文｜黄昏晓】 4K直拍,羊圈主,2025-12-28 00:28:04,17910,4358,1028,1649,70,88,256,1
2026-07-05 09:27:34,https://www.bilibili.com/video/BV1eqY6e1Eec/?spm_id_from=333.1387.favlist.content.click&vd_source=bdf775a036c61c0159ac2f0c251aaeb7,10,BV1eqY6e1Eec,【TF家族-杨博文】蔡依林男粉！？你的杨会扭儿上线｜《看我72变》4K直拍,LOST-杨博文,2024-08-13 05:57:43,99347,9991,1629,5627,428,102,321,1
2026-07-05 09:27:34,https://www.bilibili.com/video/BV1r9BeBZEMu/?spm_id_from=333.1387.favlist.content.click&vd_source=bdf775a036c61c0159ac2f0c251aaeb7,11,BV1r9BeBZEMu,【杨博文｜4K舞台直拍】《爱要坦荡荡》，四代主唱贝斯手玩转乐队，好青春洋溢,关键时刻来瓶尖叫,2025-12-27 00:55:22,36037,4767,739,3174,50,52,64,1
2026-07-05 09:27:34,https://www.bilibili.com/video/BV1Lb6tBBEYC/?spm_id_from=333.1387.favlist.content.click&vd_source=bdf775a036c61c0159ac2f0c251aaeb7,12,BV1Lb6tBBEYC,【4K精剪】闭嘴跳舞 | 杨博文直拍 | 260201,underthepoplar,2026-02-02 00:00:55,253648,21059,13034,15386,1879,1668,2767,7
2026-07-05 09:27:34,https://www.bilibili.com/video/BV1mJ64BREZY/?spm_id_from=333.1387.favlist.content.click&vd_source=bdf775a036c61c0159ac2f0c251aaeb7,13,BV1mJ64BREZY,【杨博文】闭嘴跳舞丨当主舞穿上西装就会得到,Kismet丨杨博文,2026-02-01 18:31:00,495240,31555,3516,22643,178,103,423,4
2026-07-05 09:27:34,https://www.bilibili.com/video/BV15M64BPEVo/?spm_id_from=333.1387.favlist.content.click&vd_source=bdf775a036c61c0159ac2f0c251aaeb7,14,BV15M64BPEVo,【杨博文】舞步是我最有力的武器 请调动所有感官和我一同所向披靡｜闭嘴跳舞4k横屏双机位直拍,游园会_杨博文,2026-02-01 20:09:30,50665,7701,1402,4913,54,38,157,1
2026-07-05 09:27:34,https://www.bilibili.com/video/BV1fWYqzTECD/?spm_id_from=333.1387.favlist.content.click&vd_source=bdf775a036c61c0159ac2f0c251aaeb7,15,BV1fWYqzTECD,绝美堕天使下凡了……｜杨博文｜deja vu 4K直拍,WIX99,2025-08-16 22:18:21,13569,2047,582,893,67,44,115,1
2026-07-05 09:27:34,https://www.bilibili.com/video/BV1Bem3B1EcH/?spm_id_from=333.1387.favlist.content.click&vd_source=bdf775a036c61c0159ac2f0c251aaeb7,16,BV1Bem3B1EcH,【杨博文｜4K舞台直拍】怎么黑衣的《Deja vu》也让人看的停不下来呢,关键时刻来瓶尖叫,2025-12-12 21:30:00,12303,1402,157,1248,19,7,1,1
2026-07-05 09:27:34,https://www.bilibili.com/video/BV11kZyByE81/?spm_id_from=333.1387.favlist.content.click&vd_source=bdf775a036c61c0159ac2f0c251aaeb7,17,BV11kZyByE81,【4K精剪】Deja Vu | 杨博文直拍 | 250816 & 250817,underthepoplar,2026-02-17 20:22:24,47012,7079,3106,3329,373,229,199,1
2026-07-05 09:27:34,https://www.bilibili.com/video/BV1J7Awz8EUZ/?spm_id_from=333.1387.favlist.content.click&vd_source=bdf775a036c61c0159ac2f0c251aaeb7,18,BV1J7Awz8EUZ,自测鸡蛋果,喜欢吃鸡蛋果,2026-03-21 16:17:31,1048,0,0,1,1,0,0,1
2026-07-05 10:27:48,https://www.bilibili.com/video/BV1A5vkB2E1k/?spm_id_from=333.1387.favlist.content.click&vd_source=bdf775a036c61c0159ac2f0c251aaeb7,0,BV1A5vkB2E1k,【杨博文】Hey Mama六机位纯舞直拍丨15岁舞台统治者的诞生，四代主舞燃炸全场！,Kismet丨杨博文,2025-12-28 22:28:16,2481688,60523,42897,44049,12679,13446,20447,1
2026-07-05 10:27:48,https://www.bilibili.com/video/BV1XA6nBGEPV/?spm_id_from=333.1387.favlist.content.click&vd_source=bdf775a036c61c0159ac2f0c251aaeb7,1,BV1XA6nBGEPV,【4K精剪】希区考克 作品152 | 杨博文直拍 | 260131,underthepoplar,2026-02-01 00:23:17,1919985,22308,21426,19172,8728,3974,6794,2
2026-07-05 10:27:48,https://www.bilibili.com/video/BV15r61BWESJ/?spm_id_from=333.1387.favlist.content.click&vd_source=bdf775a036c61c0159ac2f0c251aaeb7,2,BV15r61BWESJ,【杨博文】希区考克作品152丨双机位直拍 悬疑与张力碰撞 表管拉满 少年锋芒,Kismet丨杨博文,2026-01-31 18:27:40,539173,18312,10843,15462,929,1082,1224,2
2026-07-05 10:27:48,https://www.bilibili.com/video/BV19y61BnEMM/?spm_id_from=333.1387.favlist.content.click&vd_source=bdf775a036c61c0159ac2f0c251aaeb7,3,BV19y61BnEMM,【杨博文】就这个踢腿爽之 连每一根头发丝都在劲舞｜希区考克 作品152 4k双机位横屏直拍,游园会_杨博文,2026-01-31 18:31:31,414418,14571,9573,12389,1172,1513,2289,2
2026-07-05 10:27:48,https://www.bilibili.com/video/BV1M9ePzaELH/?spm_id_from=333.1387.favlist.content.click&vd_source=bdf775a036c61c0159ac2f0c251aaeb7,4,BV1M9ePzaELH,「杨博文｜卡拉永远OK」突发舞台事故？我怎么没看见,Astra_杨博文,2025-08-19 22:15:30,807746,14264,4527,9554,6120,614,515,1
2026-07-05 10:27:48,https://www.bilibili.com/video/BV1pV9GB6E96/?spm_id_from=333.1387.favlist.content.click&vd_source=bdf775a036c61c0159ac2f0c251aaeb7,5,BV1pV9GB6E96,【4K精剪】Guilty | 杨博文直拍 | 250119,underthepoplar,2026-04-01 02:23:39,47436,8827,2928,5159,238,201,198,1
2026-07-05 10:27:48,https://www.bilibili.com/video/BV1vFwNeKER9/?spm_id_from=333.1387.favlist.content.click&vd_source=bdf775a036c61c0159ac2f0c251aaeb7,6,BV1vFwNeKER9,【杨博文】guilty 4k横屏直拍｜夺命34秒，谁都无法拒绝的Legend级别，建议调大音量食用更加,游园会_杨博文,2025-01-18 22:02:36,262632,16414,8027,14224,1083,850,3081,2
2026-07-05 10:27:48,https://www.bilibili.com/video/BV1MGYnzrE9E/?spm_id_from=333.1387.favlist.content.click&vd_source=bdf775a036c61c0159ac2f0c251aaeb7,7,BV1MGYnzrE9E,杨博文跳 《Centuries》帅到窒息！！竖屏4K直拍,Kismet丨杨博文,2025-08-18 02:15:37,263274,12040,6635,7800,561,950,3368,1
2026-07-05 10:27:48,https://www.bilibili.com/video/BV1DZvDBEEjv/?spm_id_from=333.1387.favlist.content.click&vd_source=bdf775a036c61c0159ac2f0c251aaeb7,8,BV1DZvDBEEjv,终于找到了治愈我每一天的秘方 当你一开嗓 哪怕是夕阳也格外绚烂 ｜【杨博文】黄昏晓4k横屏直拍,游园会_杨博文,2026-01-01 20:53:32,23913,4086,710,2664,35,44,178,1
2026-07-05 10:27:48,https://www.bilibili.com/video/BV1owvqBJEkn/?spm_id_from=333.1387.favlist.content.click&vd_source=bdf775a036c61c0159ac2f0c251aaeb7,9,BV1owvqBJEkn,【杨博文｜黄昏晓】 4K直拍,羊圈主,2025-12-28 00:28:04,17911,4358,1028,1649,70,88,256,1
2026-07-05 10:27:48,https://www.bilibili.com/video/BV1eqY6e1Eec/?spm_id_from=333.1387.favlist.content.click&vd_source=bdf775a036c61c0159ac2f0c251aaeb7,10,BV1eqY6e1Eec,【TF家族-杨博文】蔡依林男粉！？你的杨会扭儿上线｜《看我72变》4K直拍,LOST-杨博文,2024-08-13 05:57:43,99348,9992,1629,5627,428,102,321,1
2026-07-05 10:27:48,https://www.bilibili.com/video/BV1r9BeBZEMu/?spm_id_from=333.1387.favlist.content.click&vd_source=bdf775a036c61c0159ac2f0c251aaeb7,11,BV1r9BeBZEMu,【杨博文｜4K舞台直拍】《爱要坦荡荡》，四代主唱贝斯手玩转乐队，好青春洋溢,关键时刻来瓶尖叫,2025-12-27 00:55:22,36038,4767,739,3174,50,52,64,1
2026-07-05 10:27:48,https://www.bilibili.com/video/BV1Lb6tBBEYC/?spm_id_from=333.1387.favlist.content.click&vd_source=bdf775a036c61c0159ac2f0c251aaeb7,12,BV1Lb6tBBEYC,【4K精剪】闭嘴跳舞 | 杨博文直拍 | 260201,underthepoplar,2026-02-02 00:00:55,253806,21072,13036,15391,1879,1668,2769,2
2026-07-05 10:27:48,https://www.bilibili.com/video/BV1mJ64BREZY/?spm_id_from=333.1387.favlist.content.click&vd_source=bdf775a036c61c0159ac2f0c251aaeb7,13,BV1mJ64BREZY,【杨博文】闭嘴跳舞丨当主舞穿上西装就会得到,Kismet丨杨博文,2026-02-01 18:31:00,495414,31563,3518,22651,178,103,423,7
2026-07-05 10:27:48,https://www.bilibili.com/video/BV15M64BPEVo/?spm_id_from=333.1387.favlist.content.click&vd_source=bdf775a036c61c0159ac2f0c251aaeb7,14,BV15M64BPEVo,【杨博文】舞步是我最有力的武器 请调动所有感官和我一同所向披靡｜闭嘴跳舞4k横屏双机位直拍,游园会_杨博文,2026-02-01 20:09:30,50675,7701,1402,4913,54,38,157,1
2026-07-05 10:27:48,https://www.bilibili.com/video/BV1fWYqzTECD/?spm_id_from=333.1387.favlist.content.click&vd_source=bdf775a036c61c0159ac2f0c251aaeb7,15,BV1fWYqzTECD,绝美堕天使下凡了……｜杨博文｜deja vu 4K直拍,WIX99,2025-08-16 22:18:21,13569,2047,582,893,67,44,115,1
2026-07-05 10:27:48,https://www.bilibili.com/video/BV1Bem3B1EcH/?spm_id_from=333.1387.favlist.content.click&vd_source=bdf775a036c61c0159ac2f0c251aaeb7,16,BV1Bem3B1EcH,【杨博文｜4K舞台直拍】怎么黑衣的《Deja vu》也让人看的停不下来呢,关键时刻来瓶尖叫,2025-12-12 21:30:00,12304,1402,157,1248,19,7,1,1
2026-07-05 10:27:48,https://www.bilibili.com/video/BV11kZyByE81/?spm_id_from=333.1387.favlist.content.click&vd_source=bdf775a036c61c0159ac2f0c251aaeb7,17,BV11kZyByE81,【4K精剪】Deja Vu | 杨博文直拍 | 250816 & 250817,underthepoplar,2026-02-17 20:22:24,47024,7081,3106,3331,373,229,199,1
2026-07-05 10:27:48,https://www.bilibili.com/video/BV1J7Awz8EUZ/?spm_id_from=333.1387.favlist.content.click&vd_source=bdf775a036c61c0159ac2f0c251aaeb7,18,BV1J7Awz8EUZ,自测鸡蛋果,喜欢吃鸡蛋果,2026-03-21 16:17:31,1058,0,0,1,1,0,0,1
2026-07-05 11:28:02,https://www.bilibili.com/video/BV1A5vkB2E1k/?spm_id_from=333.1387.favlist.content.click&vd_source=bdf775a036c61c0159ac2f0c251aaeb7,0,BV1A5vkB2E1k,【杨博文】Hey Mama六机位纯舞直拍丨15岁舞台统治者的诞生，四代主舞燃炸全场！,Kismet丨杨博文,2025-12-28 22:28:16,2481750,60527,42901,44052,12680,13446,20447,1
2026-07-05 11:28:02,https://www.bilibili.com/video/BV1XA6nBGEPV/?spm_id_from=333.1387.favlist.content.click&vd_source=bdf775a036c61c0159ac2f0c251aaeb7,1,BV1XA6nBGEPV,【4K精剪】希区考克 作品152 | 杨博文直拍 | 260131,underthepoplar,2026-02-01 00:23:17,1920002,22308,21426,19172,8730,3974,6794,1
2026-07-05 11:28:02,https://www.bilibili.com/video/BV15r61BWESJ/?spm_id_from=333.1387.favlist.content.click&vd_source=bdf775a036c61c0159ac2f0c251aaeb7,2,BV15r61BWESJ,【杨博文】希区考克作品152丨双机位直拍 悬疑与张力碰撞 表管拉满 少年锋芒,Kismet丨杨博文,2026-01-31 18:27:40,539198,18313,10843,15464,929,1082,1224,1
2026-07-05 11:28:02,https://www.bilibili.com/video/BV19y61BnEMM/?spm_id_from=333.1387.favlist.content.click&vd_source=bdf775a036c61c0159ac2f0c251aaeb7,3,BV19y61BnEMM,【杨博文】就这个踢腿爽之 连每一根头发丝都在劲舞｜希区考克 作品152 4k双机位横屏直拍,游园会_杨博文,2026-01-31 18:31:31,414462,14571,9573,12390,1172,1513,2289,2
2026-07-05 11:28:02,https://www.bilibili.com/video/BV1M9ePzaELH/?spm_id_from=333.1387.favlist.content.click&vd_source=bdf775a036c61c0159ac2f0c251aaeb7,4,BV1M9ePzaELH,「杨博文｜卡拉永远OK」突发舞台事故？我怎么没看见,Astra_杨博文,2025-08-19 22:15:30,807753,14265,4527,9554,6120,614,515,1
2026-07-05 11:28:02,https://www.bilibili.com/video/BV1pV9GB6E96/?spm_id_from=333.1387.favlist.content.click&vd_source=bdf775a036c61c0159ac2f0c251aaeb7,5,BV1pV9GB6E96,【4K精剪】Guilty | 杨博文直拍 | 250119,underthepoplar,2026-04-01 02:23:39,47450,8827,2928,5159,238,201,198,1
2026-07-05 11:28:02,https://www.bilibili.com/video/BV1vFwNeKER9/?spm_id_from=333.1387.favlist.content.click&vd_source=bdf775a036c61c0159ac2f0c251aaeb7,6,BV1vFwNeKER9,【杨博文】guilty 4k横屏直拍｜夺命34秒，谁都无法拒绝的Legend级别，建议调大音量食用更加,游园会_杨博文,2025-01-18 22:02:36,262638,16414,8027,14224,1083,850,3081,2
2026-07-05 11:28:02,https://www.bilibili.com/video/BV1MGYnzrE9E/?spm_id_from=333.1387.favlist.content.click&vd_source=bdf775a036c61c0159ac2f0c251aaeb7,7,BV1MGYnzrE9E,杨博文跳 《Centuries》帅到窒息！！竖屏4K直拍,Kismet丨杨博文,2025-08-18 02:15:37,263276,12040,6635,7799,561,950,3368,1
2026-07-05 11:28:02,https://www.bilibili.com/video/BV1DZvDBEEjv/?spm_id_from=333.1387.favlist.content.click&vd_source=bdf775a036c61c0159ac2f0c251aaeb7,8,BV1DZvDBEEjv,终于找到了治愈我每一天的秘方 当你一开嗓 哪怕是夕阳也格外绚烂 ｜【杨博文】黄昏晓4k横屏直拍,游园会_杨博文,2026-01-01 20:53:32,23916,4086,710,2664,35,44,178,1
2026-07-05 11:28:02,https://www.bilibili.com/video/BV1owvqBJEkn/?spm_id_from=333.1387.favlist.content.click&vd_source=bdf775a036c61c0159ac2f0c251aaeb7,9,BV1owvqBJEkn,【杨博文｜黄昏晓】 4K直拍,羊圈主,2025-12-28 00:28:04,17912,4358,1028,1649,70,88,256,1
2026-07-05 11:28:02,https://www.bilibili.com/video/BV1eqY6e1Eec/?spm_id_from=333.1387.favlist.content.click&vd_source=bdf775a036c61c0159ac2f0c251aaeb7,10,BV1eqY6e1Eec,【TF家族-杨博文】蔡依林男粉！？你的杨会扭儿上线｜《看我72变》4K直拍,LOST-杨博文,2024-08-13 05:57:43,99352,9991,1629,5627,428,102,321,1
2026-07-05 11:28:02,https://www.bilibili.com/video/BV1r9BeBZEMu/?spm_id_from=333.1387.favlist.content.click&vd_source=bdf775a036c61c0159ac2f0c251aaeb7,11,BV1r9BeBZEMu,【杨博文｜4K舞台直拍】《爱要坦荡荡》，四代主唱贝斯手玩转乐队，好青春洋溢,关键时刻来瓶尖叫,2025-12-27 00:55:22,36041,4767,739,3174,50,52,64,1
2026-07-05 11:28:02,https://www.bilibili.com/video/BV1Lb6tBBEYC/?spm_id_from=333.1387.favlist.content.click&vd_source=bdf775a036c61c0159ac2f0c251aaeb7,12,BV1Lb6tBBEYC,【4K精剪】闭嘴跳舞 | 杨博文直拍 | 260201,underthepoplar,2026-02-02 00:00:55,254004,21080,13036,15394,1879,1668,2769,1
2026-07-05 11:28:02,https://www.bilibili.com/video/BV1mJ64BREZY/?spm_id_from=333.1387.favlist.content.click&vd_source=bdf775a036c61c0159ac2f0c251aaeb7,13,BV1mJ64BREZY,【杨博文】闭嘴跳舞丨当主舞穿上西装就会得到,Kismet丨杨博文,2026-02-01 18:31:00,495610,31570,3518,22656,178,103,423,3
2026-07-05 11:28:02,https://www.bilibili.com/video/BV15M64BPEVo/?spm_id_from=333.1387.favlist.content.click&vd_source=bdf775a036c61c0159ac2f0c251aaeb7,14,BV15M64BPEVo,【杨博文】舞步是我最有力的武器 请调动所有感官和我一同所向披靡｜闭嘴跳舞4k横屏双机位直拍,游园会_杨博文,2026-02-01 20:09:30,50697,7701,1402,4913,54,38,157,1
2026-07-05 11:28:02,https://www.bilibili.com/video/BV1fWYqzTECD/?spm_id_from=333.1387.favlist.content.click&vd_source=bdf775a036c61c0159ac2f0c251aaeb7,15,BV1fWYqzTECD,绝美堕天使下凡了……｜杨博文｜deja vu 4K直拍,WIX99,2025-08-16 22:18:21,13572,2047,582,893,67,44,115,1
2026-07-05 11:28:02,https://www.bilibili.com/video/BV1Bem3B1EcH/?spm_id_from=333.1387.favlist.content.click&vd_source=bdf775a036c61c0159ac2f0c251aaeb7,16,BV1Bem3B1EcH,【杨博文｜4K舞台直拍】怎么黑衣的《Deja vu》也让人看的停不下来呢,关键时刻来瓶尖叫,2025-12-12 21:30:00,12307,1402,157,1248,19,7,1,1
2026-07-05 11:28:02,https://www.bilibili.com/video/BV11kZyByE81/?spm_id_from=333.1387.favlist.content.click&vd_source=bdf775a036c61c0159ac2f0c251aaeb7,17,BV11kZyByE81,【4K精剪】Deja Vu | 杨博文直拍 | 250816 & 250817,underthepoplar,2026-02-17 20:22:24,47041,7082,3107,3332,373,229,199,2
2026-07-05 11:28:02,https://www.bilibili.com/video/BV1J7Awz8EUZ/?spm_id_from=333.1387.favlist.content.click&vd_source=bdf775a036c61c0159ac2f0c251aaeb7,18,BV1J7Awz8EUZ,自测鸡蛋果,喜欢吃鸡蛋果,2026-03-21 16:17:31,1068,0,0,1,1,0,0,1
2026-07-05 12:28:16,https://www.bilibili.com/video/BV1A5vkB2E1k/?spm_id_from=333.1387.favlist.content.click&vd_source=bdf775a036c61c0159ac2f0c251aaeb7,0,BV1A5vkB2E1k,【杨博文】Hey Mama六机位纯舞直拍丨15岁舞台统治者的诞生，四代主舞燃炸全场！,Kismet丨杨博文,2025-12-28 22:28:16,2481817,60527,42901,44052,12683,13446,20447,1
2026-07-05 12:28:16,https://www.bilibili.com/video/BV1XA6nBGEPV/?spm_id_from=333.1387.favlist.content.click&vd_source=bdf775a036c61c0159ac2f0c251aaeb7,1,BV1XA6nBGEPV,【4K精剪】希区考克 作品152 | 杨博文直拍 | 260131,underthepoplar,2026-02-01 00:23:17,1920013,22308,21426,19172,8732,3974,6794,1
2026-07-05 12:28:16,https://www.bilibili.com/video/BV15r61BWESJ/?spm_id_from=333.1387.favlist.content.click&vd_source=bdf775a036c61c0159ac2f0c251aaeb7,2,BV15r61BWESJ,【杨博文】希区考克作品152丨双机位直拍 悬疑与张力碰撞 表管拉满 少年锋芒,Kismet丨杨博文,2026-01-31 18:27:40,539233,18316,10843,15465,929,1082,1224,1
2026-07-05 12:28:16,https://www.bilibili.com/video/BV19y61BnEMM/?spm_id_from=333.1387.favlist.content.click&vd_source=bdf775a036c61c0159ac2f0c251aaeb7,3,BV19y61BnEMM,【杨博文】就这个踢腿爽之 连每一根头发丝都在劲舞｜希区考克 作品152 4k双机位横屏直拍,游园会_杨博文,2026-01-31 18:31:31,414514,14574,9575,12393,1172,1513,2289,4
2026-07-05 12:28:16,https://www.bilibili.com/video/BV1M9ePzaELH/?spm_id_from=333.1387.favlist.content.click&vd_source=bdf775a036c61c0159ac2f0c251aaeb7,4,BV1M9ePzaELH,「杨博文｜卡拉永远OK」突发舞台事故？我怎么没看见,Astra_杨博文,2025-08-19 22:15:30,807760,14265,4527,9554,6124,614,515,1
2026-07-05 12:28:16,https://www.bilibili.com/video/BV1pV9GB6E96/?spm_id_from=333.1387.favlist.content.click&vd_source=bdf775a036c61c0159ac2f0c251aaeb7,5,BV1pV9GB6E96,【4K精剪】Guilty | 杨博文直拍 | 250119,underthepoplar,2026-04-01 02:23:39,47468,8829,2928,5161,238,201,198,1
2026-07-05 12:28:16,https://www.bilibili.com/video/BV1vFwNeKER9/?spm_id_from=333.1387.favlist.content.click&vd_source=bdf775a036c61c0159ac2f0c251aaeb7,6,BV1vFwNeKER9,【杨博文】guilty 4k横屏直拍｜夺命34秒，谁都无法拒绝的Legend级别，建议调大音量食用更加,游园会_杨博文,2025-01-18 22:02:36,262652,16415,8027,14224,1083,850,3081,1
2026-07-05 12:28:16,https://www.bilibili.com/video/BV1MGYnzrE9E/?spm_id_from=333.1387.favlist.content.click&vd_source=bdf775a036c61c0159ac2f0c251aaeb7,7,BV1MGYnzrE9E,杨博文跳 《Centuries》帅到窒息！！竖屏4K直拍,Kismet丨杨博文,2025-08-18 02:15:37,263281,12040,6635,7800,561,950,3368,1
2026-07-05 12:28:16,https://www.bilibili.com/video/BV1DZvDBEEjv/?spm_id_from=333.1387.favlist.content.click&vd_source=bdf775a036c61c0159ac2f0c251aaeb7,8,BV1DZvDBEEjv,终于找到了治愈我每一天的秘方 当你一开嗓 哪怕是夕阳也格外绚烂 ｜【杨博文】黄昏晓4k横屏直拍,游园会_杨博文,2026-01-01 20:53:32,23916,4086,710,2664,35,44,178,1
2026-07-05 12:28:16,https://www.bilibili.com/video/BV1owvqBJEkn/?spm_id_from=333.1387.favlist.content.click&vd_source=bdf775a036c61c0159ac2f0c251aaeb7,9,BV1owvqBJEkn,【杨博文｜黄昏晓】 4K直拍,羊圈主,2025-12-28 00:28:04,17912,4358,1028,1649,70,88,256,1
2026-07-05 12:28:16,https://www.bilibili.com/video/BV1eqY6e1Eec/?spm_id_from=333.1387.favlist.content.click&vd_source=bdf775a036c61c0159ac2f0c251aaeb7,10,BV1eqY6e1Eec,【TF家族-杨博文】蔡依林男粉！？你的杨会扭儿上线｜《看我72变》4K直拍,LOST-杨博文,2024-08-13 05:57:43,99360,9991,1629,5627,428,102,321,1
2026-07-05 12:28:16,https://www.bilibili.com/video/BV1r9BeBZEMu/?spm_id_from=333.1387.favlist.content.click&vd_source=bdf775a036c61c0159ac2f0c251aaeb7,11,BV1r9BeBZEMu,【杨博文｜4K舞台直拍】《爱要坦荡荡》，四代主唱贝斯手玩转乐队，好青春洋溢,关键时刻来瓶尖叫,2025-12-27 00:55:22,36044,4767,739,3174,50,52,64,1
2026-07-05 12:28:16,https://www.bilibili.com/video/BV1Lb6tBBEYC/?spm_id_from=333.1387.favlist.content.click&vd_source=bdf775a036c61c0159ac2f0c251aaeb7,12,BV1Lb6tBBEYC,【4K精剪】闭嘴跳舞 | 杨博文直拍 | 260201,underthepoplar,2026-02-02 00:00:55,254196,21090,13038,15396,1879,1668,2769,2
2026-07-05 12:28:16,https://www.bilibili.com/video/BV1mJ64BREZY/?spm_id_from=333.1387.favlist.content.click&vd_source=bdf775a036c61c0159ac2f0c251aaeb7,13,BV1mJ64BREZY,【杨博文】闭嘴跳舞丨当主舞穿上西装就会得到,Kismet丨杨博文,2026-02-01 18:31:00,495827,31576,3521,22661,178,103,423,5
2026-07-05 12:28:16,https://www.bilibili.com/video/BV15M64BPEVo/?spm_id_from=333.1387.favlist.content.click&vd_source=bdf775a036c61c0159ac2f0c251aaeb7,14,BV15M64BPEVo,【杨博文】舞步是我最有力的武器 请调动所有感官和我一同所向披靡｜闭嘴跳舞4k横屏双机位直拍,游园会_杨博文,2026-02-01 20:09:30,50732,7704,1402,4914,54,38,157,1
2026-07-05 12:28:16,https://www.bilibili.com/video/BV1fWYqzTECD/?spm_id_from=333.1387.favlist.content.click&vd_source=bdf775a036c61c0159ac2f0c251aaeb7,15,BV1fWYqzTECD,绝美堕天使下凡了……｜杨博文｜deja vu 4K直拍,WIX99,2025-08-16 22:18:21,13572,2047,582,893,67,44,115,1
2026-07-05 12:28:16,https://www.bilibili.com/video/BV1Bem3B1EcH/?spm_id_from=333.1387.favlist.content.click&vd_source=bdf775a036c61c0159ac2f0c251aaeb7,16,BV1Bem3B1EcH,【杨博文｜4K舞台直拍】怎么黑衣的《Deja vu》也让人看的停不下来呢,关键时刻来瓶尖叫,2025-12-12 21:30:00,12307,1402,157,1248,19,7,1,1
2026-07-05 12:28:16,https://www.bilibili.com/video/BV11kZyByE81/?spm_id_from=333.1387.favlist.content.click&vd_source=bdf775a036c61c0159ac2f0c251aaeb7,17,BV11kZyByE81,【4K精剪】Deja Vu | 杨博文直拍 | 250816 & 250817,underthepoplar,2026-02-17 20:22:24,47059,7082,3107,3332,373,229,199,1
2026-07-05 12:28:16,https://www.bilibili.com/video/BV1J7Awz8EUZ/?spm_id_from=333.1387.favlist.content.click&vd_source=bdf775a036c61c0159ac2f0c251aaeb7,18,BV1J7Awz8EUZ,自测鸡蛋果,喜欢吃鸡蛋果,2026-03-21 16:17:31,1078,0,0,1,1,0,0,1
2026-07-05 13:28:29,https://www.bilibili.com/video/BV1A5vkB2E1k/?spm_id_from=333.1387.favlist.content.click&vd_source=bdf775a036c61c0159ac2f0c251aaeb7,0,BV1A5vkB2E1k,【杨博文】Hey Mama六机位纯舞直拍丨15岁舞台统治者的诞生，四代主舞燃炸全场！,Kismet丨杨博文,2025-12-28 22:28:16,2481887,60530,42905,44054,12685,13446,20450,2
2026-07-05 13:28:29,https://www.bilibili.com/video/BV1XA6nBGEPV/?spm_id_from=333.1387.favlist.content.click&vd_source=bdf775a036c61c0159ac2f0c251aaeb7,1,BV1XA6nBGEPV,【4K精剪】希区考克 作品152 | 杨博文直拍 | 260131,underthepoplar,2026-02-01 00:23:17,1920029,22310,21427,19174,8734,3974,6794,2
2026-07-05 13:28:29,https://www.bilibili.com/video/BV15r61BWESJ/?spm_id_from=333.1387.favlist.content.click&vd_source=bdf775a036c61c0159ac2f0c251aaeb7,2,BV15r61BWESJ,【杨博文】希区考克作品152丨双机位直拍 悬疑与张力碰撞 表管拉满 少年锋芒,Kismet丨杨博文,2026-01-31 18:27:40,539287,18320,10843,15470,929,1082,1224,2
2026-07-05 13:28:29,https://www.bilibili.com/video/BV19y61BnEMM/?spm_id_from=333.1387.favlist.content.click&vd_source=bdf775a036c61c0159ac2f0c251aaeb7,3,BV19y61BnEMM,【杨博文】就这个踢腿爽之 连每一根头发丝都在劲舞｜希区考克 作品152 4k双机位横屏直拍,游园会_杨博文,2026-01-31 18:31:31,414576,14581,9577,12399,1172,1513,2290,3
2026-07-05 13:28:29,https://www.bilibili.com/video/BV1M9ePzaELH/?spm_id_from=333.1387.favlist.content.click&vd_source=bdf775a036c61c0159ac2f0c251aaeb7,4,BV1M9ePzaELH,「杨博文｜卡拉永远OK」突发舞台事故？我怎么没看见,Astra_杨博文,2025-08-19 22:15:30,807762,14265,4527,9554,6124,614,515,1
2026-07-05 13:28:29,https://www.bilibili.com/video/BV1pV9GB6E96/?spm_id_from=333.1387.favlist.content.click&vd_source=bdf775a036c61c0159ac2f0c251aaeb7,5,BV1pV9GB6E96,【4K精剪】Guilty | 杨博文直拍 | 250119,underthepoplar,2026-04-01 02:23:39,47499,8834,2930,5166,238,201,200,2
2026-07-05 13:28:29,https://www.bilibili.com/video/BV1vFwNeKER9/?spm_id_from=333.1387.favlist.content.click&vd_source=bdf775a036c61c0159ac2f0c251aaeb7,6,BV1vFwNeKER9,【杨博文】guilty 4k横屏直拍｜夺命34秒，谁都无法拒绝的Legend级别，建议调大音量食用更加,游园会_杨博文,2025-01-18 22:02:36,262663,16416,8027,14225,1083,850,3081,1
2026-07-05 13:28:29,https://www.bilibili.com/video/BV1MGYnzrE9E/?spm_id_from=333.1387.favlist.content.click&vd_source=bdf775a036c61c0159ac2f0c251aaeb7,7,BV1MGYnzrE9E,杨博文跳 《Centuries》帅到窒息！！竖屏4K直拍,Kismet丨杨博文,2025-08-18 02:15:37,263286,12040,6635,7800,561,950,3368,1
2026-07-05 13:28:29,https://www.bilibili.com/video/BV1DZvDBEEjv/?spm_id_from=333.1387.favlist.content.click&vd_source=bdf775a036c61c0159ac2f0c251aaeb7,8,BV1DZvDBEEjv,终于找到了治愈我每一天的秘方 当你一开嗓 哪怕是夕阳也格外绚烂 ｜【杨博文】黄昏晓4k横屏直拍,游园会_杨博文,2026-01-01 20:53:32,23916,4086,710,2664,35,44,178,1
2026-07-05 13:28:29,https://www.bilibili.com/video/BV1owvqBJEkn/?spm_id_from=333.1387.favlist.content.click&vd_source=bdf775a036c61c0159ac2f0c251aaeb7,9,BV1owvqBJEkn,【杨博文｜黄昏晓】 4K直拍,羊圈主,2025-12-28 00:28:04,17912,4358,1028,1649,70,88,256,1
2026-07-05 13:28:29,https://www.bilibili.com/video/BV1eqY6e1Eec/?spm_id_from=333.1387.favlist.content.click&vd_source=bdf775a036c61c0159ac2f0c251aaeb7,10,BV1eqY6e1Eec,【TF家族-杨博文】蔡依林男粉！？你的杨会扭儿上线｜《看我72变》4K直拍,LOST-杨博文,2024-08-13 05:57:43,99365,9991,1629,5627,428,102,321,1
2026-07-05 13:28:29,https://www.bilibili.com/video/BV1r9BeBZEMu/?spm_id_from=333.1387.favlist.content.click&vd_source=bdf775a036c61c0159ac2f0c251aaeb7,11,BV1r9BeBZEMu,【杨博文｜4K舞台直拍】《爱要坦荡荡》，四代主唱贝斯手玩转乐队，好青春洋溢,关键时刻来瓶尖叫,2025-12-27 00:55:22,36044,4767,739,3174,50,52,64,1
2026-07-05 13:28:29,https://www.bilibili.com/video/BV1Lb6tBBEYC/?spm_id_from=333.1387.favlist.content.click&vd_source=bdf775a036c61c0159ac2f0c251aaeb7,12,BV1Lb6tBBEYC,【4K精剪】闭嘴跳舞 | 杨博文直拍 | 260201,underthepoplar,2026-02-02 00:00:55,254461,21107,13040,15408,1879,1668,2770,8
2026-07-05 13:28:29,https://www.bilibili.com/video/BV1mJ64BREZY/?spm_id_from=333.1387.favlist.content.click&vd_source=bdf775a036c61c0159ac2f0c251aaeb7,13,BV1mJ64BREZY,【杨博文】闭嘴跳舞丨当主舞穿上西装就会得到,Kismet丨杨博文,2026-02-01 18:31:00,496076,31584,3521,22669,178,103,423,5
2026-07-05 13:28:29,https://www.bilibili.com/video/BV15M64BPEVo/?spm_id_from=333.1387.favlist.content.click&vd_source=bdf775a036c61c0159ac2f0c251aaeb7,14,BV15M64BPEVo,【杨博文】舞步是我最有力的武器 请调动所有感官和我一同所向披靡｜闭嘴跳舞4k横屏双机位直拍,游园会_杨博文,2026-02-01 20:09:30,50761,7706,1402,4915,54,38,157,1
2026-07-05 13:28:29,https://www.bilibili.com/video/BV1fWYqzTECD/?spm_id_from=333.1387.favlist.content.click&vd_source=bdf775a036c61c0159ac2f0c251aaeb7,15,BV1fWYqzTECD,绝美堕天使下凡了……｜杨博文｜deja vu 4K直拍,WIX99,2025-08-16 22:18:21,13573,2047,582,893,67,44,115,1
2026-07-05 13:28:29,https://www.bilibili.com/video/BV1Bem3B1EcH/?spm_id_from=333.1387.favlist.content.click&vd_source=bdf775a036c61c0159ac2f0c251aaeb7,16,BV1Bem3B1EcH,【杨博文｜4K舞台直拍】怎么黑衣的《Deja vu》也让人看的停不下来呢,关键时刻来瓶尖叫,2025-12-12 21:30:00,12308,1402,157,1248,19,7,1,1
2026-07-05 13:28:29,https://www.bilibili.com/video/BV11kZyByE81/?spm_id_from=333.1387.favlist.content.click&vd_source=bdf775a036c61c0159ac2f0c251aaeb7,17,BV11kZyByE81,【4K精剪】Deja Vu | 杨博文直拍 | 250816 & 250817,underthepoplar,2026-02-17 20:22:24,47080,7086,3107,3334,373,229,199,1
2026-07-05 13:28:29,https://www.bilibili.com/video/BV1J7Awz8EUZ/?spm_id_from=333.1387.favlist.content.click&vd_source=bdf775a036c61c0159ac2f0c251aaeb7,18,BV1J7Awz8EUZ,自测鸡蛋果,喜欢吃鸡蛋果,2026-03-21 16:17:31,1094,0,0,1,1,0,0,1
2026-07-05 14:28:43,https://www.bilibili.com/video/BV1A5vkB2E1k/?spm_id_from=333.1387.favlist.content.click&vd_source=bdf775a036c61c0159ac2f0c251aaeb7,0,BV1A5vkB2E1k,【杨博文】Hey Mama六机位纯舞直拍丨15岁舞台统治者的诞生，四代主舞燃炸全场！,Kismet丨杨博文,2025-12-28 22:28:16,2481994,60534,42905,44056,12688,13446,20452,1
2026-07-05 14:28:43,https://www.bilibili.com/video/BV1XA6nBGEPV/?spm_id_from=333.1387.favlist.content.click&vd_source=bdf775a036c61c0159ac2f0c251aaeb7,1,BV1XA6nBGEPV,【4K精剪】希区考克 作品152 | 杨博文直拍 | 260131,underthepoplar,2026-02-01 00:23:17,1920042,22310,21427,19173,8736,3974,6794,1
2026-07-05 14:28:43,https://www.bilibili.com/video/BV15r61BWESJ/?spm_id_from=333.1387.favlist.content.click&vd_source=bdf775a036c61c0159ac2f0c251aaeb7,2,BV15r61BWESJ,【杨博文】希区考克作品152丨双机位直拍 悬疑与张力碰撞 表管拉满 少年锋芒,Kismet丨杨博文,2026-01-31 18:27:40,539321,18321,10843,15470,930,1082,1224,3
2026-07-05 14:28:43,https://www.bilibili.com/video/BV19y61BnEMM/?spm_id_from=333.1387.favlist.content.click&vd_source=bdf775a036c61c0159ac2f0c251aaeb7,3,BV19y61BnEMM,【杨博文】就这个踢腿爽之 连每一根头发丝都在劲舞｜希区考克 作品152 4k双机位横屏直拍,游园会_杨博文,2026-01-31 18:31:31,414627,14587,9577,12402,1172,1513,2290,3
2026-07-05 14:28:43,https://www.bilibili.com/video/BV1M9ePzaELH/?spm_id_from=333.1387.favlist.content.click&vd_source=bdf775a036c61c0159ac2f0c251aaeb7,4,BV1M9ePzaELH,「杨博文｜卡拉永远OK」突发舞台事故？我怎么没看见,Astra_杨博文,2025-08-19 22:15:30,807774,14265,4527,9554,6128,614,515,1
2026-07-05 14:28:43,https://www.bilibili.com/video/BV1pV9GB6E96/?spm_id_from=333.1387.favlist.content.click&vd_source=bdf775a036c61c0159ac2f0c251aaeb7,5,BV1pV9GB6E96,【4K精剪】Guilty | 杨博文直拍 | 250119,underthepoplar,2026-04-01 02:23:39,47528,8838,2930,5170,238,201,200,1
2026-07-05 14:28:43,https://www.bilibili.com/video/BV1vFwNeKER9/?spm_id_from=333.1387.favlist.content.click&vd_source=bdf775a036c61c0159ac2f0c251aaeb7,6,BV1vFwNeKER9,【杨博文】guilty 4k横屏直拍｜夺命34秒，谁都无法拒绝的Legend级别，建议调大音量食用更加,游园会_杨博文,2025-01-18 22:02:36,262677,16417,8027,14225,1083,850,3081,1
2026-07-05 14:28:43,https://www.bilibili.com/video/BV1MGYnzrE9E/?spm_id_from=333.1387.favlist.content.click&vd_source=bdf775a036c61c0159ac2f0c251aaeb7,7,BV1MGYnzrE9E,杨博文跳 《Centuries》帅到窒息！！竖屏4K直拍,Kismet丨杨博文,2025-08-18 02:15:37,263289,12040,6635,7800,561,950,3368,1
2026-07-05 14:28:43,https://www.bilibili.com/video/BV1DZvDBEEjv/?spm_id_from=333.1387.favlist.content.click&vd_source=bdf775a036c61c0159ac2f0c251aaeb7,8,BV1DZvDBEEjv,终于找到了治愈我每一天的秘方 当你一开嗓 哪怕是夕阳也格外绚烂 ｜【杨博文】黄昏晓4k横屏直拍,游园会_杨博文,2026-01-01 20:53:32,23918,4086,710,2664,35,44,178,1
2026-07-05 14:28:43,https://www.bilibili.com/video/BV1owvqBJEkn/?spm_id_from=333.1387.favlist.content.click&vd_source=bdf775a036c61c0159ac2f0c251aaeb7,9,BV1owvqBJEkn,【杨博文｜黄昏晓】 4K直拍,羊圈主,2025-12-28 00:28:04,17913,4358,1028,1649,70,88,256,1
2026-07-05 14:28:43,https://www.bilibili.com/video/BV1eqY6e1Eec/?spm_id_from=333.1387.favlist.content.click&vd_source=bdf775a036c61c0159ac2f0c251aaeb7,10,BV1eqY6e1Eec,【TF家族-杨博文】蔡依林男粉！？你的杨会扭儿上线｜《看我72变》4K直拍,LOST-杨博文,2024-08-13 05:57:43,99367,9992,1629,5627,428,102,321,1
2026-07-05 14:28:43,https://www.bilibili.com/video/BV1r9BeBZEMu/?spm_id_from=333.1387.favlist.content.click&vd_source=bdf775a036c61c0159ac2f0c251aaeb7,11,BV1r9BeBZEMu,【杨博文｜4K舞台直拍】《爱要坦荡荡》，四代主唱贝斯手玩转乐队，好青春洋溢,关键时刻来瓶尖叫,2025-12-27 00:55:22,36047,4767,739,3174,50,52,64,1
2026-07-05 14:28:43,https://www.bilibili.com/video/BV1Lb6tBBEYC/?spm_id_from=333.1387.favlist.content.click&vd_source=bdf775a036c61c0159ac2f0c251aaeb7,12,BV1Lb6tBBEYC,【4K精剪】闭嘴跳舞 | 杨博文直拍 | 260201,underthepoplar,2026-02-02 00:00:55,254725,21120,13042,15422,1879,1668,2772,3
2026-07-05 14:28:43,https://www.bilibili.com/video/BV1mJ64BREZY/?spm_id_from=333.1387.favlist.content.click&vd_source=bdf775a036c61c0159ac2f0c251aaeb7,13,BV1mJ64BREZY,【杨博文】闭嘴跳舞丨当主舞穿上西装就会得到,Kismet丨杨博文,2026-02-01 18:31:00,496305,31591,3521,22675,178,103,423,4
2026-07-05 14:28:43,https://www.bilibili.com/video/BV15M64BPEVo/?spm_id_from=333.1387.favlist.content.click&vd_source=bdf775a036c61c0159ac2f0c251aaeb7,14,BV15M64BPEVo,【杨博文】舞步是我最有力的武器 请调动所有感官和我一同所向披靡｜闭嘴跳舞4k横屏双机位直拍,游园会_杨博文,2026-02-01 20:09:30,50780,7707,1402,4916,54,38,157,1
2026-07-05 14:28:43,https://www.bilibili.com/video/BV1fWYqzTECD/?spm_id_from=333.1387.favlist.content.click&vd_source=bdf775a036c61c0159ac2f0c251aaeb7,15,BV1fWYqzTECD,绝美堕天使下凡了……｜杨博文｜deja vu 4K直拍,WIX99,2025-08-16 22:18:21,13573,2047,582,893,67,44,115,1
2026-07-05 14:28:43,https://www.bilibili.com/video/BV1Bem3B1EcH/?spm_id_from=333.1387.favlist.content.click&vd_source=bdf775a036c61c0159ac2f0c251aaeb7,16,BV1Bem3B1EcH,【杨博文｜4K舞台直拍】怎么黑衣的《Deja vu》也让人看的停不下来呢,关键时刻来瓶尖叫,2025-12-12 21:30:00,12310,1402,157,1248,19,7,1,1
2026-07-05 14:28:43,https://www.bilibili.com/video/BV11kZyByE81/?spm_id_from=333.1387.favlist.content.click&vd_source=bdf775a036c61c0159ac2f0c251aaeb7,17,BV11kZyByE81,【4K精剪】Deja Vu | 杨博文直拍 | 250816 & 250817,underthepoplar,2026-02-17 20:22:24,47094,7087,3107,3335,373,229,199,1
2026-07-05 14:28:43,https://www.bilibili.com/video/BV1J7Awz8EUZ/?spm_id_from=333.1387.favlist.content.click&vd_source=bdf775a036c61c0159ac2f0c251aaeb7,18,BV1J7Awz8EUZ,自测鸡蛋果,喜欢吃鸡蛋果,2026-03-21 16:17:31,1105,0,0,1,1,0,0,1
2026-07-05 15:28:57,https://www.bilibili.com/video/BV1A5vkB2E1k/?spm_id_from=333.1387.favlist.content.click&vd_source=bdf775a036c61c0159ac2f0c251aaeb7,0,BV1A5vkB2E1k,【杨博文】Hey Mama六机位纯舞直拍丨15岁舞台统治者的诞生，四代主舞燃炸全场！,Kismet丨杨博文,2025-12-28 22:28:16,2482087,60537,42909,44058,12689,13446,20452,1
2026-07-05 15:28:57,https://www.bilibili.com/video/BV1XA6nBGEPV/?spm_id_from=333.1387.favlist.content.click&vd_source=bdf775a036c61c0159ac2f0c251aaeb7,1,BV1XA6nBGEPV,【4K精剪】希区考克 作品152 | 杨博文直拍 | 260131,underthepoplar,2026-02-01 00:23:17,1920059,22310,21427,19173,8738,3974,6794,1
2026-07-05 15:28:57,https://www.bilibili.com/video/BV15r61BWESJ/?spm_id_from=333.1387.favlist.content.click&vd_source=bdf775a036c61c0159ac2f0c251aaeb7,2,BV15r61BWESJ,【杨博文】希区考克作品152丨双机位直拍 悬疑与张力碰撞 表管拉满 少年锋芒,Kismet丨杨博文,2026-01-31 18:27:40,539345,18321,10843,15470,930,1082,1224,2
2026-07-05 15:28:57,https://www.bilibili.com/video/BV19y61BnEMM/?spm_id_from=333.1387.favlist.content.click&vd_source=bdf775a036c61c0159ac2f0c251aaeb7,3,BV19y61BnEMM,【杨博文】就这个踢腿爽之 连每一根头发丝都在劲舞｜希区考克 作品152 4k双机位横屏直拍,游园会_杨博文,2026-01-31 18:31:31,414668,14594,9577,12407,1172,1513,2290,1
2026-07-05 15:28:57,https://www.bilibili.com/video/BV1M9ePzaELH/?spm_id_from=333.1387.favlist.content.click&vd_source=bdf775a036c61c0159ac2f0c251aaeb7,4,BV1M9ePzaELH,「杨博文｜卡拉永远OK」突发舞台事故？我怎么没看见,Astra_杨博文,2025-08-19 22:15:30,807777,14265,4527,9554,6128,614,515,1
2026-07-05 15:28:57,https://www.bilibili.com/video/BV1pV9GB6E96/?spm_id_from=333.1387.favlist.content.click&vd_source=bdf775a036c61c0159ac2f0c251aaeb7,5,BV1pV9GB6E96,【4K精剪】Guilty | 杨博文直拍 | 250119,underthepoplar,2026-04-01 02:23:39,47561,8843,2930,5175,238,201,200,1
2026-07-05 15:28:57,https://www.bilibili.com/video/BV1vFwNeKER9/?spm_id_from=333.1387.favlist.content.click&vd_source=bdf775a036c61c0159ac2f0c251aaeb7,6,BV1vFwNeKER9,【杨博文】guilty 4k横屏直拍｜夺命34秒，谁都无法拒绝的Legend级别，建议调大音量食用更加,游园会_杨博文,2025-01-18 22:02:36,262688,16418,8027,14225,1083,850,3081,1
2026-07-05 15:28:57,https://www.bilibili.com/video/BV1MGYnzrE9E/?spm_id_from=333.1387.favlist.content.click&vd_source=bdf775a036c61c0159ac2f0c251aaeb7,7,BV1MGYnzrE9E,杨博文跳 《Centuries》帅到窒息！！竖屏4K直拍,Kismet丨杨博文,2025-08-18 02:15:37,263297,12040,6635,7800,562,950,3368,1
2026-07-05 15:28:57,https://www.bilibili.com/video/BV1DZvDBEEjv/?spm_id_from=333.1387.favlist.content.click&vd_source=bdf775a036c61c0159ac2f0c251aaeb7,8,BV1DZvDBEEjv,终于找到了治愈我每一天的秘方 当你一开嗓 哪怕是夕阳也格外绚烂 ｜【杨博文】黄昏晓4k横屏直拍,游园会_杨博文,2026-01-01 20:53:32,23920,4086,710,2664,35,44,178,1
2026-07-05 15:28:57,https://www.bilibili.com/video/BV1owvqBJEkn/?spm_id_from=333.1387.favlist.content.click&vd_source=bdf775a036c61c0159ac2f0c251aaeb7,9,BV1owvqBJEkn,【杨博文｜黄昏晓】 4K直拍,羊圈主,2025-12-28 00:28:04,17913,4358,1028,1649,70,88,256,1
2026-07-05 15:28:57,https://www.bilibili.com/video/BV1eqY6e1Eec/?spm_id_from=333.1387.favlist.content.click&vd_source=bdf775a036c61c0159ac2f0c251aaeb7,10,BV1eqY6e1Eec,【TF家族-杨博文】蔡依林男粉！？你的杨会扭儿上线｜《看我72变》4K直拍,LOST-杨博文,2024-08-13 05:57:43,99371,9992,1629,5627,428,102,321,1
2026-07-05 15:28:57,https://www.bilibili.com/video/BV1r9BeBZEMu/?spm_id_from=333.1387.favlist.content.click&vd_source=bdf775a036c61c0159ac2f0c251aaeb7,11,BV1r9BeBZEMu,【杨博文｜4K舞台直拍】《爱要坦荡荡》，四代主唱贝斯手玩转乐队，好青春洋溢,关键时刻来瓶尖叫,2025-12-27 00:55:22,36049,4767,739,3174,50,52,64,1
2026-07-05 15:28:57,https://www.bilibili.com/video/BV1Lb6tBBEYC/?spm_id_from=333.1387.favlist.content.click&vd_source=bdf775a036c61c0159ac2f0c251aaeb7,12,BV1Lb6tBBEYC,【4K精剪】闭嘴跳舞 | 杨博文直拍 | 260201,underthepoplar,2026-02-02 00:00:55,254957,21130,13042,15428,1879,1668,2773,1
2026-07-05 15:28:57,https://www.bilibili.com/video/BV1mJ64BREZY/?spm_id_from=333.1387.favlist.content.click&vd_source=bdf775a036c61c0159ac2f0c251aaeb7,13,BV1mJ64BREZY,【杨博文】闭嘴跳舞丨当主舞穿上西装就会得到,Kismet丨杨博文,2026-02-01 18:31:00,496516,31598,3521,22681,178,103,423,6
2026-07-05 15:28:57,https://www.bilibili.com/video/BV15M64BPEVo/?spm_id_from=333.1387.favlist.content.click&vd_source=bdf775a036c61c0159ac2f0c251aaeb7,14,BV15M64BPEVo,【杨博文】舞步是我最有力的武器 请调动所有感官和我一同所向披靡｜闭嘴跳舞4k横屏双机位直拍,游园会_杨博文,2026-02-01 20:09:30,50789,7708,1402,4916,54,38,157,1
2026-07-05 15:28:57,https://www.bilibili.com/video/BV1fWYqzTECD/?spm_id_from=333.1387.favlist.content.click&vd_source=bdf775a036c61c0159ac2f0c251aaeb7,15,BV1fWYqzTECD,绝美堕天使下凡了……｜杨博文｜deja vu 4K直拍,WIX99,2025-08-16 22:18:21,13573,2047,582,893,67,44,115,1
2026-07-05 15:28:57,https://www.bilibili.com/video/BV1Bem3B1EcH/?spm_id_from=333.1387.favlist.content.click&vd_source=bdf775a036c61c0159ac2f0c251aaeb7,16,BV1Bem3B1EcH,【杨博文｜4K舞台直拍】怎么黑衣的《Deja vu》也让人看的停不下来呢,关键时刻来瓶尖叫,2025-12-12 21:30:00,12312,1402,157,1248,19,7,1,1
2026-07-05 15:28:57,https://www.bilibili.com/video/BV11kZyByE81/?spm_id_from=333.1387.favlist.content.click&vd_source=bdf775a036c61c0159ac2f0c251aaeb7,17,BV11kZyByE81,【4K精剪】Deja Vu | 杨博文直拍 | 250816 & 250817,underthepoplar,2026-02-17 20:22:24,47120,7090,3107,3337,373,229,199,1
2026-07-05 15:28:57,https://www.bilibili.com/video/BV1J7Awz8EUZ/?spm_id_from=333.1387.favlist.content.click&vd_source=bdf775a036c61c0159ac2f0c251aaeb7,18,BV1J7Awz8EUZ,自测鸡蛋果,喜欢吃鸡蛋果,2026-03-21 16:17:31,1110,0,0,1,1,0,0,1
2026-07-05 15:28:57,https://www.bilibili.com/video/BV1Xm61BEEnt/?spm_id_from=333.1387.favlist.content.click,19,BV1Xm61BEEnt,【杨博文】致命诱惑<希区考克 作品152> 4k 竖版直拍 Focus,Roseate丨杨博文,2026-01-31 17:54:23,47987,7725,3400,2846,207,259,425,1
2026-07-05 15:28:57,https://www.bilibili.com/video/BV1MtFrzLEqw/?spm_id_from=333.1387.favlist.content.click&vd_source=82c7dc283676ff6ca01b24294b7c8a32,20,BV1MtFrzLEqw,【4K】借过一下 | 杨博文直拍 | 260131,underthepoplar,2026-02-06 15:13:06,22244,3510,1450,1729,64,100,198,1
2026-07-05 15:28:57,https://www.bilibili.com/video/BV1jjF3z3Ern/?spm_id_from=333.1387.favlist.content.click&vd_source=82c7dc283676ff6ca01b24294b7c8a32,21,BV1jjF3z3Ern,【4K精剪】Why Why Why | 杨博文直拍 | 260201,underthepoplar,2026-02-03 05:55:49,68050,11384,5417,5797,294,246,614,2
2026-07-05 15:28:57,https://www.bilibili.com/video/BV1oJVD6BEEW/?spm_id_from=333.1387.favlist.content.click&vd_source=82c7dc283676ff6ca01b24294b7c8a32,22,BV1oJVD6BEEW,Hey Mama 一分钟solo | 杨博文直拍 | 251228,underthepoplar,2026-06-01 02:16:51,28321,3905,1581,2130,60,74,35,5
2026-07-05 15:28:57,https://www.bilibili.com/video/BV16MbLzPETK/?spm_id_from=333.1387.favlist.content.click&vd_source=82c7dc283676ff6ca01b24294b7c8a32,23,BV16MbLzPETK,这是洋娃娃在给我唱歌吧｜杨博文｜雨爱 4K直拍,WIX99,2025-08-11 18:44:28,3853,644,72,335,3,9,3,1
2026-07-05 15:28:57,https://www.bilibili.com/video/BV1nUFFzSE8W/?spm_id_from=333.337.search-card.all.click&vd_source=c9ba0a78401ac34b07f18808dcb060f8,24,BV1nUFFzSE8W,【4K精剪】第二类我 | 杨博文直拍 | 260201,underthepoplar,2026-02-05 03:45:45,36164,5318,3602,2769,205,202,291,1
2026-07-05 16:29:15,https://www.bilibili.com/video/BV1A5vkB2E1k/?spm_id_from=333.1387.favlist.content.click&vd_source=bdf775a036c61c0159ac2f0c251aaeb7,0,BV1A5vkB2E1k,【杨博文】Hey Mama六机位纯舞直拍丨15岁舞台统治者的诞生，四代主舞燃炸全场！,Kismet丨杨博文,2025-12-28 22:28:16,2482163,60540,42910,44061,12694,13448,20452,2
2026-07-05 16:29:15,https://www.bilibili.com/video/BV1XA6nBGEPV/?spm_id_from=333.1387.favlist.content.click&vd_source=bdf775a036c61c0159ac2f0c251aaeb7,1,BV1XA6nBGEPV,【4K精剪】希区考克 作品152 | 杨博文直拍 | 260131,underthepoplar,2026-02-01 00:23:17,1920083,22310,21427,19173,8740,3974,6795,1
2026-07-05 16:29:15,https://www.bilibili.com/video/BV15r61BWESJ/?spm_id_from=333.1387.favlist.content.click&vd_source=bdf775a036c61c0159ac2f0c251aaeb7,2,BV15r61BWESJ,【杨博文】希区考克作品152丨双机位直拍 悬疑与张力碰撞 表管拉满 少年锋芒,Kismet丨杨博文,2026-01-31 18:27:40,539382,18324,10843,15473,930,1082,1224,2
2026-07-05 16:29:15,https://www.bilibili.com/video/BV19y61BnEMM/?spm_id_from=333.1387.favlist.content.click&vd_source=bdf775a036c61c0159ac2f0c251aaeb7,3,BV19y61BnEMM,【杨博文】就这个踢腿爽之 连每一根头发丝都在劲舞｜希区考克 作品152 4k双机位横屏直拍,游园会_杨博文,2026-01-31 18:31:31,414723,14597,9577,12410,1172,1513,2290,3
2026-07-05 16:29:15,https://www.bilibili.com/video/BV1M9ePzaELH/?spm_id_from=333.1387.favlist.content.click&vd_source=bdf775a036c61c0159ac2f0c251aaeb7,4,BV1M9ePzaELH,「杨博文｜卡拉永远OK」突发舞台事故？我怎么没看见,Astra_杨博文,2025-08-19 22:15:30,807791,14268,4527,9555,6132,614,515,1
2026-07-05 16:29:15,https://www.bilibili.com/video/BV1pV9GB6E96/?spm_id_from=333.1387.favlist.content.click&vd_source=bdf775a036c61c0159ac2f0c251aaeb7,5,BV1pV9GB6E96,【4K精剪】Guilty | 杨博文直拍 | 250119,underthepoplar,2026-04-01 02:23:39,47607,8845,2930,5178,239,201,200,1
2026-07-05 16:29:15,https://www.bilibili.com/video/BV1vFwNeKER9/?spm_id_from=333.1387.favlist.content.click&vd_source=bdf775a036c61c0159ac2f0c251aaeb7,6,BV1vFwNeKER9,【杨博文】guilty 4k横屏直拍｜夺命34秒，谁都无法拒绝的Legend级别，建议调大音量食用更加,游园会_杨博文,2025-01-18 22:02:36,262706,16418,8027,14224,1083,850,3081,1
2026-07-05 16:29:15,https://www.bilibili.com/video/BV1MGYnzrE9E/?spm_id_from=333.1387.favlist.content.click&vd_source=bdf775a036c61c0159ac2f0c251aaeb7,7,BV1MGYnzrE9E,杨博文跳 《Centuries》帅到窒息！！竖屏4K直拍,Kismet丨杨博文,2025-08-18 02:15:37,263303,12040,6635,7800,562,950,3368,1
2026-07-05 16:29:15,https://www.bilibili.com/video/BV1DZvDBEEjv/?spm_id_from=333.1387.favlist.content.click&vd_source=bdf775a036c61c0159ac2f0c251aaeb7,8,BV1DZvDBEEjv,终于找到了治愈我每一天的秘方 当你一开嗓 哪怕是夕阳也格外绚烂 ｜【杨博文】黄昏晓4k横屏直拍,游园会_杨博文,2026-01-01 20:53:32,23922,4086,710,2664,35,44,178,1
2026-07-05 16:29:15,https://www.bilibili.com/video/BV1owvqBJEkn/?spm_id_from=333.1387.favlist.content.click&vd_source=bdf775a036c61c0159ac2f0c251aaeb7,9,BV1owvqBJEkn,【杨博文｜黄昏晓】 4K直拍,羊圈主,2025-12-28 00:28:04,17914,4358,1028,1649,70,88,256,1
2026-07-05 16:29:15,https://www.bilibili.com/video/BV1eqY6e1Eec/?spm_id_from=333.1387.favlist.content.click&vd_source=bdf775a036c61c0159ac2f0c251aaeb7,10,BV1eqY6e1Eec,【TF家族-杨博文】蔡依林男粉！？你的杨会扭儿上线｜《看我72变》4K直拍,LOST-杨博文,2024-08-13 05:57:43,99376,9991,1629,5628,428,102,321,1
2026-07-05 16:29:15,https://www.bilibili.com/video/BV1r9BeBZEMu/?spm_id_from=333.1387.favlist.content.click&vd_source=bdf775a036c61c0159ac2f0c251aaeb7,11,BV1r9BeBZEMu,【杨博文｜4K舞台直拍】《爱要坦荡荡》，四代主唱贝斯手玩转乐队，好青春洋溢,关键时刻来瓶尖叫,2025-12-27 00:55:22,36053,4767,739,3174,50,52,64,1
2026-07-05 16:29:15,https://www.bilibili.com/video/BV1Lb6tBBEYC/?spm_id_from=333.1387.favlist.content.click&vd_source=bdf775a036c61c0159ac2f0c251aaeb7,12,BV1Lb6tBBEYC,【4K精剪】闭嘴跳舞 | 杨博文直拍 | 260201,underthepoplar,2026-02-02 00:00:55,255201,21144,13042,15433,1879,1668,2773,5
2026-07-05 16:29:15,https://www.bilibili.com/video/BV1mJ64BREZY/?spm_id_from=333.1387.favlist.content.click&vd_source=bdf775a036c61c0159ac2f0c251aaeb7,13,BV1mJ64BREZY,【杨博文】闭嘴跳舞丨当主舞穿上西装就会得到,Kismet丨杨博文,2026-02-01 18:31:00,496704,31606,3521,22688,178,103,423,1
2026-07-05 16:29:15,https://www.bilibili.com/video/BV15M64BPEVo/?spm_id_from=333.1387.favlist.content.click&vd_source=bdf775a036c61c0159ac2f0c251aaeb7,14,BV15M64BPEVo,【杨博文】舞步是我最有力的武器 请调动所有感官和我一同所向披靡｜闭嘴跳舞4k横屏双机位直拍,游园会_杨博文,2026-02-01 20:09:30,50806,7709,1402,4917,54,38,157,1
2026-07-05 16:29:15,https://www.bilibili.com/video/BV1fWYqzTECD/?spm_id_from=333.1387.favlist.content.click&vd_source=bdf775a036c61c0159ac2f0c251aaeb7,15,BV1fWYqzTECD,绝美堕天使下凡了……｜杨博文｜deja vu 4K直拍,WIX99,2025-08-16 22:18:21,13575,2047,582,893,67,44,115,1
2026-07-05 16:29:15,https://www.bilibili.com/video/BV1Bem3B1EcH/?spm_id_from=333.1387.favlist.content.click&vd_source=bdf775a036c61c0159ac2f0c251aaeb7,16,BV1Bem3B1EcH,【杨博文｜4K舞台直拍】怎么黑衣的《Deja vu》也让人看的停不下来呢,关键时刻来瓶尖叫,2025-12-12 21:30:00,12312,1402,157,1248,19,7,1,1
2026-07-05 16:29:15,https://www.bilibili.com/video/BV11kZyByE81/?spm_id_from=333.1387.favlist.content.click&vd_source=bdf775a036c61c0159ac2f0c251aaeb7,17,BV11kZyByE81,【4K精剪】Deja Vu | 杨博文直拍 | 250816 & 250817,underthepoplar,2026-02-17 20:22:24,47141,7093,3109,3339,373,229,199,1
2026-07-05 16:29:15,https://www.bilibili.com/video/BV1J7Awz8EUZ/?spm_id_from=333.1387.favlist.content.click&vd_source=bdf775a036c61c0159ac2f0c251aaeb7,18,BV1J7Awz8EUZ,自测鸡蛋果,喜欢吃鸡蛋果,2026-03-21 16:17:31,1120,0,0,1,1,0,0,1
2026-07-05 16:29:15,https://www.bilibili.com/video/BV1Xm61BEEnt/?spm_id_from=333.1387.favlist.content.click,19,BV1Xm61BEEnt,【杨博文】致命诱惑<希区考克 作品152> 4k 竖版直拍 Focus,Roseate丨杨博文,2026-01-31 17:54:23,47988,7725,3400,2846,207,259,425,1
2026-07-05 16:29:15,https://www.bilibili.com/video/BV1MtFrzLEqw/?spm_id_from=333.1387.favlist.content.click&vd_source=82c7dc283676ff6ca01b24294b7c8a32,20,BV1MtFrzLEqw,【4K】借过一下 | 杨博文直拍 | 260131,underthepoplar,2026-02-06 15:13:06,22266,3510,1450,1730,64,100,198,1
2026-07-05 16:29:15,https://www.bilibili.com/video/BV1jjF3z3Ern/?spm_id_from=333.1387.favlist.content.click&vd_source=82c7dc283676ff6ca01b24294b7c8a32,21,BV1jjF3z3Ern,【4K精剪】Why Why Why | 杨博文直拍 | 260201,underthepoplar,2026-02-03 05:55:49,68082,11385,5417,5797,294,246,614,1
2026-07-05 16:29:15,https://www.bilibili.com/video/BV1oJVD6BEEW/?spm_id_from=333.1387.favlist.content.click&vd_source=82c7dc283676ff6ca01b24294b7c8a32,22,BV1oJVD6BEEW,Hey Mama 一分钟solo | 杨博文直拍 | 251228,underthepoplar,2026-06-01 02:16:51,28404,3907,1581,2130,60,74,35,1
2026-07-05 16:29:15,https://www.bilibili.com/video/BV16MbLzPETK/?spm_id_from=333.1387.favlist.content.click&vd_source=82c7dc283676ff6ca01b24294b7c8a32,23,BV16MbLzPETK,这是洋娃娃在给我唱歌吧｜杨博文｜雨爱 4K直拍,WIX99,2025-08-11 18:44:28,3863,644,72,335,3,9,3,1
2026-07-05 16:29:15,https://www.bilibili.com/video/BV1nUFFzSE8W/?spm_id_from=333.337.search-card.all.click&vd_source=c9ba0a78401ac34b07f18808dcb060f8,24,BV1nUFFzSE8W,【4K精剪】第二类我 | 杨博文直拍 | 260201,underthepoplar,2026-02-05 03:45:45,36174,5319,3602,2770,205,202,291,1
2026-07-05 17:29:33,https://www.bilibili.com/video/BV1A5vkB2E1k/?spm_id_from=333.1387.favlist.content.click&vd_source=bdf775a036c61c0159ac2f0c251aaeb7,0,BV1A5vkB2E1k,【杨博文】Hey Mama六机位纯舞直拍丨15岁舞台统治者的诞生，四代主舞燃炸全场！,Kismet丨杨博文,2025-12-28 22:28:16,2482244,60543,42910,44060,12695,13448,20452,2
2026-07-05 17:29:33,https://www.bilibili.com/video/BV1XA6nBGEPV/?spm_id_from=333.1387.favlist.content.click&vd_source=bdf775a036c61c0159ac2f0c251aaeb7,1,BV1XA6nBGEPV,【4K精剪】希区考克 作品152 | 杨博文直拍 | 260131,underthepoplar,2026-02-01 00:23:17,1920102,22310,21427,19171,8742,3974,6795,1
2026-07-05 17:29:33,https://www.bilibili.com/video/BV15r61BWESJ/?spm_id_from=333.1387.favlist.content.click&vd_source=bdf775a036c61c0159ac2f0c251aaeb7,2,BV15r61BWESJ,【杨博文】希区考克作品152丨双机位直拍 悬疑与张力碰撞 表管拉满 少年锋芒,Kismet丨杨博文,2026-01-31 18:27:40,539431,18329,10843,15474,930,1082,1224,4
2026-07-05 17:29:33,https://www.bilibili.com/video/BV19y61BnEMM/?spm_id_from=333.1387.favlist.content.click&vd_source=bdf775a036c61c0159ac2f0c251aaeb7,3,BV19y61BnEMM,【杨博文】就这个踢腿爽之 连每一根头发丝都在劲舞｜希区考克 作品152 4k双机位横屏直拍,游园会_杨博文,2026-01-31 18:31:31,414769,14602,9577,12409,1172,1513,2290,2
2026-07-05 17:29:33,https://www.bilibili.com/video/BV1M9ePzaELH/?spm_id_from=333.1387.favlist.content.click&vd_source=bdf775a036c61c0159ac2f0c251aaeb7,4,BV1M9ePzaELH,「杨博文｜卡拉永远OK」突发舞台事故？我怎么没看见,Astra_杨博文,2025-08-19 22:15:30,807794,14269,4527,9556,6132,614,515,1
2026-07-05 17:29:33,https://www.bilibili.com/video/BV1pV9GB6E96/?spm_id_from=333.1387.favlist.content.click&vd_source=bdf775a036c61c0159ac2f0c251aaeb7,5,BV1pV9GB6E96,【4K精剪】Guilty | 杨博文直拍 | 250119,underthepoplar,2026-04-01 02:23:39,47643,8848,2930,5179,239,201,200,3
2026-07-05 17:29:33,https://www.bilibili.com/video/BV1vFwNeKER9/?spm_id_from=333.1387.favlist.content.click&vd_source=bdf775a036c61c0159ac2f0c251aaeb7,6,BV1vFwNeKER9,【杨博文】guilty 4k横屏直拍｜夺命34秒，谁都无法拒绝的Legend级别，建议调大音量食用更加,游园会_杨博文,2025-01-18 22:02:36,262720,16419,8027,14225,1083,850,3081,1
2026-07-05 17:29:33,https://www.bilibili.com/video/BV1MGYnzrE9E/?spm_id_from=333.1387.favlist.content.click&vd_source=bdf775a036c61c0159ac2f0c251aaeb7,7,BV1MGYnzrE9E,杨博文跳 《Centuries》帅到窒息！！竖屏4K直拍,Kismet丨杨博文,2025-08-18 02:15:37,263310,12040,6635,7800,562,950,3368,1
2026-07-05 17:29:33,https://www.bilibili.com/video/BV1DZvDBEEjv/?spm_id_from=333.1387.favlist.content.click&vd_source=bdf775a036c61c0159ac2f0c251aaeb7,8,BV1DZvDBEEjv,终于找到了治愈我每一天的秘方 当你一开嗓 哪怕是夕阳也格外绚烂 ｜【杨博文】黄昏晓4k横屏直拍,游园会_杨博文,2026-01-01 20:53:32,23924,4086,710,2664,35,44,178,1
2026-07-05 17:29:33,https://www.bilibili.com/video/BV1owvqBJEkn/?spm_id_from=333.1387.favlist.content.click&vd_source=bdf775a036c61c0159ac2f0c251aaeb7,9,BV1owvqBJEkn,【杨博文｜黄昏晓】 4K直拍,羊圈主,2025-12-28 00:28:04,17914,4358,1028,1649,70,88,256,1
2026-07-05 17:29:33,https://www.bilibili.com/video/BV1eqY6e1Eec/?spm_id_from=333.1387.favlist.content.click&vd_source=bdf775a036c61c0159ac2f0c251aaeb7,10,BV1eqY6e1Eec,【TF家族-杨博文】蔡依林男粉！？你的杨会扭儿上线｜《看我72变》4K直拍,LOST-杨博文,2024-08-13 05:57:43,99379,9992,1629,5628,428,102,321,1
2026-07-05 17:29:33,https://www.bilibili.com/video/BV1r9BeBZEMu/?spm_id_from=333.1387.favlist.content.click&vd_source=bdf775a036c61c0159ac2f0c251aaeb7,11,BV1r9BeBZEMu,【杨博文｜4K舞台直拍】《爱要坦荡荡》，四代主唱贝斯手玩转乐队，好青春洋溢,关键时刻来瓶尖叫,2025-12-27 00:55:22,36054,4767,739,3174,50,52,64,1
2026-07-05 17:29:33,https://www.bilibili.com/video/BV1Lb6tBBEYC/?spm_id_from=333.1387.favlist.content.click&vd_source=bdf775a036c61c0159ac2f0c251aaeb7,12,BV1Lb6tBBEYC,【4K精剪】闭嘴跳舞 | 杨博文直拍 | 260201,underthepoplar,2026-02-02 00:00:55,255427,21153,13044,15438,1879,1669,2773,7
2026-07-05 17:29:33,https://www.bilibili.com/video/BV1mJ64BREZY/?spm_id_from=333.1387.favlist.content.click&vd_source=bdf775a036c61c0159ac2f0c251aaeb7,13,BV1mJ64BREZY,【杨博文】闭嘴跳舞丨当主舞穿上西装就会得到,Kismet丨杨博文,2026-02-01 18:31:00,496889,31610,3521,22694,178,103,423,5
2026-07-05 17:29:33,https://www.bilibili.com/video/BV15M64BPEVo/?spm_id_from=333.1387.favlist.content.click&vd_source=bdf775a036c61c0159ac2f0c251aaeb7,14,BV15M64BPEVo,【杨博文】舞步是我最有力的武器 请调动所有感官和我一同所向披靡｜闭嘴跳舞4k横屏双机位直拍,游园会_杨博文,2026-02-01 20:09:30,50837,7715,1402,4920,54,38,157,1
2026-07-05 17:29:33,https://www.bilibili.com/video/BV1fWYqzTECD/?spm_id_from=333.1387.favlist.content.click&vd_source=bdf775a036c61c0159ac2f0c251aaeb7,15,BV1fWYqzTECD,绝美堕天使下凡了……｜杨博文｜deja vu 4K直拍,WIX99,2025-08-16 22:18:21,13575,2047,582,893,67,44,115,1
2026-07-05 17:29:33,https://www.bilibili.com/video/BV1Bem3B1EcH/?spm_id_from=333.1387.favlist.content.click&vd_source=bdf775a036c61c0159ac2f0c251aaeb7,16,BV1Bem3B1EcH,【杨博文｜4K舞台直拍】怎么黑衣的《Deja vu》也让人看的停不下来呢,关键时刻来瓶尖叫,2025-12-12 21:30:00,12313,1402,157,1248,19,7,1,1
2026-07-05 17:29:33,https://www.bilibili.com/video/BV11kZyByE81/?spm_id_from=333.1387.favlist.content.click&vd_source=bdf775a036c61c0159ac2f0c251aaeb7,17,BV11kZyByE81,【4K精剪】Deja Vu | 杨博文直拍 | 250816 & 250817,underthepoplar,2026-02-17 20:22:24,47158,7095,3109,3339,373,229,199,1
2026-07-05 17:29:33,https://www.bilibili.com/video/BV1J7Awz8EUZ/?spm_id_from=333.1387.favlist.content.click&vd_source=bdf775a036c61c0159ac2f0c251aaeb7,18,BV1J7Awz8EUZ,自测鸡蛋果,喜欢吃鸡蛋果,2026-03-21 16:17:31,1130,0,0,1,1,0,0,1
2026-07-05 17:29:33,https://www.bilibili.com/video/BV1Xm61BEEnt/?spm_id_from=333.1387.favlist.content.click,19,BV1Xm61BEEnt,【杨博文】致命诱惑<希区考克 作品152> 4k 竖版直拍 Focus,Roseate丨杨博文,2026-01-31 17:54:23,47990,7726,3400,2845,207,259,425,1
2026-07-05 17:29:33,https://www.bilibili.com/video/BV1MtFrzLEqw/?spm_id_from=333.1387.favlist.content.click&vd_source=82c7dc283676ff6ca01b24294b7c8a32,20,BV1MtFrzLEqw,【4K】借过一下 | 杨博文直拍 | 260131,underthepoplar,2026-02-06 15:13:06,22292,3511,1450,1732,64,100,200,3
2026-07-05 17:29:33,https://www.bilibili.com/video/BV1jjF3z3Ern/?spm_id_from=333.1387.favlist.content.click&vd_source=82c7dc283676ff6ca01b24294b7c8a32,21,BV1jjF3z3Ern,【4K精剪】Why Why Why | 杨博文直拍 | 260201,underthepoplar,2026-02-03 05:55:49,68120,11389,5419,5801,294,246,614,2
2026-07-05 17:29:33,https://www.bilibili.com/video/BV1oJVD6BEEW/?spm_id_from=333.1387.favlist.content.click&vd_source=82c7dc283676ff6ca01b24294b7c8a32,22,BV1oJVD6BEEW,Hey Mama 一分钟solo | 杨博文直拍 | 251228,underthepoplar,2026-06-01 02:16:51,28491,3911,1581,2137,60,74,35,5
2026-07-05 17:29:33,https://www.bilibili.com/video/BV16MbLzPETK/?spm_id_from=333.1387.favlist.content.click&vd_source=82c7dc283676ff6ca01b24294b7c8a32,23,BV16MbLzPETK,这是洋娃娃在给我唱歌吧｜杨博文｜雨爱 4K直拍,WIX99,2025-08-11 18:44:28,3873,644,72,335,3,9,3,1
2026-07-05 17:29:33,https://www.bilibili.com/video/BV1nUFFzSE8W/?spm_id_from=333.337.search-card.all.click&vd_source=c9ba0a78401ac34b07f18808dcb060f8,24,BV1nUFFzSE8W,【4K精剪】第二类我 | 杨博文直拍 | 260201,underthepoplar,2026-02-05 03:45:45,36184,5320,3602,2771,205,202,291,1
2026-07-05 18:29:51,https://www.bilibili.com/video/BV1A5vkB2E1k/?spm_id_from=333.1387.favlist.content.click&vd_source=bdf775a036c61c0159ac2f0c251aaeb7,0,BV1A5vkB2E1k,【杨博文】Hey Mama六机位纯舞直拍丨15岁舞台统治者的诞生，四代主舞燃炸全场！,Kismet丨杨博文,2025-12-28 22:28:16,2482347,60553,42914,44063,12698,13448,20454,2
2026-07-05 18:29:51,https://www.bilibili.com/video/BV1XA6nBGEPV/?spm_id_from=333.1387.favlist.content.click&vd_source=bdf775a036c61c0159ac2f0c251aaeb7,1,BV1XA6nBGEPV,【4K精剪】希区考克 作品152 | 杨博文直拍 | 260131,underthepoplar,2026-02-01 00:23:17,1920120,22310,21427,19171,8744,3975,6795,1
2026-07-05 18:29:51,https://www.bilibili.com/video/BV15r61BWESJ/?spm_id_from=333.1387.favlist.content.click&vd_source=bdf775a036c61c0159ac2f0c251aaeb7,2,BV15r61BWESJ,【杨博文】希区考克作品152丨双机位直拍 悬疑与张力碰撞 表管拉满 少年锋芒,Kismet丨杨博文,2026-01-31 18:27:40,539459,18332,10843,15479,930,1082,1224,2
2026-07-05 18:29:51,https://www.bilibili.com/video/BV19y61BnEMM/?spm_id_from=333.1387.favlist.content.click&vd_source=bdf775a036c61c0159ac2f0c251aaeb7,3,BV19y61BnEMM,【杨博文】就这个踢腿爽之 连每一根头发丝都在劲舞｜希区考克 作品152 4k双机位横屏直拍,游园会_杨博文,2026-01-31 18:31:31,414828,14605,9577,12412,1172,1513,2290,3
2026-07-05 18:29:51,https://www.bilibili.com/video/BV1M9ePzaELH/?spm_id_from=333.1387.favlist.content.click&vd_source=bdf775a036c61c0159ac2f0c251aaeb7,4,BV1M9ePzaELH,「杨博文｜卡拉永远OK」突发舞台事故？我怎么没看见,Astra_杨博文,2025-08-19 22:15:30,807807,14269,4527,9556,6136,614,515,1
2026-07-05 18:29:51,https://www.bilibili.com/video/BV1pV9GB6E96/?spm_id_from=333.1387.favlist.content.click&vd_source=bdf775a036c61c0159ac2f0c251aaeb7,5,BV1pV9GB6E96,【4K精剪】Guilty | 杨博文直拍 | 250119,underthepoplar,2026-04-01 02:23:39,47690,8851,2931,5181,241,201,200,1
2026-07-05 18:29:51,https://www.bilibili.com/video/BV1vFwNeKER9/?spm_id_from=333.1387.favlist.content.click&vd_source=bdf775a036c61c0159ac2f0c251aaeb7,6,BV1vFwNeKER9,【杨博文】guilty 4k横屏直拍｜夺命34秒，谁都无法拒绝的Legend级别，建议调大音量食用更加,游园会_杨博文,2025-01-18 22:02:36,262733,16420,8027,14227,1083,850,3081,1
2026-07-05 18:29:51,https://www.bilibili.com/video/BV1MGYnzrE9E/?spm_id_from=333.1387.favlist.content.click&vd_source=bdf775a036c61c0159ac2f0c251aaeb7,7,BV1MGYnzrE9E,杨博文跳 《Centuries》帅到窒息！！竖屏4K直拍,Kismet丨杨博文,2025-08-18 02:15:37,263314,12040,6635,7800,562,950,3368,1
2026-07-05 18:29:51,https://www.bilibili.com/video/BV1DZvDBEEjv/?spm_id_from=333.1387.favlist.content.click&vd_source=bdf775a036c61c0159ac2f0c251aaeb7,8,BV1DZvDBEEjv,终于找到了治愈我每一天的秘方 当你一开嗓 哪怕是夕阳也格外绚烂 ｜【杨博文】黄昏晓4k横屏直拍,游园会_杨博文,2026-01-01 20:53:32,23928,4086,710,2665,35,44,178,1
2026-07-05 18:29:51,https://www.bilibili.com/video/BV1owvqBJEkn/?spm_id_from=333.1387.favlist.content.click&vd_source=bdf775a036c61c0159ac2f0c251aaeb7,9,BV1owvqBJEkn,【杨博文｜黄昏晓】 4K直拍,羊圈主,2025-12-28 00:28:04,17914,4358,1028,1649,70,88,256,1
2026-07-05 18:29:51,https://www.bilibili.com/video/BV1eqY6e1Eec/?spm_id_from=333.1387.favlist.content.click&vd_source=bdf775a036c61c0159ac2f0c251aaeb7,10,BV1eqY6e1Eec,【TF家族-杨博文】蔡依林男粉！？你的杨会扭儿上线｜《看我72变》4K直拍,LOST-杨博文,2024-08-13 05:57:43,99381,9991,1629,5628,428,102,321,1
2026-07-05 18:29:51,https://www.bilibili.com/video/BV1r9BeBZEMu/?spm_id_from=333.1387.favlist.content.click&vd_source=bdf775a036c61c0159ac2f0c251aaeb7,11,BV1r9BeBZEMu,【杨博文｜4K舞台直拍】《爱要坦荡荡》，四代主唱贝斯手玩转乐队，好青春洋溢,关键时刻来瓶尖叫,2025-12-27 00:55:22,36055,4767,739,3174,50,52,64,1
2026-07-05 18:29:51,https://www.bilibili.com/video/BV1Lb6tBBEYC/?spm_id_from=333.1387.favlist.content.click&vd_source=bdf775a036c61c0159ac2f0c251aaeb7,12,BV1Lb6tBBEYC,【4K精剪】闭嘴跳舞 | 杨博文直拍 | 260201,underthepoplar,2026-02-02 00:00:55,255627,21165,13044,15447,1879,1669,2773,2
2026-07-05 18:29:51,https://www.bilibili.com/video/BV1mJ64BREZY/?spm_id_from=333.1387.favlist.content.click&vd_source=bdf775a036c61c0159ac2f0c251aaeb7,13,BV1mJ64BREZY,【杨博文】闭嘴跳舞丨当主舞穿上西装就会得到,Kismet丨杨博文,2026-02-01 18:31:00,497140,31627,3521,22706,178,103,423,5
2026-07-05 18:29:51,https://www.bilibili.com/video/BV15M64BPEVo/?spm_id_from=333.1387.favlist.content.click&vd_source=bdf775a036c61c0159ac2f0c251aaeb7,14,BV15M64BPEVo,【杨博文】舞步是我最有力的武器 请调动所有感官和我一同所向披靡｜闭嘴跳舞4k横屏双机位直拍,游园会_杨博文,2026-02-01 20:09:30,50871,7717,1402,4924,54,38,157,1
2026-07-05 18:29:51,https://www.bilibili.com/video/BV1fWYqzTECD/?spm_id_from=333.1387.favlist.content.click&vd_source=bdf775a036c61c0159ac2f0c251aaeb7,15,BV1fWYqzTECD,绝美堕天使下凡了……｜杨博文｜deja vu 4K直拍,WIX99,2025-08-16 22:18:21,13575,2047,582,893,67,44,115,1
2026-07-05 18:29:51,https://www.bilibili.com/video/BV1Bem3B1EcH/?spm_id_from=333.1387.favlist.content.click&vd_source=bdf775a036c61c0159ac2f0c251aaeb7,16,BV1Bem3B1EcH,【杨博文｜4K舞台直拍】怎么黑衣的《Deja vu》也让人看的停不下来呢,关键时刻来瓶尖叫,2025-12-12 21:30:00,12315,1402,157,1248,19,7,1,1
2026-07-05 18:29:51,https://www.bilibili.com/video/BV11kZyByE81/?spm_id_from=333.1387.favlist.content.click&vd_source=bdf775a036c61c0159ac2f0c251aaeb7,17,BV11kZyByE81,【4K精剪】Deja Vu | 杨博文直拍 | 250816 & 250817,underthepoplar,2026-02-17 20:22:24,47192,7101,3109,3343,373,229,199,1
2026-07-05 18:29:51,https://www.bilibili.com/video/BV1J7Awz8EUZ/?spm_id_from=333.1387.favlist.content.click&vd_source=bdf775a036c61c0159ac2f0c251aaeb7,18,BV1J7Awz8EUZ,自测鸡蛋果,喜欢吃鸡蛋果,2026-03-21 16:17:31,1140,0,0,1,1,0,0,1
2026-07-05 18:29:51,https://www.bilibili.com/video/BV1Xm61BEEnt/?spm_id_from=333.1387.favlist.content.click,19,BV1Xm61BEEnt,【杨博文】致命诱惑<希区考克 作品152> 4k 竖版直拍 Focus,Roseate丨杨博文,2026-01-31 17:54:23,47994,7727,3400,2846,207,259,425,1
2026-07-05 18:29:51,https://www.bilibili.com/video/BV1MtFrzLEqw/?spm_id_from=333.1387.favlist.content.click&vd_source=82c7dc283676ff6ca01b24294b7c8a32,20,BV1MtFrzLEqw,【4K】借过一下 | 杨博文直拍 | 260131,underthepoplar,2026-02-06 15:13:06,22314,3514,1450,1733,64,100,200,1
2026-07-05 18:29:51,https://www.bilibili.com/video/BV1jjF3z3Ern/?spm_id_from=333.1387.favlist.content.click&vd_source=82c7dc283676ff6ca01b24294b7c8a32,21,BV1jjF3z3Ern,【4K精剪】Why Why Why | 杨博文直拍 | 260201,underthepoplar,2026-02-03 05:55:49,68163,11397,5419,5806,294,246,614,1
2026-07-05 18:29:51,https://www.bilibili.com/video/BV1oJVD6BEEW/?spm_id_from=333.1387.favlist.content.click&vd_source=82c7dc283676ff6ca01b24294b7c8a32,22,BV1oJVD6BEEW,Hey Mama 一分钟solo | 杨博文直拍 | 251228,underthepoplar,2026-06-01 02:16:51,28581,3915,1583,2139,60,74,35,1
2026-07-05 18:29:51,https://www.bilibili.com/video/BV16MbLzPETK/?spm_id_from=333.1387.favlist.content.click&vd_source=82c7dc283676ff6ca01b24294b7c8a32,23,BV16MbLzPETK,这是洋娃娃在给我唱歌吧｜杨博文｜雨爱 4K直拍,WIX99,2025-08-11 18:44:28,3884,644,72,335,3,9,3,1
2026-07-05 18:29:51,https://www.bilibili.com/video/BV1nUFFzSE8W/?spm_id_from=333.337.search-card.all.click&vd_source=c9ba0a78401ac34b07f18808dcb060f8,24,BV1nUFFzSE8W,【4K精剪】第二类我 | 杨博文直拍 | 260201,underthepoplar,2026-02-05 03:45:45,36206,5321,3602,2771,205,202,291,1
2026-07-05 19:30:09,https://www.bilibili.com/video/BV1A5vkB2E1k/?spm_id_from=333.1387.favlist.content.click&vd_source=bdf775a036c61c0159ac2f0c251aaeb7,0,BV1A5vkB2E1k,【杨博文】Hey Mama六机位纯舞直拍丨15岁舞台统治者的诞生，四代主舞燃炸全场！,Kismet丨杨博文,2025-12-28 22:28:16,2482440,60558,42914,44064,12700,13448,20454,1
2026-07-05 19:30:09,https://www.bilibili.com/video/BV1XA6nBGEPV/?spm_id_from=333.1387.favlist.content.click&vd_source=bdf775a036c61c0159ac2f0c251aaeb7,1,BV1XA6nBGEPV,【4K精剪】希区考克 作品152 | 杨博文直拍 | 260131,underthepoplar,2026-02-01 00:23:17,1920136,22311,21429,19172,8746,3975,6795,1
2026-07-05 19:30:09,https://www.bilibili.com/video/BV15r61BWESJ/?spm_id_from=333.1387.favlist.content.click&vd_source=bdf775a036c61c0159ac2f0c251aaeb7,2,BV15r61BWESJ,【杨博文】希区考克作品152丨双机位直拍 悬疑与张力碰撞 表管拉满 少年锋芒,Kismet丨杨博文,2026-01-31 18:27:40,539489,18334,10843,15479,930,1082,1224,1
2026-07-05 19:30:09,https://www.bilibili.com/video/BV19y61BnEMM/?spm_id_from=333.1387.favlist.content.click&vd_source=bdf775a036c61c0159ac2f0c251aaeb7,3,BV19y61BnEMM,【杨博文】就这个踢腿爽之 连每一根头发丝都在劲舞｜希区考克 作品152 4k双机位横屏直拍,游园会_杨博文,2026-01-31 18:31:31,414899,14610,9577,12415,1172,1513,2290,4
2026-07-05 19:30:09,https://www.bilibili.com/video/BV1M9ePzaELH/?spm_id_from=333.1387.favlist.content.click&vd_source=bdf775a036c61c0159ac2f0c251aaeb7,4,BV1M9ePzaELH,「杨博文｜卡拉永远OK」突发舞台事故？我怎么没看见,Astra_杨博文,2025-08-19 22:15:30,807813,14269,4527,9556,6136,614,515,1
2026-07-05 19:30:09,https://www.bilibili.com/video/BV1pV9GB6E96/?spm_id_from=333.1387.favlist.content.click&vd_source=bdf775a036c61c0159ac2f0c251aaeb7,5,BV1pV9GB6E96,【4K精剪】Guilty | 杨博文直拍 | 250119,underthepoplar,2026-04-01 02:23:39,47723,8856,2931,5186,241,201,200,1
2026-07-05 19:30:09,https://www.bilibili.com/video/BV1vFwNeKER9/?spm_id_from=333.1387.favlist.content.click&vd_source=bdf775a036c61c0159ac2f0c251aaeb7,6,BV1vFwNeKER9,【杨博文】guilty 4k横屏直拍｜夺命34秒，谁都无法拒绝的Legend级别，建议调大音量食用更加,游园会_杨博文,2025-01-18 22:02:36,262745,16420,8027,14227,1083,850,3081,1
2026-07-05 19:30:09,https://www.bilibili.com/video/BV1MGYnzrE9E/?spm_id_from=333.1387.favlist.content.click&vd_source=bdf775a036c61c0159ac2f0c251aaeb7,7,BV1MGYnzrE9E,杨博文跳 《Centuries》帅到窒息！！竖屏4K直拍,Kismet丨杨博文,2025-08-18 02:15:37,263316,12040,6635,7800,562,950,3368,1
2026-07-05 19:30:09,https://www.bilibili.com/video/BV1DZvDBEEjv/?spm_id_from=333.1387.favlist.content.click&vd_source=bdf775a036c61c0159ac2f0c251aaeb7,8,BV1DZvDBEEjv,终于找到了治愈我每一天的秘方 当你一开嗓 哪怕是夕阳也格外绚烂 ｜【杨博文】黄昏晓4k横屏直拍,游园会_杨博文,2026-01-01 20:53:32,23928,4086,710,2665,35,44,178,1
2026-07-05 19:30:09,https://www.bilibili.com/video/BV1owvqBJEkn/?spm_id_from=333.1387.favlist.content.click&vd_source=bdf775a036c61c0159ac2f0c251aaeb7,9,BV1owvqBJEkn,【杨博文｜黄昏晓】 4K直拍,羊圈主,2025-12-28 00:28:04,17914,4358,1028,1649,70,88,256,1
2026-07-05 19:30:09,https://www.bilibili.com/video/BV1eqY6e1Eec/?spm_id_from=333.1387.favlist.content.click&vd_source=bdf775a036c61c0159ac2f0c251aaeb7,10,BV1eqY6e1Eec,【TF家族-杨博文】蔡依林男粉！？你的杨会扭儿上线｜《看我72变》4K直拍,LOST-杨博文,2024-08-13 05:57:43,99391,9992,1629,5628,428,102,321,1
2026-07-05 19:30:09,https://www.bilibili.com/video/BV1r9BeBZEMu/?spm_id_from=333.1387.favlist.content.click&vd_source=bdf775a036c61c0159ac2f0c251aaeb7,11,BV1r9BeBZEMu,【杨博文｜4K舞台直拍】《爱要坦荡荡》，四代主唱贝斯手玩转乐队，好青春洋溢,关键时刻来瓶尖叫,2025-12-27 00:55:22,36059,4767,739,3174,50,52,64,1
2026-07-05 19:30:09,https://www.bilibili.com/video/BV1Lb6tBBEYC/?spm_id_from=333.1387.favlist.content.click&vd_source=bdf775a036c61c0159ac2f0c251aaeb7,12,BV1Lb6tBBEYC,【4K精剪】闭嘴跳舞 | 杨博文直拍 | 260201,underthepoplar,2026-02-02 00:00:55,255835,21174,13046,15453,1879,1669,2773,3
2026-07-05 19:30:09,https://www.bilibili.com/video/BV1mJ64BREZY/?spm_id_from=333.1387.favlist.content.click&vd_source=bdf775a036c61c0159ac2f0c251aaeb7,13,BV1mJ64BREZY,【杨博文】闭嘴跳舞丨当主舞穿上西装就会得到,Kismet丨杨博文,2026-02-01 18:31:00,497323,31633,3521,22707,178,103,423,5
2026-07-05 19:30:09,https://www.bilibili.com/video/BV15M64BPEVo/?spm_id_from=333.1387.favlist.content.click&vd_source=bdf775a036c61c0159ac2f0c251aaeb7,14,BV15M64BPEVo,【杨博文】舞步是我最有力的武器 请调动所有感官和我一同所向披靡｜闭嘴跳舞4k横屏双机位直拍,游园会_杨博文,2026-02-01 20:09:30,50889,7722,1402,4930,54,38,157,1
2026-07-05 19:30:09,https://www.bilibili.com/video/BV1fWYqzTECD/?spm_id_from=333.1387.favlist.content.click&vd_source=bdf775a036c61c0159ac2f0c251aaeb7,15,BV1fWYqzTECD,绝美堕天使下凡了……｜杨博文｜deja vu 4K直拍,WIX99,2025-08-16 22:18:21,13575,2047,582,893,67,44,115,1
2026-07-05 19:30:09,https://www.bilibili.com/video/BV1Bem3B1EcH/?spm_id_from=333.1387.favlist.content.click&vd_source=bdf775a036c61c0159ac2f0c251aaeb7,16,BV1Bem3B1EcH,【杨博文｜4K舞台直拍】怎么黑衣的《Deja vu》也让人看的停不下来呢,关键时刻来瓶尖叫,2025-12-12 21:30:00,12318,1402,157,1248,19,7,1,1
2026-07-05 19:30:09,https://www.bilibili.com/video/BV11kZyByE81/?spm_id_from=333.1387.favlist.content.click&vd_source=bdf775a036c61c0159ac2f0c251aaeb7,17,BV11kZyByE81,【4K精剪】Deja Vu | 杨博文直拍 | 250816 & 250817,underthepoplar,2026-02-17 20:22:24,47212,7104,3109,3343,373,229,199,1
2026-07-05 19:30:09,https://www.bilibili.com/video/BV1J7Awz8EUZ/?spm_id_from=333.1387.favlist.content.click&vd_source=bdf775a036c61c0159ac2f0c251aaeb7,18,BV1J7Awz8EUZ,自测鸡蛋果,喜欢吃鸡蛋果,2026-03-21 16:17:31,1156,0,0,1,1,0,0,1
2026-07-05 19:30:09,https://www.bilibili.com/video/BV1Xm61BEEnt/?spm_id_from=333.1387.favlist.content.click,19,BV1Xm61BEEnt,【杨博文】致命诱惑<希区考克 作品152> 4k 竖版直拍 Focus,Roseate丨杨博文,2026-01-31 17:54:23,47997,7727,3400,2846,207,259,425,1
2026-07-05 19:30:09,https://www.bilibili.com/video/BV1MtFrzLEqw/?spm_id_from=333.1387.favlist.content.click&vd_source=82c7dc283676ff6ca01b24294b7c8a32,20,BV1MtFrzLEqw,【4K】借过一下 | 杨博文直拍 | 260131,underthepoplar,2026-02-06 15:13:06,22344,3517,1450,1735,64,100,200,1
2026-07-05 19:30:09,https://www.bilibili.com/video/BV1jjF3z3Ern/?spm_id_from=333.1387.favlist.content.click&vd_source=82c7dc283676ff6ca01b24294b7c8a32,21,BV1jjF3z3Ern,【4K精剪】Why Why Why | 杨博文直拍 | 260201,underthepoplar,2026-02-03 05:55:49,68212,11404,5423,5810,294,246,614,1
2026-07-05 19:30:09,https://www.bilibili.com/video/BV1oJVD6BEEW/?spm_id_from=333.1387.favlist.content.click&vd_source=82c7dc283676ff6ca01b24294b7c8a32,22,BV1oJVD6BEEW,Hey Mama 一分钟solo | 杨博文直拍 | 251228,underthepoplar,2026-06-01 02:16:51,28676,3921,1583,2143,60,74,35,1
2026-07-05 19:30:09,https://www.bilibili.com/video/BV16MbLzPETK/?spm_id_from=333.1387.favlist.content.click&vd_source=82c7dc283676ff6ca01b24294b7c8a32,23,BV16MbLzPETK,这是洋娃娃在给我唱歌吧｜杨博文｜雨爱 4K直拍,WIX99,2025-08-11 18:44:28,3903,644,72,335,3,9,3,1
2026-07-05 19:30:09,https://www.bilibili.com/video/BV1nUFFzSE8W/?spm_id_from=333.337.search-card.all.click&vd_source=c9ba0a78401ac34b07f18808dcb060f8,24,BV1nUFFzSE8W,【4K精剪】第二类我 | 杨博文直拍 | 260201,underthepoplar,2026-02-05 03:45:45,36218,5322,3602,2772,205,202,291,1
2026-07-05 20:30:28,https://www.bilibili.com/video/BV1A5vkB2E1k/?spm_id_from=333.1387.favlist.content.click&vd_source=bdf775a036c61c0159ac2f0c251aaeb7,0,BV1A5vkB2E1k,【杨博文】Hey Mama六机位纯舞直拍丨15岁舞台统治者的诞生，四代主舞燃炸全场！,Kismet丨杨博文,2025-12-28 22:28:16,2482532,60559,42915,44068,12705,13448,20455,4
2026-07-05 20:30:28,https://www.bilibili.com/video/BV1XA6nBGEPV/?spm_id_from=333.1387.favlist.content.click&vd_source=bdf775a036c61c0159ac2f0c251aaeb7,1,BV1XA6nBGEPV,【4K精剪】希区考克 作品152 | 杨博文直拍 | 260131,underthepoplar,2026-02-01 00:23:17,1920151,22311,21429,19172,8748,3975,6795,1
2026-07-05 20:30:28,https://www.bilibili.com/video/BV15r61BWESJ/?spm_id_from=333.1387.favlist.content.click&vd_source=bdf775a036c61c0159ac2f0c251aaeb7,2,BV15r61BWESJ,【杨博文】希区考克作品152丨双机位直拍 悬疑与张力碰撞 表管拉满 少年锋芒,Kismet丨杨博文,2026-01-31 18:27:40,539525,18338,10846,15482,930,1082,1224,2
2026-07-05 20:30:28,https://www.bilibili.com/video/BV19y61BnEMM/?spm_id_from=333.1387.favlist.content.click&vd_source=bdf775a036c61c0159ac2f0c251aaeb7,3,BV19y61BnEMM,【杨博文】就这个踢腿爽之 连每一根头发丝都在劲舞｜希区考克 作品152 4k双机位横屏直拍,游园会_杨博文,2026-01-31 18:31:31,414958,14613,9577,12419,1173,1513,2290,1
2026-07-05 20:30:28,https://www.bilibili.com/video/BV1M9ePzaELH/?spm_id_from=333.1387.favlist.content.click&vd_source=bdf775a036c61c0159ac2f0c251aaeb7,4,BV1M9ePzaELH,「杨博文｜卡拉永远OK」突发舞台事故？我怎么没看见,Astra_杨博文,2025-08-19 22:15:30,807826,14269,4527,9556,6140,614,515,1
2026-07-05 20:30:28,https://www.bilibili.com/video/BV1pV9GB6E96/?spm_id_from=333.1387.favlist.content.click&vd_source=bdf775a036c61c0159ac2f0c251aaeb7,5,BV1pV9GB6E96,【4K精剪】Guilty | 杨博文直拍 | 250119,underthepoplar,2026-04-01 02:23:39,47747,8857,2931,5187,241,201,200,1
2026-07-05 20:30:28,https://www.bilibili.com/video/BV1vFwNeKER9/?spm_id_from=333.1387.favlist.content.click&vd_source=bdf775a036c61c0159ac2f0c251aaeb7,6,BV1vFwNeKER9,【杨博文】guilty 4k横屏直拍｜夺命34秒，谁都无法拒绝的Legend级别，建议调大音量食用更加,游园会_杨博文,2025-01-18 22:02:36,262759,16420,8027,14228,1083,850,3081,1
2026-07-05 20:30:28,https://www.bilibili.com/video/BV1MGYnzrE9E/?spm_id_from=333.1387.favlist.content.click&vd_source=bdf775a036c61c0159ac2f0c251aaeb7,7,BV1MGYnzrE9E,杨博文跳 《Centuries》帅到窒息！！竖屏4K直拍,Kismet丨杨博文,2025-08-18 02:15:37,263318,12040,6635,7800,562,950,3368,1
2026-07-05 20:30:28,https://www.bilibili.com/video/BV1DZvDBEEjv/?spm_id_from=333.1387.favlist.content.click&vd_source=bdf775a036c61c0159ac2f0c251aaeb7,8,BV1DZvDBEEjv,终于找到了治愈我每一天的秘方 当你一开嗓 哪怕是夕阳也格外绚烂 ｜【杨博文】黄昏晓4k横屏直拍,游园会_杨博文,2026-01-01 20:53:32,23928,4086,710,2665,35,44,178,1
2026-07-05 20:30:28,https://www.bilibili.com/video/BV1owvqBJEkn/?spm_id_from=333.1387.favlist.content.click&vd_source=bdf775a036c61c0159ac2f0c251aaeb7,9,BV1owvqBJEkn,【杨博文｜黄昏晓】 4K直拍,羊圈主,2025-12-28 00:28:04,17914,4358,1028,1649,70,88,256,1
2026-07-05 20:30:28,https://www.bilibili.com/video/BV1eqY6e1Eec/?spm_id_from=333.1387.favlist.content.click&vd_source=bdf775a036c61c0159ac2f0c251aaeb7,10,BV1eqY6e1Eec,【TF家族-杨博文】蔡依林男粉！？你的杨会扭儿上线｜《看我72变》4K直拍,LOST-杨博文,2024-08-13 05:57:43,99396,9993,1629,5628,428,102,321,1
2026-07-05 20:30:28,https://www.bilibili.com/video/BV1r9BeBZEMu/?spm_id_from=333.1387.favlist.content.click&vd_source=bdf775a036c61c0159ac2f0c251aaeb7,11,BV1r9BeBZEMu,【杨博文｜4K舞台直拍】《爱要坦荡荡》，四代主唱贝斯手玩转乐队，好青春洋溢,关键时刻来瓶尖叫,2025-12-27 00:55:22,36060,4767,739,3174,50,52,64,1
2026-07-05 20:30:28,https://www.bilibili.com/video/BV1Lb6tBBEYC/?spm_id_from=333.1387.favlist.content.click&vd_source=bdf775a036c61c0159ac2f0c251aaeb7,12,BV1Lb6tBBEYC,【4K精剪】闭嘴跳舞 | 杨博文直拍 | 260201,underthepoplar,2026-02-02 00:00:55,256059,21192,13050,15466,1880,1669,2773,3
2026-07-05 20:30:28,https://www.bilibili.com/video/BV1mJ64BREZY/?spm_id_from=333.1387.favlist.content.click&vd_source=bdf775a036c61c0159ac2f0c251aaeb7,13,BV1mJ64BREZY,【杨博文】闭嘴跳舞丨当主舞穿上西装就会得到,Kismet丨杨博文,2026-02-01 18:31:00,497551,31642,3523,22711,178,103,423,4
2026-07-05 20:30:28,https://www.bilibili.com/video/BV15M64BPEVo/?spm_id_from=333.1387.favlist.content.click&vd_source=bdf775a036c61c0159ac2f0c251aaeb7,14,BV15M64BPEVo,【杨博文】舞步是我最有力的武器 请调动所有感官和我一同所向披靡｜闭嘴跳舞4k横屏双机位直拍,游园会_杨博文,2026-02-01 20:09:30,50906,7724,1402,4932,54,38,157,1
2026-07-05 20:30:28,https://www.bilibili.com/video/BV1fWYqzTECD/?spm_id_from=333.1387.favlist.content.click&vd_source=bdf775a036c61c0159ac2f0c251aaeb7,15,BV1fWYqzTECD,绝美堕天使下凡了……｜杨博文｜deja vu 4K直拍,WIX99,2025-08-16 22:18:21,13575,2047,582,893,67,44,115,1
2026-07-05 20:30:28,https://www.bilibili.com/video/BV1Bem3B1EcH/?spm_id_from=333.1387.favlist.content.click&vd_source=bdf775a036c61c0159ac2f0c251aaeb7,16,BV1Bem3B1EcH,【杨博文｜4K舞台直拍】怎么黑衣的《Deja vu》也让人看的停不下来呢,关键时刻来瓶尖叫,2025-12-12 21:30:00,12320,1402,157,1248,19,7,1,1
2026-07-05 20:30:28,https://www.bilibili.com/video/BV11kZyByE81/?spm_id_from=333.1387.favlist.content.click&vd_source=bdf775a036c61c0159ac2f0c251aaeb7,17,BV11kZyByE81,【4K精剪】Deja Vu | 杨博文直拍 | 250816 & 250817,underthepoplar,2026-02-17 20:22:24,47229,7106,3109,3343,373,229,199,1
2026-07-05 20:30:28,https://www.bilibili.com/video/BV1J7Awz8EUZ/?spm_id_from=333.1387.favlist.content.click&vd_source=bdf775a036c61c0159ac2f0c251aaeb7,18,BV1J7Awz8EUZ,自测鸡蛋果,喜欢吃鸡蛋果,2026-03-21 16:17:31,1169,0,0,1,1,0,0,1
2026-07-05 20:30:28,https://www.bilibili.com/video/BV1Xm61BEEnt/?spm_id_from=333.1387.favlist.content.click,19,BV1Xm61BEEnt,【杨博文】致命诱惑<希区考克 作品152> 4k 竖版直拍 Focus,Roseate丨杨博文,2026-01-31 17:54:23,48001,7727,3400,2845,207,259,425,1
2026-07-05 20:30:28,https://www.bilibili.com/video/BV1MtFrzLEqw/?spm_id_from=333.1387.favlist.content.click&vd_source=82c7dc283676ff6ca01b24294b7c8a32,20,BV1MtFrzLEqw,【4K】借过一下 | 杨博文直拍 | 260131,underthepoplar,2026-02-06 15:13:06,22371,3518,1450,1736,64,100,200,1
2026-07-05 20:30:28,https://www.bilibili.com/video/BV1jjF3z3Ern/?spm_id_from=333.1387.favlist.content.click&vd_source=82c7dc283676ff6ca01b24294b7c8a32,21,BV1jjF3z3Ern,【4K精剪】Why Why Why | 杨博文直拍 | 260201,underthepoplar,2026-02-03 05:55:49,68254,11407,5423,5812,295,246,614,1
2026-07-05 20:30:28,https://www.bilibili.com/video/BV1oJVD6BEEW/?spm_id_from=333.1387.favlist.content.click&vd_source=82c7dc283676ff6ca01b24294b7c8a32,22,BV1oJVD6BEEW,Hey Mama 一分钟solo | 杨博文直拍 | 251228,underthepoplar,2026-06-01 02:16:51,28751,3927,1587,2147,60,74,35,1
2026-07-05 20:30:28,https://www.bilibili.com/video/BV16MbLzPETK/?spm_id_from=333.1387.favlist.content.click&vd_source=82c7dc283676ff6ca01b24294b7c8a32,23,BV16MbLzPETK,这是洋娃娃在给我唱歌吧｜杨博文｜雨爱 4K直拍,WIX99,2025-08-11 18:44:28,3918,644,72,335,3,9,3,1
2026-07-05 20:30:28,https://www.bilibili.com/video/BV1nUFFzSE8W/?spm_id_from=333.337.search-card.all.click&vd_source=c9ba0a78401ac34b07f18808dcb060f8,24,BV1nUFFzSE8W,【4K精剪】第二类我 | 杨博文直拍 | 260201,underthepoplar,2026-02-05 03:45:45,36228,5324,3602,2773,205,202,291,1
2026-07-05 21:30:46,https://www.bilibili.com/video/BV1A5vkB2E1k/?spm_id_from=333.1387.favlist.content.click&vd_source=bdf775a036c61c0159ac2f0c251aaeb7,0,BV1A5vkB2E1k,【杨博文】Hey Mama六机位纯舞直拍丨15岁舞台统治者的诞生，四代主舞燃炸全场！,Kismet丨杨博文,2025-12-28 22:28:16,2482630,60563,42917,44071,12707,13448,20455,7
2026-07-05 21:30:46,https://www.bilibili.com/video/BV1XA6nBGEPV/?spm_id_from=333.1387.favlist.content.click&vd_source=bdf775a036c61c0159ac2f0c251aaeb7,1,BV1XA6nBGEPV,【4K精剪】希区考克 作品152 | 杨博文直拍 | 260131,underthepoplar,2026-02-01 00:23:17,1920169,22311,21429,19172,8750,3975,6795,2
2026-07-05 21:30:46,https://www.bilibili.com/video/BV15r61BWESJ/?spm_id_from=333.1387.favlist.content.click&vd_source=bdf775a036c61c0159ac2f0c251aaeb7,2,BV15r61BWESJ,【杨博文】希区考克作品152丨双机位直拍 悬疑与张力碰撞 表管拉满 少年锋芒,Kismet丨杨博文,2026-01-31 18:27:40,539543,18339,10846,15483,930,1082,1224,1
2026-07-05 21:30:46,https://www.bilibili.com/video/BV19y61BnEMM/?spm_id_from=333.1387.favlist.content.click&vd_source=bdf775a036c61c0159ac2f0c251aaeb7,3,BV19y61BnEMM,【杨博文】就这个踢腿爽之 连每一根头发丝都在劲舞｜希区考克 作品152 4k双机位横屏直拍,游园会_杨博文,2026-01-31 18:31:31,414994,14614,9577,12421,1174,1513,2290,1
2026-07-05 21:30:46,https://www.bilibili.com/video/BV1M9ePzaELH/?spm_id_from=333.1387.favlist.content.click&vd_source=bdf775a036c61c0159ac2f0c251aaeb7,4,BV1M9ePzaELH,「杨博文｜卡拉永远OK」突发舞台事故？我怎么没看见,Astra_杨博文,2025-08-19 22:15:30,807836,14269,4527,9556,6140,614,515,1
2026-07-05 21:30:46,https://www.bilibili.com/video/BV1pV9GB6E96/?spm_id_from=333.1387.favlist.content.click&vd_source=bdf775a036c61c0159ac2f0c251aaeb7,5,BV1pV9GB6E96,【4K精剪】Guilty | 杨博文直拍 | 250119,underthepoplar,2026-04-01 02:23:39,47777,8862,2932,5190,241,201,200,1
2026-07-05 21:30:46,https://www.bilibili.com/video/BV1vFwNeKER9/?spm_id_from=333.1387.favlist.content.click&vd_source=bdf775a036c61c0159ac2f0c251aaeb7,6,BV1vFwNeKER9,【杨博文】guilty 4k横屏直拍｜夺命34秒，谁都无法拒绝的Legend级别，建议调大音量食用更加,游园会_杨博文,2025-01-18 22:02:36,262767,16421,8027,14228,1083,850,3081,1
2026-07-05 21:30:46,https://www.bilibili.com/video/BV1MGYnzrE9E/?spm_id_from=333.1387.favlist.content.click&vd_source=bdf775a036c61c0159ac2f0c251aaeb7,7,BV1MGYnzrE9E,杨博文跳 《Centuries》帅到窒息！！竖屏4K直拍,Kismet丨杨博文,2025-08-18 02:15:37,263323,12040,6635,7800,562,950,3368,1
2026-07-05 21:30:46,https://www.bilibili.com/video/BV1DZvDBEEjv/?spm_id_from=333.1387.favlist.content.click&vd_source=bdf775a036c61c0159ac2f0c251aaeb7,8,BV1DZvDBEEjv,终于找到了治愈我每一天的秘方 当你一开嗓 哪怕是夕阳也格外绚烂 ｜【杨博文】黄昏晓4k横屏直拍,游园会_杨博文,2026-01-01 20:53:32,23931,4086,710,2664,35,44,178,1
2026-07-05 21:30:46,https://www.bilibili.com/video/BV1owvqBJEkn/?spm_id_from=333.1387.favlist.content.click&vd_source=bdf775a036c61c0159ac2f0c251aaeb7,9,BV1owvqBJEkn,【杨博文｜黄昏晓】 4K直拍,羊圈主,2025-12-28 00:28:04,17915,4358,1028,1649,70,88,256,1
2026-07-05 21:30:46,https://www.bilibili.com/video/BV1eqY6e1Eec/?spm_id_from=333.1387.favlist.content.click&vd_source=bdf775a036c61c0159ac2f0c251aaeb7,10,BV1eqY6e1Eec,【TF家族-杨博文】蔡依林男粉！？你的杨会扭儿上线｜《看我72变》4K直拍,LOST-杨博文,2024-08-13 05:57:43,99398,9992,1629,5628,428,102,321,1
2026-07-05 21:30:46,https://www.bilibili.com/video/BV1r9BeBZEMu/?spm_id_from=333.1387.favlist.content.click&vd_source=bdf775a036c61c0159ac2f0c251aaeb7,11,BV1r9BeBZEMu,【杨博文｜4K舞台直拍】《爱要坦荡荡》，四代主唱贝斯手玩转乐队，好青春洋溢,关键时刻来瓶尖叫,2025-12-27 00:55:22,36067,4767,739,3174,50,52,64,1
2026-07-05 21:30:46,https://www.bilibili.com/video/BV1Lb6tBBEYC/?spm_id_from=333.1387.favlist.content.click&vd_source=bdf775a036c61c0159ac2f0c251aaeb7,12,BV1Lb6tBBEYC,【4K精剪】闭嘴跳舞 | 杨博文直拍 | 260201,underthepoplar,2026-02-02 00:00:55,256218,21206,13051,15473,1880,1669,2782,3
2026-07-05 21:30:46,https://www.bilibili.com/video/BV1mJ64BREZY/?spm_id_from=333.1387.favlist.content.click&vd_source=bdf775a036c61c0159ac2f0c251aaeb7,13,BV1mJ64BREZY,【杨博文】闭嘴跳舞丨当主舞穿上西装就会得到,Kismet丨杨博文,2026-02-01 18:31:00,497779,31645,3523,22720,178,103,423,6
2026-07-05 21:30:46,https://www.bilibili.com/video/BV15M64BPEVo/?spm_id_from=333.1387.favlist.content.click&vd_source=bdf775a036c61c0159ac2f0c251aaeb7,14,BV15M64BPEVo,【杨博文】舞步是我最有力的武器 请调动所有感官和我一同所向披靡｜闭嘴跳舞4k横屏双机位直拍,游园会_杨博文,2026-02-01 20:09:30,50924,7725,1402,4933,54,38,157,1
2026-07-05 21:30:46,https://www.bilibili.com/video/BV1fWYqzTECD/?spm_id_from=333.1387.favlist.content.click&vd_source=bdf775a036c61c0159ac2f0c251aaeb7,15,BV1fWYqzTECD,绝美堕天使下凡了……｜杨博文｜deja vu 4K直拍,WIX99,2025-08-16 22:18:21,13575,2047,582,893,67,44,115,1
2026-07-05 21:30:46,https://www.bilibili.com/video/BV1Bem3B1EcH/?spm_id_from=333.1387.favlist.content.click&vd_source=bdf775a036c61c0159ac2f0c251aaeb7,16,BV1Bem3B1EcH,【杨博文｜4K舞台直拍】怎么黑衣的《Deja vu》也让人看的停不下来呢,关键时刻来瓶尖叫,2025-12-12 21:30:00,12323,1402,157,1248,19,7,1,1
2026-07-05 21:30:46,https://www.bilibili.com/video/BV11kZyByE81/?spm_id_from=333.1387.favlist.content.click&vd_source=bdf775a036c61c0159ac2f0c251aaeb7,17,BV11kZyByE81,【4K精剪】Deja Vu | 杨博文直拍 | 250816 & 250817,underthepoplar,2026-02-17 20:22:24,47252,7109,3110,3345,374,229,199,1
2026-07-05 21:30:46,https://www.bilibili.com/video/BV1J7Awz8EUZ/?spm_id_from=333.1387.favlist.content.click&vd_source=bdf775a036c61c0159ac2f0c251aaeb7,18,BV1J7Awz8EUZ,自测鸡蛋果,喜欢吃鸡蛋果,2026-03-21 16:17:31,1169,0,0,1,1,0,0,1
2026-07-05 21:30:46,https://www.bilibili.com/video/BV1Xm61BEEnt/?spm_id_from=333.1387.favlist.content.click,19,BV1Xm61BEEnt,【杨博文】致命诱惑<希区考克 作品152> 4k 竖版直拍 Focus,Roseate丨杨博文,2026-01-31 17:54:23,48006,7727,3400,2845,207,259,425,1
2026-07-05 21:30:46,https://www.bilibili.com/video/BV1MtFrzLEqw/?spm_id_from=333.1387.favlist.content.click&vd_source=82c7dc283676ff6ca01b24294b7c8a32,20,BV1MtFrzLEqw,【4K】借过一下 | 杨博文直拍 | 260131,underthepoplar,2026-02-06 15:13:06,22379,3521,1451,1737,64,100,200,1
2026-07-05 21:30:46,https://www.bilibili.com/video/BV1jjF3z3Ern/?spm_id_from=333.1387.favlist.content.click&vd_source=82c7dc283676ff6ca01b24294b7c8a32,21,BV1jjF3z3Ern,【4K精剪】Why Why Why | 杨博文直拍 | 260201,underthepoplar,2026-02-03 05:55:49,68276,11411,5423,5814,295,246,614,1
2026-07-05 21:30:46,https://www.bilibili.com/video/BV1oJVD6BEEW/?spm_id_from=333.1387.favlist.content.click&vd_source=82c7dc283676ff6ca01b24294b7c8a32,22,BV1oJVD6BEEW,Hey Mama 一分钟solo | 杨博文直拍 | 251228,underthepoplar,2026-06-01 02:16:51,28819,3931,1588,2150,60,74,35,2
2026-07-05 21:30:46,https://www.bilibili.com/video/BV16MbLzPETK/?spm_id_from=333.1387.favlist.content.click&vd_source=82c7dc283676ff6ca01b24294b7c8a32,23,BV16MbLzPETK,这是洋娃娃在给我唱歌吧｜杨博文｜雨爱 4K直拍,WIX99,2025-08-11 18:44:28,3918,644,72,335,3,9,3,1
2026-07-05 21:30:46,https://www.bilibili.com/video/BV1nUFFzSE8W/?spm_id_from=333.337.search-card.all.click&vd_source=c9ba0a78401ac34b07f18808dcb060f8,24,BV1nUFFzSE8W,【4K精剪】第二类我 | 杨博文直拍 | 260201,underthepoplar,2026-02-05 03:45:45,36235,5325,3602,2773,205,202,291,1
2026-07-05 22:31:04,https://www.bilibili.com/video/BV1A5vkB2E1k/?spm_id_from=333.1387.favlist.content.click&vd_source=bdf775a036c61c0159ac2f0c251aaeb7,0,BV1A5vkB2E1k,【杨博文】Hey Mama六机位纯舞直拍丨15岁舞台统治者的诞生，四代主舞燃炸全场！,Kismet丨杨博文,2025-12-28 22:28:16,2482736,60568,42917,44070,12709,13448,20456,3
2026-07-05 22:31:04,https://www.bilibili.com/video/BV1XA6nBGEPV/?spm_id_from=333.1387.favlist.content.click&vd_source=bdf775a036c61c0159ac2f0c251aaeb7,1,BV1XA6nBGEPV,【4K精剪】希区考克 作品152 | 杨博文直拍 | 260131,underthepoplar,2026-02-01 00:23:17,1920191,22311,21429,19171,8750,3975,6796,1
2026-07-05 22:31:04,https://www.bilibili.com/video/BV15r61BWESJ/?spm_id_from=333.1387.favlist.content.click&vd_source=bdf775a036c61c0159ac2f0c251aaeb7,2,BV15r61BWESJ,【杨博文】希区考克作品152丨双机位直拍 悬疑与张力碰撞 表管拉满 少年锋芒,Kismet丨杨博文,2026-01-31 18:27:40,539568,18340,10846,15484,930,1082,1224,1
2026-07-05 22:31:04,https://www.bilibili.com/video/BV19y61BnEMM/?spm_id_from=333.1387.favlist.content.click&vd_source=bdf775a036c61c0159ac2f0c251aaeb7,3,BV19y61BnEMM,【杨博文】就这个踢腿爽之 连每一根头发丝都在劲舞｜希区考克 作品152 4k双机位横屏直拍,游园会_杨博文,2026-01-31 18:31:31,415048,14616,9577,12420,1174,1513,2290,4
2026-07-05 22:31:04,https://www.bilibili.com/video/BV1M9ePzaELH/?spm_id_from=333.1387.favlist.content.click&vd_source=bdf775a036c61c0159ac2f0c251aaeb7,4,BV1M9ePzaELH,「杨博文｜卡拉永远OK」突发舞台事故？我怎么没看见,Astra_杨博文,2025-08-19 22:15:30,807848,14270,4527,9556,6142,614,515,1
2026-07-05 22:31:04,https://www.bilibili.com/video/BV1pV9GB6E96/?spm_id_from=333.1387.favlist.content.click&vd_source=bdf775a036c61c0159ac2f0c251aaeb7,5,BV1pV9GB6E96,【4K精剪】Guilty | 杨博文直拍 | 250119,underthepoplar,2026-04-01 02:23:39,47806,8864,2932,5193,241,201,200,1
2026-07-05 22:31:04,https://www.bilibili.com/video/BV1vFwNeKER9/?spm_id_from=333.1387.favlist.content.click&vd_source=bdf775a036c61c0159ac2f0c251aaeb7,6,BV1vFwNeKER9,【杨博文】guilty 4k横屏直拍｜夺命34秒，谁都无法拒绝的Legend级别，建议调大音量食用更加,游园会_杨博文,2025-01-18 22:02:36,262788,16423,8029,14229,1083,850,3081,1
2026-07-05 22:31:04,https://www.bilibili.com/video/BV1MGYnzrE9E/?spm_id_from=333.1387.favlist.content.click&vd_source=bdf775a036c61c0159ac2f0c251aaeb7,7,BV1MGYnzrE9E,杨博文跳 《Centuries》帅到窒息！！竖屏4K直拍,Kismet丨杨博文,2025-08-18 02:15:37,263326,12040,6635,7800,562,950,3368,1
2026-07-05 22:31:04,https://www.bilibili.com/video/BV1DZvDBEEjv/?spm_id_from=333.1387.favlist.content.click&vd_source=bdf775a036c61c0159ac2f0c251aaeb7,8,BV1DZvDBEEjv,终于找到了治愈我每一天的秘方 当你一开嗓 哪怕是夕阳也格外绚烂 ｜【杨博文】黄昏晓4k横屏直拍,游园会_杨博文,2026-01-01 20:53:32,23933,4086,710,2664,35,44,178,1
2026-07-05 22:31:04,https://www.bilibili.com/video/BV1owvqBJEkn/?spm_id_from=333.1387.favlist.content.click&vd_source=bdf775a036c61c0159ac2f0c251aaeb7,9,BV1owvqBJEkn,【杨博文｜黄昏晓】 4K直拍,羊圈主,2025-12-28 00:28:04,17915,4358,1028,1649,70,88,256,1
2026-07-05 22:31:04,https://www.bilibili.com/video/BV1eqY6e1Eec/?spm_id_from=333.1387.favlist.content.click&vd_source=bdf775a036c61c0159ac2f0c251aaeb7,10,BV1eqY6e1Eec,【TF家族-杨博文】蔡依林男粉！？你的杨会扭儿上线｜《看我72变》4K直拍,LOST-杨博文,2024-08-13 05:57:43,99401,9993,1629,5628,428,102,321,1
2026-07-05 22:31:04,https://www.bilibili.com/video/BV1r9BeBZEMu/?spm_id_from=333.1387.favlist.content.click&vd_source=bdf775a036c61c0159ac2f0c251aaeb7,11,BV1r9BeBZEMu,【杨博文｜4K舞台直拍】《爱要坦荡荡》，四代主唱贝斯手玩转乐队，好青春洋溢,关键时刻来瓶尖叫,2025-12-27 00:55:22,36070,4767,739,3174,50,52,64,1
2026-07-05 22:31:04,https://www.bilibili.com/video/BV1Lb6tBBEYC/?spm_id_from=333.1387.favlist.content.click&vd_source=bdf775a036c61c0159ac2f0c251aaeb7,12,BV1Lb6tBBEYC,【4K精剪】闭嘴跳舞 | 杨博文直拍 | 260201,underthepoplar,2026-02-02 00:00:55,256382,21218,13051,15480,1880,1669,2782,3
2026-07-05 22:31:04,https://www.bilibili.com/video/BV1mJ64BREZY/?spm_id_from=333.1387.favlist.content.click&vd_source=bdf775a036c61c0159ac2f0c251aaeb7,13,BV1mJ64BREZY,【杨博文】闭嘴跳舞丨当主舞穿上西装就会得到,Kismet丨杨博文,2026-02-01 18:31:00,497955,31650,3523,22722,178,103,423,4
2026-07-05 22:31:04,https://www.bilibili.com/video/BV15M64BPEVo/?spm_id_from=333.1387.favlist.content.click&vd_source=bdf775a036c61c0159ac2f0c251aaeb7,14,BV15M64BPEVo,【杨博文】舞步是我最有力的武器 请调动所有感官和我一同所向披靡｜闭嘴跳舞4k横屏双机位直拍,游园会_杨博文,2026-02-01 20:09:30,50936,7725,1402,4933,54,38,157,2
2026-07-05 22:31:04,https://www.bilibili.com/video/BV1fWYqzTECD/?spm_id_from=333.1387.favlist.content.click&vd_source=bdf775a036c61c0159ac2f0c251aaeb7,15,BV1fWYqzTECD,绝美堕天使下凡了……｜杨博文｜deja vu 4K直拍,WIX99,2025-08-16 22:18:21,13577,2048,582,893,67,44,115,1
2026-07-05 22:31:04,https://www.bilibili.com/video/BV1Bem3B1EcH/?spm_id_from=333.1387.favlist.content.click&vd_source=bdf775a036c61c0159ac2f0c251aaeb7,16,BV1Bem3B1EcH,【杨博文｜4K舞台直拍】怎么黑衣的《Deja vu》也让人看的停不下来呢,关键时刻来瓶尖叫,2025-12-12 21:30:00,12325,1402,157,1248,19,7,1,1
2026-07-05 22:31:04,https://www.bilibili.com/video/BV11kZyByE81/?spm_id_from=333.1387.favlist.content.click&vd_source=bdf775a036c61c0159ac2f0c251aaeb7,17,BV11kZyByE81,【4K精剪】Deja Vu | 杨博文直拍 | 250816 & 250817,underthepoplar,2026-02-17 20:22:24,47275,7111,3110,3346,374,229,199,1
2026-07-05 22:31:04,https://www.bilibili.com/video/BV1J7Awz8EUZ/?spm_id_from=333.1387.favlist.content.click&vd_source=bdf775a036c61c0159ac2f0c251aaeb7,18,BV1J7Awz8EUZ,自测鸡蛋果,喜欢吃鸡蛋果,2026-03-21 16:17:31,1169,0,0,1,1,0,0,1
2026-07-05 22:31:04,https://www.bilibili.com/video/BV1Xm61BEEnt/?spm_id_from=333.1387.favlist.content.click,19,BV1Xm61BEEnt,【杨博文】致命诱惑<希区考克 作品152> 4k 竖版直拍 Focus,Roseate丨杨博文,2026-01-31 17:54:23,48009,7727,3400,2844,207,259,425,1
2026-07-05 22:31:04,https://www.bilibili.com/video/BV1MtFrzLEqw/?spm_id_from=333.1387.favlist.content.click&vd_source=82c7dc283676ff6ca01b24294b7c8a32,20,BV1MtFrzLEqw,【4K】借过一下 | 杨博文直拍 | 260131,underthepoplar,2026-02-06 15:13:06,22394,3522,1451,1738,64,100,200,1
2026-07-05 22:31:04,https://www.bilibili.com/video/BV1jjF3z3Ern/?spm_id_from=333.1387.favlist.content.click&vd_source=82c7dc283676ff6ca01b24294b7c8a32,21,BV1jjF3z3Ern,【4K精剪】Why Why Why | 杨博文直拍 | 260201,underthepoplar,2026-02-03 05:55:49,68301,11411,5423,5814,295,246,614,1
2026-07-05 22:31:04,https://www.bilibili.com/video/BV1oJVD6BEEW/?spm_id_from=333.1387.favlist.content.click&vd_source=82c7dc283676ff6ca01b24294b7c8a32,22,BV1oJVD6BEEW,Hey Mama 一分钟solo | 杨博文直拍 | 251228,underthepoplar,2026-06-01 02:16:51,28877,3934,1588,2152,60,74,35,1
2026-07-05 22:31:04,https://www.bilibili.com/video/BV16MbLzPETK/?spm_id_from=333.1387.favlist.content.click&vd_source=82c7dc283676ff6ca01b24294b7c8a32,23,BV16MbLzPETK,这是洋娃娃在给我唱歌吧｜杨博文｜雨爱 4K直拍,WIX99,2025-08-11 18:44:28,3919,644,72,335,3,9,3,1
2026-07-05 22:31:04,https://www.bilibili.com/video/BV1nUFFzSE8W/?spm_id_from=333.337.search-card.all.click&vd_source=c9ba0a78401ac34b07f18808dcb060f8,24,BV1nUFFzSE8W,【4K精剪】第二类我 | 杨博文直拍 | 260201,underthepoplar,2026-02-05 03:45:45,36243,5325,3602,2773,205,202,291,1
2026-07-05 23:31:22,https://www.bilibili.com/video/BV1A5vkB2E1k/?spm_id_from=333.1387.favlist.content.click&vd_source=bdf775a036c61c0159ac2f0c251aaeb7,0,BV1A5vkB2E1k,【杨博文】Hey Mama六机位纯舞直拍丨15岁舞台统治者的诞生，四代主舞燃炸全场！,Kismet丨杨博文,2025-12-28 22:28:16,2482841,60569,42917,44069,12713,13449,20458,1
2026-07-05 23:31:22,https://www.bilibili.com/video/BV1XA6nBGEPV/?spm_id_from=333.1387.favlist.content.click&vd_source=bdf775a036c61c0159ac2f0c251aaeb7,1,BV1XA6nBGEPV,【4K精剪】希区考克 作品152 | 杨博文直拍 | 260131,underthepoplar,2026-02-01 00:23:17,1920217,22312,21431,19171,8754,3975,6796,3
2026-07-05 23:31:22,https://www.bilibili.com/video/BV15r61BWESJ/?spm_id_from=333.1387.favlist.content.click&vd_source=bdf775a036c61c0159ac2f0c251aaeb7,2,BV15r61BWESJ,【杨博文】希区考克作品152丨双机位直拍 悬疑与张力碰撞 表管拉满 少年锋芒,Kismet丨杨博文,2026-01-31 18:27:40,539590,18342,10846,15485,930,1082,1224,1
2026-07-05 23:31:22,https://www.bilibili.com/video/BV19y61BnEMM/?spm_id_from=333.1387.favlist.content.click&vd_source=bdf775a036c61c0159ac2f0c251aaeb7,3,BV19y61BnEMM,【杨博文】就这个踢腿爽之 连每一根头发丝都在劲舞｜希区考克 作品152 4k双机位横屏直拍,游园会_杨博文,2026-01-31 18:31:31,415083,14618,9577,12421,1174,1513,2290,1
2026-07-05 23:31:22,https://www.bilibili.com/video/BV1M9ePzaELH/?spm_id_from=333.1387.favlist.content.click&vd_source=bdf775a036c61c0159ac2f0c251aaeb7,4,BV1M9ePzaELH,「杨博文｜卡拉永远OK」突发舞台事故？我怎么没看见,Astra_杨博文,2025-08-19 22:15:30,807857,14270,4527,9555,6144,614,515,1
2026-07-05 23:31:22,https://www.bilibili.com/video/BV1pV9GB6E96/?spm_id_from=333.1387.favlist.content.click&vd_source=bdf775a036c61c0159ac2f0c251aaeb7,5,BV1pV9GB6E96,【4K精剪】Guilty | 杨博文直拍 | 250119,underthepoplar,2026-04-01 02:23:39,47830,8866,2934,5195,241,201,200,1
2026-07-05 23:31:22,https://www.bilibili.com/video/BV1vFwNeKER9/?spm_id_from=333.1387.favlist.content.click&vd_source=bdf775a036c61c0159ac2f0c251aaeb7,6,BV1vFwNeKER9,【杨博文】guilty 4k横屏直拍｜夺命34秒，谁都无法拒绝的Legend级别，建议调大音量食用更加,游园会_杨博文,2025-01-18 22:02:36,262800,16423,8029,14230,1083,850,3081,1
2026-07-05 23:31:22,https://www.bilibili.com/video/BV1MGYnzrE9E/?spm_id_from=333.1387.favlist.content.click&vd_source=bdf775a036c61c0159ac2f0c251aaeb7,7,BV1MGYnzrE9E,杨博文跳 《Centuries》帅到窒息！！竖屏4K直拍,Kismet丨杨博文,2025-08-18 02:15:37,263334,12040,6635,7800,562,950,3368,1
2026-07-05 23:31:22,https://www.bilibili.com/video/BV1DZvDBEEjv/?spm_id_from=333.1387.favlist.content.click&vd_source=bdf775a036c61c0159ac2f0c251aaeb7,8,BV1DZvDBEEjv,终于找到了治愈我每一天的秘方 当你一开嗓 哪怕是夕阳也格外绚烂 ｜【杨博文】黄昏晓4k横屏直拍,游园会_杨博文,2026-01-01 20:53:32,23934,4086,710,2664,35,44,178,1
2026-07-05 23:31:22,https://www.bilibili.com/video/BV1owvqBJEkn/?spm_id_from=333.1387.favlist.content.click&vd_source=bdf775a036c61c0159ac2f0c251aaeb7,9,BV1owvqBJEkn,【杨博文｜黄昏晓】 4K直拍,羊圈主,2025-12-28 00:28:04,17915,4358,1028,1649,70,88,256,1
2026-07-05 23:31:22,https://www.bilibili.com/video/BV1eqY6e1Eec/?spm_id_from=333.1387.favlist.content.click&vd_source=bdf775a036c61c0159ac2f0c251aaeb7,10,BV1eqY6e1Eec,【TF家族-杨博文】蔡依林男粉！？你的杨会扭儿上线｜《看我72变》4K直拍,LOST-杨博文,2024-08-13 05:57:43,99406,9993,1629,5628,428,102,321,1
2026-07-05 23:31:22,https://www.bilibili.com/video/BV1r9BeBZEMu/?spm_id_from=333.1387.favlist.content.click&vd_source=bdf775a036c61c0159ac2f0c251aaeb7,11,BV1r9BeBZEMu,【杨博文｜4K舞台直拍】《爱要坦荡荡》，四代主唱贝斯手玩转乐队，好青春洋溢,关键时刻来瓶尖叫,2025-12-27 00:55:22,36072,4767,739,3174,50,52,64,1
2026-07-05 23:31:22,https://www.bilibili.com/video/BV1Lb6tBBEYC/?spm_id_from=333.1387.favlist.content.click&vd_source=bdf775a036c61c0159ac2f0c251aaeb7,12,BV1Lb6tBBEYC,【4K精剪】闭嘴跳舞 | 杨博文直拍 | 260201,underthepoplar,2026-02-02 00:00:55,256461,21226,13053,15484,1880,1669,2782,3
2026-07-05 23:31:22,https://www.bilibili.com/video/BV1mJ64BREZY/?spm_id_from=333.1387.favlist.content.click&vd_source=bdf775a036c61c0159ac2f0c251aaeb7,13,BV1mJ64BREZY,【杨博文】闭嘴跳舞丨当主舞穿上西装就会得到,Kismet丨杨博文,2026-02-01 18:31:00,498025,31656,3523,22723,178,103,423,2
2026-07-05 23:31:22,https://www.bilibili.com/video/BV15M64BPEVo/?spm_id_from=333.1387.favlist.content.click&vd_source=bdf775a036c61c0159ac2f0c251aaeb7,14,BV15M64BPEVo,【杨博文】舞步是我最有力的武器 请调动所有感官和我一同所向披靡｜闭嘴跳舞4k横屏双机位直拍,游园会_杨博文,2026-02-01 20:09:30,50940,7725,1402,4933,54,38,157,1
2026-07-05 23:31:22,https://www.bilibili.com/video/BV1fWYqzTECD/?spm_id_from=333.1387.favlist.content.click&vd_source=bdf775a036c61c0159ac2f0c251aaeb7,15,BV1fWYqzTECD,绝美堕天使下凡了……｜杨博文｜deja vu 4K直拍,WIX99,2025-08-16 22:18:21,13578,2048,582,893,67,44,115,1
2026-07-05 23:31:22,https://www.bilibili.com/video/BV1Bem3B1EcH/?spm_id_from=333.1387.favlist.content.click&vd_source=bdf775a036c61c0159ac2f0c251aaeb7,16,BV1Bem3B1EcH,【杨博文｜4K舞台直拍】怎么黑衣的《Deja vu》也让人看的停不下来呢,关键时刻来瓶尖叫,2025-12-12 21:30:00,12325,1402,157,1248,19,7,1,1
2026-07-05 23:31:22,https://www.bilibili.com/video/BV11kZyByE81/?spm_id_from=333.1387.favlist.content.click&vd_source=bdf775a036c61c0159ac2f0c251aaeb7,17,BV11kZyByE81,【4K精剪】Deja Vu | 杨博文直拍 | 250816 & 250817,underthepoplar,2026-02-17 20:22:24,47290,7112,3111,3347,374,229,199,1
2026-07-05 23:31:22,https://www.bilibili.com/video/BV1J7Awz8EUZ/?spm_id_from=333.1387.favlist.content.click&vd_source=bdf775a036c61c0159ac2f0c251aaeb7,18,BV1J7Awz8EUZ,自测鸡蛋果,喜欢吃鸡蛋果,2026-03-21 16:17:31,1169,0,0,1,1,0,0,1
2026-07-05 23:31:22,https://www.bilibili.com/video/BV1Xm61BEEnt/?spm_id_from=333.1387.favlist.content.click,19,BV1Xm61BEEnt,【杨博文】致命诱惑<希区考克 作品152> 4k 竖版直拍 Focus,Roseate丨杨博文,2026-01-31 17:54:23,48011,7727,3400,2844,207,259,425,1
2026-07-05 23:31:22,https://www.bilibili.com/video/BV1MtFrzLEqw/?spm_id_from=333.1387.favlist.content.click&vd_source=82c7dc283676ff6ca01b24294b7c8a32,20,BV1MtFrzLEqw,【4K】借过一下 | 杨博文直拍 | 260131,underthepoplar,2026-02-06 15:13:06,22403,3522,1451,1738,64,100,200,1
2026-07-05 23:31:22,https://www.bilibili.com/video/BV1jjF3z3Ern/?spm_id_from=333.1387.favlist.content.click&vd_source=82c7dc283676ff6ca01b24294b7c8a32,21,BV1jjF3z3Ern,【4K精剪】Why Why Why | 杨博文直拍 | 260201,underthepoplar,2026-02-03 05:55:49,68321,11412,5423,5814,295,246,614,1
2026-07-05 23:31:22,https://www.bilibili.com/video/BV1oJVD6BEEW/?spm_id_from=333.1387.favlist.content.click&vd_source=82c7dc283676ff6ca01b24294b7c8a32,22,BV1oJVD6BEEW,Hey Mama 一分钟solo | 杨博文直拍 | 251228,underthepoplar,2026-06-01 02:16:51,28913,3935,1588,2154,60,74,35,1
2026-07-05 23:31:22,https://www.bilibili.com/video/BV16MbLzPETK/?spm_id_from=333.1387.favlist.content.click&vd_source=82c7dc283676ff6ca01b24294b7c8a32,23,BV16MbLzPETK,这是洋娃娃在给我唱歌吧｜杨博文｜雨爱 4K直拍,WIX99,2025-08-11 18:44:28,3919,644,72,335,3,9,3,1
2026-07-05 23:31:22,https://www.bilibili.com/video/BV1nUFFzSE8W/?spm_id_from=333.337.search-card.all.click&vd_source=c9ba0a78401ac34b07f18808dcb060f8,24,BV1nUFFzSE8W,【4K精剪】第二类我 | 杨博文直拍 | 260201,underthepoplar,2026-02-05 03:45:45,36251,5325,3602,2773,205,202,291,1
