采集时间,输入,原始顺序,BV号,标题,UP主,上传时间,总播放量,点赞数,投币数,收藏数,转发数,评论数,弹幕数,在线人数
2026-08-15 00:00:02,https://www.bilibili.com/video/BV1EGBCBmEo8/?spm_id_from=333.1387.favlist.content.click,0,BV1EGBCBmEo8,【杨博文｜4K高清直拍】魅魔级别的《Manta》舞台，看博文如何一yeah封神,关键时刻来瓶尖叫,2025-12-27 23:15:44,1017939,12626,9893,11491,12722,1101,2417,1
2026-08-15 00:00:02,https://www.bilibili.com/video/BV1A5vkB2E1k/?spm_id_from=333.1387.favlist.content.click,1,BV1A5vkB2E1k,【杨博文】Hey Mama六机位纯舞直拍丨15岁舞台统治者的诞生，四代主舞燃炸全场！,Kismet丨杨博文,2025-12-28 22:28:16,2794208,64381,45061,46950,24876,13589,21776,15
2026-08-15 00:00:02,https://www.bilibili.com/video/BV1EQK56xEZk/?spm_id_from=333.1387.favlist.content.click,2,BV1EQK56xEZk,【杨博文｜音乐现场】｜《全世界陪我出发》4K直拍，考核第一的大C位实在太亮眼！,关键时刻来瓶尖叫,2026-07-16 20:29:02,426627,12490,3282,7387,5680,11152,8523,1
2026-08-15 00:00:02,bilibili.com/video/BV1M9ePzaELH/?spm_id_from=333.337.search-card.all.click,3,BV1M9ePzaELH,「杨博文｜卡拉永远OK」突发舞台事故？我怎么没看见,Astra_杨博文,2025-08-19 22:15:30,996114,15120,5116,10632,10726,759,703,6
2026-08-15 00:00:02,BV1s8BvBPEN5,4,BV1s8BvBPEN5,【杨博文｜4K舞台直拍】好运来祝你好运来～博文宝宝祝你新年好运来,关键时刻来瓶尖叫,2025-12-27 00:43:12,1913136,34792,16977,32214,18327,4332,4867,1
2026-08-15 00:00:02,https://www.bilibili.com/video/BV1jN64BKECs/?spm_id_from=333.337.search-card.all.click,5,BV1jN64BKECs,【杨博文｜4K直拍】跟着节奏一起《闭嘴跳舞》～,关键时刻来瓶尖叫,2026-02-01 20:20:32,1439148,26552,16025,22573,9795,2376,7180,1
2026-08-15 00:00:02,https://www.bilibili.com/video/BV1Lb6tBBEYC/?spm_id_from=333.1387.favlist.content.click&vd_source=bdf775a036c61c0159ac2f0c251aaeb7,6,BV1Lb6tBBEYC,【4K精剪】闭嘴跳舞 | 杨博文直拍 | 260201,underthepoplar,2026-02-02 00:00:55,355952,27365,14177,19277,9076,1837,3097,1
2026-08-15 00:00:02,https://www.bilibili.com/video/BV1mJ64BREZY/?spm_id_from=333.1387.favlist.content.click&vd_source=bdf775a036c61c0159ac2f0c251aaeb7,7,BV1mJ64BREZY,【杨博文】闭嘴跳舞丨当主舞穿上西装就会得到,Kismet丨杨博文,2026-02-01 18:31:00,620124,35107,3998,25446,7342,447,654,1
2026-08-15 00:00:02,https://www.bilibili.com/video/BV1XA6nBGEPV/?spm_id_from=333.1387.favlist.content.click,8,BV1XA6nBGEPV,【4K精剪】希区考克 作品152 | 杨博文直拍 | 260131,underthepoplar,2026-02-01 00:23:17,1941352,23726,22236,19953,18999,4012,6916,1
2026-08-15 00:00:02,https://www.bilibili.com/video/BV1JUK56tEh5/?spm_id_from=333.1387.favlist.content.click,9,BV1JUK56tEh5,【杨博文｜音乐现场】全程舒适！跟着标准答案出发不迷路｜《全世界陪我出发》4k横屏直拍,游园会_杨博文,2026-07-16 20:06:19,160155,7990,2368,3927,5073,1951,1799,1
2026-08-15 00:00:02,https://www.bilibili.com/video/BV1kFKG6pEPe/?spm_id_from=333.1387.favlist.content.click,10,BV1kFKG6pEPe,【杨博文】夏日运动会《全世界陪我出发》4K直拍,Eternity丨杨博文,2026-07-16 19:13:38,44925,5410,733,2929,2326,37,94,1
2026-08-15 00:00:02,BV1MGYnzrE9E,11,BV1MGYnzrE9E,杨博文跳 《Centuries》帅到窒息！！竖屏4K直拍,Kismet丨杨博文,2025-08-18 02:15:37,273653,12351,6778,7954,585,959,3381,1
2026-08-15 00:00:02,BV1TLYnzzEx9,12,BV1TLYnzzEx9,舞力全开！主舞大人爽飞全场 15岁少年「杨博文」尽情演绎《Go In Blind》,Astra_杨博文,2025-08-18 00:48:26,333915,9931,5867,8919,578,717,2604,1
2026-08-15 00:30:01,https://www.bilibili.com/video/BV1EGBCBmEo8/?spm_id_from=333.1387.favlist.content.click,0,BV1EGBCBmEo8,【杨博文｜4K高清直拍】魅魔级别的《Manta》舞台，看博文如何一yeah封神,关键时刻来瓶尖叫,2025-12-27 23:15:44,1017944,12626,9893,11491,12722,1101,2417,1
2026-08-15 00:30:01,https://www.bilibili.com/video/BV1A5vkB2E1k/?spm_id_from=333.1387.favlist.content.click,1,BV1A5vkB2E1k,【杨博文】Hey Mama六机位纯舞直拍丨15岁舞台统治者的诞生，四代主舞燃炸全场！,Kismet丨杨博文,2025-12-28 22:28:16,2794279,64392,45064,46963,24879,13589,21776,15
2026-08-15 00:30:01,https://www.bilibili.com/video/BV1EQK56xEZk/?spm_id_from=333.1387.favlist.content.click,2,BV1EQK56xEZk,【杨博文｜音乐现场】｜《全世界陪我出发》4K直拍，考核第一的大C位实在太亮眼！,关键时刻来瓶尖叫,2026-07-16 20:29:02,426639,12491,3282,7388,5680,11152,8523,2
2026-08-15 00:30:01,bilibili.com/video/BV1M9ePzaELH/?spm_id_from=333.337.search-card.all.click,3,BV1M9ePzaELH,「杨博文｜卡拉永远OK」突发舞台事故？我怎么没看见,Astra_杨博文,2025-08-19 22:15:30,996171,15120,5116,10631,10726,759,703,13
2026-08-15 00:30:01,BV1s8BvBPEN5,4,BV1s8BvBPEN5,【杨博文｜4K舞台直拍】好运来祝你好运来～博文宝宝祝你新年好运来,关键时刻来瓶尖叫,2025-12-27 00:43:12,1913146,34795,16977,32217,18327,4332,4867,1
2026-08-15 00:30:01,https://www.bilibili.com/video/BV1jN64BKECs/?spm_id_from=333.337.search-card.all.click,5,BV1jN64BKECs,【杨博文｜4K直拍】跟着节奏一起《闭嘴跳舞》～,关键时刻来瓶尖叫,2026-02-01 20:20:32,1439165,26556,16025,22577,9795,2376,7180,1
2026-08-15 00:30:01,https://www.bilibili.com/video/BV1Lb6tBBEYC/?spm_id_from=333.1387.favlist.content.click&vd_source=bdf775a036c61c0159ac2f0c251aaeb7,6,BV1Lb6tBBEYC,【4K精剪】闭嘴跳舞 | 杨博文直拍 | 260201,underthepoplar,2026-02-02 00:00:55,355969,27366,14178,19278,9076,1837,3097,1
2026-08-15 00:30:01,https://www.bilibili.com/video/BV1mJ64BREZY/?spm_id_from=333.1387.favlist.content.click&vd_source=bdf775a036c61c0159ac2f0c251aaeb7,7,BV1mJ64BREZY,【杨博文】闭嘴跳舞丨当主舞穿上西装就会得到,Kismet丨杨博文,2026-02-01 18:31:00,620125,35107,3998,25446,7342,447,654,1
2026-08-15 00:30:01,https://www.bilibili.com/video/BV1XA6nBGEPV/?spm_id_from=333.1387.favlist.content.click,8,BV1XA6nBGEPV,【4K精剪】希区考克 作品152 | 杨博文直拍 | 260131,underthepoplar,2026-02-01 00:23:17,1941374,23728,22236,19956,18999,4012,6916,1
2026-08-15 00:30:01,https://www.bilibili.com/video/BV1JUK56tEh5/?spm_id_from=333.1387.favlist.content.click,9,BV1JUK56tEh5,【杨博文｜音乐现场】全程舒适！跟着标准答案出发不迷路｜《全世界陪我出发》4k横屏直拍,游园会_杨博文,2026-07-16 20:06:19,160160,7991,2370,3927,5073,1951,1799,1
2026-08-15 00:30:01,https://www.bilibili.com/video/BV1kFKG6pEPe/?spm_id_from=333.1387.favlist.content.click,10,BV1kFKG6pEPe,【杨博文】夏日运动会《全世界陪我出发》4K直拍,Eternity丨杨博文,2026-07-16 19:13:38,44928,5410,733,2929,2326,37,94,1
2026-08-15 00:30:01,BV1MGYnzrE9E,11,BV1MGYnzrE9E,杨博文跳 《Centuries》帅到窒息！！竖屏4K直拍,Kismet丨杨博文,2025-08-18 02:15:37,273654,12351,6778,7954,585,959,3381,1
2026-08-15 00:30:01,BV1TLYnzzEx9,12,BV1TLYnzzEx9,舞力全开！主舞大人爽飞全场 15岁少年「杨博文」尽情演绎《Go In Blind》,Astra_杨博文,2025-08-18 00:48:26,333915,9931,5867,8919,578,717,2604,1
2026-08-15 01:00:01,https://www.bilibili.com/video/BV1EGBCBmEo8/?spm_id_from=333.1387.favlist.content.click,0,BV1EGBCBmEo8,【杨博文｜4K高清直拍】魅魔级别的《Manta》舞台，看博文如何一yeah封神,关键时刻来瓶尖叫,2025-12-27 23:15:44,1017951,12626,9893,11491,12722,1101,2417,1
2026-08-15 01:00:01,https://www.bilibili.com/video/BV1A5vkB2E1k/?spm_id_from=333.1387.favlist.content.click,1,BV1A5vkB2E1k,【杨博文】Hey Mama六机位纯舞直拍丨15岁舞台统治者的诞生，四代主舞燃炸全场！,Kismet丨杨博文,2025-12-28 22:28:16,2794325,64399,45068,46967,24881,13589,21776,14
2026-08-15 01:00:01,https://www.bilibili.com/video/BV1EQK56xEZk/?spm_id_from=333.1387.favlist.content.click,2,BV1EQK56xEZk,【杨博文｜音乐现场】｜《全世界陪我出发》4K直拍，考核第一的大C位实在太亮眼！,关键时刻来瓶尖叫,2026-07-16 20:29:02,426659,12493,3282,7389,5680,11152,8523,1
2026-08-15 01:00:01,bilibili.com/video/BV1M9ePzaELH/?spm_id_from=333.337.search-card.all.click,3,BV1M9ePzaELH,「杨博文｜卡拉永远OK」突发舞台事故？我怎么没看见,Astra_杨博文,2025-08-19 22:15:30,996232,15120,5116,10631,10726,759,703,11
2026-08-15 01:00:01,BV1s8BvBPEN5,4,BV1s8BvBPEN5,【杨博文｜4K舞台直拍】好运来祝你好运来～博文宝宝祝你新年好运来,关键时刻来瓶尖叫,2025-12-27 00:43:12,1913156,34795,16977,32218,18327,4332,4867,1
2026-08-15 01:00:01,https://www.bilibili.com/video/BV1jN64BKECs/?spm_id_from=333.337.search-card.all.click,5,BV1jN64BKECs,【杨博文｜4K直拍】跟着节奏一起《闭嘴跳舞》～,关键时刻来瓶尖叫,2026-02-01 20:20:32,1439184,26559,16028,22578,9795,2376,7180,1
2026-08-15 01:00:01,https://www.bilibili.com/video/BV1Lb6tBBEYC/?spm_id_from=333.1387.favlist.content.click&vd_source=bdf775a036c61c0159ac2f0c251aaeb7,6,BV1Lb6tBBEYC,【4K精剪】闭嘴跳舞 | 杨博文直拍 | 260201,underthepoplar,2026-02-02 00:00:55,355983,27369,14182,19279,9076,1837,3097,1
2026-08-15 01:00:01,https://www.bilibili.com/video/BV1mJ64BREZY/?spm_id_from=333.1387.favlist.content.click&vd_source=bdf775a036c61c0159ac2f0c251aaeb7,7,BV1mJ64BREZY,【杨博文】闭嘴跳舞丨当主舞穿上西装就会得到,Kismet丨杨博文,2026-02-01 18:31:00,620129,35107,3998,25446,7342,447,654,1
2026-08-15 01:00:01,https://www.bilibili.com/video/BV1XA6nBGEPV/?spm_id_from=333.1387.favlist.content.click,8,BV1XA6nBGEPV,【4K精剪】希区考克 作品152 | 杨博文直拍 | 260131,underthepoplar,2026-02-01 00:23:17,1941388,23728,22236,19955,18999,4012,6916,1
2026-08-15 01:00:01,https://www.bilibili.com/video/BV1JUK56tEh5/?spm_id_from=333.1387.favlist.content.click,9,BV1JUK56tEh5,【杨博文｜音乐现场】全程舒适！跟着标准答案出发不迷路｜《全世界陪我出发》4k横屏直拍,游园会_杨博文,2026-07-16 20:06:19,160164,7992,2370,3927,5073,1951,1799,1
2026-08-15 01:00:01,https://www.bilibili.com/video/BV1kFKG6pEPe/?spm_id_from=333.1387.favlist.content.click,10,BV1kFKG6pEPe,【杨博文】夏日运动会《全世界陪我出发》4K直拍,Eternity丨杨博文,2026-07-16 19:13:38,44929,5410,733,2929,2326,37,94,1
2026-08-15 01:00:01,BV1MGYnzrE9E,11,BV1MGYnzrE9E,杨博文跳 《Centuries》帅到窒息！！竖屏4K直拍,Kismet丨杨博文,2025-08-18 02:15:37,273654,12351,6778,7954,585,959,3381,1
2026-08-15 01:00:01,BV1TLYnzzEx9,12,BV1TLYnzzEx9,舞力全开！主舞大人爽飞全场 15岁少年「杨博文」尽情演绎《Go In Blind》,Astra_杨博文,2025-08-18 00:48:26,333916,9931,5867,8919,578,717,2604,1
2026-08-15 01:30:05,https://www.bilibili.com/video/BV1EGBCBmEo8/?spm_id_from=333.1387.favlist.content.click,0,BV1EGBCBmEo8,【杨博文｜4K高清直拍】魅魔级别的《Manta》舞台，看博文如何一yeah封神,关键时刻来瓶尖叫,2025-12-27 23:15:44,1017957,12626,9893,11491,12722,1101,2417,1
2026-08-15 01:30:05,https://www.bilibili.com/video/BV1A5vkB2E1k/?spm_id_from=333.1387.favlist.content.click,1,BV1A5vkB2E1k,【杨博文】Hey Mama六机位纯舞直拍丨15岁舞台统治者的诞生，四代主舞燃炸全场！,Kismet丨杨博文,2025-12-28 22:28:16,2794367,64405,45074,46981,24881,13591,21776,14
2026-08-15 01:30:05,https://www.bilibili.com/video/BV1EQK56xEZk/?spm_id_from=333.1387.favlist.content.click,2,BV1EQK56xEZk,【杨博文｜音乐现场】｜《全世界陪我出发》4K直拍，考核第一的大C位实在太亮眼！,关键时刻来瓶尖叫,2026-07-16 20:29:02,426671,12494,3282,7390,5680,11152,8523,1
2026-08-15 01:30:05,bilibili.com/video/BV1M9ePzaELH/?spm_id_from=333.337.search-card.all.click,3,BV1M9ePzaELH,「杨博文｜卡拉永远OK」突发舞台事故？我怎么没看见,Astra_杨博文,2025-08-19 22:15:30,996292,15120,5116,10631,10726,759,703,12
2026-08-15 01:30:05,BV1s8BvBPEN5,4,BV1s8BvBPEN5,【杨博文｜4K舞台直拍】好运来祝你好运来～博文宝宝祝你新年好运来,关键时刻来瓶尖叫,2025-12-27 00:43:12,1913163,34795,16977,32220,18327,4332,4867,1
2026-08-15 01:30:05,https://www.bilibili.com/video/BV1jN64BKECs/?spm_id_from=333.337.search-card.all.click,5,BV1jN64BKECs,【杨博文｜4K直拍】跟着节奏一起《闭嘴跳舞》～,关键时刻来瓶尖叫,2026-02-01 20:20:32,1439201,26560,16032,22583,9795,2376,7180,1
2026-08-15 01:30:05,https://www.bilibili.com/video/BV1Lb6tBBEYC/?spm_id_from=333.1387.favlist.content.click&vd_source=bdf775a036c61c0159ac2f0c251aaeb7,6,BV1Lb6tBBEYC,【4K精剪】闭嘴跳舞 | 杨博文直拍 | 260201,underthepoplar,2026-02-02 00:00:55,355993,27369,14182,19278,9076,1837,3097,1
2026-08-15 01:30:05,https://www.bilibili.com/video/BV1mJ64BREZY/?spm_id_from=333.1387.favlist.content.click&vd_source=bdf775a036c61c0159ac2f0c251aaeb7,7,BV1mJ64BREZY,【杨博文】闭嘴跳舞丨当主舞穿上西装就会得到,Kismet丨杨博文,2026-02-01 18:31:00,620130,35107,3998,25446,7342,447,654,1
2026-08-15 01:30:05,https://www.bilibili.com/video/BV1XA6nBGEPV/?spm_id_from=333.1387.favlist.content.click,8,BV1XA6nBGEPV,【4K精剪】希区考克 作品152 | 杨博文直拍 | 260131,underthepoplar,2026-02-01 00:23:17,1941401,23728,22238,19959,18999,4012,6916,1
2026-08-15 01:30:05,https://www.bilibili.com/video/BV1JUK56tEh5/?spm_id_from=333.1387.favlist.content.click,9,BV1JUK56tEh5,【杨博文｜音乐现场】全程舒适！跟着标准答案出发不迷路｜《全世界陪我出发》4k横屏直拍,游园会_杨博文,2026-07-16 20:06:19,160170,7992,2370,3927,5073,1951,1799,1
2026-08-15 01:30:05,https://www.bilibili.com/video/BV1kFKG6pEPe/?spm_id_from=333.1387.favlist.content.click,10,BV1kFKG6pEPe,【杨博文】夏日运动会《全世界陪我出发》4K直拍,Eternity丨杨博文,2026-07-16 19:13:38,44929,5410,733,2929,2326,37,94,1
2026-08-15 01:30:05,BV1MGYnzrE9E,11,BV1MGYnzrE9E,杨博文跳 《Centuries》帅到窒息！！竖屏4K直拍,Kismet丨杨博文,2025-08-18 02:15:37,273655,12351,6778,7954,585,959,3381,1
2026-08-15 01:30:05,BV1TLYnzzEx9,12,BV1TLYnzzEx9,舞力全开！主舞大人爽飞全场 15岁少年「杨博文」尽情演绎《Go In Blind》,Astra_杨博文,2025-08-18 00:48:26,333917,9931,5867,8919,578,717,2604,1
2026-08-15 02:00:04,https://www.bilibili.com/video/BV1EGBCBmEo8/?spm_id_from=333.1387.favlist.content.click,0,BV1EGBCBmEo8,【杨博文｜4K高清直拍】魅魔级别的《Manta》舞台，看博文如何一yeah封神,关键时刻来瓶尖叫,2025-12-27 23:15:44,1017965,12626,9893,11491,12722,1101,2417,1
2026-08-15 02:00:04,https://www.bilibili.com/video/BV1A5vkB2E1k/?spm_id_from=333.1387.favlist.content.click,1,BV1A5vkB2E1k,【杨博文】Hey Mama六机位纯舞直拍丨15岁舞台统治者的诞生，四代主舞燃炸全场！,Kismet丨杨博文,2025-12-28 22:28:16,2794400,64408,45080,46987,24881,13591,21776,10
2026-08-15 02:00:04,https://www.bilibili.com/video/BV1EQK56xEZk/?spm_id_from=333.1387.favlist.content.click,2,BV1EQK56xEZk,【杨博文｜音乐现场】｜《全世界陪我出发》4K直拍，考核第一的大C位实在太亮眼！,关键时刻来瓶尖叫,2026-07-16 20:29:02,426679,12494,3282,7390,5680,11152,8523,1
2026-08-15 02:00:04,bilibili.com/video/BV1M9ePzaELH/?spm_id_from=333.337.search-card.all.click,3,BV1M9ePzaELH,「杨博文｜卡拉永远OK」突发舞台事故？我怎么没看见,Astra_杨博文,2025-08-19 22:15:30,996338,15120,5116,10631,10726,759,703,7
2026-08-15 02:00:04,BV1s8BvBPEN5,4,BV1s8BvBPEN5,【杨博文｜4K舞台直拍】好运来祝你好运来～博文宝宝祝你新年好运来,关键时刻来瓶尖叫,2025-12-27 00:43:12,1913167,34795,16977,32221,18327,4332,4867,1
2026-08-15 02:00:04,https://www.bilibili.com/video/BV1jN64BKECs/?spm_id_from=333.337.search-card.all.click,5,BV1jN64BKECs,【杨博文｜4K直拍】跟着节奏一起《闭嘴跳舞》～,关键时刻来瓶尖叫,2026-02-01 20:20:32,1439208,26563,16036,22587,9795,2376,7180,1
2026-08-15 02:00:04,https://www.bilibili.com/video/BV1Lb6tBBEYC/?spm_id_from=333.1387.favlist.content.click&vd_source=bdf775a036c61c0159ac2f0c251aaeb7,6,BV1Lb6tBBEYC,【4K精剪】闭嘴跳舞 | 杨博文直拍 | 260201,underthepoplar,2026-02-02 00:00:55,356000,27369,14182,19276,9076,1837,3097,1
2026-08-15 02:00:04,https://www.bilibili.com/video/BV1mJ64BREZY/?spm_id_from=333.1387.favlist.content.click&vd_source=bdf775a036c61c0159ac2f0c251aaeb7,7,BV1mJ64BREZY,【杨博文】闭嘴跳舞丨当主舞穿上西装就会得到,Kismet丨杨博文,2026-02-01 18:31:00,620131,35107,3998,25446,7342,447,654,1
2026-08-15 02:00:04,https://www.bilibili.com/video/BV1XA6nBGEPV/?spm_id_from=333.1387.favlist.content.click,8,BV1XA6nBGEPV,【4K精剪】希区考克 作品152 | 杨博文直拍 | 260131,underthepoplar,2026-02-01 00:23:17,1941413,23729,22240,19960,18999,4012,6916,1
2026-08-15 02:00:04,https://www.bilibili.com/video/BV1JUK56tEh5/?spm_id_from=333.1387.favlist.content.click,9,BV1JUK56tEh5,【杨博文｜音乐现场】全程舒适！跟着标准答案出发不迷路｜《全世界陪我出发》4k横屏直拍,游园会_杨博文,2026-07-16 20:06:19,160170,7992,2370,3927,5073,1951,1799,1
2026-08-15 02:00:04,https://www.bilibili.com/video/BV1kFKG6pEPe/?spm_id_from=333.1387.favlist.content.click,10,BV1kFKG6pEPe,【杨博文】夏日运动会《全世界陪我出发》4K直拍,Eternity丨杨博文,2026-07-16 19:13:38,44929,5410,733,2929,2326,37,94,1
2026-08-15 02:00:04,BV1MGYnzrE9E,11,BV1MGYnzrE9E,杨博文跳 《Centuries》帅到窒息！！竖屏4K直拍,Kismet丨杨博文,2025-08-18 02:15:37,273655,12351,6778,7954,585,959,3381,1
2026-08-15 02:00:04,BV1TLYnzzEx9,12,BV1TLYnzzEx9,舞力全开！主舞大人爽飞全场 15岁少年「杨博文」尽情演绎《Go In Blind》,Astra_杨博文,2025-08-18 00:48:26,333917,9931,5867,8919,578,717,2604,1
2026-08-15 02:30:03,https://www.bilibili.com/video/BV1EGBCBmEo8/?spm_id_from=333.1387.favlist.content.click,0,BV1EGBCBmEo8,【杨博文｜4K高清直拍】魅魔级别的《Manta》舞台，看博文如何一yeah封神,关键时刻来瓶尖叫,2025-12-27 23:15:44,1017971,12626,9893,11491,12722,1101,2417,1
2026-08-15 02:30:03,https://www.bilibili.com/video/BV1A5vkB2E1k/?spm_id_from=333.1387.favlist.content.click,1,BV1A5vkB2E1k,【杨博文】Hey Mama六机位纯舞直拍丨15岁舞台统治者的诞生，四代主舞燃炸全场！,Kismet丨杨博文,2025-12-28 22:28:16,2794431,64410,45082,46997,24881,13592,21777,11
2026-08-15 02:30:03,https://www.bilibili.com/video/BV1EQK56xEZk/?spm_id_from=333.1387.favlist.content.click,2,BV1EQK56xEZk,【杨博文｜音乐现场】｜《全世界陪我出发》4K直拍，考核第一的大C位实在太亮眼！,关键时刻来瓶尖叫,2026-07-16 20:29:02,426692,12494,3282,7390,5680,11152,8523,1
2026-08-15 02:30:03,bilibili.com/video/BV1M9ePzaELH/?spm_id_from=333.337.search-card.all.click,3,BV1M9ePzaELH,「杨博文｜卡拉永远OK」突发舞台事故？我怎么没看见,Astra_杨博文,2025-08-19 22:15:30,996393,15121,5116,10632,10726,759,703,6
2026-08-15 02:30:03,BV1s8BvBPEN5,4,BV1s8BvBPEN5,【杨博文｜4K舞台直拍】好运来祝你好运来～博文宝宝祝你新年好运来,关键时刻来瓶尖叫,2025-12-27 00:43:12,1913172,34796,16977,32224,18327,4332,4867,1
2026-08-15 02:30:03,https://www.bilibili.com/video/BV1jN64BKECs/?spm_id_from=333.337.search-card.all.click,5,BV1jN64BKECs,【杨博文｜4K直拍】跟着节奏一起《闭嘴跳舞》～,关键时刻来瓶尖叫,2026-02-01 20:20:32,1439217,26566,16038,22591,9795,2376,7180,1
2026-08-15 02:30:03,https://www.bilibili.com/video/BV1Lb6tBBEYC/?spm_id_from=333.1387.favlist.content.click&vd_source=bdf775a036c61c0159ac2f0c251aaeb7,6,BV1Lb6tBBEYC,【4K精剪】闭嘴跳舞 | 杨博文直拍 | 260201,underthepoplar,2026-02-02 00:00:55,356004,27370,14184,19276,9076,1837,3097,1
2026-08-15 02:30:03,https://www.bilibili.com/video/BV1mJ64BREZY/?spm_id_from=333.1387.favlist.content.click&vd_source=bdf775a036c61c0159ac2f0c251aaeb7,7,BV1mJ64BREZY,【杨博文】闭嘴跳舞丨当主舞穿上西装就会得到,Kismet丨杨博文,2026-02-01 18:31:00,620132,35107,3998,25446,7342,447,654,1
2026-08-15 02:30:03,https://www.bilibili.com/video/BV1XA6nBGEPV/?spm_id_from=333.1387.favlist.content.click,8,BV1XA6nBGEPV,【4K精剪】希区考克 作品152 | 杨博文直拍 | 260131,underthepoplar,2026-02-01 00:23:17,1941423,23732,22242,19963,18999,4012,6916,1
2026-08-15 02:30:03,https://www.bilibili.com/video/BV1JUK56tEh5/?spm_id_from=333.1387.favlist.content.click,9,BV1JUK56tEh5,【杨博文｜音乐现场】全程舒适！跟着标准答案出发不迷路｜《全世界陪我出发》4k横屏直拍,游园会_杨博文,2026-07-16 20:06:19,160175,7992,2370,3927,5073,1951,1799,1
2026-08-15 02:30:03,https://www.bilibili.com/video/BV1kFKG6pEPe/?spm_id_from=333.1387.favlist.content.click,10,BV1kFKG6pEPe,【杨博文】夏日运动会《全世界陪我出发》4K直拍,Eternity丨杨博文,2026-07-16 19:13:38,44929,5410,733,2929,2326,37,94,1
2026-08-15 02:30:03,BV1MGYnzrE9E,11,BV1MGYnzrE9E,杨博文跳 《Centuries》帅到窒息！！竖屏4K直拍,Kismet丨杨博文,2025-08-18 02:15:37,273655,12352,6778,7955,585,959,3381,1
2026-08-15 02:30:03,BV1TLYnzzEx9,12,BV1TLYnzzEx9,舞力全开！主舞大人爽飞全场 15岁少年「杨博文」尽情演绎《Go In Blind》,Astra_杨博文,2025-08-18 00:48:26,333917,9932,5867,8920,578,717,2604,1
2026-08-15 03:00:03,https://www.bilibili.com/video/BV1EGBCBmEo8/?spm_id_from=333.1387.favlist.content.click,0,BV1EGBCBmEo8,【杨博文｜4K高清直拍】魅魔级别的《Manta》舞台，看博文如何一yeah封神,关键时刻来瓶尖叫,2025-12-27 23:15:44,1017976,12626,9893,11491,12722,1101,2417,1
2026-08-15 03:00:03,https://www.bilibili.com/video/BV1A5vkB2E1k/?spm_id_from=333.1387.favlist.content.click,1,BV1A5vkB2E1k,【杨博文】Hey Mama六机位纯舞直拍丨15岁舞台统治者的诞生，四代主舞燃炸全场！,Kismet丨杨博文,2025-12-28 22:28:16,2794465,64411,45084,47003,24881,13592,21777,7
2026-08-15 03:00:03,https://www.bilibili.com/video/BV1EQK56xEZk/?spm_id_from=333.1387.favlist.content.click,2,BV1EQK56xEZk,【杨博文｜音乐现场】｜《全世界陪我出发》4K直拍，考核第一的大C位实在太亮眼！,关键时刻来瓶尖叫,2026-07-16 20:29:02,426706,12494,3282,7390,5680,11152,8523,1
2026-08-15 03:00:03,bilibili.com/video/BV1M9ePzaELH/?spm_id_from=333.337.search-card.all.click,3,BV1M9ePzaELH,「杨博文｜卡拉永远OK」突发舞台事故？我怎么没看见,Astra_杨博文,2025-08-19 22:15:30,996460,15121,5116,10632,10726,759,703,11
2026-08-15 03:00:03,BV1s8BvBPEN5,4,BV1s8BvBPEN5,【杨博文｜4K舞台直拍】好运来祝你好运来～博文宝宝祝你新年好运来,关键时刻来瓶尖叫,2025-12-27 00:43:12,1913178,34797,16977,32226,18327,4332,4867,1
2026-08-15 03:00:03,https://www.bilibili.com/video/BV1jN64BKECs/?spm_id_from=333.337.search-card.all.click,5,BV1jN64BKECs,【杨博文｜4K直拍】跟着节奏一起《闭嘴跳舞》～,关键时刻来瓶尖叫,2026-02-01 20:20:32,1439222,26566,16038,22592,9795,2376,7180,1
2026-08-15 03:00:03,https://www.bilibili.com/video/BV1Lb6tBBEYC/?spm_id_from=333.1387.favlist.content.click&vd_source=bdf775a036c61c0159ac2f0c251aaeb7,6,BV1Lb6tBBEYC,【4K精剪】闭嘴跳舞 | 杨博文直拍 | 260201,underthepoplar,2026-02-02 00:00:55,356010,27370,14184,19277,9076,1837,3097,1
2026-08-15 03:00:03,https://www.bilibili.com/video/BV1mJ64BREZY/?spm_id_from=333.1387.favlist.content.click&vd_source=bdf775a036c61c0159ac2f0c251aaeb7,7,BV1mJ64BREZY,【杨博文】闭嘴跳舞丨当主舞穿上西装就会得到,Kismet丨杨博文,2026-02-01 18:31:00,620137,35107,3998,25446,7342,447,654,1
2026-08-15 03:00:03,https://www.bilibili.com/video/BV1XA6nBGEPV/?spm_id_from=333.1387.favlist.content.click,8,BV1XA6nBGEPV,【4K精剪】希区考克 作品152 | 杨博文直拍 | 260131,underthepoplar,2026-02-01 00:23:17,1941433,23733,22242,19965,18999,4012,6916,1
2026-08-15 03:00:03,https://www.bilibili.com/video/BV1JUK56tEh5/?spm_id_from=333.1387.favlist.content.click,9,BV1JUK56tEh5,【杨博文｜音乐现场】全程舒适！跟着标准答案出发不迷路｜《全世界陪我出发》4k横屏直拍,游园会_杨博文,2026-07-16 20:06:19,160179,7992,2370,3927,5073,1951,1799,1
2026-08-15 03:00:03,https://www.bilibili.com/video/BV1kFKG6pEPe/?spm_id_from=333.1387.favlist.content.click,10,BV1kFKG6pEPe,【杨博文】夏日运动会《全世界陪我出发》4K直拍,Eternity丨杨博文,2026-07-16 19:13:38,44929,5410,733,2929,2326,37,94,1
2026-08-15 03:00:03,BV1MGYnzrE9E,11,BV1MGYnzrE9E,杨博文跳 《Centuries》帅到窒息！！竖屏4K直拍,Kismet丨杨博文,2025-08-18 02:15:37,273656,12352,6778,7955,585,959,3381,1
2026-08-15 03:00:03,BV1TLYnzzEx9,12,BV1TLYnzzEx9,舞力全开！主舞大人爽飞全场 15岁少年「杨博文」尽情演绎《Go In Blind》,Astra_杨博文,2025-08-18 00:48:26,333917,9932,5867,8920,578,717,2604,1
2026-08-15 03:30:02,https://www.bilibili.com/video/BV1EGBCBmEo8/?spm_id_from=333.1387.favlist.content.click,0,BV1EGBCBmEo8,【杨博文｜4K高清直拍】魅魔级别的《Manta》舞台，看博文如何一yeah封神,关键时刻来瓶尖叫,2025-12-27 23:15:44,1017981,12626,9893,11491,12722,1101,2417,1
2026-08-15 03:30:02,https://www.bilibili.com/video/BV1A5vkB2E1k/?spm_id_from=333.1387.favlist.content.click,1,BV1A5vkB2E1k,【杨博文】Hey Mama六机位纯舞直拍丨15岁舞台统治者的诞生，四代主舞燃炸全场！,Kismet丨杨博文,2025-12-28 22:28:16,2794485,64414,45088,47005,24881,13592,21777,11
2026-08-15 03:30:02,https://www.bilibili.com/video/BV1EQK56xEZk/?spm_id_from=333.1387.favlist.content.click,2,BV1EQK56xEZk,【杨博文｜音乐现场】｜《全世界陪我出发》4K直拍，考核第一的大C位实在太亮眼！,关键时刻来瓶尖叫,2026-07-16 20:29:02,426718,12494,3282,7391,5680,11152,8523,1
2026-08-15 03:30:02,bilibili.com/video/BV1M9ePzaELH/?spm_id_from=333.337.search-card.all.click,3,BV1M9ePzaELH,「杨博文｜卡拉永远OK」突发舞台事故？我怎么没看见,Astra_杨博文,2025-08-19 22:15:30,996526,15121,5116,10632,10726,759,703,6
2026-08-15 03:30:02,BV1s8BvBPEN5,4,BV1s8BvBPEN5,【杨博文｜4K舞台直拍】好运来祝你好运来～博文宝宝祝你新年好运来,关键时刻来瓶尖叫,2025-12-27 00:43:12,1913181,34797,16977,32227,18327,4332,4867,1
2026-08-15 03:30:02,https://www.bilibili.com/video/BV1jN64BKECs/?spm_id_from=333.337.search-card.all.click,5,BV1jN64BKECs,【杨博文｜4K直拍】跟着节奏一起《闭嘴跳舞》～,关键时刻来瓶尖叫,2026-02-01 20:20:32,1439223,26566,16038,22593,9795,2376,7180,1
2026-08-15 03:30:02,https://www.bilibili.com/video/BV1Lb6tBBEYC/?spm_id_from=333.1387.favlist.content.click&vd_source=bdf775a036c61c0159ac2f0c251aaeb7,6,BV1Lb6tBBEYC,【4K精剪】闭嘴跳舞 | 杨博文直拍 | 260201,underthepoplar,2026-02-02 00:00:55,356012,27371,14184,19278,9076,1837,3097,1
2026-08-15 03:30:02,https://www.bilibili.com/video/BV1mJ64BREZY/?spm_id_from=333.1387.favlist.content.click&vd_source=bdf775a036c61c0159ac2f0c251aaeb7,7,BV1mJ64BREZY,【杨博文】闭嘴跳舞丨当主舞穿上西装就会得到,Kismet丨杨博文,2026-02-01 18:31:00,620142,35107,3998,25446,7342,447,654,1
2026-08-15 03:30:02,https://www.bilibili.com/video/BV1XA6nBGEPV/?spm_id_from=333.1387.favlist.content.click,8,BV1XA6nBGEPV,【4K精剪】希区考克 作品152 | 杨博文直拍 | 260131,underthepoplar,2026-02-01 00:23:17,1941438,23736,22244,19968,18999,4012,6916,1
2026-08-15 03:30:02,https://www.bilibili.com/video/BV1JUK56tEh5/?spm_id_from=333.1387.favlist.content.click,9,BV1JUK56tEh5,【杨博文｜音乐现场】全程舒适！跟着标准答案出发不迷路｜《全世界陪我出发》4k横屏直拍,游园会_杨博文,2026-07-16 20:06:19,160180,7992,2370,3927,5073,1951,1799,1
2026-08-15 03:30:02,https://www.bilibili.com/video/BV1kFKG6pEPe/?spm_id_from=333.1387.favlist.content.click,10,BV1kFKG6pEPe,【杨博文】夏日运动会《全世界陪我出发》4K直拍,Eternity丨杨博文,2026-07-16 19:13:38,44930,5410,733,2929,2326,37,94,1
2026-08-15 03:30:02,BV1MGYnzrE9E,11,BV1MGYnzrE9E,杨博文跳 《Centuries》帅到窒息！！竖屏4K直拍,Kismet丨杨博文,2025-08-18 02:15:37,273656,12352,6778,7955,585,959,3381,1
2026-08-15 03:30:02,BV1TLYnzzEx9,12,BV1TLYnzzEx9,舞力全开！主舞大人爽飞全场 15岁少年「杨博文」尽情演绎《Go In Blind》,Astra_杨博文,2025-08-18 00:48:26,333917,9932,5867,8920,578,717,2604,1
2026-08-15 04:00:01,https://www.bilibili.com/video/BV1EGBCBmEo8/?spm_id_from=333.1387.favlist.content.click,0,BV1EGBCBmEo8,【杨博文｜4K高清直拍】魅魔级别的《Manta》舞台，看博文如何一yeah封神,关键时刻来瓶尖叫,2025-12-27 23:15:44,1017987,12626,9893,11491,12722,1101,2417,1
2026-08-15 04:00:01,https://www.bilibili.com/video/BV1A5vkB2E1k/?spm_id_from=333.1387.favlist.content.click,1,BV1A5vkB2E1k,【杨博文】Hey Mama六机位纯舞直拍丨15岁舞台统治者的诞生，四代主舞燃炸全场！,Kismet丨杨博文,2025-12-28 22:28:16,2794504,64414,45088,47007,24881,13592,21778,13
2026-08-15 04:00:01,https://www.bilibili.com/video/BV1EQK56xEZk/?spm_id_from=333.1387.favlist.content.click,2,BV1EQK56xEZk,【杨博文｜音乐现场】｜《全世界陪我出发》4K直拍，考核第一的大C位实在太亮眼！,关键时刻来瓶尖叫,2026-07-16 20:29:02,426729,12494,3282,7391,5680,11152,8523,1
2026-08-15 04:00:01,bilibili.com/video/BV1M9ePzaELH/?spm_id_from=333.337.search-card.all.click,3,BV1M9ePzaELH,「杨博文｜卡拉永远OK」突发舞台事故？我怎么没看见,Astra_杨博文,2025-08-19 22:15:30,996587,15122,5116,10633,10726,759,703,7
2026-08-15 04:00:01,BV1s8BvBPEN5,4,BV1s8BvBPEN5,【杨博文｜4K舞台直拍】好运来祝你好运来～博文宝宝祝你新年好运来,关键时刻来瓶尖叫,2025-12-27 00:43:12,1913185,34797,16977,32228,18327,4332,4867,1
2026-08-15 04:00:01,https://www.bilibili.com/video/BV1jN64BKECs/?spm_id_from=333.337.search-card.all.click,5,BV1jN64BKECs,【杨博文｜4K直拍】跟着节奏一起《闭嘴跳舞》～,关键时刻来瓶尖叫,2026-02-01 20:20:32,1439224,26566,16038,22594,9795,2376,7180,1
2026-08-15 04:00:01,https://www.bilibili.com/video/BV1Lb6tBBEYC/?spm_id_from=333.1387.favlist.content.click&vd_source=bdf775a036c61c0159ac2f0c251aaeb7,6,BV1Lb6tBBEYC,【4K精剪】闭嘴跳舞 | 杨博文直拍 | 260201,underthepoplar,2026-02-02 00:00:55,356020,27371,14184,19278,9076,1837,3097,1
2026-08-15 04:00:01,https://www.bilibili.com/video/BV1mJ64BREZY/?spm_id_from=333.1387.favlist.content.click&vd_source=bdf775a036c61c0159ac2f0c251aaeb7,7,BV1mJ64BREZY,【杨博文】闭嘴跳舞丨当主舞穿上西装就会得到,Kismet丨杨博文,2026-02-01 18:31:00,620146,35107,3998,25446,7342,447,654,1
2026-08-15 04:00:01,https://www.bilibili.com/video/BV1XA6nBGEPV/?spm_id_from=333.1387.favlist.content.click,8,BV1XA6nBGEPV,【4K精剪】希区考克 作品152 | 杨博文直拍 | 260131,underthepoplar,2026-02-01 00:23:17,1941447,23736,22246,19969,18999,4012,6916,1
2026-08-15 04:00:01,https://www.bilibili.com/video/BV1JUK56tEh5/?spm_id_from=333.1387.favlist.content.click,9,BV1JUK56tEh5,【杨博文｜音乐现场】全程舒适！跟着标准答案出发不迷路｜《全世界陪我出发》4k横屏直拍,游园会_杨博文,2026-07-16 20:06:19,160181,7992,2370,3927,5073,1951,1799,1
2026-08-15 04:00:01,https://www.bilibili.com/video/BV1kFKG6pEPe/?spm_id_from=333.1387.favlist.content.click,10,BV1kFKG6pEPe,【杨博文】夏日运动会《全世界陪我出发》4K直拍,Eternity丨杨博文,2026-07-16 19:13:38,44930,5410,733,2929,2326,37,94,1
2026-08-15 04:00:01,BV1MGYnzrE9E,11,BV1MGYnzrE9E,杨博文跳 《Centuries》帅到窒息！！竖屏4K直拍,Kismet丨杨博文,2025-08-18 02:15:37,273656,12352,6778,7955,585,959,3381,1
2026-08-15 04:00:01,BV1TLYnzzEx9,12,BV1TLYnzzEx9,舞力全开！主舞大人爽飞全场 15岁少年「杨博文」尽情演绎《Go In Blind》,Astra_杨博文,2025-08-18 00:48:26,333917,9932,5867,8920,578,717,2604,1
2026-08-15 04:30:00,https://www.bilibili.com/video/BV1EGBCBmEo8/?spm_id_from=333.1387.favlist.content.click,0,BV1EGBCBmEo8,【杨博文｜4K高清直拍】魅魔级别的《Manta》舞台，看博文如何一yeah封神,关键时刻来瓶尖叫,2025-12-27 23:15:44,1017992,12626,9893,11492,12722,1101,2417,1
2026-08-15 04:30:00,https://www.bilibili.com/video/BV1A5vkB2E1k/?spm_id_from=333.1387.favlist.content.click,1,BV1A5vkB2E1k,【杨博文】Hey Mama六机位纯舞直拍丨15岁舞台统治者的诞生，四代主舞燃炸全场！,Kismet丨杨博文,2025-12-28 22:28:16,2794515,64415,45090,47012,24881,13592,21778,15
2026-08-15 04:30:00,https://www.bilibili.com/video/BV1EQK56xEZk/?spm_id_from=333.1387.favlist.content.click,2,BV1EQK56xEZk,【杨博文｜音乐现场】｜《全世界陪我出发》4K直拍，考核第一的大C位实在太亮眼！,关键时刻来瓶尖叫,2026-07-16 20:29:02,426737,12494,3282,7392,5680,11152,8523,1
2026-08-15 04:30:00,bilibili.com/video/BV1M9ePzaELH/?spm_id_from=333.337.search-card.all.click,3,BV1M9ePzaELH,「杨博文｜卡拉永远OK」突发舞台事故？我怎么没看见,Astra_杨博文,2025-08-19 22:15:30,996641,15122,5116,10634,10726,759,703,6
2026-08-15 04:30:00,BV1s8BvBPEN5,4,BV1s8BvBPEN5,【杨博文｜4K舞台直拍】好运来祝你好运来～博文宝宝祝你新年好运来,关键时刻来瓶尖叫,2025-12-27 00:43:12,1913187,34797,16977,32228,18327,4332,4867,1
2026-08-15 04:30:00,https://www.bilibili.com/video/BV1jN64BKECs/?spm_id_from=333.337.search-card.all.click,5,BV1jN64BKECs,【杨博文｜4K直拍】跟着节奏一起《闭嘴跳舞》～,关键时刻来瓶尖叫,2026-02-01 20:20:32,1439226,26566,16038,22595,9795,2376,7180,1
2026-08-15 04:30:00,https://www.bilibili.com/video/BV1Lb6tBBEYC/?spm_id_from=333.1387.favlist.content.click&vd_source=bdf775a036c61c0159ac2f0c251aaeb7,6,BV1Lb6tBBEYC,【4K精剪】闭嘴跳舞 | 杨博文直拍 | 260201,underthepoplar,2026-02-02 00:00:55,356022,27372,14184,19278,9076,1837,3097,1
2026-08-15 04:30:00,https://www.bilibili.com/video/BV1mJ64BREZY/?spm_id_from=333.1387.favlist.content.click&vd_source=bdf775a036c61c0159ac2f0c251aaeb7,7,BV1mJ64BREZY,【杨博文】闭嘴跳舞丨当主舞穿上西装就会得到,Kismet丨杨博文,2026-02-01 18:31:00,620150,35107,3998,25446,7342,447,654,1
2026-08-15 04:30:00,https://www.bilibili.com/video/BV1XA6nBGEPV/?spm_id_from=333.1387.favlist.content.click,8,BV1XA6nBGEPV,【4K精剪】希区考克 作品152 | 杨博文直拍 | 260131,underthepoplar,2026-02-01 00:23:17,1941452,23736,22248,19969,18999,4012,6916,1
2026-08-15 04:30:00,https://www.bilibili.com/video/BV1JUK56tEh5/?spm_id_from=333.1387.favlist.content.click,9,BV1JUK56tEh5,【杨博文｜音乐现场】全程舒适！跟着标准答案出发不迷路｜《全世界陪我出发》4k横屏直拍,游园会_杨博文,2026-07-16 20:06:19,160181,7992,2370,3927,5073,1951,1799,1
2026-08-15 04:30:00,https://www.bilibili.com/video/BV1kFKG6pEPe/?spm_id_from=333.1387.favlist.content.click,10,BV1kFKG6pEPe,【杨博文】夏日运动会《全世界陪我出发》4K直拍,Eternity丨杨博文,2026-07-16 19:13:38,44930,5410,733,2929,2326,37,94,1
2026-08-15 04:30:00,BV1MGYnzrE9E,11,BV1MGYnzrE9E,杨博文跳 《Centuries》帅到窒息！！竖屏4K直拍,Kismet丨杨博文,2025-08-18 02:15:37,273656,12352,6778,7954,585,959,3381,1
2026-08-15 04:30:00,BV1TLYnzzEx9,12,BV1TLYnzzEx9,舞力全开！主舞大人爽飞全场 15岁少年「杨博文」尽情演绎《Go In Blind》,Astra_杨博文,2025-08-18 00:48:26,333917,9932,5867,8919,578,717,2604,1
2026-08-15 05:00:05,https://www.bilibili.com/video/BV1EGBCBmEo8/?spm_id_from=333.1387.favlist.content.click,0,BV1EGBCBmEo8,【杨博文｜4K高清直拍】魅魔级别的《Manta》舞台，看博文如何一yeah封神,关键时刻来瓶尖叫,2025-12-27 23:15:44,1018001,12627,9895,11493,12722,1101,2417,1
2026-08-15 05:00:05,https://www.bilibili.com/video/BV1A5vkB2E1k/?spm_id_from=333.1387.favlist.content.click,1,BV1A5vkB2E1k,【杨博文】Hey Mama六机位纯舞直拍丨15岁舞台统治者的诞生，四代主舞燃炸全场！,Kismet丨杨博文,2025-12-28 22:28:16,2794529,64415,45094,47013,24881,13592,21778,4
2026-08-15 05:00:05,https://www.bilibili.com/video/BV1EQK56xEZk/?spm_id_from=333.1387.favlist.content.click,2,BV1EQK56xEZk,【杨博文｜音乐现场】｜《全世界陪我出发》4K直拍，考核第一的大C位实在太亮眼！,关键时刻来瓶尖叫,2026-07-16 20:29:02,426748,12494,3282,7392,5680,11152,8523,1
2026-08-15 05:00:05,bilibili.com/video/BV1M9ePzaELH/?spm_id_from=333.337.search-card.all.click,3,BV1M9ePzaELH,「杨博文｜卡拉永远OK」突发舞台事故？我怎么没看见,Astra_杨博文,2025-08-19 22:15:30,996697,15123,5116,10635,10726,759,703,4
2026-08-15 05:00:05,BV1s8BvBPEN5,4,BV1s8BvBPEN5,【杨博文｜4K舞台直拍】好运来祝你好运来～博文宝宝祝你新年好运来,关键时刻来瓶尖叫,2025-12-27 00:43:12,1913190,34797,16977,32228,18327,4332,4867,1
2026-08-15 05:00:05,https://www.bilibili.com/video/BV1jN64BKECs/?spm_id_from=333.337.search-card.all.click,5,BV1jN64BKECs,【杨博文｜4K直拍】跟着节奏一起《闭嘴跳舞》～,关键时刻来瓶尖叫,2026-02-01 20:20:32,1439234,26567,16038,22595,9795,2376,7180,1
2026-08-15 05:00:05,https://www.bilibili.com/video/BV1Lb6tBBEYC/?spm_id_from=333.1387.favlist.content.click&vd_source=bdf775a036c61c0159ac2f0c251aaeb7,6,BV1Lb6tBBEYC,【4K精剪】闭嘴跳舞 | 杨博文直拍 | 260201,underthepoplar,2026-02-02 00:00:55,356025,27374,14184,19279,9076,1837,3097,1
2026-08-15 05:00:05,https://www.bilibili.com/video/BV1mJ64BREZY/?spm_id_from=333.1387.favlist.content.click&vd_source=bdf775a036c61c0159ac2f0c251aaeb7,7,BV1mJ64BREZY,【杨博文】闭嘴跳舞丨当主舞穿上西装就会得到,Kismet丨杨博文,2026-02-01 18:31:00,620155,35107,3998,25446,7342,447,654,1
2026-08-15 05:00:05,https://www.bilibili.com/video/BV1XA6nBGEPV/?spm_id_from=333.1387.favlist.content.click,8,BV1XA6nBGEPV,【4K精剪】希区考克 作品152 | 杨博文直拍 | 260131,underthepoplar,2026-02-01 00:23:17,1941461,23736,22248,19969,18999,4012,6916,1
2026-08-15 05:00:05,https://www.bilibili.com/video/BV1JUK56tEh5/?spm_id_from=333.1387.favlist.content.click,9,BV1JUK56tEh5,【杨博文｜音乐现场】全程舒适！跟着标准答案出发不迷路｜《全世界陪我出发》4k横屏直拍,游园会_杨博文,2026-07-16 20:06:19,160182,7993,2370,3927,5073,1951,1799,1
2026-08-15 05:00:05,https://www.bilibili.com/video/BV1kFKG6pEPe/?spm_id_from=333.1387.favlist.content.click,10,BV1kFKG6pEPe,【杨博文】夏日运动会《全世界陪我出发》4K直拍,Eternity丨杨博文,2026-07-16 19:13:38,44930,5410,733,2929,2326,37,94,1
2026-08-15 05:00:05,BV1MGYnzrE9E,11,BV1MGYnzrE9E,杨博文跳 《Centuries》帅到窒息！！竖屏4K直拍,Kismet丨杨博文,2025-08-18 02:15:37,273658,12354,6778,7954,585,959,3381,1
2026-08-15 05:00:05,BV1TLYnzzEx9,12,BV1TLYnzzEx9,舞力全开！主舞大人爽飞全场 15岁少年「杨博文」尽情演绎《Go In Blind》,Astra_杨博文,2025-08-18 00:48:26,333917,9932,5867,8919,578,717,2604,1
2026-08-15 05:30:04,https://www.bilibili.com/video/BV1EGBCBmEo8/?spm_id_from=333.1387.favlist.content.click,0,BV1EGBCBmEo8,【杨博文｜4K高清直拍】魅魔级别的《Manta》舞台，看博文如何一yeah封神,关键时刻来瓶尖叫,2025-12-27 23:15:44,1018006,12627,9895,11493,12722,1101,2417,1
2026-08-15 05:30:04,https://www.bilibili.com/video/BV1A5vkB2E1k/?spm_id_from=333.1387.favlist.content.click,1,BV1A5vkB2E1k,【杨博文】Hey Mama六机位纯舞直拍丨15岁舞台统治者的诞生，四代主舞燃炸全场！,Kismet丨杨博文,2025-12-28 22:28:16,2794539,64415,45094,47013,24881,13592,21778,8
2026-08-15 05:30:04,https://www.bilibili.com/video/BV1EQK56xEZk/?spm_id_from=333.1387.favlist.content.click,2,BV1EQK56xEZk,【杨博文｜音乐现场】｜《全世界陪我出发》4K直拍，考核第一的大C位实在太亮眼！,关键时刻来瓶尖叫,2026-07-16 20:29:02,426757,12494,3282,7392,5680,11152,8523,1
2026-08-15 05:30:04,bilibili.com/video/BV1M9ePzaELH/?spm_id_from=333.337.search-card.all.click,3,BV1M9ePzaELH,「杨博文｜卡拉永远OK」突发舞台事故？我怎么没看见,Astra_杨博文,2025-08-19 22:15:30,996737,15123,5116,10635,10726,759,703,4
2026-08-15 05:30:04,BV1s8BvBPEN5,4,BV1s8BvBPEN5,【杨博文｜4K舞台直拍】好运来祝你好运来～博文宝宝祝你新年好运来,关键时刻来瓶尖叫,2025-12-27 00:43:12,1913192,34797,16977,32228,18327,4332,4867,1
2026-08-15 05:30:04,https://www.bilibili.com/video/BV1jN64BKECs/?spm_id_from=333.337.search-card.all.click,5,BV1jN64BKECs,【杨博文｜4K直拍】跟着节奏一起《闭嘴跳舞》～,关键时刻来瓶尖叫,2026-02-01 20:20:32,1439235,26567,16038,22595,9795,2376,7180,1
2026-08-15 05:30:04,https://www.bilibili.com/video/BV1Lb6tBBEYC/?spm_id_from=333.1387.favlist.content.click&vd_source=bdf775a036c61c0159ac2f0c251aaeb7,6,BV1Lb6tBBEYC,【4K精剪】闭嘴跳舞 | 杨博文直拍 | 260201,underthepoplar,2026-02-02 00:00:55,356028,27374,14184,19279,9076,1837,3097,1
2026-08-15 05:30:04,https://www.bilibili.com/video/BV1mJ64BREZY/?spm_id_from=333.1387.favlist.content.click&vd_source=bdf775a036c61c0159ac2f0c251aaeb7,7,BV1mJ64BREZY,【杨博文】闭嘴跳舞丨当主舞穿上西装就会得到,Kismet丨杨博文,2026-02-01 18:31:00,620159,35107,3998,25446,7342,447,654,1
2026-08-15 05:30:04,https://www.bilibili.com/video/BV1XA6nBGEPV/?spm_id_from=333.1387.favlist.content.click,8,BV1XA6nBGEPV,【4K精剪】希区考克 作品152 | 杨博文直拍 | 260131,underthepoplar,2026-02-01 00:23:17,1941463,23736,22248,19969,18999,4012,6916,1
2026-08-15 05:30:04,https://www.bilibili.com/video/BV1JUK56tEh5/?spm_id_from=333.1387.favlist.content.click,9,BV1JUK56tEh5,【杨博文｜音乐现场】全程舒适！跟着标准答案出发不迷路｜《全世界陪我出发》4k横屏直拍,游园会_杨博文,2026-07-16 20:06:19,160182,7993,2370,3927,5073,1951,1799,1
2026-08-15 05:30:04,https://www.bilibili.com/video/BV1kFKG6pEPe/?spm_id_from=333.1387.favlist.content.click,10,BV1kFKG6pEPe,【杨博文】夏日运动会《全世界陪我出发》4K直拍,Eternity丨杨博文,2026-07-16 19:13:38,44930,5410,733,2929,2326,37,94,1
2026-08-15 05:30:04,BV1MGYnzrE9E,11,BV1MGYnzrE9E,杨博文跳 《Centuries》帅到窒息！！竖屏4K直拍,Kismet丨杨博文,2025-08-18 02:15:37,273658,12354,6778,7954,585,959,3381,1
2026-08-15 05:30:04,BV1TLYnzzEx9,12,BV1TLYnzzEx9,舞力全开！主舞大人爽飞全场 15岁少年「杨博文」尽情演绎《Go In Blind》,Astra_杨博文,2025-08-18 00:48:26,333917,9932,5867,8919,578,717,2604,1
2026-08-15 06:00:03,https://www.bilibili.com/video/BV1EGBCBmEo8/?spm_id_from=333.1387.favlist.content.click,0,BV1EGBCBmEo8,【杨博文｜4K高清直拍】魅魔级别的《Manta》舞台，看博文如何一yeah封神,关键时刻来瓶尖叫,2025-12-27 23:15:44,1018010,12627,9895,11493,12722,1101,2417,1
2026-08-15 06:00:03,https://www.bilibili.com/video/BV1A5vkB2E1k/?spm_id_from=333.1387.favlist.content.click,1,BV1A5vkB2E1k,【杨博文】Hey Mama六机位纯舞直拍丨15岁舞台统治者的诞生，四代主舞燃炸全场！,Kismet丨杨博文,2025-12-28 22:28:16,2794545,64416,45094,47013,24882,13592,21778,7
2026-08-15 06:00:03,https://www.bilibili.com/video/BV1EQK56xEZk/?spm_id_from=333.1387.favlist.content.click,2,BV1EQK56xEZk,【杨博文｜音乐现场】｜《全世界陪我出发》4K直拍，考核第一的大C位实在太亮眼！,关键时刻来瓶尖叫,2026-07-16 20:29:02,426765,12494,3282,7392,5680,11152,8523,1
2026-08-15 06:00:03,bilibili.com/video/BV1M9ePzaELH/?spm_id_from=333.337.search-card.all.click,3,BV1M9ePzaELH,「杨博文｜卡拉永远OK」突发舞台事故？我怎么没看见,Astra_杨博文,2025-08-19 22:15:30,996778,15123,5116,10635,10726,759,703,4
2026-08-15 06:00:03,BV1s8BvBPEN5,4,BV1s8BvBPEN5,【杨博文｜4K舞台直拍】好运来祝你好运来～博文宝宝祝你新年好运来,关键时刻来瓶尖叫,2025-12-27 00:43:12,1913194,34797,16977,32228,18327,4332,4867,1
2026-08-15 06:00:03,https://www.bilibili.com/video/BV1jN64BKECs/?spm_id_from=333.337.search-card.all.click,5,BV1jN64BKECs,【杨博文｜4K直拍】跟着节奏一起《闭嘴跳舞》～,关键时刻来瓶尖叫,2026-02-01 20:20:32,1439238,26568,16038,22596,9795,2376,7180,1
2026-08-15 06:00:03,https://www.bilibili.com/video/BV1Lb6tBBEYC/?spm_id_from=333.1387.favlist.content.click&vd_source=bdf775a036c61c0159ac2f0c251aaeb7,6,BV1Lb6tBBEYC,【4K精剪】闭嘴跳舞 | 杨博文直拍 | 260201,underthepoplar,2026-02-02 00:00:55,356028,27374,14184,19279,9076,1837,3097,1
2026-08-15 06:00:03,https://www.bilibili.com/video/BV1mJ64BREZY/?spm_id_from=333.1387.favlist.content.click&vd_source=bdf775a036c61c0159ac2f0c251aaeb7,7,BV1mJ64BREZY,【杨博文】闭嘴跳舞丨当主舞穿上西装就会得到,Kismet丨杨博文,2026-02-01 18:31:00,620161,35107,3998,25446,7342,447,654,1
2026-08-15 06:00:03,https://www.bilibili.com/video/BV1XA6nBGEPV/?spm_id_from=333.1387.favlist.content.click,8,BV1XA6nBGEPV,【4K精剪】希区考克 作品152 | 杨博文直拍 | 260131,underthepoplar,2026-02-01 00:23:17,1941463,23736,22248,19969,18999,4012,6916,1
2026-08-15 06:00:03,https://www.bilibili.com/video/BV1JUK56tEh5/?spm_id_from=333.1387.favlist.content.click,9,BV1JUK56tEh5,【杨博文｜音乐现场】全程舒适！跟着标准答案出发不迷路｜《全世界陪我出发》4k横屏直拍,游园会_杨博文,2026-07-16 20:06:19,160184,7994,2372,3927,5073,1951,1799,1
2026-08-15 06:00:03,https://www.bilibili.com/video/BV1kFKG6pEPe/?spm_id_from=333.1387.favlist.content.click,10,BV1kFKG6pEPe,【杨博文】夏日运动会《全世界陪我出发》4K直拍,Eternity丨杨博文,2026-07-16 19:13:38,44930,5410,733,2929,2326,37,94,1
2026-08-15 06:00:03,BV1MGYnzrE9E,11,BV1MGYnzrE9E,杨博文跳 《Centuries》帅到窒息！！竖屏4K直拍,Kismet丨杨博文,2025-08-18 02:15:37,273658,12354,6778,7954,585,959,3381,1
2026-08-15 06:00:03,BV1TLYnzzEx9,12,BV1TLYnzzEx9,舞力全开！主舞大人爽飞全场 15岁少年「杨博文」尽情演绎《Go In Blind》,Astra_杨博文,2025-08-18 00:48:26,333917,9932,5867,8919,578,717,2604,1
2026-08-15 06:30:04,https://www.bilibili.com/video/BV1EGBCBmEo8/?spm_id_from=333.1387.favlist.content.click,0,BV1EGBCBmEo8,【杨博文｜4K高清直拍】魅魔级别的《Manta》舞台，看博文如何一yeah封神,关键时刻来瓶尖叫,2025-12-27 23:15:44,1018015,12627,9895,11493,12722,1101,2417,1
2026-08-15 06:30:04,https://www.bilibili.com/video/BV1A5vkB2E1k/?spm_id_from=333.1387.favlist.content.click,1,BV1A5vkB2E1k,【杨博文】Hey Mama六机位纯舞直拍丨15岁舞台统治者的诞生，四代主舞燃炸全场！,Kismet丨杨博文,2025-12-28 22:28:16,2794558,64419,45096,47016,24882,13592,21778,6
2026-08-15 06:30:04,https://www.bilibili.com/video/BV1EQK56xEZk/?spm_id_from=333.1387.favlist.content.click,2,BV1EQK56xEZk,【杨博文｜音乐现场】｜《全世界陪我出发》4K直拍，考核第一的大C位实在太亮眼！,关键时刻来瓶尖叫,2026-07-16 20:29:02,426774,12494,3282,7392,5680,11152,8523,1
2026-08-15 06:30:04,bilibili.com/video/BV1M9ePzaELH/?spm_id_from=333.337.search-card.all.click,3,BV1M9ePzaELH,「杨博文｜卡拉永远OK」突发舞台事故？我怎么没看见,Astra_杨博文,2025-08-19 22:15:30,996816,15123,5118,10635,10726,759,703,2
2026-08-15 06:30:04,BV1s8BvBPEN5,4,BV1s8BvBPEN5,【杨博文｜4K舞台直拍】好运来祝你好运来～博文宝宝祝你新年好运来,关键时刻来瓶尖叫,2025-12-27 00:43:12,1913194,34797,16977,32228,18327,4332,4867,1
2026-08-15 06:30:04,https://www.bilibili.com/video/BV1jN64BKECs/?spm_id_from=333.337.search-card.all.click,5,BV1jN64BKECs,【杨博文｜4K直拍】跟着节奏一起《闭嘴跳舞》～,关键时刻来瓶尖叫,2026-02-01 20:20:32,1439238,26568,16038,22596,9795,2376,7180,1
2026-08-15 06:30:04,https://www.bilibili.com/video/BV1Lb6tBBEYC/?spm_id_from=333.1387.favlist.content.click&vd_source=bdf775a036c61c0159ac2f0c251aaeb7,6,BV1Lb6tBBEYC,【4K精剪】闭嘴跳舞 | 杨博文直拍 | 260201,underthepoplar,2026-02-02 00:00:55,356029,27374,14184,19279,9076,1837,3097,1
2026-08-15 06:30:04,https://www.bilibili.com/video/BV1mJ64BREZY/?spm_id_from=333.1387.favlist.content.click&vd_source=bdf775a036c61c0159ac2f0c251aaeb7,7,BV1mJ64BREZY,【杨博文】闭嘴跳舞丨当主舞穿上西装就会得到,Kismet丨杨博文,2026-02-01 18:31:00,620167,35107,3998,25446,7342,447,654,1
2026-08-15 06:30:04,https://www.bilibili.com/video/BV1XA6nBGEPV/?spm_id_from=333.1387.favlist.content.click,8,BV1XA6nBGEPV,【4K精剪】希区考克 作品152 | 杨博文直拍 | 260131,underthepoplar,2026-02-01 00:23:17,1941463,23736,22248,19969,18999,4012,6916,1
2026-08-15 06:30:04,https://www.bilibili.com/video/BV1JUK56tEh5/?spm_id_from=333.1387.favlist.content.click,9,BV1JUK56tEh5,【杨博文｜音乐现场】全程舒适！跟着标准答案出发不迷路｜《全世界陪我出发》4k横屏直拍,游园会_杨博文,2026-07-16 20:06:19,160186,7994,2372,3927,5073,1951,1799,1
2026-08-15 06:30:04,https://www.bilibili.com/video/BV1kFKG6pEPe/?spm_id_from=333.1387.favlist.content.click,10,BV1kFKG6pEPe,【杨博文】夏日运动会《全世界陪我出发》4K直拍,Eternity丨杨博文,2026-07-16 19:13:38,44930,5410,733,2929,2326,37,94,1
2026-08-15 06:30:04,BV1MGYnzrE9E,11,BV1MGYnzrE9E,杨博文跳 《Centuries》帅到窒息！！竖屏4K直拍,Kismet丨杨博文,2025-08-18 02:15:37,273658,12354,6778,7954,585,959,3381,1
2026-08-15 06:30:04,BV1TLYnzzEx9,12,BV1TLYnzzEx9,舞力全开！主舞大人爽飞全场 15岁少年「杨博文」尽情演绎《Go In Blind》,Astra_杨博文,2025-08-18 00:48:26,333917,9932,5867,8919,578,717,2604,1
2026-08-15 07:00:03,https://www.bilibili.com/video/BV1EGBCBmEo8/?spm_id_from=333.1387.favlist.content.click,0,BV1EGBCBmEo8,【杨博文｜4K高清直拍】魅魔级别的《Manta》舞台，看博文如何一yeah封神,关键时刻来瓶尖叫,2025-12-27 23:15:44,1018020,12627,9895,11493,12722,1101,2417,1
2026-08-15 07:00:03,https://www.bilibili.com/video/BV1A5vkB2E1k/?spm_id_from=333.1387.favlist.content.click,1,BV1A5vkB2E1k,【杨博文】Hey Mama六机位纯舞直拍丨15岁舞台统治者的诞生，四代主舞燃炸全场！,Kismet丨杨博文,2025-12-28 22:28:16,2794568,64419,45096,47018,24882,13592,21778,14
2026-08-15 07:00:03,https://www.bilibili.com/video/BV1EQK56xEZk/?spm_id_from=333.1387.favlist.content.click,2,BV1EQK56xEZk,【杨博文｜音乐现场】｜《全世界陪我出发》4K直拍，考核第一的大C位实在太亮眼！,关键时刻来瓶尖叫,2026-07-16 20:29:02,426786,12494,3282,7393,5680,11152,8523,1
2026-08-15 07:00:03,bilibili.com/video/BV1M9ePzaELH/?spm_id_from=333.337.search-card.all.click,3,BV1M9ePzaELH,「杨博文｜卡拉永远OK」突发舞台事故？我怎么没看见,Astra_杨博文,2025-08-19 22:15:30,996853,15123,5118,10635,10726,759,703,9
2026-08-15 07:00:03,BV1s8BvBPEN5,4,BV1s8BvBPEN5,【杨博文｜4K舞台直拍】好运来祝你好运来～博文宝宝祝你新年好运来,关键时刻来瓶尖叫,2025-12-27 00:43:12,1913196,34797,16977,32228,18327,4332,4867,1
2026-08-15 07:00:03,https://www.bilibili.com/video/BV1jN64BKECs/?spm_id_from=333.337.search-card.all.click,5,BV1jN64BKECs,【杨博文｜4K直拍】跟着节奏一起《闭嘴跳舞》～,关键时刻来瓶尖叫,2026-02-01 20:20:32,1439241,26568,16038,22596,9795,2376,7180,1
2026-08-15 07:00:03,https://www.bilibili.com/video/BV1Lb6tBBEYC/?spm_id_from=333.1387.favlist.content.click&vd_source=bdf775a036c61c0159ac2f0c251aaeb7,6,BV1Lb6tBBEYC,【4K精剪】闭嘴跳舞 | 杨博文直拍 | 260201,underthepoplar,2026-02-02 00:00:55,356030,27374,14184,19279,9076,1837,3097,1
2026-08-15 07:00:03,https://www.bilibili.com/video/BV1mJ64BREZY/?spm_id_from=333.1387.favlist.content.click&vd_source=bdf775a036c61c0159ac2f0c251aaeb7,7,BV1mJ64BREZY,【杨博文】闭嘴跳舞丨当主舞穿上西装就会得到,Kismet丨杨博文,2026-02-01 18:31:00,620175,35107,3998,25446,7342,447,654,1
2026-08-15 07:00:03,https://www.bilibili.com/video/BV1XA6nBGEPV/?spm_id_from=333.1387.favlist.content.click,8,BV1XA6nBGEPV,【4K精剪】希区考克 作品152 | 杨博文直拍 | 260131,underthepoplar,2026-02-01 00:23:17,1941464,23736,22248,19969,18999,4012,6916,1
2026-08-15 07:00:03,https://www.bilibili.com/video/BV1JUK56tEh5/?spm_id_from=333.1387.favlist.content.click,9,BV1JUK56tEh5,【杨博文｜音乐现场】全程舒适！跟着标准答案出发不迷路｜《全世界陪我出发》4k横屏直拍,游园会_杨博文,2026-07-16 20:06:19,160187,7993,2372,3927,5073,1951,1799,1
2026-08-15 07:00:03,https://www.bilibili.com/video/BV1kFKG6pEPe/?spm_id_from=333.1387.favlist.content.click,10,BV1kFKG6pEPe,【杨博文】夏日运动会《全世界陪我出发》4K直拍,Eternity丨杨博文,2026-07-16 19:13:38,44930,5410,733,2929,2326,37,94,1
2026-08-15 07:00:03,BV1MGYnzrE9E,11,BV1MGYnzrE9E,杨博文跳 《Centuries》帅到窒息！！竖屏4K直拍,Kismet丨杨博文,2025-08-18 02:15:37,273658,12354,6778,7954,585,959,3381,1
2026-08-15 07:00:03,BV1TLYnzzEx9,12,BV1TLYnzzEx9,舞力全开！主舞大人爽飞全场 15岁少年「杨博文」尽情演绎《Go In Blind》,Astra_杨博文,2025-08-18 00:48:26,333917,9932,5867,8919,578,717,2604,1
2026-08-15 07:30:02,https://www.bilibili.com/video/BV1EGBCBmEo8/?spm_id_from=333.1387.favlist.content.click,0,BV1EGBCBmEo8,【杨博文｜4K高清直拍】魅魔级别的《Manta》舞台，看博文如何一yeah封神,关键时刻来瓶尖叫,2025-12-27 23:15:44,1018026,12627,9895,11493,12722,1101,2417,1
2026-08-15 07:30:02,https://www.bilibili.com/video/BV1A5vkB2E1k/?spm_id_from=333.1387.favlist.content.click,1,BV1A5vkB2E1k,【杨博文】Hey Mama六机位纯舞直拍丨15岁舞台统治者的诞生，四代主舞燃炸全场！,Kismet丨杨博文,2025-12-28 22:28:16,2794580,64420,45096,47018,24882,13592,21778,6
2026-08-15 07:30:02,https://www.bilibili.com/video/BV1EQK56xEZk/?spm_id_from=333.1387.favlist.content.click,2,BV1EQK56xEZk,【杨博文｜音乐现场】｜《全世界陪我出发》4K直拍，考核第一的大C位实在太亮眼！,关键时刻来瓶尖叫,2026-07-16 20:29:02,426799,12495,3283,7394,5680,11152,8523,1
2026-08-15 07:30:02,bilibili.com/video/BV1M9ePzaELH/?spm_id_from=333.337.search-card.all.click,3,BV1M9ePzaELH,「杨博文｜卡拉永远OK」突发舞台事故？我怎么没看见,Astra_杨博文,2025-08-19 22:15:30,996888,15123,5118,10635,10726,759,703,12
2026-08-15 07:30:02,BV1s8BvBPEN5,4,BV1s8BvBPEN5,【杨博文｜4K舞台直拍】好运来祝你好运来～博文宝宝祝你新年好运来,关键时刻来瓶尖叫,2025-12-27 00:43:12,1913198,34797,16977,32228,18327,4332,4867,1
2026-08-15 07:30:02,https://www.bilibili.com/video/BV1jN64BKECs/?spm_id_from=333.337.search-card.all.click,5,BV1jN64BKECs,【杨博文｜4K直拍】跟着节奏一起《闭嘴跳舞》～,关键时刻来瓶尖叫,2026-02-01 20:20:32,1439244,26568,16038,22596,9795,2376,7180,1
2026-08-15 07:30:02,https://www.bilibili.com/video/BV1Lb6tBBEYC/?spm_id_from=333.1387.favlist.content.click&vd_source=bdf775a036c61c0159ac2f0c251aaeb7,6,BV1Lb6tBBEYC,【4K精剪】闭嘴跳舞 | 杨博文直拍 | 260201,underthepoplar,2026-02-02 00:00:55,356032,27374,14184,19279,9076,1837,3097,1
2026-08-15 07:30:02,https://www.bilibili.com/video/BV1mJ64BREZY/?spm_id_from=333.1387.favlist.content.click&vd_source=bdf775a036c61c0159ac2f0c251aaeb7,7,BV1mJ64BREZY,【杨博文】闭嘴跳舞丨当主舞穿上西装就会得到,Kismet丨杨博文,2026-02-01 18:31:00,620180,35107,3998,25446,7342,447,654,1
2026-08-15 07:30:02,https://www.bilibili.com/video/BV1XA6nBGEPV/?spm_id_from=333.1387.favlist.content.click,8,BV1XA6nBGEPV,【4K精剪】希区考克 作品152 | 杨博文直拍 | 260131,underthepoplar,2026-02-01 00:23:17,1941469,23736,22248,19969,18999,4012,6916,1
2026-08-15 07:30:02,https://www.bilibili.com/video/BV1JUK56tEh5/?spm_id_from=333.1387.favlist.content.click,9,BV1JUK56tEh5,【杨博文｜音乐现场】全程舒适！跟着标准答案出发不迷路｜《全世界陪我出发》4k横屏直拍,游园会_杨博文,2026-07-16 20:06:19,160188,7993,2372,3927,5073,1951,1799,1
2026-08-15 07:30:02,https://www.bilibili.com/video/BV1kFKG6pEPe/?spm_id_from=333.1387.favlist.content.click,10,BV1kFKG6pEPe,【杨博文】夏日运动会《全世界陪我出发》4K直拍,Eternity丨杨博文,2026-07-16 19:13:38,44930,5410,733,2929,2326,37,94,1
2026-08-15 07:30:02,BV1MGYnzrE9E,11,BV1MGYnzrE9E,杨博文跳 《Centuries》帅到窒息！！竖屏4K直拍,Kismet丨杨博文,2025-08-18 02:15:37,273658,12354,6778,7954,585,959,3381,1
2026-08-15 07:30:02,BV1TLYnzzEx9,12,BV1TLYnzzEx9,舞力全开！主舞大人爽飞全场 15岁少年「杨博文」尽情演绎《Go In Blind》,Astra_杨博文,2025-08-18 00:48:26,333917,9932,5867,8919,578,717,2604,1
2026-08-15 08:00:02,https://www.bilibili.com/video/BV1EGBCBmEo8/?spm_id_from=333.1387.favlist.content.click,0,BV1EGBCBmEo8,【杨博文｜4K高清直拍】魅魔级别的《Manta》舞台，看博文如何一yeah封神,关键时刻来瓶尖叫,2025-12-27 23:15:44,1018032,12627,9897,11493,12722,1101,2417,1
2026-08-15 08:00:02,https://www.bilibili.com/video/BV1A5vkB2E1k/?spm_id_from=333.1387.favlist.content.click,1,BV1A5vkB2E1k,【杨博文】Hey Mama六机位纯舞直拍丨15岁舞台统治者的诞生，四代主舞燃炸全场！,Kismet丨杨博文,2025-12-28 22:28:16,2794593,64420,45096,47026,24882,13592,21778,6
2026-08-15 08:00:02,https://www.bilibili.com/video/BV1EQK56xEZk/?spm_id_from=333.1387.favlist.content.click,2,BV1EQK56xEZk,【杨博文｜音乐现场】｜《全世界陪我出发》4K直拍，考核第一的大C位实在太亮眼！,关键时刻来瓶尖叫,2026-07-16 20:29:02,426808,12495,3283,7394,5680,11152,8523,1
2026-08-15 08:00:02,bilibili.com/video/BV1M9ePzaELH/?spm_id_from=333.337.search-card.all.click,3,BV1M9ePzaELH,「杨博文｜卡拉永远OK」突发舞台事故？我怎么没看见,Astra_杨博文,2025-08-19 22:15:30,996924,15123,5120,10635,10727,759,703,13
2026-08-15 08:00:02,BV1s8BvBPEN5,4,BV1s8BvBPEN5,【杨博文｜4K舞台直拍】好运来祝你好运来～博文宝宝祝你新年好运来,关键时刻来瓶尖叫,2025-12-27 00:43:12,1913200,34797,16977,32230,18327,4332,4867,1
2026-08-15 08:00:02,https://www.bilibili.com/video/BV1jN64BKECs/?spm_id_from=333.337.search-card.all.click,5,BV1jN64BKECs,【杨博文｜4K直拍】跟着节奏一起《闭嘴跳舞》～,关键时刻来瓶尖叫,2026-02-01 20:20:32,1439248,26569,16038,22600,9795,2376,7180,1
2026-08-15 08:00:02,https://www.bilibili.com/video/BV1Lb6tBBEYC/?spm_id_from=333.1387.favlist.content.click&vd_source=bdf775a036c61c0159ac2f0c251aaeb7,6,BV1Lb6tBBEYC,【4K精剪】闭嘴跳舞 | 杨博文直拍 | 260201,underthepoplar,2026-02-02 00:00:55,356033,27374,14184,19278,9076,1837,3097,1
2026-08-15 08:00:02,https://www.bilibili.com/video/BV1mJ64BREZY/?spm_id_from=333.1387.favlist.content.click&vd_source=bdf775a036c61c0159ac2f0c251aaeb7,7,BV1mJ64BREZY,【杨博文】闭嘴跳舞丨当主舞穿上西装就会得到,Kismet丨杨博文,2026-02-01 18:31:00,620181,35107,3998,25446,7342,447,654,1
2026-08-15 08:00:02,https://www.bilibili.com/video/BV1XA6nBGEPV/?spm_id_from=333.1387.favlist.content.click,8,BV1XA6nBGEPV,【4K精剪】希区考克 作品152 | 杨博文直拍 | 260131,underthepoplar,2026-02-01 00:23:17,1941472,23737,22248,19971,18999,4012,6916,1
2026-08-15 08:00:02,https://www.bilibili.com/video/BV1JUK56tEh5/?spm_id_from=333.1387.favlist.content.click,9,BV1JUK56tEh5,【杨博文｜音乐现场】全程舒适！跟着标准答案出发不迷路｜《全世界陪我出发》4k横屏直拍,游园会_杨博文,2026-07-16 20:06:19,160190,7994,2372,3926,5073,1951,1799,1
2026-08-15 08:00:02,https://www.bilibili.com/video/BV1kFKG6pEPe/?spm_id_from=333.1387.favlist.content.click,10,BV1kFKG6pEPe,【杨博文】夏日运动会《全世界陪我出发》4K直拍,Eternity丨杨博文,2026-07-16 19:13:38,44930,5410,733,2929,2326,37,94,1
2026-08-15 08:00:02,BV1MGYnzrE9E,11,BV1MGYnzrE9E,杨博文跳 《Centuries》帅到窒息！！竖屏4K直拍,Kismet丨杨博文,2025-08-18 02:15:37,273658,12354,6778,7954,585,959,3381,1
2026-08-15 08:00:02,BV1TLYnzzEx9,12,BV1TLYnzzEx9,舞力全开！主舞大人爽飞全场 15岁少年「杨博文」尽情演绎《Go In Blind》,Astra_杨博文,2025-08-18 00:48:26,333917,9932,5867,8919,578,717,2604,1
2026-08-15 08:30:01,https://www.bilibili.com/video/BV1EGBCBmEo8/?spm_id_from=333.1387.favlist.content.click,0,BV1EGBCBmEo8,【杨博文｜4K高清直拍】魅魔级别的《Manta》舞台，看博文如何一yeah封神,关键时刻来瓶尖叫,2025-12-27 23:15:44,1018038,12627,9897,11493,12722,1101,2417,1
2026-08-15 08:30:01,https://www.bilibili.com/video/BV1A5vkB2E1k/?spm_id_from=333.1387.favlist.content.click,1,BV1A5vkB2E1k,【杨博文】Hey Mama六机位纯舞直拍丨15岁舞台统治者的诞生，四代主舞燃炸全场！,Kismet丨杨博文,2025-12-28 22:28:16,2794618,64422,45096,47031,24883,13593,21778,11
2026-08-15 08:30:01,https://www.bilibili.com/video/BV1EQK56xEZk/?spm_id_from=333.1387.favlist.content.click,2,BV1EQK56xEZk,【杨博文｜音乐现场】｜《全世界陪我出发》4K直拍，考核第一的大C位实在太亮眼！,关键时刻来瓶尖叫,2026-07-16 20:29:02,426822,12495,3283,7394,5680,11152,8523,1
2026-08-15 08:30:01,bilibili.com/video/BV1M9ePzaELH/?spm_id_from=333.337.search-card.all.click,3,BV1M9ePzaELH,「杨博文｜卡拉永远OK」突发舞台事故？我怎么没看见,Astra_杨博文,2025-08-19 22:15:30,996970,15124,5120,10636,10727,760,703,18
2026-08-15 08:30:01,BV1s8BvBPEN5,4,BV1s8BvBPEN5,【杨博文｜4K舞台直拍】好运来祝你好运来～博文宝宝祝你新年好运来,关键时刻来瓶尖叫,2025-12-27 00:43:12,1913203,34797,16977,32230,18327,4332,4867,1
2026-08-15 08:30:01,https://www.bilibili.com/video/BV1jN64BKECs/?spm_id_from=333.337.search-card.all.click,5,BV1jN64BKECs,【杨博文｜4K直拍】跟着节奏一起《闭嘴跳舞》～,关键时刻来瓶尖叫,2026-02-01 20:20:32,1439258,26570,16038,22601,9795,2376,7180,2
2026-08-15 08:30:01,https://www.bilibili.com/video/BV1Lb6tBBEYC/?spm_id_from=333.1387.favlist.content.click&vd_source=bdf775a036c61c0159ac2f0c251aaeb7,6,BV1Lb6tBBEYC,【4K精剪】闭嘴跳舞 | 杨博文直拍 | 260201,underthepoplar,2026-02-02 00:00:55,356035,27374,14184,19278,9076,1837,3097,1
2026-08-15 08:30:01,https://www.bilibili.com/video/BV1mJ64BREZY/?spm_id_from=333.1387.favlist.content.click&vd_source=bdf775a036c61c0159ac2f0c251aaeb7,7,BV1mJ64BREZY,【杨博文】闭嘴跳舞丨当主舞穿上西装就会得到,Kismet丨杨博文,2026-02-01 18:31:00,620182,35107,3998,25446,7342,447,654,1
2026-08-15 08:30:01,https://www.bilibili.com/video/BV1XA6nBGEPV/?spm_id_from=333.1387.favlist.content.click,8,BV1XA6nBGEPV,【4K精剪】希区考克 作品152 | 杨博文直拍 | 260131,underthepoplar,2026-02-01 00:23:17,1941477,23737,22248,19972,18999,4012,6916,1
2026-08-15 08:30:01,https://www.bilibili.com/video/BV1JUK56tEh5/?spm_id_from=333.1387.favlist.content.click,9,BV1JUK56tEh5,【杨博文｜音乐现场】全程舒适！跟着标准答案出发不迷路｜《全世界陪我出发》4k横屏直拍,游园会_杨博文,2026-07-16 20:06:19,160194,7994,2372,3926,5073,1951,1799,1
2026-08-15 08:30:01,https://www.bilibili.com/video/BV1kFKG6pEPe/?spm_id_from=333.1387.favlist.content.click,10,BV1kFKG6pEPe,【杨博文】夏日运动会《全世界陪我出发》4K直拍,Eternity丨杨博文,2026-07-16 19:13:38,44931,5410,733,2929,2326,37,94,1
2026-08-15 08:30:01,BV1MGYnzrE9E,11,BV1MGYnzrE9E,杨博文跳 《Centuries》帅到窒息！！竖屏4K直拍,Kismet丨杨博文,2025-08-18 02:15:37,273658,12354,6778,7954,585,959,3381,1
2026-08-15 08:30:01,BV1TLYnzzEx9,12,BV1TLYnzzEx9,舞力全开！主舞大人爽飞全场 15岁少年「杨博文」尽情演绎《Go In Blind》,Astra_杨博文,2025-08-18 00:48:26,333917,9932,5867,8919,578,717,2604,1
2026-08-15 09:00:00,https://www.bilibili.com/video/BV1EGBCBmEo8/?spm_id_from=333.1387.favlist.content.click,0,BV1EGBCBmEo8,【杨博文｜4K高清直拍】魅魔级别的《Manta》舞台，看博文如何一yeah封神,关键时刻来瓶尖叫,2025-12-27 23:15:44,1018044,12627,9897,11493,12722,1101,2417,1
2026-08-15 09:00:00,https://www.bilibili.com/video/BV1A5vkB2E1k/?spm_id_from=333.1387.favlist.content.click,1,BV1A5vkB2E1k,【杨博文】Hey Mama六机位纯舞直拍丨15岁舞台统治者的诞生，四代主舞燃炸全场！,Kismet丨杨博文,2025-12-28 22:28:16,2794641,64424,45098,47040,24883,13595,21779,11
2026-08-15 09:00:00,https://www.bilibili.com/video/BV1EQK56xEZk/?spm_id_from=333.1387.favlist.content.click,2,BV1EQK56xEZk,【杨博文｜音乐现场】｜《全世界陪我出发》4K直拍，考核第一的大C位实在太亮眼！,关键时刻来瓶尖叫,2026-07-16 20:29:02,426838,12497,3283,7394,5680,11152,8523,1
2026-08-15 09:00:00,bilibili.com/video/BV1M9ePzaELH/?spm_id_from=333.337.search-card.all.click,3,BV1M9ePzaELH,「杨博文｜卡拉永远OK」突发舞台事故？我怎么没看见,Astra_杨博文,2025-08-19 22:15:30,997006,15125,5122,10635,10727,761,703,14
2026-08-15 09:00:00,BV1s8BvBPEN5,4,BV1s8BvBPEN5,【杨博文｜4K舞台直拍】好运来祝你好运来～博文宝宝祝你新年好运来,关键时刻来瓶尖叫,2025-12-27 00:43:12,1913210,34799,16977,32236,18327,4332,4867,2
2026-08-15 09:00:00,https://www.bilibili.com/video/BV1jN64BKECs/?spm_id_from=333.337.search-card.all.click,5,BV1jN64BKECs,【杨博文｜4K直拍】跟着节奏一起《闭嘴跳舞》～,关键时刻来瓶尖叫,2026-02-01 20:20:32,1439270,26573,16038,22608,9795,2376,7180,1
2026-08-15 09:00:00,https://www.bilibili.com/video/BV1Lb6tBBEYC/?spm_id_from=333.1387.favlist.content.click&vd_source=bdf775a036c61c0159ac2f0c251aaeb7,6,BV1Lb6tBBEYC,【4K精剪】闭嘴跳舞 | 杨博文直拍 | 260201,underthepoplar,2026-02-02 00:00:55,356040,27375,14184,19279,9076,1837,3097,1
2026-08-15 09:00:00,https://www.bilibili.com/video/BV1mJ64BREZY/?spm_id_from=333.1387.favlist.content.click&vd_source=bdf775a036c61c0159ac2f0c251aaeb7,7,BV1mJ64BREZY,【杨博文】闭嘴跳舞丨当主舞穿上西装就会得到,Kismet丨杨博文,2026-02-01 18:31:00,620184,35107,3998,25445,7342,447,654,1
2026-08-15 09:00:00,https://www.bilibili.com/video/BV1XA6nBGEPV/?spm_id_from=333.1387.favlist.content.click,8,BV1XA6nBGEPV,【4K精剪】希区考克 作品152 | 杨博文直拍 | 260131,underthepoplar,2026-02-01 00:23:17,1941482,23739,22248,19977,18999,4012,6916,1
2026-08-15 09:00:00,https://www.bilibili.com/video/BV1JUK56tEh5/?spm_id_from=333.1387.favlist.content.click,9,BV1JUK56tEh5,【杨博文｜音乐现场】全程舒适！跟着标准答案出发不迷路｜《全世界陪我出发》4k横屏直拍,游园会_杨博文,2026-07-16 20:06:19,160203,7994,2372,3926,5073,1951,1799,1
2026-08-15 09:00:00,https://www.bilibili.com/video/BV1kFKG6pEPe/?spm_id_from=333.1387.favlist.content.click,10,BV1kFKG6pEPe,【杨博文】夏日运动会《全世界陪我出发》4K直拍,Eternity丨杨博文,2026-07-16 19:13:38,44932,5410,733,2929,2326,37,94,1
2026-08-15 09:00:00,BV1MGYnzrE9E,11,BV1MGYnzrE9E,杨博文跳 《Centuries》帅到窒息！！竖屏4K直拍,Kismet丨杨博文,2025-08-18 02:15:37,273658,12354,6778,7954,585,959,3381,1
2026-08-15 09:00:00,BV1TLYnzzEx9,12,BV1TLYnzzEx9,舞力全开！主舞大人爽飞全场 15岁少年「杨博文」尽情演绎《Go In Blind》,Astra_杨博文,2025-08-18 00:48:26,333917,9932,5867,8919,578,717,2604,1
2026-08-15 09:30:00,https://www.bilibili.com/video/BV1EGBCBmEo8/?spm_id_from=333.1387.favlist.content.click,0,BV1EGBCBmEo8,【杨博文｜4K高清直拍】魅魔级别的《Manta》舞台，看博文如何一yeah封神,关键时刻来瓶尖叫,2025-12-27 23:15:44,1018050,12627,9897,11493,12722,1101,2417,1
2026-08-15 09:30:00,https://www.bilibili.com/video/BV1A5vkB2E1k/?spm_id_from=333.1387.favlist.content.click,1,BV1A5vkB2E1k,【杨博文】Hey Mama六机位纯舞直拍丨15岁舞台统治者的诞生，四代主舞燃炸全场！,Kismet丨杨博文,2025-12-28 22:28:16,2794673,64427,45100,47053,24883,13595,21781,8
2026-08-15 09:30:00,https://www.bilibili.com/video/BV1EQK56xEZk/?spm_id_from=333.1387.favlist.content.click,2,BV1EQK56xEZk,【杨博文｜音乐现场】｜《全世界陪我出发》4K直拍，考核第一的大C位实在太亮眼！,关键时刻来瓶尖叫,2026-07-16 20:29:02,426854,12499,3283,7395,5680,11152,8523,1
2026-08-15 09:30:00,bilibili.com/video/BV1M9ePzaELH/?spm_id_from=333.337.search-card.all.click,3,BV1M9ePzaELH,「杨博文｜卡拉永远OK」突发舞台事故？我怎么没看见,Astra_杨博文,2025-08-19 22:15:30,997038,15125,5122,10635,10727,761,703,9
2026-08-15 09:30:00,BV1s8BvBPEN5,4,BV1s8BvBPEN5,【杨博文｜4K舞台直拍】好运来祝你好运来～博文宝宝祝你新年好运来,关键时刻来瓶尖叫,2025-12-27 00:43:12,1913218,34800,16977,32239,18327,4332,4867,1
2026-08-15 09:30:00,https://www.bilibili.com/video/BV1jN64BKECs/?spm_id_from=333.337.search-card.all.click,5,BV1jN64BKECs,【杨博文｜4K直拍】跟着节奏一起《闭嘴跳舞》～,关键时刻来瓶尖叫,2026-02-01 20:20:32,1439282,26574,16038,22612,9795,2376,7180,1
2026-08-15 09:30:00,https://www.bilibili.com/video/BV1Lb6tBBEYC/?spm_id_from=333.1387.favlist.content.click&vd_source=bdf775a036c61c0159ac2f0c251aaeb7,6,BV1Lb6tBBEYC,【4K精剪】闭嘴跳舞 | 杨博文直拍 | 260201,underthepoplar,2026-02-02 00:00:55,356046,27376,14184,19279,9076,1837,3097,1
2026-08-15 09:30:00,https://www.bilibili.com/video/BV1mJ64BREZY/?spm_id_from=333.1387.favlist.content.click&vd_source=bdf775a036c61c0159ac2f0c251aaeb7,7,BV1mJ64BREZY,【杨博文】闭嘴跳舞丨当主舞穿上西装就会得到,Kismet丨杨博文,2026-02-01 18:31:00,620185,35107,3998,25445,7342,447,654,1
2026-08-15 09:30:00,https://www.bilibili.com/video/BV1XA6nBGEPV/?spm_id_from=333.1387.favlist.content.click,8,BV1XA6nBGEPV,【4K精剪】希区考克 作品152 | 杨博文直拍 | 260131,underthepoplar,2026-02-01 00:23:17,1941495,23740,22248,19980,18999,4012,6917,1
2026-08-15 09:30:00,https://www.bilibili.com/video/BV1JUK56tEh5/?spm_id_from=333.1387.favlist.content.click,9,BV1JUK56tEh5,【杨博文｜音乐现场】全程舒适！跟着标准答案出发不迷路｜《全世界陪我出发》4k横屏直拍,游园会_杨博文,2026-07-16 20:06:19,160208,7994,2372,3926,5073,1951,1799,1
2026-08-15 09:30:00,https://www.bilibili.com/video/BV1kFKG6pEPe/?spm_id_from=333.1387.favlist.content.click,10,BV1kFKG6pEPe,【杨博文】夏日运动会《全世界陪我出发》4K直拍,Eternity丨杨博文,2026-07-16 19:13:38,44934,5410,733,2929,2326,37,94,1
2026-08-15 09:30:00,BV1MGYnzrE9E,11,BV1MGYnzrE9E,杨博文跳 《Centuries》帅到窒息！！竖屏4K直拍,Kismet丨杨博文,2025-08-18 02:15:37,273658,12354,6778,7954,585,959,3381,1
2026-08-15 09:30:00,BV1TLYnzzEx9,12,BV1TLYnzzEx9,舞力全开！主舞大人爽飞全场 15岁少年「杨博文」尽情演绎《Go In Blind》,Astra_杨博文,2025-08-18 00:48:26,333917,9932,5867,8919,578,717,2604,1
2026-08-15 10:00:09,https://www.bilibili.com/video/BV1EGBCBmEo8/?spm_id_from=333.1387.favlist.content.click,0,BV1EGBCBmEo8,【杨博文｜4K高清直拍】魅魔级别的《Manta》舞台，看博文如何一yeah封神,关键时刻来瓶尖叫,2025-12-27 23:15:44,1018059,12627,9897,11493,12722,1101,2417,1
2026-08-15 10:00:09,https://www.bilibili.com/video/BV1A5vkB2E1k/?spm_id_from=333.1387.favlist.content.click,1,BV1A5vkB2E1k,【杨博文】Hey Mama六机位纯舞直拍丨15岁舞台统治者的诞生，四代主舞燃炸全场！,Kismet丨杨博文,2025-12-28 22:28:16,2794704,64432,45102,47071,24883,13595,21783,11
2026-08-15 10:00:09,https://www.bilibili.com/video/BV1EQK56xEZk/?spm_id_from=333.1387.favlist.content.click,2,BV1EQK56xEZk,【杨博文｜音乐现场】｜《全世界陪我出发》4K直拍，考核第一的大C位实在太亮眼！,关键时刻来瓶尖叫,2026-07-16 20:29:02,426880,12502,3287,7398,5680,11152,8523,1
2026-08-15 10:00:09,bilibili.com/video/BV1M9ePzaELH/?spm_id_from=333.337.search-card.all.click,3,BV1M9ePzaELH,「杨博文｜卡拉永远OK」突发舞台事故？我怎么没看见,Astra_杨博文,2025-08-19 22:15:30,997074,15125,5122,10635,10727,761,703,10
2026-08-15 10:00:09,BV1s8BvBPEN5,4,BV1s8BvBPEN5,【杨博文｜4K舞台直拍】好运来祝你好运来～博文宝宝祝你新年好运来,关键时刻来瓶尖叫,2025-12-27 00:43:12,1913227,34800,16977,32242,18327,4332,4867,1
2026-08-15 10:00:09,https://www.bilibili.com/video/BV1jN64BKECs/?spm_id_from=333.337.search-card.all.click,5,BV1jN64BKECs,【杨博文｜4K直拍】跟着节奏一起《闭嘴跳舞》～,关键时刻来瓶尖叫,2026-02-01 20:20:32,1439300,26574,16038,22615,9795,2376,7180,2
2026-08-15 10:00:09,https://www.bilibili.com/video/BV1Lb6tBBEYC/?spm_id_from=333.1387.favlist.content.click&vd_source=bdf775a036c61c0159ac2f0c251aaeb7,6,BV1Lb6tBBEYC,【4K精剪】闭嘴跳舞 | 杨博文直拍 | 260201,underthepoplar,2026-02-02 00:00:55,356057,27377,14186,19280,9076,1837,3097,1
2026-08-15 10:00:09,https://www.bilibili.com/video/BV1mJ64BREZY/?spm_id_from=333.1387.favlist.content.click&vd_source=bdf775a036c61c0159ac2f0c251aaeb7,7,BV1mJ64BREZY,【杨博文】闭嘴跳舞丨当主舞穿上西装就会得到,Kismet丨杨博文,2026-02-01 18:31:00,620187,35107,3998,25444,7342,447,654,1
2026-08-15 10:00:09,https://www.bilibili.com/video/BV1XA6nBGEPV/?spm_id_from=333.1387.favlist.content.click,8,BV1XA6nBGEPV,【4K精剪】希区考克 作品152 | 杨博文直拍 | 260131,underthepoplar,2026-02-01 00:23:17,1941505,23742,22250,19983,18999,4012,6917,1
2026-08-15 10:00:09,https://www.bilibili.com/video/BV1JUK56tEh5/?spm_id_from=333.1387.favlist.content.click,9,BV1JUK56tEh5,【杨博文｜音乐现场】全程舒适！跟着标准答案出发不迷路｜《全世界陪我出发》4k横屏直拍,游园会_杨博文,2026-07-16 20:06:19,160226,7994,2372,3926,5073,1951,1799,1
2026-08-15 10:00:09,https://www.bilibili.com/video/BV1kFKG6pEPe/?spm_id_from=333.1387.favlist.content.click,10,BV1kFKG6pEPe,【杨博文】夏日运动会《全世界陪我出发》4K直拍,Eternity丨杨博文,2026-07-16 19:13:38,44936,5411,733,2930,2326,37,94,1
2026-08-15 10:00:09,BV1MGYnzrE9E,11,BV1MGYnzrE9E,杨博文跳 《Centuries》帅到窒息！！竖屏4K直拍,Kismet丨杨博文,2025-08-18 02:15:37,273658,12354,6778,7953,585,959,3381,1
2026-08-15 10:00:09,BV1TLYnzzEx9,12,BV1TLYnzzEx9,舞力全开！主舞大人爽飞全场 15岁少年「杨博文」尽情演绎《Go In Blind》,Astra_杨博文,2025-08-18 00:48:26,333918,9932,5867,8918,578,717,2604,1
2026-08-15 10:30:09,https://www.bilibili.com/video/BV1EGBCBmEo8/?spm_id_from=333.1387.favlist.content.click,0,BV1EGBCBmEo8,【杨博文｜4K高清直拍】魅魔级别的《Manta》舞台，看博文如何一yeah封神,关键时刻来瓶尖叫,2025-12-27 23:15:44,1018071,12627,9897,11493,12722,1101,2417,1
2026-08-15 10:30:09,https://www.bilibili.com/video/BV1A5vkB2E1k/?spm_id_from=333.1387.favlist.content.click,1,BV1A5vkB2E1k,【杨博文】Hey Mama六机位纯舞直拍丨15岁舞台统治者的诞生，四代主舞燃炸全场！,Kismet丨杨博文,2025-12-28 22:28:16,2794741,64434,45108,47075,24883,13607,21783,11
2026-08-15 10:30:09,https://www.bilibili.com/video/BV1EQK56xEZk/?spm_id_from=333.1387.favlist.content.click,2,BV1EQK56xEZk,【杨博文｜音乐现场】｜《全世界陪我出发》4K直拍，考核第一的大C位实在太亮眼！,关键时刻来瓶尖叫,2026-07-16 20:29:02,426901,12503,3287,7398,5680,11152,8523,1
2026-08-15 10:30:09,bilibili.com/video/BV1M9ePzaELH/?spm_id_from=333.337.search-card.all.click,3,BV1M9ePzaELH,「杨博文｜卡拉永远OK」突发舞台事故？我怎么没看见,Astra_杨博文,2025-08-19 22:15:30,997111,15125,5122,10635,10727,761,703,10
2026-08-15 10:30:09,BV1s8BvBPEN5,4,BV1s8BvBPEN5,【杨博文｜4K舞台直拍】好运来祝你好运来～博文宝宝祝你新年好运来,关键时刻来瓶尖叫,2025-12-27 00:43:12,1913237,34800,16977,32246,18327,4332,4867,1
2026-08-15 10:30:09,https://www.bilibili.com/video/BV1jN64BKECs/?spm_id_from=333.337.search-card.all.click,5,BV1jN64BKECs,【杨博文｜4K直拍】跟着节奏一起《闭嘴跳舞》～,关键时刻来瓶尖叫,2026-02-01 20:20:32,1439326,26575,16038,22620,9795,2376,7180,1
2026-08-15 10:30:09,https://www.bilibili.com/video/BV1Lb6tBBEYC/?spm_id_from=333.1387.favlist.content.click&vd_source=bdf775a036c61c0159ac2f0c251aaeb7,6,BV1Lb6tBBEYC,【4K精剪】闭嘴跳舞 | 杨博文直拍 | 260201,underthepoplar,2026-02-02 00:00:55,356071,27378,14186,19281,9076,1837,3097,1
2026-08-15 10:30:09,https://www.bilibili.com/video/BV1mJ64BREZY/?spm_id_from=333.1387.favlist.content.click&vd_source=bdf775a036c61c0159ac2f0c251aaeb7,7,BV1mJ64BREZY,【杨博文】闭嘴跳舞丨当主舞穿上西装就会得到,Kismet丨杨博文,2026-02-01 18:31:00,620193,35107,3998,25443,7342,447,654,1
2026-08-15 10:30:09,https://www.bilibili.com/video/BV1XA6nBGEPV/?spm_id_from=333.1387.favlist.content.click,8,BV1XA6nBGEPV,【4K精剪】希区考克 作品152 | 杨博文直拍 | 260131,underthepoplar,2026-02-01 00:23:17,1941513,23743,22250,19986,18999,4012,6919,1
2026-08-15 10:30:09,https://www.bilibili.com/video/BV1JUK56tEh5/?spm_id_from=333.1387.favlist.content.click,9,BV1JUK56tEh5,【杨博文｜音乐现场】全程舒适！跟着标准答案出发不迷路｜《全世界陪我出发》4k横屏直拍,游园会_杨博文,2026-07-16 20:06:19,160235,7994,2372,3926,5073,1951,1799,1
2026-08-15 10:30:09,https://www.bilibili.com/video/BV1kFKG6pEPe/?spm_id_from=333.1387.favlist.content.click,10,BV1kFKG6pEPe,【杨博文】夏日运动会《全世界陪我出发》4K直拍,Eternity丨杨博文,2026-07-16 19:13:38,44941,5411,733,2930,2326,37,94,1
2026-08-15 10:30:09,BV1MGYnzrE9E,11,BV1MGYnzrE9E,杨博文跳 《Centuries》帅到窒息！！竖屏4K直拍,Kismet丨杨博文,2025-08-18 02:15:37,273658,12355,6778,7953,585,959,3381,1
2026-08-15 10:30:09,BV1TLYnzzEx9,12,BV1TLYnzzEx9,舞力全开！主舞大人爽飞全场 15岁少年「杨博文」尽情演绎《Go In Blind》,Astra_杨博文,2025-08-18 00:48:26,333918,9932,5867,8918,578,717,2604,1
2026-08-15 11:00:09,https://www.bilibili.com/video/BV1EGBCBmEo8/?spm_id_from=333.1387.favlist.content.click,0,BV1EGBCBmEo8,【杨博文｜4K高清直拍】魅魔级别的《Manta》舞台，看博文如何一yeah封神,关键时刻来瓶尖叫,2025-12-27 23:15:44,1018079,12628,9897,11494,12722,1101,2417,1
2026-08-15 11:00:09,https://www.bilibili.com/video/BV1A5vkB2E1k/?spm_id_from=333.1387.favlist.content.click,1,BV1A5vkB2E1k,【杨博文】Hey Mama六机位纯舞直拍丨15岁舞台统治者的诞生，四代主舞燃炸全场！,Kismet丨杨博文,2025-12-28 22:28:16,2794797,64440,45110,47093,24883,13608,21786,20
2026-08-15 11:00:09,https://www.bilibili.com/video/BV1EQK56xEZk/?spm_id_from=333.1387.favlist.content.click,2,BV1EQK56xEZk,【杨博文｜音乐现场】｜《全世界陪我出发》4K直拍，考核第一的大C位实在太亮眼！,关键时刻来瓶尖叫,2026-07-16 20:29:02,426931,12506,3287,7399,5680,11152,8523,1
2026-08-15 11:00:09,bilibili.com/video/BV1M9ePzaELH/?spm_id_from=333.337.search-card.all.click,3,BV1M9ePzaELH,「杨博文｜卡拉永远OK」突发舞台事故？我怎么没看见,Astra_杨博文,2025-08-19 22:15:30,997162,15126,5122,10635,10727,761,703,19
2026-08-15 11:00:09,BV1s8BvBPEN5,4,BV1s8BvBPEN5,【杨博文｜4K舞台直拍】好运来祝你好运来～博文宝宝祝你新年好运来,关键时刻来瓶尖叫,2025-12-27 00:43:12,1913250,34801,16977,32247,18327,4332,4867,1
2026-08-15 11:00:09,https://www.bilibili.com/video/BV1jN64BKECs/?spm_id_from=333.337.search-card.all.click,5,BV1jN64BKECs,【杨博文｜4K直拍】跟着节奏一起《闭嘴跳舞》～,关键时刻来瓶尖叫,2026-02-01 20:20:32,1439352,26578,16040,22623,9795,2376,7181,1
2026-08-15 11:00:09,https://www.bilibili.com/video/BV1Lb6tBBEYC/?spm_id_from=333.1387.favlist.content.click&vd_source=bdf775a036c61c0159ac2f0c251aaeb7,6,BV1Lb6tBBEYC,【4K精剪】闭嘴跳舞 | 杨博文直拍 | 260201,underthepoplar,2026-02-02 00:00:55,356084,27379,14186,19282,9076,1837,3097,1
2026-08-15 11:00:09,https://www.bilibili.com/video/BV1mJ64BREZY/?spm_id_from=333.1387.favlist.content.click&vd_source=bdf775a036c61c0159ac2f0c251aaeb7,7,BV1mJ64BREZY,【杨博文】闭嘴跳舞丨当主舞穿上西装就会得到,Kismet丨杨博文,2026-02-01 18:31:00,620198,35107,3998,25444,7342,447,654,1
2026-08-15 11:00:09,https://www.bilibili.com/video/BV1XA6nBGEPV/?spm_id_from=333.1387.favlist.content.click,8,BV1XA6nBGEPV,【4K精剪】希区考克 作品152 | 杨博文直拍 | 260131,underthepoplar,2026-02-01 00:23:17,1941524,23745,22250,19988,18999,4012,6919,1
2026-08-15 11:00:09,https://www.bilibili.com/video/BV1JUK56tEh5/?spm_id_from=333.1387.favlist.content.click,9,BV1JUK56tEh5,【杨博文｜音乐现场】全程舒适！跟着标准答案出发不迷路｜《全世界陪我出发》4k横屏直拍,游园会_杨博文,2026-07-16 20:06:19,160243,7995,2372,3926,5073,1951,1799,1
2026-08-15 11:00:09,https://www.bilibili.com/video/BV1kFKG6pEPe/?spm_id_from=333.1387.favlist.content.click,10,BV1kFKG6pEPe,【杨博文】夏日运动会《全世界陪我出发》4K直拍,Eternity丨杨博文,2026-07-16 19:13:38,44942,5411,733,2930,2326,37,94,1
2026-08-15 11:00:09,BV1MGYnzrE9E,11,BV1MGYnzrE9E,杨博文跳 《Centuries》帅到窒息！！竖屏4K直拍,Kismet丨杨博文,2025-08-18 02:15:37,273661,12356,6778,7954,585,959,3381,1
2026-08-15 11:00:09,BV1TLYnzzEx9,12,BV1TLYnzzEx9,舞力全开！主舞大人爽飞全场 15岁少年「杨博文」尽情演绎《Go In Blind》,Astra_杨博文,2025-08-18 00:48:26,333919,9933,5867,8918,578,717,2604,1
2026-08-15 11:30:08,https://www.bilibili.com/video/BV1EGBCBmEo8/?spm_id_from=333.1387.favlist.content.click,0,BV1EGBCBmEo8,【杨博文｜4K高清直拍】魅魔级别的《Manta》舞台，看博文如何一yeah封神,关键时刻来瓶尖叫,2025-12-27 23:15:44,1018089,12628,9897,11495,12722,1101,2417,1
2026-08-15 11:30:08,https://www.bilibili.com/video/BV1A5vkB2E1k/?spm_id_from=333.1387.favlist.content.click,1,BV1A5vkB2E1k,【杨博文】Hey Mama六机位纯舞直拍丨15岁舞台统治者的诞生，四代主舞燃炸全场！,Kismet丨杨博文,2025-12-28 22:28:16,2794858,64448,45113,47103,24885,13609,21786,15
2026-08-15 11:30:08,https://www.bilibili.com/video/BV1EQK56xEZk/?spm_id_from=333.1387.favlist.content.click,2,BV1EQK56xEZk,【杨博文｜音乐现场】｜《全世界陪我出发》4K直拍，考核第一的大C位实在太亮眼！,关键时刻来瓶尖叫,2026-07-16 20:29:02,426966,12508,3289,7401,5680,11152,8523,1
2026-08-15 11:30:08,bilibili.com/video/BV1M9ePzaELH/?spm_id_from=333.337.search-card.all.click,3,BV1M9ePzaELH,「杨博文｜卡拉永远OK」突发舞台事故？我怎么没看见,Astra_杨博文,2025-08-19 22:15:30,997213,15126,5122,10636,10727,761,703,17
2026-08-15 11:30:08,BV1s8BvBPEN5,4,BV1s8BvBPEN5,【杨博文｜4K舞台直拍】好运来祝你好运来～博文宝宝祝你新年好运来,关键时刻来瓶尖叫,2025-12-27 00:43:12,1913256,34802,16977,32250,18327,4332,4867,1
2026-08-15 11:30:08,https://www.bilibili.com/video/BV1jN64BKECs/?spm_id_from=333.337.search-card.all.click,5,BV1jN64BKECs,【杨博文｜4K直拍】跟着节奏一起《闭嘴跳舞》～,关键时刻来瓶尖叫,2026-02-01 20:20:32,1439374,26581,16040,22629,9796,2376,7181,1
2026-08-15 11:30:08,https://www.bilibili.com/video/BV1Lb6tBBEYC/?spm_id_from=333.1387.favlist.content.click&vd_source=bdf775a036c61c0159ac2f0c251aaeb7,6,BV1Lb6tBBEYC,【4K精剪】闭嘴跳舞 | 杨博文直拍 | 260201,underthepoplar,2026-02-02 00:00:55,356105,27380,14188,19282,9076,1837,3097,1
2026-08-15 11:30:08,https://www.bilibili.com/video/BV1mJ64BREZY/?spm_id_from=333.1387.favlist.content.click&vd_source=bdf775a036c61c0159ac2f0c251aaeb7,7,BV1mJ64BREZY,【杨博文】闭嘴跳舞丨当主舞穿上西装就会得到,Kismet丨杨博文,2026-02-01 18:31:00,620203,35107,3998,25443,7342,447,654,1
2026-08-15 11:30:08,https://www.bilibili.com/video/BV1XA6nBGEPV/?spm_id_from=333.1387.favlist.content.click,8,BV1XA6nBGEPV,【4K精剪】希区考克 作品152 | 杨博文直拍 | 260131,underthepoplar,2026-02-01 00:23:17,1941540,23745,22252,19992,18999,4012,6919,1
2026-08-15 11:30:08,https://www.bilibili.com/video/BV1JUK56tEh5/?spm_id_from=333.1387.favlist.content.click,9,BV1JUK56tEh5,【杨博文｜音乐现场】全程舒适！跟着标准答案出发不迷路｜《全世界陪我出发》4k横屏直拍,游园会_杨博文,2026-07-16 20:06:19,160253,7995,2372,3926,5073,1951,1799,1
2026-08-15 11:30:08,https://www.bilibili.com/video/BV1kFKG6pEPe/?spm_id_from=333.1387.favlist.content.click,10,BV1kFKG6pEPe,【杨博文】夏日运动会《全世界陪我出发》4K直拍,Eternity丨杨博文,2026-07-16 19:13:38,44946,5411,733,2930,2326,37,94,1
2026-08-15 11:30:08,BV1MGYnzrE9E,11,BV1MGYnzrE9E,杨博文跳 《Centuries》帅到窒息！！竖屏4K直拍,Kismet丨杨博文,2025-08-18 02:15:37,273664,12356,6778,7954,585,959,3381,1
2026-08-15 11:30:08,BV1TLYnzzEx9,12,BV1TLYnzzEx9,舞力全开！主舞大人爽飞全场 15岁少年「杨博文」尽情演绎《Go In Blind》,Astra_杨博文,2025-08-18 00:48:26,333921,9933,5867,8918,578,717,2604,1
2026-08-15 12:00:08,https://www.bilibili.com/video/BV1EGBCBmEo8/?spm_id_from=333.1387.favlist.content.click,0,BV1EGBCBmEo8,【杨博文｜4K高清直拍】魅魔级别的《Manta》舞台，看博文如何一yeah封神,关键时刻来瓶尖叫,2025-12-27 23:15:44,1018099,12628,9897,11495,12722,1101,2417,1
2026-08-15 12:00:08,https://www.bilibili.com/video/BV1A5vkB2E1k/?spm_id_from=333.1387.favlist.content.click,1,BV1A5vkB2E1k,【杨博文】Hey Mama六机位纯舞直拍丨15岁舞台统治者的诞生，四代主舞燃炸全场！,Kismet丨杨博文,2025-12-28 22:28:16,2794916,64452,45115,47109,24885,13609,21790,16
2026-08-15 12:00:08,https://www.bilibili.com/video/BV1EQK56xEZk/?spm_id_from=333.1387.favlist.content.click,2,BV1EQK56xEZk,【杨博文｜音乐现场】｜《全世界陪我出发》4K直拍，考核第一的大C位实在太亮眼！,关键时刻来瓶尖叫,2026-07-16 20:29:02,427006,12511,3289,7404,5680,11152,8523,1
2026-08-15 12:00:08,bilibili.com/video/BV1M9ePzaELH/?spm_id_from=333.337.search-card.all.click,3,BV1M9ePzaELH,「杨博文｜卡拉永远OK」突发舞台事故？我怎么没看见,Astra_杨博文,2025-08-19 22:15:30,997275,15126,5122,10637,10727,761,703,11
2026-08-15 12:00:08,BV1s8BvBPEN5,4,BV1s8BvBPEN5,【杨博文｜4K舞台直拍】好运来祝你好运来～博文宝宝祝你新年好运来,关键时刻来瓶尖叫,2025-12-27 00:43:12,1913265,34802,16977,32252,18327,4332,4867,1
2026-08-15 12:00:08,https://www.bilibili.com/video/BV1jN64BKECs/?spm_id_from=333.337.search-card.all.click,5,BV1jN64BKECs,【杨博文｜4K直拍】跟着节奏一起《闭嘴跳舞》～,关键时刻来瓶尖叫,2026-02-01 20:20:32,1439402,26582,16042,22632,9796,2376,7181,1
2026-08-15 12:00:08,https://www.bilibili.com/video/BV1Lb6tBBEYC/?spm_id_from=333.1387.favlist.content.click&vd_source=bdf775a036c61c0159ac2f0c251aaeb7,6,BV1Lb6tBBEYC,【4K精剪】闭嘴跳舞 | 杨博文直拍 | 260201,underthepoplar,2026-02-02 00:00:55,356120,27380,14188,19283,9076,1837,3097,1
2026-08-15 12:00:08,https://www.bilibili.com/video/BV1mJ64BREZY/?spm_id_from=333.1387.favlist.content.click&vd_source=bdf775a036c61c0159ac2f0c251aaeb7,7,BV1mJ64BREZY,【杨博文】闭嘴跳舞丨当主舞穿上西装就会得到,Kismet丨杨博文,2026-02-01 18:31:00,620207,35107,3998,25443,7342,447,654,1
2026-08-15 12:00:08,https://www.bilibili.com/video/BV1XA6nBGEPV/?spm_id_from=333.1387.favlist.content.click,8,BV1XA6nBGEPV,【4K精剪】希区考克 作品152 | 杨博文直拍 | 260131,underthepoplar,2026-02-01 00:23:17,1941554,23748,22254,19994,18999,4012,6919,1
2026-08-15 12:00:08,https://www.bilibili.com/video/BV1JUK56tEh5/?spm_id_from=333.1387.favlist.content.click,9,BV1JUK56tEh5,【杨博文｜音乐现场】全程舒适！跟着标准答案出发不迷路｜《全世界陪我出发》4k横屏直拍,游园会_杨博文,2026-07-16 20:06:19,160258,7996,2372,3926,5073,1951,1799,1
2026-08-15 12:00:08,https://www.bilibili.com/video/BV1kFKG6pEPe/?spm_id_from=333.1387.favlist.content.click,10,BV1kFKG6pEPe,【杨博文】夏日运动会《全世界陪我出发》4K直拍,Eternity丨杨博文,2026-07-16 19:13:38,44953,5412,733,2930,2326,37,94,1
2026-08-15 12:00:08,BV1MGYnzrE9E,11,BV1MGYnzrE9E,杨博文跳 《Centuries》帅到窒息！！竖屏4K直拍,Kismet丨杨博文,2025-08-18 02:15:37,273667,12356,6778,7955,585,959,3381,1
2026-08-15 12:00:08,BV1TLYnzzEx9,12,BV1TLYnzzEx9,舞力全开！主舞大人爽飞全场 15岁少年「杨博文」尽情演绎《Go In Blind》,Astra_杨博文,2025-08-18 00:48:26,333921,9933,5867,8918,578,717,2604,1
2026-08-15 12:30:07,https://www.bilibili.com/video/BV1EGBCBmEo8/?spm_id_from=333.1387.favlist.content.click,0,BV1EGBCBmEo8,【杨博文｜4K高清直拍】魅魔级别的《Manta》舞台，看博文如何一yeah封神,关键时刻来瓶尖叫,2025-12-27 23:15:44,1018106,12628,9897,11496,12722,1101,2417,1
2026-08-15 12:30:07,https://www.bilibili.com/video/BV1A5vkB2E1k/?spm_id_from=333.1387.favlist.content.click,1,BV1A5vkB2E1k,【杨博文】Hey Mama六机位纯舞直拍丨15岁舞台统治者的诞生，四代主舞燃炸全场！,Kismet丨杨博文,2025-12-28 22:28:16,2794962,64454,45115,47115,24885,13609,21791,26
2026-08-15 12:30:07,https://www.bilibili.com/video/BV1EQK56xEZk/?spm_id_from=333.1387.favlist.content.click,2,BV1EQK56xEZk,【杨博文｜音乐现场】｜《全世界陪我出发》4K直拍，考核第一的大C位实在太亮眼！,关键时刻来瓶尖叫,2026-07-16 20:29:02,427054,12516,3291,7404,5680,11152,8523,1
2026-08-15 12:30:07,bilibili.com/video/BV1M9ePzaELH/?spm_id_from=333.337.search-card.all.click,3,BV1M9ePzaELH,「杨博文｜卡拉永远OK」突发舞台事故？我怎么没看见,Astra_杨博文,2025-08-19 22:15:30,997327,15128,5122,10639,10727,761,703,17
2026-08-15 12:30:07,BV1s8BvBPEN5,4,BV1s8BvBPEN5,【杨博文｜4K舞台直拍】好运来祝你好运来～博文宝宝祝你新年好运来,关键时刻来瓶尖叫,2025-12-27 00:43:12,1913275,34804,16977,32254,18327,4332,4867,1
2026-08-15 12:30:07,https://www.bilibili.com/video/BV1jN64BKECs/?spm_id_from=333.337.search-card.all.click,5,BV1jN64BKECs,【杨博文｜4K直拍】跟着节奏一起《闭嘴跳舞》～,关键时刻来瓶尖叫,2026-02-01 20:20:32,1439435,26587,16042,22634,9796,2376,7181,1
2026-08-15 12:30:07,https://www.bilibili.com/video/BV1Lb6tBBEYC/?spm_id_from=333.1387.favlist.content.click&vd_source=bdf775a036c61c0159ac2f0c251aaeb7,6,BV1Lb6tBBEYC,【4K精剪】闭嘴跳舞 | 杨博文直拍 | 260201,underthepoplar,2026-02-02 00:00:55,356139,27381,14188,19284,9076,1837,3097,1
2026-08-15 12:30:07,https://www.bilibili.com/video/BV1mJ64BREZY/?spm_id_from=333.1387.favlist.content.click&vd_source=bdf775a036c61c0159ac2f0c251aaeb7,7,BV1mJ64BREZY,【杨博文】闭嘴跳舞丨当主舞穿上西装就会得到,Kismet丨杨博文,2026-02-01 18:31:00,620216,35107,3998,25443,7342,447,654,1
2026-08-15 12:30:07,https://www.bilibili.com/video/BV1XA6nBGEPV/?spm_id_from=333.1387.favlist.content.click,8,BV1XA6nBGEPV,【4K精剪】希区考克 作品152 | 杨博文直拍 | 260131,underthepoplar,2026-02-01 00:23:17,1941571,23749,22254,19996,18999,4012,6919,1
2026-08-15 12:30:07,https://www.bilibili.com/video/BV1JUK56tEh5/?spm_id_from=333.1387.favlist.content.click,9,BV1JUK56tEh5,【杨博文｜音乐现场】全程舒适！跟着标准答案出发不迷路｜《全世界陪我出发》4k横屏直拍,游园会_杨博文,2026-07-16 20:06:19,160275,7996,2372,3926,5073,1951,1799,1
2026-08-15 12:30:07,https://www.bilibili.com/video/BV1kFKG6pEPe/?spm_id_from=333.1387.favlist.content.click,10,BV1kFKG6pEPe,【杨博文】夏日运动会《全世界陪我出发》4K直拍,Eternity丨杨博文,2026-07-16 19:13:38,44957,5412,733,2930,2326,37,94,1
2026-08-15 12:30:07,BV1MGYnzrE9E,11,BV1MGYnzrE9E,杨博文跳 《Centuries》帅到窒息！！竖屏4K直拍,Kismet丨杨博文,2025-08-18 02:15:37,273667,12356,6778,7955,585,959,3381,1
2026-08-15 12:30:07,BV1TLYnzzEx9,12,BV1TLYnzzEx9,舞力全开！主舞大人爽飞全场 15岁少年「杨博文」尽情演绎《Go In Blind》,Astra_杨博文,2025-08-18 00:48:26,333922,9932,5867,8918,578,717,2604,1
2026-08-15 13:00:06,https://www.bilibili.com/video/BV1EGBCBmEo8/?spm_id_from=333.1387.favlist.content.click,0,BV1EGBCBmEo8,【杨博文｜4K高清直拍】魅魔级别的《Manta》舞台，看博文如何一yeah封神,关键时刻来瓶尖叫,2025-12-27 23:15:44,1018117,12629,9897,11497,12722,1101,2417,2
2026-08-15 13:00:06,https://www.bilibili.com/video/BV1A5vkB2E1k/?spm_id_from=333.1387.favlist.content.click,1,BV1A5vkB2E1k,【杨博文】Hey Mama六机位纯舞直拍丨15岁舞台统治者的诞生，四代主舞燃炸全场！,Kismet丨杨博文,2025-12-28 22:28:16,2795008,64459,45117,47124,24887,13609,21791,19
2026-08-15 13:00:06,https://www.bilibili.com/video/BV1EQK56xEZk/?spm_id_from=333.1387.favlist.content.click,2,BV1EQK56xEZk,【杨博文｜音乐现场】｜《全世界陪我出发》4K直拍，考核第一的大C位实在太亮眼！,关键时刻来瓶尖叫,2026-07-16 20:29:02,427103,12519,3293,7405,5680,11152,8523,3
2026-08-15 13:00:06,bilibili.com/video/BV1M9ePzaELH/?spm_id_from=333.337.search-card.all.click,3,BV1M9ePzaELH,「杨博文｜卡拉永远OK」突发舞台事故？我怎么没看见,Astra_杨博文,2025-08-19 22:15:30,997388,15129,5122,10640,10727,761,704,14
2026-08-15 13:00:06,BV1s8BvBPEN5,4,BV1s8BvBPEN5,【杨博文｜4K舞台直拍】好运来祝你好运来～博文宝宝祝你新年好运来,关键时刻来瓶尖叫,2025-12-27 00:43:12,1913287,34808,16977,32261,18327,4332,4867,1
2026-08-15 13:00:06,https://www.bilibili.com/video/BV1jN64BKECs/?spm_id_from=333.337.search-card.all.click,5,BV1jN64BKECs,【杨博文｜4K直拍】跟着节奏一起《闭嘴跳舞》～,关键时刻来瓶尖叫,2026-02-01 20:20:32,1439463,26591,16042,22641,9796,2376,7181,4
2026-08-15 13:00:06,https://www.bilibili.com/video/BV1Lb6tBBEYC/?spm_id_from=333.1387.favlist.content.click&vd_source=bdf775a036c61c0159ac2f0c251aaeb7,6,BV1Lb6tBBEYC,【4K精剪】闭嘴跳舞 | 杨博文直拍 | 260201,underthepoplar,2026-02-02 00:00:55,356158,27384,14192,19287,9076,1837,3097,1
2026-08-15 13:00:06,https://www.bilibili.com/video/BV1mJ64BREZY/?spm_id_from=333.1387.favlist.content.click&vd_source=bdf775a036c61c0159ac2f0c251aaeb7,7,BV1mJ64BREZY,【杨博文】闭嘴跳舞丨当主舞穿上西装就会得到,Kismet丨杨博文,2026-02-01 18:31:00,620220,35108,4000,25444,7342,447,654,1
2026-08-15 13:00:06,https://www.bilibili.com/video/BV1XA6nBGEPV/?spm_id_from=333.1387.favlist.content.click,8,BV1XA6nBGEPV,【4K精剪】希区考克 作品152 | 杨博文直拍 | 260131,underthepoplar,2026-02-01 00:23:17,1941603,23754,22256,20003,18999,4012,6920,1
2026-08-15 13:00:06,https://www.bilibili.com/video/BV1JUK56tEh5/?spm_id_from=333.1387.favlist.content.click,9,BV1JUK56tEh5,【杨博文｜音乐现场】全程舒适！跟着标准答案出发不迷路｜《全世界陪我出发》4k横屏直拍,游园会_杨博文,2026-07-16 20:06:19,160289,7997,2372,3928,5073,1951,1799,1
2026-08-15 13:00:06,https://www.bilibili.com/video/BV1kFKG6pEPe/?spm_id_from=333.1387.favlist.content.click,10,BV1kFKG6pEPe,【杨博文】夏日运动会《全世界陪我出发》4K直拍,Eternity丨杨博文,2026-07-16 19:13:38,44964,5412,733,2931,2326,37,94,1
2026-08-15 13:00:06,BV1MGYnzrE9E,11,BV1MGYnzrE9E,杨博文跳 《Centuries》帅到窒息！！竖屏4K直拍,Kismet丨杨博文,2025-08-18 02:15:37,273667,12356,6778,7955,585,959,3381,1
2026-08-15 13:00:06,BV1TLYnzzEx9,12,BV1TLYnzzEx9,舞力全开！主舞大人爽飞全场 15岁少年「杨博文」尽情演绎《Go In Blind》,Astra_杨博文,2025-08-18 00:48:26,333923,9932,5867,8918,578,717,2604,1
2026-08-15 13:30:06,https://www.bilibili.com/video/BV1EGBCBmEo8/?spm_id_from=333.1387.favlist.content.click,0,BV1EGBCBmEo8,【杨博文｜4K高清直拍】魅魔级别的《Manta》舞台，看博文如何一yeah封神,关键时刻来瓶尖叫,2025-12-27 23:15:44,1018127,12630,9897,11497,12722,1101,2417,1
2026-08-15 13:30:06,https://www.bilibili.com/video/BV1A5vkB2E1k/?spm_id_from=333.1387.favlist.content.click,1,BV1A5vkB2E1k,【杨博文】Hey Mama六机位纯舞直拍丨15岁舞台统治者的诞生，四代主舞燃炸全场！,Kismet丨杨博文,2025-12-28 22:28:16,2795064,64460,45119,47130,24888,13609,21792,22
2026-08-15 13:30:06,https://www.bilibili.com/video/BV1EQK56xEZk/?spm_id_from=333.1387.favlist.content.click,2,BV1EQK56xEZk,【杨博文｜音乐现场】｜《全世界陪我出发》4K直拍，考核第一的大C位实在太亮眼！,关键时刻来瓶尖叫,2026-07-16 20:29:02,427153,12520,3293,7409,5680,11152,8523,2
2026-08-15 13:30:06,bilibili.com/video/BV1M9ePzaELH/?spm_id_from=333.337.search-card.all.click,3,BV1M9ePzaELH,「杨博文｜卡拉永远OK」突发舞台事故？我怎么没看见,Astra_杨博文,2025-08-19 22:15:30,997438,15129,5122,10640,10727,761,704,17
2026-08-15 13:30:06,BV1s8BvBPEN5,4,BV1s8BvBPEN5,【杨博文｜4K舞台直拍】好运来祝你好运来～博文宝宝祝你新年好运来,关键时刻来瓶尖叫,2025-12-27 00:43:12,1913297,34810,16977,32266,18327,4332,4867,1
2026-08-15 13:30:06,https://www.bilibili.com/video/BV1jN64BKECs/?spm_id_from=333.337.search-card.all.click,5,BV1jN64BKECs,【杨博文｜4K直拍】跟着节奏一起《闭嘴跳舞》～,关键时刻来瓶尖叫,2026-02-01 20:20:32,1439506,26593,16042,22645,9796,2376,7181,1
2026-08-15 13:30:06,https://www.bilibili.com/video/BV1Lb6tBBEYC/?spm_id_from=333.1387.favlist.content.click&vd_source=bdf775a036c61c0159ac2f0c251aaeb7,6,BV1Lb6tBBEYC,【4K精剪】闭嘴跳舞 | 杨博文直拍 | 260201,underthepoplar,2026-02-02 00:00:55,356186,27385,14194,19288,9076,1837,3097,1
2026-08-15 13:30:06,https://www.bilibili.com/video/BV1mJ64BREZY/?spm_id_from=333.1387.favlist.content.click&vd_source=bdf775a036c61c0159ac2f0c251aaeb7,7,BV1mJ64BREZY,【杨博文】闭嘴跳舞丨当主舞穿上西装就会得到,Kismet丨杨博文,2026-02-01 18:31:00,620223,35108,4000,25444,7342,447,654,1
2026-08-15 13:30:06,https://www.bilibili.com/video/BV1XA6nBGEPV/?spm_id_from=333.1387.favlist.content.click,8,BV1XA6nBGEPV,【4K精剪】希区考克 作品152 | 杨博文直拍 | 260131,underthepoplar,2026-02-01 00:23:17,1941624,23755,22256,20006,18999,4012,6921,1
2026-08-15 13:30:06,https://www.bilibili.com/video/BV1JUK56tEh5/?spm_id_from=333.1387.favlist.content.click,9,BV1JUK56tEh5,【杨博文｜音乐现场】全程舒适！跟着标准答案出发不迷路｜《全世界陪我出发》4k横屏直拍,游园会_杨博文,2026-07-16 20:06:19,160307,7998,2372,3928,5073,1951,1799,1
2026-08-15 13:30:06,https://www.bilibili.com/video/BV1kFKG6pEPe/?spm_id_from=333.1387.favlist.content.click,10,BV1kFKG6pEPe,【杨博文】夏日运动会《全世界陪我出发》4K直拍,Eternity丨杨博文,2026-07-16 19:13:38,44971,5414,733,2931,2326,37,94,1
2026-08-15 13:30:06,BV1MGYnzrE9E,11,BV1MGYnzrE9E,杨博文跳 《Centuries》帅到窒息！！竖屏4K直拍,Kismet丨杨博文,2025-08-18 02:15:37,273668,12356,6778,7955,585,959,3381,1
2026-08-15 13:30:06,BV1TLYnzzEx9,12,BV1TLYnzzEx9,舞力全开！主舞大人爽飞全场 15岁少年「杨博文」尽情演绎《Go In Blind》,Astra_杨博文,2025-08-18 00:48:26,333923,9933,5869,8919,578,717,2604,1
2026-08-15 14:00:06,https://www.bilibili.com/video/BV1EGBCBmEo8/?spm_id_from=333.1387.favlist.content.click,0,BV1EGBCBmEo8,【杨博文｜4K高清直拍】魅魔级别的《Manta》舞台，看博文如何一yeah封神,关键时刻来瓶尖叫,2025-12-27 23:15:44,1018140,12631,9897,11497,12722,1101,2417,1
2026-08-15 14:00:06,https://www.bilibili.com/video/BV1A5vkB2E1k/?spm_id_from=333.1387.favlist.content.click,1,BV1A5vkB2E1k,【杨博文】Hey Mama六机位纯舞直拍丨15岁舞台统治者的诞生，四代主舞燃炸全场！,Kismet丨杨博文,2025-12-28 22:28:16,2795145,64466,45126,47141,24895,13609,21793,13
2026-08-15 14:00:06,https://www.bilibili.com/video/BV1EQK56xEZk/?spm_id_from=333.1387.favlist.content.click,2,BV1EQK56xEZk,【杨博文｜音乐现场】｜《全世界陪我出发》4K直拍，考核第一的大C位实在太亮眼！,关键时刻来瓶尖叫,2026-07-16 20:29:02,427208,12523,3295,7412,5680,11152,8523,1
2026-08-15 14:00:06,bilibili.com/video/BV1M9ePzaELH/?spm_id_from=333.337.search-card.all.click,3,BV1M9ePzaELH,「杨博文｜卡拉永远OK」突发舞台事故？我怎么没看见,Astra_杨博文,2025-08-19 22:15:30,997494,15130,5122,10640,10727,761,704,10
2026-08-15 14:00:06,BV1s8BvBPEN5,4,BV1s8BvBPEN5,【杨博文｜4K舞台直拍】好运来祝你好运来～博文宝宝祝你新年好运来,关键时刻来瓶尖叫,2025-12-27 00:43:12,1913309,34810,16977,32268,18333,4332,4867,1
2026-08-15 14:00:06,https://www.bilibili.com/video/BV1jN64BKECs/?spm_id_from=333.337.search-card.all.click,5,BV1jN64BKECs,【杨博文｜4K直拍】跟着节奏一起《闭嘴跳舞》～,关键时刻来瓶尖叫,2026-02-01 20:20:32,1439537,26594,16042,22650,9802,2376,7181,1
2026-08-15 14:00:06,https://www.bilibili.com/video/BV1Lb6tBBEYC/?spm_id_from=333.1387.favlist.content.click&vd_source=bdf775a036c61c0159ac2f0c251aaeb7,6,BV1Lb6tBBEYC,【4K精剪】闭嘴跳舞 | 杨博文直拍 | 260201,underthepoplar,2026-02-02 00:00:55,356218,27388,14194,19288,9083,1837,3097,1
2026-08-15 14:00:06,https://www.bilibili.com/video/BV1mJ64BREZY/?spm_id_from=333.1387.favlist.content.click&vd_source=bdf775a036c61c0159ac2f0c251aaeb7,7,BV1mJ64BREZY,【杨博文】闭嘴跳舞丨当主舞穿上西装就会得到,Kismet丨杨博文,2026-02-01 18:31:00,620227,35108,4000,25444,7348,447,654,1
2026-08-15 14:00:06,https://www.bilibili.com/video/BV1XA6nBGEPV/?spm_id_from=333.1387.favlist.content.click,8,BV1XA6nBGEPV,【4K精剪】希区考克 作品152 | 杨博文直拍 | 260131,underthepoplar,2026-02-01 00:23:17,1941663,23758,22260,20011,18999,4012,6921,1
2026-08-15 14:00:06,https://www.bilibili.com/video/BV1JUK56tEh5/?spm_id_from=333.1387.favlist.content.click,9,BV1JUK56tEh5,【杨博文｜音乐现场】全程舒适！跟着标准答案出发不迷路｜《全世界陪我出发》4k横屏直拍,游园会_杨博文,2026-07-16 20:06:19,160321,7998,2372,3928,5073,1951,1799,3
2026-08-15 14:00:06,https://www.bilibili.com/video/BV1kFKG6pEPe/?spm_id_from=333.1387.favlist.content.click,10,BV1kFKG6pEPe,【杨博文】夏日运动会《全世界陪我出发》4K直拍,Eternity丨杨博文,2026-07-16 19:13:38,44980,5414,733,2931,2326,37,94,1
2026-08-15 14:00:06,BV1MGYnzrE9E,11,BV1MGYnzrE9E,杨博文跳 《Centuries》帅到窒息！！竖屏4K直拍,Kismet丨杨博文,2025-08-18 02:15:37,273669,12356,6778,7956,585,959,3381,1
2026-08-15 14:00:06,BV1TLYnzzEx9,12,BV1TLYnzzEx9,舞力全开！主舞大人爽飞全场 15岁少年「杨博文」尽情演绎《Go In Blind》,Astra_杨博文,2025-08-18 00:48:26,333924,9933,5869,8919,578,717,2604,1
2026-08-15 14:30:05,https://www.bilibili.com/video/BV1EGBCBmEo8/?spm_id_from=333.1387.favlist.content.click,0,BV1EGBCBmEo8,【杨博文｜4K高清直拍】魅魔级别的《Manta》舞台，看博文如何一yeah封神,关键时刻来瓶尖叫,2025-12-27 23:15:44,1018148,12631,9897,11496,12722,1101,2417,1
2026-08-15 14:30:05,https://www.bilibili.com/video/BV1A5vkB2E1k/?spm_id_from=333.1387.favlist.content.click,1,BV1A5vkB2E1k,【杨博文】Hey Mama六机位纯舞直拍丨15岁舞台统治者的诞生，四代主舞燃炸全场！,Kismet丨杨博文,2025-12-28 22:28:16,2795199,64471,45131,47154,24907,13609,21793,15
2026-08-15 14:30:05,https://www.bilibili.com/video/BV1EQK56xEZk/?spm_id_from=333.1387.favlist.content.click,2,BV1EQK56xEZk,【杨博文｜音乐现场】｜《全世界陪我出发》4K直拍，考核第一的大C位实在太亮眼！,关键时刻来瓶尖叫,2026-07-16 20:29:02,427256,12524,3295,7412,5680,11152,8523,2
2026-08-15 14:30:05,bilibili.com/video/BV1M9ePzaELH/?spm_id_from=333.337.search-card.all.click,3,BV1M9ePzaELH,「杨博文｜卡拉永远OK」突发舞台事故？我怎么没看见,Astra_杨博文,2025-08-19 22:15:30,997564,15130,5124,10639,10727,762,704,7
2026-08-15 14:30:05,BV1s8BvBPEN5,4,BV1s8BvBPEN5,【杨博文｜4K舞台直拍】好运来祝你好运来～博文宝宝祝你新年好运来,关键时刻来瓶尖叫,2025-12-27 00:43:12,1913324,34810,16977,32270,18344,4332,4867,1
2026-08-15 14:30:05,https://www.bilibili.com/video/BV1jN64BKECs/?spm_id_from=333.337.search-card.all.click,5,BV1jN64BKECs,【杨博文｜4K直拍】跟着节奏一起《闭嘴跳舞》～,关键时刻来瓶尖叫,2026-02-01 20:20:32,1439582,26595,16042,22654,9814,2376,7181,1
2026-08-15 14:30:05,https://www.bilibili.com/video/BV1Lb6tBBEYC/?spm_id_from=333.1387.favlist.content.click&vd_source=bdf775a036c61c0159ac2f0c251aaeb7,6,BV1Lb6tBBEYC,【4K精剪】闭嘴跳舞 | 杨博文直拍 | 260201,underthepoplar,2026-02-02 00:00:55,356243,27388,14194,19289,9093,1837,3097,1
2026-08-15 14:30:05,https://www.bilibili.com/video/BV1mJ64BREZY/?spm_id_from=333.1387.favlist.content.click&vd_source=bdf775a036c61c0159ac2f0c251aaeb7,7,BV1mJ64BREZY,【杨博文】闭嘴跳舞丨当主舞穿上西装就会得到,Kismet丨杨博文,2026-02-01 18:31:00,620229,35108,4000,25442,7359,447,654,1
2026-08-15 14:30:05,https://www.bilibili.com/video/BV1XA6nBGEPV/?spm_id_from=333.1387.favlist.content.click,8,BV1XA6nBGEPV,【4K精剪】希区考克 作品152 | 杨博文直拍 | 260131,underthepoplar,2026-02-01 00:23:17,1941692,23758,22260,20012,18999,4012,6921,1
2026-08-15 14:30:05,https://www.bilibili.com/video/BV1JUK56tEh5/?spm_id_from=333.1387.favlist.content.click,9,BV1JUK56tEh5,【杨博文｜音乐现场】全程舒适！跟着标准答案出发不迷路｜《全世界陪我出发》4k横屏直拍,游园会_杨博文,2026-07-16 20:06:19,160332,8001,2372,3928,5073,1951,1799,1
2026-08-15 14:30:05,https://www.bilibili.com/video/BV1kFKG6pEPe/?spm_id_from=333.1387.favlist.content.click,10,BV1kFKG6pEPe,【杨博文】夏日运动会《全世界陪我出发》4K直拍,Eternity丨杨博文,2026-07-16 19:13:38,44985,5414,733,2931,2326,37,94,1
2026-08-15 14:30:05,BV1MGYnzrE9E,11,BV1MGYnzrE9E,杨博文跳 《Centuries》帅到窒息！！竖屏4K直拍,Kismet丨杨博文,2025-08-18 02:15:37,273669,12356,6778,7956,585,959,3381,1
2026-08-15 14:30:05,BV1TLYnzzEx9,12,BV1TLYnzzEx9,舞力全开！主舞大人爽飞全场 15岁少年「杨博文」尽情演绎《Go In Blind》,Astra_杨博文,2025-08-18 00:48:26,333924,9933,5869,8919,578,717,2604,1
2026-08-15 15:00:06,https://www.bilibili.com/video/BV1EGBCBmEo8/?spm_id_from=333.1387.favlist.content.click,0,BV1EGBCBmEo8,【杨博文｜4K高清直拍】魅魔级别的《Manta》舞台，看博文如何一yeah封神,关键时刻来瓶尖叫,2025-12-27 23:15:44,1018157,12632,9899,11496,12722,1101,2417,1
2026-08-15 15:00:06,https://www.bilibili.com/video/BV1A5vkB2E1k/?spm_id_from=333.1387.favlist.content.click,1,BV1A5vkB2E1k,【杨博文】Hey Mama六机位纯舞直拍丨15岁舞台统治者的诞生，四代主舞燃炸全场！,Kismet丨杨博文,2025-12-28 22:28:16,2795257,64474,45132,47165,24918,13609,21803,24
2026-08-15 15:00:06,https://www.bilibili.com/video/BV1EQK56xEZk/?spm_id_from=333.1387.favlist.content.click,2,BV1EQK56xEZk,【杨博文｜音乐现场】｜《全世界陪我出发》4K直拍，考核第一的大C位实在太亮眼！,关键时刻来瓶尖叫,2026-07-16 20:29:02,427296,12526,3295,7414,5680,11152,8523,4
2026-08-15 15:00:06,bilibili.com/video/BV1M9ePzaELH/?spm_id_from=333.337.search-card.all.click,3,BV1M9ePzaELH,「杨博文｜卡拉永远OK」突发舞台事故？我怎么没看见,Astra_杨博文,2025-08-19 22:15:30,997630,15132,5129,10641,10727,762,704,17
2026-08-15 15:00:06,BV1s8BvBPEN5,4,BV1s8BvBPEN5,【杨博文｜4K舞台直拍】好运来祝你好运来～博文宝宝祝你新年好运来,关键时刻来瓶尖叫,2025-12-27 00:43:12,1913338,34810,16977,32274,18355,4332,4867,2
2026-08-15 15:00:06,https://www.bilibili.com/video/BV1jN64BKECs/?spm_id_from=333.337.search-card.all.click,5,BV1jN64BKECs,【杨博文｜4K直拍】跟着节奏一起《闭嘴跳舞》～,关键时刻来瓶尖叫,2026-02-01 20:20:32,1439621,26597,16046,22661,9824,2376,7181,5
2026-08-15 15:00:06,https://www.bilibili.com/video/BV1Lb6tBBEYC/?spm_id_from=333.1387.favlist.content.click&vd_source=bdf775a036c61c0159ac2f0c251aaeb7,6,BV1Lb6tBBEYC,【4K精剪】闭嘴跳舞 | 杨博文直拍 | 260201,underthepoplar,2026-02-02 00:00:55,356270,27389,14194,19289,9103,1837,3098,1
2026-08-15 15:00:06,https://www.bilibili.com/video/BV1mJ64BREZY/?spm_id_from=333.1387.favlist.content.click&vd_source=bdf775a036c61c0159ac2f0c251aaeb7,7,BV1mJ64BREZY,【杨博文】闭嘴跳舞丨当主舞穿上西装就会得到,Kismet丨杨博文,2026-02-01 18:31:00,620235,35109,4000,25443,7370,447,654,1
2026-08-15 15:00:06,https://www.bilibili.com/video/BV1XA6nBGEPV/?spm_id_from=333.1387.favlist.content.click,8,BV1XA6nBGEPV,【4K精剪】希区考克 作品152 | 杨博文直拍 | 260131,underthepoplar,2026-02-01 00:23:17,1941723,23762,22262,20017,18999,4012,6921,1
2026-08-15 15:00:06,https://www.bilibili.com/video/BV1JUK56tEh5/?spm_id_from=333.1387.favlist.content.click,9,BV1JUK56tEh5,【杨博文｜音乐现场】全程舒适！跟着标准答案出发不迷路｜《全世界陪我出发》4k横屏直拍,游园会_杨博文,2026-07-16 20:06:19,160341,8003,2372,3929,5073,1951,1799,1
2026-08-15 15:00:06,https://www.bilibili.com/video/BV1kFKG6pEPe/?spm_id_from=333.1387.favlist.content.click,10,BV1kFKG6pEPe,【杨博文】夏日运动会《全世界陪我出发》4K直拍,Eternity丨杨博文,2026-07-16 19:13:38,44991,5414,733,2933,2326,37,94,1
2026-08-15 15:00:06,BV1MGYnzrE9E,11,BV1MGYnzrE9E,杨博文跳 《Centuries》帅到窒息！！竖屏4K直拍,Kismet丨杨博文,2025-08-18 02:15:37,273669,12356,6778,7956,585,959,3381,1
2026-08-15 15:00:06,BV1TLYnzzEx9,12,BV1TLYnzzEx9,舞力全开！主舞大人爽飞全场 15岁少年「杨博文」尽情演绎《Go In Blind》,Astra_杨博文,2025-08-18 00:48:26,333924,9933,5869,8919,578,717,2604,1
2026-08-15 15:30:05,https://www.bilibili.com/video/BV1EGBCBmEo8/?spm_id_from=333.1387.favlist.content.click,0,BV1EGBCBmEo8,【杨博文｜4K高清直拍】魅魔级别的《Manta》舞台，看博文如何一yeah封神,关键时刻来瓶尖叫,2025-12-27 23:15:44,1018169,12634,9899,11497,12722,1101,2417,1
2026-08-15 15:30:05,https://www.bilibili.com/video/BV1A5vkB2E1k/?spm_id_from=333.1387.favlist.content.click,1,BV1A5vkB2E1k,【杨博文】Hey Mama六机位纯舞直拍丨15岁舞台统治者的诞生，四代主舞燃炸全场！,Kismet丨杨博文,2025-12-28 22:28:16,2795327,64485,45143,47176,24925,13611,21805,16
2026-08-15 15:30:05,https://www.bilibili.com/video/BV1EQK56xEZk/?spm_id_from=333.1387.favlist.content.click,2,BV1EQK56xEZk,【杨博文｜音乐现场】｜《全世界陪我出发》4K直拍，考核第一的大C位实在太亮眼！,关键时刻来瓶尖叫,2026-07-16 20:29:02,427347,12528,3296,7415,5680,11152,8523,2
2026-08-15 15:30:05,bilibili.com/video/BV1M9ePzaELH/?spm_id_from=333.337.search-card.all.click,3,BV1M9ePzaELH,「杨博文｜卡拉永远OK」突发舞台事故？我怎么没看见,Astra_杨博文,2025-08-19 22:15:30,997703,15133,5129,10642,10727,762,704,7
2026-08-15 15:30:05,BV1s8BvBPEN5,4,BV1s8BvBPEN5,【杨博文｜4K舞台直拍】好运来祝你好运来～博文宝宝祝你新年好运来,关键时刻来瓶尖叫,2025-12-27 00:43:12,1913353,34812,16981,32274,18360,4332,4867,1
2026-08-15 15:30:05,https://www.bilibili.com/video/BV1jN64BKECs/?spm_id_from=333.337.search-card.all.click,5,BV1jN64BKECs,【杨博文｜4K直拍】跟着节奏一起《闭嘴跳舞》～,关键时刻来瓶尖叫,2026-02-01 20:20:32,1439662,26601,16050,22665,9830,2377,7181,3
2026-08-15 15:30:05,https://www.bilibili.com/video/BV1Lb6tBBEYC/?spm_id_from=333.1387.favlist.content.click&vd_source=bdf775a036c61c0159ac2f0c251aaeb7,6,BV1Lb6tBBEYC,【4K精剪】闭嘴跳舞 | 杨博文直拍 | 260201,underthepoplar,2026-02-02 00:00:55,356286,27394,14196,19290,9110,1837,3098,3
2026-08-15 15:30:05,https://www.bilibili.com/video/BV1mJ64BREZY/?spm_id_from=333.1387.favlist.content.click&vd_source=bdf775a036c61c0159ac2f0c251aaeb7,7,BV1mJ64BREZY,【杨博文】闭嘴跳舞丨当主舞穿上西装就会得到,Kismet丨杨博文,2026-02-01 18:31:00,620243,35111,4002,25445,7376,447,654,1
2026-08-15 15:30:05,https://www.bilibili.com/video/BV1XA6nBGEPV/?spm_id_from=333.1387.favlist.content.click,8,BV1XA6nBGEPV,【4K精剪】希区考克 作品152 | 杨博文直拍 | 260131,underthepoplar,2026-02-01 00:23:17,1941749,23768,22269,20020,18999,4013,6921,1
2026-08-15 15:30:05,https://www.bilibili.com/video/BV1JUK56tEh5/?spm_id_from=333.1387.favlist.content.click,9,BV1JUK56tEh5,【杨博文｜音乐现场】全程舒适！跟着标准答案出发不迷路｜《全世界陪我出发》4k横屏直拍,游园会_杨博文,2026-07-16 20:06:19,160351,8003,2372,3928,5073,1951,1799,1
2026-08-15 15:30:05,https://www.bilibili.com/video/BV1kFKG6pEPe/?spm_id_from=333.1387.favlist.content.click,10,BV1kFKG6pEPe,【杨博文】夏日运动会《全世界陪我出发》4K直拍,Eternity丨杨博文,2026-07-16 19:13:38,44996,5414,733,2933,2326,37,94,1
2026-08-15 15:30:05,BV1MGYnzrE9E,11,BV1MGYnzrE9E,杨博文跳 《Centuries》帅到窒息！！竖屏4K直拍,Kismet丨杨博文,2025-08-18 02:15:37,273669,12356,6778,7956,585,959,3381,1
2026-08-15 15:30:05,BV1TLYnzzEx9,12,BV1TLYnzzEx9,舞力全开！主舞大人爽飞全场 15岁少年「杨博文」尽情演绎《Go In Blind》,Astra_杨博文,2025-08-18 00:48:26,333925,9933,5869,8919,578,717,2604,1
2026-08-15 16:00:05,https://www.bilibili.com/video/BV1EGBCBmEo8/?spm_id_from=333.1387.favlist.content.click,0,BV1EGBCBmEo8,【杨博文｜4K高清直拍】魅魔级别的《Manta》舞台，看博文如何一yeah封神,关键时刻来瓶尖叫,2025-12-27 23:15:44,1018178,12635,9901,11497,12722,1101,2417,1
2026-08-15 16:00:05,https://www.bilibili.com/video/BV1A5vkB2E1k/?spm_id_from=333.1387.favlist.content.click,1,BV1A5vkB2E1k,【杨博文】Hey Mama六机位纯舞直拍丨15岁舞台统治者的诞生，四代主舞燃炸全场！,Kismet丨杨博文,2025-12-28 22:28:16,2795403,64491,45148,47189,24929,13611,21805,23
2026-08-15 16:00:05,https://www.bilibili.com/video/BV1EQK56xEZk/?spm_id_from=333.1387.favlist.content.click,2,BV1EQK56xEZk,【杨博文｜音乐现场】｜《全世界陪我出发》4K直拍，考核第一的大C位实在太亮眼！,关键时刻来瓶尖叫,2026-07-16 20:29:02,427398,12529,3296,7415,5680,11152,8523,2
2026-08-15 16:00:05,bilibili.com/video/BV1M9ePzaELH/?spm_id_from=333.337.search-card.all.click,3,BV1M9ePzaELH,「杨博文｜卡拉永远OK」突发舞台事故？我怎么没看见,Astra_杨博文,2025-08-19 22:15:30,997763,15136,5133,10643,10727,762,704,15
2026-08-15 16:00:05,BV1s8BvBPEN5,4,BV1s8BvBPEN5,【杨博文｜4K舞台直拍】好运来祝你好运来～博文宝宝祝你新年好运来,关键时刻来瓶尖叫,2025-12-27 00:43:12,1913371,34814,16981,32275,18365,4332,4867,2
2026-08-15 16:00:05,https://www.bilibili.com/video/BV1jN64BKECs/?spm_id_from=333.337.search-card.all.click,5,BV1jN64BKECs,【杨博文｜4K直拍】跟着节奏一起《闭嘴跳舞》～,关键时刻来瓶尖叫,2026-02-01 20:20:32,1439698,26606,16050,22670,9835,2377,7181,2
2026-08-15 16:00:05,https://www.bilibili.com/video/BV1Lb6tBBEYC/?spm_id_from=333.1387.favlist.content.click&vd_source=bdf775a036c61c0159ac2f0c251aaeb7,6,BV1Lb6tBBEYC,【4K精剪】闭嘴跳舞 | 杨博文直拍 | 260201,underthepoplar,2026-02-02 00:00:55,356309,27396,14198,19291,9115,1837,3098,2
2026-08-15 16:00:05,https://www.bilibili.com/video/BV1mJ64BREZY/?spm_id_from=333.1387.favlist.content.click&vd_source=bdf775a036c61c0159ac2f0c251aaeb7,7,BV1mJ64BREZY,【杨博文】闭嘴跳舞丨当主舞穿上西装就会得到,Kismet丨杨博文,2026-02-01 18:31:00,620244,35111,4002,25444,7380,447,654,1
2026-08-15 16:00:05,https://www.bilibili.com/video/BV1XA6nBGEPV/?spm_id_from=333.1387.favlist.content.click,8,BV1XA6nBGEPV,【4K精剪】希区考克 作品152 | 杨博文直拍 | 260131,underthepoplar,2026-02-01 00:23:17,1941772,23772,22274,20021,18999,4013,6921,1
2026-08-15 16:00:05,https://www.bilibili.com/video/BV1JUK56tEh5/?spm_id_from=333.1387.favlist.content.click,9,BV1JUK56tEh5,【杨博文｜音乐现场】全程舒适！跟着标准答案出发不迷路｜《全世界陪我出发》4k横屏直拍,游园会_杨博文,2026-07-16 20:06:19,160362,8003,2372,3930,5073,1951,1799,1
2026-08-15 16:00:05,https://www.bilibili.com/video/BV1kFKG6pEPe/?spm_id_from=333.1387.favlist.content.click,10,BV1kFKG6pEPe,【杨博文】夏日运动会《全世界陪我出发》4K直拍,Eternity丨杨博文,2026-07-16 19:13:38,45004,5415,733,2934,2326,37,94,1
2026-08-15 16:00:05,BV1MGYnzrE9E,11,BV1MGYnzrE9E,杨博文跳 《Centuries》帅到窒息！！竖屏4K直拍,Kismet丨杨博文,2025-08-18 02:15:37,273669,12356,6778,7956,585,959,3381,1
2026-08-15 16:00:05,BV1TLYnzzEx9,12,BV1TLYnzzEx9,舞力全开！主舞大人爽飞全场 15岁少年「杨博文」尽情演绎《Go In Blind》,Astra_杨博文,2025-08-18 00:48:26,333925,9933,5869,8919,578,717,2604,1
2026-08-15 16:30:04,https://www.bilibili.com/video/BV1EGBCBmEo8/?spm_id_from=333.1387.favlist.content.click,0,BV1EGBCBmEo8,【杨博文｜4K高清直拍】魅魔级别的《Manta》舞台，看博文如何一yeah封神,关键时刻来瓶尖叫,2025-12-27 23:15:44,1018188,12635,9901,11496,12722,1101,2417,1
2026-08-15 16:30:04,https://www.bilibili.com/video/BV1A5vkB2E1k/?spm_id_from=333.1387.favlist.content.click,1,BV1A5vkB2E1k,【杨博文】Hey Mama六机位纯舞直拍丨15岁舞台统治者的诞生，四代主舞燃炸全场！,Kismet丨杨博文,2025-12-28 22:28:16,2795456,64497,45154,47194,24938,13611,21809,20
2026-08-15 16:30:04,https://www.bilibili.com/video/BV1EQK56xEZk/?spm_id_from=333.1387.favlist.content.click,2,BV1EQK56xEZk,【杨博文｜音乐现场】｜《全世界陪我出发》4K直拍，考核第一的大C位实在太亮眼！,关键时刻来瓶尖叫,2026-07-16 20:29:02,427435,12531,3296,7415,5680,11152,8523,1
2026-08-15 16:30:04,bilibili.com/video/BV1M9ePzaELH/?spm_id_from=333.337.search-card.all.click,3,BV1M9ePzaELH,「杨博文｜卡拉永远OK」突发舞台事故？我怎么没看见,Astra_杨博文,2025-08-19 22:15:30,997815,15137,5133,10643,10727,762,705,17
2026-08-15 16:30:04,BV1s8BvBPEN5,4,BV1s8BvBPEN5,【杨博文｜4K舞台直拍】好运来祝你好运来～博文宝宝祝你新年好运来,关键时刻来瓶尖叫,2025-12-27 00:43:12,1913390,34815,16981,32274,18374,4332,4867,2
2026-08-15 16:30:04,https://www.bilibili.com/video/BV1jN64BKECs/?spm_id_from=333.337.search-card.all.click,5,BV1jN64BKECs,【杨博文｜4K直拍】跟着节奏一起《闭嘴跳舞》～,关键时刻来瓶尖叫,2026-02-01 20:20:32,1439728,26608,16050,22672,9842,2377,7181,1
2026-08-15 16:30:04,https://www.bilibili.com/video/BV1Lb6tBBEYC/?spm_id_from=333.1387.favlist.content.click&vd_source=bdf775a036c61c0159ac2f0c251aaeb7,6,BV1Lb6tBBEYC,【4K精剪】闭嘴跳舞 | 杨博文直拍 | 260201,underthepoplar,2026-02-02 00:00:55,356331,27396,14198,19291,9124,1837,3098,1
2026-08-15 16:30:04,https://www.bilibili.com/video/BV1mJ64BREZY/?spm_id_from=333.1387.favlist.content.click&vd_source=bdf775a036c61c0159ac2f0c251aaeb7,7,BV1mJ64BREZY,【杨博文】闭嘴跳舞丨当主舞穿上西装就会得到,Kismet丨杨博文,2026-02-01 18:31:00,620249,35111,4002,25445,7389,447,654,1
2026-08-15 16:30:04,https://www.bilibili.com/video/BV1XA6nBGEPV/?spm_id_from=333.1387.favlist.content.click,8,BV1XA6nBGEPV,【4K精剪】希区考克 作品152 | 杨博文直拍 | 260131,underthepoplar,2026-02-01 00:23:17,1941795,23772,22274,20022,18999,4013,6921,1
2026-08-15 16:30:04,https://www.bilibili.com/video/BV1JUK56tEh5/?spm_id_from=333.1387.favlist.content.click,9,BV1JUK56tEh5,【杨博文｜音乐现场】全程舒适！跟着标准答案出发不迷路｜《全世界陪我出发》4k横屏直拍,游园会_杨博文,2026-07-16 20:06:19,160371,8003,2372,3930,5073,1951,1799,1
2026-08-15 16:30:04,https://www.bilibili.com/video/BV1kFKG6pEPe/?spm_id_from=333.1387.favlist.content.click,10,BV1kFKG6pEPe,【杨博文】夏日运动会《全世界陪我出发》4K直拍,Eternity丨杨博文,2026-07-16 19:13:38,45010,5416,733,2935,2326,37,94,2
2026-08-15 16:30:04,BV1MGYnzrE9E,11,BV1MGYnzrE9E,杨博文跳 《Centuries》帅到窒息！！竖屏4K直拍,Kismet丨杨博文,2025-08-18 02:15:37,273670,12356,6778,7956,585,959,3381,1
2026-08-15 16:30:04,BV1TLYnzzEx9,12,BV1TLYnzzEx9,舞力全开！主舞大人爽飞全场 15岁少年「杨博文」尽情演绎《Go In Blind》,Astra_杨博文,2025-08-18 00:48:26,333926,9935,5869,8920,578,717,2604,1
2026-08-15 17:00:03,https://www.bilibili.com/video/BV1EGBCBmEo8/?spm_id_from=333.1387.favlist.content.click,0,BV1EGBCBmEo8,【杨博文｜4K高清直拍】魅魔级别的《Manta》舞台，看博文如何一yeah封神,关键时刻来瓶尖叫,2025-12-27 23:15:44,1018201,12636,9901,11496,12722,1101,2417,1
2026-08-15 17:00:03,https://www.bilibili.com/video/BV1A5vkB2E1k/?spm_id_from=333.1387.favlist.content.click,1,BV1A5vkB2E1k,【杨博文】Hey Mama六机位纯舞直拍丨15岁舞台统治者的诞生，四代主舞燃炸全场！,Kismet丨杨博文,2025-12-28 22:28:16,2795532,64506,45161,47204,24945,13611,21809,16
2026-08-15 17:00:03,https://www.bilibili.com/video/BV1EQK56xEZk/?spm_id_from=333.1387.favlist.content.click,2,BV1EQK56xEZk,【杨博文｜音乐现场】｜《全世界陪我出发》4K直拍，考核第一的大C位实在太亮眼！,关键时刻来瓶尖叫,2026-07-16 20:29:02,427475,12535,3298,7418,5680,11152,8526,1
2026-08-15 17:00:03,bilibili.com/video/BV1M9ePzaELH/?spm_id_from=333.337.search-card.all.click,3,BV1M9ePzaELH,「杨博文｜卡拉永远OK」突发舞台事故？我怎么没看见,Astra_杨博文,2025-08-19 22:15:30,997875,15137,5133,10643,10727,762,705,7
2026-08-15 17:00:03,BV1s8BvBPEN5,4,BV1s8BvBPEN5,【杨博文｜4K舞台直拍】好运来祝你好运来～博文宝宝祝你新年好运来,关键时刻来瓶尖叫,2025-12-27 00:43:12,1913399,34816,16981,32276,18381,4332,4867,1
2026-08-15 17:00:03,https://www.bilibili.com/video/BV1jN64BKECs/?spm_id_from=333.337.search-card.all.click,5,BV1jN64BKECs,【杨博文｜4K直拍】跟着节奏一起《闭嘴跳舞》～,关键时刻来瓶尖叫,2026-02-01 20:20:32,1439767,26611,16050,22676,9850,2377,7181,1
2026-08-15 17:00:03,https://www.bilibili.com/video/BV1Lb6tBBEYC/?spm_id_from=333.1387.favlist.content.click&vd_source=bdf775a036c61c0159ac2f0c251aaeb7,6,BV1Lb6tBBEYC,【4K精剪】闭嘴跳舞 | 杨博文直拍 | 260201,underthepoplar,2026-02-02 00:00:55,356345,27396,14198,19292,9131,1837,3098,1
2026-08-15 17:00:03,https://www.bilibili.com/video/BV1mJ64BREZY/?spm_id_from=333.1387.favlist.content.click&vd_source=bdf775a036c61c0159ac2f0c251aaeb7,7,BV1mJ64BREZY,【杨博文】闭嘴跳舞丨当主舞穿上西装就会得到,Kismet丨杨博文,2026-02-01 18:31:00,620253,35111,4002,25445,7396,447,654,1
2026-08-15 17:00:03,https://www.bilibili.com/video/BV1XA6nBGEPV/?spm_id_from=333.1387.favlist.content.click,8,BV1XA6nBGEPV,【4K精剪】希区考克 作品152 | 杨博文直拍 | 260131,underthepoplar,2026-02-01 00:23:17,1941816,23775,22278,20026,18999,4013,6921,1
2026-08-15 17:00:03,https://www.bilibili.com/video/BV1JUK56tEh5/?spm_id_from=333.1387.favlist.content.click,9,BV1JUK56tEh5,【杨博文｜音乐现场】全程舒适！跟着标准答案出发不迷路｜《全世界陪我出发》4k横屏直拍,游园会_杨博文,2026-07-16 20:06:19,160374,8004,2372,3931,5073,1951,1799,1
2026-08-15 17:00:03,https://www.bilibili.com/video/BV1kFKG6pEPe/?spm_id_from=333.1387.favlist.content.click,10,BV1kFKG6pEPe,【杨博文】夏日运动会《全世界陪我出发》4K直拍,Eternity丨杨博文,2026-07-16 19:13:38,45016,5416,733,2936,2326,37,94,1
2026-08-15 17:00:03,BV1MGYnzrE9E,11,BV1MGYnzrE9E,杨博文跳 《Centuries》帅到窒息！！竖屏4K直拍,Kismet丨杨博文,2025-08-18 02:15:37,273670,12357,6778,7956,585,959,3381,1
2026-08-15 17:00:03,BV1TLYnzzEx9,12,BV1TLYnzzEx9,舞力全开！主舞大人爽飞全场 15岁少年「杨博文」尽情演绎《Go In Blind》,Astra_杨博文,2025-08-18 00:48:26,333929,9935,5869,8920,578,717,2604,1
2026-08-15 17:30:03,https://www.bilibili.com/video/BV1EGBCBmEo8/?spm_id_from=333.1387.favlist.content.click,0,BV1EGBCBmEo8,【杨博文｜4K高清直拍】魅魔级别的《Manta》舞台，看博文如何一yeah封神,关键时刻来瓶尖叫,2025-12-27 23:15:44,1018213,12638,9903,11497,12722,1101,2417,1
2026-08-15 17:30:03,https://www.bilibili.com/video/BV1A5vkB2E1k/?spm_id_from=333.1387.favlist.content.click,1,BV1A5vkB2E1k,【杨博文】Hey Mama六机位纯舞直拍丨15岁舞台统治者的诞生，四代主舞燃炸全场！,Kismet丨杨博文,2025-12-28 22:28:16,2795599,64512,45165,47212,24957,13611,21810,18
2026-08-15 17:30:03,https://www.bilibili.com/video/BV1EQK56xEZk/?spm_id_from=333.1387.favlist.content.click,2,BV1EQK56xEZk,【杨博文｜音乐现场】｜《全世界陪我出发》4K直拍，考核第一的大C位实在太亮眼！,关键时刻来瓶尖叫,2026-07-16 20:29:02,427513,12536,3298,7419,5680,11152,8526,1
2026-08-15 17:30:03,bilibili.com/video/BV1M9ePzaELH/?spm_id_from=333.337.search-card.all.click,3,BV1M9ePzaELH,「杨博文｜卡拉永远OK」突发舞台事故？我怎么没看见,Astra_杨博文,2025-08-19 22:15:30,997929,15139,5135,10644,10727,762,705,10
2026-08-15 17:30:03,BV1s8BvBPEN5,4,BV1s8BvBPEN5,【杨博文｜4K舞台直拍】好运来祝你好运来～博文宝宝祝你新年好运来,关键时刻来瓶尖叫,2025-12-27 00:43:12,1913418,34817,16983,32278,18392,4332,4867,1
2026-08-15 17:30:03,https://www.bilibili.com/video/BV1jN64BKECs/?spm_id_from=333.337.search-card.all.click,5,BV1jN64BKECs,【杨博文｜4K直拍】跟着节奏一起《闭嘴跳舞》～,关键时刻来瓶尖叫,2026-02-01 20:20:32,1439797,26612,16050,22679,9863,2377,7181,1
2026-08-15 17:30:03,https://www.bilibili.com/video/BV1Lb6tBBEYC/?spm_id_from=333.1387.favlist.content.click&vd_source=bdf775a036c61c0159ac2f0c251aaeb7,6,BV1Lb6tBBEYC,【4K精剪】闭嘴跳舞 | 杨博文直拍 | 260201,underthepoplar,2026-02-02 00:00:55,356368,27397,14200,19293,9141,1837,3098,2
2026-08-15 17:30:03,https://www.bilibili.com/video/BV1mJ64BREZY/?spm_id_from=333.1387.favlist.content.click&vd_source=bdf775a036c61c0159ac2f0c251aaeb7,7,BV1mJ64BREZY,【杨博文】闭嘴跳舞丨当主舞穿上西装就会得到,Kismet丨杨博文,2026-02-01 18:31:00,620258,35111,4002,25445,7408,447,654,1
2026-08-15 17:30:03,https://www.bilibili.com/video/BV1XA6nBGEPV/?spm_id_from=333.1387.favlist.content.click,8,BV1XA6nBGEPV,【4K精剪】希区考克 作品152 | 杨博文直拍 | 260131,underthepoplar,2026-02-01 00:23:17,1941842,23777,22278,20027,18999,4013,6921,1
2026-08-15 17:30:03,https://www.bilibili.com/video/BV1JUK56tEh5/?spm_id_from=333.1387.favlist.content.click,9,BV1JUK56tEh5,【杨博文｜音乐现场】全程舒适！跟着标准答案出发不迷路｜《全世界陪我出发》4k横屏直拍,游园会_杨博文,2026-07-16 20:06:19,160383,8008,2376,3932,5073,1951,1799,1
2026-08-15 17:30:03,https://www.bilibili.com/video/BV1kFKG6pEPe/?spm_id_from=333.1387.favlist.content.click,10,BV1kFKG6pEPe,【杨博文】夏日运动会《全世界陪我出发》4K直拍,Eternity丨杨博文,2026-07-16 19:13:38,45017,5417,733,2936,2326,37,94,1
2026-08-15 17:30:03,BV1MGYnzrE9E,11,BV1MGYnzrE9E,杨博文跳 《Centuries》帅到窒息！！竖屏4K直拍,Kismet丨杨博文,2025-08-18 02:15:37,273673,12356,6778,7956,585,959,3381,1
2026-08-15 17:30:03,BV1TLYnzzEx9,12,BV1TLYnzzEx9,舞力全开！主舞大人爽飞全场 15岁少年「杨博文」尽情演绎《Go In Blind》,Astra_杨博文,2025-08-18 00:48:26,333930,9935,5869,8920,578,717,2604,1
2026-08-15 18:00:02,https://www.bilibili.com/video/BV1EGBCBmEo8/?spm_id_from=333.1387.favlist.content.click,0,BV1EGBCBmEo8,【杨博文｜4K高清直拍】魅魔级别的《Manta》舞台，看博文如何一yeah封神,关键时刻来瓶尖叫,2025-12-27 23:15:44,1018221,12638,9903,11497,12722,1101,2417,1
2026-08-15 18:00:02,https://www.bilibili.com/video/BV1A5vkB2E1k/?spm_id_from=333.1387.favlist.content.click,1,BV1A5vkB2E1k,【杨博文】Hey Mama六机位纯舞直拍丨15岁舞台统治者的诞生，四代主舞燃炸全场！,Kismet丨杨博文,2025-12-28 22:28:16,2795667,64516,45166,47224,24962,13611,21813,10
2026-08-15 18:00:02,https://www.bilibili.com/video/BV1EQK56xEZk/?spm_id_from=333.1387.favlist.content.click,2,BV1EQK56xEZk,【杨博文｜音乐现场】｜《全世界陪我出发》4K直拍，考核第一的大C位实在太亮眼！,关键时刻来瓶尖叫,2026-07-16 20:29:02,427558,12539,3299,7419,5680,11152,8526,3
2026-08-15 18:00:02,bilibili.com/video/BV1M9ePzaELH/?spm_id_from=333.337.search-card.all.click,3,BV1M9ePzaELH,「杨博文｜卡拉永远OK」突发舞台事故？我怎么没看见,Astra_杨博文,2025-08-19 22:15:30,997976,15140,5135,10643,10727,762,705,7
2026-08-15 18:00:02,BV1s8BvBPEN5,4,BV1s8BvBPEN5,【杨博文｜4K舞台直拍】好运来祝你好运来～博文宝宝祝你新年好运来,关键时刻来瓶尖叫,2025-12-27 00:43:12,1913431,34818,16983,32281,18398,4332,4867,1
2026-08-15 18:00:02,https://www.bilibili.com/video/BV1jN64BKECs/?spm_id_from=333.337.search-card.all.click,5,BV1jN64BKECs,【杨博文｜4K直拍】跟着节奏一起《闭嘴跳舞》～,关键时刻来瓶尖叫,2026-02-01 20:20:32,1439826,26615,16050,22684,9869,2377,7181,1
2026-08-15 18:00:02,https://www.bilibili.com/video/BV1Lb6tBBEYC/?spm_id_from=333.1387.favlist.content.click&vd_source=bdf775a036c61c0159ac2f0c251aaeb7,6,BV1Lb6tBBEYC,【4K精剪】闭嘴跳舞 | 杨博文直拍 | 260201,underthepoplar,2026-02-02 00:00:55,356385,27397,14202,19294,9148,1837,3098,2
2026-08-15 18:00:02,https://www.bilibili.com/video/BV1mJ64BREZY/?spm_id_from=333.1387.favlist.content.click&vd_source=bdf775a036c61c0159ac2f0c251aaeb7,7,BV1mJ64BREZY,【杨博文】闭嘴跳舞丨当主舞穿上西装就会得到,Kismet丨杨博文,2026-02-01 18:31:00,620262,35111,4002,25446,7413,447,654,1
2026-08-15 18:00:02,https://www.bilibili.com/video/BV1XA6nBGEPV/?spm_id_from=333.1387.favlist.content.click,8,BV1XA6nBGEPV,【4K精剪】希区考克 作品152 | 杨博文直拍 | 260131,underthepoplar,2026-02-01 00:23:17,1941862,23779,22278,20029,19000,4013,6921,1
2026-08-15 18:00:02,https://www.bilibili.com/video/BV1JUK56tEh5/?spm_id_from=333.1387.favlist.content.click,9,BV1JUK56tEh5,【杨博文｜音乐现场】全程舒适！跟着标准答案出发不迷路｜《全世界陪我出发》4k横屏直拍,游园会_杨博文,2026-07-16 20:06:19,160389,8009,2376,3932,5073,1951,1799,1
2026-08-15 18:00:02,https://www.bilibili.com/video/BV1kFKG6pEPe/?spm_id_from=333.1387.favlist.content.click,10,BV1kFKG6pEPe,【杨博文】夏日运动会《全世界陪我出发》4K直拍,Eternity丨杨博文,2026-07-16 19:13:38,45022,5417,733,2936,2326,37,94,1
2026-08-15 18:00:02,BV1MGYnzrE9E,11,BV1MGYnzrE9E,杨博文跳 《Centuries》帅到窒息！！竖屏4K直拍,Kismet丨杨博文,2025-08-18 02:15:37,273673,12356,6778,7956,585,959,3381,1
2026-08-15 18:00:02,BV1TLYnzzEx9,12,BV1TLYnzzEx9,舞力全开！主舞大人爽飞全场 15岁少年「杨博文」尽情演绎《Go In Blind》,Astra_杨博文,2025-08-18 00:48:26,333930,9935,5869,8920,578,717,2604,1
2026-08-15 18:30:01,https://www.bilibili.com/video/BV1EGBCBmEo8/?spm_id_from=333.1387.favlist.content.click,0,BV1EGBCBmEo8,【杨博文｜4K高清直拍】魅魔级别的《Manta》舞台，看博文如何一yeah封神,关键时刻来瓶尖叫,2025-12-27 23:15:44,1018226,12638,9903,11497,12722,1101,2417,1
2026-08-15 18:30:01,https://www.bilibili.com/video/BV1A5vkB2E1k/?spm_id_from=333.1387.favlist.content.click,1,BV1A5vkB2E1k,【杨博文】Hey Mama六机位纯舞直拍丨15岁舞台统治者的诞生，四代主舞燃炸全场！,Kismet丨杨博文,2025-12-28 22:28:16,2795724,64522,45169,47230,24965,13615,21813,18
2026-08-15 18:30:01,https://www.bilibili.com/video/BV1EQK56xEZk/?spm_id_from=333.1387.favlist.content.click,2,BV1EQK56xEZk,【杨博文｜音乐现场】｜《全世界陪我出发》4K直拍，考核第一的大C位实在太亮眼！,关键时刻来瓶尖叫,2026-07-16 20:29:02,427592,12539,3299,7418,5680,11152,8526,1
2026-08-15 18:30:01,bilibili.com/video/BV1M9ePzaELH/?spm_id_from=333.337.search-card.all.click,3,BV1M9ePzaELH,「杨博文｜卡拉永远OK」突发舞台事故？我怎么没看见,Astra_杨博文,2025-08-19 22:15:30,998028,15141,5135,10644,10727,762,705,12
2026-08-15 18:30:01,BV1s8BvBPEN5,4,BV1s8BvBPEN5,【杨博文｜4K舞台直拍】好运来祝你好运来～博文宝宝祝你新年好运来,关键时刻来瓶尖叫,2025-12-27 00:43:12,1913438,34819,16983,32282,18400,4332,4867,1
2026-08-15 18:30:01,https://www.bilibili.com/video/BV1jN64BKECs/?spm_id_from=333.337.search-card.all.click,5,BV1jN64BKECs,【杨博文｜4K直拍】跟着节奏一起《闭嘴跳舞》～,关键时刻来瓶尖叫,2026-02-01 20:20:32,1439862,26617,16050,22685,9872,2377,7181,2
2026-08-15 18:30:01,https://www.bilibili.com/video/BV1Lb6tBBEYC/?spm_id_from=333.1387.favlist.content.click&vd_source=bdf775a036c61c0159ac2f0c251aaeb7,6,BV1Lb6tBBEYC,【4K精剪】闭嘴跳舞 | 杨博文直拍 | 260201,underthepoplar,2026-02-02 00:00:55,356397,27400,14206,19295,9150,1837,3098,1
2026-08-15 18:30:01,https://www.bilibili.com/video/BV1mJ64BREZY/?spm_id_from=333.1387.favlist.content.click&vd_source=bdf775a036c61c0159ac2f0c251aaeb7,7,BV1mJ64BREZY,【杨博文】闭嘴跳舞丨当主舞穿上西装就会得到,Kismet丨杨博文,2026-02-01 18:31:00,620264,35112,4002,25446,7415,447,654,1
2026-08-15 18:30:01,https://www.bilibili.com/video/BV1XA6nBGEPV/?spm_id_from=333.1387.favlist.content.click,8,BV1XA6nBGEPV,【4K精剪】希区考克 作品152 | 杨博文直拍 | 260131,underthepoplar,2026-02-01 00:23:17,1941879,23780,22280,20030,19000,4013,6921,1
2026-08-15 18:30:01,https://www.bilibili.com/video/BV1JUK56tEh5/?spm_id_from=333.1387.favlist.content.click,9,BV1JUK56tEh5,【杨博文｜音乐现场】全程舒适！跟着标准答案出发不迷路｜《全世界陪我出发》4k横屏直拍,游园会_杨博文,2026-07-16 20:06:19,160396,8009,2376,3932,5073,1951,1799,1
2026-08-15 18:30:01,https://www.bilibili.com/video/BV1kFKG6pEPe/?spm_id_from=333.1387.favlist.content.click,10,BV1kFKG6pEPe,【杨博文】夏日运动会《全世界陪我出发》4K直拍,Eternity丨杨博文,2026-07-16 19:13:38,45028,5418,733,2937,2326,37,94,1
2026-08-15 18:30:01,BV1MGYnzrE9E,11,BV1MGYnzrE9E,杨博文跳 《Centuries》帅到窒息！！竖屏4K直拍,Kismet丨杨博文,2025-08-18 02:15:37,273673,12356,6778,7956,585,959,3381,1
2026-08-15 18:30:01,BV1TLYnzzEx9,12,BV1TLYnzzEx9,舞力全开！主舞大人爽飞全场 15岁少年「杨博文」尽情演绎《Go In Blind》,Astra_杨博文,2025-08-18 00:48:26,333931,9935,5869,8920,578,717,2604,1
2026-08-15 19:00:01,https://www.bilibili.com/video/BV1EGBCBmEo8/?spm_id_from=333.1387.favlist.content.click,0,BV1EGBCBmEo8,【杨博文｜4K高清直拍】魅魔级别的《Manta》舞台，看博文如何一yeah封神,关键时刻来瓶尖叫,2025-12-27 23:15:44,1018239,12639,9903,11497,12722,1101,2417,1
2026-08-15 19:00:01,https://www.bilibili.com/video/BV1A5vkB2E1k/?spm_id_from=333.1387.favlist.content.click,1,BV1A5vkB2E1k,【杨博文】Hey Mama六机位纯舞直拍丨15岁舞台统治者的诞生，四代主舞燃炸全场！,Kismet丨杨博文,2025-12-28 22:28:16,2795796,64525,45173,47239,24971,13615,21813,9
2026-08-15 19:00:01,https://www.bilibili.com/video/BV1EQK56xEZk/?spm_id_from=333.1387.favlist.content.click,2,BV1EQK56xEZk,【杨博文｜音乐现场】｜《全世界陪我出发》4K直拍，考核第一的大C位实在太亮眼！,关键时刻来瓶尖叫,2026-07-16 20:29:02,427622,12542,3299,7419,5680,11152,8526,1
2026-08-15 19:00:01,bilibili.com/video/BV1M9ePzaELH/?spm_id_from=333.337.search-card.all.click,3,BV1M9ePzaELH,「杨博文｜卡拉永远OK」突发舞台事故？我怎么没看见,Astra_杨博文,2025-08-19 22:15:30,998070,15143,5135,10644,10727,762,705,7
2026-08-15 19:00:01,BV1s8BvBPEN5,4,BV1s8BvBPEN5,【杨博文｜4K舞台直拍】好运来祝你好运来～博文宝宝祝你新年好运来,关键时刻来瓶尖叫,2025-12-27 00:43:12,1913452,34821,16985,32282,18405,4332,4867,1
2026-08-15 19:00:01,https://www.bilibili.com/video/BV1jN64BKECs/?spm_id_from=333.337.search-card.all.click,5,BV1jN64BKECs,【杨博文｜4K直拍】跟着节奏一起《闭嘴跳舞》～,关键时刻来瓶尖叫,2026-02-01 20:20:32,1439900,26620,16050,22686,9879,2377,7181,2
2026-08-15 19:00:01,https://www.bilibili.com/video/BV1Lb6tBBEYC/?spm_id_from=333.1387.favlist.content.click&vd_source=bdf775a036c61c0159ac2f0c251aaeb7,6,BV1Lb6tBBEYC,【4K精剪】闭嘴跳舞 | 杨博文直拍 | 260201,underthepoplar,2026-02-02 00:00:55,356427,27401,14206,19295,9155,1837,3098,1
2026-08-15 19:00:01,https://www.bilibili.com/video/BV1mJ64BREZY/?spm_id_from=333.1387.favlist.content.click&vd_source=bdf775a036c61c0159ac2f0c251aaeb7,7,BV1mJ64BREZY,【杨博文】闭嘴跳舞丨当主舞穿上西装就会得到,Kismet丨杨博文,2026-02-01 18:31:00,620267,35112,4002,25446,7421,447,654,1
2026-08-15 19:00:01,https://www.bilibili.com/video/BV1XA6nBGEPV/?spm_id_from=333.1387.favlist.content.click,8,BV1XA6nBGEPV,【4K精剪】希区考克 作品152 | 杨博文直拍 | 260131,underthepoplar,2026-02-01 00:23:17,1941912,23781,22280,20031,19000,4013,6921,1
2026-08-15 19:00:01,https://www.bilibili.com/video/BV1JUK56tEh5/?spm_id_from=333.1387.favlist.content.click,9,BV1JUK56tEh5,【杨博文｜音乐现场】全程舒适！跟着标准答案出发不迷路｜《全世界陪我出发》4k横屏直拍,游园会_杨博文,2026-07-16 20:06:19,160400,8010,2376,3932,5073,1951,1799,1
2026-08-15 19:00:01,https://www.bilibili.com/video/BV1kFKG6pEPe/?spm_id_from=333.1387.favlist.content.click,10,BV1kFKG6pEPe,【杨博文】夏日运动会《全世界陪我出发》4K直拍,Eternity丨杨博文,2026-07-16 19:13:38,45036,5418,733,2937,2326,37,94,1
2026-08-15 19:00:01,BV1MGYnzrE9E,11,BV1MGYnzrE9E,杨博文跳 《Centuries》帅到窒息！！竖屏4K直拍,Kismet丨杨博文,2025-08-18 02:15:37,273673,12356,6778,7956,585,959,3381,1
2026-08-15 19:00:01,BV1TLYnzzEx9,12,BV1TLYnzzEx9,舞力全开！主舞大人爽飞全场 15岁少年「杨博文」尽情演绎《Go In Blind》,Astra_杨博文,2025-08-18 00:48:26,333931,9935,5869,8920,578,717,2604,1
2026-08-15 19:30:08,https://www.bilibili.com/video/BV1EGBCBmEo8/?spm_id_from=333.1387.favlist.content.click,0,BV1EGBCBmEo8,【杨博文｜4K高清直拍】魅魔级别的《Manta》舞台，看博文如何一yeah封神,关键时刻来瓶尖叫,2025-12-27 23:15:44,1018244,12640,9903,11497,12722,1101,2417,1
2026-08-15 19:30:08,https://www.bilibili.com/video/BV1A5vkB2E1k/?spm_id_from=333.1387.favlist.content.click,1,BV1A5vkB2E1k,【杨博文】Hey Mama六机位纯舞直拍丨15岁舞台统治者的诞生，四代主舞燃炸全场！,Kismet丨杨博文,2025-12-28 22:28:16,2795851,64530,45177,47246,24980,13616,21813,14
2026-08-15 19:30:08,https://www.bilibili.com/video/BV1EQK56xEZk/?spm_id_from=333.1387.favlist.content.click,2,BV1EQK56xEZk,【杨博文｜音乐现场】｜《全世界陪我出发》4K直拍，考核第一的大C位实在太亮眼！,关键时刻来瓶尖叫,2026-07-16 20:29:02,427661,12543,3301,7420,5680,11152,8526,1
2026-08-15 19:30:08,bilibili.com/video/BV1M9ePzaELH/?spm_id_from=333.337.search-card.all.click,3,BV1M9ePzaELH,「杨博文｜卡拉永远OK」突发舞台事故？我怎么没看见,Astra_杨博文,2025-08-19 22:15:30,998118,15145,5136,10646,10727,762,705,6
2026-08-15 19:30:08,BV1s8BvBPEN5,4,BV1s8BvBPEN5,【杨博文｜4K舞台直拍】好运来祝你好运来～博文宝宝祝你新年好运来,关键时刻来瓶尖叫,2025-12-27 00:43:12,1913462,34823,16985,32283,18412,4332,4867,1
2026-08-15 19:30:08,https://www.bilibili.com/video/BV1jN64BKECs/?spm_id_from=333.337.search-card.all.click,5,BV1jN64BKECs,【杨博文｜4K直拍】跟着节奏一起《闭嘴跳舞》～,关键时刻来瓶尖叫,2026-02-01 20:20:32,1439925,26622,16050,22686,9885,2377,7181,2
2026-08-15 19:30:08,https://www.bilibili.com/video/BV1Lb6tBBEYC/?spm_id_from=333.1387.favlist.content.click&vd_source=bdf775a036c61c0159ac2f0c251aaeb7,6,BV1Lb6tBBEYC,【4K精剪】闭嘴跳舞 | 杨博文直拍 | 260201,underthepoplar,2026-02-02 00:00:55,356445,27403,14208,19295,9161,1837,3098,1
2026-08-15 19:30:08,https://www.bilibili.com/video/BV1mJ64BREZY/?spm_id_from=333.1387.favlist.content.click&vd_source=bdf775a036c61c0159ac2f0c251aaeb7,7,BV1mJ64BREZY,【杨博文】闭嘴跳舞丨当主舞穿上西装就会得到,Kismet丨杨博文,2026-02-01 18:31:00,620270,35112,4002,25446,7428,447,654,1
2026-08-15 19:30:08,https://www.bilibili.com/video/BV1XA6nBGEPV/?spm_id_from=333.1387.favlist.content.click,8,BV1XA6nBGEPV,【4K精剪】希区考克 作品152 | 杨博文直拍 | 260131,underthepoplar,2026-02-01 00:23:17,1941926,23783,22282,20031,19000,4013,6921,1
2026-08-15 19:30:08,https://www.bilibili.com/video/BV1JUK56tEh5/?spm_id_from=333.1387.favlist.content.click,9,BV1JUK56tEh5,【杨博文｜音乐现场】全程舒适！跟着标准答案出发不迷路｜《全世界陪我出发》4k横屏直拍,游园会_杨博文,2026-07-16 20:06:19,160403,8010,2376,3932,5073,1951,1799,3
2026-08-15 19:30:08,https://www.bilibili.com/video/BV1kFKG6pEPe/?spm_id_from=333.1387.favlist.content.click,10,BV1kFKG6pEPe,【杨博文】夏日运动会《全世界陪我出发》4K直拍,Eternity丨杨博文,2026-07-16 19:13:38,45040,5418,733,2937,2326,37,94,1
2026-08-15 19:30:08,BV1MGYnzrE9E,11,BV1MGYnzrE9E,杨博文跳 《Centuries》帅到窒息！！竖屏4K直拍,Kismet丨杨博文,2025-08-18 02:15:37,273675,12358,6778,7956,585,959,3381,1
2026-08-15 19:30:08,BV1TLYnzzEx9,12,BV1TLYnzzEx9,舞力全开！主舞大人爽飞全场 15岁少年「杨博文」尽情演绎《Go In Blind》,Astra_杨博文,2025-08-18 00:48:26,333931,9935,5869,8920,578,717,2604,1
2026-08-15 19:50:08,https://www.bilibili.com/video/BV1EGBCBmEo8/?spm_id_from=333.1387.favlist.content.click,0,BV1EGBCBmEo8,【杨博文｜4K高清直拍】魅魔级别的《Manta》舞台，看博文如何一yeah封神,关键时刻来瓶尖叫,2025-12-27 23:15:44,1018248,12640,9903,11497,12722,1101,2417,1
2026-08-15 19:50:08,https://www.bilibili.com/video/BV1A5vkB2E1k/?spm_id_from=333.1387.favlist.content.click,1,BV1A5vkB2E1k,【杨博文】Hey Mama六机位纯舞直拍丨15岁舞台统治者的诞生，四代主舞燃炸全场！,Kismet丨杨博文,2025-12-28 22:28:16,2795878,64535,45177,47249,24984,13616,21814,15
2026-08-15 19:50:08,https://www.bilibili.com/video/BV1EQK56xEZk/?spm_id_from=333.1387.favlist.content.click,2,BV1EQK56xEZk,【杨博文｜音乐现场】｜《全世界陪我出发》4K直拍，考核第一的大C位实在太亮眼！,关键时刻来瓶尖叫,2026-07-16 20:29:02,427679,12545,3301,7421,5680,11152,8526,1
2026-08-15 19:50:08,bilibili.com/video/BV1M9ePzaELH/?spm_id_from=333.337.search-card.all.click,3,BV1M9ePzaELH,「杨博文｜卡拉永远OK」突发舞台事故？我怎么没看见,Astra_杨博文,2025-08-19 22:15:30,998144,15145,5136,10646,10727,762,705,12
2026-08-15 19:50:08,BV1s8BvBPEN5,4,BV1s8BvBPEN5,【杨博文｜4K舞台直拍】好运来祝你好运来～博文宝宝祝你新年好运来,关键时刻来瓶尖叫,2025-12-27 00:43:12,1913469,34824,16985,32283,18417,4332,4867,1
2026-08-15 19:50:08,https://www.bilibili.com/video/BV1jN64BKECs/?spm_id_from=333.337.search-card.all.click,5,BV1jN64BKECs,【杨博文｜4K直拍】跟着节奏一起《闭嘴跳舞》～,关键时刻来瓶尖叫,2026-02-01 20:20:32,1439941,26623,16050,22684,9891,2377,7181,5
2026-08-15 19:50:08,https://www.bilibili.com/video/BV1Lb6tBBEYC/?spm_id_from=333.1387.favlist.content.click&vd_source=bdf775a036c61c0159ac2f0c251aaeb7,6,BV1Lb6tBBEYC,【4K精剪】闭嘴跳舞 | 杨博文直拍 | 260201,underthepoplar,2026-02-02 00:00:55,356453,27404,14208,19295,9167,1837,3098,2
2026-08-15 19:50:08,https://www.bilibili.com/video/BV1mJ64BREZY/?spm_id_from=333.1387.favlist.content.click&vd_source=bdf775a036c61c0159ac2f0c251aaeb7,7,BV1mJ64BREZY,【杨博文】闭嘴跳舞丨当主舞穿上西装就会得到,Kismet丨杨博文,2026-02-01 18:31:00,620273,35112,4002,25446,7434,447,654,1
2026-08-15 19:50:08,https://www.bilibili.com/video/BV1XA6nBGEPV/?spm_id_from=333.1387.favlist.content.click,8,BV1XA6nBGEPV,【4K精剪】希区考克 作品152 | 杨博文直拍 | 260131,underthepoplar,2026-02-01 00:23:17,1941938,23785,22282,20031,19000,4013,6921,1
2026-08-15 19:50:08,https://www.bilibili.com/video/BV1JUK56tEh5/?spm_id_from=333.1387.favlist.content.click,9,BV1JUK56tEh5,【杨博文｜音乐现场】全程舒适！跟着标准答案出发不迷路｜《全世界陪我出发》4k横屏直拍,游园会_杨博文,2026-07-16 20:06:19,160407,8011,2376,3933,5073,1951,1799,1
2026-08-15 19:50:08,https://www.bilibili.com/video/BV1kFKG6pEPe/?spm_id_from=333.1387.favlist.content.click,10,BV1kFKG6pEPe,【杨博文】夏日运动会《全世界陪我出发》4K直拍,Eternity丨杨博文,2026-07-16 19:13:38,45043,5418,733,2937,2326,37,94,1
2026-08-15 19:50:08,BV1MGYnzrE9E,11,BV1MGYnzrE9E,杨博文跳 《Centuries》帅到窒息！！竖屏4K直拍,Kismet丨杨博文,2025-08-18 02:15:37,273677,12358,6778,7956,585,959,3381,1
2026-08-15 19:50:08,BV1TLYnzzEx9,12,BV1TLYnzzEx9,舞力全开！主舞大人爽飞全场 15岁少年「杨博文」尽情演绎《Go In Blind》,Astra_杨博文,2025-08-18 00:48:26,333931,9935,5869,8920,578,717,2604,1
2026-08-15 20:00:07,https://www.bilibili.com/video/BV1EGBCBmEo8/?spm_id_from=333.1387.favlist.content.click,0,BV1EGBCBmEo8,【杨博文｜4K高清直拍】魅魔级别的《Manta》舞台，看博文如何一yeah封神,关键时刻来瓶尖叫,2025-12-27 23:15:44,1018251,12640,9903,11497,12722,1101,2417,1
2026-08-15 20:00:07,https://www.bilibili.com/video/BV1A5vkB2E1k/?spm_id_from=333.1387.favlist.content.click,1,BV1A5vkB2E1k,【杨博文】Hey Mama六机位纯舞直拍丨15岁舞台统治者的诞生，四代主舞燃炸全场！,Kismet丨杨博文,2025-12-28 22:28:16,2795887,64536,45179,47253,24986,13616,21814,11
2026-08-15 20:00:07,https://www.bilibili.com/video/BV1EQK56xEZk/?spm_id_from=333.1387.favlist.content.click,2,BV1EQK56xEZk,【杨博文｜音乐现场】｜《全世界陪我出发》4K直拍，考核第一的大C位实在太亮眼！,关键时刻来瓶尖叫,2026-07-16 20:29:02,427687,12547,3301,7421,5680,11152,8526,4
2026-08-15 20:00:07,bilibili.com/video/BV1M9ePzaELH/?spm_id_from=333.337.search-card.all.click,3,BV1M9ePzaELH,「杨博文｜卡拉永远OK」突发舞台事故？我怎么没看见,Astra_杨博文,2025-08-19 22:15:30,998159,15145,5136,10646,10727,762,705,7
2026-08-15 20:00:07,BV1s8BvBPEN5,4,BV1s8BvBPEN5,【杨博文｜4K舞台直拍】好运来祝你好运来～博文宝宝祝你新年好运来,关键时刻来瓶尖叫,2025-12-27 00:43:12,1913470,34824,16985,32282,18419,4332,4867,1
2026-08-15 20:00:07,https://www.bilibili.com/video/BV1jN64BKECs/?spm_id_from=333.337.search-card.all.click,5,BV1jN64BKECs,【杨博文｜4K直拍】跟着节奏一起《闭嘴跳舞》～,关键时刻来瓶尖叫,2026-02-01 20:20:32,1439949,26623,16050,22683,9892,2377,7181,1
2026-08-15 20:00:07,https://www.bilibili.com/video/BV1Lb6tBBEYC/?spm_id_from=333.1387.favlist.content.click&vd_source=bdf775a036c61c0159ac2f0c251aaeb7,6,BV1Lb6tBBEYC,【4K精剪】闭嘴跳舞 | 杨博文直拍 | 260201,underthepoplar,2026-02-02 00:00:55,356459,27404,14208,19295,9169,1837,3098,1
2026-08-15 20:00:07,https://www.bilibili.com/video/BV1mJ64BREZY/?spm_id_from=333.1387.favlist.content.click&vd_source=bdf775a036c61c0159ac2f0c251aaeb7,7,BV1mJ64BREZY,【杨博文】闭嘴跳舞丨当主舞穿上西装就会得到,Kismet丨杨博文,2026-02-01 18:31:00,620275,35112,4002,25446,7435,447,654,1
2026-08-15 20:00:07,https://www.bilibili.com/video/BV1XA6nBGEPV/?spm_id_from=333.1387.favlist.content.click,8,BV1XA6nBGEPV,【4K精剪】希区考克 作品152 | 杨博文直拍 | 260131,underthepoplar,2026-02-01 00:23:17,1941942,23785,22282,20030,19000,4013,6921,1
2026-08-15 20:00:07,https://www.bilibili.com/video/BV1JUK56tEh5/?spm_id_from=333.1387.favlist.content.click,9,BV1JUK56tEh5,【杨博文｜音乐现场】全程舒适！跟着标准答案出发不迷路｜《全世界陪我出发》4k横屏直拍,游园会_杨博文,2026-07-16 20:06:19,160410,8011,2376,3933,5073,1951,1799,1
2026-08-15 20:00:07,https://www.bilibili.com/video/BV1kFKG6pEPe/?spm_id_from=333.1387.favlist.content.click,10,BV1kFKG6pEPe,【杨博文】夏日运动会《全世界陪我出发》4K直拍,Eternity丨杨博文,2026-07-16 19:13:38,45045,5418,733,2937,2326,37,94,1
2026-08-15 20:00:07,BV1MGYnzrE9E,11,BV1MGYnzrE9E,杨博文跳 《Centuries》帅到窒息！！竖屏4K直拍,Kismet丨杨博文,2025-08-18 02:15:37,273677,12358,6778,7956,585,959,3381,1
2026-08-15 20:00:07,BV1TLYnzzEx9,12,BV1TLYnzzEx9,舞力全开！主舞大人爽飞全场 15岁少年「杨博文」尽情演绎《Go In Blind》,Astra_杨博文,2025-08-18 00:48:26,333931,9935,5869,8920,578,717,2604,1
2026-08-15 20:30:07,https://www.bilibili.com/video/BV1EGBCBmEo8/?spm_id_from=333.1387.favlist.content.click,0,BV1EGBCBmEo8,【杨博文｜4K高清直拍】魅魔级别的《Manta》舞台，看博文如何一yeah封神,关键时刻来瓶尖叫,2025-12-27 23:15:44,1018260,12642,9903,11498,12722,1101,2417,1
2026-08-15 20:30:07,https://www.bilibili.com/video/BV1A5vkB2E1k/?spm_id_from=333.1387.favlist.content.click,1,BV1A5vkB2E1k,【杨博文】Hey Mama六机位纯舞直拍丨15岁舞台统治者的诞生，四代主舞燃炸全场！,Kismet丨杨博文,2025-12-28 22:28:16,2795944,64545,45185,47264,24992,13616,21815,17
2026-08-15 20:30:07,https://www.bilibili.com/video/BV1EQK56xEZk/?spm_id_from=333.1387.favlist.content.click,2,BV1EQK56xEZk,【杨博文｜音乐现场】｜《全世界陪我出发》4K直拍，考核第一的大C位实在太亮眼！,关键时刻来瓶尖叫,2026-07-16 20:29:02,427710,12548,3301,7422,5680,11152,8526,1
2026-08-15 20:30:07,bilibili.com/video/BV1M9ePzaELH/?spm_id_from=333.337.search-card.all.click,3,BV1M9ePzaELH,「杨博文｜卡拉永远OK」突发舞台事故？我怎么没看见,Astra_杨博文,2025-08-19 22:15:30,998205,15147,5136,10647,10727,762,705,10
2026-08-15 20:30:07,BV1s8BvBPEN5,4,BV1s8BvBPEN5,【杨博文｜4K舞台直拍】好运来祝你好运来～博文宝宝祝你新年好运来,关键时刻来瓶尖叫,2025-12-27 00:43:12,1913475,34824,16985,32281,18425,4332,4867,1
2026-08-15 20:30:07,https://www.bilibili.com/video/BV1jN64BKECs/?spm_id_from=333.337.search-card.all.click,5,BV1jN64BKECs,【杨博文｜4K直拍】跟着节奏一起《闭嘴跳舞》～,关键时刻来瓶尖叫,2026-02-01 20:20:32,1439983,26627,16054,22684,9897,2377,7181,2
2026-08-15 20:30:07,https://www.bilibili.com/video/BV1Lb6tBBEYC/?spm_id_from=333.1387.favlist.content.click&vd_source=bdf775a036c61c0159ac2f0c251aaeb7,6,BV1Lb6tBBEYC,【4K精剪】闭嘴跳舞 | 杨博文直拍 | 260201,underthepoplar,2026-02-02 00:00:55,356471,27405,14210,19296,9175,1837,3098,2
2026-08-15 20:30:07,https://www.bilibili.com/video/BV1mJ64BREZY/?spm_id_from=333.1387.favlist.content.click&vd_source=bdf775a036c61c0159ac2f0c251aaeb7,7,BV1mJ64BREZY,【杨博文】闭嘴跳舞丨当主舞穿上西装就会得到,Kismet丨杨博文,2026-02-01 18:31:00,620278,35112,4002,25446,7440,447,654,1
2026-08-15 20:30:07,https://www.bilibili.com/video/BV1XA6nBGEPV/?spm_id_from=333.1387.favlist.content.click,8,BV1XA6nBGEPV,【4K精剪】希区考克 作品152 | 杨博文直拍 | 260131,underthepoplar,2026-02-01 00:23:17,1941959,23785,22282,20031,19000,4013,6921,1
2026-08-15 20:30:07,https://www.bilibili.com/video/BV1JUK56tEh5/?spm_id_from=333.1387.favlist.content.click,9,BV1JUK56tEh5,【杨博文｜音乐现场】全程舒适！跟着标准答案出发不迷路｜《全世界陪我出发》4k横屏直拍,游园会_杨博文,2026-07-16 20:06:19,160417,8011,2376,3933,5073,1951,1799,1
2026-08-15 20:30:07,https://www.bilibili.com/video/BV1kFKG6pEPe/?spm_id_from=333.1387.favlist.content.click,10,BV1kFKG6pEPe,【杨博文】夏日运动会《全世界陪我出发》4K直拍,Eternity丨杨博文,2026-07-16 19:13:38,45049,5419,733,2937,2326,37,94,1
2026-08-15 20:30:07,BV1MGYnzrE9E,11,BV1MGYnzrE9E,杨博文跳 《Centuries》帅到窒息！！竖屏4K直拍,Kismet丨杨博文,2025-08-18 02:15:37,273678,12358,6778,7956,585,959,3381,1
2026-08-15 20:30:07,BV1TLYnzzEx9,12,BV1TLYnzzEx9,舞力全开！主舞大人爽飞全场 15岁少年「杨博文」尽情演绎《Go In Blind》,Astra_杨博文,2025-08-18 00:48:26,333932,9935,5869,8920,578,717,2604,1
2026-08-15 21:00:06,https://www.bilibili.com/video/BV1EGBCBmEo8/?spm_id_from=333.1387.favlist.content.click,0,BV1EGBCBmEo8,【杨博文｜4K高清直拍】魅魔级别的《Manta》舞台，看博文如何一yeah封神,关键时刻来瓶尖叫,2025-12-27 23:15:44,1018272,12642,9903,11500,12722,1101,2417,1
2026-08-15 21:00:06,https://www.bilibili.com/video/BV1A5vkB2E1k/?spm_id_from=333.1387.favlist.content.click,1,BV1A5vkB2E1k,【杨博文】Hey Mama六机位纯舞直拍丨15岁舞台统治者的诞生，四代主舞燃炸全场！,Kismet丨杨博文,2025-12-28 22:28:16,2796013,64553,45191,47279,25000,13618,21815,16
2026-08-15 21:00:06,https://www.bilibili.com/video/BV1EQK56xEZk/?spm_id_from=333.1387.favlist.content.click,2,BV1EQK56xEZk,【杨博文｜音乐现场】｜《全世界陪我出发》4K直拍，考核第一的大C位实在太亮眼！,关键时刻来瓶尖叫,2026-07-16 20:29:02,427746,12548,3301,7422,5680,11152,8526,2
2026-08-15 21:00:06,bilibili.com/video/BV1M9ePzaELH/?spm_id_from=333.337.search-card.all.click,3,BV1M9ePzaELH,「杨博文｜卡拉永远OK」突发舞台事故？我怎么没看见,Astra_杨博文,2025-08-19 22:15:30,998254,15147,5136,10648,10727,763,704,7
2026-08-15 21:00:06,BV1s8BvBPEN5,4,BV1s8BvBPEN5,【杨博文｜4K舞台直拍】好运来祝你好运来～博文宝宝祝你新年好运来,关键时刻来瓶尖叫,2025-12-27 00:43:12,1913483,34824,16985,32282,18432,4332,4867,1
2026-08-15 21:00:06,https://www.bilibili.com/video/BV1jN64BKECs/?spm_id_from=333.337.search-card.all.click,5,BV1jN64BKECs,【杨博文｜4K直拍】跟着节奏一起《闭嘴跳舞》～,关键时刻来瓶尖叫,2026-02-01 20:20:32,1440015,26628,16055,22686,9905,2377,7181,1
2026-08-15 21:00:06,https://www.bilibili.com/video/BV1Lb6tBBEYC/?spm_id_from=333.1387.favlist.content.click&vd_source=bdf775a036c61c0159ac2f0c251aaeb7,6,BV1Lb6tBBEYC,【4K精剪】闭嘴跳舞 | 杨博文直拍 | 260201,underthepoplar,2026-02-02 00:00:55,356493,27408,14210,19298,9182,1837,3098,1
2026-08-15 21:00:06,https://www.bilibili.com/video/BV1mJ64BREZY/?spm_id_from=333.1387.favlist.content.click&vd_source=bdf775a036c61c0159ac2f0c251aaeb7,7,BV1mJ64BREZY,【杨博文】闭嘴跳舞丨当主舞穿上西装就会得到,Kismet丨杨博文,2026-02-01 18:31:00,620281,35112,4002,25446,7447,447,654,1
2026-08-15 21:00:06,https://www.bilibili.com/video/BV1XA6nBGEPV/?spm_id_from=333.1387.favlist.content.click,8,BV1XA6nBGEPV,【4K精剪】希区考克 作品152 | 杨博文直拍 | 260131,underthepoplar,2026-02-01 00:23:17,1941987,23787,22282,20031,19000,4013,6921,1
2026-08-15 21:00:06,https://www.bilibili.com/video/BV1JUK56tEh5/?spm_id_from=333.1387.favlist.content.click,9,BV1JUK56tEh5,【杨博文｜音乐现场】全程舒适！跟着标准答案出发不迷路｜《全世界陪我出发》4k横屏直拍,游园会_杨博文,2026-07-16 20:06:19,160427,8013,2376,3934,5073,1951,1799,1
2026-08-15 21:00:06,https://www.bilibili.com/video/BV1kFKG6pEPe/?spm_id_from=333.1387.favlist.content.click,10,BV1kFKG6pEPe,【杨博文】夏日运动会《全世界陪我出发》4K直拍,Eternity丨杨博文,2026-07-16 19:13:38,45057,5420,733,2938,2326,37,94,1
2026-08-15 21:00:06,BV1MGYnzrE9E,11,BV1MGYnzrE9E,杨博文跳 《Centuries》帅到窒息！！竖屏4K直拍,Kismet丨杨博文,2025-08-18 02:15:37,273679,12359,6778,7957,585,959,3381,1
2026-08-15 21:00:06,BV1TLYnzzEx9,12,BV1TLYnzzEx9,舞力全开！主舞大人爽飞全场 15岁少年「杨博文」尽情演绎《Go In Blind》,Astra_杨博文,2025-08-18 00:48:26,333932,9936,5869,8920,578,717,2604,1
2026-08-15 21:30:06,https://www.bilibili.com/video/BV1EGBCBmEo8/?spm_id_from=333.1387.favlist.content.click,0,BV1EGBCBmEo8,【杨博文｜4K高清直拍】魅魔级别的《Manta》舞台，看博文如何一yeah封神,关键时刻来瓶尖叫,2025-12-27 23:15:44,1018278,12642,9903,11500,12722,1101,2417,1
2026-08-15 21:30:06,https://www.bilibili.com/video/BV1A5vkB2E1k/?spm_id_from=333.1387.favlist.content.click,1,BV1A5vkB2E1k,【杨博文】Hey Mama六机位纯舞直拍丨15岁舞台统治者的诞生，四代主舞燃炸全场！,Kismet丨杨博文,2025-12-28 22:28:16,2796082,64557,45193,47287,25009,13620,21815,16
2026-08-15 21:30:06,https://www.bilibili.com/video/BV1EQK56xEZk/?spm_id_from=333.1387.favlist.content.click,2,BV1EQK56xEZk,【杨博文｜音乐现场】｜《全世界陪我出发》4K直拍，考核第一的大C位实在太亮眼！,关键时刻来瓶尖叫,2026-07-16 20:29:02,427783,12549,3301,7423,5680,11152,8526,2
2026-08-15 21:30:06,bilibili.com/video/BV1M9ePzaELH/?spm_id_from=333.337.search-card.all.click,3,BV1M9ePzaELH,「杨博文｜卡拉永远OK」突发舞台事故？我怎么没看见,Astra_杨博文,2025-08-19 22:15:30,998301,15149,5140,10651,10727,763,704,12
2026-08-15 21:30:06,BV1s8BvBPEN5,4,BV1s8BvBPEN5,【杨博文｜4K舞台直拍】好运来祝你好运来～博文宝宝祝你新年好运来,关键时刻来瓶尖叫,2025-12-27 00:43:12,1913494,34825,16985,32283,18441,4332,4867,1
2026-08-15 21:30:06,https://www.bilibili.com/video/BV1jN64BKECs/?spm_id_from=333.337.search-card.all.click,5,BV1jN64BKECs,【杨博文｜4K直拍】跟着节奏一起《闭嘴跳舞》～,关键时刻来瓶尖叫,2026-02-01 20:20:32,1440036,26631,16055,22687,9912,2377,7181,1
2026-08-15 21:30:06,https://www.bilibili.com/video/BV1Lb6tBBEYC/?spm_id_from=333.1387.favlist.content.click&vd_source=bdf775a036c61c0159ac2f0c251aaeb7,6,BV1Lb6tBBEYC,【4K精剪】闭嘴跳舞 | 杨博文直拍 | 260201,underthepoplar,2026-02-02 00:00:55,356513,27411,14213,19299,9191,1837,3098,1
2026-08-15 21:30:06,https://www.bilibili.com/video/BV1mJ64BREZY/?spm_id_from=333.1387.favlist.content.click&vd_source=bdf775a036c61c0159ac2f0c251aaeb7,7,BV1mJ64BREZY,【杨博文】闭嘴跳舞丨当主舞穿上西装就会得到,Kismet丨杨博文,2026-02-01 18:31:00,620284,35113,4004,25447,7456,447,654,1
2026-08-15 21:30:06,https://www.bilibili.com/video/BV1XA6nBGEPV/?spm_id_from=333.1387.favlist.content.click,8,BV1XA6nBGEPV,【4K精剪】希区考克 作品152 | 杨博文直拍 | 260131,underthepoplar,2026-02-01 00:23:17,1942017,23789,22283,20031,19000,4013,6921,1
2026-08-15 21:30:06,https://www.bilibili.com/video/BV1JUK56tEh5/?spm_id_from=333.1387.favlist.content.click,9,BV1JUK56tEh5,【杨博文｜音乐现场】全程舒适！跟着标准答案出发不迷路｜《全世界陪我出发》4k横屏直拍,游园会_杨博文,2026-07-16 20:06:19,160437,8015,2376,3935,5073,1951,1799,1
2026-08-15 21:30:06,https://www.bilibili.com/video/BV1kFKG6pEPe/?spm_id_from=333.1387.favlist.content.click,10,BV1kFKG6pEPe,【杨博文】夏日运动会《全世界陪我出发》4K直拍,Eternity丨杨博文,2026-07-16 19:13:38,45059,5420,733,2938,2326,37,94,1
2026-08-15 21:30:06,BV1MGYnzrE9E,11,BV1MGYnzrE9E,杨博文跳 《Centuries》帅到窒息！！竖屏4K直拍,Kismet丨杨博文,2025-08-18 02:15:37,273679,12359,6778,7957,585,959,3381,1
2026-08-15 21:30:06,BV1TLYnzzEx9,12,BV1TLYnzzEx9,舞力全开！主舞大人爽飞全场 15岁少年「杨博文」尽情演绎《Go In Blind》,Astra_杨博文,2025-08-18 00:48:26,333933,9936,5869,8920,578,717,2604,1
2026-08-15 22:00:05,https://www.bilibili.com/video/BV1EGBCBmEo8/?spm_id_from=333.1387.favlist.content.click,0,BV1EGBCBmEo8,【杨博文｜4K高清直拍】魅魔级别的《Manta》舞台，看博文如何一yeah封神,关键时刻来瓶尖叫,2025-12-27 23:15:44,1018286,12643,9903,11500,12722,1101,2417,1
2026-08-15 22:00:05,https://www.bilibili.com/video/BV1A5vkB2E1k/?spm_id_from=333.1387.favlist.content.click,1,BV1A5vkB2E1k,【杨博文】Hey Mama六机位纯舞直拍丨15岁舞台统治者的诞生，四代主舞燃炸全场！,Kismet丨杨博文,2025-12-28 22:28:16,2796156,64569,45207,47298,25016,13623,21822,16
2026-08-15 22:00:05,https://www.bilibili.com/video/BV1EQK56xEZk/?spm_id_from=333.1387.favlist.content.click,2,BV1EQK56xEZk,【杨博文｜音乐现场】｜《全世界陪我出发》4K直拍，考核第一的大C位实在太亮眼！,关键时刻来瓶尖叫,2026-07-16 20:29:02,427821,12552,3303,7425,5680,11152,8526,1
2026-08-15 22:00:05,bilibili.com/video/BV1M9ePzaELH/?spm_id_from=333.337.search-card.all.click,3,BV1M9ePzaELH,「杨博文｜卡拉永远OK」突发舞台事故？我怎么没看见,Astra_杨博文,2025-08-19 22:15:30,998345,15150,5144,10652,10727,763,704,7
2026-08-15 22:00:05,BV1s8BvBPEN5,4,BV1s8BvBPEN5,【杨博文｜4K舞台直拍】好运来祝你好运来～博文宝宝祝你新年好运来,关键时刻来瓶尖叫,2025-12-27 00:43:12,1913516,34826,16985,32286,18448,4332,4867,1
2026-08-15 22:00:05,https://www.bilibili.com/video/BV1jN64BKECs/?spm_id_from=333.337.search-card.all.click,5,BV1jN64BKECs,【杨博文｜4K直拍】跟着节奏一起《闭嘴跳舞》～,关键时刻来瓶尖叫,2026-02-01 20:20:32,1440060,26634,16057,22692,9921,2377,7181,1
2026-08-15 22:00:05,https://www.bilibili.com/video/BV1Lb6tBBEYC/?spm_id_from=333.1387.favlist.content.click&vd_source=bdf775a036c61c0159ac2f0c251aaeb7,6,BV1Lb6tBBEYC,【4K精剪】闭嘴跳舞 | 杨博文直拍 | 260201,underthepoplar,2026-02-02 00:00:55,356542,27414,14215,19302,9198,1837,3101,1
2026-08-15 22:00:05,https://www.bilibili.com/video/BV1mJ64BREZY/?spm_id_from=333.1387.favlist.content.click&vd_source=bdf775a036c61c0159ac2f0c251aaeb7,7,BV1mJ64BREZY,【杨博文】闭嘴跳舞丨当主舞穿上西装就会得到,Kismet丨杨博文,2026-02-01 18:31:00,620284,35113,4004,25446,7463,447,654,1
2026-08-15 22:00:05,https://www.bilibili.com/video/BV1XA6nBGEPV/?spm_id_from=333.1387.favlist.content.click,8,BV1XA6nBGEPV,【4K精剪】希区考克 作品152 | 杨博文直拍 | 260131,underthepoplar,2026-02-01 00:23:17,1942051,23793,22287,20035,19000,4014,6927,2
2026-08-15 22:00:05,https://www.bilibili.com/video/BV1JUK56tEh5/?spm_id_from=333.1387.favlist.content.click,9,BV1JUK56tEh5,【杨博文｜音乐现场】全程舒适！跟着标准答案出发不迷路｜《全世界陪我出发》4k横屏直拍,游园会_杨博文,2026-07-16 20:06:19,160448,8017,2378,3934,5073,1951,1799,1
2026-08-15 22:00:05,https://www.bilibili.com/video/BV1kFKG6pEPe/?spm_id_from=333.1387.favlist.content.click,10,BV1kFKG6pEPe,【杨博文】夏日运动会《全世界陪我出发》4K直拍,Eternity丨杨博文,2026-07-16 19:13:38,45062,5422,733,2939,2326,37,94,1
2026-08-15 22:00:05,BV1MGYnzrE9E,11,BV1MGYnzrE9E,杨博文跳 《Centuries》帅到窒息！！竖屏4K直拍,Kismet丨杨博文,2025-08-18 02:15:37,273679,12359,6778,7957,585,959,3381,1
2026-08-15 22:00:05,BV1TLYnzzEx9,12,BV1TLYnzzEx9,舞力全开！主舞大人爽飞全场 15岁少年「杨博文」尽情演绎《Go In Blind》,Astra_杨博文,2025-08-18 00:48:26,333934,9936,5869,8920,578,717,2604,1
2026-08-15 22:30:05,https://www.bilibili.com/video/BV1EGBCBmEo8/?spm_id_from=333.1387.favlist.content.click,0,BV1EGBCBmEo8,【杨博文｜4K高清直拍】魅魔级别的《Manta》舞台，看博文如何一yeah封神,关键时刻来瓶尖叫,2025-12-27 23:15:44,1018296,12643,9903,11500,12722,1101,2417,1
2026-08-15 22:30:05,https://www.bilibili.com/video/BV1A5vkB2E1k/?spm_id_from=333.1387.favlist.content.click,1,BV1A5vkB2E1k,【杨博文】Hey Mama六机位纯舞直拍丨15岁舞台统治者的诞生，四代主舞燃炸全场！,Kismet丨杨博文,2025-12-28 22:28:16,2796209,64576,45213,47307,25021,13623,21824,13
2026-08-15 22:30:05,https://www.bilibili.com/video/BV1EQK56xEZk/?spm_id_from=333.1387.favlist.content.click,2,BV1EQK56xEZk,【杨博文｜音乐现场】｜《全世界陪我出发》4K直拍，考核第一的大C位实在太亮眼！,关键时刻来瓶尖叫,2026-07-16 20:29:02,427841,12552,3304,7425,5680,11152,8526,1
2026-08-15 22:30:05,bilibili.com/video/BV1M9ePzaELH/?spm_id_from=333.337.search-card.all.click,3,BV1M9ePzaELH,「杨博文｜卡拉永远OK」突发舞台事故？我怎么没看见,Astra_杨博文,2025-08-19 22:15:30,998394,15151,5144,10651,10727,763,707,10
2026-08-15 22:30:05,BV1s8BvBPEN5,4,BV1s8BvBPEN5,【杨博文｜4K舞台直拍】好运来祝你好运来～博文宝宝祝你新年好运来,关键时刻来瓶尖叫,2025-12-27 00:43:12,1913526,34827,16986,32288,18454,4332,4867,1
2026-08-15 22:30:05,https://www.bilibili.com/video/BV1jN64BKECs/?spm_id_from=333.337.search-card.all.click,5,BV1jN64BKECs,【杨博文｜4K直拍】跟着节奏一起《闭嘴跳舞》～,关键时刻来瓶尖叫,2026-02-01 20:20:32,1440080,26636,16058,22694,9926,2377,7181,1
2026-08-15 22:30:05,https://www.bilibili.com/video/BV1Lb6tBBEYC/?spm_id_from=333.1387.favlist.content.click&vd_source=bdf775a036c61c0159ac2f0c251aaeb7,6,BV1Lb6tBBEYC,【4K精剪】闭嘴跳舞 | 杨博文直拍 | 260201,underthepoplar,2026-02-02 00:00:55,356559,27417,14219,19302,9203,1837,3101,1
2026-08-15 22:30:05,https://www.bilibili.com/video/BV1mJ64BREZY/?spm_id_from=333.1387.favlist.content.click&vd_source=bdf775a036c61c0159ac2f0c251aaeb7,7,BV1mJ64BREZY,【杨博文】闭嘴跳舞丨当主舞穿上西装就会得到,Kismet丨杨博文,2026-02-01 18:31:00,620289,35114,4004,25445,7469,447,654,1
2026-08-15 22:30:05,https://www.bilibili.com/video/BV1XA6nBGEPV/?spm_id_from=333.1387.favlist.content.click,8,BV1XA6nBGEPV,【4K精剪】希区考克 作品152 | 杨博文直拍 | 260131,underthepoplar,2026-02-01 00:23:17,1942072,23795,22288,20037,19000,4014,6927,1
2026-08-15 22:30:05,https://www.bilibili.com/video/BV1JUK56tEh5/?spm_id_from=333.1387.favlist.content.click,9,BV1JUK56tEh5,【杨博文｜音乐现场】全程舒适！跟着标准答案出发不迷路｜《全世界陪我出发》4k横屏直拍,游园会_杨博文,2026-07-16 20:06:19,160458,8019,2378,3934,5073,1951,1799,1
2026-08-15 22:30:05,https://www.bilibili.com/video/BV1kFKG6pEPe/?spm_id_from=333.1387.favlist.content.click,10,BV1kFKG6pEPe,【杨博文】夏日运动会《全世界陪我出发》4K直拍,Eternity丨杨博文,2026-07-16 19:13:38,45063,5422,733,2939,2326,37,94,1
2026-08-15 22:30:05,BV1MGYnzrE9E,11,BV1MGYnzrE9E,杨博文跳 《Centuries》帅到窒息！！竖屏4K直拍,Kismet丨杨博文,2025-08-18 02:15:37,273679,12359,6778,7957,585,959,3381,1
2026-08-15 22:30:05,BV1TLYnzzEx9,12,BV1TLYnzzEx9,舞力全开！主舞大人爽飞全场 15岁少年「杨博文」尽情演绎《Go In Blind》,Astra_杨博文,2025-08-18 00:48:26,333936,9936,5869,8920,578,717,2604,1
2026-08-15 23:00:04,https://www.bilibili.com/video/BV1EGBCBmEo8/?spm_id_from=333.1387.favlist.content.click,0,BV1EGBCBmEo8,【杨博文｜4K高清直拍】魅魔级别的《Manta》舞台，看博文如何一yeah封神,关键时刻来瓶尖叫,2025-12-27 23:15:44,1018303,12643,9903,11500,12722,1101,2417,1
2026-08-15 23:00:04,https://www.bilibili.com/video/BV1A5vkB2E1k/?spm_id_from=333.1387.favlist.content.click,1,BV1A5vkB2E1k,【杨博文】Hey Mama六机位纯舞直拍丨15岁舞台统治者的诞生，四代主舞燃炸全场！,Kismet丨杨博文,2025-12-28 22:28:16,2796256,64581,45213,47314,25022,13624,21825,14
2026-08-15 23:00:04,https://www.bilibili.com/video/BV1EQK56xEZk/?spm_id_from=333.1387.favlist.content.click,2,BV1EQK56xEZk,【杨博文｜音乐现场】｜《全世界陪我出发》4K直拍，考核第一的大C位实在太亮眼！,关键时刻来瓶尖叫,2026-07-16 20:29:02,427864,12554,3306,7426,5680,11152,8526,1
2026-08-15 23:00:04,bilibili.com/video/BV1M9ePzaELH/?spm_id_from=333.337.search-card.all.click,3,BV1M9ePzaELH,「杨博文｜卡拉永远OK」突发舞台事故？我怎么没看见,Astra_杨博文,2025-08-19 22:15:30,998442,15153,5144,10652,10727,764,707,11
2026-08-15 23:00:04,BV1s8BvBPEN5,4,BV1s8BvBPEN5,【杨博文｜4K舞台直拍】好运来祝你好运来～博文宝宝祝你新年好运来,关键时刻来瓶尖叫,2025-12-27 00:43:12,1913537,34828,16988,32290,18455,4332,4867,1
2026-08-15 23:00:04,https://www.bilibili.com/video/BV1jN64BKECs/?spm_id_from=333.337.search-card.all.click,5,BV1jN64BKECs,【杨博文｜4K直拍】跟着节奏一起《闭嘴跳舞》～,关键时刻来瓶尖叫,2026-02-01 20:20:32,1440102,26637,16062,22694,9927,2377,7181,2
2026-08-15 23:00:04,https://www.bilibili.com/video/BV1Lb6tBBEYC/?spm_id_from=333.1387.favlist.content.click&vd_source=bdf775a036c61c0159ac2f0c251aaeb7,6,BV1Lb6tBBEYC,【4K精剪】闭嘴跳舞 | 杨博文直拍 | 260201,underthepoplar,2026-02-02 00:00:55,356585,27418,14219,19303,9204,1837,3101,2
2026-08-15 23:00:04,https://www.bilibili.com/video/BV1mJ64BREZY/?spm_id_from=333.1387.favlist.content.click&vd_source=bdf775a036c61c0159ac2f0c251aaeb7,7,BV1mJ64BREZY,【杨博文】闭嘴跳舞丨当主舞穿上西装就会得到,Kismet丨杨博文,2026-02-01 18:31:00,620296,35114,4004,25445,7470,447,654,1
2026-08-15 23:00:04,https://www.bilibili.com/video/BV1XA6nBGEPV/?spm_id_from=333.1387.favlist.content.click,8,BV1XA6nBGEPV,【4K精剪】希区考克 作品152 | 杨博文直拍 | 260131,underthepoplar,2026-02-01 00:23:17,1942100,23796,22290,20036,19000,4014,6927,3
2026-08-15 23:00:04,https://www.bilibili.com/video/BV1JUK56tEh5/?spm_id_from=333.1387.favlist.content.click,9,BV1JUK56tEh5,【杨博文｜音乐现场】全程舒适！跟着标准答案出发不迷路｜《全世界陪我出发》4k横屏直拍,游园会_杨博文,2026-07-16 20:06:19,160463,8020,2378,3934,5073,1951,1799,1
2026-08-15 23:00:04,https://www.bilibili.com/video/BV1kFKG6pEPe/?spm_id_from=333.1387.favlist.content.click,10,BV1kFKG6pEPe,【杨博文】夏日运动会《全世界陪我出发》4K直拍,Eternity丨杨博文,2026-07-16 19:13:38,45067,5422,733,2939,2326,37,94,1
2026-08-15 23:00:04,BV1MGYnzrE9E,11,BV1MGYnzrE9E,杨博文跳 《Centuries》帅到窒息！！竖屏4K直拍,Kismet丨杨博文,2025-08-18 02:15:37,273680,12359,6778,7957,585,959,3381,1
2026-08-15 23:00:04,BV1TLYnzzEx9,12,BV1TLYnzzEx9,舞力全开！主舞大人爽飞全场 15岁少年「杨博文」尽情演绎《Go In Blind》,Astra_杨博文,2025-08-18 00:48:26,333936,9936,5869,8920,578,717,2604,1
2026-08-15 23:30:06,https://www.bilibili.com/video/BV1EGBCBmEo8/?spm_id_from=333.1387.favlist.content.click,0,BV1EGBCBmEo8,【杨博文｜4K高清直拍】魅魔级别的《Manta》舞台，看博文如何一yeah封神,关键时刻来瓶尖叫,2025-12-27 23:15:44,1018312,12643,9903,11501,12722,1101,2417,1
2026-08-15 23:30:06,https://www.bilibili.com/video/BV1A5vkB2E1k/?spm_id_from=333.1387.favlist.content.click,1,BV1A5vkB2E1k,【杨博文】Hey Mama六机位纯舞直拍丨15岁舞台统治者的诞生，四代主舞燃炸全场！,Kismet丨杨博文,2025-12-28 22:28:16,2796313,64585,45215,47316,25024,13624,21828,11
2026-08-15 23:30:06,https://www.bilibili.com/video/BV1EQK56xEZk/?spm_id_from=333.1387.favlist.content.click,2,BV1EQK56xEZk,【杨博文｜音乐现场】｜《全世界陪我出发》4K直拍，考核第一的大C位实在太亮眼！,关键时刻来瓶尖叫,2026-07-16 20:29:02,427887,12557,3308,7425,5680,11152,8526,1
2026-08-15 23:30:06,bilibili.com/video/BV1M9ePzaELH/?spm_id_from=333.337.search-card.all.click,3,BV1M9ePzaELH,「杨博文｜卡拉永远OK」突发舞台事故？我怎么没看见,Astra_杨博文,2025-08-19 22:15:30,998487,15154,5144,10653,10727,764,707,8
2026-08-15 23:30:06,BV1s8BvBPEN5,4,BV1s8BvBPEN5,【杨博文｜4K舞台直拍】好运来祝你好运来～博文宝宝祝你新年好运来,关键时刻来瓶尖叫,2025-12-27 00:43:12,1913545,34829,16988,32291,18457,4332,4867,1
2026-08-15 23:30:06,https://www.bilibili.com/video/BV1jN64BKECs/?spm_id_from=333.337.search-card.all.click,5,BV1jN64BKECs,【杨博文｜4K直拍】跟着节奏一起《闭嘴跳舞》～,关键时刻来瓶尖叫,2026-02-01 20:20:32,1440120,26640,16063,22698,9929,2377,7181,2
2026-08-15 23:30:06,https://www.bilibili.com/video/BV1Lb6tBBEYC/?spm_id_from=333.1387.favlist.content.click&vd_source=bdf775a036c61c0159ac2f0c251aaeb7,6,BV1Lb6tBBEYC,【4K精剪】闭嘴跳舞 | 杨博文直拍 | 260201,underthepoplar,2026-02-02 00:00:55,356600,27421,14220,19304,9206,1837,3101,3
2026-08-15 23:30:06,https://www.bilibili.com/video/BV1mJ64BREZY/?spm_id_from=333.1387.favlist.content.click&vd_source=bdf775a036c61c0159ac2f0c251aaeb7,7,BV1mJ64BREZY,【杨博文】闭嘴跳舞丨当主舞穿上西装就会得到,Kismet丨杨博文,2026-02-01 18:31:00,620301,35116,4008,25446,7472,447,654,1
2026-08-15 23:30:06,https://www.bilibili.com/video/BV1XA6nBGEPV/?spm_id_from=333.1387.favlist.content.click,8,BV1XA6nBGEPV,【4K精剪】希区考克 作品152 | 杨博文直拍 | 260131,underthepoplar,2026-02-01 00:23:17,1942115,23797,22290,20037,19000,4014,6927,1
2026-08-15 23:30:06,https://www.bilibili.com/video/BV1JUK56tEh5/?spm_id_from=333.1387.favlist.content.click,9,BV1JUK56tEh5,【杨博文｜音乐现场】全程舒适！跟着标准答案出发不迷路｜《全世界陪我出发》4k横屏直拍,游园会_杨博文,2026-07-16 20:06:19,160467,8021,2378,3934,5073,1951,1799,1
2026-08-15 23:30:06,https://www.bilibili.com/video/BV1kFKG6pEPe/?spm_id_from=333.1387.favlist.content.click,10,BV1kFKG6pEPe,【杨博文】夏日运动会《全世界陪我出发》4K直拍,Eternity丨杨博文,2026-07-16 19:13:38,45068,5422,733,2939,2326,37,94,1
2026-08-15 23:30:06,BV1MGYnzrE9E,11,BV1MGYnzrE9E,杨博文跳 《Centuries》帅到窒息！！竖屏4K直拍,Kismet丨杨博文,2025-08-18 02:15:37,273680,12360,6778,7957,585,959,3381,1
2026-08-15 23:30:06,BV1TLYnzzEx9,12,BV1TLYnzzEx9,舞力全开！主舞大人爽飞全场 15岁少年「杨博文」尽情演绎《Go In Blind》,Astra_杨博文,2025-08-18 00:48:26,333937,9937,5869,8921,578,717,2604,1
