采集时间,输入,原始顺序,BV号,标题,UP主,上传时间,总播放量,点赞数,投币数,收藏数,转发数,评论数,弹幕数,在线人数
2026-07-10 00:04:58,https://www.bilibili.com/video/BV1A5vkB2E1k/?spm_id_from=333.1387.favlist.content.click&vd_source=bdf775a036c61c0159ac2f0c251aaeb7,0,BV1A5vkB2E1k,【杨博文】Hey Mama六机位纯舞直拍丨15岁舞台统治者的诞生，四代主舞燃炸全场！,Kismet丨杨博文,2025-12-28 22:28:16,2490047,60862,43026,44222,13036,13455,20539,1
2026-07-10 00:04:58,https://www.bilibili.com/video/BV1XA6nBGEPV/?spm_id_from=333.1387.favlist.content.click&vd_source=bdf775a036c61c0159ac2f0c251aaeb7,1,BV1XA6nBGEPV,【4K精剪】希区考克 作品152 | 杨博文直拍 | 260131,underthepoplar,2026-02-01 00:23:17,1921449,22368,21464,19193,9082,3977,6798,1
2026-07-10 00:04:58,https://www.bilibili.com/video/BV15r61BWESJ/?spm_id_from=333.1387.favlist.content.click&vd_source=bdf775a036c61c0159ac2f0c251aaeb7,2,BV15r61BWESJ,【杨博文】希区考克作品152丨双机位直拍 悬疑与张力碰撞 表管拉满 少年锋芒,Kismet丨杨博文,2026-01-31 18:27:40,541660,18511,10860,15608,931,1082,1224,1
2026-07-10 00:04:58,https://www.bilibili.com/video/BV19y61BnEMM/?spm_id_from=333.1387.favlist.content.click&vd_source=bdf775a036c61c0159ac2f0c251aaeb7,3,BV19y61BnEMM,【杨博文】就这个踢腿爽之 连每一根头发丝都在劲舞｜希区考克 作品152 4k双机位横屏直拍,游园会_杨博文,2026-01-31 18:31:31,418068,14862,9602,12582,1176,1513,2299,1
2026-07-10 00:04:58,https://www.bilibili.com/video/BV1M9ePzaELH/?spm_id_from=333.1387.favlist.content.click&vd_source=bdf775a036c61c0159ac2f0c251aaeb7,4,BV1M9ePzaELH,「杨博文｜卡拉永远OK」突发舞台事故？我怎么没看见,Astra_杨博文,2025-08-19 22:15:30,808657,14298,4537,9567,6466,614,516,1
2026-07-10 00:04:58,https://www.bilibili.com/video/BV1pV9GB6E96/?spm_id_from=333.1387.favlist.content.click&vd_source=bdf775a036c61c0159ac2f0c251aaeb7,5,BV1pV9GB6E96,【4K精剪】Guilty | 杨博文直拍 | 250119,underthepoplar,2026-04-01 02:23:39,49744,9087,2969,5360,241,202,204,1
2026-07-10 00:04:58,https://www.bilibili.com/video/BV1vFwNeKER9/?spm_id_from=333.1387.favlist.content.click&vd_source=bdf775a036c61c0159ac2f0c251aaeb7,6,BV1vFwNeKER9,【杨博文】guilty 4k横屏直拍｜夺命34秒，谁都无法拒绝的Legend级别，建议调大音量食用更加,游园会_杨博文,2025-01-18 22:02:36,263527,16474,8046,14264,1084,850,3091,1
2026-07-10 00:04:58,https://www.bilibili.com/video/BV1MGYnzrE9E/?spm_id_from=333.1387.favlist.content.click&vd_source=bdf775a036c61c0159ac2f0c251aaeb7,7,BV1MGYnzrE9E,杨博文跳 《Centuries》帅到窒息！！竖屏4K直拍,Kismet丨杨博文,2025-08-18 02:15:37,263774,12065,6643,7813,563,950,3369,1
2026-07-10 00:04:58,https://www.bilibili.com/video/BV1DZvDBEEjv/?spm_id_from=333.1387.favlist.content.click&vd_source=bdf775a036c61c0159ac2f0c251aaeb7,8,BV1DZvDBEEjv,终于找到了治愈我每一天的秘方 当你一开嗓 哪怕是夕阳也格外绚烂 ｜【杨博文】黄昏晓4k横屏直拍,游园会_杨博文,2026-01-01 20:53:32,24021,4090,712,2664,35,44,178,1
2026-07-10 00:04:58,https://www.bilibili.com/video/BV1owvqBJEkn/?spm_id_from=333.1387.favlist.content.click&vd_source=bdf775a036c61c0159ac2f0c251aaeb7,9,BV1owvqBJEkn,【杨博文｜黄昏晓】 4K直拍,羊圈主,2025-12-28 00:28:04,18062,4365,1028,1653,70,88,256,1
2026-07-10 00:04:58,https://www.bilibili.com/video/BV1eqY6e1Eec/?spm_id_from=333.1387.favlist.content.click&vd_source=bdf775a036c61c0159ac2f0c251aaeb7,10,BV1eqY6e1Eec,【TF家族-杨博文】蔡依林男粉！？你的杨会扭儿上线｜《看我72变》4K直拍,LOST-杨博文,2024-08-13 05:57:43,99720,10020,1639,5639,430,102,321,1
2026-07-10 00:04:58,https://www.bilibili.com/video/BV1r9BeBZEMu/?spm_id_from=333.1387.favlist.content.click&vd_source=bdf775a036c61c0159ac2f0c251aaeb7,11,BV1r9BeBZEMu,【杨博文｜4K舞台直拍】《爱要坦荡荡》，四代主唱贝斯手玩转乐队，好青春洋溢,关键时刻来瓶尖叫,2025-12-27 00:55:22,36210,4774,745,3177,51,52,64,1
2026-07-10 00:04:58,https://www.bilibili.com/video/BV1Lb6tBBEYC/?spm_id_from=333.1387.favlist.content.click&vd_source=bdf775a036c61c0159ac2f0c251aaeb7,12,BV1Lb6tBBEYC,【4K精剪】闭嘴跳舞 | 杨博文直拍 | 260201,underthepoplar,2026-02-02 00:00:55,270194,21967,13175,16005,1893,1671,2815,2
2026-07-10 00:04:58,https://www.bilibili.com/video/BV1mJ64BREZY/?spm_id_from=333.1387.favlist.content.click&vd_source=bdf775a036c61c0159ac2f0c251aaeb7,13,BV1mJ64BREZY,【杨博文】闭嘴跳舞丨当主舞穿上西装就会得到,Kismet丨杨博文,2026-02-01 18:31:00,512499,32110,3541,23095,180,100,425,1
2026-07-10 00:04:58,https://www.bilibili.com/video/BV15M64BPEVo/?spm_id_from=333.1387.favlist.content.click&vd_source=bdf775a036c61c0159ac2f0c251aaeb7,14,BV15M64BPEVo,【杨博文】舞步是我最有力的武器 请调动所有感官和我一同所向披靡｜闭嘴跳舞4k横屏双机位直拍,游园会_杨博文,2026-02-01 20:09:30,51967,7842,1412,4998,56,38,157,1
2026-07-10 00:04:58,https://www.bilibili.com/video/BV1fWYqzTECD/?spm_id_from=333.1387.favlist.content.click&vd_source=bdf775a036c61c0159ac2f0c251aaeb7,15,BV1fWYqzTECD,绝美堕天使下凡了……｜杨博文｜deja vu 4K直拍,WIX99,2025-08-16 22:18:21,13669,2052,584,892,68,44,115,1
2026-07-10 00:04:58,https://www.bilibili.com/video/BV1Bem3B1EcH/?spm_id_from=333.1387.favlist.content.click&vd_source=bdf775a036c61c0159ac2f0c251aaeb7,16,BV1Bem3B1EcH,【杨博文｜4K舞台直拍】怎么黑衣的《Deja vu》也让人看的停不下来呢,关键时刻来瓶尖叫,2025-12-12 21:30:00,12459,1405,159,1249,19,7,1,1
2026-07-10 00:04:58,https://www.bilibili.com/video/BV11kZyByE81/?spm_id_from=333.1387.favlist.content.click&vd_source=bdf775a036c61c0159ac2f0c251aaeb7,17,BV11kZyByE81,【4K精剪】Deja Vu | 杨博文直拍 | 250816 & 250817,underthepoplar,2026-02-17 20:22:24,48726,7234,3142,3431,375,231,207,1
2026-07-10 00:04:58,https://www.bilibili.com/video/BV1J7Awz8EUZ/?spm_id_from=333.1387.favlist.content.click&vd_source=bdf775a036c61c0159ac2f0c251aaeb7,18,BV1J7Awz8EUZ,自测鸡蛋果,喜欢吃鸡蛋果,2026-03-21 16:17:31,1530,0,0,1,1,0,0,1
2026-07-10 00:04:58,https://www.bilibili.com/video/BV1Xm61BEEnt/?spm_id_from=333.1387.favlist.content.click,19,BV1Xm61BEEnt,【杨博文】致命诱惑<希区考克 作品152> 4k 竖版直拍 Focus,Roseate丨杨博文,2026-01-31 17:54:23,48143,7761,3401,2845,208,259,425,1
2026-07-10 00:04:58,https://www.bilibili.com/video/BV1MtFrzLEqw/?spm_id_from=333.1387.favlist.content.click&vd_source=82c7dc283676ff6ca01b24294b7c8a32,20,BV1MtFrzLEqw,【4K】借过一下 | 杨博文直拍 | 260131,underthepoplar,2026-02-06 15:13:06,23251,3633,1461,1812,64,101,213,1
2026-07-10 00:04:58,https://www.bilibili.com/video/BV1jjF3z3Ern/?spm_id_from=333.1387.favlist.content.click&vd_source=82c7dc283676ff6ca01b24294b7c8a32,21,BV1jjF3z3Ern,【4K精剪】Why Why Why | 杨博文直拍 | 260201,underthepoplar,2026-02-03 05:55:49,69915,11577,5451,5906,298,247,617,1
2026-07-10 00:04:58,https://www.bilibili.com/video/BV1oJVD6BEEW/?spm_id_from=333.1387.favlist.content.click&vd_source=82c7dc283676ff6ca01b24294b7c8a32,22,BV1oJVD6BEEW,Hey Mama 一分钟solo | 杨博文直拍 | 251228,underthepoplar,2026-06-01 02:16:51,32064,4149,1632,2315,66,76,35,1
2026-07-10 00:04:58,https://www.bilibili.com/video/BV16MbLzPETK/?spm_id_from=333.1387.favlist.content.click&vd_source=82c7dc283676ff6ca01b24294b7c8a32,23,BV16MbLzPETK,这是洋娃娃在给我唱歌吧｜杨博文｜雨爱 4K直拍,WIX99,2025-08-11 18:44:28,4162,644,72,333,3,9,3,1
2026-07-10 00:04:58,https://www.bilibili.com/video/BV1nUFFzSE8W/?spm_id_from=333.337.search-card.all.click&vd_source=c9ba0a78401ac34b07f18808dcb060f8,24,BV1nUFFzSE8W,【4K精剪】第二类我 | 杨博文直拍 | 260201,underthepoplar,2026-02-05 03:45:45,37095,5420,3626,2827,206,206,293,1
2026-07-10 00:04:58,https://www.bilibili.com/video/BV1JFZ4BnEiL/?spm_id_from=333.337.search-card.all.click,25,BV1JFZ4BnEiL,【杨博文4K直拍】《希区考克 作品152》20260131丨澳门·荣耀之战演唱会丨四机位,houRlyRambo丨杨博文,2026-02-15 16:50:03,2936,636,136,140,15,9,15,1
2026-07-10 00:04:58,https://www.bilibili.com/video/BV19k61BQE89/?spm_id_from=333.337.search-card.all.click,26,BV19k61BQE89,【杨博文】跟随少年步伐走进悬疑 <希区考克 作品152 >三机位混剪,61strawberry,2026-01-31 18:26:12,10650,1768,514,1387,50,43,10,1
2026-07-10 00:04:58,https://www.bilibili.com/video/BV1oz61B9ECW/?spm_id_from=333.337.search-card.all.click,27,BV1oz61B9ECW,【杨博文｜4K直拍】《希区考克》好帅的舞台,关键时刻来瓶尖叫,2026-01-31 18:18:47,30796,4104,1773,2550,116,122,192,1
2026-07-10 00:04:58,https://www.bilibili.com/video/BV1EGBCBmEo8/?spm_id_from=333.337.search-card.all.click&vd_source=bdf775a036c61c0159ac2f0c251aaeb7,28,BV1EGBCBmEo8,【杨博文｜4K高清直拍】魅魔级别的《Manta》舞台，看博文如何一yeah封神,关键时刻来瓶尖叫,2025-12-27 23:15:44,761061,11959,9315,10532,5886,945,2304,1
2026-07-10 00:04:58,https://www.bilibili.com/video/BV1s8BvBPEN5/?spm_id_from=333.337.search-card.all.click&vd_source=bdf775a036c61c0159ac2f0c251aaeb7,29,BV1s8BvBPEN5,【杨博文｜4K舞台直拍】好运来祝你好运来～博文宝宝祝你新年好运来,关键时刻来瓶尖叫,2025-12-27 00:43:12,1900904,34067,16553,31815,6971,4002,4643,1
2026-07-10 00:04:58,https://www.bilibili.com/video/BV1LiM56WEWb/?spm_id_from=333.337.search-card.all.click,30,BV1LiM56WEWb,【4K精剪】Go in Blind | 杨博文直拍 | 250816 & 250817,underthepoplar,2026-07-09 02:46:30,4765,1275,670,592,24,59,31,1
2026-07-10 01:05:21,https://www.bilibili.com/video/BV1A5vkB2E1k/?spm_id_from=333.1387.favlist.content.click&vd_source=bdf775a036c61c0159ac2f0c251aaeb7,0,BV1A5vkB2E1k,【杨博文】Hey Mama六机位纯舞直拍丨15岁舞台统治者的诞生，四代主舞燃炸全场！,Kismet丨杨博文,2025-12-28 22:28:16,2490130,60867,43030,44225,13037,13455,20539,1
2026-07-10 01:05:21,https://www.bilibili.com/video/BV1XA6nBGEPV/?spm_id_from=333.1387.favlist.content.click&vd_source=bdf775a036c61c0159ac2f0c251aaeb7,1,BV1XA6nBGEPV,【4K精剪】希区考克 作品152 | 杨博文直拍 | 260131,underthepoplar,2026-02-01 00:23:17,1921467,22368,21464,19195,9084,3977,6798,1
2026-07-10 01:05:21,https://www.bilibili.com/video/BV15r61BWESJ/?spm_id_from=333.1387.favlist.content.click&vd_source=bdf775a036c61c0159ac2f0c251aaeb7,2,BV15r61BWESJ,【杨博文】希区考克作品152丨双机位直拍 悬疑与张力碰撞 表管拉满 少年锋芒,Kismet丨杨博文,2026-01-31 18:27:40,541668,18511,10860,15608,931,1082,1224,1
2026-07-10 01:05:21,https://www.bilibili.com/video/BV19y61BnEMM/?spm_id_from=333.1387.favlist.content.click&vd_source=bdf775a036c61c0159ac2f0c251aaeb7,3,BV19y61BnEMM,【杨博文】就这个踢腿爽之 连每一根头发丝都在劲舞｜希区考克 作品152 4k双机位横屏直拍,游园会_杨博文,2026-01-31 18:31:31,418089,14865,9602,12582,1176,1513,2299,1
2026-07-10 01:05:21,https://www.bilibili.com/video/BV1M9ePzaELH/?spm_id_from=333.1387.favlist.content.click&vd_source=bdf775a036c61c0159ac2f0c251aaeb7,4,BV1M9ePzaELH,「杨博文｜卡拉永远OK」突发舞台事故？我怎么没看见,Astra_杨博文,2025-08-19 22:15:30,808675,14299,4537,9567,6468,614,516,1
2026-07-10 01:05:21,https://www.bilibili.com/video/BV1pV9GB6E96/?spm_id_from=333.1387.favlist.content.click&vd_source=bdf775a036c61c0159ac2f0c251aaeb7,5,BV1pV9GB6E96,【4K精剪】Guilty | 杨博文直拍 | 250119,underthepoplar,2026-04-01 02:23:39,49753,9088,2969,5360,241,202,204,1
2026-07-10 01:05:21,https://www.bilibili.com/video/BV1vFwNeKER9/?spm_id_from=333.1387.favlist.content.click&vd_source=bdf775a036c61c0159ac2f0c251aaeb7,6,BV1vFwNeKER9,【杨博文】guilty 4k横屏直拍｜夺命34秒，谁都无法拒绝的Legend级别，建议调大音量食用更加,游园会_杨博文,2025-01-18 22:02:36,263533,16474,8046,14264,1084,850,3091,1
2026-07-10 01:05:21,https://www.bilibili.com/video/BV1MGYnzrE9E/?spm_id_from=333.1387.favlist.content.click&vd_source=bdf775a036c61c0159ac2f0c251aaeb7,7,BV1MGYnzrE9E,杨博文跳 《Centuries》帅到窒息！！竖屏4K直拍,Kismet丨杨博文,2025-08-18 02:15:37,263791,12065,6643,7813,563,950,3369,1
2026-07-10 01:05:21,https://www.bilibili.com/video/BV1DZvDBEEjv/?spm_id_from=333.1387.favlist.content.click&vd_source=bdf775a036c61c0159ac2f0c251aaeb7,8,BV1DZvDBEEjv,终于找到了治愈我每一天的秘方 当你一开嗓 哪怕是夕阳也格外绚烂 ｜【杨博文】黄昏晓4k横屏直拍,游园会_杨博文,2026-01-01 20:53:32,24021,4090,712,2664,35,44,178,1
2026-07-10 01:05:21,https://www.bilibili.com/video/BV1owvqBJEkn/?spm_id_from=333.1387.favlist.content.click&vd_source=bdf775a036c61c0159ac2f0c251aaeb7,9,BV1owvqBJEkn,【杨博文｜黄昏晓】 4K直拍,羊圈主,2025-12-28 00:28:04,18075,4365,1028,1653,70,88,256,1
2026-07-10 01:05:21,https://www.bilibili.com/video/BV1eqY6e1Eec/?spm_id_from=333.1387.favlist.content.click&vd_source=bdf775a036c61c0159ac2f0c251aaeb7,10,BV1eqY6e1Eec,【TF家族-杨博文】蔡依林男粉！？你的杨会扭儿上线｜《看我72变》4K直拍,LOST-杨博文,2024-08-13 05:57:43,99726,10021,1639,5639,430,102,321,1
2026-07-10 01:05:21,https://www.bilibili.com/video/BV1r9BeBZEMu/?spm_id_from=333.1387.favlist.content.click&vd_source=bdf775a036c61c0159ac2f0c251aaeb7,11,BV1r9BeBZEMu,【杨博文｜4K舞台直拍】《爱要坦荡荡》，四代主唱贝斯手玩转乐队，好青春洋溢,关键时刻来瓶尖叫,2025-12-27 00:55:22,36211,4774,745,3177,51,52,64,1
2026-07-10 01:05:21,https://www.bilibili.com/video/BV1Lb6tBBEYC/?spm_id_from=333.1387.favlist.content.click&vd_source=bdf775a036c61c0159ac2f0c251aaeb7,12,BV1Lb6tBBEYC,【4K精剪】闭嘴跳舞 | 杨博文直拍 | 260201,underthepoplar,2026-02-02 00:00:55,270250,21967,13175,16006,1893,1671,2815,2
2026-07-10 01:05:21,https://www.bilibili.com/video/BV1mJ64BREZY/?spm_id_from=333.1387.favlist.content.click&vd_source=bdf775a036c61c0159ac2f0c251aaeb7,13,BV1mJ64BREZY,【杨博文】闭嘴跳舞丨当主舞穿上西装就会得到,Kismet丨杨博文,2026-02-01 18:31:00,512536,32112,3541,23096,180,100,425,1
2026-07-10 01:05:21,https://www.bilibili.com/video/BV15M64BPEVo/?spm_id_from=333.1387.favlist.content.click&vd_source=bdf775a036c61c0159ac2f0c251aaeb7,14,BV15M64BPEVo,【杨博文】舞步是我最有力的武器 请调动所有感官和我一同所向披靡｜闭嘴跳舞4k横屏双机位直拍,游园会_杨博文,2026-02-01 20:09:30,51973,7843,1412,4998,56,38,157,1
2026-07-10 01:05:21,https://www.bilibili.com/video/BV1fWYqzTECD/?spm_id_from=333.1387.favlist.content.click&vd_source=bdf775a036c61c0159ac2f0c251aaeb7,15,BV1fWYqzTECD,绝美堕天使下凡了……｜杨博文｜deja vu 4K直拍,WIX99,2025-08-16 22:18:21,13669,2052,584,892,68,44,115,1
2026-07-10 01:05:21,https://www.bilibili.com/video/BV1Bem3B1EcH/?spm_id_from=333.1387.favlist.content.click&vd_source=bdf775a036c61c0159ac2f0c251aaeb7,16,BV1Bem3B1EcH,【杨博文｜4K舞台直拍】怎么黑衣的《Deja vu》也让人看的停不下来呢,关键时刻来瓶尖叫,2025-12-12 21:30:00,12460,1405,159,1249,19,7,1,1
2026-07-10 01:05:21,https://www.bilibili.com/video/BV11kZyByE81/?spm_id_from=333.1387.favlist.content.click&vd_source=bdf775a036c61c0159ac2f0c251aaeb7,17,BV11kZyByE81,【4K精剪】Deja Vu | 杨博文直拍 | 250816 & 250817,underthepoplar,2026-02-17 20:22:24,48736,7235,3142,3431,375,231,207,1
2026-07-10 01:05:21,https://www.bilibili.com/video/BV1J7Awz8EUZ/?spm_id_from=333.1387.favlist.content.click&vd_source=bdf775a036c61c0159ac2f0c251aaeb7,18,BV1J7Awz8EUZ,自测鸡蛋果,喜欢吃鸡蛋果,2026-03-21 16:17:31,1542,0,0,1,1,0,0,1
2026-07-10 01:05:21,https://www.bilibili.com/video/BV1Xm61BEEnt/?spm_id_from=333.1387.favlist.content.click,19,BV1Xm61BEEnt,【杨博文】致命诱惑<希区考克 作品152> 4k 竖版直拍 Focus,Roseate丨杨博文,2026-01-31 17:54:23,48145,7761,3401,2845,208,259,425,1
2026-07-10 01:05:21,https://www.bilibili.com/video/BV1MtFrzLEqw/?spm_id_from=333.1387.favlist.content.click&vd_source=82c7dc283676ff6ca01b24294b7c8a32,20,BV1MtFrzLEqw,【4K】借过一下 | 杨博文直拍 | 260131,underthepoplar,2026-02-06 15:13:06,23253,3634,1461,1813,64,101,213,1
2026-07-10 01:05:21,https://www.bilibili.com/video/BV1jjF3z3Ern/?spm_id_from=333.1387.favlist.content.click&vd_source=82c7dc283676ff6ca01b24294b7c8a32,21,BV1jjF3z3Ern,【4K精剪】Why Why Why | 杨博文直拍 | 260201,underthepoplar,2026-02-03 05:55:49,69925,11577,5451,5906,298,247,617,1
2026-07-10 01:05:21,https://www.bilibili.com/video/BV1oJVD6BEEW/?spm_id_from=333.1387.favlist.content.click&vd_source=82c7dc283676ff6ca01b24294b7c8a32,22,BV1oJVD6BEEW,Hey Mama 一分钟solo | 杨博文直拍 | 251228,underthepoplar,2026-06-01 02:16:51,32081,4152,1632,2318,66,76,35,1
2026-07-10 01:05:21,https://www.bilibili.com/video/BV16MbLzPETK/?spm_id_from=333.1387.favlist.content.click&vd_source=82c7dc283676ff6ca01b24294b7c8a32,23,BV16MbLzPETK,这是洋娃娃在给我唱歌吧｜杨博文｜雨爱 4K直拍,WIX99,2025-08-11 18:44:28,4163,644,72,333,3,9,3,1
2026-07-10 01:05:21,https://www.bilibili.com/video/BV1nUFFzSE8W/?spm_id_from=333.337.search-card.all.click&vd_source=c9ba0a78401ac34b07f18808dcb060f8,24,BV1nUFFzSE8W,【4K精剪】第二类我 | 杨博文直拍 | 260201,underthepoplar,2026-02-05 03:45:45,37101,5420,3626,2827,206,206,293,1
2026-07-10 01:05:21,https://www.bilibili.com/video/BV1JFZ4BnEiL/?spm_id_from=333.337.search-card.all.click,25,BV1JFZ4BnEiL,【杨博文4K直拍】《希区考克 作品152》20260131丨澳门·荣耀之战演唱会丨四机位,houRlyRambo丨杨博文,2026-02-15 16:50:03,2937,636,136,140,15,9,15,1
2026-07-10 01:05:21,https://www.bilibili.com/video/BV19k61BQE89/?spm_id_from=333.337.search-card.all.click,26,BV19k61BQE89,【杨博文】跟随少年步伐走进悬疑 <希区考克 作品152 >三机位混剪,61strawberry,2026-01-31 18:26:12,10651,1768,514,1387,50,43,10,1
2026-07-10 01:05:21,https://www.bilibili.com/video/BV1oz61B9ECW/?spm_id_from=333.337.search-card.all.click,27,BV1oz61B9ECW,【杨博文｜4K直拍】《希区考克》好帅的舞台,关键时刻来瓶尖叫,2026-01-31 18:18:47,30801,4104,1773,2550,116,122,192,1
2026-07-10 01:05:21,https://www.bilibili.com/video/BV1EGBCBmEo8/?spm_id_from=333.337.search-card.all.click&vd_source=bdf775a036c61c0159ac2f0c251aaeb7,28,BV1EGBCBmEo8,【杨博文｜4K高清直拍】魅魔级别的《Manta》舞台，看博文如何一yeah封神,关键时刻来瓶尖叫,2025-12-27 23:15:44,761084,11959,9315,10532,5886,945,2304,1
2026-07-10 01:05:21,https://www.bilibili.com/video/BV1s8BvBPEN5/?spm_id_from=333.337.search-card.all.click&vd_source=bdf775a036c61c0159ac2f0c251aaeb7,29,BV1s8BvBPEN5,【杨博文｜4K舞台直拍】好运来祝你好运来～博文宝宝祝你新年好运来,关键时刻来瓶尖叫,2025-12-27 00:43:12,1900928,34067,16553,31817,6972,4002,4643,1
2026-07-10 01:05:21,https://www.bilibili.com/video/BV1LiM56WEWb/?spm_id_from=333.337.search-card.all.click,30,BV1LiM56WEWb,【4K精剪】Go in Blind | 杨博文直拍 | 250816 & 250817,underthepoplar,2026-07-09 02:46:30,4876,1300,692,598,24,61,31,1
2026-07-10 02:05:43,https://www.bilibili.com/video/BV1A5vkB2E1k/?spm_id_from=333.1387.favlist.content.click&vd_source=bdf775a036c61c0159ac2f0c251aaeb7,0,BV1A5vkB2E1k,【杨博文】Hey Mama六机位纯舞直拍丨15岁舞台统治者的诞生，四代主舞燃炸全场！,Kismet丨杨博文,2025-12-28 22:28:16,2490191,60869,43032,44227,13043,13455,20539,1
2026-07-10 02:05:43,https://www.bilibili.com/video/BV1XA6nBGEPV/?spm_id_from=333.1387.favlist.content.click&vd_source=bdf775a036c61c0159ac2f0c251aaeb7,1,BV1XA6nBGEPV,【4K精剪】希区考克 作品152 | 杨博文直拍 | 260131,underthepoplar,2026-02-01 00:23:17,1921477,22368,21464,19195,9091,3977,6798,1
2026-07-10 02:05:43,https://www.bilibili.com/video/BV15r61BWESJ/?spm_id_from=333.1387.favlist.content.click&vd_source=bdf775a036c61c0159ac2f0c251aaeb7,2,BV15r61BWESJ,【杨博文】希区考克作品152丨双机位直拍 悬疑与张力碰撞 表管拉满 少年锋芒,Kismet丨杨博文,2026-01-31 18:27:40,541671,18512,10860,15608,931,1082,1224,1
2026-07-10 02:05:43,https://www.bilibili.com/video/BV19y61BnEMM/?spm_id_from=333.1387.favlist.content.click&vd_source=bdf775a036c61c0159ac2f0c251aaeb7,3,BV19y61BnEMM,【杨博文】就这个踢腿爽之 连每一根头发丝都在劲舞｜希区考克 作品152 4k双机位横屏直拍,游园会_杨博文,2026-01-31 18:31:31,418094,14865,9602,12582,1176,1513,2299,1
2026-07-10 02:05:43,https://www.bilibili.com/video/BV1M9ePzaELH/?spm_id_from=333.1387.favlist.content.click&vd_source=bdf775a036c61c0159ac2f0c251aaeb7,4,BV1M9ePzaELH,「杨博文｜卡拉永远OK」突发舞台事故？我怎么没看见,Astra_杨博文,2025-08-19 22:15:30,808685,14300,4537,9568,6474,614,516,1
2026-07-10 02:05:43,https://www.bilibili.com/video/BV1pV9GB6E96/?spm_id_from=333.1387.favlist.content.click&vd_source=bdf775a036c61c0159ac2f0c251aaeb7,5,BV1pV9GB6E96,【4K精剪】Guilty | 杨博文直拍 | 250119,underthepoplar,2026-04-01 02:23:39,49760,9090,2971,5360,241,202,204,1
2026-07-10 02:05:43,https://www.bilibili.com/video/BV1vFwNeKER9/?spm_id_from=333.1387.favlist.content.click&vd_source=bdf775a036c61c0159ac2f0c251aaeb7,6,BV1vFwNeKER9,【杨博文】guilty 4k横屏直拍｜夺命34秒，谁都无法拒绝的Legend级别，建议调大音量食用更加,游园会_杨博文,2025-01-18 22:02:36,263539,16474,8046,14264,1084,850,3091,1
2026-07-10 02:05:43,https://www.bilibili.com/video/BV1MGYnzrE9E/?spm_id_from=333.1387.favlist.content.click&vd_source=bdf775a036c61c0159ac2f0c251aaeb7,7,BV1MGYnzrE9E,杨博文跳 《Centuries》帅到窒息！！竖屏4K直拍,Kismet丨杨博文,2025-08-18 02:15:37,263821,12065,6643,7814,563,950,3369,1
2026-07-10 02:05:43,https://www.bilibili.com/video/BV1DZvDBEEjv/?spm_id_from=333.1387.favlist.content.click&vd_source=bdf775a036c61c0159ac2f0c251aaeb7,8,BV1DZvDBEEjv,终于找到了治愈我每一天的秘方 当你一开嗓 哪怕是夕阳也格外绚烂 ｜【杨博文】黄昏晓4k横屏直拍,游园会_杨博文,2026-01-01 20:53:32,24022,4090,712,2664,35,44,178,1
2026-07-10 02:05:43,https://www.bilibili.com/video/BV1owvqBJEkn/?spm_id_from=333.1387.favlist.content.click&vd_source=bdf775a036c61c0159ac2f0c251aaeb7,9,BV1owvqBJEkn,【杨博文｜黄昏晓】 4K直拍,羊圈主,2025-12-28 00:28:04,18102,4365,1028,1653,70,88,256,1
2026-07-10 02:05:43,https://www.bilibili.com/video/BV1eqY6e1Eec/?spm_id_from=333.1387.favlist.content.click&vd_source=bdf775a036c61c0159ac2f0c251aaeb7,10,BV1eqY6e1Eec,【TF家族-杨博文】蔡依林男粉！？你的杨会扭儿上线｜《看我72变》4K直拍,LOST-杨博文,2024-08-13 05:57:43,99726,10020,1639,5639,430,102,321,1
2026-07-10 02:05:43,https://www.bilibili.com/video/BV1r9BeBZEMu/?spm_id_from=333.1387.favlist.content.click&vd_source=bdf775a036c61c0159ac2f0c251aaeb7,11,BV1r9BeBZEMu,【杨博文｜4K舞台直拍】《爱要坦荡荡》，四代主唱贝斯手玩转乐队，好青春洋溢,关键时刻来瓶尖叫,2025-12-27 00:55:22,36211,4774,745,3177,51,52,64,1
2026-07-10 02:05:43,https://www.bilibili.com/video/BV1Lb6tBBEYC/?spm_id_from=333.1387.favlist.content.click&vd_source=bdf775a036c61c0159ac2f0c251aaeb7,12,BV1Lb6tBBEYC,【4K精剪】闭嘴跳舞 | 杨博文直拍 | 260201,underthepoplar,2026-02-02 00:00:55,270274,21970,13175,16007,1893,1672,2815,2
2026-07-10 02:05:43,https://www.bilibili.com/video/BV1mJ64BREZY/?spm_id_from=333.1387.favlist.content.click&vd_source=bdf775a036c61c0159ac2f0c251aaeb7,13,BV1mJ64BREZY,【杨博文】闭嘴跳舞丨当主舞穿上西装就会得到,Kismet丨杨博文,2026-02-01 18:31:00,512560,32113,3541,23096,180,100,425,1
2026-07-10 02:05:43,https://www.bilibili.com/video/BV15M64BPEVo/?spm_id_from=333.1387.favlist.content.click&vd_source=bdf775a036c61c0159ac2f0c251aaeb7,14,BV15M64BPEVo,【杨博文】舞步是我最有力的武器 请调动所有感官和我一同所向披靡｜闭嘴跳舞4k横屏双机位直拍,游园会_杨博文,2026-02-01 20:09:30,51975,7843,1412,4998,56,38,157,1
2026-07-10 02:05:43,https://www.bilibili.com/video/BV1fWYqzTECD/?spm_id_from=333.1387.favlist.content.click&vd_source=bdf775a036c61c0159ac2f0c251aaeb7,15,BV1fWYqzTECD,绝美堕天使下凡了……｜杨博文｜deja vu 4K直拍,WIX99,2025-08-16 22:18:21,13669,2052,584,892,68,44,115,1
2026-07-10 02:05:43,https://www.bilibili.com/video/BV1Bem3B1EcH/?spm_id_from=333.1387.favlist.content.click&vd_source=bdf775a036c61c0159ac2f0c251aaeb7,16,BV1Bem3B1EcH,【杨博文｜4K舞台直拍】怎么黑衣的《Deja vu》也让人看的停不下来呢,关键时刻来瓶尖叫,2025-12-12 21:30:00,12460,1405,159,1249,19,7,1,1
2026-07-10 02:05:43,https://www.bilibili.com/video/BV11kZyByE81/?spm_id_from=333.1387.favlist.content.click&vd_source=bdf775a036c61c0159ac2f0c251aaeb7,17,BV11kZyByE81,【4K精剪】Deja Vu | 杨博文直拍 | 250816 & 250817,underthepoplar,2026-02-17 20:22:24,48741,7235,3142,3431,375,231,207,1
2026-07-10 02:05:43,https://www.bilibili.com/video/BV1J7Awz8EUZ/?spm_id_from=333.1387.favlist.content.click&vd_source=bdf775a036c61c0159ac2f0c251aaeb7,18,BV1J7Awz8EUZ,自测鸡蛋果,喜欢吃鸡蛋果,2026-03-21 16:17:31,1569,0,0,1,1,0,0,1
2026-07-10 02:05:43,https://www.bilibili.com/video/BV1Xm61BEEnt/?spm_id_from=333.1387.favlist.content.click,19,BV1Xm61BEEnt,【杨博文】致命诱惑<希区考克 作品152> 4k 竖版直拍 Focus,Roseate丨杨博文,2026-01-31 17:54:23,48145,7761,3401,2845,208,259,425,1
2026-07-10 02:05:43,https://www.bilibili.com/video/BV1MtFrzLEqw/?spm_id_from=333.1387.favlist.content.click&vd_source=82c7dc283676ff6ca01b24294b7c8a32,20,BV1MtFrzLEqw,【4K】借过一下 | 杨博文直拍 | 260131,underthepoplar,2026-02-06 15:13:06,23254,3635,1463,1813,64,101,213,1
2026-07-10 02:05:43,https://www.bilibili.com/video/BV1jjF3z3Ern/?spm_id_from=333.1387.favlist.content.click&vd_source=82c7dc283676ff6ca01b24294b7c8a32,21,BV1jjF3z3Ern,【4K精剪】Why Why Why | 杨博文直拍 | 260201,underthepoplar,2026-02-03 05:55:49,69934,11578,5451,5906,298,247,617,1
2026-07-10 02:05:43,https://www.bilibili.com/video/BV1oJVD6BEEW/?spm_id_from=333.1387.favlist.content.click&vd_source=82c7dc283676ff6ca01b24294b7c8a32,22,BV1oJVD6BEEW,Hey Mama 一分钟solo | 杨博文直拍 | 251228,underthepoplar,2026-06-01 02:16:51,32090,4154,1634,2318,66,76,35,1
2026-07-10 02:05:43,https://www.bilibili.com/video/BV16MbLzPETK/?spm_id_from=333.1387.favlist.content.click&vd_source=82c7dc283676ff6ca01b24294b7c8a32,23,BV16MbLzPETK,这是洋娃娃在给我唱歌吧｜杨博文｜雨爱 4K直拍,WIX99,2025-08-11 18:44:28,4163,644,72,333,3,9,3,1
2026-07-10 02:05:43,https://www.bilibili.com/video/BV1nUFFzSE8W/?spm_id_from=333.337.search-card.all.click&vd_source=c9ba0a78401ac34b07f18808dcb060f8,24,BV1nUFFzSE8W,【4K精剪】第二类我 | 杨博文直拍 | 260201,underthepoplar,2026-02-05 03:45:45,37103,5422,3626,2827,206,206,293,1
2026-07-10 02:05:43,https://www.bilibili.com/video/BV1JFZ4BnEiL/?spm_id_from=333.337.search-card.all.click,25,BV1JFZ4BnEiL,【杨博文4K直拍】《希区考克 作品152》20260131丨澳门·荣耀之战演唱会丨四机位,houRlyRambo丨杨博文,2026-02-15 16:50:03,2937,636,136,140,15,9,15,1
2026-07-10 02:05:43,https://www.bilibili.com/video/BV19k61BQE89/?spm_id_from=333.337.search-card.all.click,26,BV19k61BQE89,【杨博文】跟随少年步伐走进悬疑 <希区考克 作品152 >三机位混剪,61strawberry,2026-01-31 18:26:12,10651,1768,514,1387,50,43,10,1
2026-07-10 02:05:43,https://www.bilibili.com/video/BV1oz61B9ECW/?spm_id_from=333.337.search-card.all.click,27,BV1oz61B9ECW,【杨博文｜4K直拍】《希区考克》好帅的舞台,关键时刻来瓶尖叫,2026-01-31 18:18:47,30802,4105,1773,2550,116,122,192,1
2026-07-10 02:05:43,https://www.bilibili.com/video/BV1EGBCBmEo8/?spm_id_from=333.337.search-card.all.click&vd_source=bdf775a036c61c0159ac2f0c251aaeb7,28,BV1EGBCBmEo8,【杨博文｜4K高清直拍】魅魔级别的《Manta》舞台，看博文如何一yeah封神,关键时刻来瓶尖叫,2025-12-27 23:15:44,761129,11959,9315,10532,5893,945,2304,1
2026-07-10 02:05:43,https://www.bilibili.com/video/BV1s8BvBPEN5/?spm_id_from=333.337.search-card.all.click&vd_source=bdf775a036c61c0159ac2f0c251aaeb7,29,BV1s8BvBPEN5,【杨博文｜4K舞台直拍】好运来祝你好运来～博文宝宝祝你新年好运来,关键时刻来瓶尖叫,2025-12-27 00:43:12,1900936,34067,16553,31817,6978,4002,4643,1
2026-07-10 02:05:43,https://www.bilibili.com/video/BV1LiM56WEWb/?spm_id_from=333.337.search-card.all.click,30,BV1LiM56WEWb,【4K精剪】Go in Blind | 杨博文直拍 | 250816 & 250817,underthepoplar,2026-07-09 02:46:30,4936,1314,700,605,24,61,31,2
2026-07-10 03:06:05,https://www.bilibili.com/video/BV1A5vkB2E1k/?spm_id_from=333.1387.favlist.content.click&vd_source=bdf775a036c61c0159ac2f0c251aaeb7,0,BV1A5vkB2E1k,【杨博文】Hey Mama六机位纯舞直拍丨15岁舞台统治者的诞生，四代主舞燃炸全场！,Kismet丨杨博文,2025-12-28 22:28:16,2490237,60870,43032,44228,13046,13455,20539,1
2026-07-10 03:06:05,https://www.bilibili.com/video/BV1XA6nBGEPV/?spm_id_from=333.1387.favlist.content.click&vd_source=bdf775a036c61c0159ac2f0c251aaeb7,1,BV1XA6nBGEPV,【4K精剪】希区考克 作品152 | 杨博文直拍 | 260131,underthepoplar,2026-02-01 00:23:17,1921483,22368,21464,19194,9092,3977,6798,1
2026-07-10 03:06:05,https://www.bilibili.com/video/BV15r61BWESJ/?spm_id_from=333.1387.favlist.content.click&vd_source=bdf775a036c61c0159ac2f0c251aaeb7,2,BV15r61BWESJ,【杨博文】希区考克作品152丨双机位直拍 悬疑与张力碰撞 表管拉满 少年锋芒,Kismet丨杨博文,2026-01-31 18:27:40,541675,18512,10860,15608,931,1082,1224,1
2026-07-10 03:06:05,https://www.bilibili.com/video/BV19y61BnEMM/?spm_id_from=333.1387.favlist.content.click&vd_source=bdf775a036c61c0159ac2f0c251aaeb7,3,BV19y61BnEMM,【杨博文】就这个踢腿爽之 连每一根头发丝都在劲舞｜希区考克 作品152 4k双机位横屏直拍,游园会_杨博文,2026-01-31 18:31:31,418099,14866,9602,12582,1176,1513,2299,1
2026-07-10 03:06:05,https://www.bilibili.com/video/BV1M9ePzaELH/?spm_id_from=333.1387.favlist.content.click&vd_source=bdf775a036c61c0159ac2f0c251aaeb7,4,BV1M9ePzaELH,「杨博文｜卡拉永远OK」突发舞台事故？我怎么没看见,Astra_杨博文,2025-08-19 22:15:30,808686,14300,4537,9568,6475,614,516,1
2026-07-10 03:06:05,https://www.bilibili.com/video/BV1pV9GB6E96/?spm_id_from=333.1387.favlist.content.click&vd_source=bdf775a036c61c0159ac2f0c251aaeb7,5,BV1pV9GB6E96,【4K精剪】Guilty | 杨博文直拍 | 250119,underthepoplar,2026-04-01 02:23:39,49766,9090,2971,5360,241,202,204,1
2026-07-10 03:06:05,https://www.bilibili.com/video/BV1vFwNeKER9/?spm_id_from=333.1387.favlist.content.click&vd_source=bdf775a036c61c0159ac2f0c251aaeb7,6,BV1vFwNeKER9,【杨博文】guilty 4k横屏直拍｜夺命34秒，谁都无法拒绝的Legend级别，建议调大音量食用更加,游园会_杨博文,2025-01-18 22:02:36,263542,16475,8046,14265,1084,850,3091,1
2026-07-10 03:06:05,https://www.bilibili.com/video/BV1MGYnzrE9E/?spm_id_from=333.1387.favlist.content.click&vd_source=bdf775a036c61c0159ac2f0c251aaeb7,7,BV1MGYnzrE9E,杨博文跳 《Centuries》帅到窒息！！竖屏4K直拍,Kismet丨杨博文,2025-08-18 02:15:37,263847,12065,6643,7814,563,950,3369,1
2026-07-10 03:06:05,https://www.bilibili.com/video/BV1DZvDBEEjv/?spm_id_from=333.1387.favlist.content.click&vd_source=bdf775a036c61c0159ac2f0c251aaeb7,8,BV1DZvDBEEjv,终于找到了治愈我每一天的秘方 当你一开嗓 哪怕是夕阳也格外绚烂 ｜【杨博文】黄昏晓4k横屏直拍,游园会_杨博文,2026-01-01 20:53:32,24022,4090,712,2664,35,44,178,1
2026-07-10 03:06:05,https://www.bilibili.com/video/BV1owvqBJEkn/?spm_id_from=333.1387.favlist.content.click&vd_source=bdf775a036c61c0159ac2f0c251aaeb7,9,BV1owvqBJEkn,【杨博文｜黄昏晓】 4K直拍,羊圈主,2025-12-28 00:28:04,18126,4365,1028,1653,70,88,256,1
2026-07-10 03:06:05,https://www.bilibili.com/video/BV1eqY6e1Eec/?spm_id_from=333.1387.favlist.content.click&vd_source=bdf775a036c61c0159ac2f0c251aaeb7,10,BV1eqY6e1Eec,【TF家族-杨博文】蔡依林男粉！？你的杨会扭儿上线｜《看我72变》4K直拍,LOST-杨博文,2024-08-13 05:57:43,99727,10021,1639,5639,430,102,321,1
2026-07-10 03:06:05,https://www.bilibili.com/video/BV1r9BeBZEMu/?spm_id_from=333.1387.favlist.content.click&vd_source=bdf775a036c61c0159ac2f0c251aaeb7,11,BV1r9BeBZEMu,【杨博文｜4K舞台直拍】《爱要坦荡荡》，四代主唱贝斯手玩转乐队，好青春洋溢,关键时刻来瓶尖叫,2025-12-27 00:55:22,36212,4774,745,3177,51,52,64,1
2026-07-10 03:06:05,https://www.bilibili.com/video/BV1Lb6tBBEYC/?spm_id_from=333.1387.favlist.content.click&vd_source=bdf775a036c61c0159ac2f0c251aaeb7,12,BV1Lb6tBBEYC,【4K精剪】闭嘴跳舞 | 杨博文直拍 | 260201,underthepoplar,2026-02-02 00:00:55,270293,21972,13175,16009,1893,1672,2815,1
2026-07-10 03:06:05,https://www.bilibili.com/video/BV1mJ64BREZY/?spm_id_from=333.1387.favlist.content.click&vd_source=bdf775a036c61c0159ac2f0c251aaeb7,13,BV1mJ64BREZY,【杨博文】闭嘴跳舞丨当主舞穿上西装就会得到,Kismet丨杨博文,2026-02-01 18:31:00,512572,32114,3541,23095,180,100,425,1
2026-07-10 03:06:05,https://www.bilibili.com/video/BV15M64BPEVo/?spm_id_from=333.1387.favlist.content.click&vd_source=bdf775a036c61c0159ac2f0c251aaeb7,14,BV15M64BPEVo,【杨博文】舞步是我最有力的武器 请调动所有感官和我一同所向披靡｜闭嘴跳舞4k横屏双机位直拍,游园会_杨博文,2026-02-01 20:09:30,51976,7843,1412,4998,56,38,157,1
2026-07-10 03:06:05,https://www.bilibili.com/video/BV1fWYqzTECD/?spm_id_from=333.1387.favlist.content.click&vd_source=bdf775a036c61c0159ac2f0c251aaeb7,15,BV1fWYqzTECD,绝美堕天使下凡了……｜杨博文｜deja vu 4K直拍,WIX99,2025-08-16 22:18:21,13669,2052,584,892,68,44,115,1
2026-07-10 03:06:05,https://www.bilibili.com/video/BV1Bem3B1EcH/?spm_id_from=333.1387.favlist.content.click&vd_source=bdf775a036c61c0159ac2f0c251aaeb7,16,BV1Bem3B1EcH,【杨博文｜4K舞台直拍】怎么黑衣的《Deja vu》也让人看的停不下来呢,关键时刻来瓶尖叫,2025-12-12 21:30:00,12461,1405,159,1249,19,7,1,1
2026-07-10 03:06:05,https://www.bilibili.com/video/BV11kZyByE81/?spm_id_from=333.1387.favlist.content.click&vd_source=bdf775a036c61c0159ac2f0c251aaeb7,17,BV11kZyByE81,【4K精剪】Deja Vu | 杨博文直拍 | 250816 & 250817,underthepoplar,2026-02-17 20:22:24,48747,7237,3142,3431,375,231,207,1
2026-07-10 03:06:05,https://www.bilibili.com/video/BV1J7Awz8EUZ/?spm_id_from=333.1387.favlist.content.click&vd_source=bdf775a036c61c0159ac2f0c251aaeb7,18,BV1J7Awz8EUZ,自测鸡蛋果,喜欢吃鸡蛋果,2026-03-21 16:17:31,1594,0,0,1,1,0,0,1
2026-07-10 03:06:05,https://www.bilibili.com/video/BV1Xm61BEEnt/?spm_id_from=333.1387.favlist.content.click,19,BV1Xm61BEEnt,【杨博文】致命诱惑<希区考克 作品152> 4k 竖版直拍 Focus,Roseate丨杨博文,2026-01-31 17:54:23,48146,7762,3401,2845,208,259,425,1
2026-07-10 03:06:05,https://www.bilibili.com/video/BV1MtFrzLEqw/?spm_id_from=333.1387.favlist.content.click&vd_source=82c7dc283676ff6ca01b24294b7c8a32,20,BV1MtFrzLEqw,【4K】借过一下 | 杨博文直拍 | 260131,underthepoplar,2026-02-06 15:13:06,23255,3635,1463,1813,64,101,213,1
2026-07-10 03:06:05,https://www.bilibili.com/video/BV1jjF3z3Ern/?spm_id_from=333.1387.favlist.content.click&vd_source=82c7dc283676ff6ca01b24294b7c8a32,21,BV1jjF3z3Ern,【4K精剪】Why Why Why | 杨博文直拍 | 260201,underthepoplar,2026-02-03 05:55:49,69936,11579,5451,5906,298,247,617,1
2026-07-10 03:06:05,https://www.bilibili.com/video/BV1oJVD6BEEW/?spm_id_from=333.1387.favlist.content.click&vd_source=82c7dc283676ff6ca01b24294b7c8a32,22,BV1oJVD6BEEW,Hey Mama 一分钟solo | 杨博文直拍 | 251228,underthepoplar,2026-06-01 02:16:51,32098,4154,1634,2318,66,76,35,1
2026-07-10 03:06:05,https://www.bilibili.com/video/BV16MbLzPETK/?spm_id_from=333.1387.favlist.content.click&vd_source=82c7dc283676ff6ca01b24294b7c8a32,23,BV16MbLzPETK,这是洋娃娃在给我唱歌吧｜杨博文｜雨爱 4K直拍,WIX99,2025-08-11 18:44:28,4163,644,72,333,3,9,3,1
2026-07-10 03:06:05,https://www.bilibili.com/video/BV1nUFFzSE8W/?spm_id_from=333.337.search-card.all.click&vd_source=c9ba0a78401ac34b07f18808dcb060f8,24,BV1nUFFzSE8W,【4K精剪】第二类我 | 杨博文直拍 | 260201,underthepoplar,2026-02-05 03:45:45,37106,5423,3628,2827,206,206,293,1
2026-07-10 03:06:05,https://www.bilibili.com/video/BV1JFZ4BnEiL/?spm_id_from=333.337.search-card.all.click,25,BV1JFZ4BnEiL,【杨博文4K直拍】《希区考克 作品152》20260131丨澳门·荣耀之战演唱会丨四机位,houRlyRambo丨杨博文,2026-02-15 16:50:03,2938,636,136,140,15,9,15,1
2026-07-10 03:06:05,https://www.bilibili.com/video/BV19k61BQE89/?spm_id_from=333.337.search-card.all.click,26,BV19k61BQE89,【杨博文】跟随少年步伐走进悬疑 <希区考克 作品152 >三机位混剪,61strawberry,2026-01-31 18:26:12,10651,1768,514,1387,50,43,10,1
2026-07-10 03:06:05,https://www.bilibili.com/video/BV1oz61B9ECW/?spm_id_from=333.337.search-card.all.click,27,BV1oz61B9ECW,【杨博文｜4K直拍】《希区考克》好帅的舞台,关键时刻来瓶尖叫,2026-01-31 18:18:47,30806,4106,1773,2550,116,122,192,1
2026-07-10 03:06:05,https://www.bilibili.com/video/BV1EGBCBmEo8/?spm_id_from=333.337.search-card.all.click&vd_source=bdf775a036c61c0159ac2f0c251aaeb7,28,BV1EGBCBmEo8,【杨博文｜4K高清直拍】魅魔级别的《Manta》舞台，看博文如何一yeah封神,关键时刻来瓶尖叫,2025-12-27 23:15:44,761165,11959,9315,10532,5893,945,2304,1
2026-07-10 03:06:05,https://www.bilibili.com/video/BV1s8BvBPEN5/?spm_id_from=333.337.search-card.all.click&vd_source=bdf775a036c61c0159ac2f0c251aaeb7,29,BV1s8BvBPEN5,【杨博文｜4K舞台直拍】好运来祝你好运来～博文宝宝祝你新年好运来,关键时刻来瓶尖叫,2025-12-27 00:43:12,1900944,34068,16553,31818,6979,4002,4643,1
2026-07-10 03:06:05,https://www.bilibili.com/video/BV1LiM56WEWb/?spm_id_from=333.337.search-card.all.click,30,BV1LiM56WEWb,【4K精剪】Go in Blind | 杨博文直拍 | 250816 & 250817,underthepoplar,2026-07-09 02:46:30,4982,1318,702,605,24,61,31,1
2026-07-10 04:06:27,https://www.bilibili.com/video/BV1A5vkB2E1k/?spm_id_from=333.1387.favlist.content.click&vd_source=bdf775a036c61c0159ac2f0c251aaeb7,0,BV1A5vkB2E1k,【杨博文】Hey Mama六机位纯舞直拍丨15岁舞台统治者的诞生，四代主舞燃炸全场！,Kismet丨杨博文,2025-12-28 22:28:16,2490272,60871,43032,44228,13052,13455,20540,1
2026-07-10 04:06:27,https://www.bilibili.com/video/BV1XA6nBGEPV/?spm_id_from=333.1387.favlist.content.click&vd_source=bdf775a036c61c0159ac2f0c251aaeb7,1,BV1XA6nBGEPV,【4K精剪】希区考克 作品152 | 杨博文直拍 | 260131,underthepoplar,2026-02-01 00:23:17,1921488,22368,21464,19194,9098,3977,6798,1
2026-07-10 04:06:27,https://www.bilibili.com/video/BV15r61BWESJ/?spm_id_from=333.1387.favlist.content.click&vd_source=bdf775a036c61c0159ac2f0c251aaeb7,2,BV15r61BWESJ,【杨博文】希区考克作品152丨双机位直拍 悬疑与张力碰撞 表管拉满 少年锋芒,Kismet丨杨博文,2026-01-31 18:27:40,541675,18512,10860,15608,931,1082,1224,1
2026-07-10 04:06:27,https://www.bilibili.com/video/BV19y61BnEMM/?spm_id_from=333.1387.favlist.content.click&vd_source=bdf775a036c61c0159ac2f0c251aaeb7,3,BV19y61BnEMM,【杨博文】就这个踢腿爽之 连每一根头发丝都在劲舞｜希区考克 作品152 4k双机位横屏直拍,游园会_杨博文,2026-01-31 18:31:31,418101,14866,9602,12582,1176,1513,2299,1
2026-07-10 04:06:27,https://www.bilibili.com/video/BV1M9ePzaELH/?spm_id_from=333.1387.favlist.content.click&vd_source=bdf775a036c61c0159ac2f0c251aaeb7,4,BV1M9ePzaELH,「杨博文｜卡拉永远OK」突发舞台事故？我怎么没看见,Astra_杨博文,2025-08-19 22:15:30,808691,14300,4537,9568,6481,614,516,1
2026-07-10 04:06:27,https://www.bilibili.com/video/BV1pV9GB6E96/?spm_id_from=333.1387.favlist.content.click&vd_source=bdf775a036c61c0159ac2f0c251aaeb7,5,BV1pV9GB6E96,【4K精剪】Guilty | 杨博文直拍 | 250119,underthepoplar,2026-04-01 02:23:39,49773,9093,2973,5362,241,202,204,1
2026-07-10 04:06:27,https://www.bilibili.com/video/BV1vFwNeKER9/?spm_id_from=333.1387.favlist.content.click&vd_source=bdf775a036c61c0159ac2f0c251aaeb7,6,BV1vFwNeKER9,【杨博文】guilty 4k横屏直拍｜夺命34秒，谁都无法拒绝的Legend级别，建议调大音量食用更加,游园会_杨博文,2025-01-18 22:02:36,263545,16475,8046,14265,1084,850,3091,1
2026-07-10 04:06:27,https://www.bilibili.com/video/BV1MGYnzrE9E/?spm_id_from=333.1387.favlist.content.click&vd_source=bdf775a036c61c0159ac2f0c251aaeb7,7,BV1MGYnzrE9E,杨博文跳 《Centuries》帅到窒息！！竖屏4K直拍,Kismet丨杨博文,2025-08-18 02:15:37,263870,12065,6643,7814,563,950,3369,1
2026-07-10 04:06:27,https://www.bilibili.com/video/BV1DZvDBEEjv/?spm_id_from=333.1387.favlist.content.click&vd_source=bdf775a036c61c0159ac2f0c251aaeb7,8,BV1DZvDBEEjv,终于找到了治愈我每一天的秘方 当你一开嗓 哪怕是夕阳也格外绚烂 ｜【杨博文】黄昏晓4k横屏直拍,游园会_杨博文,2026-01-01 20:53:32,24022,4090,712,2664,35,44,178,1
2026-07-10 04:06:27,https://www.bilibili.com/video/BV1owvqBJEkn/?spm_id_from=333.1387.favlist.content.click&vd_source=bdf775a036c61c0159ac2f0c251aaeb7,9,BV1owvqBJEkn,【杨博文｜黄昏晓】 4K直拍,羊圈主,2025-12-28 00:28:04,18147,4365,1028,1653,70,88,256,1
2026-07-10 04:06:27,https://www.bilibili.com/video/BV1eqY6e1Eec/?spm_id_from=333.1387.favlist.content.click&vd_source=bdf775a036c61c0159ac2f0c251aaeb7,10,BV1eqY6e1Eec,【TF家族-杨博文】蔡依林男粉！？你的杨会扭儿上线｜《看我72变》4K直拍,LOST-杨博文,2024-08-13 05:57:43,99729,10020,1639,5639,430,102,321,1
2026-07-10 04:06:27,https://www.bilibili.com/video/BV1r9BeBZEMu/?spm_id_from=333.1387.favlist.content.click&vd_source=bdf775a036c61c0159ac2f0c251aaeb7,11,BV1r9BeBZEMu,【杨博文｜4K舞台直拍】《爱要坦荡荡》，四代主唱贝斯手玩转乐队，好青春洋溢,关键时刻来瓶尖叫,2025-12-27 00:55:22,36212,4774,745,3177,51,52,64,1
2026-07-10 04:06:27,https://www.bilibili.com/video/BV1Lb6tBBEYC/?spm_id_from=333.1387.favlist.content.click&vd_source=bdf775a036c61c0159ac2f0c251aaeb7,12,BV1Lb6tBBEYC,【4K精剪】闭嘴跳舞 | 杨博文直拍 | 260201,underthepoplar,2026-02-02 00:00:55,270312,21979,13179,16012,1893,1672,2815,2
2026-07-10 04:06:27,https://www.bilibili.com/video/BV1mJ64BREZY/?spm_id_from=333.1387.favlist.content.click&vd_source=bdf775a036c61c0159ac2f0c251aaeb7,13,BV1mJ64BREZY,【杨博文】闭嘴跳舞丨当主舞穿上西装就会得到,Kismet丨杨博文,2026-02-01 18:31:00,512576,32114,3541,23095,180,100,425,1
2026-07-10 04:06:27,https://www.bilibili.com/video/BV15M64BPEVo/?spm_id_from=333.1387.favlist.content.click&vd_source=bdf775a036c61c0159ac2f0c251aaeb7,14,BV15M64BPEVo,【杨博文】舞步是我最有力的武器 请调动所有感官和我一同所向披靡｜闭嘴跳舞4k横屏双机位直拍,游园会_杨博文,2026-02-01 20:09:30,51976,7843,1412,4998,56,38,157,1
2026-07-10 04:06:27,https://www.bilibili.com/video/BV1fWYqzTECD/?spm_id_from=333.1387.favlist.content.click&vd_source=bdf775a036c61c0159ac2f0c251aaeb7,15,BV1fWYqzTECD,绝美堕天使下凡了……｜杨博文｜deja vu 4K直拍,WIX99,2025-08-16 22:18:21,13669,2052,584,892,68,44,115,1
2026-07-10 04:06:27,https://www.bilibili.com/video/BV1Bem3B1EcH/?spm_id_from=333.1387.favlist.content.click&vd_source=bdf775a036c61c0159ac2f0c251aaeb7,16,BV1Bem3B1EcH,【杨博文｜4K舞台直拍】怎么黑衣的《Deja vu》也让人看的停不下来呢,关键时刻来瓶尖叫,2025-12-12 21:30:00,12461,1405,159,1249,19,7,1,1
2026-07-10 04:06:27,https://www.bilibili.com/video/BV11kZyByE81/?spm_id_from=333.1387.favlist.content.click&vd_source=bdf775a036c61c0159ac2f0c251aaeb7,17,BV11kZyByE81,【4K精剪】Deja Vu | 杨博文直拍 | 250816 & 250817,underthepoplar,2026-02-17 20:22:24,48747,7237,3142,3431,375,231,207,1
2026-07-10 04:06:27,https://www.bilibili.com/video/BV1J7Awz8EUZ/?spm_id_from=333.1387.favlist.content.click&vd_source=bdf775a036c61c0159ac2f0c251aaeb7,18,BV1J7Awz8EUZ,自测鸡蛋果,喜欢吃鸡蛋果,2026-03-21 16:17:31,1614,0,0,1,1,0,0,1
2026-07-10 04:06:27,https://www.bilibili.com/video/BV1Xm61BEEnt/?spm_id_from=333.1387.favlist.content.click,19,BV1Xm61BEEnt,【杨博文】致命诱惑<希区考克 作品152> 4k 竖版直拍 Focus,Roseate丨杨博文,2026-01-31 17:54:23,48146,7762,3401,2845,208,259,425,1
2026-07-10 04:06:27,https://www.bilibili.com/video/BV1MtFrzLEqw/?spm_id_from=333.1387.favlist.content.click&vd_source=82c7dc283676ff6ca01b24294b7c8a32,20,BV1MtFrzLEqw,【4K】借过一下 | 杨博文直拍 | 260131,underthepoplar,2026-02-06 15:13:06,23255,3635,1463,1813,64,101,213,1
2026-07-10 04:06:27,https://www.bilibili.com/video/BV1jjF3z3Ern/?spm_id_from=333.1387.favlist.content.click&vd_source=82c7dc283676ff6ca01b24294b7c8a32,21,BV1jjF3z3Ern,【4K精剪】Why Why Why | 杨博文直拍 | 260201,underthepoplar,2026-02-03 05:55:49,69939,11579,5451,5906,298,247,617,1
2026-07-10 04:06:27,https://www.bilibili.com/video/BV1oJVD6BEEW/?spm_id_from=333.1387.favlist.content.click&vd_source=82c7dc283676ff6ca01b24294b7c8a32,22,BV1oJVD6BEEW,Hey Mama 一分钟solo | 杨博文直拍 | 251228,underthepoplar,2026-06-01 02:16:51,32101,4154,1634,2318,66,76,35,1
2026-07-10 04:06:27,https://www.bilibili.com/video/BV16MbLzPETK/?spm_id_from=333.1387.favlist.content.click&vd_source=82c7dc283676ff6ca01b24294b7c8a32,23,BV16MbLzPETK,这是洋娃娃在给我唱歌吧｜杨博文｜雨爱 4K直拍,WIX99,2025-08-11 18:44:28,4163,644,72,333,3,9,3,1
2026-07-10 04:06:27,https://www.bilibili.com/video/BV1nUFFzSE8W/?spm_id_from=333.337.search-card.all.click&vd_source=c9ba0a78401ac34b07f18808dcb060f8,24,BV1nUFFzSE8W,【4K精剪】第二类我 | 杨博文直拍 | 260201,underthepoplar,2026-02-05 03:45:45,37107,5423,3628,2827,206,206,293,1
2026-07-10 04:06:27,https://www.bilibili.com/video/BV1JFZ4BnEiL/?spm_id_from=333.337.search-card.all.click,25,BV1JFZ4BnEiL,【杨博文4K直拍】《希区考克 作品152》20260131丨澳门·荣耀之战演唱会丨四机位,houRlyRambo丨杨博文,2026-02-15 16:50:03,2939,636,136,140,15,9,15,1
2026-07-10 04:06:27,https://www.bilibili.com/video/BV19k61BQE89/?spm_id_from=333.337.search-card.all.click,26,BV19k61BQE89,【杨博文】跟随少年步伐走进悬疑 <希区考克 作品152 >三机位混剪,61strawberry,2026-01-31 18:26:12,10652,1768,514,1387,50,43,10,1
2026-07-10 04:06:27,https://www.bilibili.com/video/BV1oz61B9ECW/?spm_id_from=333.337.search-card.all.click,27,BV1oz61B9ECW,【杨博文｜4K直拍】《希区考克》好帅的舞台,关键时刻来瓶尖叫,2026-01-31 18:18:47,30806,4106,1773,2550,116,122,192,1
2026-07-10 04:06:27,https://www.bilibili.com/video/BV1EGBCBmEo8/?spm_id_from=333.337.search-card.all.click&vd_source=bdf775a036c61c0159ac2f0c251aaeb7,28,BV1EGBCBmEo8,【杨博文｜4K高清直拍】魅魔级别的《Manta》舞台，看博文如何一yeah封神,关键时刻来瓶尖叫,2025-12-27 23:15:44,761203,11959,9315,10532,5899,945,2304,1
2026-07-10 04:06:27,https://www.bilibili.com/video/BV1s8BvBPEN5/?spm_id_from=333.337.search-card.all.click&vd_source=bdf775a036c61c0159ac2f0c251aaeb7,29,BV1s8BvBPEN5,【杨博文｜4K舞台直拍】好运来祝你好运来～博文宝宝祝你新年好运来,关键时刻来瓶尖叫,2025-12-27 00:43:12,1900953,34068,16553,31818,6985,4002,4643,1
2026-07-10 04:06:27,https://www.bilibili.com/video/BV1LiM56WEWb/?spm_id_from=333.337.search-card.all.click,30,BV1LiM56WEWb,【4K精剪】Go in Blind | 杨博文直拍 | 250816 & 250817,underthepoplar,2026-07-09 02:46:30,5014,1321,702,605,24,61,31,2
2026-07-10 05:06:49,https://www.bilibili.com/video/BV1A5vkB2E1k/?spm_id_from=333.1387.favlist.content.click&vd_source=bdf775a036c61c0159ac2f0c251aaeb7,0,BV1A5vkB2E1k,【杨博文】Hey Mama六机位纯舞直拍丨15岁舞台统治者的诞生，四代主舞燃炸全场！,Kismet丨杨博文,2025-12-28 22:28:16,2490300,60874,43034,44230,13052,13455,20540,1
2026-07-10 05:06:49,https://www.bilibili.com/video/BV1XA6nBGEPV/?spm_id_from=333.1387.favlist.content.click&vd_source=bdf775a036c61c0159ac2f0c251aaeb7,1,BV1XA6nBGEPV,【4K精剪】希区考克 作品152 | 杨博文直拍 | 260131,underthepoplar,2026-02-01 00:23:17,1921492,22368,21464,19194,9099,3977,6798,1
2026-07-10 05:06:49,https://www.bilibili.com/video/BV15r61BWESJ/?spm_id_from=333.1387.favlist.content.click&vd_source=bdf775a036c61c0159ac2f0c251aaeb7,2,BV15r61BWESJ,【杨博文】希区考克作品152丨双机位直拍 悬疑与张力碰撞 表管拉满 少年锋芒,Kismet丨杨博文,2026-01-31 18:27:40,541676,18512,10860,15608,931,1082,1224,1
2026-07-10 05:06:49,https://www.bilibili.com/video/BV19y61BnEMM/?spm_id_from=333.1387.favlist.content.click&vd_source=bdf775a036c61c0159ac2f0c251aaeb7,3,BV19y61BnEMM,【杨博文】就这个踢腿爽之 连每一根头发丝都在劲舞｜希区考克 作品152 4k双机位横屏直拍,游园会_杨博文,2026-01-31 18:31:31,418106,14866,9602,12582,1176,1513,2299,1
2026-07-10 05:06:49,https://www.bilibili.com/video/BV1M9ePzaELH/?spm_id_from=333.1387.favlist.content.click&vd_source=bdf775a036c61c0159ac2f0c251aaeb7,4,BV1M9ePzaELH,「杨博文｜卡拉永远OK」突发舞台事故？我怎么没看见,Astra_杨博文,2025-08-19 22:15:30,808693,14300,4537,9569,6482,614,516,1
2026-07-10 05:06:49,https://www.bilibili.com/video/BV1pV9GB6E96/?spm_id_from=333.1387.favlist.content.click&vd_source=bdf775a036c61c0159ac2f0c251aaeb7,5,BV1pV9GB6E96,【4K精剪】Guilty | 杨博文直拍 | 250119,underthepoplar,2026-04-01 02:23:39,49776,9093,2973,5362,241,202,204,1
2026-07-10 05:06:49,https://www.bilibili.com/video/BV1vFwNeKER9/?spm_id_from=333.1387.favlist.content.click&vd_source=bdf775a036c61c0159ac2f0c251aaeb7,6,BV1vFwNeKER9,【杨博文】guilty 4k横屏直拍｜夺命34秒，谁都无法拒绝的Legend级别，建议调大音量食用更加,游园会_杨博文,2025-01-18 22:02:36,263549,16475,8046,14265,1084,850,3091,1
2026-07-10 05:06:49,https://www.bilibili.com/video/BV1MGYnzrE9E/?spm_id_from=333.1387.favlist.content.click&vd_source=bdf775a036c61c0159ac2f0c251aaeb7,7,BV1MGYnzrE9E,杨博文跳 《Centuries》帅到窒息！！竖屏4K直拍,Kismet丨杨博文,2025-08-18 02:15:37,263888,12065,6643,7814,563,950,3369,1
2026-07-10 05:06:49,https://www.bilibili.com/video/BV1DZvDBEEjv/?spm_id_from=333.1387.favlist.content.click&vd_source=bdf775a036c61c0159ac2f0c251aaeb7,8,BV1DZvDBEEjv,终于找到了治愈我每一天的秘方 当你一开嗓 哪怕是夕阳也格外绚烂 ｜【杨博文】黄昏晓4k横屏直拍,游园会_杨博文,2026-01-01 20:53:32,24022,4090,712,2664,35,44,178,1
2026-07-10 05:06:49,https://www.bilibili.com/video/BV1owvqBJEkn/?spm_id_from=333.1387.favlist.content.click&vd_source=bdf775a036c61c0159ac2f0c251aaeb7,9,BV1owvqBJEkn,【杨博文｜黄昏晓】 4K直拍,羊圈主,2025-12-28 00:28:04,18163,4365,1028,1653,70,88,256,1
2026-07-10 05:06:49,https://www.bilibili.com/video/BV1eqY6e1Eec/?spm_id_from=333.1387.favlist.content.click&vd_source=bdf775a036c61c0159ac2f0c251aaeb7,10,BV1eqY6e1Eec,【TF家族-杨博文】蔡依林男粉！？你的杨会扭儿上线｜《看我72变》4K直拍,LOST-杨博文,2024-08-13 05:57:43,99729,10020,1639,5639,430,102,321,1
2026-07-10 05:06:49,https://www.bilibili.com/video/BV1r9BeBZEMu/?spm_id_from=333.1387.favlist.content.click&vd_source=bdf775a036c61c0159ac2f0c251aaeb7,11,BV1r9BeBZEMu,【杨博文｜4K舞台直拍】《爱要坦荡荡》，四代主唱贝斯手玩转乐队，好青春洋溢,关键时刻来瓶尖叫,2025-12-27 00:55:22,36212,4774,745,3177,51,52,64,1
2026-07-10 05:06:49,https://www.bilibili.com/video/BV1Lb6tBBEYC/?spm_id_from=333.1387.favlist.content.click&vd_source=bdf775a036c61c0159ac2f0c251aaeb7,12,BV1Lb6tBBEYC,【4K精剪】闭嘴跳舞 | 杨博文直拍 | 260201,underthepoplar,2026-02-02 00:00:55,270321,21980,13179,16012,1893,1672,2815,1
2026-07-10 05:06:49,https://www.bilibili.com/video/BV1mJ64BREZY/?spm_id_from=333.1387.favlist.content.click&vd_source=bdf775a036c61c0159ac2f0c251aaeb7,13,BV1mJ64BREZY,【杨博文】闭嘴跳舞丨当主舞穿上西装就会得到,Kismet丨杨博文,2026-02-01 18:31:00,512580,32114,3541,23095,180,100,425,1
2026-07-10 05:06:49,https://www.bilibili.com/video/BV15M64BPEVo/?spm_id_from=333.1387.favlist.content.click&vd_source=bdf775a036c61c0159ac2f0c251aaeb7,14,BV15M64BPEVo,【杨博文】舞步是我最有力的武器 请调动所有感官和我一同所向披靡｜闭嘴跳舞4k横屏双机位直拍,游园会_杨博文,2026-02-01 20:09:30,51976,7843,1412,4998,56,38,157,1
2026-07-10 05:06:49,https://www.bilibili.com/video/BV1fWYqzTECD/?spm_id_from=333.1387.favlist.content.click&vd_source=bdf775a036c61c0159ac2f0c251aaeb7,15,BV1fWYqzTECD,绝美堕天使下凡了……｜杨博文｜deja vu 4K直拍,WIX99,2025-08-16 22:18:21,13669,2052,584,892,68,44,115,1
2026-07-10 05:06:49,https://www.bilibili.com/video/BV1Bem3B1EcH/?spm_id_from=333.1387.favlist.content.click&vd_source=bdf775a036c61c0159ac2f0c251aaeb7,16,BV1Bem3B1EcH,【杨博文｜4K舞台直拍】怎么黑衣的《Deja vu》也让人看的停不下来呢,关键时刻来瓶尖叫,2025-12-12 21:30:00,12461,1405,159,1249,19,7,1,1
2026-07-10 05:06:49,https://www.bilibili.com/video/BV11kZyByE81/?spm_id_from=333.1387.favlist.content.click&vd_source=bdf775a036c61c0159ac2f0c251aaeb7,17,BV11kZyByE81,【4K精剪】Deja Vu | 杨博文直拍 | 250816 & 250817,underthepoplar,2026-02-17 20:22:24,48749,7237,3142,3431,375,231,207,1
2026-07-10 05:06:49,https://www.bilibili.com/video/BV1J7Awz8EUZ/?spm_id_from=333.1387.favlist.content.click&vd_source=bdf775a036c61c0159ac2f0c251aaeb7,18,BV1J7Awz8EUZ,自测鸡蛋果,喜欢吃鸡蛋果,2026-03-21 16:17:31,1628,0,0,1,1,0,0,1
2026-07-10 05:06:49,https://www.bilibili.com/video/BV1Xm61BEEnt/?spm_id_from=333.1387.favlist.content.click,19,BV1Xm61BEEnt,【杨博文】致命诱惑<希区考克 作品152> 4k 竖版直拍 Focus,Roseate丨杨博文,2026-01-31 17:54:23,48148,7762,3401,2845,208,259,425,1
2026-07-10 05:06:49,https://www.bilibili.com/video/BV1MtFrzLEqw/?spm_id_from=333.1387.favlist.content.click&vd_source=82c7dc283676ff6ca01b24294b7c8a32,20,BV1MtFrzLEqw,【4K】借过一下 | 杨博文直拍 | 260131,underthepoplar,2026-02-06 15:13:06,23255,3635,1463,1813,64,101,213,1
2026-07-10 05:06:49,https://www.bilibili.com/video/BV1jjF3z3Ern/?spm_id_from=333.1387.favlist.content.click&vd_source=82c7dc283676ff6ca01b24294b7c8a32,21,BV1jjF3z3Ern,【4K精剪】Why Why Why | 杨博文直拍 | 260201,underthepoplar,2026-02-03 05:55:49,69945,11579,5451,5906,298,247,617,1
2026-07-10 05:06:49,https://www.bilibili.com/video/BV1oJVD6BEEW/?spm_id_from=333.1387.favlist.content.click&vd_source=82c7dc283676ff6ca01b24294b7c8a32,22,BV1oJVD6BEEW,Hey Mama 一分钟solo | 杨博文直拍 | 251228,underthepoplar,2026-06-01 02:16:51,32103,4154,1634,2318,66,76,35,1
2026-07-10 05:06:49,https://www.bilibili.com/video/BV16MbLzPETK/?spm_id_from=333.1387.favlist.content.click&vd_source=82c7dc283676ff6ca01b24294b7c8a32,23,BV16MbLzPETK,这是洋娃娃在给我唱歌吧｜杨博文｜雨爱 4K直拍,WIX99,2025-08-11 18:44:28,4165,644,72,333,3,9,3,1
2026-07-10 05:06:49,https://www.bilibili.com/video/BV1nUFFzSE8W/?spm_id_from=333.337.search-card.all.click&vd_source=c9ba0a78401ac34b07f18808dcb060f8,24,BV1nUFFzSE8W,【4K精剪】第二类我 | 杨博文直拍 | 260201,underthepoplar,2026-02-05 03:45:45,37109,5424,3628,2827,206,206,293,1
2026-07-10 05:06:49,https://www.bilibili.com/video/BV1JFZ4BnEiL/?spm_id_from=333.337.search-card.all.click,25,BV1JFZ4BnEiL,【杨博文4K直拍】《希区考克 作品152》20260131丨澳门·荣耀之战演唱会丨四机位,houRlyRambo丨杨博文,2026-02-15 16:50:03,2939,636,136,140,15,9,15,1
2026-07-10 05:06:49,https://www.bilibili.com/video/BV19k61BQE89/?spm_id_from=333.337.search-card.all.click,26,BV19k61BQE89,【杨博文】跟随少年步伐走进悬疑 <希区考克 作品152 >三机位混剪,61strawberry,2026-01-31 18:26:12,10652,1768,514,1387,50,43,10,1
2026-07-10 05:06:49,https://www.bilibili.com/video/BV1oz61B9ECW/?spm_id_from=333.337.search-card.all.click,27,BV1oz61B9ECW,【杨博文｜4K直拍】《希区考克》好帅的舞台,关键时刻来瓶尖叫,2026-01-31 18:18:47,30807,4106,1773,2550,116,122,192,1
2026-07-10 05:06:49,https://www.bilibili.com/video/BV1EGBCBmEo8/?spm_id_from=333.337.search-card.all.click&vd_source=bdf775a036c61c0159ac2f0c251aaeb7,28,BV1EGBCBmEo8,【杨博文｜4K高清直拍】魅魔级别的《Manta》舞台，看博文如何一yeah封神,关键时刻来瓶尖叫,2025-12-27 23:15:44,761230,11959,9315,10532,5900,945,2304,2
2026-07-10 05:06:49,https://www.bilibili.com/video/BV1s8BvBPEN5/?spm_id_from=333.337.search-card.all.click&vd_source=bdf775a036c61c0159ac2f0c251aaeb7,29,BV1s8BvBPEN5,【杨博文｜4K舞台直拍】好运来祝你好运来～博文宝宝祝你新年好运来,关键时刻来瓶尖叫,2025-12-27 00:43:12,1900959,34069,16555,31820,6986,4002,4643,1
2026-07-10 05:06:49,https://www.bilibili.com/video/BV1LiM56WEWb/?spm_id_from=333.337.search-card.all.click,30,BV1LiM56WEWb,【4K精剪】Go in Blind | 杨博文直拍 | 250816 & 250817,underthepoplar,2026-07-09 02:46:30,5047,1324,703,605,24,61,31,2
2026-07-10 06:07:11,https://www.bilibili.com/video/BV1A5vkB2E1k/?spm_id_from=333.1387.favlist.content.click&vd_source=bdf775a036c61c0159ac2f0c251aaeb7,0,BV1A5vkB2E1k,【杨博文】Hey Mama六机位纯舞直拍丨15岁舞台统治者的诞生，四代主舞燃炸全场！,Kismet丨杨博文,2025-12-28 22:28:16,2490323,60874,43034,44230,13054,13455,20540,1
2026-07-10 06:07:11,https://www.bilibili.com/video/BV1XA6nBGEPV/?spm_id_from=333.1387.favlist.content.click&vd_source=bdf775a036c61c0159ac2f0c251aaeb7,1,BV1XA6nBGEPV,【4K精剪】希区考克 作品152 | 杨博文直拍 | 260131,underthepoplar,2026-02-01 00:23:17,1921494,22369,21464,19194,9099,3977,6798,1
2026-07-10 06:07:11,https://www.bilibili.com/video/BV15r61BWESJ/?spm_id_from=333.1387.favlist.content.click&vd_source=bdf775a036c61c0159ac2f0c251aaeb7,2,BV15r61BWESJ,【杨博文】希区考克作品152丨双机位直拍 悬疑与张力碰撞 表管拉满 少年锋芒,Kismet丨杨博文,2026-01-31 18:27:40,541676,18512,10860,15608,931,1082,1224,1
2026-07-10 06:07:11,https://www.bilibili.com/video/BV19y61BnEMM/?spm_id_from=333.1387.favlist.content.click&vd_source=bdf775a036c61c0159ac2f0c251aaeb7,3,BV19y61BnEMM,【杨博文】就这个踢腿爽之 连每一根头发丝都在劲舞｜希区考克 作品152 4k双机位横屏直拍,游园会_杨博文,2026-01-31 18:31:31,418111,14868,9602,12583,1176,1513,2299,1
2026-07-10 06:07:11,https://www.bilibili.com/video/BV1M9ePzaELH/?spm_id_from=333.1387.favlist.content.click&vd_source=bdf775a036c61c0159ac2f0c251aaeb7,4,BV1M9ePzaELH,「杨博文｜卡拉永远OK」突发舞台事故？我怎么没看见,Astra_杨博文,2025-08-19 22:15:30,808696,14300,4537,9569,6483,614,516,1
2026-07-10 06:07:11,https://www.bilibili.com/video/BV1pV9GB6E96/?spm_id_from=333.1387.favlist.content.click&vd_source=bdf775a036c61c0159ac2f0c251aaeb7,5,BV1pV9GB6E96,【4K精剪】Guilty | 杨博文直拍 | 250119,underthepoplar,2026-04-01 02:23:39,49779,9094,2973,5363,241,202,204,1
2026-07-10 06:07:11,https://www.bilibili.com/video/BV1vFwNeKER9/?spm_id_from=333.1387.favlist.content.click&vd_source=bdf775a036c61c0159ac2f0c251aaeb7,6,BV1vFwNeKER9,【杨博文】guilty 4k横屏直拍｜夺命34秒，谁都无法拒绝的Legend级别，建议调大音量食用更加,游园会_杨博文,2025-01-18 22:02:36,263551,16475,8046,14265,1084,850,3091,1
2026-07-10 06:07:11,https://www.bilibili.com/video/BV1MGYnzrE9E/?spm_id_from=333.1387.favlist.content.click&vd_source=bdf775a036c61c0159ac2f0c251aaeb7,7,BV1MGYnzrE9E,杨博文跳 《Centuries》帅到窒息！！竖屏4K直拍,Kismet丨杨博文,2025-08-18 02:15:37,263893,12066,6643,7815,563,950,3369,1
2026-07-10 06:07:11,https://www.bilibili.com/video/BV1DZvDBEEjv/?spm_id_from=333.1387.favlist.content.click&vd_source=bdf775a036c61c0159ac2f0c251aaeb7,8,BV1DZvDBEEjv,终于找到了治愈我每一天的秘方 当你一开嗓 哪怕是夕阳也格外绚烂 ｜【杨博文】黄昏晓4k横屏直拍,游园会_杨博文,2026-01-01 20:53:32,24022,4090,712,2664,35,44,178,1
2026-07-10 06:07:11,https://www.bilibili.com/video/BV1owvqBJEkn/?spm_id_from=333.1387.favlist.content.click&vd_source=bdf775a036c61c0159ac2f0c251aaeb7,9,BV1owvqBJEkn,【杨博文｜黄昏晓】 4K直拍,羊圈主,2025-12-28 00:28:04,18167,4365,1028,1653,70,88,256,1
2026-07-10 06:07:11,https://www.bilibili.com/video/BV1eqY6e1Eec/?spm_id_from=333.1387.favlist.content.click&vd_source=bdf775a036c61c0159ac2f0c251aaeb7,10,BV1eqY6e1Eec,【TF家族-杨博文】蔡依林男粉！？你的杨会扭儿上线｜《看我72变》4K直拍,LOST-杨博文,2024-08-13 05:57:43,99729,10020,1639,5639,430,102,321,1
2026-07-10 06:07:11,https://www.bilibili.com/video/BV1r9BeBZEMu/?spm_id_from=333.1387.favlist.content.click&vd_source=bdf775a036c61c0159ac2f0c251aaeb7,11,BV1r9BeBZEMu,【杨博文｜4K舞台直拍】《爱要坦荡荡》，四代主唱贝斯手玩转乐队，好青春洋溢,关键时刻来瓶尖叫,2025-12-27 00:55:22,36212,4774,745,3177,51,52,64,1
2026-07-10 06:07:11,https://www.bilibili.com/video/BV1Lb6tBBEYC/?spm_id_from=333.1387.favlist.content.click&vd_source=bdf775a036c61c0159ac2f0c251aaeb7,12,BV1Lb6tBBEYC,【4K精剪】闭嘴跳舞 | 杨博文直拍 | 260201,underthepoplar,2026-02-02 00:00:55,270326,21980,13179,16012,1893,1672,2815,2
2026-07-10 06:07:11,https://www.bilibili.com/video/BV1mJ64BREZY/?spm_id_from=333.1387.favlist.content.click&vd_source=bdf775a036c61c0159ac2f0c251aaeb7,13,BV1mJ64BREZY,【杨博文】闭嘴跳舞丨当主舞穿上西装就会得到,Kismet丨杨博文,2026-02-01 18:31:00,512583,32115,3541,23096,180,100,425,1
2026-07-10 06:07:11,https://www.bilibili.com/video/BV15M64BPEVo/?spm_id_from=333.1387.favlist.content.click&vd_source=bdf775a036c61c0159ac2f0c251aaeb7,14,BV15M64BPEVo,【杨博文】舞步是我最有力的武器 请调动所有感官和我一同所向披靡｜闭嘴跳舞4k横屏双机位直拍,游园会_杨博文,2026-02-01 20:09:30,51976,7843,1412,4998,56,38,157,1
2026-07-10 06:07:11,https://www.bilibili.com/video/BV1fWYqzTECD/?spm_id_from=333.1387.favlist.content.click&vd_source=bdf775a036c61c0159ac2f0c251aaeb7,15,BV1fWYqzTECD,绝美堕天使下凡了……｜杨博文｜deja vu 4K直拍,WIX99,2025-08-16 22:18:21,13669,2052,584,892,68,44,115,1
2026-07-10 06:07:11,https://www.bilibili.com/video/BV1Bem3B1EcH/?spm_id_from=333.1387.favlist.content.click&vd_source=bdf775a036c61c0159ac2f0c251aaeb7,16,BV1Bem3B1EcH,【杨博文｜4K舞台直拍】怎么黑衣的《Deja vu》也让人看的停不下来呢,关键时刻来瓶尖叫,2025-12-12 21:30:00,12461,1405,159,1249,19,7,1,1
2026-07-10 06:07:11,https://www.bilibili.com/video/BV11kZyByE81/?spm_id_from=333.1387.favlist.content.click&vd_source=bdf775a036c61c0159ac2f0c251aaeb7,17,BV11kZyByE81,【4K精剪】Deja Vu | 杨博文直拍 | 250816 & 250817,underthepoplar,2026-02-17 20:22:24,48749,7237,3142,3431,375,231,207,1
2026-07-10 06:07:11,https://www.bilibili.com/video/BV1J7Awz8EUZ/?spm_id_from=333.1387.favlist.content.click&vd_source=bdf775a036c61c0159ac2f0c251aaeb7,18,BV1J7Awz8EUZ,自测鸡蛋果,喜欢吃鸡蛋果,2026-03-21 16:17:31,1632,0,0,1,1,0,0,1
2026-07-10 06:07:11,https://www.bilibili.com/video/BV1Xm61BEEnt/?spm_id_from=333.1387.favlist.content.click,19,BV1Xm61BEEnt,【杨博文】致命诱惑<希区考克 作品152> 4k 竖版直拍 Focus,Roseate丨杨博文,2026-01-31 17:54:23,48148,7762,3401,2845,208,259,425,1
2026-07-10 06:07:11,https://www.bilibili.com/video/BV1MtFrzLEqw/?spm_id_from=333.1387.favlist.content.click&vd_source=82c7dc283676ff6ca01b24294b7c8a32,20,BV1MtFrzLEqw,【4K】借过一下 | 杨博文直拍 | 260131,underthepoplar,2026-02-06 15:13:06,23255,3635,1463,1813,64,101,213,1
2026-07-10 06:07:11,https://www.bilibili.com/video/BV1jjF3z3Ern/?spm_id_from=333.1387.favlist.content.click&vd_source=82c7dc283676ff6ca01b24294b7c8a32,21,BV1jjF3z3Ern,【4K精剪】Why Why Why | 杨博文直拍 | 260201,underthepoplar,2026-02-03 05:55:49,69948,11579,5451,5906,298,247,617,1
2026-07-10 06:07:11,https://www.bilibili.com/video/BV1oJVD6BEEW/?spm_id_from=333.1387.favlist.content.click&vd_source=82c7dc283676ff6ca01b24294b7c8a32,22,BV1oJVD6BEEW,Hey Mama 一分钟solo | 杨博文直拍 | 251228,underthepoplar,2026-06-01 02:16:51,32104,4154,1634,2318,66,76,35,1
2026-07-10 06:07:11,https://www.bilibili.com/video/BV16MbLzPETK/?spm_id_from=333.1387.favlist.content.click&vd_source=82c7dc283676ff6ca01b24294b7c8a32,23,BV16MbLzPETK,这是洋娃娃在给我唱歌吧｜杨博文｜雨爱 4K直拍,WIX99,2025-08-11 18:44:28,4165,644,72,333,3,9,3,1
2026-07-10 06:07:11,https://www.bilibili.com/video/BV1nUFFzSE8W/?spm_id_from=333.337.search-card.all.click&vd_source=c9ba0a78401ac34b07f18808dcb060f8,24,BV1nUFFzSE8W,【4K精剪】第二类我 | 杨博文直拍 | 260201,underthepoplar,2026-02-05 03:45:45,37111,5425,3628,2827,206,206,293,1
2026-07-10 06:07:11,https://www.bilibili.com/video/BV1JFZ4BnEiL/?spm_id_from=333.337.search-card.all.click,25,BV1JFZ4BnEiL,【杨博文4K直拍】《希区考克 作品152》20260131丨澳门·荣耀之战演唱会丨四机位,houRlyRambo丨杨博文,2026-02-15 16:50:03,2939,636,136,140,15,9,15,1
2026-07-10 06:07:11,https://www.bilibili.com/video/BV19k61BQE89/?spm_id_from=333.337.search-card.all.click,26,BV19k61BQE89,【杨博文】跟随少年步伐走进悬疑 <希区考克 作品152 >三机位混剪,61strawberry,2026-01-31 18:26:12,10653,1768,514,1387,50,43,10,1
2026-07-10 06:07:11,https://www.bilibili.com/video/BV1oz61B9ECW/?spm_id_from=333.337.search-card.all.click,27,BV1oz61B9ECW,【杨博文｜4K直拍】《希区考克》好帅的舞台,关键时刻来瓶尖叫,2026-01-31 18:18:47,30807,4106,1773,2550,116,122,192,1
2026-07-10 06:07:11,https://www.bilibili.com/video/BV1EGBCBmEo8/?spm_id_from=333.337.search-card.all.click&vd_source=bdf775a036c61c0159ac2f0c251aaeb7,28,BV1EGBCBmEo8,【杨博文｜4K高清直拍】魅魔级别的《Manta》舞台，看博文如何一yeah封神,关键时刻来瓶尖叫,2025-12-27 23:15:44,761249,11959,9315,10532,5902,945,2304,1
2026-07-10 06:07:11,https://www.bilibili.com/video/BV1s8BvBPEN5/?spm_id_from=333.337.search-card.all.click&vd_source=bdf775a036c61c0159ac2f0c251aaeb7,29,BV1s8BvBPEN5,【杨博文｜4K舞台直拍】好运来祝你好运来～博文宝宝祝你新年好运来,关键时刻来瓶尖叫,2025-12-27 00:43:12,1900960,34069,16555,31820,6987,4002,4643,1
2026-07-10 06:07:11,https://www.bilibili.com/video/BV1LiM56WEWb/?spm_id_from=333.337.search-card.all.click,30,BV1LiM56WEWb,【4K精剪】Go in Blind | 杨博文直拍 | 250816 & 250817,underthepoplar,2026-07-09 02:46:30,5062,1327,705,605,24,61,31,1
2026-07-10 07:07:33,https://www.bilibili.com/video/BV1A5vkB2E1k/?spm_id_from=333.1387.favlist.content.click&vd_source=bdf775a036c61c0159ac2f0c251aaeb7,0,BV1A5vkB2E1k,【杨博文】Hey Mama六机位纯舞直拍丨15岁舞台统治者的诞生，四代主舞燃炸全场！,Kismet丨杨博文,2025-12-28 22:28:16,2490345,60874,43034,44230,13061,13455,20540,1
2026-07-10 07:07:33,https://www.bilibili.com/video/BV1XA6nBGEPV/?spm_id_from=333.1387.favlist.content.click&vd_source=bdf775a036c61c0159ac2f0c251aaeb7,1,BV1XA6nBGEPV,【4K精剪】希区考克 作品152 | 杨博文直拍 | 260131,underthepoplar,2026-02-01 00:23:17,1921500,22369,21464,19194,9106,3977,6798,1
2026-07-10 07:07:33,https://www.bilibili.com/video/BV15r61BWESJ/?spm_id_from=333.1387.favlist.content.click&vd_source=bdf775a036c61c0159ac2f0c251aaeb7,2,BV15r61BWESJ,【杨博文】希区考克作品152丨双机位直拍 悬疑与张力碰撞 表管拉满 少年锋芒,Kismet丨杨博文,2026-01-31 18:27:40,541676,18512,10860,15608,931,1082,1224,1
2026-07-10 07:07:33,https://www.bilibili.com/video/BV19y61BnEMM/?spm_id_from=333.1387.favlist.content.click&vd_source=bdf775a036c61c0159ac2f0c251aaeb7,3,BV19y61BnEMM,【杨博文】就这个踢腿爽之 连每一根头发丝都在劲舞｜希区考克 作品152 4k双机位横屏直拍,游园会_杨博文,2026-01-31 18:31:31,418115,14868,9602,12583,1176,1513,2299,1
2026-07-10 07:07:33,https://www.bilibili.com/video/BV1M9ePzaELH/?spm_id_from=333.1387.favlist.content.click&vd_source=bdf775a036c61c0159ac2f0c251aaeb7,4,BV1M9ePzaELH,「杨博文｜卡拉永远OK」突发舞台事故？我怎么没看见,Astra_杨博文,2025-08-19 22:15:30,808700,14300,4537,9569,6489,614,516,1
2026-07-10 07:07:33,https://www.bilibili.com/video/BV1pV9GB6E96/?spm_id_from=333.1387.favlist.content.click&vd_source=bdf775a036c61c0159ac2f0c251aaeb7,5,BV1pV9GB6E96,【4K精剪】Guilty | 杨博文直拍 | 250119,underthepoplar,2026-04-01 02:23:39,49781,9094,2973,5363,241,202,204,1
2026-07-10 07:07:33,https://www.bilibili.com/video/BV1vFwNeKER9/?spm_id_from=333.1387.favlist.content.click&vd_source=bdf775a036c61c0159ac2f0c251aaeb7,6,BV1vFwNeKER9,【杨博文】guilty 4k横屏直拍｜夺命34秒，谁都无法拒绝的Legend级别，建议调大音量食用更加,游园会_杨博文,2025-01-18 22:02:36,263554,16475,8046,14265,1084,850,3091,1
2026-07-10 07:07:33,https://www.bilibili.com/video/BV1MGYnzrE9E/?spm_id_from=333.1387.favlist.content.click&vd_source=bdf775a036c61c0159ac2f0c251aaeb7,7,BV1MGYnzrE9E,杨博文跳 《Centuries》帅到窒息！！竖屏4K直拍,Kismet丨杨博文,2025-08-18 02:15:37,263895,12065,6643,7815,563,950,3369,1
2026-07-10 07:07:33,https://www.bilibili.com/video/BV1DZvDBEEjv/?spm_id_from=333.1387.favlist.content.click&vd_source=bdf775a036c61c0159ac2f0c251aaeb7,8,BV1DZvDBEEjv,终于找到了治愈我每一天的秘方 当你一开嗓 哪怕是夕阳也格外绚烂 ｜【杨博文】黄昏晓4k横屏直拍,游园会_杨博文,2026-01-01 20:53:32,24022,4090,712,2664,35,44,178,1
2026-07-10 07:07:33,https://www.bilibili.com/video/BV1owvqBJEkn/?spm_id_from=333.1387.favlist.content.click&vd_source=bdf775a036c61c0159ac2f0c251aaeb7,9,BV1owvqBJEkn,【杨博文｜黄昏晓】 4K直拍,羊圈主,2025-12-28 00:28:04,18167,4365,1028,1653,70,88,256,1
2026-07-10 07:07:33,https://www.bilibili.com/video/BV1eqY6e1Eec/?spm_id_from=333.1387.favlist.content.click&vd_source=bdf775a036c61c0159ac2f0c251aaeb7,10,BV1eqY6e1Eec,【TF家族-杨博文】蔡依林男粉！？你的杨会扭儿上线｜《看我72变》4K直拍,LOST-杨博文,2024-08-13 05:57:43,99729,10021,1639,5639,430,102,321,1
2026-07-10 07:07:33,https://www.bilibili.com/video/BV1r9BeBZEMu/?spm_id_from=333.1387.favlist.content.click&vd_source=bdf775a036c61c0159ac2f0c251aaeb7,11,BV1r9BeBZEMu,【杨博文｜4K舞台直拍】《爱要坦荡荡》，四代主唱贝斯手玩转乐队，好青春洋溢,关键时刻来瓶尖叫,2025-12-27 00:55:22,36213,4774,745,3178,51,52,64,1
2026-07-10 07:07:33,https://www.bilibili.com/video/BV1Lb6tBBEYC/?spm_id_from=333.1387.favlist.content.click&vd_source=bdf775a036c61c0159ac2f0c251aaeb7,12,BV1Lb6tBBEYC,【4K精剪】闭嘴跳舞 | 杨博文直拍 | 260201,underthepoplar,2026-02-02 00:00:55,270347,21980,13179,16011,1893,1672,2815,1
2026-07-10 07:07:33,https://www.bilibili.com/video/BV1mJ64BREZY/?spm_id_from=333.1387.favlist.content.click&vd_source=bdf775a036c61c0159ac2f0c251aaeb7,13,BV1mJ64BREZY,【杨博文】闭嘴跳舞丨当主舞穿上西装就会得到,Kismet丨杨博文,2026-02-01 18:31:00,512596,32116,3541,23096,180,100,425,1
2026-07-10 07:07:33,https://www.bilibili.com/video/BV15M64BPEVo/?spm_id_from=333.1387.favlist.content.click&vd_source=bdf775a036c61c0159ac2f0c251aaeb7,14,BV15M64BPEVo,【杨博文】舞步是我最有力的武器 请调动所有感官和我一同所向披靡｜闭嘴跳舞4k横屏双机位直拍,游园会_杨博文,2026-02-01 20:09:30,51976,7843,1412,4998,56,38,157,1
2026-07-10 07:07:33,https://www.bilibili.com/video/BV1fWYqzTECD/?spm_id_from=333.1387.favlist.content.click&vd_source=bdf775a036c61c0159ac2f0c251aaeb7,15,BV1fWYqzTECD,绝美堕天使下凡了……｜杨博文｜deja vu 4K直拍,WIX99,2025-08-16 22:18:21,13669,2052,584,892,68,44,115,1
2026-07-10 07:07:33,https://www.bilibili.com/video/BV1Bem3B1EcH/?spm_id_from=333.1387.favlist.content.click&vd_source=bdf775a036c61c0159ac2f0c251aaeb7,16,BV1Bem3B1EcH,【杨博文｜4K舞台直拍】怎么黑衣的《Deja vu》也让人看的停不下来呢,关键时刻来瓶尖叫,2025-12-12 21:30:00,12461,1405,159,1249,19,7,1,1
2026-07-10 07:07:33,https://www.bilibili.com/video/BV11kZyByE81/?spm_id_from=333.1387.favlist.content.click&vd_source=bdf775a036c61c0159ac2f0c251aaeb7,17,BV11kZyByE81,【4K精剪】Deja Vu | 杨博文直拍 | 250816 & 250817,underthepoplar,2026-02-17 20:22:24,48753,7237,3142,3431,375,231,207,1
2026-07-10 07:07:33,https://www.bilibili.com/video/BV1J7Awz8EUZ/?spm_id_from=333.1387.favlist.content.click&vd_source=bdf775a036c61c0159ac2f0c251aaeb7,18,BV1J7Awz8EUZ,自测鸡蛋果,喜欢吃鸡蛋果,2026-03-21 16:17:31,1632,0,0,1,1,0,0,1
2026-07-10 07:07:33,https://www.bilibili.com/video/BV1Xm61BEEnt/?spm_id_from=333.1387.favlist.content.click,19,BV1Xm61BEEnt,【杨博文】致命诱惑<希区考克 作品152> 4k 竖版直拍 Focus,Roseate丨杨博文,2026-01-31 17:54:23,48149,7763,3401,2845,208,259,425,1
2026-07-10 07:07:33,https://www.bilibili.com/video/BV1MtFrzLEqw/?spm_id_from=333.1387.favlist.content.click&vd_source=82c7dc283676ff6ca01b24294b7c8a32,20,BV1MtFrzLEqw,【4K】借过一下 | 杨博文直拍 | 260131,underthepoplar,2026-02-06 15:13:06,23259,3636,1463,1814,64,101,213,1
2026-07-10 07:07:33,https://www.bilibili.com/video/BV1jjF3z3Ern/?spm_id_from=333.1387.favlist.content.click&vd_source=82c7dc283676ff6ca01b24294b7c8a32,21,BV1jjF3z3Ern,【4K精剪】Why Why Why | 杨博文直拍 | 260201,underthepoplar,2026-02-03 05:55:49,69949,11579,5451,5906,298,247,617,1
2026-07-10 07:07:33,https://www.bilibili.com/video/BV1oJVD6BEEW/?spm_id_from=333.1387.favlist.content.click&vd_source=82c7dc283676ff6ca01b24294b7c8a32,22,BV1oJVD6BEEW,Hey Mama 一分钟solo | 杨博文直拍 | 251228,underthepoplar,2026-06-01 02:16:51,32108,4154,1634,2318,66,76,35,1
2026-07-10 07:07:33,https://www.bilibili.com/video/BV16MbLzPETK/?spm_id_from=333.1387.favlist.content.click&vd_source=82c7dc283676ff6ca01b24294b7c8a32,23,BV16MbLzPETK,这是洋娃娃在给我唱歌吧｜杨博文｜雨爱 4K直拍,WIX99,2025-08-11 18:44:28,4165,644,72,333,3,9,3,1
2026-07-10 07:07:33,https://www.bilibili.com/video/BV1nUFFzSE8W/?spm_id_from=333.337.search-card.all.click&vd_source=c9ba0a78401ac34b07f18808dcb060f8,24,BV1nUFFzSE8W,【4K精剪】第二类我 | 杨博文直拍 | 260201,underthepoplar,2026-02-05 03:45:45,37111,5425,3628,2827,206,206,293,1
2026-07-10 07:07:33,https://www.bilibili.com/video/BV1JFZ4BnEiL/?spm_id_from=333.337.search-card.all.click,25,BV1JFZ4BnEiL,【杨博文4K直拍】《希区考克 作品152》20260131丨澳门·荣耀之战演唱会丨四机位,houRlyRambo丨杨博文,2026-02-15 16:50:03,2939,636,136,140,15,9,15,1
2026-07-10 07:07:33,https://www.bilibili.com/video/BV19k61BQE89/?spm_id_from=333.337.search-card.all.click,26,BV19k61BQE89,【杨博文】跟随少年步伐走进悬疑 <希区考克 作品152 >三机位混剪,61strawberry,2026-01-31 18:26:12,10653,1768,514,1387,50,43,10,1
2026-07-10 07:07:33,https://www.bilibili.com/video/BV1oz61B9ECW/?spm_id_from=333.337.search-card.all.click,27,BV1oz61B9ECW,【杨博文｜4K直拍】《希区考克》好帅的舞台,关键时刻来瓶尖叫,2026-01-31 18:18:47,30807,4106,1773,2550,116,122,192,1
2026-07-10 07:07:33,https://www.bilibili.com/video/BV1EGBCBmEo8/?spm_id_from=333.337.search-card.all.click&vd_source=bdf775a036c61c0159ac2f0c251aaeb7,28,BV1EGBCBmEo8,【杨博文｜4K高清直拍】魅魔级别的《Manta》舞台，看博文如何一yeah封神,关键时刻来瓶尖叫,2025-12-27 23:15:44,761263,11959,9315,10532,5907,945,2304,1
2026-07-10 07:07:33,https://www.bilibili.com/video/BV1s8BvBPEN5/?spm_id_from=333.337.search-card.all.click&vd_source=bdf775a036c61c0159ac2f0c251aaeb7,29,BV1s8BvBPEN5,【杨博文｜4K舞台直拍】好运来祝你好运来～博文宝宝祝你新年好运来,关键时刻来瓶尖叫,2025-12-27 00:43:12,1900966,34069,16555,31819,6993,4002,4643,1
2026-07-10 07:07:33,https://www.bilibili.com/video/BV1LiM56WEWb/?spm_id_from=333.337.search-card.all.click,30,BV1LiM56WEWb,【4K精剪】Go in Blind | 杨博文直拍 | 250816 & 250817,underthepoplar,2026-07-09 02:46:30,5112,1334,705,613,24,61,31,3
2026-07-10 08:07:55,https://www.bilibili.com/video/BV1A5vkB2E1k/?spm_id_from=333.1387.favlist.content.click&vd_source=bdf775a036c61c0159ac2f0c251aaeb7,0,BV1A5vkB2E1k,【杨博文】Hey Mama六机位纯舞直拍丨15岁舞台统治者的诞生，四代主舞燃炸全场！,Kismet丨杨博文,2025-12-28 22:28:16,2490372,60874,43034,44230,13062,13455,20540,1
2026-07-10 08:07:55,https://www.bilibili.com/video/BV1XA6nBGEPV/?spm_id_from=333.1387.favlist.content.click&vd_source=bdf775a036c61c0159ac2f0c251aaeb7,1,BV1XA6nBGEPV,【4K精剪】希区考克 作品152 | 杨博文直拍 | 260131,underthepoplar,2026-02-01 00:23:17,1921506,22369,21464,19194,9107,3977,6798,1
2026-07-10 08:07:55,https://www.bilibili.com/video/BV15r61BWESJ/?spm_id_from=333.1387.favlist.content.click&vd_source=bdf775a036c61c0159ac2f0c251aaeb7,2,BV15r61BWESJ,【杨博文】希区考克作品152丨双机位直拍 悬疑与张力碰撞 表管拉满 少年锋芒,Kismet丨杨博文,2026-01-31 18:27:40,541681,18512,10860,15608,931,1082,1224,1
2026-07-10 08:07:55,https://www.bilibili.com/video/BV19y61BnEMM/?spm_id_from=333.1387.favlist.content.click&vd_source=bdf775a036c61c0159ac2f0c251aaeb7,3,BV19y61BnEMM,【杨博文】就这个踢腿爽之 连每一根头发丝都在劲舞｜希区考克 作品152 4k双机位横屏直拍,游园会_杨博文,2026-01-31 18:31:31,418125,14869,9602,12583,1176,1513,2299,1
2026-07-10 08:07:55,https://www.bilibili.com/video/BV1M9ePzaELH/?spm_id_from=333.1387.favlist.content.click&vd_source=bdf775a036c61c0159ac2f0c251aaeb7,4,BV1M9ePzaELH,「杨博文｜卡拉永远OK」突发舞台事故？我怎么没看见,Astra_杨博文,2025-08-19 22:15:30,808702,14300,4537,9569,6489,614,516,1
2026-07-10 08:07:55,https://www.bilibili.com/video/BV1pV9GB6E96/?spm_id_from=333.1387.favlist.content.click&vd_source=bdf775a036c61c0159ac2f0c251aaeb7,5,BV1pV9GB6E96,【4K精剪】Guilty | 杨博文直拍 | 250119,underthepoplar,2026-04-01 02:23:39,49791,9094,2973,5363,241,202,204,1
2026-07-10 08:07:55,https://www.bilibili.com/video/BV1vFwNeKER9/?spm_id_from=333.1387.favlist.content.click&vd_source=bdf775a036c61c0159ac2f0c251aaeb7,6,BV1vFwNeKER9,【杨博文】guilty 4k横屏直拍｜夺命34秒，谁都无法拒绝的Legend级别，建议调大音量食用更加,游园会_杨博文,2025-01-18 22:02:36,263556,16475,8046,14265,1084,850,3091,1
2026-07-10 08:07:55,https://www.bilibili.com/video/BV1MGYnzrE9E/?spm_id_from=333.1387.favlist.content.click&vd_source=bdf775a036c61c0159ac2f0c251aaeb7,7,BV1MGYnzrE9E,杨博文跳 《Centuries》帅到窒息！！竖屏4K直拍,Kismet丨杨博文,2025-08-18 02:15:37,263898,12065,6643,7815,563,950,3369,1
2026-07-10 08:07:55,https://www.bilibili.com/video/BV1DZvDBEEjv/?spm_id_from=333.1387.favlist.content.click&vd_source=bdf775a036c61c0159ac2f0c251aaeb7,8,BV1DZvDBEEjv,终于找到了治愈我每一天的秘方 当你一开嗓 哪怕是夕阳也格外绚烂 ｜【杨博文】黄昏晓4k横屏直拍,游园会_杨博文,2026-01-01 20:53:32,24022,4090,712,2664,35,44,178,1
2026-07-10 08:07:55,https://www.bilibili.com/video/BV1owvqBJEkn/?spm_id_from=333.1387.favlist.content.click&vd_source=bdf775a036c61c0159ac2f0c251aaeb7,9,BV1owvqBJEkn,【杨博文｜黄昏晓】 4K直拍,羊圈主,2025-12-28 00:28:04,18167,4365,1028,1653,70,88,256,1
2026-07-10 08:07:55,https://www.bilibili.com/video/BV1eqY6e1Eec/?spm_id_from=333.1387.favlist.content.click&vd_source=bdf775a036c61c0159ac2f0c251aaeb7,10,BV1eqY6e1Eec,【TF家族-杨博文】蔡依林男粉！？你的杨会扭儿上线｜《看我72变》4K直拍,LOST-杨博文,2024-08-13 05:57:43,99730,10020,1639,5639,430,102,321,1
2026-07-10 08:07:55,https://www.bilibili.com/video/BV1r9BeBZEMu/?spm_id_from=333.1387.favlist.content.click&vd_source=bdf775a036c61c0159ac2f0c251aaeb7,11,BV1r9BeBZEMu,【杨博文｜4K舞台直拍】《爱要坦荡荡》，四代主唱贝斯手玩转乐队，好青春洋溢,关键时刻来瓶尖叫,2025-12-27 00:55:22,36213,4774,745,3178,51,52,64,1
2026-07-10 08:07:55,https://www.bilibili.com/video/BV1Lb6tBBEYC/?spm_id_from=333.1387.favlist.content.click&vd_source=bdf775a036c61c0159ac2f0c251aaeb7,12,BV1Lb6tBBEYC,【4K精剪】闭嘴跳舞 | 杨博文直拍 | 260201,underthepoplar,2026-02-02 00:00:55,270414,21983,13179,16015,1893,1672,2815,3
2026-07-10 08:07:55,https://www.bilibili.com/video/BV1mJ64BREZY/?spm_id_from=333.1387.favlist.content.click&vd_source=bdf775a036c61c0159ac2f0c251aaeb7,13,BV1mJ64BREZY,【杨博文】闭嘴跳舞丨当主舞穿上西装就会得到,Kismet丨杨博文,2026-02-01 18:31:00,512650,32122,3541,23100,180,100,425,1
2026-07-10 08:07:55,https://www.bilibili.com/video/BV15M64BPEVo/?spm_id_from=333.1387.favlist.content.click&vd_source=bdf775a036c61c0159ac2f0c251aaeb7,14,BV15M64BPEVo,【杨博文】舞步是我最有力的武器 请调动所有感官和我一同所向披靡｜闭嘴跳舞4k横屏双机位直拍,游园会_杨博文,2026-02-01 20:09:30,51977,7844,1412,4999,56,38,157,1
2026-07-10 08:07:55,https://www.bilibili.com/video/BV1fWYqzTECD/?spm_id_from=333.1387.favlist.content.click&vd_source=bdf775a036c61c0159ac2f0c251aaeb7,15,BV1fWYqzTECD,绝美堕天使下凡了……｜杨博文｜deja vu 4K直拍,WIX99,2025-08-16 22:18:21,13670,2052,584,892,68,44,115,1
2026-07-10 08:07:55,https://www.bilibili.com/video/BV1Bem3B1EcH/?spm_id_from=333.1387.favlist.content.click&vd_source=bdf775a036c61c0159ac2f0c251aaeb7,16,BV1Bem3B1EcH,【杨博文｜4K舞台直拍】怎么黑衣的《Deja vu》也让人看的停不下来呢,关键时刻来瓶尖叫,2025-12-12 21:30:00,12461,1405,159,1249,19,7,1,1
2026-07-10 08:07:55,https://www.bilibili.com/video/BV11kZyByE81/?spm_id_from=333.1387.favlist.content.click&vd_source=bdf775a036c61c0159ac2f0c251aaeb7,17,BV11kZyByE81,【4K精剪】Deja Vu | 杨博文直拍 | 250816 & 250817,underthepoplar,2026-02-17 20:22:24,48760,7237,3142,3431,375,231,207,1
2026-07-10 08:07:55,https://www.bilibili.com/video/BV1J7Awz8EUZ/?spm_id_from=333.1387.favlist.content.click&vd_source=bdf775a036c61c0159ac2f0c251aaeb7,18,BV1J7Awz8EUZ,自测鸡蛋果,喜欢吃鸡蛋果,2026-03-21 16:17:31,1632,0,0,1,1,0,0,1
2026-07-10 08:07:55,https://www.bilibili.com/video/BV1Xm61BEEnt/?spm_id_from=333.1387.favlist.content.click,19,BV1Xm61BEEnt,【杨博文】致命诱惑<希区考克 作品152> 4k 竖版直拍 Focus,Roseate丨杨博文,2026-01-31 17:54:23,48149,7763,3401,2845,208,259,425,1
2026-07-10 08:07:55,https://www.bilibili.com/video/BV1MtFrzLEqw/?spm_id_from=333.1387.favlist.content.click&vd_source=82c7dc283676ff6ca01b24294b7c8a32,20,BV1MtFrzLEqw,【4K】借过一下 | 杨博文直拍 | 260131,underthepoplar,2026-02-06 15:13:06,23262,3636,1463,1814,64,101,213,1
2026-07-10 08:07:55,https://www.bilibili.com/video/BV1jjF3z3Ern/?spm_id_from=333.1387.favlist.content.click&vd_source=82c7dc283676ff6ca01b24294b7c8a32,21,BV1jjF3z3Ern,【4K精剪】Why Why Why | 杨博文直拍 | 260201,underthepoplar,2026-02-03 05:55:49,69955,11581,5451,5908,298,247,617,1
2026-07-10 08:07:55,https://www.bilibili.com/video/BV1oJVD6BEEW/?spm_id_from=333.1387.favlist.content.click&vd_source=82c7dc283676ff6ca01b24294b7c8a32,22,BV1oJVD6BEEW,Hey Mama 一分钟solo | 杨博文直拍 | 251228,underthepoplar,2026-06-01 02:16:51,32113,4154,1634,2318,66,76,35,1
2026-07-10 08:07:55,https://www.bilibili.com/video/BV16MbLzPETK/?spm_id_from=333.1387.favlist.content.click&vd_source=82c7dc283676ff6ca01b24294b7c8a32,23,BV16MbLzPETK,这是洋娃娃在给我唱歌吧｜杨博文｜雨爱 4K直拍,WIX99,2025-08-11 18:44:28,4165,644,72,333,3,9,3,1
2026-07-10 08:07:55,https://www.bilibili.com/video/BV1nUFFzSE8W/?spm_id_from=333.337.search-card.all.click&vd_source=c9ba0a78401ac34b07f18808dcb060f8,24,BV1nUFFzSE8W,【4K精剪】第二类我 | 杨博文直拍 | 260201,underthepoplar,2026-02-05 03:45:45,37114,5425,3628,2827,206,206,293,1
2026-07-10 08:07:55,https://www.bilibili.com/video/BV1JFZ4BnEiL/?spm_id_from=333.337.search-card.all.click,25,BV1JFZ4BnEiL,【杨博文4K直拍】《希区考克 作品152》20260131丨澳门·荣耀之战演唱会丨四机位,houRlyRambo丨杨博文,2026-02-15 16:50:03,2939,636,136,140,15,9,15,1
2026-07-10 08:07:55,https://www.bilibili.com/video/BV19k61BQE89/?spm_id_from=333.337.search-card.all.click,26,BV19k61BQE89,【杨博文】跟随少年步伐走进悬疑 <希区考克 作品152 >三机位混剪,61strawberry,2026-01-31 18:26:12,10653,1768,514,1387,50,43,10,1
2026-07-10 08:07:55,https://www.bilibili.com/video/BV1oz61B9ECW/?spm_id_from=333.337.search-card.all.click,27,BV1oz61B9ECW,【杨博文｜4K直拍】《希区考克》好帅的舞台,关键时刻来瓶尖叫,2026-01-31 18:18:47,30807,4106,1773,2550,116,122,192,1
2026-07-10 08:07:55,https://www.bilibili.com/video/BV1EGBCBmEo8/?spm_id_from=333.337.search-card.all.click&vd_source=bdf775a036c61c0159ac2f0c251aaeb7,28,BV1EGBCBmEo8,【杨博文｜4K高清直拍】魅魔级别的《Manta》舞台，看博文如何一yeah封神,关键时刻来瓶尖叫,2025-12-27 23:15:44,761274,11959,9315,10532,5909,945,2304,1
2026-07-10 08:07:55,https://www.bilibili.com/video/BV1s8BvBPEN5/?spm_id_from=333.337.search-card.all.click&vd_source=bdf775a036c61c0159ac2f0c251aaeb7,29,BV1s8BvBPEN5,【杨博文｜4K舞台直拍】好运来祝你好运来～博文宝宝祝你新年好运来,关键时刻来瓶尖叫,2025-12-27 00:43:12,1900970,34069,16555,31819,6994,4002,4643,1
2026-07-10 08:07:55,https://www.bilibili.com/video/BV1LiM56WEWb/?spm_id_from=333.337.search-card.all.click,30,BV1LiM56WEWb,【4K精剪】Go in Blind | 杨博文直拍 | 250816 & 250817,underthepoplar,2026-07-09 02:46:30,5251,1362,713,630,24,61,31,3
2026-07-10 09:08:17,https://www.bilibili.com/video/BV1A5vkB2E1k/?spm_id_from=333.1387.favlist.content.click&vd_source=bdf775a036c61c0159ac2f0c251aaeb7,0,BV1A5vkB2E1k,【杨博文】Hey Mama六机位纯舞直拍丨15岁舞台统治者的诞生，四代主舞燃炸全场！,Kismet丨杨博文,2025-12-28 22:28:16,2490403,60875,43034,44230,13068,13455,20540,1
2026-07-10 09:08:17,https://www.bilibili.com/video/BV1XA6nBGEPV/?spm_id_from=333.1387.favlist.content.click&vd_source=bdf775a036c61c0159ac2f0c251aaeb7,1,BV1XA6nBGEPV,【4K精剪】希区考克 作品152 | 杨博文直拍 | 260131,underthepoplar,2026-02-01 00:23:17,1921518,22371,21464,19194,9113,3977,6798,1
2026-07-10 09:08:17,https://www.bilibili.com/video/BV15r61BWESJ/?spm_id_from=333.1387.favlist.content.click&vd_source=bdf775a036c61c0159ac2f0c251aaeb7,2,BV15r61BWESJ,【杨博文】希区考克作品152丨双机位直拍 悬疑与张力碰撞 表管拉满 少年锋芒,Kismet丨杨博文,2026-01-31 18:27:40,541698,18513,10860,15610,931,1082,1224,1
2026-07-10 09:08:17,https://www.bilibili.com/video/BV19y61BnEMM/?spm_id_from=333.1387.favlist.content.click&vd_source=bdf775a036c61c0159ac2f0c251aaeb7,3,BV19y61BnEMM,【杨博文】就这个踢腿爽之 连每一根头发丝都在劲舞｜希区考克 作品152 4k双机位横屏直拍,游园会_杨博文,2026-01-31 18:31:31,418147,14869,9602,12582,1176,1513,2299,1
2026-07-10 09:08:17,https://www.bilibili.com/video/BV1M9ePzaELH/?spm_id_from=333.1387.favlist.content.click&vd_source=bdf775a036c61c0159ac2f0c251aaeb7,4,BV1M9ePzaELH,「杨博文｜卡拉永远OK」突发舞台事故？我怎么没看见,Astra_杨博文,2025-08-19 22:15:30,808711,14300,4537,9569,6496,614,516,1
2026-07-10 09:08:17,https://www.bilibili.com/video/BV1pV9GB6E96/?spm_id_from=333.1387.favlist.content.click&vd_source=bdf775a036c61c0159ac2f0c251aaeb7,5,BV1pV9GB6E96,【4K精剪】Guilty | 杨博文直拍 | 250119,underthepoplar,2026-04-01 02:23:39,49809,9095,2973,5364,241,202,204,1
2026-07-10 09:08:17,https://www.bilibili.com/video/BV1vFwNeKER9/?spm_id_from=333.1387.favlist.content.click&vd_source=bdf775a036c61c0159ac2f0c251aaeb7,6,BV1vFwNeKER9,【杨博文】guilty 4k横屏直拍｜夺命34秒，谁都无法拒绝的Legend级别，建议调大音量食用更加,游园会_杨博文,2025-01-18 22:02:36,263561,16475,8046,14265,1084,850,3091,1
2026-07-10 09:08:17,https://www.bilibili.com/video/BV1MGYnzrE9E/?spm_id_from=333.1387.favlist.content.click&vd_source=bdf775a036c61c0159ac2f0c251aaeb7,7,BV1MGYnzrE9E,杨博文跳 《Centuries》帅到窒息！！竖屏4K直拍,Kismet丨杨博文,2025-08-18 02:15:37,263901,12065,6643,7815,563,950,3369,1
2026-07-10 09:08:17,https://www.bilibili.com/video/BV1DZvDBEEjv/?spm_id_from=333.1387.favlist.content.click&vd_source=bdf775a036c61c0159ac2f0c251aaeb7,8,BV1DZvDBEEjv,终于找到了治愈我每一天的秘方 当你一开嗓 哪怕是夕阳也格外绚烂 ｜【杨博文】黄昏晓4k横屏直拍,游园会_杨博文,2026-01-01 20:53:32,24023,4090,712,2664,35,44,178,1
2026-07-10 09:08:17,https://www.bilibili.com/video/BV1owvqBJEkn/?spm_id_from=333.1387.favlist.content.click&vd_source=bdf775a036c61c0159ac2f0c251aaeb7,9,BV1owvqBJEkn,【杨博文｜黄昏晓】 4K直拍,羊圈主,2025-12-28 00:28:04,18167,4365,1028,1653,70,88,256,1
2026-07-10 09:08:17,https://www.bilibili.com/video/BV1eqY6e1Eec/?spm_id_from=333.1387.favlist.content.click&vd_source=bdf775a036c61c0159ac2f0c251aaeb7,10,BV1eqY6e1Eec,【TF家族-杨博文】蔡依林男粉！？你的杨会扭儿上线｜《看我72变》4K直拍,LOST-杨博文,2024-08-13 05:57:43,99731,10022,1639,5640,430,102,321,1
2026-07-10 09:08:17,https://www.bilibili.com/video/BV1r9BeBZEMu/?spm_id_from=333.1387.favlist.content.click&vd_source=bdf775a036c61c0159ac2f0c251aaeb7,11,BV1r9BeBZEMu,【杨博文｜4K舞台直拍】《爱要坦荡荡》，四代主唱贝斯手玩转乐队，好青春洋溢,关键时刻来瓶尖叫,2025-12-27 00:55:22,36214,4774,745,3178,51,52,64,1
2026-07-10 09:08:17,https://www.bilibili.com/video/BV1Lb6tBBEYC/?spm_id_from=333.1387.favlist.content.click&vd_source=bdf775a036c61c0159ac2f0c251aaeb7,12,BV1Lb6tBBEYC,【4K精剪】闭嘴跳舞 | 杨博文直拍 | 260201,underthepoplar,2026-02-02 00:00:55,270561,21991,13179,16022,1893,1672,2815,7
2026-07-10 09:08:17,https://www.bilibili.com/video/BV1mJ64BREZY/?spm_id_from=333.1387.favlist.content.click&vd_source=bdf775a036c61c0159ac2f0c251aaeb7,13,BV1mJ64BREZY,【杨博文】闭嘴跳舞丨当主舞穿上西装就会得到,Kismet丨杨博文,2026-02-01 18:31:00,512749,32125,3541,23102,180,100,425,3
2026-07-10 09:08:17,https://www.bilibili.com/video/BV15M64BPEVo/?spm_id_from=333.1387.favlist.content.click&vd_source=bdf775a036c61c0159ac2f0c251aaeb7,14,BV15M64BPEVo,【杨博文】舞步是我最有力的武器 请调动所有感官和我一同所向披靡｜闭嘴跳舞4k横屏双机位直拍,游园会_杨博文,2026-02-01 20:09:30,51980,7845,1412,4999,56,38,157,1
2026-07-10 09:08:17,https://www.bilibili.com/video/BV1fWYqzTECD/?spm_id_from=333.1387.favlist.content.click&vd_source=bdf775a036c61c0159ac2f0c251aaeb7,15,BV1fWYqzTECD,绝美堕天使下凡了……｜杨博文｜deja vu 4K直拍,WIX99,2025-08-16 22:18:21,13670,2052,584,892,68,44,115,1
2026-07-10 09:08:17,https://www.bilibili.com/video/BV1Bem3B1EcH/?spm_id_from=333.1387.favlist.content.click&vd_source=bdf775a036c61c0159ac2f0c251aaeb7,16,BV1Bem3B1EcH,【杨博文｜4K舞台直拍】怎么黑衣的《Deja vu》也让人看的停不下来呢,关键时刻来瓶尖叫,2025-12-12 21:30:00,12461,1405,159,1249,19,7,1,1
2026-07-10 09:08:17,https://www.bilibili.com/video/BV11kZyByE81/?spm_id_from=333.1387.favlist.content.click&vd_source=bdf775a036c61c0159ac2f0c251aaeb7,17,BV11kZyByE81,【4K精剪】Deja Vu | 杨博文直拍 | 250816 & 250817,underthepoplar,2026-02-17 20:22:24,48768,7239,3142,3432,375,231,207,1
2026-07-10 09:08:17,https://www.bilibili.com/video/BV1J7Awz8EUZ/?spm_id_from=333.1387.favlist.content.click&vd_source=bdf775a036c61c0159ac2f0c251aaeb7,18,BV1J7Awz8EUZ,自测鸡蛋果,喜欢吃鸡蛋果,2026-03-21 16:17:31,1632,0,0,1,1,0,0,1
2026-07-10 09:08:17,https://www.bilibili.com/video/BV1Xm61BEEnt/?spm_id_from=333.1387.favlist.content.click,19,BV1Xm61BEEnt,【杨博文】致命诱惑<希区考克 作品152> 4k 竖版直拍 Focus,Roseate丨杨博文,2026-01-31 17:54:23,48152,7764,3401,2845,208,259,425,1
2026-07-10 09:08:17,https://www.bilibili.com/video/BV1MtFrzLEqw/?spm_id_from=333.1387.favlist.content.click&vd_source=82c7dc283676ff6ca01b24294b7c8a32,20,BV1MtFrzLEqw,【4K】借过一下 | 杨博文直拍 | 260131,underthepoplar,2026-02-06 15:13:06,23272,3639,1463,1815,64,101,213,1
2026-07-10 09:08:17,https://www.bilibili.com/video/BV1jjF3z3Ern/?spm_id_from=333.1387.favlist.content.click&vd_source=82c7dc283676ff6ca01b24294b7c8a32,21,BV1jjF3z3Ern,【4K精剪】Why Why Why | 杨博文直拍 | 260201,underthepoplar,2026-02-03 05:55:49,69968,11583,5451,5909,298,247,617,1
2026-07-10 09:08:17,https://www.bilibili.com/video/BV1oJVD6BEEW/?spm_id_from=333.1387.favlist.content.click&vd_source=82c7dc283676ff6ca01b24294b7c8a32,22,BV1oJVD6BEEW,Hey Mama 一分钟solo | 杨博文直拍 | 251228,underthepoplar,2026-06-01 02:16:51,32123,4154,1634,2318,66,76,35,1
2026-07-10 09:08:17,https://www.bilibili.com/video/BV16MbLzPETK/?spm_id_from=333.1387.favlist.content.click&vd_source=82c7dc283676ff6ca01b24294b7c8a32,23,BV16MbLzPETK,这是洋娃娃在给我唱歌吧｜杨博文｜雨爱 4K直拍,WIX99,2025-08-11 18:44:28,4165,644,72,333,3,9,3,1
2026-07-10 09:08:17,https://www.bilibili.com/video/BV1nUFFzSE8W/?spm_id_from=333.337.search-card.all.click&vd_source=c9ba0a78401ac34b07f18808dcb060f8,24,BV1nUFFzSE8W,【4K精剪】第二类我 | 杨博文直拍 | 260201,underthepoplar,2026-02-05 03:45:45,37122,5425,3628,2827,206,206,293,1
2026-07-10 09:08:17,https://www.bilibili.com/video/BV1JFZ4BnEiL/?spm_id_from=333.337.search-card.all.click,25,BV1JFZ4BnEiL,【杨博文4K直拍】《希区考克 作品152》20260131丨澳门·荣耀之战演唱会丨四机位,houRlyRambo丨杨博文,2026-02-15 16:50:03,2939,636,136,140,15,9,15,1
2026-07-10 09:08:17,https://www.bilibili.com/video/BV19k61BQE89/?spm_id_from=333.337.search-card.all.click,26,BV19k61BQE89,【杨博文】跟随少年步伐走进悬疑 <希区考克 作品152 >三机位混剪,61strawberry,2026-01-31 18:26:12,10656,1768,514,1386,50,43,10,1
2026-07-10 09:08:17,https://www.bilibili.com/video/BV1oz61B9ECW/?spm_id_from=333.337.search-card.all.click,27,BV1oz61B9ECW,【杨博文｜4K直拍】《希区考克》好帅的舞台,关键时刻来瓶尖叫,2026-01-31 18:18:47,30808,4106,1773,2550,116,122,192,1
2026-07-10 09:08:17,https://www.bilibili.com/video/BV1EGBCBmEo8/?spm_id_from=333.337.search-card.all.click&vd_source=bdf775a036c61c0159ac2f0c251aaeb7,28,BV1EGBCBmEo8,【杨博文｜4K高清直拍】魅魔级别的《Manta》舞台，看博文如何一yeah封神,关键时刻来瓶尖叫,2025-12-27 23:15:44,761282,11959,9315,10532,5914,945,2304,1
2026-07-10 09:08:17,https://www.bilibili.com/video/BV1s8BvBPEN5/?spm_id_from=333.337.search-card.all.click&vd_source=bdf775a036c61c0159ac2f0c251aaeb7,29,BV1s8BvBPEN5,【杨博文｜4K舞台直拍】好运来祝你好运来～博文宝宝祝你新年好运来,关键时刻来瓶尖叫,2025-12-27 00:43:12,1900979,34069,16555,31819,7000,4002,4643,1
2026-07-10 09:08:17,https://www.bilibili.com/video/BV1LiM56WEWb/?spm_id_from=333.337.search-card.all.click,30,BV1LiM56WEWb,【4K精剪】Go in Blind | 杨博文直拍 | 250816 & 250817,underthepoplar,2026-07-09 02:46:30,5465,1392,714,655,24,61,31,7
2026-07-10 10:08:39,https://www.bilibili.com/video/BV1A5vkB2E1k/?spm_id_from=333.1387.favlist.content.click&vd_source=bdf775a036c61c0159ac2f0c251aaeb7,0,BV1A5vkB2E1k,【杨博文】Hey Mama六机位纯舞直拍丨15岁舞台统治者的诞生，四代主舞燃炸全场！,Kismet丨杨博文,2025-12-28 22:28:16,2490443,60877,43038,44230,13069,13455,20540,1
2026-07-10 10:08:39,https://www.bilibili.com/video/BV1XA6nBGEPV/?spm_id_from=333.1387.favlist.content.click&vd_source=bdf775a036c61c0159ac2f0c251aaeb7,1,BV1XA6nBGEPV,【4K精剪】希区考克 作品152 | 杨博文直拍 | 260131,underthepoplar,2026-02-01 00:23:17,1921527,22372,21464,19194,9114,3977,6798,1
2026-07-10 10:08:39,https://www.bilibili.com/video/BV15r61BWESJ/?spm_id_from=333.1387.favlist.content.click&vd_source=bdf775a036c61c0159ac2f0c251aaeb7,2,BV15r61BWESJ,【杨博文】希区考克作品152丨双机位直拍 悬疑与张力碰撞 表管拉满 少年锋芒,Kismet丨杨博文,2026-01-31 18:27:40,541722,18516,10860,15611,931,1082,1224,1
2026-07-10 10:08:39,https://www.bilibili.com/video/BV19y61BnEMM/?spm_id_from=333.1387.favlist.content.click&vd_source=bdf775a036c61c0159ac2f0c251aaeb7,3,BV19y61BnEMM,【杨博文】就这个踢腿爽之 连每一根头发丝都在劲舞｜希区考克 作品152 4k双机位横屏直拍,游园会_杨博文,2026-01-31 18:31:31,418180,14875,9604,12585,1176,1513,2299,1
2026-07-10 10:08:39,https://www.bilibili.com/video/BV1M9ePzaELH/?spm_id_from=333.1387.favlist.content.click&vd_source=bdf775a036c61c0159ac2f0c251aaeb7,4,BV1M9ePzaELH,「杨博文｜卡拉永远OK」突发舞台事故？我怎么没看见,Astra_杨博文,2025-08-19 22:15:30,808719,14300,4537,9569,6497,614,516,1
2026-07-10 10:08:39,https://www.bilibili.com/video/BV1pV9GB6E96/?spm_id_from=333.1387.favlist.content.click&vd_source=bdf775a036c61c0159ac2f0c251aaeb7,5,BV1pV9GB6E96,【4K精剪】Guilty | 杨博文直拍 | 250119,underthepoplar,2026-04-01 02:23:39,49822,9097,2973,5367,241,202,204,1
2026-07-10 10:08:39,https://www.bilibili.com/video/BV1vFwNeKER9/?spm_id_from=333.1387.favlist.content.click&vd_source=bdf775a036c61c0159ac2f0c251aaeb7,6,BV1vFwNeKER9,【杨博文】guilty 4k横屏直拍｜夺命34秒，谁都无法拒绝的Legend级别，建议调大音量食用更加,游园会_杨博文,2025-01-18 22:02:36,263564,16475,8046,14265,1084,850,3091,1
2026-07-10 10:08:39,https://www.bilibili.com/video/BV1MGYnzrE9E/?spm_id_from=333.1387.favlist.content.click&vd_source=bdf775a036c61c0159ac2f0c251aaeb7,7,BV1MGYnzrE9E,杨博文跳 《Centuries》帅到窒息！！竖屏4K直拍,Kismet丨杨博文,2025-08-18 02:15:37,263902,12066,6643,7815,563,950,3369,1
2026-07-10 10:08:39,https://www.bilibili.com/video/BV1DZvDBEEjv/?spm_id_from=333.1387.favlist.content.click&vd_source=bdf775a036c61c0159ac2f0c251aaeb7,8,BV1DZvDBEEjv,终于找到了治愈我每一天的秘方 当你一开嗓 哪怕是夕阳也格外绚烂 ｜【杨博文】黄昏晓4k横屏直拍,游园会_杨博文,2026-01-01 20:53:32,24024,4090,712,2664,35,44,178,1
2026-07-10 10:08:39,https://www.bilibili.com/video/BV1owvqBJEkn/?spm_id_from=333.1387.favlist.content.click&vd_source=bdf775a036c61c0159ac2f0c251aaeb7,9,BV1owvqBJEkn,【杨博文｜黄昏晓】 4K直拍,羊圈主,2025-12-28 00:28:04,18167,4365,1028,1653,70,88,256,1
2026-07-10 10:08:39,https://www.bilibili.com/video/BV1eqY6e1Eec/?spm_id_from=333.1387.favlist.content.click&vd_source=bdf775a036c61c0159ac2f0c251aaeb7,10,BV1eqY6e1Eec,【TF家族-杨博文】蔡依林男粉！？你的杨会扭儿上线｜《看我72变》4K直拍,LOST-杨博文,2024-08-13 05:57:43,99732,10022,1639,5640,430,102,321,1
2026-07-10 10:08:39,https://www.bilibili.com/video/BV1r9BeBZEMu/?spm_id_from=333.1387.favlist.content.click&vd_source=bdf775a036c61c0159ac2f0c251aaeb7,11,BV1r9BeBZEMu,【杨博文｜4K舞台直拍】《爱要坦荡荡》，四代主唱贝斯手玩转乐队，好青春洋溢,关键时刻来瓶尖叫,2025-12-27 00:55:22,36214,4774,745,3177,51,52,64,1
2026-07-10 10:08:39,https://www.bilibili.com/video/BV1Lb6tBBEYC/?spm_id_from=333.1387.favlist.content.click&vd_source=bdf775a036c61c0159ac2f0c251aaeb7,12,BV1Lb6tBBEYC,【4K精剪】闭嘴跳舞 | 杨博文直拍 | 260201,underthepoplar,2026-02-02 00:00:55,270756,21999,13181,16030,1893,1672,2815,2
2026-07-10 10:08:39,https://www.bilibili.com/video/BV1mJ64BREZY/?spm_id_from=333.1387.favlist.content.click&vd_source=bdf775a036c61c0159ac2f0c251aaeb7,13,BV1mJ64BREZY,【杨博文】闭嘴跳舞丨当主舞穿上西装就会得到,Kismet丨杨博文,2026-02-01 18:31:00,512983,32131,3541,23106,180,100,425,4
2026-07-10 10:08:39,https://www.bilibili.com/video/BV15M64BPEVo/?spm_id_from=333.1387.favlist.content.click&vd_source=bdf775a036c61c0159ac2f0c251aaeb7,14,BV15M64BPEVo,【杨博文】舞步是我最有力的武器 请调动所有感官和我一同所向披靡｜闭嘴跳舞4k横屏双机位直拍,游园会_杨博文,2026-02-01 20:09:30,51983,7845,1412,4998,56,38,157,1
2026-07-10 10:08:39,https://www.bilibili.com/video/BV1fWYqzTECD/?spm_id_from=333.1387.favlist.content.click&vd_source=bdf775a036c61c0159ac2f0c251aaeb7,15,BV1fWYqzTECD,绝美堕天使下凡了……｜杨博文｜deja vu 4K直拍,WIX99,2025-08-16 22:18:21,13671,2052,584,892,68,44,115,1
2026-07-10 10:08:39,https://www.bilibili.com/video/BV1Bem3B1EcH/?spm_id_from=333.1387.favlist.content.click&vd_source=bdf775a036c61c0159ac2f0c251aaeb7,16,BV1Bem3B1EcH,【杨博文｜4K舞台直拍】怎么黑衣的《Deja vu》也让人看的停不下来呢,关键时刻来瓶尖叫,2025-12-12 21:30:00,12461,1405,159,1249,19,7,1,1
2026-07-10 10:08:39,https://www.bilibili.com/video/BV11kZyByE81/?spm_id_from=333.1387.favlist.content.click&vd_source=bdf775a036c61c0159ac2f0c251aaeb7,17,BV11kZyByE81,【4K精剪】Deja Vu | 杨博文直拍 | 250816 & 250817,underthepoplar,2026-02-17 20:22:24,48776,7241,3144,3432,375,231,207,1
2026-07-10 10:08:39,https://www.bilibili.com/video/BV1J7Awz8EUZ/?spm_id_from=333.1387.favlist.content.click&vd_source=bdf775a036c61c0159ac2f0c251aaeb7,18,BV1J7Awz8EUZ,自测鸡蛋果,喜欢吃鸡蛋果,2026-03-21 16:17:31,1632,0,0,1,1,0,0,1
2026-07-10 10:08:39,https://www.bilibili.com/video/BV1Xm61BEEnt/?spm_id_from=333.1387.favlist.content.click,19,BV1Xm61BEEnt,【杨博文】致命诱惑<希区考克 作品152> 4k 竖版直拍 Focus,Roseate丨杨博文,2026-01-31 17:54:23,48154,7765,3401,2845,208,259,425,1
2026-07-10 10:08:39,https://www.bilibili.com/video/BV1MtFrzLEqw/?spm_id_from=333.1387.favlist.content.click&vd_source=82c7dc283676ff6ca01b24294b7c8a32,20,BV1MtFrzLEqw,【4K】借过一下 | 杨博文直拍 | 260131,underthepoplar,2026-02-06 15:13:06,23286,3640,1463,1815,64,101,213,1
2026-07-10 10:08:39,https://www.bilibili.com/video/BV1jjF3z3Ern/?spm_id_from=333.1387.favlist.content.click&vd_source=82c7dc283676ff6ca01b24294b7c8a32,21,BV1jjF3z3Ern,【4K精剪】Why Why Why | 杨博文直拍 | 260201,underthepoplar,2026-02-03 05:55:49,69986,11586,5451,5910,298,247,617,1
2026-07-10 10:08:39,https://www.bilibili.com/video/BV1oJVD6BEEW/?spm_id_from=333.1387.favlist.content.click&vd_source=82c7dc283676ff6ca01b24294b7c8a32,22,BV1oJVD6BEEW,Hey Mama 一分钟solo | 杨博文直拍 | 251228,underthepoplar,2026-06-01 02:16:51,32135,4155,1634,2319,66,76,35,1
2026-07-10 10:08:39,https://www.bilibili.com/video/BV16MbLzPETK/?spm_id_from=333.1387.favlist.content.click&vd_source=82c7dc283676ff6ca01b24294b7c8a32,23,BV16MbLzPETK,这是洋娃娃在给我唱歌吧｜杨博文｜雨爱 4K直拍,WIX99,2025-08-11 18:44:28,4165,644,72,333,3,9,3,1
2026-07-10 10:08:39,https://www.bilibili.com/video/BV1nUFFzSE8W/?spm_id_from=333.337.search-card.all.click&vd_source=c9ba0a78401ac34b07f18808dcb060f8,24,BV1nUFFzSE8W,【4K精剪】第二类我 | 杨博文直拍 | 260201,underthepoplar,2026-02-05 03:45:45,37127,5425,3628,2827,206,206,293,2
2026-07-10 10:08:39,https://www.bilibili.com/video/BV1JFZ4BnEiL/?spm_id_from=333.337.search-card.all.click,25,BV1JFZ4BnEiL,【杨博文4K直拍】《希区考克 作品152》20260131丨澳门·荣耀之战演唱会丨四机位,houRlyRambo丨杨博文,2026-02-15 16:50:03,2939,636,136,140,15,9,15,1
2026-07-10 10:08:39,https://www.bilibili.com/video/BV19k61BQE89/?spm_id_from=333.337.search-card.all.click,26,BV19k61BQE89,【杨博文】跟随少年步伐走进悬疑 <希区考克 作品152 >三机位混剪,61strawberry,2026-01-31 18:26:12,10659,1768,514,1386,50,43,10,1
2026-07-10 10:08:39,https://www.bilibili.com/video/BV1oz61B9ECW/?spm_id_from=333.337.search-card.all.click,27,BV1oz61B9ECW,【杨博文｜4K直拍】《希区考克》好帅的舞台,关键时刻来瓶尖叫,2026-01-31 18:18:47,30809,4107,1773,2551,116,122,192,1
2026-07-10 10:08:39,https://www.bilibili.com/video/BV1EGBCBmEo8/?spm_id_from=333.337.search-card.all.click&vd_source=bdf775a036c61c0159ac2f0c251aaeb7,28,BV1EGBCBmEo8,【杨博文｜4K高清直拍】魅魔级别的《Manta》舞台，看博文如何一yeah封神,关键时刻来瓶尖叫,2025-12-27 23:15:44,761287,11959,9315,10532,5916,945,2304,1
2026-07-10 10:08:39,https://www.bilibili.com/video/BV1s8BvBPEN5/?spm_id_from=333.337.search-card.all.click&vd_source=bdf775a036c61c0159ac2f0c251aaeb7,29,BV1s8BvBPEN5,【杨博文｜4K舞台直拍】好运来祝你好运来～博文宝宝祝你新年好运来,关键时刻来瓶尖叫,2025-12-27 00:43:12,1900991,34069,16555,31819,7000,4002,4643,1
2026-07-10 10:08:39,https://www.bilibili.com/video/BV1LiM56WEWb/?spm_id_from=333.337.search-card.all.click,30,BV1LiM56WEWb,【4K精剪】Go in Blind | 杨博文直拍 | 250816 & 250817,underthepoplar,2026-07-09 02:46:30,5740,1444,721,690,24,61,31,5
2026-07-10 11:09:02,https://www.bilibili.com/video/BV1A5vkB2E1k/?spm_id_from=333.1387.favlist.content.click&vd_source=bdf775a036c61c0159ac2f0c251aaeb7,0,BV1A5vkB2E1k,【杨博文】Hey Mama六机位纯舞直拍丨15岁舞台统治者的诞生，四代主舞燃炸全场！,Kismet丨杨博文,2025-12-28 22:28:16,2490499,60881,43040,44231,13075,13455,20541,1
2026-07-10 11:09:02,https://www.bilibili.com/video/BV1XA6nBGEPV/?spm_id_from=333.1387.favlist.content.click&vd_source=bdf775a036c61c0159ac2f0c251aaeb7,1,BV1XA6nBGEPV,【4K精剪】希区考克 作品152 | 杨博文直拍 | 260131,underthepoplar,2026-02-01 00:23:17,1921543,22372,21464,19195,9122,3977,6798,1
2026-07-10 11:09:02,https://www.bilibili.com/video/BV15r61BWESJ/?spm_id_from=333.1387.favlist.content.click&vd_source=bdf775a036c61c0159ac2f0c251aaeb7,2,BV15r61BWESJ,【杨博文】希区考克作品152丨双机位直拍 悬疑与张力碰撞 表管拉满 少年锋芒,Kismet丨杨博文,2026-01-31 18:27:40,541767,18518,10860,15614,931,1082,1224,3
2026-07-10 11:09:02,https://www.bilibili.com/video/BV19y61BnEMM/?spm_id_from=333.1387.favlist.content.click&vd_source=bdf775a036c61c0159ac2f0c251aaeb7,3,BV19y61BnEMM,【杨博文】就这个踢腿爽之 连每一根头发丝都在劲舞｜希区考克 作品152 4k双机位横屏直拍,游园会_杨博文,2026-01-31 18:31:31,418209,14880,9604,12588,1176,1513,2299,2
2026-07-10 11:09:02,https://www.bilibili.com/video/BV1M9ePzaELH/?spm_id_from=333.1387.favlist.content.click&vd_source=bdf775a036c61c0159ac2f0c251aaeb7,4,BV1M9ePzaELH,「杨博文｜卡拉永远OK」突发舞台事故？我怎么没看见,Astra_杨博文,2025-08-19 22:15:30,808728,14300,4537,9569,6504,614,516,1
2026-07-10 11:09:02,https://www.bilibili.com/video/BV1pV9GB6E96/?spm_id_from=333.1387.favlist.content.click&vd_source=bdf775a036c61c0159ac2f0c251aaeb7,5,BV1pV9GB6E96,【4K精剪】Guilty | 杨博文直拍 | 250119,underthepoplar,2026-04-01 02:23:39,49855,9099,2973,5368,241,202,204,1
2026-07-10 11:09:02,https://www.bilibili.com/video/BV1vFwNeKER9/?spm_id_from=333.1387.favlist.content.click&vd_source=bdf775a036c61c0159ac2f0c251aaeb7,6,BV1vFwNeKER9,【杨博文】guilty 4k横屏直拍｜夺命34秒，谁都无法拒绝的Legend级别，建议调大音量食用更加,游园会_杨博文,2025-01-18 22:02:36,263573,16475,8046,14266,1084,850,3091,1
2026-07-10 11:09:02,https://www.bilibili.com/video/BV1MGYnzrE9E/?spm_id_from=333.1387.favlist.content.click&vd_source=bdf775a036c61c0159ac2f0c251aaeb7,7,BV1MGYnzrE9E,杨博文跳 《Centuries》帅到窒息！！竖屏4K直拍,Kismet丨杨博文,2025-08-18 02:15:37,263905,12065,6643,7817,563,950,3369,1
2026-07-10 11:09:02,https://www.bilibili.com/video/BV1DZvDBEEjv/?spm_id_from=333.1387.favlist.content.click&vd_source=bdf775a036c61c0159ac2f0c251aaeb7,8,BV1DZvDBEEjv,终于找到了治愈我每一天的秘方 当你一开嗓 哪怕是夕阳也格外绚烂 ｜【杨博文】黄昏晓4k横屏直拍,游园会_杨博文,2026-01-01 20:53:32,24024,4090,712,2664,35,44,178,1
2026-07-10 11:09:02,https://www.bilibili.com/video/BV1owvqBJEkn/?spm_id_from=333.1387.favlist.content.click&vd_source=bdf775a036c61c0159ac2f0c251aaeb7,9,BV1owvqBJEkn,【杨博文｜黄昏晓】 4K直拍,羊圈主,2025-12-28 00:28:04,18167,4365,1028,1653,70,88,256,1
2026-07-10 11:09:02,https://www.bilibili.com/video/BV1eqY6e1Eec/?spm_id_from=333.1387.favlist.content.click&vd_source=bdf775a036c61c0159ac2f0c251aaeb7,10,BV1eqY6e1Eec,【TF家族-杨博文】蔡依林男粉！？你的杨会扭儿上线｜《看我72变》4K直拍,LOST-杨博文,2024-08-13 05:57:43,99738,10021,1639,5640,430,102,321,1
2026-07-10 11:09:02,https://www.bilibili.com/video/BV1r9BeBZEMu/?spm_id_from=333.1387.favlist.content.click&vd_source=bdf775a036c61c0159ac2f0c251aaeb7,11,BV1r9BeBZEMu,【杨博文｜4K舞台直拍】《爱要坦荡荡》，四代主唱贝斯手玩转乐队，好青春洋溢,关键时刻来瓶尖叫,2025-12-27 00:55:22,36216,4774,745,3177,51,52,64,1
2026-07-10 11:09:02,https://www.bilibili.com/video/BV1Lb6tBBEYC/?spm_id_from=333.1387.favlist.content.click&vd_source=bdf775a036c61c0159ac2f0c251aaeb7,12,BV1Lb6tBBEYC,【4K精剪】闭嘴跳舞 | 杨博文直拍 | 260201,underthepoplar,2026-02-02 00:00:55,271016,22012,13183,16043,1893,1672,2815,11
2026-07-10 11:09:02,https://www.bilibili.com/video/BV1mJ64BREZY/?spm_id_from=333.1387.favlist.content.click&vd_source=bdf775a036c61c0159ac2f0c251aaeb7,13,BV1mJ64BREZY,【杨博文】闭嘴跳舞丨当主舞穿上西装就会得到,Kismet丨杨博文,2026-02-01 18:31:00,513298,32141,3541,23115,180,100,425,8
2026-07-10 11:09:02,https://www.bilibili.com/video/BV15M64BPEVo/?spm_id_from=333.1387.favlist.content.click&vd_source=bdf775a036c61c0159ac2f0c251aaeb7,14,BV15M64BPEVo,【杨博文】舞步是我最有力的武器 请调动所有感官和我一同所向披靡｜闭嘴跳舞4k横屏双机位直拍,游园会_杨博文,2026-02-01 20:09:30,51994,7848,1412,4998,56,38,157,1
2026-07-10 11:09:02,https://www.bilibili.com/video/BV1fWYqzTECD/?spm_id_from=333.1387.favlist.content.click&vd_source=bdf775a036c61c0159ac2f0c251aaeb7,15,BV1fWYqzTECD,绝美堕天使下凡了……｜杨博文｜deja vu 4K直拍,WIX99,2025-08-16 22:18:21,13671,2052,584,892,68,44,115,1
2026-07-10 11:09:02,https://www.bilibili.com/video/BV1Bem3B1EcH/?spm_id_from=333.1387.favlist.content.click&vd_source=bdf775a036c61c0159ac2f0c251aaeb7,16,BV1Bem3B1EcH,【杨博文｜4K舞台直拍】怎么黑衣的《Deja vu》也让人看的停不下来呢,关键时刻来瓶尖叫,2025-12-12 21:30:00,12464,1405,159,1249,19,7,1,1
2026-07-10 11:09:02,https://www.bilibili.com/video/BV11kZyByE81/?spm_id_from=333.1387.favlist.content.click&vd_source=bdf775a036c61c0159ac2f0c251aaeb7,17,BV11kZyByE81,【4K精剪】Deja Vu | 杨博文直拍 | 250816 & 250817,underthepoplar,2026-02-17 20:22:24,48798,7243,3144,3435,375,231,207,1
2026-07-10 11:09:02,https://www.bilibili.com/video/BV1J7Awz8EUZ/?spm_id_from=333.1387.favlist.content.click&vd_source=bdf775a036c61c0159ac2f0c251aaeb7,18,BV1J7Awz8EUZ,自测鸡蛋果,喜欢吃鸡蛋果,2026-03-21 16:17:31,1632,0,0,1,1,0,0,1
2026-07-10 11:09:02,https://www.bilibili.com/video/BV1Xm61BEEnt/?spm_id_from=333.1387.favlist.content.click,19,BV1Xm61BEEnt,【杨博文】致命诱惑<希区考克 作品152> 4k 竖版直拍 Focus,Roseate丨杨博文,2026-01-31 17:54:23,48154,7765,3401,2845,208,259,425,1
2026-07-10 11:09:02,https://www.bilibili.com/video/BV1MtFrzLEqw/?spm_id_from=333.1387.favlist.content.click&vd_source=82c7dc283676ff6ca01b24294b7c8a32,20,BV1MtFrzLEqw,【4K】借过一下 | 杨博文直拍 | 260131,underthepoplar,2026-02-06 15:13:06,23307,3642,1465,1817,64,101,214,1
2026-07-10 11:09:02,https://www.bilibili.com/video/BV1jjF3z3Ern/?spm_id_from=333.1387.favlist.content.click&vd_source=82c7dc283676ff6ca01b24294b7c8a32,21,BV1jjF3z3Ern,【4K精剪】Why Why Why | 杨博文直拍 | 260201,underthepoplar,2026-02-03 05:55:49,70007,11586,5451,5910,298,247,617,2
2026-07-10 11:09:02,https://www.bilibili.com/video/BV1oJVD6BEEW/?spm_id_from=333.1387.favlist.content.click&vd_source=82c7dc283676ff6ca01b24294b7c8a32,22,BV1oJVD6BEEW,Hey Mama 一分钟solo | 杨博文直拍 | 251228,underthepoplar,2026-06-01 02:16:51,32167,4156,1634,2319,66,76,35,1
2026-07-10 11:09:02,https://www.bilibili.com/video/BV16MbLzPETK/?spm_id_from=333.1387.favlist.content.click&vd_source=82c7dc283676ff6ca01b24294b7c8a32,23,BV16MbLzPETK,这是洋娃娃在给我唱歌吧｜杨博文｜雨爱 4K直拍,WIX99,2025-08-11 18:44:28,4165,644,72,333,3,9,3,1
2026-07-10 11:09:02,https://www.bilibili.com/video/BV1nUFFzSE8W/?spm_id_from=333.337.search-card.all.click&vd_source=c9ba0a78401ac34b07f18808dcb060f8,24,BV1nUFFzSE8W,【4K精剪】第二类我 | 杨博文直拍 | 260201,underthepoplar,2026-02-05 03:45:45,37134,5425,3628,2827,206,206,293,1
2026-07-10 11:09:02,https://www.bilibili.com/video/BV1JFZ4BnEiL/?spm_id_from=333.337.search-card.all.click,25,BV1JFZ4BnEiL,【杨博文4K直拍】《希区考克 作品152》20260131丨澳门·荣耀之战演唱会丨四机位,houRlyRambo丨杨博文,2026-02-15 16:50:03,2939,636,136,140,15,9,15,1
2026-07-10 11:09:02,https://www.bilibili.com/video/BV19k61BQE89/?spm_id_from=333.337.search-card.all.click,26,BV19k61BQE89,【杨博文】跟随少年步伐走进悬疑 <希区考克 作品152 >三机位混剪,61strawberry,2026-01-31 18:26:12,10663,1769,514,1386,50,43,10,1
2026-07-10 11:09:02,https://www.bilibili.com/video/BV1oz61B9ECW/?spm_id_from=333.337.search-card.all.click,27,BV1oz61B9ECW,【杨博文｜4K直拍】《希区考克》好帅的舞台,关键时刻来瓶尖叫,2026-01-31 18:18:47,30813,4107,1773,2551,116,122,192,1
2026-07-10 11:09:02,https://www.bilibili.com/video/BV1EGBCBmEo8/?spm_id_from=333.337.search-card.all.click&vd_source=bdf775a036c61c0159ac2f0c251aaeb7,28,BV1EGBCBmEo8,【杨博文｜4K高清直拍】魅魔级别的《Manta》舞台，看博文如何一yeah封神,关键时刻来瓶尖叫,2025-12-27 23:15:44,761293,11959,9315,10532,5922,945,2304,1
2026-07-10 11:09:02,https://www.bilibili.com/video/BV1s8BvBPEN5/?spm_id_from=333.337.search-card.all.click&vd_source=bdf775a036c61c0159ac2f0c251aaeb7,29,BV1s8BvBPEN5,【杨博文｜4K舞台直拍】好运来祝你好运来～博文宝宝祝你新年好运来,关键时刻来瓶尖叫,2025-12-27 00:43:12,1901006,34069,16555,31819,7008,4002,4644,1
2026-07-10 11:09:02,https://www.bilibili.com/video/BV1LiM56WEWb/?spm_id_from=333.337.search-card.all.click,30,BV1LiM56WEWb,【4K精剪】Go in Blind | 杨博文直拍 | 250816 & 250817,underthepoplar,2026-07-09 02:46:30,6096,1508,745,721,24,61,31,7
2026-07-10 12:09:24,https://www.bilibili.com/video/BV1A5vkB2E1k/?spm_id_from=333.1387.favlist.content.click&vd_source=bdf775a036c61c0159ac2f0c251aaeb7,0,BV1A5vkB2E1k,【杨博文】Hey Mama六机位纯舞直拍丨15岁舞台统治者的诞生，四代主舞燃炸全场！,Kismet丨杨博文,2025-12-28 22:28:16,2490570,60884,43042,44231,13085,13455,20541,1
2026-07-10 12:09:24,https://www.bilibili.com/video/BV1XA6nBGEPV/?spm_id_from=333.1387.favlist.content.click&vd_source=bdf775a036c61c0159ac2f0c251aaeb7,1,BV1XA6nBGEPV,【4K精剪】希区考克 作品152 | 杨博文直拍 | 260131,underthepoplar,2026-02-01 00:23:17,1921567,22372,21464,19195,9132,3977,6798,1
2026-07-10 12:09:24,https://www.bilibili.com/video/BV15r61BWESJ/?spm_id_from=333.1387.favlist.content.click&vd_source=bdf775a036c61c0159ac2f0c251aaeb7,2,BV15r61BWESJ,【杨博文】希区考克作品152丨双机位直拍 悬疑与张力碰撞 表管拉满 少年锋芒,Kismet丨杨博文,2026-01-31 18:27:40,541810,18520,10860,15616,931,1082,1224,1
2026-07-10 12:09:24,https://www.bilibili.com/video/BV19y61BnEMM/?spm_id_from=333.1387.favlist.content.click&vd_source=bdf775a036c61c0159ac2f0c251aaeb7,3,BV19y61BnEMM,【杨博文】就这个踢腿爽之 连每一根头发丝都在劲舞｜希区考克 作品152 4k双机位横屏直拍,游园会_杨博文,2026-01-31 18:31:31,418265,14885,9606,12591,1177,1513,2299,4
2026-07-10 12:09:24,https://www.bilibili.com/video/BV1M9ePzaELH/?spm_id_from=333.1387.favlist.content.click&vd_source=bdf775a036c61c0159ac2f0c251aaeb7,4,BV1M9ePzaELH,「杨博文｜卡拉永远OK」突发舞台事故？我怎么没看见,Astra_杨博文,2025-08-19 22:15:30,808745,14300,4537,9569,6514,614,516,1
2026-07-10 12:09:24,https://www.bilibili.com/video/BV1pV9GB6E96/?spm_id_from=333.1387.favlist.content.click&vd_source=bdf775a036c61c0159ac2f0c251aaeb7,5,BV1pV9GB6E96,【4K精剪】Guilty | 杨博文直拍 | 250119,underthepoplar,2026-04-01 02:23:39,49881,9102,2974,5371,241,202,204,2
2026-07-10 12:09:24,https://www.bilibili.com/video/BV1vFwNeKER9/?spm_id_from=333.1387.favlist.content.click&vd_source=bdf775a036c61c0159ac2f0c251aaeb7,6,BV1vFwNeKER9,【杨博文】guilty 4k横屏直拍｜夺命34秒，谁都无法拒绝的Legend级别，建议调大音量食用更加,游园会_杨博文,2025-01-18 22:02:36,263575,16475,8046,14266,1084,850,3091,1
2026-07-10 12:09:24,https://www.bilibili.com/video/BV1MGYnzrE9E/?spm_id_from=333.1387.favlist.content.click&vd_source=bdf775a036c61c0159ac2f0c251aaeb7,7,BV1MGYnzrE9E,杨博文跳 《Centuries》帅到窒息！！竖屏4K直拍,Kismet丨杨博文,2025-08-18 02:15:37,263914,12068,6643,7817,563,950,3369,1
2026-07-10 12:09:24,https://www.bilibili.com/video/BV1DZvDBEEjv/?spm_id_from=333.1387.favlist.content.click&vd_source=bdf775a036c61c0159ac2f0c251aaeb7,8,BV1DZvDBEEjv,终于找到了治愈我每一天的秘方 当你一开嗓 哪怕是夕阳也格外绚烂 ｜【杨博文】黄昏晓4k横屏直拍,游园会_杨博文,2026-01-01 20:53:32,24028,4090,712,2664,36,44,178,1
2026-07-10 12:09:24,https://www.bilibili.com/video/BV1owvqBJEkn/?spm_id_from=333.1387.favlist.content.click&vd_source=bdf775a036c61c0159ac2f0c251aaeb7,9,BV1owvqBJEkn,【杨博文｜黄昏晓】 4K直拍,羊圈主,2025-12-28 00:28:04,18169,4365,1028,1653,70,88,256,1
2026-07-10 12:09:24,https://www.bilibili.com/video/BV1eqY6e1Eec/?spm_id_from=333.1387.favlist.content.click&vd_source=bdf775a036c61c0159ac2f0c251aaeb7,10,BV1eqY6e1Eec,【TF家族-杨博文】蔡依林男粉！？你的杨会扭儿上线｜《看我72变》4K直拍,LOST-杨博文,2024-08-13 05:57:43,99741,10022,1639,5640,430,102,321,1
2026-07-10 12:09:24,https://www.bilibili.com/video/BV1r9BeBZEMu/?spm_id_from=333.1387.favlist.content.click&vd_source=bdf775a036c61c0159ac2f0c251aaeb7,11,BV1r9BeBZEMu,【杨博文｜4K舞台直拍】《爱要坦荡荡》，四代主唱贝斯手玩转乐队，好青春洋溢,关键时刻来瓶尖叫,2025-12-27 00:55:22,36219,4774,745,3177,52,52,64,1
2026-07-10 12:09:24,https://www.bilibili.com/video/BV1Lb6tBBEYC/?spm_id_from=333.1387.favlist.content.click&vd_source=bdf775a036c61c0159ac2f0c251aaeb7,12,BV1Lb6tBBEYC,【4K精剪】闭嘴跳舞 | 杨博文直拍 | 260201,underthepoplar,2026-02-02 00:00:55,271334,22020,13183,16052,1893,1672,2815,8
2026-07-10 12:09:24,https://www.bilibili.com/video/BV1mJ64BREZY/?spm_id_from=333.1387.favlist.content.click&vd_source=bdf775a036c61c0159ac2f0c251aaeb7,13,BV1mJ64BREZY,【杨博文】闭嘴跳舞丨当主舞穿上西装就会得到,Kismet丨杨博文,2026-02-01 18:31:00,513607,32144,3541,23119,180,100,425,9
2026-07-10 12:09:24,https://www.bilibili.com/video/BV15M64BPEVo/?spm_id_from=333.1387.favlist.content.click&vd_source=bdf775a036c61c0159ac2f0c251aaeb7,14,BV15M64BPEVo,【杨博文】舞步是我最有力的武器 请调动所有感官和我一同所向披靡｜闭嘴跳舞4k横屏双机位直拍,游园会_杨博文,2026-02-01 20:09:30,52007,7850,1412,4999,56,38,157,1
2026-07-10 12:09:24,https://www.bilibili.com/video/BV1fWYqzTECD/?spm_id_from=333.1387.favlist.content.click&vd_source=bdf775a036c61c0159ac2f0c251aaeb7,15,BV1fWYqzTECD,绝美堕天使下凡了……｜杨博文｜deja vu 4K直拍,WIX99,2025-08-16 22:18:21,13671,2052,584,892,68,44,115,1
2026-07-10 12:09:24,https://www.bilibili.com/video/BV1Bem3B1EcH/?spm_id_from=333.1387.favlist.content.click&vd_source=bdf775a036c61c0159ac2f0c251aaeb7,16,BV1Bem3B1EcH,【杨博文｜4K舞台直拍】怎么黑衣的《Deja vu》也让人看的停不下来呢,关键时刻来瓶尖叫,2025-12-12 21:30:00,12464,1405,159,1249,19,7,1,1
2026-07-10 12:09:24,https://www.bilibili.com/video/BV11kZyByE81/?spm_id_from=333.1387.favlist.content.click&vd_source=bdf775a036c61c0159ac2f0c251aaeb7,17,BV11kZyByE81,【4K精剪】Deja Vu | 杨博文直拍 | 250816 & 250817,underthepoplar,2026-02-17 20:22:24,48821,7248,3144,3439,375,231,207,2
2026-07-10 12:09:24,https://www.bilibili.com/video/BV1J7Awz8EUZ/?spm_id_from=333.1387.favlist.content.click&vd_source=bdf775a036c61c0159ac2f0c251aaeb7,18,BV1J7Awz8EUZ,自测鸡蛋果,喜欢吃鸡蛋果,2026-03-21 16:17:31,1632,0,0,1,1,0,0,1
2026-07-10 12:09:24,https://www.bilibili.com/video/BV1Xm61BEEnt/?spm_id_from=333.1387.favlist.content.click,19,BV1Xm61BEEnt,【杨博文】致命诱惑<希区考克 作品152> 4k 竖版直拍 Focus,Roseate丨杨博文,2026-01-31 17:54:23,48156,7765,3401,2845,208,259,425,1
2026-07-10 12:09:24,https://www.bilibili.com/video/BV1MtFrzLEqw/?spm_id_from=333.1387.favlist.content.click&vd_source=82c7dc283676ff6ca01b24294b7c8a32,20,BV1MtFrzLEqw,【4K】借过一下 | 杨博文直拍 | 260131,underthepoplar,2026-02-06 15:13:06,23336,3646,1465,1820,64,101,214,1
2026-07-10 12:09:24,https://www.bilibili.com/video/BV1jjF3z3Ern/?spm_id_from=333.1387.favlist.content.click&vd_source=82c7dc283676ff6ca01b24294b7c8a32,21,BV1jjF3z3Ern,【4K精剪】Why Why Why | 杨博文直拍 | 260201,underthepoplar,2026-02-03 05:55:49,70030,11587,5451,5911,298,247,617,2
2026-07-10 12:09:24,https://www.bilibili.com/video/BV1oJVD6BEEW/?spm_id_from=333.1387.favlist.content.click&vd_source=82c7dc283676ff6ca01b24294b7c8a32,22,BV1oJVD6BEEW,Hey Mama 一分钟solo | 杨博文直拍 | 251228,underthepoplar,2026-06-01 02:16:51,32201,4156,1634,2320,66,76,35,1
2026-07-10 12:09:24,https://www.bilibili.com/video/BV16MbLzPETK/?spm_id_from=333.1387.favlist.content.click&vd_source=82c7dc283676ff6ca01b24294b7c8a32,23,BV16MbLzPETK,这是洋娃娃在给我唱歌吧｜杨博文｜雨爱 4K直拍,WIX99,2025-08-11 18:44:28,4165,644,72,333,3,9,3,1
2026-07-10 12:09:24,https://www.bilibili.com/video/BV1nUFFzSE8W/?spm_id_from=333.337.search-card.all.click&vd_source=c9ba0a78401ac34b07f18808dcb060f8,24,BV1nUFFzSE8W,【4K精剪】第二类我 | 杨博文直拍 | 260201,underthepoplar,2026-02-05 03:45:45,37157,5427,3628,2828,206,206,293,2
2026-07-10 12:09:24,https://www.bilibili.com/video/BV1JFZ4BnEiL/?spm_id_from=333.337.search-card.all.click,25,BV1JFZ4BnEiL,【杨博文4K直拍】《希区考克 作品152》20260131丨澳门·荣耀之战演唱会丨四机位,houRlyRambo丨杨博文,2026-02-15 16:50:03,2939,636,136,140,15,9,15,1
2026-07-10 12:09:24,https://www.bilibili.com/video/BV19k61BQE89/?spm_id_from=333.337.search-card.all.click,26,BV19k61BQE89,【杨博文】跟随少年步伐走进悬疑 <希区考克 作品152 >三机位混剪,61strawberry,2026-01-31 18:26:12,10674,1771,514,1389,50,43,10,1
2026-07-10 12:09:24,https://www.bilibili.com/video/BV1oz61B9ECW/?spm_id_from=333.337.search-card.all.click,27,BV1oz61B9ECW,【杨博文｜4K直拍】《希区考克》好帅的舞台,关键时刻来瓶尖叫,2026-01-31 18:18:47,30821,4108,1773,2551,116,122,192,1
2026-07-10 12:09:24,https://www.bilibili.com/video/BV1EGBCBmEo8/?spm_id_from=333.337.search-card.all.click&vd_source=bdf775a036c61c0159ac2f0c251aaeb7,28,BV1EGBCBmEo8,【杨博文｜4K高清直拍】魅魔级别的《Manta》舞台，看博文如何一yeah封神,关键时刻来瓶尖叫,2025-12-27 23:15:44,761303,11960,9315,10532,5934,945,2304,1
2026-07-10 12:09:24,https://www.bilibili.com/video/BV1s8BvBPEN5/?spm_id_from=333.337.search-card.all.click&vd_source=bdf775a036c61c0159ac2f0c251aaeb7,29,BV1s8BvBPEN5,【杨博文｜4K舞台直拍】好运来祝你好运来～博文宝宝祝你新年好运来,关键时刻来瓶尖叫,2025-12-27 00:43:12,1901033,34069,16555,31819,7019,4002,4644,1
2026-07-10 12:09:24,https://www.bilibili.com/video/BV1LiM56WEWb/?spm_id_from=333.337.search-card.all.click,30,BV1LiM56WEWb,【4K精剪】Go in Blind | 杨博文直拍 | 250816 & 250817,underthepoplar,2026-07-09 02:46:30,6396,1558,752,753,25,61,31,6
2026-07-10 13:09:46,https://www.bilibili.com/video/BV1A5vkB2E1k/?spm_id_from=333.1387.favlist.content.click&vd_source=bdf775a036c61c0159ac2f0c251aaeb7,0,BV1A5vkB2E1k,【杨博文】Hey Mama六机位纯舞直拍丨15岁舞台统治者的诞生，四代主舞燃炸全场！,Kismet丨杨博文,2025-12-28 22:28:16,2490658,60892,43048,44235,13092,13455,20541,3
2026-07-10 13:09:46,https://www.bilibili.com/video/BV1XA6nBGEPV/?spm_id_from=333.1387.favlist.content.click&vd_source=bdf775a036c61c0159ac2f0c251aaeb7,1,BV1XA6nBGEPV,【4K精剪】希区考克 作品152 | 杨博文直拍 | 260131,underthepoplar,2026-02-01 00:23:17,1921592,22374,21466,19196,9142,3977,6798,1
2026-07-10 13:09:46,https://www.bilibili.com/video/BV15r61BWESJ/?spm_id_from=333.1387.favlist.content.click&vd_source=bdf775a036c61c0159ac2f0c251aaeb7,2,BV15r61BWESJ,【杨博文】希区考克作品152丨双机位直拍 悬疑与张力碰撞 表管拉满 少年锋芒,Kismet丨杨博文,2026-01-31 18:27:40,541850,18526,10860,15620,931,1082,1224,1
2026-07-10 13:09:46,https://www.bilibili.com/video/BV19y61BnEMM/?spm_id_from=333.1387.favlist.content.click&vd_source=bdf775a036c61c0159ac2f0c251aaeb7,3,BV19y61BnEMM,【杨博文】就这个踢腿爽之 连每一根头发丝都在劲舞｜希区考克 作品152 4k双机位横屏直拍,游园会_杨博文,2026-01-31 18:31:31,418358,14894,9606,12600,1177,1513,2299,2
2026-07-10 13:09:46,https://www.bilibili.com/video/BV1M9ePzaELH/?spm_id_from=333.1387.favlist.content.click&vd_source=bdf775a036c61c0159ac2f0c251aaeb7,4,BV1M9ePzaELH,「杨博文｜卡拉永远OK」突发舞台事故？我怎么没看见,Astra_杨博文,2025-08-19 22:15:30,808766,14300,4537,9570,6526,614,516,1
2026-07-10 13:09:46,https://www.bilibili.com/video/BV1pV9GB6E96/?spm_id_from=333.1387.favlist.content.click&vd_source=bdf775a036c61c0159ac2f0c251aaeb7,5,BV1pV9GB6E96,【4K精剪】Guilty | 杨博文直拍 | 250119,underthepoplar,2026-04-01 02:23:39,49923,9105,2974,5377,241,202,204,1
2026-07-10 13:09:46,https://www.bilibili.com/video/BV1vFwNeKER9/?spm_id_from=333.1387.favlist.content.click&vd_source=bdf775a036c61c0159ac2f0c251aaeb7,6,BV1vFwNeKER9,【杨博文】guilty 4k横屏直拍｜夺命34秒，谁都无法拒绝的Legend级别，建议调大音量食用更加,游园会_杨博文,2025-01-18 22:02:36,263583,16476,8046,14267,1084,850,3091,1
2026-07-10 13:09:46,https://www.bilibili.com/video/BV1MGYnzrE9E/?spm_id_from=333.1387.favlist.content.click&vd_source=bdf775a036c61c0159ac2f0c251aaeb7,7,BV1MGYnzrE9E,杨博文跳 《Centuries》帅到窒息！！竖屏4K直拍,Kismet丨杨博文,2025-08-18 02:15:37,263918,12069,6643,7817,563,950,3369,1
2026-07-10 13:09:46,https://www.bilibili.com/video/BV1DZvDBEEjv/?spm_id_from=333.1387.favlist.content.click&vd_source=bdf775a036c61c0159ac2f0c251aaeb7,8,BV1DZvDBEEjv,终于找到了治愈我每一天的秘方 当你一开嗓 哪怕是夕阳也格外绚烂 ｜【杨博文】黄昏晓4k横屏直拍,游园会_杨博文,2026-01-01 20:53:32,24031,4090,712,2664,36,44,178,1
2026-07-10 13:09:46,https://www.bilibili.com/video/BV1owvqBJEkn/?spm_id_from=333.1387.favlist.content.click&vd_source=bdf775a036c61c0159ac2f0c251aaeb7,9,BV1owvqBJEkn,【杨博文｜黄昏晓】 4K直拍,羊圈主,2025-12-28 00:28:04,18171,4365,1028,1653,70,88,256,1
2026-07-10 13:09:46,https://www.bilibili.com/video/BV1eqY6e1Eec/?spm_id_from=333.1387.favlist.content.click&vd_source=bdf775a036c61c0159ac2f0c251aaeb7,10,BV1eqY6e1Eec,【TF家族-杨博文】蔡依林男粉！？你的杨会扭儿上线｜《看我72变》4K直拍,LOST-杨博文,2024-08-13 05:57:43,99745,10022,1639,5640,430,102,321,1
2026-07-10 13:09:46,https://www.bilibili.com/video/BV1r9BeBZEMu/?spm_id_from=333.1387.favlist.content.click&vd_source=bdf775a036c61c0159ac2f0c251aaeb7,11,BV1r9BeBZEMu,【杨博文｜4K舞台直拍】《爱要坦荡荡》，四代主唱贝斯手玩转乐队，好青春洋溢,关键时刻来瓶尖叫,2025-12-27 00:55:22,36223,4775,745,3178,52,52,64,1
2026-07-10 13:09:46,https://www.bilibili.com/video/BV1Lb6tBBEYC/?spm_id_from=333.1387.favlist.content.click&vd_source=bdf775a036c61c0159ac2f0c251aaeb7,12,BV1Lb6tBBEYC,【4K精剪】闭嘴跳舞 | 杨博文直拍 | 260201,underthepoplar,2026-02-02 00:00:55,271666,22035,13185,16064,1893,1672,2816,12
2026-07-10 13:09:46,https://www.bilibili.com/video/BV1mJ64BREZY/?spm_id_from=333.1387.favlist.content.click&vd_source=bdf775a036c61c0159ac2f0c251aaeb7,13,BV1mJ64BREZY,【杨博文】闭嘴跳舞丨当主舞穿上西装就会得到,Kismet丨杨博文,2026-02-01 18:31:00,513947,32150,3541,23121,180,100,425,7
2026-07-10 13:09:46,https://www.bilibili.com/video/BV15M64BPEVo/?spm_id_from=333.1387.favlist.content.click&vd_source=bdf775a036c61c0159ac2f0c251aaeb7,14,BV15M64BPEVo,【杨博文】舞步是我最有力的武器 请调动所有感官和我一同所向披靡｜闭嘴跳舞4k横屏双机位直拍,游园会_杨博文,2026-02-01 20:09:30,52025,7851,1412,5000,56,38,157,1
2026-07-10 13:09:46,https://www.bilibili.com/video/BV1fWYqzTECD/?spm_id_from=333.1387.favlist.content.click&vd_source=bdf775a036c61c0159ac2f0c251aaeb7,15,BV1fWYqzTECD,绝美堕天使下凡了……｜杨博文｜deja vu 4K直拍,WIX99,2025-08-16 22:18:21,13671,2052,584,892,68,44,115,1
2026-07-10 13:09:46,https://www.bilibili.com/video/BV1Bem3B1EcH/?spm_id_from=333.1387.favlist.content.click&vd_source=bdf775a036c61c0159ac2f0c251aaeb7,16,BV1Bem3B1EcH,【杨博文｜4K舞台直拍】怎么黑衣的《Deja vu》也让人看的停不下来呢,关键时刻来瓶尖叫,2025-12-12 21:30:00,12464,1405,159,1249,19,7,1,1
2026-07-10 13:09:46,https://www.bilibili.com/video/BV11kZyByE81/?spm_id_from=333.1387.favlist.content.click&vd_source=bdf775a036c61c0159ac2f0c251aaeb7,17,BV11kZyByE81,【4K精剪】Deja Vu | 杨博文直拍 | 250816 & 250817,underthepoplar,2026-02-17 20:22:24,48847,7248,3144,3440,375,231,208,1
2026-07-10 13:09:46,https://www.bilibili.com/video/BV1J7Awz8EUZ/?spm_id_from=333.1387.favlist.content.click&vd_source=bdf775a036c61c0159ac2f0c251aaeb7,18,BV1J7Awz8EUZ,自测鸡蛋果,喜欢吃鸡蛋果,2026-03-21 16:17:31,1632,0,0,1,1,0,0,1
2026-07-10 13:09:46,https://www.bilibili.com/video/BV1Xm61BEEnt/?spm_id_from=333.1387.favlist.content.click,19,BV1Xm61BEEnt,【杨博文】致命诱惑<希区考克 作品152> 4k 竖版直拍 Focus,Roseate丨杨博文,2026-01-31 17:54:23,48161,7765,3401,2845,208,259,425,1
2026-07-10 13:09:46,https://www.bilibili.com/video/BV1MtFrzLEqw/?spm_id_from=333.1387.favlist.content.click&vd_source=82c7dc283676ff6ca01b24294b7c8a32,20,BV1MtFrzLEqw,【4K】借过一下 | 杨博文直拍 | 260131,underthepoplar,2026-02-06 15:13:06,23372,3650,1465,1822,64,101,214,1
2026-07-10 13:09:46,https://www.bilibili.com/video/BV1jjF3z3Ern/?spm_id_from=333.1387.favlist.content.click&vd_source=82c7dc283676ff6ca01b24294b7c8a32,21,BV1jjF3z3Ern,【4K精剪】Why Why Why | 杨博文直拍 | 260201,underthepoplar,2026-02-03 05:55:49,70062,11590,5451,5913,298,247,617,1
2026-07-10 13:09:46,https://www.bilibili.com/video/BV1oJVD6BEEW/?spm_id_from=333.1387.favlist.content.click&vd_source=82c7dc283676ff6ca01b24294b7c8a32,22,BV1oJVD6BEEW,Hey Mama 一分钟solo | 杨博文直拍 | 251228,underthepoplar,2026-06-01 02:16:51,32254,4160,1636,2323,66,76,35,2
2026-07-10 13:09:46,https://www.bilibili.com/video/BV16MbLzPETK/?spm_id_from=333.1387.favlist.content.click&vd_source=82c7dc283676ff6ca01b24294b7c8a32,23,BV16MbLzPETK,这是洋娃娃在给我唱歌吧｜杨博文｜雨爱 4K直拍,WIX99,2025-08-11 18:44:28,4166,644,72,333,3,9,3,1
2026-07-10 13:09:46,https://www.bilibili.com/video/BV1nUFFzSE8W/?spm_id_from=333.337.search-card.all.click&vd_source=c9ba0a78401ac34b07f18808dcb060f8,24,BV1nUFFzSE8W,【4K精剪】第二类我 | 杨博文直拍 | 260201,underthepoplar,2026-02-05 03:45:45,37194,5431,3628,2829,206,206,293,3
2026-07-10 13:09:46,https://www.bilibili.com/video/BV1JFZ4BnEiL/?spm_id_from=333.337.search-card.all.click,25,BV1JFZ4BnEiL,【杨博文4K直拍】《希区考克 作品152》20260131丨澳门·荣耀之战演唱会丨四机位,houRlyRambo丨杨博文,2026-02-15 16:50:03,2939,636,136,140,15,9,15,1
2026-07-10 13:09:46,https://www.bilibili.com/video/BV19k61BQE89/?spm_id_from=333.337.search-card.all.click,26,BV19k61BQE89,【杨博文】跟随少年步伐走进悬疑 <希区考克 作品152 >三机位混剪,61strawberry,2026-01-31 18:26:12,10681,1771,514,1389,50,43,10,1
2026-07-10 13:09:46,https://www.bilibili.com/video/BV1oz61B9ECW/?spm_id_from=333.337.search-card.all.click,27,BV1oz61B9ECW,【杨博文｜4K直拍】《希区考克》好帅的舞台,关键时刻来瓶尖叫,2026-01-31 18:18:47,30828,4109,1773,2552,116,122,192,1
2026-07-10 13:09:46,https://www.bilibili.com/video/BV1EGBCBmEo8/?spm_id_from=333.337.search-card.all.click&vd_source=bdf775a036c61c0159ac2f0c251aaeb7,28,BV1EGBCBmEo8,【杨博文｜4K高清直拍】魅魔级别的《Manta》舞台，看博文如何一yeah封神,关键时刻来瓶尖叫,2025-12-27 23:15:44,761313,11960,9315,10533,5945,945,2304,1
2026-07-10 13:09:46,https://www.bilibili.com/video/BV1s8BvBPEN5/?spm_id_from=333.337.search-card.all.click&vd_source=bdf775a036c61c0159ac2f0c251aaeb7,29,BV1s8BvBPEN5,【杨博文｜4K舞台直拍】好运来祝你好运来～博文宝宝祝你新年好运来,关键时刻来瓶尖叫,2025-12-27 00:43:12,1901060,34069,16555,31822,7032,4002,4644,1
2026-07-10 13:09:46,https://www.bilibili.com/video/BV1LiM56WEWb/?spm_id_from=333.337.search-card.all.click,30,BV1LiM56WEWb,【4K精剪】Go in Blind | 杨博文直拍 | 250816 & 250817,underthepoplar,2026-07-09 02:46:30,6786,1625,767,801,25,61,31,12
2026-07-10 14:10:09,https://www.bilibili.com/video/BV1A5vkB2E1k/?spm_id_from=333.1387.favlist.content.click&vd_source=bdf775a036c61c0159ac2f0c251aaeb7,0,BV1A5vkB2E1k,【杨博文】Hey Mama六机位纯舞直拍丨15岁舞台统治者的诞生，四代主舞燃炸全场！,Kismet丨杨博文,2025-12-28 22:28:16,2490735,60898,43052,44238,13096,13455,20541,1
2026-07-10 14:10:09,https://www.bilibili.com/video/BV1XA6nBGEPV/?spm_id_from=333.1387.favlist.content.click&vd_source=bdf775a036c61c0159ac2f0c251aaeb7,1,BV1XA6nBGEPV,【4K精剪】希区考克 作品152 | 杨博文直拍 | 260131,underthepoplar,2026-02-01 00:23:17,1921614,22377,21466,19197,9147,3977,6798,1
2026-07-10 14:10:09,https://www.bilibili.com/video/BV15r61BWESJ/?spm_id_from=333.1387.favlist.content.click&vd_source=bdf775a036c61c0159ac2f0c251aaeb7,2,BV15r61BWESJ,【杨博文】希区考克作品152丨双机位直拍 悬疑与张力碰撞 表管拉满 少年锋芒,Kismet丨杨博文,2026-01-31 18:27:40,541898,18531,10860,15622,931,1082,1224,1
2026-07-10 14:10:09,https://www.bilibili.com/video/BV19y61BnEMM/?spm_id_from=333.1387.favlist.content.click&vd_source=bdf775a036c61c0159ac2f0c251aaeb7,3,BV19y61BnEMM,【杨博文】就这个踢腿爽之 连每一根头发丝都在劲舞｜希区考克 作品152 4k双机位横屏直拍,游园会_杨博文,2026-01-31 18:31:31,418429,14899,9606,12604,1177,1513,2299,2
2026-07-10 14:10:09,https://www.bilibili.com/video/BV1M9ePzaELH/?spm_id_from=333.1387.favlist.content.click&vd_source=bdf775a036c61c0159ac2f0c251aaeb7,4,BV1M9ePzaELH,「杨博文｜卡拉永远OK」突发舞台事故？我怎么没看见,Astra_杨博文,2025-08-19 22:15:30,808777,14300,4537,9570,6529,614,516,1
2026-07-10 14:10:09,https://www.bilibili.com/video/BV1pV9GB6E96/?spm_id_from=333.1387.favlist.content.click&vd_source=bdf775a036c61c0159ac2f0c251aaeb7,5,BV1pV9GB6E96,【4K精剪】Guilty | 杨博文直拍 | 250119,underthepoplar,2026-04-01 02:23:39,49944,9109,2974,5379,241,202,204,1
2026-07-10 14:10:09,https://www.bilibili.com/video/BV1vFwNeKER9/?spm_id_from=333.1387.favlist.content.click&vd_source=bdf775a036c61c0159ac2f0c251aaeb7,6,BV1vFwNeKER9,【杨博文】guilty 4k横屏直拍｜夺命34秒，谁都无法拒绝的Legend级别，建议调大音量食用更加,游园会_杨博文,2025-01-18 22:02:36,263592,16477,8046,14268,1084,850,3091,1
2026-07-10 14:10:09,https://www.bilibili.com/video/BV1MGYnzrE9E/?spm_id_from=333.1387.favlist.content.click&vd_source=bdf775a036c61c0159ac2f0c251aaeb7,7,BV1MGYnzrE9E,杨博文跳 《Centuries》帅到窒息！！竖屏4K直拍,Kismet丨杨博文,2025-08-18 02:15:37,263925,12069,6643,7817,563,950,3369,1
2026-07-10 14:10:09,https://www.bilibili.com/video/BV1DZvDBEEjv/?spm_id_from=333.1387.favlist.content.click&vd_source=bdf775a036c61c0159ac2f0c251aaeb7,8,BV1DZvDBEEjv,终于找到了治愈我每一天的秘方 当你一开嗓 哪怕是夕阳也格外绚烂 ｜【杨博文】黄昏晓4k横屏直拍,游园会_杨博文,2026-01-01 20:53:32,24033,4090,712,2664,36,44,178,1
2026-07-10 14:10:09,https://www.bilibili.com/video/BV1owvqBJEkn/?spm_id_from=333.1387.favlist.content.click&vd_source=bdf775a036c61c0159ac2f0c251aaeb7,9,BV1owvqBJEkn,【杨博文｜黄昏晓】 4K直拍,羊圈主,2025-12-28 00:28:04,18171,4365,1028,1653,70,88,256,1
2026-07-10 14:10:09,https://www.bilibili.com/video/BV1eqY6e1Eec/?spm_id_from=333.1387.favlist.content.click&vd_source=bdf775a036c61c0159ac2f0c251aaeb7,10,BV1eqY6e1Eec,【TF家族-杨博文】蔡依林男粉！？你的杨会扭儿上线｜《看我72变》4K直拍,LOST-杨博文,2024-08-13 05:57:43,99750,10021,1639,5640,430,102,321,1
2026-07-10 14:10:09,https://www.bilibili.com/video/BV1r9BeBZEMu/?spm_id_from=333.1387.favlist.content.click&vd_source=bdf775a036c61c0159ac2f0c251aaeb7,11,BV1r9BeBZEMu,【杨博文｜4K舞台直拍】《爱要坦荡荡》，四代主唱贝斯手玩转乐队，好青春洋溢,关键时刻来瓶尖叫,2025-12-27 00:55:22,36224,4775,745,3178,52,52,64,1
2026-07-10 14:10:09,https://www.bilibili.com/video/BV1Lb6tBBEYC/?spm_id_from=333.1387.favlist.content.click&vd_source=bdf775a036c61c0159ac2f0c251aaeb7,12,BV1Lb6tBBEYC,【4K精剪】闭嘴跳舞 | 杨博文直拍 | 260201,underthepoplar,2026-02-02 00:00:55,272065,22052,13185,16073,1894,1672,2817,5
2026-07-10 14:10:09,https://www.bilibili.com/video/BV1mJ64BREZY/?spm_id_from=333.1387.favlist.content.click&vd_source=bdf775a036c61c0159ac2f0c251aaeb7,13,BV1mJ64BREZY,【杨博文】闭嘴跳舞丨当主舞穿上西装就会得到,Kismet丨杨博文,2026-02-01 18:31:00,514290,32163,3543,23130,180,100,425,6
2026-07-10 14:10:09,https://www.bilibili.com/video/BV15M64BPEVo/?spm_id_from=333.1387.favlist.content.click&vd_source=bdf775a036c61c0159ac2f0c251aaeb7,14,BV15M64BPEVo,【杨博文】舞步是我最有力的武器 请调动所有感官和我一同所向披靡｜闭嘴跳舞4k横屏双机位直拍,游园会_杨博文,2026-02-01 20:09:30,52041,7854,1412,5001,56,38,157,1
2026-07-10 14:10:09,https://www.bilibili.com/video/BV1fWYqzTECD/?spm_id_from=333.1387.favlist.content.click&vd_source=bdf775a036c61c0159ac2f0c251aaeb7,15,BV1fWYqzTECD,绝美堕天使下凡了……｜杨博文｜deja vu 4K直拍,WIX99,2025-08-16 22:18:21,13672,2052,584,892,68,44,115,1
2026-07-10 14:10:09,https://www.bilibili.com/video/BV1Bem3B1EcH/?spm_id_from=333.1387.favlist.content.click&vd_source=bdf775a036c61c0159ac2f0c251aaeb7,16,BV1Bem3B1EcH,【杨博文｜4K舞台直拍】怎么黑衣的《Deja vu》也让人看的停不下来呢,关键时刻来瓶尖叫,2025-12-12 21:30:00,12464,1405,159,1249,19,7,1,1
2026-07-10 14:10:09,https://www.bilibili.com/video/BV11kZyByE81/?spm_id_from=333.1387.favlist.content.click&vd_source=bdf775a036c61c0159ac2f0c251aaeb7,17,BV11kZyByE81,【4K精剪】Deja Vu | 杨博文直拍 | 250816 & 250817,underthepoplar,2026-02-17 20:22:24,48863,7251,3146,3442,375,231,208,1
2026-07-10 14:10:09,https://www.bilibili.com/video/BV1J7Awz8EUZ/?spm_id_from=333.1387.favlist.content.click&vd_source=bdf775a036c61c0159ac2f0c251aaeb7,18,BV1J7Awz8EUZ,自测鸡蛋果,喜欢吃鸡蛋果,2026-03-21 16:17:31,1632,0,0,1,1,0,0,1
2026-07-10 14:10:09,https://www.bilibili.com/video/BV1Xm61BEEnt/?spm_id_from=333.1387.favlist.content.click,19,BV1Xm61BEEnt,【杨博文】致命诱惑<希区考克 作品152> 4k 竖版直拍 Focus,Roseate丨杨博文,2026-01-31 17:54:23,48162,7765,3401,2845,208,259,425,1
2026-07-10 14:10:09,https://www.bilibili.com/video/BV1MtFrzLEqw/?spm_id_from=333.1387.favlist.content.click&vd_source=82c7dc283676ff6ca01b24294b7c8a32,20,BV1MtFrzLEqw,【4K】借过一下 | 杨博文直拍 | 260131,underthepoplar,2026-02-06 15:13:06,23392,3650,1465,1822,64,101,214,1
2026-07-10 14:10:09,https://www.bilibili.com/video/BV1jjF3z3Ern/?spm_id_from=333.1387.favlist.content.click&vd_source=82c7dc283676ff6ca01b24294b7c8a32,21,BV1jjF3z3Ern,【4K精剪】Why Why Why | 杨博文直拍 | 260201,underthepoplar,2026-02-03 05:55:49,70087,11591,5451,5915,298,247,617,1
2026-07-10 14:10:09,https://www.bilibili.com/video/BV1oJVD6BEEW/?spm_id_from=333.1387.favlist.content.click&vd_source=82c7dc283676ff6ca01b24294b7c8a32,22,BV1oJVD6BEEW,Hey Mama 一分钟solo | 杨博文直拍 | 251228,underthepoplar,2026-06-01 02:16:51,32286,4164,1636,2326,66,76,35,1
2026-07-10 14:10:09,https://www.bilibili.com/video/BV16MbLzPETK/?spm_id_from=333.1387.favlist.content.click&vd_source=82c7dc283676ff6ca01b24294b7c8a32,23,BV16MbLzPETK,这是洋娃娃在给我唱歌吧｜杨博文｜雨爱 4K直拍,WIX99,2025-08-11 18:44:28,4168,644,72,333,3,9,3,1
2026-07-10 14:10:09,https://www.bilibili.com/video/BV1nUFFzSE8W/?spm_id_from=333.337.search-card.all.click&vd_source=c9ba0a78401ac34b07f18808dcb060f8,24,BV1nUFFzSE8W,【4K精剪】第二类我 | 杨博文直拍 | 260201,underthepoplar,2026-02-05 03:45:45,37217,5432,3628,2829,206,206,293,1
2026-07-10 14:10:09,https://www.bilibili.com/video/BV1JFZ4BnEiL/?spm_id_from=333.337.search-card.all.click,25,BV1JFZ4BnEiL,【杨博文4K直拍】《希区考克 作品152》20260131丨澳门·荣耀之战演唱会丨四机位,houRlyRambo丨杨博文,2026-02-15 16:50:03,2939,636,136,140,15,9,15,1
2026-07-10 14:10:09,https://www.bilibili.com/video/BV19k61BQE89/?spm_id_from=333.337.search-card.all.click,26,BV19k61BQE89,【杨博文】跟随少年步伐走进悬疑 <希区考克 作品152 >三机位混剪,61strawberry,2026-01-31 18:26:12,10687,1772,514,1390,50,43,10,1
2026-07-10 14:10:09,https://www.bilibili.com/video/BV1oz61B9ECW/?spm_id_from=333.337.search-card.all.click,27,BV1oz61B9ECW,【杨博文｜4K直拍】《希区考克》好帅的舞台,关键时刻来瓶尖叫,2026-01-31 18:18:47,30832,4109,1773,2552,116,122,192,1
2026-07-10 14:10:09,https://www.bilibili.com/video/BV1EGBCBmEo8/?spm_id_from=333.337.search-card.all.click&vd_source=bdf775a036c61c0159ac2f0c251aaeb7,28,BV1EGBCBmEo8,【杨博文｜4K高清直拍】魅魔级别的《Manta》舞台，看博文如何一yeah封神,关键时刻来瓶尖叫,2025-12-27 23:15:44,761321,11960,9315,10533,5950,945,2304,1
2026-07-10 14:10:09,https://www.bilibili.com/video/BV1s8BvBPEN5/?spm_id_from=333.337.search-card.all.click&vd_source=bdf775a036c61c0159ac2f0c251aaeb7,29,BV1s8BvBPEN5,【杨博文｜4K舞台直拍】好运来祝你好运来～博文宝宝祝你新年好运来,关键时刻来瓶尖叫,2025-12-27 00:43:12,1901070,34069,16555,31821,7036,4002,4644,1
2026-07-10 14:10:09,https://www.bilibili.com/video/BV1LiM56WEWb/?spm_id_from=333.337.search-card.all.click,30,BV1LiM56WEWb,【4K精剪】Go in Blind | 杨博文直拍 | 250816 & 250817,underthepoplar,2026-07-09 02:46:30,7230,1685,773,845,25,61,31,7
2026-07-10 15:10:31,https://www.bilibili.com/video/BV1A5vkB2E1k/?spm_id_from=333.1387.favlist.content.click&vd_source=bdf775a036c61c0159ac2f0c251aaeb7,0,BV1A5vkB2E1k,【杨博文】Hey Mama六机位纯舞直拍丨15岁舞台统治者的诞生，四代主舞燃炸全场！,Kismet丨杨博文,2025-12-28 22:28:16,2490823,60902,43054,44238,13107,13455,20541,2
2026-07-10 15:10:31,https://www.bilibili.com/video/BV1XA6nBGEPV/?spm_id_from=333.1387.favlist.content.click&vd_source=bdf775a036c61c0159ac2f0c251aaeb7,1,BV1XA6nBGEPV,【4K精剪】希区考克 作品152 | 杨博文直拍 | 260131,underthepoplar,2026-02-01 00:23:17,1921640,22377,21466,19196,9162,3977,6798,1
2026-07-10 15:10:31,https://www.bilibili.com/video/BV15r61BWESJ/?spm_id_from=333.1387.favlist.content.click&vd_source=bdf775a036c61c0159ac2f0c251aaeb7,2,BV15r61BWESJ,【杨博文】希区考克作品152丨双机位直拍 悬疑与张力碰撞 表管拉满 少年锋芒,Kismet丨杨博文,2026-01-31 18:27:40,541930,18535,10860,15623,931,1082,1224,1
2026-07-10 15:10:31,https://www.bilibili.com/video/BV19y61BnEMM/?spm_id_from=333.1387.favlist.content.click&vd_source=bdf775a036c61c0159ac2f0c251aaeb7,3,BV19y61BnEMM,【杨博文】就这个踢腿爽之 连每一根头发丝都在劲舞｜希区考克 作品152 4k双机位横屏直拍,游园会_杨博文,2026-01-31 18:31:31,418474,14901,9606,12604,1177,1513,2299,1
2026-07-10 15:10:31,https://www.bilibili.com/video/BV1M9ePzaELH/?spm_id_from=333.1387.favlist.content.click&vd_source=bdf775a036c61c0159ac2f0c251aaeb7,4,BV1M9ePzaELH,「杨博文｜卡拉永远OK」突发舞台事故？我怎么没看见,Astra_杨博文,2025-08-19 22:15:30,808791,14300,4537,9571,6542,614,516,1
2026-07-10 15:10:31,https://www.bilibili.com/video/BV1pV9GB6E96/?spm_id_from=333.1387.favlist.content.click&vd_source=bdf775a036c61c0159ac2f0c251aaeb7,5,BV1pV9GB6E96,【4K精剪】Guilty | 杨博文直拍 | 250119,underthepoplar,2026-04-01 02:23:39,49983,9111,2974,5381,241,202,204,2
2026-07-10 15:10:31,https://www.bilibili.com/video/BV1vFwNeKER9/?spm_id_from=333.1387.favlist.content.click&vd_source=bdf775a036c61c0159ac2f0c251aaeb7,6,BV1vFwNeKER9,【杨博文】guilty 4k横屏直拍｜夺命34秒，谁都无法拒绝的Legend级别，建议调大音量食用更加,游园会_杨博文,2025-01-18 22:02:36,263598,16477,8046,14268,1084,850,3091,1
2026-07-10 15:10:31,https://www.bilibili.com/video/BV1MGYnzrE9E/?spm_id_from=333.1387.favlist.content.click&vd_source=bdf775a036c61c0159ac2f0c251aaeb7,7,BV1MGYnzrE9E,杨博文跳 《Centuries》帅到窒息！！竖屏4K直拍,Kismet丨杨博文,2025-08-18 02:15:37,263930,12069,6643,7817,563,950,3369,1
2026-07-10 15:10:31,https://www.bilibili.com/video/BV1DZvDBEEjv/?spm_id_from=333.1387.favlist.content.click&vd_source=bdf775a036c61c0159ac2f0c251aaeb7,8,BV1DZvDBEEjv,终于找到了治愈我每一天的秘方 当你一开嗓 哪怕是夕阳也格外绚烂 ｜【杨博文】黄昏晓4k横屏直拍,游园会_杨博文,2026-01-01 20:53:32,24037,4091,712,2664,36,44,178,1
2026-07-10 15:10:31,https://www.bilibili.com/video/BV1owvqBJEkn/?spm_id_from=333.1387.favlist.content.click&vd_source=bdf775a036c61c0159ac2f0c251aaeb7,9,BV1owvqBJEkn,【杨博文｜黄昏晓】 4K直拍,羊圈主,2025-12-28 00:28:04,18174,4366,1028,1653,70,88,256,1
2026-07-10 15:10:31,https://www.bilibili.com/video/BV1eqY6e1Eec/?spm_id_from=333.1387.favlist.content.click&vd_source=bdf775a036c61c0159ac2f0c251aaeb7,10,BV1eqY6e1Eec,【TF家族-杨博文】蔡依林男粉！？你的杨会扭儿上线｜《看我72变》4K直拍,LOST-杨博文,2024-08-13 05:57:43,99756,10022,1639,5640,430,102,321,1
2026-07-10 15:10:31,https://www.bilibili.com/video/BV1r9BeBZEMu/?spm_id_from=333.1387.favlist.content.click&vd_source=bdf775a036c61c0159ac2f0c251aaeb7,11,BV1r9BeBZEMu,【杨博文｜4K舞台直拍】《爱要坦荡荡》，四代主唱贝斯手玩转乐队，好青春洋溢,关键时刻来瓶尖叫,2025-12-27 00:55:22,36225,4775,745,3178,52,52,64,1
2026-07-10 15:10:31,https://www.bilibili.com/video/BV1Lb6tBBEYC/?spm_id_from=333.1387.favlist.content.click&vd_source=bdf775a036c61c0159ac2f0c251aaeb7,12,BV1Lb6tBBEYC,【4K精剪】闭嘴跳舞 | 杨博文直拍 | 260201,underthepoplar,2026-02-02 00:00:55,272384,22066,13187,16083,1894,1672,2818,5
2026-07-10 15:10:31,https://www.bilibili.com/video/BV1mJ64BREZY/?spm_id_from=333.1387.favlist.content.click&vd_source=bdf775a036c61c0159ac2f0c251aaeb7,13,BV1mJ64BREZY,【杨博文】闭嘴跳舞丨当主舞穿上西装就会得到,Kismet丨杨博文,2026-02-01 18:31:00,514592,32170,3543,23136,180,100,425,9
2026-07-10 15:10:31,https://www.bilibili.com/video/BV15M64BPEVo/?spm_id_from=333.1387.favlist.content.click&vd_source=bdf775a036c61c0159ac2f0c251aaeb7,14,BV15M64BPEVo,【杨博文】舞步是我最有力的武器 请调动所有感官和我一同所向披靡｜闭嘴跳舞4k横屏双机位直拍,游园会_杨博文,2026-02-01 20:09:30,52049,7857,1412,5002,56,38,157,1
2026-07-10 15:10:31,https://www.bilibili.com/video/BV1fWYqzTECD/?spm_id_from=333.1387.favlist.content.click&vd_source=bdf775a036c61c0159ac2f0c251aaeb7,15,BV1fWYqzTECD,绝美堕天使下凡了……｜杨博文｜deja vu 4K直拍,WIX99,2025-08-16 22:18:21,13672,2052,584,892,68,44,115,1
2026-07-10 15:10:31,https://www.bilibili.com/video/BV1Bem3B1EcH/?spm_id_from=333.1387.favlist.content.click&vd_source=bdf775a036c61c0159ac2f0c251aaeb7,16,BV1Bem3B1EcH,【杨博文｜4K舞台直拍】怎么黑衣的《Deja vu》也让人看的停不下来呢,关键时刻来瓶尖叫,2025-12-12 21:30:00,12467,1405,159,1249,19,7,1,1
2026-07-10 15:10:31,https://www.bilibili.com/video/BV11kZyByE81/?spm_id_from=333.1387.favlist.content.click&vd_source=bdf775a036c61c0159ac2f0c251aaeb7,17,BV11kZyByE81,【4K精剪】Deja Vu | 杨博文直拍 | 250816 & 250817,underthepoplar,2026-02-17 20:22:24,48879,7252,3146,3443,375,231,208,1
2026-07-10 15:10:31,https://www.bilibili.com/video/BV1J7Awz8EUZ/?spm_id_from=333.1387.favlist.content.click&vd_source=bdf775a036c61c0159ac2f0c251aaeb7,18,BV1J7Awz8EUZ,自测鸡蛋果,喜欢吃鸡蛋果,2026-03-21 16:17:31,1632,0,0,1,1,0,0,1
2026-07-10 15:10:31,https://www.bilibili.com/video/BV1Xm61BEEnt/?spm_id_from=333.1387.favlist.content.click,19,BV1Xm61BEEnt,【杨博文】致命诱惑<希区考克 作品152> 4k 竖版直拍 Focus,Roseate丨杨博文,2026-01-31 17:54:23,48167,7767,3401,2846,208,259,425,1
2026-07-10 15:10:31,https://www.bilibili.com/video/BV1MtFrzLEqw/?spm_id_from=333.1387.favlist.content.click&vd_source=82c7dc283676ff6ca01b24294b7c8a32,20,BV1MtFrzLEqw,【4K】借过一下 | 杨博文直拍 | 260131,underthepoplar,2026-02-06 15:13:06,23409,3652,1465,1823,64,101,214,1
2026-07-10 15:10:31,https://www.bilibili.com/video/BV1jjF3z3Ern/?spm_id_from=333.1387.favlist.content.click&vd_source=82c7dc283676ff6ca01b24294b7c8a32,21,BV1jjF3z3Ern,【4K精剪】Why Why Why | 杨博文直拍 | 260201,underthepoplar,2026-02-03 05:55:49,70107,11595,5453,5919,298,247,617,1
2026-07-10 15:10:31,https://www.bilibili.com/video/BV1oJVD6BEEW/?spm_id_from=333.1387.favlist.content.click&vd_source=82c7dc283676ff6ca01b24294b7c8a32,22,BV1oJVD6BEEW,Hey Mama 一分钟solo | 杨博文直拍 | 251228,underthepoplar,2026-06-01 02:16:51,32321,4165,1638,2326,66,76,35,1
2026-07-10 15:10:31,https://www.bilibili.com/video/BV16MbLzPETK/?spm_id_from=333.1387.favlist.content.click&vd_source=82c7dc283676ff6ca01b24294b7c8a32,23,BV16MbLzPETK,这是洋娃娃在给我唱歌吧｜杨博文｜雨爱 4K直拍,WIX99,2025-08-11 18:44:28,4168,644,72,333,3,9,3,1
2026-07-10 15:10:31,https://www.bilibili.com/video/BV1nUFFzSE8W/?spm_id_from=333.337.search-card.all.click&vd_source=c9ba0a78401ac34b07f18808dcb060f8,24,BV1nUFFzSE8W,【4K精剪】第二类我 | 杨博文直拍 | 260201,underthepoplar,2026-02-05 03:45:45,37234,5433,3628,2830,206,206,293,1
2026-07-10 15:10:31,https://www.bilibili.com/video/BV1JFZ4BnEiL/?spm_id_from=333.337.search-card.all.click,25,BV1JFZ4BnEiL,【杨博文4K直拍】《希区考克 作品152》20260131丨澳门·荣耀之战演唱会丨四机位,houRlyRambo丨杨博文,2026-02-15 16:50:03,2939,636,136,140,15,9,15,1
2026-07-10 15:10:31,https://www.bilibili.com/video/BV19k61BQE89/?spm_id_from=333.337.search-card.all.click,26,BV19k61BQE89,【杨博文】跟随少年步伐走进悬疑 <希区考克 作品152 >三机位混剪,61strawberry,2026-01-31 18:26:12,10688,1772,514,1390,50,43,10,1
2026-07-10 15:10:31,https://www.bilibili.com/video/BV1oz61B9ECW/?spm_id_from=333.337.search-card.all.click,27,BV1oz61B9ECW,【杨博文｜4K直拍】《希区考克》好帅的舞台,关键时刻来瓶尖叫,2026-01-31 18:18:47,30838,4109,1773,2552,116,122,192,1
2026-07-10 15:10:31,https://www.bilibili.com/video/BV1EGBCBmEo8/?spm_id_from=333.337.search-card.all.click&vd_source=bdf775a036c61c0159ac2f0c251aaeb7,28,BV1EGBCBmEo8,【杨博文｜4K高清直拍】魅魔级别的《Manta》舞台，看博文如何一yeah封神,关键时刻来瓶尖叫,2025-12-27 23:15:44,761332,11960,9315,10533,5962,945,2304,1
2026-07-10 15:10:31,https://www.bilibili.com/video/BV1s8BvBPEN5/?spm_id_from=333.337.search-card.all.click&vd_source=bdf775a036c61c0159ac2f0c251aaeb7,29,BV1s8BvBPEN5,【杨博文｜4K舞台直拍】好运来祝你好运来～博文宝宝祝你新年好运来,关键时刻来瓶尖叫,2025-12-27 00:43:12,1901091,34069,16555,31820,7048,4002,4644,1
2026-07-10 15:10:31,https://www.bilibili.com/video/BV1LiM56WEWb/?spm_id_from=333.337.search-card.all.click,30,BV1LiM56WEWb,【4K精剪】Go in Blind | 杨博文直拍 | 250816 & 250817,underthepoplar,2026-07-09 02:46:30,7691,1761,779,898,26,61,31,12
2026-07-10 16:10:53,https://www.bilibili.com/video/BV1A5vkB2E1k/?spm_id_from=333.1387.favlist.content.click&vd_source=bdf775a036c61c0159ac2f0c251aaeb7,0,BV1A5vkB2E1k,【杨博文】Hey Mama六机位纯舞直拍丨15岁舞台统治者的诞生，四代主舞燃炸全场！,Kismet丨杨博文,2025-12-28 22:28:16,2490917,60906,43054,44239,13121,13455,20542,1
2026-07-10 16:10:53,https://www.bilibili.com/video/BV1XA6nBGEPV/?spm_id_from=333.1387.favlist.content.click&vd_source=bdf775a036c61c0159ac2f0c251aaeb7,1,BV1XA6nBGEPV,【4K精剪】希区考克 作品152 | 杨博文直拍 | 260131,underthepoplar,2026-02-01 00:23:17,1921668,22377,21466,19196,9178,3977,6798,1
2026-07-10 16:10:53,https://www.bilibili.com/video/BV15r61BWESJ/?spm_id_from=333.1387.favlist.content.click&vd_source=bdf775a036c61c0159ac2f0c251aaeb7,2,BV15r61BWESJ,【杨博文】希区考克作品152丨双机位直拍 悬疑与张力碰撞 表管拉满 少年锋芒,Kismet丨杨博文,2026-01-31 18:27:40,541954,18537,10860,15626,931,1082,1224,1
2026-07-10 16:10:53,https://www.bilibili.com/video/BV19y61BnEMM/?spm_id_from=333.1387.favlist.content.click&vd_source=bdf775a036c61c0159ac2f0c251aaeb7,3,BV19y61BnEMM,【杨博文】就这个踢腿爽之 连每一根头发丝都在劲舞｜希区考克 作品152 4k双机位横屏直拍,游园会_杨博文,2026-01-31 18:31:31,418516,14905,9608,12607,1177,1513,2299,1
2026-07-10 16:10:53,https://www.bilibili.com/video/BV1M9ePzaELH/?spm_id_from=333.1387.favlist.content.click&vd_source=bdf775a036c61c0159ac2f0c251aaeb7,4,BV1M9ePzaELH,「杨博文｜卡拉永远OK」突发舞台事故？我怎么没看见,Astra_杨博文,2025-08-19 22:15:30,808811,14301,4537,9572,6558,614,516,1
2026-07-10 16:10:53,https://www.bilibili.com/video/BV1pV9GB6E96/?spm_id_from=333.1387.favlist.content.click&vd_source=bdf775a036c61c0159ac2f0c251aaeb7,5,BV1pV9GB6E96,【4K精剪】Guilty | 杨博文直拍 | 250119,underthepoplar,2026-04-01 02:23:39,50013,9115,2974,5385,241,202,204,1
2026-07-10 16:10:53,https://www.bilibili.com/video/BV1vFwNeKER9/?spm_id_from=333.1387.favlist.content.click&vd_source=bdf775a036c61c0159ac2f0c251aaeb7,6,BV1vFwNeKER9,【杨博文】guilty 4k横屏直拍｜夺命34秒，谁都无法拒绝的Legend级别，建议调大音量食用更加,游园会_杨博文,2025-01-18 22:02:36,263605,16477,8046,14268,1084,850,3091,1
2026-07-10 16:10:53,https://www.bilibili.com/video/BV1MGYnzrE9E/?spm_id_from=333.1387.favlist.content.click&vd_source=bdf775a036c61c0159ac2f0c251aaeb7,7,BV1MGYnzrE9E,杨博文跳 《Centuries》帅到窒息！！竖屏4K直拍,Kismet丨杨博文,2025-08-18 02:15:37,263934,12069,6643,7817,563,950,3369,1
2026-07-10 16:10:53,https://www.bilibili.com/video/BV1DZvDBEEjv/?spm_id_from=333.1387.favlist.content.click&vd_source=bdf775a036c61c0159ac2f0c251aaeb7,8,BV1DZvDBEEjv,终于找到了治愈我每一天的秘方 当你一开嗓 哪怕是夕阳也格外绚烂 ｜【杨博文】黄昏晓4k横屏直拍,游园会_杨博文,2026-01-01 20:53:32,24039,4091,712,2665,36,44,178,1
2026-07-10 16:10:53,https://www.bilibili.com/video/BV1owvqBJEkn/?spm_id_from=333.1387.favlist.content.click&vd_source=bdf775a036c61c0159ac2f0c251aaeb7,9,BV1owvqBJEkn,【杨博文｜黄昏晓】 4K直拍,羊圈主,2025-12-28 00:28:04,18177,4366,1028,1653,70,88,256,1
2026-07-10 16:10:53,https://www.bilibili.com/video/BV1eqY6e1Eec/?spm_id_from=333.1387.favlist.content.click&vd_source=bdf775a036c61c0159ac2f0c251aaeb7,10,BV1eqY6e1Eec,【TF家族-杨博文】蔡依林男粉！？你的杨会扭儿上线｜《看我72变》4K直拍,LOST-杨博文,2024-08-13 05:57:43,99759,10022,1639,5639,430,102,321,1
2026-07-10 16:10:53,https://www.bilibili.com/video/BV1r9BeBZEMu/?spm_id_from=333.1387.favlist.content.click&vd_source=bdf775a036c61c0159ac2f0c251aaeb7,11,BV1r9BeBZEMu,【杨博文｜4K舞台直拍】《爱要坦荡荡》，四代主唱贝斯手玩转乐队，好青春洋溢,关键时刻来瓶尖叫,2025-12-27 00:55:22,36227,4775,745,3178,52,52,64,1
2026-07-10 16:10:53,https://www.bilibili.com/video/BV1Lb6tBBEYC/?spm_id_from=333.1387.favlist.content.click&vd_source=bdf775a036c61c0159ac2f0c251aaeb7,12,BV1Lb6tBBEYC,【4K精剪】闭嘴跳舞 | 杨博文直拍 | 260201,underthepoplar,2026-02-02 00:00:55,272625,22078,13188,16091,1894,1672,2818,2
2026-07-10 16:10:53,https://www.bilibili.com/video/BV1mJ64BREZY/?spm_id_from=333.1387.favlist.content.click&vd_source=bdf775a036c61c0159ac2f0c251aaeb7,13,BV1mJ64BREZY,【杨博文】闭嘴跳舞丨当主舞穿上西装就会得到,Kismet丨杨博文,2026-02-01 18:31:00,514990,32184,3545,23148,180,100,425,7
2026-07-10 16:10:53,https://www.bilibili.com/video/BV15M64BPEVo/?spm_id_from=333.1387.favlist.content.click&vd_source=bdf775a036c61c0159ac2f0c251aaeb7,14,BV15M64BPEVo,【杨博文】舞步是我最有力的武器 请调动所有感官和我一同所向披靡｜闭嘴跳舞4k横屏双机位直拍,游园会_杨博文,2026-02-01 20:09:30,52061,7859,1412,5004,56,38,157,1
2026-07-10 16:10:53,https://www.bilibili.com/video/BV1fWYqzTECD/?spm_id_from=333.1387.favlist.content.click&vd_source=bdf775a036c61c0159ac2f0c251aaeb7,15,BV1fWYqzTECD,绝美堕天使下凡了……｜杨博文｜deja vu 4K直拍,WIX99,2025-08-16 22:18:21,13672,2052,584,892,68,44,115,1
2026-07-10 16:10:53,https://www.bilibili.com/video/BV1Bem3B1EcH/?spm_id_from=333.1387.favlist.content.click&vd_source=bdf775a036c61c0159ac2f0c251aaeb7,16,BV1Bem3B1EcH,【杨博文｜4K舞台直拍】怎么黑衣的《Deja vu》也让人看的停不下来呢,关键时刻来瓶尖叫,2025-12-12 21:30:00,12467,1405,159,1249,19,7,1,1
2026-07-10 16:10:53,https://www.bilibili.com/video/BV11kZyByE81/?spm_id_from=333.1387.favlist.content.click&vd_source=bdf775a036c61c0159ac2f0c251aaeb7,17,BV11kZyByE81,【4K精剪】Deja Vu | 杨博文直拍 | 250816 & 250817,underthepoplar,2026-02-17 20:22:24,48903,7253,3146,3444,375,231,208,1
2026-07-10 16:10:53,https://www.bilibili.com/video/BV1J7Awz8EUZ/?spm_id_from=333.1387.favlist.content.click&vd_source=bdf775a036c61c0159ac2f0c251aaeb7,18,BV1J7Awz8EUZ,自测鸡蛋果,喜欢吃鸡蛋果,2026-03-21 16:17:31,1632,0,0,1,1,0,0,1
2026-07-10 16:10:53,https://www.bilibili.com/video/BV1Xm61BEEnt/?spm_id_from=333.1387.favlist.content.click,19,BV1Xm61BEEnt,【杨博文】致命诱惑<希区考克 作品152> 4k 竖版直拍 Focus,Roseate丨杨博文,2026-01-31 17:54:23,48169,7768,3401,2845,208,259,425,1
2026-07-10 16:10:53,https://www.bilibili.com/video/BV1MtFrzLEqw/?spm_id_from=333.1387.favlist.content.click&vd_source=82c7dc283676ff6ca01b24294b7c8a32,20,BV1MtFrzLEqw,【4K】借过一下 | 杨博文直拍 | 260131,underthepoplar,2026-02-06 15:13:06,23423,3656,1465,1825,64,101,216,1
2026-07-10 16:10:53,https://www.bilibili.com/video/BV1jjF3z3Ern/?spm_id_from=333.1387.favlist.content.click&vd_source=82c7dc283676ff6ca01b24294b7c8a32,21,BV1jjF3z3Ern,【4K精剪】Why Why Why | 杨博文直拍 | 260201,underthepoplar,2026-02-03 05:55:49,70123,11598,5454,5920,298,247,617,2
2026-07-10 16:10:53,https://www.bilibili.com/video/BV1oJVD6BEEW/?spm_id_from=333.1387.favlist.content.click&vd_source=82c7dc283676ff6ca01b24294b7c8a32,22,BV1oJVD6BEEW,Hey Mama 一分钟solo | 杨博文直拍 | 251228,underthepoplar,2026-06-01 02:16:51,32351,4168,1638,2327,66,76,35,1
2026-07-10 16:10:53,https://www.bilibili.com/video/BV16MbLzPETK/?spm_id_from=333.1387.favlist.content.click&vd_source=82c7dc283676ff6ca01b24294b7c8a32,23,BV16MbLzPETK,这是洋娃娃在给我唱歌吧｜杨博文｜雨爱 4K直拍,WIX99,2025-08-11 18:44:28,4168,644,72,333,3,9,3,1
2026-07-10 16:10:53,https://www.bilibili.com/video/BV1nUFFzSE8W/?spm_id_from=333.337.search-card.all.click&vd_source=c9ba0a78401ac34b07f18808dcb060f8,24,BV1nUFFzSE8W,【4K精剪】第二类我 | 杨博文直拍 | 260201,underthepoplar,2026-02-05 03:45:45,37250,5433,3628,2830,206,206,293,1
2026-07-10 16:10:53,https://www.bilibili.com/video/BV1JFZ4BnEiL/?spm_id_from=333.337.search-card.all.click,25,BV1JFZ4BnEiL,【杨博文4K直拍】《希区考克 作品152》20260131丨澳门·荣耀之战演唱会丨四机位,houRlyRambo丨杨博文,2026-02-15 16:50:03,2939,636,136,140,15,9,15,1
2026-07-10 16:10:53,https://www.bilibili.com/video/BV19k61BQE89/?spm_id_from=333.337.search-card.all.click,26,BV19k61BQE89,【杨博文】跟随少年步伐走进悬疑 <希区考克 作品152 >三机位混剪,61strawberry,2026-01-31 18:26:12,10691,1772,514,1390,50,43,10,1
2026-07-10 16:10:53,https://www.bilibili.com/video/BV1oz61B9ECW/?spm_id_from=333.337.search-card.all.click,27,BV1oz61B9ECW,【杨博文｜4K直拍】《希区考克》好帅的舞台,关键时刻来瓶尖叫,2026-01-31 18:18:47,30843,4111,1773,2553,116,122,192,1
2026-07-10 16:10:53,https://www.bilibili.com/video/BV1EGBCBmEo8/?spm_id_from=333.337.search-card.all.click&vd_source=bdf775a036c61c0159ac2f0c251aaeb7,28,BV1EGBCBmEo8,【杨博文｜4K高清直拍】魅魔级别的《Manta》舞台，看博文如何一yeah封神,关键时刻来瓶尖叫,2025-12-27 23:15:44,761341,11960,9315,10532,5979,945,2304,1
2026-07-10 16:10:53,https://www.bilibili.com/video/BV1s8BvBPEN5/?spm_id_from=333.337.search-card.all.click&vd_source=bdf775a036c61c0159ac2f0c251aaeb7,29,BV1s8BvBPEN5,【杨博文｜4K舞台直拍】好运来祝你好运来～博文宝宝祝你新年好运来,关键时刻来瓶尖叫,2025-12-27 00:43:12,1901124,34069,16555,31818,7065,4002,4644,1
2026-07-10 16:10:53,https://www.bilibili.com/video/BV1LiM56WEWb/?spm_id_from=333.337.search-card.all.click,30,BV1LiM56WEWb,【4K精剪】Go in Blind | 杨博文直拍 | 250816 & 250817,underthepoplar,2026-07-09 02:46:30,8158,1815,790,936,26,62,31,10
2026-07-10 17:11:16,https://www.bilibili.com/video/BV1A5vkB2E1k/?spm_id_from=333.1387.favlist.content.click&vd_source=bdf775a036c61c0159ac2f0c251aaeb7,0,BV1A5vkB2E1k,【杨博文】Hey Mama六机位纯舞直拍丨15岁舞台统治者的诞生，四代主舞燃炸全场！,Kismet丨杨博文,2025-12-28 22:28:16,2491009,60908,43056,44239,13123,13455,20542,3
2026-07-10 17:11:16,https://www.bilibili.com/video/BV1XA6nBGEPV/?spm_id_from=333.1387.favlist.content.click&vd_source=bdf775a036c61c0159ac2f0c251aaeb7,1,BV1XA6nBGEPV,【4K精剪】希区考克 作品152 | 杨博文直拍 | 260131,underthepoplar,2026-02-01 00:23:17,1921690,22379,21468,19196,9180,3977,6798,1
2026-07-10 17:11:16,https://www.bilibili.com/video/BV15r61BWESJ/?spm_id_from=333.1387.favlist.content.click&vd_source=bdf775a036c61c0159ac2f0c251aaeb7,2,BV15r61BWESJ,【杨博文】希区考克作品152丨双机位直拍 悬疑与张力碰撞 表管拉满 少年锋芒,Kismet丨杨博文,2026-01-31 18:27:40,541975,18537,10860,15625,931,1082,1224,2
2026-07-10 17:11:16,https://www.bilibili.com/video/BV19y61BnEMM/?spm_id_from=333.1387.favlist.content.click&vd_source=bdf775a036c61c0159ac2f0c251aaeb7,3,BV19y61BnEMM,【杨博文】就这个踢腿爽之 连每一根头发丝都在劲舞｜希区考克 作品152 4k双机位横屏直拍,游园会_杨博文,2026-01-31 18:31:31,418559,14909,9610,12610,1177,1513,2299,3
2026-07-10 17:11:16,https://www.bilibili.com/video/BV1M9ePzaELH/?spm_id_from=333.1387.favlist.content.click&vd_source=bdf775a036c61c0159ac2f0c251aaeb7,4,BV1M9ePzaELH,「杨博文｜卡拉永远OK」突发舞台事故？我怎么没看见,Astra_杨博文,2025-08-19 22:15:30,808831,14302,4539,9573,6559,614,516,1
2026-07-10 17:11:16,https://www.bilibili.com/video/BV1pV9GB6E96/?spm_id_from=333.1387.favlist.content.click&vd_source=bdf775a036c61c0159ac2f0c251aaeb7,5,BV1pV9GB6E96,【4K精剪】Guilty | 杨博文直拍 | 250119,underthepoplar,2026-04-01 02:23:39,50037,9116,2974,5385,241,202,204,1
2026-07-10 17:11:16,https://www.bilibili.com/video/BV1vFwNeKER9/?spm_id_from=333.1387.favlist.content.click&vd_source=bdf775a036c61c0159ac2f0c251aaeb7,6,BV1vFwNeKER9,【杨博文】guilty 4k横屏直拍｜夺命34秒，谁都无法拒绝的Legend级别，建议调大音量食用更加,游园会_杨博文,2025-01-18 22:02:36,263615,16477,8046,14268,1084,850,3091,1
2026-07-10 17:11:16,https://www.bilibili.com/video/BV1MGYnzrE9E/?spm_id_from=333.1387.favlist.content.click&vd_source=bdf775a036c61c0159ac2f0c251aaeb7,7,BV1MGYnzrE9E,杨博文跳 《Centuries》帅到窒息！！竖屏4K直拍,Kismet丨杨博文,2025-08-18 02:15:37,263939,12069,6643,7816,563,950,3369,1
2026-07-10 17:11:16,https://www.bilibili.com/video/BV1DZvDBEEjv/?spm_id_from=333.1387.favlist.content.click&vd_source=bdf775a036c61c0159ac2f0c251aaeb7,8,BV1DZvDBEEjv,终于找到了治愈我每一天的秘方 当你一开嗓 哪怕是夕阳也格外绚烂 ｜【杨博文】黄昏晓4k横屏直拍,游园会_杨博文,2026-01-01 20:53:32,24042,4091,712,2665,36,44,178,1
2026-07-10 17:11:16,https://www.bilibili.com/video/BV1owvqBJEkn/?spm_id_from=333.1387.favlist.content.click&vd_source=bdf775a036c61c0159ac2f0c251aaeb7,9,BV1owvqBJEkn,【杨博文｜黄昏晓】 4K直拍,羊圈主,2025-12-28 00:28:04,18178,4366,1028,1653,70,88,256,1
2026-07-10 17:11:16,https://www.bilibili.com/video/BV1eqY6e1Eec/?spm_id_from=333.1387.favlist.content.click&vd_source=bdf775a036c61c0159ac2f0c251aaeb7,10,BV1eqY6e1Eec,【TF家族-杨博文】蔡依林男粉！？你的杨会扭儿上线｜《看我72变》4K直拍,LOST-杨博文,2024-08-13 05:57:43,99766,10022,1639,5639,430,102,321,1
2026-07-10 17:11:16,https://www.bilibili.com/video/BV1r9BeBZEMu/?spm_id_from=333.1387.favlist.content.click&vd_source=bdf775a036c61c0159ac2f0c251aaeb7,11,BV1r9BeBZEMu,【杨博文｜4K舞台直拍】《爱要坦荡荡》，四代主唱贝斯手玩转乐队，好青春洋溢,关键时刻来瓶尖叫,2025-12-27 00:55:22,36231,4775,745,3178,52,52,64,1
2026-07-10 17:11:16,https://www.bilibili.com/video/BV1Lb6tBBEYC/?spm_id_from=333.1387.favlist.content.click&vd_source=bdf775a036c61c0159ac2f0c251aaeb7,12,BV1Lb6tBBEYC,【4K精剪】闭嘴跳舞 | 杨博文直拍 | 260201,underthepoplar,2026-02-02 00:00:55,272862,22085,13192,16101,1894,1672,2819,6
2026-07-10 17:11:16,https://www.bilibili.com/video/BV1mJ64BREZY/?spm_id_from=333.1387.favlist.content.click&vd_source=bdf775a036c61c0159ac2f0c251aaeb7,13,BV1mJ64BREZY,【杨博文】闭嘴跳舞丨当主舞穿上西装就会得到,Kismet丨杨博文,2026-02-01 18:31:00,515452,32200,3547,23158,180,100,425,5
2026-07-10 17:11:16,https://www.bilibili.com/video/BV15M64BPEVo/?spm_id_from=333.1387.favlist.content.click&vd_source=bdf775a036c61c0159ac2f0c251aaeb7,14,BV15M64BPEVo,【杨博文】舞步是我最有力的武器 请调动所有感官和我一同所向披靡｜闭嘴跳舞4k横屏双机位直拍,游园会_杨博文,2026-02-01 20:09:30,52077,7862,1412,5007,56,38,157,1
2026-07-10 17:11:16,https://www.bilibili.com/video/BV1fWYqzTECD/?spm_id_from=333.1387.favlist.content.click&vd_source=bdf775a036c61c0159ac2f0c251aaeb7,15,BV1fWYqzTECD,绝美堕天使下凡了……｜杨博文｜deja vu 4K直拍,WIX99,2025-08-16 22:18:21,13674,2052,584,892,68,44,115,1
2026-07-10 17:11:16,https://www.bilibili.com/video/BV1Bem3B1EcH/?spm_id_from=333.1387.favlist.content.click&vd_source=bdf775a036c61c0159ac2f0c251aaeb7,16,BV1Bem3B1EcH,【杨博文｜4K舞台直拍】怎么黑衣的《Deja vu》也让人看的停不下来呢,关键时刻来瓶尖叫,2025-12-12 21:30:00,12471,1405,159,1249,19,7,1,1
2026-07-10 17:11:16,https://www.bilibili.com/video/BV11kZyByE81/?spm_id_from=333.1387.favlist.content.click&vd_source=bdf775a036c61c0159ac2f0c251aaeb7,17,BV11kZyByE81,【4K精剪】Deja Vu | 杨博文直拍 | 250816 & 250817,underthepoplar,2026-02-17 20:22:24,48926,7258,3147,3447,376,231,208,2
2026-07-10 17:11:16,https://www.bilibili.com/video/BV1J7Awz8EUZ/?spm_id_from=333.1387.favlist.content.click&vd_source=bdf775a036c61c0159ac2f0c251aaeb7,18,BV1J7Awz8EUZ,自测鸡蛋果,喜欢吃鸡蛋果,2026-03-21 16:17:31,1632,0,0,1,1,0,0,1
2026-07-10 17:11:16,https://www.bilibili.com/video/BV1Xm61BEEnt/?spm_id_from=333.1387.favlist.content.click,19,BV1Xm61BEEnt,【杨博文】致命诱惑<希区考克 作品152> 4k 竖版直拍 Focus,Roseate丨杨博文,2026-01-31 17:54:23,48170,7768,3401,2845,208,259,425,1
2026-07-10 17:11:16,https://www.bilibili.com/video/BV1MtFrzLEqw/?spm_id_from=333.1387.favlist.content.click&vd_source=82c7dc283676ff6ca01b24294b7c8a32,20,BV1MtFrzLEqw,【4K】借过一下 | 杨博文直拍 | 260131,underthepoplar,2026-02-06 15:13:06,23443,3659,1465,1827,64,101,216,3
2026-07-10 17:11:16,https://www.bilibili.com/video/BV1jjF3z3Ern/?spm_id_from=333.1387.favlist.content.click&vd_source=82c7dc283676ff6ca01b24294b7c8a32,21,BV1jjF3z3Ern,【4K精剪】Why Why Why | 杨博文直拍 | 260201,underthepoplar,2026-02-03 05:55:49,70139,11601,5454,5922,298,247,617,1
2026-07-10 17:11:16,https://www.bilibili.com/video/BV1oJVD6BEEW/?spm_id_from=333.1387.favlist.content.click&vd_source=82c7dc283676ff6ca01b24294b7c8a32,22,BV1oJVD6BEEW,Hey Mama 一分钟solo | 杨博文直拍 | 251228,underthepoplar,2026-06-01 02:16:51,32385,4170,1638,2330,66,76,35,1
2026-07-10 17:11:16,https://www.bilibili.com/video/BV16MbLzPETK/?spm_id_from=333.1387.favlist.content.click&vd_source=82c7dc283676ff6ca01b24294b7c8a32,23,BV16MbLzPETK,这是洋娃娃在给我唱歌吧｜杨博文｜雨爱 4K直拍,WIX99,2025-08-11 18:44:28,4169,644,72,333,3,9,3,1
2026-07-10 17:11:16,https://www.bilibili.com/video/BV1nUFFzSE8W/?spm_id_from=333.337.search-card.all.click&vd_source=c9ba0a78401ac34b07f18808dcb060f8,24,BV1nUFFzSE8W,【4K精剪】第二类我 | 杨博文直拍 | 260201,underthepoplar,2026-02-05 03:45:45,37262,5434,3628,2830,206,206,293,1
2026-07-10 17:11:16,https://www.bilibili.com/video/BV1JFZ4BnEiL/?spm_id_from=333.337.search-card.all.click,25,BV1JFZ4BnEiL,【杨博文4K直拍】《希区考克 作品152》20260131丨澳门·荣耀之战演唱会丨四机位,houRlyRambo丨杨博文,2026-02-15 16:50:03,2939,636,136,140,15,9,15,1
2026-07-10 17:11:16,https://www.bilibili.com/video/BV19k61BQE89/?spm_id_from=333.337.search-card.all.click,26,BV19k61BQE89,【杨博文】跟随少年步伐走进悬疑 <希区考克 作品152 >三机位混剪,61strawberry,2026-01-31 18:26:12,10695,1773,514,1391,50,43,10,1
2026-07-10 17:11:16,https://www.bilibili.com/video/BV1oz61B9ECW/?spm_id_from=333.337.search-card.all.click,27,BV1oz61B9ECW,【杨博文｜4K直拍】《希区考克》好帅的舞台,关键时刻来瓶尖叫,2026-01-31 18:18:47,30849,4112,1773,2554,116,122,192,1
2026-07-10 17:11:16,https://www.bilibili.com/video/BV1EGBCBmEo8/?spm_id_from=333.337.search-card.all.click&vd_source=bdf775a036c61c0159ac2f0c251aaeb7,28,BV1EGBCBmEo8,【杨博文｜4K高清直拍】魅魔级别的《Manta》舞台，看博文如何一yeah封神,关键时刻来瓶尖叫,2025-12-27 23:15:44,761346,11961,9315,10532,5981,945,2304,1
2026-07-10 17:11:16,https://www.bilibili.com/video/BV1s8BvBPEN5/?spm_id_from=333.337.search-card.all.click&vd_source=bdf775a036c61c0159ac2f0c251aaeb7,29,BV1s8BvBPEN5,【杨博文｜4K舞台直拍】好运来祝你好运来～博文宝宝祝你新年好运来,关键时刻来瓶尖叫,2025-12-27 00:43:12,1901146,34070,16557,31819,7067,4002,4644,1
2026-07-10 17:11:16,https://www.bilibili.com/video/BV1LiM56WEWb/?spm_id_from=333.337.search-card.all.click,30,BV1LiM56WEWb,【4K精剪】Go in Blind | 杨博文直拍 | 250816 & 250817,underthepoplar,2026-07-09 02:46:30,8694,1883,798,991,26,62,31,8
2026-07-10 18:11:39,https://www.bilibili.com/video/BV1A5vkB2E1k/?spm_id_from=333.1387.favlist.content.click&vd_source=bdf775a036c61c0159ac2f0c251aaeb7,0,BV1A5vkB2E1k,【杨博文】Hey Mama六机位纯舞直拍丨15岁舞台统治者的诞生，四代主舞燃炸全场！,Kismet丨杨博文,2025-12-28 22:28:16,2491096,60911,43058,44242,13141,13455,20542,4
2026-07-10 18:11:39,https://www.bilibili.com/video/BV1XA6nBGEPV/?spm_id_from=333.1387.favlist.content.click&vd_source=bdf775a036c61c0159ac2f0c251aaeb7,1,BV1XA6nBGEPV,【4K精剪】希区考克 作品152 | 杨博文直拍 | 260131,underthepoplar,2026-02-01 00:23:17,1921718,22380,21468,19197,9198,3977,6798,1
2026-07-10 18:11:39,https://www.bilibili.com/video/BV15r61BWESJ/?spm_id_from=333.1387.favlist.content.click&vd_source=bdf775a036c61c0159ac2f0c251aaeb7,2,BV15r61BWESJ,【杨博文】希区考克作品152丨双机位直拍 悬疑与张力碰撞 表管拉满 少年锋芒,Kismet丨杨博文,2026-01-31 18:27:40,541999,18541,10860,15628,931,1082,1224,1
2026-07-10 18:11:39,https://www.bilibili.com/video/BV19y61BnEMM/?spm_id_from=333.1387.favlist.content.click&vd_source=bdf775a036c61c0159ac2f0c251aaeb7,3,BV19y61BnEMM,【杨博文】就这个踢腿爽之 连每一根头发丝都在劲舞｜希区考克 作品152 4k双机位横屏直拍,游园会_杨博文,2026-01-31 18:31:31,418596,14914,9610,12613,1177,1513,2299,1
2026-07-10 18:11:39,https://www.bilibili.com/video/BV1M9ePzaELH/?spm_id_from=333.1387.favlist.content.click&vd_source=bdf775a036c61c0159ac2f0c251aaeb7,4,BV1M9ePzaELH,「杨博文｜卡拉永远OK」突发舞台事故？我怎么没看见,Astra_杨博文,2025-08-19 22:15:30,808851,14303,4539,9574,6576,614,516,1
2026-07-10 18:11:39,https://www.bilibili.com/video/BV1pV9GB6E96/?spm_id_from=333.1387.favlist.content.click&vd_source=bdf775a036c61c0159ac2f0c251aaeb7,5,BV1pV9GB6E96,【4K精剪】Guilty | 杨博文直拍 | 250119,underthepoplar,2026-04-01 02:23:39,50062,9118,2977,5385,241,202,204,1
2026-07-10 18:11:39,https://www.bilibili.com/video/BV1vFwNeKER9/?spm_id_from=333.1387.favlist.content.click&vd_source=bdf775a036c61c0159ac2f0c251aaeb7,6,BV1vFwNeKER9,【杨博文】guilty 4k横屏直拍｜夺命34秒，谁都无法拒绝的Legend级别，建议调大音量食用更加,游园会_杨博文,2025-01-18 22:02:36,263624,16478,8046,14268,1084,850,3091,1
2026-07-10 18:11:39,https://www.bilibili.com/video/BV1MGYnzrE9E/?spm_id_from=333.1387.favlist.content.click&vd_source=bdf775a036c61c0159ac2f0c251aaeb7,7,BV1MGYnzrE9E,杨博文跳 《Centuries》帅到窒息！！竖屏4K直拍,Kismet丨杨博文,2025-08-18 02:15:37,263943,12069,6643,7816,563,950,3369,1
2026-07-10 18:11:39,https://www.bilibili.com/video/BV1DZvDBEEjv/?spm_id_from=333.1387.favlist.content.click&vd_source=bdf775a036c61c0159ac2f0c251aaeb7,8,BV1DZvDBEEjv,终于找到了治愈我每一天的秘方 当你一开嗓 哪怕是夕阳也格外绚烂 ｜【杨博文】黄昏晓4k横屏直拍,游园会_杨博文,2026-01-01 20:53:32,24043,4091,712,2665,36,44,178,1
2026-07-10 18:11:39,https://www.bilibili.com/video/BV1owvqBJEkn/?spm_id_from=333.1387.favlist.content.click&vd_source=bdf775a036c61c0159ac2f0c251aaeb7,9,BV1owvqBJEkn,【杨博文｜黄昏晓】 4K直拍,羊圈主,2025-12-28 00:28:04,18178,4366,1028,1653,70,88,256,1
2026-07-10 18:11:39,https://www.bilibili.com/video/BV1eqY6e1Eec/?spm_id_from=333.1387.favlist.content.click&vd_source=bdf775a036c61c0159ac2f0c251aaeb7,10,BV1eqY6e1Eec,【TF家族-杨博文】蔡依林男粉！？你的杨会扭儿上线｜《看我72变》4K直拍,LOST-杨博文,2024-08-13 05:57:43,99767,10021,1639,5639,430,102,321,1
2026-07-10 18:11:39,https://www.bilibili.com/video/BV1r9BeBZEMu/?spm_id_from=333.1387.favlist.content.click&vd_source=bdf775a036c61c0159ac2f0c251aaeb7,11,BV1r9BeBZEMu,【杨博文｜4K舞台直拍】《爱要坦荡荡》，四代主唱贝斯手玩转乐队，好青春洋溢,关键时刻来瓶尖叫,2025-12-27 00:55:22,36234,4775,745,3178,52,52,64,1
2026-07-10 18:11:39,https://www.bilibili.com/video/BV1Lb6tBBEYC/?spm_id_from=333.1387.favlist.content.click&vd_source=bdf775a036c61c0159ac2f0c251aaeb7,12,BV1Lb6tBBEYC,【4K精剪】闭嘴跳舞 | 杨博文直拍 | 260201,underthepoplar,2026-02-02 00:00:55,273116,22098,13194,16114,1894,1672,2819,3
2026-07-10 18:11:39,https://www.bilibili.com/video/BV1mJ64BREZY/?spm_id_from=333.1387.favlist.content.click&vd_source=bdf775a036c61c0159ac2f0c251aaeb7,13,BV1mJ64BREZY,【杨博文】闭嘴跳舞丨当主舞穿上西装就会得到,Kismet丨杨博文,2026-02-01 18:31:00,515894,32218,3547,23163,180,100,425,11
2026-07-10 18:11:39,https://www.bilibili.com/video/BV15M64BPEVo/?spm_id_from=333.1387.favlist.content.click&vd_source=bdf775a036c61c0159ac2f0c251aaeb7,14,BV15M64BPEVo,【杨博文】舞步是我最有力的武器 请调动所有感官和我一同所向披靡｜闭嘴跳舞4k横屏双机位直拍,游园会_杨博文,2026-02-01 20:09:30,52086,7864,1412,5008,56,38,157,1
2026-07-10 18:11:39,https://www.bilibili.com/video/BV1fWYqzTECD/?spm_id_from=333.1387.favlist.content.click&vd_source=bdf775a036c61c0159ac2f0c251aaeb7,15,BV1fWYqzTECD,绝美堕天使下凡了……｜杨博文｜deja vu 4K直拍,WIX99,2025-08-16 22:18:21,13675,2052,584,892,68,44,115,1
2026-07-10 18:11:39,https://www.bilibili.com/video/BV1Bem3B1EcH/?spm_id_from=333.1387.favlist.content.click&vd_source=bdf775a036c61c0159ac2f0c251aaeb7,16,BV1Bem3B1EcH,【杨博文｜4K舞台直拍】怎么黑衣的《Deja vu》也让人看的停不下来呢,关键时刻来瓶尖叫,2025-12-12 21:30:00,12472,1406,159,1249,19,8,1,1
2026-07-10 18:11:39,https://www.bilibili.com/video/BV11kZyByE81/?spm_id_from=333.1387.favlist.content.click&vd_source=bdf775a036c61c0159ac2f0c251aaeb7,17,BV11kZyByE81,【4K精剪】Deja Vu | 杨博文直拍 | 250816 & 250817,underthepoplar,2026-02-17 20:22:24,48965,7263,3149,3452,376,231,208,1
2026-07-10 18:11:39,https://www.bilibili.com/video/BV1J7Awz8EUZ/?spm_id_from=333.1387.favlist.content.click&vd_source=bdf775a036c61c0159ac2f0c251aaeb7,18,BV1J7Awz8EUZ,自测鸡蛋果,喜欢吃鸡蛋果,2026-03-21 16:17:31,1632,0,0,1,1,0,0,1
2026-07-10 18:11:39,https://www.bilibili.com/video/BV1Xm61BEEnt/?spm_id_from=333.1387.favlist.content.click,19,BV1Xm61BEEnt,【杨博文】致命诱惑<希区考克 作品152> 4k 竖版直拍 Focus,Roseate丨杨博文,2026-01-31 17:54:23,48170,7769,3401,2845,208,259,425,1
2026-07-10 18:11:39,https://www.bilibili.com/video/BV1MtFrzLEqw/?spm_id_from=333.1387.favlist.content.click&vd_source=82c7dc283676ff6ca01b24294b7c8a32,20,BV1MtFrzLEqw,【4K】借过一下 | 杨博文直拍 | 260131,underthepoplar,2026-02-06 15:13:06,23472,3662,1465,1830,64,101,216,1
2026-07-10 18:11:39,https://www.bilibili.com/video/BV1jjF3z3Ern/?spm_id_from=333.1387.favlist.content.click&vd_source=82c7dc283676ff6ca01b24294b7c8a32,21,BV1jjF3z3Ern,【4K精剪】Why Why Why | 杨博文直拍 | 260201,underthepoplar,2026-02-03 05:55:49,70173,11604,5454,5923,298,247,617,1
2026-07-10 18:11:39,https://www.bilibili.com/video/BV1oJVD6BEEW/?spm_id_from=333.1387.favlist.content.click&vd_source=82c7dc283676ff6ca01b24294b7c8a32,22,BV1oJVD6BEEW,Hey Mama 一分钟solo | 杨博文直拍 | 251228,underthepoplar,2026-06-01 02:16:51,32434,4175,1638,2334,66,76,35,1
2026-07-10 18:11:39,https://www.bilibili.com/video/BV16MbLzPETK/?spm_id_from=333.1387.favlist.content.click&vd_source=82c7dc283676ff6ca01b24294b7c8a32,23,BV16MbLzPETK,这是洋娃娃在给我唱歌吧｜杨博文｜雨爱 4K直拍,WIX99,2025-08-11 18:44:28,4170,644,72,333,3,9,3,1
2026-07-10 18:11:39,https://www.bilibili.com/video/BV1nUFFzSE8W/?spm_id_from=333.337.search-card.all.click&vd_source=c9ba0a78401ac34b07f18808dcb060f8,24,BV1nUFFzSE8W,【4K精剪】第二类我 | 杨博文直拍 | 260201,underthepoplar,2026-02-05 03:45:45,37277,5437,3628,2832,206,206,293,1
2026-07-10 18:11:39,https://www.bilibili.com/video/BV1JFZ4BnEiL/?spm_id_from=333.337.search-card.all.click,25,BV1JFZ4BnEiL,【杨博文4K直拍】《希区考克 作品152》20260131丨澳门·荣耀之战演唱会丨四机位,houRlyRambo丨杨博文,2026-02-15 16:50:03,2941,636,136,140,15,9,15,1
2026-07-10 18:11:39,https://www.bilibili.com/video/BV19k61BQE89/?spm_id_from=333.337.search-card.all.click,26,BV19k61BQE89,【杨博文】跟随少年步伐走进悬疑 <希区考克 作品152 >三机位混剪,61strawberry,2026-01-31 18:26:12,10698,1773,514,1391,50,43,10,1
2026-07-10 18:11:39,https://www.bilibili.com/video/BV1oz61B9ECW/?spm_id_from=333.337.search-card.all.click,27,BV1oz61B9ECW,【杨博文｜4K直拍】《希区考克》好帅的舞台,关键时刻来瓶尖叫,2026-01-31 18:18:47,30859,4112,1773,2554,116,122,192,1
2026-07-10 18:11:39,https://www.bilibili.com/video/BV1EGBCBmEo8/?spm_id_from=333.337.search-card.all.click&vd_source=bdf775a036c61c0159ac2f0c251aaeb7,28,BV1EGBCBmEo8,【杨博文｜4K高清直拍】魅魔级别的《Manta》舞台，看博文如何一yeah封神,关键时刻来瓶尖叫,2025-12-27 23:15:44,761359,11961,9315,10532,5999,945,2304,1
2026-07-10 18:11:39,https://www.bilibili.com/video/BV1s8BvBPEN5/?spm_id_from=333.337.search-card.all.click&vd_source=bdf775a036c61c0159ac2f0c251aaeb7,29,BV1s8BvBPEN5,【杨博文｜4K舞台直拍】好运来祝你好运来～博文宝宝祝你新年好运来,关键时刻来瓶尖叫,2025-12-27 00:43:12,1901172,34070,16557,31817,7084,4002,4644,1
2026-07-10 18:11:39,https://www.bilibili.com/video/BV1LiM56WEWb/?spm_id_from=333.337.search-card.all.click,30,BV1LiM56WEWb,【4K精剪】Go in Blind | 杨博文直拍 | 250816 & 250817,underthepoplar,2026-07-09 02:46:30,9199,1953,811,1057,27,62,34,9
2026-07-10 19:12:01,https://www.bilibili.com/video/BV1A5vkB2E1k/?spm_id_from=333.1387.favlist.content.click&vd_source=bdf775a036c61c0159ac2f0c251aaeb7,0,BV1A5vkB2E1k,【杨博文】Hey Mama六机位纯舞直拍丨15岁舞台统治者的诞生，四代主舞燃炸全场！,Kismet丨杨博文,2025-12-28 22:28:16,2491189,60918,43058,44246,13153,13456,20543,2
2026-07-10 19:12:01,https://www.bilibili.com/video/BV1XA6nBGEPV/?spm_id_from=333.1387.favlist.content.click&vd_source=bdf775a036c61c0159ac2f0c251aaeb7,1,BV1XA6nBGEPV,【4K精剪】希区考克 作品152 | 杨博文直拍 | 260131,underthepoplar,2026-02-01 00:23:17,1921739,22380,21468,19197,9207,3977,6798,1
2026-07-10 19:12:01,https://www.bilibili.com/video/BV15r61BWESJ/?spm_id_from=333.1387.favlist.content.click&vd_source=bdf775a036c61c0159ac2f0c251aaeb7,2,BV15r61BWESJ,【杨博文】希区考克作品152丨双机位直拍 悬疑与张力碰撞 表管拉满 少年锋芒,Kismet丨杨博文,2026-01-31 18:27:40,542026,18544,10860,15631,931,1082,1224,1
2026-07-10 19:12:01,https://www.bilibili.com/video/BV19y61BnEMM/?spm_id_from=333.1387.favlist.content.click&vd_source=bdf775a036c61c0159ac2f0c251aaeb7,3,BV19y61BnEMM,【杨博文】就这个踢腿爽之 连每一根头发丝都在劲舞｜希区考克 作品152 4k双机位横屏直拍,游园会_杨博文,2026-01-31 18:31:31,418631,14918,9610,12615,1177,1513,2299,1
2026-07-10 19:12:01,https://www.bilibili.com/video/BV1M9ePzaELH/?spm_id_from=333.1387.favlist.content.click&vd_source=bdf775a036c61c0159ac2f0c251aaeb7,4,BV1M9ePzaELH,「杨博文｜卡拉永远OK」突发舞台事故？我怎么没看见,Astra_杨博文,2025-08-19 22:15:30,808867,14303,4539,9574,6585,614,516,1
2026-07-10 19:12:01,https://www.bilibili.com/video/BV1pV9GB6E96/?spm_id_from=333.1387.favlist.content.click&vd_source=bdf775a036c61c0159ac2f0c251aaeb7,5,BV1pV9GB6E96,【4K精剪】Guilty | 杨博文直拍 | 250119,underthepoplar,2026-04-01 02:23:39,50098,9121,2977,5385,241,202,204,1
2026-07-10 19:12:01,https://www.bilibili.com/video/BV1vFwNeKER9/?spm_id_from=333.1387.favlist.content.click&vd_source=bdf775a036c61c0159ac2f0c251aaeb7,6,BV1vFwNeKER9,【杨博文】guilty 4k横屏直拍｜夺命34秒，谁都无法拒绝的Legend级别，建议调大音量食用更加,游园会_杨博文,2025-01-18 22:02:36,263631,16478,8046,14268,1084,850,3091,1
2026-07-10 19:12:01,https://www.bilibili.com/video/BV1MGYnzrE9E/?spm_id_from=333.1387.favlist.content.click&vd_source=bdf775a036c61c0159ac2f0c251aaeb7,7,BV1MGYnzrE9E,杨博文跳 《Centuries》帅到窒息！！竖屏4K直拍,Kismet丨杨博文,2025-08-18 02:15:37,263950,12069,6643,7816,563,950,3369,1
2026-07-10 19:12:01,https://www.bilibili.com/video/BV1DZvDBEEjv/?spm_id_from=333.1387.favlist.content.click&vd_source=bdf775a036c61c0159ac2f0c251aaeb7,8,BV1DZvDBEEjv,终于找到了治愈我每一天的秘方 当你一开嗓 哪怕是夕阳也格外绚烂 ｜【杨博文】黄昏晓4k横屏直拍,游园会_杨博文,2026-01-01 20:53:32,24044,4091,712,2665,36,44,178,1
2026-07-10 19:12:01,https://www.bilibili.com/video/BV1owvqBJEkn/?spm_id_from=333.1387.favlist.content.click&vd_source=bdf775a036c61c0159ac2f0c251aaeb7,9,BV1owvqBJEkn,【杨博文｜黄昏晓】 4K直拍,羊圈主,2025-12-28 00:28:04,18180,4366,1028,1653,70,88,256,1
2026-07-10 19:12:01,https://www.bilibili.com/video/BV1eqY6e1Eec/?spm_id_from=333.1387.favlist.content.click&vd_source=bdf775a036c61c0159ac2f0c251aaeb7,10,BV1eqY6e1Eec,【TF家族-杨博文】蔡依林男粉！？你的杨会扭儿上线｜《看我72变》4K直拍,LOST-杨博文,2024-08-13 05:57:43,99770,10021,1639,5639,430,102,321,1
2026-07-10 19:12:01,https://www.bilibili.com/video/BV1r9BeBZEMu/?spm_id_from=333.1387.favlist.content.click&vd_source=bdf775a036c61c0159ac2f0c251aaeb7,11,BV1r9BeBZEMu,【杨博文｜4K舞台直拍】《爱要坦荡荡》，四代主唱贝斯手玩转乐队，好青春洋溢,关键时刻来瓶尖叫,2025-12-27 00:55:22,36235,4775,745,3178,52,52,64,1
2026-07-10 19:12:01,https://www.bilibili.com/video/BV1Lb6tBBEYC/?spm_id_from=333.1387.favlist.content.click&vd_source=bdf775a036c61c0159ac2f0c251aaeb7,12,BV1Lb6tBBEYC,【4K精剪】闭嘴跳舞 | 杨博文直拍 | 260201,underthepoplar,2026-02-02 00:00:55,273367,22111,13194,16123,1894,1672,2819,13
2026-07-10 19:12:01,https://www.bilibili.com/video/BV1mJ64BREZY/?spm_id_from=333.1387.favlist.content.click&vd_source=bdf775a036c61c0159ac2f0c251aaeb7,13,BV1mJ64BREZY,【杨博文】闭嘴跳舞丨当主舞穿上西装就会得到,Kismet丨杨博文,2026-02-01 18:31:00,516258,32223,3547,23169,180,100,425,10
2026-07-10 19:12:01,https://www.bilibili.com/video/BV15M64BPEVo/?spm_id_from=333.1387.favlist.content.click&vd_source=bdf775a036c61c0159ac2f0c251aaeb7,14,BV15M64BPEVo,【杨博文】舞步是我最有力的武器 请调动所有感官和我一同所向披靡｜闭嘴跳舞4k横屏双机位直拍,游园会_杨博文,2026-02-01 20:09:30,52098,7864,1412,5009,56,38,157,1
2026-07-10 19:12:01,https://www.bilibili.com/video/BV1fWYqzTECD/?spm_id_from=333.1387.favlist.content.click&vd_source=bdf775a036c61c0159ac2f0c251aaeb7,15,BV1fWYqzTECD,绝美堕天使下凡了……｜杨博文｜deja vu 4K直拍,WIX99,2025-08-16 22:18:21,13676,2052,584,892,68,44,115,1
2026-07-10 19:12:01,https://www.bilibili.com/video/BV1Bem3B1EcH/?spm_id_from=333.1387.favlist.content.click&vd_source=bdf775a036c61c0159ac2f0c251aaeb7,16,BV1Bem3B1EcH,【杨博文｜4K舞台直拍】怎么黑衣的《Deja vu》也让人看的停不下来呢,关键时刻来瓶尖叫,2025-12-12 21:30:00,12474,1406,159,1249,19,8,1,1
2026-07-10 19:12:01,https://www.bilibili.com/video/BV11kZyByE81/?spm_id_from=333.1387.favlist.content.click&vd_source=bdf775a036c61c0159ac2f0c251aaeb7,17,BV11kZyByE81,【4K精剪】Deja Vu | 杨博文直拍 | 250816 & 250817,underthepoplar,2026-02-17 20:22:24,48987,7265,3149,3453,376,231,208,1
2026-07-10 19:12:01,https://www.bilibili.com/video/BV1J7Awz8EUZ/?spm_id_from=333.1387.favlist.content.click&vd_source=bdf775a036c61c0159ac2f0c251aaeb7,18,BV1J7Awz8EUZ,自测鸡蛋果,喜欢吃鸡蛋果,2026-03-21 16:17:31,1632,0,0,1,1,0,0,1
2026-07-10 19:12:01,https://www.bilibili.com/video/BV1Xm61BEEnt/?spm_id_from=333.1387.favlist.content.click,19,BV1Xm61BEEnt,【杨博文】致命诱惑<希区考克 作品152> 4k 竖版直拍 Focus,Roseate丨杨博文,2026-01-31 17:54:23,48171,7769,3401,2845,208,259,425,1
2026-07-10 19:12:01,https://www.bilibili.com/video/BV1MtFrzLEqw/?spm_id_from=333.1387.favlist.content.click&vd_source=82c7dc283676ff6ca01b24294b7c8a32,20,BV1MtFrzLEqw,【4K】借过一下 | 杨博文直拍 | 260131,underthepoplar,2026-02-06 15:13:06,23491,3663,1465,1832,64,101,216,2
2026-07-10 19:12:01,https://www.bilibili.com/video/BV1jjF3z3Ern/?spm_id_from=333.1387.favlist.content.click&vd_source=82c7dc283676ff6ca01b24294b7c8a32,21,BV1jjF3z3Ern,【4K精剪】Why Why Why | 杨博文直拍 | 260201,underthepoplar,2026-02-03 05:55:49,70190,11607,5454,5927,298,247,617,1
2026-07-10 19:12:01,https://www.bilibili.com/video/BV1oJVD6BEEW/?spm_id_from=333.1387.favlist.content.click&vd_source=82c7dc283676ff6ca01b24294b7c8a32,22,BV1oJVD6BEEW,Hey Mama 一分钟solo | 杨博文直拍 | 251228,underthepoplar,2026-06-01 02:16:51,32481,4180,1638,2337,66,76,35,1
2026-07-10 19:12:01,https://www.bilibili.com/video/BV16MbLzPETK/?spm_id_from=333.1387.favlist.content.click&vd_source=82c7dc283676ff6ca01b24294b7c8a32,23,BV16MbLzPETK,这是洋娃娃在给我唱歌吧｜杨博文｜雨爱 4K直拍,WIX99,2025-08-11 18:44:28,4171,644,72,333,3,9,3,1
2026-07-10 19:12:01,https://www.bilibili.com/video/BV1nUFFzSE8W/?spm_id_from=333.337.search-card.all.click&vd_source=c9ba0a78401ac34b07f18808dcb060f8,24,BV1nUFFzSE8W,【4K精剪】第二类我 | 杨博文直拍 | 260201,underthepoplar,2026-02-05 03:45:45,37294,5437,3628,2832,206,206,293,1
2026-07-10 19:12:01,https://www.bilibili.com/video/BV1JFZ4BnEiL/?spm_id_from=333.337.search-card.all.click,25,BV1JFZ4BnEiL,【杨博文4K直拍】《希区考克 作品152》20260131丨澳门·荣耀之战演唱会丨四机位,houRlyRambo丨杨博文,2026-02-15 16:50:03,2941,636,136,140,15,9,15,1
2026-07-10 19:12:01,https://www.bilibili.com/video/BV19k61BQE89/?spm_id_from=333.337.search-card.all.click,26,BV19k61BQE89,【杨博文】跟随少年步伐走进悬疑 <希区考克 作品152 >三机位混剪,61strawberry,2026-01-31 18:26:12,10699,1773,514,1391,50,43,10,1
2026-07-10 19:12:01,https://www.bilibili.com/video/BV1oz61B9ECW/?spm_id_from=333.337.search-card.all.click,27,BV1oz61B9ECW,【杨博文｜4K直拍】《希区考克》好帅的舞台,关键时刻来瓶尖叫,2026-01-31 18:18:47,30865,4112,1773,2554,116,122,192,1
2026-07-10 19:12:01,https://www.bilibili.com/video/BV1EGBCBmEo8/?spm_id_from=333.337.search-card.all.click&vd_source=bdf775a036c61c0159ac2f0c251aaeb7,28,BV1EGBCBmEo8,【杨博文｜4K高清直拍】魅魔级别的《Manta》舞台，看博文如何一yeah封神,关键时刻来瓶尖叫,2025-12-27 23:15:44,761363,11961,9315,10532,6007,945,2304,1
2026-07-10 19:12:01,https://www.bilibili.com/video/BV1s8BvBPEN5/?spm_id_from=333.337.search-card.all.click&vd_source=bdf775a036c61c0159ac2f0c251aaeb7,29,BV1s8BvBPEN5,【杨博文｜4K舞台直拍】好运来祝你好运来～博文宝宝祝你新年好运来,关键时刻来瓶尖叫,2025-12-27 00:43:12,1901194,34072,16557,31818,7093,4002,4644,1
2026-07-10 19:12:01,https://www.bilibili.com/video/BV1LiM56WEWb/?spm_id_from=333.337.search-card.all.click,30,BV1LiM56WEWb,【4K精剪】Go in Blind | 杨博文直拍 | 250816 & 250817,underthepoplar,2026-07-09 02:46:30,9667,2008,826,1108,28,62,34,7
2026-07-10 20:12:24,https://www.bilibili.com/video/BV1A5vkB2E1k/?spm_id_from=333.1387.favlist.content.click&vd_source=bdf775a036c61c0159ac2f0c251aaeb7,0,BV1A5vkB2E1k,【杨博文】Hey Mama六机位纯舞直拍丨15岁舞台统治者的诞生，四代主舞燃炸全场！,Kismet丨杨博文,2025-12-28 22:28:16,2491294,60925,43062,44249,13175,13456,20543,2
2026-07-10 20:12:24,https://www.bilibili.com/video/BV1MGYnzrE9E/?spm_id_from=333.1387.favlist.content.click&vd_source=bdf775a036c61c0159ac2f0c251aaeb7,1,BV1MGYnzrE9E,杨博文跳 《Centuries》帅到窒息！！竖屏4K直拍,Kismet丨杨博文,2025-08-18 02:15:37,263961,12071,6647,7822,563,950,3369,1
2026-07-10 20:12:24,https://www.bilibili.com/video/BV1owvqBJEkn/?spm_id_from=333.1387.favlist.content.click&vd_source=bdf775a036c61c0159ac2f0c251aaeb7,2,BV1owvqBJEkn,【杨博文｜黄昏晓】 4K直拍,羊圈主,2025-12-28 00:28:04,18183,4366,1028,1656,70,88,256,1
2026-07-10 20:12:24,https://www.bilibili.com/video/BV1r9BeBZEMu/?spm_id_from=333.1387.favlist.content.click&vd_source=bdf775a036c61c0159ac2f0c251aaeb7,3,BV1r9BeBZEMu,【杨博文｜4K舞台直拍】《爱要坦荡荡》，四代主唱贝斯手玩转乐队，好青春洋溢,关键时刻来瓶尖叫,2025-12-27 00:55:22,36245,4779,749,3185,52,52,64,1
2026-07-10 20:12:24,https://www.bilibili.com/video/BV1Lb6tBBEYC/?spm_id_from=333.1387.favlist.content.click&vd_source=bdf775a036c61c0159ac2f0c251aaeb7,4,BV1Lb6tBBEYC,【4K精剪】闭嘴跳舞 | 杨博文直拍 | 260201,underthepoplar,2026-02-02 00:00:55,273625,22128,13197,16139,1895,1673,2819,2
2026-07-10 20:12:24,https://www.bilibili.com/video/BV1mJ64BREZY/?spm_id_from=333.1387.favlist.content.click&vd_source=bdf775a036c61c0159ac2f0c251aaeb7,5,BV1mJ64BREZY,【杨博文】闭嘴跳舞丨当主舞穿上西装就会得到,Kismet丨杨博文,2026-02-01 18:31:00,516528,32233,3549,23179,180,100,426,4
2026-07-10 20:12:24,https://www.bilibili.com/video/BV1J7Awz8EUZ/?spm_id_from=333.1387.favlist.content.click&vd_source=bdf775a036c61c0159ac2f0c251aaeb7,6,BV1J7Awz8EUZ,自测鸡蛋果,喜欢吃鸡蛋果,2026-03-21 16:17:31,1632,0,0,1,1,0,0,1
2026-07-10 20:12:24,https://www.bilibili.com/video/BV1EGBCBmEo8/?spm_id_from=333.337.search-card.all.click&vd_source=bdf775a036c61c0159ac2f0c251aaeb7,7,BV1EGBCBmEo8,【杨博文｜4K高清直拍】魅魔级别的《Manta》舞台，看博文如何一yeah封神,关键时刻来瓶尖叫,2025-12-27 23:15:44,761379,11961,9315,10533,6029,945,2304,1
2026-07-10 20:12:24,https://www.bilibili.com/video/BV1LiM56WEWb/?spm_id_from=333.337.search-card.all.click,8,BV1LiM56WEWb,【4K精剪】Go in Blind | 杨博文直拍 | 250816 & 250817,underthepoplar,2026-07-09 02:46:30,10017,2073,843,1159,29,62,34,2
2026-07-10 20:12:24,https://www.bilibili.com/video/BV1s8BvBPEN5/?spm_id_from=333.337.search-card.all.click&vd_source=bdf775a036c61c0159ac2f0c251aaeb7,9,BV1s8BvBPEN5,【杨博文｜4K舞台直拍】好运来祝你好运来～博文宝宝祝你新年好运来,关键时刻来瓶尖叫,2025-12-27 00:43:12,1901216,34072,16557,31818,7113,4002,4645,1
2026-07-10 21:12:31,https://www.bilibili.com/video/BV1A5vkB2E1k/?spm_id_from=333.1387.favlist.content.click&vd_source=bdf775a036c61c0159ac2f0c251aaeb7,0,BV1A5vkB2E1k,【杨博文】Hey Mama六机位纯舞直拍丨15岁舞台统治者的诞生，四代主舞燃炸全场！,Kismet丨杨博文,2025-12-28 22:28:16,2491408,60929,43064,44251,13180,13456,20543,2
2026-07-10 21:12:31,https://www.bilibili.com/video/BV1MGYnzrE9E/?spm_id_from=333.1387.favlist.content.click&vd_source=bdf775a036c61c0159ac2f0c251aaeb7,1,BV1MGYnzrE9E,杨博文跳 《Centuries》帅到窒息！！竖屏4K直拍,Kismet丨杨博文,2025-08-18 02:15:37,263977,12072,6649,7825,563,950,3369,1
2026-07-10 21:12:31,https://www.bilibili.com/video/BV1owvqBJEkn/?spm_id_from=333.1387.favlist.content.click&vd_source=bdf775a036c61c0159ac2f0c251aaeb7,2,BV1owvqBJEkn,【杨博文｜黄昏晓】 4K直拍,羊圈主,2025-12-28 00:28:04,18185,4367,1028,1657,70,88,256,1
2026-07-10 21:12:31,https://www.bilibili.com/video/BV1r9BeBZEMu/?spm_id_from=333.1387.favlist.content.click&vd_source=bdf775a036c61c0159ac2f0c251aaeb7,3,BV1r9BeBZEMu,【杨博文｜4K舞台直拍】《爱要坦荡荡》，四代主唱贝斯手玩转乐队，好青春洋溢,关键时刻来瓶尖叫,2025-12-27 00:55:22,36261,4780,751,3188,52,52,64,1
2026-07-10 21:12:31,https://www.bilibili.com/video/BV1Lb6tBBEYC/?spm_id_from=333.1387.favlist.content.click&vd_source=bdf775a036c61c0159ac2f0c251aaeb7,4,BV1Lb6tBBEYC,【4K精剪】闭嘴跳舞 | 杨博文直拍 | 260201,underthepoplar,2026-02-02 00:00:55,273883,22145,13197,16150,1895,1673,2820,11
2026-07-10 21:12:31,https://www.bilibili.com/video/BV1mJ64BREZY/?spm_id_from=333.1387.favlist.content.click&vd_source=bdf775a036c61c0159ac2f0c251aaeb7,5,BV1mJ64BREZY,【杨博文】闭嘴跳舞丨当主舞穿上西装就会得到,Kismet丨杨博文,2026-02-01 18:31:00,516823,32245,3551,23187,180,100,426,6
2026-07-10 21:12:31,https://www.bilibili.com/video/BV1J7Awz8EUZ/?spm_id_from=333.1387.favlist.content.click&vd_source=bdf775a036c61c0159ac2f0c251aaeb7,6,BV1J7Awz8EUZ,自测鸡蛋果,喜欢吃鸡蛋果,2026-03-21 16:17:31,1632,0,0,1,1,0,0,1
2026-07-10 21:12:31,https://www.bilibili.com/video/BV1EGBCBmEo8/?spm_id_from=333.337.search-card.all.click&vd_source=bdf775a036c61c0159ac2f0c251aaeb7,7,BV1EGBCBmEo8,【杨博文｜4K高清直拍】魅魔级别的《Manta》舞台，看博文如何一yeah封神,关键时刻来瓶尖叫,2025-12-27 23:15:44,761388,11963,9316,10534,6031,945,2304,1
2026-07-10 21:12:31,https://www.bilibili.com/video/BV1LiM56WEWb/?spm_id_from=333.337.search-card.all.click,8,BV1LiM56WEWb,【4K精剪】Go in Blind | 杨博文直拍 | 250816 & 250817,underthepoplar,2026-07-09 02:46:30,10263,2114,857,1192,29,62,34,8
2026-07-10 21:12:31,https://www.bilibili.com/video/BV1s8BvBPEN5/?spm_id_from=333.337.search-card.all.click&vd_source=bdf775a036c61c0159ac2f0c251aaeb7,9,BV1s8BvBPEN5,【杨博文｜4K舞台直拍】好运来祝你好运来～博文宝宝祝你新年好运来,关键时刻来瓶尖叫,2025-12-27 00:43:12,1901251,34075,16559,31820,7116,4002,4645,1
2026-07-10 22:12:38,https://www.bilibili.com/video/BV1A5vkB2E1k/?spm_id_from=333.1387.favlist.content.click&vd_source=bdf775a036c61c0159ac2f0c251aaeb7,0,BV1A5vkB2E1k,【杨博文】Hey Mama六机位纯舞直拍丨15岁舞台统治者的诞生，四代主舞燃炸全场！,Kismet丨杨博文,2025-12-28 22:28:16,2491535,60933,43066,44254,13185,13456,20546,3
2026-07-10 22:12:38,https://www.bilibili.com/video/BV1MGYnzrE9E/?spm_id_from=333.1387.favlist.content.click&vd_source=bdf775a036c61c0159ac2f0c251aaeb7,1,BV1MGYnzrE9E,杨博文跳 《Centuries》帅到窒息！！竖屏4K直拍,Kismet丨杨博文,2025-08-18 02:15:37,264009,12073,6651,7827,563,950,3369,1
2026-07-10 22:12:38,https://www.bilibili.com/video/BV1owvqBJEkn/?spm_id_from=333.1387.favlist.content.click&vd_source=bdf775a036c61c0159ac2f0c251aaeb7,2,BV1owvqBJEkn,【杨博文｜黄昏晓】 4K直拍,羊圈主,2025-12-28 00:28:04,18195,4372,1028,1661,70,88,256,1
2026-07-10 22:12:38,https://www.bilibili.com/video/BV1r9BeBZEMu/?spm_id_from=333.1387.favlist.content.click&vd_source=bdf775a036c61c0159ac2f0c251aaeb7,3,BV1r9BeBZEMu,【杨博文｜4K舞台直拍】《爱要坦荡荡》，四代主唱贝斯手玩转乐队，好青春洋溢,关键时刻来瓶尖叫,2025-12-27 00:55:22,36287,4782,755,3190,52,52,64,1
2026-07-10 22:12:38,https://www.bilibili.com/video/BV1Lb6tBBEYC/?spm_id_from=333.1387.favlist.content.click&vd_source=bdf775a036c61c0159ac2f0c251aaeb7,4,BV1Lb6tBBEYC,【4K精剪】闭嘴跳舞 | 杨博文直拍 | 260201,underthepoplar,2026-02-02 00:00:55,274111,22154,13199,16160,1896,1678,2820,6
2026-07-10 22:12:38,https://www.bilibili.com/video/BV1mJ64BREZY/?spm_id_from=333.1387.favlist.content.click&vd_source=bdf775a036c61c0159ac2f0c251aaeb7,5,BV1mJ64BREZY,【杨博文】闭嘴跳舞丨当主舞穿上西装就会得到,Kismet丨杨博文,2026-02-01 18:31:00,517078,32252,3551,23195,180,100,426,3
2026-07-10 22:12:38,https://www.bilibili.com/video/BV1J7Awz8EUZ/?spm_id_from=333.1387.favlist.content.click&vd_source=bdf775a036c61c0159ac2f0c251aaeb7,6,BV1J7Awz8EUZ,自测鸡蛋果,喜欢吃鸡蛋果,2026-03-21 16:17:31,1632,0,0,1,1,0,0,1
2026-07-10 22:12:38,https://www.bilibili.com/video/BV1EGBCBmEo8/?spm_id_from=333.337.search-card.all.click&vd_source=bdf775a036c61c0159ac2f0c251aaeb7,7,BV1EGBCBmEo8,【杨博文｜4K高清直拍】魅魔级别的《Manta》舞台，看博文如何一yeah封神,关键时刻来瓶尖叫,2025-12-27 23:15:44,761403,11963,9316,10533,6035,945,2305,1
2026-07-10 22:12:38,https://www.bilibili.com/video/BV1LiM56WEWb/?spm_id_from=333.337.search-card.all.click,8,BV1LiM56WEWb,【4K精剪】Go in Blind | 杨博文直拍 | 250816 & 250817,underthepoplar,2026-07-09 02:46:30,10566,2165,875,1226,29,63,35,4
2026-07-10 22:12:38,https://www.bilibili.com/video/BV1s8BvBPEN5/?spm_id_from=333.337.search-card.all.click&vd_source=bdf775a036c61c0159ac2f0c251aaeb7,9,BV1s8BvBPEN5,【杨博文｜4K舞台直拍】好运来祝你好运来～博文宝宝祝你新年好运来,关键时刻来瓶尖叫,2025-12-27 00:43:12,1901283,34075,16559,31821,7119,4003,4645,1
2026-07-10 23:12:46,https://www.bilibili.com/video/BV1A5vkB2E1k/?spm_id_from=333.1387.favlist.content.click&vd_source=bdf775a036c61c0159ac2f0c251aaeb7,0,BV1A5vkB2E1k,【杨博文】Hey Mama六机位纯舞直拍丨15岁舞台统治者的诞生，四代主舞燃炸全场！,Kismet丨杨博文,2025-12-28 22:28:16,2491759,60937,43066,44258,13197,13456,20547,2
2026-07-10 23:12:46,https://www.bilibili.com/video/BV1MGYnzrE9E/?spm_id_from=333.1387.favlist.content.click&vd_source=bdf775a036c61c0159ac2f0c251aaeb7,1,BV1MGYnzrE9E,杨博文跳 《Centuries》帅到窒息！！竖屏4K直拍,Kismet丨杨博文,2025-08-18 02:15:37,264103,12072,6651,7828,563,950,3369,1
2026-07-10 23:12:46,https://www.bilibili.com/video/BV1owvqBJEkn/?spm_id_from=333.1387.favlist.content.click&vd_source=bdf775a036c61c0159ac2f0c251aaeb7,2,BV1owvqBJEkn,【杨博文｜黄昏晓】 4K直拍,羊圈主,2025-12-28 00:28:04,18239,4373,1028,1664,70,88,256,1
2026-07-10 23:12:46,https://www.bilibili.com/video/BV1r9BeBZEMu/?spm_id_from=333.1387.favlist.content.click&vd_source=bdf775a036c61c0159ac2f0c251aaeb7,3,BV1r9BeBZEMu,【杨博文｜4K舞台直拍】《爱要坦荡荡》，四代主唱贝斯手玩转乐队，好青春洋溢,关键时刻来瓶尖叫,2025-12-27 00:55:22,36370,4783,755,3191,52,52,64,1
2026-07-10 23:12:46,https://www.bilibili.com/video/BV1Lb6tBBEYC/?spm_id_from=333.1387.favlist.content.click&vd_source=bdf775a036c61c0159ac2f0c251aaeb7,4,BV1Lb6tBBEYC,【4K精剪】闭嘴跳舞 | 杨博文直拍 | 260201,underthepoplar,2026-02-02 00:00:55,274269,22167,13199,16167,1897,1678,2821,1
2026-07-10 23:12:46,https://www.bilibili.com/video/BV1mJ64BREZY/?spm_id_from=333.1387.favlist.content.click&vd_source=bdf775a036c61c0159ac2f0c251aaeb7,5,BV1mJ64BREZY,【杨博文】闭嘴跳舞丨当主舞穿上西装就会得到,Kismet丨杨博文,2026-02-01 18:31:00,517274,32264,3553,23202,180,100,426,4
2026-07-10 23:12:46,https://www.bilibili.com/video/BV1J7Awz8EUZ/?spm_id_from=333.1387.favlist.content.click&vd_source=bdf775a036c61c0159ac2f0c251aaeb7,6,BV1J7Awz8EUZ,自测鸡蛋果,喜欢吃鸡蛋果,2026-03-21 16:17:31,1632,0,0,1,1,0,0,1
2026-07-10 23:12:46,https://www.bilibili.com/video/BV1EGBCBmEo8/?spm_id_from=333.337.search-card.all.click&vd_source=bdf775a036c61c0159ac2f0c251aaeb7,7,BV1EGBCBmEo8,【杨博文｜4K高清直拍】魅魔级别的《Manta》舞台，看博文如何一yeah封神,关键时刻来瓶尖叫,2025-12-27 23:15:44,761466,11963,9316,10533,6048,945,2305,1
2026-07-10 23:12:46,https://www.bilibili.com/video/BV1LiM56WEWb/?spm_id_from=333.337.search-card.all.click,8,BV1LiM56WEWb,【4K精剪】Go in Blind | 杨博文直拍 | 250816 & 250817,underthepoplar,2026-07-09 02:46:30,10910,2211,883,1256,30,63,36,4
2026-07-10 23:12:46,https://www.bilibili.com/video/BV1s8BvBPEN5/?spm_id_from=333.337.search-card.all.click&vd_source=bdf775a036c61c0159ac2f0c251aaeb7,9,BV1s8BvBPEN5,【杨博文｜4K舞台直拍】好运来祝你好运来～博文宝宝祝你新年好运来,关键时刻来瓶尖叫,2025-12-27 00:43:12,1901313,34075,16559,31822,7133,4003,4645,1
