采集时间,输入,原始顺序,BV号,标题,UP主,上传时间,总播放量,点赞数,投币数,收藏数,转发数,评论数,弹幕数,在线人数,错误
2026-08-25 00:00:03,https://www.bilibili.com/video/BV1GdgW6JEe9/?spm_id_from=333.1387.favlist.content.click&vd_source=406d0cf895bedbdc58a3d0130d55e34c,0,BV1GdgW6JEe9,【杨博文｜4k直拍】Whiplash 双日直拍混剪,关键时刻来瓶尖叫,2026-08-13 23:45:41,221460.0,28129.0,22819.0,21521.0,7007.0,4692.0,8173.0,20.0,
2026-08-25 00:00:03,https://www.bilibili.com/video/BV1W5gs6KEhr/?spm_id_from=333.1387.favlist.content.click&vd_source=406d0cf895bedbdc58a3d0130d55e34c,1,BV1W5gs6KEhr,【4K精剪】异常加载中 | 杨博文直拍 | 260813,underthepoplar,2026-08-13 22:44:57,184804.0,23357.0,15815.0,17310.0,6303.0,7385.0,8618.0,11.0,
2026-08-25 00:00:03,https://www.bilibili.com/video/BV1VFbd6QEjw/spm_id_from=333.1387.favlist.content.click&vd_source=406d0cf895bedbdc58a3d0130d55e34c,2,BV1VFbd6QEjw,【杨博文｜4k直拍】管他什么音乐 直拍,关键时刻来瓶尖叫,2026-08-16 23:08:52,85217.0,6007.0,3547.0,4649.0,2678.0,562.0,18.0,6.0,
2026-08-25 00:00:03,https://www.bilibili.com/video/BV1xebR6zEkr/?spm_id_from=333.1387.favlist.content.click&vd_source=406d0cf895bedbdc58a3d0130d55e34c,3,BV1xebR6zEkr,【4K精剪】Attention | 杨博文直拍 | 260816,underthepoplar,2026-08-16 23:54:18,185249.0,16252.0,10285.0,13470.0,3177.0,1717.0,2802.0,16.0,
2026-08-25 00:00:03,https://www.bilibili.com/video/BV1s3gs6MEej/?spm_id_from=333.1387.favlist.content.click&vd_source=406d0cf895bedbdc58a3d0130d55e34c,4,BV1s3gs6MEej,【杨博文｜4k直拍】爱的初体验 直拍,关键时刻来瓶尖叫,2026-08-13 22:46:37,117673.0,12708.0,6753.0,9813.0,3473.0,523.0,2521.0,10.0,
2026-08-25 00:00:03,https://www.bilibili.com/video/BV1E2bR6hEJR/?spm_id_from=333.1387.favlist.content.click&vd_source=406d0cf895bedbdc58a3d0130d55e34c,5,BV1E2bR6hEJR,【杨博文】Attention丨直拍横屏丨16岁高中生内娱主舞的舞台掌控力丨8.16双机位4k精剪,Kismet丨杨博文,2026-08-16 22:13:05,257766.0,28427.0,14058.0,19862.0,4383.0,9681.0,11616.0,191.0,
2026-08-25 00:00:03,https://www.bilibili.com/video/BV1Rib96EE3F/?spm_id_from=333.1387.favlist.content.click&vd_source=406d0cf895bedbdc58a3d0130d55e34c,6,BV1Rib96EE3F,260816 【杨博文】春雪  竖屏4k直拍,meetsummer丨杨博文,2026-08-17 01:54:42,43803.0,8847.0,3501.0,4757.0,1852.0,721.0,735.0,11.0,
2026-08-25 00:00:03,https://www.bilibili.com/video/BV18jgg6BEAd/?spm_id_from=333.1387.favlist.content.click&vd_source=406d0cf895bedbdc58a3d0130d55e34c,7,BV18jgg6BEAd,【4K精剪】摇曳！摇曳！ | 杨博文直拍 | 260813 & 260814,underthepoplar,2026-08-15 13:26:46,69483.0,10080.0,7237.0,6653.0,2891.0,460.0,1144.0,13.0,
2026-08-25 00:00:03,https://www.bilibili.com/video/BV1A5vkB2E1k/?spm_id_from=333.1387.favlist.content.click&vd_source=406d0cf895bedbdc58a3d0130d55e34c,8,BV1A5vkB2E1k,【杨博文】Hey Mama六机位纯舞直拍丨15岁舞台统治者的诞生，四代主舞燃炸全场！,Kismet丨杨博文,2025-12-28 22:28:16,2809714.0,65675.0,45895.0,48010.0,27856.0,13670.0,22016.0,2.0,
2026-08-25 00:00:03,https://www.bilibili.com/video/BV1mJ64BREZY/?spm_id_from=333.337.search-card.all.click&vd_source=406d0cf895bedbdc58a3d0130d55e34c,9,BV1mJ64BREZY,【杨博文】闭嘴跳舞丨当主舞穿上西装就会得到,Kismet丨杨博文,2026-02-01 18:31:00,622180.0,35178.0,4039.0,25442.0,8600.0,447.0,654.0,1.0,
2026-08-25 00:00:03,BV1Qu816ZEoy,10,BV1Qu816ZEoy,测试用，勿点，谢谢,猫球不是毛球啊,2026-08-22 16:55:19,165.0,2.0,0.0,0.0,0.0,0.0,0.0,1.0,
2026-08-25 00:00:03,BV1Vd8B65EkU,11,BV1Vd8B65EkU,0822.3,dddddash6,2026-08-21 21:49:36,113.0,0.0,0.0,1.0,0.0,0.0,0.0,1.0,
2026-08-25 00:00:03,BV1fT8S61Ejo,12,BV1fT8S61Ejo,十一（23）,爱动手的法学生,2026-08-22 23:46:38,124.0,0.0,0.0,0.0,0.0,0.0,0.0,1.0,
2026-08-25 00:00:03,BV1bf816sE8P,13,BV1bf816sE8P,自测，误点,橙子小姐_sheep,2026-08-22 14:38:54,157.0,0.0,0.0,2.0,0.0,0.0,0.0,1.0,
2026-08-25 00:00:03,BV1Te8K6uEJt,14,BV1Te8K6uEJt,勿进勿进勿进！自测 安卓0821,cannndy_,2026-08-21 08:57:55,162.0,0.0,0.0,1.0,0.0,0.0,0.0,1.0,
2026-08-25 00:00:03,BV1au816oEjs,15,BV1au816oEjs,手机自测,熙熙哈哈oO,2026-08-22 16:55:10,186.0,0.0,0.0,0.0,0.0,0.0,0.0,1.0,
2026-08-25 00:00:03,BV1qw816eE1d,16,BV1qw816eE1d,8.22 自测视频 勿点,dgsaydhakjdhjk,2026-08-22 16:56:23,339.0,0.0,0.0,0.0,0.0,0.0,0.0,1.0,
2026-08-25 00:00:03,BV1ci8163ECY,17,BV1ci8163ECY,自测勿点,不完美是常态_,2026-08-22 15:39:32,50.0,0.0,0.0,0.0,0.0,0.0,0.0,1.0,
2026-08-25 00:00:03,BV1dw816YEau,18,,失败,,,,,,,,,,,62012.0
2026-08-25 00:00:03,BV1jg8S6yEuV,19,BV1jg8S6yEuV,自测视频,only筱筱,2026-08-22 23:58:01,243.0,1.0,0.0,0.0,0.0,0.0,0.0,1.0,
2026-08-25 00:00:03,BV1z6816qEbo,20,BV1z6816qEbo,自用,dddii点点,2026-08-22 16:38:15,229.0,1.0,0.0,0.0,0.0,0.0,0.0,1.0,
2026-08-25 00:00:03,BV1eM8168E9p,21,BV1eM8168E9p,自测勿点！！！！,dd鱿鱼须,2026-08-22 16:39:08,180.0,0.0,0.0,1.0,0.0,0.0,0.0,1.0,
2026-08-25 00:00:03,BV14i8M61EdN,22,BV14i8M61EdN,sz,我素质低你让让我,2026-08-21 12:22:44,247.0,0.0,0.0,0.0,0.0,0.0,0.0,1.0,
2026-08-25 00:00:03,BV12A826QEK4,23,BV12A826QEK4,自测 禁点,哈哈哈哈哈11_,2026-08-22 15:15:37,96.0,0.0,0.0,0.0,0.0,0.0,0.0,1.0,
2026-08-25 00:00:03,BV1St8S6wE33,24,BV1St8S6wE33,自测哦,半夏哒哒哒,2026-08-23 00:18:35,100.0,0.0,0.0,0.0,0.0,0.0,0.0,1.0,
2026-08-25 00:00:03,BV1bwbh65Eh7,25,BV1bwbh65Eh7,自测视频！勿点0817,摸鱼堡成员,2026-08-17 09:36:15,391.0,1.0,0.0,0.0,0.0,0.0,0.0,1.0,
2026-08-25 00:00:03,BV15B8r6WEQ3,26,BV15B8r6WEQ3,8.22自测勿点,刘海打歪了,2026-08-22 09:19:46,53.0,0.0,0.0,0.0,0.0,0.0,0.0,1.0,
2026-08-25 00:00:03,BV1ET8S62EvB,27,BV1ET8S62EvB,【牛小Bala】视频已打包，欢迎围观！,牛小Bala,2026-08-22 23:47:03,144.0,0.0,0.0,0.0,0.0,0.0,0.0,1.0,
2026-08-25 00:00:03,BV1kS8y6kEA8,28,BV1kS8y6kEA8,自测 勿点,MENYAOOO,2026-08-22 18:41:15,181.0,0.0,0.0,0.0,0.0,0.0,0.0,1.0,
2026-08-25 00:00:03,BV1pX8y66ELf,29,BV1pX8y66ELf,自测请勿点击,风枷锁,2026-08-22 18:47:46,187.0,1.0,0.0,1.0,0.0,0.0,0.0,1.0,
2026-08-25 00:00:03,BV1uz8y6JEAr,30,BV1uz8y6JEAr,【起司不是qs】第一支视频求三连！,起司不是qs,2026-08-22 18:20:23,173.0,0.0,0.0,0.0,0.0,0.0,0.0,1.0,
2026-08-25 00:00:03,BV1mx8m6REbb,31,BV1mx8m6REbb,自测,甜奶味羊咩,2026-08-22 20:49:17,42.0,0.0,0.0,0.0,0.0,0.0,0.0,1.0,
2026-08-25 00:00:03,BV1du8S65E6x,32,BV1du8S65E6x,测测测,羊咩_0601,2026-08-23 00:02:02,53.0,0.0,0.0,0.0,0.0,0.0,0.0,1.0,
2026-08-25 00:00:03,BV1hn8m6FEcd,33,BV1hn8m6FEcd,自测勿点,哇哦哦噢噢噢哦,2026-08-22 21:06:21,33.0,0.0,0.0,0.0,0.0,0.0,0.0,1.0,
2026-08-25 00:00:03,BV1DE8m68E2D,34,,失败,,,,,,,,,,,62012.0
2026-08-25 00:00:03,BV1jM8m6MEoA,35,BV1jM8m6MEoA,自测，勿点进,Camellia不是cc,2026-08-22 20:29:58,9.0,0.0,0.0,1.0,0.0,0.0,0.0,1.0,
2026-08-25 00:00:03,BV1gE8m6hEJ2,36,BV1gE8m6hEJ2,自测勿点,萌羊叫眠羊,2026-08-22 21:11:17,5.0,0.0,0.0,0.0,0.0,0.0,0.0,1.0,
2026-08-25 00:00:03,BV15V8S6kEYA,37,BV15V8S6kEYA,自测,kuaiqushuijiaoba,2026-08-22 23:32:08,29.0,0.0,0.0,0.0,0.0,0.0,0.0,1.0,
2026-08-25 00:00:03,BV1vG8S6VEgc,38,BV1vG8S6VEgc,8.23自测,萌是天生命TvT,2026-08-22 23:34:07,176.0,0.0,0.0,1.0,0.0,0.0,0.0,1.0,
2026-08-25 00:00:03,BV1Zg8S6CEu5,39,BV1Zg8S6CEu5,自测勿点3,北纬咩雪刊,2026-08-22 23:54:46,57.0,0.0,0.0,0.0,0.0,0.0,0.0,1.0,
2026-08-25 00:00:03,BV1s8BvBPEN5,40,BV1s8BvBPEN5,【杨博文｜4K舞台直拍】好运来祝你好运来～博文宝宝祝你新年好运来,关键时刻来瓶尖叫,2025-12-27 00:43:12,1915616.0,35054.0,17126.0,32457.0,19591.0,4338.0,4873.0,1.0,
2026-08-25 00:00:03,BV1XA6nBGEPV,41,BV1XA6nBGEPV,【4K精剪】希区考克 作品152 | 杨博文直拍 | 260131,underthepoplar,2026-02-01 00:23:17,1945818.0,24096.0,22520.0,20192.0,19011.0,4021.0,6938.0,1.0,
2026-08-25 00:00:03,BV1Phbr6NE8u,42,BV1Phbr6NE8u,【杨博文｜4K多机位直拍】管他什么音乐,Eternity丨杨博文,2026-08-18 12:37:02,1850.0,574.0,174.0,205.0,3.0,9.0,8.0,1.0,
2026-08-25 00:00:03,BV1mX8z6NEzz,43,BV1mX8z6NEzz,【4K精剪】管他什么音乐 | 杨博文直拍 | 260816,underthepoplar,2026-08-22 04:21:09,9335.0,2355.0,1322.0,1164.0,32.0,45.0,67.0,1.0,
2026-08-25 00:00:03,BV1qHbb6QErY,44,BV1qHbb6QErY,杨博文｜260816第肆象限attention<4k精剪>,61strawberry,2026-08-17 06:33:44,8356.0,1533.0,398.0,1046.0,7.0,10.0,16.0,1.0,
2026-08-25 00:00:03,BV1hibB6PEH5,45,BV1hibB6PEH5,【杨博文｜4k直拍】《春雪》我想爱你浅浅不停息～,关键时刻来瓶尖叫,2026-08-18 02:28:40,11678.0,2010.0,424.0,1218.0,4.0,19.0,67.0,1.0,
2026-08-25 00:00:03,BV1N6bi6XE5B,46,BV1N6bi6XE5B,【杨博文】骨骼谢幕丨横屏直拍丨三机位4k字幕版,Kismet丨杨博文,2026-08-17 22:20:49,40918.0,5079.0,1675.0,3277.0,1414.0,72.0,452.0,1.0,
2026-08-25 00:00:03,BV1Gggg6kEhv,47,BV1Gggg6kEhv,【杨博文｜4k直拍】溜溜的她 直拍,关键时刻来瓶尖叫,2026-08-15 05:41:55,56542.0,6003.0,1235.0,3940.0,26.0,20.0,152.0,4.0,
2026-08-25 00:00:03,BV15egs6pEJp,48,BV15egs6pEJp,杨博文｜Whiplash 2机位精剪 直拍 fancam｜4K60｜260813,LOST_杨博文,2026-08-13 23:03:07,83631.0,8099.0,1877.0,6054.0,61.0,69.0,243.0,1.0,
2026-08-25 00:00:03,BV1rqgW6hEvv,49,BV1rqgW6hEvv,【杨博文｜4k直拍】100Ways 直拍,关键时刻来瓶尖叫,2026-08-14 01:41:46,25491.0,3651.0,1453.0,2654.0,36.0,36.0,226.0,1.0,
2026-08-25 00:00:03,BV1b5uf6gEhd,50,BV1b5uf6gEhd,【杨博文】100ways丨直拍双机位丨8.13&14两日精剪,Kismet丨杨博文,2026-08-14 04:12:18,16826.0,2644.0,829.0,1810.0,18.0,17.0,89.0,1.0,
2026-08-25 00:00:03,BV1vCuf6nErK,51,BV1vCuf6nErK,【杨博文】100ways 4k直拍｜力量感爆发气场全开,游园会_杨博文,2026-08-14 03:20:46,13306.0,2241.0,605.0,1593.0,11.0,19.0,40.0,1.0,
2026-08-25 00:00:03,BV16zgA6zEkE,52,BV16zgA6zEkE,【杨博文｜4K】Whiplash 四机位精剪直拍,Eternity丨杨博文,2026-08-14 11:25:47,17690.0,4540.0,1064.0,1907.0,33.0,64.0,170.0,1.0,
2026-08-25 00:00:03,BV1Gigw6XEXN,53,BV1Gigw6XEXN,杨博文｜醉拳 3机位精剪 直拍 fancam｜4K60｜260813,LOST_杨博文,2026-08-14 13:11:22,30881.0,4874.0,2350.0,2812.0,1740.0,56.0,295.0,1.0,
2026-08-25 00:00:03,BV1k9gw6gE4U,54,BV1k9gw6gE4U,「杨博文｜爱的初体验」是不是我的十六岁 注定要为__流泪,Astra_杨博文,2026-08-14 13:49:20,18029.0,2351.0,637.0,1489.0,21.0,13.0,94.0,1.0,
2026-08-25 00:30:03,https://www.bilibili.com/video/BV1GdgW6JEe9/?spm_id_from=333.1387.favlist.content.click&vd_source=406d0cf895bedbdc58a3d0130d55e34c,0,BV1GdgW6JEe9,【杨博文｜4k直拍】Whiplash 双日直拍混剪,关键时刻来瓶尖叫,2026-08-13 23:45:41,221592.0,28135.0,22822.0,21524.0,7007.0,4692.0,8173.0,18.0,
2026-08-25 00:30:03,https://www.bilibili.com/video/BV1W5gs6KEhr/?spm_id_from=333.1387.favlist.content.click&vd_source=406d0cf895bedbdc58a3d0130d55e34c,1,BV1W5gs6KEhr,【4K精剪】异常加载中 | 杨博文直拍 | 260813,underthepoplar,2026-08-13 22:44:57,184896.0,23363.0,15817.0,17314.0,6304.0,7385.0,8618.0,17.0,
2026-08-25 00:30:03,https://www.bilibili.com/video/BV1VFbd6QEjw/spm_id_from=333.1387.favlist.content.click&vd_source=406d0cf895bedbdc58a3d0130d55e34c,2,BV1VFbd6QEjw,【杨博文｜4k直拍】管他什么音乐 直拍,关键时刻来瓶尖叫,2026-08-16 23:08:52,85234.0,6008.0,3549.0,4650.0,2678.0,562.0,18.0,12.0,
2026-08-25 00:30:03,https://www.bilibili.com/video/BV1xebR6zEkr/?spm_id_from=333.1387.favlist.content.click&vd_source=406d0cf895bedbdc58a3d0130d55e34c,3,BV1xebR6zEkr,【4K精剪】Attention | 杨博文直拍 | 260816,underthepoplar,2026-08-16 23:54:18,185396.0,16263.0,10287.0,13475.0,3177.0,1717.0,2803.0,17.0,
2026-08-25 00:30:03,https://www.bilibili.com/video/BV1s3gs6MEej/?spm_id_from=333.1387.favlist.content.click&vd_source=406d0cf895bedbdc58a3d0130d55e34c,4,BV1s3gs6MEej,【杨博文｜4k直拍】爱的初体验 直拍,关键时刻来瓶尖叫,2026-08-13 22:46:37,117753.0,12713.0,6754.0,9812.0,3473.0,523.0,2521.0,13.0,
2026-08-25 00:30:03,https://www.bilibili.com/video/BV1E2bR6hEJR/?spm_id_from=333.1387.favlist.content.click&vd_source=406d0cf895bedbdc58a3d0130d55e34c,5,BV1E2bR6hEJR,【杨博文】Attention丨直拍横屏丨16岁高中生内娱主舞的舞台掌控力丨8.16双机位4k精剪,Kismet丨杨博文,2026-08-16 22:13:05,258033.0,28444.0,14065.0,19869.0,4387.0,9683.0,11619.0,187.0,
2026-08-25 00:30:03,https://www.bilibili.com/video/BV1Rib96EE3F/?spm_id_from=333.1387.favlist.content.click&vd_source=406d0cf895bedbdc58a3d0130d55e34c,6,BV1Rib96EE3F,260816 【杨博文】春雪  竖屏4k直拍,meetsummer丨杨博文,2026-08-17 01:54:42,43890.0,8855.0,3502.0,4760.0,1853.0,721.0,736.0,14.0,
2026-08-25 00:30:03,https://www.bilibili.com/video/BV18jgg6BEAd/?spm_id_from=333.1387.favlist.content.click&vd_source=406d0cf895bedbdc58a3d0130d55e34c,7,BV18jgg6BEAd,【4K精剪】摇曳！摇曳！ | 杨博文直拍 | 260813 & 260814,underthepoplar,2026-08-15 13:26:46,69542.0,10087.0,7247.0,6654.0,2891.0,460.0,1144.0,7.0,
2026-08-25 00:30:03,https://www.bilibili.com/video/BV1A5vkB2E1k/?spm_id_from=333.1387.favlist.content.click&vd_source=406d0cf895bedbdc58a3d0130d55e34c,8,BV1A5vkB2E1k,【杨博文】Hey Mama六机位纯舞直拍丨15岁舞台统治者的诞生，四代主舞燃炸全场！,Kismet丨杨博文,2025-12-28 22:28:16,2809758.0,65677.0,45897.0,48011.0,27856.0,13670.0,22016.0,2.0,
2026-08-25 00:30:03,https://www.bilibili.com/video/BV1mJ64BREZY/?spm_id_from=333.337.search-card.all.click&vd_source=406d0cf895bedbdc58a3d0130d55e34c,9,BV1mJ64BREZY,【杨博文】闭嘴跳舞丨当主舞穿上西装就会得到,Kismet丨杨博文,2026-02-01 18:31:00,622182.0,35178.0,4039.0,25442.0,8600.0,447.0,654.0,1.0,
2026-08-25 00:30:03,BV1Qu816ZEoy,10,BV1Qu816ZEoy,测试用，勿点，谢谢,猫球不是毛球啊,2026-08-22 16:55:19,165.0,2.0,0.0,0.0,0.0,0.0,0.0,1.0,
2026-08-25 00:30:03,BV1Vd8B65EkU,11,BV1Vd8B65EkU,0822.3,dddddash6,2026-08-21 21:49:36,113.0,0.0,0.0,1.0,0.0,0.0,0.0,1.0,
2026-08-25 00:30:03,BV1fT8S61Ejo,12,BV1fT8S61Ejo,十一（23）,爱动手的法学生,2026-08-22 23:46:38,124.0,0.0,0.0,0.0,0.0,0.0,0.0,1.0,
2026-08-25 00:30:03,BV1bf816sE8P,13,BV1bf816sE8P,自测，误点,橙子小姐_sheep,2026-08-22 14:38:54,157.0,0.0,0.0,2.0,0.0,0.0,0.0,1.0,
2026-08-25 00:30:03,BV1Te8K6uEJt,14,BV1Te8K6uEJt,勿进勿进勿进！自测 安卓0821,cannndy_,2026-08-21 08:57:55,162.0,0.0,0.0,1.0,0.0,0.0,0.0,1.0,
2026-08-25 00:30:03,BV1au816oEjs,15,BV1au816oEjs,手机自测,熙熙哈哈oO,2026-08-22 16:55:10,191.0,0.0,0.0,0.0,0.0,0.0,0.0,1.0,
2026-08-25 00:30:03,BV1qw816eE1d,16,BV1qw816eE1d,8.22 自测视频 勿点,dgsaydhakjdhjk,2026-08-22 16:56:23,339.0,0.0,0.0,0.0,0.0,0.0,0.0,1.0,
2026-08-25 00:30:03,BV1ci8163ECY,17,BV1ci8163ECY,自测勿点,不完美是常态_,2026-08-22 15:39:32,50.0,0.0,0.0,0.0,0.0,0.0,0.0,1.0,
2026-08-25 00:30:03,BV1dw816YEau,18,,失败,,,,,,,,,,,62012.0
2026-08-25 00:30:03,BV1jg8S6yEuV,19,BV1jg8S6yEuV,自测视频,only筱筱,2026-08-22 23:58:01,243.0,1.0,0.0,0.0,0.0,0.0,0.0,1.0,
2026-08-25 00:30:03,BV1z6816qEbo,20,BV1z6816qEbo,自用,dddii点点,2026-08-22 16:38:15,229.0,1.0,0.0,0.0,0.0,0.0,0.0,1.0,
2026-08-25 00:30:03,BV1eM8168E9p,21,BV1eM8168E9p,自测勿点！！！！,dd鱿鱼须,2026-08-22 16:39:08,180.0,0.0,0.0,1.0,0.0,0.0,0.0,1.0,
2026-08-25 00:30:03,BV14i8M61EdN,22,BV14i8M61EdN,sz,我素质低你让让我,2026-08-21 12:22:44,251.0,0.0,0.0,0.0,0.0,0.0,0.0,1.0,
2026-08-25 00:30:03,BV12A826QEK4,23,BV12A826QEK4,自测 禁点,哈哈哈哈哈11_,2026-08-22 15:15:37,96.0,0.0,0.0,0.0,0.0,0.0,0.0,1.0,
2026-08-25 00:30:03,BV1St8S6wE33,24,BV1St8S6wE33,自测哦,半夏哒哒哒,2026-08-23 00:18:35,100.0,0.0,0.0,0.0,0.0,0.0,0.0,1.0,
2026-08-25 00:30:03,BV1bwbh65Eh7,25,BV1bwbh65Eh7,自测视频！勿点0817,摸鱼堡成员,2026-08-17 09:36:15,396.0,1.0,0.0,0.0,0.0,0.0,0.0,1.0,
2026-08-25 00:30:03,BV15B8r6WEQ3,26,BV15B8r6WEQ3,8.22自测勿点,刘海打歪了,2026-08-22 09:19:46,53.0,0.0,0.0,0.0,0.0,0.0,0.0,1.0,
2026-08-25 00:30:03,BV1ET8S62EvB,27,BV1ET8S62EvB,【牛小Bala】视频已打包，欢迎围观！,牛小Bala,2026-08-22 23:47:03,144.0,0.0,0.0,0.0,0.0,0.0,0.0,1.0,
2026-08-25 00:30:03,BV1kS8y6kEA8,28,BV1kS8y6kEA8,自测 勿点,MENYAOOO,2026-08-22 18:41:15,181.0,0.0,0.0,0.0,0.0,0.0,0.0,1.0,
2026-08-25 00:30:03,BV1pX8y66ELf,29,BV1pX8y66ELf,自测请勿点击,风枷锁,2026-08-22 18:47:46,187.0,1.0,0.0,1.0,0.0,0.0,0.0,1.0,
2026-08-25 00:30:03,BV1uz8y6JEAr,30,BV1uz8y6JEAr,【起司不是qs】第一支视频求三连！,起司不是qs,2026-08-22 18:20:23,177.0,0.0,0.0,0.0,0.0,0.0,0.0,1.0,
2026-08-25 00:30:03,BV1mx8m6REbb,31,BV1mx8m6REbb,自测,甜奶味羊咩,2026-08-22 20:49:17,42.0,0.0,0.0,0.0,0.0,0.0,0.0,1.0,
2026-08-25 00:30:03,BV1du8S65E6x,32,BV1du8S65E6x,测测测,羊咩_0601,2026-08-23 00:02:02,53.0,0.0,0.0,0.0,0.0,0.0,0.0,1.0,
2026-08-25 00:30:03,BV1hn8m6FEcd,33,BV1hn8m6FEcd,自测勿点,哇哦哦噢噢噢哦,2026-08-22 21:06:21,33.0,0.0,0.0,0.0,0.0,0.0,0.0,1.0,
2026-08-25 00:30:03,BV1DE8m68E2D,34,,失败,,,,,,,,,,,62012.0
2026-08-25 00:30:03,BV1jM8m6MEoA,35,BV1jM8m6MEoA,自测，勿点进,Camellia不是cc,2026-08-22 20:29:58,9.0,0.0,0.0,1.0,0.0,0.0,0.0,1.0,
2026-08-25 00:30:03,BV1gE8m6hEJ2,36,BV1gE8m6hEJ2,自测勿点,萌羊叫眠羊,2026-08-22 21:11:17,5.0,0.0,0.0,0.0,0.0,0.0,0.0,1.0,
2026-08-25 00:30:03,BV15V8S6kEYA,37,BV15V8S6kEYA,自测,kuaiqushuijiaoba,2026-08-22 23:32:08,29.0,0.0,0.0,0.0,0.0,0.0,0.0,1.0,
2026-08-25 00:30:03,BV1vG8S6VEgc,38,BV1vG8S6VEgc,8.23自测,萌是天生命TvT,2026-08-22 23:34:07,176.0,0.0,0.0,1.0,0.0,0.0,0.0,1.0,
2026-08-25 00:30:03,BV1Zg8S6CEu5,39,BV1Zg8S6CEu5,自测勿点3,北纬咩雪刊,2026-08-22 23:54:46,57.0,0.0,0.0,0.0,0.0,0.0,0.0,1.0,
2026-08-25 00:30:03,BV1s8BvBPEN5,40,BV1s8BvBPEN5,【杨博文｜4K舞台直拍】好运来祝你好运来～博文宝宝祝你新年好运来,关键时刻来瓶尖叫,2025-12-27 00:43:12,1915620.0,35055.0,17128.0,32457.0,19591.0,4338.0,4874.0,1.0,
2026-08-25 00:30:03,BV1XA6nBGEPV,41,BV1XA6nBGEPV,【4K精剪】希区考克 作品152 | 杨博文直拍 | 260131,underthepoplar,2026-02-01 00:23:17,1945831.0,24096.0,22520.0,20192.0,19011.0,4021.0,6938.0,1.0,
2026-08-25 00:30:03,BV1Phbr6NE8u,42,BV1Phbr6NE8u,【杨博文｜4K多机位直拍】管他什么音乐,Eternity丨杨博文,2026-08-18 12:37:02,1855.0,576.0,176.0,206.0,3.0,9.0,8.0,1.0,
2026-08-25 00:30:03,BV1mX8z6NEzz,43,BV1mX8z6NEzz,【4K精剪】管他什么音乐 | 杨博文直拍 | 260816,underthepoplar,2026-08-22 04:21:09,9361.0,2361.0,1325.0,1168.0,32.0,45.0,67.0,3.0,
2026-08-25 00:30:03,BV1qHbb6QErY,44,BV1qHbb6QErY,杨博文｜260816第肆象限attention<4k精剪>,61strawberry,2026-08-17 06:33:44,8359.0,1534.0,398.0,1046.0,7.0,10.0,16.0,1.0,
2026-08-25 00:30:03,BV1hibB6PEH5,45,BV1hibB6PEH5,【杨博文｜4k直拍】《春雪》我想爱你浅浅不停息～,关键时刻来瓶尖叫,2026-08-18 02:28:40,11694.0,2012.0,424.0,1219.0,4.0,19.0,67.0,1.0,
2026-08-25 00:30:03,BV1N6bi6XE5B,46,BV1N6bi6XE5B,【杨博文】骨骼谢幕丨横屏直拍丨三机位4k字幕版,Kismet丨杨博文,2026-08-17 22:20:49,40938.0,5079.0,1675.0,3277.0,1414.0,72.0,455.0,1.0,
2026-08-25 00:30:03,BV1Gggg6kEhv,47,BV1Gggg6kEhv,【杨博文｜4k直拍】溜溜的她 直拍,关键时刻来瓶尖叫,2026-08-15 05:41:55,56575.0,6007.0,1235.0,3942.0,26.0,20.0,152.0,1.0,
2026-08-25 00:30:03,BV15egs6pEJp,48,BV15egs6pEJp,杨博文｜Whiplash 2机位精剪 直拍 fancam｜4K60｜260813,LOST_杨博文,2026-08-13 23:03:07,83640.0,8103.0,1877.0,6053.0,61.0,69.0,243.0,1.0,
2026-08-25 00:30:03,BV1rqgW6hEvv,49,BV1rqgW6hEvv,【杨博文｜4k直拍】100Ways 直拍,关键时刻来瓶尖叫,2026-08-14 01:41:46,25494.0,3651.0,1453.0,2654.0,36.0,36.0,226.0,1.0,
2026-08-25 00:30:03,BV1b5uf6gEhd,50,BV1b5uf6gEhd,【杨博文】100ways丨直拍双机位丨8.13&14两日精剪,Kismet丨杨博文,2026-08-14 04:12:18,16837.0,2646.0,831.0,1811.0,18.0,17.0,89.0,1.0,
2026-08-25 00:30:03,BV1vCuf6nErK,51,BV1vCuf6nErK,【杨博文】100ways 4k直拍｜力量感爆发气场全开,游园会_杨博文,2026-08-14 03:20:46,13309.0,2242.0,605.0,1593.0,11.0,19.0,40.0,1.0,
2026-08-25 00:30:03,BV16zgA6zEkE,52,BV16zgA6zEkE,【杨博文｜4K】Whiplash 四机位精剪直拍,Eternity丨杨博文,2026-08-14 11:25:47,17705.0,4545.0,1064.0,1909.0,33.0,64.0,170.0,1.0,
2026-08-25 00:30:03,BV1Gigw6XEXN,53,BV1Gigw6XEXN,杨博文｜醉拳 3机位精剪 直拍 fancam｜4K60｜260813,LOST_杨博文,2026-08-14 13:11:22,30889.0,4875.0,2350.0,2812.0,1740.0,56.0,295.0,2.0,
2026-08-25 00:30:03,BV1k9gw6gE4U,54,BV1k9gw6gE4U,「杨博文｜爱的初体验」是不是我的十六岁 注定要为__流泪,Astra_杨博文,2026-08-14 13:49:20,18034.0,2351.0,637.0,1489.0,21.0,13.0,94.0,1.0,
2026-08-25 01:00:03,https://www.bilibili.com/video/BV1GdgW6JEe9/?spm_id_from=333.1387.favlist.content.click&vd_source=406d0cf895bedbdc58a3d0130d55e34c,0,BV1GdgW6JEe9,【杨博文｜4k直拍】Whiplash 双日直拍混剪,关键时刻来瓶尖叫,2026-08-13 23:45:41,221726.0,28144.0,22832.0,21531.0,7009.0,4692.0,8175.0,19.0,
2026-08-25 01:00:03,https://www.bilibili.com/video/BV1W5gs6KEhr/?spm_id_from=333.1387.favlist.content.click&vd_source=406d0cf895bedbdc58a3d0130d55e34c,1,BV1W5gs6KEhr,【4K精剪】异常加载中 | 杨博文直拍 | 260813,underthepoplar,2026-08-13 22:44:57,185001.0,23369.0,15821.0,17319.0,6304.0,7385.0,8619.0,13.0,
2026-08-25 01:00:03,https://www.bilibili.com/video/BV1VFbd6QEjw/spm_id_from=333.1387.favlist.content.click&vd_source=406d0cf895bedbdc58a3d0130d55e34c,2,BV1VFbd6QEjw,【杨博文｜4k直拍】管他什么音乐 直拍,关键时刻来瓶尖叫,2026-08-16 23:08:52,85248.0,6009.0,3549.0,4651.0,2678.0,562.0,18.0,11.0,
2026-08-25 01:00:03,https://www.bilibili.com/video/BV1xebR6zEkr/?spm_id_from=333.1387.favlist.content.click&vd_source=406d0cf895bedbdc58a3d0130d55e34c,3,BV1xebR6zEkr,【4K精剪】Attention | 杨博文直拍 | 260816,underthepoplar,2026-08-16 23:54:18,185531.0,16278.0,10303.0,13484.0,3178.0,1717.0,2803.0,19.0,
2026-08-25 01:00:03,https://www.bilibili.com/video/BV1s3gs6MEej/?spm_id_from=333.1387.favlist.content.click&vd_source=406d0cf895bedbdc58a3d0130d55e34c,4,BV1s3gs6MEej,【杨博文｜4k直拍】爱的初体验 直拍,关键时刻来瓶尖叫,2026-08-13 22:46:37,117831.0,12718.0,6756.0,9814.0,3473.0,523.0,2522.0,12.0,
2026-08-25 01:00:03,https://www.bilibili.com/video/BV1E2bR6hEJR/?spm_id_from=333.1387.favlist.content.click&vd_source=406d0cf895bedbdc58a3d0130d55e34c,5,BV1E2bR6hEJR,【杨博文】Attention丨直拍横屏丨16岁高中生内娱主舞的舞台掌控力丨8.16双机位4k精剪,Kismet丨杨博文,2026-08-16 22:13:05,258255.0,28462.0,14074.0,19882.0,4388.0,9683.0,11622.0,184.0,
2026-08-25 01:00:03,https://www.bilibili.com/video/BV1Rib96EE3F/?spm_id_from=333.1387.favlist.content.click&vd_source=406d0cf895bedbdc58a3d0130d55e34c,6,BV1Rib96EE3F,260816 【杨博文】春雪  竖屏4k直拍,meetsummer丨杨博文,2026-08-17 01:54:42,43968.0,8867.0,3504.0,4762.0,1853.0,722.0,736.0,11.0,
2026-08-25 01:00:03,https://www.bilibili.com/video/BV18jgg6BEAd/?spm_id_from=333.1387.favlist.content.click&vd_source=406d0cf895bedbdc58a3d0130d55e34c,7,BV18jgg6BEAd,【4K精剪】摇曳！摇曳！ | 杨博文直拍 | 260813 & 260814,underthepoplar,2026-08-15 13:26:46,69574.0,10090.0,7249.0,6656.0,2891.0,460.0,1144.0,14.0,
2026-08-25 01:00:03,https://www.bilibili.com/video/BV1A5vkB2E1k/?spm_id_from=333.1387.favlist.content.click&vd_source=406d0cf895bedbdc58a3d0130d55e34c,8,BV1A5vkB2E1k,【杨博文】Hey Mama六机位纯舞直拍丨15岁舞台统治者的诞生，四代主舞燃炸全场！,Kismet丨杨博文,2025-12-28 22:28:16,2809789.0,65678.0,45901.0,48012.0,27856.0,13671.0,22016.0,2.0,
2026-08-25 01:00:03,https://www.bilibili.com/video/BV1mJ64BREZY/?spm_id_from=333.337.search-card.all.click&vd_source=406d0cf895bedbdc58a3d0130d55e34c,9,BV1mJ64BREZY,【杨博文】闭嘴跳舞丨当主舞穿上西装就会得到,Kismet丨杨博文,2026-02-01 18:31:00,622183.0,35178.0,4039.0,25442.0,8600.0,447.0,654.0,1.0,
2026-08-25 01:00:03,BV1Qu816ZEoy,10,BV1Qu816ZEoy,测试用，勿点，谢谢,猫球不是毛球啊,2026-08-22 16:55:19,165.0,2.0,0.0,0.0,0.0,0.0,0.0,1.0,
2026-08-25 01:00:03,BV1Vd8B65EkU,11,BV1Vd8B65EkU,0822.3,dddddash6,2026-08-21 21:49:36,113.0,0.0,0.0,1.0,0.0,0.0,0.0,1.0,
2026-08-25 01:00:03,BV1fT8S61Ejo,12,BV1fT8S61Ejo,十一（23）,爱动手的法学生,2026-08-22 23:46:38,124.0,0.0,0.0,0.0,0.0,0.0,0.0,1.0,
2026-08-25 01:00:03,BV1bf816sE8P,13,BV1bf816sE8P,自测，误点,橙子小姐_sheep,2026-08-22 14:38:54,157.0,0.0,0.0,2.0,0.0,0.0,0.0,1.0,
2026-08-25 01:00:03,BV1Te8K6uEJt,14,BV1Te8K6uEJt,勿进勿进勿进！自测 安卓0821,cannndy_,2026-08-21 08:57:55,162.0,0.0,0.0,1.0,0.0,0.0,0.0,1.0,
2026-08-25 01:00:03,BV1au816oEjs,15,BV1au816oEjs,手机自测,熙熙哈哈oO,2026-08-22 16:55:10,193.0,0.0,0.0,0.0,0.0,0.0,0.0,1.0,
2026-08-25 01:00:03,BV1qw816eE1d,16,BV1qw816eE1d,8.22 自测视频 勿点,dgsaydhakjdhjk,2026-08-22 16:56:23,339.0,0.0,0.0,0.0,0.0,0.0,0.0,1.0,
2026-08-25 01:00:03,BV1ci8163ECY,17,BV1ci8163ECY,自测勿点,不完美是常态_,2026-08-22 15:39:32,50.0,0.0,0.0,0.0,0.0,0.0,0.0,1.0,
2026-08-25 01:00:03,BV1dw816YEau,18,,失败,,,,,,,,,,,62012.0
2026-08-25 01:00:03,BV1jg8S6yEuV,19,BV1jg8S6yEuV,自测视频,only筱筱,2026-08-22 23:58:01,243.0,1.0,0.0,0.0,0.0,0.0,0.0,1.0,
2026-08-25 01:00:03,BV1z6816qEbo,20,BV1z6816qEbo,自用,dddii点点,2026-08-22 16:38:15,229.0,1.0,0.0,0.0,0.0,0.0,0.0,1.0,
2026-08-25 01:00:03,BV1eM8168E9p,21,BV1eM8168E9p,自测勿点！！！！,dd鱿鱼须,2026-08-22 16:39:08,180.0,0.0,0.0,1.0,0.0,0.0,0.0,1.0,
2026-08-25 01:00:03,BV14i8M61EdN,22,BV14i8M61EdN,sz,我素质低你让让我,2026-08-21 12:22:44,256.0,0.0,0.0,0.0,0.0,0.0,0.0,1.0,
2026-08-25 01:00:03,BV12A826QEK4,23,BV12A826QEK4,自测 禁点,哈哈哈哈哈11_,2026-08-22 15:15:37,96.0,0.0,0.0,0.0,0.0,0.0,0.0,1.0,
2026-08-25 01:00:03,BV1St8S6wE33,24,BV1St8S6wE33,自测哦,半夏哒哒哒,2026-08-23 00:18:35,100.0,0.0,0.0,0.0,0.0,0.0,0.0,1.0,
2026-08-25 01:00:03,BV1bwbh65Eh7,25,BV1bwbh65Eh7,自测视频！勿点0817,摸鱼堡成员,2026-08-17 09:36:15,400.0,1.0,0.0,0.0,0.0,0.0,0.0,1.0,
2026-08-25 01:00:03,BV15B8r6WEQ3,26,BV15B8r6WEQ3,8.22自测勿点,刘海打歪了,2026-08-22 09:19:46,53.0,0.0,0.0,0.0,0.0,0.0,0.0,1.0,
2026-08-25 01:00:03,BV1ET8S62EvB,27,BV1ET8S62EvB,【牛小Bala】视频已打包，欢迎围观！,牛小Bala,2026-08-22 23:47:03,144.0,0.0,0.0,0.0,0.0,0.0,0.0,1.0,
2026-08-25 01:00:03,BV1kS8y6kEA8,28,BV1kS8y6kEA8,自测 勿点,MENYAOOO,2026-08-22 18:41:15,181.0,0.0,0.0,0.0,0.0,0.0,0.0,1.0,
2026-08-25 01:00:03,BV1pX8y66ELf,29,BV1pX8y66ELf,自测请勿点击,风枷锁,2026-08-22 18:47:46,187.0,1.0,0.0,1.0,0.0,0.0,0.0,1.0,
2026-08-25 01:00:03,BV1uz8y6JEAr,30,BV1uz8y6JEAr,【起司不是qs】第一支视频求三连！,起司不是qs,2026-08-22 18:20:23,180.0,0.0,0.0,0.0,0.0,0.0,0.0,1.0,
2026-08-25 01:00:03,BV1mx8m6REbb,31,BV1mx8m6REbb,自测,甜奶味羊咩,2026-08-22 20:49:17,42.0,0.0,0.0,0.0,0.0,0.0,0.0,1.0,
2026-08-25 01:00:03,BV1du8S65E6x,32,BV1du8S65E6x,测测测,羊咩_0601,2026-08-23 00:02:02,53.0,0.0,0.0,0.0,0.0,0.0,0.0,1.0,
2026-08-25 01:00:03,BV1hn8m6FEcd,33,BV1hn8m6FEcd,自测勿点,哇哦哦噢噢噢哦,2026-08-22 21:06:21,33.0,0.0,0.0,0.0,0.0,0.0,0.0,1.0,
2026-08-25 01:00:03,BV1DE8m68E2D,34,,失败,,,,,,,,,,,62012.0
2026-08-25 01:00:03,BV1jM8m6MEoA,35,BV1jM8m6MEoA,自测，勿点进,Camellia不是cc,2026-08-22 20:29:58,9.0,0.0,0.0,1.0,0.0,0.0,0.0,1.0,
2026-08-25 01:00:03,BV1gE8m6hEJ2,36,BV1gE8m6hEJ2,自测勿点,萌羊叫眠羊,2026-08-22 21:11:17,5.0,0.0,0.0,0.0,0.0,0.0,0.0,1.0,
2026-08-25 01:00:03,BV15V8S6kEYA,37,BV15V8S6kEYA,自测,kuaiqushuijiaoba,2026-08-22 23:32:08,29.0,0.0,0.0,0.0,0.0,0.0,0.0,1.0,
2026-08-25 01:00:03,BV1vG8S6VEgc,38,BV1vG8S6VEgc,8.23自测,萌是天生命TvT,2026-08-22 23:34:07,176.0,0.0,0.0,1.0,0.0,0.0,0.0,1.0,
2026-08-25 01:00:03,BV1Zg8S6CEu5,39,BV1Zg8S6CEu5,自测勿点3,北纬咩雪刊,2026-08-22 23:54:46,57.0,0.0,0.0,0.0,0.0,0.0,0.0,1.0,
2026-08-25 01:00:03,BV1s8BvBPEN5,40,BV1s8BvBPEN5,【杨博文｜4K舞台直拍】好运来祝你好运来～博文宝宝祝你新年好运来,关键时刻来瓶尖叫,2025-12-27 00:43:12,1915622.0,35055.0,17128.0,32456.0,19591.0,4339.0,4874.0,1.0,
2026-08-25 01:00:03,BV1XA6nBGEPV,41,BV1XA6nBGEPV,【4K精剪】希区考克 作品152 | 杨博文直拍 | 260131,underthepoplar,2026-02-01 00:23:17,1945837.0,24096.0,22520.0,20191.0,19011.0,4021.0,6938.0,1.0,
2026-08-25 01:00:03,BV1Phbr6NE8u,42,BV1Phbr6NE8u,【杨博文｜4K多机位直拍】管他什么音乐,Eternity丨杨博文,2026-08-18 12:37:02,1855.0,576.0,176.0,206.0,3.0,9.0,8.0,1.0,
2026-08-25 01:00:03,BV1mX8z6NEzz,43,BV1mX8z6NEzz,【4K精剪】管他什么音乐 | 杨博文直拍 | 260816,underthepoplar,2026-08-22 04:21:09,9385.0,2364.0,1327.0,1169.0,32.0,45.0,67.0,1.0,
2026-08-25 01:00:03,BV1qHbb6QErY,44,BV1qHbb6QErY,杨博文｜260816第肆象限attention<4k精剪>,61strawberry,2026-08-17 06:33:44,8363.0,1535.0,398.0,1047.0,7.0,10.0,16.0,1.0,
2026-08-25 01:00:03,BV1hibB6PEH5,45,BV1hibB6PEH5,【杨博文｜4k直拍】《春雪》我想爱你浅浅不停息～,关键时刻来瓶尖叫,2026-08-18 02:28:40,11701.0,2014.0,424.0,1219.0,4.0,19.0,67.0,2.0,
2026-08-25 01:00:03,BV1N6bi6XE5B,46,BV1N6bi6XE5B,【杨博文】骨骼谢幕丨横屏直拍丨三机位4k字幕版,Kismet丨杨博文,2026-08-17 22:20:49,40955.0,5080.0,1677.0,3278.0,1414.0,72.0,456.0,1.0,
2026-08-25 01:00:03,BV1Gggg6kEhv,47,BV1Gggg6kEhv,【杨博文｜4k直拍】溜溜的她 直拍,关键时刻来瓶尖叫,2026-08-15 05:41:55,56595.0,6009.0,1235.0,3942.0,26.0,20.0,152.0,2.0,
2026-08-25 01:00:03,BV15egs6pEJp,48,BV15egs6pEJp,杨博文｜Whiplash 2机位精剪 直拍 fancam｜4K60｜260813,LOST_杨博文,2026-08-13 23:03:07,83648.0,8107.0,1877.0,6054.0,61.0,69.0,243.0,1.0,
2026-08-25 01:00:03,BV1rqgW6hEvv,49,BV1rqgW6hEvv,【杨博文｜4k直拍】100Ways 直拍,关键时刻来瓶尖叫,2026-08-14 01:41:46,25497.0,3651.0,1453.0,2654.0,36.0,36.0,226.0,1.0,
2026-08-25 01:00:03,BV1b5uf6gEhd,50,BV1b5uf6gEhd,【杨博文】100ways丨直拍双机位丨8.13&14两日精剪,Kismet丨杨博文,2026-08-14 04:12:18,16843.0,2646.0,831.0,1811.0,18.0,17.0,89.0,1.0,
2026-08-25 01:00:03,BV1vCuf6nErK,51,BV1vCuf6nErK,【杨博文】100ways 4k直拍｜力量感爆发气场全开,游园会_杨博文,2026-08-14 03:20:46,13309.0,2242.0,605.0,1593.0,11.0,19.0,40.0,1.0,
2026-08-25 01:00:03,BV16zgA6zEkE,52,BV16zgA6zEkE,【杨博文｜4K】Whiplash 四机位精剪直拍,Eternity丨杨博文,2026-08-14 11:25:47,17720.0,4550.0,1064.0,1909.0,33.0,64.0,170.0,1.0,
2026-08-25 01:00:03,BV1Gigw6XEXN,53,BV1Gigw6XEXN,杨博文｜醉拳 3机位精剪 直拍 fancam｜4K60｜260813,LOST_杨博文,2026-08-14 13:11:22,30898.0,4878.0,2350.0,2813.0,1740.0,56.0,295.0,1.0,
2026-08-25 01:00:03,BV1k9gw6gE4U,54,BV1k9gw6gE4U,「杨博文｜爱的初体验」是不是我的十六岁 注定要为__流泪,Astra_杨博文,2026-08-14 13:49:20,18038.0,2351.0,637.0,1489.0,21.0,13.0,94.0,1.0,
2026-08-25 01:30:03,https://www.bilibili.com/video/BV1GdgW6JEe9/?spm_id_from=333.1387.favlist.content.click&vd_source=406d0cf895bedbdc58a3d0130d55e34c,0,BV1GdgW6JEe9,【杨博文｜4k直拍】Whiplash 双日直拍混剪,关键时刻来瓶尖叫,2026-08-13 23:45:41,221833.0,28149.0,22834.0,21537.0,7012.0,4692.0,8175.0,12.0,
2026-08-25 01:30:03,https://www.bilibili.com/video/BV1W5gs6KEhr/?spm_id_from=333.1387.favlist.content.click&vd_source=406d0cf895bedbdc58a3d0130d55e34c,1,BV1W5gs6KEhr,【4K精剪】异常加载中 | 杨博文直拍 | 260813,underthepoplar,2026-08-13 22:44:57,185088.0,23371.0,15821.0,17322.0,6307.0,7385.0,8619.0,10.0,
2026-08-25 01:30:03,https://www.bilibili.com/video/BV1VFbd6QEjw/spm_id_from=333.1387.favlist.content.click&vd_source=406d0cf895bedbdc58a3d0130d55e34c,2,BV1VFbd6QEjw,【杨博文｜4k直拍】管他什么音乐 直拍,关键时刻来瓶尖叫,2026-08-16 23:08:52,85252.0,6009.0,3549.0,4651.0,2681.0,562.0,18.0,9.0,
2026-08-25 01:30:03,https://www.bilibili.com/video/BV1xebR6zEkr/?spm_id_from=333.1387.favlist.content.click&vd_source=406d0cf895bedbdc58a3d0130d55e34c,3,BV1xebR6zEkr,【4K精剪】Attention | 杨博文直拍 | 260816,underthepoplar,2026-08-16 23:54:18,185637.0,16279.0,10305.0,13490.0,3181.0,1718.0,2803.0,14.0,
2026-08-25 01:30:03,https://www.bilibili.com/video/BV1s3gs6MEej/?spm_id_from=333.1387.favlist.content.click&vd_source=406d0cf895bedbdc58a3d0130d55e34c,4,BV1s3gs6MEej,【杨博文｜4k直拍】爱的初体验 直拍,关键时刻来瓶尖叫,2026-08-13 22:46:37,117897.0,12719.0,6756.0,9813.0,3476.0,523.0,2522.0,10.0,
2026-08-25 01:30:03,https://www.bilibili.com/video/BV1E2bR6hEJR/?spm_id_from=333.1387.favlist.content.click&vd_source=406d0cf895bedbdc58a3d0130d55e34c,5,BV1E2bR6hEJR,【杨博文】Attention丨直拍横屏丨16岁高中生内娱主舞的舞台掌控力丨8.16双机位4k精剪,Kismet丨杨博文,2026-08-16 22:13:05,258446.0,28481.0,14074.0,19889.0,4390.0,9685.0,11627.0,181.0,
2026-08-25 01:30:03,https://www.bilibili.com/video/BV1Rib96EE3F/?spm_id_from=333.1387.favlist.content.click&vd_source=406d0cf895bedbdc58a3d0130d55e34c,6,BV1Rib96EE3F,260816 【杨博文】春雪  竖屏4k直拍,meetsummer丨杨博文,2026-08-17 01:54:42,44034.0,8873.0,3506.0,4763.0,1855.0,722.0,736.0,6.0,
2026-08-25 01:30:03,https://www.bilibili.com/video/BV18jgg6BEAd/?spm_id_from=333.1387.favlist.content.click&vd_source=406d0cf895bedbdc58a3d0130d55e34c,7,BV18jgg6BEAd,【4K精剪】摇曳！摇曳！ | 杨博文直拍 | 260813 & 260814,underthepoplar,2026-08-15 13:26:46,69612.0,10097.0,7251.0,6660.0,2893.0,461.0,1144.0,8.0,
2026-08-25 01:30:03,https://www.bilibili.com/video/BV1A5vkB2E1k/?spm_id_from=333.1387.favlist.content.click&vd_source=406d0cf895bedbdc58a3d0130d55e34c,8,BV1A5vkB2E1k,【杨博文】Hey Mama六机位纯舞直拍丨15岁舞台统治者的诞生，四代主舞燃炸全场！,Kismet丨杨博文,2025-12-28 22:28:16,2809810.0,65678.0,45901.0,48012.0,27858.0,13671.0,22016.0,2.0,
2026-08-25 01:30:03,https://www.bilibili.com/video/BV1mJ64BREZY/?spm_id_from=333.337.search-card.all.click&vd_source=406d0cf895bedbdc58a3d0130d55e34c,9,BV1mJ64BREZY,【杨博文】闭嘴跳舞丨当主舞穿上西装就会得到,Kismet丨杨博文,2026-02-01 18:31:00,622186.0,35178.0,4039.0,25442.0,8600.0,447.0,654.0,1.0,
2026-08-25 01:30:03,BV1Qu816ZEoy,10,BV1Qu816ZEoy,测试用，勿点，谢谢,猫球不是毛球啊,2026-08-22 16:55:19,165.0,2.0,0.0,0.0,0.0,0.0,0.0,1.0,
2026-08-25 01:30:03,BV1Vd8B65EkU,11,BV1Vd8B65EkU,0822.3,dddddash6,2026-08-21 21:49:36,113.0,0.0,0.0,1.0,0.0,0.0,0.0,1.0,
2026-08-25 01:30:03,BV1fT8S61Ejo,12,BV1fT8S61Ejo,十一（23）,爱动手的法学生,2026-08-22 23:46:38,124.0,0.0,0.0,0.0,0.0,0.0,0.0,1.0,
2026-08-25 01:30:03,BV1bf816sE8P,13,BV1bf816sE8P,自测，误点,橙子小姐_sheep,2026-08-22 14:38:54,157.0,0.0,0.0,2.0,0.0,0.0,0.0,1.0,
2026-08-25 01:30:03,BV1Te8K6uEJt,14,BV1Te8K6uEJt,勿进勿进勿进！自测 安卓0821,cannndy_,2026-08-21 08:57:55,162.0,0.0,0.0,1.0,0.0,0.0,0.0,1.0,
2026-08-25 01:30:03,BV1au816oEjs,15,BV1au816oEjs,手机自测,熙熙哈哈oO,2026-08-22 16:55:10,197.0,0.0,0.0,0.0,0.0,0.0,0.0,1.0,
2026-08-25 01:30:03,BV1qw816eE1d,16,BV1qw816eE1d,8.22 自测视频 勿点,dgsaydhakjdhjk,2026-08-22 16:56:23,339.0,0.0,0.0,0.0,0.0,0.0,0.0,1.0,
2026-08-25 01:30:03,BV1ci8163ECY,17,BV1ci8163ECY,自测勿点,不完美是常态_,2026-08-22 15:39:32,50.0,0.0,0.0,0.0,0.0,0.0,0.0,1.0,
2026-08-25 01:30:03,BV1dw816YEau,18,,失败,,,,,,,,,,,62012.0
2026-08-25 01:30:03,BV1jg8S6yEuV,19,BV1jg8S6yEuV,自测视频,only筱筱,2026-08-22 23:58:01,243.0,1.0,0.0,0.0,0.0,0.0,0.0,1.0,
2026-08-25 01:30:03,BV1z6816qEbo,20,BV1z6816qEbo,自用,dddii点点,2026-08-22 16:38:15,229.0,1.0,0.0,0.0,0.0,0.0,0.0,1.0,
2026-08-25 01:30:03,BV1eM8168E9p,21,BV1eM8168E9p,自测勿点！！！！,dd鱿鱼须,2026-08-22 16:39:08,180.0,0.0,0.0,1.0,0.0,0.0,0.0,1.0,
2026-08-25 01:30:03,BV14i8M61EdN,22,BV14i8M61EdN,sz,我素质低你让让我,2026-08-21 12:22:44,258.0,0.0,0.0,0.0,0.0,0.0,0.0,1.0,
2026-08-25 01:30:03,BV12A826QEK4,23,BV12A826QEK4,自测 禁点,哈哈哈哈哈11_,2026-08-22 15:15:37,96.0,0.0,0.0,0.0,0.0,0.0,0.0,1.0,
2026-08-25 01:30:03,BV1St8S6wE33,24,BV1St8S6wE33,自测哦,半夏哒哒哒,2026-08-23 00:18:35,104.0,0.0,0.0,0.0,0.0,0.0,0.0,1.0,
2026-08-25 01:30:03,BV1bwbh65Eh7,25,BV1bwbh65Eh7,自测视频！勿点0817,摸鱼堡成员,2026-08-17 09:36:15,405.0,1.0,0.0,0.0,0.0,0.0,0.0,1.0,
2026-08-25 01:30:03,BV15B8r6WEQ3,26,BV15B8r6WEQ3,8.22自测勿点,刘海打歪了,2026-08-22 09:19:46,53.0,0.0,0.0,0.0,0.0,0.0,0.0,1.0,
2026-08-25 01:30:03,BV1ET8S62EvB,27,BV1ET8S62EvB,【牛小Bala】视频已打包，欢迎围观！,牛小Bala,2026-08-22 23:47:03,144.0,0.0,0.0,0.0,0.0,0.0,0.0,1.0,
2026-08-25 01:30:03,BV1kS8y6kEA8,28,BV1kS8y6kEA8,自测 勿点,MENYAOOO,2026-08-22 18:41:15,181.0,0.0,0.0,0.0,0.0,0.0,0.0,1.0,
2026-08-25 01:30:03,BV1pX8y66ELf,29,BV1pX8y66ELf,自测请勿点击,风枷锁,2026-08-22 18:47:46,187.0,1.0,0.0,1.0,0.0,0.0,0.0,1.0,
2026-08-25 01:30:03,BV1uz8y6JEAr,30,BV1uz8y6JEAr,【起司不是qs】第一支视频求三连！,起司不是qs,2026-08-22 18:20:23,180.0,0.0,0.0,0.0,0.0,0.0,0.0,1.0,
2026-08-25 01:30:03,BV1mx8m6REbb,31,BV1mx8m6REbb,自测,甜奶味羊咩,2026-08-22 20:49:17,42.0,0.0,0.0,0.0,0.0,0.0,0.0,1.0,
2026-08-25 01:30:03,BV1du8S65E6x,32,BV1du8S65E6x,测测测,羊咩_0601,2026-08-23 00:02:02,53.0,0.0,0.0,0.0,0.0,0.0,0.0,1.0,
2026-08-25 01:30:03,BV1hn8m6FEcd,33,BV1hn8m6FEcd,自测勿点,哇哦哦噢噢噢哦,2026-08-22 21:06:21,33.0,0.0,0.0,0.0,0.0,0.0,0.0,1.0,
2026-08-25 01:30:03,BV1DE8m68E2D,34,,失败,,,,,,,,,,,62012.0
2026-08-25 01:30:03,BV1jM8m6MEoA,35,BV1jM8m6MEoA,自测，勿点进,Camellia不是cc,2026-08-22 20:29:58,9.0,0.0,0.0,1.0,0.0,0.0,0.0,1.0,
2026-08-25 01:30:03,BV1gE8m6hEJ2,36,BV1gE8m6hEJ2,自测勿点,萌羊叫眠羊,2026-08-22 21:11:17,5.0,0.0,0.0,0.0,0.0,0.0,0.0,1.0,
2026-08-25 01:30:03,BV15V8S6kEYA,37,BV15V8S6kEYA,自测,kuaiqushuijiaoba,2026-08-22 23:32:08,29.0,0.0,0.0,0.0,0.0,0.0,0.0,1.0,
2026-08-25 01:30:03,BV1vG8S6VEgc,38,BV1vG8S6VEgc,8.23自测,萌是天生命TvT,2026-08-22 23:34:07,176.0,0.0,0.0,1.0,0.0,0.0,0.0,1.0,
2026-08-25 01:30:03,BV1Zg8S6CEu5,39,BV1Zg8S6CEu5,自测勿点3,北纬咩雪刊,2026-08-22 23:54:46,57.0,0.0,0.0,0.0,0.0,0.0,0.0,1.0,
2026-08-25 01:30:03,BV1s8BvBPEN5,40,BV1s8BvBPEN5,【杨博文｜4K舞台直拍】好运来祝你好运来～博文宝宝祝你新年好运来,关键时刻来瓶尖叫,2025-12-27 00:43:12,1915624.0,35055.0,17128.0,32456.0,19591.0,4339.0,4874.0,1.0,
2026-08-25 01:30:03,BV1XA6nBGEPV,41,BV1XA6nBGEPV,【4K精剪】希区考克 作品152 | 杨博文直拍 | 260131,underthepoplar,2026-02-01 00:23:17,1945841.0,24096.0,22522.0,20192.0,19011.0,4021.0,6938.0,1.0,
2026-08-25 01:30:03,BV1Phbr6NE8u,42,BV1Phbr6NE8u,【杨博文｜4K多机位直拍】管他什么音乐,Eternity丨杨博文,2026-08-18 12:37:02,1856.0,577.0,176.0,206.0,3.0,9.0,8.0,1.0,
2026-08-25 01:30:03,BV1mX8z6NEzz,43,BV1mX8z6NEzz,【4K精剪】管他什么音乐 | 杨博文直拍 | 260816,underthepoplar,2026-08-22 04:21:09,9412.0,2368.0,1329.0,1172.0,32.0,45.0,67.0,1.0,
2026-08-25 01:30:03,BV1qHbb6QErY,44,BV1qHbb6QErY,杨博文｜260816第肆象限attention<4k精剪>,61strawberry,2026-08-17 06:33:44,8376.0,1535.0,398.0,1047.0,7.0,10.0,16.0,1.0,
2026-08-25 01:30:03,BV1hibB6PEH5,45,BV1hibB6PEH5,【杨博文｜4k直拍】《春雪》我想爱你浅浅不停息～,关键时刻来瓶尖叫,2026-08-18 02:28:40,11719.0,2014.0,424.0,1219.0,4.0,19.0,67.0,1.0,
2026-08-25 01:30:03,BV1N6bi6XE5B,46,BV1N6bi6XE5B,【杨博文】骨骼谢幕丨横屏直拍丨三机位4k字幕版,Kismet丨杨博文,2026-08-17 22:20:49,40990.0,5081.0,1677.0,3279.0,1416.0,72.0,456.0,2.0,
2026-08-25 01:30:03,BV1Gggg6kEhv,47,BV1Gggg6kEhv,【杨博文｜4k直拍】溜溜的她 直拍,关键时刻来瓶尖叫,2026-08-15 05:41:55,56611.0,6009.0,1235.0,3942.0,26.0,20.0,152.0,2.0,
2026-08-25 01:30:03,BV15egs6pEJp,48,BV15egs6pEJp,杨博文｜Whiplash 2机位精剪 直拍 fancam｜4K60｜260813,LOST_杨博文,2026-08-13 23:03:07,83665.0,8109.0,1877.0,6054.0,61.0,69.0,243.0,1.0,
2026-08-25 01:30:03,BV1rqgW6hEvv,49,BV1rqgW6hEvv,【杨博文｜4k直拍】100Ways 直拍,关键时刻来瓶尖叫,2026-08-14 01:41:46,25518.0,3652.0,1455.0,2655.0,36.0,36.0,226.0,1.0,
2026-08-25 01:30:03,BV1b5uf6gEhd,50,BV1b5uf6gEhd,【杨博文】100ways丨直拍双机位丨8.13&14两日精剪,Kismet丨杨博文,2026-08-14 04:12:18,16847.0,2648.0,831.0,1813.0,18.0,17.0,89.0,1.0,
2026-08-25 01:30:03,BV1vCuf6nErK,51,BV1vCuf6nErK,【杨博文】100ways 4k直拍｜力量感爆发气场全开,游园会_杨博文,2026-08-14 03:20:46,13312.0,2242.0,605.0,1593.0,11.0,19.0,40.0,1.0,
2026-08-25 01:30:03,BV16zgA6zEkE,52,BV16zgA6zEkE,【杨博文｜4K】Whiplash 四机位精剪直拍,Eternity丨杨博文,2026-08-14 11:25:47,17746.0,4556.0,1064.0,1909.0,33.0,64.0,170.0,1.0,
2026-08-25 01:30:03,BV1Gigw6XEXN,53,BV1Gigw6XEXN,杨博文｜醉拳 3机位精剪 直拍 fancam｜4K60｜260813,LOST_杨博文,2026-08-14 13:11:22,30917.0,4878.0,2350.0,2813.0,1742.0,56.0,295.0,1.0,
2026-08-25 01:30:03,BV1k9gw6gE4U,54,BV1k9gw6gE4U,「杨博文｜爱的初体验」是不是我的十六岁 注定要为__流泪,Astra_杨博文,2026-08-14 13:49:20,18050.0,2351.0,637.0,1489.0,21.0,13.0,94.0,1.0,
2026-08-25 02:00:03,https://www.bilibili.com/video/BV1GdgW6JEe9/?spm_id_from=333.1387.favlist.content.click&vd_source=406d0cf895bedbdc58a3d0130d55e34c,0,BV1GdgW6JEe9,【杨博文｜4k直拍】Whiplash 双日直拍混剪,关键时刻来瓶尖叫,2026-08-13 23:45:41,221919.0,28154.0,22839.0,21540.0,7012.0,4692.0,8176.0,15.0,
2026-08-25 02:00:03,https://www.bilibili.com/video/BV1W5gs6KEhr/?spm_id_from=333.1387.favlist.content.click&vd_source=406d0cf895bedbdc58a3d0130d55e34c,1,BV1W5gs6KEhr,【4K精剪】异常加载中 | 杨博文直拍 | 260813,underthepoplar,2026-08-13 22:44:57,185168.0,23376.0,15822.0,17326.0,6307.0,7386.0,8620.0,13.0,
2026-08-25 02:00:03,https://www.bilibili.com/video/BV1VFbd6QEjw/spm_id_from=333.1387.favlist.content.click&vd_source=406d0cf895bedbdc58a3d0130d55e34c,2,BV1VFbd6QEjw,【杨博文｜4k直拍】管他什么音乐 直拍,关键时刻来瓶尖叫,2026-08-16 23:08:52,85254.0,6009.0,3549.0,4651.0,2681.0,562.0,18.0,8.0,
2026-08-25 02:00:03,https://www.bilibili.com/video/BV1xebR6zEkr/?spm_id_from=333.1387.favlist.content.click&vd_source=406d0cf895bedbdc58a3d0130d55e34c,3,BV1xebR6zEkr,【4K精剪】Attention | 杨博文直拍 | 260816,underthepoplar,2026-08-16 23:54:18,185726.0,16288.0,10314.0,13495.0,3181.0,1719.0,2805.0,10.0,
2026-08-25 02:00:03,https://www.bilibili.com/video/BV1s3gs6MEej/?spm_id_from=333.1387.favlist.content.click&vd_source=406d0cf895bedbdc58a3d0130d55e34c,4,BV1s3gs6MEej,【杨博文｜4k直拍】爱的初体验 直拍,关键时刻来瓶尖叫,2026-08-13 22:46:37,117956.0,12721.0,6758.0,9813.0,3476.0,523.0,2522.0,6.0,
2026-08-25 02:00:03,https://www.bilibili.com/video/BV1E2bR6hEJR/?spm_id_from=333.1387.favlist.content.click&vd_source=406d0cf895bedbdc58a3d0130d55e34c,5,BV1E2bR6hEJR,【杨博文】Attention丨直拍横屏丨16岁高中生内娱主舞的舞台掌控力丨8.16双机位4k精剪,Kismet丨杨博文,2026-08-16 22:13:05,258614.0,28496.0,14088.0,19898.0,4393.0,9686.0,11633.0,182.0,
2026-08-25 02:00:03,https://www.bilibili.com/video/BV1Rib96EE3F/?spm_id_from=333.1387.favlist.content.click&vd_source=406d0cf895bedbdc58a3d0130d55e34c,6,BV1Rib96EE3F,260816 【杨博文】春雪  竖屏4k直拍,meetsummer丨杨博文,2026-08-17 01:54:42,44079.0,8877.0,3506.0,4765.0,1855.0,722.0,736.0,6.0,
2026-08-25 02:00:03,https://www.bilibili.com/video/BV18jgg6BEAd/?spm_id_from=333.1387.favlist.content.click&vd_source=406d0cf895bedbdc58a3d0130d55e34c,7,BV18jgg6BEAd,【4K精剪】摇曳！摇曳！ | 杨博文直拍 | 260813 & 260814,underthepoplar,2026-08-15 13:26:46,69638.0,10101.0,7255.0,6660.0,2894.0,461.0,1144.0,10.0,
2026-08-25 02:00:03,https://www.bilibili.com/video/BV1A5vkB2E1k/?spm_id_from=333.1387.favlist.content.click&vd_source=406d0cf895bedbdc58a3d0130d55e34c,8,BV1A5vkB2E1k,【杨博文】Hey Mama六机位纯舞直拍丨15岁舞台统治者的诞生，四代主舞燃炸全场！,Kismet丨杨博文,2025-12-28 22:28:16,2809839.0,65679.0,45902.0,48014.0,27858.0,13671.0,22016.0,2.0,
2026-08-25 02:00:03,https://www.bilibili.com/video/BV1mJ64BREZY/?spm_id_from=333.337.search-card.all.click&vd_source=406d0cf895bedbdc58a3d0130d55e34c,9,BV1mJ64BREZY,【杨博文】闭嘴跳舞丨当主舞穿上西装就会得到,Kismet丨杨博文,2026-02-01 18:31:00,622188.0,35178.0,4039.0,25443.0,8600.0,447.0,654.0,1.0,
2026-08-25 02:00:03,BV1Qu816ZEoy,10,BV1Qu816ZEoy,测试用，勿点，谢谢,猫球不是毛球啊,2026-08-22 16:55:19,165.0,2.0,0.0,0.0,0.0,0.0,0.0,1.0,
2026-08-25 02:00:03,BV1Vd8B65EkU,11,BV1Vd8B65EkU,0822.3,dddddash6,2026-08-21 21:49:36,113.0,0.0,0.0,1.0,0.0,0.0,0.0,1.0,
2026-08-25 02:00:03,BV1fT8S61Ejo,12,BV1fT8S61Ejo,十一（23）,爱动手的法学生,2026-08-22 23:46:38,124.0,0.0,0.0,0.0,0.0,0.0,0.0,1.0,
2026-08-25 02:00:03,BV1bf816sE8P,13,BV1bf816sE8P,自测，误点,橙子小姐_sheep,2026-08-22 14:38:54,157.0,0.0,0.0,2.0,0.0,0.0,0.0,1.0,
2026-08-25 02:00:03,BV1Te8K6uEJt,14,BV1Te8K6uEJt,勿进勿进勿进！自测 安卓0821,cannndy_,2026-08-21 08:57:55,162.0,0.0,0.0,1.0,0.0,0.0,0.0,1.0,
2026-08-25 02:00:03,BV1au816oEjs,15,BV1au816oEjs,手机自测,熙熙哈哈oO,2026-08-22 16:55:10,202.0,0.0,0.0,0.0,0.0,0.0,0.0,1.0,
2026-08-25 02:00:03,BV1qw816eE1d,16,BV1qw816eE1d,8.22 自测视频 勿点,dgsaydhakjdhjk,2026-08-22 16:56:23,339.0,0.0,0.0,0.0,0.0,0.0,0.0,1.0,
2026-08-25 02:00:03,BV1ci8163ECY,17,BV1ci8163ECY,自测勿点,不完美是常态_,2026-08-22 15:39:32,50.0,0.0,0.0,0.0,0.0,0.0,0.0,1.0,
2026-08-25 02:00:03,BV1dw816YEau,18,,失败,,,,,,,,,,,62012.0
2026-08-25 02:00:03,BV1jg8S6yEuV,19,BV1jg8S6yEuV,自测视频,only筱筱,2026-08-22 23:58:01,243.0,1.0,0.0,0.0,0.0,0.0,0.0,1.0,
2026-08-25 02:00:03,BV1z6816qEbo,20,BV1z6816qEbo,自用,dddii点点,2026-08-22 16:38:15,229.0,1.0,0.0,0.0,0.0,0.0,0.0,1.0,
2026-08-25 02:00:03,BV1eM8168E9p,21,BV1eM8168E9p,自测勿点！！！！,dd鱿鱼须,2026-08-22 16:39:08,180.0,0.0,0.0,1.0,0.0,0.0,0.0,1.0,
2026-08-25 02:00:03,BV14i8M61EdN,22,BV14i8M61EdN,sz,我素质低你让让我,2026-08-21 12:22:44,258.0,0.0,0.0,0.0,0.0,0.0,0.0,1.0,
2026-08-25 02:00:03,BV12A826QEK4,23,BV12A826QEK4,自测 禁点,哈哈哈哈哈11_,2026-08-22 15:15:37,96.0,0.0,0.0,0.0,0.0,0.0,0.0,1.0,
2026-08-25 02:00:03,BV1St8S6wE33,24,BV1St8S6wE33,自测哦,半夏哒哒哒,2026-08-23 00:18:35,108.0,0.0,0.0,0.0,0.0,0.0,0.0,1.0,
2026-08-25 02:00:03,BV1bwbh65Eh7,25,BV1bwbh65Eh7,自测视频！勿点0817,摸鱼堡成员,2026-08-17 09:36:15,406.0,1.0,0.0,0.0,0.0,0.0,0.0,1.0,
2026-08-25 02:00:03,BV15B8r6WEQ3,26,BV15B8r6WEQ3,8.22自测勿点,刘海打歪了,2026-08-22 09:19:46,53.0,0.0,0.0,0.0,0.0,0.0,0.0,1.0,
2026-08-25 02:00:03,BV1ET8S62EvB,27,BV1ET8S62EvB,【牛小Bala】视频已打包，欢迎围观！,牛小Bala,2026-08-22 23:47:03,144.0,0.0,0.0,0.0,0.0,0.0,0.0,1.0,
2026-08-25 02:00:03,BV1kS8y6kEA8,28,BV1kS8y6kEA8,自测 勿点,MENYAOOO,2026-08-22 18:41:15,181.0,0.0,0.0,0.0,0.0,0.0,0.0,1.0,
2026-08-25 02:00:03,BV1pX8y66ELf,29,BV1pX8y66ELf,自测请勿点击,风枷锁,2026-08-22 18:47:46,187.0,1.0,0.0,1.0,0.0,0.0,0.0,1.0,
2026-08-25 02:00:03,BV1uz8y6JEAr,30,BV1uz8y6JEAr,【起司不是qs】第一支视频求三连！,起司不是qs,2026-08-22 18:20:23,180.0,0.0,0.0,0.0,0.0,0.0,0.0,1.0,
2026-08-25 02:00:03,BV1mx8m6REbb,31,BV1mx8m6REbb,自测,甜奶味羊咩,2026-08-22 20:49:17,42.0,0.0,0.0,0.0,0.0,0.0,0.0,1.0,
2026-08-25 02:00:03,BV1du8S65E6x,32,BV1du8S65E6x,测测测,羊咩_0601,2026-08-23 00:02:02,53.0,0.0,0.0,0.0,0.0,0.0,0.0,1.0,
2026-08-25 02:00:03,BV1hn8m6FEcd,33,BV1hn8m6FEcd,自测勿点,哇哦哦噢噢噢哦,2026-08-22 21:06:21,33.0,0.0,0.0,0.0,0.0,0.0,0.0,1.0,
2026-08-25 02:00:03,BV1DE8m68E2D,34,,失败,,,,,,,,,,,62012.0
2026-08-25 02:00:03,BV1jM8m6MEoA,35,BV1jM8m6MEoA,自测，勿点进,Camellia不是cc,2026-08-22 20:29:58,9.0,0.0,0.0,1.0,0.0,0.0,0.0,1.0,
2026-08-25 02:00:03,BV1gE8m6hEJ2,36,BV1gE8m6hEJ2,自测勿点,萌羊叫眠羊,2026-08-22 21:11:17,5.0,0.0,0.0,0.0,0.0,0.0,0.0,1.0,
2026-08-25 02:00:03,BV15V8S6kEYA,37,BV15V8S6kEYA,自测,kuaiqushuijiaoba,2026-08-22 23:32:08,29.0,0.0,0.0,0.0,0.0,0.0,0.0,1.0,
2026-08-25 02:00:03,BV1vG8S6VEgc,38,BV1vG8S6VEgc,8.23自测,萌是天生命TvT,2026-08-22 23:34:07,176.0,0.0,0.0,1.0,0.0,0.0,0.0,1.0,
2026-08-25 02:00:03,BV1Zg8S6CEu5,39,BV1Zg8S6CEu5,自测勿点3,北纬咩雪刊,2026-08-22 23:54:46,57.0,0.0,0.0,0.0,0.0,0.0,0.0,1.0,
2026-08-25 02:00:03,BV1s8BvBPEN5,40,BV1s8BvBPEN5,【杨博文｜4K舞台直拍】好运来祝你好运来～博文宝宝祝你新年好运来,关键时刻来瓶尖叫,2025-12-27 00:43:12,1915626.0,35055.0,17128.0,32456.0,19591.0,4339.0,4874.0,1.0,
2026-08-25 02:00:03,BV1XA6nBGEPV,41,BV1XA6nBGEPV,【4K精剪】希区考克 作品152 | 杨博文直拍 | 260131,underthepoplar,2026-02-01 00:23:17,1945848.0,24097.0,22524.0,20193.0,19011.0,4021.0,6938.0,1.0,
2026-08-25 02:00:03,BV1Phbr6NE8u,42,BV1Phbr6NE8u,【杨博文｜4K多机位直拍】管他什么音乐,Eternity丨杨博文,2026-08-18 12:37:02,1856.0,577.0,176.0,206.0,3.0,9.0,8.0,1.0,
2026-08-25 02:00:03,BV1mX8z6NEzz,43,BV1mX8z6NEzz,【4K精剪】管他什么音乐 | 杨博文直拍 | 260816,underthepoplar,2026-08-22 04:21:09,9432.0,2369.0,1329.0,1172.0,32.0,45.0,67.0,1.0,
2026-08-25 02:00:03,BV1qHbb6QErY,44,BV1qHbb6QErY,杨博文｜260816第肆象限attention<4k精剪>,61strawberry,2026-08-17 06:33:44,8386.0,1535.0,398.0,1047.0,7.0,10.0,16.0,1.0,
2026-08-25 02:00:03,BV1hibB6PEH5,45,BV1hibB6PEH5,【杨博文｜4k直拍】《春雪》我想爱你浅浅不停息～,关键时刻来瓶尖叫,2026-08-18 02:28:40,11737.0,2014.0,424.0,1219.0,4.0,19.0,67.0,2.0,
2026-08-25 02:00:03,BV1N6bi6XE5B,46,BV1N6bi6XE5B,【杨博文】骨骼谢幕丨横屏直拍丨三机位4k字幕版,Kismet丨杨博文,2026-08-17 22:20:49,41011.0,5081.0,1677.0,3279.0,1416.0,72.0,456.0,3.0,
2026-08-25 02:00:03,BV1Gggg6kEhv,47,BV1Gggg6kEhv,【杨博文｜4k直拍】溜溜的她 直拍,关键时刻来瓶尖叫,2026-08-15 05:41:55,56622.0,6010.0,1235.0,3943.0,26.0,20.0,152.0,1.0,
2026-08-25 02:00:03,BV15egs6pEJp,48,BV15egs6pEJp,杨博文｜Whiplash 2机位精剪 直拍 fancam｜4K60｜260813,LOST_杨博文,2026-08-13 23:03:07,83682.0,8110.0,1877.0,6054.0,61.0,69.0,243.0,3.0,
2026-08-25 02:00:03,BV1rqgW6hEvv,49,BV1rqgW6hEvv,【杨博文｜4k直拍】100Ways 直拍,关键时刻来瓶尖叫,2026-08-14 01:41:46,25534.0,3653.0,1457.0,2656.0,36.0,36.0,226.0,2.0,
2026-08-25 02:00:03,BV1b5uf6gEhd,50,BV1b5uf6gEhd,【杨博文】100ways丨直拍双机位丨8.13&14两日精剪,Kismet丨杨博文,2026-08-14 04:12:18,16855.0,2649.0,831.0,1813.0,18.0,17.0,89.0,1.0,
2026-08-25 02:00:03,BV1vCuf6nErK,51,BV1vCuf6nErK,【杨博文】100ways 4k直拍｜力量感爆发气场全开,游园会_杨博文,2026-08-14 03:20:46,13314.0,2243.0,605.0,1594.0,11.0,19.0,40.0,1.0,
2026-08-25 02:00:03,BV16zgA6zEkE,52,BV16zgA6zEkE,【杨博文｜4K】Whiplash 四机位精剪直拍,Eternity丨杨博文,2026-08-14 11:25:47,17765.0,4561.0,1064.0,1909.0,33.0,64.0,170.0,1.0,
2026-08-25 02:00:03,BV1Gigw6XEXN,53,BV1Gigw6XEXN,杨博文｜醉拳 3机位精剪 直拍 fancam｜4K60｜260813,LOST_杨博文,2026-08-14 13:11:22,30935.0,4879.0,2350.0,2813.0,1742.0,56.0,295.0,2.0,
2026-08-25 02:00:03,BV1k9gw6gE4U,54,BV1k9gw6gE4U,「杨博文｜爱的初体验」是不是我的十六岁 注定要为__流泪,Astra_杨博文,2026-08-14 13:49:20,18065.0,2351.0,637.0,1489.0,21.0,13.0,94.0,1.0,
2026-08-25 02:30:03,https://www.bilibili.com/video/BV1GdgW6JEe9/?spm_id_from=333.1387.favlist.content.click&vd_source=406d0cf895bedbdc58a3d0130d55e34c,0,BV1GdgW6JEe9,【杨博文｜4k直拍】Whiplash 双日直拍混剪,关键时刻来瓶尖叫,2026-08-13 23:45:41,221988.0,28156.0,22841.0,21543.0,7012.0,4693.0,8177.0,15.0,
2026-08-25 02:30:03,https://www.bilibili.com/video/BV1W5gs6KEhr/?spm_id_from=333.1387.favlist.content.click&vd_source=406d0cf895bedbdc58a3d0130d55e34c,1,BV1W5gs6KEhr,【4K精剪】异常加载中 | 杨博文直拍 | 260813,underthepoplar,2026-08-13 22:44:57,185230.0,23377.0,15822.0,17326.0,6307.0,7386.0,8620.0,10.0,
2026-08-25 02:30:03,https://www.bilibili.com/video/BV1VFbd6QEjw/spm_id_from=333.1387.favlist.content.click&vd_source=406d0cf895bedbdc58a3d0130d55e34c,2,BV1VFbd6QEjw,【杨博文｜4k直拍】管他什么音乐 直拍,关键时刻来瓶尖叫,2026-08-16 23:08:52,85258.0,6010.0,3549.0,4652.0,2681.0,562.0,18.0,10.0,
2026-08-25 02:30:03,https://www.bilibili.com/video/BV1xebR6zEkr/?spm_id_from=333.1387.favlist.content.click&vd_source=406d0cf895bedbdc58a3d0130d55e34c,3,BV1xebR6zEkr,【4K精剪】Attention | 杨博文直拍 | 260816,underthepoplar,2026-08-16 23:54:18,185800.0,16292.0,10316.0,13496.0,3181.0,1719.0,2805.0,13.0,
2026-08-25 02:30:03,https://www.bilibili.com/video/BV1s3gs6MEej/?spm_id_from=333.1387.favlist.content.click&vd_source=406d0cf895bedbdc58a3d0130d55e34c,4,BV1s3gs6MEej,【杨博文｜4k直拍】爱的初体验 直拍,关键时刻来瓶尖叫,2026-08-13 22:46:37,118002.0,12722.0,6758.0,9814.0,3476.0,523.0,2522.0,13.0,
2026-08-25 02:30:03,https://www.bilibili.com/video/BV1E2bR6hEJR/?spm_id_from=333.1387.favlist.content.click&vd_source=406d0cf895bedbdc58a3d0130d55e34c,5,BV1E2bR6hEJR,【杨博文】Attention丨直拍横屏丨16岁高中生内娱主舞的舞台掌控力丨8.16双机位4k精剪,Kismet丨杨博文,2026-08-16 22:13:05,258852.0,28503.0,14090.0,19902.0,4396.0,9687.0,11637.0,182.0,
2026-08-25 02:30:03,https://www.bilibili.com/video/BV1Rib96EE3F/?spm_id_from=333.1387.favlist.content.click&vd_source=406d0cf895bedbdc58a3d0130d55e34c,6,BV1Rib96EE3F,260816 【杨博文】春雪  竖屏4k直拍,meetsummer丨杨博文,2026-08-17 01:54:42,44124.0,8882.0,3510.0,4768.0,1855.0,722.0,736.0,9.0,
2026-08-25 02:30:03,https://www.bilibili.com/video/BV18jgg6BEAd/?spm_id_from=333.1387.favlist.content.click&vd_source=406d0cf895bedbdc58a3d0130d55e34c,7,BV18jgg6BEAd,【4K精剪】摇曳！摇曳！ | 杨博文直拍 | 260813 & 260814,underthepoplar,2026-08-15 13:26:46,69658.0,10105.0,7258.0,6663.0,2894.0,461.0,1147.0,10.0,
2026-08-25 02:30:03,https://www.bilibili.com/video/BV1A5vkB2E1k/?spm_id_from=333.1387.favlist.content.click&vd_source=406d0cf895bedbdc58a3d0130d55e34c,8,BV1A5vkB2E1k,【杨博文】Hey Mama六机位纯舞直拍丨15岁舞台统治者的诞生，四代主舞燃炸全场！,Kismet丨杨博文,2025-12-28 22:28:16,2809850.0,65681.0,45904.0,48017.0,27859.0,13671.0,22017.0,1.0,
2026-08-25 02:30:03,https://www.bilibili.com/video/BV1mJ64BREZY/?spm_id_from=333.337.search-card.all.click&vd_source=406d0cf895bedbdc58a3d0130d55e34c,9,BV1mJ64BREZY,【杨博文】闭嘴跳舞丨当主舞穿上西装就会得到,Kismet丨杨博文,2026-02-01 18:31:00,622190.0,35178.0,4039.0,25443.0,8600.0,447.0,654.0,1.0,
2026-08-25 02:30:03,BV1Qu816ZEoy,10,BV1Qu816ZEoy,测试用，勿点，谢谢,猫球不是毛球啊,2026-08-22 16:55:19,165.0,2.0,0.0,0.0,0.0,0.0,0.0,1.0,
2026-08-25 02:30:03,BV1Vd8B65EkU,11,BV1Vd8B65EkU,0822.3,dddddash6,2026-08-21 21:49:36,113.0,0.0,0.0,1.0,0.0,0.0,0.0,1.0,
2026-08-25 02:30:03,BV1fT8S61Ejo,12,BV1fT8S61Ejo,十一（23）,爱动手的法学生,2026-08-22 23:46:38,124.0,0.0,0.0,0.0,0.0,0.0,0.0,1.0,
2026-08-25 02:30:03,BV1bf816sE8P,13,BV1bf816sE8P,自测，误点,橙子小姐_sheep,2026-08-22 14:38:54,157.0,0.0,0.0,2.0,0.0,0.0,0.0,1.0,
2026-08-25 02:30:03,BV1Te8K6uEJt,14,BV1Te8K6uEJt,勿进勿进勿进！自测 安卓0821,cannndy_,2026-08-21 08:57:55,162.0,0.0,0.0,1.0,0.0,0.0,0.0,1.0,
2026-08-25 02:30:03,BV1au816oEjs,15,BV1au816oEjs,手机自测,熙熙哈哈oO,2026-08-22 16:55:10,207.0,0.0,0.0,0.0,0.0,0.0,0.0,1.0,
2026-08-25 02:30:03,BV1qw816eE1d,16,BV1qw816eE1d,8.22 自测视频 勿点,dgsaydhakjdhjk,2026-08-22 16:56:23,339.0,0.0,0.0,0.0,0.0,0.0,0.0,1.0,
2026-08-25 02:30:03,BV1ci8163ECY,17,BV1ci8163ECY,自测勿点,不完美是常态_,2026-08-22 15:39:32,50.0,0.0,0.0,0.0,0.0,0.0,0.0,1.0,
2026-08-25 02:30:03,BV1dw816YEau,18,,失败,,,,,,,,,,,62012.0
2026-08-25 02:30:03,BV1jg8S6yEuV,19,BV1jg8S6yEuV,自测视频,only筱筱,2026-08-22 23:58:01,243.0,1.0,0.0,0.0,0.0,0.0,0.0,1.0,
2026-08-25 02:30:03,BV1z6816qEbo,20,BV1z6816qEbo,自用,dddii点点,2026-08-22 16:38:15,229.0,1.0,0.0,0.0,0.0,0.0,0.0,1.0,
2026-08-25 02:30:03,BV1eM8168E9p,21,BV1eM8168E9p,自测勿点！！！！,dd鱿鱼须,2026-08-22 16:39:08,180.0,0.0,0.0,1.0,0.0,0.0,0.0,1.0,
2026-08-25 02:30:03,BV14i8M61EdN,22,BV14i8M61EdN,sz,我素质低你让让我,2026-08-21 12:22:44,258.0,0.0,0.0,0.0,0.0,0.0,0.0,1.0,
2026-08-25 02:30:03,BV12A826QEK4,23,BV12A826QEK4,自测 禁点,哈哈哈哈哈11_,2026-08-22 15:15:37,96.0,0.0,0.0,0.0,0.0,0.0,0.0,1.0,
2026-08-25 02:30:03,BV1St8S6wE33,24,BV1St8S6wE33,自测哦,半夏哒哒哒,2026-08-23 00:18:35,113.0,0.0,0.0,0.0,0.0,0.0,0.0,1.0,
2026-08-25 02:30:03,BV1bwbh65Eh7,25,BV1bwbh65Eh7,自测视频！勿点0817,摸鱼堡成员,2026-08-17 09:36:15,406.0,1.0,0.0,0.0,0.0,0.0,0.0,1.0,
2026-08-25 02:30:03,BV15B8r6WEQ3,26,BV15B8r6WEQ3,8.22自测勿点,刘海打歪了,2026-08-22 09:19:46,53.0,0.0,0.0,0.0,0.0,0.0,0.0,1.0,
2026-08-25 02:30:03,BV1ET8S62EvB,27,BV1ET8S62EvB,【牛小Bala】视频已打包，欢迎围观！,牛小Bala,2026-08-22 23:47:03,144.0,0.0,0.0,0.0,0.0,0.0,0.0,1.0,
2026-08-25 02:30:03,BV1kS8y6kEA8,28,BV1kS8y6kEA8,自测 勿点,MENYAOOO,2026-08-22 18:41:15,181.0,0.0,0.0,0.0,0.0,0.0,0.0,1.0,
2026-08-25 02:30:03,BV1pX8y66ELf,29,BV1pX8y66ELf,自测请勿点击,风枷锁,2026-08-22 18:47:46,187.0,1.0,0.0,1.0,0.0,0.0,0.0,1.0,
2026-08-25 02:30:03,BV1uz8y6JEAr,30,BV1uz8y6JEAr,【起司不是qs】第一支视频求三连！,起司不是qs,2026-08-22 18:20:23,180.0,0.0,0.0,0.0,0.0,0.0,0.0,1.0,
2026-08-25 02:30:03,BV1mx8m6REbb,31,BV1mx8m6REbb,自测,甜奶味羊咩,2026-08-22 20:49:17,42.0,0.0,0.0,0.0,0.0,0.0,0.0,1.0,
2026-08-25 02:30:03,BV1du8S65E6x,32,BV1du8S65E6x,测测测,羊咩_0601,2026-08-23 00:02:02,53.0,0.0,0.0,0.0,0.0,0.0,0.0,1.0,
2026-08-25 02:30:03,BV1hn8m6FEcd,33,BV1hn8m6FEcd,自测勿点,哇哦哦噢噢噢哦,2026-08-22 21:06:21,33.0,0.0,0.0,0.0,0.0,0.0,0.0,1.0,
2026-08-25 02:30:03,BV1DE8m68E2D,34,,失败,,,,,,,,,,,62012.0
2026-08-25 02:30:03,BV1jM8m6MEoA,35,BV1jM8m6MEoA,自测，勿点进,Camellia不是cc,2026-08-22 20:29:58,9.0,0.0,0.0,1.0,0.0,0.0,0.0,1.0,
2026-08-25 02:30:03,BV1gE8m6hEJ2,36,BV1gE8m6hEJ2,自测勿点,萌羊叫眠羊,2026-08-22 21:11:17,5.0,0.0,0.0,0.0,0.0,0.0,0.0,1.0,
2026-08-25 02:30:03,BV15V8S6kEYA,37,BV15V8S6kEYA,自测,kuaiqushuijiaoba,2026-08-22 23:32:08,29.0,0.0,0.0,0.0,0.0,0.0,0.0,1.0,
2026-08-25 02:30:03,BV1vG8S6VEgc,38,BV1vG8S6VEgc,8.23自测,萌是天生命TvT,2026-08-22 23:34:07,176.0,0.0,0.0,1.0,0.0,0.0,0.0,1.0,
2026-08-25 02:30:03,BV1Zg8S6CEu5,39,BV1Zg8S6CEu5,自测勿点3,北纬咩雪刊,2026-08-22 23:54:46,57.0,0.0,0.0,0.0,0.0,0.0,0.0,1.0,
2026-08-25 02:30:03,BV1s8BvBPEN5,40,BV1s8BvBPEN5,【杨博文｜4K舞台直拍】好运来祝你好运来～博文宝宝祝你新年好运来,关键时刻来瓶尖叫,2025-12-27 00:43:12,1915626.0,35055.0,17128.0,32456.0,19591.0,4339.0,4874.0,1.0,
2026-08-25 02:30:03,BV1XA6nBGEPV,41,BV1XA6nBGEPV,【4K精剪】希区考克 作品152 | 杨博文直拍 | 260131,underthepoplar,2026-02-01 00:23:17,1945850.0,24097.0,22524.0,20192.0,19011.0,4021.0,6938.0,1.0,
2026-08-25 02:30:03,BV1Phbr6NE8u,42,BV1Phbr6NE8u,【杨博文｜4K多机位直拍】管他什么音乐,Eternity丨杨博文,2026-08-18 12:37:02,1856.0,577.0,176.0,206.0,3.0,9.0,8.0,1.0,
2026-08-25 02:30:03,BV1mX8z6NEzz,43,BV1mX8z6NEzz,【4K精剪】管他什么音乐 | 杨博文直拍 | 260816,underthepoplar,2026-08-22 04:21:09,9449.0,2372.0,1330.0,1173.0,32.0,45.0,67.0,2.0,
2026-08-25 02:30:03,BV1qHbb6QErY,44,BV1qHbb6QErY,杨博文｜260816第肆象限attention<4k精剪>,61strawberry,2026-08-17 06:33:44,8397.0,1535.0,398.0,1047.0,7.0,10.0,16.0,2.0,
2026-08-25 02:30:03,BV1hibB6PEH5,45,BV1hibB6PEH5,【杨博文｜4k直拍】《春雪》我想爱你浅浅不停息～,关键时刻来瓶尖叫,2026-08-18 02:28:40,11751.0,2014.0,424.0,1219.0,4.0,19.0,67.0,1.0,
2026-08-25 02:30:03,BV1N6bi6XE5B,46,BV1N6bi6XE5B,【杨博文】骨骼谢幕丨横屏直拍丨三机位4k字幕版,Kismet丨杨博文,2026-08-17 22:20:49,41037.0,5083.0,1678.0,3280.0,1416.0,72.0,456.0,3.0,
2026-08-25 02:30:03,BV1Gggg6kEhv,47,BV1Gggg6kEhv,【杨博文｜4k直拍】溜溜的她 直拍,关键时刻来瓶尖叫,2026-08-15 05:41:55,56630.0,6010.0,1235.0,3943.0,26.0,20.0,152.0,1.0,
2026-08-25 02:30:03,BV15egs6pEJp,48,BV15egs6pEJp,杨博文｜Whiplash 2机位精剪 直拍 fancam｜4K60｜260813,LOST_杨博文,2026-08-13 23:03:07,83693.0,8110.0,1877.0,6054.0,61.0,69.0,243.0,1.0,
2026-08-25 02:30:03,BV1rqgW6hEvv,49,BV1rqgW6hEvv,【杨博文｜4k直拍】100Ways 直拍,关键时刻来瓶尖叫,2026-08-14 01:41:46,25544.0,3654.0,1457.0,2656.0,36.0,36.0,226.0,1.0,
2026-08-25 02:30:03,BV1b5uf6gEhd,50,BV1b5uf6gEhd,【杨博文】100ways丨直拍双机位丨8.13&14两日精剪,Kismet丨杨博文,2026-08-14 04:12:18,16861.0,2650.0,831.0,1813.0,18.0,17.0,89.0,1.0,
2026-08-25 02:30:03,BV1vCuf6nErK,51,BV1vCuf6nErK,【杨博文】100ways 4k直拍｜力量感爆发气场全开,游园会_杨博文,2026-08-14 03:20:46,13314.0,2243.0,605.0,1594.0,11.0,19.0,40.0,1.0,
2026-08-25 02:30:03,BV16zgA6zEkE,52,BV16zgA6zEkE,【杨博文｜4K】Whiplash 四机位精剪直拍,Eternity丨杨博文,2026-08-14 11:25:47,17781.0,4564.0,1064.0,1909.0,33.0,64.0,170.0,1.0,
2026-08-25 02:30:03,BV1Gigw6XEXN,53,BV1Gigw6XEXN,杨博文｜醉拳 3机位精剪 直拍 fancam｜4K60｜260813,LOST_杨博文,2026-08-14 13:11:22,30945.0,4879.0,2350.0,2813.0,1742.0,56.0,295.0,1.0,
2026-08-25 02:30:03,BV1k9gw6gE4U,54,BV1k9gw6gE4U,「杨博文｜爱的初体验」是不是我的十六岁 注定要为__流泪,Astra_杨博文,2026-08-14 13:49:20,18073.0,2351.0,637.0,1489.0,21.0,13.0,94.0,1.0,
2026-08-25 03:00:03,https://www.bilibili.com/video/BV1GdgW6JEe9/?spm_id_from=333.1387.favlist.content.click&vd_source=406d0cf895bedbdc58a3d0130d55e34c,0,BV1GdgW6JEe9,【杨博文｜4k直拍】Whiplash 双日直拍混剪,关键时刻来瓶尖叫,2026-08-13 23:45:41,222070.0,28157.0,22843.0,21543.0,7013.0,4693.0,8178.0,17.0,
2026-08-25 03:00:03,https://www.bilibili.com/video/BV1W5gs6KEhr/?spm_id_from=333.1387.favlist.content.click&vd_source=406d0cf895bedbdc58a3d0130d55e34c,1,BV1W5gs6KEhr,【4K精剪】异常加载中 | 杨博文直拍 | 260813,underthepoplar,2026-08-13 22:44:57,185292.0,23379.0,15822.0,17329.0,6307.0,7386.0,8620.0,12.0,
2026-08-25 03:00:03,https://www.bilibili.com/video/BV1VFbd6QEjw/spm_id_from=333.1387.favlist.content.click&vd_source=406d0cf895bedbdc58a3d0130d55e34c,2,BV1VFbd6QEjw,【杨博文｜4k直拍】管他什么音乐 直拍,关键时刻来瓶尖叫,2026-08-16 23:08:52,85263.0,6010.0,3549.0,4652.0,2681.0,562.0,18.0,8.0,
2026-08-25 03:00:03,https://www.bilibili.com/video/BV1xebR6zEkr/?spm_id_from=333.1387.favlist.content.click&vd_source=406d0cf895bedbdc58a3d0130d55e34c,3,BV1xebR6zEkr,【4K精剪】Attention | 杨博文直拍 | 260816,underthepoplar,2026-08-16 23:54:18,185883.0,16296.0,10323.0,13499.0,3182.0,1719.0,2805.0,17.0,
2026-08-25 03:00:03,https://www.bilibili.com/video/BV1s3gs6MEej/?spm_id_from=333.1387.favlist.content.click&vd_source=406d0cf895bedbdc58a3d0130d55e34c,4,BV1s3gs6MEej,【杨博文｜4k直拍】爱的初体验 直拍,关键时刻来瓶尖叫,2026-08-13 22:46:37,118060.0,12723.0,6758.0,9815.0,3476.0,523.0,2522.0,13.0,
2026-08-25 03:00:03,https://www.bilibili.com/video/BV1E2bR6hEJR/?spm_id_from=333.1387.favlist.content.click&vd_source=406d0cf895bedbdc58a3d0130d55e34c,5,BV1E2bR6hEJR,【杨博文】Attention丨直拍横屏丨16岁高中生内娱主舞的舞台掌控力丨8.16双机位4k精剪,Kismet丨杨博文,2026-08-16 22:13:05,258986.0,28510.0,14096.0,19907.0,4396.0,9687.0,11639.0,184.0,
2026-08-25 03:00:03,https://www.bilibili.com/video/BV1Rib96EE3F/?spm_id_from=333.1387.favlist.content.click&vd_source=406d0cf895bedbdc58a3d0130d55e34c,6,BV1Rib96EE3F,260816 【杨博文】春雪  竖屏4k直拍,meetsummer丨杨博文,2026-08-17 01:54:42,44180.0,8884.0,3512.0,4772.0,1856.0,722.0,736.0,8.0,
2026-08-25 03:00:03,https://www.bilibili.com/video/BV18jgg6BEAd/?spm_id_from=333.1387.favlist.content.click&vd_source=406d0cf895bedbdc58a3d0130d55e34c,7,BV18jgg6BEAd,【4K精剪】摇曳！摇曳！ | 杨博文直拍 | 260813 & 260814,underthepoplar,2026-08-15 13:26:46,69682.0,10106.0,7258.0,6668.0,2894.0,461.0,1147.0,8.0,
2026-08-25 03:00:03,https://www.bilibili.com/video/BV1A5vkB2E1k/?spm_id_from=333.1387.favlist.content.click&vd_source=406d0cf895bedbdc58a3d0130d55e34c,8,BV1A5vkB2E1k,【杨博文】Hey Mama六机位纯舞直拍丨15岁舞台统治者的诞生，四代主舞燃炸全场！,Kismet丨杨博文,2025-12-28 22:28:16,2809861.0,65681.0,45904.0,48016.0,27859.0,13671.0,22017.0,1.0,
2026-08-25 03:00:03,https://www.bilibili.com/video/BV1mJ64BREZY/?spm_id_from=333.337.search-card.all.click&vd_source=406d0cf895bedbdc58a3d0130d55e34c,9,BV1mJ64BREZY,【杨博文】闭嘴跳舞丨当主舞穿上西装就会得到,Kismet丨杨博文,2026-02-01 18:31:00,622190.0,35178.0,4039.0,25443.0,8600.0,447.0,654.0,1.0,
2026-08-25 03:00:03,BV1Qu816ZEoy,10,BV1Qu816ZEoy,测试用，勿点，谢谢,猫球不是毛球啊,2026-08-22 16:55:19,165.0,2.0,0.0,0.0,0.0,0.0,0.0,1.0,
2026-08-25 03:00:03,BV1Vd8B65EkU,11,BV1Vd8B65EkU,0822.3,dddddash6,2026-08-21 21:49:36,113.0,0.0,0.0,1.0,0.0,0.0,0.0,1.0,
2026-08-25 03:00:03,BV1fT8S61Ejo,12,BV1fT8S61Ejo,十一（23）,爱动手的法学生,2026-08-22 23:46:38,124.0,0.0,0.0,0.0,0.0,0.0,0.0,1.0,
2026-08-25 03:00:03,BV1bf816sE8P,13,BV1bf816sE8P,自测，误点,橙子小姐_sheep,2026-08-22 14:38:54,157.0,0.0,0.0,2.0,0.0,0.0,0.0,1.0,
2026-08-25 03:00:03,BV1Te8K6uEJt,14,BV1Te8K6uEJt,勿进勿进勿进！自测 安卓0821,cannndy_,2026-08-21 08:57:55,162.0,0.0,0.0,1.0,0.0,0.0,0.0,1.0,
2026-08-25 03:00:03,BV1au816oEjs,15,BV1au816oEjs,手机自测,熙熙哈哈oO,2026-08-22 16:55:10,212.0,0.0,0.0,0.0,0.0,0.0,0.0,1.0,
2026-08-25 03:00:03,BV1qw816eE1d,16,BV1qw816eE1d,8.22 自测视频 勿点,dgsaydhakjdhjk,2026-08-22 16:56:23,339.0,0.0,0.0,0.0,0.0,0.0,0.0,1.0,
2026-08-25 03:00:03,BV1ci8163ECY,17,BV1ci8163ECY,自测勿点,不完美是常态_,2026-08-22 15:39:32,50.0,0.0,0.0,0.0,0.0,0.0,0.0,1.0,
2026-08-25 03:00:03,BV1dw816YEau,18,,失败,,,,,,,,,,,62012.0
2026-08-25 03:00:03,BV1jg8S6yEuV,19,BV1jg8S6yEuV,自测视频,only筱筱,2026-08-22 23:58:01,243.0,1.0,0.0,0.0,0.0,0.0,0.0,1.0,
2026-08-25 03:00:03,BV1z6816qEbo,20,BV1z6816qEbo,自用,dddii点点,2026-08-22 16:38:15,229.0,1.0,0.0,0.0,0.0,0.0,0.0,1.0,
2026-08-25 03:00:03,BV1eM8168E9p,21,BV1eM8168E9p,自测勿点！！！！,dd鱿鱼须,2026-08-22 16:39:08,180.0,0.0,0.0,1.0,0.0,0.0,0.0,1.0,
2026-08-25 03:00:03,BV14i8M61EdN,22,BV14i8M61EdN,sz,我素质低你让让我,2026-08-21 12:22:44,258.0,0.0,0.0,0.0,0.0,0.0,0.0,1.0,
2026-08-25 03:00:03,BV12A826QEK4,23,BV12A826QEK4,自测 禁点,哈哈哈哈哈11_,2026-08-22 15:15:37,96.0,0.0,0.0,0.0,0.0,0.0,0.0,1.0,
2026-08-25 03:00:03,BV1St8S6wE33,24,BV1St8S6wE33,自测哦,半夏哒哒哒,2026-08-23 00:18:35,118.0,0.0,0.0,0.0,0.0,0.0,0.0,1.0,
2026-08-25 03:00:03,BV1bwbh65Eh7,25,BV1bwbh65Eh7,自测视频！勿点0817,摸鱼堡成员,2026-08-17 09:36:15,406.0,1.0,0.0,0.0,0.0,0.0,0.0,1.0,
2026-08-25 03:00:03,BV15B8r6WEQ3,26,BV15B8r6WEQ3,8.22自测勿点,刘海打歪了,2026-08-22 09:19:46,53.0,0.0,0.0,0.0,0.0,0.0,0.0,1.0,
2026-08-25 03:00:03,BV1ET8S62EvB,27,BV1ET8S62EvB,【牛小Bala】视频已打包，欢迎围观！,牛小Bala,2026-08-22 23:47:03,144.0,0.0,0.0,0.0,0.0,0.0,0.0,1.0,
2026-08-25 03:00:03,BV1kS8y6kEA8,28,BV1kS8y6kEA8,自测 勿点,MENYAOOO,2026-08-22 18:41:15,181.0,0.0,0.0,0.0,0.0,0.0,0.0,1.0,
2026-08-25 03:00:03,BV1pX8y66ELf,29,BV1pX8y66ELf,自测请勿点击,风枷锁,2026-08-22 18:47:46,187.0,1.0,0.0,1.0,0.0,0.0,0.0,1.0,
2026-08-25 03:00:03,BV1uz8y6JEAr,30,BV1uz8y6JEAr,【起司不是qs】第一支视频求三连！,起司不是qs,2026-08-22 18:20:23,180.0,0.0,0.0,0.0,0.0,0.0,0.0,1.0,
2026-08-25 03:00:03,BV1mx8m6REbb,31,BV1mx8m6REbb,自测,甜奶味羊咩,2026-08-22 20:49:17,42.0,0.0,0.0,0.0,0.0,0.0,0.0,1.0,
2026-08-25 03:00:03,BV1du8S65E6x,32,BV1du8S65E6x,测测测,羊咩_0601,2026-08-23 00:02:02,53.0,0.0,0.0,0.0,0.0,0.0,0.0,1.0,
2026-08-25 03:00:03,BV1hn8m6FEcd,33,BV1hn8m6FEcd,自测勿点,哇哦哦噢噢噢哦,2026-08-22 21:06:21,33.0,0.0,0.0,0.0,0.0,0.0,0.0,1.0,
2026-08-25 03:00:03,BV1DE8m68E2D,34,,失败,,,,,,,,,,,62012.0
2026-08-25 03:00:03,BV1jM8m6MEoA,35,BV1jM8m6MEoA,自测，勿点进,Camellia不是cc,2026-08-22 20:29:58,9.0,0.0,0.0,1.0,0.0,0.0,0.0,1.0,
2026-08-25 03:00:03,BV1gE8m6hEJ2,36,BV1gE8m6hEJ2,自测勿点,萌羊叫眠羊,2026-08-22 21:11:17,5.0,0.0,0.0,0.0,0.0,0.0,0.0,1.0,
2026-08-25 03:00:03,BV15V8S6kEYA,37,BV15V8S6kEYA,自测,kuaiqushuijiaoba,2026-08-22 23:32:08,29.0,0.0,0.0,0.0,0.0,0.0,0.0,1.0,
2026-08-25 03:00:03,BV1vG8S6VEgc,38,BV1vG8S6VEgc,8.23自测,萌是天生命TvT,2026-08-22 23:34:07,176.0,0.0,0.0,1.0,0.0,0.0,0.0,1.0,
2026-08-25 03:00:03,BV1Zg8S6CEu5,39,BV1Zg8S6CEu5,自测勿点3,北纬咩雪刊,2026-08-22 23:54:46,57.0,0.0,0.0,0.0,0.0,0.0,0.0,1.0,
2026-08-25 03:00:03,BV1s8BvBPEN5,40,BV1s8BvBPEN5,【杨博文｜4K舞台直拍】好运来祝你好运来～博文宝宝祝你新年好运来,关键时刻来瓶尖叫,2025-12-27 00:43:12,1915629.0,35055.0,17128.0,32456.0,19591.0,4339.0,4874.0,1.0,
2026-08-25 03:00:03,BV1XA6nBGEPV,41,BV1XA6nBGEPV,【4K精剪】希区考克 作品152 | 杨博文直拍 | 260131,underthepoplar,2026-02-01 00:23:17,1945855.0,24097.0,22524.0,20192.0,19011.0,4021.0,6938.0,1.0,
2026-08-25 03:00:03,BV1Phbr6NE8u,42,BV1Phbr6NE8u,【杨博文｜4K多机位直拍】管他什么音乐,Eternity丨杨博文,2026-08-18 12:37:02,1856.0,577.0,176.0,206.0,3.0,9.0,8.0,1.0,
2026-08-25 03:00:03,BV1mX8z6NEzz,43,BV1mX8z6NEzz,【4K精剪】管他什么音乐 | 杨博文直拍 | 260816,underthepoplar,2026-08-22 04:21:09,9460.0,2372.0,1330.0,1173.0,32.0,45.0,67.0,1.0,
2026-08-25 03:00:03,BV1qHbb6QErY,44,BV1qHbb6QErY,杨博文｜260816第肆象限attention<4k精剪>,61strawberry,2026-08-17 06:33:44,8406.0,1535.0,398.0,1047.0,7.0,10.0,16.0,1.0,
2026-08-25 03:00:03,BV1hibB6PEH5,45,BV1hibB6PEH5,【杨博文｜4k直拍】《春雪》我想爱你浅浅不停息～,关键时刻来瓶尖叫,2026-08-18 02:28:40,11763.0,2015.0,424.0,1220.0,4.0,19.0,67.0,1.0,
2026-08-25 03:00:03,BV1N6bi6XE5B,46,BV1N6bi6XE5B,【杨博文】骨骼谢幕丨横屏直拍丨三机位4k字幕版,Kismet丨杨博文,2026-08-17 22:20:49,41058.0,5083.0,1678.0,3280.0,1416.0,72.0,456.0,2.0,
2026-08-25 03:00:03,BV1Gggg6kEhv,47,BV1Gggg6kEhv,【杨博文｜4k直拍】溜溜的她 直拍,关键时刻来瓶尖叫,2026-08-15 05:41:55,56645.0,6012.0,1235.0,3945.0,26.0,20.0,152.0,1.0,
2026-08-25 03:00:03,BV15egs6pEJp,48,BV15egs6pEJp,杨博文｜Whiplash 2机位精剪 直拍 fancam｜4K60｜260813,LOST_杨博文,2026-08-13 23:03:07,83702.0,8110.0,1877.0,6054.0,61.0,69.0,243.0,1.0,
2026-08-25 03:00:03,BV1rqgW6hEvv,49,BV1rqgW6hEvv,【杨博文｜4k直拍】100Ways 直拍,关键时刻来瓶尖叫,2026-08-14 01:41:46,25554.0,3654.0,1457.0,2656.0,36.0,36.0,226.0,1.0,
2026-08-25 03:00:03,BV1b5uf6gEhd,50,BV1b5uf6gEhd,【杨博文】100ways丨直拍双机位丨8.13&14两日精剪,Kismet丨杨博文,2026-08-14 04:12:18,16868.0,2651.0,831.0,1813.0,18.0,17.0,89.0,1.0,
2026-08-25 03:00:03,BV1vCuf6nErK,51,BV1vCuf6nErK,【杨博文】100ways 4k直拍｜力量感爆发气场全开,游园会_杨博文,2026-08-14 03:20:46,13314.0,2243.0,605.0,1594.0,11.0,19.0,40.0,1.0,
2026-08-25 03:00:03,BV16zgA6zEkE,52,BV16zgA6zEkE,【杨博文｜4K】Whiplash 四机位精剪直拍,Eternity丨杨博文,2026-08-14 11:25:47,17793.0,4565.0,1064.0,1909.0,33.0,64.0,170.0,1.0,
2026-08-25 03:00:03,BV1Gigw6XEXN,53,BV1Gigw6XEXN,杨博文｜醉拳 3机位精剪 直拍 fancam｜4K60｜260813,LOST_杨博文,2026-08-14 13:11:22,30957.0,4880.0,2350.0,2814.0,1742.0,56.0,295.0,1.0,
2026-08-25 03:00:03,BV1k9gw6gE4U,54,BV1k9gw6gE4U,「杨博文｜爱的初体验」是不是我的十六岁 注定要为__流泪,Astra_杨博文,2026-08-14 13:49:20,18083.0,2351.0,637.0,1489.0,21.0,13.0,94.0,1.0,
2026-08-25 03:30:03,https://www.bilibili.com/video/BV1GdgW6JEe9/?spm_id_from=333.1387.favlist.content.click&vd_source=406d0cf895bedbdc58a3d0130d55e34c,0,BV1GdgW6JEe9,【杨博文｜4k直拍】Whiplash 双日直拍混剪,关键时刻来瓶尖叫,2026-08-13 23:45:41,222138.0,28158.0,22843.0,21544.0,7013.0,4693.0,8178.0,11.0,
2026-08-25 03:30:03,https://www.bilibili.com/video/BV1W5gs6KEhr/?spm_id_from=333.1387.favlist.content.click&vd_source=406d0cf895bedbdc58a3d0130d55e34c,1,BV1W5gs6KEhr,【4K精剪】异常加载中 | 杨博文直拍 | 260813,underthepoplar,2026-08-13 22:44:57,185354.0,23380.0,15822.0,17330.0,6307.0,7386.0,8620.0,11.0,
2026-08-25 03:30:03,https://www.bilibili.com/video/BV1VFbd6QEjw/spm_id_from=333.1387.favlist.content.click&vd_source=406d0cf895bedbdc58a3d0130d55e34c,2,BV1VFbd6QEjw,【杨博文｜4k直拍】管他什么音乐 直拍,关键时刻来瓶尖叫,2026-08-16 23:08:52,85269.0,6010.0,3549.0,4653.0,2681.0,562.0,18.0,8.0,
2026-08-25 03:30:03,https://www.bilibili.com/video/BV1xebR6zEkr/?spm_id_from=333.1387.favlist.content.click&vd_source=406d0cf895bedbdc58a3d0130d55e34c,3,BV1xebR6zEkr,【4K精剪】Attention | 杨博文直拍 | 260816,underthepoplar,2026-08-16 23:54:18,185946.0,16297.0,10325.0,13501.0,3182.0,1719.0,2805.0,16.0,
2026-08-25 03:30:03,https://www.bilibili.com/video/BV1s3gs6MEej/?spm_id_from=333.1387.favlist.content.click&vd_source=406d0cf895bedbdc58a3d0130d55e34c,4,BV1s3gs6MEej,【杨博文｜4k直拍】爱的初体验 直拍,关键时刻来瓶尖叫,2026-08-13 22:46:37,118107.0,12723.0,6758.0,9816.0,3476.0,523.0,2522.0,8.0,
2026-08-25 03:30:03,https://www.bilibili.com/video/BV1E2bR6hEJR/?spm_id_from=333.1387.favlist.content.click&vd_source=406d0cf895bedbdc58a3d0130d55e34c,5,BV1E2bR6hEJR,【杨博文】Attention丨直拍横屏丨16岁高中生内娱主舞的舞台掌控力丨8.16双机位4k精剪,Kismet丨杨博文,2026-08-16 22:13:05,259106.0,28516.0,14100.0,19909.0,4396.0,9687.0,11640.0,181.0,
2026-08-25 03:30:03,https://www.bilibili.com/video/BV1Rib96EE3F/?spm_id_from=333.1387.favlist.content.click&vd_source=406d0cf895bedbdc58a3d0130d55e34c,6,BV1Rib96EE3F,260816 【杨博文】春雪  竖屏4k直拍,meetsummer丨杨博文,2026-08-17 01:54:42,44225.0,8886.0,3512.0,4773.0,1856.0,722.0,736.0,8.0,
2026-08-25 03:30:03,https://www.bilibili.com/video/BV18jgg6BEAd/?spm_id_from=333.1387.favlist.content.click&vd_source=406d0cf895bedbdc58a3d0130d55e34c,7,BV18jgg6BEAd,【4K精剪】摇曳！摇曳！ | 杨博文直拍 | 260813 & 260814,underthepoplar,2026-08-15 13:26:46,69698.0,10108.0,7258.0,6670.0,2894.0,461.0,1147.0,11.0,
2026-08-25 03:30:03,https://www.bilibili.com/video/BV1A5vkB2E1k/?spm_id_from=333.1387.favlist.content.click&vd_source=406d0cf895bedbdc58a3d0130d55e34c,8,BV1A5vkB2E1k,【杨博文】Hey Mama六机位纯舞直拍丨15岁舞台统治者的诞生，四代主舞燃炸全场！,Kismet丨杨博文,2025-12-28 22:28:16,2809871.0,65681.0,45904.0,48016.0,27859.0,13671.0,22017.0,1.0,
2026-08-25 03:30:03,https://www.bilibili.com/video/BV1mJ64BREZY/?spm_id_from=333.337.search-card.all.click&vd_source=406d0cf895bedbdc58a3d0130d55e34c,9,BV1mJ64BREZY,【杨博文】闭嘴跳舞丨当主舞穿上西装就会得到,Kismet丨杨博文,2026-02-01 18:31:00,622190.0,35178.0,4039.0,25443.0,8600.0,447.0,654.0,1.0,
2026-08-25 03:30:03,BV1Qu816ZEoy,10,BV1Qu816ZEoy,测试用，勿点，谢谢,猫球不是毛球啊,2026-08-22 16:55:19,165.0,2.0,0.0,0.0,0.0,0.0,0.0,1.0,
2026-08-25 03:30:03,BV1Vd8B65EkU,11,BV1Vd8B65EkU,0822.3,dddddash6,2026-08-21 21:49:36,113.0,0.0,0.0,1.0,0.0,0.0,0.0,1.0,
2026-08-25 03:30:03,BV1fT8S61Ejo,12,BV1fT8S61Ejo,十一（23）,爱动手的法学生,2026-08-22 23:46:38,124.0,0.0,0.0,0.0,0.0,0.0,0.0,1.0,
2026-08-25 03:30:03,BV1bf816sE8P,13,BV1bf816sE8P,自测，误点,橙子小姐_sheep,2026-08-22 14:38:54,157.0,0.0,0.0,2.0,0.0,0.0,0.0,1.0,
2026-08-25 03:30:03,BV1Te8K6uEJt,14,BV1Te8K6uEJt,勿进勿进勿进！自测 安卓0821,cannndy_,2026-08-21 08:57:55,162.0,0.0,0.0,1.0,0.0,0.0,0.0,1.0,
2026-08-25 03:30:03,BV1au816oEjs,15,BV1au816oEjs,手机自测,熙熙哈哈oO,2026-08-22 16:55:10,217.0,0.0,0.0,0.0,0.0,0.0,0.0,1.0,
2026-08-25 03:30:03,BV1qw816eE1d,16,BV1qw816eE1d,8.22 自测视频 勿点,dgsaydhakjdhjk,2026-08-22 16:56:23,339.0,0.0,0.0,0.0,0.0,0.0,0.0,1.0,
2026-08-25 03:30:03,BV1ci8163ECY,17,BV1ci8163ECY,自测勿点,不完美是常态_,2026-08-22 15:39:32,50.0,0.0,0.0,0.0,0.0,0.0,0.0,1.0,
2026-08-25 03:30:03,BV1dw816YEau,18,,失败,,,,,,,,,,,62012.0
2026-08-25 03:30:03,BV1jg8S6yEuV,19,BV1jg8S6yEuV,自测视频,only筱筱,2026-08-22 23:58:01,243.0,1.0,0.0,0.0,0.0,0.0,0.0,1.0,
2026-08-25 03:30:03,BV1z6816qEbo,20,BV1z6816qEbo,自用,dddii点点,2026-08-22 16:38:15,229.0,1.0,0.0,0.0,0.0,0.0,0.0,1.0,
2026-08-25 03:30:03,BV1eM8168E9p,21,BV1eM8168E9p,自测勿点！！！！,dd鱿鱼须,2026-08-22 16:39:08,180.0,0.0,0.0,1.0,0.0,0.0,0.0,1.0,
2026-08-25 03:30:03,BV14i8M61EdN,22,BV14i8M61EdN,sz,我素质低你让让我,2026-08-21 12:22:44,258.0,0.0,0.0,0.0,0.0,0.0,0.0,1.0,
2026-08-25 03:30:03,BV12A826QEK4,23,BV12A826QEK4,自测 禁点,哈哈哈哈哈11_,2026-08-22 15:15:37,96.0,0.0,0.0,0.0,0.0,0.0,0.0,1.0,
2026-08-25 03:30:03,BV1St8S6wE33,24,BV1St8S6wE33,自测哦,半夏哒哒哒,2026-08-23 00:18:35,123.0,0.0,0.0,0.0,0.0,0.0,0.0,1.0,
2026-08-25 03:30:03,BV1bwbh65Eh7,25,BV1bwbh65Eh7,自测视频！勿点0817,摸鱼堡成员,2026-08-17 09:36:15,406.0,1.0,0.0,0.0,0.0,0.0,0.0,1.0,
2026-08-25 03:30:03,BV15B8r6WEQ3,26,BV15B8r6WEQ3,8.22自测勿点,刘海打歪了,2026-08-22 09:19:46,53.0,0.0,0.0,0.0,0.0,0.0,0.0,1.0,
2026-08-25 03:30:03,BV1ET8S62EvB,27,BV1ET8S62EvB,【牛小Bala】视频已打包，欢迎围观！,牛小Bala,2026-08-22 23:47:03,144.0,0.0,0.0,0.0,0.0,0.0,0.0,1.0,
2026-08-25 03:30:03,BV1kS8y6kEA8,28,BV1kS8y6kEA8,自测 勿点,MENYAOOO,2026-08-22 18:41:15,181.0,0.0,0.0,0.0,0.0,0.0,0.0,1.0,
2026-08-25 03:30:03,BV1pX8y66ELf,29,BV1pX8y66ELf,自测请勿点击,风枷锁,2026-08-22 18:47:46,187.0,1.0,0.0,1.0,0.0,0.0,0.0,1.0,
2026-08-25 03:30:03,BV1uz8y6JEAr,30,BV1uz8y6JEAr,【起司不是qs】第一支视频求三连！,起司不是qs,2026-08-22 18:20:23,180.0,0.0,0.0,0.0,0.0,0.0,0.0,1.0,
2026-08-25 03:30:03,BV1mx8m6REbb,31,BV1mx8m6REbb,自测,甜奶味羊咩,2026-08-22 20:49:17,42.0,0.0,0.0,0.0,0.0,0.0,0.0,1.0,
2026-08-25 03:30:03,BV1du8S65E6x,32,BV1du8S65E6x,测测测,羊咩_0601,2026-08-23 00:02:02,53.0,0.0,0.0,0.0,0.0,0.0,0.0,1.0,
2026-08-25 03:30:03,BV1hn8m6FEcd,33,BV1hn8m6FEcd,自测勿点,哇哦哦噢噢噢哦,2026-08-22 21:06:21,33.0,0.0,0.0,0.0,0.0,0.0,0.0,1.0,
2026-08-25 03:30:03,BV1DE8m68E2D,34,,失败,,,,,,,,,,,62012.0
2026-08-25 03:30:03,BV1jM8m6MEoA,35,BV1jM8m6MEoA,自测，勿点进,Camellia不是cc,2026-08-22 20:29:58,9.0,0.0,0.0,1.0,0.0,0.0,0.0,1.0,
2026-08-25 03:30:03,BV1gE8m6hEJ2,36,BV1gE8m6hEJ2,自测勿点,萌羊叫眠羊,2026-08-22 21:11:17,5.0,0.0,0.0,0.0,0.0,0.0,0.0,1.0,
2026-08-25 03:30:03,BV15V8S6kEYA,37,BV15V8S6kEYA,自测,kuaiqushuijiaoba,2026-08-22 23:32:08,29.0,0.0,0.0,0.0,0.0,0.0,0.0,1.0,
2026-08-25 03:30:03,BV1vG8S6VEgc,38,BV1vG8S6VEgc,8.23自测,萌是天生命TvT,2026-08-22 23:34:07,176.0,0.0,0.0,1.0,0.0,0.0,0.0,1.0,
2026-08-25 03:30:03,BV1Zg8S6CEu5,39,BV1Zg8S6CEu5,自测勿点3,北纬咩雪刊,2026-08-22 23:54:46,57.0,0.0,0.0,0.0,0.0,0.0,0.0,1.0,
2026-08-25 03:30:03,BV1s8BvBPEN5,40,BV1s8BvBPEN5,【杨博文｜4K舞台直拍】好运来祝你好运来～博文宝宝祝你新年好运来,关键时刻来瓶尖叫,2025-12-27 00:43:12,1915631.0,35055.0,17128.0,32456.0,19591.0,4339.0,4874.0,1.0,
2026-08-25 03:30:03,BV1XA6nBGEPV,41,BV1XA6nBGEPV,【4K精剪】希区考克 作品152 | 杨博文直拍 | 260131,underthepoplar,2026-02-01 00:23:17,1945856.0,24097.0,22524.0,20192.0,19011.0,4021.0,6938.0,1.0,
2026-08-25 03:30:03,BV1Phbr6NE8u,42,BV1Phbr6NE8u,【杨博文｜4K多机位直拍】管他什么音乐,Eternity丨杨博文,2026-08-18 12:37:02,1857.0,578.0,176.0,206.0,3.0,9.0,8.0,1.0,
2026-08-25 03:30:03,BV1mX8z6NEzz,43,BV1mX8z6NEzz,【4K精剪】管他什么音乐 | 杨博文直拍 | 260816,underthepoplar,2026-08-22 04:21:09,9476.0,2374.0,1330.0,1173.0,32.0,45.0,67.0,2.0,
2026-08-25 03:30:03,BV1qHbb6QErY,44,BV1qHbb6QErY,杨博文｜260816第肆象限attention<4k精剪>,61strawberry,2026-08-17 06:33:44,8415.0,1535.0,398.0,1047.0,7.0,10.0,16.0,1.0,
2026-08-25 03:30:03,BV1hibB6PEH5,45,BV1hibB6PEH5,【杨博文｜4k直拍】《春雪》我想爱你浅浅不停息～,关键时刻来瓶尖叫,2026-08-18 02:28:40,11776.0,2016.0,426.0,1221.0,4.0,19.0,67.0,2.0,
2026-08-25 03:30:03,BV1N6bi6XE5B,46,BV1N6bi6XE5B,【杨博文】骨骼谢幕丨横屏直拍丨三机位4k字幕版,Kismet丨杨博文,2026-08-17 22:20:49,41075.0,5083.0,1678.0,3280.0,1416.0,72.0,456.0,2.0,
2026-08-25 03:30:03,BV1Gggg6kEhv,47,BV1Gggg6kEhv,【杨博文｜4k直拍】溜溜的她 直拍,关键时刻来瓶尖叫,2026-08-15 05:41:55,56654.0,6012.0,1235.0,3945.0,26.0,20.0,152.0,1.0,
2026-08-25 03:30:03,BV15egs6pEJp,48,BV15egs6pEJp,杨博文｜Whiplash 2机位精剪 直拍 fancam｜4K60｜260813,LOST_杨博文,2026-08-13 23:03:07,83712.0,8110.0,1877.0,6054.0,61.0,69.0,243.0,2.0,
2026-08-25 03:30:03,BV1rqgW6hEvv,49,BV1rqgW6hEvv,【杨博文｜4k直拍】100Ways 直拍,关键时刻来瓶尖叫,2026-08-14 01:41:46,25572.0,3655.0,1457.0,2656.0,36.0,36.0,226.0,2.0,
2026-08-25 03:30:03,BV1b5uf6gEhd,50,BV1b5uf6gEhd,【杨博文】100ways丨直拍双机位丨8.13&14两日精剪,Kismet丨杨博文,2026-08-14 04:12:18,16873.0,2651.0,831.0,1813.0,18.0,17.0,89.0,1.0,
2026-08-25 03:30:03,BV1vCuf6nErK,51,BV1vCuf6nErK,【杨博文】100ways 4k直拍｜力量感爆发气场全开,游园会_杨博文,2026-08-14 03:20:46,13315.0,2243.0,605.0,1594.0,11.0,19.0,40.0,1.0,
2026-08-25 03:30:03,BV16zgA6zEkE,52,BV16zgA6zEkE,【杨博文｜4K】Whiplash 四机位精剪直拍,Eternity丨杨博文,2026-08-14 11:25:47,17809.0,4567.0,1064.0,1911.0,33.0,64.0,170.0,2.0,
2026-08-25 03:30:03,BV1Gigw6XEXN,53,BV1Gigw6XEXN,杨博文｜醉拳 3机位精剪 直拍 fancam｜4K60｜260813,LOST_杨博文,2026-08-14 13:11:22,30971.0,4880.0,2350.0,2814.0,1742.0,56.0,295.0,1.0,
2026-08-25 03:30:03,BV1k9gw6gE4U,54,BV1k9gw6gE4U,「杨博文｜爱的初体验」是不是我的十六岁 注定要为__流泪,Astra_杨博文,2026-08-14 13:49:20,18093.0,2351.0,637.0,1489.0,21.0,13.0,94.0,2.0,
2026-08-25 04:00:04,https://www.bilibili.com/video/BV1GdgW6JEe9/?spm_id_from=333.1387.favlist.content.click&vd_source=406d0cf895bedbdc58a3d0130d55e34c,0,BV1GdgW6JEe9,【杨博文｜4k直拍】Whiplash 双日直拍混剪,关键时刻来瓶尖叫,2026-08-13 23:45:41,222197.0,28159.0,22843.0,21543.0,7013.0,4693.0,8178.0,12.0,
2026-08-25 04:00:04,https://www.bilibili.com/video/BV1W5gs6KEhr/?spm_id_from=333.1387.favlist.content.click&vd_source=406d0cf895bedbdc58a3d0130d55e34c,1,BV1W5gs6KEhr,【4K精剪】异常加载中 | 杨博文直拍 | 260813,underthepoplar,2026-08-13 22:44:57,185403.0,23380.0,15822.0,17329.0,6307.0,7386.0,8620.0,11.0,
2026-08-25 04:00:04,https://www.bilibili.com/video/BV1VFbd6QEjw/spm_id_from=333.1387.favlist.content.click&vd_source=406d0cf895bedbdc58a3d0130d55e34c,2,BV1VFbd6QEjw,【杨博文｜4k直拍】管他什么音乐 直拍,关键时刻来瓶尖叫,2026-08-16 23:08:52,85272.0,6010.0,3549.0,4653.0,2681.0,562.0,18.0,9.0,
2026-08-25 04:00:04,https://www.bilibili.com/video/BV1xebR6zEkr/?spm_id_from=333.1387.favlist.content.click&vd_source=406d0cf895bedbdc58a3d0130d55e34c,3,BV1xebR6zEkr,【4K精剪】Attention | 杨博文直拍 | 260816,underthepoplar,2026-08-16 23:54:18,185998.0,16297.0,10325.0,13500.0,3182.0,1719.0,2805.0,10.0,
2026-08-25 04:00:04,https://www.bilibili.com/video/BV1s3gs6MEej/?spm_id_from=333.1387.favlist.content.click&vd_source=406d0cf895bedbdc58a3d0130d55e34c,4,BV1s3gs6MEej,【杨博文｜4k直拍】爱的初体验 直拍,关键时刻来瓶尖叫,2026-08-13 22:46:37,118146.0,12723.0,6758.0,9815.0,3476.0,523.0,2522.0,11.0,
2026-08-25 04:00:04,https://www.bilibili.com/video/BV1E2bR6hEJR/?spm_id_from=333.1387.favlist.content.click&vd_source=406d0cf895bedbdc58a3d0130d55e34c,5,BV1E2bR6hEJR,【杨博文】Attention丨直拍横屏丨16岁高中生内娱主舞的舞台掌控力丨8.16双机位4k精剪,Kismet丨杨博文,2026-08-16 22:13:05,259206.0,28519.0,14102.0,19912.0,4396.0,9687.0,11640.0,181.0,
2026-08-25 04:00:04,https://www.bilibili.com/video/BV1Rib96EE3F/?spm_id_from=333.1387.favlist.content.click&vd_source=406d0cf895bedbdc58a3d0130d55e34c,6,BV1Rib96EE3F,260816 【杨博文】春雪  竖屏4k直拍,meetsummer丨杨博文,2026-08-17 01:54:42,44270.0,8887.0,3512.0,4773.0,1856.0,722.0,736.0,7.0,
2026-08-25 04:00:04,https://www.bilibili.com/video/BV18jgg6BEAd/?spm_id_from=333.1387.favlist.content.click&vd_source=406d0cf895bedbdc58a3d0130d55e34c,7,BV18jgg6BEAd,【4K精剪】摇曳！摇曳！ | 杨博文直拍 | 260813 & 260814,underthepoplar,2026-08-15 13:26:46,69706.0,10109.0,7258.0,6671.0,2894.0,461.0,1147.0,10.0,
2026-08-25 04:00:04,https://www.bilibili.com/video/BV1A5vkB2E1k/?spm_id_from=333.1387.favlist.content.click&vd_source=406d0cf895bedbdc58a3d0130d55e34c,8,BV1A5vkB2E1k,【杨博文】Hey Mama六机位纯舞直拍丨15岁舞台统治者的诞生，四代主舞燃炸全场！,Kismet丨杨博文,2025-12-28 22:28:16,2809882.0,65681.0,45904.0,48016.0,27859.0,13671.0,22017.0,1.0,
2026-08-25 04:00:04,https://www.bilibili.com/video/BV1mJ64BREZY/?spm_id_from=333.337.search-card.all.click&vd_source=406d0cf895bedbdc58a3d0130d55e34c,9,BV1mJ64BREZY,【杨博文】闭嘴跳舞丨当主舞穿上西装就会得到,Kismet丨杨博文,2026-02-01 18:31:00,622191.0,35178.0,4039.0,25443.0,8600.0,447.0,654.0,1.0,
2026-08-25 04:00:04,BV1Qu816ZEoy,10,BV1Qu816ZEoy,测试用，勿点，谢谢,猫球不是毛球啊,2026-08-22 16:55:19,165.0,2.0,0.0,0.0,0.0,0.0,0.0,1.0,
2026-08-25 04:00:04,BV1Vd8B65EkU,11,BV1Vd8B65EkU,0822.3,dddddash6,2026-08-21 21:49:36,113.0,0.0,0.0,1.0,0.0,0.0,0.0,1.0,
2026-08-25 04:00:04,BV1fT8S61Ejo,12,BV1fT8S61Ejo,十一（23）,爱动手的法学生,2026-08-22 23:46:38,125.0,0.0,0.0,0.0,0.0,0.0,0.0,1.0,
2026-08-25 04:00:04,BV1bf816sE8P,13,BV1bf816sE8P,自测，误点,橙子小姐_sheep,2026-08-22 14:38:54,157.0,0.0,0.0,2.0,0.0,0.0,0.0,1.0,
2026-08-25 04:00:04,BV1Te8K6uEJt,14,BV1Te8K6uEJt,勿进勿进勿进！自测 安卓0821,cannndy_,2026-08-21 08:57:55,162.0,0.0,0.0,1.0,0.0,0.0,0.0,1.0,
2026-08-25 04:00:04,BV1au816oEjs,15,BV1au816oEjs,手机自测,熙熙哈哈oO,2026-08-22 16:55:10,221.0,0.0,0.0,0.0,0.0,0.0,0.0,1.0,
2026-08-25 04:00:04,BV1qw816eE1d,16,BV1qw816eE1d,8.22 自测视频 勿点,dgsaydhakjdhjk,2026-08-22 16:56:23,339.0,0.0,0.0,0.0,0.0,0.0,0.0,1.0,
2026-08-25 04:00:04,BV1ci8163ECY,17,BV1ci8163ECY,自测勿点,不完美是常态_,2026-08-22 15:39:32,50.0,0.0,0.0,0.0,0.0,0.0,0.0,1.0,
2026-08-25 04:00:04,BV1dw816YEau,18,,失败,,,,,,,,,,,62012.0
2026-08-25 04:00:04,BV1jg8S6yEuV,19,BV1jg8S6yEuV,自测视频,only筱筱,2026-08-22 23:58:01,243.0,1.0,0.0,0.0,0.0,0.0,0.0,1.0,
2026-08-25 04:00:04,BV1z6816qEbo,20,BV1z6816qEbo,自用,dddii点点,2026-08-22 16:38:15,229.0,1.0,0.0,0.0,0.0,0.0,0.0,1.0,
2026-08-25 04:00:04,BV1eM8168E9p,21,BV1eM8168E9p,自测勿点！！！！,dd鱿鱼须,2026-08-22 16:39:08,180.0,0.0,0.0,1.0,0.0,0.0,0.0,1.0,
2026-08-25 04:00:04,BV14i8M61EdN,22,BV14i8M61EdN,sz,我素质低你让让我,2026-08-21 12:22:44,258.0,0.0,0.0,0.0,0.0,0.0,0.0,1.0,
2026-08-25 04:00:04,BV12A826QEK4,23,BV12A826QEK4,自测 禁点,哈哈哈哈哈11_,2026-08-22 15:15:37,96.0,0.0,0.0,0.0,0.0,0.0,0.0,1.0,
2026-08-25 04:00:04,BV1St8S6wE33,24,BV1St8S6wE33,自测哦,半夏哒哒哒,2026-08-23 00:18:35,127.0,0.0,0.0,0.0,0.0,0.0,0.0,1.0,
2026-08-25 04:00:04,BV1bwbh65Eh7,25,BV1bwbh65Eh7,自测视频！勿点0817,摸鱼堡成员,2026-08-17 09:36:15,406.0,1.0,0.0,0.0,0.0,0.0,0.0,1.0,
2026-08-25 04:00:04,BV15B8r6WEQ3,26,BV15B8r6WEQ3,8.22自测勿点,刘海打歪了,2026-08-22 09:19:46,53.0,0.0,0.0,0.0,0.0,0.0,0.0,1.0,
2026-08-25 04:00:04,BV1ET8S62EvB,27,BV1ET8S62EvB,【牛小Bala】视频已打包，欢迎围观！,牛小Bala,2026-08-22 23:47:03,144.0,0.0,0.0,0.0,0.0,0.0,0.0,1.0,
2026-08-25 04:00:04,BV1kS8y6kEA8,28,BV1kS8y6kEA8,自测 勿点,MENYAOOO,2026-08-22 18:41:15,181.0,0.0,0.0,0.0,0.0,0.0,0.0,1.0,
2026-08-25 04:00:04,BV1pX8y66ELf,29,BV1pX8y66ELf,自测请勿点击,风枷锁,2026-08-22 18:47:46,187.0,1.0,0.0,1.0,0.0,0.0,0.0,1.0,
2026-08-25 04:00:04,BV1uz8y6JEAr,30,BV1uz8y6JEAr,【起司不是qs】第一支视频求三连！,起司不是qs,2026-08-22 18:20:23,180.0,0.0,0.0,0.0,0.0,0.0,0.0,1.0,
2026-08-25 04:00:04,BV1mx8m6REbb,31,BV1mx8m6REbb,自测,甜奶味羊咩,2026-08-22 20:49:17,42.0,0.0,0.0,0.0,0.0,0.0,0.0,1.0,
2026-08-25 04:00:04,BV1du8S65E6x,32,BV1du8S65E6x,测测测,羊咩_0601,2026-08-23 00:02:02,53.0,0.0,0.0,0.0,0.0,0.0,0.0,1.0,
2026-08-25 04:00:04,BV1hn8m6FEcd,33,BV1hn8m6FEcd,自测勿点,哇哦哦噢噢噢哦,2026-08-22 21:06:21,33.0,0.0,0.0,0.0,0.0,0.0,0.0,1.0,
2026-08-25 04:00:04,BV1DE8m68E2D,34,,失败,,,,,,,,,,,62012.0
2026-08-25 04:00:04,BV1jM8m6MEoA,35,BV1jM8m6MEoA,自测，勿点进,Camellia不是cc,2026-08-22 20:29:58,9.0,0.0,0.0,1.0,0.0,0.0,0.0,1.0,
2026-08-25 04:00:04,BV1gE8m6hEJ2,36,BV1gE8m6hEJ2,自测勿点,萌羊叫眠羊,2026-08-22 21:11:17,5.0,0.0,0.0,0.0,0.0,0.0,0.0,1.0,
2026-08-25 04:00:04,BV15V8S6kEYA,37,BV15V8S6kEYA,自测,kuaiqushuijiaoba,2026-08-22 23:32:08,29.0,0.0,0.0,0.0,0.0,0.0,0.0,1.0,
2026-08-25 04:00:04,BV1vG8S6VEgc,38,BV1vG8S6VEgc,8.23自测,萌是天生命TvT,2026-08-22 23:34:07,176.0,0.0,0.0,1.0,0.0,0.0,0.0,1.0,
2026-08-25 04:00:04,BV1Zg8S6CEu5,39,BV1Zg8S6CEu5,自测勿点3,北纬咩雪刊,2026-08-22 23:54:46,57.0,0.0,0.0,0.0,0.0,0.0,0.0,1.0,
2026-08-25 04:00:04,BV1s8BvBPEN5,40,BV1s8BvBPEN5,【杨博文｜4K舞台直拍】好运来祝你好运来～博文宝宝祝你新年好运来,关键时刻来瓶尖叫,2025-12-27 00:43:12,1915631.0,35055.0,17128.0,32456.0,19591.0,4339.0,4874.0,1.0,
2026-08-25 04:00:04,BV1XA6nBGEPV,41,BV1XA6nBGEPV,【4K精剪】希区考克 作品152 | 杨博文直拍 | 260131,underthepoplar,2026-02-01 00:23:17,1945860.0,24097.0,22524.0,20192.0,19011.0,4021.0,6938.0,1.0,
2026-08-25 04:00:04,BV1Phbr6NE8u,42,BV1Phbr6NE8u,【杨博文｜4K多机位直拍】管他什么音乐,Eternity丨杨博文,2026-08-18 12:37:02,1857.0,578.0,176.0,206.0,3.0,9.0,8.0,1.0,
2026-08-25 04:00:04,BV1mX8z6NEzz,43,BV1mX8z6NEzz,【4K精剪】管他什么音乐 | 杨博文直拍 | 260816,underthepoplar,2026-08-22 04:21:09,9492.0,2376.0,1330.0,1174.0,32.0,45.0,67.0,1.0,
2026-08-25 04:00:04,BV1qHbb6QErY,44,BV1qHbb6QErY,杨博文｜260816第肆象限attention<4k精剪>,61strawberry,2026-08-17 06:33:44,8427.0,1535.0,398.0,1047.0,7.0,10.0,16.0,1.0,
2026-08-25 04:00:04,BV1hibB6PEH5,45,BV1hibB6PEH5,【杨博文｜4k直拍】《春雪》我想爱你浅浅不停息～,关键时刻来瓶尖叫,2026-08-18 02:28:40,11791.0,2016.0,426.0,1221.0,4.0,19.0,67.0,1.0,
2026-08-25 04:00:04,BV1N6bi6XE5B,46,BV1N6bi6XE5B,【杨博文】骨骼谢幕丨横屏直拍丨三机位4k字幕版,Kismet丨杨博文,2026-08-17 22:20:49,41091.0,5083.0,1678.0,3280.0,1416.0,72.0,456.0,2.0,
2026-08-25 04:00:04,BV1Gggg6kEhv,47,BV1Gggg6kEhv,【杨博文｜4k直拍】溜溜的她 直拍,关键时刻来瓶尖叫,2026-08-15 05:41:55,56660.0,6013.0,1235.0,3945.0,26.0,20.0,152.0,1.0,
2026-08-25 04:00:04,BV15egs6pEJp,48,BV15egs6pEJp,杨博文｜Whiplash 2机位精剪 直拍 fancam｜4K60｜260813,LOST_杨博文,2026-08-13 23:03:07,83728.0,8111.0,1877.0,6054.0,61.0,69.0,243.0,1.0,
2026-08-25 04:00:04,BV1rqgW6hEvv,49,BV1rqgW6hEvv,【杨博文｜4k直拍】100Ways 直拍,关键时刻来瓶尖叫,2026-08-14 01:41:46,25586.0,3655.0,1457.0,2656.0,36.0,36.0,226.0,1.0,
2026-08-25 04:00:04,BV1b5uf6gEhd,50,BV1b5uf6gEhd,【杨博文】100ways丨直拍双机位丨8.13&14两日精剪,Kismet丨杨博文,2026-08-14 04:12:18,16876.0,2652.0,831.0,1813.0,18.0,17.0,89.0,1.0,
2026-08-25 04:00:04,BV1vCuf6nErK,51,BV1vCuf6nErK,【杨博文】100ways 4k直拍｜力量感爆发气场全开,游园会_杨博文,2026-08-14 03:20:46,13317.0,2244.0,605.0,1594.0,11.0,19.0,40.0,1.0,
2026-08-25 04:00:04,BV16zgA6zEkE,52,BV16zgA6zEkE,【杨博文｜4K】Whiplash 四机位精剪直拍,Eternity丨杨博文,2026-08-14 11:25:47,17826.0,4568.0,1064.0,1911.0,33.0,64.0,170.0,1.0,
2026-08-25 04:00:04,BV1Gigw6XEXN,53,BV1Gigw6XEXN,杨博文｜醉拳 3机位精剪 直拍 fancam｜4K60｜260813,LOST_杨博文,2026-08-14 13:11:22,30985.0,4881.0,2352.0,2814.0,1742.0,56.0,295.0,1.0,
2026-08-25 04:00:04,BV1k9gw6gE4U,54,BV1k9gw6gE4U,「杨博文｜爱的初体验」是不是我的十六岁 注定要为__流泪,Astra_杨博文,2026-08-14 13:49:20,18106.0,2352.0,637.0,1489.0,21.0,13.0,94.0,2.0,
2026-08-25 04:30:04,https://www.bilibili.com/video/BV1GdgW6JEe9/?spm_id_from=333.1387.favlist.content.click&vd_source=406d0cf895bedbdc58a3d0130d55e34c,0,BV1GdgW6JEe9,【杨博文｜4k直拍】Whiplash 双日直拍混剪,关键时刻来瓶尖叫,2026-08-13 23:45:41,222265.0,28160.0,22843.0,21545.0,7013.0,4693.0,8178.0,11.0,
2026-08-25 04:30:04,https://www.bilibili.com/video/BV1W5gs6KEhr/?spm_id_from=333.1387.favlist.content.click&vd_source=406d0cf895bedbdc58a3d0130d55e34c,1,BV1W5gs6KEhr,【4K精剪】异常加载中 | 杨博文直拍 | 260813,underthepoplar,2026-08-13 22:44:57,185454.0,23380.0,15822.0,17330.0,6307.0,7386.0,8620.0,11.0,
2026-08-25 04:30:04,https://www.bilibili.com/video/BV1VFbd6QEjw/spm_id_from=333.1387.favlist.content.click&vd_source=406d0cf895bedbdc58a3d0130d55e34c,2,BV1VFbd6QEjw,【杨博文｜4k直拍】管他什么音乐 直拍,关键时刻来瓶尖叫,2026-08-16 23:08:52,85274.0,6010.0,3549.0,4653.0,2681.0,562.0,18.0,10.0,
2026-08-25 04:30:04,https://www.bilibili.com/video/BV1xebR6zEkr/?spm_id_from=333.1387.favlist.content.click&vd_source=406d0cf895bedbdc58a3d0130d55e34c,3,BV1xebR6zEkr,【4K精剪】Attention | 杨博文直拍 | 260816,underthepoplar,2026-08-16 23:54:18,186045.0,16297.0,10327.0,13500.0,3182.0,1719.0,2805.0,8.0,
2026-08-25 04:30:04,https://www.bilibili.com/video/BV1s3gs6MEej/?spm_id_from=333.1387.favlist.content.click&vd_source=406d0cf895bedbdc58a3d0130d55e34c,4,BV1s3gs6MEej,【杨博文｜4k直拍】爱的初体验 直拍,关键时刻来瓶尖叫,2026-08-13 22:46:37,118184.0,12723.0,6758.0,9815.0,3476.0,523.0,2522.0,9.0,
2026-08-25 04:30:04,https://www.bilibili.com/video/BV1E2bR6hEJR/?spm_id_from=333.1387.favlist.content.click&vd_source=406d0cf895bedbdc58a3d0130d55e34c,5,BV1E2bR6hEJR,【杨博文】Attention丨直拍横屏丨16岁高中生内娱主舞的舞台掌控力丨8.16双机位4k精剪,Kismet丨杨博文,2026-08-16 22:13:05,259296.0,28521.0,14102.0,19914.0,4396.0,9687.0,11641.0,179.0,
2026-08-25 04:30:04,https://www.bilibili.com/video/BV1Rib96EE3F/?spm_id_from=333.1387.favlist.content.click&vd_source=406d0cf895bedbdc58a3d0130d55e34c,6,BV1Rib96EE3F,260816 【杨博文】春雪  竖屏4k直拍,meetsummer丨杨博文,2026-08-17 01:54:42,44307.0,8889.0,3512.0,4775.0,1856.0,722.0,736.0,8.0,
2026-08-25 04:30:04,https://www.bilibili.com/video/BV18jgg6BEAd/?spm_id_from=333.1387.favlist.content.click&vd_source=406d0cf895bedbdc58a3d0130d55e34c,7,BV18jgg6BEAd,【4K精剪】摇曳！摇曳！ | 杨博文直拍 | 260813 & 260814,underthepoplar,2026-08-15 13:26:46,69718.0,10109.0,7258.0,6671.0,2894.0,461.0,1147.0,9.0,
2026-08-25 04:30:04,https://www.bilibili.com/video/BV1A5vkB2E1k/?spm_id_from=333.1387.favlist.content.click&vd_source=406d0cf895bedbdc58a3d0130d55e34c,8,BV1A5vkB2E1k,【杨博文】Hey Mama六机位纯舞直拍丨15岁舞台统治者的诞生，四代主舞燃炸全场！,Kismet丨杨博文,2025-12-28 22:28:16,2809891.0,65682.0,45904.0,48018.0,27859.0,13671.0,22018.0,1.0,
2026-08-25 04:30:04,https://www.bilibili.com/video/BV1mJ64BREZY/?spm_id_from=333.337.search-card.all.click&vd_source=406d0cf895bedbdc58a3d0130d55e34c,9,BV1mJ64BREZY,【杨博文】闭嘴跳舞丨当主舞穿上西装就会得到,Kismet丨杨博文,2026-02-01 18:31:00,622193.0,35178.0,4039.0,25443.0,8600.0,447.0,654.0,1.0,
2026-08-25 04:30:04,BV1Qu816ZEoy,10,BV1Qu816ZEoy,测试用，勿点，谢谢,猫球不是毛球啊,2026-08-22 16:55:19,165.0,2.0,0.0,0.0,0.0,0.0,0.0,1.0,
2026-08-25 04:30:04,BV1Vd8B65EkU,11,BV1Vd8B65EkU,0822.3,dddddash6,2026-08-21 21:49:36,113.0,0.0,0.0,1.0,0.0,0.0,0.0,1.0,
2026-08-25 04:30:04,BV1fT8S61Ejo,12,BV1fT8S61Ejo,十一（23）,爱动手的法学生,2026-08-22 23:46:38,125.0,0.0,0.0,0.0,0.0,0.0,0.0,1.0,
2026-08-25 04:30:04,BV1bf816sE8P,13,BV1bf816sE8P,自测，误点,橙子小姐_sheep,2026-08-22 14:38:54,157.0,0.0,0.0,2.0,0.0,0.0,0.0,1.0,
2026-08-25 04:30:04,BV1Te8K6uEJt,14,BV1Te8K6uEJt,勿进勿进勿进！自测 安卓0821,cannndy_,2026-08-21 08:57:55,162.0,0.0,0.0,1.0,0.0,0.0,0.0,1.0,
2026-08-25 04:30:04,BV1au816oEjs,15,BV1au816oEjs,手机自测,熙熙哈哈oO,2026-08-22 16:55:10,226.0,0.0,0.0,0.0,0.0,0.0,0.0,1.0,
2026-08-25 04:30:04,BV1qw816eE1d,16,BV1qw816eE1d,8.22 自测视频 勿点,dgsaydhakjdhjk,2026-08-22 16:56:23,339.0,0.0,0.0,0.0,0.0,0.0,0.0,1.0,
2026-08-25 04:30:04,BV1ci8163ECY,17,BV1ci8163ECY,自测勿点,不完美是常态_,2026-08-22 15:39:32,50.0,0.0,0.0,0.0,0.0,0.0,0.0,1.0,
2026-08-25 04:30:04,BV1dw816YEau,18,,失败,,,,,,,,,,,62012.0
2026-08-25 04:30:04,BV1jg8S6yEuV,19,BV1jg8S6yEuV,自测视频,only筱筱,2026-08-22 23:58:01,243.0,1.0,0.0,0.0,0.0,0.0,0.0,1.0,
2026-08-25 04:30:04,BV1z6816qEbo,20,BV1z6816qEbo,自用,dddii点点,2026-08-22 16:38:15,229.0,1.0,0.0,0.0,0.0,0.0,0.0,1.0,
2026-08-25 04:30:04,BV1eM8168E9p,21,BV1eM8168E9p,自测勿点！！！！,dd鱿鱼须,2026-08-22 16:39:08,180.0,0.0,0.0,1.0,0.0,0.0,0.0,1.0,
2026-08-25 04:30:04,BV14i8M61EdN,22,BV14i8M61EdN,sz,我素质低你让让我,2026-08-21 12:22:44,258.0,0.0,0.0,0.0,0.0,0.0,0.0,1.0,
2026-08-25 04:30:04,BV12A826QEK4,23,BV12A826QEK4,自测 禁点,哈哈哈哈哈11_,2026-08-22 15:15:37,96.0,0.0,0.0,0.0,0.0,0.0,0.0,1.0,
2026-08-25 04:30:04,BV1St8S6wE33,24,BV1St8S6wE33,自测哦,半夏哒哒哒,2026-08-23 00:18:35,132.0,0.0,0.0,0.0,0.0,0.0,0.0,1.0,
2026-08-25 04:30:04,BV1bwbh65Eh7,25,BV1bwbh65Eh7,自测视频！勿点0817,摸鱼堡成员,2026-08-17 09:36:15,406.0,1.0,0.0,0.0,0.0,0.0,0.0,1.0,
2026-08-25 04:30:04,BV15B8r6WEQ3,26,BV15B8r6WEQ3,8.22自测勿点,刘海打歪了,2026-08-22 09:19:46,53.0,0.0,0.0,0.0,0.0,0.0,0.0,1.0,
2026-08-25 04:30:04,BV1ET8S62EvB,27,BV1ET8S62EvB,【牛小Bala】视频已打包，欢迎围观！,牛小Bala,2026-08-22 23:47:03,144.0,0.0,0.0,0.0,0.0,0.0,0.0,1.0,
2026-08-25 04:30:04,BV1kS8y6kEA8,28,BV1kS8y6kEA8,自测 勿点,MENYAOOO,2026-08-22 18:41:15,181.0,0.0,0.0,0.0,0.0,0.0,0.0,1.0,
2026-08-25 04:30:04,BV1pX8y66ELf,29,BV1pX8y66ELf,自测请勿点击,风枷锁,2026-08-22 18:47:46,187.0,1.0,0.0,1.0,0.0,0.0,0.0,1.0,
2026-08-25 04:30:04,BV1uz8y6JEAr,30,BV1uz8y6JEAr,【起司不是qs】第一支视频求三连！,起司不是qs,2026-08-22 18:20:23,180.0,0.0,0.0,0.0,0.0,0.0,0.0,1.0,
2026-08-25 04:30:04,BV1mx8m6REbb,31,BV1mx8m6REbb,自测,甜奶味羊咩,2026-08-22 20:49:17,42.0,0.0,0.0,0.0,0.0,0.0,0.0,1.0,
2026-08-25 04:30:04,BV1du8S65E6x,32,BV1du8S65E6x,测测测,羊咩_0601,2026-08-23 00:02:02,53.0,0.0,0.0,0.0,0.0,0.0,0.0,1.0,
2026-08-25 04:30:04,BV1hn8m6FEcd,33,BV1hn8m6FEcd,自测勿点,哇哦哦噢噢噢哦,2026-08-22 21:06:21,33.0,0.0,0.0,0.0,0.0,0.0,0.0,1.0,
2026-08-25 04:30:04,BV1DE8m68E2D,34,,失败,,,,,,,,,,,62012.0
2026-08-25 04:30:04,BV1jM8m6MEoA,35,BV1jM8m6MEoA,自测，勿点进,Camellia不是cc,2026-08-22 20:29:58,9.0,0.0,0.0,1.0,0.0,0.0,0.0,1.0,
2026-08-25 04:30:04,BV1gE8m6hEJ2,36,BV1gE8m6hEJ2,自测勿点,萌羊叫眠羊,2026-08-22 21:11:17,5.0,0.0,0.0,0.0,0.0,0.0,0.0,1.0,
2026-08-25 04:30:04,BV15V8S6kEYA,37,BV15V8S6kEYA,自测,kuaiqushuijiaoba,2026-08-22 23:32:08,29.0,0.0,0.0,0.0,0.0,0.0,0.0,1.0,
2026-08-25 04:30:04,BV1vG8S6VEgc,38,BV1vG8S6VEgc,8.23自测,萌是天生命TvT,2026-08-22 23:34:07,176.0,0.0,0.0,1.0,0.0,0.0,0.0,1.0,
2026-08-25 04:30:04,BV1Zg8S6CEu5,39,BV1Zg8S6CEu5,自测勿点3,北纬咩雪刊,2026-08-22 23:54:46,57.0,0.0,0.0,0.0,0.0,0.0,0.0,1.0,
2026-08-25 04:30:04,BV1s8BvBPEN5,40,BV1s8BvBPEN5,【杨博文｜4K舞台直拍】好运来祝你好运来～博文宝宝祝你新年好运来,关键时刻来瓶尖叫,2025-12-27 00:43:12,1915632.0,35055.0,17128.0,32456.0,19591.0,4339.0,4874.0,1.0,
2026-08-25 04:30:04,BV1XA6nBGEPV,41,BV1XA6nBGEPV,【4K精剪】希区考克 作品152 | 杨博文直拍 | 260131,underthepoplar,2026-02-01 00:23:17,1945865.0,24097.0,22524.0,20193.0,19011.0,4021.0,6938.0,1.0,
2026-08-25 04:30:04,BV1Phbr6NE8u,42,BV1Phbr6NE8u,【杨博文｜4K多机位直拍】管他什么音乐,Eternity丨杨博文,2026-08-18 12:37:02,1857.0,578.0,176.0,206.0,3.0,9.0,8.0,1.0,
2026-08-25 04:30:04,BV1mX8z6NEzz,43,BV1mX8z6NEzz,【4K精剪】管他什么音乐 | 杨博文直拍 | 260816,underthepoplar,2026-08-22 04:21:09,9507.0,2377.0,1330.0,1175.0,32.0,45.0,67.0,1.0,
2026-08-25 04:30:04,BV1qHbb6QErY,44,BV1qHbb6QErY,杨博文｜260816第肆象限attention<4k精剪>,61strawberry,2026-08-17 06:33:44,8439.0,1535.0,398.0,1047.0,7.0,10.0,16.0,1.0,
2026-08-25 04:30:04,BV1hibB6PEH5,45,BV1hibB6PEH5,【杨博文｜4k直拍】《春雪》我想爱你浅浅不停息～,关键时刻来瓶尖叫,2026-08-18 02:28:40,11802.0,2016.0,426.0,1221.0,4.0,19.0,67.0,1.0,
2026-08-25 04:30:04,BV1N6bi6XE5B,46,BV1N6bi6XE5B,【杨博文】骨骼谢幕丨横屏直拍丨三机位4k字幕版,Kismet丨杨博文,2026-08-17 22:20:49,41109.0,5083.0,1678.0,3280.0,1416.0,72.0,456.0,2.0,
2026-08-25 04:30:04,BV1Gggg6kEhv,47,BV1Gggg6kEhv,【杨博文｜4k直拍】溜溜的她 直拍,关键时刻来瓶尖叫,2026-08-15 05:41:55,56665.0,6014.0,1235.0,3945.0,26.0,20.0,152.0,1.0,
2026-08-25 04:30:04,BV15egs6pEJp,48,BV15egs6pEJp,杨博文｜Whiplash 2机位精剪 直拍 fancam｜4K60｜260813,LOST_杨博文,2026-08-13 23:03:07,83743.0,8112.0,1877.0,6054.0,61.0,69.0,243.0,1.0,
2026-08-25 04:30:04,BV1rqgW6hEvv,49,BV1rqgW6hEvv,【杨博文｜4k直拍】100Ways 直拍,关键时刻来瓶尖叫,2026-08-14 01:41:46,25602.0,3655.0,1457.0,2656.0,36.0,36.0,226.0,1.0,
2026-08-25 04:30:04,BV1b5uf6gEhd,50,BV1b5uf6gEhd,【杨博文】100ways丨直拍双机位丨8.13&14两日精剪,Kismet丨杨博文,2026-08-14 04:12:18,16877.0,2652.0,831.0,1813.0,18.0,17.0,89.0,1.0,
2026-08-25 04:30:04,BV1vCuf6nErK,51,BV1vCuf6nErK,【杨博文】100ways 4k直拍｜力量感爆发气场全开,游园会_杨博文,2026-08-14 03:20:46,13317.0,2244.0,605.0,1594.0,11.0,19.0,40.0,1.0,
2026-08-25 04:30:04,BV16zgA6zEkE,52,BV16zgA6zEkE,【杨博文｜4K】Whiplash 四机位精剪直拍,Eternity丨杨博文,2026-08-14 11:25:47,17839.0,4569.0,1064.0,1911.0,33.0,64.0,170.0,1.0,
2026-08-25 04:30:04,BV1Gigw6XEXN,53,BV1Gigw6XEXN,杨博文｜醉拳 3机位精剪 直拍 fancam｜4K60｜260813,LOST_杨博文,2026-08-14 13:11:22,31002.0,4881.0,2352.0,2814.0,1742.0,56.0,295.0,1.0,
2026-08-25 04:30:04,BV1k9gw6gE4U,54,BV1k9gw6gE4U,「杨博文｜爱的初体验」是不是我的十六岁 注定要为__流泪,Astra_杨博文,2026-08-14 13:49:20,18120.0,2352.0,637.0,1489.0,21.0,13.0,94.0,2.0,
2026-08-25 05:00:05,https://www.bilibili.com/video/BV1GdgW6JEe9/?spm_id_from=333.1387.favlist.content.click&vd_source=406d0cf895bedbdc58a3d0130d55e34c,0,BV1GdgW6JEe9,【杨博文｜4k直拍】Whiplash 双日直拍混剪,关键时刻来瓶尖叫,2026-08-13 23:45:41,222325.0,28160.0,22843.0,21545.0,7013.0,4693.0,8178.0,9.0,
2026-08-25 05:00:05,https://www.bilibili.com/video/BV1W5gs6KEhr/?spm_id_from=333.1387.favlist.content.click&vd_source=406d0cf895bedbdc58a3d0130d55e34c,1,BV1W5gs6KEhr,【4K精剪】异常加载中 | 杨博文直拍 | 260813,underthepoplar,2026-08-13 22:44:57,185500.0,23381.0,15822.0,17330.0,6307.0,7386.0,8620.0,11.0,
2026-08-25 05:00:05,https://www.bilibili.com/video/BV1VFbd6QEjw/spm_id_from=333.1387.favlist.content.click&vd_source=406d0cf895bedbdc58a3d0130d55e34c,2,BV1VFbd6QEjw,【杨博文｜4k直拍】管他什么音乐 直拍,关键时刻来瓶尖叫,2026-08-16 23:08:52,85275.0,6010.0,3549.0,4653.0,2681.0,562.0,18.0,8.0,
2026-08-25 05:00:05,https://www.bilibili.com/video/BV1xebR6zEkr/?spm_id_from=333.1387.favlist.content.click&vd_source=406d0cf895bedbdc58a3d0130d55e34c,3,BV1xebR6zEkr,【4K精剪】Attention | 杨博文直拍 | 260816,underthepoplar,2026-08-16 23:54:18,186091.0,16298.0,10327.0,13500.0,3182.0,1719.0,2805.0,8.0,
2026-08-25 05:00:05,https://www.bilibili.com/video/BV1s3gs6MEej/?spm_id_from=333.1387.favlist.content.click&vd_source=406d0cf895bedbdc58a3d0130d55e34c,4,BV1s3gs6MEej,【杨博文｜4k直拍】爱的初体验 直拍,关键时刻来瓶尖叫,2026-08-13 22:46:37,118220.0,12724.0,6758.0,9816.0,3476.0,523.0,2522.0,12.0,
2026-08-25 05:00:05,https://www.bilibili.com/video/BV1E2bR6hEJR/?spm_id_from=333.1387.favlist.content.click&vd_source=406d0cf895bedbdc58a3d0130d55e34c,5,BV1E2bR6hEJR,【杨博文】Attention丨直拍横屏丨16岁高中生内娱主舞的舞台掌控力丨8.16双机位4k精剪,Kismet丨杨博文,2026-08-16 22:13:05,259371.0,28525.0,14102.0,19914.0,4396.0,9687.0,11641.0,173.0,
2026-08-25 05:00:05,https://www.bilibili.com/video/BV1Rib96EE3F/?spm_id_from=333.1387.favlist.content.click&vd_source=406d0cf895bedbdc58a3d0130d55e34c,6,BV1Rib96EE3F,260816 【杨博文】春雪  竖屏4k直拍,meetsummer丨杨博文,2026-08-17 01:54:42,44340.0,8891.0,3512.0,4776.0,1856.0,722.0,736.0,7.0,
2026-08-25 05:00:05,https://www.bilibili.com/video/BV18jgg6BEAd/?spm_id_from=333.1387.favlist.content.click&vd_source=406d0cf895bedbdc58a3d0130d55e34c,7,BV18jgg6BEAd,【4K精剪】摇曳！摇曳！ | 杨博文直拍 | 260813 & 260814,underthepoplar,2026-08-15 13:26:46,69727.0,10109.0,7258.0,6671.0,2894.0,461.0,1147.0,10.0,
2026-08-25 05:00:05,https://www.bilibili.com/video/BV1A5vkB2E1k/?spm_id_from=333.1387.favlist.content.click&vd_source=406d0cf895bedbdc58a3d0130d55e34c,8,BV1A5vkB2E1k,【杨博文】Hey Mama六机位纯舞直拍丨15岁舞台统治者的诞生，四代主舞燃炸全场！,Kismet丨杨博文,2025-12-28 22:28:16,2809892.0,65682.0,45904.0,48018.0,27859.0,13671.0,22018.0,1.0,
2026-08-25 05:00:05,https://www.bilibili.com/video/BV1mJ64BREZY/?spm_id_from=333.337.search-card.all.click&vd_source=406d0cf895bedbdc58a3d0130d55e34c,9,BV1mJ64BREZY,【杨博文】闭嘴跳舞丨当主舞穿上西装就会得到,Kismet丨杨博文,2026-02-01 18:31:00,622193.0,35178.0,4039.0,25442.0,8600.0,447.0,654.0,1.0,
2026-08-25 05:00:05,BV1Qu816ZEoy,10,BV1Qu816ZEoy,测试用，勿点，谢谢,猫球不是毛球啊,2026-08-22 16:55:19,165.0,2.0,0.0,0.0,0.0,0.0,0.0,1.0,
2026-08-25 05:00:05,BV1Vd8B65EkU,11,BV1Vd8B65EkU,0822.3,dddddash6,2026-08-21 21:49:36,113.0,0.0,0.0,1.0,0.0,0.0,0.0,1.0,
2026-08-25 05:00:05,BV1fT8S61Ejo,12,BV1fT8S61Ejo,十一（23）,爱动手的法学生,2026-08-22 23:46:38,125.0,0.0,0.0,0.0,0.0,0.0,0.0,1.0,
2026-08-25 05:00:05,BV1bf816sE8P,13,BV1bf816sE8P,自测，误点,橙子小姐_sheep,2026-08-22 14:38:54,157.0,0.0,0.0,2.0,0.0,0.0,0.0,1.0,
2026-08-25 05:00:05,BV1Te8K6uEJt,14,BV1Te8K6uEJt,勿进勿进勿进！自测 安卓0821,cannndy_,2026-08-21 08:57:55,162.0,0.0,0.0,1.0,0.0,0.0,0.0,1.0,
2026-08-25 05:00:05,BV1au816oEjs,15,BV1au816oEjs,手机自测,熙熙哈哈oO,2026-08-22 16:55:10,231.0,0.0,0.0,0.0,0.0,0.0,0.0,1.0,
2026-08-25 05:00:05,BV1qw816eE1d,16,BV1qw816eE1d,8.22 自测视频 勿点,dgsaydhakjdhjk,2026-08-22 16:56:23,339.0,0.0,0.0,0.0,0.0,0.0,0.0,1.0,
2026-08-25 05:00:05,BV1ci8163ECY,17,BV1ci8163ECY,自测勿点,不完美是常态_,2026-08-22 15:39:32,50.0,0.0,0.0,0.0,0.0,0.0,0.0,1.0,
2026-08-25 05:00:05,BV1dw816YEau,18,,失败,,,,,,,,,,,62012.0
2026-08-25 05:00:05,BV1jg8S6yEuV,19,BV1jg8S6yEuV,自测视频,only筱筱,2026-08-22 23:58:01,243.0,1.0,0.0,0.0,0.0,0.0,0.0,1.0,
2026-08-25 05:00:05,BV1z6816qEbo,20,BV1z6816qEbo,自用,dddii点点,2026-08-22 16:38:15,229.0,1.0,0.0,0.0,0.0,0.0,0.0,1.0,
2026-08-25 05:00:05,BV1eM8168E9p,21,BV1eM8168E9p,自测勿点！！！！,dd鱿鱼须,2026-08-22 16:39:08,180.0,0.0,0.0,1.0,0.0,0.0,0.0,1.0,
2026-08-25 05:00:05,BV14i8M61EdN,22,BV14i8M61EdN,sz,我素质低你让让我,2026-08-21 12:22:44,258.0,0.0,0.0,0.0,0.0,0.0,0.0,1.0,
2026-08-25 05:00:05,BV12A826QEK4,23,BV12A826QEK4,自测 禁点,哈哈哈哈哈11_,2026-08-22 15:15:37,96.0,0.0,0.0,0.0,0.0,0.0,0.0,1.0,
2026-08-25 05:00:05,BV1St8S6wE33,24,BV1St8S6wE33,自测哦,半夏哒哒哒,2026-08-23 00:18:35,137.0,0.0,0.0,0.0,0.0,0.0,0.0,1.0,
2026-08-25 05:00:05,BV1bwbh65Eh7,25,BV1bwbh65Eh7,自测视频！勿点0817,摸鱼堡成员,2026-08-17 09:36:15,406.0,1.0,0.0,0.0,0.0,0.0,0.0,1.0,
2026-08-25 05:00:05,BV15B8r6WEQ3,26,BV15B8r6WEQ3,8.22自测勿点,刘海打歪了,2026-08-22 09:19:46,53.0,0.0,0.0,0.0,0.0,0.0,0.0,1.0,
2026-08-25 05:00:05,BV1ET8S62EvB,27,BV1ET8S62EvB,【牛小Bala】视频已打包，欢迎围观！,牛小Bala,2026-08-22 23:47:03,144.0,0.0,0.0,0.0,0.0,0.0,0.0,1.0,
2026-08-25 05:00:05,BV1kS8y6kEA8,28,BV1kS8y6kEA8,自测 勿点,MENYAOOO,2026-08-22 18:41:15,181.0,0.0,0.0,0.0,0.0,0.0,0.0,1.0,
2026-08-25 05:00:05,BV1pX8y66ELf,29,BV1pX8y66ELf,自测请勿点击,风枷锁,2026-08-22 18:47:46,187.0,1.0,0.0,1.0,0.0,0.0,0.0,1.0,
2026-08-25 05:00:05,BV1uz8y6JEAr,30,BV1uz8y6JEAr,【起司不是qs】第一支视频求三连！,起司不是qs,2026-08-22 18:20:23,180.0,0.0,0.0,0.0,0.0,0.0,0.0,1.0,
2026-08-25 05:00:05,BV1mx8m6REbb,31,BV1mx8m6REbb,自测,甜奶味羊咩,2026-08-22 20:49:17,42.0,0.0,0.0,0.0,0.0,0.0,0.0,1.0,
2026-08-25 05:00:05,BV1du8S65E6x,32,BV1du8S65E6x,测测测,羊咩_0601,2026-08-23 00:02:02,53.0,0.0,0.0,0.0,0.0,0.0,0.0,1.0,
2026-08-25 05:00:05,BV1hn8m6FEcd,33,BV1hn8m6FEcd,自测勿点,哇哦哦噢噢噢哦,2026-08-22 21:06:21,33.0,0.0,0.0,0.0,0.0,0.0,0.0,1.0,
2026-08-25 05:00:05,BV1DE8m68E2D,34,,失败,,,,,,,,,,,62012.0
2026-08-25 05:00:05,BV1jM8m6MEoA,35,BV1jM8m6MEoA,自测，勿点进,Camellia不是cc,2026-08-22 20:29:58,9.0,0.0,0.0,1.0,0.0,0.0,0.0,1.0,
2026-08-25 05:00:05,BV1gE8m6hEJ2,36,BV1gE8m6hEJ2,自测勿点,萌羊叫眠羊,2026-08-22 21:11:17,5.0,0.0,0.0,0.0,0.0,0.0,0.0,1.0,
2026-08-25 05:00:05,BV15V8S6kEYA,37,BV15V8S6kEYA,自测,kuaiqushuijiaoba,2026-08-22 23:32:08,29.0,0.0,0.0,0.0,0.0,0.0,0.0,1.0,
2026-08-25 05:00:05,BV1vG8S6VEgc,38,BV1vG8S6VEgc,8.23自测,萌是天生命TvT,2026-08-22 23:34:07,176.0,0.0,0.0,1.0,0.0,0.0,0.0,1.0,
2026-08-25 05:00:05,BV1Zg8S6CEu5,39,BV1Zg8S6CEu5,自测勿点3,北纬咩雪刊,2026-08-22 23:54:46,57.0,0.0,0.0,0.0,0.0,0.0,0.0,1.0,
2026-08-25 05:00:05,BV1s8BvBPEN5,40,BV1s8BvBPEN5,【杨博文｜4K舞台直拍】好运来祝你好运来～博文宝宝祝你新年好运来,关键时刻来瓶尖叫,2025-12-27 00:43:12,1915632.0,35055.0,17128.0,32456.0,19591.0,4339.0,4874.0,1.0,
2026-08-25 05:00:05,BV1XA6nBGEPV,41,BV1XA6nBGEPV,【4K精剪】希区考克 作品152 | 杨博文直拍 | 260131,underthepoplar,2026-02-01 00:23:17,1945868.0,24097.0,22524.0,20193.0,19011.0,4021.0,6938.0,1.0,
2026-08-25 05:00:05,BV1Phbr6NE8u,42,BV1Phbr6NE8u,【杨博文｜4K多机位直拍】管他什么音乐,Eternity丨杨博文,2026-08-18 12:37:02,1859.0,580.0,176.0,206.0,3.0,9.0,8.0,1.0,
2026-08-25 05:00:05,BV1mX8z6NEzz,43,BV1mX8z6NEzz,【4K精剪】管他什么音乐 | 杨博文直拍 | 260816,underthepoplar,2026-08-22 04:21:09,9523.0,2378.0,1330.0,1175.0,32.0,45.0,67.0,2.0,
2026-08-25 05:00:05,BV1qHbb6QErY,44,BV1qHbb6QErY,杨博文｜260816第肆象限attention<4k精剪>,61strawberry,2026-08-17 06:33:44,8454.0,1535.0,398.0,1047.0,7.0,10.0,16.0,1.0,
2026-08-25 05:00:05,BV1hibB6PEH5,45,BV1hibB6PEH5,【杨博文｜4k直拍】《春雪》我想爱你浅浅不停息～,关键时刻来瓶尖叫,2026-08-18 02:28:40,11815.0,2016.0,426.0,1221.0,4.0,19.0,67.0,1.0,
2026-08-25 05:00:05,BV1N6bi6XE5B,46,BV1N6bi6XE5B,【杨博文】骨骼谢幕丨横屏直拍丨三机位4k字幕版,Kismet丨杨博文,2026-08-17 22:20:49,41125.0,5083.0,1678.0,3280.0,1416.0,72.0,456.0,3.0,
2026-08-25 05:00:05,BV1Gggg6kEhv,47,BV1Gggg6kEhv,【杨博文｜4k直拍】溜溜的她 直拍,关键时刻来瓶尖叫,2026-08-15 05:41:55,56672.0,6016.0,1235.0,3946.0,26.0,20.0,152.0,1.0,
2026-08-25 05:00:05,BV15egs6pEJp,48,BV15egs6pEJp,杨博文｜Whiplash 2机位精剪 直拍 fancam｜4K60｜260813,LOST_杨博文,2026-08-13 23:03:07,83758.0,8112.0,1877.0,6054.0,61.0,69.0,243.0,1.0,
2026-08-25 05:00:05,BV1rqgW6hEvv,49,BV1rqgW6hEvv,【杨博文｜4k直拍】100Ways 直拍,关键时刻来瓶尖叫,2026-08-14 01:41:46,25616.0,3655.0,1457.0,2656.0,36.0,36.0,226.0,2.0,
2026-08-25 05:00:05,BV1b5uf6gEhd,50,BV1b5uf6gEhd,【杨博文】100ways丨直拍双机位丨8.13&14两日精剪,Kismet丨杨博文,2026-08-14 04:12:18,16882.0,2653.0,831.0,1813.0,18.0,17.0,89.0,1.0,
2026-08-25 05:00:05,BV1vCuf6nErK,51,BV1vCuf6nErK,【杨博文】100ways 4k直拍｜力量感爆发气场全开,游园会_杨博文,2026-08-14 03:20:46,13317.0,2244.0,605.0,1594.0,11.0,19.0,40.0,1.0,
2026-08-25 05:00:05,BV16zgA6zEkE,52,BV16zgA6zEkE,【杨博文｜4K】Whiplash 四机位精剪直拍,Eternity丨杨博文,2026-08-14 11:25:47,17855.0,4570.0,1064.0,1911.0,33.0,64.0,170.0,1.0,
2026-08-25 05:00:05,BV1Gigw6XEXN,53,BV1Gigw6XEXN,杨博文｜醉拳 3机位精剪 直拍 fancam｜4K60｜260813,LOST_杨博文,2026-08-14 13:11:22,31016.0,4881.0,2352.0,2814.0,1742.0,56.0,295.0,1.0,
2026-08-25 05:00:05,BV1k9gw6gE4U,54,BV1k9gw6gE4U,「杨博文｜爱的初体验」是不是我的十六岁 注定要为__流泪,Astra_杨博文,2026-08-14 13:49:20,18132.0,2353.0,637.0,1489.0,21.0,13.0,94.0,2.0,
2026-08-25 05:30:05,https://www.bilibili.com/video/BV1GdgW6JEe9/?spm_id_from=333.1387.favlist.content.click&vd_source=406d0cf895bedbdc58a3d0130d55e34c,0,BV1GdgW6JEe9,【杨博文｜4k直拍】Whiplash 双日直拍混剪,关键时刻来瓶尖叫,2026-08-13 23:45:41,222374.0,28160.0,22843.0,21545.0,7013.0,4693.0,8178.0,9.0,
2026-08-25 05:30:05,https://www.bilibili.com/video/BV1W5gs6KEhr/?spm_id_from=333.1387.favlist.content.click&vd_source=406d0cf895bedbdc58a3d0130d55e34c,1,BV1W5gs6KEhr,【4K精剪】异常加载中 | 杨博文直拍 | 260813,underthepoplar,2026-08-13 22:44:57,185545.0,23381.0,15822.0,17330.0,6307.0,7386.0,8620.0,10.0,
2026-08-25 05:30:05,https://www.bilibili.com/video/BV1VFbd6QEjw/spm_id_from=333.1387.favlist.content.click&vd_source=406d0cf895bedbdc58a3d0130d55e34c,2,BV1VFbd6QEjw,【杨博文｜4k直拍】管他什么音乐 直拍,关键时刻来瓶尖叫,2026-08-16 23:08:52,85277.0,6010.0,3549.0,4653.0,2681.0,562.0,18.0,8.0,
2026-08-25 05:30:05,https://www.bilibili.com/video/BV1xebR6zEkr/?spm_id_from=333.1387.favlist.content.click&vd_source=406d0cf895bedbdc58a3d0130d55e34c,3,BV1xebR6zEkr,【4K精剪】Attention | 杨博文直拍 | 260816,underthepoplar,2026-08-16 23:54:18,186129.0,16297.0,10327.0,13500.0,3182.0,1719.0,2805.0,11.0,
2026-08-25 05:30:05,https://www.bilibili.com/video/BV1s3gs6MEej/?spm_id_from=333.1387.favlist.content.click&vd_source=406d0cf895bedbdc58a3d0130d55e34c,4,BV1s3gs6MEej,【杨博文｜4k直拍】爱的初体验 直拍,关键时刻来瓶尖叫,2026-08-13 22:46:37,118249.0,12724.0,6758.0,9816.0,3476.0,523.0,2522.0,8.0,
2026-08-25 05:30:05,https://www.bilibili.com/video/BV1E2bR6hEJR/?spm_id_from=333.1387.favlist.content.click&vd_source=406d0cf895bedbdc58a3d0130d55e34c,5,BV1E2bR6hEJR,【杨博文】Attention丨直拍横屏丨16岁高中生内娱主舞的舞台掌控力丨8.16双机位4k精剪,Kismet丨杨博文,2026-08-16 22:13:05,259437.0,28527.0,14103.0,19914.0,4396.0,9687.0,11641.0,174.0,
2026-08-25 05:30:05,https://www.bilibili.com/video/BV1Rib96EE3F/?spm_id_from=333.1387.favlist.content.click&vd_source=406d0cf895bedbdc58a3d0130d55e34c,6,BV1Rib96EE3F,260816 【杨博文】春雪  竖屏4k直拍,meetsummer丨杨博文,2026-08-17 01:54:42,44373.0,8891.0,3512.0,4776.0,1856.0,722.0,736.0,7.0,
2026-08-25 05:30:05,https://www.bilibili.com/video/BV18jgg6BEAd/?spm_id_from=333.1387.favlist.content.click&vd_source=406d0cf895bedbdc58a3d0130d55e34c,7,BV18jgg6BEAd,【4K精剪】摇曳！摇曳！ | 杨博文直拍 | 260813 & 260814,underthepoplar,2026-08-15 13:26:46,69730.0,10110.0,7258.0,6671.0,2894.0,461.0,1147.0,7.0,
2026-08-25 05:30:05,https://www.bilibili.com/video/BV1A5vkB2E1k/?spm_id_from=333.1387.favlist.content.click&vd_source=406d0cf895bedbdc58a3d0130d55e34c,8,BV1A5vkB2E1k,【杨博文】Hey Mama六机位纯舞直拍丨15岁舞台统治者的诞生，四代主舞燃炸全场！,Kismet丨杨博文,2025-12-28 22:28:16,2809895.0,65682.0,45904.0,48019.0,27859.0,13671.0,22018.0,1.0,
2026-08-25 05:30:05,https://www.bilibili.com/video/BV1mJ64BREZY/?spm_id_from=333.337.search-card.all.click&vd_source=406d0cf895bedbdc58a3d0130d55e34c,9,BV1mJ64BREZY,【杨博文】闭嘴跳舞丨当主舞穿上西装就会得到,Kismet丨杨博文,2026-02-01 18:31:00,622193.0,35178.0,4039.0,25442.0,8600.0,447.0,654.0,1.0,
2026-08-25 05:30:05,BV1Qu816ZEoy,10,BV1Qu816ZEoy,测试用，勿点，谢谢,猫球不是毛球啊,2026-08-22 16:55:19,165.0,2.0,0.0,0.0,0.0,0.0,0.0,1.0,
2026-08-25 05:30:05,BV1Vd8B65EkU,11,BV1Vd8B65EkU,0822.3,dddddash6,2026-08-21 21:49:36,113.0,0.0,0.0,1.0,0.0,0.0,0.0,1.0,
2026-08-25 05:30:05,BV1fT8S61Ejo,12,BV1fT8S61Ejo,十一（23）,爱动手的法学生,2026-08-22 23:46:38,125.0,0.0,0.0,0.0,0.0,0.0,0.0,1.0,
2026-08-25 05:30:05,BV1bf816sE8P,13,BV1bf816sE8P,自测，误点,橙子小姐_sheep,2026-08-22 14:38:54,157.0,0.0,0.0,2.0,0.0,0.0,0.0,1.0,
2026-08-25 05:30:05,BV1Te8K6uEJt,14,BV1Te8K6uEJt,勿进勿进勿进！自测 安卓0821,cannndy_,2026-08-21 08:57:55,162.0,0.0,0.0,1.0,0.0,0.0,0.0,1.0,
2026-08-25 05:30:05,BV1au816oEjs,15,BV1au816oEjs,手机自测,熙熙哈哈oO,2026-08-22 16:55:10,236.0,0.0,0.0,0.0,0.0,0.0,0.0,1.0,
2026-08-25 05:30:05,BV1qw816eE1d,16,BV1qw816eE1d,8.22 自测视频 勿点,dgsaydhakjdhjk,2026-08-22 16:56:23,339.0,0.0,0.0,0.0,0.0,0.0,0.0,1.0,
2026-08-25 05:30:05,BV1ci8163ECY,17,BV1ci8163ECY,自测勿点,不完美是常态_,2026-08-22 15:39:32,50.0,0.0,0.0,0.0,0.0,0.0,0.0,1.0,
2026-08-25 05:30:05,BV1dw816YEau,18,,失败,,,,,,,,,,,62012.0
2026-08-25 05:30:05,BV1jg8S6yEuV,19,BV1jg8S6yEuV,自测视频,only筱筱,2026-08-22 23:58:01,243.0,1.0,0.0,0.0,0.0,0.0,0.0,1.0,
2026-08-25 05:30:05,BV1z6816qEbo,20,BV1z6816qEbo,自用,dddii点点,2026-08-22 16:38:15,229.0,1.0,0.0,0.0,0.0,0.0,0.0,1.0,
2026-08-25 05:30:05,BV1eM8168E9p,21,BV1eM8168E9p,自测勿点！！！！,dd鱿鱼须,2026-08-22 16:39:08,180.0,0.0,0.0,1.0,0.0,0.0,0.0,1.0,
2026-08-25 05:30:05,BV14i8M61EdN,22,BV14i8M61EdN,sz,我素质低你让让我,2026-08-21 12:22:44,258.0,0.0,0.0,0.0,0.0,0.0,0.0,1.0,
2026-08-25 05:30:05,BV12A826QEK4,23,BV12A826QEK4,自测 禁点,哈哈哈哈哈11_,2026-08-22 15:15:37,96.0,0.0,0.0,0.0,0.0,0.0,0.0,1.0,
2026-08-25 05:30:05,BV1St8S6wE33,24,BV1St8S6wE33,自测哦,半夏哒哒哒,2026-08-23 00:18:35,142.0,0.0,0.0,0.0,0.0,0.0,0.0,1.0,
2026-08-25 05:30:05,BV1bwbh65Eh7,25,BV1bwbh65Eh7,自测视频！勿点0817,摸鱼堡成员,2026-08-17 09:36:15,406.0,1.0,0.0,0.0,0.0,0.0,0.0,1.0,
2026-08-25 05:30:05,BV15B8r6WEQ3,26,BV15B8r6WEQ3,8.22自测勿点,刘海打歪了,2026-08-22 09:19:46,53.0,0.0,0.0,0.0,0.0,0.0,0.0,1.0,
2026-08-25 05:30:05,BV1ET8S62EvB,27,BV1ET8S62EvB,【牛小Bala】视频已打包，欢迎围观！,牛小Bala,2026-08-22 23:47:03,144.0,0.0,0.0,0.0,0.0,0.0,0.0,1.0,
2026-08-25 05:30:05,BV1kS8y6kEA8,28,BV1kS8y6kEA8,自测 勿点,MENYAOOO,2026-08-22 18:41:15,181.0,0.0,0.0,0.0,0.0,0.0,0.0,1.0,
2026-08-25 05:30:05,BV1pX8y66ELf,29,BV1pX8y66ELf,自测请勿点击,风枷锁,2026-08-22 18:47:46,187.0,1.0,0.0,1.0,0.0,0.0,0.0,1.0,
2026-08-25 05:30:05,BV1uz8y6JEAr,30,BV1uz8y6JEAr,【起司不是qs】第一支视频求三连！,起司不是qs,2026-08-22 18:20:23,180.0,0.0,0.0,0.0,0.0,0.0,0.0,1.0,
2026-08-25 05:30:05,BV1mx8m6REbb,31,BV1mx8m6REbb,自测,甜奶味羊咩,2026-08-22 20:49:17,42.0,0.0,0.0,0.0,0.0,0.0,0.0,1.0,
2026-08-25 05:30:05,BV1du8S65E6x,32,BV1du8S65E6x,测测测,羊咩_0601,2026-08-23 00:02:02,53.0,0.0,0.0,0.0,0.0,0.0,0.0,1.0,
2026-08-25 05:30:05,BV1hn8m6FEcd,33,BV1hn8m6FEcd,自测勿点,哇哦哦噢噢噢哦,2026-08-22 21:06:21,33.0,0.0,0.0,0.0,0.0,0.0,0.0,1.0,
2026-08-25 05:30:05,BV1DE8m68E2D,34,,失败,,,,,,,,,,,62012.0
2026-08-25 05:30:05,BV1jM8m6MEoA,35,BV1jM8m6MEoA,自测，勿点进,Camellia不是cc,2026-08-22 20:29:58,9.0,0.0,0.0,1.0,0.0,0.0,0.0,1.0,
2026-08-25 05:30:05,BV1gE8m6hEJ2,36,BV1gE8m6hEJ2,自测勿点,萌羊叫眠羊,2026-08-22 21:11:17,5.0,0.0,0.0,0.0,0.0,0.0,0.0,1.0,
2026-08-25 05:30:05,BV15V8S6kEYA,37,BV15V8S6kEYA,自测,kuaiqushuijiaoba,2026-08-22 23:32:08,29.0,0.0,0.0,0.0,0.0,0.0,0.0,1.0,
2026-08-25 05:30:05,BV1vG8S6VEgc,38,BV1vG8S6VEgc,8.23自测,萌是天生命TvT,2026-08-22 23:34:07,176.0,0.0,0.0,1.0,0.0,0.0,0.0,1.0,
2026-08-25 05:30:05,BV1Zg8S6CEu5,39,BV1Zg8S6CEu5,自测勿点3,北纬咩雪刊,2026-08-22 23:54:46,57.0,0.0,0.0,0.0,0.0,0.0,0.0,1.0,
2026-08-25 05:30:05,BV1s8BvBPEN5,40,BV1s8BvBPEN5,【杨博文｜4K舞台直拍】好运来祝你好运来～博文宝宝祝你新年好运来,关键时刻来瓶尖叫,2025-12-27 00:43:12,1915632.0,35055.0,17128.0,32456.0,19591.0,4339.0,4874.0,1.0,
2026-08-25 05:30:05,BV1XA6nBGEPV,41,BV1XA6nBGEPV,【4K精剪】希区考克 作品152 | 杨博文直拍 | 260131,underthepoplar,2026-02-01 00:23:17,1945870.0,24097.0,22524.0,20194.0,19011.0,4021.0,6938.0,1.0,
2026-08-25 05:30:05,BV1Phbr6NE8u,42,BV1Phbr6NE8u,【杨博文｜4K多机位直拍】管他什么音乐,Eternity丨杨博文,2026-08-18 12:37:02,1859.0,580.0,176.0,206.0,3.0,9.0,8.0,1.0,
2026-08-25 05:30:05,BV1mX8z6NEzz,43,BV1mX8z6NEzz,【4K精剪】管他什么音乐 | 杨博文直拍 | 260816,underthepoplar,2026-08-22 04:21:09,9538.0,2378.0,1330.0,1175.0,32.0,45.0,67.0,2.0,
2026-08-25 05:30:05,BV1qHbb6QErY,44,BV1qHbb6QErY,杨博文｜260816第肆象限attention<4k精剪>,61strawberry,2026-08-17 06:33:44,8467.0,1535.0,398.0,1047.0,7.0,10.0,16.0,1.0,
2026-08-25 05:30:05,BV1hibB6PEH5,45,BV1hibB6PEH5,【杨博文｜4k直拍】《春雪》我想爱你浅浅不停息～,关键时刻来瓶尖叫,2026-08-18 02:28:40,11828.0,2016.0,426.0,1221.0,4.0,19.0,67.0,2.0,
2026-08-25 05:30:05,BV1N6bi6XE5B,46,BV1N6bi6XE5B,【杨博文】骨骼谢幕丨横屏直拍丨三机位4k字幕版,Kismet丨杨博文,2026-08-17 22:20:49,41139.0,5083.0,1678.0,3280.0,1416.0,72.0,456.0,4.0,
2026-08-25 05:30:05,BV1Gggg6kEhv,47,BV1Gggg6kEhv,【杨博文｜4k直拍】溜溜的她 直拍,关键时刻来瓶尖叫,2026-08-15 05:41:55,56678.0,6016.0,1235.0,3946.0,26.0,20.0,152.0,1.0,
2026-08-25 05:30:05,BV15egs6pEJp,48,BV15egs6pEJp,杨博文｜Whiplash 2机位精剪 直拍 fancam｜4K60｜260813,LOST_杨博文,2026-08-13 23:03:07,83771.0,8112.0,1877.0,6054.0,61.0,69.0,243.0,1.0,
2026-08-25 05:30:05,BV1rqgW6hEvv,49,BV1rqgW6hEvv,【杨博文｜4k直拍】100Ways 直拍,关键时刻来瓶尖叫,2026-08-14 01:41:46,25627.0,3655.0,1457.0,2656.0,36.0,36.0,226.0,1.0,
2026-08-25 05:30:05,BV1b5uf6gEhd,50,BV1b5uf6gEhd,【杨博文】100ways丨直拍双机位丨8.13&14两日精剪,Kismet丨杨博文,2026-08-14 04:12:18,16882.0,2653.0,831.0,1813.0,18.0,17.0,89.0,1.0,
2026-08-25 05:30:05,BV1vCuf6nErK,51,BV1vCuf6nErK,【杨博文】100ways 4k直拍｜力量感爆发气场全开,游园会_杨博文,2026-08-14 03:20:46,13318.0,2244.0,605.0,1594.0,11.0,19.0,40.0,1.0,
2026-08-25 05:30:05,BV16zgA6zEkE,52,BV16zgA6zEkE,【杨博文｜4K】Whiplash 四机位精剪直拍,Eternity丨杨博文,2026-08-14 11:25:47,17869.0,4570.0,1064.0,1911.0,33.0,64.0,170.0,1.0,
2026-08-25 05:30:05,BV1Gigw6XEXN,53,BV1Gigw6XEXN,杨博文｜醉拳 3机位精剪 直拍 fancam｜4K60｜260813,LOST_杨博文,2026-08-14 13:11:22,31027.0,4881.0,2352.0,2814.0,1742.0,56.0,295.0,1.0,
2026-08-25 05:30:05,BV1k9gw6gE4U,54,BV1k9gw6gE4U,「杨博文｜爱的初体验」是不是我的十六岁 注定要为__流泪,Astra_杨博文,2026-08-14 13:49:20,18145.0,2353.0,637.0,1489.0,21.0,13.0,94.0,1.0,
2026-08-25 06:00:05,https://www.bilibili.com/video/BV1GdgW6JEe9/?spm_id_from=333.1387.favlist.content.click&vd_source=406d0cf895bedbdc58a3d0130d55e34c,0,BV1GdgW6JEe9,【杨博文｜4k直拍】Whiplash 双日直拍混剪,关键时刻来瓶尖叫,2026-08-13 23:45:41,222422.0,28160.0,22843.0,21545.0,7013.0,4693.0,8178.0,10.0,
2026-08-25 06:00:05,https://www.bilibili.com/video/BV1W5gs6KEhr/?spm_id_from=333.1387.favlist.content.click&vd_source=406d0cf895bedbdc58a3d0130d55e34c,1,BV1W5gs6KEhr,【4K精剪】异常加载中 | 杨博文直拍 | 260813,underthepoplar,2026-08-13 22:44:57,185585.0,23381.0,15822.0,17330.0,6307.0,7386.0,8620.0,12.0,
2026-08-25 06:00:05,https://www.bilibili.com/video/BV1VFbd6QEjw/spm_id_from=333.1387.favlist.content.click&vd_source=406d0cf895bedbdc58a3d0130d55e34c,2,BV1VFbd6QEjw,【杨博文｜4k直拍】管他什么音乐 直拍,关键时刻来瓶尖叫,2026-08-16 23:08:52,85280.0,6010.0,3549.0,4653.0,2681.0,562.0,18.0,7.0,
2026-08-25 06:00:05,https://www.bilibili.com/video/BV1xebR6zEkr/?spm_id_from=333.1387.favlist.content.click&vd_source=406d0cf895bedbdc58a3d0130d55e34c,3,BV1xebR6zEkr,【4K精剪】Attention | 杨博文直拍 | 260816,underthepoplar,2026-08-16 23:54:18,186170.0,16300.0,10329.0,13501.0,3182.0,1719.0,2805.0,7.0,
2026-08-25 06:00:05,https://www.bilibili.com/video/BV1s3gs6MEej/?spm_id_from=333.1387.favlist.content.click&vd_source=406d0cf895bedbdc58a3d0130d55e34c,4,BV1s3gs6MEej,【杨博文｜4k直拍】爱的初体验 直拍,关键时刻来瓶尖叫,2026-08-13 22:46:37,118278.0,12724.0,6758.0,9816.0,3476.0,523.0,2522.0,8.0,
2026-08-25 06:00:05,https://www.bilibili.com/video/BV1E2bR6hEJR/?spm_id_from=333.1387.favlist.content.click&vd_source=406d0cf895bedbdc58a3d0130d55e34c,5,BV1E2bR6hEJR,【杨博文】Attention丨直拍横屏丨16岁高中生内娱主舞的舞台掌控力丨8.16双机位4k精剪,Kismet丨杨博文,2026-08-16 22:13:05,259507.0,28533.0,14105.0,19915.0,4396.0,9687.0,11641.0,176.0,
2026-08-25 06:00:05,https://www.bilibili.com/video/BV1Rib96EE3F/?spm_id_from=333.1387.favlist.content.click&vd_source=406d0cf895bedbdc58a3d0130d55e34c,6,BV1Rib96EE3F,260816 【杨博文】春雪  竖屏4k直拍,meetsummer丨杨博文,2026-08-17 01:54:42,44401.0,8891.0,3512.0,4776.0,1856.0,722.0,736.0,5.0,
2026-08-25 06:00:05,https://www.bilibili.com/video/BV18jgg6BEAd/?spm_id_from=333.1387.favlist.content.click&vd_source=406d0cf895bedbdc58a3d0130d55e34c,7,BV18jgg6BEAd,【4K精剪】摇曳！摇曳！ | 杨博文直拍 | 260813 & 260814,underthepoplar,2026-08-15 13:26:46,69732.0,10110.0,7258.0,6671.0,2894.0,461.0,1147.0,6.0,
2026-08-25 06:00:05,https://www.bilibili.com/video/BV1A5vkB2E1k/?spm_id_from=333.1387.favlist.content.click&vd_source=406d0cf895bedbdc58a3d0130d55e34c,8,BV1A5vkB2E1k,【杨博文】Hey Mama六机位纯舞直拍丨15岁舞台统治者的诞生，四代主舞燃炸全场！,Kismet丨杨博文,2025-12-28 22:28:16,2809900.0,65683.0,45904.0,48019.0,27859.0,13671.0,22018.0,1.0,
2026-08-25 06:00:05,https://www.bilibili.com/video/BV1mJ64BREZY/?spm_id_from=333.337.search-card.all.click&vd_source=406d0cf895bedbdc58a3d0130d55e34c,9,BV1mJ64BREZY,【杨博文】闭嘴跳舞丨当主舞穿上西装就会得到,Kismet丨杨博文,2026-02-01 18:31:00,622194.0,35178.0,4039.0,25442.0,8600.0,447.0,654.0,1.0,
2026-08-25 06:00:05,BV1Qu816ZEoy,10,BV1Qu816ZEoy,测试用，勿点，谢谢,猫球不是毛球啊,2026-08-22 16:55:19,165.0,2.0,0.0,0.0,0.0,0.0,0.0,1.0,
2026-08-25 06:00:05,BV1Vd8B65EkU,11,BV1Vd8B65EkU,0822.3,dddddash6,2026-08-21 21:49:36,113.0,0.0,0.0,1.0,0.0,0.0,0.0,1.0,
2026-08-25 06:00:05,BV1fT8S61Ejo,12,BV1fT8S61Ejo,十一（23）,爱动手的法学生,2026-08-22 23:46:38,125.0,0.0,0.0,0.0,0.0,0.0,0.0,1.0,
2026-08-25 06:00:05,BV1bf816sE8P,13,BV1bf816sE8P,自测，误点,橙子小姐_sheep,2026-08-22 14:38:54,157.0,0.0,0.0,2.0,0.0,0.0,0.0,1.0,
2026-08-25 06:00:05,BV1Te8K6uEJt,14,BV1Te8K6uEJt,勿进勿进勿进！自测 安卓0821,cannndy_,2026-08-21 08:57:55,162.0,0.0,0.0,1.0,0.0,0.0,0.0,1.0,
2026-08-25 06:00:05,BV1au816oEjs,15,BV1au816oEjs,手机自测,熙熙哈哈oO,2026-08-22 16:55:10,240.0,0.0,0.0,0.0,0.0,0.0,0.0,1.0,
2026-08-25 06:00:05,BV1qw816eE1d,16,BV1qw816eE1d,8.22 自测视频 勿点,dgsaydhakjdhjk,2026-08-22 16:56:23,339.0,0.0,0.0,0.0,0.0,0.0,0.0,1.0,
2026-08-25 06:00:05,BV1ci8163ECY,17,BV1ci8163ECY,自测勿点,不完美是常态_,2026-08-22 15:39:32,50.0,0.0,0.0,0.0,0.0,0.0,0.0,1.0,
2026-08-25 06:00:05,BV1dw816YEau,18,,失败,,,,,,,,,,,62012.0
2026-08-25 06:00:05,BV1jg8S6yEuV,19,BV1jg8S6yEuV,自测视频,only筱筱,2026-08-22 23:58:01,243.0,1.0,0.0,0.0,0.0,0.0,0.0,1.0,
2026-08-25 06:00:05,BV1z6816qEbo,20,BV1z6816qEbo,自用,dddii点点,2026-08-22 16:38:15,229.0,1.0,0.0,0.0,0.0,0.0,0.0,1.0,
2026-08-25 06:00:05,BV1eM8168E9p,21,BV1eM8168E9p,自测勿点！！！！,dd鱿鱼须,2026-08-22 16:39:08,180.0,0.0,0.0,1.0,0.0,0.0,0.0,1.0,
2026-08-25 06:00:05,BV14i8M61EdN,22,BV14i8M61EdN,sz,我素质低你让让我,2026-08-21 12:22:44,258.0,0.0,0.0,0.0,0.0,0.0,0.0,1.0,
2026-08-25 06:00:05,BV12A826QEK4,23,BV12A826QEK4,自测 禁点,哈哈哈哈哈11_,2026-08-22 15:15:37,96.0,0.0,0.0,0.0,0.0,0.0,0.0,1.0,
2026-08-25 06:00:05,BV1St8S6wE33,24,BV1St8S6wE33,自测哦,半夏哒哒哒,2026-08-23 00:18:35,146.0,0.0,0.0,0.0,0.0,0.0,0.0,1.0,
2026-08-25 06:00:05,BV1bwbh65Eh7,25,BV1bwbh65Eh7,自测视频！勿点0817,摸鱼堡成员,2026-08-17 09:36:15,406.0,1.0,0.0,0.0,0.0,0.0,0.0,1.0,
2026-08-25 06:00:05,BV15B8r6WEQ3,26,BV15B8r6WEQ3,8.22自测勿点,刘海打歪了,2026-08-22 09:19:46,53.0,0.0,0.0,0.0,0.0,0.0,0.0,1.0,
2026-08-25 06:00:05,BV1ET8S62EvB,27,BV1ET8S62EvB,【牛小Bala】视频已打包，欢迎围观！,牛小Bala,2026-08-22 23:47:03,144.0,0.0,0.0,0.0,0.0,0.0,0.0,1.0,
2026-08-25 06:00:05,BV1kS8y6kEA8,28,BV1kS8y6kEA8,自测 勿点,MENYAOOO,2026-08-22 18:41:15,181.0,0.0,0.0,0.0,0.0,0.0,0.0,1.0,
2026-08-25 06:00:05,BV1pX8y66ELf,29,BV1pX8y66ELf,自测请勿点击,风枷锁,2026-08-22 18:47:46,187.0,1.0,0.0,1.0,0.0,0.0,0.0,1.0,
2026-08-25 06:00:05,BV1uz8y6JEAr,30,BV1uz8y6JEAr,【起司不是qs】第一支视频求三连！,起司不是qs,2026-08-22 18:20:23,180.0,0.0,0.0,0.0,0.0,0.0,0.0,1.0,
2026-08-25 06:00:05,BV1mx8m6REbb,31,BV1mx8m6REbb,自测,甜奶味羊咩,2026-08-22 20:49:17,42.0,0.0,0.0,0.0,0.0,0.0,0.0,1.0,
2026-08-25 06:00:05,BV1du8S65E6x,32,BV1du8S65E6x,测测测,羊咩_0601,2026-08-23 00:02:02,53.0,0.0,0.0,0.0,0.0,0.0,0.0,1.0,
2026-08-25 06:00:05,BV1hn8m6FEcd,33,BV1hn8m6FEcd,自测勿点,哇哦哦噢噢噢哦,2026-08-22 21:06:21,33.0,0.0,0.0,0.0,0.0,0.0,0.0,1.0,
2026-08-25 06:00:05,BV1DE8m68E2D,34,,失败,,,,,,,,,,,62012.0
2026-08-25 06:00:05,BV1jM8m6MEoA,35,BV1jM8m6MEoA,自测，勿点进,Camellia不是cc,2026-08-22 20:29:58,9.0,0.0,0.0,1.0,0.0,0.0,0.0,1.0,
2026-08-25 06:00:05,BV1gE8m6hEJ2,36,BV1gE8m6hEJ2,自测勿点,萌羊叫眠羊,2026-08-22 21:11:17,5.0,0.0,0.0,0.0,0.0,0.0,0.0,1.0,
2026-08-25 06:00:05,BV15V8S6kEYA,37,BV15V8S6kEYA,自测,kuaiqushuijiaoba,2026-08-22 23:32:08,29.0,0.0,0.0,0.0,0.0,0.0,0.0,1.0,
2026-08-25 06:00:05,BV1vG8S6VEgc,38,BV1vG8S6VEgc,8.23自测,萌是天生命TvT,2026-08-22 23:34:07,176.0,0.0,0.0,1.0,0.0,0.0,0.0,1.0,
2026-08-25 06:00:05,BV1Zg8S6CEu5,39,BV1Zg8S6CEu5,自测勿点3,北纬咩雪刊,2026-08-22 23:54:46,57.0,0.0,0.0,0.0,0.0,0.0,0.0,1.0,
2026-08-25 06:00:05,BV1s8BvBPEN5,40,BV1s8BvBPEN5,【杨博文｜4K舞台直拍】好运来祝你好运来～博文宝宝祝你新年好运来,关键时刻来瓶尖叫,2025-12-27 00:43:12,1915632.0,35055.0,17128.0,32456.0,19591.0,4339.0,4874.0,1.0,
2026-08-25 06:00:05,BV1XA6nBGEPV,41,BV1XA6nBGEPV,【4K精剪】希区考克 作品152 | 杨博文直拍 | 260131,underthepoplar,2026-02-01 00:23:17,1945872.0,24097.0,22524.0,20194.0,19011.0,4021.0,6938.0,1.0,
2026-08-25 06:00:05,BV1Phbr6NE8u,42,BV1Phbr6NE8u,【杨博文｜4K多机位直拍】管他什么音乐,Eternity丨杨博文,2026-08-18 12:37:02,1859.0,580.0,176.0,206.0,3.0,9.0,8.0,1.0,
2026-08-25 06:00:05,BV1mX8z6NEzz,43,BV1mX8z6NEzz,【4K精剪】管他什么音乐 | 杨博文直拍 | 260816,underthepoplar,2026-08-22 04:21:09,9553.0,2378.0,1330.0,1175.0,32.0,45.0,67.0,1.0,
2026-08-25 06:00:05,BV1qHbb6QErY,44,BV1qHbb6QErY,杨博文｜260816第肆象限attention<4k精剪>,61strawberry,2026-08-17 06:33:44,8477.0,1535.0,398.0,1047.0,7.0,10.0,16.0,1.0,
2026-08-25 06:00:05,BV1hibB6PEH5,45,BV1hibB6PEH5,【杨博文｜4k直拍】《春雪》我想爱你浅浅不停息～,关键时刻来瓶尖叫,2026-08-18 02:28:40,11843.0,2016.0,426.0,1221.0,4.0,19.0,67.0,2.0,
2026-08-25 06:00:05,BV1N6bi6XE5B,46,BV1N6bi6XE5B,【杨博文】骨骼谢幕丨横屏直拍丨三机位4k字幕版,Kismet丨杨博文,2026-08-17 22:20:49,41154.0,5083.0,1678.0,3280.0,1416.0,72.0,456.0,2.0,
2026-08-25 06:00:05,BV1Gggg6kEhv,47,BV1Gggg6kEhv,【杨博文｜4k直拍】溜溜的她 直拍,关键时刻来瓶尖叫,2026-08-15 05:41:55,56682.0,6016.0,1235.0,3946.0,26.0,20.0,152.0,1.0,
2026-08-25 06:00:05,BV15egs6pEJp,48,BV15egs6pEJp,杨博文｜Whiplash 2机位精剪 直拍 fancam｜4K60｜260813,LOST_杨博文,2026-08-13 23:03:07,83786.0,8113.0,1877.0,6055.0,61.0,69.0,243.0,1.0,
2026-08-25 06:00:05,BV1rqgW6hEvv,49,BV1rqgW6hEvv,【杨博文｜4k直拍】100Ways 直拍,关键时刻来瓶尖叫,2026-08-14 01:41:46,25640.0,3655.0,1457.0,2656.0,36.0,36.0,226.0,1.0,
2026-08-25 06:00:05,BV1b5uf6gEhd,50,BV1b5uf6gEhd,【杨博文】100ways丨直拍双机位丨8.13&14两日精剪,Kismet丨杨博文,2026-08-14 04:12:18,16882.0,2653.0,831.0,1813.0,18.0,17.0,89.0,1.0,
2026-08-25 06:00:05,BV1vCuf6nErK,51,BV1vCuf6nErK,【杨博文】100ways 4k直拍｜力量感爆发气场全开,游园会_杨博文,2026-08-14 03:20:46,13318.0,2244.0,605.0,1594.0,11.0,19.0,40.0,1.0,
2026-08-25 06:00:05,BV16zgA6zEkE,52,BV16zgA6zEkE,【杨博文｜4K】Whiplash 四机位精剪直拍,Eternity丨杨博文,2026-08-14 11:25:47,17881.0,4570.0,1064.0,1911.0,33.0,64.0,170.0,1.0,
2026-08-25 06:00:05,BV1Gigw6XEXN,53,BV1Gigw6XEXN,杨博文｜醉拳 3机位精剪 直拍 fancam｜4K60｜260813,LOST_杨博文,2026-08-14 13:11:22,31040.0,4881.0,2352.0,2814.0,1742.0,56.0,295.0,1.0,
2026-08-25 06:00:05,BV1k9gw6gE4U,54,BV1k9gw6gE4U,「杨博文｜爱的初体验」是不是我的十六岁 注定要为__流泪,Astra_杨博文,2026-08-14 13:49:20,18159.0,2353.0,637.0,1489.0,21.0,13.0,94.0,1.0,
2026-08-25 06:30:07,https://www.bilibili.com/video/BV1GdgW6JEe9/?spm_id_from=333.1387.favlist.content.click&vd_source=406d0cf895bedbdc58a3d0130d55e34c,0,BV1GdgW6JEe9,【杨博文｜4k直拍】Whiplash 双日直拍混剪,关键时刻来瓶尖叫,2026-08-13 23:45:41,222461.0,28160.0,22843.0,21545.0,7013.0,4693.0,8178.0,7.0,
2026-08-25 06:30:07,https://www.bilibili.com/video/BV1W5gs6KEhr/?spm_id_from=333.1387.favlist.content.click&vd_source=406d0cf895bedbdc58a3d0130d55e34c,1,BV1W5gs6KEhr,【4K精剪】异常加载中 | 杨博文直拍 | 260813,underthepoplar,2026-08-13 22:44:57,185616.0,23382.0,15822.0,17330.0,6307.0,7386.0,8620.0,4.0,
2026-08-25 06:30:07,https://www.bilibili.com/video/BV1VFbd6QEjw/spm_id_from=333.1387.favlist.content.click&vd_source=406d0cf895bedbdc58a3d0130d55e34c,2,BV1VFbd6QEjw,【杨博文｜4k直拍】管他什么音乐 直拍,关键时刻来瓶尖叫,2026-08-16 23:08:52,85280.0,6010.0,3549.0,4653.0,2681.0,562.0,18.0,6.0,
2026-08-25 06:30:07,https://www.bilibili.com/video/BV1xebR6zEkr/?spm_id_from=333.1387.favlist.content.click&vd_source=406d0cf895bedbdc58a3d0130d55e34c,3,BV1xebR6zEkr,【4K精剪】Attention | 杨博文直拍 | 260816,underthepoplar,2026-08-16 23:54:18,186198.0,16301.0,10329.0,13502.0,3182.0,1719.0,2805.0,3.0,
2026-08-25 06:30:07,https://www.bilibili.com/video/BV1s3gs6MEej/?spm_id_from=333.1387.favlist.content.click&vd_source=406d0cf895bedbdc58a3d0130d55e34c,4,BV1s3gs6MEej,【杨博文｜4k直拍】爱的初体验 直拍,关键时刻来瓶尖叫,2026-08-13 22:46:37,118293.0,12725.0,6760.0,9816.0,3476.0,523.0,2522.0,5.0,
2026-08-25 06:30:07,https://www.bilibili.com/video/BV1E2bR6hEJR/?spm_id_from=333.1387.favlist.content.click&vd_source=406d0cf895bedbdc58a3d0130d55e34c,5,BV1E2bR6hEJR,【杨博文】Attention丨直拍横屏丨16岁高中生内娱主舞的舞台掌控力丨8.16双机位4k精剪,Kismet丨杨博文,2026-08-16 22:13:05,259554.0,28534.0,14105.0,19915.0,4396.0,9687.0,11641.0,168.0,
2026-08-25 06:30:07,https://www.bilibili.com/video/BV1Rib96EE3F/?spm_id_from=333.1387.favlist.content.click&vd_source=406d0cf895bedbdc58a3d0130d55e34c,6,BV1Rib96EE3F,260816 【杨博文】春雪  竖屏4k直拍,meetsummer丨杨博文,2026-08-17 01:54:42,44415.0,8893.0,3514.0,4777.0,1856.0,722.0,736.0,3.0,
2026-08-25 06:30:07,https://www.bilibili.com/video/BV18jgg6BEAd/?spm_id_from=333.1387.favlist.content.click&vd_source=406d0cf895bedbdc58a3d0130d55e34c,7,BV18jgg6BEAd,【4K精剪】摇曳！摇曳！ | 杨博文直拍 | 260813 & 260814,underthepoplar,2026-08-15 13:26:46,69734.0,10110.0,7258.0,6671.0,2894.0,461.0,1147.0,5.0,
2026-08-25 06:30:07,https://www.bilibili.com/video/BV1A5vkB2E1k/?spm_id_from=333.1387.favlist.content.click&vd_source=406d0cf895bedbdc58a3d0130d55e34c,8,BV1A5vkB2E1k,【杨博文】Hey Mama六机位纯舞直拍丨15岁舞台统治者的诞生，四代主舞燃炸全场！,Kismet丨杨博文,2025-12-28 22:28:16,2809901.0,65683.0,45904.0,48019.0,27859.0,13671.0,22018.0,1.0,
2026-08-25 06:30:07,https://www.bilibili.com/video/BV1mJ64BREZY/?spm_id_from=333.337.search-card.all.click&vd_source=406d0cf895bedbdc58a3d0130d55e34c,9,BV1mJ64BREZY,【杨博文】闭嘴跳舞丨当主舞穿上西装就会得到,Kismet丨杨博文,2026-02-01 18:31:00,622194.0,35178.0,4039.0,25442.0,8600.0,447.0,654.0,1.0,
2026-08-25 06:30:07,BV1Qu816ZEoy,10,BV1Qu816ZEoy,测试用，勿点，谢谢,猫球不是毛球啊,2026-08-22 16:55:19,165.0,2.0,0.0,0.0,0.0,0.0,0.0,1.0,
2026-08-25 06:30:07,BV1Vd8B65EkU,11,BV1Vd8B65EkU,0822.3,dddddash6,2026-08-21 21:49:36,113.0,0.0,0.0,1.0,0.0,0.0,0.0,1.0,
2026-08-25 06:30:07,BV1fT8S61Ejo,12,BV1fT8S61Ejo,十一（23）,爱动手的法学生,2026-08-22 23:46:38,125.0,0.0,0.0,0.0,0.0,0.0,0.0,1.0,
2026-08-25 06:30:07,BV1bf816sE8P,13,BV1bf816sE8P,自测，误点,橙子小姐_sheep,2026-08-22 14:38:54,157.0,0.0,0.0,2.0,0.0,0.0,0.0,1.0,
2026-08-25 06:30:07,BV1Te8K6uEJt,14,BV1Te8K6uEJt,勿进勿进勿进！自测 安卓0821,cannndy_,2026-08-21 08:57:55,162.0,0.0,0.0,1.0,0.0,0.0,0.0,1.0,
2026-08-25 06:30:07,BV1au816oEjs,15,BV1au816oEjs,手机自测,熙熙哈哈oO,2026-08-22 16:55:10,240.0,0.0,0.0,0.0,0.0,0.0,0.0,1.0,
2026-08-25 06:30:07,BV1qw816eE1d,16,BV1qw816eE1d,8.22 自测视频 勿点,dgsaydhakjdhjk,2026-08-22 16:56:23,339.0,0.0,0.0,0.0,0.0,0.0,0.0,1.0,
2026-08-25 06:30:07,BV1ci8163ECY,17,BV1ci8163ECY,自测勿点,不完美是常态_,2026-08-22 15:39:32,50.0,0.0,0.0,0.0,0.0,0.0,0.0,1.0,
2026-08-25 06:30:07,BV1dw816YEau,18,,失败,,,,,,,,,,,62012.0
2026-08-25 06:30:07,BV1jg8S6yEuV,19,BV1jg8S6yEuV,自测视频,only筱筱,2026-08-22 23:58:01,243.0,1.0,0.0,0.0,0.0,0.0,0.0,1.0,
2026-08-25 06:30:07,BV1z6816qEbo,20,BV1z6816qEbo,自用,dddii点点,2026-08-22 16:38:15,229.0,1.0,0.0,0.0,0.0,0.0,0.0,1.0,
2026-08-25 06:30:07,BV1eM8168E9p,21,BV1eM8168E9p,自测勿点！！！！,dd鱿鱼须,2026-08-22 16:39:08,180.0,0.0,0.0,1.0,0.0,0.0,0.0,1.0,
2026-08-25 06:30:07,BV14i8M61EdN,22,BV14i8M61EdN,sz,我素质低你让让我,2026-08-21 12:22:44,258.0,0.0,0.0,0.0,0.0,0.0,0.0,1.0,
2026-08-25 06:30:07,BV12A826QEK4,23,BV12A826QEK4,自测 禁点,哈哈哈哈哈11_,2026-08-22 15:15:37,96.0,0.0,0.0,0.0,0.0,0.0,0.0,1.0,
2026-08-25 06:30:07,BV1St8S6wE33,24,BV1St8S6wE33,自测哦,半夏哒哒哒,2026-08-23 00:18:35,147.0,0.0,0.0,0.0,0.0,0.0,0.0,1.0,
2026-08-25 06:30:07,BV1bwbh65Eh7,25,BV1bwbh65Eh7,自测视频！勿点0817,摸鱼堡成员,2026-08-17 09:36:15,406.0,1.0,0.0,0.0,0.0,0.0,0.0,1.0,
2026-08-25 06:30:07,BV15B8r6WEQ3,26,BV15B8r6WEQ3,8.22自测勿点,刘海打歪了,2026-08-22 09:19:46,53.0,0.0,0.0,0.0,0.0,0.0,0.0,1.0,
2026-08-25 06:30:07,BV1ET8S62EvB,27,BV1ET8S62EvB,【牛小Bala】视频已打包，欢迎围观！,牛小Bala,2026-08-22 23:47:03,144.0,0.0,0.0,0.0,0.0,0.0,0.0,1.0,
2026-08-25 06:30:07,BV1kS8y6kEA8,28,BV1kS8y6kEA8,自测 勿点,MENYAOOO,2026-08-22 18:41:15,181.0,0.0,0.0,0.0,0.0,0.0,0.0,1.0,
2026-08-25 06:30:07,BV1pX8y66ELf,29,BV1pX8y66ELf,自测请勿点击,风枷锁,2026-08-22 18:47:46,187.0,1.0,0.0,1.0,0.0,0.0,0.0,1.0,
2026-08-25 06:30:07,BV1uz8y6JEAr,30,BV1uz8y6JEAr,【起司不是qs】第一支视频求三连！,起司不是qs,2026-08-22 18:20:23,180.0,0.0,0.0,0.0,0.0,0.0,0.0,1.0,
2026-08-25 06:30:07,BV1mx8m6REbb,31,BV1mx8m6REbb,自测,甜奶味羊咩,2026-08-22 20:49:17,42.0,0.0,0.0,0.0,0.0,0.0,0.0,1.0,
2026-08-25 06:30:07,BV1du8S65E6x,32,BV1du8S65E6x,测测测,羊咩_0601,2026-08-23 00:02:02,53.0,0.0,0.0,0.0,0.0,0.0,0.0,1.0,
2026-08-25 06:30:07,BV1hn8m6FEcd,33,BV1hn8m6FEcd,自测勿点,哇哦哦噢噢噢哦,2026-08-22 21:06:21,33.0,0.0,0.0,0.0,0.0,0.0,0.0,1.0,
2026-08-25 06:30:07,BV1DE8m68E2D,34,,失败,,,,,,,,,,,62012.0
2026-08-25 06:30:07,BV1jM8m6MEoA,35,BV1jM8m6MEoA,自测，勿点进,Camellia不是cc,2026-08-22 20:29:58,9.0,0.0,0.0,1.0,0.0,0.0,0.0,1.0,
2026-08-25 06:30:07,BV1gE8m6hEJ2,36,BV1gE8m6hEJ2,自测勿点,萌羊叫眠羊,2026-08-22 21:11:17,5.0,0.0,0.0,0.0,0.0,0.0,0.0,1.0,
2026-08-25 06:30:07,BV15V8S6kEYA,37,BV15V8S6kEYA,自测,kuaiqushuijiaoba,2026-08-22 23:32:08,29.0,0.0,0.0,0.0,0.0,0.0,0.0,1.0,
2026-08-25 06:30:07,BV1vG8S6VEgc,38,BV1vG8S6VEgc,8.23自测,萌是天生命TvT,2026-08-22 23:34:07,176.0,0.0,0.0,1.0,0.0,0.0,0.0,1.0,
2026-08-25 06:30:07,BV1Zg8S6CEu5,39,BV1Zg8S6CEu5,自测勿点3,北纬咩雪刊,2026-08-22 23:54:46,57.0,0.0,0.0,0.0,0.0,0.0,0.0,1.0,
2026-08-25 06:30:07,BV1s8BvBPEN5,40,BV1s8BvBPEN5,【杨博文｜4K舞台直拍】好运来祝你好运来～博文宝宝祝你新年好运来,关键时刻来瓶尖叫,2025-12-27 00:43:12,1915632.0,35055.0,17128.0,32456.0,19591.0,4339.0,4874.0,1.0,
2026-08-25 06:30:07,BV1XA6nBGEPV,41,BV1XA6nBGEPV,【4K精剪】希区考克 作品152 | 杨博文直拍 | 260131,underthepoplar,2026-02-01 00:23:17,1945873.0,24097.0,22524.0,20194.0,19011.0,4021.0,6938.0,1.0,
2026-08-25 06:30:07,BV1Phbr6NE8u,42,BV1Phbr6NE8u,【杨博文｜4K多机位直拍】管他什么音乐,Eternity丨杨博文,2026-08-18 12:37:02,1859.0,580.0,176.0,206.0,3.0,9.0,8.0,1.0,
2026-08-25 06:30:07,BV1mX8z6NEzz,43,BV1mX8z6NEzz,【4K精剪】管他什么音乐 | 杨博文直拍 | 260816,underthepoplar,2026-08-22 04:21:09,9560.0,2380.0,1330.0,1175.0,32.0,45.0,67.0,1.0,
2026-08-25 06:30:07,BV1qHbb6QErY,44,BV1qHbb6QErY,杨博文｜260816第肆象限attention<4k精剪>,61strawberry,2026-08-17 06:33:44,8482.0,1536.0,398.0,1047.0,7.0,10.0,16.0,1.0,
2026-08-25 06:30:07,BV1hibB6PEH5,45,BV1hibB6PEH5,【杨博文｜4k直拍】《春雪》我想爱你浅浅不停息～,关键时刻来瓶尖叫,2026-08-18 02:28:40,11849.0,2016.0,426.0,1221.0,4.0,19.0,67.0,1.0,
2026-08-25 06:30:07,BV1N6bi6XE5B,46,BV1N6bi6XE5B,【杨博文】骨骼谢幕丨横屏直拍丨三机位4k字幕版,Kismet丨杨博文,2026-08-17 22:20:49,41162.0,5083.0,1678.0,3280.0,1416.0,72.0,456.0,1.0,
2026-08-25 06:30:07,BV1Gggg6kEhv,47,BV1Gggg6kEhv,【杨博文｜4k直拍】溜溜的她 直拍,关键时刻来瓶尖叫,2026-08-15 05:41:55,56685.0,6016.0,1235.0,3946.0,26.0,20.0,152.0,1.0,
2026-08-25 06:30:07,BV15egs6pEJp,48,BV15egs6pEJp,杨博文｜Whiplash 2机位精剪 直拍 fancam｜4K60｜260813,LOST_杨博文,2026-08-13 23:03:07,83794.0,8114.0,1877.0,6056.0,61.0,69.0,243.0,1.0,
2026-08-25 06:30:07,BV1rqgW6hEvv,49,BV1rqgW6hEvv,【杨博文｜4k直拍】100Ways 直拍,关键时刻来瓶尖叫,2026-08-14 01:41:46,25645.0,3655.0,1457.0,2656.0,36.0,36.0,226.0,1.0,
2026-08-25 06:30:07,BV1b5uf6gEhd,50,BV1b5uf6gEhd,【杨博文】100ways丨直拍双机位丨8.13&14两日精剪,Kismet丨杨博文,2026-08-14 04:12:18,16882.0,2653.0,831.0,1813.0,18.0,17.0,89.0,1.0,
2026-08-25 06:30:07,BV1vCuf6nErK,51,BV1vCuf6nErK,【杨博文】100ways 4k直拍｜力量感爆发气场全开,游园会_杨博文,2026-08-14 03:20:46,13318.0,2244.0,605.0,1594.0,11.0,19.0,40.0,1.0,
2026-08-25 06:30:07,BV16zgA6zEkE,52,BV16zgA6zEkE,【杨博文｜4K】Whiplash 四机位精剪直拍,Eternity丨杨博文,2026-08-14 11:25:47,17890.0,4571.0,1064.0,1911.0,33.0,64.0,170.0,1.0,
2026-08-25 06:30:07,BV1Gigw6XEXN,53,BV1Gigw6XEXN,杨博文｜醉拳 3机位精剪 直拍 fancam｜4K60｜260813,LOST_杨博文,2026-08-14 13:11:22,31045.0,4881.0,2352.0,2814.0,1742.0,56.0,295.0,1.0,
2026-08-25 06:30:07,BV1k9gw6gE4U,54,BV1k9gw6gE4U,「杨博文｜爱的初体验」是不是我的十六岁 注定要为__流泪,Astra_杨博文,2026-08-14 13:49:20,18165.0,2353.0,637.0,1489.0,21.0,13.0,94.0,1.0,
2026-08-25 07:00:07,https://www.bilibili.com/video/BV1GdgW6JEe9/?spm_id_from=333.1387.favlist.content.click&vd_source=406d0cf895bedbdc58a3d0130d55e34c,0,BV1GdgW6JEe9,【杨博文｜4k直拍】Whiplash 双日直拍混剪,关键时刻来瓶尖叫,2026-08-13 23:45:41,222498.0,28161.0,22843.0,21546.0,7013.0,4693.0,8178.0,4.0,
2026-08-25 07:00:07,https://www.bilibili.com/video/BV1W5gs6KEhr/?spm_id_from=333.1387.favlist.content.click&vd_source=406d0cf895bedbdc58a3d0130d55e34c,1,BV1W5gs6KEhr,【4K精剪】异常加载中 | 杨博文直拍 | 260813,underthepoplar,2026-08-13 22:44:57,185646.0,23383.0,15822.0,17330.0,6307.0,7386.0,8620.0,6.0,
2026-08-25 07:00:07,https://www.bilibili.com/video/BV1VFbd6QEjw/spm_id_from=333.1387.favlist.content.click&vd_source=406d0cf895bedbdc58a3d0130d55e34c,2,BV1VFbd6QEjw,【杨博文｜4k直拍】管他什么音乐 直拍,关键时刻来瓶尖叫,2026-08-16 23:08:52,85281.0,6011.0,3549.0,4654.0,2681.0,562.0,18.0,7.0,
2026-08-25 07:00:07,https://www.bilibili.com/video/BV1xebR6zEkr/?spm_id_from=333.1387.favlist.content.click&vd_source=406d0cf895bedbdc58a3d0130d55e34c,3,BV1xebR6zEkr,【4K精剪】Attention | 杨博文直拍 | 260816,underthepoplar,2026-08-16 23:54:18,186224.0,16301.0,10329.0,13502.0,3182.0,1719.0,2805.0,5.0,
2026-08-25 07:00:07,https://www.bilibili.com/video/BV1s3gs6MEej/?spm_id_from=333.1387.favlist.content.click&vd_source=406d0cf895bedbdc58a3d0130d55e34c,4,BV1s3gs6MEej,【杨博文｜4k直拍】爱的初体验 直拍,关键时刻来瓶尖叫,2026-08-13 22:46:37,118308.0,12725.0,6760.0,9816.0,3476.0,523.0,2522.0,5.0,
2026-08-25 07:00:07,https://www.bilibili.com/video/BV1E2bR6hEJR/?spm_id_from=333.1387.favlist.content.click&vd_source=406d0cf895bedbdc58a3d0130d55e34c,5,BV1E2bR6hEJR,【杨博文】Attention丨直拍横屏丨16岁高中生内娱主舞的舞台掌控力丨8.16双机位4k精剪,Kismet丨杨博文,2026-08-16 22:13:05,259596.0,28534.0,14105.0,19916.0,4396.0,9687.0,11642.0,175.0,
2026-08-25 07:00:07,https://www.bilibili.com/video/BV1Rib96EE3F/?spm_id_from=333.1387.favlist.content.click&vd_source=406d0cf895bedbdc58a3d0130d55e34c,6,BV1Rib96EE3F,260816 【杨博文】春雪  竖屏4k直拍,meetsummer丨杨博文,2026-08-17 01:54:42,44432.0,8896.0,3514.0,4777.0,1856.0,722.0,736.0,7.0,
2026-08-25 07:00:07,https://www.bilibili.com/video/BV18jgg6BEAd/?spm_id_from=333.1387.favlist.content.click&vd_source=406d0cf895bedbdc58a3d0130d55e34c,7,BV18jgg6BEAd,【4K精剪】摇曳！摇曳！ | 杨博文直拍 | 260813 & 260814,underthepoplar,2026-08-15 13:26:46,69744.0,10112.0,7260.0,6672.0,2894.0,461.0,1147.0,6.0,
2026-08-25 07:00:07,https://www.bilibili.com/video/BV1A5vkB2E1k/?spm_id_from=333.1387.favlist.content.click&vd_source=406d0cf895bedbdc58a3d0130d55e34c,8,BV1A5vkB2E1k,【杨博文】Hey Mama六机位纯舞直拍丨15岁舞台统治者的诞生，四代主舞燃炸全场！,Kismet丨杨博文,2025-12-28 22:28:16,2809903.0,65683.0,45904.0,48019.0,27859.0,13671.0,22018.0,1.0,
2026-08-25 07:00:07,https://www.bilibili.com/video/BV1mJ64BREZY/?spm_id_from=333.337.search-card.all.click&vd_source=406d0cf895bedbdc58a3d0130d55e34c,9,BV1mJ64BREZY,【杨博文】闭嘴跳舞丨当主舞穿上西装就会得到,Kismet丨杨博文,2026-02-01 18:31:00,622194.0,35178.0,4039.0,25442.0,8600.0,447.0,654.0,1.0,
2026-08-25 07:00:07,BV1Qu816ZEoy,10,BV1Qu816ZEoy,测试用，勿点，谢谢,猫球不是毛球啊,2026-08-22 16:55:19,165.0,2.0,0.0,0.0,0.0,0.0,0.0,1.0,
2026-08-25 07:00:07,BV1Vd8B65EkU,11,BV1Vd8B65EkU,0822.3,dddddash6,2026-08-21 21:49:36,113.0,0.0,0.0,1.0,0.0,0.0,0.0,1.0,
2026-08-25 07:00:07,BV1fT8S61Ejo,12,BV1fT8S61Ejo,十一（23）,爱动手的法学生,2026-08-22 23:46:38,125.0,0.0,0.0,0.0,0.0,0.0,0.0,1.0,
2026-08-25 07:00:07,BV1bf816sE8P,13,BV1bf816sE8P,自测，误点,橙子小姐_sheep,2026-08-22 14:38:54,157.0,0.0,0.0,2.0,0.0,0.0,0.0,1.0,
2026-08-25 07:00:07,BV1Te8K6uEJt,14,BV1Te8K6uEJt,勿进勿进勿进！自测 安卓0821,cannndy_,2026-08-21 08:57:55,162.0,0.0,0.0,1.0,0.0,0.0,0.0,1.0,
2026-08-25 07:00:07,BV1au816oEjs,15,BV1au816oEjs,手机自测,熙熙哈哈oO,2026-08-22 16:55:10,240.0,0.0,0.0,0.0,0.0,0.0,0.0,1.0,
2026-08-25 07:00:07,BV1qw816eE1d,16,BV1qw816eE1d,8.22 自测视频 勿点,dgsaydhakjdhjk,2026-08-22 16:56:23,339.0,0.0,0.0,0.0,0.0,0.0,0.0,1.0,
2026-08-25 07:00:07,BV1ci8163ECY,17,BV1ci8163ECY,自测勿点,不完美是常态_,2026-08-22 15:39:32,50.0,0.0,0.0,0.0,0.0,0.0,0.0,1.0,
2026-08-25 07:00:07,BV1dw816YEau,18,,失败,,,,,,,,,,,62012.0
2026-08-25 07:00:07,BV1jg8S6yEuV,19,BV1jg8S6yEuV,自测视频,only筱筱,2026-08-22 23:58:01,243.0,1.0,0.0,0.0,0.0,0.0,0.0,1.0,
2026-08-25 07:00:07,BV1z6816qEbo,20,BV1z6816qEbo,自用,dddii点点,2026-08-22 16:38:15,229.0,1.0,0.0,0.0,0.0,0.0,0.0,1.0,
2026-08-25 07:00:07,BV1eM8168E9p,21,BV1eM8168E9p,自测勿点！！！！,dd鱿鱼须,2026-08-22 16:39:08,180.0,0.0,0.0,1.0,0.0,0.0,0.0,1.0,
2026-08-25 07:00:07,BV14i8M61EdN,22,BV14i8M61EdN,sz,我素质低你让让我,2026-08-21 12:22:44,258.0,0.0,0.0,0.0,0.0,0.0,0.0,1.0,
2026-08-25 07:00:07,BV12A826QEK4,23,BV12A826QEK4,自测 禁点,哈哈哈哈哈11_,2026-08-22 15:15:37,96.0,0.0,0.0,0.0,0.0,0.0,0.0,1.0,
2026-08-25 07:00:07,BV1St8S6wE33,24,BV1St8S6wE33,自测哦,半夏哒哒哒,2026-08-23 00:18:35,147.0,0.0,0.0,0.0,0.0,0.0,0.0,1.0,
2026-08-25 07:00:07,BV1bwbh65Eh7,25,BV1bwbh65Eh7,自测视频！勿点0817,摸鱼堡成员,2026-08-17 09:36:15,406.0,1.0,0.0,0.0,0.0,0.0,0.0,1.0,
2026-08-25 07:00:07,BV15B8r6WEQ3,26,BV15B8r6WEQ3,8.22自测勿点,刘海打歪了,2026-08-22 09:19:46,53.0,0.0,0.0,0.0,0.0,0.0,0.0,1.0,
2026-08-25 07:00:07,BV1ET8S62EvB,27,BV1ET8S62EvB,【牛小Bala】视频已打包，欢迎围观！,牛小Bala,2026-08-22 23:47:03,144.0,0.0,0.0,0.0,0.0,0.0,0.0,1.0,
2026-08-25 07:00:07,BV1kS8y6kEA8,28,BV1kS8y6kEA8,自测 勿点,MENYAOOO,2026-08-22 18:41:15,181.0,0.0,0.0,0.0,0.0,0.0,0.0,1.0,
2026-08-25 07:00:07,BV1pX8y66ELf,29,BV1pX8y66ELf,自测请勿点击,风枷锁,2026-08-22 18:47:46,187.0,1.0,0.0,1.0,0.0,0.0,0.0,1.0,
2026-08-25 07:00:07,BV1uz8y6JEAr,30,BV1uz8y6JEAr,【起司不是qs】第一支视频求三连！,起司不是qs,2026-08-22 18:20:23,180.0,0.0,0.0,0.0,0.0,0.0,0.0,1.0,
2026-08-25 07:00:07,BV1mx8m6REbb,31,BV1mx8m6REbb,自测,甜奶味羊咩,2026-08-22 20:49:17,42.0,0.0,0.0,0.0,0.0,0.0,0.0,1.0,
2026-08-25 07:00:07,BV1du8S65E6x,32,BV1du8S65E6x,测测测,羊咩_0601,2026-08-23 00:02:02,53.0,0.0,0.0,0.0,0.0,0.0,0.0,1.0,
2026-08-25 07:00:07,BV1hn8m6FEcd,33,BV1hn8m6FEcd,自测勿点,哇哦哦噢噢噢哦,2026-08-22 21:06:21,33.0,0.0,0.0,0.0,0.0,0.0,0.0,1.0,
2026-08-25 07:00:07,BV1DE8m68E2D,34,,失败,,,,,,,,,,,62012.0
2026-08-25 07:00:07,BV1jM8m6MEoA,35,BV1jM8m6MEoA,自测，勿点进,Camellia不是cc,2026-08-22 20:29:58,9.0,0.0,0.0,1.0,0.0,0.0,0.0,1.0,
2026-08-25 07:00:07,BV1gE8m6hEJ2,36,BV1gE8m6hEJ2,自测勿点,萌羊叫眠羊,2026-08-22 21:11:17,5.0,0.0,0.0,0.0,0.0,0.0,0.0,1.0,
2026-08-25 07:00:07,BV15V8S6kEYA,37,BV15V8S6kEYA,自测,kuaiqushuijiaoba,2026-08-22 23:32:08,29.0,0.0,0.0,0.0,0.0,0.0,0.0,1.0,
2026-08-25 07:00:07,BV1vG8S6VEgc,38,BV1vG8S6VEgc,8.23自测,萌是天生命TvT,2026-08-22 23:34:07,176.0,0.0,0.0,1.0,0.0,0.0,0.0,1.0,
2026-08-25 07:00:07,BV1Zg8S6CEu5,39,BV1Zg8S6CEu5,自测勿点3,北纬咩雪刊,2026-08-22 23:54:46,57.0,0.0,0.0,0.0,0.0,0.0,0.0,1.0,
2026-08-25 07:00:07,BV1s8BvBPEN5,40,BV1s8BvBPEN5,【杨博文｜4K舞台直拍】好运来祝你好运来～博文宝宝祝你新年好运来,关键时刻来瓶尖叫,2025-12-27 00:43:12,1915632.0,35055.0,17128.0,32456.0,19591.0,4339.0,4874.0,1.0,
2026-08-25 07:00:07,BV1XA6nBGEPV,41,BV1XA6nBGEPV,【4K精剪】希区考克 作品152 | 杨博文直拍 | 260131,underthepoplar,2026-02-01 00:23:17,1945873.0,24097.0,22524.0,20194.0,19011.0,4021.0,6938.0,1.0,
2026-08-25 07:00:07,BV1Phbr6NE8u,42,BV1Phbr6NE8u,【杨博文｜4K多机位直拍】管他什么音乐,Eternity丨杨博文,2026-08-18 12:37:02,1859.0,580.0,176.0,206.0,3.0,9.0,8.0,1.0,
2026-08-25 07:00:07,BV1mX8z6NEzz,43,BV1mX8z6NEzz,【4K精剪】管他什么音乐 | 杨博文直拍 | 260816,underthepoplar,2026-08-22 04:21:09,9569.0,2381.0,1330.0,1176.0,32.0,45.0,67.0,1.0,
2026-08-25 07:00:07,BV1qHbb6QErY,44,BV1qHbb6QErY,杨博文｜260816第肆象限attention<4k精剪>,61strawberry,2026-08-17 06:33:44,8488.0,1537.0,398.0,1048.0,7.0,10.0,16.0,1.0,
2026-08-25 07:00:07,BV1hibB6PEH5,45,BV1hibB6PEH5,【杨博文｜4k直拍】《春雪》我想爱你浅浅不停息～,关键时刻来瓶尖叫,2026-08-18 02:28:40,11853.0,2016.0,426.0,1221.0,4.0,19.0,67.0,1.0,
2026-08-25 07:00:07,BV1N6bi6XE5B,46,BV1N6bi6XE5B,【杨博文】骨骼谢幕丨横屏直拍丨三机位4k字幕版,Kismet丨杨博文,2026-08-17 22:20:49,41168.0,5084.0,1680.0,3281.0,1416.0,72.0,456.0,1.0,
2026-08-25 07:00:07,BV1Gggg6kEhv,47,BV1Gggg6kEhv,【杨博文｜4k直拍】溜溜的她 直拍,关键时刻来瓶尖叫,2026-08-15 05:41:55,56697.0,6017.0,1235.0,3947.0,26.0,20.0,152.0,1.0,
2026-08-25 07:00:07,BV15egs6pEJp,48,BV15egs6pEJp,杨博文｜Whiplash 2机位精剪 直拍 fancam｜4K60｜260813,LOST_杨博文,2026-08-13 23:03:07,83802.0,8114.0,1877.0,6056.0,61.0,69.0,243.0,1.0,
2026-08-25 07:00:07,BV1rqgW6hEvv,49,BV1rqgW6hEvv,【杨博文｜4k直拍】100Ways 直拍,关键时刻来瓶尖叫,2026-08-14 01:41:46,25649.0,3655.0,1457.0,2656.0,36.0,36.0,226.0,1.0,
2026-08-25 07:00:07,BV1b5uf6gEhd,50,BV1b5uf6gEhd,【杨博文】100ways丨直拍双机位丨8.13&14两日精剪,Kismet丨杨博文,2026-08-14 04:12:18,16884.0,2654.0,831.0,1814.0,18.0,17.0,89.0,1.0,
2026-08-25 07:00:07,BV1vCuf6nErK,51,BV1vCuf6nErK,【杨博文】100ways 4k直拍｜力量感爆发气场全开,游园会_杨博文,2026-08-14 03:20:46,13318.0,2244.0,605.0,1594.0,11.0,19.0,40.0,1.0,
2026-08-25 07:00:07,BV16zgA6zEkE,52,BV16zgA6zEkE,【杨博文｜4K】Whiplash 四机位精剪直拍,Eternity丨杨博文,2026-08-14 11:25:47,17895.0,4571.0,1064.0,1911.0,33.0,64.0,170.0,1.0,
2026-08-25 07:00:07,BV1Gigw6XEXN,53,BV1Gigw6XEXN,杨博文｜醉拳 3机位精剪 直拍 fancam｜4K60｜260813,LOST_杨博文,2026-08-14 13:11:22,31049.0,4881.0,2352.0,2814.0,1742.0,56.0,295.0,1.0,
2026-08-25 07:00:07,BV1k9gw6gE4U,54,BV1k9gw6gE4U,「杨博文｜爱的初体验」是不是我的十六岁 注定要为__流泪,Astra_杨博文,2026-08-14 13:49:20,18171.0,2353.0,637.0,1489.0,21.0,13.0,94.0,1.0,
2026-08-25 07:30:08,https://www.bilibili.com/video/BV1GdgW6JEe9/?spm_id_from=333.1387.favlist.content.click&vd_source=406d0cf895bedbdc58a3d0130d55e34c,0,BV1GdgW6JEe9,【杨博文｜4k直拍】Whiplash 双日直拍混剪,关键时刻来瓶尖叫,2026-08-13 23:45:41,222549.0,28162.0,22843.0,21546.0,7013.0,4693.0,8178.0,14.0,
2026-08-25 07:30:08,https://www.bilibili.com/video/BV1W5gs6KEhr/?spm_id_from=333.1387.favlist.content.click&vd_source=406d0cf895bedbdc58a3d0130d55e34c,1,BV1W5gs6KEhr,【4K精剪】异常加载中 | 杨博文直拍 | 260813,underthepoplar,2026-08-13 22:44:57,185685.0,23383.0,15822.0,17331.0,6307.0,7386.0,8620.0,6.0,
2026-08-25 07:30:08,https://www.bilibili.com/video/BV1VFbd6QEjw/spm_id_from=333.1387.favlist.content.click&vd_source=406d0cf895bedbdc58a3d0130d55e34c,2,BV1VFbd6QEjw,【杨博文｜4k直拍】管他什么音乐 直拍,关键时刻来瓶尖叫,2026-08-16 23:08:52,85284.0,6011.0,3550.0,4654.0,2681.0,562.0,18.0,7.0,
2026-08-25 07:30:08,https://www.bilibili.com/video/BV1xebR6zEkr/?spm_id_from=333.1387.favlist.content.click&vd_source=406d0cf895bedbdc58a3d0130d55e34c,3,BV1xebR6zEkr,【4K精剪】Attention | 杨博文直拍 | 260816,underthepoplar,2026-08-16 23:54:18,186271.0,16304.0,10329.0,13502.0,3182.0,1719.0,2805.0,7.0,
2026-08-25 07:30:08,https://www.bilibili.com/video/BV1s3gs6MEej/?spm_id_from=333.1387.favlist.content.click&vd_source=406d0cf895bedbdc58a3d0130d55e34c,4,BV1s3gs6MEej,【杨博文｜4k直拍】爱的初体验 直拍,关键时刻来瓶尖叫,2026-08-13 22:46:37,118329.0,12725.0,6760.0,9816.0,3476.0,523.0,2522.0,7.0,
2026-08-25 07:30:08,https://www.bilibili.com/video/BV1E2bR6hEJR/?spm_id_from=333.1387.favlist.content.click&vd_source=406d0cf895bedbdc58a3d0130d55e34c,5,BV1E2bR6hEJR,【杨博文】Attention丨直拍横屏丨16岁高中生内娱主舞的舞台掌控力丨8.16双机位4k精剪,Kismet丨杨博文,2026-08-16 22:13:05,259660.0,28540.0,14106.0,19919.0,4396.0,9687.0,11642.0,171.0,
2026-08-25 07:30:08,https://www.bilibili.com/video/BV1Rib96EE3F/?spm_id_from=333.1387.favlist.content.click&vd_source=406d0cf895bedbdc58a3d0130d55e34c,6,BV1Rib96EE3F,260816 【杨博文】春雪  竖屏4k直拍,meetsummer丨杨博文,2026-08-17 01:54:42,44453.0,8897.0,3514.0,4777.0,1856.0,722.0,736.0,5.0,
2026-08-25 07:30:08,https://www.bilibili.com/video/BV18jgg6BEAd/?spm_id_from=333.1387.favlist.content.click&vd_source=406d0cf895bedbdc58a3d0130d55e34c,7,BV18jgg6BEAd,【4K精剪】摇曳！摇曳！ | 杨博文直拍 | 260813 & 260814,underthepoplar,2026-08-15 13:26:46,69748.0,10113.0,7260.0,6672.0,2894.0,461.0,1147.0,8.0,
2026-08-25 07:30:08,https://www.bilibili.com/video/BV1A5vkB2E1k/?spm_id_from=333.1387.favlist.content.click&vd_source=406d0cf895bedbdc58a3d0130d55e34c,8,BV1A5vkB2E1k,【杨博文】Hey Mama六机位纯舞直拍丨15岁舞台统治者的诞生，四代主舞燃炸全场！,Kismet丨杨博文,2025-12-28 22:28:16,2809909.0,65683.0,45904.0,48019.0,27859.0,13671.0,22018.0,1.0,
2026-08-25 07:30:08,https://www.bilibili.com/video/BV1mJ64BREZY/?spm_id_from=333.337.search-card.all.click&vd_source=406d0cf895bedbdc58a3d0130d55e34c,9,BV1mJ64BREZY,【杨博文】闭嘴跳舞丨当主舞穿上西装就会得到,Kismet丨杨博文,2026-02-01 18:31:00,622194.0,35178.0,4039.0,25442.0,8600.0,447.0,654.0,1.0,
2026-08-25 07:30:08,BV1Qu816ZEoy,10,BV1Qu816ZEoy,测试用，勿点，谢谢,猫球不是毛球啊,2026-08-22 16:55:19,165.0,2.0,0.0,0.0,0.0,0.0,0.0,1.0,
2026-08-25 07:30:08,BV1Vd8B65EkU,11,BV1Vd8B65EkU,0822.3,dddddash6,2026-08-21 21:49:36,113.0,0.0,0.0,1.0,0.0,0.0,0.0,1.0,
2026-08-25 07:30:08,BV1fT8S61Ejo,12,BV1fT8S61Ejo,十一（23）,爱动手的法学生,2026-08-22 23:46:38,125.0,0.0,0.0,0.0,0.0,0.0,0.0,1.0,
2026-08-25 07:30:08,BV1bf816sE8P,13,BV1bf816sE8P,自测，误点,橙子小姐_sheep,2026-08-22 14:38:54,157.0,0.0,0.0,2.0,0.0,0.0,0.0,1.0,
2026-08-25 07:30:08,BV1Te8K6uEJt,14,BV1Te8K6uEJt,勿进勿进勿进！自测 安卓0821,cannndy_,2026-08-21 08:57:55,162.0,0.0,0.0,1.0,0.0,0.0,0.0,1.0,
2026-08-25 07:30:08,BV1au816oEjs,15,BV1au816oEjs,手机自测,熙熙哈哈oO,2026-08-22 16:55:10,241.0,0.0,0.0,0.0,0.0,0.0,0.0,1.0,
2026-08-25 07:30:08,BV1qw816eE1d,16,BV1qw816eE1d,8.22 自测视频 勿点,dgsaydhakjdhjk,2026-08-22 16:56:23,339.0,0.0,0.0,0.0,0.0,0.0,0.0,1.0,
2026-08-25 07:30:08,BV1ci8163ECY,17,BV1ci8163ECY,自测勿点,不完美是常态_,2026-08-22 15:39:32,50.0,0.0,0.0,0.0,0.0,0.0,0.0,1.0,
2026-08-25 07:30:08,BV1dw816YEau,18,,失败,,,,,,,,,,,62012.0
2026-08-25 07:30:08,BV1jg8S6yEuV,19,BV1jg8S6yEuV,自测视频,only筱筱,2026-08-22 23:58:01,243.0,1.0,0.0,0.0,0.0,0.0,0.0,1.0,
2026-08-25 07:30:08,BV1z6816qEbo,20,BV1z6816qEbo,自用,dddii点点,2026-08-22 16:38:15,229.0,1.0,0.0,0.0,0.0,0.0,0.0,1.0,
2026-08-25 07:30:08,BV1eM8168E9p,21,BV1eM8168E9p,自测勿点！！！！,dd鱿鱼须,2026-08-22 16:39:08,180.0,0.0,0.0,1.0,0.0,0.0,0.0,1.0,
2026-08-25 07:30:08,BV14i8M61EdN,22,BV14i8M61EdN,sz,我素质低你让让我,2026-08-21 12:22:44,258.0,0.0,0.0,0.0,0.0,0.0,0.0,1.0,
2026-08-25 07:30:08,BV12A826QEK4,23,BV12A826QEK4,自测 禁点,哈哈哈哈哈11_,2026-08-22 15:15:37,96.0,0.0,0.0,0.0,0.0,0.0,0.0,1.0,
2026-08-25 07:30:08,BV1St8S6wE33,24,BV1St8S6wE33,自测哦,半夏哒哒哒,2026-08-23 00:18:35,147.0,0.0,0.0,0.0,0.0,0.0,0.0,1.0,
2026-08-25 07:30:08,BV1bwbh65Eh7,25,BV1bwbh65Eh7,自测视频！勿点0817,摸鱼堡成员,2026-08-17 09:36:15,406.0,1.0,0.0,0.0,0.0,0.0,0.0,1.0,
2026-08-25 07:30:08,BV15B8r6WEQ3,26,BV15B8r6WEQ3,8.22自测勿点,刘海打歪了,2026-08-22 09:19:46,53.0,0.0,0.0,0.0,0.0,0.0,0.0,1.0,
2026-08-25 07:30:08,BV1ET8S62EvB,27,BV1ET8S62EvB,【牛小Bala】视频已打包，欢迎围观！,牛小Bala,2026-08-22 23:47:03,144.0,0.0,0.0,0.0,0.0,0.0,0.0,1.0,
2026-08-25 07:30:08,BV1kS8y6kEA8,28,BV1kS8y6kEA8,自测 勿点,MENYAOOO,2026-08-22 18:41:15,181.0,0.0,0.0,0.0,0.0,0.0,0.0,1.0,
2026-08-25 07:30:08,BV1pX8y66ELf,29,BV1pX8y66ELf,自测请勿点击,风枷锁,2026-08-22 18:47:46,187.0,1.0,0.0,1.0,0.0,0.0,0.0,1.0,
2026-08-25 07:30:08,BV1uz8y6JEAr,30,BV1uz8y6JEAr,【起司不是qs】第一支视频求三连！,起司不是qs,2026-08-22 18:20:23,180.0,0.0,0.0,0.0,0.0,0.0,0.0,1.0,
2026-08-25 07:30:08,BV1mx8m6REbb,31,BV1mx8m6REbb,自测,甜奶味羊咩,2026-08-22 20:49:17,42.0,0.0,0.0,0.0,0.0,0.0,0.0,1.0,
2026-08-25 07:30:08,BV1du8S65E6x,32,BV1du8S65E6x,测测测,羊咩_0601,2026-08-23 00:02:02,53.0,0.0,0.0,0.0,0.0,0.0,0.0,1.0,
2026-08-25 07:30:08,BV1hn8m6FEcd,33,BV1hn8m6FEcd,自测勿点,哇哦哦噢噢噢哦,2026-08-22 21:06:21,33.0,0.0,0.0,0.0,0.0,0.0,0.0,1.0,
2026-08-25 07:30:08,BV1DE8m68E2D,34,,失败,,,,,,,,,,,62012.0
2026-08-25 07:30:08,BV1jM8m6MEoA,35,BV1jM8m6MEoA,自测，勿点进,Camellia不是cc,2026-08-22 20:29:58,9.0,0.0,0.0,1.0,0.0,0.0,0.0,1.0,
2026-08-25 07:30:08,BV1gE8m6hEJ2,36,BV1gE8m6hEJ2,自测勿点,萌羊叫眠羊,2026-08-22 21:11:17,5.0,0.0,0.0,0.0,0.0,0.0,0.0,1.0,
2026-08-25 07:30:08,BV15V8S6kEYA,37,BV15V8S6kEYA,自测,kuaiqushuijiaoba,2026-08-22 23:32:08,29.0,0.0,0.0,0.0,0.0,0.0,0.0,1.0,
2026-08-25 07:30:08,BV1vG8S6VEgc,38,BV1vG8S6VEgc,8.23自测,萌是天生命TvT,2026-08-22 23:34:07,176.0,0.0,0.0,1.0,0.0,0.0,0.0,1.0,
2026-08-25 07:30:08,BV1Zg8S6CEu5,39,BV1Zg8S6CEu5,自测勿点3,北纬咩雪刊,2026-08-22 23:54:46,57.0,0.0,0.0,0.0,0.0,0.0,0.0,1.0,
2026-08-25 07:30:08,BV1s8BvBPEN5,40,BV1s8BvBPEN5,【杨博文｜4K舞台直拍】好运来祝你好运来～博文宝宝祝你新年好运来,关键时刻来瓶尖叫,2025-12-27 00:43:12,1915632.0,35055.0,17128.0,32456.0,19591.0,4339.0,4874.0,1.0,
2026-08-25 07:30:08,BV1XA6nBGEPV,41,BV1XA6nBGEPV,【4K精剪】希区考克 作品152 | 杨博文直拍 | 260131,underthepoplar,2026-02-01 00:23:17,1945875.0,24097.0,22524.0,20194.0,19011.0,4021.0,6938.0,1.0,
2026-08-25 07:30:08,BV1Phbr6NE8u,42,BV1Phbr6NE8u,【杨博文｜4K多机位直拍】管他什么音乐,Eternity丨杨博文,2026-08-18 12:37:02,1859.0,580.0,176.0,206.0,3.0,9.0,8.0,1.0,
2026-08-25 07:30:08,BV1mX8z6NEzz,43,BV1mX8z6NEzz,【4K精剪】管他什么音乐 | 杨博文直拍 | 260816,underthepoplar,2026-08-22 04:21:09,9587.0,2386.0,1330.0,1177.0,32.0,45.0,67.0,1.0,
2026-08-25 07:30:08,BV1qHbb6QErY,44,BV1qHbb6QErY,杨博文｜260816第肆象限attention<4k精剪>,61strawberry,2026-08-17 06:33:44,8493.0,1539.0,398.0,1048.0,7.0,10.0,16.0,1.0,
2026-08-25 07:30:08,BV1hibB6PEH5,45,BV1hibB6PEH5,【杨博文｜4k直拍】《春雪》我想爱你浅浅不停息～,关键时刻来瓶尖叫,2026-08-18 02:28:40,11860.0,2017.0,426.0,1222.0,4.0,19.0,67.0,1.0,
2026-08-25 07:30:08,BV1N6bi6XE5B,46,BV1N6bi6XE5B,【杨博文】骨骼谢幕丨横屏直拍丨三机位4k字幕版,Kismet丨杨博文,2026-08-17 22:20:49,41178.0,5084.0,1680.0,3281.0,1416.0,72.0,456.0,1.0,
2026-08-25 07:30:08,BV1Gggg6kEhv,47,BV1Gggg6kEhv,【杨博文｜4k直拍】溜溜的她 直拍,关键时刻来瓶尖叫,2026-08-15 05:41:55,56705.0,6017.0,1235.0,3947.0,26.0,20.0,152.0,2.0,
2026-08-25 07:30:08,BV15egs6pEJp,48,BV15egs6pEJp,杨博文｜Whiplash 2机位精剪 直拍 fancam｜4K60｜260813,LOST_杨博文,2026-08-13 23:03:07,83813.0,8116.0,1877.0,6057.0,61.0,69.0,243.0,1.0,
2026-08-25 07:30:08,BV1rqgW6hEvv,49,BV1rqgW6hEvv,【杨博文｜4k直拍】100Ways 直拍,关键时刻来瓶尖叫,2026-08-14 01:41:46,25655.0,3655.0,1457.0,2656.0,36.0,36.0,226.0,1.0,
2026-08-25 07:30:08,BV1b5uf6gEhd,50,BV1b5uf6gEhd,【杨博文】100ways丨直拍双机位丨8.13&14两日精剪,Kismet丨杨博文,2026-08-14 04:12:18,16888.0,2656.0,831.0,1815.0,18.0,17.0,89.0,1.0,
2026-08-25 07:30:08,BV1vCuf6nErK,51,BV1vCuf6nErK,【杨博文】100ways 4k直拍｜力量感爆发气场全开,游园会_杨博文,2026-08-14 03:20:46,13318.0,2244.0,605.0,1594.0,11.0,19.0,40.0,1.0,
2026-08-25 07:30:08,BV16zgA6zEkE,52,BV16zgA6zEkE,【杨博文｜4K】Whiplash 四机位精剪直拍,Eternity丨杨博文,2026-08-14 11:25:47,17902.0,4572.0,1064.0,1911.0,33.0,64.0,170.0,1.0,
2026-08-25 07:30:08,BV1Gigw6XEXN,53,BV1Gigw6XEXN,杨博文｜醉拳 3机位精剪 直拍 fancam｜4K60｜260813,LOST_杨博文,2026-08-14 13:11:22,31057.0,4881.0,2352.0,2814.0,1742.0,56.0,295.0,1.0,
2026-08-25 07:30:08,BV1k9gw6gE4U,54,BV1k9gw6gE4U,「杨博文｜爱的初体验」是不是我的十六岁 注定要为__流泪,Astra_杨博文,2026-08-14 13:49:20,18177.0,2353.0,637.0,1489.0,21.0,13.0,94.0,1.0,
2026-08-25 08:00:08,https://www.bilibili.com/video/BV1GdgW6JEe9/?spm_id_from=333.1387.favlist.content.click&vd_source=406d0cf895bedbdc58a3d0130d55e34c,0,BV1GdgW6JEe9,【杨博文｜4k直拍】Whiplash 双日直拍混剪,关键时刻来瓶尖叫,2026-08-13 23:45:41,222605.0,28166.0,22843.0,21548.0,7014.0,4693.0,8178.0,7.0,
2026-08-25 08:00:08,https://www.bilibili.com/video/BV1W5gs6KEhr/?spm_id_from=333.1387.favlist.content.click&vd_source=406d0cf895bedbdc58a3d0130d55e34c,1,BV1W5gs6KEhr,【4K精剪】异常加载中 | 杨博文直拍 | 260813,underthepoplar,2026-08-13 22:44:57,185731.0,23384.0,15824.0,17333.0,6307.0,7386.0,8620.0,10.0,
2026-08-25 08:00:08,https://www.bilibili.com/video/BV1VFbd6QEjw/spm_id_from=333.1387.favlist.content.click&vd_source=406d0cf895bedbdc58a3d0130d55e34c,2,BV1VFbd6QEjw,【杨博文｜4k直拍】管他什么音乐 直拍,关键时刻来瓶尖叫,2026-08-16 23:08:52,85288.0,6011.0,3550.0,4655.0,2681.0,562.0,18.0,7.0,
2026-08-25 08:00:08,https://www.bilibili.com/video/BV1xebR6zEkr/?spm_id_from=333.1387.favlist.content.click&vd_source=406d0cf895bedbdc58a3d0130d55e34c,3,BV1xebR6zEkr,【4K精剪】Attention | 杨博文直拍 | 260816,underthepoplar,2026-08-16 23:54:18,186334.0,16307.0,10331.0,13505.0,3182.0,1719.0,2805.0,11.0,
2026-08-25 08:00:08,https://www.bilibili.com/video/BV1s3gs6MEej/?spm_id_from=333.1387.favlist.content.click&vd_source=406d0cf895bedbdc58a3d0130d55e34c,4,BV1s3gs6MEej,【杨博文｜4k直拍】爱的初体验 直拍,关键时刻来瓶尖叫,2026-08-13 22:46:37,118355.0,12727.0,6760.0,9817.0,3476.0,523.0,2522.0,6.0,
2026-08-25 08:00:08,https://www.bilibili.com/video/BV1E2bR6hEJR/?spm_id_from=333.1387.favlist.content.click&vd_source=406d0cf895bedbdc58a3d0130d55e34c,5,BV1E2bR6hEJR,【杨博文】Attention丨直拍横屏丨16岁高中生内娱主舞的舞台掌控力丨8.16双机位4k精剪,Kismet丨杨博文,2026-08-16 22:13:05,259737.0,28547.0,14108.0,19923.0,4396.0,9687.0,11642.0,174.0,
2026-08-25 08:00:08,https://www.bilibili.com/video/BV1Rib96EE3F/?spm_id_from=333.1387.favlist.content.click&vd_source=406d0cf895bedbdc58a3d0130d55e34c,6,BV1Rib96EE3F,260816 【杨博文】春雪  竖屏4k直拍,meetsummer丨杨博文,2026-08-17 01:54:42,44477.0,8899.0,3518.0,4778.0,1856.0,722.0,736.0,5.0,
2026-08-25 08:00:08,https://www.bilibili.com/video/BV18jgg6BEAd/?spm_id_from=333.1387.favlist.content.click&vd_source=406d0cf895bedbdc58a3d0130d55e34c,7,BV18jgg6BEAd,【4K精剪】摇曳！摇曳！ | 杨博文直拍 | 260813 & 260814,underthepoplar,2026-08-15 13:26:46,69757.0,10113.0,7260.0,6672.0,2894.0,461.0,1147.0,5.0,
2026-08-25 08:00:08,https://www.bilibili.com/video/BV1A5vkB2E1k/?spm_id_from=333.1387.favlist.content.click&vd_source=406d0cf895bedbdc58a3d0130d55e34c,8,BV1A5vkB2E1k,【杨博文】Hey Mama六机位纯舞直拍丨15岁舞台统治者的诞生，四代主舞燃炸全场！,Kismet丨杨博文,2025-12-28 22:28:16,2809911.0,65683.0,45904.0,48019.0,27859.0,13671.0,22018.0,1.0,
2026-08-25 08:00:08,https://www.bilibili.com/video/BV1mJ64BREZY/?spm_id_from=333.337.search-card.all.click&vd_source=406d0cf895bedbdc58a3d0130d55e34c,9,BV1mJ64BREZY,【杨博文】闭嘴跳舞丨当主舞穿上西装就会得到,Kismet丨杨博文,2026-02-01 18:31:00,622195.0,35178.0,4039.0,25442.0,8600.0,447.0,654.0,1.0,
2026-08-25 08:00:08,BV1Qu816ZEoy,10,BV1Qu816ZEoy,测试用，勿点，谢谢,猫球不是毛球啊,2026-08-22 16:55:19,165.0,2.0,0.0,0.0,0.0,0.0,0.0,1.0,
2026-08-25 08:00:08,BV1Vd8B65EkU,11,BV1Vd8B65EkU,0822.3,dddddash6,2026-08-21 21:49:36,113.0,0.0,0.0,1.0,0.0,0.0,0.0,1.0,
2026-08-25 08:00:08,BV1fT8S61Ejo,12,BV1fT8S61Ejo,十一（23）,爱动手的法学生,2026-08-22 23:46:38,125.0,0.0,0.0,0.0,0.0,0.0,0.0,1.0,
2026-08-25 08:00:08,BV1bf816sE8P,13,BV1bf816sE8P,自测，误点,橙子小姐_sheep,2026-08-22 14:38:54,157.0,0.0,0.0,2.0,0.0,0.0,0.0,1.0,
2026-08-25 08:00:08,BV1Te8K6uEJt,14,BV1Te8K6uEJt,勿进勿进勿进！自测 安卓0821,cannndy_,2026-08-21 08:57:55,162.0,0.0,0.0,1.0,0.0,0.0,0.0,1.0,
2026-08-25 08:00:08,BV1au816oEjs,15,BV1au816oEjs,手机自测,熙熙哈哈oO,2026-08-22 16:55:10,241.0,0.0,0.0,0.0,0.0,0.0,0.0,1.0,
2026-08-25 08:00:08,BV1qw816eE1d,16,BV1qw816eE1d,8.22 自测视频 勿点,dgsaydhakjdhjk,2026-08-22 16:56:23,339.0,0.0,0.0,0.0,0.0,0.0,0.0,1.0,
2026-08-25 08:00:08,BV1ci8163ECY,17,BV1ci8163ECY,自测勿点,不完美是常态_,2026-08-22 15:39:32,50.0,0.0,0.0,0.0,0.0,0.0,0.0,1.0,
2026-08-25 08:00:08,BV1dw816YEau,18,,失败,,,,,,,,,,,62012.0
2026-08-25 08:00:08,BV1jg8S6yEuV,19,BV1jg8S6yEuV,自测视频,only筱筱,2026-08-22 23:58:01,243.0,1.0,0.0,0.0,0.0,0.0,0.0,1.0,
2026-08-25 08:00:08,BV1z6816qEbo,20,BV1z6816qEbo,自用,dddii点点,2026-08-22 16:38:15,229.0,1.0,0.0,0.0,0.0,0.0,0.0,1.0,
2026-08-25 08:00:08,BV1eM8168E9p,21,BV1eM8168E9p,自测勿点！！！！,dd鱿鱼须,2026-08-22 16:39:08,180.0,0.0,0.0,1.0,0.0,0.0,0.0,1.0,
2026-08-25 08:00:08,BV14i8M61EdN,22,BV14i8M61EdN,sz,我素质低你让让我,2026-08-21 12:22:44,258.0,0.0,0.0,0.0,0.0,0.0,0.0,1.0,
2026-08-25 08:00:08,BV12A826QEK4,23,BV12A826QEK4,自测 禁点,哈哈哈哈哈11_,2026-08-22 15:15:37,96.0,0.0,0.0,0.0,0.0,0.0,0.0,1.0,
2026-08-25 08:00:08,BV1St8S6wE33,24,BV1St8S6wE33,自测哦,半夏哒哒哒,2026-08-23 00:18:35,147.0,0.0,0.0,0.0,0.0,0.0,0.0,1.0,
2026-08-25 08:00:08,BV1bwbh65Eh7,25,BV1bwbh65Eh7,自测视频！勿点0817,摸鱼堡成员,2026-08-17 09:36:15,406.0,1.0,0.0,0.0,0.0,0.0,0.0,1.0,
2026-08-25 08:00:08,BV15B8r6WEQ3,26,BV15B8r6WEQ3,8.22自测勿点,刘海打歪了,2026-08-22 09:19:46,53.0,0.0,0.0,0.0,0.0,0.0,0.0,1.0,
2026-08-25 08:00:08,BV1ET8S62EvB,27,BV1ET8S62EvB,【牛小Bala】视频已打包，欢迎围观！,牛小Bala,2026-08-22 23:47:03,144.0,0.0,0.0,0.0,0.0,0.0,0.0,1.0,
2026-08-25 08:00:08,BV1kS8y6kEA8,28,BV1kS8y6kEA8,自测 勿点,MENYAOOO,2026-08-22 18:41:15,181.0,0.0,0.0,0.0,0.0,0.0,0.0,1.0,
2026-08-25 08:00:08,BV1pX8y66ELf,29,BV1pX8y66ELf,自测请勿点击,风枷锁,2026-08-22 18:47:46,187.0,1.0,0.0,1.0,0.0,0.0,0.0,1.0,
2026-08-25 08:00:08,BV1uz8y6JEAr,30,BV1uz8y6JEAr,【起司不是qs】第一支视频求三连！,起司不是qs,2026-08-22 18:20:23,180.0,0.0,0.0,0.0,0.0,0.0,0.0,1.0,
2026-08-25 08:00:08,BV1mx8m6REbb,31,BV1mx8m6REbb,自测,甜奶味羊咩,2026-08-22 20:49:17,42.0,0.0,0.0,0.0,0.0,0.0,0.0,1.0,
2026-08-25 08:00:08,BV1du8S65E6x,32,BV1du8S65E6x,测测测,羊咩_0601,2026-08-23 00:02:02,53.0,0.0,0.0,0.0,0.0,0.0,0.0,1.0,
2026-08-25 08:00:08,BV1hn8m6FEcd,33,BV1hn8m6FEcd,自测勿点,哇哦哦噢噢噢哦,2026-08-22 21:06:21,33.0,0.0,0.0,0.0,0.0,0.0,0.0,1.0,
2026-08-25 08:00:08,BV1DE8m68E2D,34,,失败,,,,,,,,,,,62012.0
2026-08-25 08:00:08,BV1jM8m6MEoA,35,BV1jM8m6MEoA,自测，勿点进,Camellia不是cc,2026-08-22 20:29:58,9.0,0.0,0.0,1.0,0.0,0.0,0.0,1.0,
2026-08-25 08:00:08,BV1gE8m6hEJ2,36,BV1gE8m6hEJ2,自测勿点,萌羊叫眠羊,2026-08-22 21:11:17,5.0,0.0,0.0,0.0,0.0,0.0,0.0,1.0,
2026-08-25 08:00:08,BV15V8S6kEYA,37,BV15V8S6kEYA,自测,kuaiqushuijiaoba,2026-08-22 23:32:08,30.0,0.0,0.0,0.0,0.0,0.0,0.0,1.0,
2026-08-25 08:00:08,BV1vG8S6VEgc,38,BV1vG8S6VEgc,8.23自测,萌是天生命TvT,2026-08-22 23:34:07,176.0,0.0,0.0,1.0,0.0,0.0,0.0,1.0,
2026-08-25 08:00:08,BV1Zg8S6CEu5,39,BV1Zg8S6CEu5,自测勿点3,北纬咩雪刊,2026-08-22 23:54:46,57.0,0.0,0.0,0.0,0.0,0.0,0.0,1.0,
2026-08-25 08:00:08,BV1s8BvBPEN5,40,BV1s8BvBPEN5,【杨博文｜4K舞台直拍】好运来祝你好运来～博文宝宝祝你新年好运来,关键时刻来瓶尖叫,2025-12-27 00:43:12,1915634.0,35056.0,17128.0,32456.0,19591.0,4339.0,4874.0,1.0,
2026-08-25 08:00:08,BV1XA6nBGEPV,41,BV1XA6nBGEPV,【4K精剪】希区考克 作品152 | 杨博文直拍 | 260131,underthepoplar,2026-02-01 00:23:17,1945877.0,24098.0,22524.0,20195.0,19011.0,4021.0,6938.0,1.0,
2026-08-25 08:00:08,BV1Phbr6NE8u,42,BV1Phbr6NE8u,【杨博文｜4K多机位直拍】管他什么音乐,Eternity丨杨博文,2026-08-18 12:37:02,1860.0,581.0,176.0,206.0,3.0,9.0,8.0,1.0,
2026-08-25 08:00:08,BV1mX8z6NEzz,43,BV1mX8z6NEzz,【4K精剪】管他什么音乐 | 杨博文直拍 | 260816,underthepoplar,2026-08-22 04:21:09,9603.0,2388.0,1330.0,1178.0,32.0,45.0,67.0,1.0,
2026-08-25 08:00:08,BV1qHbb6QErY,44,BV1qHbb6QErY,杨博文｜260816第肆象限attention<4k精剪>,61strawberry,2026-08-17 06:33:44,8501.0,1539.0,398.0,1048.0,7.0,10.0,16.0,1.0,
2026-08-25 08:00:08,BV1hibB6PEH5,45,BV1hibB6PEH5,【杨博文｜4k直拍】《春雪》我想爱你浅浅不停息～,关键时刻来瓶尖叫,2026-08-18 02:28:40,11870.0,2018.0,426.0,1222.0,4.0,19.0,67.0,1.0,
2026-08-25 08:00:08,BV1N6bi6XE5B,46,BV1N6bi6XE5B,【杨博文】骨骼谢幕丨横屏直拍丨三机位4k字幕版,Kismet丨杨博文,2026-08-17 22:20:49,41188.0,5086.0,1680.0,3281.0,1416.0,72.0,456.0,1.0,
2026-08-25 08:00:08,BV1Gggg6kEhv,47,BV1Gggg6kEhv,【杨博文｜4k直拍】溜溜的她 直拍,关键时刻来瓶尖叫,2026-08-15 05:41:55,56722.0,6017.0,1235.0,3948.0,26.0,20.0,152.0,3.0,
2026-08-25 08:00:08,BV15egs6pEJp,48,BV15egs6pEJp,杨博文｜Whiplash 2机位精剪 直拍 fancam｜4K60｜260813,LOST_杨博文,2026-08-13 23:03:07,83828.0,8117.0,1877.0,6057.0,61.0,69.0,243.0,1.0,
2026-08-25 08:00:08,BV1rqgW6hEvv,49,BV1rqgW6hEvv,【杨博文｜4k直拍】100Ways 直拍,关键时刻来瓶尖叫,2026-08-14 01:41:46,25661.0,3656.0,1457.0,2656.0,36.0,36.0,226.0,1.0,
2026-08-25 08:00:08,BV1b5uf6gEhd,50,BV1b5uf6gEhd,【杨博文】100ways丨直拍双机位丨8.13&14两日精剪,Kismet丨杨博文,2026-08-14 04:12:18,16891.0,2657.0,831.0,1816.0,18.0,17.0,89.0,1.0,
2026-08-25 08:00:08,BV1vCuf6nErK,51,BV1vCuf6nErK,【杨博文】100ways 4k直拍｜力量感爆发气场全开,游园会_杨博文,2026-08-14 03:20:46,13318.0,2244.0,605.0,1594.0,11.0,19.0,40.0,1.0,
2026-08-25 08:00:08,BV16zgA6zEkE,52,BV16zgA6zEkE,【杨博文｜4K】Whiplash 四机位精剪直拍,Eternity丨杨博文,2026-08-14 11:25:47,17915.0,4573.0,1064.0,1911.0,33.0,64.0,170.0,1.0,
2026-08-25 08:00:08,BV1Gigw6XEXN,53,BV1Gigw6XEXN,杨博文｜醉拳 3机位精剪 直拍 fancam｜4K60｜260813,LOST_杨博文,2026-08-14 13:11:22,31062.0,4881.0,2352.0,2814.0,1742.0,56.0,295.0,1.0,
2026-08-25 08:00:08,BV1k9gw6gE4U,54,BV1k9gw6gE4U,「杨博文｜爱的初体验」是不是我的十六岁 注定要为__流泪,Astra_杨博文,2026-08-14 13:49:20,18189.0,2354.0,637.0,1489.0,21.0,13.0,94.0,1.0,
2026-08-25 08:30:09,https://www.bilibili.com/video/BV1GdgW6JEe9/?spm_id_from=333.1387.favlist.content.click&vd_source=406d0cf895bedbdc58a3d0130d55e34c,0,BV1GdgW6JEe9,【杨博文｜4k直拍】Whiplash 双日直拍混剪,关键时刻来瓶尖叫,2026-08-13 23:45:41,222670.0,28169.0,22843.0,21550.0,7014.0,4693.0,8178.0,14.0,
2026-08-25 08:30:09,https://www.bilibili.com/video/BV1W5gs6KEhr/?spm_id_from=333.1387.favlist.content.click&vd_source=406d0cf895bedbdc58a3d0130d55e34c,1,BV1W5gs6KEhr,【4K精剪】异常加载中 | 杨博文直拍 | 260813,underthepoplar,2026-08-13 22:44:57,185778.0,23387.0,15824.0,17333.0,6307.0,7386.0,8621.0,9.0,
2026-08-25 08:30:09,https://www.bilibili.com/video/BV1VFbd6QEjw/spm_id_from=333.1387.favlist.content.click&vd_source=406d0cf895bedbdc58a3d0130d55e34c,2,BV1VFbd6QEjw,【杨博文｜4k直拍】管他什么音乐 直拍,关键时刻来瓶尖叫,2026-08-16 23:08:52,85297.0,6012.0,3550.0,4655.0,2681.0,562.0,18.0,4.0,
2026-08-25 08:30:09,https://www.bilibili.com/video/BV1xebR6zEkr/?spm_id_from=333.1387.favlist.content.click&vd_source=406d0cf895bedbdc58a3d0130d55e34c,3,BV1xebR6zEkr,【4K精剪】Attention | 杨博文直拍 | 260816,underthepoplar,2026-08-16 23:54:18,186394.0,16311.0,10331.0,13511.0,3182.0,1719.0,2805.0,9.0,
2026-08-25 08:30:09,https://www.bilibili.com/video/BV1s3gs6MEej/?spm_id_from=333.1387.favlist.content.click&vd_source=406d0cf895bedbdc58a3d0130d55e34c,4,BV1s3gs6MEej,【杨博文｜4k直拍】爱的初体验 直拍,关键时刻来瓶尖叫,2026-08-13 22:46:37,118375.0,12728.0,6760.0,9817.0,3476.0,523.0,2522.0,5.0,
2026-08-25 08:30:09,https://www.bilibili.com/video/BV1E2bR6hEJR/?spm_id_from=333.1387.favlist.content.click&vd_source=406d0cf895bedbdc58a3d0130d55e34c,5,BV1E2bR6hEJR,【杨博文】Attention丨直拍横屏丨16岁高中生内娱主舞的舞台掌控力丨8.16双机位4k精剪,Kismet丨杨博文,2026-08-16 22:13:05,259837.0,28550.0,14110.0,19929.0,4396.0,9687.0,11644.0,174.0,
2026-08-25 08:30:09,https://www.bilibili.com/video/BV1Rib96EE3F/?spm_id_from=333.1387.favlist.content.click&vd_source=406d0cf895bedbdc58a3d0130d55e34c,6,BV1Rib96EE3F,260816 【杨博文】春雪  竖屏4k直拍,meetsummer丨杨博文,2026-08-17 01:54:42,44496.0,8902.0,3520.0,4778.0,1856.0,722.0,736.0,2.0,
2026-08-25 08:30:09,https://www.bilibili.com/video/BV18jgg6BEAd/?spm_id_from=333.1387.favlist.content.click&vd_source=406d0cf895bedbdc58a3d0130d55e34c,7,BV18jgg6BEAd,【4K精剪】摇曳！摇曳！ | 杨博文直拍 | 260813 & 260814,underthepoplar,2026-08-15 13:26:46,69771.0,10113.0,7260.0,6671.0,2894.0,461.0,1147.0,6.0,
2026-08-25 08:30:09,https://www.bilibili.com/video/BV1A5vkB2E1k/?spm_id_from=333.1387.favlist.content.click&vd_source=406d0cf895bedbdc58a3d0130d55e34c,8,BV1A5vkB2E1k,【杨博文】Hey Mama六机位纯舞直拍丨15岁舞台统治者的诞生，四代主舞燃炸全场！,Kismet丨杨博文,2025-12-28 22:28:16,2809917.0,65683.0,45904.0,48019.0,27859.0,13671.0,22018.0,1.0,
2026-08-25 08:30:09,https://www.bilibili.com/video/BV1mJ64BREZY/?spm_id_from=333.337.search-card.all.click&vd_source=406d0cf895bedbdc58a3d0130d55e34c,9,BV1mJ64BREZY,【杨博文】闭嘴跳舞丨当主舞穿上西装就会得到,Kismet丨杨博文,2026-02-01 18:31:00,622195.0,35178.0,4039.0,25442.0,8600.0,447.0,654.0,1.0,
2026-08-25 08:30:09,BV1Qu816ZEoy,10,BV1Qu816ZEoy,测试用，勿点，谢谢,猫球不是毛球啊,2026-08-22 16:55:19,165.0,2.0,0.0,0.0,0.0,0.0,0.0,1.0,
2026-08-25 08:30:09,BV1Vd8B65EkU,11,BV1Vd8B65EkU,0822.3,dddddash6,2026-08-21 21:49:36,113.0,0.0,0.0,1.0,0.0,0.0,0.0,1.0,
2026-08-25 08:30:09,BV1fT8S61Ejo,12,BV1fT8S61Ejo,十一（23）,爱动手的法学生,2026-08-22 23:46:38,125.0,0.0,0.0,0.0,0.0,0.0,0.0,1.0,
2026-08-25 08:30:09,BV1bf816sE8P,13,BV1bf816sE8P,自测，误点,橙子小姐_sheep,2026-08-22 14:38:54,157.0,0.0,0.0,2.0,0.0,0.0,0.0,1.0,
2026-08-25 08:30:09,BV1Te8K6uEJt,14,BV1Te8K6uEJt,勿进勿进勿进！自测 安卓0821,cannndy_,2026-08-21 08:57:55,162.0,0.0,0.0,1.0,0.0,0.0,0.0,1.0,
2026-08-25 08:30:09,BV1au816oEjs,15,BV1au816oEjs,手机自测,熙熙哈哈oO,2026-08-22 16:55:10,241.0,0.0,0.0,0.0,0.0,0.0,0.0,1.0,
2026-08-25 08:30:09,BV1qw816eE1d,16,BV1qw816eE1d,8.22 自测视频 勿点,dgsaydhakjdhjk,2026-08-22 16:56:23,341.0,0.0,0.0,0.0,0.0,0.0,0.0,1.0,
2026-08-25 08:30:09,BV1ci8163ECY,17,BV1ci8163ECY,自测勿点,不完美是常态_,2026-08-22 15:39:32,50.0,0.0,0.0,0.0,0.0,0.0,0.0,1.0,
2026-08-25 08:30:09,BV1dw816YEau,18,,失败,,,,,,,,,,,62012.0
2026-08-25 08:30:09,BV1jg8S6yEuV,19,BV1jg8S6yEuV,自测视频,only筱筱,2026-08-22 23:58:01,243.0,1.0,0.0,0.0,0.0,0.0,0.0,1.0,
2026-08-25 08:30:09,BV1z6816qEbo,20,BV1z6816qEbo,自用,dddii点点,2026-08-22 16:38:15,229.0,1.0,0.0,0.0,0.0,0.0,0.0,1.0,
2026-08-25 08:30:09,BV1eM8168E9p,21,BV1eM8168E9p,自测勿点！！！！,dd鱿鱼须,2026-08-22 16:39:08,180.0,0.0,0.0,1.0,0.0,0.0,0.0,1.0,
2026-08-25 08:30:09,BV14i8M61EdN,22,BV14i8M61EdN,sz,我素质低你让让我,2026-08-21 12:22:44,258.0,0.0,0.0,0.0,0.0,0.0,0.0,1.0,
2026-08-25 08:30:09,BV12A826QEK4,23,BV12A826QEK4,自测 禁点,哈哈哈哈哈11_,2026-08-22 15:15:37,96.0,0.0,0.0,0.0,0.0,0.0,0.0,1.0,
2026-08-25 08:30:09,BV1St8S6wE33,24,BV1St8S6wE33,自测哦,半夏哒哒哒,2026-08-23 00:18:35,147.0,0.0,0.0,0.0,0.0,0.0,0.0,1.0,
2026-08-25 08:30:09,BV1bwbh65Eh7,25,BV1bwbh65Eh7,自测视频！勿点0817,摸鱼堡成员,2026-08-17 09:36:15,406.0,1.0,0.0,0.0,0.0,0.0,0.0,1.0,
2026-08-25 08:30:09,BV15B8r6WEQ3,26,BV15B8r6WEQ3,8.22自测勿点,刘海打歪了,2026-08-22 09:19:46,53.0,0.0,0.0,0.0,0.0,0.0,0.0,1.0,
2026-08-25 08:30:09,BV1ET8S62EvB,27,BV1ET8S62EvB,【牛小Bala】视频已打包，欢迎围观！,牛小Bala,2026-08-22 23:47:03,144.0,0.0,0.0,0.0,0.0,0.0,0.0,1.0,
2026-08-25 08:30:09,BV1kS8y6kEA8,28,BV1kS8y6kEA8,自测 勿点,MENYAOOO,2026-08-22 18:41:15,181.0,0.0,0.0,0.0,0.0,0.0,0.0,1.0,
2026-08-25 08:30:09,BV1pX8y66ELf,29,BV1pX8y66ELf,自测请勿点击,风枷锁,2026-08-22 18:47:46,187.0,1.0,0.0,1.0,0.0,0.0,0.0,1.0,
2026-08-25 08:30:09,BV1uz8y6JEAr,30,BV1uz8y6JEAr,【起司不是qs】第一支视频求三连！,起司不是qs,2026-08-22 18:20:23,180.0,0.0,0.0,0.0,0.0,0.0,0.0,1.0,
2026-08-25 08:30:09,BV1mx8m6REbb,31,BV1mx8m6REbb,自测,甜奶味羊咩,2026-08-22 20:49:17,42.0,0.0,0.0,0.0,0.0,0.0,0.0,1.0,
2026-08-25 08:30:09,BV1du8S65E6x,32,BV1du8S65E6x,测测测,羊咩_0601,2026-08-23 00:02:02,53.0,0.0,0.0,0.0,0.0,0.0,0.0,1.0,
2026-08-25 08:30:09,BV1hn8m6FEcd,33,BV1hn8m6FEcd,自测勿点,哇哦哦噢噢噢哦,2026-08-22 21:06:21,33.0,0.0,0.0,0.0,0.0,0.0,0.0,1.0,
2026-08-25 08:30:09,BV1DE8m68E2D,34,,失败,,,,,,,,,,,62012.0
2026-08-25 08:30:09,BV1jM8m6MEoA,35,BV1jM8m6MEoA,自测，勿点进,Camellia不是cc,2026-08-22 20:29:58,9.0,0.0,0.0,1.0,0.0,0.0,0.0,1.0,
2026-08-25 08:30:09,BV1gE8m6hEJ2,36,BV1gE8m6hEJ2,自测勿点,萌羊叫眠羊,2026-08-22 21:11:17,5.0,0.0,0.0,0.0,0.0,0.0,0.0,1.0,
2026-08-25 08:30:09,BV15V8S6kEYA,37,BV15V8S6kEYA,自测,kuaiqushuijiaoba,2026-08-22 23:32:08,30.0,0.0,0.0,0.0,0.0,0.0,0.0,1.0,
2026-08-25 08:30:09,BV1vG8S6VEgc,38,BV1vG8S6VEgc,8.23自测,萌是天生命TvT,2026-08-22 23:34:07,176.0,0.0,0.0,1.0,0.0,0.0,0.0,1.0,
2026-08-25 08:30:09,BV1Zg8S6CEu5,39,BV1Zg8S6CEu5,自测勿点3,北纬咩雪刊,2026-08-22 23:54:46,57.0,0.0,0.0,0.0,0.0,0.0,0.0,1.0,
2026-08-25 08:30:09,BV1s8BvBPEN5,40,BV1s8BvBPEN5,【杨博文｜4K舞台直拍】好运来祝你好运来～博文宝宝祝你新年好运来,关键时刻来瓶尖叫,2025-12-27 00:43:12,1915634.0,35056.0,17128.0,32455.0,19591.0,4339.0,4874.0,1.0,
2026-08-25 08:30:09,BV1XA6nBGEPV,41,BV1XA6nBGEPV,【4K精剪】希区考克 作品152 | 杨博文直拍 | 260131,underthepoplar,2026-02-01 00:23:17,1945877.0,24098.0,22524.0,20195.0,19011.0,4021.0,6938.0,1.0,
2026-08-25 08:30:09,BV1Phbr6NE8u,42,BV1Phbr6NE8u,【杨博文｜4K多机位直拍】管他什么音乐,Eternity丨杨博文,2026-08-18 12:37:02,1861.0,581.0,176.0,206.0,3.0,9.0,8.0,1.0,
2026-08-25 08:30:09,BV1mX8z6NEzz,43,BV1mX8z6NEzz,【4K精剪】管他什么音乐 | 杨博文直拍 | 260816,underthepoplar,2026-08-22 04:21:09,9622.0,2390.0,1330.0,1179.0,32.0,45.0,67.0,1.0,
2026-08-25 08:30:09,BV1qHbb6QErY,44,BV1qHbb6QErY,杨博文｜260816第肆象限attention<4k精剪>,61strawberry,2026-08-17 06:33:44,8507.0,1539.0,398.0,1048.0,7.0,10.0,16.0,1.0,
2026-08-25 08:30:09,BV1hibB6PEH5,45,BV1hibB6PEH5,【杨博文｜4k直拍】《春雪》我想爱你浅浅不停息～,关键时刻来瓶尖叫,2026-08-18 02:28:40,11877.0,2019.0,426.0,1223.0,4.0,19.0,67.0,1.0,
2026-08-25 08:30:09,BV1N6bi6XE5B,46,BV1N6bi6XE5B,【杨博文】骨骼谢幕丨横屏直拍丨三机位4k字幕版,Kismet丨杨博文,2026-08-17 22:20:49,41198.0,5085.0,1680.0,3281.0,1416.0,72.0,456.0,1.0,
2026-08-25 08:30:09,BV1Gggg6kEhv,47,BV1Gggg6kEhv,【杨博文｜4k直拍】溜溜的她 直拍,关键时刻来瓶尖叫,2026-08-15 05:41:55,56747.0,6017.0,1235.0,3948.0,26.0,20.0,152.0,3.0,
2026-08-25 08:30:09,BV15egs6pEJp,48,BV15egs6pEJp,杨博文｜Whiplash 2机位精剪 直拍 fancam｜4K60｜260813,LOST_杨博文,2026-08-13 23:03:07,83843.0,8121.0,1877.0,6058.0,61.0,69.0,243.0,1.0,
2026-08-25 08:30:09,BV1rqgW6hEvv,49,BV1rqgW6hEvv,【杨博文｜4k直拍】100Ways 直拍,关键时刻来瓶尖叫,2026-08-14 01:41:46,25663.0,3657.0,1457.0,2656.0,36.0,36.0,226.0,1.0,
2026-08-25 08:30:09,BV1b5uf6gEhd,50,BV1b5uf6gEhd,【杨博文】100ways丨直拍双机位丨8.13&14两日精剪,Kismet丨杨博文,2026-08-14 04:12:18,16893.0,2657.0,831.0,1816.0,18.0,17.0,89.0,1.0,
2026-08-25 08:30:09,BV1vCuf6nErK,51,BV1vCuf6nErK,【杨博文】100ways 4k直拍｜力量感爆发气场全开,游园会_杨博文,2026-08-14 03:20:46,13320.0,2244.0,605.0,1594.0,11.0,19.0,40.0,1.0,
2026-08-25 08:30:09,BV16zgA6zEkE,52,BV16zgA6zEkE,【杨博文｜4K】Whiplash 四机位精剪直拍,Eternity丨杨博文,2026-08-14 11:25:47,17929.0,4577.0,1064.0,1914.0,33.0,64.0,170.0,1.0,
2026-08-25 08:30:09,BV1Gigw6XEXN,53,BV1Gigw6XEXN,杨博文｜醉拳 3机位精剪 直拍 fancam｜4K60｜260813,LOST_杨博文,2026-08-14 13:11:22,31066.0,4881.0,2352.0,2814.0,1742.0,56.0,295.0,1.0,
2026-08-25 08:30:09,BV1k9gw6gE4U,54,BV1k9gw6gE4U,「杨博文｜爱的初体验」是不是我的十六岁 注定要为__流泪,Astra_杨博文,2026-08-14 13:49:20,18194.0,2354.0,637.0,1489.0,21.0,13.0,94.0,1.0,
2026-08-25 09:00:09,https://www.bilibili.com/video/BV1GdgW6JEe9/?spm_id_from=333.1387.favlist.content.click&vd_source=406d0cf895bedbdc58a3d0130d55e34c,0,BV1GdgW6JEe9,【杨博文｜4k直拍】Whiplash 双日直拍混剪,关键时刻来瓶尖叫,2026-08-13 23:45:41,222759.0,28169.0,22843.0,21553.0,7014.0,4693.0,8178.0,15.0,
2026-08-25 09:00:09,https://www.bilibili.com/video/BV1W5gs6KEhr/?spm_id_from=333.1387.favlist.content.click&vd_source=406d0cf895bedbdc58a3d0130d55e34c,1,BV1W5gs6KEhr,【4K精剪】异常加载中 | 杨博文直拍 | 260813,underthepoplar,2026-08-13 22:44:57,185840.0,23388.0,15824.0,17337.0,6307.0,7386.0,8624.0,9.0,
2026-08-25 09:00:09,https://www.bilibili.com/video/BV1VFbd6QEjw/spm_id_from=333.1387.favlist.content.click&vd_source=406d0cf895bedbdc58a3d0130d55e34c,2,BV1VFbd6QEjw,【杨博文｜4k直拍】管他什么音乐 直拍,关键时刻来瓶尖叫,2026-08-16 23:08:52,85312.0,6012.0,3550.0,4656.0,2681.0,562.0,18.0,5.0,
2026-08-25 09:00:09,https://www.bilibili.com/video/BV1xebR6zEkr/?spm_id_from=333.1387.favlist.content.click&vd_source=406d0cf895bedbdc58a3d0130d55e34c,3,BV1xebR6zEkr,【4K精剪】Attention | 杨博文直拍 | 260816,underthepoplar,2026-08-16 23:54:18,186486.0,16320.0,10338.0,13518.0,3182.0,1719.0,2805.0,17.0,
2026-08-25 09:00:09,https://www.bilibili.com/video/BV1s3gs6MEej/?spm_id_from=333.1387.favlist.content.click&vd_source=406d0cf895bedbdc58a3d0130d55e34c,4,BV1s3gs6MEej,【杨博文｜4k直拍】爱的初体验 直拍,关键时刻来瓶尖叫,2026-08-13 22:46:37,118421.0,12732.0,6760.0,9819.0,3476.0,523.0,2522.0,10.0,
2026-08-25 09:00:09,https://www.bilibili.com/video/BV1E2bR6hEJR/?spm_id_from=333.1387.favlist.content.click&vd_source=406d0cf895bedbdc58a3d0130d55e34c,5,BV1E2bR6hEJR,【杨博文】Attention丨直拍横屏丨16岁高中生内娱主舞的舞台掌控力丨8.16双机位4k精剪,Kismet丨杨博文,2026-08-16 22:13:05,259970.0,28563.0,14117.0,19942.0,4399.0,9688.0,11645.0,181.0,
2026-08-25 09:00:09,https://www.bilibili.com/video/BV1Rib96EE3F/?spm_id_from=333.1387.favlist.content.click&vd_source=406d0cf895bedbdc58a3d0130d55e34c,6,BV1Rib96EE3F,260816 【杨博文】春雪  竖屏4k直拍,meetsummer丨杨博文,2026-08-17 01:54:42,44532.0,8905.0,3522.0,4780.0,1856.0,722.0,736.0,5.0,
2026-08-25 09:00:09,https://www.bilibili.com/video/BV18jgg6BEAd/?spm_id_from=333.1387.favlist.content.click&vd_source=406d0cf895bedbdc58a3d0130d55e34c,7,BV18jgg6BEAd,【4K精剪】摇曳！摇曳！ | 杨博文直拍 | 260813 & 260814,underthepoplar,2026-08-15 13:26:46,69797.0,10119.0,7260.0,6673.0,2894.0,461.0,1147.0,6.0,
2026-08-25 09:00:09,https://www.bilibili.com/video/BV1A5vkB2E1k/?spm_id_from=333.1387.favlist.content.click&vd_source=406d0cf895bedbdc58a3d0130d55e34c,8,BV1A5vkB2E1k,【杨博文】Hey Mama六机位纯舞直拍丨15岁舞台统治者的诞生，四代主舞燃炸全场！,Kismet丨杨博文,2025-12-28 22:28:16,2809924.0,65684.0,45904.0,48019.0,27859.0,13671.0,22018.0,1.0,
2026-08-25 09:00:09,https://www.bilibili.com/video/BV1mJ64BREZY/?spm_id_from=333.337.search-card.all.click&vd_source=406d0cf895bedbdc58a3d0130d55e34c,9,BV1mJ64BREZY,【杨博文】闭嘴跳舞丨当主舞穿上西装就会得到,Kismet丨杨博文,2026-02-01 18:31:00,622195.0,35178.0,4039.0,25441.0,8600.0,447.0,654.0,1.0,
2026-08-25 09:00:09,BV1Qu816ZEoy,10,BV1Qu816ZEoy,测试用，勿点，谢谢,猫球不是毛球啊,2026-08-22 16:55:19,165.0,2.0,0.0,0.0,0.0,0.0,0.0,1.0,
2026-08-25 09:00:09,BV1Vd8B65EkU,11,BV1Vd8B65EkU,0822.3,dddddash6,2026-08-21 21:49:36,113.0,0.0,0.0,1.0,0.0,0.0,0.0,1.0,
2026-08-25 09:00:09,BV1fT8S61Ejo,12,BV1fT8S61Ejo,十一（23）,爱动手的法学生,2026-08-22 23:46:38,125.0,0.0,0.0,0.0,0.0,0.0,0.0,1.0,
2026-08-25 09:00:09,BV1bf816sE8P,13,BV1bf816sE8P,自测，误点,橙子小姐_sheep,2026-08-22 14:38:54,157.0,0.0,0.0,2.0,0.0,0.0,0.0,1.0,
2026-08-25 09:00:09,BV1Te8K6uEJt,14,BV1Te8K6uEJt,勿进勿进勿进！自测 安卓0821,cannndy_,2026-08-21 08:57:55,162.0,0.0,0.0,1.0,0.0,0.0,0.0,1.0,
2026-08-25 09:00:09,BV1au816oEjs,15,BV1au816oEjs,手机自测,熙熙哈哈oO,2026-08-22 16:55:10,245.0,0.0,0.0,0.0,0.0,0.0,0.0,1.0,
2026-08-25 09:00:09,BV1qw816eE1d,16,BV1qw816eE1d,8.22 自测视频 勿点,dgsaydhakjdhjk,2026-08-22 16:56:23,341.0,0.0,0.0,0.0,0.0,0.0,0.0,1.0,
2026-08-25 09:00:09,BV1ci8163ECY,17,BV1ci8163ECY,自测勿点,不完美是常态_,2026-08-22 15:39:32,50.0,0.0,0.0,0.0,0.0,0.0,0.0,1.0,
2026-08-25 09:00:09,BV1dw816YEau,18,,失败,,,,,,,,,,,62012.0
2026-08-25 09:00:09,BV1jg8S6yEuV,19,BV1jg8S6yEuV,自测视频,only筱筱,2026-08-22 23:58:01,243.0,1.0,0.0,0.0,0.0,0.0,0.0,1.0,
2026-08-25 09:00:09,BV1z6816qEbo,20,BV1z6816qEbo,自用,dddii点点,2026-08-22 16:38:15,229.0,1.0,0.0,0.0,0.0,0.0,0.0,1.0,
2026-08-25 09:00:09,BV1eM8168E9p,21,BV1eM8168E9p,自测勿点！！！！,dd鱿鱼须,2026-08-22 16:39:08,180.0,0.0,0.0,1.0,0.0,0.0,0.0,1.0,
2026-08-25 09:00:09,BV14i8M61EdN,22,BV14i8M61EdN,sz,我素质低你让让我,2026-08-21 12:22:44,258.0,0.0,0.0,0.0,0.0,0.0,0.0,1.0,
2026-08-25 09:00:09,BV12A826QEK4,23,BV12A826QEK4,自测 禁点,哈哈哈哈哈11_,2026-08-22 15:15:37,96.0,0.0,0.0,0.0,0.0,0.0,0.0,1.0,
2026-08-25 09:00:09,BV1St8S6wE33,24,BV1St8S6wE33,自测哦,半夏哒哒哒,2026-08-23 00:18:35,147.0,0.0,0.0,0.0,0.0,0.0,0.0,1.0,
2026-08-25 09:00:09,BV1bwbh65Eh7,25,BV1bwbh65Eh7,自测视频！勿点0817,摸鱼堡成员,2026-08-17 09:36:15,406.0,1.0,0.0,0.0,0.0,0.0,0.0,1.0,
2026-08-25 09:00:09,BV15B8r6WEQ3,26,BV15B8r6WEQ3,8.22自测勿点,刘海打歪了,2026-08-22 09:19:46,53.0,0.0,0.0,0.0,0.0,0.0,0.0,1.0,
2026-08-25 09:00:09,BV1ET8S62EvB,27,BV1ET8S62EvB,【牛小Bala】视频已打包，欢迎围观！,牛小Bala,2026-08-22 23:47:03,144.0,0.0,0.0,0.0,0.0,0.0,0.0,1.0,
2026-08-25 09:00:09,BV1kS8y6kEA8,28,BV1kS8y6kEA8,自测 勿点,MENYAOOO,2026-08-22 18:41:15,181.0,0.0,0.0,0.0,0.0,0.0,0.0,1.0,
2026-08-25 09:00:09,BV1pX8y66ELf,29,BV1pX8y66ELf,自测请勿点击,风枷锁,2026-08-22 18:47:46,187.0,1.0,0.0,1.0,0.0,0.0,0.0,1.0,
2026-08-25 09:00:09,BV1uz8y6JEAr,30,BV1uz8y6JEAr,【起司不是qs】第一支视频求三连！,起司不是qs,2026-08-22 18:20:23,180.0,0.0,0.0,0.0,0.0,0.0,0.0,1.0,
2026-08-25 09:00:09,BV1mx8m6REbb,31,BV1mx8m6REbb,自测,甜奶味羊咩,2026-08-22 20:49:17,42.0,0.0,0.0,0.0,0.0,0.0,0.0,1.0,
2026-08-25 09:00:09,BV1du8S65E6x,32,BV1du8S65E6x,测测测,羊咩_0601,2026-08-23 00:02:02,53.0,0.0,0.0,0.0,0.0,0.0,0.0,1.0,
2026-08-25 09:00:09,BV1hn8m6FEcd,33,BV1hn8m6FEcd,自测勿点,哇哦哦噢噢噢哦,2026-08-22 21:06:21,33.0,0.0,0.0,0.0,0.0,0.0,0.0,1.0,
2026-08-25 09:00:09,BV1DE8m68E2D,34,,失败,,,,,,,,,,,62012.0
2026-08-25 09:00:09,BV1jM8m6MEoA,35,BV1jM8m6MEoA,自测，勿点进,Camellia不是cc,2026-08-22 20:29:58,9.0,0.0,0.0,1.0,0.0,0.0,0.0,1.0,
2026-08-25 09:00:09,BV1gE8m6hEJ2,36,BV1gE8m6hEJ2,自测勿点,萌羊叫眠羊,2026-08-22 21:11:17,5.0,0.0,0.0,0.0,0.0,0.0,0.0,1.0,
2026-08-25 09:00:09,BV15V8S6kEYA,37,BV15V8S6kEYA,自测,kuaiqushuijiaoba,2026-08-22 23:32:08,30.0,0.0,0.0,0.0,0.0,0.0,0.0,1.0,
2026-08-25 09:00:09,BV1vG8S6VEgc,38,BV1vG8S6VEgc,8.23自测,萌是天生命TvT,2026-08-22 23:34:07,176.0,0.0,0.0,1.0,0.0,0.0,0.0,1.0,
2026-08-25 09:00:09,BV1Zg8S6CEu5,39,BV1Zg8S6CEu5,自测勿点3,北纬咩雪刊,2026-08-22 23:54:46,57.0,0.0,0.0,0.0,0.0,0.0,0.0,1.0,
2026-08-25 09:00:09,BV1s8BvBPEN5,40,BV1s8BvBPEN5,【杨博文｜4K舞台直拍】好运来祝你好运来～博文宝宝祝你新年好运来,关键时刻来瓶尖叫,2025-12-27 00:43:12,1915635.0,35056.0,17128.0,32455.0,19591.0,4339.0,4874.0,1.0,
2026-08-25 09:00:09,BV1XA6nBGEPV,41,BV1XA6nBGEPV,【4K精剪】希区考克 作品152 | 杨博文直拍 | 260131,underthepoplar,2026-02-01 00:23:17,1945883.0,24099.0,22526.0,20196.0,19011.0,4021.0,6938.0,1.0,
2026-08-25 09:00:09,BV1Phbr6NE8u,42,BV1Phbr6NE8u,【杨博文｜4K多机位直拍】管他什么音乐,Eternity丨杨博文,2026-08-18 12:37:02,1861.0,581.0,176.0,206.0,3.0,9.0,8.0,1.0,
2026-08-25 09:00:09,BV1mX8z6NEzz,43,BV1mX8z6NEzz,【4K精剪】管他什么音乐 | 杨博文直拍 | 260816,underthepoplar,2026-08-22 04:21:09,9654.0,2391.0,1330.0,1180.0,32.0,45.0,67.0,5.0,
2026-08-25 09:00:09,BV1qHbb6QErY,44,BV1qHbb6QErY,杨博文｜260816第肆象限attention<4k精剪>,61strawberry,2026-08-17 06:33:44,8511.0,1540.0,400.0,1048.0,7.0,11.0,16.0,1.0,
2026-08-25 09:00:09,BV1hibB6PEH5,45,BV1hibB6PEH5,【杨博文｜4k直拍】《春雪》我想爱你浅浅不停息～,关键时刻来瓶尖叫,2026-08-18 02:28:40,11884.0,2019.0,426.0,1223.0,4.0,19.0,67.0,1.0,
2026-08-25 09:00:09,BV1N6bi6XE5B,46,BV1N6bi6XE5B,【杨博文】骨骼谢幕丨横屏直拍丨三机位4k字幕版,Kismet丨杨博文,2026-08-17 22:20:49,41214.0,5087.0,1680.0,3282.0,1416.0,72.0,456.0,1.0,
2026-08-25 09:00:09,BV1Gggg6kEhv,47,BV1Gggg6kEhv,【杨博文｜4k直拍】溜溜的她 直拍,关键时刻来瓶尖叫,2026-08-15 05:41:55,56780.0,6020.0,1235.0,3951.0,26.0,20.0,152.0,2.0,
2026-08-25 09:00:09,BV15egs6pEJp,48,BV15egs6pEJp,杨博文｜Whiplash 2机位精剪 直拍 fancam｜4K60｜260813,LOST_杨博文,2026-08-13 23:03:07,83860.0,8123.0,1877.0,6059.0,61.0,69.0,243.0,1.0,
2026-08-25 09:00:09,BV1rqgW6hEvv,49,BV1rqgW6hEvv,【杨博文｜4k直拍】100Ways 直拍,关键时刻来瓶尖叫,2026-08-14 01:41:46,25672.0,3658.0,1459.0,2656.0,36.0,36.0,226.0,1.0,
2026-08-25 09:00:09,BV1b5uf6gEhd,50,BV1b5uf6gEhd,【杨博文】100ways丨直拍双机位丨8.13&14两日精剪,Kismet丨杨博文,2026-08-14 04:12:18,16895.0,2657.0,831.0,1816.0,18.0,17.0,89.0,1.0,
2026-08-25 09:00:09,BV1vCuf6nErK,51,BV1vCuf6nErK,【杨博文】100ways 4k直拍｜力量感爆发气场全开,游园会_杨博文,2026-08-14 03:20:46,13323.0,2244.0,605.0,1594.0,11.0,19.0,40.0,1.0,
2026-08-25 09:00:09,BV16zgA6zEkE,52,BV16zgA6zEkE,【杨博文｜4K】Whiplash 四机位精剪直拍,Eternity丨杨博文,2026-08-14 11:25:47,17954.0,4581.0,1064.0,1915.0,33.0,64.0,170.0,1.0,
2026-08-25 09:00:09,BV1Gigw6XEXN,53,BV1Gigw6XEXN,杨博文｜醉拳 3机位精剪 直拍 fancam｜4K60｜260813,LOST_杨博文,2026-08-14 13:11:22,31067.0,4881.0,2352.0,2814.0,1742.0,56.0,295.0,1.0,
2026-08-25 09:00:09,BV1k9gw6gE4U,54,BV1k9gw6gE4U,「杨博文｜爱的初体验」是不是我的十六岁 注定要为__流泪,Astra_杨博文,2026-08-14 13:49:20,18203.0,2354.0,637.0,1489.0,21.0,13.0,94.0,1.0,
2026-08-25 09:30:00,https://www.bilibili.com/video/BV1GdgW6JEe9/?spm_id_from=333.1387.favlist.content.click&vd_source=406d0cf895bedbdc58a3d0130d55e34c,0,BV1GdgW6JEe9,【杨博文｜4k直拍】Whiplash 双日直拍混剪,关键时刻来瓶尖叫,2026-08-13 23:45:41,222873.0,28170.0,22846.0,21554.0,7014.0,4693.0,8178.0,18.0,
2026-08-25 09:30:00,https://www.bilibili.com/video/BV1W5gs6KEhr/?spm_id_from=333.1387.favlist.content.click&vd_source=406d0cf895bedbdc58a3d0130d55e34c,1,BV1W5gs6KEhr,【4K精剪】异常加载中 | 杨博文直拍 | 260813,underthepoplar,2026-08-13 22:44:57,185909.0,23388.0,15826.0,17337.0,6307.0,7386.0,8624.0,13.0,
2026-08-25 09:30:00,https://www.bilibili.com/video/BV1VFbd6QEjw/spm_id_from=333.1387.favlist.content.click&vd_source=406d0cf895bedbdc58a3d0130d55e34c,2,BV1VFbd6QEjw,【杨博文｜4k直拍】管他什么音乐 直拍,关键时刻来瓶尖叫,2026-08-16 23:08:52,85329.0,6013.0,3550.0,4657.0,2681.0,562.0,21.0,9.0,
2026-08-25 09:30:00,https://www.bilibili.com/video/BV1xebR6zEkr/?spm_id_from=333.1387.favlist.content.click&vd_source=406d0cf895bedbdc58a3d0130d55e34c,3,BV1xebR6zEkr,【4K精剪】Attention | 杨博文直拍 | 260816,underthepoplar,2026-08-16 23:54:18,186600.0,16326.0,10342.0,13523.0,3182.0,1719.0,2805.0,16.0,
2026-08-25 09:30:00,https://www.bilibili.com/video/BV1s3gs6MEej/?spm_id_from=333.1387.favlist.content.click&vd_source=406d0cf895bedbdc58a3d0130d55e34c,4,BV1s3gs6MEej,【杨博文｜4k直拍】爱的初体验 直拍,关键时刻来瓶尖叫,2026-08-13 22:46:37,118473.0,12732.0,6760.0,9819.0,3476.0,523.0,2522.0,17.0,
2026-08-25 09:30:00,https://www.bilibili.com/video/BV1E2bR6hEJR/?spm_id_from=333.1387.favlist.content.click&vd_source=406d0cf895bedbdc58a3d0130d55e34c,5,BV1E2bR6hEJR,【杨博文】Attention丨直拍横屏丨16岁高中生内娱主舞的舞台掌控力丨8.16双机位4k精剪,Kismet丨杨博文,2026-08-16 22:13:05,260165.0,28576.0,14123.0,19950.0,4400.0,9689.0,11657.0,187.0,
2026-08-25 09:30:00,https://www.bilibili.com/video/BV1Rib96EE3F/?spm_id_from=333.1387.favlist.content.click&vd_source=406d0cf895bedbdc58a3d0130d55e34c,6,BV1Rib96EE3F,260816 【杨博文】春雪  竖屏4k直拍,meetsummer丨杨博文,2026-08-17 01:54:42,44578.0,8908.0,3522.0,4782.0,1856.0,722.0,736.0,7.0,
2026-08-25 09:30:00,https://www.bilibili.com/video/BV18jgg6BEAd/?spm_id_from=333.1387.favlist.content.click&vd_source=406d0cf895bedbdc58a3d0130d55e34c,7,BV18jgg6BEAd,【4K精剪】摇曳！摇曳！ | 杨博文直拍 | 260813 & 260814,underthepoplar,2026-08-15 13:26:46,69837.0,10123.0,7260.0,6676.0,2894.0,461.0,1147.0,9.0,
2026-08-25 09:30:00,https://www.bilibili.com/video/BV1A5vkB2E1k/?spm_id_from=333.1387.favlist.content.click&vd_source=406d0cf895bedbdc58a3d0130d55e34c,8,BV1A5vkB2E1k,【杨博文】Hey Mama六机位纯舞直拍丨15岁舞台统治者的诞生，四代主舞燃炸全场！,Kismet丨杨博文,2025-12-28 22:28:16,2809933.0,65684.0,45904.0,48020.0,27859.0,13671.0,22018.0,1.0,
2026-08-25 09:30:00,https://www.bilibili.com/video/BV1mJ64BREZY/?spm_id_from=333.337.search-card.all.click&vd_source=406d0cf895bedbdc58a3d0130d55e34c,9,BV1mJ64BREZY,【杨博文】闭嘴跳舞丨当主舞穿上西装就会得到,Kismet丨杨博文,2026-02-01 18:31:00,622198.0,35178.0,4039.0,25441.0,8600.0,447.0,654.0,1.0,
2026-08-25 09:30:00,BV1Qu816ZEoy,10,BV1Qu816ZEoy,测试用，勿点，谢谢,猫球不是毛球啊,2026-08-22 16:55:19,165.0,2.0,0.0,0.0,0.0,0.0,0.0,1.0,
2026-08-25 09:30:00,BV1Vd8B65EkU,11,BV1Vd8B65EkU,0822.3,dddddash6,2026-08-21 21:49:36,113.0,0.0,0.0,1.0,0.0,0.0,0.0,1.0,
2026-08-25 09:30:00,BV1fT8S61Ejo,12,BV1fT8S61Ejo,十一（23）,爱动手的法学生,2026-08-22 23:46:38,125.0,0.0,0.0,0.0,0.0,0.0,0.0,1.0,
2026-08-25 09:30:00,BV1bf816sE8P,13,BV1bf816sE8P,自测，误点,橙子小姐_sheep,2026-08-22 14:38:54,157.0,0.0,0.0,2.0,0.0,0.0,0.0,1.0,
2026-08-25 09:30:00,BV1Te8K6uEJt,14,BV1Te8K6uEJt,勿进勿进勿进！自测 安卓0821,cannndy_,2026-08-21 08:57:55,162.0,0.0,0.0,1.0,0.0,0.0,0.0,1.0,
2026-08-25 09:30:00,BV1au816oEjs,15,BV1au816oEjs,手机自测,熙熙哈哈oO,2026-08-22 16:55:10,250.0,0.0,0.0,0.0,0.0,0.0,0.0,1.0,
2026-08-25 09:30:00,BV1qw816eE1d,16,BV1qw816eE1d,8.22 自测视频 勿点,dgsaydhakjdhjk,2026-08-22 16:56:23,342.0,0.0,0.0,0.0,0.0,0.0,0.0,1.0,
2026-08-25 09:30:00,BV1ci8163ECY,17,BV1ci8163ECY,自测勿点,不完美是常态_,2026-08-22 15:39:32,50.0,0.0,0.0,0.0,0.0,0.0,0.0,1.0,
2026-08-25 09:30:00,BV1dw816YEau,18,,失败,,,,,,,,,,,62012.0
2026-08-25 09:30:00,BV1jg8S6yEuV,19,BV1jg8S6yEuV,自测视频,only筱筱,2026-08-22 23:58:01,243.0,1.0,0.0,0.0,0.0,0.0,0.0,1.0,
2026-08-25 09:30:00,BV1z6816qEbo,20,BV1z6816qEbo,自用,dddii点点,2026-08-22 16:38:15,229.0,1.0,0.0,0.0,0.0,0.0,0.0,1.0,
2026-08-25 09:30:00,BV1eM8168E9p,21,BV1eM8168E9p,自测勿点！！！！,dd鱿鱼须,2026-08-22 16:39:08,180.0,0.0,0.0,1.0,0.0,0.0,0.0,1.0,
2026-08-25 09:30:00,BV14i8M61EdN,22,BV14i8M61EdN,sz,我素质低你让让我,2026-08-21 12:22:44,258.0,0.0,0.0,0.0,0.0,0.0,0.0,1.0,
2026-08-25 09:30:00,BV12A826QEK4,23,BV12A826QEK4,自测 禁点,哈哈哈哈哈11_,2026-08-22 15:15:37,96.0,0.0,0.0,0.0,0.0,0.0,0.0,1.0,
2026-08-25 09:30:00,BV1St8S6wE33,24,BV1St8S6wE33,自测哦,半夏哒哒哒,2026-08-23 00:18:35,147.0,0.0,0.0,0.0,0.0,0.0,0.0,1.0,
2026-08-25 09:30:00,BV1bwbh65Eh7,25,BV1bwbh65Eh7,自测视频！勿点0817,摸鱼堡成员,2026-08-17 09:36:15,406.0,1.0,0.0,0.0,0.0,0.0,0.0,1.0,
2026-08-25 09:30:00,BV15B8r6WEQ3,26,BV15B8r6WEQ3,8.22自测勿点,刘海打歪了,2026-08-22 09:19:46,53.0,0.0,0.0,0.0,0.0,0.0,0.0,1.0,
2026-08-25 09:30:00,BV1ET8S62EvB,27,BV1ET8S62EvB,【牛小Bala】视频已打包，欢迎围观！,牛小Bala,2026-08-22 23:47:03,146.0,0.0,0.0,0.0,0.0,0.0,0.0,1.0,
2026-08-25 09:30:00,BV1kS8y6kEA8,28,BV1kS8y6kEA8,自测 勿点,MENYAOOO,2026-08-22 18:41:15,181.0,0.0,0.0,0.0,0.0,0.0,0.0,1.0,
2026-08-25 09:30:00,BV1pX8y66ELf,29,BV1pX8y66ELf,自测请勿点击,风枷锁,2026-08-22 18:47:46,187.0,1.0,0.0,1.0,0.0,0.0,0.0,1.0,
2026-08-25 09:30:00,BV1uz8y6JEAr,30,BV1uz8y6JEAr,【起司不是qs】第一支视频求三连！,起司不是qs,2026-08-22 18:20:23,180.0,0.0,0.0,0.0,0.0,0.0,0.0,1.0,
2026-08-25 09:30:00,BV1mx8m6REbb,31,BV1mx8m6REbb,自测,甜奶味羊咩,2026-08-22 20:49:17,42.0,0.0,0.0,0.0,0.0,0.0,0.0,1.0,
2026-08-25 09:30:00,BV1du8S65E6x,32,BV1du8S65E6x,测测测,羊咩_0601,2026-08-23 00:02:02,53.0,0.0,0.0,0.0,0.0,0.0,0.0,1.0,
2026-08-25 09:30:00,BV1hn8m6FEcd,33,BV1hn8m6FEcd,自测勿点,哇哦哦噢噢噢哦,2026-08-22 21:06:21,33.0,0.0,0.0,0.0,0.0,0.0,0.0,1.0,
2026-08-25 09:30:00,BV1DE8m68E2D,34,,失败,,,,,,,,,,,62012.0
2026-08-25 09:30:00,BV1jM8m6MEoA,35,BV1jM8m6MEoA,自测，勿点进,Camellia不是cc,2026-08-22 20:29:58,9.0,0.0,0.0,1.0,0.0,0.0,0.0,1.0,
2026-08-25 09:30:00,BV1gE8m6hEJ2,36,BV1gE8m6hEJ2,自测勿点,萌羊叫眠羊,2026-08-22 21:11:17,5.0,0.0,0.0,0.0,0.0,0.0,0.0,1.0,
2026-08-25 09:30:00,BV15V8S6kEYA,37,BV15V8S6kEYA,自测,kuaiqushuijiaoba,2026-08-22 23:32:08,31.0,0.0,0.0,0.0,0.0,0.0,0.0,1.0,
2026-08-25 09:30:00,BV1vG8S6VEgc,38,BV1vG8S6VEgc,8.23自测,萌是天生命TvT,2026-08-22 23:34:07,176.0,0.0,0.0,1.0,0.0,0.0,0.0,1.0,
2026-08-25 09:30:00,BV1Zg8S6CEu5,39,BV1Zg8S6CEu5,自测勿点3,北纬咩雪刊,2026-08-22 23:54:46,57.0,0.0,0.0,0.0,0.0,0.0,0.0,1.0,
2026-08-25 09:30:00,BV1s8BvBPEN5,40,BV1s8BvBPEN5,【杨博文｜4K舞台直拍】好运来祝你好运来～博文宝宝祝你新年好运来,关键时刻来瓶尖叫,2025-12-27 00:43:12,1915640.0,35056.0,17128.0,32455.0,19591.0,4339.0,4874.0,1.0,
2026-08-25 09:30:00,BV1XA6nBGEPV,41,BV1XA6nBGEPV,【4K精剪】希区考克 作品152 | 杨博文直拍 | 260131,underthepoplar,2026-02-01 00:23:17,1945887.0,24099.0,22526.0,20196.0,19011.0,4021.0,6938.0,1.0,
2026-08-25 09:30:00,BV1Phbr6NE8u,42,BV1Phbr6NE8u,【杨博文｜4K多机位直拍】管他什么音乐,Eternity丨杨博文,2026-08-18 12:37:02,1862.0,581.0,176.0,206.0,3.0,9.0,8.0,1.0,
2026-08-25 09:30:00,BV1mX8z6NEzz,43,BV1mX8z6NEzz,【4K精剪】管他什么音乐 | 杨博文直拍 | 260816,underthepoplar,2026-08-22 04:21:09,9700.0,2396.0,1333.0,1183.0,32.0,45.0,67.0,1.0,
2026-08-25 09:30:00,BV1qHbb6QErY,44,BV1qHbb6QErY,杨博文｜260816第肆象限attention<4k精剪>,61strawberry,2026-08-17 06:33:44,8522.0,1540.0,400.0,1048.0,7.0,11.0,16.0,1.0,
2026-08-25 09:30:00,BV1hibB6PEH5,45,BV1hibB6PEH5,【杨博文｜4k直拍】《春雪》我想爱你浅浅不停息～,关键时刻来瓶尖叫,2026-08-18 02:28:40,11894.0,2020.0,426.0,1225.0,4.0,19.0,67.0,1.0,
2026-08-25 09:30:00,BV1N6bi6XE5B,46,BV1N6bi6XE5B,【杨博文】骨骼谢幕丨横屏直拍丨三机位4k字幕版,Kismet丨杨博文,2026-08-17 22:20:49,41231.0,5087.0,1680.0,3282.0,1416.0,72.0,456.0,3.0,
2026-08-25 09:30:00,BV1Gggg6kEhv,47,BV1Gggg6kEhv,【杨博文｜4k直拍】溜溜的她 直拍,关键时刻来瓶尖叫,2026-08-15 05:41:55,56817.0,6022.0,1237.0,3951.0,26.0,20.0,152.0,2.0,
2026-08-25 09:30:00,BV15egs6pEJp,48,BV15egs6pEJp,杨博文｜Whiplash 2机位精剪 直拍 fancam｜4K60｜260813,LOST_杨博文,2026-08-13 23:03:07,84188.0,8132.0,1877.0,6063.0,61.0,69.0,243.0,12.0,
2026-08-25 09:30:00,BV1rqgW6hEvv,49,BV1rqgW6hEvv,【杨博文｜4k直拍】100Ways 直拍,关键时刻来瓶尖叫,2026-08-14 01:41:46,25680.0,3659.0,1461.0,2657.0,36.0,36.0,226.0,1.0,
2026-08-25 09:30:00,BV1b5uf6gEhd,50,BV1b5uf6gEhd,【杨博文】100ways丨直拍双机位丨8.13&14两日精剪,Kismet丨杨博文,2026-08-14 04:12:18,16899.0,2657.0,831.0,1816.0,18.0,17.0,89.0,1.0,
2026-08-25 09:30:00,BV1vCuf6nErK,51,BV1vCuf6nErK,【杨博文】100ways 4k直拍｜力量感爆发气场全开,游园会_杨博文,2026-08-14 03:20:46,13325.0,2244.0,605.0,1594.0,11.0,19.0,40.0,1.0,
2026-08-25 09:30:00,BV16zgA6zEkE,52,BV16zgA6zEkE,【杨博文｜4K】Whiplash 四机位精剪直拍,Eternity丨杨博文,2026-08-14 11:25:47,17972.0,4584.0,1064.0,1917.0,33.0,64.0,170.0,1.0,
2026-08-25 09:30:00,BV1Gigw6XEXN,53,BV1Gigw6XEXN,杨博文｜醉拳 3机位精剪 直拍 fancam｜4K60｜260813,LOST_杨博文,2026-08-14 13:11:22,31071.0,4882.0,2352.0,2815.0,1742.0,56.0,295.0,1.0,
2026-08-25 09:30:00,BV1k9gw6gE4U,54,BV1k9gw6gE4U,「杨博文｜爱的初体验」是不是我的十六岁 注定要为__流泪,Astra_杨博文,2026-08-14 13:49:20,18214.0,2354.0,637.0,1489.0,21.0,13.0,94.0,1.0,
2026-08-25 10:00:00,https://www.bilibili.com/video/BV1GdgW6JEe9/?spm_id_from=333.1387.favlist.content.click&vd_source=406d0cf895bedbdc58a3d0130d55e34c,0,BV1GdgW6JEe9,【杨博文｜4k直拍】Whiplash 双日直拍混剪,关键时刻来瓶尖叫,2026-08-13 23:45:41,222999.0,28172.0,22847.0,21556.0,7014.0,4693.0,8178.0,19.0,
2026-08-25 10:00:00,https://www.bilibili.com/video/BV1W5gs6KEhr/?spm_id_from=333.1387.favlist.content.click&vd_source=406d0cf895bedbdc58a3d0130d55e34c,1,BV1W5gs6KEhr,【4K精剪】异常加载中 | 杨博文直拍 | 260813,underthepoplar,2026-08-13 22:44:57,185991.0,23394.0,15828.0,17341.0,6307.0,7386.0,8624.0,18.0,
2026-08-25 10:00:00,https://www.bilibili.com/video/BV1VFbd6QEjw/spm_id_from=333.1387.favlist.content.click&vd_source=406d0cf895bedbdc58a3d0130d55e34c,2,BV1VFbd6QEjw,【杨博文｜4k直拍】管他什么音乐 直拍,关键时刻来瓶尖叫,2026-08-16 23:08:52,85358.0,6014.0,3552.0,4658.0,2681.0,562.0,24.0,5.0,
2026-08-25 10:00:00,https://www.bilibili.com/video/BV1xebR6zEkr/?spm_id_from=333.1387.favlist.content.click&vd_source=406d0cf895bedbdc58a3d0130d55e34c,3,BV1xebR6zEkr,【4K精剪】Attention | 杨博文直拍 | 260816,underthepoplar,2026-08-16 23:54:18,186750.0,16340.0,10354.0,13534.0,3182.0,1720.0,2805.0,19.0,
2026-08-25 10:00:00,https://www.bilibili.com/video/BV1s3gs6MEej/?spm_id_from=333.1387.favlist.content.click&vd_source=406d0cf895bedbdc58a3d0130d55e34c,4,BV1s3gs6MEej,【杨博文｜4k直拍】爱的初体验 直拍,关键时刻来瓶尖叫,2026-08-13 22:46:37,118547.0,12735.0,6760.0,9821.0,3476.0,523.0,2522.0,11.0,
2026-08-25 10:00:00,https://www.bilibili.com/video/BV1E2bR6hEJR/?spm_id_from=333.1387.favlist.content.click&vd_source=406d0cf895bedbdc58a3d0130d55e34c,5,BV1E2bR6hEJR,【杨博文】Attention丨直拍横屏丨16岁高中生内娱主舞的舞台掌控力丨8.16双机位4k精剪,Kismet丨杨博文,2026-08-16 22:13:05,260357.0,28589.0,14124.0,19955.0,4402.0,9700.0,11659.0,189.0,
2026-08-25 10:00:00,https://www.bilibili.com/video/BV1Rib96EE3F/?spm_id_from=333.1387.favlist.content.click&vd_source=406d0cf895bedbdc58a3d0130d55e34c,6,BV1Rib96EE3F,260816 【杨博文】春雪  竖屏4k直拍,meetsummer丨杨博文,2026-08-17 01:54:42,44644.0,8916.0,3522.0,4784.0,1857.0,722.0,736.0,4.0,
2026-08-25 10:00:00,https://www.bilibili.com/video/BV18jgg6BEAd/?spm_id_from=333.1387.favlist.content.click&vd_source=406d0cf895bedbdc58a3d0130d55e34c,7,BV18jgg6BEAd,【4K精剪】摇曳！摇曳！ | 杨博文直拍 | 260813 & 260814,underthepoplar,2026-08-15 13:26:46,69885.0,10125.0,7262.0,6679.0,2895.0,461.0,1147.0,9.0,
2026-08-25 10:00:00,https://www.bilibili.com/video/BV1A5vkB2E1k/?spm_id_from=333.1387.favlist.content.click&vd_source=406d0cf895bedbdc58a3d0130d55e34c,8,BV1A5vkB2E1k,【杨博文】Hey Mama六机位纯舞直拍丨15岁舞台统治者的诞生，四代主舞燃炸全场！,Kismet丨杨博文,2025-12-28 22:28:16,2809949.0,65685.0,45904.0,48020.0,27859.0,13671.0,22018.0,3.0,
2026-08-25 10:00:00,https://www.bilibili.com/video/BV1mJ64BREZY/?spm_id_from=333.337.search-card.all.click&vd_source=406d0cf895bedbdc58a3d0130d55e34c,9,BV1mJ64BREZY,【杨博文】闭嘴跳舞丨当主舞穿上西装就会得到,Kismet丨杨博文,2026-02-01 18:31:00,622200.0,35179.0,4039.0,25442.0,8600.0,447.0,654.0,1.0,
2026-08-25 10:00:00,BV1Qu816ZEoy,10,BV1Qu816ZEoy,测试用，勿点，谢谢,猫球不是毛球啊,2026-08-22 16:55:19,165.0,2.0,0.0,0.0,0.0,0.0,0.0,1.0,
2026-08-25 10:00:00,BV1Vd8B65EkU,11,BV1Vd8B65EkU,0822.3,dddddash6,2026-08-21 21:49:36,113.0,0.0,0.0,1.0,0.0,0.0,0.0,1.0,
2026-08-25 10:00:00,BV1fT8S61Ejo,12,BV1fT8S61Ejo,十一（23）,爱动手的法学生,2026-08-22 23:46:38,125.0,0.0,0.0,0.0,0.0,0.0,0.0,1.0,
2026-08-25 10:00:00,BV1bf816sE8P,13,BV1bf816sE8P,自测，误点,橙子小姐_sheep,2026-08-22 14:38:54,157.0,0.0,0.0,2.0,0.0,0.0,0.0,1.0,
2026-08-25 10:00:00,BV1Te8K6uEJt,14,BV1Te8K6uEJt,勿进勿进勿进！自测 安卓0821,cannndy_,2026-08-21 08:57:55,162.0,0.0,0.0,1.0,0.0,0.0,0.0,1.0,
2026-08-25 10:00:00,BV1au816oEjs,15,BV1au816oEjs,手机自测,熙熙哈哈oO,2026-08-22 16:55:10,255.0,0.0,0.0,0.0,0.0,0.0,0.0,1.0,
2026-08-25 10:00:00,BV1qw816eE1d,16,BV1qw816eE1d,8.22 自测视频 勿点,dgsaydhakjdhjk,2026-08-22 16:56:23,342.0,0.0,0.0,0.0,0.0,0.0,0.0,1.0,
2026-08-25 10:00:00,BV1ci8163ECY,17,BV1ci8163ECY,自测勿点,不完美是常态_,2026-08-22 15:39:32,50.0,0.0,0.0,0.0,0.0,0.0,0.0,1.0,
2026-08-25 10:00:00,BV1dw816YEau,18,,失败,,,,,,,,,,,62012.0
2026-08-25 10:00:00,BV1jg8S6yEuV,19,BV1jg8S6yEuV,自测视频,only筱筱,2026-08-22 23:58:01,243.0,1.0,0.0,0.0,0.0,0.0,0.0,1.0,
2026-08-25 10:00:00,BV1z6816qEbo,20,BV1z6816qEbo,自用,dddii点点,2026-08-22 16:38:15,229.0,1.0,0.0,0.0,0.0,0.0,0.0,1.0,
2026-08-25 10:00:00,BV1eM8168E9p,21,BV1eM8168E9p,自测勿点！！！！,dd鱿鱼须,2026-08-22 16:39:08,180.0,0.0,0.0,1.0,0.0,0.0,0.0,1.0,
2026-08-25 10:00:00,BV14i8M61EdN,22,BV14i8M61EdN,sz,我素质低你让让我,2026-08-21 12:22:44,258.0,0.0,0.0,0.0,0.0,0.0,0.0,1.0,
2026-08-25 10:00:00,BV12A826QEK4,23,BV12A826QEK4,自测 禁点,哈哈哈哈哈11_,2026-08-22 15:15:37,96.0,0.0,0.0,0.0,0.0,0.0,0.0,1.0,
2026-08-25 10:00:00,BV1St8S6wE33,24,BV1St8S6wE33,自测哦,半夏哒哒哒,2026-08-23 00:18:35,147.0,0.0,0.0,0.0,0.0,0.0,0.0,1.0,
2026-08-25 10:00:00,BV1bwbh65Eh7,25,BV1bwbh65Eh7,自测视频！勿点0817,摸鱼堡成员,2026-08-17 09:36:15,406.0,1.0,0.0,0.0,0.0,0.0,0.0,1.0,
2026-08-25 10:00:00,BV15B8r6WEQ3,26,BV15B8r6WEQ3,8.22自测勿点,刘海打歪了,2026-08-22 09:19:46,53.0,0.0,0.0,0.0,0.0,0.0,0.0,1.0,
2026-08-25 10:00:00,BV1ET8S62EvB,27,BV1ET8S62EvB,【牛小Bala】视频已打包，欢迎围观！,牛小Bala,2026-08-22 23:47:03,151.0,0.0,0.0,0.0,0.0,0.0,0.0,1.0,
2026-08-25 10:00:00,BV1kS8y6kEA8,28,BV1kS8y6kEA8,自测 勿点,MENYAOOO,2026-08-22 18:41:15,181.0,0.0,0.0,0.0,0.0,0.0,0.0,1.0,
2026-08-25 10:00:00,BV1pX8y66ELf,29,BV1pX8y66ELf,自测请勿点击,风枷锁,2026-08-22 18:47:46,187.0,1.0,0.0,1.0,0.0,0.0,0.0,1.0,
2026-08-25 10:00:00,BV1uz8y6JEAr,30,BV1uz8y6JEAr,【起司不是qs】第一支视频求三连！,起司不是qs,2026-08-22 18:20:23,180.0,0.0,0.0,0.0,0.0,0.0,0.0,1.0,
2026-08-25 10:00:00,BV1mx8m6REbb,31,BV1mx8m6REbb,自测,甜奶味羊咩,2026-08-22 20:49:17,42.0,0.0,0.0,0.0,0.0,0.0,0.0,1.0,
2026-08-25 10:00:00,BV1du8S65E6x,32,BV1du8S65E6x,测测测,羊咩_0601,2026-08-23 00:02:02,53.0,0.0,0.0,0.0,0.0,0.0,0.0,1.0,
2026-08-25 10:00:00,BV1hn8m6FEcd,33,BV1hn8m6FEcd,自测勿点,哇哦哦噢噢噢哦,2026-08-22 21:06:21,33.0,0.0,0.0,0.0,0.0,0.0,0.0,1.0,
2026-08-25 10:00:00,BV1DE8m68E2D,34,,失败,,,,,,,,,,,62012.0
2026-08-25 10:00:00,BV1jM8m6MEoA,35,BV1jM8m6MEoA,自测，勿点进,Camellia不是cc,2026-08-22 20:29:58,9.0,0.0,0.0,1.0,0.0,0.0,0.0,1.0,
2026-08-25 10:00:00,BV1gE8m6hEJ2,36,BV1gE8m6hEJ2,自测勿点,萌羊叫眠羊,2026-08-22 21:11:17,5.0,0.0,0.0,0.0,0.0,0.0,0.0,1.0,
2026-08-25 10:00:00,BV15V8S6kEYA,37,BV15V8S6kEYA,自测,kuaiqushuijiaoba,2026-08-22 23:32:08,36.0,0.0,0.0,0.0,0.0,0.0,0.0,1.0,
2026-08-25 10:00:00,BV1vG8S6VEgc,38,BV1vG8S6VEgc,8.23自测,萌是天生命TvT,2026-08-22 23:34:07,176.0,0.0,0.0,1.0,0.0,0.0,0.0,1.0,
2026-08-25 10:00:00,BV1Zg8S6CEu5,39,BV1Zg8S6CEu5,自测勿点3,北纬咩雪刊,2026-08-22 23:54:46,57.0,0.0,0.0,0.0,0.0,0.0,0.0,1.0,
2026-08-25 10:00:00,BV1s8BvBPEN5,40,BV1s8BvBPEN5,【杨博文｜4K舞台直拍】好运来祝你好运来～博文宝宝祝你新年好运来,关键时刻来瓶尖叫,2025-12-27 00:43:12,1915646.0,35056.0,17128.0,32455.0,19591.0,4339.0,4874.0,1.0,
2026-08-25 10:00:00,BV1XA6nBGEPV,41,BV1XA6nBGEPV,【4K精剪】希区考克 作品152 | 杨博文直拍 | 260131,underthepoplar,2026-02-01 00:23:17,1945888.0,24099.0,22526.0,20196.0,19011.0,4021.0,6938.0,1.0,
2026-08-25 10:00:00,BV1Phbr6NE8u,42,BV1Phbr6NE8u,【杨博文｜4K多机位直拍】管他什么音乐,Eternity丨杨博文,2026-08-18 12:37:02,1862.0,581.0,176.0,206.0,3.0,9.0,8.0,1.0,
2026-08-25 10:00:00,BV1mX8z6NEzz,43,BV1mX8z6NEzz,【4K精剪】管他什么音乐 | 杨博文直拍 | 260816,underthepoplar,2026-08-22 04:21:09,9742.0,2406.0,1335.0,1186.0,32.0,45.0,67.0,2.0,
2026-08-25 10:00:00,BV1qHbb6QErY,44,BV1qHbb6QErY,杨博文｜260816第肆象限attention<4k精剪>,61strawberry,2026-08-17 06:33:44,8533.0,1542.0,400.0,1048.0,7.0,11.0,16.0,2.0,
2026-08-25 10:00:00,BV1hibB6PEH5,45,BV1hibB6PEH5,【杨博文｜4k直拍】《春雪》我想爱你浅浅不停息～,关键时刻来瓶尖叫,2026-08-18 02:28:40,11908.0,2022.0,426.0,1225.0,4.0,19.0,67.0,1.0,
2026-08-25 10:00:00,BV1N6bi6XE5B,46,BV1N6bi6XE5B,【杨博文】骨骼谢幕丨横屏直拍丨三机位4k字幕版,Kismet丨杨博文,2026-08-17 22:20:49,41257.0,5087.0,1680.0,3282.0,1417.0,72.0,456.0,3.0,
2026-08-25 10:00:00,BV1Gggg6kEhv,47,BV1Gggg6kEhv,【杨博文｜4k直拍】溜溜的她 直拍,关键时刻来瓶尖叫,2026-08-15 05:41:55,56859.0,6026.0,1238.0,3951.0,26.0,20.0,152.0,3.0,
2026-08-25 10:00:00,BV15egs6pEJp,48,BV15egs6pEJp,杨博文｜Whiplash 2机位精剪 直拍 fancam｜4K60｜260813,LOST_杨博文,2026-08-13 23:03:07,84656.0,8149.0,1877.0,6072.0,61.0,69.0,243.0,10.0,
2026-08-25 10:00:00,BV1rqgW6hEvv,49,BV1rqgW6hEvv,【杨博文｜4k直拍】100Ways 直拍,关键时刻来瓶尖叫,2026-08-14 01:41:46,25688.0,3659.0,1461.0,2658.0,36.0,36.0,226.0,1.0,
2026-08-25 10:00:00,BV1b5uf6gEhd,50,BV1b5uf6gEhd,【杨博文】100ways丨直拍双机位丨8.13&14两日精剪,Kismet丨杨博文,2026-08-14 04:12:18,16913.0,2659.0,831.0,1818.0,18.0,17.0,89.0,1.0,
2026-08-25 10:00:00,BV1vCuf6nErK,51,BV1vCuf6nErK,【杨博文】100ways 4k直拍｜力量感爆发气场全开,游园会_杨博文,2026-08-14 03:20:46,13331.0,2245.0,605.0,1594.0,11.0,19.0,40.0,1.0,
2026-08-25 10:00:00,BV16zgA6zEkE,52,BV16zgA6zEkE,【杨博文｜4K】Whiplash 四机位精剪直拍,Eternity丨杨博文,2026-08-14 11:25:47,17994.0,4588.0,1064.0,1921.0,33.0,64.0,170.0,1.0,
2026-08-25 10:00:00,BV1Gigw6XEXN,53,BV1Gigw6XEXN,杨博文｜醉拳 3机位精剪 直拍 fancam｜4K60｜260813,LOST_杨博文,2026-08-14 13:11:22,31075.0,4883.0,2352.0,2815.0,1743.0,56.0,295.0,1.0,
2026-08-25 10:00:00,BV1k9gw6gE4U,54,BV1k9gw6gE4U,「杨博文｜爱的初体验」是不是我的十六岁 注定要为__流泪,Astra_杨博文,2026-08-14 13:49:20,18223.0,2355.0,637.0,1490.0,21.0,13.0,94.0,1.0,
2026-08-25 10:30:01,https://www.bilibili.com/video/BV1GdgW6JEe9/?spm_id_from=333.1387.favlist.content.click&vd_source=406d0cf895bedbdc58a3d0130d55e34c,0,BV1GdgW6JEe9,【杨博文｜4k直拍】Whiplash 双日直拍混剪,关键时刻来瓶尖叫,2026-08-13 23:45:41,223164.0,28177.0,22847.0,21566.0,7017.0,4694.0,8178.0,17.0,
2026-08-25 10:30:01,https://www.bilibili.com/video/BV1W5gs6KEhr/?spm_id_from=333.1387.favlist.content.click&vd_source=406d0cf895bedbdc58a3d0130d55e34c,1,BV1W5gs6KEhr,【4K精剪】异常加载中 | 杨博文直拍 | 260813,underthepoplar,2026-08-13 22:44:57,186100.0,23396.0,15828.0,17349.0,6308.0,7386.0,8624.0,17.0,
2026-08-25 10:30:01,https://www.bilibili.com/video/BV1VFbd6QEjw/spm_id_from=333.1387.favlist.content.click&vd_source=406d0cf895bedbdc58a3d0130d55e34c,2,BV1VFbd6QEjw,【杨博文｜4k直拍】管他什么音乐 直拍,关键时刻来瓶尖叫,2026-08-16 23:08:52,85399.0,6015.0,3552.0,4658.0,2683.0,562.0,24.0,9.0,
2026-08-25 10:30:01,https://www.bilibili.com/video/BV1xebR6zEkr/?spm_id_from=333.1387.favlist.content.click&vd_source=406d0cf895bedbdc58a3d0130d55e34c,3,BV1xebR6zEkr,【4K精剪】Attention | 杨博文直拍 | 260816,underthepoplar,2026-08-16 23:54:18,186924.0,16347.0,10358.0,13545.0,3185.0,1721.0,2805.0,20.0,
2026-08-25 10:30:01,https://www.bilibili.com/video/BV1s3gs6MEej/?spm_id_from=333.1387.favlist.content.click&vd_source=406d0cf895bedbdc58a3d0130d55e34c,4,BV1s3gs6MEej,【杨博文｜4k直拍】爱的初体验 直拍,关键时刻来瓶尖叫,2026-08-13 22:46:37,118631.0,12737.0,6760.0,9827.0,3478.0,523.0,2522.0,13.0,
2026-08-25 10:30:01,https://www.bilibili.com/video/BV1E2bR6hEJR/?spm_id_from=333.1387.favlist.content.click&vd_source=406d0cf895bedbdc58a3d0130d55e34c,5,BV1E2bR6hEJR,【杨博文】Attention丨直拍横屏丨16岁高中生内娱主舞的舞台掌控力丨8.16双机位4k精剪,Kismet丨杨博文,2026-08-16 22:13:05,260599.0,28600.0,14129.0,19976.0,4405.0,9700.0,11674.0,206.0,
2026-08-25 10:30:01,https://www.bilibili.com/video/BV1Rib96EE3F/?spm_id_from=333.1387.favlist.content.click&vd_source=406d0cf895bedbdc58a3d0130d55e34c,6,BV1Rib96EE3F,260816 【杨博文】春雪  竖屏4k直拍,meetsummer丨杨博文,2026-08-17 01:54:42,44716.0,8919.0,3522.0,4788.0,1859.0,722.0,736.0,9.0,
2026-08-25 10:30:01,https://www.bilibili.com/video/BV18jgg6BEAd/?spm_id_from=333.1387.favlist.content.click&vd_source=406d0cf895bedbdc58a3d0130d55e34c,7,BV18jgg6BEAd,【4K精剪】摇曳！摇曳！ | 杨博文直拍 | 260813 & 260814,underthepoplar,2026-08-15 13:26:46,69943.0,10127.0,7262.0,6684.0,2898.0,461.0,1147.0,16.0,
2026-08-25 10:30:01,https://www.bilibili.com/video/BV1A5vkB2E1k/?spm_id_from=333.1387.favlist.content.click&vd_source=406d0cf895bedbdc58a3d0130d55e34c,8,BV1A5vkB2E1k,【杨博文】Hey Mama六机位纯舞直拍丨15岁舞台统治者的诞生，四代主舞燃炸全场！,Kismet丨杨博文,2025-12-28 22:28:16,2809963.0,65685.0,45904.0,48017.0,27862.0,13671.0,22018.0,3.0,
2026-08-25 10:30:01,https://www.bilibili.com/video/BV1mJ64BREZY/?spm_id_from=333.337.search-card.all.click&vd_source=406d0cf895bedbdc58a3d0130d55e34c,9,BV1mJ64BREZY,【杨博文】闭嘴跳舞丨当主舞穿上西装就会得到,Kismet丨杨博文,2026-02-01 18:31:00,622202.0,35179.0,4039.0,25442.0,8600.0,447.0,654.0,1.0,
2026-08-25 10:30:01,BV1Qu816ZEoy,10,BV1Qu816ZEoy,测试用，勿点，谢谢,猫球不是毛球啊,2026-08-22 16:55:19,165.0,2.0,0.0,0.0,0.0,0.0,0.0,1.0,
2026-08-25 10:30:01,BV1Vd8B65EkU,11,BV1Vd8B65EkU,0822.3,dddddash6,2026-08-21 21:49:36,113.0,0.0,0.0,1.0,0.0,0.0,0.0,1.0,
2026-08-25 10:30:01,BV1fT8S61Ejo,12,BV1fT8S61Ejo,十一（23）,爱动手的法学生,2026-08-22 23:46:38,125.0,0.0,0.0,0.0,0.0,0.0,0.0,1.0,
2026-08-25 10:30:01,BV1bf816sE8P,13,BV1bf816sE8P,自测，误点,橙子小姐_sheep,2026-08-22 14:38:54,157.0,0.0,0.0,2.0,0.0,0.0,0.0,1.0,
2026-08-25 10:30:01,BV1Te8K6uEJt,14,BV1Te8K6uEJt,勿进勿进勿进！自测 安卓0821,cannndy_,2026-08-21 08:57:55,162.0,0.0,0.0,1.0,0.0,0.0,0.0,1.0,
2026-08-25 10:30:01,BV1au816oEjs,15,BV1au816oEjs,手机自测,熙熙哈哈oO,2026-08-22 16:55:10,259.0,0.0,0.0,0.0,0.0,0.0,0.0,1.0,
2026-08-25 10:30:01,BV1qw816eE1d,16,BV1qw816eE1d,8.22 自测视频 勿点,dgsaydhakjdhjk,2026-08-22 16:56:23,342.0,0.0,0.0,0.0,0.0,0.0,0.0,1.0,
2026-08-25 10:30:01,BV1ci8163ECY,17,BV1ci8163ECY,自测勿点,不完美是常态_,2026-08-22 15:39:32,50.0,0.0,0.0,0.0,0.0,0.0,0.0,1.0,
2026-08-25 10:30:01,BV1dw816YEau,18,,失败,,,,,,,,,,,62012.0
2026-08-25 10:30:01,BV1jg8S6yEuV,19,BV1jg8S6yEuV,自测视频,only筱筱,2026-08-22 23:58:01,243.0,1.0,0.0,0.0,0.0,0.0,0.0,1.0,
2026-08-25 10:30:01,BV1z6816qEbo,20,BV1z6816qEbo,自用,dddii点点,2026-08-22 16:38:15,229.0,1.0,0.0,0.0,0.0,0.0,0.0,1.0,
2026-08-25 10:30:01,BV1eM8168E9p,21,BV1eM8168E9p,自测勿点！！！！,dd鱿鱼须,2026-08-22 16:39:08,180.0,0.0,0.0,1.0,0.0,0.0,0.0,1.0,
2026-08-25 10:30:01,BV14i8M61EdN,22,BV14i8M61EdN,sz,我素质低你让让我,2026-08-21 12:22:44,258.0,0.0,0.0,0.0,0.0,0.0,0.0,1.0,
2026-08-25 10:30:01,BV12A826QEK4,23,BV12A826QEK4,自测 禁点,哈哈哈哈哈11_,2026-08-22 15:15:37,96.0,0.0,0.0,0.0,0.0,0.0,0.0,1.0,
2026-08-25 10:30:01,BV1St8S6wE33,24,BV1St8S6wE33,自测哦,半夏哒哒哒,2026-08-23 00:18:35,147.0,0.0,0.0,0.0,0.0,0.0,0.0,1.0,
2026-08-25 10:30:01,BV1bwbh65Eh7,25,BV1bwbh65Eh7,自测视频！勿点0817,摸鱼堡成员,2026-08-17 09:36:15,406.0,1.0,0.0,0.0,0.0,0.0,0.0,1.0,
2026-08-25 10:30:01,BV15B8r6WEQ3,26,BV15B8r6WEQ3,8.22自测勿点,刘海打歪了,2026-08-22 09:19:46,53.0,0.0,0.0,0.0,0.0,0.0,0.0,1.0,
2026-08-25 10:30:01,BV1ET8S62EvB,27,BV1ET8S62EvB,【牛小Bala】视频已打包，欢迎围观！,牛小Bala,2026-08-22 23:47:03,155.0,0.0,0.0,0.0,0.0,0.0,0.0,1.0,
2026-08-25 10:30:01,BV1kS8y6kEA8,28,BV1kS8y6kEA8,自测 勿点,MENYAOOO,2026-08-22 18:41:15,181.0,0.0,0.0,0.0,0.0,0.0,0.0,1.0,
2026-08-25 10:30:01,BV1pX8y66ELf,29,BV1pX8y66ELf,自测请勿点击,风枷锁,2026-08-22 18:47:46,187.0,1.0,0.0,1.0,0.0,0.0,0.0,1.0,
2026-08-25 10:30:01,BV1uz8y6JEAr,30,BV1uz8y6JEAr,【起司不是qs】第一支视频求三连！,起司不是qs,2026-08-22 18:20:23,180.0,0.0,0.0,0.0,0.0,0.0,0.0,1.0,
2026-08-25 10:30:01,BV1mx8m6REbb,31,BV1mx8m6REbb,自测,甜奶味羊咩,2026-08-22 20:49:17,42.0,0.0,0.0,0.0,0.0,0.0,0.0,1.0,
2026-08-25 10:30:01,BV1du8S65E6x,32,BV1du8S65E6x,测测测,羊咩_0601,2026-08-23 00:02:02,53.0,0.0,0.0,0.0,0.0,0.0,0.0,1.0,
2026-08-25 10:30:01,BV1hn8m6FEcd,33,BV1hn8m6FEcd,自测勿点,哇哦哦噢噢噢哦,2026-08-22 21:06:21,33.0,0.0,0.0,0.0,0.0,0.0,0.0,1.0,
2026-08-25 10:30:01,BV1DE8m68E2D,34,,失败,,,,,,,,,,,62012.0
2026-08-25 10:30:01,BV1jM8m6MEoA,35,BV1jM8m6MEoA,自测，勿点进,Camellia不是cc,2026-08-22 20:29:58,9.0,0.0,0.0,1.0,0.0,0.0,0.0,1.0,
2026-08-25 10:30:01,BV1gE8m6hEJ2,36,BV1gE8m6hEJ2,自测勿点,萌羊叫眠羊,2026-08-22 21:11:17,5.0,0.0,0.0,0.0,0.0,0.0,0.0,1.0,
2026-08-25 10:30:01,BV15V8S6kEYA,37,BV15V8S6kEYA,自测,kuaiqushuijiaoba,2026-08-22 23:32:08,40.0,0.0,0.0,0.0,0.0,0.0,0.0,1.0,
2026-08-25 10:30:01,BV1vG8S6VEgc,38,BV1vG8S6VEgc,8.23自测,萌是天生命TvT,2026-08-22 23:34:07,176.0,0.0,0.0,1.0,0.0,0.0,0.0,1.0,
2026-08-25 10:30:01,BV1Zg8S6CEu5,39,BV1Zg8S6CEu5,自测勿点3,北纬咩雪刊,2026-08-22 23:54:46,57.0,0.0,0.0,0.0,0.0,0.0,0.0,1.0,
2026-08-25 10:30:01,BV1s8BvBPEN5,40,BV1s8BvBPEN5,【杨博文｜4K舞台直拍】好运来祝你好运来～博文宝宝祝你新年好运来,关键时刻来瓶尖叫,2025-12-27 00:43:12,1915647.0,35056.0,17128.0,32453.0,19591.0,4339.0,4874.0,1.0,
2026-08-25 10:30:01,BV1XA6nBGEPV,41,BV1XA6nBGEPV,【4K精剪】希区考克 作品152 | 杨博文直拍 | 260131,underthepoplar,2026-02-01 00:23:17,1945893.0,24099.0,22526.0,20196.0,19011.0,4021.0,6938.0,1.0,
2026-08-25 10:30:01,BV1Phbr6NE8u,42,BV1Phbr6NE8u,【杨博文｜4K多机位直拍】管他什么音乐,Eternity丨杨博文,2026-08-18 12:37:02,1863.0,581.0,176.0,206.0,3.0,9.0,8.0,1.0,
2026-08-25 10:30:01,BV1mX8z6NEzz,43,BV1mX8z6NEzz,【4K精剪】管他什么音乐 | 杨博文直拍 | 260816,underthepoplar,2026-08-22 04:21:09,9803.0,2410.0,1337.0,1189.0,32.0,45.0,67.0,4.0,
2026-08-25 10:30:01,BV1qHbb6QErY,44,BV1qHbb6QErY,杨博文｜260816第肆象限attention<4k精剪>,61strawberry,2026-08-17 06:33:44,8552.0,1544.0,400.0,1049.0,7.0,11.0,16.0,1.0,
2026-08-25 10:30:01,BV1hibB6PEH5,45,BV1hibB6PEH5,【杨博文｜4k直拍】《春雪》我想爱你浅浅不停息～,关键时刻来瓶尖叫,2026-08-18 02:28:40,11923.0,2022.0,426.0,1225.0,4.0,19.0,67.0,1.0,
2026-08-25 10:30:01,BV1N6bi6XE5B,46,BV1N6bi6XE5B,【杨博文】骨骼谢幕丨横屏直拍丨三机位4k字幕版,Kismet丨杨博文,2026-08-17 22:20:49,41277.0,5092.0,1681.0,3286.0,1418.0,72.0,456.0,3.0,
2026-08-25 10:30:01,BV1Gggg6kEhv,47,BV1Gggg6kEhv,【杨博文｜4k直拍】溜溜的她 直拍,关键时刻来瓶尖叫,2026-08-15 05:41:55,56905.0,6030.0,1238.0,3952.0,26.0,20.0,152.0,1.0,
2026-08-25 10:30:01,BV15egs6pEJp,48,BV15egs6pEJp,杨博文｜Whiplash 2机位精剪 直拍 fancam｜4K60｜260813,LOST_杨博文,2026-08-13 23:03:07,85021.0,8162.0,1881.0,6081.0,61.0,69.0,243.0,27.0,
2026-08-25 10:30:01,BV1rqgW6hEvv,49,BV1rqgW6hEvv,【杨博文｜4k直拍】100Ways 直拍,关键时刻来瓶尖叫,2026-08-14 01:41:46,25694.0,3660.0,1461.0,2658.0,36.0,36.0,226.0,1.0,
2026-08-25 10:30:01,BV1b5uf6gEhd,50,BV1b5uf6gEhd,【杨博文】100ways丨直拍双机位丨8.13&14两日精剪,Kismet丨杨博文,2026-08-14 04:12:18,16922.0,2662.0,833.0,1820.0,18.0,17.0,89.0,1.0,
2026-08-25 10:30:01,BV1vCuf6nErK,51,BV1vCuf6nErK,【杨博文】100ways 4k直拍｜力量感爆发气场全开,游园会_杨博文,2026-08-14 03:20:46,13332.0,2245.0,605.0,1594.0,11.0,19.0,40.0,1.0,
2026-08-25 10:30:01,BV16zgA6zEkE,52,BV16zgA6zEkE,【杨博文｜4K】Whiplash 四机位精剪直拍,Eternity丨杨博文,2026-08-14 11:25:47,18054.0,4601.0,1065.0,1928.0,33.0,64.0,170.0,2.0,
2026-08-25 10:30:01,BV1Gigw6XEXN,53,BV1Gigw6XEXN,杨博文｜醉拳 3机位精剪 直拍 fancam｜4K60｜260813,LOST_杨博文,2026-08-14 13:11:22,31083.0,4884.0,2354.0,2816.0,1745.0,56.0,295.0,2.0,
2026-08-25 10:30:01,BV1k9gw6gE4U,54,BV1k9gw6gE4U,「杨博文｜爱的初体验」是不是我的十六岁 注定要为__流泪,Astra_杨博文,2026-08-14 13:49:20,18237.0,2355.0,637.0,1490.0,21.0,13.0,94.0,1.0,
2026-08-25 11:00:01,https://www.bilibili.com/video/BV1GdgW6JEe9/?spm_id_from=333.1387.favlist.content.click&vd_source=406d0cf895bedbdc58a3d0130d55e34c,0,BV1GdgW6JEe9,【杨博文｜4k直拍】Whiplash 双日直拍混剪,关键时刻来瓶尖叫,2026-08-13 23:45:41,223347.0,28185.0,22848.0,21572.0,7017.0,4694.0,8179.0,23.0,
2026-08-25 11:00:01,https://www.bilibili.com/video/BV1W5gs6KEhr/?spm_id_from=333.1387.favlist.content.click&vd_source=406d0cf895bedbdc58a3d0130d55e34c,1,BV1W5gs6KEhr,【4K精剪】异常加载中 | 杨博文直拍 | 260813,underthepoplar,2026-08-13 22:44:57,186196.0,23403.0,15830.0,17353.0,6308.0,7386.0,8627.0,17.0,
2026-08-25 11:00:01,https://www.bilibili.com/video/BV1VFbd6QEjw/spm_id_from=333.1387.favlist.content.click&vd_source=406d0cf895bedbdc58a3d0130d55e34c,2,BV1VFbd6QEjw,【杨博文｜4k直拍】管他什么音乐 直拍,关键时刻来瓶尖叫,2026-08-16 23:08:52,85428.0,6016.0,3553.0,4659.0,2683.0,562.0,24.0,7.0,
2026-08-25 11:00:01,https://www.bilibili.com/video/BV1xebR6zEkr/?spm_id_from=333.1387.favlist.content.click&vd_source=406d0cf895bedbdc58a3d0130d55e34c,3,BV1xebR6zEkr,【4K精剪】Attention | 杨博文直拍 | 260816,underthepoplar,2026-08-16 23:54:18,187114.0,16359.0,10360.0,13557.0,3186.0,1721.0,2805.0,18.0,
2026-08-25 11:00:01,https://www.bilibili.com/video/BV1s3gs6MEej/?spm_id_from=333.1387.favlist.content.click&vd_source=406d0cf895bedbdc58a3d0130d55e34c,4,BV1s3gs6MEej,【杨博文｜4k直拍】爱的初体验 直拍,关键时刻来瓶尖叫,2026-08-13 22:46:37,118708.0,12742.0,6763.0,9830.0,3478.0,523.0,2522.0,15.0,
2026-08-25 11:00:01,https://www.bilibili.com/video/BV1E2bR6hEJR/?spm_id_from=333.1387.favlist.content.click&vd_source=406d0cf895bedbdc58a3d0130d55e34c,5,BV1E2bR6hEJR,【杨博文】Attention丨直拍横屏丨16岁高中生内娱主舞的舞台掌控力丨8.16双机位4k精剪,Kismet丨杨博文,2026-08-16 22:13:05,260852.0,28618.0,14137.0,19993.0,4406.0,9702.0,11677.0,205.0,
2026-08-25 11:00:01,https://www.bilibili.com/video/BV1Rib96EE3F/?spm_id_from=333.1387.favlist.content.click&vd_source=406d0cf895bedbdc58a3d0130d55e34c,6,BV1Rib96EE3F,260816 【杨博文】春雪  竖屏4k直拍,meetsummer丨杨博文,2026-08-17 01:54:42,44787.0,8927.0,3526.0,4793.0,1859.0,722.0,736.0,8.0,
2026-08-25 11:00:01,https://www.bilibili.com/video/BV18jgg6BEAd/?spm_id_from=333.1387.favlist.content.click&vd_source=406d0cf895bedbdc58a3d0130d55e34c,7,BV18jgg6BEAd,【4K精剪】摇曳！摇曳！ | 杨博文直拍 | 260813 & 260814,underthepoplar,2026-08-15 13:26:46,70007.0,10130.0,7264.0,6687.0,2898.0,461.0,1147.0,14.0,
2026-08-25 11:00:01,https://www.bilibili.com/video/BV1A5vkB2E1k/?spm_id_from=333.1387.favlist.content.click&vd_source=406d0cf895bedbdc58a3d0130d55e34c,8,BV1A5vkB2E1k,【杨博文】Hey Mama六机位纯舞直拍丨15岁舞台统治者的诞生，四代主舞燃炸全场！,Kismet丨杨博文,2025-12-28 22:28:16,2809986.0,65687.0,45904.0,48018.0,27863.0,13671.0,22018.0,2.0,
2026-08-25 11:00:01,https://www.bilibili.com/video/BV1mJ64BREZY/?spm_id_from=333.337.search-card.all.click&vd_source=406d0cf895bedbdc58a3d0130d55e34c,9,BV1mJ64BREZY,【杨博文】闭嘴跳舞丨当主舞穿上西装就会得到,Kismet丨杨博文,2026-02-01 18:31:00,622204.0,35179.0,4039.0,25442.0,8600.0,447.0,654.0,1.0,
2026-08-25 11:00:01,BV1Qu816ZEoy,10,BV1Qu816ZEoy,测试用，勿点，谢谢,猫球不是毛球啊,2026-08-22 16:55:19,165.0,2.0,0.0,0.0,0.0,0.0,0.0,1.0,
2026-08-25 11:00:01,BV1Vd8B65EkU,11,BV1Vd8B65EkU,0822.3,dddddash6,2026-08-21 21:49:36,113.0,0.0,0.0,1.0,0.0,0.0,0.0,1.0,
2026-08-25 11:00:01,BV1fT8S61Ejo,12,BV1fT8S61Ejo,十一（23）,爱动手的法学生,2026-08-22 23:46:38,125.0,0.0,0.0,0.0,0.0,0.0,0.0,1.0,
2026-08-25 11:00:01,BV1bf816sE8P,13,BV1bf816sE8P,自测，误点,橙子小姐_sheep,2026-08-22 14:38:54,157.0,0.0,0.0,2.0,0.0,0.0,0.0,1.0,
2026-08-25 11:00:01,BV1Te8K6uEJt,14,BV1Te8K6uEJt,勿进勿进勿进！自测 安卓0821,cannndy_,2026-08-21 08:57:55,162.0,0.0,0.0,1.0,0.0,0.0,0.0,1.0,
2026-08-25 11:00:01,BV1au816oEjs,15,BV1au816oEjs,手机自测,熙熙哈哈oO,2026-08-22 16:55:10,264.0,0.0,0.0,0.0,0.0,0.0,0.0,1.0,
2026-08-25 11:00:01,BV1qw816eE1d,16,BV1qw816eE1d,8.22 自测视频 勿点,dgsaydhakjdhjk,2026-08-22 16:56:23,342.0,0.0,0.0,0.0,0.0,0.0,0.0,1.0,
2026-08-25 11:00:01,BV1ci8163ECY,17,BV1ci8163ECY,自测勿点,不完美是常态_,2026-08-22 15:39:32,50.0,0.0,0.0,0.0,0.0,0.0,0.0,1.0,
2026-08-25 11:00:01,BV1dw816YEau,18,,失败,,,,,,,,,,,62012.0
2026-08-25 11:00:01,BV1jg8S6yEuV,19,BV1jg8S6yEuV,自测视频,only筱筱,2026-08-22 23:58:01,243.0,1.0,0.0,0.0,0.0,0.0,0.0,1.0,
2026-08-25 11:00:01,BV1z6816qEbo,20,BV1z6816qEbo,自用,dddii点点,2026-08-22 16:38:15,229.0,1.0,0.0,0.0,0.0,0.0,0.0,1.0,
2026-08-25 11:00:01,BV1eM8168E9p,21,BV1eM8168E9p,自测勿点！！！！,dd鱿鱼须,2026-08-22 16:39:08,180.0,0.0,0.0,1.0,0.0,0.0,0.0,1.0,
2026-08-25 11:00:01,BV14i8M61EdN,22,BV14i8M61EdN,sz,我素质低你让让我,2026-08-21 12:22:44,258.0,0.0,0.0,0.0,0.0,0.0,0.0,1.0,
2026-08-25 11:00:01,BV12A826QEK4,23,BV12A826QEK4,自测 禁点,哈哈哈哈哈11_,2026-08-22 15:15:37,96.0,0.0,0.0,0.0,0.0,0.0,0.0,1.0,
2026-08-25 11:00:01,BV1St8S6wE33,24,BV1St8S6wE33,自测哦,半夏哒哒哒,2026-08-23 00:18:35,147.0,0.0,0.0,0.0,0.0,0.0,0.0,1.0,
2026-08-25 11:00:01,BV1bwbh65Eh7,25,BV1bwbh65Eh7,自测视频！勿点0817,摸鱼堡成员,2026-08-17 09:36:15,406.0,1.0,0.0,0.0,0.0,0.0,0.0,1.0,
2026-08-25 11:00:01,BV15B8r6WEQ3,26,BV15B8r6WEQ3,8.22自测勿点,刘海打歪了,2026-08-22 09:19:46,53.0,0.0,0.0,0.0,0.0,0.0,0.0,1.0,
2026-08-25 11:00:01,BV1ET8S62EvB,27,BV1ET8S62EvB,【牛小Bala】视频已打包，欢迎围观！,牛小Bala,2026-08-22 23:47:03,160.0,0.0,0.0,0.0,0.0,0.0,0.0,1.0,
2026-08-25 11:00:01,BV1kS8y6kEA8,28,BV1kS8y6kEA8,自测 勿点,MENYAOOO,2026-08-22 18:41:15,181.0,0.0,0.0,0.0,0.0,0.0,0.0,1.0,
2026-08-25 11:00:01,BV1pX8y66ELf,29,BV1pX8y66ELf,自测请勿点击,风枷锁,2026-08-22 18:47:46,187.0,1.0,0.0,1.0,0.0,0.0,0.0,1.0,
2026-08-25 11:00:01,BV1uz8y6JEAr,30,BV1uz8y6JEAr,【起司不是qs】第一支视频求三连！,起司不是qs,2026-08-22 18:20:23,180.0,0.0,0.0,0.0,0.0,0.0,0.0,1.0,
2026-08-25 11:00:01,BV1mx8m6REbb,31,BV1mx8m6REbb,自测,甜奶味羊咩,2026-08-22 20:49:17,42.0,0.0,0.0,0.0,0.0,0.0,0.0,1.0,
2026-08-25 11:00:01,BV1du8S65E6x,32,BV1du8S65E6x,测测测,羊咩_0601,2026-08-23 00:02:02,53.0,0.0,0.0,0.0,0.0,0.0,0.0,1.0,
2026-08-25 11:00:01,BV1hn8m6FEcd,33,BV1hn8m6FEcd,自测勿点,哇哦哦噢噢噢哦,2026-08-22 21:06:21,33.0,0.0,0.0,0.0,0.0,0.0,0.0,1.0,
2026-08-25 11:00:01,BV1DE8m68E2D,34,,失败,,,,,,,,,,,62012.0
2026-08-25 11:00:01,BV1jM8m6MEoA,35,BV1jM8m6MEoA,自测，勿点进,Camellia不是cc,2026-08-22 20:29:58,9.0,0.0,0.0,1.0,0.0,0.0,0.0,1.0,
2026-08-25 11:00:01,BV1gE8m6hEJ2,36,BV1gE8m6hEJ2,自测勿点,萌羊叫眠羊,2026-08-22 21:11:17,5.0,0.0,0.0,0.0,0.0,0.0,0.0,1.0,
2026-08-25 11:00:01,BV15V8S6kEYA,37,BV15V8S6kEYA,自测,kuaiqushuijiaoba,2026-08-22 23:32:08,41.0,0.0,0.0,0.0,0.0,0.0,0.0,1.0,
2026-08-25 11:00:01,BV1vG8S6VEgc,38,BV1vG8S6VEgc,8.23自测,萌是天生命TvT,2026-08-22 23:34:07,176.0,0.0,0.0,1.0,0.0,0.0,0.0,1.0,
2026-08-25 11:00:01,BV1Zg8S6CEu5,39,BV1Zg8S6CEu5,自测勿点3,北纬咩雪刊,2026-08-22 23:54:46,57.0,0.0,0.0,0.0,0.0,0.0,0.0,1.0,
2026-08-25 11:00:01,BV1s8BvBPEN5,40,BV1s8BvBPEN5,【杨博文｜4K舞台直拍】好运来祝你好运来～博文宝宝祝你新年好运来,关键时刻来瓶尖叫,2025-12-27 00:43:12,1915651.0,35056.0,17128.0,32453.0,19591.0,4339.0,4874.0,1.0,
2026-08-25 11:00:01,BV1XA6nBGEPV,41,BV1XA6nBGEPV,【4K精剪】希区考克 作品152 | 杨博文直拍 | 260131,underthepoplar,2026-02-01 00:23:17,1945895.0,24099.0,22526.0,20196.0,19011.0,4021.0,6938.0,1.0,
2026-08-25 11:00:01,BV1Phbr6NE8u,42,BV1Phbr6NE8u,【杨博文｜4K多机位直拍】管他什么音乐,Eternity丨杨博文,2026-08-18 12:37:02,1865.0,581.0,176.0,206.0,3.0,9.0,8.0,1.0,
2026-08-25 11:00:01,BV1mX8z6NEzz,43,BV1mX8z6NEzz,【4K精剪】管他什么音乐 | 杨博文直拍 | 260816,underthepoplar,2026-08-22 04:21:09,9870.0,2420.0,1337.0,1198.0,32.0,45.0,67.0,4.0,
2026-08-25 11:00:01,BV1qHbb6QErY,44,BV1qHbb6QErY,杨博文｜260816第肆象限attention<4k精剪>,61strawberry,2026-08-17 06:33:44,8564.0,1547.0,400.0,1052.0,7.0,11.0,16.0,1.0,
2026-08-25 11:00:01,BV1hibB6PEH5,45,BV1hibB6PEH5,【杨博文｜4k直拍】《春雪》我想爱你浅浅不停息～,关键时刻来瓶尖叫,2026-08-18 02:28:40,11952.0,2023.0,426.0,1227.0,4.0,19.0,67.0,2.0,
2026-08-25 11:00:01,BV1N6bi6XE5B,46,BV1N6bi6XE5B,【杨博文】骨骼谢幕丨横屏直拍丨三机位4k字幕版,Kismet丨杨博文,2026-08-17 22:20:49,41310.0,5094.0,1681.0,3288.0,1419.0,72.0,461.0,4.0,
2026-08-25 11:00:01,BV1Gggg6kEhv,47,BV1Gggg6kEhv,【杨博文｜4k直拍】溜溜的她 直拍,关键时刻来瓶尖叫,2026-08-15 05:41:55,56966.0,6034.0,1238.0,3956.0,26.0,20.0,152.0,1.0,
2026-08-25 11:00:01,BV15egs6pEJp,48,BV15egs6pEJp,杨博文｜Whiplash 2机位精剪 直拍 fancam｜4K60｜260813,LOST_杨博文,2026-08-13 23:03:07,85492.0,8174.0,1882.0,6090.0,61.0,69.0,243.0,17.0,
2026-08-25 11:00:01,BV1rqgW6hEvv,49,BV1rqgW6hEvv,【杨博文｜4k直拍】100Ways 直拍,关键时刻来瓶尖叫,2026-08-14 01:41:46,25702.0,3661.0,1461.0,2659.0,36.0,36.0,226.0,1.0,
2026-08-25 11:00:01,BV1b5uf6gEhd,50,BV1b5uf6gEhd,【杨博文】100ways丨直拍双机位丨8.13&14两日精剪,Kismet丨杨博文,2026-08-14 04:12:18,16931.0,2662.0,833.0,1821.0,18.0,17.0,89.0,1.0,
2026-08-25 11:00:01,BV1vCuf6nErK,51,BV1vCuf6nErK,【杨博文】100ways 4k直拍｜力量感爆发气场全开,游园会_杨博文,2026-08-14 03:20:46,13334.0,2245.0,605.0,1594.0,11.0,19.0,40.0,1.0,
2026-08-25 11:00:01,BV16zgA6zEkE,52,BV16zgA6zEkE,【杨博文｜4K】Whiplash 四机位精剪直拍,Eternity丨杨博文,2026-08-14 11:25:47,18094.0,4607.0,1065.0,1928.0,33.0,64.0,170.0,3.0,
2026-08-25 11:00:01,BV1Gigw6XEXN,53,BV1Gigw6XEXN,杨博文｜醉拳 3机位精剪 直拍 fancam｜4K60｜260813,LOST_杨博文,2026-08-14 13:11:22,31087.0,4884.0,2354.0,2816.0,1745.0,56.0,295.0,1.0,
2026-08-25 11:00:01,BV1k9gw6gE4U,54,BV1k9gw6gE4U,「杨博文｜爱的初体验」是不是我的十六岁 注定要为__流泪,Astra_杨博文,2026-08-14 13:49:20,18254.0,2358.0,637.0,1491.0,21.0,13.0,94.0,1.0,
2026-08-25 11:30:02,https://www.bilibili.com/video/BV1GdgW6JEe9/?spm_id_from=333.1387.favlist.content.click&vd_source=406d0cf895bedbdc58a3d0130d55e34c,0,BV1GdgW6JEe9,【杨博文｜4k直拍】Whiplash 双日直拍混剪,关键时刻来瓶尖叫,2026-08-13 23:45:41,223549.0,28189.0,22848.0,21579.0,7017.0,4694.0,8180.0,18.0,
2026-08-25 11:30:02,https://www.bilibili.com/video/BV1W5gs6KEhr/?spm_id_from=333.1387.favlist.content.click&vd_source=406d0cf895bedbdc58a3d0130d55e34c,1,BV1W5gs6KEhr,【4K精剪】异常加载中 | 杨博文直拍 | 260813,underthepoplar,2026-08-13 22:44:57,186321.0,23412.0,15832.0,17361.0,6308.0,7387.0,8627.0,16.0,
2026-08-25 11:30:02,https://www.bilibili.com/video/BV1VFbd6QEjw/spm_id_from=333.1387.favlist.content.click&vd_source=406d0cf895bedbdc58a3d0130d55e34c,2,BV1VFbd6QEjw,【杨博文｜4k直拍】管他什么音乐 直拍,关键时刻来瓶尖叫,2026-08-16 23:08:52,85465.0,6016.0,3553.0,4660.0,2683.0,562.0,24.0,10.0,
2026-08-25 11:30:02,https://www.bilibili.com/video/BV1xebR6zEkr/?spm_id_from=333.1387.favlist.content.click&vd_source=406d0cf895bedbdc58a3d0130d55e34c,3,BV1xebR6zEkr,【4K精剪】Attention | 杨博文直拍 | 260816,underthepoplar,2026-08-16 23:54:18,187320.0,16372.0,10371.0,13568.0,3187.0,1722.0,2805.0,24.0,
2026-08-25 11:30:02,https://www.bilibili.com/video/BV1s3gs6MEej/?spm_id_from=333.1387.favlist.content.click&vd_source=406d0cf895bedbdc58a3d0130d55e34c,4,BV1s3gs6MEej,【杨博文｜4k直拍】爱的初体验 直拍,关键时刻来瓶尖叫,2026-08-13 22:46:37,118808.0,12745.0,6763.0,9832.0,3478.0,523.0,2522.0,11.0,
2026-08-25 11:30:02,https://www.bilibili.com/video/BV1E2bR6hEJR/?spm_id_from=333.1387.favlist.content.click&vd_source=406d0cf895bedbdc58a3d0130d55e34c,5,BV1E2bR6hEJR,【杨博文】Attention丨直拍横屏丨16岁高中生内娱主舞的舞台掌控力丨8.16双机位4k精剪,Kismet丨杨博文,2026-08-16 22:13:05,261109.0,28639.0,14147.0,20007.0,4408.0,9702.0,11678.0,200.0,
2026-08-25 11:30:02,https://www.bilibili.com/video/BV1Rib96EE3F/?spm_id_from=333.1387.favlist.content.click&vd_source=406d0cf895bedbdc58a3d0130d55e34c,6,BV1Rib96EE3F,260816 【杨博文】春雪  竖屏4k直拍,meetsummer丨杨博文,2026-08-17 01:54:42,44871.0,8939.0,3526.0,4797.0,1859.0,722.0,737.0,5.0,
2026-08-25 11:30:02,https://www.bilibili.com/video/BV18jgg6BEAd/?spm_id_from=333.1387.favlist.content.click&vd_source=406d0cf895bedbdc58a3d0130d55e34c,7,BV18jgg6BEAd,【4K精剪】摇曳！摇曳！ | 杨博文直拍 | 260813 & 260814,underthepoplar,2026-08-15 13:26:46,70078.0,10137.0,7266.0,6691.0,2899.0,461.0,1148.0,10.0,
2026-08-25 11:30:02,https://www.bilibili.com/video/BV1A5vkB2E1k/?spm_id_from=333.1387.favlist.content.click&vd_source=406d0cf895bedbdc58a3d0130d55e34c,8,BV1A5vkB2E1k,【杨博文】Hey Mama六机位纯舞直拍丨15岁舞台统治者的诞生，四代主舞燃炸全场！,Kismet丨杨博文,2025-12-28 22:28:16,2810005.0,65687.0,45904.0,48019.0,27863.0,13671.0,22018.0,1.0,
2026-08-25 11:30:02,https://www.bilibili.com/video/BV1mJ64BREZY/?spm_id_from=333.337.search-card.all.click&vd_source=406d0cf895bedbdc58a3d0130d55e34c,9,BV1mJ64BREZY,【杨博文】闭嘴跳舞丨当主舞穿上西装就会得到,Kismet丨杨博文,2026-02-01 18:31:00,622205.0,35179.0,4039.0,25442.0,8600.0,447.0,654.0,2.0,
2026-08-25 11:30:02,BV1Qu816ZEoy,10,BV1Qu816ZEoy,测试用，勿点，谢谢,猫球不是毛球啊,2026-08-22 16:55:19,165.0,2.0,0.0,0.0,0.0,0.0,0.0,1.0,
2026-08-25 11:30:02,BV1Vd8B65EkU,11,BV1Vd8B65EkU,0822.3,dddddash6,2026-08-21 21:49:36,113.0,0.0,0.0,1.0,0.0,0.0,0.0,1.0,
2026-08-25 11:30:02,BV1fT8S61Ejo,12,BV1fT8S61Ejo,十一（23）,爱动手的法学生,2026-08-22 23:46:38,125.0,0.0,0.0,0.0,0.0,0.0,0.0,1.0,
2026-08-25 11:30:02,BV1bf816sE8P,13,BV1bf816sE8P,自测，误点,橙子小姐_sheep,2026-08-22 14:38:54,157.0,0.0,0.0,2.0,0.0,0.0,0.0,1.0,
2026-08-25 11:30:02,BV1Te8K6uEJt,14,BV1Te8K6uEJt,勿进勿进勿进！自测 安卓0821,cannndy_,2026-08-21 08:57:55,162.0,0.0,0.0,1.0,0.0,0.0,0.0,1.0,
2026-08-25 11:30:02,BV1au816oEjs,15,BV1au816oEjs,手机自测,熙熙哈哈oO,2026-08-22 16:55:10,269.0,0.0,0.0,0.0,0.0,0.0,0.0,1.0,
2026-08-25 11:30:02,BV1qw816eE1d,16,BV1qw816eE1d,8.22 自测视频 勿点,dgsaydhakjdhjk,2026-08-22 16:56:23,342.0,0.0,0.0,0.0,0.0,0.0,0.0,1.0,
2026-08-25 11:30:02,BV1ci8163ECY,17,BV1ci8163ECY,自测勿点,不完美是常态_,2026-08-22 15:39:32,50.0,0.0,0.0,0.0,0.0,0.0,0.0,1.0,
2026-08-25 11:30:02,BV1dw816YEau,18,,失败,,,,,,,,,,,62012.0
2026-08-25 11:30:02,BV1jg8S6yEuV,19,BV1jg8S6yEuV,自测视频,only筱筱,2026-08-22 23:58:01,243.0,1.0,0.0,0.0,0.0,0.0,0.0,1.0,
2026-08-25 11:30:02,BV1z6816qEbo,20,BV1z6816qEbo,自用,dddii点点,2026-08-22 16:38:15,229.0,1.0,0.0,0.0,0.0,0.0,0.0,1.0,
2026-08-25 11:30:02,BV1eM8168E9p,21,BV1eM8168E9p,自测勿点！！！！,dd鱿鱼须,2026-08-22 16:39:08,180.0,0.0,0.0,1.0,0.0,0.0,0.0,1.0,
2026-08-25 11:30:02,BV14i8M61EdN,22,BV14i8M61EdN,sz,我素质低你让让我,2026-08-21 12:22:44,258.0,0.0,0.0,0.0,0.0,0.0,0.0,1.0,
2026-08-25 11:30:02,BV12A826QEK4,23,BV12A826QEK4,自测 禁点,哈哈哈哈哈11_,2026-08-22 15:15:37,96.0,0.0,0.0,0.0,0.0,0.0,0.0,1.0,
2026-08-25 11:30:02,BV1St8S6wE33,24,BV1St8S6wE33,自测哦,半夏哒哒哒,2026-08-23 00:18:35,147.0,0.0,0.0,0.0,0.0,0.0,0.0,1.0,
2026-08-25 11:30:02,BV1bwbh65Eh7,25,BV1bwbh65Eh7,自测视频！勿点0817,摸鱼堡成员,2026-08-17 09:36:15,406.0,1.0,0.0,0.0,0.0,0.0,0.0,1.0,
2026-08-25 11:30:02,BV15B8r6WEQ3,26,BV15B8r6WEQ3,8.22自测勿点,刘海打歪了,2026-08-22 09:19:46,53.0,0.0,0.0,0.0,0.0,0.0,0.0,1.0,
2026-08-25 11:30:02,BV1ET8S62EvB,27,BV1ET8S62EvB,【牛小Bala】视频已打包，欢迎围观！,牛小Bala,2026-08-22 23:47:03,165.0,0.0,0.0,0.0,0.0,0.0,0.0,1.0,
2026-08-25 11:30:02,BV1kS8y6kEA8,28,BV1kS8y6kEA8,自测 勿点,MENYAOOO,2026-08-22 18:41:15,181.0,0.0,0.0,0.0,0.0,0.0,0.0,1.0,
2026-08-25 11:30:02,BV1pX8y66ELf,29,BV1pX8y66ELf,自测请勿点击,风枷锁,2026-08-22 18:47:46,187.0,1.0,0.0,1.0,0.0,0.0,0.0,1.0,
2026-08-25 11:30:02,BV1uz8y6JEAr,30,BV1uz8y6JEAr,【起司不是qs】第一支视频求三连！,起司不是qs,2026-08-22 18:20:23,180.0,0.0,0.0,0.0,0.0,0.0,0.0,1.0,
2026-08-25 11:30:02,BV1mx8m6REbb,31,BV1mx8m6REbb,自测,甜奶味羊咩,2026-08-22 20:49:17,42.0,0.0,0.0,0.0,0.0,0.0,0.0,1.0,
2026-08-25 11:30:02,BV1du8S65E6x,32,BV1du8S65E6x,测测测,羊咩_0601,2026-08-23 00:02:02,53.0,0.0,0.0,0.0,0.0,0.0,0.0,1.0,
2026-08-25 11:30:02,BV1hn8m6FEcd,33,BV1hn8m6FEcd,自测勿点,哇哦哦噢噢噢哦,2026-08-22 21:06:21,33.0,0.0,0.0,0.0,0.0,0.0,0.0,1.0,
2026-08-25 11:30:02,BV1DE8m68E2D,34,,失败,,,,,,,,,,,62012.0
2026-08-25 11:30:02,BV1jM8m6MEoA,35,BV1jM8m6MEoA,自测，勿点进,Camellia不是cc,2026-08-22 20:29:58,9.0,0.0,0.0,1.0,0.0,0.0,0.0,1.0,
2026-08-25 11:30:02,BV1gE8m6hEJ2,36,BV1gE8m6hEJ2,自测勿点,萌羊叫眠羊,2026-08-22 21:11:17,5.0,0.0,0.0,0.0,0.0,0.0,0.0,1.0,
2026-08-25 11:30:02,BV15V8S6kEYA,37,BV15V8S6kEYA,自测,kuaiqushuijiaoba,2026-08-22 23:32:08,45.0,0.0,0.0,0.0,0.0,0.0,0.0,1.0,
2026-08-25 11:30:02,BV1vG8S6VEgc,38,BV1vG8S6VEgc,8.23自测,萌是天生命TvT,2026-08-22 23:34:07,176.0,0.0,0.0,1.0,0.0,0.0,0.0,1.0,
2026-08-25 11:30:02,BV1Zg8S6CEu5,39,BV1Zg8S6CEu5,自测勿点3,北纬咩雪刊,2026-08-22 23:54:46,57.0,0.0,0.0,0.0,0.0,0.0,0.0,1.0,
2026-08-25 11:30:02,BV1s8BvBPEN5,40,BV1s8BvBPEN5,【杨博文｜4K舞台直拍】好运来祝你好运来～博文宝宝祝你新年好运来,关键时刻来瓶尖叫,2025-12-27 00:43:12,1915656.0,35056.0,17128.0,32453.0,19591.0,4339.0,4874.0,1.0,
2026-08-25 11:30:02,BV1XA6nBGEPV,41,BV1XA6nBGEPV,【4K精剪】希区考克 作品152 | 杨博文直拍 | 260131,underthepoplar,2026-02-01 00:23:17,1945899.0,24099.0,22526.0,20196.0,19011.0,4021.0,6938.0,1.0,
2026-08-25 11:30:02,BV1Phbr6NE8u,42,BV1Phbr6NE8u,【杨博文｜4K多机位直拍】管他什么音乐,Eternity丨杨博文,2026-08-18 12:37:02,1869.0,582.0,176.0,206.0,3.0,9.0,8.0,1.0,
2026-08-25 11:30:02,BV1mX8z6NEzz,43,BV1mX8z6NEzz,【4K精剪】管他什么音乐 | 杨博文直拍 | 260816,underthepoplar,2026-08-22 04:21:09,9933.0,2427.0,1340.0,1204.0,33.0,46.0,67.0,5.0,
2026-08-25 11:30:02,BV1qHbb6QErY,44,BV1qHbb6QErY,杨博文｜260816第肆象限attention<4k精剪>,61strawberry,2026-08-17 06:33:44,8579.0,1548.0,400.0,1052.0,7.0,11.0,16.0,1.0,
2026-08-25 11:30:02,BV1hibB6PEH5,45,BV1hibB6PEH5,【杨博文｜4k直拍】《春雪》我想爱你浅浅不停息～,关键时刻来瓶尖叫,2026-08-18 02:28:40,11974.0,2024.0,427.0,1228.0,4.0,19.0,67.0,1.0,
2026-08-25 11:30:02,BV1N6bi6XE5B,46,BV1N6bi6XE5B,【杨博文】骨骼谢幕丨横屏直拍丨三机位4k字幕版,Kismet丨杨博文,2026-08-17 22:20:49,41336.0,5095.0,1681.0,3290.0,1419.0,72.0,461.0,3.0,
2026-08-25 11:30:02,BV1Gggg6kEhv,47,BV1Gggg6kEhv,【杨博文｜4k直拍】溜溜的她 直拍,关键时刻来瓶尖叫,2026-08-15 05:41:55,57037.0,6041.0,1238.0,3960.0,26.0,20.0,152.0,3.0,
2026-08-25 11:30:02,BV15egs6pEJp,48,BV15egs6pEJp,杨博文｜Whiplash 2机位精剪 直拍 fancam｜4K60｜260813,LOST_杨博文,2026-08-13 23:03:07,85735.0,8185.0,1883.0,6094.0,61.0,69.0,243.0,12.0,
2026-08-25 11:30:02,BV1rqgW6hEvv,49,BV1rqgW6hEvv,【杨博文｜4k直拍】100Ways 直拍,关键时刻来瓶尖叫,2026-08-14 01:41:46,25717.0,3662.0,1461.0,2660.0,36.0,36.0,226.0,1.0,
2026-08-25 11:30:02,BV1b5uf6gEhd,50,BV1b5uf6gEhd,【杨博文】100ways丨直拍双机位丨8.13&14两日精剪,Kismet丨杨博文,2026-08-14 04:12:18,16941.0,2664.0,835.0,1821.0,18.0,17.0,89.0,1.0,
2026-08-25 11:30:02,BV1vCuf6nErK,51,BV1vCuf6nErK,【杨博文】100ways 4k直拍｜力量感爆发气场全开,游园会_杨博文,2026-08-14 03:20:46,13337.0,2245.0,605.0,1594.0,11.0,19.0,40.0,1.0,
2026-08-25 11:30:02,BV16zgA6zEkE,52,BV16zgA6zEkE,【杨博文｜4K】Whiplash 四机位精剪直拍,Eternity丨杨博文,2026-08-14 11:25:47,18141.0,4614.0,1065.0,1932.0,33.0,64.0,170.0,3.0,
2026-08-25 11:30:02,BV1Gigw6XEXN,53,BV1Gigw6XEXN,杨博文｜醉拳 3机位精剪 直拍 fancam｜4K60｜260813,LOST_杨博文,2026-08-14 13:11:22,31095.0,4886.0,2354.0,2818.0,1745.0,56.0,295.0,1.0,
2026-08-25 11:30:02,BV1k9gw6gE4U,54,BV1k9gw6gE4U,「杨博文｜爱的初体验」是不是我的十六岁 注定要为__流泪,Astra_杨博文,2026-08-14 13:49:20,18272.0,2361.0,639.0,1492.0,21.0,13.0,94.0,2.0,
2026-08-25 12:00:02,https://www.bilibili.com/video/BV1GdgW6JEe9/?spm_id_from=333.1387.favlist.content.click&vd_source=406d0cf895bedbdc58a3d0130d55e34c,0,BV1GdgW6JEe9,【杨博文｜4k直拍】Whiplash 双日直拍混剪,关键时刻来瓶尖叫,2026-08-13 23:45:41,223752.0,28199.0,22848.0,21582.0,7018.0,4694.0,8182.0,12.0,
2026-08-25 12:00:02,https://www.bilibili.com/video/BV1W5gs6KEhr/?spm_id_from=333.1387.favlist.content.click&vd_source=406d0cf895bedbdc58a3d0130d55e34c,1,BV1W5gs6KEhr,【4K精剪】异常加载中 | 杨博文直拍 | 260813,underthepoplar,2026-08-13 22:44:57,186441.0,23424.0,15834.0,17367.0,6310.0,7388.0,8627.0,17.0,
2026-08-25 12:00:02,https://www.bilibili.com/video/BV1VFbd6QEjw/spm_id_from=333.1387.favlist.content.click&vd_source=406d0cf895bedbdc58a3d0130d55e34c,2,BV1VFbd6QEjw,【杨博文｜4k直拍】管他什么音乐 直拍,关键时刻来瓶尖叫,2026-08-16 23:08:52,85495.0,6017.0,3555.0,4660.0,2683.0,562.0,24.0,6.0,
2026-08-25 12:00:02,https://www.bilibili.com/video/BV1xebR6zEkr/?spm_id_from=333.1387.favlist.content.click&vd_source=406d0cf895bedbdc58a3d0130d55e34c,3,BV1xebR6zEkr,【4K精剪】Attention | 杨博文直拍 | 260816,underthepoplar,2026-08-16 23:54:18,187537.0,16386.0,10377.0,13581.0,3187.0,1723.0,2807.0,24.0,
2026-08-25 12:00:02,https://www.bilibili.com/video/BV1s3gs6MEej/?spm_id_from=333.1387.favlist.content.click&vd_source=406d0cf895bedbdc58a3d0130d55e34c,4,BV1s3gs6MEej,【杨博文｜4k直拍】爱的初体验 直拍,关键时刻来瓶尖叫,2026-08-13 22:46:37,118907.0,12751.0,6763.0,9834.0,3478.0,523.0,2522.0,7.0,
2026-08-25 12:00:02,https://www.bilibili.com/video/BV1E2bR6hEJR/?spm_id_from=333.1387.favlist.content.click&vd_source=406d0cf895bedbdc58a3d0130d55e34c,5,BV1E2bR6hEJR,【杨博文】Attention丨直拍横屏丨16岁高中生内娱主舞的舞台掌控力丨8.16双机位4k精剪,Kismet丨杨博文,2026-08-16 22:13:05,261396.0,28658.0,14157.0,20017.0,4410.0,9703.0,11679.0,200.0,
2026-08-25 12:00:02,https://www.bilibili.com/video/BV1Rib96EE3F/?spm_id_from=333.1387.favlist.content.click&vd_source=406d0cf895bedbdc58a3d0130d55e34c,6,BV1Rib96EE3F,260816 【杨博文】春雪  竖屏4k直拍,meetsummer丨杨博文,2026-08-17 01:54:42,44953.0,8949.0,3530.0,4798.0,1859.0,722.0,737.0,4.0,
2026-08-25 12:00:02,https://www.bilibili.com/video/BV18jgg6BEAd/?spm_id_from=333.1387.favlist.content.click&vd_source=406d0cf895bedbdc58a3d0130d55e34c,7,BV18jgg6BEAd,【4K精剪】摇曳！摇曳！ | 杨博文直拍 | 260813 & 260814,underthepoplar,2026-08-15 13:26:46,70161.0,10145.0,7272.0,6697.0,2899.0,461.0,1148.0,13.0,
2026-08-25 12:00:02,https://www.bilibili.com/video/BV1A5vkB2E1k/?spm_id_from=333.1387.favlist.content.click&vd_source=406d0cf895bedbdc58a3d0130d55e34c,8,BV1A5vkB2E1k,【杨博文】Hey Mama六机位纯舞直拍丨15岁舞台统治者的诞生，四代主舞燃炸全场！,Kismet丨杨博文,2025-12-28 22:28:16,2810028.0,65689.0,45904.0,48019.0,27863.0,13671.0,22018.0,2.0,
2026-08-25 12:00:02,https://www.bilibili.com/video/BV1mJ64BREZY/?spm_id_from=333.337.search-card.all.click&vd_source=406d0cf895bedbdc58a3d0130d55e34c,9,BV1mJ64BREZY,【杨博文】闭嘴跳舞丨当主舞穿上西装就会得到,Kismet丨杨博文,2026-02-01 18:31:00,622207.0,35179.0,4039.0,25442.0,8600.0,447.0,654.0,1.0,
2026-08-25 12:00:02,BV1Qu816ZEoy,10,BV1Qu816ZEoy,测试用，勿点，谢谢,猫球不是毛球啊,2026-08-22 16:55:19,165.0,2.0,0.0,0.0,0.0,0.0,0.0,1.0,
2026-08-25 12:00:02,BV1Vd8B65EkU,11,BV1Vd8B65EkU,0822.3,dddddash6,2026-08-21 21:49:36,113.0,0.0,0.0,1.0,0.0,0.0,0.0,1.0,
2026-08-25 12:00:02,BV1fT8S61Ejo,12,BV1fT8S61Ejo,十一（23）,爱动手的法学生,2026-08-22 23:46:38,125.0,0.0,0.0,0.0,0.0,0.0,0.0,1.0,
2026-08-25 12:00:02,BV1bf816sE8P,13,BV1bf816sE8P,自测，误点,橙子小姐_sheep,2026-08-22 14:38:54,157.0,0.0,0.0,2.0,0.0,0.0,0.0,1.0,
2026-08-25 12:00:02,BV1Te8K6uEJt,14,BV1Te8K6uEJt,勿进勿进勿进！自测 安卓0821,cannndy_,2026-08-21 08:57:55,162.0,0.0,0.0,1.0,0.0,0.0,0.0,1.0,
2026-08-25 12:00:02,BV1au816oEjs,15,BV1au816oEjs,手机自测,熙熙哈哈oO,2026-08-22 16:55:10,274.0,0.0,0.0,0.0,0.0,0.0,0.0,1.0,
2026-08-25 12:00:02,BV1qw816eE1d,16,BV1qw816eE1d,8.22 自测视频 勿点,dgsaydhakjdhjk,2026-08-22 16:56:23,342.0,0.0,0.0,0.0,0.0,0.0,0.0,1.0,
2026-08-25 12:00:02,BV1ci8163ECY,17,BV1ci8163ECY,自测勿点,不完美是常态_,2026-08-22 15:39:32,50.0,0.0,0.0,0.0,0.0,0.0,0.0,1.0,
2026-08-25 12:00:02,BV1dw816YEau,18,,失败,,,,,,,,,,,62012.0
2026-08-25 12:00:02,BV1jg8S6yEuV,19,BV1jg8S6yEuV,自测视频,only筱筱,2026-08-22 23:58:01,243.0,1.0,0.0,0.0,0.0,0.0,0.0,1.0,
2026-08-25 12:00:02,BV1z6816qEbo,20,BV1z6816qEbo,自用,dddii点点,2026-08-22 16:38:15,229.0,1.0,0.0,0.0,0.0,0.0,0.0,1.0,
2026-08-25 12:00:02,BV1eM8168E9p,21,BV1eM8168E9p,自测勿点！！！！,dd鱿鱼须,2026-08-22 16:39:08,180.0,0.0,0.0,1.0,0.0,0.0,0.0,1.0,
2026-08-25 12:00:02,BV14i8M61EdN,22,BV14i8M61EdN,sz,我素质低你让让我,2026-08-21 12:22:44,258.0,0.0,0.0,0.0,0.0,0.0,0.0,1.0,
2026-08-25 12:00:02,BV12A826QEK4,23,BV12A826QEK4,自测 禁点,哈哈哈哈哈11_,2026-08-22 15:15:37,96.0,0.0,0.0,0.0,0.0,0.0,0.0,1.0,
2026-08-25 12:00:02,BV1St8S6wE33,24,BV1St8S6wE33,自测哦,半夏哒哒哒,2026-08-23 00:18:35,147.0,0.0,0.0,0.0,0.0,0.0,0.0,1.0,
2026-08-25 12:00:02,BV1bwbh65Eh7,25,BV1bwbh65Eh7,自测视频！勿点0817,摸鱼堡成员,2026-08-17 09:36:15,406.0,1.0,0.0,0.0,0.0,0.0,0.0,1.0,
2026-08-25 12:00:02,BV15B8r6WEQ3,26,BV15B8r6WEQ3,8.22自测勿点,刘海打歪了,2026-08-22 09:19:46,53.0,0.0,0.0,0.0,0.0,0.0,0.0,1.0,
2026-08-25 12:00:02,BV1ET8S62EvB,27,BV1ET8S62EvB,【牛小Bala】视频已打包，欢迎围观！,牛小Bala,2026-08-22 23:47:03,169.0,0.0,0.0,0.0,0.0,0.0,0.0,1.0,
2026-08-25 12:00:02,BV1kS8y6kEA8,28,BV1kS8y6kEA8,自测 勿点,MENYAOOO,2026-08-22 18:41:15,181.0,0.0,0.0,0.0,0.0,0.0,0.0,1.0,
2026-08-25 12:00:02,BV1pX8y66ELf,29,BV1pX8y66ELf,自测请勿点击,风枷锁,2026-08-22 18:47:46,187.0,1.0,0.0,1.0,0.0,0.0,0.0,1.0,
2026-08-25 12:00:02,BV1uz8y6JEAr,30,BV1uz8y6JEAr,【起司不是qs】第一支视频求三连！,起司不是qs,2026-08-22 18:20:23,180.0,0.0,0.0,0.0,0.0,0.0,0.0,1.0,
2026-08-25 12:00:02,BV1mx8m6REbb,31,BV1mx8m6REbb,自测,甜奶味羊咩,2026-08-22 20:49:17,42.0,0.0,0.0,0.0,0.0,0.0,0.0,1.0,
2026-08-25 12:00:02,BV1du8S65E6x,32,BV1du8S65E6x,测测测,羊咩_0601,2026-08-23 00:02:02,53.0,0.0,0.0,0.0,0.0,0.0,0.0,1.0,
2026-08-25 12:00:02,BV1hn8m6FEcd,33,BV1hn8m6FEcd,自测勿点,哇哦哦噢噢噢哦,2026-08-22 21:06:21,33.0,0.0,0.0,0.0,0.0,0.0,0.0,1.0,
2026-08-25 12:00:02,BV1DE8m68E2D,34,,失败,,,,,,,,,,,62012.0
2026-08-25 12:00:02,BV1jM8m6MEoA,35,BV1jM8m6MEoA,自测，勿点进,Camellia不是cc,2026-08-22 20:29:58,9.0,0.0,0.0,1.0,0.0,0.0,0.0,1.0,
2026-08-25 12:00:02,BV1gE8m6hEJ2,36,BV1gE8m6hEJ2,自测勿点,萌羊叫眠羊,2026-08-22 21:11:17,5.0,0.0,0.0,0.0,0.0,0.0,0.0,1.0,
2026-08-25 12:00:02,BV15V8S6kEYA,37,BV15V8S6kEYA,自测,kuaiqushuijiaoba,2026-08-22 23:32:08,46.0,0.0,0.0,0.0,0.0,0.0,0.0,1.0,
2026-08-25 12:00:02,BV1vG8S6VEgc,38,BV1vG8S6VEgc,8.23自测,萌是天生命TvT,2026-08-22 23:34:07,176.0,0.0,0.0,1.0,0.0,0.0,0.0,1.0,
2026-08-25 12:00:02,BV1Zg8S6CEu5,39,BV1Zg8S6CEu5,自测勿点3,北纬咩雪刊,2026-08-22 23:54:46,57.0,0.0,0.0,0.0,0.0,0.0,0.0,1.0,
2026-08-25 12:00:02,BV1s8BvBPEN5,40,BV1s8BvBPEN5,【杨博文｜4K舞台直拍】好运来祝你好运来～博文宝宝祝你新年好运来,关键时刻来瓶尖叫,2025-12-27 00:43:12,1915658.0,35056.0,17128.0,32453.0,19591.0,4339.0,4874.0,1.0,
2026-08-25 12:00:02,BV1XA6nBGEPV,41,BV1XA6nBGEPV,【4K精剪】希区考克 作品152 | 杨博文直拍 | 260131,underthepoplar,2026-02-01 00:23:17,1945901.0,24099.0,22526.0,20196.0,19011.0,4021.0,6938.0,1.0,
2026-08-25 12:00:02,BV1Phbr6NE8u,42,BV1Phbr6NE8u,【杨博文｜4K多机位直拍】管他什么音乐,Eternity丨杨博文,2026-08-18 12:37:02,1873.0,582.0,176.0,206.0,3.0,9.0,8.0,1.0,
2026-08-25 12:00:02,BV1mX8z6NEzz,43,BV1mX8z6NEzz,【4K精剪】管他什么音乐 | 杨博文直拍 | 260816,underthepoplar,2026-08-22 04:21:09,10018.0,2436.0,1344.0,1208.0,33.0,46.0,67.0,5.0,
2026-08-25 12:00:02,BV1qHbb6QErY,44,BV1qHbb6QErY,杨博文｜260816第肆象限attention<4k精剪>,61strawberry,2026-08-17 06:33:44,8603.0,1550.0,400.0,1055.0,7.0,11.0,16.0,1.0,
2026-08-25 12:00:02,BV1hibB6PEH5,45,BV1hibB6PEH5,【杨博文｜4k直拍】《春雪》我想爱你浅浅不停息～,关键时刻来瓶尖叫,2026-08-18 02:28:40,11997.0,2027.0,427.0,1231.0,5.0,19.0,67.0,1.0,
2026-08-25 12:00:02,BV1N6bi6XE5B,46,BV1N6bi6XE5B,【杨博文】骨骼谢幕丨横屏直拍丨三机位4k字幕版,Kismet丨杨博文,2026-08-17 22:20:49,41358.0,5096.0,1681.0,3291.0,1419.0,72.0,461.0,2.0,
2026-08-25 12:00:02,BV1Gggg6kEhv,47,BV1Gggg6kEhv,【杨博文｜4k直拍】溜溜的她 直拍,关键时刻来瓶尖叫,2026-08-15 05:41:55,57130.0,6049.0,1239.0,3964.0,26.0,20.0,152.0,4.0,
2026-08-25 12:00:02,BV15egs6pEJp,48,BV15egs6pEJp,杨博文｜Whiplash 2机位精剪 直拍 fancam｜4K60｜260813,LOST_杨博文,2026-08-13 23:03:07,85871.0,8193.0,1883.0,6095.0,61.0,69.0,243.0,7.0,
2026-08-25 12:00:02,BV1rqgW6hEvv,49,BV1rqgW6hEvv,【杨博文｜4k直拍】100Ways 直拍,关键时刻来瓶尖叫,2026-08-14 01:41:46,25729.0,3663.0,1461.0,2660.0,36.0,36.0,226.0,2.0,
2026-08-25 12:00:02,BV1b5uf6gEhd,50,BV1b5uf6gEhd,【杨博文】100ways丨直拍双机位丨8.13&14两日精剪,Kismet丨杨博文,2026-08-14 04:12:18,16950.0,2664.0,835.0,1821.0,18.0,17.0,89.0,3.0,
2026-08-25 12:00:02,BV1vCuf6nErK,51,BV1vCuf6nErK,【杨博文】100ways 4k直拍｜力量感爆发气场全开,游园会_杨博文,2026-08-14 03:20:46,13343.0,2246.0,605.0,1594.0,11.0,19.0,40.0,1.0,
2026-08-25 12:00:02,BV16zgA6zEkE,52,BV16zgA6zEkE,【杨博文｜4K】Whiplash 四机位精剪直拍,Eternity丨杨博文,2026-08-14 11:25:47,18220.0,4626.0,1067.0,1938.0,33.0,64.0,170.0,2.0,
2026-08-25 12:00:02,BV1Gigw6XEXN,53,BV1Gigw6XEXN,杨博文｜醉拳 3机位精剪 直拍 fancam｜4K60｜260813,LOST_杨博文,2026-08-14 13:11:22,31101.0,4886.0,2354.0,2818.0,1745.0,56.0,295.0,1.0,
2026-08-25 12:00:02,BV1k9gw6gE4U,54,BV1k9gw6gE4U,「杨博文｜爱的初体验」是不是我的十六岁 注定要为__流泪,Astra_杨博文,2026-08-14 13:49:20,18284.0,2362.0,639.0,1492.0,21.0,13.0,94.0,1.0,
2026-08-25 12:30:03,https://www.bilibili.com/video/BV1GdgW6JEe9/?spm_id_from=333.1387.favlist.content.click&vd_source=406d0cf895bedbdc58a3d0130d55e34c,0,BV1GdgW6JEe9,【杨博文｜4k直拍】Whiplash 双日直拍混剪,关键时刻来瓶尖叫,2026-08-13 23:45:41,223951.0,28213.0,22858.0,21591.0,7019.0,4694.0,8183.0,23.0,
2026-08-25 12:30:03,https://www.bilibili.com/video/BV1W5gs6KEhr/?spm_id_from=333.1387.favlist.content.click&vd_source=406d0cf895bedbdc58a3d0130d55e34c,1,BV1W5gs6KEhr,【4K精剪】异常加载中 | 杨博文直拍 | 260813,underthepoplar,2026-08-13 22:44:57,186570.0,23434.0,15834.0,17375.0,6310.0,7388.0,8628.0,14.0,
2026-08-25 12:30:03,https://www.bilibili.com/video/BV1VFbd6QEjw/spm_id_from=333.1387.favlist.content.click&vd_source=406d0cf895bedbdc58a3d0130d55e34c,2,BV1VFbd6QEjw,【杨博文｜4k直拍】管他什么音乐 直拍,关键时刻来瓶尖叫,2026-08-16 23:08:52,85535.0,6019.0,3557.0,4663.0,2683.0,562.0,24.0,10.0,
2026-08-25 12:30:03,https://www.bilibili.com/video/BV1xebR6zEkr/?spm_id_from=333.1387.favlist.content.click&vd_source=406d0cf895bedbdc58a3d0130d55e34c,3,BV1xebR6zEkr,【4K精剪】Attention | 杨博文直拍 | 260816,underthepoplar,2026-08-16 23:54:18,187767.0,16403.0,10377.0,13594.0,3187.0,1723.0,2807.0,17.0,
2026-08-25 12:30:03,https://www.bilibili.com/video/BV1s3gs6MEej/?spm_id_from=333.1387.favlist.content.click&vd_source=406d0cf895bedbdc58a3d0130d55e34c,4,BV1s3gs6MEej,【杨博文｜4k直拍】爱的初体验 直拍,关键时刻来瓶尖叫,2026-08-13 22:46:37,118999.0,12759.0,6768.0,9841.0,3478.0,523.0,2522.0,15.0,
2026-08-25 12:30:03,https://www.bilibili.com/video/BV1E2bR6hEJR/?spm_id_from=333.1387.favlist.content.click&vd_source=406d0cf895bedbdc58a3d0130d55e34c,5,BV1E2bR6hEJR,【杨博文】Attention丨直拍横屏丨16岁高中生内娱主舞的舞台掌控力丨8.16双机位4k精剪,Kismet丨杨博文,2026-08-16 22:13:05,261669.0,28688.0,14167.0,20030.0,4413.0,9703.0,11681.0,194.0,
2026-08-25 12:30:03,https://www.bilibili.com/video/BV1Rib96EE3F/?spm_id_from=333.1387.favlist.content.click&vd_source=406d0cf895bedbdc58a3d0130d55e34c,6,BV1Rib96EE3F,260816 【杨博文】春雪  竖屏4k直拍,meetsummer丨杨博文,2026-08-17 01:54:42,45042.0,8961.0,3540.0,4803.0,1860.0,722.0,737.0,5.0,
2026-08-25 12:30:03,https://www.bilibili.com/video/BV18jgg6BEAd/?spm_id_from=333.1387.favlist.content.click&vd_source=406d0cf895bedbdc58a3d0130d55e34c,7,BV18jgg6BEAd,【4K精剪】摇曳！摇曳！ | 杨博文直拍 | 260813 & 260814,underthepoplar,2026-08-15 13:26:46,70235.0,10156.0,7280.0,6706.0,2899.0,461.0,1148.0,12.0,
2026-08-25 12:30:03,https://www.bilibili.com/video/BV1A5vkB2E1k/?spm_id_from=333.1387.favlist.content.click&vd_source=406d0cf895bedbdc58a3d0130d55e34c,8,BV1A5vkB2E1k,【杨博文】Hey Mama六机位纯舞直拍丨15岁舞台统治者的诞生，四代主舞燃炸全场！,Kismet丨杨博文,2025-12-28 22:28:16,2810044.0,65690.0,45904.0,48017.0,27863.0,13671.0,22018.0,1.0,
2026-08-25 12:30:03,https://www.bilibili.com/video/BV1mJ64BREZY/?spm_id_from=333.337.search-card.all.click&vd_source=406d0cf895bedbdc58a3d0130d55e34c,9,BV1mJ64BREZY,【杨博文】闭嘴跳舞丨当主舞穿上西装就会得到,Kismet丨杨博文,2026-02-01 18:31:00,622208.0,35179.0,4039.0,25442.0,8600.0,447.0,654.0,1.0,
2026-08-25 12:30:03,BV1Qu816ZEoy,10,BV1Qu816ZEoy,测试用，勿点，谢谢,猫球不是毛球啊,2026-08-22 16:55:19,165.0,2.0,0.0,0.0,0.0,0.0,0.0,1.0,
2026-08-25 12:30:03,BV1Vd8B65EkU,11,BV1Vd8B65EkU,0822.3,dddddash6,2026-08-21 21:49:36,113.0,0.0,0.0,1.0,0.0,0.0,0.0,1.0,
2026-08-25 12:30:03,BV1fT8S61Ejo,12,BV1fT8S61Ejo,十一（23）,爱动手的法学生,2026-08-22 23:46:38,125.0,0.0,0.0,0.0,0.0,0.0,0.0,1.0,
2026-08-25 12:30:03,BV1bf816sE8P,13,BV1bf816sE8P,自测，误点,橙子小姐_sheep,2026-08-22 14:38:54,157.0,0.0,0.0,2.0,0.0,0.0,0.0,1.0,
2026-08-25 12:30:03,BV1Te8K6uEJt,14,BV1Te8K6uEJt,勿进勿进勿进！自测 安卓0821,cannndy_,2026-08-21 08:57:55,162.0,0.0,0.0,1.0,0.0,0.0,0.0,1.0,
2026-08-25 12:30:03,BV1au816oEjs,15,BV1au816oEjs,手机自测,熙熙哈哈oO,2026-08-22 16:55:10,279.0,0.0,0.0,0.0,0.0,0.0,0.0,1.0,
2026-08-25 12:30:03,BV1qw816eE1d,16,BV1qw816eE1d,8.22 自测视频 勿点,dgsaydhakjdhjk,2026-08-22 16:56:23,342.0,0.0,0.0,0.0,0.0,0.0,0.0,1.0,
2026-08-25 12:30:03,BV1ci8163ECY,17,BV1ci8163ECY,自测勿点,不完美是常态_,2026-08-22 15:39:32,50.0,0.0,0.0,0.0,0.0,0.0,0.0,1.0,
2026-08-25 12:30:03,BV1dw816YEau,18,,失败,,,,,,,,,,,62012.0
2026-08-25 12:30:03,BV1jg8S6yEuV,19,BV1jg8S6yEuV,自测视频,only筱筱,2026-08-22 23:58:01,243.0,1.0,0.0,0.0,0.0,0.0,0.0,1.0,
2026-08-25 12:30:03,BV1z6816qEbo,20,BV1z6816qEbo,自用,dddii点点,2026-08-22 16:38:15,229.0,1.0,0.0,0.0,0.0,0.0,0.0,1.0,
2026-08-25 12:30:03,BV1eM8168E9p,21,BV1eM8168E9p,自测勿点！！！！,dd鱿鱼须,2026-08-22 16:39:08,180.0,0.0,0.0,1.0,0.0,0.0,0.0,1.0,
2026-08-25 12:30:03,BV14i8M61EdN,22,BV14i8M61EdN,sz,我素质低你让让我,2026-08-21 12:22:44,258.0,0.0,0.0,0.0,0.0,0.0,0.0,1.0,
2026-08-25 12:30:03,BV12A826QEK4,23,BV12A826QEK4,自测 禁点,哈哈哈哈哈11_,2026-08-22 15:15:37,96.0,0.0,0.0,0.0,0.0,0.0,0.0,1.0,
2026-08-25 12:30:03,BV1St8S6wE33,24,BV1St8S6wE33,自测哦,半夏哒哒哒,2026-08-23 00:18:35,147.0,0.0,0.0,0.0,0.0,0.0,0.0,1.0,
2026-08-25 12:30:03,BV1bwbh65Eh7,25,BV1bwbh65Eh7,自测视频！勿点0817,摸鱼堡成员,2026-08-17 09:36:15,406.0,1.0,0.0,0.0,0.0,0.0,0.0,1.0,
2026-08-25 12:30:03,BV15B8r6WEQ3,26,BV15B8r6WEQ3,8.22自测勿点,刘海打歪了,2026-08-22 09:19:46,53.0,0.0,0.0,0.0,0.0,0.0,0.0,1.0,
2026-08-25 12:30:03,BV1ET8S62EvB,27,BV1ET8S62EvB,【牛小Bala】视频已打包，欢迎围观！,牛小Bala,2026-08-22 23:47:03,174.0,0.0,0.0,0.0,0.0,0.0,0.0,1.0,
2026-08-25 12:30:03,BV1kS8y6kEA8,28,BV1kS8y6kEA8,自测 勿点,MENYAOOO,2026-08-22 18:41:15,181.0,0.0,0.0,0.0,0.0,0.0,0.0,1.0,
2026-08-25 12:30:03,BV1pX8y66ELf,29,BV1pX8y66ELf,自测请勿点击,风枷锁,2026-08-22 18:47:46,187.0,1.0,0.0,1.0,0.0,0.0,0.0,1.0,
2026-08-25 12:30:03,BV1uz8y6JEAr,30,BV1uz8y6JEAr,【起司不是qs】第一支视频求三连！,起司不是qs,2026-08-22 18:20:23,180.0,0.0,0.0,0.0,0.0,0.0,0.0,1.0,
2026-08-25 12:30:03,BV1mx8m6REbb,31,BV1mx8m6REbb,自测,甜奶味羊咩,2026-08-22 20:49:17,42.0,0.0,0.0,0.0,0.0,0.0,0.0,1.0,
2026-08-25 12:30:03,BV1du8S65E6x,32,BV1du8S65E6x,测测测,羊咩_0601,2026-08-23 00:02:02,53.0,0.0,0.0,0.0,0.0,0.0,0.0,1.0,
2026-08-25 12:30:03,BV1hn8m6FEcd,33,BV1hn8m6FEcd,自测勿点,哇哦哦噢噢噢哦,2026-08-22 21:06:21,33.0,0.0,0.0,0.0,0.0,0.0,0.0,1.0,
2026-08-25 12:30:03,BV1DE8m68E2D,34,,失败,,,,,,,,,,,62012.0
2026-08-25 12:30:03,BV1jM8m6MEoA,35,BV1jM8m6MEoA,自测，勿点进,Camellia不是cc,2026-08-22 20:29:58,9.0,0.0,0.0,1.0,0.0,0.0,0.0,1.0,
2026-08-25 12:30:03,BV1gE8m6hEJ2,36,BV1gE8m6hEJ2,自测勿点,萌羊叫眠羊,2026-08-22 21:11:17,5.0,0.0,0.0,0.0,0.0,0.0,0.0,1.0,
2026-08-25 12:30:03,BV15V8S6kEYA,37,BV15V8S6kEYA,自测,kuaiqushuijiaoba,2026-08-22 23:32:08,46.0,0.0,0.0,0.0,0.0,0.0,0.0,1.0,
2026-08-25 12:30:03,BV1vG8S6VEgc,38,BV1vG8S6VEgc,8.23自测,萌是天生命TvT,2026-08-22 23:34:07,176.0,0.0,0.0,1.0,0.0,0.0,0.0,1.0,
2026-08-25 12:30:03,BV1Zg8S6CEu5,39,BV1Zg8S6CEu5,自测勿点3,北纬咩雪刊,2026-08-22 23:54:46,57.0,0.0,0.0,0.0,0.0,0.0,0.0,1.0,
2026-08-25 12:30:03,BV1s8BvBPEN5,40,BV1s8BvBPEN5,【杨博文｜4K舞台直拍】好运来祝你好运来～博文宝宝祝你新年好运来,关键时刻来瓶尖叫,2025-12-27 00:43:12,1915662.0,35056.0,17128.0,32452.0,19591.0,4339.0,4874.0,1.0,
2026-08-25 12:30:03,BV1XA6nBGEPV,41,BV1XA6nBGEPV,【4K精剪】希区考克 作品152 | 杨博文直拍 | 260131,underthepoplar,2026-02-01 00:23:17,1945904.0,24099.0,22526.0,20196.0,19011.0,4021.0,6938.0,1.0,
2026-08-25 12:30:03,BV1Phbr6NE8u,42,BV1Phbr6NE8u,【杨博文｜4K多机位直拍】管他什么音乐,Eternity丨杨博文,2026-08-18 12:37:02,1874.0,583.0,176.0,207.0,3.0,9.0,8.0,1.0,
2026-08-25 12:30:03,BV1mX8z6NEzz,43,BV1mX8z6NEzz,【4K精剪】管他什么音乐 | 杨博文直拍 | 260816,underthepoplar,2026-08-22 04:21:09,10103.0,2449.0,1347.0,1219.0,33.0,46.0,67.0,5.0,
2026-08-25 12:30:03,BV1qHbb6QErY,44,BV1qHbb6QErY,杨博文｜260816第肆象限attention<4k精剪>,61strawberry,2026-08-17 06:33:44,8616.0,1550.0,400.0,1055.0,7.0,11.0,16.0,2.0,
2026-08-25 12:30:03,BV1hibB6PEH5,45,BV1hibB6PEH5,【杨博文｜4k直拍】《春雪》我想爱你浅浅不停息～,关键时刻来瓶尖叫,2026-08-18 02:28:40,12020.0,2030.0,427.0,1231.0,5.0,19.0,67.0,1.0,
2026-08-25 12:30:03,BV1N6bi6XE5B,46,BV1N6bi6XE5B,【杨博文】骨骼谢幕丨横屏直拍丨三机位4k字幕版,Kismet丨杨博文,2026-08-17 22:20:49,41381.0,5100.0,1684.0,3292.0,1419.0,72.0,461.0,2.0,
2026-08-25 12:30:03,BV1Gggg6kEhv,47,BV1Gggg6kEhv,【杨博文｜4k直拍】溜溜的她 直拍,关键时刻来瓶尖叫,2026-08-15 05:41:55,57186.0,6053.0,1239.0,3969.0,26.0,20.0,152.0,6.0,
2026-08-25 12:30:03,BV15egs6pEJp,48,BV15egs6pEJp,杨博文｜Whiplash 2机位精剪 直拍 fancam｜4K60｜260813,LOST_杨博文,2026-08-13 23:03:07,86037.0,8203.0,1883.0,6102.0,61.0,69.0,243.0,10.0,
2026-08-25 12:30:03,BV1rqgW6hEvv,49,BV1rqgW6hEvv,【杨博文｜4k直拍】100Ways 直拍,关键时刻来瓶尖叫,2026-08-14 01:41:46,25738.0,3664.0,1463.0,2660.0,36.0,36.0,226.0,2.0,
2026-08-25 12:30:03,BV1b5uf6gEhd,50,BV1b5uf6gEhd,【杨博文】100ways丨直拍双机位丨8.13&14两日精剪,Kismet丨杨博文,2026-08-14 04:12:18,16964.0,2665.0,835.0,1823.0,18.0,17.0,89.0,1.0,
2026-08-25 12:30:03,BV1vCuf6nErK,51,BV1vCuf6nErK,【杨博文】100ways 4k直拍｜力量感爆发气场全开,游园会_杨博文,2026-08-14 03:20:46,13347.0,2247.0,607.0,1594.0,11.0,19.0,40.0,1.0,
2026-08-25 12:30:03,BV16zgA6zEkE,52,BV16zgA6zEkE,【杨博文｜4K】Whiplash 四机位精剪直拍,Eternity丨杨博文,2026-08-14 11:25:47,18280.0,4636.0,1067.0,1942.0,34.0,64.0,170.0,2.0,
2026-08-25 12:30:03,BV1Gigw6XEXN,53,BV1Gigw6XEXN,杨博文｜醉拳 3机位精剪 直拍 fancam｜4K60｜260813,LOST_杨博文,2026-08-14 13:11:22,31107.0,4886.0,2354.0,2818.0,1745.0,56.0,295.0,1.0,
2026-08-25 12:30:03,BV1k9gw6gE4U,54,BV1k9gw6gE4U,「杨博文｜爱的初体验」是不是我的十六岁 注定要为__流泪,Astra_杨博文,2026-08-14 13:49:20,18299.0,2365.0,639.0,1493.0,21.0,13.0,94.0,1.0,
2026-08-25 13:00:03,https://www.bilibili.com/video/BV1GdgW6JEe9/?spm_id_from=333.1387.favlist.content.click&vd_source=406d0cf895bedbdc58a3d0130d55e34c,0,BV1GdgW6JEe9,【杨博文｜4k直拍】Whiplash 双日直拍混剪,关键时刻来瓶尖叫,2026-08-13 23:45:41,224141.0,28220.0,22860.0,21596.0,7019.0,4694.0,8185.0,23.0,
2026-08-25 13:00:03,https://www.bilibili.com/video/BV1W5gs6KEhr/?spm_id_from=333.1387.favlist.content.click&vd_source=406d0cf895bedbdc58a3d0130d55e34c,1,BV1W5gs6KEhr,【4K精剪】异常加载中 | 杨博文直拍 | 260813,underthepoplar,2026-08-13 22:44:57,186684.0,23440.0,15838.0,17384.0,6310.0,7388.0,8632.0,25.0,
2026-08-25 13:00:03,https://www.bilibili.com/video/BV1VFbd6QEjw/spm_id_from=333.1387.favlist.content.click&vd_source=406d0cf895bedbdc58a3d0130d55e34c,2,BV1VFbd6QEjw,【杨博文｜4k直拍】管他什么音乐 直拍,关键时刻来瓶尖叫,2026-08-16 23:08:52,85566.0,6020.0,3558.0,4664.0,2683.0,562.0,24.0,9.0,
2026-08-25 13:00:03,https://www.bilibili.com/video/BV1xebR6zEkr/?spm_id_from=333.1387.favlist.content.click&vd_source=406d0cf895bedbdc58a3d0130d55e34c,3,BV1xebR6zEkr,【4K精剪】Attention | 杨博文直拍 | 260816,underthepoplar,2026-08-16 23:54:18,188012.0,16418.0,10378.0,13607.0,3188.0,1723.0,2807.0,28.0,
2026-08-25 13:00:03,https://www.bilibili.com/video/BV1s3gs6MEej/?spm_id_from=333.1387.favlist.content.click&vd_source=406d0cf895bedbdc58a3d0130d55e34c,4,BV1s3gs6MEej,【杨博文｜4k直拍】爱的初体验 直拍,关键时刻来瓶尖叫,2026-08-13 22:46:37,119109.0,12768.0,6770.0,9847.0,3478.0,523.0,2522.0,11.0,
2026-08-25 13:00:03,https://www.bilibili.com/video/BV1E2bR6hEJR/?spm_id_from=333.1387.favlist.content.click&vd_source=406d0cf895bedbdc58a3d0130d55e34c,5,BV1E2bR6hEJR,【杨博文】Attention丨直拍横屏丨16岁高中生内娱主舞的舞台掌控力丨8.16双机位4k精剪,Kismet丨杨博文,2026-08-16 22:13:05,261960.0,28714.0,14174.0,20049.0,4417.0,9715.0,11694.0,189.0,
2026-08-25 13:00:03,https://www.bilibili.com/video/BV1Rib96EE3F/?spm_id_from=333.1387.favlist.content.click&vd_source=406d0cf895bedbdc58a3d0130d55e34c,6,BV1Rib96EE3F,260816 【杨博文】春雪  竖屏4k直拍,meetsummer丨杨博文,2026-08-17 01:54:42,45125.0,8973.0,3540.0,4810.0,1860.0,722.0,737.0,9.0,
2026-08-25 13:00:03,https://www.bilibili.com/video/BV18jgg6BEAd/?spm_id_from=333.1387.favlist.content.click&vd_source=406d0cf895bedbdc58a3d0130d55e34c,7,BV18jgg6BEAd,【4K精剪】摇曳！摇曳！ | 杨博文直拍 | 260813 & 260814,underthepoplar,2026-08-15 13:26:46,70315.0,10161.0,7280.0,6711.0,2899.0,461.0,1148.0,15.0,
2026-08-25 13:00:03,https://www.bilibili.com/video/BV1A5vkB2E1k/?spm_id_from=333.1387.favlist.content.click&vd_source=406d0cf895bedbdc58a3d0130d55e34c,8,BV1A5vkB2E1k,【杨博文】Hey Mama六机位纯舞直拍丨15岁舞台统治者的诞生，四代主舞燃炸全场！,Kismet丨杨博文,2025-12-28 22:28:16,2810068.0,65690.0,45904.0,48018.0,27863.0,13671.0,22018.0,1.0,
2026-08-25 13:00:03,https://www.bilibili.com/video/BV1mJ64BREZY/?spm_id_from=333.337.search-card.all.click&vd_source=406d0cf895bedbdc58a3d0130d55e34c,9,BV1mJ64BREZY,【杨博文】闭嘴跳舞丨当主舞穿上西装就会得到,Kismet丨杨博文,2026-02-01 18:31:00,622210.0,35179.0,4039.0,25442.0,8600.0,447.0,654.0,1.0,
2026-08-25 13:00:03,BV1Qu816ZEoy,10,BV1Qu816ZEoy,测试用，勿点，谢谢,猫球不是毛球啊,2026-08-22 16:55:19,165.0,2.0,0.0,0.0,0.0,0.0,0.0,1.0,
2026-08-25 13:00:03,BV1Vd8B65EkU,11,BV1Vd8B65EkU,0822.3,dddddash6,2026-08-21 21:49:36,113.0,0.0,0.0,1.0,0.0,0.0,0.0,1.0,
2026-08-25 13:00:03,BV1fT8S61Ejo,12,BV1fT8S61Ejo,十一（23）,爱动手的法学生,2026-08-22 23:46:38,125.0,0.0,0.0,0.0,0.0,0.0,0.0,1.0,
2026-08-25 13:00:03,BV1bf816sE8P,13,BV1bf816sE8P,自测，误点,橙子小姐_sheep,2026-08-22 14:38:54,157.0,0.0,0.0,2.0,0.0,0.0,0.0,1.0,
2026-08-25 13:00:03,BV1Te8K6uEJt,14,BV1Te8K6uEJt,勿进勿进勿进！自测 安卓0821,cannndy_,2026-08-21 08:57:55,162.0,0.0,0.0,1.0,0.0,0.0,0.0,1.0,
2026-08-25 13:00:03,BV1au816oEjs,15,BV1au816oEjs,手机自测,熙熙哈哈oO,2026-08-22 16:55:10,283.0,0.0,0.0,0.0,0.0,0.0,0.0,1.0,
2026-08-25 13:00:03,BV1qw816eE1d,16,BV1qw816eE1d,8.22 自测视频 勿点,dgsaydhakjdhjk,2026-08-22 16:56:23,342.0,0.0,0.0,0.0,0.0,0.0,0.0,1.0,
2026-08-25 13:00:03,BV1ci8163ECY,17,BV1ci8163ECY,自测勿点,不完美是常态_,2026-08-22 15:39:32,50.0,0.0,0.0,0.0,0.0,0.0,0.0,1.0,
2026-08-25 13:00:03,BV1dw816YEau,18,,失败,,,,,,,,,,,62012.0
2026-08-25 13:00:03,BV1jg8S6yEuV,19,BV1jg8S6yEuV,自测视频,only筱筱,2026-08-22 23:58:01,243.0,1.0,0.0,0.0,0.0,0.0,0.0,1.0,
2026-08-25 13:00:03,BV1z6816qEbo,20,BV1z6816qEbo,自用,dddii点点,2026-08-22 16:38:15,229.0,1.0,0.0,0.0,0.0,0.0,0.0,1.0,
2026-08-25 13:00:03,BV1eM8168E9p,21,BV1eM8168E9p,自测勿点！！！！,dd鱿鱼须,2026-08-22 16:39:08,180.0,0.0,0.0,1.0,0.0,0.0,0.0,1.0,
2026-08-25 13:00:03,BV14i8M61EdN,22,BV14i8M61EdN,sz,我素质低你让让我,2026-08-21 12:22:44,258.0,0.0,0.0,0.0,0.0,0.0,0.0,1.0,
2026-08-25 13:00:03,BV12A826QEK4,23,BV12A826QEK4,自测 禁点,哈哈哈哈哈11_,2026-08-22 15:15:37,96.0,0.0,0.0,0.0,0.0,0.0,0.0,1.0,
2026-08-25 13:00:03,BV1St8S6wE33,24,BV1St8S6wE33,自测哦,半夏哒哒哒,2026-08-23 00:18:35,147.0,0.0,0.0,0.0,0.0,0.0,0.0,1.0,
2026-08-25 13:00:03,BV1bwbh65Eh7,25,BV1bwbh65Eh7,自测视频！勿点0817,摸鱼堡成员,2026-08-17 09:36:15,406.0,1.0,0.0,0.0,0.0,0.0,0.0,1.0,
2026-08-25 13:00:03,BV15B8r6WEQ3,26,BV15B8r6WEQ3,8.22自测勿点,刘海打歪了,2026-08-22 09:19:46,53.0,0.0,0.0,0.0,0.0,0.0,0.0,1.0,
2026-08-25 13:00:03,BV1ET8S62EvB,27,BV1ET8S62EvB,【牛小Bala】视频已打包，欢迎围观！,牛小Bala,2026-08-22 23:47:03,179.0,0.0,0.0,0.0,0.0,0.0,0.0,1.0,
2026-08-25 13:00:03,BV1kS8y6kEA8,28,BV1kS8y6kEA8,自测 勿点,MENYAOOO,2026-08-22 18:41:15,181.0,0.0,0.0,0.0,0.0,0.0,0.0,1.0,
2026-08-25 13:00:03,BV1pX8y66ELf,29,BV1pX8y66ELf,自测请勿点击,风枷锁,2026-08-22 18:47:46,187.0,1.0,0.0,1.0,0.0,0.0,0.0,1.0,
2026-08-25 13:00:03,BV1uz8y6JEAr,30,BV1uz8y6JEAr,【起司不是qs】第一支视频求三连！,起司不是qs,2026-08-22 18:20:23,180.0,0.0,0.0,0.0,0.0,0.0,0.0,1.0,
2026-08-25 13:00:03,BV1mx8m6REbb,31,BV1mx8m6REbb,自测,甜奶味羊咩,2026-08-22 20:49:17,42.0,0.0,0.0,0.0,0.0,0.0,0.0,1.0,
2026-08-25 13:00:03,BV1du8S65E6x,32,BV1du8S65E6x,测测测,羊咩_0601,2026-08-23 00:02:02,53.0,0.0,0.0,0.0,0.0,0.0,0.0,1.0,
2026-08-25 13:00:03,BV1hn8m6FEcd,33,BV1hn8m6FEcd,自测勿点,哇哦哦噢噢噢哦,2026-08-22 21:06:21,33.0,0.0,0.0,0.0,0.0,0.0,0.0,1.0,
2026-08-25 13:00:03,BV1DE8m68E2D,34,,失败,,,,,,,,,,,62012.0
2026-08-25 13:00:03,BV1jM8m6MEoA,35,BV1jM8m6MEoA,自测，勿点进,Camellia不是cc,2026-08-22 20:29:58,9.0,0.0,0.0,1.0,0.0,0.0,0.0,1.0,
2026-08-25 13:00:03,BV1gE8m6hEJ2,36,BV1gE8m6hEJ2,自测勿点,萌羊叫眠羊,2026-08-22 21:11:17,5.0,0.0,0.0,0.0,0.0,0.0,0.0,1.0,
2026-08-25 13:00:03,BV15V8S6kEYA,37,BV15V8S6kEYA,自测,kuaiqushuijiaoba,2026-08-22 23:32:08,46.0,0.0,0.0,0.0,0.0,0.0,0.0,1.0,
2026-08-25 13:00:03,BV1vG8S6VEgc,38,BV1vG8S6VEgc,8.23自测,萌是天生命TvT,2026-08-22 23:34:07,176.0,0.0,0.0,1.0,0.0,0.0,0.0,1.0,
2026-08-25 13:00:03,BV1Zg8S6CEu5,39,BV1Zg8S6CEu5,自测勿点3,北纬咩雪刊,2026-08-22 23:54:46,57.0,0.0,0.0,0.0,0.0,0.0,0.0,1.0,
2026-08-25 13:00:03,BV1s8BvBPEN5,40,BV1s8BvBPEN5,【杨博文｜4K舞台直拍】好运来祝你好运来～博文宝宝祝你新年好运来,关键时刻来瓶尖叫,2025-12-27 00:43:12,1915663.0,35056.0,17128.0,32452.0,19591.0,4339.0,4874.0,1.0,
2026-08-25 13:00:03,BV1XA6nBGEPV,41,BV1XA6nBGEPV,【4K精剪】希区考克 作品152 | 杨博文直拍 | 260131,underthepoplar,2026-02-01 00:23:17,1945909.0,24099.0,22526.0,20196.0,19011.0,4021.0,6938.0,1.0,
2026-08-25 13:00:03,BV1Phbr6NE8u,42,BV1Phbr6NE8u,【杨博文｜4K多机位直拍】管他什么音乐,Eternity丨杨博文,2026-08-18 12:37:02,1875.0,584.0,176.0,207.0,3.0,9.0,8.0,1.0,
2026-08-25 13:00:03,BV1mX8z6NEzz,43,BV1mX8z6NEzz,【4K精剪】管他什么音乐 | 杨博文直拍 | 260816,underthepoplar,2026-08-22 04:21:09,10210.0,2457.0,1350.0,1225.0,33.0,46.0,67.0,3.0,
2026-08-25 13:00:03,BV1qHbb6QErY,44,BV1qHbb6QErY,杨博文｜260816第肆象限attention<4k精剪>,61strawberry,2026-08-17 06:33:44,8635.0,1554.0,400.0,1057.0,7.0,11.0,16.0,1.0,
2026-08-25 13:00:03,BV1hibB6PEH5,45,BV1hibB6PEH5,【杨博文｜4k直拍】《春雪》我想爱你浅浅不停息～,关键时刻来瓶尖叫,2026-08-18 02:28:40,12046.0,2033.0,427.0,1233.0,5.0,19.0,67.0,1.0,
2026-08-25 13:00:03,BV1N6bi6XE5B,46,BV1N6bi6XE5B,【杨博文】骨骼谢幕丨横屏直拍丨三机位4k字幕版,Kismet丨杨博文,2026-08-17 22:20:49,41406.0,5101.0,1684.0,3293.0,1420.0,72.0,461.0,3.0,
2026-08-25 13:00:03,BV1Gggg6kEhv,47,BV1Gggg6kEhv,【杨博文｜4k直拍】溜溜的她 直拍,关键时刻来瓶尖叫,2026-08-15 05:41:55,57282.0,6068.0,1243.0,3979.0,26.0,20.0,154.0,3.0,
2026-08-25 13:00:03,BV15egs6pEJp,48,BV15egs6pEJp,杨博文｜Whiplash 2机位精剪 直拍 fancam｜4K60｜260813,LOST_杨博文,2026-08-13 23:03:07,86194.0,8213.0,1883.0,6109.0,61.0,69.0,243.0,7.0,
2026-08-25 13:00:03,BV1rqgW6hEvv,49,BV1rqgW6hEvv,【杨博文｜4k直拍】100Ways 直拍,关键时刻来瓶尖叫,2026-08-14 01:41:46,25754.0,3665.0,1463.0,2660.0,36.0,36.0,226.0,1.0,
2026-08-25 13:00:03,BV1b5uf6gEhd,50,BV1b5uf6gEhd,【杨博文】100ways丨直拍双机位丨8.13&14两日精剪,Kismet丨杨博文,2026-08-14 04:12:18,16973.0,2666.0,835.0,1823.0,18.0,17.0,89.0,3.0,
2026-08-25 13:00:03,BV1vCuf6nErK,51,BV1vCuf6nErK,【杨博文】100ways 4k直拍｜力量感爆发气场全开,游园会_杨博文,2026-08-14 03:20:46,13356.0,2248.0,607.0,1594.0,11.0,19.0,40.0,1.0,
2026-08-25 13:00:03,BV16zgA6zEkE,52,BV16zgA6zEkE,【杨博文｜4K】Whiplash 四机位精剪直拍,Eternity丨杨博文,2026-08-14 11:25:47,18343.0,4644.0,1067.0,1945.0,34.0,65.0,170.0,2.0,
2026-08-25 13:00:03,BV1Gigw6XEXN,53,BV1Gigw6XEXN,杨博文｜醉拳 3机位精剪 直拍 fancam｜4K60｜260813,LOST_杨博文,2026-08-14 13:11:22,31115.0,4886.0,2354.0,2819.0,1745.0,56.0,295.0,1.0,
2026-08-25 13:00:03,BV1k9gw6gE4U,54,BV1k9gw6gE4U,「杨博文｜爱的初体验」是不是我的十六岁 注定要为__流泪,Astra_杨博文,2026-08-14 13:49:20,18330.0,2366.0,639.0,1494.0,21.0,13.0,94.0,3.0,
2026-08-25 13:30:04,https://www.bilibili.com/video/BV1GdgW6JEe9/?spm_id_from=333.1387.favlist.content.click&vd_source=406d0cf895bedbdc58a3d0130d55e34c,0,BV1GdgW6JEe9,【杨博文｜4k直拍】Whiplash 双日直拍混剪,关键时刻来瓶尖叫,2026-08-13 23:45:41,224389.0,28234.0,22866.0,21609.0,7019.0,4706.0,8195.0,28.0,
2026-08-25 13:30:04,https://www.bilibili.com/video/BV1W5gs6KEhr/?spm_id_from=333.1387.favlist.content.click&vd_source=406d0cf895bedbdc58a3d0130d55e34c,1,BV1W5gs6KEhr,【4K精剪】异常加载中 | 杨博文直拍 | 260813,underthepoplar,2026-08-13 22:44:57,186820.0,23447.0,15840.0,17391.0,6310.0,7395.0,8635.0,20.0,
2026-08-25 13:30:04,https://www.bilibili.com/video/BV1VFbd6QEjw/spm_id_from=333.1387.favlist.content.click&vd_source=406d0cf895bedbdc58a3d0130d55e34c,2,BV1VFbd6QEjw,【杨博文｜4k直拍】管他什么音乐 直拍,关键时刻来瓶尖叫,2026-08-16 23:08:52,85601.0,6023.0,3560.0,4666.0,2683.0,562.0,26.0,7.0,
2026-08-25 13:30:04,https://www.bilibili.com/video/BV1xebR6zEkr/?spm_id_from=333.1387.favlist.content.click&vd_source=406d0cf895bedbdc58a3d0130d55e34c,3,BV1xebR6zEkr,【4K精剪】Attention | 杨博文直拍 | 260816,underthepoplar,2026-08-16 23:54:18,188297.0,16439.0,10388.0,13626.0,3189.0,1734.0,2808.0,36.0,
2026-08-25 13:30:04,https://www.bilibili.com/video/BV1s3gs6MEej/?spm_id_from=333.1387.favlist.content.click&vd_source=406d0cf895bedbdc58a3d0130d55e34c,4,BV1s3gs6MEej,【杨博文｜4k直拍】爱的初体验 直拍,关键时刻来瓶尖叫,2026-08-13 22:46:37,119218.0,12775.0,6770.0,9851.0,3478.0,523.0,2522.0,12.0,
2026-08-25 13:30:04,https://www.bilibili.com/video/BV1E2bR6hEJR/?spm_id_from=333.1387.favlist.content.click&vd_source=406d0cf895bedbdc58a3d0130d55e34c,5,BV1E2bR6hEJR,【杨博文】Attention丨直拍横屏丨16岁高中生内娱主舞的舞台掌控力丨8.16双机位4k精剪,Kismet丨杨博文,2026-08-16 22:13:05,262268.0,28743.0,14184.0,20065.0,4417.0,9725.0,11697.0,206.0,
2026-08-25 13:30:04,https://www.bilibili.com/video/BV1Rib96EE3F/?spm_id_from=333.1387.favlist.content.click&vd_source=406d0cf895bedbdc58a3d0130d55e34c,6,BV1Rib96EE3F,260816 【杨博文】春雪  竖屏4k直拍,meetsummer丨杨博文,2026-08-17 01:54:42,45192.0,8983.0,3542.0,4814.0,1860.0,722.0,737.0,11.0,
2026-08-25 13:30:04,https://www.bilibili.com/video/BV18jgg6BEAd/?spm_id_from=333.1387.favlist.content.click&vd_source=406d0cf895bedbdc58a3d0130d55e34c,7,BV18jgg6BEAd,【4K精剪】摇曳！摇曳！ | 杨博文直拍 | 260813 & 260814,underthepoplar,2026-08-15 13:26:46,70394.0,10167.0,7285.0,6718.0,2899.0,462.0,1150.0,12.0,
2026-08-25 13:30:04,https://www.bilibili.com/video/BV1A5vkB2E1k/?spm_id_from=333.1387.favlist.content.click&vd_source=406d0cf895bedbdc58a3d0130d55e34c,8,BV1A5vkB2E1k,【杨博文】Hey Mama六机位纯舞直拍丨15岁舞台统治者的诞生，四代主舞燃炸全场！,Kismet丨杨博文,2025-12-28 22:28:16,2810089.0,65693.0,45906.0,48019.0,27863.0,13671.0,22018.0,1.0,
2026-08-25 13:30:04,https://www.bilibili.com/video/BV1mJ64BREZY/?spm_id_from=333.337.search-card.all.click&vd_source=406d0cf895bedbdc58a3d0130d55e34c,9,BV1mJ64BREZY,【杨博文】闭嘴跳舞丨当主舞穿上西装就会得到,Kismet丨杨博文,2026-02-01 18:31:00,622213.0,35179.0,4039.0,25441.0,8600.0,447.0,654.0,1.0,
2026-08-25 13:30:04,BV1Qu816ZEoy,10,BV1Qu816ZEoy,测试用，勿点，谢谢,猫球不是毛球啊,2026-08-22 16:55:19,165.0,2.0,0.0,0.0,0.0,0.0,0.0,1.0,
2026-08-25 13:30:04,BV1Vd8B65EkU,11,BV1Vd8B65EkU,0822.3,dddddash6,2026-08-21 21:49:36,113.0,0.0,0.0,1.0,0.0,0.0,0.0,1.0,
2026-08-25 13:30:04,BV1fT8S61Ejo,12,BV1fT8S61Ejo,十一（23）,爱动手的法学生,2026-08-22 23:46:38,125.0,0.0,0.0,0.0,0.0,0.0,0.0,1.0,
2026-08-25 13:30:04,BV1bf816sE8P,13,BV1bf816sE8P,自测，误点,橙子小姐_sheep,2026-08-22 14:38:54,157.0,0.0,0.0,2.0,0.0,0.0,0.0,1.0,
2026-08-25 13:30:04,BV1Te8K6uEJt,14,BV1Te8K6uEJt,勿进勿进勿进！自测 安卓0821,cannndy_,2026-08-21 08:57:55,162.0,0.0,0.0,1.0,0.0,0.0,0.0,1.0,
2026-08-25 13:30:04,BV1au816oEjs,15,BV1au816oEjs,手机自测,熙熙哈哈oO,2026-08-22 16:55:10,288.0,0.0,0.0,0.0,0.0,0.0,0.0,1.0,
2026-08-25 13:30:04,BV1qw816eE1d,16,BV1qw816eE1d,8.22 自测视频 勿点,dgsaydhakjdhjk,2026-08-22 16:56:23,342.0,0.0,0.0,0.0,0.0,0.0,0.0,1.0,
2026-08-25 13:30:04,BV1ci8163ECY,17,BV1ci8163ECY,自测勿点,不完美是常态_,2026-08-22 15:39:32,50.0,0.0,0.0,0.0,0.0,0.0,0.0,1.0,
2026-08-25 13:30:04,BV1dw816YEau,18,,失败,,,,,,,,,,,62012.0
2026-08-25 13:30:04,BV1jg8S6yEuV,19,BV1jg8S6yEuV,自测视频,only筱筱,2026-08-22 23:58:01,243.0,1.0,0.0,0.0,0.0,0.0,0.0,1.0,
2026-08-25 13:30:04,BV1z6816qEbo,20,BV1z6816qEbo,自用,dddii点点,2026-08-22 16:38:15,229.0,1.0,0.0,0.0,0.0,0.0,0.0,1.0,
2026-08-25 13:30:04,BV1eM8168E9p,21,BV1eM8168E9p,自测勿点！！！！,dd鱿鱼须,2026-08-22 16:39:08,180.0,0.0,0.0,1.0,0.0,0.0,0.0,1.0,
2026-08-25 13:30:04,BV14i8M61EdN,22,BV14i8M61EdN,sz,我素质低你让让我,2026-08-21 12:22:44,258.0,0.0,0.0,0.0,0.0,0.0,0.0,1.0,
2026-08-25 13:30:04,BV12A826QEK4,23,BV12A826QEK4,自测 禁点,哈哈哈哈哈11_,2026-08-22 15:15:37,96.0,0.0,0.0,0.0,0.0,0.0,0.0,1.0,
2026-08-25 13:30:04,BV1St8S6wE33,24,BV1St8S6wE33,自测哦,半夏哒哒哒,2026-08-23 00:18:35,147.0,0.0,0.0,0.0,0.0,0.0,0.0,1.0,
2026-08-25 13:30:04,BV1bwbh65Eh7,25,BV1bwbh65Eh7,自测视频！勿点0817,摸鱼堡成员,2026-08-17 09:36:15,406.0,1.0,0.0,0.0,0.0,0.0,0.0,1.0,
2026-08-25 13:30:04,BV15B8r6WEQ3,26,BV15B8r6WEQ3,8.22自测勿点,刘海打歪了,2026-08-22 09:19:46,53.0,0.0,0.0,0.0,0.0,0.0,0.0,1.0,
2026-08-25 13:30:04,BV1ET8S62EvB,27,BV1ET8S62EvB,【牛小Bala】视频已打包，欢迎围观！,牛小Bala,2026-08-22 23:47:03,183.0,0.0,0.0,0.0,0.0,0.0,0.0,1.0,
2026-08-25 13:30:04,BV1kS8y6kEA8,28,BV1kS8y6kEA8,自测 勿点,MENYAOOO,2026-08-22 18:41:15,181.0,0.0,0.0,0.0,0.0,0.0,0.0,1.0,
2026-08-25 13:30:04,BV1pX8y66ELf,29,BV1pX8y66ELf,自测请勿点击,风枷锁,2026-08-22 18:47:46,187.0,1.0,0.0,1.0,0.0,0.0,0.0,1.0,
2026-08-25 13:30:04,BV1uz8y6JEAr,30,BV1uz8y6JEAr,【起司不是qs】第一支视频求三连！,起司不是qs,2026-08-22 18:20:23,180.0,0.0,0.0,0.0,0.0,0.0,0.0,1.0,
2026-08-25 13:30:04,BV1mx8m6REbb,31,BV1mx8m6REbb,自测,甜奶味羊咩,2026-08-22 20:49:17,42.0,0.0,0.0,0.0,0.0,0.0,0.0,1.0,
2026-08-25 13:30:04,BV1du8S65E6x,32,BV1du8S65E6x,测测测,羊咩_0601,2026-08-23 00:02:02,53.0,0.0,0.0,0.0,0.0,0.0,0.0,1.0,
2026-08-25 13:30:04,BV1hn8m6FEcd,33,BV1hn8m6FEcd,自测勿点,哇哦哦噢噢噢哦,2026-08-22 21:06:21,33.0,0.0,0.0,0.0,0.0,0.0,0.0,1.0,
2026-08-25 13:30:04,BV1DE8m68E2D,34,,失败,,,,,,,,,,,62012.0
2026-08-25 13:30:04,BV1jM8m6MEoA,35,BV1jM8m6MEoA,自测，勿点进,Camellia不是cc,2026-08-22 20:29:58,9.0,0.0,0.0,1.0,0.0,0.0,0.0,1.0,
2026-08-25 13:30:04,BV1gE8m6hEJ2,36,BV1gE8m6hEJ2,自测勿点,萌羊叫眠羊,2026-08-22 21:11:17,5.0,0.0,0.0,0.0,0.0,0.0,0.0,1.0,
2026-08-25 13:30:04,BV15V8S6kEYA,37,BV15V8S6kEYA,自测,kuaiqushuijiaoba,2026-08-22 23:32:08,46.0,0.0,0.0,0.0,0.0,0.0,0.0,1.0,
2026-08-25 13:30:04,BV1vG8S6VEgc,38,BV1vG8S6VEgc,8.23自测,萌是天生命TvT,2026-08-22 23:34:07,176.0,0.0,0.0,1.0,0.0,0.0,0.0,1.0,
2026-08-25 13:30:04,BV1Zg8S6CEu5,39,BV1Zg8S6CEu5,自测勿点3,北纬咩雪刊,2026-08-22 23:54:46,57.0,0.0,0.0,0.0,0.0,0.0,0.0,1.0,
2026-08-25 13:30:04,BV1s8BvBPEN5,40,BV1s8BvBPEN5,【杨博文｜4K舞台直拍】好运来祝你好运来～博文宝宝祝你新年好运来,关键时刻来瓶尖叫,2025-12-27 00:43:12,1915667.0,35056.0,17128.0,32451.0,19591.0,4339.0,4874.0,1.0,
2026-08-25 13:30:04,BV1XA6nBGEPV,41,BV1XA6nBGEPV,【4K精剪】希区考克 作品152 | 杨博文直拍 | 260131,underthepoplar,2026-02-01 00:23:17,1945918.0,24099.0,22526.0,20196.0,19011.0,4021.0,6938.0,1.0,
2026-08-25 13:30:04,BV1Phbr6NE8u,42,BV1Phbr6NE8u,【杨博文｜4K多机位直拍】管他什么音乐,Eternity丨杨博文,2026-08-18 12:37:02,1880.0,587.0,176.0,208.0,3.0,9.0,8.0,1.0,
2026-08-25 13:30:04,BV1mX8z6NEzz,43,BV1mX8z6NEzz,【4K精剪】管他什么音乐 | 杨博文直拍 | 260816,underthepoplar,2026-08-22 04:21:09,10344.0,2465.0,1350.0,1232.0,33.0,46.0,67.0,10.0,
2026-08-25 13:30:04,BV1qHbb6QErY,44,BV1qHbb6QErY,杨博文｜260816第肆象限attention<4k精剪>,61strawberry,2026-08-17 06:33:44,8667.0,1556.0,400.0,1059.0,7.0,11.0,16.0,1.0,
2026-08-25 13:30:04,BV1hibB6PEH5,45,BV1hibB6PEH5,【杨博文｜4k直拍】《春雪》我想爱你浅浅不停息～,关键时刻来瓶尖叫,2026-08-18 02:28:40,12077.0,2038.0,427.0,1236.0,5.0,19.0,67.0,1.0,
2026-08-25 13:30:04,BV1N6bi6XE5B,46,BV1N6bi6XE5B,【杨博文】骨骼谢幕丨横屏直拍丨三机位4k字幕版,Kismet丨杨博文,2026-08-17 22:20:49,41440.0,5102.0,1684.0,3295.0,1420.0,72.0,461.0,2.0,
2026-08-25 13:30:04,BV1Gggg6kEhv,47,BV1Gggg6kEhv,【杨博文｜4k直拍】溜溜的她 直拍,关键时刻来瓶尖叫,2026-08-15 05:41:55,57427.0,6079.0,1243.0,3990.0,26.0,20.0,154.0,6.0,
2026-08-25 13:30:04,BV15egs6pEJp,48,BV15egs6pEJp,杨博文｜Whiplash 2机位精剪 直拍 fancam｜4K60｜260813,LOST_杨博文,2026-08-13 23:03:07,86277.0,8218.0,1883.0,6114.0,61.0,69.0,243.0,3.0,
2026-08-25 13:30:04,BV1rqgW6hEvv,49,BV1rqgW6hEvv,【杨博文｜4k直拍】100Ways 直拍,关键时刻来瓶尖叫,2026-08-14 01:41:46,25772.0,3667.0,1465.0,2663.0,36.0,36.0,226.0,1.0,
2026-08-25 13:30:04,BV1b5uf6gEhd,50,BV1b5uf6gEhd,【杨博文】100ways丨直拍双机位丨8.13&14两日精剪,Kismet丨杨博文,2026-08-14 04:12:18,16988.0,2668.0,837.0,1827.0,18.0,17.0,89.0,1.0,
2026-08-25 13:30:04,BV1vCuf6nErK,51,BV1vCuf6nErK,【杨博文】100ways 4k直拍｜力量感爆发气场全开,游园会_杨博文,2026-08-14 03:20:46,13365.0,2251.0,607.0,1597.0,11.0,19.0,40.0,1.0,
2026-08-25 13:30:04,BV16zgA6zEkE,52,BV16zgA6zEkE,【杨博文｜4K】Whiplash 四机位精剪直拍,Eternity丨杨博文,2026-08-14 11:25:47,18450.0,4660.0,1067.0,1957.0,34.0,65.0,170.0,4.0,
2026-08-25 13:30:04,BV1Gigw6XEXN,53,BV1Gigw6XEXN,杨博文｜醉拳 3机位精剪 直拍 fancam｜4K60｜260813,LOST_杨博文,2026-08-14 13:11:22,31128.0,4889.0,2355.0,2820.0,1745.0,56.0,295.0,1.0,
2026-08-25 13:30:04,BV1k9gw6gE4U,54,BV1k9gw6gE4U,「杨博文｜爱的初体验」是不是我的十六岁 注定要为__流泪,Astra_杨博文,2026-08-14 13:49:20,18362.0,2369.0,639.0,1496.0,21.0,13.0,94.0,1.0,
2026-08-25 14:00:04,https://www.bilibili.com/video/BV1GdgW6JEe9/?spm_id_from=333.1387.favlist.content.click&vd_source=406d0cf895bedbdc58a3d0130d55e34c,0,BV1GdgW6JEe9,【杨博文｜4k直拍】Whiplash 双日直拍混剪,关键时刻来瓶尖叫,2026-08-13 23:45:41,224597.0,28244.0,22870.0,21618.0,7019.0,4706.0,8197.0,21.0,
2026-08-25 14:00:04,https://www.bilibili.com/video/BV1W5gs6KEhr/?spm_id_from=333.1387.favlist.content.click&vd_source=406d0cf895bedbdc58a3d0130d55e34c,1,BV1W5gs6KEhr,【4K精剪】异常加载中 | 杨博文直拍 | 260813,underthepoplar,2026-08-13 22:44:57,186963.0,23453.0,15840.0,17399.0,6310.0,7396.0,8635.0,17.0,
2026-08-25 14:00:04,https://www.bilibili.com/video/BV1VFbd6QEjw/spm_id_from=333.1387.favlist.content.click&vd_source=406d0cf895bedbdc58a3d0130d55e34c,2,BV1VFbd6QEjw,【杨博文｜4k直拍】管他什么音乐 直拍,关键时刻来瓶尖叫,2026-08-16 23:08:52,85623.0,6023.0,3560.0,4666.0,2683.0,562.0,26.0,9.0,
2026-08-25 14:00:04,https://www.bilibili.com/video/BV1xebR6zEkr/?spm_id_from=333.1387.favlist.content.click&vd_source=406d0cf895bedbdc58a3d0130d55e34c,3,BV1xebR6zEkr,【4K精剪】Attention | 杨博文直拍 | 260816,underthepoplar,2026-08-16 23:54:18,188898.0,16468.0,10392.0,13662.0,3189.0,1734.0,2808.0,49.0,
2026-08-25 14:00:04,https://www.bilibili.com/video/BV1s3gs6MEej/?spm_id_from=333.1387.favlist.content.click&vd_source=406d0cf895bedbdc58a3d0130d55e34c,4,BV1s3gs6MEej,【杨博文｜4k直拍】爱的初体验 直拍,关键时刻来瓶尖叫,2026-08-13 22:46:37,119323.0,12784.0,6774.0,9859.0,3478.0,523.0,2522.0,12.0,
2026-08-25 14:00:04,https://www.bilibili.com/video/BV1E2bR6hEJR/?spm_id_from=333.1387.favlist.content.click&vd_source=406d0cf895bedbdc58a3d0130d55e34c,5,BV1E2bR6hEJR,【杨博文】Attention丨直拍横屏丨16岁高中生内娱主舞的舞台掌控力丨8.16双机位4k精剪,Kismet丨杨博文,2026-08-16 22:13:05,262578.0,28768.0,14189.0,20082.0,4418.0,9729.0,11699.0,208.0,
2026-08-25 14:00:04,https://www.bilibili.com/video/BV1Rib96EE3F/?spm_id_from=333.1387.favlist.content.click&vd_source=406d0cf895bedbdc58a3d0130d55e34c,6,BV1Rib96EE3F,260816 【杨博文】春雪  竖屏4k直拍,meetsummer丨杨博文,2026-08-17 01:54:42,45262.0,8990.0,3545.0,4818.0,1860.0,722.0,737.0,7.0,
2026-08-25 14:00:04,https://www.bilibili.com/video/BV18jgg6BEAd/?spm_id_from=333.1387.favlist.content.click&vd_source=406d0cf895bedbdc58a3d0130d55e34c,7,BV18jgg6BEAd,【4K精剪】摇曳！摇曳！ | 杨博文直拍 | 260813 & 260814,underthepoplar,2026-08-15 13:26:46,70489.0,10175.0,7291.0,6722.0,2899.0,462.0,1154.0,10.0,
2026-08-25 14:00:04,https://www.bilibili.com/video/BV1A5vkB2E1k/?spm_id_from=333.1387.favlist.content.click&vd_source=406d0cf895bedbdc58a3d0130d55e34c,8,BV1A5vkB2E1k,【杨博文】Hey Mama六机位纯舞直拍丨15岁舞台统治者的诞生，四代主舞燃炸全场！,Kismet丨杨博文,2025-12-28 22:28:16,2810122.0,65695.0,45906.0,48022.0,27863.0,13671.0,22018.0,3.0,
2026-08-25 14:00:04,https://www.bilibili.com/video/BV1mJ64BREZY/?spm_id_from=333.337.search-card.all.click&vd_source=406d0cf895bedbdc58a3d0130d55e34c,9,BV1mJ64BREZY,【杨博文】闭嘴跳舞丨当主舞穿上西装就会得到,Kismet丨杨博文,2026-02-01 18:31:00,622215.0,35179.0,4039.0,25441.0,8600.0,447.0,654.0,1.0,
2026-08-25 14:00:04,BV1Qu816ZEoy,10,BV1Qu816ZEoy,测试用，勿点，谢谢,猫球不是毛球啊,2026-08-22 16:55:19,165.0,2.0,0.0,0.0,0.0,0.0,0.0,1.0,
2026-08-25 14:00:04,BV1Vd8B65EkU,11,BV1Vd8B65EkU,0822.3,dddddash6,2026-08-21 21:49:36,113.0,0.0,0.0,1.0,0.0,0.0,0.0,1.0,
2026-08-25 14:00:04,BV1fT8S61Ejo,12,BV1fT8S61Ejo,十一（23）,爱动手的法学生,2026-08-22 23:46:38,125.0,0.0,0.0,0.0,0.0,0.0,0.0,1.0,
2026-08-25 14:00:04,BV1bf816sE8P,13,BV1bf816sE8P,自测，误点,橙子小姐_sheep,2026-08-22 14:38:54,157.0,0.0,0.0,2.0,0.0,0.0,0.0,1.0,
2026-08-25 14:00:04,BV1Te8K6uEJt,14,BV1Te8K6uEJt,勿进勿进勿进！自测 安卓0821,cannndy_,2026-08-21 08:57:55,162.0,0.0,0.0,1.0,0.0,0.0,0.0,1.0,
2026-08-25 14:00:04,BV1au816oEjs,15,BV1au816oEjs,手机自测,熙熙哈哈oO,2026-08-22 16:55:10,289.0,0.0,0.0,0.0,0.0,0.0,0.0,1.0,
2026-08-25 14:00:04,BV1qw816eE1d,16,BV1qw816eE1d,8.22 自测视频 勿点,dgsaydhakjdhjk,2026-08-22 16:56:23,342.0,0.0,0.0,0.0,0.0,0.0,0.0,1.0,
2026-08-25 14:00:04,BV1ci8163ECY,17,BV1ci8163ECY,自测勿点,不完美是常态_,2026-08-22 15:39:32,50.0,0.0,0.0,0.0,0.0,0.0,0.0,1.0,
2026-08-25 14:00:04,BV1dw816YEau,18,,失败,,,,,,,,,,,62012.0
2026-08-25 14:00:04,BV1jg8S6yEuV,19,BV1jg8S6yEuV,自测视频,only筱筱,2026-08-22 23:58:01,243.0,1.0,0.0,0.0,0.0,0.0,0.0,1.0,
2026-08-25 14:00:04,BV1z6816qEbo,20,BV1z6816qEbo,自用,dddii点点,2026-08-22 16:38:15,229.0,1.0,0.0,0.0,0.0,0.0,0.0,1.0,
2026-08-25 14:00:04,BV1eM8168E9p,21,BV1eM8168E9p,自测勿点！！！！,dd鱿鱼须,2026-08-22 16:39:08,180.0,0.0,0.0,1.0,0.0,0.0,0.0,1.0,
2026-08-25 14:00:04,BV14i8M61EdN,22,BV14i8M61EdN,sz,我素质低你让让我,2026-08-21 12:22:44,258.0,0.0,0.0,0.0,0.0,0.0,0.0,1.0,
2026-08-25 14:00:04,BV12A826QEK4,23,BV12A826QEK4,自测 禁点,哈哈哈哈哈11_,2026-08-22 15:15:37,96.0,0.0,0.0,0.0,0.0,0.0,0.0,1.0,
2026-08-25 14:00:04,BV1St8S6wE33,24,BV1St8S6wE33,自测哦,半夏哒哒哒,2026-08-23 00:18:35,147.0,0.0,0.0,0.0,0.0,0.0,0.0,1.0,
2026-08-25 14:00:04,BV1bwbh65Eh7,25,BV1bwbh65Eh7,自测视频！勿点0817,摸鱼堡成员,2026-08-17 09:36:15,406.0,1.0,0.0,0.0,0.0,0.0,0.0,1.0,
2026-08-25 14:00:04,BV15B8r6WEQ3,26,BV15B8r6WEQ3,8.22自测勿点,刘海打歪了,2026-08-22 09:19:46,53.0,0.0,0.0,0.0,0.0,0.0,0.0,1.0,
2026-08-25 14:00:04,BV1ET8S62EvB,27,BV1ET8S62EvB,【牛小Bala】视频已打包，欢迎围观！,牛小Bala,2026-08-22 23:47:03,188.0,0.0,0.0,0.0,0.0,0.0,0.0,1.0,
2026-08-25 14:00:04,BV1kS8y6kEA8,28,BV1kS8y6kEA8,自测 勿点,MENYAOOO,2026-08-22 18:41:15,181.0,0.0,0.0,0.0,0.0,0.0,0.0,1.0,
2026-08-25 14:00:04,BV1pX8y66ELf,29,BV1pX8y66ELf,自测请勿点击,风枷锁,2026-08-22 18:47:46,187.0,1.0,0.0,1.0,0.0,0.0,0.0,1.0,
2026-08-25 14:00:04,BV1uz8y6JEAr,30,BV1uz8y6JEAr,【起司不是qs】第一支视频求三连！,起司不是qs,2026-08-22 18:20:23,180.0,0.0,0.0,0.0,0.0,0.0,0.0,1.0,
2026-08-25 14:00:04,BV1mx8m6REbb,31,BV1mx8m6REbb,自测,甜奶味羊咩,2026-08-22 20:49:17,42.0,0.0,0.0,0.0,0.0,0.0,0.0,1.0,
2026-08-25 14:00:04,BV1du8S65E6x,32,BV1du8S65E6x,测测测,羊咩_0601,2026-08-23 00:02:02,53.0,0.0,0.0,0.0,0.0,0.0,0.0,1.0,
2026-08-25 14:00:04,BV1hn8m6FEcd,33,BV1hn8m6FEcd,自测勿点,哇哦哦噢噢噢哦,2026-08-22 21:06:21,33.0,0.0,0.0,0.0,0.0,0.0,0.0,1.0,
2026-08-25 14:00:04,BV1DE8m68E2D,34,,失败,,,,,,,,,,,62012.0
2026-08-25 14:00:04,BV1jM8m6MEoA,35,BV1jM8m6MEoA,自测，勿点进,Camellia不是cc,2026-08-22 20:29:58,9.0,0.0,0.0,1.0,0.0,0.0,0.0,1.0,
2026-08-25 14:00:04,BV1gE8m6hEJ2,36,BV1gE8m6hEJ2,自测勿点,萌羊叫眠羊,2026-08-22 21:11:17,5.0,0.0,0.0,0.0,0.0,0.0,0.0,1.0,
2026-08-25 14:00:04,BV15V8S6kEYA,37,BV15V8S6kEYA,自测,kuaiqushuijiaoba,2026-08-22 23:32:08,46.0,0.0,0.0,0.0,0.0,0.0,0.0,1.0,
2026-08-25 14:00:04,BV1vG8S6VEgc,38,BV1vG8S6VEgc,8.23自测,萌是天生命TvT,2026-08-22 23:34:07,176.0,0.0,0.0,1.0,0.0,0.0,0.0,1.0,
2026-08-25 14:00:04,BV1Zg8S6CEu5,39,BV1Zg8S6CEu5,自测勿点3,北纬咩雪刊,2026-08-22 23:54:46,57.0,0.0,0.0,0.0,0.0,0.0,0.0,1.0,
2026-08-25 14:00:04,BV1s8BvBPEN5,40,BV1s8BvBPEN5,【杨博文｜4K舞台直拍】好运来祝你好运来～博文宝宝祝你新年好运来,关键时刻来瓶尖叫,2025-12-27 00:43:12,1915670.0,35057.0,17128.0,32452.0,19591.0,4339.0,4874.0,1.0,
2026-08-25 14:00:04,BV1XA6nBGEPV,41,BV1XA6nBGEPV,【4K精剪】希区考克 作品152 | 杨博文直拍 | 260131,underthepoplar,2026-02-01 00:23:17,1945926.0,24099.0,22526.0,20196.0,19011.0,4021.0,6938.0,1.0,
2026-08-25 14:00:04,BV1Phbr6NE8u,42,BV1Phbr6NE8u,【杨博文｜4K多机位直拍】管他什么音乐,Eternity丨杨博文,2026-08-18 12:37:02,1883.0,587.0,177.0,209.0,3.0,9.0,8.0,1.0,
2026-08-25 14:00:04,BV1mX8z6NEzz,43,BV1mX8z6NEzz,【4K精剪】管他什么音乐 | 杨博文直拍 | 260816,underthepoplar,2026-08-22 04:21:09,10514.0,2484.0,1358.0,1246.0,33.0,46.0,67.0,10.0,
2026-08-25 14:00:04,BV1qHbb6QErY,44,BV1qHbb6QErY,杨博文｜260816第肆象限attention<4k精剪>,61strawberry,2026-08-17 06:33:44,8691.0,1557.0,400.0,1060.0,7.0,11.0,16.0,1.0,
2026-08-25 14:00:04,BV1hibB6PEH5,45,BV1hibB6PEH5,【杨博文｜4k直拍】《春雪》我想爱你浅浅不停息～,关键时刻来瓶尖叫,2026-08-18 02:28:40,12116.0,2045.0,427.0,1241.0,5.0,19.0,67.0,1.0,
2026-08-25 14:00:04,BV1N6bi6XE5B,46,BV1N6bi6XE5B,【杨博文】骨骼谢幕丨横屏直拍丨三机位4k字幕版,Kismet丨杨博文,2026-08-17 22:20:49,41472.0,5107.0,1687.0,3297.0,1420.0,72.0,461.0,1.0,
2026-08-25 14:00:04,BV1Gggg6kEhv,47,BV1Gggg6kEhv,【杨博文｜4k直拍】溜溜的她 直拍,关键时刻来瓶尖叫,2026-08-15 05:41:55,57554.0,6086.0,1245.0,3995.0,26.0,20.0,154.0,5.0,
2026-08-25 14:00:04,BV15egs6pEJp,48,BV15egs6pEJp,杨博文｜Whiplash 2机位精剪 直拍 fancam｜4K60｜260813,LOST_杨博文,2026-08-13 23:03:07,86354.0,8225.0,1884.0,6120.0,61.0,69.0,243.0,8.0,
2026-08-25 14:00:04,BV1rqgW6hEvv,49,BV1rqgW6hEvv,【杨博文｜4k直拍】100Ways 直拍,关键时刻来瓶尖叫,2026-08-14 01:41:46,25794.0,3671.0,1466.0,2665.0,36.0,36.0,226.0,1.0,
2026-08-25 14:00:04,BV1b5uf6gEhd,50,BV1b5uf6gEhd,【杨博文】100ways丨直拍双机位丨8.13&14两日精剪,Kismet丨杨博文,2026-08-14 04:12:18,16994.0,2668.0,837.0,1827.0,18.0,17.0,89.0,1.0,
2026-08-25 14:00:04,BV1vCuf6nErK,51,BV1vCuf6nErK,【杨博文】100ways 4k直拍｜力量感爆发气场全开,游园会_杨博文,2026-08-14 03:20:46,13371.0,2252.0,607.0,1597.0,11.0,19.0,40.0,1.0,
2026-08-25 14:00:04,BV16zgA6zEkE,52,BV16zgA6zEkE,【杨博文｜4K】Whiplash 四机位精剪直拍,Eternity丨杨博文,2026-08-14 11:25:47,18544.0,4668.0,1067.0,1961.0,34.0,65.0,170.0,1.0,
2026-08-25 14:00:04,BV1Gigw6XEXN,53,BV1Gigw6XEXN,杨博文｜醉拳 3机位精剪 直拍 fancam｜4K60｜260813,LOST_杨博文,2026-08-14 13:11:22,31139.0,4891.0,2359.0,2821.0,1745.0,56.0,295.0,1.0,
2026-08-25 14:00:04,BV1k9gw6gE4U,54,BV1k9gw6gE4U,「杨博文｜爱的初体验」是不是我的十六岁 注定要为__流泪,Astra_杨博文,2026-08-14 13:49:20,18398.0,2371.0,640.0,1497.0,21.0,13.0,94.0,3.0,
2026-08-25 14:30:05,https://www.bilibili.com/video/BV1GdgW6JEe9/?spm_id_from=333.1387.favlist.content.click&vd_source=406d0cf895bedbdc58a3d0130d55e34c,0,BV1GdgW6JEe9,【杨博文｜4k直拍】Whiplash 双日直拍混剪,关键时刻来瓶尖叫,2026-08-13 23:45:41,224822.0,28247.0,22871.0,21623.0,7019.0,4720.0,8198.0,21.0,
2026-08-25 14:30:05,https://www.bilibili.com/video/BV1W5gs6KEhr/?spm_id_from=333.1387.favlist.content.click&vd_source=406d0cf895bedbdc58a3d0130d55e34c,1,BV1W5gs6KEhr,【4K精剪】异常加载中 | 杨博文直拍 | 260813,underthepoplar,2026-08-13 22:44:57,187101.0,23459.0,15840.0,17407.0,6310.0,7399.0,8635.0,17.0,
2026-08-25 14:30:05,https://www.bilibili.com/video/BV1VFbd6QEjw/spm_id_from=333.1387.favlist.content.click&vd_source=406d0cf895bedbdc58a3d0130d55e34c,2,BV1VFbd6QEjw,【杨博文｜4k直拍】管他什么音乐 直拍,关键时刻来瓶尖叫,2026-08-16 23:08:52,85653.0,6024.0,3560.0,4667.0,2683.0,562.0,26.0,7.0,
2026-08-25 14:30:05,https://www.bilibili.com/video/BV1xebR6zEkr/?spm_id_from=333.1387.favlist.content.click&vd_source=406d0cf895bedbdc58a3d0130d55e34c,3,BV1xebR6zEkr,【4K精剪】Attention | 杨博文直拍 | 260816,underthepoplar,2026-08-16 23:54:18,189516.0,16491.0,10399.0,13686.0,3190.0,1736.0,2809.0,31.0,
2026-08-25 14:30:05,https://www.bilibili.com/video/BV1s3gs6MEej/?spm_id_from=333.1387.favlist.content.click&vd_source=406d0cf895bedbdc58a3d0130d55e34c,4,BV1s3gs6MEej,【杨博文｜4k直拍】爱的初体验 直拍,关键时刻来瓶尖叫,2026-08-13 22:46:37,119412.0,12788.0,6775.0,9864.0,3478.0,523.0,2522.0,11.0,
2026-08-25 14:30:05,https://www.bilibili.com/video/BV1E2bR6hEJR/?spm_id_from=333.1387.favlist.content.click&vd_source=406d0cf895bedbdc58a3d0130d55e34c,5,BV1E2bR6hEJR,【杨博文】Attention丨直拍横屏丨16岁高中生内娱主舞的舞台掌控力丨8.16双机位4k精剪,Kismet丨杨博文,2026-08-16 22:13:05,262910.0,28794.0,14201.0,20096.0,4420.0,9734.0,11717.0,207.0,
2026-08-25 14:30:05,https://www.bilibili.com/video/BV1Rib96EE3F/?spm_id_from=333.1387.favlist.content.click&vd_source=406d0cf895bedbdc58a3d0130d55e34c,6,BV1Rib96EE3F,260816 【杨博文】春雪  竖屏4k直拍,meetsummer丨杨博文,2026-08-17 01:54:42,45339.0,8997.0,3545.0,4820.0,1860.0,722.0,738.0,6.0,
2026-08-25 14:30:05,https://www.bilibili.com/video/BV18jgg6BEAd/?spm_id_from=333.1387.favlist.content.click&vd_source=406d0cf895bedbdc58a3d0130d55e34c,7,BV18jgg6BEAd,【4K精剪】摇曳！摇曳！ | 杨博文直拍 | 260813 & 260814,underthepoplar,2026-08-15 13:26:46,70559.0,10183.0,7293.0,6727.0,2900.0,463.0,1156.0,14.0,
2026-08-25 14:30:05,https://www.bilibili.com/video/BV1A5vkB2E1k/?spm_id_from=333.1387.favlist.content.click&vd_source=406d0cf895bedbdc58a3d0130d55e34c,8,BV1A5vkB2E1k,【杨博文】Hey Mama六机位纯舞直拍丨15岁舞台统治者的诞生，四代主舞燃炸全场！,Kismet丨杨博文,2025-12-28 22:28:16,2810149.0,65697.0,45906.0,48023.0,27863.0,13671.0,22020.0,2.0,
2026-08-25 14:30:05,https://www.bilibili.com/video/BV1mJ64BREZY/?spm_id_from=333.337.search-card.all.click&vd_source=406d0cf895bedbdc58a3d0130d55e34c,9,BV1mJ64BREZY,【杨博文】闭嘴跳舞丨当主舞穿上西装就会得到,Kismet丨杨博文,2026-02-01 18:31:00,622220.0,35180.0,4039.0,25442.0,8600.0,447.0,654.0,1.0,
2026-08-25 14:30:05,BV1Qu816ZEoy,10,BV1Qu816ZEoy,测试用，勿点，谢谢,猫球不是毛球啊,2026-08-22 16:55:19,165.0,2.0,0.0,0.0,0.0,0.0,0.0,1.0,
2026-08-25 14:30:05,BV1Vd8B65EkU,11,BV1Vd8B65EkU,0822.3,dddddash6,2026-08-21 21:49:36,113.0,0.0,0.0,1.0,0.0,0.0,0.0,1.0,
2026-08-25 14:30:05,BV1fT8S61Ejo,12,BV1fT8S61Ejo,十一（23）,爱动手的法学生,2026-08-22 23:46:38,125.0,0.0,0.0,0.0,0.0,0.0,0.0,1.0,
2026-08-25 14:30:05,BV1bf816sE8P,13,BV1bf816sE8P,自测，误点,橙子小姐_sheep,2026-08-22 14:38:54,157.0,0.0,0.0,2.0,0.0,0.0,0.0,1.0,
2026-08-25 14:30:05,BV1Te8K6uEJt,14,BV1Te8K6uEJt,勿进勿进勿进！自测 安卓0821,cannndy_,2026-08-21 08:57:55,162.0,0.0,0.0,1.0,0.0,0.0,0.0,1.0,
2026-08-25 14:30:05,BV1au816oEjs,15,BV1au816oEjs,手机自测,熙熙哈哈oO,2026-08-22 16:55:10,294.0,0.0,0.0,0.0,0.0,0.0,0.0,1.0,
2026-08-25 14:30:05,BV1qw816eE1d,16,BV1qw816eE1d,8.22 自测视频 勿点,dgsaydhakjdhjk,2026-08-22 16:56:23,342.0,0.0,0.0,0.0,0.0,0.0,0.0,1.0,
2026-08-25 14:30:05,BV1ci8163ECY,17,BV1ci8163ECY,自测勿点,不完美是常态_,2026-08-22 15:39:32,50.0,0.0,0.0,0.0,0.0,0.0,0.0,1.0,
2026-08-25 14:30:05,BV1dw816YEau,18,,失败,,,,,,,,,,,62012.0
2026-08-25 14:30:05,BV1jg8S6yEuV,19,BV1jg8S6yEuV,自测视频,only筱筱,2026-08-22 23:58:01,243.0,1.0,0.0,0.0,0.0,0.0,0.0,1.0,
2026-08-25 14:30:05,BV1z6816qEbo,20,BV1z6816qEbo,自用,dddii点点,2026-08-22 16:38:15,229.0,1.0,0.0,0.0,0.0,0.0,0.0,1.0,
2026-08-25 14:30:05,BV1eM8168E9p,21,BV1eM8168E9p,自测勿点！！！！,dd鱿鱼须,2026-08-22 16:39:08,180.0,0.0,0.0,1.0,0.0,0.0,0.0,1.0,
2026-08-25 14:30:05,BV14i8M61EdN,22,BV14i8M61EdN,sz,我素质低你让让我,2026-08-21 12:22:44,258.0,0.0,0.0,0.0,0.0,0.0,0.0,1.0,
2026-08-25 14:30:05,BV12A826QEK4,23,BV12A826QEK4,自测 禁点,哈哈哈哈哈11_,2026-08-22 15:15:37,96.0,0.0,0.0,0.0,0.0,0.0,0.0,1.0,
2026-08-25 14:30:05,BV1St8S6wE33,24,BV1St8S6wE33,自测哦,半夏哒哒哒,2026-08-23 00:18:35,147.0,0.0,0.0,0.0,0.0,0.0,0.0,1.0,
2026-08-25 14:30:05,BV1bwbh65Eh7,25,BV1bwbh65Eh7,自测视频！勿点0817,摸鱼堡成员,2026-08-17 09:36:15,406.0,1.0,0.0,0.0,0.0,0.0,0.0,1.0,
2026-08-25 14:30:05,BV15B8r6WEQ3,26,BV15B8r6WEQ3,8.22自测勿点,刘海打歪了,2026-08-22 09:19:46,53.0,0.0,0.0,0.0,0.0,0.0,0.0,1.0,
2026-08-25 14:30:05,BV1ET8S62EvB,27,BV1ET8S62EvB,【牛小Bala】视频已打包，欢迎围观！,牛小Bala,2026-08-22 23:47:03,190.0,0.0,0.0,0.0,0.0,0.0,0.0,1.0,
2026-08-25 14:30:05,BV1kS8y6kEA8,28,BV1kS8y6kEA8,自测 勿点,MENYAOOO,2026-08-22 18:41:15,181.0,0.0,0.0,0.0,0.0,0.0,0.0,1.0,
2026-08-25 14:30:05,BV1pX8y66ELf,29,BV1pX8y66ELf,自测请勿点击,风枷锁,2026-08-22 18:47:46,187.0,1.0,0.0,1.0,0.0,0.0,0.0,1.0,
2026-08-25 14:30:05,BV1uz8y6JEAr,30,BV1uz8y6JEAr,【起司不是qs】第一支视频求三连！,起司不是qs,2026-08-22 18:20:23,180.0,0.0,0.0,0.0,0.0,0.0,0.0,1.0,
2026-08-25 14:30:05,BV1mx8m6REbb,31,BV1mx8m6REbb,自测,甜奶味羊咩,2026-08-22 20:49:17,42.0,0.0,0.0,0.0,0.0,0.0,0.0,1.0,
2026-08-25 14:30:05,BV1du8S65E6x,32,BV1du8S65E6x,测测测,羊咩_0601,2026-08-23 00:02:02,53.0,0.0,0.0,0.0,0.0,0.0,0.0,1.0,
2026-08-25 14:30:05,BV1hn8m6FEcd,33,BV1hn8m6FEcd,自测勿点,哇哦哦噢噢噢哦,2026-08-22 21:06:21,33.0,0.0,0.0,0.0,0.0,0.0,0.0,1.0,
2026-08-25 14:30:05,BV1DE8m68E2D,34,,失败,,,,,,,,,,,62012.0
2026-08-25 14:30:05,BV1jM8m6MEoA,35,BV1jM8m6MEoA,自测，勿点进,Camellia不是cc,2026-08-22 20:29:58,9.0,0.0,0.0,1.0,0.0,0.0,0.0,1.0,
2026-08-25 14:30:05,BV1gE8m6hEJ2,36,BV1gE8m6hEJ2,自测勿点,萌羊叫眠羊,2026-08-22 21:11:17,5.0,0.0,0.0,0.0,0.0,0.0,0.0,1.0,
2026-08-25 14:30:05,BV15V8S6kEYA,37,BV15V8S6kEYA,自测,kuaiqushuijiaoba,2026-08-22 23:32:08,46.0,0.0,0.0,0.0,0.0,0.0,0.0,1.0,
2026-08-25 14:30:05,BV1vG8S6VEgc,38,BV1vG8S6VEgc,8.23自测,萌是天生命TvT,2026-08-22 23:34:07,176.0,0.0,0.0,1.0,0.0,0.0,0.0,1.0,
2026-08-25 14:30:05,BV1Zg8S6CEu5,39,BV1Zg8S6CEu5,自测勿点3,北纬咩雪刊,2026-08-22 23:54:46,57.0,0.0,0.0,0.0,0.0,0.0,0.0,1.0,
2026-08-25 14:30:05,BV1s8BvBPEN5,40,BV1s8BvBPEN5,【杨博文｜4K舞台直拍】好运来祝你好运来～博文宝宝祝你新年好运来,关键时刻来瓶尖叫,2025-12-27 00:43:12,1915670.0,35057.0,17128.0,32452.0,19591.0,4339.0,4874.0,1.0,
2026-08-25 14:30:05,BV1XA6nBGEPV,41,BV1XA6nBGEPV,【4K精剪】希区考克 作品152 | 杨博文直拍 | 260131,underthepoplar,2026-02-01 00:23:17,1945935.0,24099.0,22526.0,20196.0,19011.0,4021.0,6938.0,1.0,
2026-08-25 14:30:05,BV1Phbr6NE8u,42,BV1Phbr6NE8u,【杨博文｜4K多机位直拍】管他什么音乐,Eternity丨杨博文,2026-08-18 12:37:02,1883.0,587.0,177.0,209.0,3.0,9.0,8.0,1.0,
2026-08-25 14:30:05,BV1mX8z6NEzz,43,BV1mX8z6NEzz,【4K精剪】管他什么音乐 | 杨博文直拍 | 260816,underthepoplar,2026-08-22 04:21:09,10690.0,2495.0,1361.0,1254.0,33.0,46.0,67.0,9.0,
2026-08-25 14:30:05,BV1qHbb6QErY,44,BV1qHbb6QErY,杨博文｜260816第肆象限attention<4k精剪>,61strawberry,2026-08-17 06:33:44,8713.0,1561.0,400.0,1062.0,7.0,11.0,16.0,1.0,
2026-08-25 14:30:05,BV1hibB6PEH5,45,BV1hibB6PEH5,【杨博文｜4k直拍】《春雪》我想爱你浅浅不停息～,关键时刻来瓶尖叫,2026-08-18 02:28:40,12147.0,2046.0,427.0,1244.0,5.0,19.0,67.0,1.0,
2026-08-25 14:30:05,BV1N6bi6XE5B,46,BV1N6bi6XE5B,【杨博文】骨骼谢幕丨横屏直拍丨三机位4k字幕版,Kismet丨杨博文,2026-08-17 22:20:49,41508.0,5108.0,1688.0,3298.0,1420.0,72.0,461.0,2.0,
2026-08-25 14:30:05,BV1Gggg6kEhv,47,BV1Gggg6kEhv,【杨博文｜4k直拍】溜溜的她 直拍,关键时刻来瓶尖叫,2026-08-15 05:41:55,57668.0,6089.0,1245.0,3996.0,26.0,20.0,154.0,6.0,
2026-08-25 14:30:05,BV15egs6pEJp,48,BV15egs6pEJp,杨博文｜Whiplash 2机位精剪 直拍 fancam｜4K60｜260813,LOST_杨博文,2026-08-13 23:03:07,86442.0,8229.0,1884.0,6122.0,61.0,69.0,243.0,3.0,
2026-08-25 14:30:05,BV1rqgW6hEvv,49,BV1rqgW6hEvv,【杨博文｜4k直拍】100Ways 直拍,关键时刻来瓶尖叫,2026-08-14 01:41:46,25806.0,3671.0,1466.0,2666.0,36.0,36.0,226.0,1.0,
2026-08-25 14:30:05,BV1b5uf6gEhd,50,BV1b5uf6gEhd,【杨博文】100ways丨直拍双机位丨8.13&14两日精剪,Kismet丨杨博文,2026-08-14 04:12:18,17012.0,2673.0,837.0,1829.0,18.0,17.0,89.0,1.0,
2026-08-25 14:30:05,BV1vCuf6nErK,51,BV1vCuf6nErK,【杨博文】100ways 4k直拍｜力量感爆发气场全开,游园会_杨博文,2026-08-14 03:20:46,13375.0,2253.0,607.0,1598.0,11.0,19.0,40.0,1.0,
2026-08-25 14:30:05,BV16zgA6zEkE,52,BV16zgA6zEkE,【杨博文｜4K】Whiplash 四机位精剪直拍,Eternity丨杨博文,2026-08-14 11:25:47,18620.0,4674.0,1067.0,1966.0,34.0,65.0,170.0,3.0,
2026-08-25 14:30:05,BV1Gigw6XEXN,53,BV1Gigw6XEXN,杨博文｜醉拳 3机位精剪 直拍 fancam｜4K60｜260813,LOST_杨博文,2026-08-14 13:11:22,31147.0,4892.0,2359.0,2822.0,1745.0,56.0,295.0,1.0,
2026-08-25 14:30:05,BV1k9gw6gE4U,54,BV1k9gw6gE4U,「杨博文｜爱的初体验」是不是我的十六岁 注定要为__流泪,Astra_杨博文,2026-08-14 13:49:20,18430.0,2373.0,640.0,1499.0,21.0,13.0,94.0,5.0,
2026-08-25 15:00:06,https://www.bilibili.com/video/BV1GdgW6JEe9/?spm_id_from=333.1387.favlist.content.click&vd_source=406d0cf895bedbdc58a3d0130d55e34c,0,BV1GdgW6JEe9,【杨博文｜4k直拍】Whiplash 双日直拍混剪,关键时刻来瓶尖叫,2026-08-13 23:45:41,225019.0,28259.0,22872.0,21632.0,7019.0,4720.0,8198.0,23.0,
2026-08-25 15:00:06,https://www.bilibili.com/video/BV1W5gs6KEhr/?spm_id_from=333.1387.favlist.content.click&vd_source=406d0cf895bedbdc58a3d0130d55e34c,1,BV1W5gs6KEhr,【4K精剪】异常加载中 | 杨博文直拍 | 260813,underthepoplar,2026-08-13 22:44:57,187244.0,23466.0,15840.0,17410.0,6310.0,7400.0,8636.0,27.0,
2026-08-25 15:00:06,https://www.bilibili.com/video/BV1VFbd6QEjw/spm_id_from=333.1387.favlist.content.click&vd_source=406d0cf895bedbdc58a3d0130d55e34c,2,BV1VFbd6QEjw,【杨博文｜4k直拍】管他什么音乐 直拍,关键时刻来瓶尖叫,2026-08-16 23:08:52,85683.0,6024.0,3560.0,4667.0,2683.0,562.0,26.0,11.0,
2026-08-25 15:00:06,https://www.bilibili.com/video/BV1xebR6zEkr/?spm_id_from=333.1387.favlist.content.click&vd_source=406d0cf895bedbdc58a3d0130d55e34c,3,BV1xebR6zEkr,【4K精剪】Attention | 杨博文直拍 | 260816,underthepoplar,2026-08-16 23:54:18,190011.0,16510.0,10405.0,13704.0,3190.0,1736.0,2809.0,36.0,
2026-08-25 15:00:06,https://www.bilibili.com/video/BV1s3gs6MEej/?spm_id_from=333.1387.favlist.content.click&vd_source=406d0cf895bedbdc58a3d0130d55e34c,4,BV1s3gs6MEej,【杨博文｜4k直拍】爱的初体验 直拍,关键时刻来瓶尖叫,2026-08-13 22:46:37,119518.0,12795.0,6775.0,9864.0,3478.0,523.0,2522.0,13.0,
2026-08-25 15:00:06,https://www.bilibili.com/video/BV1E2bR6hEJR/?spm_id_from=333.1387.favlist.content.click&vd_source=406d0cf895bedbdc58a3d0130d55e34c,5,BV1E2bR6hEJR,【杨博文】Attention丨直拍横屏丨16岁高中生内娱主舞的舞台掌控力丨8.16双机位4k精剪,Kismet丨杨博文,2026-08-16 22:13:05,263201.0,28820.0,14207.0,20110.0,4420.0,9734.0,11722.0,208.0,
2026-08-25 15:00:06,https://www.bilibili.com/video/BV1Rib96EE3F/?spm_id_from=333.1387.favlist.content.click&vd_source=406d0cf895bedbdc58a3d0130d55e34c,6,BV1Rib96EE3F,260816 【杨博文】春雪  竖屏4k直拍,meetsummer丨杨博文,2026-08-17 01:54:42,45414.0,9005.0,3547.0,4823.0,1860.0,722.0,738.0,10.0,
2026-08-25 15:00:06,https://www.bilibili.com/video/BV18jgg6BEAd/?spm_id_from=333.1387.favlist.content.click&vd_source=406d0cf895bedbdc58a3d0130d55e34c,7,BV18jgg6BEAd,【4K精剪】摇曳！摇曳！ | 杨博文直拍 | 260813 & 260814,underthepoplar,2026-08-15 13:26:46,70631.0,10194.0,7297.0,6731.0,2900.0,463.0,1156.0,16.0,
2026-08-25 15:00:06,https://www.bilibili.com/video/BV1A5vkB2E1k/?spm_id_from=333.1387.favlist.content.click&vd_source=406d0cf895bedbdc58a3d0130d55e34c,8,BV1A5vkB2E1k,【杨博文】Hey Mama六机位纯舞直拍丨15岁舞台统治者的诞生，四代主舞燃炸全场！,Kismet丨杨博文,2025-12-28 22:28:16,2810174.0,65698.0,45906.0,48023.0,27863.0,13671.0,22020.0,1.0,
2026-08-25 15:00:06,https://www.bilibili.com/video/BV1mJ64BREZY/?spm_id_from=333.337.search-card.all.click&vd_source=406d0cf895bedbdc58a3d0130d55e34c,9,BV1mJ64BREZY,【杨博文】闭嘴跳舞丨当主舞穿上西装就会得到,Kismet丨杨博文,2026-02-01 18:31:00,622222.0,35181.0,4041.0,25442.0,8600.0,447.0,654.0,1.0,
2026-08-25 15:00:06,BV1Qu816ZEoy,10,BV1Qu816ZEoy,测试用，勿点，谢谢,猫球不是毛球啊,2026-08-22 16:55:19,165.0,2.0,0.0,0.0,0.0,0.0,0.0,1.0,
2026-08-25 15:00:06,BV1Vd8B65EkU,11,BV1Vd8B65EkU,0822.3,dddddash6,2026-08-21 21:49:36,113.0,0.0,0.0,1.0,0.0,0.0,0.0,1.0,
2026-08-25 15:00:06,BV1fT8S61Ejo,12,BV1fT8S61Ejo,十一（23）,爱动手的法学生,2026-08-22 23:46:38,125.0,0.0,0.0,0.0,0.0,0.0,0.0,1.0,
2026-08-25 15:00:06,BV1bf816sE8P,13,BV1bf816sE8P,自测，误点,橙子小姐_sheep,2026-08-22 14:38:54,157.0,0.0,0.0,2.0,0.0,0.0,0.0,1.0,
2026-08-25 15:00:06,BV1Te8K6uEJt,14,BV1Te8K6uEJt,勿进勿进勿进！自测 安卓0821,cannndy_,2026-08-21 08:57:55,162.0,0.0,0.0,1.0,0.0,0.0,0.0,1.0,
2026-08-25 15:00:06,BV1au816oEjs,15,BV1au816oEjs,手机自测,熙熙哈哈oO,2026-08-22 16:55:10,299.0,0.0,0.0,0.0,0.0,0.0,0.0,1.0,
2026-08-25 15:00:06,BV1qw816eE1d,16,BV1qw816eE1d,8.22 自测视频 勿点,dgsaydhakjdhjk,2026-08-22 16:56:23,342.0,0.0,0.0,0.0,0.0,0.0,0.0,1.0,
2026-08-25 15:00:06,BV1ci8163ECY,17,BV1ci8163ECY,自测勿点,不完美是常态_,2026-08-22 15:39:32,50.0,0.0,0.0,0.0,0.0,0.0,0.0,1.0,
2026-08-25 15:00:06,BV1dw816YEau,18,,失败,,,,,,,,,,,62012.0
2026-08-25 15:00:06,BV1jg8S6yEuV,19,BV1jg8S6yEuV,自测视频,only筱筱,2026-08-22 23:58:01,243.0,1.0,0.0,0.0,0.0,0.0,0.0,1.0,
2026-08-25 15:00:06,BV1z6816qEbo,20,BV1z6816qEbo,自用,dddii点点,2026-08-22 16:38:15,229.0,1.0,0.0,0.0,0.0,0.0,0.0,1.0,
2026-08-25 15:00:06,BV1eM8168E9p,21,BV1eM8168E9p,自测勿点！！！！,dd鱿鱼须,2026-08-22 16:39:08,180.0,0.0,0.0,1.0,0.0,0.0,0.0,1.0,
2026-08-25 15:00:06,BV14i8M61EdN,22,BV14i8M61EdN,sz,我素质低你让让我,2026-08-21 12:22:44,258.0,0.0,0.0,0.0,0.0,0.0,0.0,1.0,
2026-08-25 15:00:06,BV12A826QEK4,23,BV12A826QEK4,自测 禁点,哈哈哈哈哈11_,2026-08-22 15:15:37,96.0,0.0,0.0,0.0,0.0,0.0,0.0,1.0,
2026-08-25 15:00:06,BV1St8S6wE33,24,BV1St8S6wE33,自测哦,半夏哒哒哒,2026-08-23 00:18:35,147.0,0.0,0.0,0.0,0.0,0.0,0.0,1.0,
2026-08-25 15:00:06,BV1bwbh65Eh7,25,BV1bwbh65Eh7,自测视频！勿点0817,摸鱼堡成员,2026-08-17 09:36:15,410.0,1.0,0.0,0.0,0.0,0.0,0.0,1.0,
2026-08-25 15:00:06,BV15B8r6WEQ3,26,BV15B8r6WEQ3,8.22自测勿点,刘海打歪了,2026-08-22 09:19:46,53.0,0.0,0.0,0.0,0.0,0.0,0.0,1.0,
2026-08-25 15:00:06,BV1ET8S62EvB,27,BV1ET8S62EvB,【牛小Bala】视频已打包，欢迎围观！,牛小Bala,2026-08-22 23:47:03,190.0,0.0,0.0,0.0,0.0,0.0,0.0,1.0,
2026-08-25 15:00:06,BV1kS8y6kEA8,28,BV1kS8y6kEA8,自测 勿点,MENYAOOO,2026-08-22 18:41:15,181.0,0.0,0.0,0.0,0.0,0.0,0.0,1.0,
2026-08-25 15:00:06,BV1pX8y66ELf,29,BV1pX8y66ELf,自测请勿点击,风枷锁,2026-08-22 18:47:46,187.0,1.0,0.0,1.0,0.0,0.0,0.0,1.0,
2026-08-25 15:00:06,BV1uz8y6JEAr,30,BV1uz8y6JEAr,【起司不是qs】第一支视频求三连！,起司不是qs,2026-08-22 18:20:23,180.0,0.0,0.0,0.0,0.0,0.0,0.0,1.0,
2026-08-25 15:00:06,BV1mx8m6REbb,31,BV1mx8m6REbb,自测,甜奶味羊咩,2026-08-22 20:49:17,42.0,0.0,0.0,0.0,0.0,0.0,0.0,1.0,
2026-08-25 15:00:06,BV1du8S65E6x,32,BV1du8S65E6x,测测测,羊咩_0601,2026-08-23 00:02:02,53.0,0.0,0.0,0.0,0.0,0.0,0.0,1.0,
2026-08-25 15:00:06,BV1hn8m6FEcd,33,BV1hn8m6FEcd,自测勿点,哇哦哦噢噢噢哦,2026-08-22 21:06:21,33.0,0.0,0.0,0.0,0.0,0.0,0.0,1.0,
2026-08-25 15:00:06,BV1DE8m68E2D,34,,失败,,,,,,,,,,,62012.0
2026-08-25 15:00:06,BV1jM8m6MEoA,35,BV1jM8m6MEoA,自测，勿点进,Camellia不是cc,2026-08-22 20:29:58,9.0,0.0,0.0,1.0,0.0,0.0,0.0,1.0,
2026-08-25 15:00:06,BV1gE8m6hEJ2,36,BV1gE8m6hEJ2,自测勿点,萌羊叫眠羊,2026-08-22 21:11:17,5.0,0.0,0.0,0.0,0.0,0.0,0.0,1.0,
2026-08-25 15:00:06,BV15V8S6kEYA,37,BV15V8S6kEYA,自测,kuaiqushuijiaoba,2026-08-22 23:32:08,46.0,0.0,0.0,0.0,0.0,0.0,0.0,1.0,
2026-08-25 15:00:06,BV1vG8S6VEgc,38,BV1vG8S6VEgc,8.23自测,萌是天生命TvT,2026-08-22 23:34:07,176.0,0.0,0.0,1.0,0.0,0.0,0.0,1.0,
2026-08-25 15:00:06,BV1Zg8S6CEu5,39,BV1Zg8S6CEu5,自测勿点3,北纬咩雪刊,2026-08-22 23:54:46,57.0,0.0,0.0,0.0,0.0,0.0,0.0,1.0,
2026-08-25 15:00:06,BV1s8BvBPEN5,40,BV1s8BvBPEN5,【杨博文｜4K舞台直拍】好运来祝你好运来～博文宝宝祝你新年好运来,关键时刻来瓶尖叫,2025-12-27 00:43:12,1915676.0,35058.0,17130.0,32453.0,19591.0,4339.0,4874.0,1.0,
2026-08-25 15:00:06,BV1XA6nBGEPV,41,BV1XA6nBGEPV,【4K精剪】希区考克 作品152 | 杨博文直拍 | 260131,underthepoplar,2026-02-01 00:23:17,1945943.0,24100.0,22526.0,20196.0,19011.0,4021.0,6938.0,1.0,
2026-08-25 15:00:06,BV1Phbr6NE8u,42,BV1Phbr6NE8u,【杨博文｜4K多机位直拍】管他什么音乐,Eternity丨杨博文,2026-08-18 12:37:02,1883.0,587.0,177.0,209.0,3.0,9.0,8.0,1.0,
2026-08-25 15:00:06,BV1mX8z6NEzz,43,BV1mX8z6NEzz,【4K精剪】管他什么音乐 | 杨博文直拍 | 260816,underthepoplar,2026-08-22 04:21:09,10848.0,2510.0,1363.0,1265.0,33.0,46.0,67.0,5.0,
2026-08-25 15:00:06,BV1qHbb6QErY,44,BV1qHbb6QErY,杨博文｜260816第肆象限attention<4k精剪>,61strawberry,2026-08-17 06:33:44,8738.0,1565.0,400.0,1065.0,7.0,11.0,16.0,3.0,
2026-08-25 15:00:06,BV1hibB6PEH5,45,BV1hibB6PEH5,【杨博文｜4k直拍】《春雪》我想爱你浅浅不停息～,关键时刻来瓶尖叫,2026-08-18 02:28:40,12178.0,2048.0,428.0,1246.0,5.0,20.0,67.0,2.0,
2026-08-25 15:00:06,BV1N6bi6XE5B,46,BV1N6bi6XE5B,【杨博文】骨骼谢幕丨横屏直拍丨三机位4k字幕版,Kismet丨杨博文,2026-08-17 22:20:49,41543.0,5111.0,1691.0,3300.0,1420.0,72.0,461.0,1.0,
2026-08-25 15:00:06,BV1Gggg6kEhv,47,BV1Gggg6kEhv,【杨博文｜4k直拍】溜溜的她 直拍,关键时刻来瓶尖叫,2026-08-15 05:41:55,57760.0,6093.0,1245.0,4000.0,26.0,20.0,154.0,4.0,
2026-08-25 15:00:06,BV15egs6pEJp,48,BV15egs6pEJp,杨博文｜Whiplash 2机位精剪 直拍 fancam｜4K60｜260813,LOST_杨博文,2026-08-13 23:03:07,86512.0,8240.0,1886.0,6126.0,61.0,69.0,243.0,7.0,
2026-08-25 15:00:06,BV1rqgW6hEvv,49,BV1rqgW6hEvv,【杨博文｜4k直拍】100Ways 直拍,关键时刻来瓶尖叫,2026-08-14 01:41:46,25820.0,3672.0,1466.0,2665.0,36.0,36.0,226.0,1.0,
2026-08-25 15:00:06,BV1b5uf6gEhd,50,BV1b5uf6gEhd,【杨博文】100ways丨直拍双机位丨8.13&14两日精剪,Kismet丨杨博文,2026-08-14 04:12:18,17030.0,2676.0,839.0,1831.0,18.0,17.0,89.0,1.0,
2026-08-25 15:00:06,BV1vCuf6nErK,51,BV1vCuf6nErK,【杨博文】100ways 4k直拍｜力量感爆发气场全开,游园会_杨博文,2026-08-14 03:20:46,13382.0,2257.0,609.0,1600.0,11.0,19.0,40.0,1.0,
2026-08-25 15:00:06,BV16zgA6zEkE,52,BV16zgA6zEkE,【杨博文｜4K】Whiplash 四机位精剪直拍,Eternity丨杨博文,2026-08-14 11:25:47,18696.0,4686.0,1068.0,1970.0,34.0,65.0,170.0,2.0,
2026-08-25 15:00:06,BV1Gigw6XEXN,53,BV1Gigw6XEXN,杨博文｜醉拳 3机位精剪 直拍 fancam｜4K60｜260813,LOST_杨博文,2026-08-14 13:11:22,31154.0,4894.0,2359.0,2822.0,1745.0,56.0,295.0,1.0,
2026-08-25 15:00:06,BV1k9gw6gE4U,54,BV1k9gw6gE4U,「杨博文｜爱的初体验」是不是我的十六岁 注定要为__流泪,Astra_杨博文,2026-08-14 13:49:20,18460.0,2374.0,640.0,1499.0,21.0,13.0,94.0,1.0,
2026-08-25 15:30:06,https://www.bilibili.com/video/BV1GdgW6JEe9/?spm_id_from=333.1387.favlist.content.click&vd_source=406d0cf895bedbdc58a3d0130d55e34c,0,BV1GdgW6JEe9,【杨博文｜4k直拍】Whiplash 双日直拍混剪,关键时刻来瓶尖叫,2026-08-13 23:45:41,225207.0,28268.0,22874.0,21638.0,7019.0,4720.0,8205.0,21.0,
2026-08-25 15:30:06,https://www.bilibili.com/video/BV1W5gs6KEhr/?spm_id_from=333.1387.favlist.content.click&vd_source=406d0cf895bedbdc58a3d0130d55e34c,1,BV1W5gs6KEhr,【4K精剪】异常加载中 | 杨博文直拍 | 260813,underthepoplar,2026-08-13 22:44:57,187370.0,23469.0,15840.0,17412.0,6310.0,7400.0,8636.0,16.0,
2026-08-25 15:30:06,https://www.bilibili.com/video/BV1VFbd6QEjw/spm_id_from=333.1387.favlist.content.click&vd_source=406d0cf895bedbdc58a3d0130d55e34c,2,BV1VFbd6QEjw,【杨博文｜4k直拍】管他什么音乐 直拍,关键时刻来瓶尖叫,2026-08-16 23:08:52,85707.0,6024.0,3560.0,4667.0,2683.0,562.0,26.0,8.0,
2026-08-25 15:30:06,https://www.bilibili.com/video/BV1xebR6zEkr/?spm_id_from=333.1387.favlist.content.click&vd_source=406d0cf895bedbdc58a3d0130d55e34c,3,BV1xebR6zEkr,【4K精剪】Attention | 杨博文直拍 | 260816,underthepoplar,2026-08-16 23:54:18,190548.0,16536.0,10416.0,13724.0,3191.0,1736.0,2828.0,29.0,
2026-08-25 15:30:06,https://www.bilibili.com/video/BV1s3gs6MEej/?spm_id_from=333.1387.favlist.content.click&vd_source=406d0cf895bedbdc58a3d0130d55e34c,4,BV1s3gs6MEej,【杨博文｜4k直拍】爱的初体验 直拍,关键时刻来瓶尖叫,2026-08-13 22:46:37,119607.0,12799.0,6777.0,9869.0,3478.0,523.0,2524.0,12.0,
2026-08-25 15:30:06,https://www.bilibili.com/video/BV1E2bR6hEJR/?spm_id_from=333.1387.favlist.content.click&vd_source=406d0cf895bedbdc58a3d0130d55e34c,5,BV1E2bR6hEJR,【杨博文】Attention丨直拍横屏丨16岁高中生内娱主舞的舞台掌控力丨8.16双机位4k精剪,Kismet丨杨博文,2026-08-16 22:13:05,263517.0,28845.0,14216.0,20127.0,4422.0,9737.0,11781.0,192.0,
2026-08-25 15:30:06,https://www.bilibili.com/video/BV1Rib96EE3F/?spm_id_from=333.1387.favlist.content.click&vd_source=406d0cf895bedbdc58a3d0130d55e34c,6,BV1Rib96EE3F,260816 【杨博文】春雪  竖屏4k直拍,meetsummer丨杨博文,2026-08-17 01:54:42,45483.0,9011.0,3548.0,4828.0,1860.0,722.0,738.0,5.0,
2026-08-25 15:30:06,https://www.bilibili.com/video/BV18jgg6BEAd/?spm_id_from=333.1387.favlist.content.click&vd_source=406d0cf895bedbdc58a3d0130d55e34c,7,BV18jgg6BEAd,【4K精剪】摇曳！摇曳！ | 杨博文直拍 | 260813 & 260814,underthepoplar,2026-08-15 13:26:46,70705.0,10206.0,7300.0,6733.0,2900.0,463.0,1162.0,12.0,
2026-08-25 15:30:06,https://www.bilibili.com/video/BV1A5vkB2E1k/?spm_id_from=333.1387.favlist.content.click&vd_source=406d0cf895bedbdc58a3d0130d55e34c,8,BV1A5vkB2E1k,【杨博文】Hey Mama六机位纯舞直拍丨15岁舞台统治者的诞生，四代主舞燃炸全场！,Kismet丨杨博文,2025-12-28 22:28:16,2810197.0,65699.0,45908.0,48025.0,27863.0,13671.0,22020.0,1.0,
2026-08-25 15:30:06,https://www.bilibili.com/video/BV1mJ64BREZY/?spm_id_from=333.337.search-card.all.click&vd_source=406d0cf895bedbdc58a3d0130d55e34c,9,BV1mJ64BREZY,【杨博文】闭嘴跳舞丨当主舞穿上西装就会得到,Kismet丨杨博文,2026-02-01 18:31:00,622224.0,35181.0,4041.0,25443.0,8600.0,447.0,654.0,1.0,
2026-08-25 15:30:06,BV1Qu816ZEoy,10,BV1Qu816ZEoy,测试用，勿点，谢谢,猫球不是毛球啊,2026-08-22 16:55:19,165.0,2.0,0.0,0.0,0.0,0.0,0.0,1.0,
2026-08-25 15:30:06,BV1Vd8B65EkU,11,BV1Vd8B65EkU,0822.3,dddddash6,2026-08-21 21:49:36,113.0,0.0,0.0,1.0,0.0,0.0,0.0,1.0,
2026-08-25 15:30:06,BV1fT8S61Ejo,12,BV1fT8S61Ejo,十一（23）,爱动手的法学生,2026-08-22 23:46:38,125.0,0.0,0.0,0.0,0.0,0.0,0.0,1.0,
2026-08-25 15:30:06,BV1bf816sE8P,13,BV1bf816sE8P,自测，误点,橙子小姐_sheep,2026-08-22 14:38:54,157.0,0.0,0.0,2.0,0.0,0.0,0.0,1.0,
2026-08-25 15:30:06,BV1Te8K6uEJt,14,BV1Te8K6uEJt,勿进勿进勿进！自测 安卓0821,cannndy_,2026-08-21 08:57:55,162.0,0.0,0.0,1.0,0.0,0.0,0.0,1.0,
2026-08-25 15:30:06,BV1au816oEjs,15,BV1au816oEjs,手机自测,熙熙哈哈oO,2026-08-22 16:55:10,303.0,0.0,0.0,0.0,0.0,0.0,0.0,1.0,
2026-08-25 15:30:06,BV1qw816eE1d,16,BV1qw816eE1d,8.22 自测视频 勿点,dgsaydhakjdhjk,2026-08-22 16:56:23,342.0,0.0,0.0,0.0,0.0,0.0,0.0,1.0,
2026-08-25 15:30:06,BV1ci8163ECY,17,BV1ci8163ECY,自测勿点,不完美是常态_,2026-08-22 15:39:32,50.0,0.0,0.0,0.0,0.0,0.0,0.0,1.0,
2026-08-25 15:30:06,BV1dw816YEau,18,,失败,,,,,,,,,,,62012.0
2026-08-25 15:30:06,BV1jg8S6yEuV,19,BV1jg8S6yEuV,自测视频,only筱筱,2026-08-22 23:58:01,243.0,1.0,0.0,0.0,0.0,0.0,0.0,1.0,
2026-08-25 15:30:06,BV1z6816qEbo,20,BV1z6816qEbo,自用,dddii点点,2026-08-22 16:38:15,229.0,1.0,0.0,0.0,0.0,0.0,0.0,1.0,
2026-08-25 15:30:06,BV1eM8168E9p,21,BV1eM8168E9p,自测勿点！！！！,dd鱿鱼须,2026-08-22 16:39:08,180.0,0.0,0.0,1.0,0.0,0.0,0.0,1.0,
2026-08-25 15:30:06,BV14i8M61EdN,22,BV14i8M61EdN,sz,我素质低你让让我,2026-08-21 12:22:44,258.0,0.0,0.0,0.0,0.0,0.0,0.0,1.0,
2026-08-25 15:30:06,BV12A826QEK4,23,BV12A826QEK4,自测 禁点,哈哈哈哈哈11_,2026-08-22 15:15:37,96.0,0.0,0.0,0.0,0.0,0.0,0.0,1.0,
2026-08-25 15:30:06,BV1St8S6wE33,24,BV1St8S6wE33,自测哦,半夏哒哒哒,2026-08-23 00:18:35,147.0,0.0,0.0,0.0,0.0,0.0,0.0,1.0,
2026-08-25 15:30:06,BV1bwbh65Eh7,25,BV1bwbh65Eh7,自测视频！勿点0817,摸鱼堡成员,2026-08-17 09:36:15,415.0,1.0,0.0,0.0,0.0,0.0,0.0,1.0,
2026-08-25 15:30:06,BV15B8r6WEQ3,26,BV15B8r6WEQ3,8.22自测勿点,刘海打歪了,2026-08-22 09:19:46,53.0,0.0,0.0,0.0,0.0,0.0,0.0,1.0,
2026-08-25 15:30:06,BV1ET8S62EvB,27,BV1ET8S62EvB,【牛小Bala】视频已打包，欢迎围观！,牛小Bala,2026-08-22 23:47:03,190.0,0.0,0.0,0.0,0.0,0.0,0.0,1.0,
2026-08-25 15:30:06,BV1kS8y6kEA8,28,BV1kS8y6kEA8,自测 勿点,MENYAOOO,2026-08-22 18:41:15,181.0,0.0,0.0,0.0,0.0,0.0,0.0,1.0,
2026-08-25 15:30:06,BV1pX8y66ELf,29,BV1pX8y66ELf,自测请勿点击,风枷锁,2026-08-22 18:47:46,187.0,1.0,0.0,1.0,0.0,0.0,0.0,1.0,
2026-08-25 15:30:06,BV1uz8y6JEAr,30,BV1uz8y6JEAr,【起司不是qs】第一支视频求三连！,起司不是qs,2026-08-22 18:20:23,180.0,0.0,0.0,0.0,0.0,0.0,0.0,1.0,
2026-08-25 15:30:06,BV1mx8m6REbb,31,BV1mx8m6REbb,自测,甜奶味羊咩,2026-08-22 20:49:17,42.0,0.0,0.0,0.0,0.0,0.0,0.0,1.0,
2026-08-25 15:30:06,BV1du8S65E6x,32,BV1du8S65E6x,测测测,羊咩_0601,2026-08-23 00:02:02,53.0,0.0,0.0,0.0,0.0,0.0,0.0,1.0,
2026-08-25 15:30:06,BV1hn8m6FEcd,33,BV1hn8m6FEcd,自测勿点,哇哦哦噢噢噢哦,2026-08-22 21:06:21,33.0,0.0,0.0,0.0,0.0,0.0,0.0,1.0,
2026-08-25 15:30:06,BV1DE8m68E2D,34,,失败,,,,,,,,,,,62012.0
2026-08-25 15:30:06,BV1jM8m6MEoA,35,BV1jM8m6MEoA,自测，勿点进,Camellia不是cc,2026-08-22 20:29:58,9.0,0.0,0.0,1.0,0.0,0.0,0.0,1.0,
2026-08-25 15:30:06,BV1gE8m6hEJ2,36,BV1gE8m6hEJ2,自测勿点,萌羊叫眠羊,2026-08-22 21:11:17,5.0,0.0,0.0,0.0,0.0,0.0,0.0,1.0,
2026-08-25 15:30:06,BV15V8S6kEYA,37,BV15V8S6kEYA,自测,kuaiqushuijiaoba,2026-08-22 23:32:08,46.0,0.0,0.0,0.0,0.0,0.0,0.0,1.0,
2026-08-25 15:30:06,BV1vG8S6VEgc,38,BV1vG8S6VEgc,8.23自测,萌是天生命TvT,2026-08-22 23:34:07,176.0,0.0,0.0,1.0,0.0,0.0,0.0,1.0,
2026-08-25 15:30:06,BV1Zg8S6CEu5,39,BV1Zg8S6CEu5,自测勿点3,北纬咩雪刊,2026-08-22 23:54:46,57.0,0.0,0.0,0.0,0.0,0.0,0.0,1.0,
2026-08-25 15:30:06,BV1s8BvBPEN5,40,BV1s8BvBPEN5,【杨博文｜4K舞台直拍】好运来祝你好运来～博文宝宝祝你新年好运来,关键时刻来瓶尖叫,2025-12-27 00:43:12,1915679.0,35058.0,17130.0,32453.0,19591.0,4339.0,4874.0,1.0,
2026-08-25 15:30:06,BV1XA6nBGEPV,41,BV1XA6nBGEPV,【4K精剪】希区考克 作品152 | 杨博文直拍 | 260131,underthepoplar,2026-02-01 00:23:17,1945949.0,24101.0,22526.0,20197.0,19011.0,4021.0,6938.0,1.0,
2026-08-25 15:30:06,BV1Phbr6NE8u,42,BV1Phbr6NE8u,【杨博文｜4K多机位直拍】管他什么音乐,Eternity丨杨博文,2026-08-18 12:37:02,1885.0,588.0,179.0,209.0,3.0,9.0,8.0,1.0,
2026-08-25 15:30:06,BV1mX8z6NEzz,43,BV1mX8z6NEzz,【4K精剪】管他什么音乐 | 杨博文直拍 | 260816,underthepoplar,2026-08-22 04:21:09,10994.0,2522.0,1367.0,1275.0,33.0,46.0,67.0,7.0,
2026-08-25 15:30:06,BV1qHbb6QErY,44,BV1qHbb6QErY,杨博文｜260816第肆象限attention<4k精剪>,61strawberry,2026-08-17 06:33:44,8759.0,1565.0,400.0,1066.0,7.0,11.0,16.0,1.0,
2026-08-25 15:30:06,BV1hibB6PEH5,45,BV1hibB6PEH5,【杨博文｜4k直拍】《春雪》我想爱你浅浅不停息～,关键时刻来瓶尖叫,2026-08-18 02:28:40,12201.0,2052.0,429.0,1248.0,5.0,20.0,67.0,1.0,
2026-08-25 15:30:06,BV1N6bi6XE5B,46,BV1N6bi6XE5B,【杨博文】骨骼谢幕丨横屏直拍丨三机位4k字幕版,Kismet丨杨博文,2026-08-17 22:20:49,41573.0,5113.0,1691.0,3300.0,1420.0,72.0,461.0,4.0,
2026-08-25 15:30:06,BV1Gggg6kEhv,47,BV1Gggg6kEhv,【杨博文｜4k直拍】溜溜的她 直拍,关键时刻来瓶尖叫,2026-08-15 05:41:55,57826.0,6097.0,1245.0,4000.0,26.0,20.0,154.0,2.0,
2026-08-25 15:30:06,BV15egs6pEJp,48,BV15egs6pEJp,杨博文｜Whiplash 2机位精剪 直拍 fancam｜4K60｜260813,LOST_杨博文,2026-08-13 23:03:07,86561.0,8245.0,1886.0,6129.0,61.0,69.0,243.0,3.0,
2026-08-25 15:30:06,BV1rqgW6hEvv,49,BV1rqgW6hEvv,【杨博文｜4k直拍】100Ways 直拍,关键时刻来瓶尖叫,2026-08-14 01:41:46,25829.0,3672.0,1466.0,2666.0,36.0,36.0,226.0,1.0,
2026-08-25 15:30:06,BV1b5uf6gEhd,50,BV1b5uf6gEhd,【杨博文】100ways丨直拍双机位丨8.13&14两日精剪,Kismet丨杨博文,2026-08-14 04:12:18,17042.0,2677.0,839.0,1831.0,18.0,17.0,89.0,1.0,
2026-08-25 15:30:06,BV1vCuf6nErK,51,BV1vCuf6nErK,【杨博文】100ways 4k直拍｜力量感爆发气场全开,游园会_杨博文,2026-08-14 03:20:46,13385.0,2257.0,609.0,1600.0,11.0,19.0,40.0,1.0,
2026-08-25 15:30:06,BV16zgA6zEkE,52,BV16zgA6zEkE,【杨博文｜4K】Whiplash 四机位精剪直拍,Eternity丨杨博文,2026-08-14 11:25:47,18782.0,4694.0,1068.0,1975.0,34.0,65.0,170.0,2.0,
2026-08-25 15:30:06,BV1Gigw6XEXN,53,BV1Gigw6XEXN,杨博文｜醉拳 3机位精剪 直拍 fancam｜4K60｜260813,LOST_杨博文,2026-08-14 13:11:22,31169.0,4896.0,2359.0,2825.0,1745.0,56.0,295.0,1.0,
2026-08-25 15:30:06,BV1k9gw6gE4U,54,BV1k9gw6gE4U,「杨博文｜爱的初体验」是不是我的十六岁 注定要为__流泪,Astra_杨博文,2026-08-14 13:49:20,18476.0,2376.0,640.0,1502.0,21.0,13.0,94.0,1.0,
2026-08-25 16:00:07,https://www.bilibili.com/video/BV1GdgW6JEe9/?spm_id_from=333.1387.favlist.content.click&vd_source=406d0cf895bedbdc58a3d0130d55e34c,0,BV1GdgW6JEe9,【杨博文｜4k直拍】Whiplash 双日直拍混剪,关键时刻来瓶尖叫,2026-08-13 23:45:41,225433.0,28275.0,22882.0,21644.0,7019.0,4720.0,8205.0,25.0,
2026-08-25 16:00:07,https://www.bilibili.com/video/BV1W5gs6KEhr/?spm_id_from=333.1387.favlist.content.click&vd_source=406d0cf895bedbdc58a3d0130d55e34c,1,BV1W5gs6KEhr,【4K精剪】异常加载中 | 杨博文直拍 | 260813,underthepoplar,2026-08-13 22:44:57,187510.0,23477.0,15841.0,17416.0,6310.0,7400.0,8636.0,19.0,
2026-08-25 16:00:07,https://www.bilibili.com/video/BV1VFbd6QEjw/spm_id_from=333.1387.favlist.content.click&vd_source=406d0cf895bedbdc58a3d0130d55e34c,2,BV1VFbd6QEjw,【杨博文｜4k直拍】管他什么音乐 直拍,关键时刻来瓶尖叫,2026-08-16 23:08:52,85735.0,6024.0,3560.0,4666.0,2683.0,562.0,26.0,11.0,
2026-08-25 16:00:07,https://www.bilibili.com/video/BV1xebR6zEkr/?spm_id_from=333.1387.favlist.content.click&vd_source=406d0cf895bedbdc58a3d0130d55e34c,3,BV1xebR6zEkr,【4K精剪】Attention | 杨博文直拍 | 260816,underthepoplar,2026-08-16 23:54:18,191059.0,16554.0,10422.0,13737.0,3191.0,1734.0,2828.0,37.0,
2026-08-25 16:00:07,https://www.bilibili.com/video/BV1s3gs6MEej/?spm_id_from=333.1387.favlist.content.click&vd_source=406d0cf895bedbdc58a3d0130d55e34c,4,BV1s3gs6MEej,【杨博文｜4k直拍】爱的初体验 直拍,关键时刻来瓶尖叫,2026-08-13 22:46:37,119713.0,12806.0,6780.0,9875.0,3478.0,523.0,2526.0,13.0,
2026-08-25 16:00:07,https://www.bilibili.com/video/BV1E2bR6hEJR/?spm_id_from=333.1387.favlist.content.click&vd_source=406d0cf895bedbdc58a3d0130d55e34c,5,BV1E2bR6hEJR,【杨博文】Attention丨直拍横屏丨16岁高中生内娱主舞的舞台掌控力丨8.16双机位4k精剪,Kismet丨杨博文,2026-08-16 22:13:05,263836.0,28867.0,14218.0,20144.0,4423.0,9741.0,11781.0,201.0,
2026-08-25 16:00:07,https://www.bilibili.com/video/BV1Rib96EE3F/?spm_id_from=333.1387.favlist.content.click&vd_source=406d0cf895bedbdc58a3d0130d55e34c,6,BV1Rib96EE3F,260816 【杨博文】春雪  竖屏4k直拍,meetsummer丨杨博文,2026-08-17 01:54:42,45551.0,9018.0,3548.0,4829.0,1860.0,722.0,738.0,6.0,
2026-08-25 16:00:07,https://www.bilibili.com/video/BV18jgg6BEAd/?spm_id_from=333.1387.favlist.content.click&vd_source=406d0cf895bedbdc58a3d0130d55e34c,7,BV18jgg6BEAd,【4K精剪】摇曳！摇曳！ | 杨博文直拍 | 260813 & 260814,underthepoplar,2026-08-15 13:26:46,70772.0,10214.0,7304.0,6735.0,2900.0,463.0,1162.0,13.0,
2026-08-25 16:00:07,https://www.bilibili.com/video/BV1A5vkB2E1k/?spm_id_from=333.1387.favlist.content.click&vd_source=406d0cf895bedbdc58a3d0130d55e34c,8,BV1A5vkB2E1k,【杨博文】Hey Mama六机位纯舞直拍丨15岁舞台统治者的诞生，四代主舞燃炸全场！,Kismet丨杨博文,2025-12-28 22:28:16,2810233.0,65700.0,45910.0,48028.0,27863.0,13671.0,22020.0,3.0,
2026-08-25 16:00:07,https://www.bilibili.com/video/BV1mJ64BREZY/?spm_id_from=333.337.search-card.all.click&vd_source=406d0cf895bedbdc58a3d0130d55e34c,9,BV1mJ64BREZY,【杨博文】闭嘴跳舞丨当主舞穿上西装就会得到,Kismet丨杨博文,2026-02-01 18:31:00,622226.0,35181.0,4041.0,25442.0,8600.0,447.0,654.0,1.0,
2026-08-25 16:00:07,BV1Qu816ZEoy,10,BV1Qu816ZEoy,测试用，勿点，谢谢,猫球不是毛球啊,2026-08-22 16:55:19,165.0,2.0,0.0,0.0,0.0,0.0,0.0,1.0,
2026-08-25 16:00:07,BV1Vd8B65EkU,11,BV1Vd8B65EkU,0822.3,dddddash6,2026-08-21 21:49:36,113.0,0.0,0.0,1.0,0.0,0.0,0.0,1.0,
2026-08-25 16:00:07,BV1fT8S61Ejo,12,BV1fT8S61Ejo,十一（23）,爱动手的法学生,2026-08-22 23:46:38,125.0,0.0,0.0,0.0,0.0,0.0,0.0,1.0,
2026-08-25 16:00:07,BV1bf816sE8P,13,BV1bf816sE8P,自测，误点,橙子小姐_sheep,2026-08-22 14:38:54,157.0,0.0,0.0,2.0,0.0,0.0,0.0,1.0,
2026-08-25 16:00:07,BV1Te8K6uEJt,14,BV1Te8K6uEJt,勿进勿进勿进！自测 安卓0821,cannndy_,2026-08-21 08:57:55,162.0,0.0,0.0,1.0,0.0,0.0,0.0,1.0,
2026-08-25 16:00:07,BV1au816oEjs,15,BV1au816oEjs,手机自测,熙熙哈哈oO,2026-08-22 16:55:10,308.0,0.0,0.0,0.0,0.0,0.0,0.0,1.0,
2026-08-25 16:00:07,BV1qw816eE1d,16,BV1qw816eE1d,8.22 自测视频 勿点,dgsaydhakjdhjk,2026-08-22 16:56:23,342.0,0.0,0.0,0.0,0.0,0.0,0.0,1.0,
2026-08-25 16:00:07,BV1ci8163ECY,17,BV1ci8163ECY,自测勿点,不完美是常态_,2026-08-22 15:39:32,50.0,0.0,0.0,0.0,0.0,0.0,0.0,1.0,
2026-08-25 16:00:07,BV1dw816YEau,18,,失败,,,,,,,,,,,62012.0
2026-08-25 16:00:07,BV1jg8S6yEuV,19,BV1jg8S6yEuV,自测视频,only筱筱,2026-08-22 23:58:01,243.0,1.0,0.0,0.0,0.0,0.0,0.0,1.0,
2026-08-25 16:00:07,BV1z6816qEbo,20,BV1z6816qEbo,自用,dddii点点,2026-08-22 16:38:15,229.0,1.0,0.0,0.0,0.0,0.0,0.0,1.0,
2026-08-25 16:00:07,BV1eM8168E9p,21,BV1eM8168E9p,自测勿点！！！！,dd鱿鱼须,2026-08-22 16:39:08,180.0,0.0,0.0,1.0,0.0,0.0,0.0,1.0,
2026-08-25 16:00:07,BV14i8M61EdN,22,BV14i8M61EdN,sz,我素质低你让让我,2026-08-21 12:22:44,258.0,0.0,0.0,0.0,0.0,0.0,0.0,1.0,
2026-08-25 16:00:07,BV12A826QEK4,23,BV12A826QEK4,自测 禁点,哈哈哈哈哈11_,2026-08-22 15:15:37,96.0,0.0,0.0,0.0,0.0,0.0,0.0,1.0,
2026-08-25 16:00:07,BV1St8S6wE33,24,BV1St8S6wE33,自测哦,半夏哒哒哒,2026-08-23 00:18:35,147.0,0.0,0.0,0.0,0.0,0.0,0.0,1.0,
2026-08-25 16:00:07,BV1bwbh65Eh7,25,BV1bwbh65Eh7,自测视频！勿点0817,摸鱼堡成员,2026-08-17 09:36:15,419.0,1.0,0.0,0.0,0.0,0.0,0.0,1.0,
2026-08-25 16:00:07,BV15B8r6WEQ3,26,BV15B8r6WEQ3,8.22自测勿点,刘海打歪了,2026-08-22 09:19:46,53.0,0.0,0.0,0.0,0.0,0.0,0.0,1.0,
2026-08-25 16:00:07,BV1ET8S62EvB,27,BV1ET8S62EvB,【牛小Bala】视频已打包，欢迎围观！,牛小Bala,2026-08-22 23:47:03,190.0,0.0,0.0,0.0,0.0,0.0,0.0,1.0,
2026-08-25 16:00:07,BV1kS8y6kEA8,28,BV1kS8y6kEA8,自测 勿点,MENYAOOO,2026-08-22 18:41:15,181.0,0.0,0.0,0.0,0.0,0.0,0.0,1.0,
2026-08-25 16:00:07,BV1pX8y66ELf,29,BV1pX8y66ELf,自测请勿点击,风枷锁,2026-08-22 18:47:46,187.0,1.0,0.0,1.0,0.0,0.0,0.0,1.0,
2026-08-25 16:00:07,BV1uz8y6JEAr,30,BV1uz8y6JEAr,【起司不是qs】第一支视频求三连！,起司不是qs,2026-08-22 18:20:23,180.0,0.0,0.0,0.0,0.0,0.0,0.0,1.0,
2026-08-25 16:00:07,BV1mx8m6REbb,31,BV1mx8m6REbb,自测,甜奶味羊咩,2026-08-22 20:49:17,42.0,0.0,0.0,0.0,0.0,0.0,0.0,1.0,
2026-08-25 16:00:07,BV1du8S65E6x,32,BV1du8S65E6x,测测测,羊咩_0601,2026-08-23 00:02:02,53.0,0.0,0.0,0.0,0.0,0.0,0.0,1.0,
2026-08-25 16:00:07,BV1hn8m6FEcd,33,BV1hn8m6FEcd,自测勿点,哇哦哦噢噢噢哦,2026-08-22 21:06:21,33.0,0.0,0.0,0.0,0.0,0.0,0.0,1.0,
2026-08-25 16:00:07,BV1DE8m68E2D,34,,失败,,,,,,,,,,,62012.0
2026-08-25 16:00:07,BV1jM8m6MEoA,35,BV1jM8m6MEoA,自测，勿点进,Camellia不是cc,2026-08-22 20:29:58,9.0,0.0,0.0,1.0,0.0,0.0,0.0,1.0,
2026-08-25 16:00:07,BV1gE8m6hEJ2,36,BV1gE8m6hEJ2,自测勿点,萌羊叫眠羊,2026-08-22 21:11:17,5.0,0.0,0.0,0.0,0.0,0.0,0.0,1.0,
2026-08-25 16:00:07,BV15V8S6kEYA,37,BV15V8S6kEYA,自测,kuaiqushuijiaoba,2026-08-22 23:32:08,46.0,0.0,0.0,0.0,0.0,0.0,0.0,1.0,
2026-08-25 16:00:07,BV1vG8S6VEgc,38,BV1vG8S6VEgc,8.23自测,萌是天生命TvT,2026-08-22 23:34:07,176.0,0.0,0.0,1.0,0.0,0.0,0.0,1.0,
2026-08-25 16:00:07,BV1Zg8S6CEu5,39,BV1Zg8S6CEu5,自测勿点3,北纬咩雪刊,2026-08-22 23:54:46,57.0,0.0,0.0,0.0,0.0,0.0,0.0,1.0,
2026-08-25 16:00:07,BV1s8BvBPEN5,40,BV1s8BvBPEN5,【杨博文｜4K舞台直拍】好运来祝你好运来～博文宝宝祝你新年好运来,关键时刻来瓶尖叫,2025-12-27 00:43:12,1915685.0,35058.0,17130.0,32453.0,19591.0,4339.0,4874.0,1.0,
2026-08-25 16:00:07,BV1XA6nBGEPV,41,BV1XA6nBGEPV,【4K精剪】希区考克 作品152 | 杨博文直拍 | 260131,underthepoplar,2026-02-01 00:23:17,1945962.0,24102.0,22528.0,20196.0,19011.0,4021.0,6938.0,1.0,
2026-08-25 16:00:07,BV1Phbr6NE8u,42,BV1Phbr6NE8u,【杨博文｜4K多机位直拍】管他什么音乐,Eternity丨杨博文,2026-08-18 12:37:02,1887.0,588.0,179.0,210.0,3.0,9.0,8.0,1.0,
2026-08-25 16:00:07,BV1mX8z6NEzz,43,BV1mX8z6NEzz,【4K精剪】管他什么音乐 | 杨博文直拍 | 260816,underthepoplar,2026-08-22 04:21:09,11125.0,2541.0,1373.0,1288.0,33.0,46.0,67.0,11.0,
2026-08-25 16:00:07,BV1qHbb6QErY,44,BV1qHbb6QErY,杨博文｜260816第肆象限attention<4k精剪>,61strawberry,2026-08-17 06:33:44,8776.0,1569.0,400.0,1068.0,7.0,11.0,16.0,1.0,
2026-08-25 16:00:07,BV1hibB6PEH5,45,BV1hibB6PEH5,【杨博文｜4k直拍】《春雪》我想爱你浅浅不停息～,关键时刻来瓶尖叫,2026-08-18 02:28:40,12229.0,2053.0,429.0,1251.0,5.0,20.0,67.0,1.0,
2026-08-25 16:00:07,BV1N6bi6XE5B,46,BV1N6bi6XE5B,【杨博文】骨骼谢幕丨横屏直拍丨三机位4k字幕版,Kismet丨杨博文,2026-08-17 22:20:49,41610.0,5116.0,1693.0,3301.0,1420.0,72.0,461.0,2.0,
2026-08-25 16:00:07,BV1Gggg6kEhv,47,BV1Gggg6kEhv,【杨博文｜4k直拍】溜溜的她 直拍,关键时刻来瓶尖叫,2026-08-15 05:41:55,57900.0,6102.0,1246.0,4005.0,27.0,20.0,154.0,4.0,
2026-08-25 16:00:07,BV15egs6pEJp,48,BV15egs6pEJp,杨博文｜Whiplash 2机位精剪 直拍 fancam｜4K60｜260813,LOST_杨博文,2026-08-13 23:03:07,86612.0,8248.0,1886.0,6130.0,61.0,69.0,243.0,1.0,
2026-08-25 16:00:07,BV1rqgW6hEvv,49,BV1rqgW6hEvv,【杨博文｜4k直拍】100Ways 直拍,关键时刻来瓶尖叫,2026-08-14 01:41:46,25842.0,3672.0,1466.0,2668.0,36.0,36.0,226.0,1.0,
2026-08-25 16:00:07,BV1b5uf6gEhd,50,BV1b5uf6gEhd,【杨博文】100ways丨直拍双机位丨8.13&14两日精剪,Kismet丨杨博文,2026-08-14 04:12:18,17058.0,2680.0,839.0,1833.0,18.0,17.0,89.0,1.0,
2026-08-25 16:00:07,BV1vCuf6nErK,51,BV1vCuf6nErK,【杨博文】100ways 4k直拍｜力量感爆发气场全开,游园会_杨博文,2026-08-14 03:20:46,13389.0,2258.0,609.0,1602.0,11.0,19.0,40.0,1.0,
2026-08-25 16:00:07,BV16zgA6zEkE,52,BV16zgA6zEkE,【杨博文｜4K】Whiplash 四机位精剪直拍,Eternity丨杨博文,2026-08-14 11:25:47,18848.0,4703.0,1070.0,1979.0,34.0,65.0,170.0,2.0,
2026-08-25 16:00:07,BV1Gigw6XEXN,53,BV1Gigw6XEXN,杨博文｜醉拳 3机位精剪 直拍 fancam｜4K60｜260813,LOST_杨博文,2026-08-14 13:11:22,31176.0,4896.0,2359.0,2826.0,1745.0,56.0,295.0,1.0,
2026-08-25 16:00:07,BV1k9gw6gE4U,54,BV1k9gw6gE4U,「杨博文｜爱的初体验」是不是我的十六岁 注定要为__流泪,Astra_杨博文,2026-08-14 13:49:20,18493.0,2377.0,640.0,1503.0,21.0,13.0,94.0,1.0,
2026-08-25 16:30:07,https://www.bilibili.com/video/BV1GdgW6JEe9/?spm_id_from=333.1387.favlist.content.click&vd_source=406d0cf895bedbdc58a3d0130d55e34c,0,BV1GdgW6JEe9,【杨博文｜4k直拍】Whiplash 双日直拍混剪,关键时刻来瓶尖叫,2026-08-13 23:45:41,225623.0,28285.0,22884.0,21654.0,7019.0,4720.0,8205.0,19.0,
2026-08-25 16:30:07,https://www.bilibili.com/video/BV1W5gs6KEhr/?spm_id_from=333.1387.favlist.content.click&vd_source=406d0cf895bedbdc58a3d0130d55e34c,1,BV1W5gs6KEhr,【4K精剪】异常加载中 | 杨博文直拍 | 260813,underthepoplar,2026-08-13 22:44:57,187656.0,23486.0,15847.0,17425.0,6310.0,7400.0,8636.0,19.0,
2026-08-25 16:30:07,https://www.bilibili.com/video/BV1VFbd6QEjw/spm_id_from=333.1387.favlist.content.click&vd_source=406d0cf895bedbdc58a3d0130d55e34c,2,BV1VFbd6QEjw,【杨博文｜4k直拍】管他什么音乐 直拍,关键时刻来瓶尖叫,2026-08-16 23:08:52,85759.0,6026.0,3562.0,4668.0,2683.0,562.0,26.0,10.0,
2026-08-25 16:30:07,https://www.bilibili.com/video/BV1xebR6zEkr/?spm_id_from=333.1387.favlist.content.click&vd_source=406d0cf895bedbdc58a3d0130d55e34c,3,BV1xebR6zEkr,【4K精剪】Attention | 杨博文直拍 | 260816,underthepoplar,2026-08-16 23:54:18,191503.0,16568.0,10430.0,13754.0,3191.0,1734.0,2828.0,34.0,
2026-08-25 16:30:07,https://www.bilibili.com/video/BV1s3gs6MEej/?spm_id_from=333.1387.favlist.content.click&vd_source=406d0cf895bedbdc58a3d0130d55e34c,4,BV1s3gs6MEej,【杨博文｜4k直拍】爱的初体验 直拍,关键时刻来瓶尖叫,2026-08-13 22:46:37,119812.0,12815.0,6785.0,9880.0,3478.0,523.0,2528.0,15.0,
2026-08-25 16:30:07,https://www.bilibili.com/video/BV1E2bR6hEJR/?spm_id_from=333.1387.favlist.content.click&vd_source=406d0cf895bedbdc58a3d0130d55e34c,5,BV1E2bR6hEJR,【杨博文】Attention丨直拍横屏丨16岁高中生内娱主舞的舞台掌控力丨8.16双机位4k精剪,Kismet丨杨博文,2026-08-16 22:13:05,264173.0,28886.0,14226.0,20163.0,4426.0,9741.0,11784.0,207.0,
2026-08-25 16:30:07,https://www.bilibili.com/video/BV1Rib96EE3F/?spm_id_from=333.1387.favlist.content.click&vd_source=406d0cf895bedbdc58a3d0130d55e34c,6,BV1Rib96EE3F,260816 【杨博文】春雪  竖屏4k直拍,meetsummer丨杨博文,2026-08-17 01:54:42,45618.0,9025.0,3548.0,4830.0,1860.0,723.0,738.0,9.0,
2026-08-25 16:30:07,https://www.bilibili.com/video/BV18jgg6BEAd/?spm_id_from=333.1387.favlist.content.click&vd_source=406d0cf895bedbdc58a3d0130d55e34c,7,BV18jgg6BEAd,【4K精剪】摇曳！摇曳！ | 杨博文直拍 | 260813 & 260814,underthepoplar,2026-08-15 13:26:46,70854.0,10225.0,7308.0,6739.0,2900.0,463.0,1163.0,14.0,
2026-08-25 16:30:07,https://www.bilibili.com/video/BV1A5vkB2E1k/?spm_id_from=333.1387.favlist.content.click&vd_source=406d0cf895bedbdc58a3d0130d55e34c,8,BV1A5vkB2E1k,【杨博文】Hey Mama六机位纯舞直拍丨15岁舞台统治者的诞生，四代主舞燃炸全场！,Kismet丨杨博文,2025-12-28 22:28:16,2810271.0,65702.0,45910.0,48029.0,27863.0,13671.0,22020.0,1.0,
2026-08-25 16:30:07,https://www.bilibili.com/video/BV1mJ64BREZY/?spm_id_from=333.337.search-card.all.click&vd_source=406d0cf895bedbdc58a3d0130d55e34c,9,BV1mJ64BREZY,【杨博文】闭嘴跳舞丨当主舞穿上西装就会得到,Kismet丨杨博文,2026-02-01 18:31:00,622232.0,35182.0,4041.0,25443.0,8600.0,447.0,654.0,1.0,
2026-08-25 16:30:07,BV1Qu816ZEoy,10,BV1Qu816ZEoy,测试用，勿点，谢谢,猫球不是毛球啊,2026-08-22 16:55:19,165.0,2.0,0.0,0.0,0.0,0.0,0.0,1.0,
2026-08-25 16:30:07,BV1Vd8B65EkU,11,BV1Vd8B65EkU,0822.3,dddddash6,2026-08-21 21:49:36,113.0,0.0,0.0,1.0,0.0,0.0,0.0,1.0,
2026-08-25 16:30:07,BV1fT8S61Ejo,12,BV1fT8S61Ejo,十一（23）,爱动手的法学生,2026-08-22 23:46:38,125.0,0.0,0.0,0.0,0.0,0.0,0.0,1.0,
2026-08-25 16:30:07,BV1bf816sE8P,13,BV1bf816sE8P,自测，误点,橙子小姐_sheep,2026-08-22 14:38:54,157.0,0.0,0.0,2.0,0.0,0.0,0.0,1.0,
2026-08-25 16:30:07,BV1Te8K6uEJt,14,BV1Te8K6uEJt,勿进勿进勿进！自测 安卓0821,cannndy_,2026-08-21 08:57:55,162.0,0.0,0.0,1.0,0.0,0.0,0.0,1.0,
2026-08-25 16:30:07,BV1au816oEjs,15,BV1au816oEjs,手机自测,熙熙哈哈oO,2026-08-22 16:55:10,313.0,0.0,0.0,0.0,0.0,0.0,0.0,1.0,
2026-08-25 16:30:07,BV1qw816eE1d,16,BV1qw816eE1d,8.22 自测视频 勿点,dgsaydhakjdhjk,2026-08-22 16:56:23,342.0,0.0,0.0,0.0,0.0,0.0,0.0,1.0,
2026-08-25 16:30:07,BV1ci8163ECY,17,BV1ci8163ECY,自测勿点,不完美是常态_,2026-08-22 15:39:32,50.0,0.0,0.0,0.0,0.0,0.0,0.0,1.0,
2026-08-25 16:30:07,BV1dw816YEau,18,,失败,,,,,,,,,,,62012.0
2026-08-25 16:30:07,BV1jg8S6yEuV,19,BV1jg8S6yEuV,自测视频,only筱筱,2026-08-22 23:58:01,243.0,1.0,0.0,0.0,0.0,0.0,0.0,1.0,
2026-08-25 16:30:07,BV1z6816qEbo,20,BV1z6816qEbo,自用,dddii点点,2026-08-22 16:38:15,229.0,1.0,0.0,0.0,0.0,0.0,0.0,1.0,
2026-08-25 16:30:07,BV1eM8168E9p,21,BV1eM8168E9p,自测勿点！！！！,dd鱿鱼须,2026-08-22 16:39:08,180.0,0.0,0.0,1.0,0.0,0.0,0.0,1.0,
2026-08-25 16:30:07,BV14i8M61EdN,22,BV14i8M61EdN,sz,我素质低你让让我,2026-08-21 12:22:44,258.0,0.0,0.0,0.0,0.0,0.0,0.0,1.0,
2026-08-25 16:30:07,BV12A826QEK4,23,BV12A826QEK4,自测 禁点,哈哈哈哈哈11_,2026-08-22 15:15:37,96.0,0.0,0.0,0.0,0.0,0.0,0.0,1.0,
2026-08-25 16:30:07,BV1St8S6wE33,24,BV1St8S6wE33,自测哦,半夏哒哒哒,2026-08-23 00:18:35,147.0,0.0,0.0,0.0,0.0,0.0,0.0,1.0,
2026-08-25 16:30:07,BV1bwbh65Eh7,25,BV1bwbh65Eh7,自测视频！勿点0817,摸鱼堡成员,2026-08-17 09:36:15,424.0,1.0,0.0,0.0,0.0,0.0,0.0,1.0,
2026-08-25 16:30:07,BV15B8r6WEQ3,26,BV15B8r6WEQ3,8.22自测勿点,刘海打歪了,2026-08-22 09:19:46,53.0,0.0,0.0,0.0,0.0,0.0,0.0,1.0,
2026-08-25 16:30:07,BV1ET8S62EvB,27,BV1ET8S62EvB,【牛小Bala】视频已打包，欢迎围观！,牛小Bala,2026-08-22 23:47:03,190.0,0.0,0.0,0.0,0.0,0.0,0.0,1.0,
2026-08-25 16:30:07,BV1kS8y6kEA8,28,BV1kS8y6kEA8,自测 勿点,MENYAOOO,2026-08-22 18:41:15,182.0,0.0,0.0,0.0,0.0,0.0,0.0,1.0,
2026-08-25 16:30:07,BV1pX8y66ELf,29,BV1pX8y66ELf,自测请勿点击,风枷锁,2026-08-22 18:47:46,187.0,1.0,0.0,1.0,0.0,0.0,0.0,1.0,
2026-08-25 16:30:07,BV1uz8y6JEAr,30,BV1uz8y6JEAr,【起司不是qs】第一支视频求三连！,起司不是qs,2026-08-22 18:20:23,180.0,0.0,0.0,0.0,0.0,0.0,0.0,1.0,
2026-08-25 16:30:07,BV1mx8m6REbb,31,BV1mx8m6REbb,自测,甜奶味羊咩,2026-08-22 20:49:17,42.0,0.0,0.0,0.0,0.0,0.0,0.0,1.0,
2026-08-25 16:30:07,BV1du8S65E6x,32,BV1du8S65E6x,测测测,羊咩_0601,2026-08-23 00:02:02,53.0,0.0,0.0,0.0,0.0,0.0,0.0,1.0,
2026-08-25 16:30:07,BV1hn8m6FEcd,33,BV1hn8m6FEcd,自测勿点,哇哦哦噢噢噢哦,2026-08-22 21:06:21,33.0,0.0,0.0,0.0,0.0,0.0,0.0,1.0,
2026-08-25 16:30:07,BV1DE8m68E2D,34,,失败,,,,,,,,,,,62012.0
2026-08-25 16:30:07,BV1jM8m6MEoA,35,BV1jM8m6MEoA,自测，勿点进,Camellia不是cc,2026-08-22 20:29:58,9.0,0.0,0.0,1.0,0.0,0.0,0.0,1.0,
2026-08-25 16:30:07,BV1gE8m6hEJ2,36,BV1gE8m6hEJ2,自测勿点,萌羊叫眠羊,2026-08-22 21:11:17,5.0,0.0,0.0,0.0,0.0,0.0,0.0,1.0,
2026-08-25 16:30:07,BV15V8S6kEYA,37,BV15V8S6kEYA,自测,kuaiqushuijiaoba,2026-08-22 23:32:08,46.0,0.0,0.0,0.0,0.0,0.0,0.0,1.0,
2026-08-25 16:30:07,BV1vG8S6VEgc,38,BV1vG8S6VEgc,8.23自测,萌是天生命TvT,2026-08-22 23:34:07,176.0,0.0,0.0,1.0,0.0,0.0,0.0,1.0,
2026-08-25 16:30:07,BV1Zg8S6CEu5,39,BV1Zg8S6CEu5,自测勿点3,北纬咩雪刊,2026-08-22 23:54:46,57.0,0.0,0.0,0.0,0.0,0.0,0.0,1.0,
2026-08-25 16:30:07,BV1s8BvBPEN5,40,BV1s8BvBPEN5,【杨博文｜4K舞台直拍】好运来祝你好运来～博文宝宝祝你新年好运来,关键时刻来瓶尖叫,2025-12-27 00:43:12,1915691.0,35061.0,17130.0,32454.0,19592.0,4339.0,4874.0,1.0,
2026-08-25 16:30:07,BV1XA6nBGEPV,41,BV1XA6nBGEPV,【4K精剪】希区考克 作品152 | 杨博文直拍 | 260131,underthepoplar,2026-02-01 00:23:17,1945969.0,24103.0,22528.0,20197.0,19011.0,4021.0,6938.0,1.0,
2026-08-25 16:30:07,BV1Phbr6NE8u,42,BV1Phbr6NE8u,【杨博文｜4K多机位直拍】管他什么音乐,Eternity丨杨博文,2026-08-18 12:37:02,1889.0,589.0,179.0,210.0,3.0,9.0,8.0,1.0,
2026-08-25 16:30:07,BV1mX8z6NEzz,43,BV1mX8z6NEzz,【4K精剪】管他什么音乐 | 杨博文直拍 | 260816,underthepoplar,2026-08-22 04:21:09,11209.0,2552.0,1373.0,1292.0,33.0,46.0,67.0,2.0,
2026-08-25 16:30:07,BV1qHbb6QErY,44,BV1qHbb6QErY,杨博文｜260816第肆象限attention<4k精剪>,61strawberry,2026-08-17 06:33:44,8787.0,1572.0,400.0,1071.0,7.0,11.0,16.0,1.0,
2026-08-25 16:30:07,BV1hibB6PEH5,45,BV1hibB6PEH5,【杨博文｜4k直拍】《春雪》我想爱你浅浅不停息～,关键时刻来瓶尖叫,2026-08-18 02:28:40,12251.0,2055.0,429.0,1252.0,5.0,20.0,67.0,1.0,
2026-08-25 16:30:07,BV1N6bi6XE5B,46,BV1N6bi6XE5B,【杨博文】骨骼谢幕丨横屏直拍丨三机位4k字幕版,Kismet丨杨博文,2026-08-17 22:20:49,41648.0,5120.0,1694.0,3303.0,1420.0,72.0,461.0,3.0,
2026-08-25 16:30:07,BV1Gggg6kEhv,47,BV1Gggg6kEhv,【杨博文｜4k直拍】溜溜的她 直拍,关键时刻来瓶尖叫,2026-08-15 05:41:55,57980.0,6108.0,1248.0,4009.0,27.0,20.0,154.0,5.0,
2026-08-25 16:30:07,BV15egs6pEJp,48,BV15egs6pEJp,杨博文｜Whiplash 2机位精剪 直拍 fancam｜4K60｜260813,LOST_杨博文,2026-08-13 23:03:07,86653.0,8256.0,1886.0,6134.0,61.0,69.0,243.0,2.0,
2026-08-25 16:30:07,BV1rqgW6hEvv,49,BV1rqgW6hEvv,【杨博文｜4k直拍】100Ways 直拍,关键时刻来瓶尖叫,2026-08-14 01:41:46,25862.0,3674.0,1466.0,2668.0,36.0,36.0,226.0,1.0,
2026-08-25 16:30:07,BV1b5uf6gEhd,50,BV1b5uf6gEhd,【杨博文】100ways丨直拍双机位丨8.13&14两日精剪,Kismet丨杨博文,2026-08-14 04:12:18,17073.0,2682.0,839.0,1835.0,18.0,17.0,89.0,1.0,
2026-08-25 16:30:07,BV1vCuf6nErK,51,BV1vCuf6nErK,【杨博文】100ways 4k直拍｜力量感爆发气场全开,游园会_杨博文,2026-08-14 03:20:46,13394.0,2260.0,609.0,1602.0,11.0,19.0,40.0,1.0,
2026-08-25 16:30:07,BV16zgA6zEkE,52,BV16zgA6zEkE,【杨博文｜4K】Whiplash 四机位精剪直拍,Eternity丨杨博文,2026-08-14 11:25:47,18900.0,4711.0,1072.0,1981.0,35.0,65.0,170.0,1.0,
2026-08-25 16:30:07,BV1Gigw6XEXN,53,BV1Gigw6XEXN,杨博文｜醉拳 3机位精剪 直拍 fancam｜4K60｜260813,LOST_杨博文,2026-08-14 13:11:22,31187.0,4897.0,2359.0,2825.0,1745.0,56.0,295.0,1.0,
2026-08-25 16:30:07,BV1k9gw6gE4U,54,BV1k9gw6gE4U,「杨博文｜爱的初体验」是不是我的十六岁 注定要为__流泪,Astra_杨博文,2026-08-14 13:49:20,18505.0,2378.0,640.0,1503.0,21.0,13.0,94.0,1.0,
2026-08-25 17:00:08,https://www.bilibili.com/video/BV1GdgW6JEe9/?spm_id_from=333.1387.favlist.content.click&vd_source=406d0cf895bedbdc58a3d0130d55e34c,0,BV1GdgW6JEe9,【杨博文｜4k直拍】Whiplash 双日直拍混剪,关键时刻来瓶尖叫,2026-08-13 23:45:41,225836.0,28295.0,22887.0,21662.0,7019.0,4720.0,8206.0,16.0,
2026-08-25 17:00:08,https://www.bilibili.com/video/BV1W5gs6KEhr/?spm_id_from=333.1387.favlist.content.click&vd_source=406d0cf895bedbdc58a3d0130d55e34c,1,BV1W5gs6KEhr,【4K精剪】异常加载中 | 杨博文直拍 | 260813,underthepoplar,2026-08-13 22:44:57,187812.0,23490.0,15848.0,17433.0,6310.0,7400.0,8640.0,17.0,
2026-08-25 17:00:08,https://www.bilibili.com/video/BV1VFbd6QEjw/spm_id_from=333.1387.favlist.content.click&vd_source=406d0cf895bedbdc58a3d0130d55e34c,2,BV1VFbd6QEjw,【杨博文｜4k直拍】管他什么音乐 直拍,关键时刻来瓶尖叫,2026-08-16 23:08:52,85779.0,6028.0,3562.0,4669.0,2683.0,562.0,26.0,6.0,
2026-08-25 17:00:08,https://www.bilibili.com/video/BV1xebR6zEkr/?spm_id_from=333.1387.favlist.content.click&vd_source=406d0cf895bedbdc58a3d0130d55e34c,3,BV1xebR6zEkr,【4K精剪】Attention | 杨博文直拍 | 260816,underthepoplar,2026-08-16 23:54:18,192004.0,16594.0,10433.0,13775.0,3192.0,1735.0,2829.0,35.0,
2026-08-25 17:00:08,https://www.bilibili.com/video/BV1s3gs6MEej/?spm_id_from=333.1387.favlist.content.click&vd_source=406d0cf895bedbdc58a3d0130d55e34c,4,BV1s3gs6MEej,【杨博文｜4k直拍】爱的初体验 直拍,关键时刻来瓶尖叫,2026-08-13 22:46:37,119915.0,12818.0,6785.0,9881.0,3478.0,523.0,2528.0,12.0,
2026-08-25 17:00:08,https://www.bilibili.com/video/BV1E2bR6hEJR/?spm_id_from=333.1387.favlist.content.click&vd_source=406d0cf895bedbdc58a3d0130d55e34c,5,BV1E2bR6hEJR,【杨博文】Attention丨直拍横屏丨16岁高中生内娱主舞的舞台掌控力丨8.16双机位4k精剪,Kismet丨杨博文,2026-08-16 22:13:05,264514.0,28916.0,14232.0,20182.0,4428.0,9741.0,11787.0,209.0,
2026-08-25 17:00:08,https://www.bilibili.com/video/BV1Rib96EE3F/?spm_id_from=333.1387.favlist.content.click&vd_source=406d0cf895bedbdc58a3d0130d55e34c,6,BV1Rib96EE3F,260816 【杨博文】春雪  竖屏4k直拍,meetsummer丨杨博文,2026-08-17 01:54:42,45694.0,9034.0,3556.0,4835.0,1860.0,723.0,739.0,7.0,
2026-08-25 17:00:08,https://www.bilibili.com/video/BV18jgg6BEAd/?spm_id_from=333.1387.favlist.content.click&vd_source=406d0cf895bedbdc58a3d0130d55e34c,7,BV18jgg6BEAd,【4K精剪】摇曳！摇曳！ | 杨博文直拍 | 260813 & 260814,underthepoplar,2026-08-15 13:26:46,70930.0,10231.0,7308.0,6743.0,2900.0,463.0,1163.0,15.0,
2026-08-25 17:00:08,https://www.bilibili.com/video/BV1A5vkB2E1k/?spm_id_from=333.1387.favlist.content.click&vd_source=406d0cf895bedbdc58a3d0130d55e34c,8,BV1A5vkB2E1k,【杨博文】Hey Mama六机位纯舞直拍丨15岁舞台统治者的诞生，四代主舞燃炸全场！,Kismet丨杨博文,2025-12-28 22:28:16,2810295.0,65702.0,45912.0,48030.0,27863.0,13671.0,22020.0,1.0,
2026-08-25 17:00:08,https://www.bilibili.com/video/BV1mJ64BREZY/?spm_id_from=333.337.search-card.all.click&vd_source=406d0cf895bedbdc58a3d0130d55e34c,9,BV1mJ64BREZY,【杨博文】闭嘴跳舞丨当主舞穿上西装就会得到,Kismet丨杨博文,2026-02-01 18:31:00,622235.0,35182.0,4041.0,25442.0,8600.0,447.0,654.0,1.0,
2026-08-25 17:00:08,BV1Qu816ZEoy,10,BV1Qu816ZEoy,测试用，勿点，谢谢,猫球不是毛球啊,2026-08-22 16:55:19,165.0,2.0,0.0,0.0,0.0,0.0,0.0,1.0,
2026-08-25 17:00:08,BV1Vd8B65EkU,11,BV1Vd8B65EkU,0822.3,dddddash6,2026-08-21 21:49:36,113.0,0.0,0.0,1.0,0.0,0.0,0.0,1.0,
2026-08-25 17:00:08,BV1fT8S61Ejo,12,BV1fT8S61Ejo,十一（23）,爱动手的法学生,2026-08-22 23:46:38,125.0,0.0,0.0,0.0,0.0,0.0,0.0,1.0,
2026-08-25 17:00:08,BV1bf816sE8P,13,BV1bf816sE8P,自测，误点,橙子小姐_sheep,2026-08-22 14:38:54,157.0,0.0,0.0,2.0,0.0,0.0,0.0,1.0,
2026-08-25 17:00:08,BV1Te8K6uEJt,14,BV1Te8K6uEJt,勿进勿进勿进！自测 安卓0821,cannndy_,2026-08-21 08:57:55,162.0,0.0,0.0,1.0,0.0,0.0,0.0,1.0,
2026-08-25 17:00:08,BV1au816oEjs,15,BV1au816oEjs,手机自测,熙熙哈哈oO,2026-08-22 16:55:10,318.0,0.0,0.0,0.0,0.0,0.0,0.0,1.0,
2026-08-25 17:00:08,BV1qw816eE1d,16,BV1qw816eE1d,8.22 自测视频 勿点,dgsaydhakjdhjk,2026-08-22 16:56:23,342.0,0.0,0.0,0.0,0.0,0.0,0.0,1.0,
2026-08-25 17:00:08,BV1ci8163ECY,17,BV1ci8163ECY,自测勿点,不完美是常态_,2026-08-22 15:39:32,50.0,0.0,0.0,0.0,0.0,0.0,0.0,1.0,
2026-08-25 17:00:08,BV1dw816YEau,18,,失败,,,,,,,,,,,62012.0
2026-08-25 17:00:08,BV1jg8S6yEuV,19,BV1jg8S6yEuV,自测视频,only筱筱,2026-08-22 23:58:01,243.0,1.0,0.0,0.0,0.0,0.0,0.0,1.0,
2026-08-25 17:00:08,BV1z6816qEbo,20,BV1z6816qEbo,自用,dddii点点,2026-08-22 16:38:15,229.0,1.0,0.0,0.0,0.0,0.0,0.0,1.0,
2026-08-25 17:00:08,BV1eM8168E9p,21,BV1eM8168E9p,自测勿点！！！！,dd鱿鱼须,2026-08-22 16:39:08,180.0,0.0,0.0,1.0,0.0,0.0,0.0,1.0,
2026-08-25 17:00:08,BV14i8M61EdN,22,BV14i8M61EdN,sz,我素质低你让让我,2026-08-21 12:22:44,258.0,0.0,0.0,0.0,0.0,0.0,0.0,1.0,
2026-08-25 17:00:08,BV12A826QEK4,23,BV12A826QEK4,自测 禁点,哈哈哈哈哈11_,2026-08-22 15:15:37,96.0,0.0,0.0,0.0,0.0,0.0,0.0,1.0,
2026-08-25 17:00:08,BV1St8S6wE33,24,BV1St8S6wE33,自测哦,半夏哒哒哒,2026-08-23 00:18:35,147.0,0.0,0.0,0.0,0.0,0.0,0.0,1.0,
2026-08-25 17:00:08,BV1bwbh65Eh7,25,BV1bwbh65Eh7,自测视频！勿点0817,摸鱼堡成员,2026-08-17 09:36:15,429.0,1.0,0.0,0.0,0.0,0.0,0.0,1.0,
2026-08-25 17:00:08,BV15B8r6WEQ3,26,BV15B8r6WEQ3,8.22自测勿点,刘海打歪了,2026-08-22 09:19:46,53.0,0.0,0.0,0.0,0.0,0.0,0.0,1.0,
2026-08-25 17:00:08,BV1ET8S62EvB,27,BV1ET8S62EvB,【牛小Bala】视频已打包，欢迎围观！,牛小Bala,2026-08-22 23:47:03,191.0,0.0,0.0,0.0,0.0,0.0,0.0,1.0,
2026-08-25 17:00:08,BV1kS8y6kEA8,28,BV1kS8y6kEA8,自测 勿点,MENYAOOO,2026-08-22 18:41:15,182.0,0.0,0.0,0.0,0.0,0.0,0.0,1.0,
2026-08-25 17:00:08,BV1pX8y66ELf,29,BV1pX8y66ELf,自测请勿点击,风枷锁,2026-08-22 18:47:46,187.0,1.0,0.0,1.0,0.0,0.0,0.0,1.0,
2026-08-25 17:00:08,BV1uz8y6JEAr,30,BV1uz8y6JEAr,【起司不是qs】第一支视频求三连！,起司不是qs,2026-08-22 18:20:23,180.0,0.0,0.0,0.0,0.0,0.0,0.0,1.0,
2026-08-25 17:00:08,BV1mx8m6REbb,31,BV1mx8m6REbb,自测,甜奶味羊咩,2026-08-22 20:49:17,42.0,0.0,0.0,0.0,0.0,0.0,0.0,1.0,
2026-08-25 17:00:08,BV1du8S65E6x,32,BV1du8S65E6x,测测测,羊咩_0601,2026-08-23 00:02:02,53.0,0.0,0.0,0.0,0.0,0.0,0.0,1.0,
2026-08-25 17:00:08,BV1hn8m6FEcd,33,BV1hn8m6FEcd,自测勿点,哇哦哦噢噢噢哦,2026-08-22 21:06:21,33.0,0.0,0.0,0.0,0.0,0.0,0.0,1.0,
2026-08-25 17:00:08,BV1DE8m68E2D,34,,失败,,,,,,,,,,,62012.0
2026-08-25 17:00:08,BV1jM8m6MEoA,35,BV1jM8m6MEoA,自测，勿点进,Camellia不是cc,2026-08-22 20:29:58,9.0,0.0,0.0,1.0,0.0,0.0,0.0,1.0,
2026-08-25 17:00:08,BV1gE8m6hEJ2,36,BV1gE8m6hEJ2,自测勿点,萌羊叫眠羊,2026-08-22 21:11:17,5.0,0.0,0.0,0.0,0.0,0.0,0.0,1.0,
2026-08-25 17:00:08,BV15V8S6kEYA,37,BV15V8S6kEYA,自测,kuaiqushuijiaoba,2026-08-22 23:32:08,46.0,0.0,0.0,0.0,0.0,0.0,0.0,1.0,
2026-08-25 17:00:08,BV1vG8S6VEgc,38,BV1vG8S6VEgc,8.23自测,萌是天生命TvT,2026-08-22 23:34:07,176.0,0.0,0.0,1.0,0.0,0.0,0.0,1.0,
2026-08-25 17:00:08,BV1Zg8S6CEu5,39,BV1Zg8S6CEu5,自测勿点3,北纬咩雪刊,2026-08-22 23:54:46,57.0,0.0,0.0,0.0,0.0,0.0,0.0,1.0,
2026-08-25 17:00:08,BV1s8BvBPEN5,40,BV1s8BvBPEN5,【杨博文｜4K舞台直拍】好运来祝你好运来～博文宝宝祝你新年好运来,关键时刻来瓶尖叫,2025-12-27 00:43:12,1915695.0,35062.0,17130.0,32454.0,19592.0,4339.0,4874.0,1.0,
2026-08-25 17:00:08,BV1XA6nBGEPV,41,BV1XA6nBGEPV,【4K精剪】希区考克 作品152 | 杨博文直拍 | 260131,underthepoplar,2026-02-01 00:23:17,1945979.0,24103.0,22528.0,20197.0,19011.0,4021.0,6938.0,1.0,
2026-08-25 17:00:08,BV1Phbr6NE8u,42,BV1Phbr6NE8u,【杨博文｜4K多机位直拍】管他什么音乐,Eternity丨杨博文,2026-08-18 12:37:02,1889.0,589.0,179.0,210.0,3.0,9.0,8.0,1.0,
2026-08-25 17:00:08,BV1mX8z6NEzz,43,BV1mX8z6NEzz,【4K精剪】管他什么音乐 | 杨博文直拍 | 260816,underthepoplar,2026-08-22 04:21:09,11262.0,2555.0,1375.0,1293.0,33.0,46.0,67.0,4.0,
2026-08-25 17:00:08,BV1qHbb6QErY,44,BV1qHbb6QErY,杨博文｜260816第肆象限attention<4k精剪>,61strawberry,2026-08-17 06:33:44,8804.0,1575.0,400.0,1072.0,7.0,11.0,16.0,1.0,
2026-08-25 17:00:08,BV1hibB6PEH5,45,BV1hibB6PEH5,【杨博文｜4k直拍】《春雪》我想爱你浅浅不停息～,关键时刻来瓶尖叫,2026-08-18 02:28:40,12266.0,2055.0,429.0,1254.0,5.0,20.0,67.0,2.0,
2026-08-25 17:00:08,BV1N6bi6XE5B,46,BV1N6bi6XE5B,【杨博文】骨骼谢幕丨横屏直拍丨三机位4k字幕版,Kismet丨杨博文,2026-08-17 22:20:49,41674.0,5121.0,1694.0,3304.0,1420.0,72.0,461.0,2.0,
2026-08-25 17:00:08,BV1Gggg6kEhv,47,BV1Gggg6kEhv,【杨博文｜4k直拍】溜溜的她 直拍,关键时刻来瓶尖叫,2026-08-15 05:41:55,58061.0,6116.0,1250.0,4014.0,27.0,20.0,154.0,5.0,
2026-08-25 17:00:08,BV15egs6pEJp,48,BV15egs6pEJp,杨博文｜Whiplash 2机位精剪 直拍 fancam｜4K60｜260813,LOST_杨博文,2026-08-13 23:03:07,86744.0,8258.0,1888.0,6135.0,62.0,69.0,243.0,10.0,
2026-08-25 17:00:08,BV1rqgW6hEvv,49,BV1rqgW6hEvv,【杨博文｜4k直拍】100Ways 直拍,关键时刻来瓶尖叫,2026-08-14 01:41:46,25877.0,3677.0,1466.0,2671.0,36.0,36.0,226.0,1.0,
2026-08-25 17:00:08,BV1b5uf6gEhd,50,BV1b5uf6gEhd,【杨博文】100ways丨直拍双机位丨8.13&14两日精剪,Kismet丨杨博文,2026-08-14 04:12:18,17089.0,2684.0,841.0,1837.0,18.0,17.0,89.0,1.0,
2026-08-25 17:00:08,BV1vCuf6nErK,51,BV1vCuf6nErK,【杨博文】100ways 4k直拍｜力量感爆发气场全开,游园会_杨博文,2026-08-14 03:20:46,13404.0,2261.0,609.0,1603.0,11.0,19.0,40.0,1.0,
2026-08-25 17:00:08,BV16zgA6zEkE,52,BV16zgA6zEkE,【杨博文｜4K】Whiplash 四机位精剪直拍,Eternity丨杨博文,2026-08-14 11:25:47,18944.0,4715.0,1074.0,1984.0,35.0,65.0,170.0,2.0,
2026-08-25 17:00:08,BV1Gigw6XEXN,53,BV1Gigw6XEXN,杨博文｜醉拳 3机位精剪 直拍 fancam｜4K60｜260813,LOST_杨博文,2026-08-14 13:11:22,31197.0,4897.0,2359.0,2825.0,1746.0,56.0,295.0,1.0,
2026-08-25 17:00:08,BV1k9gw6gE4U,54,BV1k9gw6gE4U,「杨博文｜爱的初体验」是不是我的十六岁 注定要为__流泪,Astra_杨博文,2026-08-14 13:49:20,18524.0,2381.0,640.0,1507.0,21.0,13.0,94.0,1.0,
2026-08-25 17:30:09,https://www.bilibili.com/video/BV1GdgW6JEe9/?spm_id_from=333.1387.favlist.content.click&vd_source=406d0cf895bedbdc58a3d0130d55e34c,0,BV1GdgW6JEe9,【杨博文｜4k直拍】Whiplash 双日直拍混剪,关键时刻来瓶尖叫,2026-08-13 23:45:41,226035.0,28310.0,22893.0,21672.0,7020.0,4720.0,8207.0,25.0,
2026-08-25 17:30:09,https://www.bilibili.com/video/BV1W5gs6KEhr/?spm_id_from=333.1387.favlist.content.click&vd_source=406d0cf895bedbdc58a3d0130d55e34c,1,BV1W5gs6KEhr,【4K精剪】异常加载中 | 杨博文直拍 | 260813,underthepoplar,2026-08-13 22:44:57,187954.0,23496.0,15850.0,17435.0,6310.0,7400.0,8640.0,20.0,
2026-08-25 17:30:09,https://www.bilibili.com/video/BV1VFbd6QEjw/spm_id_from=333.1387.favlist.content.click&vd_source=406d0cf895bedbdc58a3d0130d55e34c,2,BV1VFbd6QEjw,【杨博文｜4k直拍】管他什么音乐 直拍,关键时刻来瓶尖叫,2026-08-16 23:08:52,85810.0,6029.0,3562.0,4669.0,2683.0,562.0,26.0,7.0,
2026-08-25 17:30:09,https://www.bilibili.com/video/BV1xebR6zEkr/?spm_id_from=333.1387.favlist.content.click&vd_source=406d0cf895bedbdc58a3d0130d55e34c,3,BV1xebR6zEkr,【4K精剪】Attention | 杨博文直拍 | 260816,underthepoplar,2026-08-16 23:54:18,192573.0,16625.0,10440.0,13795.0,3192.0,1736.0,2831.0,33.0,
2026-08-25 17:30:09,https://www.bilibili.com/video/BV1s3gs6MEej/?spm_id_from=333.1387.favlist.content.click&vd_source=406d0cf895bedbdc58a3d0130d55e34c,4,BV1s3gs6MEej,【杨博文｜4k直拍】爱的初体验 直拍,关键时刻来瓶尖叫,2026-08-13 22:46:37,120020.0,12824.0,6785.0,9882.0,3478.0,523.0,2528.0,15.0,
2026-08-25 17:30:09,https://www.bilibili.com/video/BV1E2bR6hEJR/?spm_id_from=333.1387.favlist.content.click&vd_source=406d0cf895bedbdc58a3d0130d55e34c,5,BV1E2bR6hEJR,【杨博文】Attention丨直拍横屏丨16岁高中生内娱主舞的舞台掌控力丨8.16双机位4k精剪,Kismet丨杨博文,2026-08-16 22:13:05,264823.0,28949.0,14244.0,20195.0,4431.0,9741.0,11790.0,194.0,
2026-08-25 17:30:09,https://www.bilibili.com/video/BV1Rib96EE3F/?spm_id_from=333.1387.favlist.content.click&vd_source=406d0cf895bedbdc58a3d0130d55e34c,6,BV1Rib96EE3F,260816 【杨博文】春雪  竖屏4k直拍,meetsummer丨杨博文,2026-08-17 01:54:42,45776.0,9042.0,3557.0,4837.0,1860.0,723.0,739.0,10.0,
2026-08-25 17:30:09,https://www.bilibili.com/video/BV18jgg6BEAd/?spm_id_from=333.1387.favlist.content.click&vd_source=406d0cf895bedbdc58a3d0130d55e34c,7,BV18jgg6BEAd,【4K精剪】摇曳！摇曳！ | 杨博文直拍 | 260813 & 260814,underthepoplar,2026-08-15 13:26:46,71016.0,10239.0,7314.0,6747.0,2900.0,463.0,1163.0,14.0,
2026-08-25 17:30:09,https://www.bilibili.com/video/BV1A5vkB2E1k/?spm_id_from=333.1387.favlist.content.click&vd_source=406d0cf895bedbdc58a3d0130d55e34c,8,BV1A5vkB2E1k,【杨博文】Hey Mama六机位纯舞直拍丨15岁舞台统治者的诞生，四代主舞燃炸全场！,Kismet丨杨博文,2025-12-28 22:28:16,2810320.0,65702.0,45912.0,48031.0,27863.0,13671.0,22020.0,1.0,
2026-08-25 17:30:09,https://www.bilibili.com/video/BV1mJ64BREZY/?spm_id_from=333.337.search-card.all.click&vd_source=406d0cf895bedbdc58a3d0130d55e34c,9,BV1mJ64BREZY,【杨博文】闭嘴跳舞丨当主舞穿上西装就会得到,Kismet丨杨博文,2026-02-01 18:31:00,622235.0,35182.0,4041.0,25441.0,8600.0,447.0,654.0,1.0,
2026-08-25 17:30:09,BV1Qu816ZEoy,10,BV1Qu816ZEoy,测试用，勿点，谢谢,猫球不是毛球啊,2026-08-22 16:55:19,165.0,2.0,0.0,0.0,0.0,0.0,0.0,1.0,
2026-08-25 17:30:09,BV1Vd8B65EkU,11,BV1Vd8B65EkU,0822.3,dddddash6,2026-08-21 21:49:36,113.0,0.0,0.0,1.0,0.0,0.0,0.0,1.0,
2026-08-25 17:30:09,BV1fT8S61Ejo,12,BV1fT8S61Ejo,十一（23）,爱动手的法学生,2026-08-22 23:46:38,125.0,0.0,0.0,0.0,0.0,0.0,0.0,1.0,
2026-08-25 17:30:09,BV1bf816sE8P,13,BV1bf816sE8P,自测，误点,橙子小姐_sheep,2026-08-22 14:38:54,157.0,0.0,0.0,2.0,0.0,0.0,0.0,1.0,
2026-08-25 17:30:09,BV1Te8K6uEJt,14,BV1Te8K6uEJt,勿进勿进勿进！自测 安卓0821,cannndy_,2026-08-21 08:57:55,162.0,0.0,0.0,1.0,0.0,0.0,0.0,1.0,
2026-08-25 17:30:09,BV1au816oEjs,15,BV1au816oEjs,手机自测,熙熙哈哈oO,2026-08-22 16:55:10,319.0,0.0,0.0,0.0,0.0,0.0,0.0,1.0,
2026-08-25 17:30:09,BV1qw816eE1d,16,BV1qw816eE1d,8.22 自测视频 勿点,dgsaydhakjdhjk,2026-08-22 16:56:23,342.0,0.0,0.0,0.0,0.0,0.0,0.0,1.0,
2026-08-25 17:30:09,BV1ci8163ECY,17,BV1ci8163ECY,自测勿点,不完美是常态_,2026-08-22 15:39:32,50.0,0.0,0.0,0.0,0.0,0.0,0.0,1.0,
2026-08-25 17:30:09,BV1dw816YEau,18,,失败,,,,,,,,,,,62012.0
2026-08-25 17:30:09,BV1jg8S6yEuV,19,BV1jg8S6yEuV,自测视频,only筱筱,2026-08-22 23:58:01,243.0,1.0,0.0,0.0,0.0,0.0,0.0,1.0,
2026-08-25 17:30:09,BV1z6816qEbo,20,BV1z6816qEbo,自用,dddii点点,2026-08-22 16:38:15,229.0,1.0,0.0,0.0,0.0,0.0,0.0,1.0,
2026-08-25 17:30:09,BV1eM8168E9p,21,BV1eM8168E9p,自测勿点！！！！,dd鱿鱼须,2026-08-22 16:39:08,180.0,0.0,0.0,1.0,0.0,0.0,0.0,1.0,
2026-08-25 17:30:09,BV14i8M61EdN,22,BV14i8M61EdN,sz,我素质低你让让我,2026-08-21 12:22:44,258.0,0.0,0.0,0.0,0.0,0.0,0.0,1.0,
2026-08-25 17:30:09,BV12A826QEK4,23,BV12A826QEK4,自测 禁点,哈哈哈哈哈11_,2026-08-22 15:15:37,96.0,0.0,0.0,0.0,0.0,0.0,0.0,1.0,
2026-08-25 17:30:09,BV1St8S6wE33,24,BV1St8S6wE33,自测哦,半夏哒哒哒,2026-08-23 00:18:35,147.0,0.0,0.0,0.0,0.0,0.0,0.0,1.0,
2026-08-25 17:30:09,BV1bwbh65Eh7,25,BV1bwbh65Eh7,自测视频！勿点0817,摸鱼堡成员,2026-08-17 09:36:15,434.0,1.0,0.0,0.0,0.0,0.0,0.0,1.0,
2026-08-25 17:30:09,BV15B8r6WEQ3,26,BV15B8r6WEQ3,8.22自测勿点,刘海打歪了,2026-08-22 09:19:46,53.0,0.0,0.0,0.0,0.0,0.0,0.0,1.0,
2026-08-25 17:30:09,BV1ET8S62EvB,27,BV1ET8S62EvB,【牛小Bala】视频已打包，欢迎围观！,牛小Bala,2026-08-22 23:47:03,196.0,0.0,0.0,0.0,0.0,0.0,0.0,1.0,
2026-08-25 17:30:09,BV1kS8y6kEA8,28,BV1kS8y6kEA8,自测 勿点,MENYAOOO,2026-08-22 18:41:15,182.0,0.0,0.0,0.0,0.0,0.0,0.0,1.0,
2026-08-25 17:30:09,BV1pX8y66ELf,29,BV1pX8y66ELf,自测请勿点击,风枷锁,2026-08-22 18:47:46,187.0,1.0,0.0,1.0,0.0,0.0,0.0,1.0,
2026-08-25 17:30:09,BV1uz8y6JEAr,30,BV1uz8y6JEAr,【起司不是qs】第一支视频求三连！,起司不是qs,2026-08-22 18:20:23,180.0,0.0,0.0,0.0,0.0,0.0,0.0,1.0,
2026-08-25 17:30:09,BV1mx8m6REbb,31,BV1mx8m6REbb,自测,甜奶味羊咩,2026-08-22 20:49:17,42.0,0.0,0.0,0.0,0.0,0.0,0.0,1.0,
2026-08-25 17:30:09,BV1du8S65E6x,32,BV1du8S65E6x,测测测,羊咩_0601,2026-08-23 00:02:02,53.0,0.0,0.0,0.0,0.0,0.0,0.0,1.0,
2026-08-25 17:30:09,BV1hn8m6FEcd,33,BV1hn8m6FEcd,自测勿点,哇哦哦噢噢噢哦,2026-08-22 21:06:21,33.0,0.0,0.0,0.0,0.0,0.0,0.0,1.0,
2026-08-25 17:30:09,BV1DE8m68E2D,34,,失败,,,,,,,,,,,62012.0
2026-08-25 17:30:09,BV1jM8m6MEoA,35,BV1jM8m6MEoA,自测，勿点进,Camellia不是cc,2026-08-22 20:29:58,9.0,0.0,0.0,1.0,0.0,0.0,0.0,1.0,
2026-08-25 17:30:09,BV1gE8m6hEJ2,36,BV1gE8m6hEJ2,自测勿点,萌羊叫眠羊,2026-08-22 21:11:17,5.0,0.0,0.0,0.0,0.0,0.0,0.0,1.0,
2026-08-25 17:30:09,BV15V8S6kEYA,37,BV15V8S6kEYA,自测,kuaiqushuijiaoba,2026-08-22 23:32:08,46.0,0.0,0.0,0.0,0.0,0.0,0.0,1.0,
2026-08-25 17:30:09,BV1vG8S6VEgc,38,BV1vG8S6VEgc,8.23自测,萌是天生命TvT,2026-08-22 23:34:07,176.0,0.0,0.0,1.0,0.0,0.0,0.0,1.0,
2026-08-25 17:30:09,BV1Zg8S6CEu5,39,BV1Zg8S6CEu5,自测勿点3,北纬咩雪刊,2026-08-22 23:54:46,57.0,0.0,0.0,0.0,0.0,0.0,0.0,1.0,
2026-08-25 17:30:09,BV1s8BvBPEN5,40,BV1s8BvBPEN5,【杨博文｜4K舞台直拍】好运来祝你好运来～博文宝宝祝你新年好运来,关键时刻来瓶尖叫,2025-12-27 00:43:12,1915700.0,35062.0,17132.0,32455.0,19592.0,4339.0,4874.0,1.0,
2026-08-25 17:30:09,BV1XA6nBGEPV,41,BV1XA6nBGEPV,【4K精剪】希区考克 作品152 | 杨博文直拍 | 260131,underthepoplar,2026-02-01 00:23:17,1945987.0,24104.0,22530.0,20197.0,19011.0,4022.0,6938.0,1.0,
2026-08-25 17:30:09,BV1Phbr6NE8u,42,BV1Phbr6NE8u,【杨博文｜4K多机位直拍】管他什么音乐,Eternity丨杨博文,2026-08-18 12:37:02,1890.0,589.0,179.0,210.0,3.0,9.0,8.0,1.0,
2026-08-25 17:30:09,BV1mX8z6NEzz,43,BV1mX8z6NEzz,【4K精剪】管他什么音乐 | 杨博文直拍 | 260816,underthepoplar,2026-08-22 04:21:09,11315.0,2562.0,1381.0,1297.0,33.0,46.0,67.0,1.0,
2026-08-25 17:30:09,BV1qHbb6QErY,44,BV1qHbb6QErY,杨博文｜260816第肆象限attention<4k精剪>,61strawberry,2026-08-17 06:33:44,8824.0,1576.0,400.0,1072.0,7.0,11.0,16.0,1.0,
2026-08-25 17:30:09,BV1hibB6PEH5,45,BV1hibB6PEH5,【杨博文｜4k直拍】《春雪》我想爱你浅浅不停息～,关键时刻来瓶尖叫,2026-08-18 02:28:40,12292.0,2058.0,432.0,1255.0,5.0,20.0,67.0,1.0,
2026-08-25 17:30:09,BV1N6bi6XE5B,46,BV1N6bi6XE5B,【杨博文】骨骼谢幕丨横屏直拍丨三机位4k字幕版,Kismet丨杨博文,2026-08-17 22:20:49,41707.0,5126.0,1694.0,3307.0,1420.0,72.0,461.0,1.0,
2026-08-25 17:30:09,BV1Gggg6kEhv,47,BV1Gggg6kEhv,【杨博文｜4k直拍】溜溜的她 直拍,关键时刻来瓶尖叫,2026-08-15 05:41:55,58158.0,6120.0,1252.0,4016.0,27.0,20.0,154.0,5.0,
2026-08-25 17:30:09,BV15egs6pEJp,48,BV15egs6pEJp,杨博文｜Whiplash 2机位精剪 直拍 fancam｜4K60｜260813,LOST_杨博文,2026-08-13 23:03:07,86871.0,8261.0,1889.0,6140.0,62.0,69.0,243.0,3.0,
2026-08-25 17:30:09,BV1rqgW6hEvv,49,BV1rqgW6hEvv,【杨博文｜4k直拍】100Ways 直拍,关键时刻来瓶尖叫,2026-08-14 01:41:46,25899.0,3677.0,1466.0,2671.0,36.0,36.0,226.0,3.0,
2026-08-25 17:30:09,BV1b5uf6gEhd,50,BV1b5uf6gEhd,【杨博文】100ways丨直拍双机位丨8.13&14两日精剪,Kismet丨杨博文,2026-08-14 04:12:18,17115.0,2690.0,841.0,1837.0,18.0,17.0,89.0,3.0,
2026-08-25 17:30:09,BV1vCuf6nErK,51,BV1vCuf6nErK,【杨博文】100ways 4k直拍｜力量感爆发气场全开,游园会_杨博文,2026-08-14 03:20:46,13409.0,2260.0,609.0,1603.0,11.0,19.0,40.0,1.0,
2026-08-25 17:30:09,BV16zgA6zEkE,52,BV16zgA6zEkE,【杨博文｜4K】Whiplash 四机位精剪直拍,Eternity丨杨博文,2026-08-14 11:25:47,18992.0,4723.0,1074.0,1985.0,36.0,65.0,170.0,1.0,
2026-08-25 17:30:09,BV1Gigw6XEXN,53,BV1Gigw6XEXN,杨博文｜醉拳 3机位精剪 直拍 fancam｜4K60｜260813,LOST_杨博文,2026-08-14 13:11:22,31209.0,4898.0,2359.0,2826.0,1746.0,56.0,295.0,1.0,
2026-08-25 17:30:09,BV1k9gw6gE4U,54,BV1k9gw6gE4U,「杨博文｜爱的初体验」是不是我的十六岁 注定要为__流泪,Astra_杨博文,2026-08-14 13:49:20,18547.0,2381.0,640.0,1507.0,21.0,13.0,94.0,1.0,
2026-08-25 18:00:10,https://www.bilibili.com/video/BV1GdgW6JEe9/?spm_id_from=333.1387.favlist.content.click&vd_source=406d0cf895bedbdc58a3d0130d55e34c,0,BV1GdgW6JEe9,【杨博文｜4k直拍】Whiplash 双日直拍混剪,关键时刻来瓶尖叫,2026-08-13 23:45:41,226225.0,28317.0,22894.0,21672.0,7020.0,4720.0,8210.0,21.0,
2026-08-25 18:00:10,https://www.bilibili.com/video/BV1W5gs6KEhr/?spm_id_from=333.1387.favlist.content.click&vd_source=406d0cf895bedbdc58a3d0130d55e34c,1,BV1W5gs6KEhr,【4K精剪】异常加载中 | 杨博文直拍 | 260813,underthepoplar,2026-08-13 22:44:57,188078.0,23503.0,15856.0,17438.0,6310.0,7400.0,8640.0,18.0,
2026-08-25 18:00:10,https://www.bilibili.com/video/BV1VFbd6QEjw/spm_id_from=333.1387.favlist.content.click&vd_source=406d0cf895bedbdc58a3d0130d55e34c,2,BV1VFbd6QEjw,【杨博文｜4k直拍】管他什么音乐 直拍,关键时刻来瓶尖叫,2026-08-16 23:08:52,85833.0,6030.0,3562.0,4668.0,2683.0,562.0,30.0,12.0,
2026-08-25 18:00:10,https://www.bilibili.com/video/BV1xebR6zEkr/?spm_id_from=333.1387.favlist.content.click&vd_source=406d0cf895bedbdc58a3d0130d55e34c,3,BV1xebR6zEkr,【4K精剪】Attention | 杨博文直拍 | 260816,underthepoplar,2026-08-16 23:54:18,193099.0,16647.0,10441.0,13812.0,3192.0,1736.0,2833.0,34.0,
2026-08-25 18:00:10,https://www.bilibili.com/video/BV1s3gs6MEej/?spm_id_from=333.1387.favlist.content.click&vd_source=406d0cf895bedbdc58a3d0130d55e34c,4,BV1s3gs6MEej,【杨博文｜4k直拍】爱的初体验 直拍,关键时刻来瓶尖叫,2026-08-13 22:46:37,120115.0,12828.0,6785.0,9885.0,3478.0,523.0,2528.0,16.0,
2026-08-25 18:00:10,https://www.bilibili.com/video/BV1E2bR6hEJR/?spm_id_from=333.1387.favlist.content.click&vd_source=406d0cf895bedbdc58a3d0130d55e34c,5,BV1E2bR6hEJR,【杨博文】Attention丨直拍横屏丨16岁高中生内娱主舞的舞台掌控力丨8.16双机位4k精剪,Kismet丨杨博文,2026-08-16 22:13:05,265118.0,28977.0,14248.0,20211.0,4432.0,9743.0,11793.0,198.0,
2026-08-25 18:00:10,https://www.bilibili.com/video/BV1Rib96EE3F/?spm_id_from=333.1387.favlist.content.click&vd_source=406d0cf895bedbdc58a3d0130d55e34c,6,BV1Rib96EE3F,260816 【杨博文】春雪  竖屏4k直拍,meetsummer丨杨博文,2026-08-17 01:54:42,45848.0,9052.0,3557.0,4838.0,1860.0,723.0,739.0,7.0,
2026-08-25 18:00:10,https://www.bilibili.com/video/BV18jgg6BEAd/?spm_id_from=333.1387.favlist.content.click&vd_source=406d0cf895bedbdc58a3d0130d55e34c,7,BV18jgg6BEAd,【4K精剪】摇曳！摇曳！ | 杨博文直拍 | 260813 & 260814,underthepoplar,2026-08-15 13:26:46,71115.0,10245.0,7314.0,6748.0,2900.0,463.0,1163.0,19.0,
2026-08-25 18:00:10,https://www.bilibili.com/video/BV1A5vkB2E1k/?spm_id_from=333.1387.favlist.content.click&vd_source=406d0cf895bedbdc58a3d0130d55e34c,8,BV1A5vkB2E1k,【杨博文】Hey Mama六机位纯舞直拍丨15岁舞台统治者的诞生，四代主舞燃炸全场！,Kismet丨杨博文,2025-12-28 22:28:16,2810358.0,65703.0,45912.0,48033.0,27864.0,13671.0,22020.0,1.0,
2026-08-25 18:00:10,https://www.bilibili.com/video/BV1mJ64BREZY/?spm_id_from=333.337.search-card.all.click&vd_source=406d0cf895bedbdc58a3d0130d55e34c,9,BV1mJ64BREZY,【杨博文】闭嘴跳舞丨当主舞穿上西装就会得到,Kismet丨杨博文,2026-02-01 18:31:00,622238.0,35182.0,4041.0,25440.0,8600.0,447.0,654.0,1.0,
2026-08-25 18:00:10,BV1Qu816ZEoy,10,BV1Qu816ZEoy,测试用，勿点，谢谢,猫球不是毛球啊,2026-08-22 16:55:19,165.0,2.0,0.0,0.0,0.0,0.0,0.0,1.0,
2026-08-25 18:00:10,BV1Vd8B65EkU,11,BV1Vd8B65EkU,0822.3,dddddash6,2026-08-21 21:49:36,113.0,0.0,0.0,1.0,0.0,0.0,0.0,1.0,
2026-08-25 18:00:10,BV1fT8S61Ejo,12,BV1fT8S61Ejo,十一（23）,爱动手的法学生,2026-08-22 23:46:38,125.0,0.0,0.0,0.0,0.0,0.0,0.0,1.0,
2026-08-25 18:00:10,BV1bf816sE8P,13,BV1bf816sE8P,自测，误点,橙子小姐_sheep,2026-08-22 14:38:54,157.0,0.0,0.0,2.0,0.0,0.0,0.0,1.0,
2026-08-25 18:00:10,BV1Te8K6uEJt,14,BV1Te8K6uEJt,勿进勿进勿进！自测 安卓0821,cannndy_,2026-08-21 08:57:55,162.0,0.0,0.0,1.0,0.0,0.0,0.0,1.0,
2026-08-25 18:00:10,BV1au816oEjs,15,BV1au816oEjs,手机自测,熙熙哈哈oO,2026-08-22 16:55:10,324.0,0.0,0.0,0.0,0.0,0.0,0.0,1.0,
2026-08-25 18:00:10,BV1qw816eE1d,16,BV1qw816eE1d,8.22 自测视频 勿点,dgsaydhakjdhjk,2026-08-22 16:56:23,342.0,0.0,0.0,0.0,0.0,0.0,0.0,1.0,
2026-08-25 18:00:10,BV1ci8163ECY,17,BV1ci8163ECY,自测勿点,不完美是常态_,2026-08-22 15:39:32,50.0,0.0,0.0,0.0,0.0,0.0,0.0,1.0,
2026-08-25 18:00:10,BV1dw816YEau,18,,失败,,,,,,,,,,,62012.0
2026-08-25 18:00:10,BV1jg8S6yEuV,19,BV1jg8S6yEuV,自测视频,only筱筱,2026-08-22 23:58:01,243.0,1.0,0.0,0.0,0.0,0.0,0.0,1.0,
2026-08-25 18:00:10,BV1z6816qEbo,20,BV1z6816qEbo,自用,dddii点点,2026-08-22 16:38:15,229.0,1.0,0.0,0.0,0.0,0.0,0.0,1.0,
2026-08-25 18:00:10,BV1eM8168E9p,21,BV1eM8168E9p,自测勿点！！！！,dd鱿鱼须,2026-08-22 16:39:08,180.0,0.0,0.0,1.0,0.0,0.0,0.0,1.0,
2026-08-25 18:00:10,BV14i8M61EdN,22,BV14i8M61EdN,sz,我素质低你让让我,2026-08-21 12:22:44,259.0,1.0,0.0,0.0,0.0,1.0,0.0,1.0,
2026-08-25 18:00:10,BV12A826QEK4,23,BV12A826QEK4,自测 禁点,哈哈哈哈哈11_,2026-08-22 15:15:37,96.0,0.0,0.0,0.0,0.0,0.0,0.0,1.0,
2026-08-25 18:00:10,BV1St8S6wE33,24,BV1St8S6wE33,自测哦,半夏哒哒哒,2026-08-23 00:18:35,147.0,0.0,0.0,0.0,0.0,0.0,0.0,1.0,
2026-08-25 18:00:10,BV1bwbh65Eh7,25,BV1bwbh65Eh7,自测视频！勿点0817,摸鱼堡成员,2026-08-17 09:36:15,438.0,1.0,0.0,0.0,0.0,0.0,0.0,1.0,
2026-08-25 18:00:10,BV15B8r6WEQ3,26,BV15B8r6WEQ3,8.22自测勿点,刘海打歪了,2026-08-22 09:19:46,53.0,0.0,0.0,0.0,0.0,0.0,0.0,1.0,
2026-08-25 18:00:10,BV1ET8S62EvB,27,BV1ET8S62EvB,【牛小Bala】视频已打包，欢迎围观！,牛小Bala,2026-08-22 23:47:03,198.0,0.0,0.0,0.0,0.0,0.0,0.0,1.0,
2026-08-25 18:00:10,BV1kS8y6kEA8,28,BV1kS8y6kEA8,自测 勿点,MENYAOOO,2026-08-22 18:41:15,182.0,0.0,0.0,0.0,0.0,0.0,0.0,1.0,
2026-08-25 18:00:10,BV1pX8y66ELf,29,BV1pX8y66ELf,自测请勿点击,风枷锁,2026-08-22 18:47:46,187.0,1.0,0.0,1.0,0.0,0.0,0.0,1.0,
2026-08-25 18:00:10,BV1uz8y6JEAr,30,BV1uz8y6JEAr,【起司不是qs】第一支视频求三连！,起司不是qs,2026-08-22 18:20:23,180.0,0.0,0.0,0.0,0.0,0.0,0.0,1.0,
2026-08-25 18:00:10,BV1mx8m6REbb,31,BV1mx8m6REbb,自测,甜奶味羊咩,2026-08-22 20:49:17,42.0,0.0,0.0,0.0,0.0,0.0,0.0,1.0,
2026-08-25 18:00:10,BV1du8S65E6x,32,BV1du8S65E6x,测测测,羊咩_0601,2026-08-23 00:02:02,53.0,0.0,0.0,0.0,0.0,0.0,0.0,1.0,
2026-08-25 18:00:10,BV1hn8m6FEcd,33,BV1hn8m6FEcd,自测勿点,哇哦哦噢噢噢哦,2026-08-22 21:06:21,33.0,0.0,0.0,0.0,0.0,0.0,0.0,1.0,
2026-08-25 18:00:10,BV1DE8m68E2D,34,,失败,,,,,,,,,,,62012.0
2026-08-25 18:00:10,BV1jM8m6MEoA,35,BV1jM8m6MEoA,自测，勿点进,Camellia不是cc,2026-08-22 20:29:58,9.0,0.0,0.0,1.0,0.0,0.0,0.0,1.0,
2026-08-25 18:00:10,BV1gE8m6hEJ2,36,BV1gE8m6hEJ2,自测勿点,萌羊叫眠羊,2026-08-22 21:11:17,5.0,0.0,0.0,0.0,0.0,0.0,0.0,1.0,
2026-08-25 18:00:10,BV15V8S6kEYA,37,BV15V8S6kEYA,自测,kuaiqushuijiaoba,2026-08-22 23:32:08,46.0,0.0,0.0,0.0,0.0,0.0,0.0,1.0,
2026-08-25 18:00:10,BV1vG8S6VEgc,38,BV1vG8S6VEgc,8.23自测,萌是天生命TvT,2026-08-22 23:34:07,176.0,0.0,0.0,1.0,0.0,0.0,0.0,1.0,
2026-08-25 18:00:10,BV1Zg8S6CEu5,39,BV1Zg8S6CEu5,自测勿点3,北纬咩雪刊,2026-08-22 23:54:46,57.0,0.0,0.0,0.0,0.0,0.0,0.0,1.0,
2026-08-25 18:00:10,BV1s8BvBPEN5,40,BV1s8BvBPEN5,【杨博文｜4K舞台直拍】好运来祝你好运来～博文宝宝祝你新年好运来,关键时刻来瓶尖叫,2025-12-27 00:43:12,1915703.0,35062.0,17132.0,32455.0,19592.0,4339.0,4874.0,1.0,
2026-08-25 18:00:10,BV1XA6nBGEPV,41,BV1XA6nBGEPV,【4K精剪】希区考克 作品152 | 杨博文直拍 | 260131,underthepoplar,2026-02-01 00:23:17,1945992.0,24104.0,22530.0,20196.0,19011.0,4022.0,6938.0,1.0,
2026-08-25 18:00:10,BV1Phbr6NE8u,42,BV1Phbr6NE8u,【杨博文｜4K多机位直拍】管他什么音乐,Eternity丨杨博文,2026-08-18 12:37:02,1890.0,589.0,179.0,210.0,3.0,9.0,8.0,1.0,
2026-08-25 18:00:10,BV1mX8z6NEzz,43,BV1mX8z6NEzz,【4K精剪】管他什么音乐 | 杨博文直拍 | 260816,underthepoplar,2026-08-22 04:21:09,11386.0,2572.0,1381.0,1301.0,33.0,46.0,67.0,3.0,
2026-08-25 18:00:10,BV1qHbb6QErY,44,BV1qHbb6QErY,杨博文｜260816第肆象限attention<4k精剪>,61strawberry,2026-08-17 06:33:44,8846.0,1578.0,400.0,1073.0,7.0,11.0,16.0,1.0,
2026-08-25 18:00:10,BV1hibB6PEH5,45,BV1hibB6PEH5,【杨博文｜4k直拍】《春雪》我想爱你浅浅不停息～,关键时刻来瓶尖叫,2026-08-18 02:28:40,12312.0,2061.0,432.0,1255.0,5.0,20.0,67.0,2.0,
2026-08-25 18:00:10,BV1N6bi6XE5B,46,BV1N6bi6XE5B,【杨博文】骨骼谢幕丨横屏直拍丨三机位4k字幕版,Kismet丨杨博文,2026-08-17 22:20:49,41740.0,5132.0,1694.0,3309.0,1420.0,72.0,461.0,2.0,
2026-08-25 18:00:10,BV1Gggg6kEhv,47,BV1Gggg6kEhv,【杨博文｜4k直拍】溜溜的她 直拍,关键时刻来瓶尖叫,2026-08-15 05:41:55,58251.0,6129.0,1252.0,4019.0,27.0,20.0,154.0,3.0,
2026-08-25 18:00:10,BV15egs6pEJp,48,BV15egs6pEJp,杨博文｜Whiplash 2机位精剪 直拍 fancam｜4K60｜260813,LOST_杨博文,2026-08-13 23:03:07,86958.0,8262.0,1889.0,6144.0,62.0,69.0,244.0,7.0,
2026-08-25 18:00:10,BV1rqgW6hEvv,49,BV1rqgW6hEvv,【杨博文｜4k直拍】100Ways 直拍,关键时刻来瓶尖叫,2026-08-14 01:41:46,25914.0,3679.0,1466.0,2672.0,36.0,36.0,226.0,1.0,
2026-08-25 18:00:10,BV1b5uf6gEhd,50,BV1b5uf6gEhd,【杨博文】100ways丨直拍双机位丨8.13&14两日精剪,Kismet丨杨博文,2026-08-14 04:12:18,17129.0,2692.0,841.0,1838.0,18.0,17.0,89.0,2.0,
2026-08-25 18:00:10,BV1vCuf6nErK,51,BV1vCuf6nErK,【杨博文】100ways 4k直拍｜力量感爆发气场全开,游园会_杨博文,2026-08-14 03:20:46,13415.0,2264.0,611.0,1604.0,11.0,19.0,40.0,1.0,
2026-08-25 18:00:10,BV16zgA6zEkE,52,BV16zgA6zEkE,【杨博文｜4K】Whiplash 四机位精剪直拍,Eternity丨杨博文,2026-08-14 11:25:47,19053.0,4728.0,1074.0,1987.0,36.0,65.0,170.0,3.0,
2026-08-25 18:00:10,BV1Gigw6XEXN,53,BV1Gigw6XEXN,杨博文｜醉拳 3机位精剪 直拍 fancam｜4K60｜260813,LOST_杨博文,2026-08-14 13:11:22,31216.0,4900.0,2359.0,2826.0,1746.0,56.0,295.0,2.0,
2026-08-25 18:00:10,BV1k9gw6gE4U,54,BV1k9gw6gE4U,「杨博文｜爱的初体验」是不是我的十六岁 注定要为__流泪,Astra_杨博文,2026-08-14 13:49:20,18562.0,2383.0,642.0,1509.0,21.0,13.0,94.0,1.0,
2026-08-25 18:30:01,https://www.bilibili.com/video/BV1GdgW6JEe9/?spm_id_from=333.1387.favlist.content.click&vd_source=406d0cf895bedbdc58a3d0130d55e34c,0,BV1GdgW6JEe9,【杨博文｜4k直拍】Whiplash 双日直拍混剪,关键时刻来瓶尖叫,2026-08-13 23:45:41,226399.0,28327.0,22898.0,21677.0,7020.0,4720.0,8210.0,17.0,
2026-08-25 18:30:01,https://www.bilibili.com/video/BV1W5gs6KEhr/?spm_id_from=333.1387.favlist.content.click&vd_source=406d0cf895bedbdc58a3d0130d55e34c,1,BV1W5gs6KEhr,【4K精剪】异常加载中 | 杨博文直拍 | 260813,underthepoplar,2026-08-13 22:44:57,188188.0,23508.0,15856.0,17442.0,6310.0,7400.0,8640.0,18.0,
2026-08-25 18:30:01,https://www.bilibili.com/video/BV1VFbd6QEjw/spm_id_from=333.1387.favlist.content.click&vd_source=406d0cf895bedbdc58a3d0130d55e34c,2,BV1VFbd6QEjw,【杨博文｜4k直拍】管他什么音乐 直拍,关键时刻来瓶尖叫,2026-08-16 23:08:52,85864.0,6032.0,3562.0,4669.0,2683.0,562.0,30.0,7.0,
2026-08-25 18:30:01,https://www.bilibili.com/video/BV1xebR6zEkr/?spm_id_from=333.1387.favlist.content.click&vd_source=406d0cf895bedbdc58a3d0130d55e34c,3,BV1xebR6zEkr,【4K精剪】Attention | 杨博文直拍 | 260816,underthepoplar,2026-08-16 23:54:18,193662.0,16670.0,10446.0,13840.0,3192.0,1736.0,2833.0,39.0,
2026-08-25 18:30:01,https://www.bilibili.com/video/BV1s3gs6MEej/?spm_id_from=333.1387.favlist.content.click&vd_source=406d0cf895bedbdc58a3d0130d55e34c,4,BV1s3gs6MEej,【杨博文｜4k直拍】爱的初体验 直拍,关键时刻来瓶尖叫,2026-08-13 22:46:37,120200.0,12832.0,6785.0,9885.0,3478.0,523.0,2528.0,7.0,
2026-08-25 18:30:01,https://www.bilibili.com/video/BV1E2bR6hEJR/?spm_id_from=333.1387.favlist.content.click&vd_source=406d0cf895bedbdc58a3d0130d55e34c,5,BV1E2bR6hEJR,【杨博文】Attention丨直拍横屏丨16岁高中生内娱主舞的舞台掌控力丨8.16双机位4k精剪,Kismet丨杨博文,2026-08-16 22:13:05,265439.0,28999.0,14256.0,20230.0,4433.0,9743.0,11801.0,202.0,
2026-08-25 18:30:01,https://www.bilibili.com/video/BV1Rib96EE3F/?spm_id_from=333.1387.favlist.content.click&vd_source=406d0cf895bedbdc58a3d0130d55e34c,6,BV1Rib96EE3F,260816 【杨博文】春雪  竖屏4k直拍,meetsummer丨杨博文,2026-08-17 01:54:42,45901.0,9058.0,3557.0,4840.0,1860.0,723.0,739.0,8.0,
2026-08-25 18:30:01,https://www.bilibili.com/video/BV18jgg6BEAd/?spm_id_from=333.1387.favlist.content.click&vd_source=406d0cf895bedbdc58a3d0130d55e34c,7,BV18jgg6BEAd,【4K精剪】摇曳！摇曳！ | 杨博文直拍 | 260813 & 260814,underthepoplar,2026-08-15 13:26:46,71182.0,10248.0,7314.0,6751.0,2900.0,463.0,1163.0,13.0,
2026-08-25 18:30:01,https://www.bilibili.com/video/BV1A5vkB2E1k/?spm_id_from=333.1387.favlist.content.click&vd_source=406d0cf895bedbdc58a3d0130d55e34c,8,BV1A5vkB2E1k,【杨博文】Hey Mama六机位纯舞直拍丨15岁舞台统治者的诞生，四代主舞燃炸全场！,Kismet丨杨博文,2025-12-28 22:28:16,2810392.0,65704.0,45914.0,48035.0,27864.0,13671.0,22020.0,2.0,
2026-08-25 18:30:01,https://www.bilibili.com/video/BV1mJ64BREZY/?spm_id_from=333.337.search-card.all.click&vd_source=406d0cf895bedbdc58a3d0130d55e34c,9,BV1mJ64BREZY,【杨博文】闭嘴跳舞丨当主舞穿上西装就会得到,Kismet丨杨博文,2026-02-01 18:31:00,622240.0,35182.0,4041.0,25440.0,8600.0,447.0,654.0,1.0,
2026-08-25 18:30:01,BV1Qu816ZEoy,10,BV1Qu816ZEoy,测试用，勿点，谢谢,猫球不是毛球啊,2026-08-22 16:55:19,165.0,2.0,0.0,0.0,0.0,0.0,0.0,1.0,
2026-08-25 18:30:01,BV1Vd8B65EkU,11,BV1Vd8B65EkU,0822.3,dddddash6,2026-08-21 21:49:36,113.0,0.0,0.0,1.0,0.0,0.0,0.0,1.0,
2026-08-25 18:30:01,BV1fT8S61Ejo,12,BV1fT8S61Ejo,十一（23）,爱动手的法学生,2026-08-22 23:46:38,125.0,0.0,0.0,0.0,0.0,0.0,0.0,1.0,
2026-08-25 18:30:01,BV1bf816sE8P,13,BV1bf816sE8P,自测，误点,橙子小姐_sheep,2026-08-22 14:38:54,157.0,0.0,0.0,2.0,0.0,0.0,0.0,1.0,
2026-08-25 18:30:01,BV1Te8K6uEJt,14,BV1Te8K6uEJt,勿进勿进勿进！自测 安卓0821,cannndy_,2026-08-21 08:57:55,162.0,0.0,0.0,1.0,0.0,0.0,0.0,1.0,
2026-08-25 18:30:01,BV1au816oEjs,15,BV1au816oEjs,手机自测,熙熙哈哈oO,2026-08-22 16:55:10,329.0,0.0,0.0,0.0,0.0,0.0,0.0,1.0,
2026-08-25 18:30:01,BV1qw816eE1d,16,BV1qw816eE1d,8.22 自测视频 勿点,dgsaydhakjdhjk,2026-08-22 16:56:23,342.0,0.0,0.0,0.0,0.0,0.0,0.0,1.0,
2026-08-25 18:30:01,BV1ci8163ECY,17,BV1ci8163ECY,自测勿点,不完美是常态_,2026-08-22 15:39:32,50.0,0.0,0.0,0.0,0.0,0.0,0.0,1.0,
2026-08-25 18:30:01,BV1dw816YEau,18,,失败,,,,,,,,,,,62012.0
2026-08-25 18:30:01,BV1jg8S6yEuV,19,BV1jg8S6yEuV,自测视频,only筱筱,2026-08-22 23:58:01,243.0,1.0,0.0,0.0,0.0,0.0,0.0,1.0,
2026-08-25 18:30:01,BV1z6816qEbo,20,BV1z6816qEbo,自用,dddii点点,2026-08-22 16:38:15,229.0,1.0,0.0,0.0,0.0,0.0,0.0,1.0,
2026-08-25 18:30:01,BV1eM8168E9p,21,BV1eM8168E9p,自测勿点！！！！,dd鱿鱼须,2026-08-22 16:39:08,180.0,0.0,0.0,1.0,0.0,0.0,0.0,1.0,
2026-08-25 18:30:01,BV14i8M61EdN,22,BV14i8M61EdN,sz,我素质低你让让我,2026-08-21 12:22:44,259.0,1.0,0.0,0.0,0.0,1.0,0.0,1.0,
2026-08-25 18:30:01,BV12A826QEK4,23,BV12A826QEK4,自测 禁点,哈哈哈哈哈11_,2026-08-22 15:15:37,96.0,0.0,0.0,0.0,0.0,0.0,0.0,1.0,
2026-08-25 18:30:01,BV1St8S6wE33,24,BV1St8S6wE33,自测哦,半夏哒哒哒,2026-08-23 00:18:35,147.0,0.0,0.0,0.0,0.0,0.0,0.0,1.0,
2026-08-25 18:30:01,BV1bwbh65Eh7,25,BV1bwbh65Eh7,自测视频！勿点0817,摸鱼堡成员,2026-08-17 09:36:15,443.0,1.0,0.0,0.0,0.0,0.0,0.0,1.0,
2026-08-25 18:30:01,BV15B8r6WEQ3,26,BV15B8r6WEQ3,8.22自测勿点,刘海打歪了,2026-08-22 09:19:46,53.0,0.0,0.0,0.0,0.0,0.0,0.0,1.0,
2026-08-25 18:30:01,BV1ET8S62EvB,27,BV1ET8S62EvB,【牛小Bala】视频已打包，欢迎围观！,牛小Bala,2026-08-22 23:47:03,198.0,0.0,0.0,0.0,0.0,0.0,0.0,1.0,
2026-08-25 18:30:01,BV1kS8y6kEA8,28,BV1kS8y6kEA8,自测 勿点,MENYAOOO,2026-08-22 18:41:15,182.0,0.0,0.0,0.0,0.0,0.0,0.0,1.0,
2026-08-25 18:30:01,BV1pX8y66ELf,29,BV1pX8y66ELf,自测请勿点击,风枷锁,2026-08-22 18:47:46,187.0,1.0,0.0,1.0,0.0,0.0,0.0,1.0,
2026-08-25 18:30:01,BV1uz8y6JEAr,30,BV1uz8y6JEAr,【起司不是qs】第一支视频求三连！,起司不是qs,2026-08-22 18:20:23,180.0,0.0,0.0,0.0,0.0,0.0,0.0,1.0,
2026-08-25 18:30:01,BV1mx8m6REbb,31,BV1mx8m6REbb,自测,甜奶味羊咩,2026-08-22 20:49:17,42.0,0.0,0.0,0.0,0.0,0.0,0.0,1.0,
2026-08-25 18:30:01,BV1du8S65E6x,32,BV1du8S65E6x,测测测,羊咩_0601,2026-08-23 00:02:02,53.0,0.0,0.0,0.0,0.0,0.0,0.0,1.0,
2026-08-25 18:30:01,BV1hn8m6FEcd,33,BV1hn8m6FEcd,自测勿点,哇哦哦噢噢噢哦,2026-08-22 21:06:21,33.0,0.0,0.0,0.0,0.0,0.0,0.0,1.0,
2026-08-25 18:30:01,BV1DE8m68E2D,34,,失败,,,,,,,,,,,62012.0
2026-08-25 18:30:01,BV1jM8m6MEoA,35,BV1jM8m6MEoA,自测，勿点进,Camellia不是cc,2026-08-22 20:29:58,9.0,0.0,0.0,1.0,0.0,0.0,0.0,1.0,
2026-08-25 18:30:01,BV1gE8m6hEJ2,36,BV1gE8m6hEJ2,自测勿点,萌羊叫眠羊,2026-08-22 21:11:17,5.0,0.0,0.0,0.0,0.0,0.0,0.0,1.0,
2026-08-25 18:30:01,BV15V8S6kEYA,37,BV15V8S6kEYA,自测,kuaiqushuijiaoba,2026-08-22 23:32:08,46.0,0.0,0.0,0.0,0.0,0.0,0.0,1.0,
2026-08-25 18:30:01,BV1vG8S6VEgc,38,BV1vG8S6VEgc,8.23自测,萌是天生命TvT,2026-08-22 23:34:07,176.0,0.0,0.0,1.0,0.0,0.0,0.0,1.0,
2026-08-25 18:30:01,BV1Zg8S6CEu5,39,BV1Zg8S6CEu5,自测勿点3,北纬咩雪刊,2026-08-22 23:54:46,57.0,0.0,0.0,0.0,0.0,0.0,0.0,1.0,
2026-08-25 18:30:01,BV1s8BvBPEN5,40,BV1s8BvBPEN5,【杨博文｜4K舞台直拍】好运来祝你好运来～博文宝宝祝你新年好运来,关键时刻来瓶尖叫,2025-12-27 00:43:12,1915705.0,35062.0,17132.0,32455.0,19592.0,4339.0,4874.0,1.0,
2026-08-25 18:30:01,BV1XA6nBGEPV,41,BV1XA6nBGEPV,【4K精剪】希区考克 作品152 | 杨博文直拍 | 260131,underthepoplar,2026-02-01 00:23:17,1945998.0,24105.0,22530.0,20196.0,19011.0,4022.0,6938.0,1.0,
2026-08-25 18:30:01,BV1Phbr6NE8u,42,BV1Phbr6NE8u,【杨博文｜4K多机位直拍】管他什么音乐,Eternity丨杨博文,2026-08-18 12:37:02,1891.0,590.0,180.0,210.0,3.0,9.0,8.0,1.0,
2026-08-25 18:30:01,BV1mX8z6NEzz,43,BV1mX8z6NEzz,【4K精剪】管他什么音乐 | 杨博文直拍 | 260816,underthepoplar,2026-08-22 04:21:09,11463.0,2582.0,1383.0,1307.0,33.0,46.0,67.0,3.0,
2026-08-25 18:30:01,BV1qHbb6QErY,44,BV1qHbb6QErY,杨博文｜260816第肆象限attention<4k精剪>,61strawberry,2026-08-17 06:33:44,8864.0,1580.0,400.0,1075.0,7.0,11.0,16.0,4.0,
2026-08-25 18:30:01,BV1hibB6PEH5,45,BV1hibB6PEH5,【杨博文｜4k直拍】《春雪》我想爱你浅浅不停息～,关键时刻来瓶尖叫,2026-08-18 02:28:40,12331.0,2062.0,434.0,1256.0,5.0,20.0,67.0,1.0,
2026-08-25 18:30:01,BV1N6bi6XE5B,46,BV1N6bi6XE5B,【杨博文】骨骼谢幕丨横屏直拍丨三机位4k字幕版,Kismet丨杨博文,2026-08-17 22:20:49,41780.0,5135.0,1694.0,3309.0,1420.0,72.0,461.0,1.0,
2026-08-25 18:30:01,BV1Gggg6kEhv,47,BV1Gggg6kEhv,【杨博文｜4k直拍】溜溜的她 直拍,关键时刻来瓶尖叫,2026-08-15 05:41:55,58326.0,6132.0,1254.0,4022.0,27.0,20.0,154.0,3.0,
2026-08-25 18:30:01,BV15egs6pEJp,48,BV15egs6pEJp,杨博文｜Whiplash 2机位精剪 直拍 fancam｜4K60｜260813,LOST_杨博文,2026-08-13 23:03:07,87040.0,8268.0,1889.0,6144.0,62.0,69.0,244.0,1.0,
2026-08-25 18:30:01,BV1rqgW6hEvv,49,BV1rqgW6hEvv,【杨博文｜4k直拍】100Ways 直拍,关键时刻来瓶尖叫,2026-08-14 01:41:46,25923.0,3680.0,1466.0,2672.0,36.0,36.0,226.0,1.0,
2026-08-25 18:30:01,BV1b5uf6gEhd,50,BV1b5uf6gEhd,【杨博文】100ways丨直拍双机位丨8.13&14两日精剪,Kismet丨杨博文,2026-08-14 04:12:18,17147.0,2693.0,841.0,1839.0,18.0,17.0,89.0,2.0,
2026-08-25 18:30:01,BV1vCuf6nErK,51,BV1vCuf6nErK,【杨博文】100ways 4k直拍｜力量感爆发气场全开,游园会_杨博文,2026-08-14 03:20:46,13423.0,2266.0,611.0,1606.0,11.0,19.0,40.0,1.0,
2026-08-25 18:30:01,BV16zgA6zEkE,52,BV16zgA6zEkE,【杨博文｜4K】Whiplash 四机位精剪直拍,Eternity丨杨博文,2026-08-14 11:25:47,19114.0,4736.0,1074.0,1990.0,36.0,65.0,170.0,4.0,
2026-08-25 18:30:01,BV1Gigw6XEXN,53,BV1Gigw6XEXN,杨博文｜醉拳 3机位精剪 直拍 fancam｜4K60｜260813,LOST_杨博文,2026-08-14 13:11:22,31225.0,4900.0,2359.0,2825.0,1746.0,56.0,295.0,1.0,
2026-08-25 18:30:01,BV1k9gw6gE4U,54,BV1k9gw6gE4U,「杨博文｜爱的初体验」是不是我的十六岁 注定要为__流泪,Astra_杨博文,2026-08-14 13:49:20,18584.0,2383.0,642.0,1510.0,21.0,13.0,94.0,1.0,
2026-08-25 19:00:02,https://www.bilibili.com/video/BV1GdgW6JEe9/?spm_id_from=333.1387.favlist.content.click&vd_source=406d0cf895bedbdc58a3d0130d55e34c,0,BV1GdgW6JEe9,【杨博文｜4k直拍】Whiplash 双日直拍混剪,关键时刻来瓶尖叫,2026-08-13 23:45:41,226573.0,28333.0,22899.0,21680.0,7020.0,4720.0,8210.0,23.0,
2026-08-25 19:00:02,https://www.bilibili.com/video/BV1W5gs6KEhr/?spm_id_from=333.1387.favlist.content.click&vd_source=406d0cf895bedbdc58a3d0130d55e34c,1,BV1W5gs6KEhr,【4K精剪】异常加载中 | 杨博文直拍 | 260813,underthepoplar,2026-08-13 22:44:57,188301.0,23509.0,15856.0,17443.0,6310.0,7402.0,8640.0,21.0,
2026-08-25 19:00:02,https://www.bilibili.com/video/BV1VFbd6QEjw/spm_id_from=333.1387.favlist.content.click&vd_source=406d0cf895bedbdc58a3d0130d55e34c,2,BV1VFbd6QEjw,【杨博文｜4k直拍】管他什么音乐 直拍,关键时刻来瓶尖叫,2026-08-16 23:08:52,85889.0,6033.0,3562.0,4670.0,2683.0,562.0,30.0,10.0,
2026-08-25 19:00:02,https://www.bilibili.com/video/BV1xebR6zEkr/?spm_id_from=333.1387.favlist.content.click&vd_source=406d0cf895bedbdc58a3d0130d55e34c,3,BV1xebR6zEkr,【4K精剪】Attention | 杨博文直拍 | 260816,underthepoplar,2026-08-16 23:54:18,194175.0,16697.0,10450.0,13857.0,3192.0,1736.0,2833.0,41.0,
2026-08-25 19:00:02,https://www.bilibili.com/video/BV1s3gs6MEej/?spm_id_from=333.1387.favlist.content.click&vd_source=406d0cf895bedbdc58a3d0130d55e34c,4,BV1s3gs6MEej,【杨博文｜4k直拍】爱的初体验 直拍,关键时刻来瓶尖叫,2026-08-13 22:46:37,120277.0,12834.0,6785.0,9884.0,3478.0,523.0,2530.0,16.0,
2026-08-25 19:00:02,https://www.bilibili.com/video/BV1E2bR6hEJR/?spm_id_from=333.1387.favlist.content.click&vd_source=406d0cf895bedbdc58a3d0130d55e34c,5,BV1E2bR6hEJR,【杨博文】Attention丨直拍横屏丨16岁高中生内娱主舞的舞台掌控力丨8.16双机位4k精剪,Kismet丨杨博文,2026-08-16 22:13:05,265745.0,29028.0,14264.0,20251.0,4437.0,9846.0,11867.0,188.0,
2026-08-25 19:00:02,https://www.bilibili.com/video/BV1Rib96EE3F/?spm_id_from=333.1387.favlist.content.click&vd_source=406d0cf895bedbdc58a3d0130d55e34c,6,BV1Rib96EE3F,260816 【杨博文】春雪  竖屏4k直拍,meetsummer丨杨博文,2026-08-17 01:54:42,45973.0,9071.0,3558.0,4842.0,1861.0,723.0,739.0,5.0,
2026-08-25 19:00:02,https://www.bilibili.com/video/BV18jgg6BEAd/?spm_id_from=333.1387.favlist.content.click&vd_source=406d0cf895bedbdc58a3d0130d55e34c,7,BV18jgg6BEAd,【4K精剪】摇曳！摇曳！ | 杨博文直拍 | 260813 & 260814,underthepoplar,2026-08-15 13:26:46,71240.0,10253.0,7316.0,6753.0,2900.0,463.0,1163.0,16.0,
2026-08-25 19:00:02,https://www.bilibili.com/video/BV1A5vkB2E1k/?spm_id_from=333.1387.favlist.content.click&vd_source=406d0cf895bedbdc58a3d0130d55e34c,8,BV1A5vkB2E1k,【杨博文】Hey Mama六机位纯舞直拍丨15岁舞台统治者的诞生，四代主舞燃炸全场！,Kismet丨杨博文,2025-12-28 22:28:16,2810422.0,65705.0,45914.0,48035.0,27864.0,13671.0,22020.0,1.0,
2026-08-25 19:00:02,https://www.bilibili.com/video/BV1mJ64BREZY/?spm_id_from=333.337.search-card.all.click&vd_source=406d0cf895bedbdc58a3d0130d55e34c,9,BV1mJ64BREZY,【杨博文】闭嘴跳舞丨当主舞穿上西装就会得到,Kismet丨杨博文,2026-02-01 18:31:00,622243.0,35182.0,4041.0,25441.0,8600.0,447.0,654.0,1.0,
2026-08-25 19:00:02,BV1Qu816ZEoy,10,BV1Qu816ZEoy,测试用，勿点，谢谢,猫球不是毛球啊,2026-08-22 16:55:19,165.0,2.0,0.0,0.0,0.0,0.0,0.0,1.0,
2026-08-25 19:00:02,BV1Vd8B65EkU,11,BV1Vd8B65EkU,0822.3,dddddash6,2026-08-21 21:49:36,113.0,0.0,0.0,1.0,0.0,0.0,0.0,1.0,
2026-08-25 19:00:02,BV1fT8S61Ejo,12,BV1fT8S61Ejo,十一（23）,爱动手的法学生,2026-08-22 23:46:38,125.0,0.0,0.0,0.0,0.0,0.0,0.0,1.0,
2026-08-25 19:00:02,BV1bf816sE8P,13,BV1bf816sE8P,自测，误点,橙子小姐_sheep,2026-08-22 14:38:54,157.0,0.0,0.0,2.0,0.0,0.0,0.0,1.0,
2026-08-25 19:00:02,BV1Te8K6uEJt,14,BV1Te8K6uEJt,勿进勿进勿进！自测 安卓0821,cannndy_,2026-08-21 08:57:55,162.0,0.0,0.0,1.0,0.0,0.0,0.0,1.0,
2026-08-25 19:00:02,BV1au816oEjs,15,BV1au816oEjs,手机自测,熙熙哈哈oO,2026-08-22 16:55:10,332.0,0.0,0.0,0.0,0.0,0.0,0.0,1.0,
2026-08-25 19:00:02,BV1qw816eE1d,16,BV1qw816eE1d,8.22 自测视频 勿点,dgsaydhakjdhjk,2026-08-22 16:56:23,342.0,0.0,0.0,0.0,0.0,0.0,0.0,1.0,
2026-08-25 19:00:02,BV1ci8163ECY,17,BV1ci8163ECY,自测勿点,不完美是常态_,2026-08-22 15:39:32,51.0,0.0,0.0,0.0,0.0,0.0,0.0,1.0,
2026-08-25 19:00:02,BV1dw816YEau,18,,失败,,,,,,,,,,,62012.0
2026-08-25 19:00:02,BV1jg8S6yEuV,19,BV1jg8S6yEuV,自测视频,only筱筱,2026-08-22 23:58:01,243.0,1.0,0.0,0.0,0.0,0.0,0.0,1.0,
2026-08-25 19:00:02,BV1z6816qEbo,20,BV1z6816qEbo,自用,dddii点点,2026-08-22 16:38:15,229.0,1.0,0.0,0.0,0.0,0.0,0.0,1.0,
2026-08-25 19:00:02,BV1eM8168E9p,21,BV1eM8168E9p,自测勿点！！！！,dd鱿鱼须,2026-08-22 16:39:08,180.0,0.0,0.0,1.0,0.0,0.0,0.0,1.0,
2026-08-25 19:00:02,BV14i8M61EdN,22,BV14i8M61EdN,sz,我素质低你让让我,2026-08-21 12:22:44,259.0,1.0,0.0,0.0,0.0,1.0,0.0,1.0,
2026-08-25 19:00:02,BV12A826QEK4,23,BV12A826QEK4,自测 禁点,哈哈哈哈哈11_,2026-08-22 15:15:37,96.0,0.0,0.0,0.0,0.0,0.0,0.0,1.0,
2026-08-25 19:00:02,BV1St8S6wE33,24,BV1St8S6wE33,自测哦,半夏哒哒哒,2026-08-23 00:18:35,147.0,0.0,0.0,0.0,0.0,0.0,0.0,1.0,
2026-08-25 19:00:02,BV1bwbh65Eh7,25,BV1bwbh65Eh7,自测视频！勿点0817,摸鱼堡成员,2026-08-17 09:36:15,448.0,1.0,0.0,0.0,0.0,0.0,0.0,1.0,
2026-08-25 19:00:02,BV15B8r6WEQ3,26,BV15B8r6WEQ3,8.22自测勿点,刘海打歪了,2026-08-22 09:19:46,53.0,0.0,0.0,0.0,0.0,0.0,0.0,1.0,
2026-08-25 19:00:02,BV1ET8S62EvB,27,BV1ET8S62EvB,【牛小Bala】视频已打包，欢迎围观！,牛小Bala,2026-08-22 23:47:03,198.0,0.0,0.0,0.0,0.0,0.0,0.0,1.0,
2026-08-25 19:00:02,BV1kS8y6kEA8,28,BV1kS8y6kEA8,自测 勿点,MENYAOOO,2026-08-22 18:41:15,182.0,0.0,0.0,0.0,0.0,0.0,0.0,1.0,
2026-08-25 19:00:02,BV1pX8y66ELf,29,BV1pX8y66ELf,自测请勿点击,风枷锁,2026-08-22 18:47:46,187.0,1.0,0.0,1.0,0.0,0.0,0.0,1.0,
2026-08-25 19:00:02,BV1uz8y6JEAr,30,BV1uz8y6JEAr,【起司不是qs】第一支视频求三连！,起司不是qs,2026-08-22 18:20:23,180.0,0.0,0.0,0.0,0.0,0.0,0.0,1.0,
2026-08-25 19:00:02,BV1mx8m6REbb,31,BV1mx8m6REbb,自测,甜奶味羊咩,2026-08-22 20:49:17,42.0,0.0,0.0,0.0,0.0,0.0,0.0,1.0,
2026-08-25 19:00:02,BV1du8S65E6x,32,BV1du8S65E6x,测测测,羊咩_0601,2026-08-23 00:02:02,53.0,0.0,0.0,0.0,0.0,0.0,0.0,1.0,
2026-08-25 19:00:02,BV1hn8m6FEcd,33,BV1hn8m6FEcd,自测勿点,哇哦哦噢噢噢哦,2026-08-22 21:06:21,33.0,0.0,0.0,0.0,0.0,0.0,0.0,1.0,
2026-08-25 19:00:02,BV1DE8m68E2D,34,,失败,,,,,,,,,,,62012.0
2026-08-25 19:00:02,BV1jM8m6MEoA,35,BV1jM8m6MEoA,自测，勿点进,Camellia不是cc,2026-08-22 20:29:58,9.0,0.0,0.0,1.0,0.0,0.0,0.0,1.0,
2026-08-25 19:00:02,BV1gE8m6hEJ2,36,BV1gE8m6hEJ2,自测勿点,萌羊叫眠羊,2026-08-22 21:11:17,5.0,0.0,0.0,0.0,0.0,0.0,0.0,1.0,
2026-08-25 19:00:02,BV15V8S6kEYA,37,BV15V8S6kEYA,自测,kuaiqushuijiaoba,2026-08-22 23:32:08,46.0,0.0,0.0,0.0,0.0,0.0,0.0,1.0,
2026-08-25 19:00:02,BV1vG8S6VEgc,38,BV1vG8S6VEgc,8.23自测,萌是天生命TvT,2026-08-22 23:34:07,176.0,0.0,0.0,1.0,0.0,0.0,0.0,1.0,
2026-08-25 19:00:02,BV1Zg8S6CEu5,39,BV1Zg8S6CEu5,自测勿点3,北纬咩雪刊,2026-08-22 23:54:46,57.0,0.0,0.0,0.0,0.0,0.0,0.0,1.0,
2026-08-25 19:00:02,BV1s8BvBPEN5,40,BV1s8BvBPEN5,【杨博文｜4K舞台直拍】好运来祝你好运来～博文宝宝祝你新年好运来,关键时刻来瓶尖叫,2025-12-27 00:43:12,1915713.0,35062.0,17132.0,32455.0,19592.0,4339.0,4874.0,1.0,
2026-08-25 19:00:02,BV1XA6nBGEPV,41,BV1XA6nBGEPV,【4K精剪】希区考克 作品152 | 杨博文直拍 | 260131,underthepoplar,2026-02-01 00:23:17,1946008.0,24106.0,22530.0,20196.0,19011.0,4022.0,6938.0,1.0,
2026-08-25 19:00:02,BV1Phbr6NE8u,42,BV1Phbr6NE8u,【杨博文｜4K多机位直拍】管他什么音乐,Eternity丨杨博文,2026-08-18 12:37:02,1892.0,591.0,182.0,211.0,3.0,9.0,8.0,1.0,
2026-08-25 19:00:02,BV1mX8z6NEzz,43,BV1mX8z6NEzz,【4K精剪】管他什么音乐 | 杨博文直拍 | 260816,underthepoplar,2026-08-22 04:21:09,11556.0,2589.0,1383.0,1315.0,33.0,46.0,67.0,2.0,
2026-08-25 19:00:02,BV1qHbb6QErY,44,BV1qHbb6QErY,杨博文｜260816第肆象限attention<4k精剪>,61strawberry,2026-08-17 06:33:44,8887.0,1582.0,400.0,1076.0,7.0,11.0,16.0,1.0,
2026-08-25 19:00:02,BV1hibB6PEH5,45,BV1hibB6PEH5,【杨博文｜4k直拍】《春雪》我想爱你浅浅不停息～,关键时刻来瓶尖叫,2026-08-18 02:28:40,12356.0,2065.0,434.0,1260.0,5.0,20.0,67.0,1.0,
2026-08-25 19:00:02,BV1N6bi6XE5B,46,BV1N6bi6XE5B,【杨博文】骨骼谢幕丨横屏直拍丨三机位4k字幕版,Kismet丨杨博文,2026-08-17 22:20:49,41818.0,5136.0,1694.0,3312.0,1420.0,72.0,461.0,2.0,
2026-08-25 19:00:02,BV1Gggg6kEhv,47,BV1Gggg6kEhv,【杨博文｜4k直拍】溜溜的她 直拍,关键时刻来瓶尖叫,2026-08-15 05:41:55,58403.0,6137.0,1254.0,4027.0,27.0,20.0,154.0,4.0,
2026-08-25 19:00:02,BV15egs6pEJp,48,BV15egs6pEJp,杨博文｜Whiplash 2机位精剪 直拍 fancam｜4K60｜260813,LOST_杨博文,2026-08-13 23:03:07,87078.0,8270.0,1889.0,6144.0,62.0,69.0,244.0,1.0,
2026-08-25 19:00:02,BV1rqgW6hEvv,49,BV1rqgW6hEvv,【杨博文｜4k直拍】100Ways 直拍,关键时刻来瓶尖叫,2026-08-14 01:41:46,25936.0,3683.0,1466.0,2673.0,36.0,36.0,226.0,1.0,
2026-08-25 19:00:02,BV1b5uf6gEhd,50,BV1b5uf6gEhd,【杨博文】100ways丨直拍双机位丨8.13&14两日精剪,Kismet丨杨博文,2026-08-14 04:12:18,17164.0,2693.0,841.0,1839.0,18.0,17.0,89.0,2.0,
2026-08-25 19:00:02,BV1vCuf6nErK,51,BV1vCuf6nErK,【杨博文】100ways 4k直拍｜力量感爆发气场全开,游园会_杨博文,2026-08-14 03:20:46,13433.0,2270.0,611.0,1610.0,11.0,19.0,40.0,1.0,
2026-08-25 19:00:02,BV16zgA6zEkE,52,BV16zgA6zEkE,【杨博文｜4K】Whiplash 四机位精剪直拍,Eternity丨杨博文,2026-08-14 11:25:47,19170.0,4748.0,1074.0,1997.0,36.0,65.0,170.0,2.0,
2026-08-25 19:00:02,BV1Gigw6XEXN,53,BV1Gigw6XEXN,杨博文｜醉拳 3机位精剪 直拍 fancam｜4K60｜260813,LOST_杨博文,2026-08-14 13:11:22,31232.0,4900.0,2359.0,2827.0,1746.0,56.0,295.0,1.0,
2026-08-25 19:00:02,BV1k9gw6gE4U,54,BV1k9gw6gE4U,「杨博文｜爱的初体验」是不是我的十六岁 注定要为__流泪,Astra_杨博文,2026-08-14 13:49:20,18598.0,2386.0,642.0,1512.0,21.0,13.0,94.0,1.0,
2026-08-25 19:30:03,https://www.bilibili.com/video/BV1GdgW6JEe9/?spm_id_from=333.1387.favlist.content.click&vd_source=406d0cf895bedbdc58a3d0130d55e34c,0,BV1GdgW6JEe9,【杨博文｜4k直拍】Whiplash 双日直拍混剪,关键时刻来瓶尖叫,2026-08-13 23:45:41,226741.0,28341.0,22900.0,21684.0,7020.0,4720.0,8211.0,19.0,
2026-08-25 19:30:03,https://www.bilibili.com/video/BV1W5gs6KEhr/?spm_id_from=333.1387.favlist.content.click&vd_source=406d0cf895bedbdc58a3d0130d55e34c,1,BV1W5gs6KEhr,【4K精剪】异常加载中 | 杨博文直拍 | 260813,underthepoplar,2026-08-13 22:44:57,188428.0,23516.0,15858.0,17446.0,6312.0,7403.0,8643.0,18.0,
2026-08-25 19:30:03,https://www.bilibili.com/video/BV1VFbd6QEjw/spm_id_from=333.1387.favlist.content.click&vd_source=406d0cf895bedbdc58a3d0130d55e34c,2,BV1VFbd6QEjw,【杨博文｜4k直拍】管他什么音乐 直拍,关键时刻来瓶尖叫,2026-08-16 23:08:52,85903.0,6033.0,3562.0,4670.0,2683.0,562.0,30.0,6.0,
2026-08-25 19:30:03,https://www.bilibili.com/video/BV1xebR6zEkr/?spm_id_from=333.1387.favlist.content.click&vd_source=406d0cf895bedbdc58a3d0130d55e34c,3,BV1xebR6zEkr,【4K精剪】Attention | 杨博文直拍 | 260816,underthepoplar,2026-08-16 23:54:18,194738.0,16721.0,10455.0,13879.0,3192.0,1741.0,2833.0,43.0,
2026-08-25 19:30:03,https://www.bilibili.com/video/BV1s3gs6MEej/?spm_id_from=333.1387.favlist.content.click&vd_source=406d0cf895bedbdc58a3d0130d55e34c,4,BV1s3gs6MEej,【杨博文｜4k直拍】爱的初体验 直拍,关键时刻来瓶尖叫,2026-08-13 22:46:37,120366.0,12840.0,6785.0,9884.0,3478.0,523.0,2530.0,12.0,
2026-08-25 19:30:03,https://www.bilibili.com/video/BV1E2bR6hEJR/?spm_id_from=333.1387.favlist.content.click&vd_source=406d0cf895bedbdc58a3d0130d55e34c,5,BV1E2bR6hEJR,【杨博文】Attention丨直拍横屏丨16岁高中生内娱主舞的舞台掌控力丨8.16双机位4k精剪,Kismet丨杨博文,2026-08-16 22:13:05,266080.0,29059.0,14276.0,20269.0,4440.0,9950.0,11934.0,199.0,
2026-08-25 19:30:03,https://www.bilibili.com/video/BV1Rib96EE3F/?spm_id_from=333.1387.favlist.content.click&vd_source=406d0cf895bedbdc58a3d0130d55e34c,6,BV1Rib96EE3F,260816 【杨博文】春雪  竖屏4k直拍,meetsummer丨杨博文,2026-08-17 01:54:42,46035.0,9076.0,3558.0,4846.0,1861.0,723.0,740.0,8.0,
2026-08-25 19:30:03,https://www.bilibili.com/video/BV18jgg6BEAd/?spm_id_from=333.1387.favlist.content.click&vd_source=406d0cf895bedbdc58a3d0130d55e34c,7,BV18jgg6BEAd,【4K精剪】摇曳！摇曳！ | 杨博文直拍 | 260813 & 260814,underthepoplar,2026-08-15 13:26:46,71304.0,10262.0,7321.0,6758.0,2900.0,463.0,1163.0,14.0,
2026-08-25 19:30:03,https://www.bilibili.com/video/BV1A5vkB2E1k/?spm_id_from=333.1387.favlist.content.click&vd_source=406d0cf895bedbdc58a3d0130d55e34c,8,BV1A5vkB2E1k,【杨博文】Hey Mama六机位纯舞直拍丨15岁舞台统治者的诞生，四代主舞燃炸全场！,Kismet丨杨博文,2025-12-28 22:28:16,2810458.0,65709.0,45914.0,48035.0,27864.0,13671.0,22021.0,3.0,
2026-08-25 19:30:03,https://www.bilibili.com/video/BV1mJ64BREZY/?spm_id_from=333.337.search-card.all.click&vd_source=406d0cf895bedbdc58a3d0130d55e34c,9,BV1mJ64BREZY,【杨博文】闭嘴跳舞丨当主舞穿上西装就会得到,Kismet丨杨博文,2026-02-01 18:31:00,622245.0,35182.0,4041.0,25441.0,8600.0,447.0,654.0,1.0,
2026-08-25 19:30:03,BV1Qu816ZEoy,10,BV1Qu816ZEoy,测试用，勿点，谢谢,猫球不是毛球啊,2026-08-22 16:55:19,165.0,2.0,0.0,0.0,0.0,0.0,0.0,1.0,
2026-08-25 19:30:03,BV1Vd8B65EkU,11,BV1Vd8B65EkU,0822.3,dddddash6,2026-08-21 21:49:36,113.0,0.0,0.0,1.0,0.0,0.0,0.0,1.0,
2026-08-25 19:30:03,BV1fT8S61Ejo,12,BV1fT8S61Ejo,十一（23）,爱动手的法学生,2026-08-22 23:46:38,125.0,0.0,0.0,0.0,0.0,0.0,0.0,1.0,
2026-08-25 19:30:03,BV1bf816sE8P,13,BV1bf816sE8P,自测，误点,橙子小姐_sheep,2026-08-22 14:38:54,157.0,0.0,0.0,2.0,0.0,0.0,0.0,1.0,
2026-08-25 19:30:03,BV1Te8K6uEJt,14,BV1Te8K6uEJt,勿进勿进勿进！自测 安卓0821,cannndy_,2026-08-21 08:57:55,162.0,0.0,0.0,1.0,0.0,0.0,0.0,1.0,
2026-08-25 19:30:03,BV1au816oEjs,15,BV1au816oEjs,手机自测,熙熙哈哈oO,2026-08-22 16:55:10,335.0,0.0,0.0,0.0,0.0,0.0,0.0,1.0,
2026-08-25 19:30:03,BV1qw816eE1d,16,BV1qw816eE1d,8.22 自测视频 勿点,dgsaydhakjdhjk,2026-08-22 16:56:23,342.0,0.0,0.0,0.0,0.0,0.0,0.0,1.0,
2026-08-25 19:30:03,BV1ci8163ECY,17,BV1ci8163ECY,自测勿点,不完美是常态_,2026-08-22 15:39:32,51.0,0.0,0.0,0.0,0.0,0.0,0.0,1.0,
2026-08-25 19:30:03,BV1dw816YEau,18,,失败,,,,,,,,,,,62012.0
2026-08-25 19:30:03,BV1jg8S6yEuV,19,BV1jg8S6yEuV,自测视频,only筱筱,2026-08-22 23:58:01,243.0,1.0,0.0,0.0,0.0,0.0,0.0,1.0,
2026-08-25 19:30:03,BV1z6816qEbo,20,BV1z6816qEbo,自用,dddii点点,2026-08-22 16:38:15,229.0,1.0,0.0,0.0,0.0,0.0,0.0,1.0,
2026-08-25 19:30:03,BV1eM8168E9p,21,BV1eM8168E9p,自测勿点！！！！,dd鱿鱼须,2026-08-22 16:39:08,180.0,0.0,0.0,1.0,0.0,0.0,0.0,1.0,
2026-08-25 19:30:03,BV14i8M61EdN,22,BV14i8M61EdN,sz,我素质低你让让我,2026-08-21 12:22:44,259.0,1.0,0.0,0.0,0.0,1.0,0.0,1.0,
2026-08-25 19:30:03,BV12A826QEK4,23,BV12A826QEK4,自测 禁点,哈哈哈哈哈11_,2026-08-22 15:15:37,97.0,0.0,0.0,0.0,0.0,0.0,0.0,1.0,
2026-08-25 19:30:03,BV1St8S6wE33,24,BV1St8S6wE33,自测哦,半夏哒哒哒,2026-08-23 00:18:35,147.0,0.0,0.0,0.0,0.0,0.0,0.0,1.0,
2026-08-25 19:30:03,BV1bwbh65Eh7,25,BV1bwbh65Eh7,自测视频！勿点0817,摸鱼堡成员,2026-08-17 09:36:15,453.0,1.0,0.0,0.0,0.0,0.0,0.0,1.0,
2026-08-25 19:30:03,BV15B8r6WEQ3,26,BV15B8r6WEQ3,8.22自测勿点,刘海打歪了,2026-08-22 09:19:46,53.0,0.0,0.0,0.0,0.0,0.0,0.0,1.0,
2026-08-25 19:30:03,BV1ET8S62EvB,27,BV1ET8S62EvB,【牛小Bala】视频已打包，欢迎围观！,牛小Bala,2026-08-22 23:47:03,198.0,0.0,0.0,0.0,0.0,0.0,0.0,1.0,
2026-08-25 19:30:03,BV1kS8y6kEA8,28,BV1kS8y6kEA8,自测 勿点,MENYAOOO,2026-08-22 18:41:15,182.0,0.0,0.0,0.0,0.0,0.0,0.0,1.0,
2026-08-25 19:30:03,BV1pX8y66ELf,29,BV1pX8y66ELf,自测请勿点击,风枷锁,2026-08-22 18:47:46,187.0,1.0,0.0,1.0,0.0,0.0,0.0,1.0,
2026-08-25 19:30:03,BV1uz8y6JEAr,30,BV1uz8y6JEAr,【起司不是qs】第一支视频求三连！,起司不是qs,2026-08-22 18:20:23,180.0,0.0,0.0,0.0,0.0,0.0,0.0,1.0,
2026-08-25 19:30:03,BV1mx8m6REbb,31,BV1mx8m6REbb,自测,甜奶味羊咩,2026-08-22 20:49:17,42.0,0.0,0.0,0.0,0.0,0.0,0.0,1.0,
2026-08-25 19:30:03,BV1du8S65E6x,32,BV1du8S65E6x,测测测,羊咩_0601,2026-08-23 00:02:02,53.0,0.0,0.0,0.0,0.0,0.0,0.0,1.0,
2026-08-25 19:30:03,BV1hn8m6FEcd,33,BV1hn8m6FEcd,自测勿点,哇哦哦噢噢噢哦,2026-08-22 21:06:21,33.0,0.0,0.0,0.0,0.0,0.0,0.0,1.0,
2026-08-25 19:30:03,BV1DE8m68E2D,34,,失败,,,,,,,,,,,62012.0
2026-08-25 19:30:03,BV1jM8m6MEoA,35,BV1jM8m6MEoA,自测，勿点进,Camellia不是cc,2026-08-22 20:29:58,9.0,0.0,0.0,1.0,0.0,0.0,0.0,1.0,
2026-08-25 19:30:03,BV1gE8m6hEJ2,36,BV1gE8m6hEJ2,自测勿点,萌羊叫眠羊,2026-08-22 21:11:17,5.0,0.0,0.0,0.0,0.0,0.0,0.0,1.0,
2026-08-25 19:30:03,BV15V8S6kEYA,37,BV15V8S6kEYA,自测,kuaiqushuijiaoba,2026-08-22 23:32:08,46.0,0.0,0.0,0.0,0.0,0.0,0.0,1.0,
2026-08-25 19:30:03,BV1vG8S6VEgc,38,BV1vG8S6VEgc,8.23自测,萌是天生命TvT,2026-08-22 23:34:07,176.0,0.0,0.0,1.0,0.0,0.0,0.0,1.0,
2026-08-25 19:30:03,BV1Zg8S6CEu5,39,BV1Zg8S6CEu5,自测勿点3,北纬咩雪刊,2026-08-22 23:54:46,57.0,0.0,0.0,0.0,0.0,0.0,0.0,1.0,
2026-08-25 19:30:03,BV1s8BvBPEN5,40,BV1s8BvBPEN5,【杨博文｜4K舞台直拍】好运来祝你好运来～博文宝宝祝你新年好运来,关键时刻来瓶尖叫,2025-12-27 00:43:12,1915723.0,35064.0,17132.0,32456.0,19592.0,4339.0,4874.0,1.0,
2026-08-25 19:30:03,BV1XA6nBGEPV,41,BV1XA6nBGEPV,【4K精剪】希区考克 作品152 | 杨博文直拍 | 260131,underthepoplar,2026-02-01 00:23:17,1946020.0,24107.0,22530.0,20197.0,19011.0,4022.0,6938.0,1.0,
2026-08-25 19:30:03,BV1Phbr6NE8u,42,BV1Phbr6NE8u,【杨博文｜4K多机位直拍】管他什么音乐,Eternity丨杨博文,2026-08-18 12:37:02,1893.0,590.0,182.0,211.0,3.0,9.0,8.0,1.0,
2026-08-25 19:30:03,BV1mX8z6NEzz,43,BV1mX8z6NEzz,【4K精剪】管他什么音乐 | 杨博文直拍 | 260816,underthepoplar,2026-08-22 04:21:09,11654.0,2598.0,1385.0,1323.0,33.0,46.0,67.0,7.0,
2026-08-25 19:30:03,BV1qHbb6QErY,44,BV1qHbb6QErY,杨博文｜260816第肆象限attention<4k精剪>,61strawberry,2026-08-17 06:33:44,8904.0,1583.0,400.0,1079.0,7.0,11.0,16.0,3.0,
2026-08-25 19:30:03,BV1hibB6PEH5,45,BV1hibB6PEH5,【杨博文｜4k直拍】《春雪》我想爱你浅浅不停息～,关键时刻来瓶尖叫,2026-08-18 02:28:40,12389.0,2069.0,435.0,1263.0,5.0,20.0,67.0,1.0,
2026-08-25 19:30:03,BV1N6bi6XE5B,46,BV1N6bi6XE5B,【杨博文】骨骼谢幕丨横屏直拍丨三机位4k字幕版,Kismet丨杨博文,2026-08-17 22:20:49,41849.0,5138.0,1695.0,3316.0,1420.0,72.0,461.0,1.0,
2026-08-25 19:30:03,BV1Gggg6kEhv,47,BV1Gggg6kEhv,【杨博文｜4k直拍】溜溜的她 直拍,关键时刻来瓶尖叫,2026-08-15 05:41:55,58481.0,6144.0,1256.0,4033.0,27.0,20.0,154.0,1.0,
2026-08-25 19:30:03,BV15egs6pEJp,48,BV15egs6pEJp,杨博文｜Whiplash 2机位精剪 直拍 fancam｜4K60｜260813,LOST_杨博文,2026-08-13 23:03:07,87103.0,8274.0,1891.0,6145.0,62.0,69.0,244.0,1.0,
2026-08-25 19:30:03,BV1rqgW6hEvv,49,BV1rqgW6hEvv,【杨博文｜4k直拍】100Ways 直拍,关键时刻来瓶尖叫,2026-08-14 01:41:46,25952.0,3684.0,1466.0,2673.0,36.0,36.0,226.0,3.0,
2026-08-25 19:30:03,BV1b5uf6gEhd,50,BV1b5uf6gEhd,【杨博文】100ways丨直拍双机位丨8.13&14两日精剪,Kismet丨杨博文,2026-08-14 04:12:18,17182.0,2695.0,841.0,1841.0,18.0,17.0,89.0,2.0,
2026-08-25 19:30:03,BV1vCuf6nErK,51,BV1vCuf6nErK,【杨博文】100ways 4k直拍｜力量感爆发气场全开,游园会_杨博文,2026-08-14 03:20:46,13444.0,2271.0,613.0,1612.0,11.0,19.0,40.0,1.0,
2026-08-25 19:30:03,BV16zgA6zEkE,52,BV16zgA6zEkE,【杨博文｜4K】Whiplash 四机位精剪直拍,Eternity丨杨博文,2026-08-14 11:25:47,19205.0,4753.0,1074.0,2002.0,36.0,65.0,170.0,1.0,
2026-08-25 19:30:03,BV1Gigw6XEXN,53,BV1Gigw6XEXN,杨博文｜醉拳 3机位精剪 直拍 fancam｜4K60｜260813,LOST_杨博文,2026-08-14 13:11:22,31241.0,4901.0,2359.0,2827.0,1746.0,56.0,295.0,1.0,
2026-08-25 19:30:03,BV1k9gw6gE4U,54,BV1k9gw6gE4U,「杨博文｜爱的初体验」是不是我的十六岁 注定要为__流泪,Astra_杨博文,2026-08-14 13:49:20,18616.0,2390.0,644.0,1517.0,21.0,13.0,94.0,2.0,
2026-08-25 19:50:03,https://www.bilibili.com/video/BV1GdgW6JEe9/?spm_id_from=333.1387.favlist.content.click&vd_source=406d0cf895bedbdc58a3d0130d55e34c,0,BV1GdgW6JEe9,【杨博文｜4k直拍】Whiplash 双日直拍混剪,关键时刻来瓶尖叫,2026-08-13 23:45:41,226869.0,28345.0,22902.0,21687.0,7020.0,4720.0,8211.0,19.0,
2026-08-25 19:50:03,https://www.bilibili.com/video/BV1W5gs6KEhr/?spm_id_from=333.1387.favlist.content.click&vd_source=406d0cf895bedbdc58a3d0130d55e34c,1,BV1W5gs6KEhr,【4K精剪】异常加载中 | 杨博文直拍 | 260813,underthepoplar,2026-08-13 22:44:57,188531.0,23521.0,15860.0,17448.0,6313.0,7405.0,8643.0,13.0,
2026-08-25 19:50:03,https://www.bilibili.com/video/BV1VFbd6QEjw/spm_id_from=333.1387.favlist.content.click&vd_source=406d0cf895bedbdc58a3d0130d55e34c,2,BV1VFbd6QEjw,【杨博文｜4k直拍】管他什么音乐 直拍,关键时刻来瓶尖叫,2026-08-16 23:08:52,85912.0,6033.0,3562.0,4669.0,2683.0,562.0,30.0,4.0,
2026-08-25 19:50:03,https://www.bilibili.com/video/BV1xebR6zEkr/?spm_id_from=333.1387.favlist.content.click&vd_source=406d0cf895bedbdc58a3d0130d55e34c,3,BV1xebR6zEkr,【4K精剪】Attention | 杨博文直拍 | 260816,underthepoplar,2026-08-16 23:54:18,195077.0,16735.0,10461.0,13890.0,3192.0,1746.0,2833.0,35.0,
2026-08-25 19:50:03,https://www.bilibili.com/video/BV1s3gs6MEej/?spm_id_from=333.1387.favlist.content.click&vd_source=406d0cf895bedbdc58a3d0130d55e34c,4,BV1s3gs6MEej,【杨博文｜4k直拍】爱的初体验 直拍,关键时刻来瓶尖叫,2026-08-13 22:46:37,120430.0,12844.0,6786.0,9885.0,3478.0,523.0,2531.0,7.0,
2026-08-25 19:50:03,https://www.bilibili.com/video/BV1E2bR6hEJR/?spm_id_from=333.1387.favlist.content.click&vd_source=406d0cf895bedbdc58a3d0130d55e34c,5,BV1E2bR6hEJR,【杨博文】Attention丨直拍横屏丨16岁高中生内娱主舞的舞台掌控力丨8.16双机位4k精剪,Kismet丨杨博文,2026-08-16 22:13:05,266310.0,29074.0,14281.0,20278.0,4442.0,10032.0,11980.0,208.0,
2026-08-25 19:50:03,https://www.bilibili.com/video/BV1Rib96EE3F/?spm_id_from=333.1387.favlist.content.click&vd_source=406d0cf895bedbdc58a3d0130d55e34c,6,BV1Rib96EE3F,260816 【杨博文】春雪  竖屏4k直拍,meetsummer丨杨博文,2026-08-17 01:54:42,46083.0,9080.0,3558.0,4846.0,1861.0,723.0,740.0,3.0,
2026-08-25 19:50:03,https://www.bilibili.com/video/BV18jgg6BEAd/?spm_id_from=333.1387.favlist.content.click&vd_source=406d0cf895bedbdc58a3d0130d55e34c,7,BV18jgg6BEAd,【4K精剪】摇曳！摇曳！ | 杨博文直拍 | 260813 & 260814,underthepoplar,2026-08-15 13:26:46,71332.0,10265.0,7321.0,6757.0,2900.0,463.0,1163.0,13.0,
2026-08-25 19:50:03,https://www.bilibili.com/video/BV1A5vkB2E1k/?spm_id_from=333.1387.favlist.content.click&vd_source=406d0cf895bedbdc58a3d0130d55e34c,8,BV1A5vkB2E1k,【杨博文】Hey Mama六机位纯舞直拍丨15岁舞台统治者的诞生，四代主舞燃炸全场！,Kismet丨杨博文,2025-12-28 22:28:16,2810478.0,65711.0,45914.0,48037.0,27864.0,13672.0,22021.0,1.0,
2026-08-25 19:50:03,https://www.bilibili.com/video/BV1mJ64BREZY/?spm_id_from=333.337.search-card.all.click&vd_source=406d0cf895bedbdc58a3d0130d55e34c,9,BV1mJ64BREZY,【杨博文】闭嘴跳舞丨当主舞穿上西装就会得到,Kismet丨杨博文,2026-02-01 18:31:00,622246.0,35183.0,4043.0,25442.0,8600.0,447.0,654.0,1.0,
2026-08-25 19:50:03,BV1Qu816ZEoy,10,BV1Qu816ZEoy,测试用，勿点，谢谢,猫球不是毛球啊,2026-08-22 16:55:19,165.0,2.0,0.0,0.0,0.0,0.0,0.0,1.0,
2026-08-25 19:50:03,BV1Vd8B65EkU,11,BV1Vd8B65EkU,0822.3,dddddash6,2026-08-21 21:49:36,113.0,0.0,0.0,1.0,0.0,0.0,0.0,1.0,
2026-08-25 19:50:03,BV1fT8S61Ejo,12,BV1fT8S61Ejo,十一（23）,爱动手的法学生,2026-08-22 23:46:38,125.0,0.0,0.0,0.0,0.0,0.0,0.0,1.0,
2026-08-25 19:50:03,BV1bf816sE8P,13,BV1bf816sE8P,自测，误点,橙子小姐_sheep,2026-08-22 14:38:54,157.0,0.0,0.0,2.0,0.0,0.0,0.0,1.0,
2026-08-25 19:50:03,BV1Te8K6uEJt,14,BV1Te8K6uEJt,勿进勿进勿进！自测 安卓0821,cannndy_,2026-08-21 08:57:55,162.0,0.0,0.0,1.0,0.0,0.0,0.0,1.0,
2026-08-25 19:50:03,BV1au816oEjs,15,BV1au816oEjs,手机自测,熙熙哈哈oO,2026-08-22 16:55:10,339.0,0.0,0.0,0.0,0.0,0.0,0.0,1.0,
2026-08-25 19:50:03,BV1qw816eE1d,16,BV1qw816eE1d,8.22 自测视频 勿点,dgsaydhakjdhjk,2026-08-22 16:56:23,342.0,0.0,0.0,0.0,0.0,0.0,0.0,1.0,
2026-08-25 19:50:03,BV1ci8163ECY,17,BV1ci8163ECY,自测勿点,不完美是常态_,2026-08-22 15:39:32,51.0,0.0,0.0,0.0,0.0,0.0,0.0,1.0,
2026-08-25 19:50:03,BV1dw816YEau,18,,失败,,,,,,,,,,,62012.0
2026-08-25 19:50:03,BV1jg8S6yEuV,19,BV1jg8S6yEuV,自测视频,only筱筱,2026-08-22 23:58:01,243.0,1.0,0.0,0.0,0.0,0.0,0.0,1.0,
2026-08-25 19:50:03,BV1z6816qEbo,20,BV1z6816qEbo,自用,dddii点点,2026-08-22 16:38:15,229.0,1.0,0.0,0.0,0.0,0.0,0.0,1.0,
2026-08-25 19:50:03,BV1eM8168E9p,21,BV1eM8168E9p,自测勿点！！！！,dd鱿鱼须,2026-08-22 16:39:08,180.0,0.0,0.0,1.0,0.0,0.0,0.0,1.0,
2026-08-25 19:50:03,BV14i8M61EdN,22,BV14i8M61EdN,sz,我素质低你让让我,2026-08-21 12:22:44,259.0,1.0,0.0,0.0,0.0,1.0,0.0,1.0,
2026-08-25 19:50:03,BV12A826QEK4,23,BV12A826QEK4,自测 禁点,哈哈哈哈哈11_,2026-08-22 15:15:37,101.0,0.0,0.0,0.0,0.0,0.0,0.0,1.0,
2026-08-25 19:50:03,BV1St8S6wE33,24,BV1St8S6wE33,自测哦,半夏哒哒哒,2026-08-23 00:18:35,147.0,0.0,0.0,0.0,0.0,0.0,0.0,1.0,
2026-08-25 19:50:03,BV1bwbh65Eh7,25,BV1bwbh65Eh7,自测视频！勿点0817,摸鱼堡成员,2026-08-17 09:36:15,455.0,1.0,0.0,0.0,0.0,0.0,0.0,1.0,
2026-08-25 19:50:03,BV15B8r6WEQ3,26,BV15B8r6WEQ3,8.22自测勿点,刘海打歪了,2026-08-22 09:19:46,53.0,0.0,0.0,0.0,0.0,0.0,0.0,1.0,
2026-08-25 19:50:03,BV1ET8S62EvB,27,BV1ET8S62EvB,【牛小Bala】视频已打包，欢迎围观！,牛小Bala,2026-08-22 23:47:03,198.0,0.0,0.0,0.0,0.0,0.0,0.0,1.0,
2026-08-25 19:50:03,BV1kS8y6kEA8,28,BV1kS8y6kEA8,自测 勿点,MENYAOOO,2026-08-22 18:41:15,182.0,0.0,0.0,0.0,0.0,0.0,0.0,1.0,
2026-08-25 19:50:03,BV1pX8y66ELf,29,BV1pX8y66ELf,自测请勿点击,风枷锁,2026-08-22 18:47:46,187.0,1.0,0.0,1.0,0.0,0.0,0.0,1.0,
2026-08-25 19:50:03,BV1uz8y6JEAr,30,BV1uz8y6JEAr,【起司不是qs】第一支视频求三连！,起司不是qs,2026-08-22 18:20:23,180.0,0.0,0.0,0.0,0.0,0.0,0.0,1.0,
2026-08-25 19:50:03,BV1mx8m6REbb,31,BV1mx8m6REbb,自测,甜奶味羊咩,2026-08-22 20:49:17,43.0,0.0,0.0,0.0,0.0,0.0,0.0,1.0,
2026-08-25 19:50:03,BV1du8S65E6x,32,BV1du8S65E6x,测测测,羊咩_0601,2026-08-23 00:02:02,53.0,0.0,0.0,0.0,0.0,0.0,0.0,1.0,
2026-08-25 19:50:03,BV1hn8m6FEcd,33,BV1hn8m6FEcd,自测勿点,哇哦哦噢噢噢哦,2026-08-22 21:06:21,33.0,0.0,0.0,0.0,0.0,0.0,0.0,1.0,
2026-08-25 19:50:03,BV1DE8m68E2D,34,,失败,,,,,,,,,,,62012.0
2026-08-25 19:50:03,BV1jM8m6MEoA,35,BV1jM8m6MEoA,自测，勿点进,Camellia不是cc,2026-08-22 20:29:58,9.0,0.0,0.0,1.0,0.0,0.0,0.0,1.0,
2026-08-25 19:50:03,BV1gE8m6hEJ2,36,BV1gE8m6hEJ2,自测勿点,萌羊叫眠羊,2026-08-22 21:11:17,5.0,0.0,0.0,0.0,0.0,0.0,0.0,1.0,
2026-08-25 19:50:03,BV15V8S6kEYA,37,BV15V8S6kEYA,自测,kuaiqushuijiaoba,2026-08-22 23:32:08,46.0,0.0,0.0,0.0,0.0,0.0,0.0,1.0,
2026-08-25 19:50:03,BV1vG8S6VEgc,38,BV1vG8S6VEgc,8.23自测,萌是天生命TvT,2026-08-22 23:34:07,176.0,0.0,0.0,1.0,0.0,0.0,0.0,1.0,
2026-08-25 19:50:03,BV1Zg8S6CEu5,39,BV1Zg8S6CEu5,自测勿点3,北纬咩雪刊,2026-08-22 23:54:46,57.0,0.0,0.0,0.0,0.0,0.0,0.0,1.0,
2026-08-25 19:50:03,BV1s8BvBPEN5,40,BV1s8BvBPEN5,【杨博文｜4K舞台直拍】好运来祝你好运来～博文宝宝祝你新年好运来,关键时刻来瓶尖叫,2025-12-27 00:43:12,1915727.0,35064.0,17132.0,32455.0,19592.0,4339.0,4874.0,1.0,
2026-08-25 19:50:03,BV1XA6nBGEPV,41,BV1XA6nBGEPV,【4K精剪】希区考克 作品152 | 杨博文直拍 | 260131,underthepoplar,2026-02-01 00:23:17,1946026.0,24107.0,22530.0,20196.0,19011.0,4022.0,6938.0,1.0,
2026-08-25 19:50:03,BV1Phbr6NE8u,42,BV1Phbr6NE8u,【杨博文｜4K多机位直拍】管他什么音乐,Eternity丨杨博文,2026-08-18 12:37:02,1893.0,591.0,182.0,211.0,3.0,9.0,8.0,1.0,
2026-08-25 19:50:03,BV1mX8z6NEzz,43,BV1mX8z6NEzz,【4K精剪】管他什么音乐 | 杨博文直拍 | 260816,underthepoplar,2026-08-22 04:21:09,11761.0,2606.0,1387.0,1328.0,33.0,46.0,67.0,16.0,
2026-08-25 19:50:03,BV1qHbb6QErY,44,BV1qHbb6QErY,杨博文｜260816第肆象限attention<4k精剪>,61strawberry,2026-08-17 06:33:44,8953.0,1585.0,400.0,1079.0,7.0,11.0,16.0,7.0,
2026-08-25 19:50:03,BV1hibB6PEH5,45,BV1hibB6PEH5,【杨博文｜4k直拍】《春雪》我想爱你浅浅不停息～,关键时刻来瓶尖叫,2026-08-18 02:28:40,12394.0,2069.0,435.0,1263.0,5.0,20.0,70.0,1.0,
2026-08-25 19:50:03,BV1N6bi6XE5B,46,BV1N6bi6XE5B,【杨博文】骨骼谢幕丨横屏直拍丨三机位4k字幕版,Kismet丨杨博文,2026-08-17 22:20:49,41866.0,5140.0,1695.0,3317.0,1420.0,72.0,461.0,6.0,
2026-08-25 19:50:03,BV1Gggg6kEhv,47,BV1Gggg6kEhv,【杨博文｜4k直拍】溜溜的她 直拍,关键时刻来瓶尖叫,2026-08-15 05:41:55,58521.0,6146.0,1256.0,4035.0,27.0,20.0,154.0,1.0,
2026-08-25 19:50:03,BV15egs6pEJp,48,BV15egs6pEJp,杨博文｜Whiplash 2机位精剪 直拍 fancam｜4K60｜260813,LOST_杨博文,2026-08-13 23:03:07,87166.0,8277.0,1891.0,6146.0,62.0,69.0,244.0,8.0,
2026-08-25 19:50:03,BV1rqgW6hEvv,49,BV1rqgW6hEvv,【杨博文｜4k直拍】100Ways 直拍,关键时刻来瓶尖叫,2026-08-14 01:41:46,26002.0,3685.0,1467.0,2674.0,36.0,36.0,226.0,10.0,
2026-08-25 19:50:03,BV1b5uf6gEhd,50,BV1b5uf6gEhd,【杨博文】100ways丨直拍双机位丨8.13&14两日精剪,Kismet丨杨博文,2026-08-14 04:12:18,17195.0,2696.0,841.0,1842.0,18.0,17.0,89.0,3.0,
2026-08-25 19:50:03,BV1vCuf6nErK,51,BV1vCuf6nErK,【杨博文】100ways 4k直拍｜力量感爆发气场全开,游园会_杨博文,2026-08-14 03:20:46,13450.0,2271.0,613.0,1612.0,11.0,19.0,40.0,1.0,
2026-08-25 19:50:03,BV16zgA6zEkE,52,BV16zgA6zEkE,【杨博文｜4K】Whiplash 四机位精剪直拍,Eternity丨杨博文,2026-08-14 11:25:47,19231.0,4756.0,1074.0,2003.0,36.0,65.0,170.0,1.0,
2026-08-25 19:50:03,BV1Gigw6XEXN,53,BV1Gigw6XEXN,杨博文｜醉拳 3机位精剪 直拍 fancam｜4K60｜260813,LOST_杨博文,2026-08-14 13:11:22,31246.0,4901.0,2359.0,2827.0,1746.0,56.0,295.0,1.0,
2026-08-25 19:50:03,BV1k9gw6gE4U,54,BV1k9gw6gE4U,「杨博文｜爱的初体验」是不是我的十六岁 注定要为__流泪,Astra_杨博文,2026-08-14 13:49:20,18681.0,2392.0,644.0,1519.0,21.0,13.0,94.0,9.0,
2026-08-25 20:00:02,https://www.bilibili.com/video/BV1GdgW6JEe9/?spm_id_from=333.1387.favlist.content.click&vd_source=406d0cf895bedbdc58a3d0130d55e34c,0,BV1GdgW6JEe9,【杨博文｜4k直拍】Whiplash 双日直拍混剪,关键时刻来瓶尖叫,2026-08-13 23:45:41,226955.0,28348.0,22902.0,21692.0,7020.0,4730.0,8211.0,18.0,
2026-08-25 20:00:02,https://www.bilibili.com/video/BV1W5gs6KEhr/?spm_id_from=333.1387.favlist.content.click&vd_source=406d0cf895bedbdc58a3d0130d55e34c,1,BV1W5gs6KEhr,【4K精剪】异常加载中 | 杨博文直拍 | 260813,underthepoplar,2026-08-13 22:44:57,188578.0,23523.0,15861.0,17450.0,6313.0,7405.0,8643.0,11.0,
2026-08-25 20:00:02,https://www.bilibili.com/video/BV1VFbd6QEjw/spm_id_from=333.1387.favlist.content.click&vd_source=406d0cf895bedbdc58a3d0130d55e34c,2,BV1VFbd6QEjw,【杨博文｜4k直拍】管他什么音乐 直拍,关键时刻来瓶尖叫,2026-08-16 23:08:52,85916.0,6033.0,3562.0,4669.0,2683.0,562.0,30.0,4.0,
2026-08-25 20:00:02,https://www.bilibili.com/video/BV1xebR6zEkr/?spm_id_from=333.1387.favlist.content.click&vd_source=406d0cf895bedbdc58a3d0130d55e34c,3,BV1xebR6zEkr,【4K精剪】Attention | 杨博文直拍 | 260816,underthepoplar,2026-08-16 23:54:18,195266.0,16748.0,10465.0,13901.0,3193.0,1748.0,2833.0,31.0,
2026-08-25 20:00:02,https://www.bilibili.com/video/BV1s3gs6MEej/?spm_id_from=333.1387.favlist.content.click&vd_source=406d0cf895bedbdc58a3d0130d55e34c,4,BV1s3gs6MEej,【杨博文｜4k直拍】爱的初体验 直拍,关键时刻来瓶尖叫,2026-08-13 22:46:37,120459.0,12845.0,6786.0,9885.0,3478.0,523.0,2531.0,6.0,
2026-08-25 20:00:02,https://www.bilibili.com/video/BV1E2bR6hEJR/?spm_id_from=333.1387.favlist.content.click&vd_source=406d0cf895bedbdc58a3d0130d55e34c,5,BV1E2bR6hEJR,【杨博文】Attention丨直拍横屏丨16岁高中生内娱主舞的舞台掌控力丨8.16双机位4k精剪,Kismet丨杨博文,2026-08-16 22:13:05,266415.0,29084.0,14285.0,20285.0,4444.0,10038.0,11985.0,212.0,
2026-08-25 20:00:02,https://www.bilibili.com/video/BV1Rib96EE3F/?spm_id_from=333.1387.favlist.content.click&vd_source=406d0cf895bedbdc58a3d0130d55e34c,6,BV1Rib96EE3F,260816 【杨博文】春雪  竖屏4k直拍,meetsummer丨杨博文,2026-08-17 01:54:42,46113.0,9081.0,3558.0,4847.0,1861.0,723.0,740.0,2.0,
2026-08-25 20:00:02,https://www.bilibili.com/video/BV18jgg6BEAd/?spm_id_from=333.1387.favlist.content.click&vd_source=406d0cf895bedbdc58a3d0130d55e34c,7,BV18jgg6BEAd,【4K精剪】摇曳！摇曳！ | 杨博文直拍 | 260813 & 260814,underthepoplar,2026-08-15 13:26:46,71365.0,10268.0,7321.0,6758.0,2900.0,463.0,1163.0,12.0,
2026-08-25 20:00:02,https://www.bilibili.com/video/BV1A5vkB2E1k/?spm_id_from=333.1387.favlist.content.click&vd_source=406d0cf895bedbdc58a3d0130d55e34c,8,BV1A5vkB2E1k,【杨博文】Hey Mama六机位纯舞直拍丨15岁舞台统治者的诞生，四代主舞燃炸全场！,Kismet丨杨博文,2025-12-28 22:28:16,2810493.0,65711.0,45914.0,48038.0,27864.0,13672.0,22021.0,2.0,
2026-08-25 20:00:02,https://www.bilibili.com/video/BV1mJ64BREZY/?spm_id_from=333.337.search-card.all.click&vd_source=406d0cf895bedbdc58a3d0130d55e34c,9,BV1mJ64BREZY,【杨博文】闭嘴跳舞丨当主舞穿上西装就会得到,Kismet丨杨博文,2026-02-01 18:31:00,622247.0,35183.0,4043.0,25442.0,8600.0,447.0,654.0,1.0,
2026-08-25 20:00:02,BV1Qu816ZEoy,10,BV1Qu816ZEoy,测试用，勿点，谢谢,猫球不是毛球啊,2026-08-22 16:55:19,165.0,2.0,0.0,0.0,0.0,0.0,0.0,1.0,
2026-08-25 20:00:02,BV1Vd8B65EkU,11,BV1Vd8B65EkU,0822.3,dddddash6,2026-08-21 21:49:36,113.0,0.0,0.0,1.0,0.0,0.0,0.0,1.0,
2026-08-25 20:00:02,BV1fT8S61Ejo,12,BV1fT8S61Ejo,十一（23）,爱动手的法学生,2026-08-22 23:46:38,125.0,0.0,0.0,0.0,0.0,0.0,0.0,1.0,
2026-08-25 20:00:02,BV1bf816sE8P,13,BV1bf816sE8P,自测，误点,橙子小姐_sheep,2026-08-22 14:38:54,157.0,0.0,0.0,2.0,0.0,0.0,0.0,1.0,
2026-08-25 20:00:02,BV1Te8K6uEJt,14,BV1Te8K6uEJt,勿进勿进勿进！自测 安卓0821,cannndy_,2026-08-21 08:57:55,162.0,0.0,0.0,1.0,0.0,0.0,0.0,1.0,
2026-08-25 20:00:02,BV1au816oEjs,15,BV1au816oEjs,手机自测,熙熙哈哈oO,2026-08-22 16:55:10,340.0,0.0,0.0,0.0,0.0,0.0,0.0,1.0,
2026-08-25 20:00:02,BV1qw816eE1d,16,BV1qw816eE1d,8.22 自测视频 勿点,dgsaydhakjdhjk,2026-08-22 16:56:23,342.0,0.0,0.0,0.0,0.0,0.0,0.0,1.0,
2026-08-25 20:00:02,BV1ci8163ECY,17,BV1ci8163ECY,自测勿点,不完美是常态_,2026-08-22 15:39:32,51.0,0.0,0.0,0.0,0.0,0.0,0.0,1.0,
2026-08-25 20:00:02,BV1dw816YEau,18,,失败,,,,,,,,,,,62012.0
2026-08-25 20:00:02,BV1jg8S6yEuV,19,BV1jg8S6yEuV,自测视频,only筱筱,2026-08-22 23:58:01,243.0,1.0,0.0,0.0,0.0,0.0,0.0,1.0,
2026-08-25 20:00:02,BV1z6816qEbo,20,BV1z6816qEbo,自用,dddii点点,2026-08-22 16:38:15,229.0,1.0,0.0,0.0,0.0,0.0,0.0,1.0,
2026-08-25 20:00:02,BV1eM8168E9p,21,BV1eM8168E9p,自测勿点！！！！,dd鱿鱼须,2026-08-22 16:39:08,180.0,0.0,0.0,1.0,0.0,0.0,0.0,1.0,
2026-08-25 20:00:02,BV14i8M61EdN,22,BV14i8M61EdN,sz,我素质低你让让我,2026-08-21 12:22:44,259.0,1.0,0.0,0.0,0.0,1.0,0.0,1.0,
2026-08-25 20:00:02,BV12A826QEK4,23,BV12A826QEK4,自测 禁点,哈哈哈哈哈11_,2026-08-22 15:15:37,103.0,0.0,0.0,0.0,0.0,0.0,0.0,1.0,
2026-08-25 20:00:02,BV1St8S6wE33,24,BV1St8S6wE33,自测哦,半夏哒哒哒,2026-08-23 00:18:35,147.0,0.0,0.0,0.0,0.0,0.0,0.0,1.0,
2026-08-25 20:00:02,BV1bwbh65Eh7,25,BV1bwbh65Eh7,自测视频！勿点0817,摸鱼堡成员,2026-08-17 09:36:15,456.0,1.0,0.0,0.0,0.0,0.0,0.0,1.0,
2026-08-25 20:00:02,BV15B8r6WEQ3,26,BV15B8r6WEQ3,8.22自测勿点,刘海打歪了,2026-08-22 09:19:46,53.0,0.0,0.0,0.0,0.0,0.0,0.0,1.0,
2026-08-25 20:00:02,BV1ET8S62EvB,27,BV1ET8S62EvB,【牛小Bala】视频已打包，欢迎围观！,牛小Bala,2026-08-22 23:47:03,198.0,0.0,0.0,0.0,0.0,0.0,0.0,1.0,
2026-08-25 20:00:02,BV1kS8y6kEA8,28,BV1kS8y6kEA8,自测 勿点,MENYAOOO,2026-08-22 18:41:15,182.0,0.0,0.0,0.0,0.0,0.0,0.0,1.0,
2026-08-25 20:00:02,BV1pX8y66ELf,29,BV1pX8y66ELf,自测请勿点击,风枷锁,2026-08-22 18:47:46,187.0,1.0,0.0,1.0,0.0,0.0,0.0,1.0,
2026-08-25 20:00:02,BV1uz8y6JEAr,30,BV1uz8y6JEAr,【起司不是qs】第一支视频求三连！,起司不是qs,2026-08-22 18:20:23,180.0,0.0,0.0,0.0,0.0,0.0,0.0,1.0,
2026-08-25 20:00:02,BV1mx8m6REbb,31,BV1mx8m6REbb,自测,甜奶味羊咩,2026-08-22 20:49:17,44.0,0.0,0.0,0.0,0.0,0.0,0.0,1.0,
2026-08-25 20:00:02,BV1du8S65E6x,32,BV1du8S65E6x,测测测,羊咩_0601,2026-08-23 00:02:02,53.0,0.0,0.0,0.0,0.0,0.0,0.0,1.0,
2026-08-25 20:00:02,BV1hn8m6FEcd,33,BV1hn8m6FEcd,自测勿点,哇哦哦噢噢噢哦,2026-08-22 21:06:21,33.0,0.0,0.0,0.0,0.0,0.0,0.0,1.0,
2026-08-25 20:00:02,BV1DE8m68E2D,34,,失败,,,,,,,,,,,62012.0
2026-08-25 20:00:02,BV1jM8m6MEoA,35,BV1jM8m6MEoA,自测，勿点进,Camellia不是cc,2026-08-22 20:29:58,9.0,0.0,0.0,1.0,0.0,0.0,0.0,1.0,
2026-08-25 20:00:02,BV1gE8m6hEJ2,36,BV1gE8m6hEJ2,自测勿点,萌羊叫眠羊,2026-08-22 21:11:17,5.0,0.0,0.0,0.0,0.0,0.0,0.0,1.0,
2026-08-25 20:00:02,BV15V8S6kEYA,37,BV15V8S6kEYA,自测,kuaiqushuijiaoba,2026-08-22 23:32:08,46.0,0.0,0.0,0.0,0.0,0.0,0.0,1.0,
2026-08-25 20:00:02,BV1vG8S6VEgc,38,BV1vG8S6VEgc,8.23自测,萌是天生命TvT,2026-08-22 23:34:07,176.0,0.0,0.0,1.0,0.0,0.0,0.0,1.0,
2026-08-25 20:00:02,BV1Zg8S6CEu5,39,BV1Zg8S6CEu5,自测勿点3,北纬咩雪刊,2026-08-22 23:54:46,57.0,0.0,0.0,0.0,0.0,0.0,0.0,1.0,
2026-08-25 20:00:02,BV1s8BvBPEN5,40,BV1s8BvBPEN5,【杨博文｜4K舞台直拍】好运来祝你好运来～博文宝宝祝你新年好运来,关键时刻来瓶尖叫,2025-12-27 00:43:12,1915729.0,35064.0,17132.0,32455.0,19592.0,4339.0,4874.0,1.0,
2026-08-25 20:00:02,BV1XA6nBGEPV,41,BV1XA6nBGEPV,【4K精剪】希区考克 作品152 | 杨博文直拍 | 260131,underthepoplar,2026-02-01 00:23:17,1946030.0,24107.0,22530.0,20196.0,19011.0,4022.0,6938.0,1.0,
2026-08-25 20:00:02,BV1Phbr6NE8u,42,BV1Phbr6NE8u,【杨博文｜4K多机位直拍】管他什么音乐,Eternity丨杨博文,2026-08-18 12:37:02,1893.0,591.0,182.0,211.0,3.0,9.0,8.0,1.0,
2026-08-25 20:00:02,BV1mX8z6NEzz,43,BV1mX8z6NEzz,【4K精剪】管他什么音乐 | 杨博文直拍 | 260816,underthepoplar,2026-08-22 04:21:09,11813.0,2610.0,1389.0,1334.0,33.0,46.0,67.0,11.0,
2026-08-25 20:00:02,BV1qHbb6QErY,44,BV1qHbb6QErY,杨博文｜260816第肆象限attention<4k精剪>,61strawberry,2026-08-17 06:33:44,8989.0,1586.0,400.0,1080.0,7.0,11.0,16.0,6.0,
2026-08-25 20:00:02,BV1hibB6PEH5,45,BV1hibB6PEH5,【杨博文｜4k直拍】《春雪》我想爱你浅浅不停息～,关键时刻来瓶尖叫,2026-08-18 02:28:40,12397.0,2070.0,435.0,1263.0,5.0,20.0,70.0,1.0,
2026-08-25 20:00:02,BV1N6bi6XE5B,46,BV1N6bi6XE5B,【杨博文】骨骼谢幕丨横屏直拍丨三机位4k字幕版,Kismet丨杨博文,2026-08-17 22:20:49,41874.0,5140.0,1695.0,3317.0,1420.0,72.0,461.0,1.0,
2026-08-25 20:00:02,BV1Gggg6kEhv,47,BV1Gggg6kEhv,【杨博文｜4k直拍】溜溜的她 直拍,关键时刻来瓶尖叫,2026-08-15 05:41:55,58546.0,6149.0,1256.0,4037.0,27.0,20.0,154.0,2.0,
2026-08-25 20:00:02,BV15egs6pEJp,48,BV15egs6pEJp,杨博文｜Whiplash 2机位精剪 直拍 fancam｜4K60｜260813,LOST_杨博文,2026-08-13 23:03:07,87202.0,8278.0,1891.0,6146.0,62.0,69.0,244.0,4.0,
2026-08-25 20:00:02,BV1rqgW6hEvv,49,BV1rqgW6hEvv,【杨博文｜4k直拍】100Ways 直拍,关键时刻来瓶尖叫,2026-08-14 01:41:46,26029.0,3685.0,1467.0,2674.0,36.0,36.0,226.0,10.0,
2026-08-25 20:00:02,BV1b5uf6gEhd,50,BV1b5uf6gEhd,【杨博文】100ways丨直拍双机位丨8.13&14两日精剪,Kismet丨杨博文,2026-08-14 04:12:18,17203.0,2697.0,843.0,1843.0,18.0,17.0,89.0,2.0,
2026-08-25 20:00:02,BV1vCuf6nErK,51,BV1vCuf6nErK,【杨博文】100ways 4k直拍｜力量感爆发气场全开,游园会_杨博文,2026-08-14 03:20:46,13453.0,2272.0,615.0,1613.0,11.0,19.0,40.0,1.0,
2026-08-25 20:00:02,BV16zgA6zEkE,52,BV16zgA6zEkE,【杨博文｜4K】Whiplash 四机位精剪直拍,Eternity丨杨博文,2026-08-14 11:25:47,19250.0,4762.0,1074.0,2007.0,36.0,65.0,170.0,2.0,
2026-08-25 20:00:02,BV1Gigw6XEXN,53,BV1Gigw6XEXN,杨博文｜醉拳 3机位精剪 直拍 fancam｜4K60｜260813,LOST_杨博文,2026-08-14 13:11:22,31247.0,4901.0,2359.0,2827.0,1746.0,56.0,295.0,1.0,
2026-08-25 20:00:02,BV1k9gw6gE4U,54,BV1k9gw6gE4U,「杨博文｜爱的初体验」是不是我的十六岁 注定要为__流泪,Astra_杨博文,2026-08-14 13:49:20,18712.0,2396.0,644.0,1521.0,21.0,13.0,95.0,9.0,
2026-08-25 20:30:03,https://www.bilibili.com/video/BV1GdgW6JEe9/?spm_id_from=333.1387.favlist.content.click&vd_source=406d0cf895bedbdc58a3d0130d55e34c,0,BV1GdgW6JEe9,【杨博文｜4k直拍】Whiplash 双日直拍混剪,关键时刻来瓶尖叫,2026-08-13 23:45:41,227165.0,28355.0,22902.0,21696.0,7021.0,4735.0,8213.0,18.0,
2026-08-25 20:30:03,https://www.bilibili.com/video/BV1W5gs6KEhr/?spm_id_from=333.1387.favlist.content.click&vd_source=406d0cf895bedbdc58a3d0130d55e34c,1,BV1W5gs6KEhr,【4K精剪】异常加载中 | 杨博文直拍 | 260813,underthepoplar,2026-08-13 22:44:57,188723.0,23533.0,15867.0,17456.0,6313.0,7406.0,8643.0,17.0,
2026-08-25 20:30:03,https://www.bilibili.com/video/BV1VFbd6QEjw/spm_id_from=333.1387.favlist.content.click&vd_source=406d0cf895bedbdc58a3d0130d55e34c,2,BV1VFbd6QEjw,【杨博文｜4k直拍】管他什么音乐 直拍,关键时刻来瓶尖叫,2026-08-16 23:08:52,85939.0,6036.0,3564.0,4671.0,2683.0,562.0,30.0,4.0,
2026-08-25 20:30:03,https://www.bilibili.com/video/BV1xebR6zEkr/?spm_id_from=333.1387.favlist.content.click&vd_source=406d0cf895bedbdc58a3d0130d55e34c,3,BV1xebR6zEkr,【4K精剪】Attention | 杨博文直拍 | 260816,underthepoplar,2026-08-16 23:54:18,195833.0,16783.0,10470.0,13936.0,3194.0,1750.0,2833.0,33.0,
2026-08-25 20:30:03,https://www.bilibili.com/video/BV1s3gs6MEej/?spm_id_from=333.1387.favlist.content.click&vd_source=406d0cf895bedbdc58a3d0130d55e34c,4,BV1s3gs6MEej,【杨博文｜4k直拍】爱的初体验 直拍,关键时刻来瓶尖叫,2026-08-13 22:46:37,120578.0,12846.0,6786.0,9886.0,3478.0,523.0,2531.0,11.0,
2026-08-25 20:30:03,https://www.bilibili.com/video/BV1E2bR6hEJR/?spm_id_from=333.1387.favlist.content.click&vd_source=406d0cf895bedbdc58a3d0130d55e34c,5,BV1E2bR6hEJR,【杨博文】Attention丨直拍横屏丨16岁高中生内娱主舞的舞台掌控力丨8.16双机位4k精剪,Kismet丨杨博文,2026-08-16 22:13:05,266765.0,29104.0,14290.0,20290.0,4446.0,10044.0,11990.0,201.0,
2026-08-25 20:30:03,https://www.bilibili.com/video/BV1Rib96EE3F/?spm_id_from=333.1387.favlist.content.click&vd_source=406d0cf895bedbdc58a3d0130d55e34c,6,BV1Rib96EE3F,260816 【杨博文】春雪  竖屏4k直拍,meetsummer丨杨博文,2026-08-17 01:54:42,46213.0,9089.0,3558.0,4849.0,1861.0,723.0,740.0,6.0,
2026-08-25 20:30:03,https://www.bilibili.com/video/BV18jgg6BEAd/?spm_id_from=333.1387.favlist.content.click&vd_source=406d0cf895bedbdc58a3d0130d55e34c,7,BV18jgg6BEAd,【4K精剪】摇曳！摇曳！ | 杨博文直拍 | 260813 & 260814,underthepoplar,2026-08-15 13:26:46,71427.0,10274.0,7323.0,6760.0,2900.0,464.0,1163.0,11.0,
2026-08-25 20:30:03,https://www.bilibili.com/video/BV1A5vkB2E1k/?spm_id_from=333.1387.favlist.content.click&vd_source=406d0cf895bedbdc58a3d0130d55e34c,8,BV1A5vkB2E1k,【杨博文】Hey Mama六机位纯舞直拍丨15岁舞台统治者的诞生，四代主舞燃炸全场！,Kismet丨杨博文,2025-12-28 22:28:16,2810537.0,65715.0,45918.0,48040.0,27864.0,13672.0,22021.0,3.0,
2026-08-25 20:30:03,https://www.bilibili.com/video/BV1mJ64BREZY/?spm_id_from=333.337.search-card.all.click&vd_source=406d0cf895bedbdc58a3d0130d55e34c,9,BV1mJ64BREZY,【杨博文】闭嘴跳舞丨当主舞穿上西装就会得到,Kismet丨杨博文,2026-02-01 18:31:00,622248.0,35183.0,4043.0,25441.0,8600.0,447.0,654.0,1.0,
2026-08-25 20:30:03,BV1Qu816ZEoy,10,BV1Qu816ZEoy,测试用，勿点，谢谢,猫球不是毛球啊,2026-08-22 16:55:19,165.0,2.0,0.0,0.0,0.0,0.0,0.0,1.0,
2026-08-25 20:30:03,BV1Vd8B65EkU,11,BV1Vd8B65EkU,0822.3,dddddash6,2026-08-21 21:49:36,113.0,0.0,0.0,1.0,0.0,0.0,0.0,1.0,
2026-08-25 20:30:03,BV1fT8S61Ejo,12,BV1fT8S61Ejo,十一（23）,爱动手的法学生,2026-08-22 23:46:38,125.0,0.0,0.0,0.0,0.0,0.0,0.0,1.0,
2026-08-25 20:30:03,BV1bf816sE8P,13,BV1bf816sE8P,自测，误点,橙子小姐_sheep,2026-08-22 14:38:54,157.0,0.0,0.0,2.0,0.0,0.0,0.0,1.0,
2026-08-25 20:30:03,BV1Te8K6uEJt,14,BV1Te8K6uEJt,勿进勿进勿进！自测 安卓0821,cannndy_,2026-08-21 08:57:55,162.0,0.0,0.0,1.0,0.0,0.0,0.0,1.0,
2026-08-25 20:30:03,BV1au816oEjs,15,BV1au816oEjs,手机自测,熙熙哈哈oO,2026-08-22 16:55:10,345.0,0.0,0.0,0.0,0.0,0.0,0.0,1.0,
2026-08-25 20:30:03,BV1qw816eE1d,16,BV1qw816eE1d,8.22 自测视频 勿点,dgsaydhakjdhjk,2026-08-22 16:56:23,342.0,0.0,0.0,0.0,0.0,0.0,0.0,1.0,
2026-08-25 20:30:03,BV1ci8163ECY,17,BV1ci8163ECY,自测勿点,不完美是常态_,2026-08-22 15:39:32,53.0,0.0,0.0,0.0,0.0,0.0,0.0,1.0,
2026-08-25 20:30:03,BV1dw816YEau,18,,失败,,,,,,,,,,,62012.0
2026-08-25 20:30:03,BV1jg8S6yEuV,19,BV1jg8S6yEuV,自测视频,only筱筱,2026-08-22 23:58:01,243.0,1.0,0.0,0.0,0.0,0.0,0.0,1.0,
2026-08-25 20:30:03,BV1z6816qEbo,20,BV1z6816qEbo,自用,dddii点点,2026-08-22 16:38:15,229.0,1.0,0.0,0.0,0.0,0.0,0.0,1.0,
2026-08-25 20:30:03,BV1eM8168E9p,21,BV1eM8168E9p,自测勿点！！！！,dd鱿鱼须,2026-08-22 16:39:08,180.0,0.0,0.0,1.0,0.0,0.0,0.0,1.0,
2026-08-25 20:30:03,BV14i8M61EdN,22,BV14i8M61EdN,sz,我素质低你让让我,2026-08-21 12:22:44,259.0,1.0,0.0,0.0,0.0,1.0,0.0,1.0,
2026-08-25 20:30:03,BV12A826QEK4,23,BV12A826QEK4,自测 禁点,哈哈哈哈哈11_,2026-08-22 15:15:37,107.0,0.0,0.0,0.0,0.0,0.0,0.0,1.0,
2026-08-25 20:30:03,BV1St8S6wE33,24,BV1St8S6wE33,自测哦,半夏哒哒哒,2026-08-23 00:18:35,147.0,0.0,0.0,0.0,0.0,0.0,0.0,1.0,
2026-08-25 20:30:03,BV1bwbh65Eh7,25,BV1bwbh65Eh7,自测视频！勿点0817,摸鱼堡成员,2026-08-17 09:36:15,461.0,1.0,0.0,0.0,0.0,0.0,0.0,1.0,
2026-08-25 20:30:03,BV15B8r6WEQ3,26,BV15B8r6WEQ3,8.22自测勿点,刘海打歪了,2026-08-22 09:19:46,53.0,0.0,0.0,0.0,0.0,0.0,0.0,1.0,
2026-08-25 20:30:03,BV1ET8S62EvB,27,BV1ET8S62EvB,【牛小Bala】视频已打包，欢迎围观！,牛小Bala,2026-08-22 23:47:03,198.0,0.0,0.0,0.0,0.0,0.0,0.0,1.0,
2026-08-25 20:30:03,BV1kS8y6kEA8,28,BV1kS8y6kEA8,自测 勿点,MENYAOOO,2026-08-22 18:41:15,182.0,0.0,0.0,0.0,0.0,0.0,0.0,1.0,
2026-08-25 20:30:03,BV1pX8y66ELf,29,BV1pX8y66ELf,自测请勿点击,风枷锁,2026-08-22 18:47:46,187.0,1.0,0.0,1.0,0.0,0.0,0.0,1.0,
2026-08-25 20:30:03,BV1uz8y6JEAr,30,BV1uz8y6JEAr,【起司不是qs】第一支视频求三连！,起司不是qs,2026-08-22 18:20:23,180.0,0.0,0.0,0.0,0.0,0.0,0.0,1.0,
2026-08-25 20:30:03,BV1mx8m6REbb,31,BV1mx8m6REbb,自测,甜奶味羊咩,2026-08-22 20:49:17,49.0,0.0,0.0,0.0,0.0,0.0,0.0,1.0,
2026-08-25 20:30:03,BV1du8S65E6x,32,BV1du8S65E6x,测测测,羊咩_0601,2026-08-23 00:02:02,53.0,0.0,0.0,0.0,0.0,0.0,0.0,1.0,
2026-08-25 20:30:03,BV1hn8m6FEcd,33,BV1hn8m6FEcd,自测勿点,哇哦哦噢噢噢哦,2026-08-22 21:06:21,33.0,0.0,0.0,0.0,0.0,0.0,0.0,1.0,
2026-08-25 20:30:03,BV1DE8m68E2D,34,,失败,,,,,,,,,,,62012.0
2026-08-25 20:30:03,BV1jM8m6MEoA,35,BV1jM8m6MEoA,自测，勿点进,Camellia不是cc,2026-08-22 20:29:58,9.0,0.0,0.0,1.0,0.0,0.0,0.0,1.0,
2026-08-25 20:30:03,BV1gE8m6hEJ2,36,BV1gE8m6hEJ2,自测勿点,萌羊叫眠羊,2026-08-22 21:11:17,5.0,0.0,0.0,0.0,0.0,0.0,0.0,1.0,
2026-08-25 20:30:03,BV15V8S6kEYA,37,BV15V8S6kEYA,自测,kuaiqushuijiaoba,2026-08-22 23:32:08,46.0,0.0,0.0,0.0,0.0,0.0,0.0,1.0,
2026-08-25 20:30:03,BV1vG8S6VEgc,38,BV1vG8S6VEgc,8.23自测,萌是天生命TvT,2026-08-22 23:34:07,176.0,0.0,0.0,1.0,0.0,0.0,0.0,1.0,
2026-08-25 20:30:03,BV1Zg8S6CEu5,39,BV1Zg8S6CEu5,自测勿点3,北纬咩雪刊,2026-08-22 23:54:46,57.0,0.0,0.0,0.0,0.0,0.0,0.0,1.0,
2026-08-25 20:30:03,BV1s8BvBPEN5,40,BV1s8BvBPEN5,【杨博文｜4K舞台直拍】好运来祝你好运来～博文宝宝祝你新年好运来,关键时刻来瓶尖叫,2025-12-27 00:43:12,1915738.0,35065.0,17132.0,32455.0,19592.0,4339.0,4874.0,1.0,
2026-08-25 20:30:03,BV1XA6nBGEPV,41,BV1XA6nBGEPV,【4K精剪】希区考克 作品152 | 杨博文直拍 | 260131,underthepoplar,2026-02-01 00:23:17,1946039.0,24107.0,22530.0,20196.0,19011.0,4022.0,6938.0,1.0,
2026-08-25 20:30:03,BV1Phbr6NE8u,42,BV1Phbr6NE8u,【杨博文｜4K多机位直拍】管他什么音乐,Eternity丨杨博文,2026-08-18 12:37:02,1893.0,590.0,182.0,211.0,3.0,9.0,8.0,1.0,
2026-08-25 20:30:03,BV1mX8z6NEzz,43,BV1mX8z6NEzz,【4K精剪】管他什么音乐 | 杨博文直拍 | 260816,underthepoplar,2026-08-22 04:21:09,11970.0,2619.0,1397.0,1340.0,34.0,46.0,67.0,16.0,
2026-08-25 20:30:03,BV1qHbb6QErY,44,BV1qHbb6QErY,杨博文｜260816第肆象限attention<4k精剪>,61strawberry,2026-08-17 06:33:44,9078.0,1588.0,400.0,1083.0,7.0,11.0,16.0,9.0,
2026-08-25 20:30:03,BV1hibB6PEH5,45,BV1hibB6PEH5,【杨博文｜4k直拍】《春雪》我想爱你浅浅不停息～,关键时刻来瓶尖叫,2026-08-18 02:28:40,12420.0,2072.0,436.0,1266.0,5.0,20.0,70.0,1.0,
2026-08-25 20:30:03,BV1N6bi6XE5B,46,BV1N6bi6XE5B,【杨博文】骨骼谢幕丨横屏直拍丨三机位4k字幕版,Kismet丨杨博文,2026-08-17 22:20:49,41899.0,5141.0,1695.0,3317.0,1420.0,72.0,461.0,2.0,
2026-08-25 20:30:03,BV1Gggg6kEhv,47,BV1Gggg6kEhv,【杨博文｜4k直拍】溜溜的她 直拍,关键时刻来瓶尖叫,2026-08-15 05:41:55,58621.0,6153.0,1256.0,4038.0,27.0,20.0,154.0,3.0,
2026-08-25 20:30:03,BV15egs6pEJp,48,BV15egs6pEJp,杨博文｜Whiplash 2机位精剪 直拍 fancam｜4K60｜260813,LOST_杨博文,2026-08-13 23:03:07,87300.0,8282.0,1891.0,6147.0,62.0,69.0,244.0,9.0,
2026-08-25 20:30:03,BV1rqgW6hEvv,49,BV1rqgW6hEvv,【杨博文｜4k直拍】100Ways 直拍,关键时刻来瓶尖叫,2026-08-14 01:41:46,26122.0,3686.0,1467.0,2674.0,36.0,36.0,226.0,7.0,
2026-08-25 20:30:03,BV1b5uf6gEhd,50,BV1b5uf6gEhd,【杨博文】100ways丨直拍双机位丨8.13&14两日精剪,Kismet丨杨博文,2026-08-14 04:12:18,17219.0,2697.0,843.0,1843.0,18.0,17.0,89.0,3.0,
2026-08-25 20:30:03,BV1vCuf6nErK,51,BV1vCuf6nErK,【杨博文】100ways 4k直拍｜力量感爆发气场全开,游园会_杨博文,2026-08-14 03:20:46,13460.0,2272.0,615.0,1613.0,11.0,19.0,40.0,1.0,
2026-08-25 20:30:03,BV16zgA6zEkE,52,BV16zgA6zEkE,【杨博文｜4K】Whiplash 四机位精剪直拍,Eternity丨杨博文,2026-08-14 11:25:47,19307.0,4767.0,1076.0,2008.0,36.0,65.0,170.0,1.0,
2026-08-25 20:30:03,BV1Gigw6XEXN,53,BV1Gigw6XEXN,杨博文｜醉拳 3机位精剪 直拍 fancam｜4K60｜260813,LOST_杨博文,2026-08-14 13:11:22,31259.0,4902.0,2359.0,2827.0,1746.0,56.0,295.0,1.0,
2026-08-25 20:30:03,BV1k9gw6gE4U,54,BV1k9gw6gE4U,「杨博文｜爱的初体验」是不是我的十六岁 注定要为__流泪,Astra_杨博文,2026-08-14 13:49:20,18792.0,2397.0,644.0,1522.0,21.0,13.0,95.0,9.0,
2026-08-25 21:00:04,https://www.bilibili.com/video/BV1GdgW6JEe9/?spm_id_from=333.1387.favlist.content.click&vd_source=406d0cf895bedbdc58a3d0130d55e34c,0,BV1GdgW6JEe9,【杨博文｜4k直拍】Whiplash 双日直拍混剪,关键时刻来瓶尖叫,2026-08-13 23:45:41,227357.0,28362.0,22904.0,21701.0,7021.0,4735.0,8216.0,17.0,
2026-08-25 21:00:04,https://www.bilibili.com/video/BV1W5gs6KEhr/?spm_id_from=333.1387.favlist.content.click&vd_source=406d0cf895bedbdc58a3d0130d55e34c,1,BV1W5gs6KEhr,【4K精剪】异常加载中 | 杨博文直拍 | 260813,underthepoplar,2026-08-13 22:44:57,188871.0,23544.0,15867.0,17463.0,6313.0,7406.0,8643.0,15.0,
2026-08-25 21:00:04,https://www.bilibili.com/video/BV1VFbd6QEjw/spm_id_from=333.1387.favlist.content.click&vd_source=406d0cf895bedbdc58a3d0130d55e34c,2,BV1VFbd6QEjw,【杨博文｜4k直拍】管他什么音乐 直拍,关键时刻来瓶尖叫,2026-08-16 23:08:52,85957.0,6038.0,3564.0,4671.0,2683.0,562.0,30.0,7.0,
2026-08-25 21:00:04,https://www.bilibili.com/video/BV1xebR6zEkr/?spm_id_from=333.1387.favlist.content.click&vd_source=406d0cf895bedbdc58a3d0130d55e34c,3,BV1xebR6zEkr,【4K精剪】Attention | 杨博文直拍 | 260816,underthepoplar,2026-08-16 23:54:18,196426.0,16811.0,10479.0,13965.0,3194.0,1751.0,2833.0,48.0,
2026-08-25 21:00:04,https://www.bilibili.com/video/BV1s3gs6MEej/?spm_id_from=333.1387.favlist.content.click&vd_source=406d0cf895bedbdc58a3d0130d55e34c,4,BV1s3gs6MEej,【杨博文｜4k直拍】爱的初体验 直拍,关键时刻来瓶尖叫,2026-08-13 22:46:37,120709.0,12850.0,6787.0,9888.0,3478.0,523.0,2533.0,11.0,
2026-08-25 21:00:04,https://www.bilibili.com/video/BV1E2bR6hEJR/?spm_id_from=333.1387.favlist.content.click&vd_source=406d0cf895bedbdc58a3d0130d55e34c,5,BV1E2bR6hEJR,【杨博文】Attention丨直拍横屏丨16岁高中生内娱主舞的舞台掌控力丨8.16双机位4k精剪,Kismet丨杨博文,2026-08-16 22:13:05,267167.0,29132.0,14300.0,20312.0,4446.0,10044.0,11993.0,186.0,
2026-08-25 21:00:04,https://www.bilibili.com/video/BV1Rib96EE3F/?spm_id_from=333.1387.favlist.content.click&vd_source=406d0cf895bedbdc58a3d0130d55e34c,6,BV1Rib96EE3F,260816 【杨博文】春雪  竖屏4k直拍,meetsummer丨杨博文,2026-08-17 01:54:42,46306.0,9095.0,3558.0,4852.0,1861.0,723.0,740.0,2.0,
2026-08-25 21:00:04,https://www.bilibili.com/video/BV18jgg6BEAd/?spm_id_from=333.1387.favlist.content.click&vd_source=406d0cf895bedbdc58a3d0130d55e34c,7,BV18jgg6BEAd,【4K精剪】摇曳！摇曳！ | 杨博文直拍 | 260813 & 260814,underthepoplar,2026-08-15 13:26:46,71496.0,10280.0,7323.0,6764.0,2900.0,464.0,1164.0,8.0,
2026-08-25 21:00:04,https://www.bilibili.com/video/BV1A5vkB2E1k/?spm_id_from=333.1387.favlist.content.click&vd_source=406d0cf895bedbdc58a3d0130d55e34c,8,BV1A5vkB2E1k,【杨博文】Hey Mama六机位纯舞直拍丨15岁舞台统治者的诞生，四代主舞燃炸全场！,Kismet丨杨博文,2025-12-28 22:28:16,2810590.0,65720.0,45919.0,48042.0,27866.0,13673.0,22021.0,4.0,
2026-08-25 21:00:04,https://www.bilibili.com/video/BV1mJ64BREZY/?spm_id_from=333.337.search-card.all.click&vd_source=406d0cf895bedbdc58a3d0130d55e34c,9,BV1mJ64BREZY,【杨博文】闭嘴跳舞丨当主舞穿上西装就会得到,Kismet丨杨博文,2026-02-01 18:31:00,622252.0,35183.0,4043.0,25441.0,8600.0,447.0,654.0,1.0,
2026-08-25 21:00:04,BV1Qu816ZEoy,10,BV1Qu816ZEoy,测试用，勿点，谢谢,猫球不是毛球啊,2026-08-22 16:55:19,165.0,2.0,0.0,0.0,0.0,0.0,0.0,1.0,
2026-08-25 21:00:04,BV1Vd8B65EkU,11,BV1Vd8B65EkU,0822.3,dddddash6,2026-08-21 21:49:36,113.0,0.0,0.0,1.0,0.0,0.0,0.0,1.0,
2026-08-25 21:00:04,BV1fT8S61Ejo,12,BV1fT8S61Ejo,十一（23）,爱动手的法学生,2026-08-22 23:46:38,125.0,0.0,0.0,0.0,0.0,0.0,0.0,1.0,
2026-08-25 21:00:04,BV1bf816sE8P,13,BV1bf816sE8P,自测，误点,橙子小姐_sheep,2026-08-22 14:38:54,157.0,0.0,0.0,2.0,0.0,0.0,0.0,1.0,
2026-08-25 21:00:04,BV1Te8K6uEJt,14,BV1Te8K6uEJt,勿进勿进勿进！自测 安卓0821,cannndy_,2026-08-21 08:57:55,162.0,0.0,0.0,1.0,0.0,0.0,0.0,1.0,
2026-08-25 21:00:04,BV1au816oEjs,15,BV1au816oEjs,手机自测,熙熙哈哈oO,2026-08-22 16:55:10,350.0,0.0,0.0,0.0,0.0,0.0,0.0,1.0,
2026-08-25 21:00:04,BV1qw816eE1d,16,BV1qw816eE1d,8.22 自测视频 勿点,dgsaydhakjdhjk,2026-08-22 16:56:23,342.0,0.0,0.0,0.0,0.0,0.0,0.0,1.0,
2026-08-25 21:00:04,BV1ci8163ECY,17,BV1ci8163ECY,自测勿点,不完美是常态_,2026-08-22 15:39:32,53.0,0.0,0.0,0.0,0.0,0.0,0.0,1.0,
2026-08-25 21:00:04,BV1dw816YEau,18,,失败,,,,,,,,,,,62012.0
2026-08-25 21:00:04,BV1jg8S6yEuV,19,BV1jg8S6yEuV,自测视频,only筱筱,2026-08-22 23:58:01,243.0,1.0,0.0,0.0,0.0,0.0,0.0,1.0,
2026-08-25 21:00:04,BV1z6816qEbo,20,BV1z6816qEbo,自用,dddii点点,2026-08-22 16:38:15,229.0,1.0,0.0,0.0,0.0,0.0,0.0,1.0,
2026-08-25 21:00:04,BV1eM8168E9p,21,BV1eM8168E9p,自测勿点！！！！,dd鱿鱼须,2026-08-22 16:39:08,180.0,0.0,0.0,1.0,0.0,0.0,0.0,1.0,
2026-08-25 21:00:04,BV14i8M61EdN,22,BV14i8M61EdN,sz,我素质低你让让我,2026-08-21 12:22:44,259.0,1.0,0.0,0.0,0.0,1.0,0.0,1.0,
2026-08-25 21:00:04,BV12A826QEK4,23,BV12A826QEK4,自测 禁点,哈哈哈哈哈11_,2026-08-22 15:15:37,110.0,0.0,0.0,0.0,0.0,0.0,0.0,1.0,
2026-08-25 21:00:04,BV1St8S6wE33,24,BV1St8S6wE33,自测哦,半夏哒哒哒,2026-08-23 00:18:35,147.0,0.0,0.0,0.0,0.0,0.0,0.0,1.0,
2026-08-25 21:00:04,BV1bwbh65Eh7,25,BV1bwbh65Eh7,自测视频！勿点0817,摸鱼堡成员,2026-08-17 09:36:15,466.0,1.0,0.0,0.0,0.0,0.0,0.0,1.0,
2026-08-25 21:00:04,BV15B8r6WEQ3,26,BV15B8r6WEQ3,8.22自测勿点,刘海打歪了,2026-08-22 09:19:46,53.0,0.0,0.0,0.0,0.0,0.0,0.0,1.0,
2026-08-25 21:00:04,BV1ET8S62EvB,27,BV1ET8S62EvB,【牛小Bala】视频已打包，欢迎围观！,牛小Bala,2026-08-22 23:47:03,198.0,0.0,0.0,0.0,0.0,0.0,0.0,1.0,
2026-08-25 21:00:04,BV1kS8y6kEA8,28,BV1kS8y6kEA8,自测 勿点,MENYAOOO,2026-08-22 18:41:15,182.0,0.0,0.0,0.0,0.0,0.0,0.0,1.0,
2026-08-25 21:00:04,BV1pX8y66ELf,29,BV1pX8y66ELf,自测请勿点击,风枷锁,2026-08-22 18:47:46,187.0,1.0,0.0,1.0,0.0,0.0,0.0,1.0,
2026-08-25 21:00:04,BV1uz8y6JEAr,30,BV1uz8y6JEAr,【起司不是qs】第一支视频求三连！,起司不是qs,2026-08-22 18:20:23,180.0,0.0,0.0,0.0,0.0,0.0,0.0,1.0,
2026-08-25 21:00:04,BV1mx8m6REbb,31,BV1mx8m6REbb,自测,甜奶味羊咩,2026-08-22 20:49:17,53.0,0.0,0.0,0.0,0.0,0.0,0.0,1.0,
2026-08-25 21:00:04,BV1du8S65E6x,32,BV1du8S65E6x,测测测,羊咩_0601,2026-08-23 00:02:02,53.0,0.0,0.0,0.0,0.0,0.0,0.0,1.0,
2026-08-25 21:00:04,BV1hn8m6FEcd,33,BV1hn8m6FEcd,自测勿点,哇哦哦噢噢噢哦,2026-08-22 21:06:21,33.0,0.0,0.0,0.0,0.0,0.0,0.0,1.0,
2026-08-25 21:00:04,BV1DE8m68E2D,34,,失败,,,,,,,,,,,62012.0
2026-08-25 21:00:04,BV1jM8m6MEoA,35,BV1jM8m6MEoA,自测，勿点进,Camellia不是cc,2026-08-22 20:29:58,9.0,0.0,0.0,1.0,0.0,0.0,0.0,1.0,
2026-08-25 21:00:04,BV1gE8m6hEJ2,36,BV1gE8m6hEJ2,自测勿点,萌羊叫眠羊,2026-08-22 21:11:17,5.0,0.0,0.0,0.0,0.0,0.0,0.0,1.0,
2026-08-25 21:00:04,BV15V8S6kEYA,37,BV15V8S6kEYA,自测,kuaiqushuijiaoba,2026-08-22 23:32:08,46.0,0.0,0.0,0.0,0.0,0.0,0.0,1.0,
2026-08-25 21:00:04,BV1vG8S6VEgc,38,BV1vG8S6VEgc,8.23自测,萌是天生命TvT,2026-08-22 23:34:07,176.0,0.0,0.0,1.0,0.0,0.0,0.0,1.0,
2026-08-25 21:00:04,BV1Zg8S6CEu5,39,BV1Zg8S6CEu5,自测勿点3,北纬咩雪刊,2026-08-22 23:54:46,57.0,0.0,0.0,0.0,0.0,0.0,0.0,1.0,
2026-08-25 21:00:04,BV1s8BvBPEN5,40,BV1s8BvBPEN5,【杨博文｜4K舞台直拍】好运来祝你好运来～博文宝宝祝你新年好运来,关键时刻来瓶尖叫,2025-12-27 00:43:12,1915742.0,35065.0,17132.0,32455.0,19592.0,4339.0,4874.0,1.0,
2026-08-25 21:00:04,BV1XA6nBGEPV,41,BV1XA6nBGEPV,【4K精剪】希区考克 作品152 | 杨博文直拍 | 260131,underthepoplar,2026-02-01 00:23:17,1946044.0,24107.0,22530.0,20196.0,19011.0,4022.0,6938.0,1.0,
2026-08-25 21:00:04,BV1Phbr6NE8u,42,BV1Phbr6NE8u,【杨博文｜4K多机位直拍】管他什么音乐,Eternity丨杨博文,2026-08-18 12:37:02,1895.0,591.0,182.0,212.0,3.0,9.0,8.0,1.0,
2026-08-25 21:00:04,BV1mX8z6NEzz,43,BV1mX8z6NEzz,【4K精剪】管他什么音乐 | 杨博文直拍 | 260816,underthepoplar,2026-08-22 04:21:09,12109.0,2630.0,1399.0,1347.0,35.0,46.0,67.0,14.0,
2026-08-25 21:00:04,BV1qHbb6QErY,44,BV1qHbb6QErY,杨博文｜260816第肆象限attention<4k精剪>,61strawberry,2026-08-17 06:33:44,9171.0,1592.0,402.0,1084.0,7.0,11.0,16.0,6.0,
2026-08-25 21:00:04,BV1hibB6PEH5,45,BV1hibB6PEH5,【杨博文｜4k直拍】《春雪》我想爱你浅浅不停息～,关键时刻来瓶尖叫,2026-08-18 02:28:40,12457.0,2075.0,438.0,1268.0,5.0,20.0,70.0,1.0,
2026-08-25 21:00:04,BV1N6bi6XE5B,46,BV1N6bi6XE5B,【杨博文】骨骼谢幕丨横屏直拍丨三机位4k字幕版,Kismet丨杨博文,2026-08-17 22:20:49,41933.0,5148.0,1698.0,3321.0,1420.0,72.0,461.0,3.0,
2026-08-25 21:00:04,BV1Gggg6kEhv,47,BV1Gggg6kEhv,【杨博文｜4k直拍】溜溜的她 直拍,关键时刻来瓶尖叫,2026-08-15 05:41:55,58693.0,6159.0,1257.0,4042.0,27.0,20.0,154.0,3.0,
2026-08-25 21:00:04,BV15egs6pEJp,48,BV15egs6pEJp,杨博文｜Whiplash 2机位精剪 直拍 fancam｜4K60｜260813,LOST_杨博文,2026-08-13 23:03:07,87407.0,8287.0,1891.0,6150.0,62.0,69.0,244.0,9.0,
2026-08-25 21:00:04,BV1rqgW6hEvv,49,BV1rqgW6hEvv,【杨博文｜4k直拍】100Ways 直拍,关键时刻来瓶尖叫,2026-08-14 01:41:46,26214.0,3686.0,1467.0,2675.0,36.0,36.0,226.0,5.0,
2026-08-25 21:00:04,BV1b5uf6gEhd,50,BV1b5uf6gEhd,【杨博文】100ways丨直拍双机位丨8.13&14两日精剪,Kismet丨杨博文,2026-08-14 04:12:18,17239.0,2699.0,845.0,1845.0,18.0,17.0,89.0,4.0,
2026-08-25 21:00:04,BV1vCuf6nErK,51,BV1vCuf6nErK,【杨博文】100ways 4k直拍｜力量感爆发气场全开,游园会_杨博文,2026-08-14 03:20:46,13466.0,2275.0,615.0,1615.0,11.0,19.0,40.0,1.0,
2026-08-25 21:00:04,BV16zgA6zEkE,52,BV16zgA6zEkE,【杨博文｜4K】Whiplash 四机位精剪直拍,Eternity丨杨博文,2026-08-14 11:25:47,19339.0,4776.0,1076.0,2011.0,36.0,65.0,170.0,1.0,
2026-08-25 21:00:04,BV1Gigw6XEXN,53,BV1Gigw6XEXN,杨博文｜醉拳 3机位精剪 直拍 fancam｜4K60｜260813,LOST_杨博文,2026-08-14 13:11:22,31267.0,4904.0,2359.0,2827.0,1746.0,56.0,295.0,1.0,
2026-08-25 21:00:04,BV1k9gw6gE4U,54,BV1k9gw6gE4U,「杨博文｜爱的初体验」是不是我的十六岁 注定要为__流泪,Astra_杨博文,2026-08-14 13:49:20,18882.0,2400.0,649.0,1523.0,21.0,13.0,95.0,7.0,
2026-08-25 21:30:04,https://www.bilibili.com/video/BV1GdgW6JEe9/?spm_id_from=333.1387.favlist.content.click&vd_source=406d0cf895bedbdc58a3d0130d55e34c,0,BV1GdgW6JEe9,【杨博文｜4k直拍】Whiplash 双日直拍混剪,关键时刻来瓶尖叫,2026-08-13 23:45:41,227561.0,28372.0,22911.0,21712.0,7021.0,4735.0,8216.0,16.0,
2026-08-25 21:30:04,https://www.bilibili.com/video/BV1W5gs6KEhr/?spm_id_from=333.1387.favlist.content.click&vd_source=406d0cf895bedbdc58a3d0130d55e34c,1,BV1W5gs6KEhr,【4K精剪】异常加载中 | 杨博文直拍 | 260813,underthepoplar,2026-08-13 22:44:57,189016.0,23548.0,15869.0,17469.0,6313.0,7406.0,8656.0,8.0,
2026-08-25 21:30:04,https://www.bilibili.com/video/BV1VFbd6QEjw/spm_id_from=333.1387.favlist.content.click&vd_source=406d0cf895bedbdc58a3d0130d55e34c,2,BV1VFbd6QEjw,【杨博文｜4k直拍】管他什么音乐 直拍,关键时刻来瓶尖叫,2026-08-16 23:08:52,85974.0,6039.0,3564.0,4673.0,2683.0,562.0,30.0,1.0,
2026-08-25 21:30:04,https://www.bilibili.com/video/BV1xebR6zEkr/?spm_id_from=333.1387.favlist.content.click&vd_source=406d0cf895bedbdc58a3d0130d55e34c,3,BV1xebR6zEkr,【4K精剪】Attention | 杨博文直拍 | 260816,underthepoplar,2026-08-16 23:54:18,196999.0,16846.0,10488.0,13999.0,3196.0,1751.0,2833.0,29.0,
2026-08-25 21:30:04,https://www.bilibili.com/video/BV1s3gs6MEej/?spm_id_from=333.1387.favlist.content.click&vd_source=406d0cf895bedbdc58a3d0130d55e34c,4,BV1s3gs6MEej,【杨博文｜4k直拍】爱的初体验 直拍,关键时刻来瓶尖叫,2026-08-13 22:46:37,120827.0,12856.0,6789.0,9895.0,3478.0,523.0,2533.0,4.0,
2026-08-25 21:30:04,https://www.bilibili.com/video/BV1E2bR6hEJR/?spm_id_from=333.1387.favlist.content.click&vd_source=406d0cf895bedbdc58a3d0130d55e34c,5,BV1E2bR6hEJR,【杨博文】Attention丨直拍横屏丨16岁高中生内娱主舞的舞台掌控力丨8.16双机位4k精剪,Kismet丨杨博文,2026-08-16 22:13:05,267546.0,29169.0,14316.0,20334.0,4446.0,10044.0,12000.0,178.0,
2026-08-25 21:30:04,https://www.bilibili.com/video/BV1Rib96EE3F/?spm_id_from=333.1387.favlist.content.click&vd_source=406d0cf895bedbdc58a3d0130d55e34c,6,BV1Rib96EE3F,260816 【杨博文】春雪  竖屏4k直拍,meetsummer丨杨博文,2026-08-17 01:54:42,46387.0,9103.0,3558.0,4850.0,1862.0,723.0,744.0,1.0,
2026-08-25 21:30:04,https://www.bilibili.com/video/BV18jgg6BEAd/?spm_id_from=333.1387.favlist.content.click&vd_source=406d0cf895bedbdc58a3d0130d55e34c,7,BV18jgg6BEAd,【4K精剪】摇曳！摇曳！ | 杨博文直拍 | 260813 & 260814,underthepoplar,2026-08-15 13:26:46,71571.0,10287.0,7327.0,6770.0,2900.0,464.0,1164.0,7.0,
2026-08-25 21:30:04,https://www.bilibili.com/video/BV1A5vkB2E1k/?spm_id_from=333.1387.favlist.content.click&vd_source=406d0cf895bedbdc58a3d0130d55e34c,8,BV1A5vkB2E1k,【杨博文】Hey Mama六机位纯舞直拍丨15岁舞台统治者的诞生，四代主舞燃炸全场！,Kismet丨杨博文,2025-12-28 22:28:16,2810623.0,65720.0,45919.0,48044.0,27866.0,13673.0,22021.0,1.0,
2026-08-25 21:30:04,https://www.bilibili.com/video/BV1mJ64BREZY/?spm_id_from=333.337.search-card.all.click&vd_source=406d0cf895bedbdc58a3d0130d55e34c,9,BV1mJ64BREZY,【杨博文】闭嘴跳舞丨当主舞穿上西装就会得到,Kismet丨杨博文,2026-02-01 18:31:00,622255.0,35183.0,4043.0,25441.0,8600.0,447.0,654.0,1.0,
2026-08-25 21:30:04,BV1Qu816ZEoy,10,BV1Qu816ZEoy,测试用，勿点，谢谢,猫球不是毛球啊,2026-08-22 16:55:19,165.0,2.0,0.0,0.0,0.0,0.0,0.0,1.0,
2026-08-25 21:30:04,BV1Vd8B65EkU,11,BV1Vd8B65EkU,0822.3,dddddash6,2026-08-21 21:49:36,113.0,0.0,0.0,1.0,0.0,0.0,0.0,1.0,
2026-08-25 21:30:04,BV1fT8S61Ejo,12,BV1fT8S61Ejo,十一（23）,爱动手的法学生,2026-08-22 23:46:38,125.0,0.0,0.0,0.0,0.0,0.0,0.0,1.0,
2026-08-25 21:30:04,BV1bf816sE8P,13,BV1bf816sE8P,自测，误点,橙子小姐_sheep,2026-08-22 14:38:54,157.0,0.0,0.0,2.0,0.0,0.0,0.0,1.0,
2026-08-25 21:30:04,BV1Te8K6uEJt,14,BV1Te8K6uEJt,勿进勿进勿进！自测 安卓0821,cannndy_,2026-08-21 08:57:55,162.0,0.0,0.0,1.0,0.0,0.0,0.0,1.0,
2026-08-25 21:30:04,BV1au816oEjs,15,BV1au816oEjs,手机自测,熙熙哈哈oO,2026-08-22 16:55:10,354.0,0.0,0.0,0.0,0.0,0.0,0.0,1.0,
2026-08-25 21:30:04,BV1qw816eE1d,16,BV1qw816eE1d,8.22 自测视频 勿点,dgsaydhakjdhjk,2026-08-22 16:56:23,342.0,0.0,0.0,0.0,0.0,0.0,0.0,1.0,
2026-08-25 21:30:04,BV1ci8163ECY,17,BV1ci8163ECY,自测勿点,不完美是常态_,2026-08-22 15:39:32,56.0,0.0,0.0,0.0,0.0,0.0,0.0,1.0,
2026-08-25 21:30:04,BV1dw816YEau,18,,失败,,,,,,,,,,,62012.0
2026-08-25 21:30:04,BV1jg8S6yEuV,19,BV1jg8S6yEuV,自测视频,only筱筱,2026-08-22 23:58:01,243.0,1.0,0.0,0.0,0.0,0.0,0.0,1.0,
2026-08-25 21:30:04,BV1z6816qEbo,20,BV1z6816qEbo,自用,dddii点点,2026-08-22 16:38:15,229.0,1.0,0.0,0.0,0.0,0.0,0.0,1.0,
2026-08-25 21:30:04,BV1eM8168E9p,21,BV1eM8168E9p,自测勿点！！！！,dd鱿鱼须,2026-08-22 16:39:08,180.0,0.0,0.0,1.0,0.0,0.0,0.0,1.0,
2026-08-25 21:30:04,BV14i8M61EdN,22,BV14i8M61EdN,sz,我素质低你让让我,2026-08-21 12:22:44,259.0,1.0,0.0,0.0,0.0,1.0,0.0,1.0,
2026-08-25 21:30:04,BV12A826QEK4,23,BV12A826QEK4,自测 禁点,哈哈哈哈哈11_,2026-08-22 15:15:37,110.0,0.0,0.0,0.0,0.0,0.0,0.0,1.0,
2026-08-25 21:30:04,BV1St8S6wE33,24,BV1St8S6wE33,自测哦,半夏哒哒哒,2026-08-23 00:18:35,147.0,0.0,0.0,0.0,0.0,0.0,0.0,1.0,
2026-08-25 21:30:04,BV1bwbh65Eh7,25,BV1bwbh65Eh7,自测视频！勿点0817,摸鱼堡成员,2026-08-17 09:36:15,471.0,1.0,0.0,0.0,0.0,0.0,0.0,1.0,
2026-08-25 21:30:04,BV15B8r6WEQ3,26,BV15B8r6WEQ3,8.22自测勿点,刘海打歪了,2026-08-22 09:19:46,53.0,0.0,0.0,0.0,0.0,0.0,0.0,1.0,
2026-08-25 21:30:04,BV1ET8S62EvB,27,BV1ET8S62EvB,【牛小Bala】视频已打包，欢迎围观！,牛小Bala,2026-08-22 23:47:03,198.0,0.0,0.0,0.0,0.0,0.0,0.0,1.0,
2026-08-25 21:30:04,BV1kS8y6kEA8,28,BV1kS8y6kEA8,自测 勿点,MENYAOOO,2026-08-22 18:41:15,182.0,0.0,0.0,0.0,0.0,0.0,0.0,1.0,
2026-08-25 21:30:04,BV1pX8y66ELf,29,BV1pX8y66ELf,自测请勿点击,风枷锁,2026-08-22 18:47:46,187.0,1.0,0.0,1.0,0.0,0.0,0.0,1.0,
2026-08-25 21:30:04,BV1uz8y6JEAr,30,BV1uz8y6JEAr,【起司不是qs】第一支视频求三连！,起司不是qs,2026-08-22 18:20:23,180.0,0.0,0.0,0.0,0.0,0.0,0.0,1.0,
2026-08-25 21:30:04,BV1mx8m6REbb,31,BV1mx8m6REbb,自测,甜奶味羊咩,2026-08-22 20:49:17,58.0,0.0,0.0,0.0,0.0,0.0,0.0,1.0,
2026-08-25 21:30:04,BV1du8S65E6x,32,BV1du8S65E6x,测测测,羊咩_0601,2026-08-23 00:02:02,53.0,0.0,0.0,0.0,0.0,0.0,0.0,1.0,
2026-08-25 21:30:04,BV1hn8m6FEcd,33,BV1hn8m6FEcd,自测勿点,哇哦哦噢噢噢哦,2026-08-22 21:06:21,33.0,0.0,0.0,0.0,0.0,0.0,0.0,1.0,
2026-08-25 21:30:04,BV1DE8m68E2D,34,,失败,,,,,,,,,,,62012.0
2026-08-25 21:30:04,BV1jM8m6MEoA,35,BV1jM8m6MEoA,自测，勿点进,Camellia不是cc,2026-08-22 20:29:58,9.0,0.0,0.0,1.0,0.0,0.0,0.0,1.0,
2026-08-25 21:30:04,BV1gE8m6hEJ2,36,BV1gE8m6hEJ2,自测勿点,萌羊叫眠羊,2026-08-22 21:11:17,5.0,0.0,0.0,0.0,0.0,0.0,0.0,1.0,
2026-08-25 21:30:04,BV15V8S6kEYA,37,BV15V8S6kEYA,自测,kuaiqushuijiaoba,2026-08-22 23:32:08,46.0,0.0,0.0,0.0,0.0,0.0,0.0,1.0,
2026-08-25 21:30:04,BV1vG8S6VEgc,38,BV1vG8S6VEgc,8.23自测,萌是天生命TvT,2026-08-22 23:34:07,176.0,0.0,0.0,1.0,0.0,0.0,0.0,1.0,
2026-08-25 21:30:04,BV1Zg8S6CEu5,39,BV1Zg8S6CEu5,自测勿点3,北纬咩雪刊,2026-08-22 23:54:46,57.0,0.0,0.0,0.0,0.0,0.0,0.0,1.0,
2026-08-25 21:30:04,BV1s8BvBPEN5,40,BV1s8BvBPEN5,【杨博文｜4K舞台直拍】好运来祝你好运来～博文宝宝祝你新年好运来,关键时刻来瓶尖叫,2025-12-27 00:43:12,1915751.0,35067.0,17132.0,32457.0,19592.0,4339.0,4875.0,1.0,
2026-08-25 21:30:04,BV1XA6nBGEPV,41,BV1XA6nBGEPV,【4K精剪】希区考克 作品152 | 杨博文直拍 | 260131,underthepoplar,2026-02-01 00:23:17,1946052.0,24107.0,22530.0,20198.0,19011.0,4022.0,6938.0,1.0,
2026-08-25 21:30:04,BV1Phbr6NE8u,42,BV1Phbr6NE8u,【杨博文｜4K多机位直拍】管他什么音乐,Eternity丨杨博文,2026-08-18 12:37:02,1898.0,592.0,182.0,212.0,3.0,9.0,8.0,1.0,
2026-08-25 21:30:04,BV1mX8z6NEzz,43,BV1mX8z6NEzz,【4K精剪】管他什么音乐 | 杨博文直拍 | 260816,underthepoplar,2026-08-22 04:21:09,12259.0,2648.0,1403.0,1358.0,36.0,46.0,67.0,8.0,
2026-08-25 21:30:04,BV1qHbb6QErY,44,BV1qHbb6QErY,杨博文｜260816第肆象限attention<4k精剪>,61strawberry,2026-08-17 06:33:44,9267.0,1595.0,402.0,1084.0,7.0,11.0,16.0,8.0,
2026-08-25 21:30:04,BV1hibB6PEH5,45,BV1hibB6PEH5,【杨博文｜4k直拍】《春雪》我想爱你浅浅不停息～,关键时刻来瓶尖叫,2026-08-18 02:28:40,12483.0,2077.0,438.0,1271.0,5.0,20.0,70.0,1.0,
2026-08-25 21:30:04,BV1N6bi6XE5B,46,BV1N6bi6XE5B,【杨博文】骨骼谢幕丨横屏直拍丨三机位4k字幕版,Kismet丨杨博文,2026-08-17 22:20:49,41969.0,5154.0,1700.0,3326.0,1420.0,72.0,461.0,2.0,
2026-08-25 21:30:04,BV1Gggg6kEhv,47,BV1Gggg6kEhv,【杨博文｜4k直拍】溜溜的她 直拍,关键时刻来瓶尖叫,2026-08-15 05:41:55,58772.0,6170.0,1258.0,4049.0,27.0,20.0,157.0,10.0,
2026-08-25 21:30:04,BV15egs6pEJp,48,BV15egs6pEJp,杨博文｜Whiplash 2机位精剪 直拍 fancam｜4K60｜260813,LOST_杨博文,2026-08-13 23:03:07,87536.0,8294.0,1891.0,6153.0,62.0,69.0,244.0,14.0,
2026-08-25 21:30:04,BV1rqgW6hEvv,49,BV1rqgW6hEvv,【杨博文｜4k直拍】100Ways 直拍,关键时刻来瓶尖叫,2026-08-14 01:41:46,26302.0,3688.0,1469.0,2675.0,36.0,36.0,226.0,7.0,
2026-08-25 21:30:04,BV1b5uf6gEhd,50,BV1b5uf6gEhd,【杨博文】100ways丨直拍双机位丨8.13&14两日精剪,Kismet丨杨博文,2026-08-14 04:12:18,17248.0,2699.0,845.0,1845.0,18.0,17.0,89.0,5.0,
2026-08-25 21:30:04,BV1vCuf6nErK,51,BV1vCuf6nErK,【杨博文】100ways 4k直拍｜力量感爆发气场全开,游园会_杨博文,2026-08-14 03:20:46,13477.0,2276.0,615.0,1617.0,11.0,19.0,40.0,1.0,
2026-08-25 21:30:04,BV16zgA6zEkE,52,BV16zgA6zEkE,【杨博文｜4K】Whiplash 四机位精剪直拍,Eternity丨杨博文,2026-08-14 11:25:47,19383.0,4784.0,1077.0,2014.0,36.0,65.0,170.0,2.0,
2026-08-25 21:30:04,BV1Gigw6XEXN,53,BV1Gigw6XEXN,杨博文｜醉拳 3机位精剪 直拍 fancam｜4K60｜260813,LOST_杨博文,2026-08-14 13:11:22,31280.0,4907.0,2362.0,2830.0,1746.0,56.0,295.0,2.0,
2026-08-25 21:30:04,BV1k9gw6gE4U,54,BV1k9gw6gE4U,「杨博文｜爱的初体验」是不是我的十六岁 注定要为__流泪,Astra_杨博文,2026-08-14 13:49:20,18986.0,2400.0,649.0,1525.0,21.0,13.0,95.0,10.0,
2026-08-25 22:00:05,https://www.bilibili.com/video/BV1GdgW6JEe9/?spm_id_from=333.1387.favlist.content.click&vd_source=406d0cf895bedbdc58a3d0130d55e34c,0,BV1GdgW6JEe9,【杨博文｜4k直拍】Whiplash 双日直拍混剪,关键时刻来瓶尖叫,2026-08-13 23:45:41,227770.0,28383.0,22911.0,21723.0,7021.0,4735.0,8221.0,17.0,
2026-08-25 22:00:05,https://www.bilibili.com/video/BV1W5gs6KEhr/?spm_id_from=333.1387.favlist.content.click&vd_source=406d0cf895bedbdc58a3d0130d55e34c,1,BV1W5gs6KEhr,【4K精剪】异常加载中 | 杨博文直拍 | 260813,underthepoplar,2026-08-13 22:44:57,189145.0,23557.0,15871.0,17481.0,6313.0,7406.0,8662.0,11.0,
2026-08-25 22:00:05,https://www.bilibili.com/video/BV1VFbd6QEjw/spm_id_from=333.1387.favlist.content.click&vd_source=406d0cf895bedbdc58a3d0130d55e34c,2,BV1VFbd6QEjw,【杨博文｜4k直拍】管他什么音乐 直拍,关键时刻来瓶尖叫,2026-08-16 23:08:52,85993.0,6045.0,3566.0,4675.0,2683.0,562.0,30.0,2.0,
2026-08-25 22:00:05,https://www.bilibili.com/video/BV1xebR6zEkr/?spm_id_from=333.1387.favlist.content.click&vd_source=406d0cf895bedbdc58a3d0130d55e34c,3,BV1xebR6zEkr,【4K精剪】Attention | 杨博文直拍 | 260816,underthepoplar,2026-08-16 23:54:18,197499.0,16887.0,10501.0,14029.0,3197.0,1752.0,2833.0,20.0,
2026-08-25 22:00:05,https://www.bilibili.com/video/BV1s3gs6MEej/?spm_id_from=333.1387.favlist.content.click&vd_source=406d0cf895bedbdc58a3d0130d55e34c,4,BV1s3gs6MEej,【杨博文｜4k直拍】爱的初体验 直拍,关键时刻来瓶尖叫,2026-08-13 22:46:37,120923.0,12860.0,6791.0,9900.0,3479.0,523.0,2533.0,6.0,
2026-08-25 22:00:05,https://www.bilibili.com/video/BV1E2bR6hEJR/?spm_id_from=333.1387.favlist.content.click&vd_source=406d0cf895bedbdc58a3d0130d55e34c,5,BV1E2bR6hEJR,【杨博文】Attention丨直拍横屏丨16岁高中生内娱主舞的舞台掌控力丨8.16双机位4k精剪,Kismet丨杨博文,2026-08-16 22:13:05,267926.0,29199.0,14329.0,20360.0,4448.0,10045.0,12005.0,179.0,
2026-08-25 22:00:05,https://www.bilibili.com/video/BV1Rib96EE3F/?spm_id_from=333.1387.favlist.content.click&vd_source=406d0cf895bedbdc58a3d0130d55e34c,6,BV1Rib96EE3F,260816 【杨博文】春雪  竖屏4k直拍,meetsummer丨杨博文,2026-08-17 01:54:42,46455.0,9109.0,3562.0,4851.0,1862.0,723.0,751.0,1.0,
2026-08-25 22:00:05,https://www.bilibili.com/video/BV18jgg6BEAd/?spm_id_from=333.1387.favlist.content.click&vd_source=406d0cf895bedbdc58a3d0130d55e34c,7,BV18jgg6BEAd,【4K精剪】摇曳！摇曳！ | 杨博文直拍 | 260813 & 260814,underthepoplar,2026-08-15 13:26:46,71643.0,10293.0,7329.0,6776.0,2900.0,464.0,1165.0,8.0,
2026-08-25 22:00:05,https://www.bilibili.com/video/BV1A5vkB2E1k/?spm_id_from=333.1387.favlist.content.click&vd_source=406d0cf895bedbdc58a3d0130d55e34c,8,BV1A5vkB2E1k,【杨博文】Hey Mama六机位纯舞直拍丨15岁舞台统治者的诞生，四代主舞燃炸全场！,Kismet丨杨博文,2025-12-28 22:28:16,2810663.0,65722.0,45919.0,48046.0,27867.0,13673.0,22021.0,3.0,
2026-08-25 22:00:05,https://www.bilibili.com/video/BV1mJ64BREZY/?spm_id_from=333.337.search-card.all.click&vd_source=406d0cf895bedbdc58a3d0130d55e34c,9,BV1mJ64BREZY,【杨博文】闭嘴跳舞丨当主舞穿上西装就会得到,Kismet丨杨博文,2026-02-01 18:31:00,622259.0,35184.0,4043.0,25442.0,8600.0,447.0,654.0,1.0,
2026-08-25 22:00:05,BV1Qu816ZEoy,10,BV1Qu816ZEoy,测试用，勿点，谢谢,猫球不是毛球啊,2026-08-22 16:55:19,165.0,2.0,0.0,0.0,0.0,0.0,0.0,1.0,
2026-08-25 22:00:05,BV1Vd8B65EkU,11,BV1Vd8B65EkU,0822.3,dddddash6,2026-08-21 21:49:36,113.0,0.0,0.0,1.0,0.0,0.0,0.0,1.0,
2026-08-25 22:00:05,BV1fT8S61Ejo,12,BV1fT8S61Ejo,十一（23）,爱动手的法学生,2026-08-22 23:46:38,125.0,0.0,0.0,0.0,0.0,0.0,0.0,1.0,
2026-08-25 22:00:05,BV1bf816sE8P,13,BV1bf816sE8P,自测，误点,橙子小姐_sheep,2026-08-22 14:38:54,157.0,0.0,0.0,2.0,0.0,0.0,0.0,1.0,
2026-08-25 22:00:05,BV1Te8K6uEJt,14,BV1Te8K6uEJt,勿进勿进勿进！自测 安卓0821,cannndy_,2026-08-21 08:57:55,162.0,0.0,0.0,1.0,0.0,0.0,0.0,1.0,
2026-08-25 22:00:05,BV1au816oEjs,15,BV1au816oEjs,手机自测,熙熙哈哈oO,2026-08-22 16:55:10,359.0,0.0,0.0,0.0,0.0,0.0,0.0,1.0,
2026-08-25 22:00:05,BV1qw816eE1d,16,BV1qw816eE1d,8.22 自测视频 勿点,dgsaydhakjdhjk,2026-08-22 16:56:23,342.0,0.0,0.0,0.0,0.0,0.0,0.0,1.0,
2026-08-25 22:00:05,BV1ci8163ECY,17,BV1ci8163ECY,自测勿点,不完美是常态_,2026-08-22 15:39:32,60.0,0.0,0.0,0.0,0.0,0.0,0.0,1.0,
2026-08-25 22:00:05,BV1dw816YEau,18,,失败,,,,,,,,,,,62012.0
2026-08-25 22:00:05,BV1jg8S6yEuV,19,BV1jg8S6yEuV,自测视频,only筱筱,2026-08-22 23:58:01,243.0,1.0,0.0,0.0,0.0,0.0,0.0,1.0,
2026-08-25 22:00:05,BV1z6816qEbo,20,BV1z6816qEbo,自用,dddii点点,2026-08-22 16:38:15,229.0,1.0,0.0,0.0,0.0,0.0,0.0,1.0,
2026-08-25 22:00:05,BV1eM8168E9p,21,BV1eM8168E9p,自测勿点！！！！,dd鱿鱼须,2026-08-22 16:39:08,180.0,0.0,0.0,1.0,0.0,0.0,0.0,1.0,
2026-08-25 22:00:05,BV14i8M61EdN,22,BV14i8M61EdN,sz,我素质低你让让我,2026-08-21 12:22:44,259.0,1.0,0.0,0.0,0.0,1.0,0.0,1.0,
2026-08-25 22:00:05,BV12A826QEK4,23,BV12A826QEK4,自测 禁点,哈哈哈哈哈11_,2026-08-22 15:15:37,110.0,0.0,0.0,0.0,0.0,0.0,0.0,1.0,
2026-08-25 22:00:05,BV1St8S6wE33,24,BV1St8S6wE33,自测哦,半夏哒哒哒,2026-08-23 00:18:35,147.0,0.0,0.0,0.0,0.0,0.0,0.0,1.0,
2026-08-25 22:00:05,BV1bwbh65Eh7,25,BV1bwbh65Eh7,自测视频！勿点0817,摸鱼堡成员,2026-08-17 09:36:15,475.0,1.0,0.0,0.0,0.0,0.0,0.0,1.0,
2026-08-25 22:00:05,BV15B8r6WEQ3,26,BV15B8r6WEQ3,8.22自测勿点,刘海打歪了,2026-08-22 09:19:46,53.0,0.0,0.0,0.0,0.0,0.0,0.0,1.0,
2026-08-25 22:00:05,BV1ET8S62EvB,27,BV1ET8S62EvB,【牛小Bala】视频已打包，欢迎围观！,牛小Bala,2026-08-22 23:47:03,198.0,0.0,0.0,0.0,0.0,0.0,0.0,1.0,
2026-08-25 22:00:05,BV1kS8y6kEA8,28,BV1kS8y6kEA8,自测 勿点,MENYAOOO,2026-08-22 18:41:15,182.0,0.0,0.0,0.0,0.0,0.0,0.0,1.0,
2026-08-25 22:00:05,BV1pX8y66ELf,29,BV1pX8y66ELf,自测请勿点击,风枷锁,2026-08-22 18:47:46,187.0,1.0,0.0,1.0,0.0,0.0,0.0,1.0,
2026-08-25 22:00:05,BV1uz8y6JEAr,30,BV1uz8y6JEAr,【起司不是qs】第一支视频求三连！,起司不是qs,2026-08-22 18:20:23,180.0,0.0,0.0,0.0,0.0,0.0,0.0,1.0,
2026-08-25 22:00:05,BV1mx8m6REbb,31,BV1mx8m6REbb,自测,甜奶味羊咩,2026-08-22 20:49:17,61.0,0.0,0.0,0.0,0.0,0.0,0.0,1.0,
2026-08-25 22:00:05,BV1du8S65E6x,32,BV1du8S65E6x,测测测,羊咩_0601,2026-08-23 00:02:02,53.0,0.0,0.0,0.0,0.0,0.0,0.0,1.0,
2026-08-25 22:00:05,BV1hn8m6FEcd,33,BV1hn8m6FEcd,自测勿点,哇哦哦噢噢噢哦,2026-08-22 21:06:21,33.0,0.0,0.0,0.0,0.0,0.0,0.0,1.0,
2026-08-25 22:00:05,BV1DE8m68E2D,34,,失败,,,,,,,,,,,62012.0
2026-08-25 22:00:05,BV1jM8m6MEoA,35,BV1jM8m6MEoA,自测，勿点进,Camellia不是cc,2026-08-22 20:29:58,9.0,0.0,0.0,1.0,0.0,0.0,0.0,1.0,
2026-08-25 22:00:05,BV1gE8m6hEJ2,36,BV1gE8m6hEJ2,自测勿点,萌羊叫眠羊,2026-08-22 21:11:17,5.0,0.0,0.0,0.0,0.0,0.0,0.0,1.0,
2026-08-25 22:00:05,BV15V8S6kEYA,37,BV15V8S6kEYA,自测,kuaiqushuijiaoba,2026-08-22 23:32:08,46.0,0.0,0.0,0.0,0.0,0.0,0.0,1.0,
2026-08-25 22:00:05,BV1vG8S6VEgc,38,BV1vG8S6VEgc,8.23自测,萌是天生命TvT,2026-08-22 23:34:07,176.0,0.0,0.0,1.0,0.0,0.0,0.0,1.0,
2026-08-25 22:00:05,BV1Zg8S6CEu5,39,BV1Zg8S6CEu5,自测勿点3,北纬咩雪刊,2026-08-22 23:54:46,57.0,0.0,0.0,0.0,0.0,0.0,0.0,1.0,
2026-08-25 22:00:05,BV1s8BvBPEN5,40,BV1s8BvBPEN5,【杨博文｜4K舞台直拍】好运来祝你好运来～博文宝宝祝你新年好运来,关键时刻来瓶尖叫,2025-12-27 00:43:12,1915759.0,35071.0,17132.0,32461.0,19592.0,4339.0,4875.0,1.0,
2026-08-25 22:00:05,BV1XA6nBGEPV,41,BV1XA6nBGEPV,【4K精剪】希区考克 作品152 | 杨博文直拍 | 260131,underthepoplar,2026-02-01 00:23:17,1946064.0,24109.0,22530.0,20201.0,19011.0,4022.0,6938.0,1.0,
2026-08-25 22:00:05,BV1Phbr6NE8u,42,BV1Phbr6NE8u,【杨博文｜4K多机位直拍】管他什么音乐,Eternity丨杨博文,2026-08-18 12:37:02,1900.0,594.0,182.0,213.0,3.0,9.0,8.0,1.0,
2026-08-25 22:00:05,BV1mX8z6NEzz,43,BV1mX8z6NEzz,【4K精剪】管他什么音乐 | 杨博文直拍 | 260816,underthepoplar,2026-08-22 04:21:09,12402.0,2659.0,1408.0,1368.0,36.0,46.0,67.0,9.0,
2026-08-25 22:00:05,BV1qHbb6QErY,44,BV1qHbb6QErY,杨博文｜260816第肆象限attention<4k精剪>,61strawberry,2026-08-17 06:33:44,9346.0,1595.0,402.0,1084.0,7.0,11.0,16.0,5.0,
2026-08-25 22:00:05,BV1hibB6PEH5,45,BV1hibB6PEH5,【杨博文｜4k直拍】《春雪》我想爱你浅浅不停息～,关键时刻来瓶尖叫,2026-08-18 02:28:40,12506.0,2078.0,438.0,1271.0,5.0,20.0,70.0,1.0,
2026-08-25 22:00:05,BV1N6bi6XE5B,46,BV1N6bi6XE5B,【杨博文】骨骼谢幕丨横屏直拍丨三机位4k字幕版,Kismet丨杨博文,2026-08-17 22:20:49,42004.0,5155.0,1700.0,3330.0,1420.0,72.0,461.0,2.0,
2026-08-25 22:00:05,BV1Gggg6kEhv,47,BV1Gggg6kEhv,【杨博文｜4k直拍】溜溜的她 直拍,关键时刻来瓶尖叫,2026-08-15 05:41:55,58834.0,6173.0,1258.0,4050.0,27.0,20.0,157.0,5.0,
2026-08-25 22:00:05,BV15egs6pEJp,48,BV15egs6pEJp,杨博文｜Whiplash 2机位精剪 直拍 fancam｜4K60｜260813,LOST_杨博文,2026-08-13 23:03:07,87626.0,8295.0,1891.0,6154.0,62.0,69.0,244.0,4.0,
2026-08-25 22:00:05,BV1rqgW6hEvv,49,BV1rqgW6hEvv,【杨博文｜4k直拍】100Ways 直拍,关键时刻来瓶尖叫,2026-08-14 01:41:46,26395.0,3691.0,1469.0,2677.0,36.0,36.0,226.0,8.0,
2026-08-25 22:00:05,BV1b5uf6gEhd,50,BV1b5uf6gEhd,【杨博文】100ways丨直拍双机位丨8.13&14两日精剪,Kismet丨杨博文,2026-08-14 04:12:18,17267.0,2702.0,845.0,1847.0,18.0,17.0,89.0,4.0,
2026-08-25 22:00:05,BV1vCuf6nErK,51,BV1vCuf6nErK,【杨博文】100ways 4k直拍｜力量感爆发气场全开,游园会_杨博文,2026-08-14 03:20:46,13483.0,2277.0,615.0,1618.0,11.0,19.0,40.0,1.0,
2026-08-25 22:00:05,BV16zgA6zEkE,52,BV16zgA6zEkE,【杨博文｜4K】Whiplash 四机位精剪直拍,Eternity丨杨博文,2026-08-14 11:25:47,19419.0,4791.0,1077.0,2019.0,36.0,65.0,170.0,3.0,
2026-08-25 22:00:05,BV1Gigw6XEXN,53,BV1Gigw6XEXN,杨博文｜醉拳 3机位精剪 直拍 fancam｜4K60｜260813,LOST_杨博文,2026-08-14 13:11:22,31292.0,4909.0,2364.0,2831.0,1746.0,56.0,295.0,2.0,
2026-08-25 22:00:05,BV1k9gw6gE4U,54,BV1k9gw6gE4U,「杨博文｜爱的初体验」是不是我的十六岁 注定要为__流泪,Astra_杨博文,2026-08-14 13:49:20,19076.0,2401.0,649.0,1525.0,22.0,13.0,95.0,6.0,
2026-08-25 22:30:09,https://www.bilibili.com/video/BV1GdgW6JEe9/?spm_id_from=333.1387.favlist.content.click&vd_source=406d0cf895bedbdc58a3d0130d55e34c,0,BV1GdgW6JEe9,【杨博文｜4k直拍】Whiplash 双日直拍混剪,关键时刻来瓶尖叫,2026-08-13 23:45:41,227937.0,28390.0,22912.0,21728.0,7021.0,4736.0,8222.0,13.0,
2026-08-25 22:30:09,https://www.bilibili.com/video/BV1W5gs6KEhr/?spm_id_from=333.1387.favlist.content.click&vd_source=406d0cf895bedbdc58a3d0130d55e34c,1,BV1W5gs6KEhr,【4K精剪】异常加载中 | 杨博文直拍 | 260813,underthepoplar,2026-08-13 22:44:57,189249.0,23562.0,15875.0,17484.0,6313.0,7407.0,8663.0,8.0,
2026-08-25 22:30:09,https://www.bilibili.com/video/BV1VFbd6QEjw/spm_id_from=333.1387.favlist.content.click&vd_source=406d0cf895bedbdc58a3d0130d55e34c,2,BV1VFbd6QEjw,【杨博文｜4k直拍】管他什么音乐 直拍,关键时刻来瓶尖叫,2026-08-16 23:08:52,86011.0,6049.0,3566.0,4677.0,2683.0,562.0,30.0,2.0,
2026-08-25 22:30:09,https://www.bilibili.com/video/BV1xebR6zEkr/?spm_id_from=333.1387.favlist.content.click&vd_source=406d0cf895bedbdc58a3d0130d55e34c,3,BV1xebR6zEkr,【4K精剪】Attention | 杨博文直拍 | 260816,underthepoplar,2026-08-16 23:54:18,197919.0,16912.0,10518.0,14048.0,3198.0,1752.0,2833.0,26.0,
2026-08-25 22:30:09,https://www.bilibili.com/video/BV1s3gs6MEej/?spm_id_from=333.1387.favlist.content.click&vd_source=406d0cf895bedbdc58a3d0130d55e34c,4,BV1s3gs6MEej,【杨博文｜4k直拍】爱的初体验 直拍,关键时刻来瓶尖叫,2026-08-13 22:46:37,121021.0,12864.0,6791.0,9900.0,3479.0,523.0,2533.0,8.0,
2026-08-25 22:30:09,https://www.bilibili.com/video/BV1E2bR6hEJR/?spm_id_from=333.1387.favlist.content.click&vd_source=406d0cf895bedbdc58a3d0130d55e34c,5,BV1E2bR6hEJR,【杨博文】Attention丨直拍横屏丨16岁高中生内娱主舞的舞台掌控力丨8.16双机位4k精剪,Kismet丨杨博文,2026-08-16 22:13:05,268259.0,29225.0,14338.0,20369.0,4450.0,10046.0,12014.0,184.0,
2026-08-25 22:30:09,https://www.bilibili.com/video/BV1Rib96EE3F/?spm_id_from=333.1387.favlist.content.click&vd_source=406d0cf895bedbdc58a3d0130d55e34c,6,BV1Rib96EE3F,260816 【杨博文】春雪  竖屏4k直拍,meetsummer丨杨博文,2026-08-17 01:54:42,46521.0,9116.0,3563.0,4852.0,1862.0,723.0,751.0,2.0,
2026-08-25 22:30:09,https://www.bilibili.com/video/BV18jgg6BEAd/?spm_id_from=333.1387.favlist.content.click&vd_source=406d0cf895bedbdc58a3d0130d55e34c,7,BV18jgg6BEAd,【4K精剪】摇曳！摇曳！ | 杨博文直拍 | 260813 & 260814,underthepoplar,2026-08-15 13:26:46,71694.0,10298.0,7329.0,6777.0,2900.0,464.0,1165.0,4.0,
2026-08-25 22:30:09,https://www.bilibili.com/video/BV1A5vkB2E1k/?spm_id_from=333.1387.favlist.content.click&vd_source=406d0cf895bedbdc58a3d0130d55e34c,8,BV1A5vkB2E1k,【杨博文】Hey Mama六机位纯舞直拍丨15岁舞台统治者的诞生，四代主舞燃炸全场！,Kismet丨杨博文,2025-12-28 22:28:16,2810701.0,65723.0,45919.0,48047.0,27868.0,13673.0,22023.0,1.0,
2026-08-25 22:30:09,https://www.bilibili.com/video/BV1mJ64BREZY/?spm_id_from=333.337.search-card.all.click&vd_source=406d0cf895bedbdc58a3d0130d55e34c,9,BV1mJ64BREZY,【杨博文】闭嘴跳舞丨当主舞穿上西装就会得到,Kismet丨杨博文,2026-02-01 18:31:00,622262.0,35184.0,4043.0,25442.0,8600.0,447.0,654.0,1.0,
2026-08-25 22:30:09,BV1Qu816ZEoy,10,BV1Qu816ZEoy,测试用，勿点，谢谢,猫球不是毛球啊,2026-08-22 16:55:19,165.0,2.0,0.0,0.0,0.0,0.0,0.0,1.0,
2026-08-25 22:30:09,BV1Vd8B65EkU,11,BV1Vd8B65EkU,0822.3,dddddash6,2026-08-21 21:49:36,113.0,0.0,0.0,1.0,0.0,0.0,0.0,1.0,
2026-08-25 22:30:09,BV1fT8S61Ejo,12,BV1fT8S61Ejo,十一（23）,爱动手的法学生,2026-08-22 23:46:38,125.0,0.0,0.0,0.0,0.0,0.0,0.0,1.0,
2026-08-25 22:30:09,BV1bf816sE8P,13,BV1bf816sE8P,自测，误点,橙子小姐_sheep,2026-08-22 14:38:54,157.0,0.0,0.0,2.0,0.0,0.0,0.0,1.0,
2026-08-25 22:30:09,BV1Te8K6uEJt,14,BV1Te8K6uEJt,勿进勿进勿进！自测 安卓0821,cannndy_,2026-08-21 08:57:55,162.0,0.0,0.0,1.0,0.0,0.0,0.0,1.0,
2026-08-25 22:30:09,BV1au816oEjs,15,BV1au816oEjs,手机自测,熙熙哈哈oO,2026-08-22 16:55:10,364.0,0.0,0.0,0.0,0.0,0.0,0.0,1.0,
2026-08-25 22:30:09,BV1qw816eE1d,16,BV1qw816eE1d,8.22 自测视频 勿点,dgsaydhakjdhjk,2026-08-22 16:56:23,342.0,0.0,0.0,0.0,0.0,0.0,0.0,1.0,
2026-08-25 22:30:09,BV1ci8163ECY,17,BV1ci8163ECY,自测勿点,不完美是常态_,2026-08-22 15:39:32,63.0,0.0,0.0,0.0,0.0,0.0,0.0,1.0,
2026-08-25 22:30:09,BV1dw816YEau,18,,失败,,,,,,,,,,,62012.0
2026-08-25 22:30:09,BV1jg8S6yEuV,19,BV1jg8S6yEuV,自测视频,only筱筱,2026-08-22 23:58:01,243.0,1.0,0.0,0.0,0.0,0.0,0.0,1.0,
2026-08-25 22:30:09,BV1z6816qEbo,20,BV1z6816qEbo,自用,dddii点点,2026-08-22 16:38:15,229.0,1.0,0.0,0.0,0.0,0.0,0.0,1.0,
2026-08-25 22:30:09,BV1eM8168E9p,21,BV1eM8168E9p,自测勿点！！！！,dd鱿鱼须,2026-08-22 16:39:08,180.0,0.0,0.0,1.0,0.0,0.0,0.0,1.0,
2026-08-25 22:30:09,BV14i8M61EdN,22,BV14i8M61EdN,sz,我素质低你让让我,2026-08-21 12:22:44,259.0,1.0,0.0,0.0,0.0,1.0,0.0,1.0,
2026-08-25 22:30:09,BV12A826QEK4,23,BV12A826QEK4,自测 禁点,哈哈哈哈哈11_,2026-08-22 15:15:37,110.0,0.0,0.0,0.0,0.0,0.0,0.0,1.0,
2026-08-25 22:30:09,BV1St8S6wE33,24,BV1St8S6wE33,自测哦,半夏哒哒哒,2026-08-23 00:18:35,147.0,0.0,0.0,0.0,0.0,0.0,0.0,1.0,
2026-08-25 22:30:09,BV1bwbh65Eh7,25,BV1bwbh65Eh7,自测视频！勿点0817,摸鱼堡成员,2026-08-17 09:36:15,480.0,1.0,0.0,0.0,0.0,0.0,0.0,1.0,
2026-08-25 22:30:09,BV15B8r6WEQ3,26,BV15B8r6WEQ3,8.22自测勿点,刘海打歪了,2026-08-22 09:19:46,53.0,0.0,0.0,0.0,0.0,0.0,0.0,1.0,
2026-08-25 22:30:09,BV1ET8S62EvB,27,BV1ET8S62EvB,【牛小Bala】视频已打包，欢迎围观！,牛小Bala,2026-08-22 23:47:03,198.0,0.0,0.0,0.0,0.0,0.0,0.0,1.0,
2026-08-25 22:30:09,BV1kS8y6kEA8,28,BV1kS8y6kEA8,自测 勿点,MENYAOOO,2026-08-22 18:41:15,182.0,0.0,0.0,0.0,0.0,0.0,0.0,1.0,
2026-08-25 22:30:09,BV1pX8y66ELf,29,BV1pX8y66ELf,自测请勿点击,风枷锁,2026-08-22 18:47:46,187.0,1.0,0.0,1.0,0.0,0.0,0.0,1.0,
2026-08-25 22:30:09,BV1uz8y6JEAr,30,BV1uz8y6JEAr,【起司不是qs】第一支视频求三连！,起司不是qs,2026-08-22 18:20:23,180.0,0.0,0.0,0.0,0.0,0.0,0.0,1.0,
2026-08-25 22:30:09,BV1mx8m6REbb,31,BV1mx8m6REbb,自测,甜奶味羊咩,2026-08-22 20:49:17,61.0,0.0,0.0,0.0,0.0,0.0,0.0,1.0,
2026-08-25 22:30:09,BV1du8S65E6x,32,BV1du8S65E6x,测测测,羊咩_0601,2026-08-23 00:02:02,53.0,0.0,0.0,0.0,0.0,0.0,0.0,1.0,
2026-08-25 22:30:09,BV1hn8m6FEcd,33,BV1hn8m6FEcd,自测勿点,哇哦哦噢噢噢哦,2026-08-22 21:06:21,33.0,0.0,0.0,0.0,0.0,0.0,0.0,1.0,
2026-08-25 22:30:09,BV1DE8m68E2D,34,,失败,,,,,,,,,,,62012.0
2026-08-25 22:30:09,BV1jM8m6MEoA,35,BV1jM8m6MEoA,自测，勿点进,Camellia不是cc,2026-08-22 20:29:58,9.0,0.0,0.0,1.0,0.0,0.0,0.0,1.0,
2026-08-25 22:30:09,BV1gE8m6hEJ2,36,BV1gE8m6hEJ2,自测勿点,萌羊叫眠羊,2026-08-22 21:11:17,5.0,0.0,0.0,0.0,0.0,0.0,0.0,1.0,
2026-08-25 22:30:09,BV15V8S6kEYA,37,BV15V8S6kEYA,自测,kuaiqushuijiaoba,2026-08-22 23:32:08,46.0,0.0,0.0,0.0,0.0,0.0,0.0,1.0,
2026-08-25 22:30:09,BV1vG8S6VEgc,38,BV1vG8S6VEgc,8.23自测,萌是天生命TvT,2026-08-22 23:34:07,176.0,0.0,0.0,1.0,0.0,0.0,0.0,1.0,
2026-08-25 22:30:09,BV1Zg8S6CEu5,39,BV1Zg8S6CEu5,自测勿点3,北纬咩雪刊,2026-08-22 23:54:46,57.0,0.0,0.0,0.0,0.0,0.0,0.0,1.0,
2026-08-25 22:30:09,BV1s8BvBPEN5,40,BV1s8BvBPEN5,【杨博文｜4K舞台直拍】好运来祝你好运来～博文宝宝祝你新年好运来,关键时刻来瓶尖叫,2025-12-27 00:43:12,1915762.0,35071.0,17132.0,32461.0,19592.0,4339.0,4875.0,1.0,
2026-08-25 22:30:09,BV1XA6nBGEPV,41,BV1XA6nBGEPV,【4K精剪】希区考克 作品152 | 杨博文直拍 | 260131,underthepoplar,2026-02-01 00:23:17,1946074.0,24110.0,22530.0,20202.0,19012.0,4022.0,6938.0,1.0,
2026-08-25 22:30:09,BV1Phbr6NE8u,42,BV1Phbr6NE8u,【杨博文｜4K多机位直拍】管他什么音乐,Eternity丨杨博文,2026-08-18 12:37:02,1900.0,594.0,182.0,213.0,3.0,9.0,8.0,1.0,
2026-08-25 22:30:09,BV1mX8z6NEzz,43,BV1mX8z6NEzz,【4K精剪】管他什么音乐 | 杨博文直拍 | 260816,underthepoplar,2026-08-22 04:21:09,12546.0,2666.0,1408.0,1370.0,36.0,46.0,67.0,9.0,
2026-08-25 22:30:09,BV1qHbb6QErY,44,BV1qHbb6QErY,杨博文｜260816第肆象限attention<4k精剪>,61strawberry,2026-08-17 06:33:44,9435.0,1595.0,402.0,1084.0,7.0,11.0,16.0,5.0,
2026-08-25 22:30:09,BV1hibB6PEH5,45,BV1hibB6PEH5,【杨博文｜4k直拍】《春雪》我想爱你浅浅不停息～,关键时刻来瓶尖叫,2026-08-18 02:28:40,12524.0,2080.0,438.0,1273.0,5.0,20.0,70.0,1.0,
2026-08-25 22:30:09,BV1N6bi6XE5B,46,BV1N6bi6XE5B,【杨博文】骨骼谢幕丨横屏直拍丨三机位4k字幕版,Kismet丨杨博文,2026-08-17 22:20:49,42035.0,5155.0,1700.0,3330.0,1420.0,72.0,461.0,5.0,
2026-08-25 22:30:09,BV1Gggg6kEhv,47,BV1Gggg6kEhv,【杨博文｜4k直拍】溜溜的她 直拍,关键时刻来瓶尖叫,2026-08-15 05:41:55,58894.0,6176.0,1258.0,4053.0,27.0,20.0,157.0,5.0,
2026-08-25 22:30:09,BV15egs6pEJp,48,BV15egs6pEJp,杨博文｜Whiplash 2机位精剪 直拍 fancam｜4K60｜260813,LOST_杨博文,2026-08-13 23:03:07,87728.0,8297.0,1891.0,6158.0,62.0,69.0,244.0,6.0,
2026-08-25 22:30:09,BV1rqgW6hEvv,49,BV1rqgW6hEvv,【杨博文｜4k直拍】100Ways 直拍,关键时刻来瓶尖叫,2026-08-14 01:41:46,26489.0,3693.0,1469.0,2677.0,36.0,36.0,226.0,6.0,
2026-08-25 22:30:09,BV1b5uf6gEhd,50,BV1b5uf6gEhd,【杨博文】100ways丨直拍双机位丨8.13&14两日精剪,Kismet丨杨博文,2026-08-14 04:12:18,17277.0,2704.0,845.0,1848.0,18.0,17.0,89.0,2.0,
2026-08-25 22:30:09,BV1vCuf6nErK,51,BV1vCuf6nErK,【杨博文】100ways 4k直拍｜力量感爆发气场全开,游园会_杨博文,2026-08-14 03:20:46,13489.0,2278.0,617.0,1619.0,11.0,19.0,40.0,1.0,
2026-08-25 22:30:09,BV16zgA6zEkE,52,BV16zgA6zEkE,【杨博文｜4K】Whiplash 四机位精剪直拍,Eternity丨杨博文,2026-08-14 11:25:47,19455.0,4795.0,1077.0,2022.0,36.0,65.0,170.0,1.0,
2026-08-25 22:30:09,BV1Gigw6XEXN,53,BV1Gigw6XEXN,杨博文｜醉拳 3机位精剪 直拍 fancam｜4K60｜260813,LOST_杨博文,2026-08-14 13:11:22,31301.0,4909.0,2364.0,2831.0,1746.0,56.0,295.0,1.0,
2026-08-25 22:30:09,BV1k9gw6gE4U,54,BV1k9gw6gE4U,「杨博文｜爱的初体验」是不是我的十六岁 注定要为__流泪,Astra_杨博文,2026-08-14 13:49:20,19167.0,2401.0,649.0,1525.0,22.0,13.0,95.0,10.0,
2026-08-25 23:00:10,https://www.bilibili.com/video/BV1GdgW6JEe9/?spm_id_from=333.1387.favlist.content.click&vd_source=406d0cf895bedbdc58a3d0130d55e34c,0,BV1GdgW6JEe9,【杨博文｜4k直拍】Whiplash 双日直拍混剪,关键时刻来瓶尖叫,2026-08-13 23:45:41,228111.0,28393.0,22916.0,21737.0,7021.0,4736.0,8222.0,9.0,
2026-08-25 23:00:10,https://www.bilibili.com/video/BV1W5gs6KEhr/?spm_id_from=333.1387.favlist.content.click&vd_source=406d0cf895bedbdc58a3d0130d55e34c,1,BV1W5gs6KEhr,【4K精剪】异常加载中 | 杨博文直拍 | 260813,underthepoplar,2026-08-13 22:44:57,189365.0,23568.0,15875.0,17491.0,6313.0,7407.0,8663.0,8.0,
2026-08-25 23:00:10,https://www.bilibili.com/video/BV1VFbd6QEjw/spm_id_from=333.1387.favlist.content.click&vd_source=406d0cf895bedbdc58a3d0130d55e34c,2,BV1VFbd6QEjw,【杨博文｜4k直拍】管他什么音乐 直拍,关键时刻来瓶尖叫,2026-08-16 23:08:52,86027.0,6049.0,3566.0,4677.0,2683.0,562.0,30.0,1.0,
2026-08-25 23:00:10,https://www.bilibili.com/video/BV1xebR6zEkr/?spm_id_from=333.1387.favlist.content.click&vd_source=406d0cf895bedbdc58a3d0130d55e34c,3,BV1xebR6zEkr,【4K精剪】Attention | 杨博文直拍 | 260816,underthepoplar,2026-08-16 23:54:18,198274.0,16939.0,10532.0,14069.0,3199.0,1752.0,2835.0,19.0,
2026-08-25 23:00:10,https://www.bilibili.com/video/BV1s3gs6MEej/?spm_id_from=333.1387.favlist.content.click&vd_source=406d0cf895bedbdc58a3d0130d55e34c,4,BV1s3gs6MEej,【杨博文｜4k直拍】爱的初体验 直拍,关键时刻来瓶尖叫,2026-08-13 22:46:37,121099.0,12867.0,6791.0,9901.0,3479.0,523.0,2533.0,4.0,
2026-08-25 23:00:10,https://www.bilibili.com/video/BV1E2bR6hEJR/?spm_id_from=333.1387.favlist.content.click&vd_source=406d0cf895bedbdc58a3d0130d55e34c,5,BV1E2bR6hEJR,【杨博文】Attention丨直拍横屏丨16岁高中生内娱主舞的舞台掌控力丨8.16双机位4k精剪,Kismet丨杨博文,2026-08-16 22:13:05,268569.0,29246.0,14342.0,20383.0,4451.0,10047.0,12016.0,179.0,
2026-08-25 23:00:10,https://www.bilibili.com/video/BV1Rib96EE3F/?spm_id_from=333.1387.favlist.content.click&vd_source=406d0cf895bedbdc58a3d0130d55e34c,6,BV1Rib96EE3F,260816 【杨博文】春雪  竖屏4k直拍,meetsummer丨杨博文,2026-08-17 01:54:42,46587.0,9121.0,3565.0,4854.0,1863.0,723.0,751.0,1.0,
2026-08-25 23:00:10,https://www.bilibili.com/video/BV18jgg6BEAd/?spm_id_from=333.1387.favlist.content.click&vd_source=406d0cf895bedbdc58a3d0130d55e34c,7,BV18jgg6BEAd,【4K精剪】摇曳！摇曳！ | 杨博文直拍 | 260813 & 260814,underthepoplar,2026-08-15 13:26:46,71751.0,10304.0,7329.0,6779.0,2900.0,464.0,1165.0,5.0,
2026-08-25 23:00:10,https://www.bilibili.com/video/BV1A5vkB2E1k/?spm_id_from=333.1387.favlist.content.click&vd_source=406d0cf895bedbdc58a3d0130d55e34c,8,BV1A5vkB2E1k,【杨博文】Hey Mama六机位纯舞直拍丨15岁舞台统治者的诞生，四代主舞燃炸全场！,Kismet丨杨博文,2025-12-28 22:28:16,2810740.0,65726.0,45919.0,48050.0,27868.0,13673.0,22024.0,1.0,
2026-08-25 23:00:10,https://www.bilibili.com/video/BV1mJ64BREZY/?spm_id_from=333.337.search-card.all.click&vd_source=406d0cf895bedbdc58a3d0130d55e34c,9,BV1mJ64BREZY,【杨博文】闭嘴跳舞丨当主舞穿上西装就会得到,Kismet丨杨博文,2026-02-01 18:31:00,622263.0,35184.0,4043.0,25442.0,8600.0,447.0,654.0,1.0,
2026-08-25 23:00:10,BV1Qu816ZEoy,10,BV1Qu816ZEoy,测试用，勿点，谢谢,猫球不是毛球啊,2026-08-22 16:55:19,165.0,2.0,0.0,0.0,0.0,0.0,0.0,1.0,
2026-08-25 23:00:10,BV1Vd8B65EkU,11,BV1Vd8B65EkU,0822.3,dddddash6,2026-08-21 21:49:36,113.0,0.0,0.0,1.0,0.0,0.0,0.0,1.0,
2026-08-25 23:00:10,BV1fT8S61Ejo,12,BV1fT8S61Ejo,十一（23）,爱动手的法学生,2026-08-22 23:46:38,125.0,0.0,0.0,0.0,0.0,0.0,0.0,1.0,
2026-08-25 23:00:10,BV1bf816sE8P,13,BV1bf816sE8P,自测，误点,橙子小姐_sheep,2026-08-22 14:38:54,157.0,0.0,0.0,2.0,0.0,0.0,0.0,1.0,
2026-08-25 23:00:10,BV1Te8K6uEJt,14,BV1Te8K6uEJt,勿进勿进勿进！自测 安卓0821,cannndy_,2026-08-21 08:57:55,162.0,0.0,0.0,1.0,0.0,0.0,0.0,1.0,
2026-08-25 23:00:10,BV1au816oEjs,15,BV1au816oEjs,手机自测,熙熙哈哈oO,2026-08-22 16:55:10,368.0,0.0,0.0,0.0,0.0,0.0,0.0,1.0,
2026-08-25 23:00:10,BV1qw816eE1d,16,BV1qw816eE1d,8.22 自测视频 勿点,dgsaydhakjdhjk,2026-08-22 16:56:23,342.0,0.0,0.0,0.0,0.0,0.0,0.0,1.0,
2026-08-25 23:00:10,BV1ci8163ECY,17,BV1ci8163ECY,自测勿点,不完美是常态_,2026-08-22 15:39:32,67.0,0.0,0.0,0.0,0.0,0.0,0.0,1.0,
2026-08-25 23:00:10,BV1dw816YEau,18,,失败,,,,,,,,,,,62012.0
2026-08-25 23:00:10,BV1jg8S6yEuV,19,BV1jg8S6yEuV,自测视频,only筱筱,2026-08-22 23:58:01,243.0,1.0,0.0,0.0,0.0,0.0,0.0,1.0,
2026-08-25 23:00:10,BV1z6816qEbo,20,BV1z6816qEbo,自用,dddii点点,2026-08-22 16:38:15,229.0,1.0,0.0,0.0,0.0,0.0,0.0,1.0,
2026-08-25 23:00:10,BV1eM8168E9p,21,BV1eM8168E9p,自测勿点！！！！,dd鱿鱼须,2026-08-22 16:39:08,180.0,0.0,0.0,1.0,0.0,0.0,0.0,1.0,
2026-08-25 23:00:10,BV14i8M61EdN,22,BV14i8M61EdN,sz,我素质低你让让我,2026-08-21 12:22:44,259.0,1.0,0.0,0.0,0.0,1.0,0.0,1.0,
2026-08-25 23:00:10,BV12A826QEK4,23,BV12A826QEK4,自测 禁点,哈哈哈哈哈11_,2026-08-22 15:15:37,110.0,0.0,0.0,0.0,0.0,0.0,0.0,1.0,
2026-08-25 23:00:10,BV1St8S6wE33,24,BV1St8S6wE33,自测哦,半夏哒哒哒,2026-08-23 00:18:35,147.0,0.0,0.0,0.0,0.0,0.0,0.0,1.0,
2026-08-25 23:00:10,BV1bwbh65Eh7,25,BV1bwbh65Eh7,自测视频！勿点0817,摸鱼堡成员,2026-08-17 09:36:15,485.0,1.0,0.0,0.0,0.0,0.0,0.0,1.0,
2026-08-25 23:00:10,BV15B8r6WEQ3,26,BV15B8r6WEQ3,8.22自测勿点,刘海打歪了,2026-08-22 09:19:46,53.0,0.0,0.0,0.0,0.0,0.0,0.0,1.0,
2026-08-25 23:00:10,BV1ET8S62EvB,27,BV1ET8S62EvB,【牛小Bala】视频已打包，欢迎围观！,牛小Bala,2026-08-22 23:47:03,198.0,0.0,0.0,0.0,0.0,0.0,0.0,1.0,
2026-08-25 23:00:10,BV1kS8y6kEA8,28,BV1kS8y6kEA8,自测 勿点,MENYAOOO,2026-08-22 18:41:15,182.0,0.0,0.0,0.0,0.0,0.0,0.0,1.0,
2026-08-25 23:00:10,BV1pX8y66ELf,29,BV1pX8y66ELf,自测请勿点击,风枷锁,2026-08-22 18:47:46,187.0,1.0,0.0,1.0,0.0,0.0,0.0,1.0,
2026-08-25 23:00:10,BV1uz8y6JEAr,30,BV1uz8y6JEAr,【起司不是qs】第一支视频求三连！,起司不是qs,2026-08-22 18:20:23,180.0,0.0,0.0,0.0,0.0,0.0,0.0,1.0,
2026-08-25 23:00:10,BV1mx8m6REbb,31,BV1mx8m6REbb,自测,甜奶味羊咩,2026-08-22 20:49:17,61.0,0.0,0.0,0.0,0.0,0.0,0.0,1.0,
2026-08-25 23:00:10,BV1du8S65E6x,32,BV1du8S65E6x,测测测,羊咩_0601,2026-08-23 00:02:02,53.0,0.0,0.0,0.0,0.0,0.0,0.0,1.0,
2026-08-25 23:00:10,BV1hn8m6FEcd,33,BV1hn8m6FEcd,自测勿点,哇哦哦噢噢噢哦,2026-08-22 21:06:21,33.0,0.0,0.0,0.0,0.0,0.0,0.0,1.0,
2026-08-25 23:00:10,BV1DE8m68E2D,34,,失败,,,,,,,,,,,62012.0
2026-08-25 23:00:10,BV1jM8m6MEoA,35,BV1jM8m6MEoA,自测，勿点进,Camellia不是cc,2026-08-22 20:29:58,9.0,0.0,0.0,1.0,0.0,0.0,0.0,1.0,
2026-08-25 23:00:10,BV1gE8m6hEJ2,36,BV1gE8m6hEJ2,自测勿点,萌羊叫眠羊,2026-08-22 21:11:17,5.0,0.0,0.0,0.0,0.0,0.0,0.0,1.0,
2026-08-25 23:00:10,BV15V8S6kEYA,37,BV15V8S6kEYA,自测,kuaiqushuijiaoba,2026-08-22 23:32:08,46.0,0.0,0.0,0.0,0.0,0.0,0.0,1.0,
2026-08-25 23:00:10,BV1vG8S6VEgc,38,BV1vG8S6VEgc,8.23自测,萌是天生命TvT,2026-08-22 23:34:07,176.0,0.0,0.0,1.0,0.0,0.0,0.0,1.0,
2026-08-25 23:00:10,BV1Zg8S6CEu5,39,BV1Zg8S6CEu5,自测勿点3,北纬咩雪刊,2026-08-22 23:54:46,57.0,0.0,0.0,0.0,0.0,0.0,0.0,1.0,
2026-08-25 23:00:10,BV1s8BvBPEN5,40,BV1s8BvBPEN5,【杨博文｜4K舞台直拍】好运来祝你好运来～博文宝宝祝你新年好运来,关键时刻来瓶尖叫,2025-12-27 00:43:12,1915775.0,35070.0,17132.0,32461.0,19592.0,4339.0,4875.0,1.0,
2026-08-25 23:00:10,BV1XA6nBGEPV,41,BV1XA6nBGEPV,【4K精剪】希区考克 作品152 | 杨博文直拍 | 260131,underthepoplar,2026-02-01 00:23:17,1946085.0,24111.0,22530.0,20204.0,19012.0,4022.0,6938.0,1.0,
2026-08-25 23:00:10,BV1Phbr6NE8u,42,BV1Phbr6NE8u,【杨博文｜4K多机位直拍】管他什么音乐,Eternity丨杨博文,2026-08-18 12:37:02,1902.0,594.0,182.0,213.0,3.0,9.0,8.0,1.0,
2026-08-25 23:00:10,BV1mX8z6NEzz,43,BV1mX8z6NEzz,【4K精剪】管他什么音乐 | 杨博文直拍 | 260816,underthepoplar,2026-08-22 04:21:09,12656.0,2669.0,1408.0,1372.0,36.0,46.0,67.0,12.0,
2026-08-25 23:00:10,BV1qHbb6QErY,44,BV1qHbb6QErY,杨博文｜260816第肆象限attention<4k精剪>,61strawberry,2026-08-17 06:33:44,9512.0,1596.0,404.0,1086.0,7.0,11.0,16.0,10.0,
2026-08-25 23:00:10,BV1hibB6PEH5,45,BV1hibB6PEH5,【杨博文｜4k直拍】《春雪》我想爱你浅浅不停息～,关键时刻来瓶尖叫,2026-08-18 02:28:40,12533.0,2081.0,438.0,1274.0,5.0,20.0,70.0,1.0,
2026-08-25 23:00:10,BV1N6bi6XE5B,46,BV1N6bi6XE5B,【杨博文】骨骼谢幕丨横屏直拍丨三机位4k字幕版,Kismet丨杨博文,2026-08-17 22:20:49,42067.0,5157.0,1702.0,3332.0,1420.0,72.0,464.0,2.0,
2026-08-25 23:00:10,BV1Gggg6kEhv,47,BV1Gggg6kEhv,【杨博文｜4k直拍】溜溜的她 直拍,关键时刻来瓶尖叫,2026-08-15 05:41:55,58942.0,6178.0,1258.0,4053.0,27.0,20.0,157.0,4.0,
2026-08-25 23:00:10,BV15egs6pEJp,48,BV15egs6pEJp,杨博文｜Whiplash 2机位精剪 直拍 fancam｜4K60｜260813,LOST_杨博文,2026-08-13 23:03:07,87808.0,8299.0,1892.0,6159.0,62.0,69.0,244.0,9.0,
2026-08-25 23:00:10,BV1rqgW6hEvv,49,BV1rqgW6hEvv,【杨博文｜4k直拍】100Ways 直拍,关键时刻来瓶尖叫,2026-08-14 01:41:46,26577.0,3693.0,1469.0,2677.0,36.0,36.0,226.0,8.0,
2026-08-25 23:00:10,BV1b5uf6gEhd,50,BV1b5uf6gEhd,【杨博文】100ways丨直拍双机位丨8.13&14两日精剪,Kismet丨杨博文,2026-08-14 04:12:18,17287.0,2706.0,845.0,1848.0,18.0,17.0,89.0,4.0,
2026-08-25 23:00:10,BV1vCuf6nErK,51,BV1vCuf6nErK,【杨博文】100ways 4k直拍｜力量感爆发气场全开,游园会_杨博文,2026-08-14 03:20:46,13500.0,2281.0,619.0,1622.0,11.0,19.0,40.0,1.0,
2026-08-25 23:00:10,BV16zgA6zEkE,52,BV16zgA6zEkE,【杨博文｜4K】Whiplash 四机位精剪直拍,Eternity丨杨博文,2026-08-14 11:25:47,19473.0,4798.0,1077.0,2028.0,36.0,65.0,170.0,1.0,
2026-08-25 23:00:10,BV1Gigw6XEXN,53,BV1Gigw6XEXN,杨博文｜醉拳 3机位精剪 直拍 fancam｜4K60｜260813,LOST_杨博文,2026-08-14 13:11:22,31311.0,4909.0,2364.0,2831.0,1746.0,56.0,295.0,2.0,
2026-08-25 23:00:10,BV1k9gw6gE4U,54,BV1k9gw6gE4U,「杨博文｜爱的初体验」是不是我的十六岁 注定要为__流泪,Astra_杨博文,2026-08-14 13:49:20,19251.0,2401.0,649.0,1525.0,22.0,13.0,95.0,11.0,
2026-08-25 23:30:10,https://www.bilibili.com/video/BV1GdgW6JEe9/?spm_id_from=333.1387.favlist.content.click&vd_source=406d0cf895bedbdc58a3d0130d55e34c,0,BV1GdgW6JEe9,【杨博文｜4k直拍】Whiplash 双日直拍混剪,关键时刻来瓶尖叫,2026-08-13 23:45:41,228267.0,28404.0,22922.0,21741.0,7021.0,4736.0,8222.0,8,
2026-08-25 23:30:10,https://www.bilibili.com/video/BV1W5gs6KEhr/?spm_id_from=333.1387.favlist.content.click&vd_source=406d0cf895bedbdc58a3d0130d55e34c,1,BV1W5gs6KEhr,【4K精剪】异常加载中 | 杨博文直拍 | 260813,underthepoplar,2026-08-13 22:44:57,189465.0,23577.0,15877.0,17497.0,6314.0,7408.0,8665.0,7,
2026-08-25 23:30:10,https://www.bilibili.com/video/BV1VFbd6QEjw/spm_id_from=333.1387.favlist.content.click&vd_source=406d0cf895bedbdc58a3d0130d55e34c,2,BV1VFbd6QEjw,【杨博文｜4k直拍】管他什么音乐 直拍,关键时刻来瓶尖叫,2026-08-16 23:08:52,86042.0,6049.0,3566.0,4677.0,2683.0,562.0,30.0,1,
2026-08-25 23:30:10,https://www.bilibili.com/video/BV1xebR6zEkr/?spm_id_from=333.1387.favlist.content.click&vd_source=406d0cf895bedbdc58a3d0130d55e34c,3,BV1xebR6zEkr,【4K精剪】Attention | 杨博文直拍 | 260816,underthepoplar,2026-08-16 23:54:18,198553.0,16956.0,10540.0,14087.0,3201.0,1753.0,2836.0,11,
2026-08-25 23:30:10,https://www.bilibili.com/video/BV1s3gs6MEej/?spm_id_from=333.1387.favlist.content.click&vd_source=406d0cf895bedbdc58a3d0130d55e34c,4,BV1s3gs6MEej,【杨博文｜4k直拍】爱的初体验 直拍,关键时刻来瓶尖叫,2026-08-13 22:46:37,121178.0,12873.0,6793.0,9906.0,3479.0,523.0,2533.0,3,
2026-08-25 23:30:10,https://www.bilibili.com/video/BV1E2bR6hEJR/?spm_id_from=333.1387.favlist.content.click&vd_source=406d0cf895bedbdc58a3d0130d55e34c,5,BV1E2bR6hEJR,【杨博文】Attention丨直拍横屏丨16岁高中生内娱主舞的舞台掌控力丨8.16双机位4k精剪,Kismet丨杨博文,2026-08-16 22:13:05,268854.0,29265.0,14361.0,20393.0,4453.0,10050.0,12017.0,168,
2026-08-25 23:30:10,https://www.bilibili.com/video/BV1Rib96EE3F/?spm_id_from=333.1387.favlist.content.click&vd_source=406d0cf895bedbdc58a3d0130d55e34c,6,BV1Rib96EE3F,260816 【杨博文】春雪  竖屏4k直拍,meetsummer丨杨博文,2026-08-17 01:54:42,46663.0,9129.0,3568.0,4858.0,1863.0,723.0,751.0,2,
2026-08-25 23:30:10,https://www.bilibili.com/video/BV18jgg6BEAd/?spm_id_from=333.1387.favlist.content.click&vd_source=406d0cf895bedbdc58a3d0130d55e34c,7,BV18jgg6BEAd,【4K精剪】摇曳！摇曳！ | 杨博文直拍 | 260813 & 260814,underthepoplar,2026-08-15 13:26:46,71792.0,10309.0,7333.0,6784.0,2900.0,464.0,1166.0,1,
2026-08-25 23:30:10,https://www.bilibili.com/video/BV1A5vkB2E1k/?spm_id_from=333.1387.favlist.content.click&vd_source=406d0cf895bedbdc58a3d0130d55e34c,8,BV1A5vkB2E1k,【杨博文】Hey Mama六机位纯舞直拍丨15岁舞台统治者的诞生，四代主舞燃炸全场！,Kismet丨杨博文,2025-12-28 22:28:16,2810769.0,65732.0,45921.0,48051.0,27868.0,13673.0,22024.0,1,
2026-08-25 23:30:10,https://www.bilibili.com/video/BV1mJ64BREZY/?spm_id_from=333.337.search-card.all.click&vd_source=406d0cf895bedbdc58a3d0130d55e34c,9,BV1mJ64BREZY,【杨博文】闭嘴跳舞丨当主舞穿上西装就会得到,Kismet丨杨博文,2026-02-01 18:31:00,622266.0,35184.0,4043.0,25442.0,8600.0,447.0,654.0,1,
2026-08-25 23:30:10,BV1Qu816ZEoy,10,BV1Qu816ZEoy,测试用，勿点，谢谢,猫球不是毛球啊,2026-08-22 16:55:19,165.0,2.0,0.0,0.0,0.0,0.0,0.0,1,
2026-08-25 23:30:10,BV1Vd8B65EkU,11,BV1Vd8B65EkU,0822.3,dddddash6,2026-08-21 21:49:36,113.0,0.0,0.0,1.0,0.0,0.0,0.0,1,
2026-08-25 23:30:10,BV1fT8S61Ejo,12,BV1fT8S61Ejo,十一（23）,爱动手的法学生,2026-08-22 23:46:38,125.0,0.0,0.0,0.0,0.0,0.0,0.0,1,
2026-08-25 23:30:10,BV1bf816sE8P,13,BV1bf816sE8P,自测，误点,橙子小姐_sheep,2026-08-22 14:38:54,157.0,0.0,0.0,2.0,0.0,0.0,0.0,1,
2026-08-25 23:30:10,BV1Te8K6uEJt,14,BV1Te8K6uEJt,勿进勿进勿进！自测 安卓0821,cannndy_,2026-08-21 08:57:55,162.0,0.0,0.0,1.0,0.0,0.0,0.0,1,
2026-08-25 23:30:10,BV1au816oEjs,15,BV1au816oEjs,手机自测,熙熙哈哈oO,2026-08-22 16:55:10,373.0,0.0,0.0,0.0,0.0,0.0,0.0,1,
2026-08-25 23:30:10,BV1qw816eE1d,16,BV1qw816eE1d,8.22 自测视频 勿点,dgsaydhakjdhjk,2026-08-22 16:56:23,342.0,0.0,0.0,0.0,0.0,0.0,0.0,1,
2026-08-25 23:30:10,BV1ci8163ECY,17,BV1ci8163ECY,自测勿点,不完美是常态_,2026-08-22 15:39:32,72.0,0.0,0.0,0.0,0.0,0.0,0.0,1,
2026-08-25 23:30:10,BV1dw816YEau,18,,失败,,,,,,,,,,,62012
2026-08-25 23:30:10,BV1jg8S6yEuV,19,BV1jg8S6yEuV,自测视频,only筱筱,2026-08-22 23:58:01,243.0,1.0,0.0,0.0,0.0,0.0,0.0,1,
2026-08-25 23:30:10,BV1z6816qEbo,20,BV1z6816qEbo,自用,dddii点点,2026-08-22 16:38:15,229.0,1.0,0.0,0.0,0.0,0.0,0.0,1,
2026-08-25 23:30:10,BV1eM8168E9p,21,BV1eM8168E9p,自测勿点！！！！,dd鱿鱼须,2026-08-22 16:39:08,180.0,0.0,0.0,1.0,0.0,0.0,0.0,1,
2026-08-25 23:30:10,BV14i8M61EdN,22,BV14i8M61EdN,sz,我素质低你让让我,2026-08-21 12:22:44,259.0,1.0,0.0,0.0,0.0,1.0,0.0,1,
2026-08-25 23:30:10,BV12A826QEK4,23,BV12A826QEK4,自测 禁点,哈哈哈哈哈11_,2026-08-22 15:15:37,110.0,0.0,0.0,0.0,0.0,0.0,0.0,1,
2026-08-25 23:30:10,BV1St8S6wE33,24,BV1St8S6wE33,自测哦,半夏哒哒哒,2026-08-23 00:18:35,147.0,0.0,0.0,0.0,0.0,0.0,0.0,1,
2026-08-25 23:30:10,BV1bwbh65Eh7,25,BV1bwbh65Eh7,自测视频！勿点0817,摸鱼堡成员,2026-08-17 09:36:15,490.0,1.0,0.0,0.0,0.0,0.0,0.0,1,
2026-08-25 23:30:10,BV15B8r6WEQ3,26,BV15B8r6WEQ3,8.22自测勿点,刘海打歪了,2026-08-22 09:19:46,53.0,0.0,0.0,0.0,0.0,0.0,0.0,1,
2026-08-25 23:30:10,BV1ET8S62EvB,27,BV1ET8S62EvB,【牛小Bala】视频已打包，欢迎围观！,牛小Bala,2026-08-22 23:47:03,198.0,0.0,0.0,0.0,0.0,0.0,0.0,1,
2026-08-25 23:30:10,BV1kS8y6kEA8,28,BV1kS8y6kEA8,自测 勿点,MENYAOOO,2026-08-22 18:41:15,182.0,0.0,0.0,0.0,0.0,0.0,0.0,1,
2026-08-25 23:30:10,BV1pX8y66ELf,29,BV1pX8y66ELf,自测请勿点击,风枷锁,2026-08-22 18:47:46,187.0,1.0,0.0,1.0,0.0,0.0,0.0,1,
2026-08-25 23:30:10,BV1uz8y6JEAr,30,BV1uz8y6JEAr,【起司不是qs】第一支视频求三连！,起司不是qs,2026-08-22 18:20:23,180.0,0.0,0.0,0.0,0.0,0.0,0.0,1,
2026-08-25 23:30:10,BV1mx8m6REbb,31,BV1mx8m6REbb,自测,甜奶味羊咩,2026-08-22 20:49:17,61.0,0.0,0.0,0.0,0.0,0.0,0.0,1,
2026-08-25 23:30:10,BV1du8S65E6x,32,BV1du8S65E6x,测测测,羊咩_0601,2026-08-23 00:02:02,53.0,0.0,0.0,0.0,0.0,0.0,0.0,1,
2026-08-25 23:30:10,BV1hn8m6FEcd,33,BV1hn8m6FEcd,自测勿点,哇哦哦噢噢噢哦,2026-08-22 21:06:21,33.0,0.0,0.0,0.0,0.0,0.0,0.0,1,
2026-08-25 23:30:10,BV1DE8m68E2D,34,,失败,,,,,,,,,,,62012
2026-08-25 23:30:10,BV1jM8m6MEoA,35,BV1jM8m6MEoA,自测，勿点进,Camellia不是cc,2026-08-22 20:29:58,9.0,0.0,0.0,1.0,0.0,0.0,0.0,1,
2026-08-25 23:30:10,BV1gE8m6hEJ2,36,BV1gE8m6hEJ2,自测勿点,萌羊叫眠羊,2026-08-22 21:11:17,5.0,0.0,0.0,0.0,0.0,0.0,0.0,1,
2026-08-25 23:30:10,BV15V8S6kEYA,37,BV15V8S6kEYA,自测,kuaiqushuijiaoba,2026-08-22 23:32:08,46.0,0.0,0.0,0.0,0.0,0.0,0.0,1,
2026-08-25 23:30:10,BV1vG8S6VEgc,38,BV1vG8S6VEgc,8.23自测,萌是天生命TvT,2026-08-22 23:34:07,176.0,0.0,0.0,1.0,0.0,0.0,0.0,1,
2026-08-25 23:30:10,BV1Zg8S6CEu5,39,BV1Zg8S6CEu5,自测勿点3,北纬咩雪刊,2026-08-22 23:54:46,57.0,0.0,0.0,0.0,0.0,0.0,0.0,1,
2026-08-25 23:30:10,BV1s8BvBPEN5,40,BV1s8BvBPEN5,【杨博文｜4K舞台直拍】好运来祝你好运来～博文宝宝祝你新年好运来,关键时刻来瓶尖叫,2025-12-27 00:43:12,1915776.0,35070.0,17132.0,32461.0,19592.0,4339.0,4875.0,1,
2026-08-25 23:30:10,BV1XA6nBGEPV,41,BV1XA6nBGEPV,【4K精剪】希区考克 作品152 | 杨博文直拍 | 260131,underthepoplar,2026-02-01 00:23:17,1946101.0,24114.0,22533.0,20206.0,19012.0,4022.0,6938.0,1,
2026-08-25 23:30:10,BV1Phbr6NE8u,42,BV1Phbr6NE8u,【杨博文｜4K多机位直拍】管他什么音乐,Eternity丨杨博文,2026-08-18 12:37:02,1903.0,594.0,182.0,214.0,3.0,9.0,8.0,1,
2026-08-25 23:30:10,BV1mX8z6NEzz,43,BV1mX8z6NEzz,【4K精剪】管他什么音乐 | 杨博文直拍 | 260816,underthepoplar,2026-08-22 04:21:09,12776.0,2677.0,1410.0,1377.0,36.0,46.0,67.0,11,
2026-08-25 23:30:10,BV1qHbb6QErY,44,BV1qHbb6QErY,杨博文｜260816第肆象限attention<4k精剪>,61strawberry,2026-08-17 06:33:44,9601.0,1596.0,404.0,1086.0,7.0,11.0,16.0,24,
2026-08-25 23:30:10,BV1hibB6PEH5,45,BV1hibB6PEH5,【杨博文｜4k直拍】《春雪》我想爱你浅浅不停息～,关键时刻来瓶尖叫,2026-08-18 02:28:40,12540.0,2083.0,438.0,1275.0,5.0,20.0,70.0,1,
2026-08-25 23:30:10,BV1N6bi6XE5B,46,BV1N6bi6XE5B,【杨博文】骨骼谢幕丨横屏直拍丨三机位4k字幕版,Kismet丨杨博文,2026-08-17 22:20:49,42085.0,5158.0,1702.0,3332.0,1420.0,72.0,464.0,2,
2026-08-25 23:30:10,BV1Gggg6kEhv,47,BV1Gggg6kEhv,【杨博文｜4k直拍】溜溜的她 直拍,关键时刻来瓶尖叫,2026-08-15 05:41:55,58978.0,6183.0,1258.0,4054.0,27.0,20.0,157.0,2,
2026-08-25 23:30:10,BV15egs6pEJp,48,BV15egs6pEJp,杨博文｜Whiplash 2机位精剪 直拍 fancam｜4K60｜260813,LOST_杨博文,2026-08-13 23:03:07,87911.0,8307.0,1892.0,6162.0,62.0,69.0,244.0,8,
2026-08-25 23:30:10,BV1rqgW6hEvv,49,BV1rqgW6hEvv,【杨博文｜4k直拍】100Ways 直拍,关键时刻来瓶尖叫,2026-08-14 01:41:46,26671.0,3693.0,1469.0,2677.0,36.0,36.0,226.0,4,
2026-08-25 23:30:10,BV1b5uf6gEhd,50,BV1b5uf6gEhd,【杨博文】100ways丨直拍双机位丨8.13&14两日精剪,Kismet丨杨博文,2026-08-14 04:12:18,17301.0,2707.0,847.0,1848.0,18.0,17.0,89.0,3,
2026-08-25 23:30:10,BV1vCuf6nErK,51,BV1vCuf6nErK,【杨博文】100ways 4k直拍｜力量感爆发气场全开,游园会_杨博文,2026-08-14 03:20:46,13503.0,2283.0,619.0,1622.0,11.0,19.0,40.0,1,
2026-08-25 23:30:10,BV16zgA6zEkE,52,BV16zgA6zEkE,【杨博文｜4K】Whiplash 四机位精剪直拍,Eternity丨杨博文,2026-08-14 11:25:47,19497.0,4806.0,1077.0,2029.0,36.0,65.0,170.0,1,
2026-08-25 23:30:10,BV1Gigw6XEXN,53,BV1Gigw6XEXN,杨博文｜醉拳 3机位精剪 直拍 fancam｜4K60｜260813,LOST_杨博文,2026-08-14 13:11:22,31318.0,4909.0,2364.0,2832.0,1746.0,56.0,295.0,1,
2026-08-25 23:30:10,BV1k9gw6gE4U,54,BV1k9gw6gE4U,「杨博文｜爱的初体验」是不是我的十六岁 注定要为__流泪,Astra_杨博文,2026-08-14 13:49:20,19332.0,2403.0,649.0,1526.0,22.0,13.0,95.0,11,
