采集时间,输入,原始顺序,BV号,标题,UP主,上传时间,总播放量,点赞数,投币数,收藏数,转发数,评论数,弹幕数,在线人数,错误
2026-08-23 00:00:01,https://www.bilibili.com/video/BV1GdgW6JEe9/?spm_id_from=333.1387.favlist.content.click&vd_source=406d0cf895bedbdc58a3d0130d55e34c,0,BV1GdgW6JEe9,【杨博文｜4k直拍】Whiplash 双日直拍混剪,关键时刻来瓶尖叫,2026-08-13 23:45:41,202494.0,27208.0,22388.0,20739.0,6465.0,4592.0,7955.0,24.0,
2026-08-23 00:00:01,https://www.bilibili.com/video/BV1W5gs6KEhr/?spm_id_from=333.1387.favlist.content.click&vd_source=406d0cf895bedbdc58a3d0130d55e34c,1,BV1W5gs6KEhr,【4K精剪】异常加载中 | 杨博文直拍 | 260813,underthepoplar,2026-08-13 22:44:57,172549.0,22713.0,15519.0,16747.0,5779.0,7305.0,8447.0,22.0,
2026-08-23 00:00:01,https://www.bilibili.com/video/BV1VFbd6QEjw/spm_id_from=333.1387.favlist.content.click&vd_source=406d0cf895bedbdc58a3d0130d55e34c,2,BV1VFbd6QEjw,【杨博文｜4k直拍】管他什么音乐 直拍,关键时刻来瓶尖叫,2026-08-16 23:08:52,81377.0,5838.0,3457.0,4544.0,2187.0,560.0,471.0,28.0,
2026-08-23 00:00:01,https://www.bilibili.com/video/BV1xebR6zEkr/?spm_id_from=333.1387.favlist.content.click&vd_source=406d0cf895bedbdc58a3d0130d55e34c,3,BV1xebR6zEkr,【4K精剪】Attention | 杨博文直拍 | 260816,underthepoplar,2026-08-16 23:54:18,164059.0,14892.0,9624.0,12215.0,2636.0,530.0,1765.0,34.0,
2026-08-23 00:00:01,https://www.bilibili.com/video/BV1s3gs6MEej/?spm_id_from=333.1387.favlist.content.click&vd_source=406d0cf895bedbdc58a3d0130d55e34c,4,BV1s3gs6MEej,【杨博文｜4k直拍】爱的初体验 直拍,关键时刻来瓶尖叫,2026-08-13 22:46:37,108454.0,12305.0,6597.0,9558.0,2972.0,516.0,2454.0,16.0,
2026-08-23 00:00:01,https://www.bilibili.com/video/BV1E2bR6hEJR/?spm_id_from=333.1387.favlist.content.click&vd_source=406d0cf895bedbdc58a3d0130d55e34c,5,BV1E2bR6hEJR,【杨博文】Attention丨直拍横屏丨16岁高中生内娱主舞的舞台掌控力丨8.16双机位4k精剪,Kismet丨杨博文,2026-08-16 22:13:05,229261.0,26154.0,13097.0,18242.0,3692.0,9263.0,10846.0,220.0,
2026-08-23 00:00:01,https://www.bilibili.com/video/BV1Rib96EE3F/?spm_id_from=333.1387.favlist.content.click&vd_source=406d0cf895bedbdc58a3d0130d55e34c,6,BV1Rib96EE3F,260816 【杨博文】春雪  竖屏4k直拍,meetsummer丨杨博文,2026-08-17 01:54:42,35537.0,8068.0,3322.0,4442.0,1369.0,714.0,705.0,14.0,
2026-08-23 00:00:01,https://www.bilibili.com/video/BV18jgg6BEAd/?spm_id_from=333.1387.favlist.content.click&vd_source=406d0cf895bedbdc58a3d0130d55e34c,7,BV18jgg6BEAd,【4K精剪】摇曳！摇曳！ | 杨博文直拍 | 260813 & 260814,underthepoplar,2026-08-15 13:26:46,63936.0,9515.0,6935.0,6295.0,2389.0,443.0,1072.0,16.0,
2026-08-23 00:00:01,https://www.bilibili.com/video/BV1A5vkB2E1k/?spm_id_from=333.1387.favlist.content.click&vd_source=406d0cf895bedbdc58a3d0130d55e34c,8,BV1A5vkB2E1k,【杨博文】Hey Mama六机位纯舞直拍丨15岁舞台统治者的诞生，四代主舞燃炸全场！,Kismet丨杨博文,2025-12-28 22:28:16,2807098.0,65509.0,45779.0,47924.0,27385.0,13660.0,21998.0,2.0,
2026-08-23 00:00:01,https://www.bilibili.com/video/BV1mJ64BREZY/?spm_id_from=333.337.search-card.all.click&vd_source=406d0cf895bedbdc58a3d0130d55e34c,9,BV1mJ64BREZY,【杨博文】闭嘴跳舞丨当主舞穿上西装就会得到,Kismet丨杨博文,2026-02-01 18:31:00,622001.0,35172.0,4037.0,25454.0,8600.0,447.0,654.0,1.0,
2026-08-23 00:00:01,BV1Qu816ZEoy,10,BV1Qu816ZEoy,测试用，勿点，谢谢,猫球不是毛球啊,2026-08-22 16:55:19,28.0,1.0,0.0,0.0,0.0,0.0,0.0,1.0,
2026-08-23 00:00:01,BV1Vd8B65EkU,11,BV1Vd8B65EkU,0822.3,dddddash6,2026-08-21 21:49:36,108.0,0.0,0.0,1.0,0.0,0.0,0.0,1.0,
2026-08-23 00:00:01,BV1Tw826WEbD,12,BV1Tw826WEbD,测试22,你对个毛线-,2026-08-22 15:21:03,42.0,0.0,0.0,0.0,1.0,0.0,0.0,1.0,
2026-08-23 00:00:01,BV1bf816sE8P,13,BV1bf816sE8P,自测，误点,橙子小姐_sheep,2026-08-22 14:38:54,67.0,0.0,0.0,1.0,0.0,0.0,0.0,1.0,
2026-08-23 00:00:01,BV1Te8K6uEJt,14,BV1Te8K6uEJt,勿进勿进勿进！自测 安卓0821,cannndy_,2026-08-21 08:57:55,65.0,0.0,0.0,1.0,0.0,0.0,0.0,1.0,
2026-08-23 00:00:01,BV1au816oEjs,15,BV1au816oEjs,手机自测,熙熙哈哈oO,2026-08-22 16:55:10,43.0,0.0,0.0,0.0,0.0,0.0,0.0,1.0,
2026-08-23 00:00:01,BV1qw816eE1d,16,BV1qw816eE1d,8.22 自测视频 勿点,dgsaydhakjdhjk,2026-08-22 16:56:23,120.0,0.0,0.0,0.0,0.0,0.0,0.0,1.0,
2026-08-23 00:00:01,BV1ci8163ECY,17,BV1ci8163ECY,自测勿点,不完美是常态_,2026-08-22 15:39:32,40.0,0.0,0.0,0.0,0.0,0.0,0.0,1.0,
2026-08-23 00:00:01,BV1dw816YEau,18,BV1dw816YEau,测试（勿点）,低能量地活着,2026-08-22 16:59:54,27.0,0.0,0.0,0.0,0.0,0.0,0.0,1.0,
2026-08-23 00:00:01,BV151G16pE8E,19,BV151G16pE8E,爱着你呀风雨无阻(自测视频),only筱筱,2026-05-27 14:07:29,676.0,81.0,0.0,19.0,0.0,2.0,0.0,1.0,
2026-08-23 00:00:01,BV1z6816qEbo,20,BV1z6816qEbo,自用,dddii点点,2026-08-22 16:38:15,65.0,1.0,0.0,0.0,0.0,0.0,0.0,1.0,
2026-08-23 00:00:01,BV1eM8168E9p,21,BV1eM8168E9p,自测勿点！！！！,dd鱿鱼须,2026-08-22 16:39:08,51.0,0.0,0.0,1.0,0.0,0.0,0.0,1.0,
2026-08-23 00:00:01,BV14i8M61EdN,22,BV14i8M61EdN,sz,我素质低你让让我,2026-08-21 12:22:44,63.0,0.0,0.0,0.0,0.0,0.0,0.0,1.0,
2026-08-23 00:00:01,BV12A826QEK4,23,BV12A826QEK4,自测 禁点,哈哈哈哈哈11_,2026-08-22 15:15:37,24.0,0.0,0.0,0.0,0.0,0.0,0.0,1.0,
2026-08-23 00:00:01,BV1dU8w6GEyw,24,BV1dU8w6GEyw,刷刷,半夏哒哒哒,2026-08-21 00:57:33,23.0,0.0,0.0,1.0,0.0,0.0,0.0,1.0,
2026-08-23 00:00:01,BV1bwbh65Eh7,25,BV1bwbh65Eh7,自测视频！勿点0817,摸鱼堡成员,2026-08-17 09:36:15,51.0,1.0,0.0,0.0,0.0,0.0,0.0,1.0,
2026-08-23 00:00:01,BV15B8r6WEQ3,26,BV15B8r6WEQ3,8.22自测勿点,刘海打歪了,2026-08-22 09:19:46,52.0,0.0,0.0,1.0,0.0,0.0,0.0,1.0,
2026-08-23 00:00:01,BV1DG816dE5G,27,BV1DG816dE5G,【壹波纹0601】新作上线，快来看看！,壹波纹0601,2026-08-22 17:35:56,43.0,0.0,0.0,0.0,0.0,0.0,0.0,1.0,
2026-08-23 00:00:01,BV1kS8y6kEA8,28,BV1kS8y6kEA8,自测 勿点,MENYAOOO,2026-08-22 18:41:15,41.0,0.0,0.0,0.0,0.0,0.0,0.0,1.0,
2026-08-23 00:00:01,BV1pX8y66ELf,29,BV1pX8y66ELf,自测请勿点击,风枷锁,2026-08-22 18:47:46,50.0,1.0,0.0,1.0,0.0,0.0,0.0,1.0,
2026-08-23 00:00:01,BV1uz8y6JEAr,30,BV1uz8y6JEAr,【起司不是qs】第一支视频求三连！,起司不是qs,2026-08-22 18:20:23,47.0,0.0,0.0,0.0,0.0,0.0,0.0,1.0,
2026-08-23 00:00:01,BV1s8BvBPEN5,31,BV1s8BvBPEN5,【杨博文｜4K舞台直拍】好运来祝你好运来～博文宝宝祝你新年好运来,关键时刻来瓶尖叫,2025-12-27 00:43:12,1915205.0,35002.0,17095.0,32429.0,19587.0,4336.0,4873.0,1.0,
2026-08-23 00:30:04,https://www.bilibili.com/video/BV1GdgW6JEe9/?spm_id_from=333.1387.favlist.content.click&vd_source=406d0cf895bedbdc58a3d0130d55e34c,0,BV1GdgW6JEe9,【杨博文｜4k直拍】Whiplash 双日直拍混剪,关键时刻来瓶尖叫,2026-08-13 23:45:41,202746.0,27216.0,22393.0,20752.0,6472.0,4592.0,7968.0,29.0,
2026-08-23 00:30:04,https://www.bilibili.com/video/BV1W5gs6KEhr/?spm_id_from=333.1387.favlist.content.click&vd_source=406d0cf895bedbdc58a3d0130d55e34c,1,BV1W5gs6KEhr,【4K精剪】异常加载中 | 杨博文直拍 | 260813,underthepoplar,2026-08-13 22:44:57,172704.0,22726.0,15525.0,16763.0,5788.0,7306.0,8467.0,26.0,
2026-08-23 00:30:04,https://www.bilibili.com/video/BV1VFbd6QEjw/spm_id_from=333.1387.favlist.content.click&vd_source=406d0cf895bedbdc58a3d0130d55e34c,2,BV1VFbd6QEjw,【杨博文｜4k直拍】管他什么音乐 直拍,关键时刻来瓶尖叫,2026-08-16 23:08:52,81418.0,5840.0,3459.0,4547.0,2195.0,560.0,471.0,35.0,
2026-08-23 00:30:04,https://www.bilibili.com/video/BV1xebR6zEkr/?spm_id_from=333.1387.favlist.content.click&vd_source=406d0cf895bedbdc58a3d0130d55e34c,3,BV1xebR6zEkr,【4K精剪】Attention | 杨博文直拍 | 260816,underthepoplar,2026-08-16 23:54:18,164298.0,14914.0,9633.0,12241.0,2646.0,531.0,1765.0,42.0,
2026-08-23 00:30:04,https://www.bilibili.com/video/BV1s3gs6MEej/?spm_id_from=333.1387.favlist.content.click&vd_source=406d0cf895bedbdc58a3d0130d55e34c,4,BV1s3gs6MEej,【杨博文｜4k直拍】爱的初体验 直拍,关键时刻来瓶尖叫,2026-08-13 22:46:37,108572.0,12309.0,6599.0,9561.0,2980.0,516.0,2454.0,18.0,
2026-08-23 00:30:04,https://www.bilibili.com/video/BV1E2bR6hEJR/?spm_id_from=333.1387.favlist.content.click&vd_source=406d0cf895bedbdc58a3d0130d55e34c,5,BV1E2bR6hEJR,【杨博文】Attention丨直拍横屏丨16岁高中生内娱主舞的舞台掌控力丨8.16双机位4k精剪,Kismet丨杨博文,2026-08-16 22:13:05,229737.0,26184.0,13110.0,18270.0,3705.0,9306.0,10894.0,217.0,
2026-08-23 00:30:04,https://www.bilibili.com/video/BV1Rib96EE3F/?spm_id_from=333.1387.favlist.content.click&vd_source=406d0cf895bedbdc58a3d0130d55e34c,6,BV1Rib96EE3F,260816 【杨博文】春雪  竖屏4k直拍,meetsummer丨杨博文,2026-08-17 01:54:42,35652.0,8087.0,3328.0,4448.0,1376.0,715.0,706.0,20.0,
2026-08-23 00:30:04,https://www.bilibili.com/video/BV18jgg6BEAd/?spm_id_from=333.1387.favlist.content.click&vd_source=406d0cf895bedbdc58a3d0130d55e34c,7,BV18jgg6BEAd,【4K精剪】摇曳！摇曳！ | 杨博文直拍 | 260813 & 260814,underthepoplar,2026-08-15 13:26:46,64021.0,9520.0,6937.0,6299.0,2396.0,443.0,1072.0,20.0,
2026-08-23 00:30:04,https://www.bilibili.com/video/BV1A5vkB2E1k/?spm_id_from=333.1387.favlist.content.click&vd_source=406d0cf895bedbdc58a3d0130d55e34c,8,BV1A5vkB2E1k,【杨博文】Hey Mama六机位纯舞直拍丨15岁舞台统治者的诞生，四代主舞燃炸全场！,Kismet丨杨博文,2025-12-28 22:28:16,2807161.0,65511.0,45779.0,47926.0,27392.0,13660.0,21998.0,3.0,
2026-08-23 00:30:04,https://www.bilibili.com/video/BV1mJ64BREZY/?spm_id_from=333.337.search-card.all.click&vd_source=406d0cf895bedbdc58a3d0130d55e34c,9,BV1mJ64BREZY,【杨博文】闭嘴跳舞丨当主舞穿上西装就会得到,Kismet丨杨博文,2026-02-01 18:31:00,622018.0,35172.0,4037.0,25454.0,8600.0,447.0,654.0,1.0,
2026-08-23 00:30:04,BV1Qu816ZEoy,10,BV1Qu816ZEoy,测试用，勿点，谢谢,猫球不是毛球啊,2026-08-22 16:55:19,33.0,1.0,0.0,0.0,0.0,0.0,0.0,1.0,
2026-08-23 00:30:04,BV1Vd8B65EkU,11,BV1Vd8B65EkU,0822.3,dddddash6,2026-08-21 21:49:36,112.0,0.0,0.0,1.0,0.0,0.0,0.0,1.0,
2026-08-23 00:30:04,BV1Tw826WEbD,12,BV1Tw826WEbD,测试22,你对个毛线-,2026-08-22 15:21:03,43.0,0.0,0.0,0.0,1.0,0.0,0.0,1.0,
2026-08-23 00:30:04,BV1bf816sE8P,13,BV1bf816sE8P,自测，误点,橙子小姐_sheep,2026-08-22 14:38:54,71.0,0.0,0.0,1.0,0.0,0.0,0.0,1.0,
2026-08-23 00:30:04,BV1Te8K6uEJt,14,BV1Te8K6uEJt,勿进勿进勿进！自测 安卓0821,cannndy_,2026-08-21 08:57:55,70.0,0.0,0.0,1.0,0.0,0.0,0.0,1.0,
2026-08-23 00:30:04,BV1au816oEjs,15,BV1au816oEjs,手机自测,熙熙哈哈oO,2026-08-22 16:55:10,46.0,0.0,0.0,0.0,0.0,0.0,0.0,1.0,
2026-08-23 00:30:04,BV1qw816eE1d,16,BV1qw816eE1d,8.22 自测视频 勿点,dgsaydhakjdhjk,2026-08-22 16:56:23,126.0,0.0,0.0,0.0,0.0,0.0,0.0,1.0,
2026-08-23 00:30:04,BV1ci8163ECY,17,BV1ci8163ECY,自测勿点,不完美是常态_,2026-08-22 15:39:32,41.0,0.0,0.0,0.0,0.0,0.0,0.0,1.0,
2026-08-23 00:30:04,BV1dw816YEau,18,BV1dw816YEau,测试（勿点）,低能量地活着,2026-08-22 16:59:54,27.0,0.0,0.0,0.0,0.0,0.0,0.0,1.0,
2026-08-23 00:30:04,BV151G16pE8E,19,BV151G16pE8E,爱着你呀风雨无阻(自测视频),only筱筱,2026-05-27 14:07:29,676.0,81.0,0.0,19.0,0.0,2.0,0.0,1.0,
2026-08-23 00:30:04,BV1z6816qEbo,20,BV1z6816qEbo,自用,dddii点点,2026-08-22 16:38:15,72.0,1.0,0.0,0.0,0.0,0.0,0.0,1.0,
2026-08-23 00:30:04,BV1eM8168E9p,21,BV1eM8168E9p,自测勿点！！！！,dd鱿鱼须,2026-08-22 16:39:08,51.0,0.0,0.0,1.0,0.0,0.0,0.0,1.0,
2026-08-23 00:30:04,BV14i8M61EdN,22,BV14i8M61EdN,sz,我素质低你让让我,2026-08-21 12:22:44,64.0,0.0,0.0,0.0,0.0,0.0,0.0,1.0,
2026-08-23 00:30:04,BV12A826QEK4,23,BV12A826QEK4,自测 禁点,哈哈哈哈哈11_,2026-08-22 15:15:37,24.0,0.0,0.0,0.0,0.0,0.0,0.0,1.0,
2026-08-23 00:30:04,BV1dU8w6GEyw,24,BV1dU8w6GEyw,刷刷,半夏哒哒哒,2026-08-21 00:57:33,23.0,0.0,0.0,1.0,0.0,0.0,0.0,1.0,
2026-08-23 00:30:04,BV1bwbh65Eh7,25,BV1bwbh65Eh7,自测视频！勿点0817,摸鱼堡成员,2026-08-17 09:36:15,53.0,1.0,0.0,0.0,0.0,0.0,0.0,1.0,
2026-08-23 00:30:04,BV15B8r6WEQ3,26,BV15B8r6WEQ3,8.22自测勿点,刘海打歪了,2026-08-22 09:19:46,53.0,0.0,0.0,0.0,0.0,0.0,0.0,1.0,
2026-08-23 00:30:04,BV1DG816dE5G,27,BV1DG816dE5G,【壹波纹0601】新作上线，快来看看！,壹波纹0601,2026-08-22 17:35:56,43.0,0.0,0.0,0.0,0.0,0.0,0.0,1.0,
2026-08-23 00:30:04,BV1kS8y6kEA8,28,BV1kS8y6kEA8,自测 勿点,MENYAOOO,2026-08-22 18:41:15,44.0,0.0,0.0,0.0,0.0,0.0,0.0,1.0,
2026-08-23 00:30:04,BV1pX8y66ELf,29,BV1pX8y66ELf,自测请勿点击,风枷锁,2026-08-22 18:47:46,50.0,1.0,0.0,1.0,0.0,0.0,0.0,1.0,
2026-08-23 00:30:04,BV1uz8y6JEAr,30,BV1uz8y6JEAr,【起司不是qs】第一支视频求三连！,起司不是qs,2026-08-22 18:20:23,50.0,0.0,0.0,0.0,0.0,0.0,0.0,1.0,
2026-08-23 00:30:04,BV1s8BvBPEN5,31,BV1s8BvBPEN5,【杨博文｜4K舞台直拍】好运来祝你好运来～博文宝宝祝你新年好运来,关键时刻来瓶尖叫,2025-12-27 00:43:12,1915246.0,35011.0,17103.0,32437.0,19588.0,4336.0,4873.0,2.0,
2026-08-23 01:00:08,https://www.bilibili.com/video/BV1GdgW6JEe9/?spm_id_from=333.1387.favlist.content.click&vd_source=406d0cf895bedbdc58a3d0130d55e34c,0,BV1GdgW6JEe9,【杨博文｜4k直拍】Whiplash 双日直拍混剪,关键时刻来瓶尖叫,2026-08-13 23:45:41,202958.0,27229.0,22407.0,20770.0,6477.0,4592.0,7969.0,30.0,
2026-08-23 01:00:08,https://www.bilibili.com/video/BV1W5gs6KEhr/?spm_id_from=333.1387.favlist.content.click&vd_source=406d0cf895bedbdc58a3d0130d55e34c,1,BV1W5gs6KEhr,【4K精剪】异常加载中 | 杨博文直拍 | 260813,underthepoplar,2026-08-13 22:44:57,172846.0,22737.0,15539.0,16773.0,5793.0,7306.0,8468.0,21.0,
2026-08-23 01:00:08,https://www.bilibili.com/video/BV1VFbd6QEjw/spm_id_from=333.1387.favlist.content.click&vd_source=406d0cf895bedbdc58a3d0130d55e34c,2,BV1VFbd6QEjw,【杨博文｜4k直拍】管他什么音乐 直拍,关键时刻来瓶尖叫,2026-08-16 23:08:52,81452.0,5845.0,3459.0,4550.0,2199.0,560.0,471.0,34.0,
2026-08-23 01:00:08,https://www.bilibili.com/video/BV1xebR6zEkr/?spm_id_from=333.1387.favlist.content.click&vd_source=406d0cf895bedbdc58a3d0130d55e34c,3,BV1xebR6zEkr,【4K精剪】Attention | 杨博文直拍 | 260816,underthepoplar,2026-08-16 23:54:18,164517.0,14943.0,9662.0,12263.0,2650.0,533.0,1769.0,32.0,
2026-08-23 01:00:08,https://www.bilibili.com/video/BV1s3gs6MEej/?spm_id_from=333.1387.favlist.content.click&vd_source=406d0cf895bedbdc58a3d0130d55e34c,4,BV1s3gs6MEej,【杨博文｜4k直拍】爱的初体验 直拍,关键时刻来瓶尖叫,2026-08-13 22:46:37,108688.0,12319.0,6603.0,9565.0,2985.0,516.0,2454.0,16.0,
2026-08-23 01:00:08,https://www.bilibili.com/video/BV1E2bR6hEJR/?spm_id_from=333.1387.favlist.content.click&vd_source=406d0cf895bedbdc58a3d0130d55e34c,5,BV1E2bR6hEJR,【杨博文】Attention丨直拍横屏丨16岁高中生内娱主舞的舞台掌控力丨8.16双机位4k精剪,Kismet丨杨博文,2026-08-16 22:13:05,230324.0,26215.0,13135.0,18297.0,3708.0,9307.0,10900.0,205.0,
2026-08-23 01:00:08,https://www.bilibili.com/video/BV1Rib96EE3F/?spm_id_from=333.1387.favlist.content.click&vd_source=406d0cf895bedbdc58a3d0130d55e34c,6,BV1Rib96EE3F,260816 【杨博文】春雪  竖屏4k直拍,meetsummer丨杨博文,2026-08-17 01:54:42,35780.0,8101.0,3332.0,4457.0,1379.0,715.0,707.0,19.0,
2026-08-23 01:00:08,https://www.bilibili.com/video/BV18jgg6BEAd/?spm_id_from=333.1387.favlist.content.click&vd_source=406d0cf895bedbdc58a3d0130d55e34c,7,BV18jgg6BEAd,【4K精剪】摇曳！摇曳！ | 杨博文直拍 | 260813 & 260814,underthepoplar,2026-08-15 13:26:46,64098.0,9525.0,6939.0,6303.0,2398.0,443.0,1073.0,23.0,
2026-08-23 01:00:08,https://www.bilibili.com/video/BV1A5vkB2E1k/?spm_id_from=333.1387.favlist.content.click&vd_source=406d0cf895bedbdc58a3d0130d55e34c,8,BV1A5vkB2E1k,【杨博文】Hey Mama六机位纯舞直拍丨15岁舞台统治者的诞生，四代主舞燃炸全场！,Kismet丨杨博文,2025-12-28 22:28:16,2807217.0,65514.0,45781.0,47927.0,27394.0,13661.0,22000.0,2.0,
2026-08-23 01:00:08,https://www.bilibili.com/video/BV1mJ64BREZY/?spm_id_from=333.337.search-card.all.click&vd_source=406d0cf895bedbdc58a3d0130d55e34c,9,BV1mJ64BREZY,【杨博文】闭嘴跳舞丨当主舞穿上西装就会得到,Kismet丨杨博文,2026-02-01 18:31:00,622019.0,35172.0,4037.0,25454.0,8600.0,447.0,654.0,1.0,
2026-08-23 01:00:08,BV1Qu816ZEoy,10,BV1Qu816ZEoy,测试用，勿点，谢谢,猫球不是毛球啊,2026-08-22 16:55:19,38.0,1.0,0.0,0.0,0.0,0.0,0.0,1.0,
2026-08-23 01:00:08,BV1Vd8B65EkU,11,BV1Vd8B65EkU,0822.3,dddddash6,2026-08-21 21:49:36,112.0,0.0,0.0,1.0,0.0,0.0,0.0,1.0,
2026-08-23 01:00:08,BV1Tw826WEbD,12,BV1Tw826WEbD,测试22,你对个毛线-,2026-08-22 15:21:03,43.0,0.0,0.0,0.0,1.0,0.0,0.0,1.0,
2026-08-23 01:00:08,BV1bf816sE8P,13,BV1bf816sE8P,自测，误点,橙子小姐_sheep,2026-08-22 14:38:54,77.0,0.0,0.0,1.0,0.0,0.0,0.0,1.0,
2026-08-23 01:00:08,BV1Te8K6uEJt,14,BV1Te8K6uEJt,勿进勿进勿进！自测 安卓0821,cannndy_,2026-08-21 08:57:55,74.0,0.0,0.0,1.0,0.0,0.0,0.0,1.0,
2026-08-23 01:00:08,BV1au816oEjs,15,BV1au816oEjs,手机自测,熙熙哈哈oO,2026-08-22 16:55:10,46.0,0.0,0.0,0.0,0.0,0.0,0.0,1.0,
2026-08-23 01:00:08,BV1qw816eE1d,16,BV1qw816eE1d,8.22 自测视频 勿点,dgsaydhakjdhjk,2026-08-22 16:56:23,135.0,0.0,0.0,0.0,0.0,0.0,0.0,1.0,
2026-08-23 01:00:08,BV1ci8163ECY,17,BV1ci8163ECY,自测勿点,不完美是常态_,2026-08-22 15:39:32,41.0,0.0,0.0,0.0,0.0,0.0,0.0,1.0,
2026-08-23 01:00:08,BV1dw816YEau,18,BV1dw816YEau,测试（勿点）,低能量地活着,2026-08-22 16:59:54,27.0,0.0,0.0,0.0,0.0,0.0,0.0,1.0,
2026-08-23 01:00:08,BV151G16pE8E,19,BV151G16pE8E,爱着你呀风雨无阻(自测视频),only筱筱,2026-05-27 14:07:29,676.0,81.0,0.0,19.0,0.0,2.0,0.0,1.0,
2026-08-23 01:00:08,BV1z6816qEbo,20,BV1z6816qEbo,自用,dddii点点,2026-08-22 16:38:15,77.0,1.0,0.0,0.0,0.0,0.0,0.0,1.0,
2026-08-23 01:00:08,BV1eM8168E9p,21,BV1eM8168E9p,自测勿点！！！！,dd鱿鱼须,2026-08-22 16:39:08,51.0,0.0,0.0,1.0,0.0,0.0,0.0,1.0,
2026-08-23 01:00:08,BV14i8M61EdN,22,BV14i8M61EdN,sz,我素质低你让让我,2026-08-21 12:22:44,64.0,0.0,0.0,0.0,0.0,0.0,0.0,1.0,
2026-08-23 01:00:08,BV12A826QEK4,23,BV12A826QEK4,自测 禁点,哈哈哈哈哈11_,2026-08-22 15:15:37,24.0,0.0,0.0,0.0,0.0,0.0,0.0,1.0,
2026-08-23 01:00:08,BV1dU8w6GEyw,24,BV1dU8w6GEyw,刷刷,半夏哒哒哒,2026-08-21 00:57:33,23.0,0.0,0.0,1.0,0.0,0.0,0.0,1.0,
2026-08-23 01:00:08,BV1bwbh65Eh7,25,BV1bwbh65Eh7,自测视频！勿点0817,摸鱼堡成员,2026-08-17 09:36:15,53.0,1.0,0.0,0.0,0.0,0.0,0.0,1.0,
2026-08-23 01:00:08,BV15B8r6WEQ3,26,BV15B8r6WEQ3,8.22自测勿点,刘海打歪了,2026-08-22 09:19:46,53.0,0.0,0.0,0.0,0.0,0.0,0.0,1.0,
2026-08-23 01:00:08,BV1DG816dE5G,27,BV1DG816dE5G,【壹波纹0601】新作上线，快来看看！,壹波纹0601,2026-08-22 17:35:56,43.0,0.0,0.0,0.0,0.0,0.0,0.0,1.0,
2026-08-23 01:00:08,BV1kS8y6kEA8,28,BV1kS8y6kEA8,自测 勿点,MENYAOOO,2026-08-22 18:41:15,48.0,0.0,0.0,0.0,0.0,0.0,0.0,1.0,
2026-08-23 01:00:08,BV1pX8y66ELf,29,BV1pX8y66ELf,自测请勿点击,风枷锁,2026-08-22 18:47:46,50.0,1.0,0.0,1.0,0.0,0.0,0.0,1.0,
2026-08-23 01:00:08,BV1uz8y6JEAr,30,BV1uz8y6JEAr,【起司不是qs】第一支视频求三连！,起司不是qs,2026-08-22 18:20:23,51.0,0.0,0.0,0.0,0.0,0.0,0.0,1.0,
2026-08-23 01:00:08,BV1s8BvBPEN5,31,BV1s8BvBPEN5,【杨博文｜4K舞台直拍】好运来祝你好运来～博文宝宝祝你新年好运来,关键时刻来瓶尖叫,2025-12-27 00:43:12,1915260.0,35013.0,17107.0,32438.0,19589.0,4336.0,4873.0,3.0,
2026-08-23 01:30:01,https://www.bilibili.com/video/BV1GdgW6JEe9/?spm_id_from=333.1387.favlist.content.click&vd_source=406d0cf895bedbdc58a3d0130d55e34c,0,BV1GdgW6JEe9,【杨博文｜4k直拍】Whiplash 双日直拍混剪,关键时刻来瓶尖叫,2026-08-13 23:45:41,203172.0,27239.0,22417.0,20781.0,6482.0,4594.0,7969.0,24.0,
2026-08-23 01:30:01,https://www.bilibili.com/video/BV1W5gs6KEhr/?spm_id_from=333.1387.favlist.content.click&vd_source=406d0cf895bedbdc58a3d0130d55e34c,1,BV1W5gs6KEhr,【4K精剪】异常加载中 | 杨博文直拍 | 260813,underthepoplar,2026-08-13 22:44:57,173016.0,22744.0,15545.0,16782.0,5798.0,7307.0,8470.0,20.0,
2026-08-23 01:30:01,https://www.bilibili.com/video/BV1VFbd6QEjw/spm_id_from=333.1387.favlist.content.click&vd_source=406d0cf895bedbdc58a3d0130d55e34c,2,BV1VFbd6QEjw,【杨博文｜4k直拍】管他什么音乐 直拍,关键时刻来瓶尖叫,2026-08-16 23:08:52,81475.0,5848.0,3459.0,4550.0,2204.0,560.0,471.0,35.0,
2026-08-23 01:30:01,https://www.bilibili.com/video/BV1xebR6zEkr/?spm_id_from=333.1387.favlist.content.click&vd_source=406d0cf895bedbdc58a3d0130d55e34c,3,BV1xebR6zEkr,【4K精剪】Attention | 杨博文直拍 | 260816,underthepoplar,2026-08-16 23:54:18,164725.0,14953.0,9672.0,12273.0,2656.0,533.0,1770.0,24.0,
2026-08-23 01:30:01,https://www.bilibili.com/video/BV1s3gs6MEej/?spm_id_from=333.1387.favlist.content.click&vd_source=406d0cf895bedbdc58a3d0130d55e34c,4,BV1s3gs6MEej,【杨博文｜4k直拍】爱的初体验 直拍,关键时刻来瓶尖叫,2026-08-13 22:46:37,108800.0,12321.0,6606.0,9566.0,2990.0,516.0,2463.0,18.0,
2026-08-23 01:30:01,https://www.bilibili.com/video/BV1E2bR6hEJR/?spm_id_from=333.1387.favlist.content.click&vd_source=406d0cf895bedbdc58a3d0130d55e34c,5,BV1E2bR6hEJR,【杨博文】Attention丨直拍横屏丨16岁高中生内娱主舞的舞台掌控力丨8.16双机位4k精剪,Kismet丨杨博文,2026-08-16 22:13:05,230718.0,26237.0,13139.0,18313.0,3716.0,9322.0,10918.0,192.0,
2026-08-23 01:30:01,https://www.bilibili.com/video/BV1Rib96EE3F/?spm_id_from=333.1387.favlist.content.click&vd_source=406d0cf895bedbdc58a3d0130d55e34c,6,BV1Rib96EE3F,260816 【杨博文】春雪  竖屏4k直拍,meetsummer丨杨博文,2026-08-17 01:54:42,35888.0,8110.0,3338.0,4461.0,1383.0,715.0,718.0,14.0,
2026-08-23 01:30:01,https://www.bilibili.com/video/BV18jgg6BEAd/?spm_id_from=333.1387.favlist.content.click&vd_source=406d0cf895bedbdc58a3d0130d55e34c,7,BV18jgg6BEAd,【4K精剪】摇曳！摇曳！ | 杨博文直拍 | 260813 & 260814,underthepoplar,2026-08-15 13:26:46,64157.0,9532.0,6947.0,6304.0,2404.0,443.0,1081.0,15.0,
2026-08-23 01:30:01,https://www.bilibili.com/video/BV1A5vkB2E1k/?spm_id_from=333.1387.favlist.content.click&vd_source=406d0cf895bedbdc58a3d0130d55e34c,8,BV1A5vkB2E1k,【杨博文】Hey Mama六机位纯舞直拍丨15岁舞台统治者的诞生，四代主舞燃炸全场！,Kismet丨杨博文,2025-12-28 22:28:16,2807265.0,65519.0,45782.0,47930.0,27398.0,13661.0,22000.0,2.0,
2026-08-23 01:30:01,https://www.bilibili.com/video/BV1mJ64BREZY/?spm_id_from=333.337.search-card.all.click&vd_source=406d0cf895bedbdc58a3d0130d55e34c,9,BV1mJ64BREZY,【杨博文】闭嘴跳舞丨当主舞穿上西装就会得到,Kismet丨杨博文,2026-02-01 18:31:00,622020.0,35172.0,4037.0,25454.0,8600.0,447.0,654.0,1.0,
2026-08-23 01:30:01,BV1Qu816ZEoy,10,BV1Qu816ZEoy,测试用，勿点，谢谢,猫球不是毛球啊,2026-08-22 16:55:19,44.0,1.0,0.0,0.0,0.0,0.0,0.0,1.0,
2026-08-23 01:30:01,BV1Vd8B65EkU,11,BV1Vd8B65EkU,0822.3,dddddash6,2026-08-21 21:49:36,112.0,0.0,0.0,1.0,0.0,0.0,0.0,1.0,
2026-08-23 01:30:01,BV1fT8S61Ejo,12,BV1fT8S61Ejo,十一（23）,爱动手的法学生,2026-08-22 23:46:38,13.0,0.0,0.0,0.0,0.0,0.0,0.0,1.0,
2026-08-23 01:30:01,BV1bf816sE8P,13,BV1bf816sE8P,自测，误点,橙子小姐_sheep,2026-08-22 14:38:54,82.0,0.0,0.0,1.0,0.0,0.0,0.0,1.0,
2026-08-23 01:30:01,BV1Te8K6uEJt,14,BV1Te8K6uEJt,勿进勿进勿进！自测 安卓0821,cannndy_,2026-08-21 08:57:55,79.0,0.0,0.0,1.0,0.0,0.0,0.0,1.0,
2026-08-23 01:30:01,BV1au816oEjs,15,BV1au816oEjs,手机自测,熙熙哈哈oO,2026-08-22 16:55:10,46.0,0.0,0.0,0.0,0.0,0.0,0.0,1.0,
2026-08-23 01:30:01,BV1qw816eE1d,16,BV1qw816eE1d,8.22 自测视频 勿点,dgsaydhakjdhjk,2026-08-22 16:56:23,144.0,0.0,0.0,0.0,0.0,0.0,0.0,1.0,
2026-08-23 01:30:01,BV1ci8163ECY,17,BV1ci8163ECY,自测勿点,不完美是常态_,2026-08-22 15:39:32,41.0,0.0,0.0,0.0,0.0,0.0,0.0,1.0,
2026-08-23 01:30:01,BV1dw816YEau,18,BV1dw816YEau,测试（勿点）,低能量地活着,2026-08-22 16:59:54,27.0,0.0,0.0,0.0,0.0,0.0,0.0,1.0,
2026-08-23 01:30:01,BV1jg8S6yEuV,19,BV1jg8S6yEuV,自测视频,only筱筱,2026-08-22 23:58:01,14.0,1.0,0.0,0.0,0.0,0.0,0.0,1.0,
2026-08-23 01:30:01,BV1z6816qEbo,20,BV1z6816qEbo,自用,dddii点点,2026-08-22 16:38:15,83.0,1.0,0.0,0.0,0.0,0.0,0.0,1.0,
2026-08-23 01:30:01,BV1eM8168E9p,21,BV1eM8168E9p,自测勿点！！！！,dd鱿鱼须,2026-08-22 16:39:08,51.0,0.0,0.0,1.0,0.0,0.0,0.0,1.0,
2026-08-23 01:30:01,BV14i8M61EdN,22,BV14i8M61EdN,sz,我素质低你让让我,2026-08-21 12:22:44,64.0,0.0,0.0,0.0,0.0,0.0,0.0,1.0,
2026-08-23 01:30:01,BV12A826QEK4,23,BV12A826QEK4,自测 禁点,哈哈哈哈哈11_,2026-08-22 15:15:37,24.0,0.0,0.0,0.0,0.0,0.0,0.0,1.0,
2026-08-23 01:30:01,BV1St8S6wE33,24,BV1St8S6wE33,自测哦,半夏哒哒哒,2026-08-23 00:18:35,16.0,0.0,0.0,0.0,0.0,0.0,0.0,1.0,
2026-08-23 01:30:01,BV1bwbh65Eh7,25,BV1bwbh65Eh7,自测视频！勿点0817,摸鱼堡成员,2026-08-17 09:36:15,53.0,1.0,0.0,0.0,0.0,0.0,0.0,1.0,
2026-08-23 01:30:01,BV15B8r6WEQ3,26,BV15B8r6WEQ3,8.22自测勿点,刘海打歪了,2026-08-22 09:19:46,53.0,0.0,0.0,0.0,0.0,0.0,0.0,1.0,
2026-08-23 01:30:01,BV1ET8S62EvB,27,BV1ET8S62EvB,【牛小Bala】视频已打包，欢迎围观！,牛小Bala,2026-08-22 23:47:03,4.0,0.0,0.0,0.0,0.0,0.0,0.0,1.0,
2026-08-23 01:30:01,BV1kS8y6kEA8,28,BV1kS8y6kEA8,自测 勿点,MENYAOOO,2026-08-22 18:41:15,53.0,0.0,0.0,0.0,0.0,0.0,0.0,1.0,
2026-08-23 01:30:01,BV1pX8y66ELf,29,BV1pX8y66ELf,自测请勿点击,风枷锁,2026-08-22 18:47:46,50.0,1.0,0.0,1.0,0.0,0.0,0.0,1.0,
2026-08-23 01:30:01,BV1uz8y6JEAr,30,BV1uz8y6JEAr,【起司不是qs】第一支视频求三连！,起司不是qs,2026-08-22 18:20:23,51.0,0.0,0.0,0.0,0.0,0.0,0.0,1.0,
2026-08-23 01:30:01,BV1mx8m6REbb,31,BV1mx8m6REbb,自测,甜奶味羊咩,2026-08-22 20:49:17,23.0,0.0,0.0,0.0,0.0,0.0,0.0,1.0,
2026-08-23 01:30:01,BV1du8S65E6x,32,BV1du8S65E6x,测测测,羊咩_0601,2026-08-23 00:02:02,12.0,0.0,0.0,0.0,0.0,0.0,0.0,1.0,
2026-08-23 01:30:01,BV1hn8m6FEcd,33,BV1hn8m6FEcd,自测勿点,哇哦哦噢噢噢哦,2026-08-22 21:06:21,24.0,0.0,0.0,0.0,0.0,0.0,0.0,1.0,
2026-08-23 01:30:01,BV1DE8m68E2D,34,BV1DE8m68E2D,自测勿点,半柚奶序,2026-08-22 21:10:31,15.0,0.0,0.0,1.0,0.0,0.0,0.0,1.0,
2026-08-23 01:30:01,BV1jM8m6MEoA,35,BV1jM8m6MEoA,自测，勿点进,Camellia不是cc,2026-08-22 20:29:58,5.0,0.0,0.0,1.0,0.0,0.0,0.0,1.0,
2026-08-23 01:30:01,BV1gE8m6hEJ2,36,BV1gE8m6hEJ2,自测勿点,萌羊叫眠羊,2026-08-22 21:11:17,5.0,0.0,0.0,0.0,0.0,0.0,0.0,1.0,
2026-08-23 01:30:01,BV15V8S6kEYA,37,BV15V8S6kEYA,自测,kuaiqushuijiaoba,2026-08-22 23:32:08,1.0,0.0,0.0,0.0,0.0,0.0,0.0,1.0,
2026-08-23 01:30:01,BV1vG8S6VEgc,38,BV1vG8S6VEgc,8.23自测,萌是天生命TvT,2026-08-22 23:34:07,19.0,0.0,0.0,1.0,0.0,0.0,0.0,1.0,
2026-08-23 01:30:01,BV1Zg8S6CEu5,39,BV1Zg8S6CEu5,自测勿点3,北纬咩雪刊,2026-08-22 23:54:46,4.0,0.0,0.0,0.0,0.0,0.0,0.0,1.0,
2026-08-23 01:30:01,BV1s8BvBPEN5,40,BV1s8BvBPEN5,【杨博文｜4K舞台直拍】好运来祝你好运来～博文宝宝祝你新年好运来,关键时刻来瓶尖叫,2025-12-27 00:43:12,1915271.0,35014.0,17107.0,32442.0,19589.0,4336.0,4873.0,4.0,
2026-08-23 01:30:01,BV1XA6nBGEPV,41,BV1XA6nBGEPV,【4K精剪】希区考克 作品152 | 杨博文直拍 | 260131,underthepoplar,2026-02-01 00:23:17,1945221.0,24052.0,22483.0,20167.0,19010.0,4020.0,6937.0,1.0,
2026-08-23 02:00:02,https://www.bilibili.com/video/BV1GdgW6JEe9/?spm_id_from=333.1387.favlist.content.click&vd_source=406d0cf895bedbdc58a3d0130d55e34c,0,BV1GdgW6JEe9,【杨博文｜4k直拍】Whiplash 双日直拍混剪,关键时刻来瓶尖叫,2026-08-13 23:45:41,203374.0,27241.0,22419.0,20791.0,6489.0,4595.0,7969.0,19.0,
2026-08-23 02:00:02,https://www.bilibili.com/video/BV1W5gs6KEhr/?spm_id_from=333.1387.favlist.content.click&vd_source=406d0cf895bedbdc58a3d0130d55e34c,1,BV1W5gs6KEhr,【4K精剪】异常加载中 | 杨博文直拍 | 260813,underthepoplar,2026-08-13 22:44:57,173163.0,22753.0,15551.0,16792.0,5805.0,7312.0,8470.0,23.0,
2026-08-23 02:00:02,https://www.bilibili.com/video/BV1VFbd6QEjw/spm_id_from=333.1387.favlist.content.click&vd_source=406d0cf895bedbdc58a3d0130d55e34c,2,BV1VFbd6QEjw,【杨博文｜4k直拍】管他什么音乐 直拍,关键时刻来瓶尖叫,2026-08-16 23:08:52,81503.0,5851.0,3463.0,4552.0,2210.0,560.0,471.0,15.0,
2026-08-23 02:00:02,https://www.bilibili.com/video/BV1xebR6zEkr/?spm_id_from=333.1387.favlist.content.click&vd_source=406d0cf895bedbdc58a3d0130d55e34c,3,BV1xebR6zEkr,【4K精剪】Attention | 杨博文直拍 | 260816,underthepoplar,2026-08-16 23:54:18,164914.0,14967.0,9684.0,12288.0,2661.0,534.0,1770.0,28.0,
2026-08-23 02:00:02,https://www.bilibili.com/video/BV1s3gs6MEej/?spm_id_from=333.1387.favlist.content.click&vd_source=406d0cf895bedbdc58a3d0130d55e34c,4,BV1s3gs6MEej,【杨博文｜4k直拍】爱的初体验 直拍,关键时刻来瓶尖叫,2026-08-13 22:46:37,108912.0,12323.0,6610.0,9567.0,2996.0,516.0,2463.0,17.0,
2026-08-23 02:00:02,https://www.bilibili.com/video/BV1E2bR6hEJR/?spm_id_from=333.1387.favlist.content.click&vd_source=406d0cf895bedbdc58a3d0130d55e34c,5,BV1E2bR6hEJR,【杨博文】Attention丨直拍横屏丨16岁高中生内娱主舞的舞台掌控力丨8.16双机位4k精剪,Kismet丨杨博文,2026-08-16 22:13:05,231036.0,26257.0,13154.0,18336.0,3723.0,9336.0,10933.0,219.0,
2026-08-23 02:00:02,https://www.bilibili.com/video/BV1Rib96EE3F/?spm_id_from=333.1387.favlist.content.click&vd_source=406d0cf895bedbdc58a3d0130d55e34c,6,BV1Rib96EE3F,260816 【杨博文】春雪  竖屏4k直拍,meetsummer丨杨博文,2026-08-17 01:54:42,35998.0,8117.0,3338.0,4461.0,1389.0,715.0,718.0,14.0,
2026-08-23 02:00:02,https://www.bilibili.com/video/BV18jgg6BEAd/?spm_id_from=333.1387.favlist.content.click&vd_source=406d0cf895bedbdc58a3d0130d55e34c,7,BV18jgg6BEAd,【4K精剪】摇曳！摇曳！ | 杨博文直拍 | 260813 & 260814,underthepoplar,2026-08-15 13:26:46,64203.0,9540.0,6954.0,6308.0,2410.0,443.0,1085.0,14.0,
2026-08-23 02:00:02,https://www.bilibili.com/video/BV1A5vkB2E1k/?spm_id_from=333.1387.favlist.content.click&vd_source=406d0cf895bedbdc58a3d0130d55e34c,8,BV1A5vkB2E1k,【杨博文】Hey Mama六机位纯舞直拍丨15岁舞台统治者的诞生，四代主舞燃炸全场！,Kismet丨杨博文,2025-12-28 22:28:16,2807299.0,65519.0,45782.0,47928.0,27404.0,13661.0,22000.0,1.0,
2026-08-23 02:00:02,https://www.bilibili.com/video/BV1mJ64BREZY/?spm_id_from=333.337.search-card.all.click&vd_source=406d0cf895bedbdc58a3d0130d55e34c,9,BV1mJ64BREZY,【杨博文】闭嘴跳舞丨当主舞穿上西装就会得到,Kismet丨杨博文,2026-02-01 18:31:00,622020.0,35172.0,4037.0,25454.0,8600.0,447.0,654.0,1.0,
2026-08-23 02:00:02,BV1Qu816ZEoy,10,BV1Qu816ZEoy,测试用，勿点，谢谢,猫球不是毛球啊,2026-08-22 16:55:19,49.0,1.0,0.0,0.0,0.0,0.0,0.0,1.0,
2026-08-23 02:00:02,BV1Vd8B65EkU,11,BV1Vd8B65EkU,0822.3,dddddash6,2026-08-21 21:49:36,112.0,0.0,0.0,1.0,0.0,0.0,0.0,1.0,
2026-08-23 02:00:02,BV1fT8S61Ejo,12,BV1fT8S61Ejo,十一（23）,爱动手的法学生,2026-08-22 23:46:38,18.0,0.0,0.0,0.0,0.0,0.0,0.0,1.0,
2026-08-23 02:00:02,BV1bf816sE8P,13,BV1bf816sE8P,自测，误点,橙子小姐_sheep,2026-08-22 14:38:54,86.0,0.0,0.0,1.0,0.0,0.0,0.0,1.0,
2026-08-23 02:00:02,BV1Te8K6uEJt,14,BV1Te8K6uEJt,勿进勿进勿进！自测 安卓0821,cannndy_,2026-08-21 08:57:55,84.0,0.0,0.0,1.0,0.0,0.0,0.0,1.0,
2026-08-23 02:00:02,BV1au816oEjs,15,BV1au816oEjs,手机自测,熙熙哈哈oO,2026-08-22 16:55:10,50.0,0.0,0.0,0.0,0.0,0.0,0.0,1.0,
2026-08-23 02:00:02,BV1qw816eE1d,16,BV1qw816eE1d,8.22 自测视频 勿点,dgsaydhakjdhjk,2026-08-22 16:56:23,154.0,0.0,0.0,0.0,0.0,0.0,0.0,1.0,
2026-08-23 02:00:02,BV1ci8163ECY,17,BV1ci8163ECY,自测勿点,不完美是常态_,2026-08-22 15:39:32,41.0,0.0,0.0,0.0,0.0,0.0,0.0,1.0,
2026-08-23 02:00:02,BV1dw816YEau,18,BV1dw816YEau,测试（勿点）,低能量地活着,2026-08-22 16:59:54,27.0,0.0,0.0,0.0,0.0,0.0,0.0,1.0,
2026-08-23 02:00:02,BV1jg8S6yEuV,19,BV1jg8S6yEuV,自测视频,only筱筱,2026-08-22 23:58:01,19.0,1.0,0.0,0.0,0.0,0.0,0.0,1.0,
2026-08-23 02:00:02,BV1z6816qEbo,20,BV1z6816qEbo,自用,dddii点点,2026-08-22 16:38:15,90.0,1.0,0.0,0.0,0.0,0.0,0.0,1.0,
2026-08-23 02:00:02,BV1eM8168E9p,21,BV1eM8168E9p,自测勿点！！！！,dd鱿鱼须,2026-08-22 16:39:08,51.0,0.0,0.0,1.0,0.0,0.0,0.0,1.0,
2026-08-23 02:00:02,BV14i8M61EdN,22,BV14i8M61EdN,sz,我素质低你让让我,2026-08-21 12:22:44,64.0,0.0,0.0,0.0,0.0,0.0,0.0,1.0,
2026-08-23 02:00:02,BV12A826QEK4,23,BV12A826QEK4,自测 禁点,哈哈哈哈哈11_,2026-08-22 15:15:37,24.0,0.0,0.0,0.0,0.0,0.0,0.0,1.0,
2026-08-23 02:00:02,BV1St8S6wE33,24,BV1St8S6wE33,自测哦,半夏哒哒哒,2026-08-23 00:18:35,22.0,0.0,0.0,0.0,0.0,0.0,0.0,1.0,
2026-08-23 02:00:02,BV1bwbh65Eh7,25,BV1bwbh65Eh7,自测视频！勿点0817,摸鱼堡成员,2026-08-17 09:36:15,56.0,1.0,0.0,0.0,0.0,0.0,0.0,1.0,
2026-08-23 02:00:02,BV15B8r6WEQ3,26,BV15B8r6WEQ3,8.22自测勿点,刘海打歪了,2026-08-22 09:19:46,53.0,0.0,0.0,0.0,0.0,0.0,0.0,1.0,
2026-08-23 02:00:02,BV1ET8S62EvB,27,BV1ET8S62EvB,【牛小Bala】视频已打包，欢迎围观！,牛小Bala,2026-08-22 23:47:03,4.0,0.0,0.0,0.0,0.0,0.0,0.0,1.0,
2026-08-23 02:00:02,BV1kS8y6kEA8,28,BV1kS8y6kEA8,自测 勿点,MENYAOOO,2026-08-22 18:41:15,58.0,0.0,0.0,0.0,0.0,0.0,0.0,1.0,
2026-08-23 02:00:02,BV1pX8y66ELf,29,BV1pX8y66ELf,自测请勿点击,风枷锁,2026-08-22 18:47:46,50.0,1.0,0.0,1.0,0.0,0.0,0.0,1.0,
2026-08-23 02:00:02,BV1uz8y6JEAr,30,BV1uz8y6JEAr,【起司不是qs】第一支视频求三连！,起司不是qs,2026-08-22 18:20:23,51.0,0.0,0.0,0.0,0.0,0.0,0.0,1.0,
2026-08-23 02:00:02,BV1mx8m6REbb,31,BV1mx8m6REbb,自测,甜奶味羊咩,2026-08-22 20:49:17,23.0,0.0,0.0,0.0,0.0,0.0,0.0,1.0,
2026-08-23 02:00:02,BV1du8S65E6x,32,BV1du8S65E6x,测测测,羊咩_0601,2026-08-23 00:02:02,17.0,0.0,0.0,0.0,0.0,0.0,0.0,1.0,
2026-08-23 02:00:02,BV1hn8m6FEcd,33,BV1hn8m6FEcd,自测勿点,哇哦哦噢噢噢哦,2026-08-22 21:06:21,24.0,0.0,0.0,0.0,0.0,0.0,0.0,1.0,
2026-08-23 02:00:02,BV1DE8m68E2D,34,BV1DE8m68E2D,自测勿点,半柚奶序,2026-08-22 21:10:31,19.0,0.0,0.0,1.0,0.0,0.0,0.0,1.0,
2026-08-23 02:00:02,BV1jM8m6MEoA,35,BV1jM8m6MEoA,自测，勿点进,Camellia不是cc,2026-08-22 20:29:58,5.0,0.0,0.0,1.0,0.0,0.0,0.0,1.0,
2026-08-23 02:00:02,BV1gE8m6hEJ2,36,BV1gE8m6hEJ2,自测勿点,萌羊叫眠羊,2026-08-22 21:11:17,5.0,0.0,0.0,0.0,0.0,0.0,0.0,1.0,
2026-08-23 02:00:02,BV15V8S6kEYA,37,BV15V8S6kEYA,自测,kuaiqushuijiaoba,2026-08-22 23:32:08,1.0,0.0,0.0,0.0,0.0,0.0,0.0,1.0,
2026-08-23 02:00:02,BV1vG8S6VEgc,38,BV1vG8S6VEgc,8.23自测,萌是天生命TvT,2026-08-22 23:34:07,24.0,0.0,0.0,1.0,0.0,0.0,0.0,1.0,
2026-08-23 02:00:02,BV1Zg8S6CEu5,39,BV1Zg8S6CEu5,自测勿点3,北纬咩雪刊,2026-08-22 23:54:46,7.0,0.0,0.0,0.0,0.0,0.0,0.0,1.0,
2026-08-23 02:00:02,BV1s8BvBPEN5,40,BV1s8BvBPEN5,【杨博文｜4K舞台直拍】好运来祝你好运来～博文宝宝祝你新年好运来,关键时刻来瓶尖叫,2025-12-27 00:43:12,1915275.0,35014.0,17107.0,32442.0,19589.0,4336.0,4873.0,3.0,
2026-08-23 02:00:02,BV1XA6nBGEPV,41,BV1XA6nBGEPV,【4K精剪】希区考克 作品152 | 杨博文直拍 | 260131,underthepoplar,2026-02-01 00:23:17,1945231.0,24052.0,22483.0,20167.0,19010.0,4020.0,6937.0,1.0,
2026-08-23 02:30:05,https://www.bilibili.com/video/BV1GdgW6JEe9/?spm_id_from=333.1387.favlist.content.click&vd_source=406d0cf895bedbdc58a3d0130d55e34c,0,BV1GdgW6JEe9,【杨博文｜4k直拍】Whiplash 双日直拍混剪,关键时刻来瓶尖叫,2026-08-13 23:45:41,203574.0,27250.0,22424.0,20802.0,6496.0,4595.0,7969.0,23.0,
2026-08-23 02:30:05,https://www.bilibili.com/video/BV1W5gs6KEhr/?spm_id_from=333.1387.favlist.content.click&vd_source=406d0cf895bedbdc58a3d0130d55e34c,1,BV1W5gs6KEhr,【4K精剪】异常加载中 | 杨博文直拍 | 260813,underthepoplar,2026-08-13 22:44:57,173319.0,22758.0,15555.0,16801.0,5812.0,7313.0,8472.0,19.0,
2026-08-23 02:30:05,https://www.bilibili.com/video/BV1VFbd6QEjw/spm_id_from=333.1387.favlist.content.click&vd_source=406d0cf895bedbdc58a3d0130d55e34c,2,BV1VFbd6QEjw,【杨博文｜4k直拍】管他什么音乐 直拍,关键时刻来瓶尖叫,2026-08-16 23:08:52,81523.0,5853.0,3463.0,4551.0,2217.0,560.0,471.0,13.0,
2026-08-23 02:30:05,https://www.bilibili.com/video/BV1xebR6zEkr/?spm_id_from=333.1387.favlist.content.click&vd_source=406d0cf895bedbdc58a3d0130d55e34c,3,BV1xebR6zEkr,【4K精剪】Attention | 杨博文直拍 | 260816,underthepoplar,2026-08-16 23:54:18,165110.0,14975.0,9695.0,12302.0,2669.0,683.0,1850.0,30.0,
2026-08-23 02:30:05,https://www.bilibili.com/video/BV1s3gs6MEej/?spm_id_from=333.1387.favlist.content.click&vd_source=406d0cf895bedbdc58a3d0130d55e34c,4,BV1s3gs6MEej,【杨博文｜4k直拍】爱的初体验 直拍,关键时刻来瓶尖叫,2026-08-13 22:46:37,109039.0,12329.0,6611.0,9568.0,3003.0,516.0,2464.0,17.0,
2026-08-23 02:30:05,https://www.bilibili.com/video/BV1E2bR6hEJR/?spm_id_from=333.1387.favlist.content.click&vd_source=406d0cf895bedbdc58a3d0130d55e34c,5,BV1E2bR6hEJR,【杨博文】Attention丨直拍横屏丨16岁高中生内娱主舞的舞台掌控力丨8.16双机位4k精剪,Kismet丨杨博文,2026-08-16 22:13:05,231321.0,26278.0,13161.0,18352.0,3731.0,9338.0,10935.0,221.0,
2026-08-23 02:30:05,https://www.bilibili.com/video/BV1Rib96EE3F/?spm_id_from=333.1387.favlist.content.click&vd_source=406d0cf895bedbdc58a3d0130d55e34c,6,BV1Rib96EE3F,260816 【杨博文】春雪  竖屏4k直拍,meetsummer丨杨博文,2026-08-17 01:54:42,36128.0,8127.0,3342.0,4463.0,1395.0,715.0,718.0,13.0,
2026-08-23 02:30:05,https://www.bilibili.com/video/BV18jgg6BEAd/?spm_id_from=333.1387.favlist.content.click&vd_source=406d0cf895bedbdc58a3d0130d55e34c,7,BV18jgg6BEAd,【4K精剪】摇曳！摇曳！ | 杨博文直拍 | 260813 & 260814,underthepoplar,2026-08-15 13:26:46,64244.0,9544.0,6954.0,6312.0,2416.0,443.0,1085.0,18.0,
2026-08-23 02:30:05,https://www.bilibili.com/video/BV1A5vkB2E1k/?spm_id_from=333.1387.favlist.content.click&vd_source=406d0cf895bedbdc58a3d0130d55e34c,8,BV1A5vkB2E1k,【杨博文】Hey Mama六机位纯舞直拍丨15岁舞台统治者的诞生，四代主舞燃炸全场！,Kismet丨杨博文,2025-12-28 22:28:16,2807320.0,65522.0,45784.0,47929.0,27410.0,13661.0,22000.0,1.0,
2026-08-23 02:30:05,https://www.bilibili.com/video/BV1mJ64BREZY/?spm_id_from=333.337.search-card.all.click&vd_source=406d0cf895bedbdc58a3d0130d55e34c,9,BV1mJ64BREZY,【杨博文】闭嘴跳舞丨当主舞穿上西装就会得到,Kismet丨杨博文,2026-02-01 18:31:00,622020.0,35172.0,4037.0,25452.0,8600.0,447.0,654.0,1.0,
2026-08-23 02:30:05,BV1Qu816ZEoy,10,BV1Qu816ZEoy,测试用，勿点，谢谢,猫球不是毛球啊,2026-08-22 16:55:19,49.0,1.0,0.0,0.0,0.0,0.0,0.0,1.0,
2026-08-23 02:30:05,BV1Vd8B65EkU,11,BV1Vd8B65EkU,0822.3,dddddash6,2026-08-21 21:49:36,112.0,0.0,0.0,1.0,0.0,0.0,0.0,1.0,
2026-08-23 02:30:05,BV1fT8S61Ejo,12,BV1fT8S61Ejo,十一（23）,爱动手的法学生,2026-08-22 23:46:38,22.0,0.0,0.0,0.0,0.0,0.0,0.0,1.0,
2026-08-23 02:30:05,BV1bf816sE8P,13,BV1bf816sE8P,自测，误点,橙子小姐_sheep,2026-08-22 14:38:54,91.0,0.0,0.0,1.0,0.0,0.0,0.0,1.0,
2026-08-23 02:30:05,BV1Te8K6uEJt,14,BV1Te8K6uEJt,勿进勿进勿进！自测 安卓0821,cannndy_,2026-08-21 08:57:55,88.0,0.0,0.0,1.0,0.0,0.0,0.0,1.0,
2026-08-23 02:30:05,BV1au816oEjs,15,BV1au816oEjs,手机自测,熙熙哈哈oO,2026-08-22 16:55:10,50.0,0.0,0.0,0.0,0.0,0.0,0.0,1.0,
2026-08-23 02:30:05,BV1qw816eE1d,16,BV1qw816eE1d,8.22 自测视频 勿点,dgsaydhakjdhjk,2026-08-22 16:56:23,162.0,0.0,0.0,0.0,0.0,0.0,0.0,1.0,
2026-08-23 02:30:05,BV1ci8163ECY,17,BV1ci8163ECY,自测勿点,不完美是常态_,2026-08-22 15:39:32,41.0,0.0,0.0,0.0,0.0,0.0,0.0,1.0,
2026-08-23 02:30:05,BV1dw816YEau,18,BV1dw816YEau,测试（勿点）,低能量地活着,2026-08-22 16:59:54,27.0,0.0,0.0,0.0,0.0,0.0,0.0,1.0,
2026-08-23 02:30:05,BV1jg8S6yEuV,19,BV1jg8S6yEuV,自测视频,only筱筱,2026-08-22 23:58:01,24.0,1.0,0.0,0.0,0.0,0.0,0.0,1.0,
2026-08-23 02:30:05,BV1z6816qEbo,20,BV1z6816qEbo,自用,dddii点点,2026-08-22 16:38:15,96.0,1.0,0.0,0.0,0.0,0.0,0.0,1.0,
2026-08-23 02:30:05,BV1eM8168E9p,21,BV1eM8168E9p,自测勿点！！！！,dd鱿鱼须,2026-08-22 16:39:08,55.0,0.0,0.0,1.0,0.0,0.0,0.0,1.0,
2026-08-23 02:30:05,BV14i8M61EdN,22,BV14i8M61EdN,sz,我素质低你让让我,2026-08-21 12:22:44,64.0,0.0,0.0,0.0,0.0,0.0,0.0,1.0,
2026-08-23 02:30:05,BV12A826QEK4,23,BV12A826QEK4,自测 禁点,哈哈哈哈哈11_,2026-08-22 15:15:37,24.0,0.0,0.0,0.0,0.0,0.0,0.0,1.0,
2026-08-23 02:30:05,BV1St8S6wE33,24,BV1St8S6wE33,自测哦,半夏哒哒哒,2026-08-23 00:18:35,26.0,0.0,0.0,0.0,0.0,0.0,0.0,1.0,
2026-08-23 02:30:05,BV1bwbh65Eh7,25,BV1bwbh65Eh7,自测视频！勿点0817,摸鱼堡成员,2026-08-17 09:36:15,62.0,1.0,0.0,0.0,0.0,0.0,0.0,1.0,
2026-08-23 02:30:05,BV15B8r6WEQ3,26,BV15B8r6WEQ3,8.22自测勿点,刘海打歪了,2026-08-22 09:19:46,53.0,0.0,0.0,0.0,0.0,0.0,0.0,1.0,
2026-08-23 02:30:05,BV1ET8S62EvB,27,BV1ET8S62EvB,【牛小Bala】视频已打包，欢迎围观！,牛小Bala,2026-08-22 23:47:03,4.0,0.0,0.0,0.0,0.0,0.0,0.0,1.0,
2026-08-23 02:30:05,BV1kS8y6kEA8,28,BV1kS8y6kEA8,自测 勿点,MENYAOOO,2026-08-22 18:41:15,62.0,0.0,0.0,0.0,0.0,0.0,0.0,1.0,
2026-08-23 02:30:05,BV1pX8y66ELf,29,BV1pX8y66ELf,自测请勿点击,风枷锁,2026-08-22 18:47:46,50.0,1.0,0.0,1.0,0.0,0.0,0.0,1.0,
2026-08-23 02:30:05,BV1uz8y6JEAr,30,BV1uz8y6JEAr,【起司不是qs】第一支视频求三连！,起司不是qs,2026-08-22 18:20:23,51.0,0.0,0.0,0.0,0.0,0.0,0.0,1.0,
2026-08-23 02:30:05,BV1mx8m6REbb,31,BV1mx8m6REbb,自测,甜奶味羊咩,2026-08-22 20:49:17,23.0,0.0,0.0,0.0,0.0,0.0,0.0,1.0,
2026-08-23 02:30:05,BV1du8S65E6x,32,BV1du8S65E6x,测测测,羊咩_0601,2026-08-23 00:02:02,21.0,0.0,0.0,0.0,0.0,0.0,0.0,1.0,
2026-08-23 02:30:05,BV1hn8m6FEcd,33,BV1hn8m6FEcd,自测勿点,哇哦哦噢噢噢哦,2026-08-22 21:06:21,24.0,0.0,0.0,0.0,0.0,0.0,0.0,1.0,
2026-08-23 02:30:05,BV1DE8m68E2D,34,BV1DE8m68E2D,自测勿点,半柚奶序,2026-08-22 21:10:31,24.0,0.0,0.0,1.0,0.0,0.0,0.0,1.0,
2026-08-23 02:30:05,BV1jM8m6MEoA,35,BV1jM8m6MEoA,自测，勿点进,Camellia不是cc,2026-08-22 20:29:58,5.0,0.0,0.0,1.0,0.0,0.0,0.0,1.0,
2026-08-23 02:30:05,BV1gE8m6hEJ2,36,BV1gE8m6hEJ2,自测勿点,萌羊叫眠羊,2026-08-22 21:11:17,5.0,0.0,0.0,0.0,0.0,0.0,0.0,1.0,
2026-08-23 02:30:05,BV15V8S6kEYA,37,BV15V8S6kEYA,自测,kuaiqushuijiaoba,2026-08-22 23:32:08,1.0,0.0,0.0,0.0,0.0,0.0,0.0,1.0,
2026-08-23 02:30:05,BV1vG8S6VEgc,38,BV1vG8S6VEgc,8.23自测,萌是天生命TvT,2026-08-22 23:34:07,28.0,0.0,0.0,1.0,0.0,0.0,0.0,1.0,
2026-08-23 02:30:05,BV1Zg8S6CEu5,39,BV1Zg8S6CEu5,自测勿点3,北纬咩雪刊,2026-08-22 23:54:46,12.0,0.0,0.0,0.0,0.0,0.0,0.0,1.0,
2026-08-23 02:30:05,BV1s8BvBPEN5,40,BV1s8BvBPEN5,【杨博文｜4K舞台直拍】好运来祝你好运来～博文宝宝祝你新年好运来,关键时刻来瓶尖叫,2025-12-27 00:43:12,1915277.0,35014.0,17107.0,32442.0,19589.0,4336.0,4873.0,3.0,
2026-08-23 02:30:05,BV1XA6nBGEPV,41,BV1XA6nBGEPV,【4K精剪】希区考克 作品152 | 杨博文直拍 | 260131,underthepoplar,2026-02-01 00:23:17,1945236.0,24052.0,22483.0,20167.0,19010.0,4020.0,6937.0,1.0,
2026-08-23 03:00:05,https://www.bilibili.com/video/BV1GdgW6JEe9/?spm_id_from=333.1387.favlist.content.click&vd_source=406d0cf895bedbdc58a3d0130d55e34c,0,BV1GdgW6JEe9,【杨博文｜4k直拍】Whiplash 双日直拍混剪,关键时刻来瓶尖叫,2026-08-13 23:45:41,203754.0,27253.0,22424.0,20807.0,6501.0,4596.0,7970.0,25.0,
2026-08-23 03:00:05,https://www.bilibili.com/video/BV1W5gs6KEhr/?spm_id_from=333.1387.favlist.content.click&vd_source=406d0cf895bedbdc58a3d0130d55e34c,1,BV1W5gs6KEhr,【4K精剪】异常加载中 | 杨博文直拍 | 260813,underthepoplar,2026-08-13 22:44:57,173469.0,22762.0,15557.0,16809.0,5817.0,7313.0,8477.0,23.0,
2026-08-23 03:00:05,https://www.bilibili.com/video/BV1VFbd6QEjw/spm_id_from=333.1387.favlist.content.click&vd_source=406d0cf895bedbdc58a3d0130d55e34c,2,BV1VFbd6QEjw,【杨博文｜4k直拍】管他什么音乐 直拍,关键时刻来瓶尖叫,2026-08-16 23:08:52,81548.0,5854.0,3467.0,4555.0,2222.0,560.0,471.0,16.0,
2026-08-23 03:00:05,https://www.bilibili.com/video/BV1xebR6zEkr/?spm_id_from=333.1387.favlist.content.click&vd_source=406d0cf895bedbdc58a3d0130d55e34c,3,BV1xebR6zEkr,【4K精剪】Attention | 杨博文直拍 | 260816,underthepoplar,2026-08-16 23:54:18,165266.0,14981.0,9698.0,12311.0,2672.0,733.0,1877.0,25.0,
2026-08-23 03:00:05,https://www.bilibili.com/video/BV1s3gs6MEej/?spm_id_from=333.1387.favlist.content.click&vd_source=406d0cf895bedbdc58a3d0130d55e34c,4,BV1s3gs6MEej,【杨博文｜4k直拍】爱的初体验 直拍,关键时刻来瓶尖叫,2026-08-13 22:46:37,109146.0,12332.0,6611.0,9570.0,3008.0,516.0,2464.0,15.0,
2026-08-23 03:00:05,https://www.bilibili.com/video/BV1E2bR6hEJR/?spm_id_from=333.1387.favlist.content.click&vd_source=406d0cf895bedbdc58a3d0130d55e34c,5,BV1E2bR6hEJR,【杨博文】Attention丨直拍横屏丨16岁高中生内娱主舞的舞台掌控力丨8.16双机位4k精剪,Kismet丨杨博文,2026-08-16 22:13:05,231525.0,26290.0,13169.0,18368.0,3737.0,9330.0,10940.0,219.0,
2026-08-23 03:00:05,https://www.bilibili.com/video/BV1Rib96EE3F/?spm_id_from=333.1387.favlist.content.click&vd_source=406d0cf895bedbdc58a3d0130d55e34c,6,BV1Rib96EE3F,260816 【杨博文】春雪  竖屏4k直拍,meetsummer丨杨博文,2026-08-17 01:54:42,36242.0,8130.0,3342.0,4466.0,1399.0,716.0,718.0,11.0,
2026-08-23 03:00:05,https://www.bilibili.com/video/BV18jgg6BEAd/?spm_id_from=333.1387.favlist.content.click&vd_source=406d0cf895bedbdc58a3d0130d55e34c,7,BV18jgg6BEAd,【4K精剪】摇曳！摇曳！ | 杨博文直拍 | 260813 & 260814,underthepoplar,2026-08-15 13:26:46,64287.0,9549.0,6957.0,6316.0,2421.0,444.0,1085.0,17.0,
2026-08-23 03:00:05,https://www.bilibili.com/video/BV1A5vkB2E1k/?spm_id_from=333.1387.favlist.content.click&vd_source=406d0cf895bedbdc58a3d0130d55e34c,8,BV1A5vkB2E1k,【杨博文】Hey Mama六机位纯舞直拍丨15岁舞台统治者的诞生，四代主舞燃炸全场！,Kismet丨杨博文,2025-12-28 22:28:16,2807338.0,65523.0,45784.0,47930.0,27414.0,13661.0,22000.0,1.0,
2026-08-23 03:00:05,https://www.bilibili.com/video/BV1mJ64BREZY/?spm_id_from=333.337.search-card.all.click&vd_source=406d0cf895bedbdc58a3d0130d55e34c,9,BV1mJ64BREZY,【杨博文】闭嘴跳舞丨当主舞穿上西装就会得到,Kismet丨杨博文,2026-02-01 18:31:00,622020.0,35172.0,4037.0,25452.0,8600.0,447.0,654.0,1.0,
2026-08-23 03:00:05,BV1Qu816ZEoy,10,BV1Qu816ZEoy,测试用，勿点，谢谢,猫球不是毛球啊,2026-08-22 16:55:19,49.0,1.0,0.0,0.0,0.0,0.0,0.0,1.0,
2026-08-23 03:00:05,BV1Vd8B65EkU,11,BV1Vd8B65EkU,0822.3,dddddash6,2026-08-21 21:49:36,112.0,0.0,0.0,1.0,0.0,0.0,0.0,1.0,
2026-08-23 03:00:05,BV1fT8S61Ejo,12,BV1fT8S61Ejo,十一（23）,爱动手的法学生,2026-08-22 23:46:38,27.0,0.0,0.0,0.0,0.0,0.0,0.0,1.0,
2026-08-23 03:00:05,BV1bf816sE8P,13,BV1bf816sE8P,自测，误点,橙子小姐_sheep,2026-08-22 14:38:54,96.0,0.0,0.0,1.0,0.0,0.0,0.0,1.0,
2026-08-23 03:00:05,BV1Te8K6uEJt,14,BV1Te8K6uEJt,勿进勿进勿进！自测 安卓0821,cannndy_,2026-08-21 08:57:55,93.0,0.0,0.0,1.0,0.0,0.0,0.0,1.0,
2026-08-23 03:00:05,BV1au816oEjs,15,BV1au816oEjs,手机自测,熙熙哈哈oO,2026-08-22 16:55:10,50.0,0.0,0.0,0.0,0.0,0.0,0.0,1.0,
2026-08-23 03:00:05,BV1qw816eE1d,16,BV1qw816eE1d,8.22 自测视频 勿点,dgsaydhakjdhjk,2026-08-22 16:56:23,173.0,0.0,0.0,0.0,0.0,0.0,0.0,1.0,
2026-08-23 03:00:05,BV1ci8163ECY,17,BV1ci8163ECY,自测勿点,不完美是常态_,2026-08-22 15:39:32,41.0,0.0,0.0,0.0,0.0,0.0,0.0,1.0,
2026-08-23 03:00:05,BV1dw816YEau,18,BV1dw816YEau,测试（勿点）,低能量地活着,2026-08-22 16:59:54,27.0,0.0,0.0,0.0,0.0,0.0,0.0,1.0,
2026-08-23 03:00:05,BV1jg8S6yEuV,19,BV1jg8S6yEuV,自测视频,only筱筱,2026-08-22 23:58:01,29.0,1.0,0.0,0.0,0.0,0.0,0.0,1.0,
2026-08-23 03:00:05,BV1z6816qEbo,20,BV1z6816qEbo,自用,dddii点点,2026-08-22 16:38:15,103.0,1.0,0.0,0.0,0.0,0.0,0.0,1.0,
2026-08-23 03:00:05,BV1eM8168E9p,21,BV1eM8168E9p,自测勿点！！！！,dd鱿鱼须,2026-08-22 16:39:08,61.0,0.0,0.0,1.0,0.0,0.0,0.0,1.0,
2026-08-23 03:00:05,BV14i8M61EdN,22,BV14i8M61EdN,sz,我素质低你让让我,2026-08-21 12:22:44,64.0,0.0,0.0,0.0,0.0,0.0,0.0,1.0,
2026-08-23 03:00:05,BV12A826QEK4,23,BV12A826QEK4,自测 禁点,哈哈哈哈哈11_,2026-08-22 15:15:37,24.0,0.0,0.0,0.0,0.0,0.0,0.0,1.0,
2026-08-23 03:00:05,BV1St8S6wE33,24,BV1St8S6wE33,自测哦,半夏哒哒哒,2026-08-23 00:18:35,31.0,0.0,0.0,0.0,0.0,0.0,0.0,1.0,
2026-08-23 03:00:05,BV1bwbh65Eh7,25,BV1bwbh65Eh7,自测视频！勿点0817,摸鱼堡成员,2026-08-17 09:36:15,66.0,1.0,0.0,0.0,0.0,0.0,0.0,1.0,
2026-08-23 03:00:05,BV15B8r6WEQ3,26,BV15B8r6WEQ3,8.22自测勿点,刘海打歪了,2026-08-22 09:19:46,53.0,0.0,0.0,0.0,0.0,0.0,0.0,1.0,
2026-08-23 03:00:05,BV1ET8S62EvB,27,BV1ET8S62EvB,【牛小Bala】视频已打包，欢迎围观！,牛小Bala,2026-08-22 23:47:03,4.0,0.0,0.0,0.0,0.0,0.0,0.0,1.0,
2026-08-23 03:00:05,BV1kS8y6kEA8,28,BV1kS8y6kEA8,自测 勿点,MENYAOOO,2026-08-22 18:41:15,67.0,0.0,0.0,0.0,0.0,0.0,0.0,1.0,
2026-08-23 03:00:05,BV1pX8y66ELf,29,BV1pX8y66ELf,自测请勿点击,风枷锁,2026-08-22 18:47:46,50.0,1.0,0.0,1.0,0.0,0.0,0.0,1.0,
2026-08-23 03:00:05,BV1uz8y6JEAr,30,BV1uz8y6JEAr,【起司不是qs】第一支视频求三连！,起司不是qs,2026-08-22 18:20:23,51.0,0.0,0.0,0.0,0.0,0.0,0.0,1.0,
2026-08-23 03:00:05,BV1mx8m6REbb,31,BV1mx8m6REbb,自测,甜奶味羊咩,2026-08-22 20:49:17,23.0,0.0,0.0,0.0,0.0,0.0,0.0,1.0,
2026-08-23 03:00:05,BV1du8S65E6x,32,BV1du8S65E6x,测测测,羊咩_0601,2026-08-23 00:02:02,26.0,0.0,0.0,0.0,0.0,0.0,0.0,1.0,
2026-08-23 03:00:05,BV1hn8m6FEcd,33,BV1hn8m6FEcd,自测勿点,哇哦哦噢噢噢哦,2026-08-22 21:06:21,24.0,0.0,0.0,0.0,0.0,0.0,0.0,1.0,
2026-08-23 03:00:05,BV1DE8m68E2D,34,BV1DE8m68E2D,自测勿点,半柚奶序,2026-08-22 21:10:31,28.0,0.0,0.0,1.0,0.0,0.0,0.0,1.0,
2026-08-23 03:00:05,BV1jM8m6MEoA,35,BV1jM8m6MEoA,自测，勿点进,Camellia不是cc,2026-08-22 20:29:58,5.0,0.0,0.0,1.0,0.0,0.0,0.0,1.0,
2026-08-23 03:00:05,BV1gE8m6hEJ2,36,BV1gE8m6hEJ2,自测勿点,萌羊叫眠羊,2026-08-22 21:11:17,5.0,0.0,0.0,0.0,0.0,0.0,0.0,1.0,
2026-08-23 03:00:05,BV15V8S6kEYA,37,BV15V8S6kEYA,自测,kuaiqushuijiaoba,2026-08-22 23:32:08,1.0,0.0,0.0,0.0,0.0,0.0,0.0,1.0,
2026-08-23 03:00:05,BV1vG8S6VEgc,38,BV1vG8S6VEgc,8.23自测,萌是天生命TvT,2026-08-22 23:34:07,33.0,0.0,0.0,1.0,0.0,0.0,0.0,1.0,
2026-08-23 03:00:05,BV1Zg8S6CEu5,39,BV1Zg8S6CEu5,自测勿点3,北纬咩雪刊,2026-08-22 23:54:46,16.0,0.0,0.0,0.0,0.0,0.0,0.0,1.0,
2026-08-23 03:00:05,BV1s8BvBPEN5,40,BV1s8BvBPEN5,【杨博文｜4K舞台直拍】好运来祝你好运来～博文宝宝祝你新年好运来,关键时刻来瓶尖叫,2025-12-27 00:43:12,1915281.0,35016.0,17107.0,32443.0,19589.0,4336.0,4873.0,3.0,
2026-08-23 03:00:05,BV1XA6nBGEPV,41,BV1XA6nBGEPV,【4K精剪】希区考克 作品152 | 杨博文直拍 | 260131,underthepoplar,2026-02-01 00:23:17,1945244.0,24054.0,22485.0,20168.0,19010.0,4020.0,6937.0,1.0,
2026-08-23 03:30:07,https://www.bilibili.com/video/BV1GdgW6JEe9/?spm_id_from=333.1387.favlist.content.click&vd_source=406d0cf895bedbdc58a3d0130d55e34c,0,BV1GdgW6JEe9,【杨博文｜4k直拍】Whiplash 双日直拍混剪,关键时刻来瓶尖叫,2026-08-13 23:45:41,203917.0,27260.0,22428.0,20808.0,6506.0,4596.0,7971.0,16.0,
2026-08-23 03:30:07,https://www.bilibili.com/video/BV1W5gs6KEhr/?spm_id_from=333.1387.favlist.content.click&vd_source=406d0cf895bedbdc58a3d0130d55e34c,1,BV1W5gs6KEhr,【4K精剪】异常加载中 | 杨博文直拍 | 260813,underthepoplar,2026-08-13 22:44:57,173612.0,22765.0,15559.0,16809.0,5824.0,7313.0,8477.0,25.0,
2026-08-23 03:30:07,https://www.bilibili.com/video/BV1VFbd6QEjw/spm_id_from=333.1387.favlist.content.click&vd_source=406d0cf895bedbdc58a3d0130d55e34c,2,BV1VFbd6QEjw,【杨博文｜4k直拍】管他什么音乐 直拍,关键时刻来瓶尖叫,2026-08-16 23:08:52,81566.0,5855.0,3467.0,4556.0,2225.0,560.0,471.0,14.0,
2026-08-23 03:30:07,https://www.bilibili.com/video/BV1xebR6zEkr/?spm_id_from=333.1387.favlist.content.click&vd_source=406d0cf895bedbdc58a3d0130d55e34c,3,BV1xebR6zEkr,【4K精剪】Attention | 杨博文直拍 | 260816,underthepoplar,2026-08-16 23:54:18,165420.0,14984.0,9700.0,12310.0,2676.0,733.0,1877.0,25.0,
2026-08-23 03:30:07,https://www.bilibili.com/video/BV1s3gs6MEej/?spm_id_from=333.1387.favlist.content.click&vd_source=406d0cf895bedbdc58a3d0130d55e34c,4,BV1s3gs6MEej,【杨博文｜4k直拍】爱的初体验 直拍,关键时刻来瓶尖叫,2026-08-13 22:46:37,109258.0,12335.0,6615.0,9572.0,3013.0,517.0,2464.0,11.0,
2026-08-23 03:30:07,https://www.bilibili.com/video/BV1E2bR6hEJR/?spm_id_from=333.1387.favlist.content.click&vd_source=406d0cf895bedbdc58a3d0130d55e34c,5,BV1E2bR6hEJR,【杨博文】Attention丨直拍横屏丨16岁高中生内娱主舞的舞台掌控力丨8.16双机位4k精剪,Kismet丨杨博文,2026-08-16 22:13:05,231762.0,26302.0,13171.0,18369.0,3740.0,9330.0,10941.0,220.0,
2026-08-23 03:30:07,https://www.bilibili.com/video/BV1Rib96EE3F/?spm_id_from=333.1387.favlist.content.click&vd_source=406d0cf895bedbdc58a3d0130d55e34c,6,BV1Rib96EE3F,260816 【杨博文】春雪  竖屏4k直拍,meetsummer丨杨博文,2026-08-17 01:54:42,36343.0,8136.0,3342.0,4470.0,1402.0,716.0,718.0,10.0,
2026-08-23 03:30:07,https://www.bilibili.com/video/BV18jgg6BEAd/?spm_id_from=333.1387.favlist.content.click&vd_source=406d0cf895bedbdc58a3d0130d55e34c,7,BV18jgg6BEAd,【4K精剪】摇曳！摇曳！ | 杨博文直拍 | 260813 & 260814,underthepoplar,2026-08-15 13:26:46,64310.0,9552.0,6959.0,6319.0,2424.0,444.0,1085.0,17.0,
2026-08-23 03:30:07,https://www.bilibili.com/video/BV1A5vkB2E1k/?spm_id_from=333.1387.favlist.content.click&vd_source=406d0cf895bedbdc58a3d0130d55e34c,8,BV1A5vkB2E1k,【杨博文】Hey Mama六机位纯舞直拍丨15岁舞台统治者的诞生，四代主舞燃炸全场！,Kismet丨杨博文,2025-12-28 22:28:16,2807356.0,65524.0,45786.0,47931.0,27416.0,13661.0,22000.0,1.0,
2026-08-23 03:30:07,https://www.bilibili.com/video/BV1mJ64BREZY/?spm_id_from=333.337.search-card.all.click&vd_source=406d0cf895bedbdc58a3d0130d55e34c,9,BV1mJ64BREZY,【杨博文】闭嘴跳舞丨当主舞穿上西装就会得到,Kismet丨杨博文,2026-02-01 18:31:00,622021.0,35172.0,4037.0,25452.0,8600.0,447.0,654.0,1.0,
2026-08-23 03:30:07,BV1Qu816ZEoy,10,BV1Qu816ZEoy,测试用，勿点，谢谢,猫球不是毛球啊,2026-08-22 16:55:19,50.0,1.0,0.0,0.0,0.0,0.0,0.0,1.0,
2026-08-23 03:30:07,BV1Vd8B65EkU,11,BV1Vd8B65EkU,0822.3,dddddash6,2026-08-21 21:49:36,112.0,0.0,0.0,1.0,0.0,0.0,0.0,1.0,
2026-08-23 03:30:07,BV1fT8S61Ejo,12,BV1fT8S61Ejo,十一（23）,爱动手的法学生,2026-08-22 23:46:38,32.0,0.0,0.0,0.0,0.0,0.0,0.0,1.0,
2026-08-23 03:30:07,BV1bf816sE8P,13,BV1bf816sE8P,自测，误点,橙子小姐_sheep,2026-08-22 14:38:54,100.0,0.0,0.0,1.0,0.0,0.0,0.0,1.0,
2026-08-23 03:30:07,BV1Te8K6uEJt,14,BV1Te8K6uEJt,勿进勿进勿进！自测 安卓0821,cannndy_,2026-08-21 08:57:55,97.0,0.0,0.0,1.0,0.0,0.0,0.0,1.0,
2026-08-23 03:30:07,BV1au816oEjs,15,BV1au816oEjs,手机自测,熙熙哈哈oO,2026-08-22 16:55:10,50.0,0.0,0.0,0.0,0.0,0.0,0.0,1.0,
2026-08-23 03:30:07,BV1qw816eE1d,16,BV1qw816eE1d,8.22 自测视频 勿点,dgsaydhakjdhjk,2026-08-22 16:56:23,183.0,0.0,0.0,0.0,0.0,0.0,0.0,1.0,
2026-08-23 03:30:07,BV1ci8163ECY,17,BV1ci8163ECY,自测勿点,不完美是常态_,2026-08-22 15:39:32,41.0,0.0,0.0,0.0,0.0,0.0,0.0,1.0,
2026-08-23 03:30:07,BV1dw816YEau,18,BV1dw816YEau,测试（勿点）,低能量地活着,2026-08-22 16:59:54,27.0,0.0,0.0,0.0,0.0,0.0,0.0,1.0,
2026-08-23 03:30:07,BV1jg8S6yEuV,19,BV1jg8S6yEuV,自测视频,only筱筱,2026-08-22 23:58:01,34.0,1.0,0.0,0.0,0.0,0.0,0.0,1.0,
2026-08-23 03:30:07,BV1z6816qEbo,20,BV1z6816qEbo,自用,dddii点点,2026-08-22 16:38:15,110.0,1.0,0.0,0.0,0.0,0.0,0.0,1.0,
2026-08-23 03:30:07,BV1eM8168E9p,21,BV1eM8168E9p,自测勿点！！！！,dd鱿鱼须,2026-08-22 16:39:08,66.0,0.0,0.0,1.0,0.0,0.0,0.0,1.0,
2026-08-23 03:30:07,BV14i8M61EdN,22,BV14i8M61EdN,sz,我素质低你让让我,2026-08-21 12:22:44,64.0,0.0,0.0,0.0,0.0,0.0,0.0,1.0,
2026-08-23 03:30:07,BV12A826QEK4,23,BV12A826QEK4,自测 禁点,哈哈哈哈哈11_,2026-08-22 15:15:37,24.0,0.0,0.0,0.0,0.0,0.0,0.0,1.0,
2026-08-23 03:30:07,BV1St8S6wE33,24,BV1St8S6wE33,自测哦,半夏哒哒哒,2026-08-23 00:18:35,36.0,0.0,0.0,0.0,0.0,0.0,0.0,1.0,
2026-08-23 03:30:07,BV1bwbh65Eh7,25,BV1bwbh65Eh7,自测视频！勿点0817,摸鱼堡成员,2026-08-17 09:36:15,71.0,1.0,0.0,0.0,0.0,0.0,0.0,1.0,
2026-08-23 03:30:07,BV15B8r6WEQ3,26,BV15B8r6WEQ3,8.22自测勿点,刘海打歪了,2026-08-22 09:19:46,53.0,0.0,0.0,0.0,0.0,0.0,0.0,1.0,
2026-08-23 03:30:07,BV1ET8S62EvB,27,BV1ET8S62EvB,【牛小Bala】视频已打包，欢迎围观！,牛小Bala,2026-08-22 23:47:03,4.0,0.0,0.0,0.0,0.0,0.0,0.0,1.0,
2026-08-23 03:30:07,BV1kS8y6kEA8,28,BV1kS8y6kEA8,自测 勿点,MENYAOOO,2026-08-22 18:41:15,70.0,0.0,0.0,0.0,0.0,0.0,0.0,1.0,
2026-08-23 03:30:07,BV1pX8y66ELf,29,BV1pX8y66ELf,自测请勿点击,风枷锁,2026-08-22 18:47:46,50.0,1.0,0.0,1.0,0.0,0.0,0.0,1.0,
2026-08-23 03:30:07,BV1uz8y6JEAr,30,BV1uz8y6JEAr,【起司不是qs】第一支视频求三连！,起司不是qs,2026-08-22 18:20:23,52.0,0.0,0.0,0.0,0.0,0.0,0.0,1.0,
2026-08-23 03:30:07,BV1mx8m6REbb,31,BV1mx8m6REbb,自测,甜奶味羊咩,2026-08-22 20:49:17,23.0,0.0,0.0,0.0,0.0,0.0,0.0,1.0,
2026-08-23 03:30:07,BV1du8S65E6x,32,BV1du8S65E6x,测测测,羊咩_0601,2026-08-23 00:02:02,31.0,0.0,0.0,0.0,0.0,0.0,0.0,1.0,
2026-08-23 03:30:07,BV1hn8m6FEcd,33,BV1hn8m6FEcd,自测勿点,哇哦哦噢噢噢哦,2026-08-22 21:06:21,24.0,0.0,0.0,0.0,0.0,0.0,0.0,1.0,
2026-08-23 03:30:07,BV1DE8m68E2D,34,BV1DE8m68E2D,自测勿点,半柚奶序,2026-08-22 21:10:31,33.0,0.0,0.0,1.0,0.0,0.0,0.0,1.0,
2026-08-23 03:30:07,BV1jM8m6MEoA,35,BV1jM8m6MEoA,自测，勿点进,Camellia不是cc,2026-08-22 20:29:58,5.0,0.0,0.0,1.0,0.0,0.0,0.0,1.0,
2026-08-23 03:30:07,BV1gE8m6hEJ2,36,BV1gE8m6hEJ2,自测勿点,萌羊叫眠羊,2026-08-22 21:11:17,5.0,0.0,0.0,0.0,0.0,0.0,0.0,1.0,
2026-08-23 03:30:07,BV15V8S6kEYA,37,BV15V8S6kEYA,自测,kuaiqushuijiaoba,2026-08-22 23:32:08,1.0,0.0,0.0,0.0,0.0,0.0,0.0,1.0,
2026-08-23 03:30:07,BV1vG8S6VEgc,38,BV1vG8S6VEgc,8.23自测,萌是天生命TvT,2026-08-22 23:34:07,38.0,0.0,0.0,1.0,0.0,0.0,0.0,1.0,
2026-08-23 03:30:07,BV1Zg8S6CEu5,39,BV1Zg8S6CEu5,自测勿点3,北纬咩雪刊,2026-08-22 23:54:46,21.0,0.0,0.0,0.0,0.0,0.0,0.0,1.0,
2026-08-23 03:30:07,BV1s8BvBPEN5,40,BV1s8BvBPEN5,【杨博文｜4K舞台直拍】好运来祝你好运来～博文宝宝祝你新年好运来,关键时刻来瓶尖叫,2025-12-27 00:43:12,1915283.0,35016.0,17107.0,32443.0,19589.0,4336.0,4873.0,3.0,
2026-08-23 03:30:07,BV1XA6nBGEPV,41,BV1XA6nBGEPV,【4K精剪】希区考克 作品152 | 杨博文直拍 | 260131,underthepoplar,2026-02-01 00:23:17,1945246.0,24054.0,22485.0,20168.0,19010.0,4020.0,6937.0,1.0,
2026-08-23 04:00:08,https://www.bilibili.com/video/BV1GdgW6JEe9/?spm_id_from=333.1387.favlist.content.click&vd_source=406d0cf895bedbdc58a3d0130d55e34c,0,BV1GdgW6JEe9,【杨博文｜4k直拍】Whiplash 双日直拍混剪,关键时刻来瓶尖叫,2026-08-13 23:45:41,204055.0,27264.0,22432.0,20814.0,6514.0,4596.0,7971.0,23.0,
2026-08-23 04:00:08,https://www.bilibili.com/video/BV1W5gs6KEhr/?spm_id_from=333.1387.favlist.content.click&vd_source=406d0cf895bedbdc58a3d0130d55e34c,1,BV1W5gs6KEhr,【4K精剪】异常加载中 | 杨博文直拍 | 260813,underthepoplar,2026-08-13 22:44:57,173738.0,22766.0,15561.0,16812.0,5830.0,7313.0,8477.0,23.0,
2026-08-23 04:00:08,https://www.bilibili.com/video/BV1VFbd6QEjw/spm_id_from=333.1387.favlist.content.click&vd_source=406d0cf895bedbdc58a3d0130d55e34c,2,BV1VFbd6QEjw,【杨博文｜4k直拍】管他什么音乐 直拍,关键时刻来瓶尖叫,2026-08-16 23:08:52,81587.0,5857.0,3469.0,4556.0,2231.0,559.0,471.0,14.0,
2026-08-23 04:00:08,https://www.bilibili.com/video/BV1xebR6zEkr/?spm_id_from=333.1387.favlist.content.click&vd_source=406d0cf895bedbdc58a3d0130d55e34c,3,BV1xebR6zEkr,【4K精剪】Attention | 杨博文直拍 | 260816,underthepoplar,2026-08-16 23:54:18,165566.0,14989.0,9700.0,12315.0,2681.0,912.0,1965.0,25.0,
2026-08-23 04:00:08,https://www.bilibili.com/video/BV1s3gs6MEej/?spm_id_from=333.1387.favlist.content.click&vd_source=406d0cf895bedbdc58a3d0130d55e34c,4,BV1s3gs6MEej,【杨博文｜4k直拍】爱的初体验 直拍,关键时刻来瓶尖叫,2026-08-13 22:46:37,109372.0,12337.0,6615.0,9571.0,3019.0,517.0,2464.0,18.0,
2026-08-23 04:00:08,https://www.bilibili.com/video/BV1E2bR6hEJR/?spm_id_from=333.1387.favlist.content.click&vd_source=406d0cf895bedbdc58a3d0130d55e34c,5,BV1E2bR6hEJR,【杨博文】Attention丨直拍横屏丨16岁高中生内娱主舞的舞台掌控力丨8.16双机位4k精剪,Kismet丨杨博文,2026-08-16 22:13:05,232007.0,26312.0,13180.0,18375.0,3747.0,9331.0,10941.0,216.0,
2026-08-23 04:00:08,https://www.bilibili.com/video/BV1Rib96EE3F/?spm_id_from=333.1387.favlist.content.click&vd_source=406d0cf895bedbdc58a3d0130d55e34c,6,BV1Rib96EE3F,260816 【杨博文】春雪  竖屏4k直拍,meetsummer丨杨博文,2026-08-17 01:54:42,36451.0,8137.0,3342.0,4469.0,1407.0,716.0,718.0,12.0,
2026-08-23 04:00:08,https://www.bilibili.com/video/BV18jgg6BEAd/?spm_id_from=333.1387.favlist.content.click&vd_source=406d0cf895bedbdc58a3d0130d55e34c,7,BV18jgg6BEAd,【4K精剪】摇曳！摇曳！ | 杨博文直拍 | 260813 & 260814,underthepoplar,2026-08-15 13:26:46,64344.0,9554.0,6963.0,6320.0,2430.0,444.0,1085.0,15.0,
2026-08-23 04:00:08,https://www.bilibili.com/video/BV1A5vkB2E1k/?spm_id_from=333.1387.favlist.content.click&vd_source=406d0cf895bedbdc58a3d0130d55e34c,8,BV1A5vkB2E1k,【杨博文】Hey Mama六机位纯舞直拍丨15岁舞台统治者的诞生，四代主舞燃炸全场！,Kismet丨杨博文,2025-12-28 22:28:16,2807366.0,65525.0,45786.0,47931.0,27422.0,13661.0,22000.0,1.0,
2026-08-23 04:00:08,https://www.bilibili.com/video/BV1mJ64BREZY/?spm_id_from=333.337.search-card.all.click&vd_source=406d0cf895bedbdc58a3d0130d55e34c,9,BV1mJ64BREZY,【杨博文】闭嘴跳舞丨当主舞穿上西装就会得到,Kismet丨杨博文,2026-02-01 18:31:00,622021.0,35172.0,4037.0,25452.0,8600.0,447.0,654.0,1.0,
2026-08-23 04:00:08,BV1Qu816ZEoy,10,BV1Qu816ZEoy,测试用，勿点，谢谢,猫球不是毛球啊,2026-08-22 16:55:19,50.0,1.0,0.0,0.0,0.0,0.0,0.0,1.0,
2026-08-23 04:00:08,BV1Vd8B65EkU,11,BV1Vd8B65EkU,0822.3,dddddash6,2026-08-21 21:49:36,112.0,0.0,0.0,1.0,0.0,0.0,0.0,1.0,
2026-08-23 04:00:08,BV1fT8S61Ejo,12,BV1fT8S61Ejo,十一（23）,爱动手的法学生,2026-08-22 23:46:38,37.0,0.0,0.0,0.0,0.0,0.0,0.0,1.0,
2026-08-23 04:00:08,BV1bf816sE8P,13,BV1bf816sE8P,自测，误点,橙子小姐_sheep,2026-08-22 14:38:54,105.0,0.0,0.0,1.0,0.0,0.0,0.0,1.0,
2026-08-23 04:00:08,BV1Te8K6uEJt,14,BV1Te8K6uEJt,勿进勿进勿进！自测 安卓0821,cannndy_,2026-08-21 08:57:55,102.0,0.0,0.0,1.0,0.0,0.0,0.0,1.0,
2026-08-23 04:00:08,BV1au816oEjs,15,BV1au816oEjs,手机自测,熙熙哈哈oO,2026-08-22 16:55:10,50.0,0.0,0.0,0.0,0.0,0.0,0.0,1.0,
2026-08-23 04:00:08,BV1qw816eE1d,16,BV1qw816eE1d,8.22 自测视频 勿点,dgsaydhakjdhjk,2026-08-22 16:56:23,192.0,0.0,0.0,0.0,0.0,0.0,0.0,1.0,
2026-08-23 04:00:08,BV1ci8163ECY,17,BV1ci8163ECY,自测勿点,不完美是常态_,2026-08-22 15:39:32,41.0,0.0,0.0,0.0,0.0,0.0,0.0,1.0,
2026-08-23 04:00:08,BV1dw816YEau,18,BV1dw816YEau,测试（勿点）,低能量地活着,2026-08-22 16:59:54,27.0,0.0,0.0,0.0,0.0,0.0,0.0,1.0,
2026-08-23 04:00:08,BV1jg8S6yEuV,19,BV1jg8S6yEuV,自测视频,only筱筱,2026-08-22 23:58:01,39.0,1.0,0.0,0.0,0.0,0.0,0.0,1.0,
2026-08-23 04:00:08,BV1z6816qEbo,20,BV1z6816qEbo,自用,dddii点点,2026-08-22 16:38:15,121.0,1.0,0.0,0.0,0.0,0.0,0.0,1.0,
2026-08-23 04:00:08,BV1eM8168E9p,21,BV1eM8168E9p,自测勿点！！！！,dd鱿鱼须,2026-08-22 16:39:08,71.0,0.0,0.0,1.0,0.0,0.0,0.0,1.0,
2026-08-23 04:00:08,BV14i8M61EdN,22,BV14i8M61EdN,sz,我素质低你让让我,2026-08-21 12:22:44,64.0,0.0,0.0,0.0,0.0,0.0,0.0,1.0,
2026-08-23 04:00:08,BV12A826QEK4,23,BV12A826QEK4,自测 禁点,哈哈哈哈哈11_,2026-08-22 15:15:37,24.0,0.0,0.0,0.0,0.0,0.0,0.0,1.0,
2026-08-23 04:00:08,BV1St8S6wE33,24,BV1St8S6wE33,自测哦,半夏哒哒哒,2026-08-23 00:18:35,41.0,0.0,0.0,0.0,0.0,0.0,0.0,1.0,
2026-08-23 04:00:08,BV1bwbh65Eh7,25,BV1bwbh65Eh7,自测视频！勿点0817,摸鱼堡成员,2026-08-17 09:36:15,76.0,1.0,0.0,0.0,0.0,0.0,0.0,1.0,
2026-08-23 04:00:08,BV15B8r6WEQ3,26,BV15B8r6WEQ3,8.22自测勿点,刘海打歪了,2026-08-22 09:19:46,53.0,0.0,0.0,0.0,0.0,0.0,0.0,1.0,
2026-08-23 04:00:08,BV1ET8S62EvB,27,BV1ET8S62EvB,【牛小Bala】视频已打包，欢迎围观！,牛小Bala,2026-08-22 23:47:03,4.0,0.0,0.0,0.0,0.0,0.0,0.0,1.0,
2026-08-23 04:00:08,BV1kS8y6kEA8,28,BV1kS8y6kEA8,自测 勿点,MENYAOOO,2026-08-22 18:41:15,75.0,0.0,0.0,0.0,0.0,0.0,0.0,1.0,
2026-08-23 04:00:08,BV1pX8y66ELf,29,BV1pX8y66ELf,自测请勿点击,风枷锁,2026-08-22 18:47:46,50.0,1.0,0.0,1.0,0.0,0.0,0.0,1.0,
2026-08-23 04:00:08,BV1uz8y6JEAr,30,BV1uz8y6JEAr,【起司不是qs】第一支视频求三连！,起司不是qs,2026-08-22 18:20:23,52.0,0.0,0.0,0.0,0.0,0.0,0.0,1.0,
2026-08-23 04:00:08,BV1mx8m6REbb,31,BV1mx8m6REbb,自测,甜奶味羊咩,2026-08-22 20:49:17,23.0,0.0,0.0,0.0,0.0,0.0,0.0,1.0,
2026-08-23 04:00:08,BV1du8S65E6x,32,BV1du8S65E6x,测测测,羊咩_0601,2026-08-23 00:02:02,35.0,0.0,0.0,0.0,0.0,0.0,0.0,1.0,
2026-08-23 04:00:08,BV1hn8m6FEcd,33,BV1hn8m6FEcd,自测勿点,哇哦哦噢噢噢哦,2026-08-22 21:06:21,24.0,0.0,0.0,0.0,0.0,0.0,0.0,1.0,
2026-08-23 04:00:08,BV1DE8m68E2D,34,BV1DE8m68E2D,自测勿点,半柚奶序,2026-08-22 21:10:31,37.0,0.0,0.0,1.0,0.0,0.0,0.0,1.0,
2026-08-23 04:00:08,BV1jM8m6MEoA,35,BV1jM8m6MEoA,自测，勿点进,Camellia不是cc,2026-08-22 20:29:58,5.0,0.0,0.0,1.0,0.0,0.0,0.0,1.0,
2026-08-23 04:00:08,BV1gE8m6hEJ2,36,BV1gE8m6hEJ2,自测勿点,萌羊叫眠羊,2026-08-22 21:11:17,5.0,0.0,0.0,0.0,0.0,0.0,0.0,1.0,
2026-08-23 04:00:08,BV15V8S6kEYA,37,BV15V8S6kEYA,自测,kuaiqushuijiaoba,2026-08-22 23:32:08,1.0,0.0,0.0,0.0,0.0,0.0,0.0,1.0,
2026-08-23 04:00:08,BV1vG8S6VEgc,38,BV1vG8S6VEgc,8.23自测,萌是天生命TvT,2026-08-22 23:34:07,43.0,0.0,0.0,1.0,0.0,0.0,0.0,1.0,
2026-08-23 04:00:08,BV1Zg8S6CEu5,39,BV1Zg8S6CEu5,自测勿点3,北纬咩雪刊,2026-08-22 23:54:46,26.0,0.0,0.0,0.0,0.0,0.0,0.0,1.0,
2026-08-23 04:00:08,BV1s8BvBPEN5,40,BV1s8BvBPEN5,【杨博文｜4K舞台直拍】好运来祝你好运来～博文宝宝祝你新年好运来,关键时刻来瓶尖叫,2025-12-27 00:43:12,1915284.0,35016.0,17107.0,32443.0,19589.0,4336.0,4873.0,3.0,
2026-08-23 04:00:08,BV1XA6nBGEPV,41,BV1XA6nBGEPV,【4K精剪】希区考克 作品152 | 杨博文直拍 | 260131,underthepoplar,2026-02-01 00:23:17,1945254.0,24054.0,22485.0,20168.0,19010.0,4020.0,6937.0,1.0,
2026-08-23 04:30:10,https://www.bilibili.com/video/BV1GdgW6JEe9/?spm_id_from=333.1387.favlist.content.click&vd_source=406d0cf895bedbdc58a3d0130d55e34c,0,BV1GdgW6JEe9,【杨博文｜4k直拍】Whiplash 双日直拍混剪,关键时刻来瓶尖叫,2026-08-13 23:45:41,204179.0,27266.0,22434.0,20814.0,6520.0,4596.0,7971.0,20.0,
2026-08-23 04:30:10,https://www.bilibili.com/video/BV1W5gs6KEhr/?spm_id_from=333.1387.favlist.content.click&vd_source=406d0cf895bedbdc58a3d0130d55e34c,1,BV1W5gs6KEhr,【4K精剪】异常加载中 | 杨博文直拍 | 260813,underthepoplar,2026-08-13 22:44:57,173841.0,22768.0,15562.0,16812.0,5835.0,7313.0,8477.0,23.0,
2026-08-23 04:30:10,https://www.bilibili.com/video/BV1VFbd6QEjw/spm_id_from=333.1387.favlist.content.click&vd_source=406d0cf895bedbdc58a3d0130d55e34c,2,BV1VFbd6QEjw,【杨博文｜4k直拍】管他什么音乐 直拍,关键时刻来瓶尖叫,2026-08-16 23:08:52,81602.0,5857.0,3469.0,4556.0,2236.0,559.0,471.0,12.0,
2026-08-23 04:30:10,https://www.bilibili.com/video/BV1xebR6zEkr/?spm_id_from=333.1387.favlist.content.click&vd_source=406d0cf895bedbdc58a3d0130d55e34c,3,BV1xebR6zEkr,【4K精剪】Attention | 杨博文直拍 | 260816,underthepoplar,2026-08-16 23:54:18,165686.0,14992.0,9701.0,12316.0,2687.0,929.0,1975.0,27.0,
2026-08-23 04:30:10,https://www.bilibili.com/video/BV1s3gs6MEej/?spm_id_from=333.1387.favlist.content.click&vd_source=406d0cf895bedbdc58a3d0130d55e34c,4,BV1s3gs6MEej,【杨博文｜4k直拍】爱的初体验 直拍,关键时刻来瓶尖叫,2026-08-13 22:46:37,109459.0,12338.0,6615.0,9572.0,3024.0,517.0,2464.0,13.0,
2026-08-23 04:30:10,https://www.bilibili.com/video/BV1E2bR6hEJR/?spm_id_from=333.1387.favlist.content.click&vd_source=406d0cf895bedbdc58a3d0130d55e34c,5,BV1E2bR6hEJR,【杨博文】Attention丨直拍横屏丨16岁高中生内娱主舞的舞台掌控力丨8.16双机位4k精剪,Kismet丨杨博文,2026-08-16 22:13:05,232159.0,26318.0,13182.0,18378.0,3753.0,9331.0,10941.0,215.0,
2026-08-23 04:30:10,https://www.bilibili.com/video/BV1Rib96EE3F/?spm_id_from=333.1387.favlist.content.click&vd_source=406d0cf895bedbdc58a3d0130d55e34c,6,BV1Rib96EE3F,260816 【杨博文】春雪  竖屏4k直拍,meetsummer丨杨博文,2026-08-17 01:54:42,36542.0,8141.0,3346.0,4471.0,1413.0,716.0,718.0,12.0,
2026-08-23 04:30:10,https://www.bilibili.com/video/BV18jgg6BEAd/?spm_id_from=333.1387.favlist.content.click&vd_source=406d0cf895bedbdc58a3d0130d55e34c,7,BV18jgg6BEAd,【4K精剪】摇曳！摇曳！ | 杨博文直拍 | 260813 & 260814,underthepoplar,2026-08-15 13:26:46,64372.0,9557.0,6965.0,6321.0,2437.0,444.0,1085.0,14.0,
2026-08-23 04:30:10,https://www.bilibili.com/video/BV1A5vkB2E1k/?spm_id_from=333.1387.favlist.content.click&vd_source=406d0cf895bedbdc58a3d0130d55e34c,8,BV1A5vkB2E1k,【杨博文】Hey Mama六机位纯舞直拍丨15岁舞台统治者的诞生，四代主舞燃炸全场！,Kismet丨杨博文,2025-12-28 22:28:16,2807371.0,65526.0,45788.0,47932.0,27428.0,13661.0,22000.0,1.0,
2026-08-23 04:30:10,https://www.bilibili.com/video/BV1mJ64BREZY/?spm_id_from=333.337.search-card.all.click&vd_source=406d0cf895bedbdc58a3d0130d55e34c,9,BV1mJ64BREZY,【杨博文】闭嘴跳舞丨当主舞穿上西装就会得到,Kismet丨杨博文,2026-02-01 18:31:00,622021.0,35172.0,4037.0,25452.0,8600.0,447.0,654.0,1.0,
2026-08-23 04:30:10,BV1Qu816ZEoy,10,BV1Qu816ZEoy,测试用，勿点，谢谢,猫球不是毛球啊,2026-08-22 16:55:19,50.0,1.0,0.0,0.0,0.0,0.0,0.0,1.0,
2026-08-23 04:30:10,BV1Vd8B65EkU,11,BV1Vd8B65EkU,0822.3,dddddash6,2026-08-21 21:49:36,112.0,0.0,0.0,1.0,0.0,0.0,0.0,1.0,
2026-08-23 04:30:10,BV1fT8S61Ejo,12,BV1fT8S61Ejo,十一（23）,爱动手的法学生,2026-08-22 23:46:38,42.0,0.0,0.0,0.0,0.0,0.0,0.0,1.0,
2026-08-23 04:30:10,BV1bf816sE8P,13,BV1bf816sE8P,自测，误点,橙子小姐_sheep,2026-08-22 14:38:54,107.0,0.0,0.0,1.0,0.0,0.0,0.0,1.0,
2026-08-23 04:30:10,BV1Te8K6uEJt,14,BV1Te8K6uEJt,勿进勿进勿进！自测 安卓0821,cannndy_,2026-08-21 08:57:55,102.0,0.0,0.0,1.0,0.0,0.0,0.0,1.0,
2026-08-23 04:30:10,BV1au816oEjs,15,BV1au816oEjs,手机自测,熙熙哈哈oO,2026-08-22 16:55:10,50.0,0.0,0.0,0.0,0.0,0.0,0.0,1.0,
2026-08-23 04:30:10,BV1qw816eE1d,16,BV1qw816eE1d,8.22 自测视频 勿点,dgsaydhakjdhjk,2026-08-22 16:56:23,202.0,0.0,0.0,0.0,0.0,0.0,0.0,1.0,
2026-08-23 04:30:10,BV1ci8163ECY,17,BV1ci8163ECY,自测勿点,不完美是常态_,2026-08-22 15:39:32,41.0,0.0,0.0,0.0,0.0,0.0,0.0,1.0,
2026-08-23 04:30:10,BV1dw816YEau,18,BV1dw816YEau,测试（勿点）,低能量地活着,2026-08-22 16:59:54,27.0,0.0,0.0,0.0,0.0,0.0,0.0,1.0,
2026-08-23 04:30:10,BV1jg8S6yEuV,19,BV1jg8S6yEuV,自测视频,only筱筱,2026-08-22 23:58:01,39.0,1.0,0.0,0.0,0.0,0.0,0.0,1.0,
2026-08-23 04:30:10,BV1z6816qEbo,20,BV1z6816qEbo,自用,dddii点点,2026-08-22 16:38:15,145.0,1.0,0.0,0.0,0.0,0.0,0.0,1.0,
2026-08-23 04:30:10,BV1eM8168E9p,21,BV1eM8168E9p,自测勿点！！！！,dd鱿鱼须,2026-08-22 16:39:08,76.0,0.0,0.0,1.0,0.0,0.0,0.0,1.0,
2026-08-23 04:30:10,BV14i8M61EdN,22,BV14i8M61EdN,sz,我素质低你让让我,2026-08-21 12:22:44,64.0,0.0,0.0,0.0,0.0,0.0,0.0,1.0,
2026-08-23 04:30:10,BV12A826QEK4,23,BV12A826QEK4,自测 禁点,哈哈哈哈哈11_,2026-08-22 15:15:37,24.0,0.0,0.0,0.0,0.0,0.0,0.0,1.0,
2026-08-23 04:30:10,BV1St8S6wE33,24,BV1St8S6wE33,自测哦,半夏哒哒哒,2026-08-23 00:18:35,46.0,0.0,0.0,0.0,0.0,0.0,0.0,1.0,
2026-08-23 04:30:10,BV1bwbh65Eh7,25,BV1bwbh65Eh7,自测视频！勿点0817,摸鱼堡成员,2026-08-17 09:36:15,80.0,1.0,0.0,0.0,0.0,0.0,0.0,1.0,
2026-08-23 04:30:10,BV15B8r6WEQ3,26,BV15B8r6WEQ3,8.22自测勿点,刘海打歪了,2026-08-22 09:19:46,53.0,0.0,0.0,0.0,0.0,0.0,0.0,1.0,
2026-08-23 04:30:10,BV1ET8S62EvB,27,BV1ET8S62EvB,【牛小Bala】视频已打包，欢迎围观！,牛小Bala,2026-08-22 23:47:03,4.0,0.0,0.0,0.0,0.0,0.0,0.0,1.0,
2026-08-23 04:30:10,BV1kS8y6kEA8,28,BV1kS8y6kEA8,自测 勿点,MENYAOOO,2026-08-22 18:41:15,79.0,0.0,0.0,0.0,0.0,0.0,0.0,1.0,
2026-08-23 04:30:10,BV1pX8y66ELf,29,BV1pX8y66ELf,自测请勿点击,风枷锁,2026-08-22 18:47:46,50.0,1.0,0.0,1.0,0.0,0.0,0.0,1.0,
2026-08-23 04:30:10,BV1uz8y6JEAr,30,BV1uz8y6JEAr,【起司不是qs】第一支视频求三连！,起司不是qs,2026-08-22 18:20:23,52.0,0.0,0.0,0.0,0.0,0.0,0.0,1.0,
2026-08-23 04:30:10,BV1mx8m6REbb,31,BV1mx8m6REbb,自测,甜奶味羊咩,2026-08-22 20:49:17,23.0,0.0,0.0,0.0,0.0,0.0,0.0,1.0,
2026-08-23 04:30:10,BV1du8S65E6x,32,BV1du8S65E6x,测测测,羊咩_0601,2026-08-23 00:02:02,40.0,0.0,0.0,0.0,0.0,0.0,0.0,1.0,
2026-08-23 04:30:10,BV1hn8m6FEcd,33,BV1hn8m6FEcd,自测勿点,哇哦哦噢噢噢哦,2026-08-22 21:06:21,24.0,0.0,0.0,0.0,0.0,0.0,0.0,1.0,
2026-08-23 04:30:10,BV1DE8m68E2D,34,BV1DE8m68E2D,自测勿点,半柚奶序,2026-08-22 21:10:31,38.0,0.0,0.0,1.0,0.0,0.0,0.0,1.0,
2026-08-23 04:30:10,BV1jM8m6MEoA,35,BV1jM8m6MEoA,自测，勿点进,Camellia不是cc,2026-08-22 20:29:58,5.0,0.0,0.0,1.0,0.0,0.0,0.0,1.0,
2026-08-23 04:30:10,BV1gE8m6hEJ2,36,BV1gE8m6hEJ2,自测勿点,萌羊叫眠羊,2026-08-22 21:11:17,5.0,0.0,0.0,0.0,0.0,0.0,0.0,1.0,
2026-08-23 04:30:10,BV15V8S6kEYA,37,BV15V8S6kEYA,自测,kuaiqushuijiaoba,2026-08-22 23:32:08,1.0,0.0,0.0,0.0,0.0,0.0,0.0,1.0,
2026-08-23 04:30:10,BV1vG8S6VEgc,38,BV1vG8S6VEgc,8.23自测,萌是天生命TvT,2026-08-22 23:34:07,48.0,0.0,0.0,1.0,0.0,0.0,0.0,1.0,
2026-08-23 04:30:10,BV1Zg8S6CEu5,39,BV1Zg8S6CEu5,自测勿点3,北纬咩雪刊,2026-08-22 23:54:46,31.0,0.0,0.0,0.0,0.0,0.0,0.0,1.0,
2026-08-23 04:30:10,BV1s8BvBPEN5,40,BV1s8BvBPEN5,【杨博文｜4K舞台直拍】好运来祝你好运来～博文宝宝祝你新年好运来,关键时刻来瓶尖叫,2025-12-27 00:43:12,1915285.0,35016.0,17107.0,32443.0,19589.0,4336.0,4873.0,3.0,
2026-08-23 04:30:10,BV1XA6nBGEPV,41,BV1XA6nBGEPV,【4K精剪】希区考克 作品152 | 杨博文直拍 | 260131,underthepoplar,2026-02-01 00:23:17,1945257.0,24054.0,22485.0,20168.0,19010.0,4020.0,6937.0,1.0,
2026-08-23 05:00:01,https://www.bilibili.com/video/BV1GdgW6JEe9/?spm_id_from=333.1387.favlist.content.click&vd_source=406d0cf895bedbdc58a3d0130d55e34c,0,BV1GdgW6JEe9,【杨博文｜4k直拍】Whiplash 双日直拍混剪,关键时刻来瓶尖叫,2026-08-13 23:45:41,204289.0,27269.0,22438.0,20815.0,6520.0,4596.0,7971.0,18.0,
2026-08-23 05:00:01,https://www.bilibili.com/video/BV1W5gs6KEhr/?spm_id_from=333.1387.favlist.content.click&vd_source=406d0cf895bedbdc58a3d0130d55e34c,1,BV1W5gs6KEhr,【4K精剪】异常加载中 | 杨博文直拍 | 260813,underthepoplar,2026-08-13 22:44:57,173938.0,22772.0,15564.0,16814.0,5837.0,7313.0,8477.0,19.0,
2026-08-23 05:00:01,https://www.bilibili.com/video/BV1VFbd6QEjw/spm_id_from=333.1387.favlist.content.click&vd_source=406d0cf895bedbdc58a3d0130d55e34c,2,BV1VFbd6QEjw,【杨博文｜4k直拍】管他什么音乐 直拍,关键时刻来瓶尖叫,2026-08-16 23:08:52,81616.0,5858.0,3471.0,4557.0,2238.0,559.0,471.0,14.0,
2026-08-23 05:00:01,https://www.bilibili.com/video/BV1xebR6zEkr/?spm_id_from=333.1387.favlist.content.click&vd_source=406d0cf895bedbdc58a3d0130d55e34c,3,BV1xebR6zEkr,【4K精剪】Attention | 杨博文直拍 | 260816,underthepoplar,2026-08-16 23:54:18,165794.0,14999.0,9705.0,12319.0,2688.0,929.0,1975.0,29.0,
2026-08-23 05:00:01,https://www.bilibili.com/video/BV1s3gs6MEej/?spm_id_from=333.1387.favlist.content.click&vd_source=406d0cf895bedbdc58a3d0130d55e34c,4,BV1s3gs6MEej,【杨博文｜4k直拍】爱的初体验 直拍,关键时刻来瓶尖叫,2026-08-13 22:46:37,109536.0,12340.0,6619.0,9571.0,3026.0,517.0,2464.0,15.0,
2026-08-23 05:00:01,https://www.bilibili.com/video/BV1E2bR6hEJR/?spm_id_from=333.1387.favlist.content.click&vd_source=406d0cf895bedbdc58a3d0130d55e34c,5,BV1E2bR6hEJR,【杨博文】Attention丨直拍横屏丨16岁高中生内娱主舞的舞台掌控力丨8.16双机位4k精剪,Kismet丨杨博文,2026-08-16 22:13:05,232285.0,26323.0,13186.0,18381.0,3755.0,9331.0,10943.0,216.0,
2026-08-23 05:00:01,https://www.bilibili.com/video/BV1Rib96EE3F/?spm_id_from=333.1387.favlist.content.click&vd_source=406d0cf895bedbdc58a3d0130d55e34c,6,BV1Rib96EE3F,260816 【杨博文】春雪  竖屏4k直拍,meetsummer丨杨博文,2026-08-17 01:54:42,36620.0,8144.0,3348.0,4471.0,1415.0,716.0,718.0,13.0,
2026-08-23 05:00:01,https://www.bilibili.com/video/BV18jgg6BEAd/?spm_id_from=333.1387.favlist.content.click&vd_source=406d0cf895bedbdc58a3d0130d55e34c,7,BV18jgg6BEAd,【4K精剪】摇曳！摇曳！ | 杨博文直拍 | 260813 & 260814,underthepoplar,2026-08-15 13:26:46,64394.0,9560.0,6969.0,6321.0,2439.0,444.0,1085.0,14.0,
2026-08-23 05:00:01,https://www.bilibili.com/video/BV1A5vkB2E1k/?spm_id_from=333.1387.favlist.content.click&vd_source=406d0cf895bedbdc58a3d0130d55e34c,8,BV1A5vkB2E1k,【杨博文】Hey Mama六机位纯舞直拍丨15岁舞台统治者的诞生，四代主舞燃炸全场！,Kismet丨杨博文,2025-12-28 22:28:16,2807373.0,65528.0,45790.0,47934.0,27430.0,13661.0,22000.0,1.0,
2026-08-23 05:00:01,https://www.bilibili.com/video/BV1mJ64BREZY/?spm_id_from=333.337.search-card.all.click&vd_source=406d0cf895bedbdc58a3d0130d55e34c,9,BV1mJ64BREZY,【杨博文】闭嘴跳舞丨当主舞穿上西装就会得到,Kismet丨杨博文,2026-02-01 18:31:00,622021.0,35172.0,4037.0,25452.0,8600.0,447.0,654.0,1.0,
2026-08-23 05:00:01,BV1Qu816ZEoy,10,BV1Qu816ZEoy,测试用，勿点，谢谢,猫球不是毛球啊,2026-08-22 16:55:19,50.0,1.0,0.0,0.0,0.0,0.0,0.0,1.0,
2026-08-23 05:00:01,BV1Vd8B65EkU,11,BV1Vd8B65EkU,0822.3,dddddash6,2026-08-21 21:49:36,112.0,0.0,0.0,1.0,0.0,0.0,0.0,1.0,
2026-08-23 05:00:01,BV1fT8S61Ejo,12,BV1fT8S61Ejo,十一（23）,爱动手的法学生,2026-08-22 23:46:38,47.0,0.0,0.0,0.0,0.0,0.0,0.0,1.0,
2026-08-23 05:00:01,BV1bf816sE8P,13,BV1bf816sE8P,自测，误点,橙子小姐_sheep,2026-08-22 14:38:54,107.0,0.0,0.0,1.0,0.0,0.0,0.0,1.0,
2026-08-23 05:00:01,BV1Te8K6uEJt,14,BV1Te8K6uEJt,勿进勿进勿进！自测 安卓0821,cannndy_,2026-08-21 08:57:55,102.0,0.0,0.0,1.0,0.0,0.0,0.0,1.0,
2026-08-23 05:00:01,BV1au816oEjs,15,BV1au816oEjs,手机自测,熙熙哈哈oO,2026-08-22 16:55:10,50.0,0.0,0.0,0.0,0.0,0.0,0.0,1.0,
2026-08-23 05:00:01,BV1qw816eE1d,16,BV1qw816eE1d,8.22 自测视频 勿点,dgsaydhakjdhjk,2026-08-22 16:56:23,211.0,0.0,0.0,0.0,0.0,0.0,0.0,1.0,
2026-08-23 05:00:01,BV1ci8163ECY,17,BV1ci8163ECY,自测勿点,不完美是常态_,2026-08-22 15:39:32,41.0,0.0,0.0,0.0,0.0,0.0,0.0,1.0,
2026-08-23 05:00:01,BV1dw816YEau,18,BV1dw816YEau,测试（勿点）,低能量地活着,2026-08-22 16:59:54,27.0,0.0,0.0,0.0,0.0,0.0,0.0,1.0,
2026-08-23 05:00:01,BV1jg8S6yEuV,19,BV1jg8S6yEuV,自测视频,only筱筱,2026-08-22 23:58:01,39.0,1.0,0.0,0.0,0.0,0.0,0.0,1.0,
2026-08-23 05:00:01,BV1z6816qEbo,20,BV1z6816qEbo,自用,dddii点点,2026-08-22 16:38:15,154.0,1.0,0.0,0.0,0.0,0.0,0.0,1.0,
2026-08-23 05:00:01,BV1eM8168E9p,21,BV1eM8168E9p,自测勿点！！！！,dd鱿鱼须,2026-08-22 16:39:08,81.0,0.0,0.0,1.0,0.0,0.0,0.0,1.0,
2026-08-23 05:00:01,BV14i8M61EdN,22,BV14i8M61EdN,sz,我素质低你让让我,2026-08-21 12:22:44,64.0,0.0,0.0,0.0,0.0,0.0,0.0,1.0,
2026-08-23 05:00:01,BV12A826QEK4,23,BV12A826QEK4,自测 禁点,哈哈哈哈哈11_,2026-08-22 15:15:37,24.0,0.0,0.0,0.0,0.0,0.0,0.0,1.0,
2026-08-23 05:00:01,BV1St8S6wE33,24,BV1St8S6wE33,自测哦,半夏哒哒哒,2026-08-23 00:18:35,51.0,0.0,0.0,0.0,0.0,0.0,0.0,1.0,
2026-08-23 05:00:01,BV1bwbh65Eh7,25,BV1bwbh65Eh7,自测视频！勿点0817,摸鱼堡成员,2026-08-17 09:36:15,85.0,1.0,0.0,0.0,0.0,0.0,0.0,1.0,
2026-08-23 05:00:01,BV15B8r6WEQ3,26,BV15B8r6WEQ3,8.22自测勿点,刘海打歪了,2026-08-22 09:19:46,53.0,0.0,0.0,0.0,0.0,0.0,0.0,1.0,
2026-08-23 05:00:01,BV1ET8S62EvB,27,BV1ET8S62EvB,【牛小Bala】视频已打包，欢迎围观！,牛小Bala,2026-08-22 23:47:03,4.0,0.0,0.0,0.0,0.0,0.0,0.0,1.0,
2026-08-23 05:00:01,BV1kS8y6kEA8,28,BV1kS8y6kEA8,自测 勿点,MENYAOOO,2026-08-22 18:41:15,84.0,0.0,0.0,0.0,0.0,0.0,0.0,1.0,
2026-08-23 05:00:01,BV1pX8y66ELf,29,BV1pX8y66ELf,自测请勿点击,风枷锁,2026-08-22 18:47:46,53.0,1.0,0.0,1.0,0.0,0.0,0.0,1.0,
2026-08-23 05:00:01,BV1uz8y6JEAr,30,BV1uz8y6JEAr,【起司不是qs】第一支视频求三连！,起司不是qs,2026-08-22 18:20:23,52.0,0.0,0.0,0.0,0.0,0.0,0.0,1.0,
2026-08-23 05:00:01,BV1mx8m6REbb,31,BV1mx8m6REbb,自测,甜奶味羊咩,2026-08-22 20:49:17,23.0,0.0,0.0,0.0,0.0,0.0,0.0,1.0,
2026-08-23 05:00:01,BV1du8S65E6x,32,BV1du8S65E6x,测测测,羊咩_0601,2026-08-23 00:02:02,44.0,0.0,0.0,0.0,0.0,0.0,0.0,1.0,
2026-08-23 05:00:01,BV1hn8m6FEcd,33,BV1hn8m6FEcd,自测勿点,哇哦哦噢噢噢哦,2026-08-22 21:06:21,24.0,0.0,0.0,0.0,0.0,0.0,0.0,1.0,
2026-08-23 05:00:01,BV1DE8m68E2D,34,BV1DE8m68E2D,自测勿点,半柚奶序,2026-08-22 21:10:31,39.0,0.0,0.0,1.0,0.0,0.0,0.0,1.0,
2026-08-23 05:00:01,BV1jM8m6MEoA,35,BV1jM8m6MEoA,自测，勿点进,Camellia不是cc,2026-08-22 20:29:58,5.0,0.0,0.0,1.0,0.0,0.0,0.0,1.0,
2026-08-23 05:00:01,BV1gE8m6hEJ2,36,BV1gE8m6hEJ2,自测勿点,萌羊叫眠羊,2026-08-22 21:11:17,5.0,0.0,0.0,0.0,0.0,0.0,0.0,1.0,
2026-08-23 05:00:01,BV15V8S6kEYA,37,BV15V8S6kEYA,自测,kuaiqushuijiaoba,2026-08-22 23:32:08,1.0,0.0,0.0,0.0,0.0,0.0,0.0,1.0,
2026-08-23 05:00:01,BV1vG8S6VEgc,38,BV1vG8S6VEgc,8.23自测,萌是天生命TvT,2026-08-22 23:34:07,51.0,0.0,0.0,1.0,0.0,0.0,0.0,1.0,
2026-08-23 05:00:01,BV1Zg8S6CEu5,39,BV1Zg8S6CEu5,自测勿点3,北纬咩雪刊,2026-08-22 23:54:46,36.0,0.0,0.0,0.0,0.0,0.0,0.0,1.0,
2026-08-23 05:00:01,BV1s8BvBPEN5,40,BV1s8BvBPEN5,【杨博文｜4K舞台直拍】好运来祝你好运来～博文宝宝祝你新年好运来,关键时刻来瓶尖叫,2025-12-27 00:43:12,1915288.0,35016.0,17107.0,32443.0,19589.0,4336.0,4873.0,3.0,
2026-08-23 05:00:01,BV1XA6nBGEPV,41,BV1XA6nBGEPV,【4K精剪】希区考克 作品152 | 杨博文直拍 | 260131,underthepoplar,2026-02-01 00:23:17,1945257.0,24054.0,22485.0,20168.0,19010.0,4020.0,6937.0,1.0,
2026-08-23 05:30:03,https://www.bilibili.com/video/BV1GdgW6JEe9/?spm_id_from=333.1387.favlist.content.click&vd_source=406d0cf895bedbdc58a3d0130d55e34c,0,BV1GdgW6JEe9,【杨博文｜4k直拍】Whiplash 双日直拍混剪,关键时刻来瓶尖叫,2026-08-13 23:45:41,204384.0,27270.0,22440.0,20817.0,6523.0,4596.0,7971.0,15.0,
2026-08-23 05:30:03,https://www.bilibili.com/video/BV1W5gs6KEhr/?spm_id_from=333.1387.favlist.content.click&vd_source=406d0cf895bedbdc58a3d0130d55e34c,1,BV1W5gs6KEhr,【4K精剪】异常加载中 | 杨博文直拍 | 260813,underthepoplar,2026-08-13 22:44:57,174022.0,22774.0,15566.0,16817.0,5841.0,7313.0,8477.0,23.0,
2026-08-23 05:30:03,https://www.bilibili.com/video/BV1VFbd6QEjw/spm_id_from=333.1387.favlist.content.click&vd_source=406d0cf895bedbdc58a3d0130d55e34c,2,BV1VFbd6QEjw,【杨博文｜4k直拍】管他什么音乐 直拍,关键时刻来瓶尖叫,2026-08-16 23:08:52,81631.0,5858.0,3471.0,4558.0,2241.0,559.0,471.0,9.0,
2026-08-23 05:30:03,https://www.bilibili.com/video/BV1xebR6zEkr/?spm_id_from=333.1387.favlist.content.click&vd_source=406d0cf895bedbdc58a3d0130d55e34c,3,BV1xebR6zEkr,【4K精剪】Attention | 杨博文直拍 | 260816,underthepoplar,2026-08-16 23:54:18,165876.0,15000.0,9707.0,12322.0,2692.0,1082.0,2072.0,28.0,
2026-08-23 05:30:03,https://www.bilibili.com/video/BV1s3gs6MEej/?spm_id_from=333.1387.favlist.content.click&vd_source=406d0cf895bedbdc58a3d0130d55e34c,4,BV1s3gs6MEej,【杨博文｜4k直拍】爱的初体验 直拍,关键时刻来瓶尖叫,2026-08-13 22:46:37,109595.0,12341.0,6621.0,9573.0,3029.0,517.0,2464.0,12.0,
2026-08-23 05:30:03,https://www.bilibili.com/video/BV1E2bR6hEJR/?spm_id_from=333.1387.favlist.content.click&vd_source=406d0cf895bedbdc58a3d0130d55e34c,5,BV1E2bR6hEJR,【杨博文】Attention丨直拍横屏丨16岁高中生内娱主舞的舞台掌控力丨8.16双机位4k精剪,Kismet丨杨博文,2026-08-16 22:13:05,232384.0,26325.0,13189.0,18381.0,3758.0,9331.0,10943.0,213.0,
2026-08-23 05:30:03,https://www.bilibili.com/video/BV1Rib96EE3F/?spm_id_from=333.1387.favlist.content.click&vd_source=406d0cf895bedbdc58a3d0130d55e34c,6,BV1Rib96EE3F,260816 【杨博文】春雪  竖屏4k直拍,meetsummer丨杨博文,2026-08-17 01:54:42,36674.0,8145.0,3348.0,4471.0,1417.0,716.0,718.0,8.0,
2026-08-23 05:30:03,https://www.bilibili.com/video/BV18jgg6BEAd/?spm_id_from=333.1387.favlist.content.click&vd_source=406d0cf895bedbdc58a3d0130d55e34c,7,BV18jgg6BEAd,【4K精剪】摇曳！摇曳！ | 杨博文直拍 | 260813 & 260814,underthepoplar,2026-08-15 13:26:46,64418.0,9562.0,6969.0,6324.0,2441.0,444.0,1085.0,14.0,
2026-08-23 05:30:03,https://www.bilibili.com/video/BV1A5vkB2E1k/?spm_id_from=333.1387.favlist.content.click&vd_source=406d0cf895bedbdc58a3d0130d55e34c,8,BV1A5vkB2E1k,【杨博文】Hey Mama六机位纯舞直拍丨15岁舞台统治者的诞生，四代主舞燃炸全场！,Kismet丨杨博文,2025-12-28 22:28:16,2807379.0,65528.0,45790.0,47934.0,27431.0,13661.0,22000.0,1.0,
2026-08-23 05:30:03,https://www.bilibili.com/video/BV1mJ64BREZY/?spm_id_from=333.337.search-card.all.click&vd_source=406d0cf895bedbdc58a3d0130d55e34c,9,BV1mJ64BREZY,【杨博文】闭嘴跳舞丨当主舞穿上西装就会得到,Kismet丨杨博文,2026-02-01 18:31:00,622021.0,35172.0,4037.0,25452.0,8600.0,447.0,654.0,1.0,
2026-08-23 05:30:03,BV1Qu816ZEoy,10,BV1Qu816ZEoy,测试用，勿点，谢谢,猫球不是毛球啊,2026-08-22 16:55:19,50.0,1.0,0.0,0.0,0.0,0.0,0.0,1.0,
2026-08-23 05:30:03,BV1Vd8B65EkU,11,BV1Vd8B65EkU,0822.3,dddddash6,2026-08-21 21:49:36,112.0,0.0,0.0,1.0,0.0,0.0,0.0,1.0,
2026-08-23 05:30:03,BV1fT8S61Ejo,12,BV1fT8S61Ejo,十一（23）,爱动手的法学生,2026-08-22 23:46:38,48.0,0.0,0.0,0.0,0.0,0.0,0.0,1.0,
2026-08-23 05:30:03,BV1bf816sE8P,13,BV1bf816sE8P,自测，误点,橙子小姐_sheep,2026-08-22 14:38:54,107.0,0.0,0.0,1.0,0.0,0.0,0.0,1.0,
2026-08-23 05:30:03,BV1Te8K6uEJt,14,BV1Te8K6uEJt,勿进勿进勿进！自测 安卓0821,cannndy_,2026-08-21 08:57:55,102.0,0.0,0.0,1.0,0.0,0.0,0.0,1.0,
2026-08-23 05:30:03,BV1au816oEjs,15,BV1au816oEjs,手机自测,熙熙哈哈oO,2026-08-22 16:55:10,50.0,0.0,0.0,0.0,0.0,0.0,0.0,1.0,
2026-08-23 05:30:03,BV1qw816eE1d,16,BV1qw816eE1d,8.22 自测视频 勿点,dgsaydhakjdhjk,2026-08-22 16:56:23,218.0,0.0,0.0,0.0,0.0,0.0,0.0,1.0,
2026-08-23 05:30:03,BV1ci8163ECY,17,BV1ci8163ECY,自测勿点,不完美是常态_,2026-08-22 15:39:32,41.0,0.0,0.0,0.0,0.0,0.0,0.0,1.0,
2026-08-23 05:30:03,BV1dw816YEau,18,BV1dw816YEau,测试（勿点）,低能量地活着,2026-08-22 16:59:54,27.0,0.0,0.0,0.0,0.0,0.0,0.0,1.0,
2026-08-23 05:30:03,BV1jg8S6yEuV,19,BV1jg8S6yEuV,自测视频,only筱筱,2026-08-22 23:58:01,39.0,1.0,0.0,0.0,0.0,0.0,0.0,1.0,
2026-08-23 05:30:03,BV1z6816qEbo,20,BV1z6816qEbo,自用,dddii点点,2026-08-22 16:38:15,161.0,1.0,0.0,0.0,0.0,0.0,0.0,1.0,
2026-08-23 05:30:03,BV1eM8168E9p,21,BV1eM8168E9p,自测勿点！！！！,dd鱿鱼须,2026-08-22 16:39:08,87.0,0.0,0.0,1.0,0.0,0.0,0.0,1.0,
2026-08-23 05:30:03,BV14i8M61EdN,22,BV14i8M61EdN,sz,我素质低你让让我,2026-08-21 12:22:44,64.0,0.0,0.0,0.0,0.0,0.0,0.0,1.0,
2026-08-23 05:30:03,BV12A826QEK4,23,BV12A826QEK4,自测 禁点,哈哈哈哈哈11_,2026-08-22 15:15:37,24.0,0.0,0.0,0.0,0.0,0.0,0.0,1.0,
2026-08-23 05:30:03,BV1St8S6wE33,24,BV1St8S6wE33,自测哦,半夏哒哒哒,2026-08-23 00:18:35,54.0,0.0,0.0,0.0,0.0,0.0,0.0,1.0,
2026-08-23 05:30:03,BV1bwbh65Eh7,25,BV1bwbh65Eh7,自测视频！勿点0817,摸鱼堡成员,2026-08-17 09:36:15,86.0,1.0,0.0,0.0,0.0,0.0,0.0,1.0,
2026-08-23 05:30:03,BV15B8r6WEQ3,26,BV15B8r6WEQ3,8.22自测勿点,刘海打歪了,2026-08-22 09:19:46,53.0,0.0,0.0,0.0,0.0,0.0,0.0,1.0,
2026-08-23 05:30:03,BV1ET8S62EvB,27,BV1ET8S62EvB,【牛小Bala】视频已打包，欢迎围观！,牛小Bala,2026-08-22 23:47:03,4.0,0.0,0.0,0.0,0.0,0.0,0.0,1.0,
2026-08-23 05:30:03,BV1kS8y6kEA8,28,BV1kS8y6kEA8,自测 勿点,MENYAOOO,2026-08-22 18:41:15,84.0,0.0,0.0,0.0,0.0,0.0,0.0,1.0,
2026-08-23 05:30:03,BV1pX8y66ELf,29,BV1pX8y66ELf,自测请勿点击,风枷锁,2026-08-22 18:47:46,58.0,1.0,0.0,1.0,0.0,0.0,0.0,1.0,
2026-08-23 05:30:03,BV1uz8y6JEAr,30,BV1uz8y6JEAr,【起司不是qs】第一支视频求三连！,起司不是qs,2026-08-22 18:20:23,52.0,0.0,0.0,0.0,0.0,0.0,0.0,1.0,
2026-08-23 05:30:03,BV1mx8m6REbb,31,BV1mx8m6REbb,自测,甜奶味羊咩,2026-08-22 20:49:17,23.0,0.0,0.0,0.0,0.0,0.0,0.0,1.0,
2026-08-23 05:30:03,BV1du8S65E6x,32,BV1du8S65E6x,测测测,羊咩_0601,2026-08-23 00:02:02,44.0,0.0,0.0,0.0,0.0,0.0,0.0,1.0,
2026-08-23 05:30:03,BV1hn8m6FEcd,33,BV1hn8m6FEcd,自测勿点,哇哦哦噢噢噢哦,2026-08-22 21:06:21,24.0,0.0,0.0,0.0,0.0,0.0,0.0,1.0,
2026-08-23 05:30:03,BV1DE8m68E2D,34,BV1DE8m68E2D,自测勿点,半柚奶序,2026-08-22 21:10:31,40.0,1.0,0.0,1.0,0.0,0.0,0.0,1.0,
2026-08-23 05:30:03,BV1jM8m6MEoA,35,BV1jM8m6MEoA,自测，勿点进,Camellia不是cc,2026-08-22 20:29:58,5.0,0.0,0.0,1.0,0.0,0.0,0.0,1.0,
2026-08-23 05:30:03,BV1gE8m6hEJ2,36,BV1gE8m6hEJ2,自测勿点,萌羊叫眠羊,2026-08-22 21:11:17,5.0,0.0,0.0,0.0,0.0,0.0,0.0,1.0,
2026-08-23 05:30:03,BV15V8S6kEYA,37,BV15V8S6kEYA,自测,kuaiqushuijiaoba,2026-08-22 23:32:08,1.0,0.0,0.0,0.0,0.0,0.0,0.0,1.0,
2026-08-23 05:30:03,BV1vG8S6VEgc,38,BV1vG8S6VEgc,8.23自测,萌是天生命TvT,2026-08-22 23:34:07,51.0,0.0,0.0,1.0,0.0,0.0,0.0,1.0,
2026-08-23 05:30:03,BV1Zg8S6CEu5,39,BV1Zg8S6CEu5,自测勿点3,北纬咩雪刊,2026-08-22 23:54:46,40.0,0.0,0.0,0.0,0.0,0.0,0.0,1.0,
2026-08-23 05:30:03,BV1s8BvBPEN5,40,BV1s8BvBPEN5,【杨博文｜4K舞台直拍】好运来祝你好运来～博文宝宝祝你新年好运来,关键时刻来瓶尖叫,2025-12-27 00:43:12,1915288.0,35016.0,17107.0,32443.0,19589.0,4336.0,4873.0,3.0,
2026-08-23 05:30:03,BV1XA6nBGEPV,41,BV1XA6nBGEPV,【4K精剪】希区考克 作品152 | 杨博文直拍 | 260131,underthepoplar,2026-02-01 00:23:17,1945257.0,24054.0,22485.0,20168.0,19010.0,4020.0,6937.0,1.0,
2026-08-23 06:00:04,https://www.bilibili.com/video/BV1GdgW6JEe9/?spm_id_from=333.1387.favlist.content.click&vd_source=406d0cf895bedbdc58a3d0130d55e34c,0,BV1GdgW6JEe9,【杨博文｜4k直拍】Whiplash 双日直拍混剪,关键时刻来瓶尖叫,2026-08-13 23:45:41,204455.0,27273.0,22443.0,20818.0,6534.0,4596.0,7971.0,17.0,
2026-08-23 06:00:04,https://www.bilibili.com/video/BV1W5gs6KEhr/?spm_id_from=333.1387.favlist.content.click&vd_source=406d0cf895bedbdc58a3d0130d55e34c,1,BV1W5gs6KEhr,【4K精剪】异常加载中 | 杨博文直拍 | 260813,underthepoplar,2026-08-13 22:44:57,174082.0,22776.0,15569.0,16817.0,5850.0,7313.0,8477.0,20.0,
2026-08-23 06:00:04,https://www.bilibili.com/video/BV1VFbd6QEjw/spm_id_from=333.1387.favlist.content.click&vd_source=406d0cf895bedbdc58a3d0130d55e34c,2,BV1VFbd6QEjw,【杨博文｜4k直拍】管他什么音乐 直拍,关键时刻来瓶尖叫,2026-08-16 23:08:52,81643.0,5858.0,3471.0,4558.0,2249.0,559.0,471.0,8.0,
2026-08-23 06:00:04,https://www.bilibili.com/video/BV1xebR6zEkr/?spm_id_from=333.1387.favlist.content.click&vd_source=406d0cf895bedbdc58a3d0130d55e34c,3,BV1xebR6zEkr,【4K精剪】Attention | 杨博文直拍 | 260816,underthepoplar,2026-08-16 23:54:18,165934.0,15003.0,9710.0,12322.0,2699.0,1082.0,2072.0,19.0,
2026-08-23 06:00:04,https://www.bilibili.com/video/BV1s3gs6MEej/?spm_id_from=333.1387.favlist.content.click&vd_source=406d0cf895bedbdc58a3d0130d55e34c,4,BV1s3gs6MEej,【杨博文｜4k直拍】爱的初体验 直拍,关键时刻来瓶尖叫,2026-08-13 22:46:37,109637.0,12342.0,6623.0,9572.0,3038.0,517.0,2464.0,13.0,
2026-08-23 06:00:04,https://www.bilibili.com/video/BV1E2bR6hEJR/?spm_id_from=333.1387.favlist.content.click&vd_source=406d0cf895bedbdc58a3d0130d55e34c,5,BV1E2bR6hEJR,【杨博文】Attention丨直拍横屏丨16岁高中生内娱主舞的舞台掌控力丨8.16双机位4k精剪,Kismet丨杨博文,2026-08-16 22:13:05,232462.0,26329.0,13192.0,18382.0,3765.0,9331.0,10943.0,212.0,
2026-08-23 06:00:04,https://www.bilibili.com/video/BV1Rib96EE3F/?spm_id_from=333.1387.favlist.content.click&vd_source=406d0cf895bedbdc58a3d0130d55e34c,6,BV1Rib96EE3F,260816 【杨博文】春雪  竖屏4k直拍,meetsummer丨杨博文,2026-08-17 01:54:42,36712.0,8146.0,3350.0,4471.0,1425.0,716.0,718.0,14.0,
2026-08-23 06:00:04,https://www.bilibili.com/video/BV18jgg6BEAd/?spm_id_from=333.1387.favlist.content.click&vd_source=406d0cf895bedbdc58a3d0130d55e34c,7,BV18jgg6BEAd,【4K精剪】摇曳！摇曳！ | 杨博文直拍 | 260813 & 260814,underthepoplar,2026-08-15 13:26:46,64436.0,9563.0,6971.0,6323.0,2449.0,444.0,1085.0,9.0,
2026-08-23 06:00:04,https://www.bilibili.com/video/BV1A5vkB2E1k/?spm_id_from=333.1387.favlist.content.click&vd_source=406d0cf895bedbdc58a3d0130d55e34c,8,BV1A5vkB2E1k,【杨博文】Hey Mama六机位纯舞直拍丨15岁舞台统治者的诞生，四代主舞燃炸全场！,Kismet丨杨博文,2025-12-28 22:28:16,2807386.0,65528.0,45790.0,47934.0,27438.0,13661.0,22000.0,1.0,
2026-08-23 06:00:04,https://www.bilibili.com/video/BV1mJ64BREZY/?spm_id_from=333.337.search-card.all.click&vd_source=406d0cf895bedbdc58a3d0130d55e34c,9,BV1mJ64BREZY,【杨博文】闭嘴跳舞丨当主舞穿上西装就会得到,Kismet丨杨博文,2026-02-01 18:31:00,622021.0,35172.0,4037.0,25452.0,8600.0,447.0,654.0,1.0,
2026-08-23 06:00:04,BV1Qu816ZEoy,10,BV1Qu816ZEoy,测试用，勿点，谢谢,猫球不是毛球啊,2026-08-22 16:55:19,50.0,1.0,0.0,0.0,0.0,0.0,0.0,1.0,
2026-08-23 06:00:04,BV1Vd8B65EkU,11,BV1Vd8B65EkU,0822.3,dddddash6,2026-08-21 21:49:36,112.0,0.0,0.0,1.0,0.0,0.0,0.0,1.0,
2026-08-23 06:00:04,BV1fT8S61Ejo,12,BV1fT8S61Ejo,十一（23）,爱动手的法学生,2026-08-22 23:46:38,48.0,0.0,0.0,0.0,0.0,0.0,0.0,1.0,
2026-08-23 06:00:04,BV1bf816sE8P,13,BV1bf816sE8P,自测，误点,橙子小姐_sheep,2026-08-22 14:38:54,107.0,0.0,0.0,1.0,0.0,0.0,0.0,1.0,
2026-08-23 06:00:04,BV1Te8K6uEJt,14,BV1Te8K6uEJt,勿进勿进勿进！自测 安卓0821,cannndy_,2026-08-21 08:57:55,102.0,0.0,0.0,1.0,0.0,0.0,0.0,1.0,
2026-08-23 06:00:04,BV1au816oEjs,15,BV1au816oEjs,手机自测,熙熙哈哈oO,2026-08-22 16:55:10,50.0,0.0,0.0,0.0,0.0,0.0,0.0,1.0,
2026-08-23 06:00:04,BV1qw816eE1d,16,BV1qw816eE1d,8.22 自测视频 勿点,dgsaydhakjdhjk,2026-08-22 16:56:23,218.0,0.0,0.0,0.0,0.0,0.0,0.0,1.0,
2026-08-23 06:00:04,BV1ci8163ECY,17,BV1ci8163ECY,自测勿点,不完美是常态_,2026-08-22 15:39:32,41.0,0.0,0.0,0.0,0.0,0.0,0.0,1.0,
2026-08-23 06:00:04,BV1dw816YEau,18,BV1dw816YEau,测试（勿点）,低能量地活着,2026-08-22 16:59:54,27.0,0.0,0.0,0.0,0.0,0.0,0.0,1.0,
2026-08-23 06:00:04,BV1jg8S6yEuV,19,BV1jg8S6yEuV,自测视频,only筱筱,2026-08-22 23:58:01,39.0,1.0,0.0,0.0,0.0,0.0,0.0,1.0,
2026-08-23 06:00:04,BV1z6816qEbo,20,BV1z6816qEbo,自用,dddii点点,2026-08-22 16:38:15,162.0,1.0,0.0,0.0,0.0,0.0,0.0,1.0,
2026-08-23 06:00:04,BV1eM8168E9p,21,BV1eM8168E9p,自测勿点！！！！,dd鱿鱼须,2026-08-22 16:39:08,88.0,0.0,0.0,1.0,0.0,0.0,0.0,1.0,
2026-08-23 06:00:04,BV14i8M61EdN,22,BV14i8M61EdN,sz,我素质低你让让我,2026-08-21 12:22:44,64.0,0.0,0.0,0.0,0.0,0.0,0.0,1.0,
2026-08-23 06:00:04,BV12A826QEK4,23,BV12A826QEK4,自测 禁点,哈哈哈哈哈11_,2026-08-22 15:15:37,24.0,0.0,0.0,0.0,0.0,0.0,0.0,1.0,
2026-08-23 06:00:04,BV1St8S6wE33,24,BV1St8S6wE33,自测哦,半夏哒哒哒,2026-08-23 00:18:35,54.0,0.0,0.0,0.0,0.0,0.0,0.0,1.0,
2026-08-23 06:00:04,BV1bwbh65Eh7,25,BV1bwbh65Eh7,自测视频！勿点0817,摸鱼堡成员,2026-08-17 09:36:15,86.0,1.0,0.0,0.0,0.0,0.0,0.0,1.0,
2026-08-23 06:00:04,BV15B8r6WEQ3,26,BV15B8r6WEQ3,8.22自测勿点,刘海打歪了,2026-08-22 09:19:46,53.0,0.0,0.0,0.0,0.0,0.0,0.0,1.0,
2026-08-23 06:00:04,BV1ET8S62EvB,27,BV1ET8S62EvB,【牛小Bala】视频已打包，欢迎围观！,牛小Bala,2026-08-22 23:47:03,4.0,0.0,0.0,0.0,0.0,0.0,0.0,1.0,
2026-08-23 06:00:04,BV1kS8y6kEA8,28,BV1kS8y6kEA8,自测 勿点,MENYAOOO,2026-08-22 18:41:15,84.0,0.0,0.0,0.0,0.0,0.0,0.0,1.0,
2026-08-23 06:00:04,BV1pX8y66ELf,29,BV1pX8y66ELf,自测请勿点击,风枷锁,2026-08-22 18:47:46,62.0,1.0,0.0,1.0,0.0,0.0,0.0,1.0,
2026-08-23 06:00:04,BV1uz8y6JEAr,30,BV1uz8y6JEAr,【起司不是qs】第一支视频求三连！,起司不是qs,2026-08-22 18:20:23,52.0,0.0,0.0,0.0,0.0,0.0,0.0,1.0,
2026-08-23 06:00:04,BV1mx8m6REbb,31,BV1mx8m6REbb,自测,甜奶味羊咩,2026-08-22 20:49:17,23.0,0.0,0.0,0.0,0.0,0.0,0.0,1.0,
2026-08-23 06:00:04,BV1du8S65E6x,32,BV1du8S65E6x,测测测,羊咩_0601,2026-08-23 00:02:02,44.0,0.0,0.0,0.0,0.0,0.0,0.0,1.0,
2026-08-23 06:00:04,BV1hn8m6FEcd,33,BV1hn8m6FEcd,自测勿点,哇哦哦噢噢噢哦,2026-08-22 21:06:21,24.0,0.0,0.0,0.0,0.0,0.0,0.0,1.0,
2026-08-23 06:00:04,BV1DE8m68E2D,34,BV1DE8m68E2D,自测勿点,半柚奶序,2026-08-22 21:10:31,42.0,1.0,0.0,1.0,0.0,0.0,0.0,1.0,
2026-08-23 06:00:04,BV1jM8m6MEoA,35,BV1jM8m6MEoA,自测，勿点进,Camellia不是cc,2026-08-22 20:29:58,5.0,0.0,0.0,1.0,0.0,0.0,0.0,1.0,
2026-08-23 06:00:04,BV1gE8m6hEJ2,36,BV1gE8m6hEJ2,自测勿点,萌羊叫眠羊,2026-08-22 21:11:17,5.0,0.0,0.0,0.0,0.0,0.0,0.0,1.0,
2026-08-23 06:00:04,BV15V8S6kEYA,37,BV15V8S6kEYA,自测,kuaiqushuijiaoba,2026-08-22 23:32:08,1.0,0.0,0.0,0.0,0.0,0.0,0.0,1.0,
2026-08-23 06:00:04,BV1vG8S6VEgc,38,BV1vG8S6VEgc,8.23自测,萌是天生命TvT,2026-08-22 23:34:07,51.0,0.0,0.0,1.0,0.0,0.0,0.0,1.0,
2026-08-23 06:00:04,BV1Zg8S6CEu5,39,BV1Zg8S6CEu5,自测勿点3,北纬咩雪刊,2026-08-22 23:54:46,45.0,0.0,0.0,0.0,0.0,0.0,0.0,1.0,
2026-08-23 06:00:04,BV1s8BvBPEN5,40,BV1s8BvBPEN5,【杨博文｜4K舞台直拍】好运来祝你好运来～博文宝宝祝你新年好运来,关键时刻来瓶尖叫,2025-12-27 00:43:12,1915289.0,35016.0,17107.0,32443.0,19589.0,4336.0,4873.0,2.0,
2026-08-23 06:00:04,BV1XA6nBGEPV,41,BV1XA6nBGEPV,【4K精剪】希区考克 作品152 | 杨博文直拍 | 260131,underthepoplar,2026-02-01 00:23:17,1945259.0,24054.0,22485.0,20168.0,19010.0,4020.0,6937.0,1.0,
2026-08-23 06:30:06,https://www.bilibili.com/video/BV1GdgW6JEe9/?spm_id_from=333.1387.favlist.content.click&vd_source=406d0cf895bedbdc58a3d0130d55e34c,0,BV1GdgW6JEe9,【杨博文｜4k直拍】Whiplash 双日直拍混剪,关键时刻来瓶尖叫,2026-08-13 23:45:41,204525.0,27275.0,22443.0,20820.0,6542.0,4596.0,7971.0,15.0,
2026-08-23 06:30:06,https://www.bilibili.com/video/BV1W5gs6KEhr/?spm_id_from=333.1387.favlist.content.click&vd_source=406d0cf895bedbdc58a3d0130d55e34c,1,BV1W5gs6KEhr,【4K精剪】异常加载中 | 杨博文直拍 | 260813,underthepoplar,2026-08-13 22:44:57,174136.0,22776.0,15569.0,16818.0,5858.0,7313.0,8477.0,13.0,
2026-08-23 06:30:06,https://www.bilibili.com/video/BV1VFbd6QEjw/spm_id_from=333.1387.favlist.content.click&vd_source=406d0cf895bedbdc58a3d0130d55e34c,2,BV1VFbd6QEjw,【杨博文｜4k直拍】管他什么音乐 直拍,关键时刻来瓶尖叫,2026-08-16 23:08:52,81652.0,5859.0,3473.0,4558.0,2256.0,559.0,471.0,8.0,
2026-08-23 06:30:06,https://www.bilibili.com/video/BV1xebR6zEkr/?spm_id_from=333.1387.favlist.content.click&vd_source=406d0cf895bedbdc58a3d0130d55e34c,3,BV1xebR6zEkr,【4K精剪】Attention | 杨博文直拍 | 260816,underthepoplar,2026-08-16 23:54:18,166002.0,15005.0,9712.0,12324.0,2707.0,1091.0,2080.0,17.0,
2026-08-23 06:30:06,https://www.bilibili.com/video/BV1s3gs6MEej/?spm_id_from=333.1387.favlist.content.click&vd_source=406d0cf895bedbdc58a3d0130d55e34c,4,BV1s3gs6MEej,【杨博文｜4k直拍】爱的初体验 直拍,关键时刻来瓶尖叫,2026-08-13 22:46:37,109673.0,12342.0,6623.0,9572.0,3046.0,517.0,2464.0,10.0,
2026-08-23 06:30:06,https://www.bilibili.com/video/BV1E2bR6hEJR/?spm_id_from=333.1387.favlist.content.click&vd_source=406d0cf895bedbdc58a3d0130d55e34c,5,BV1E2bR6hEJR,【杨博文】Attention丨直拍横屏丨16岁高中生内娱主舞的舞台掌控力丨8.16双机位4k精剪,Kismet丨杨博文,2026-08-16 22:13:05,232537.0,26331.0,13193.0,18384.0,3774.0,9331.0,10943.0,207.0,
2026-08-23 06:30:06,https://www.bilibili.com/video/BV1Rib96EE3F/?spm_id_from=333.1387.favlist.content.click&vd_source=406d0cf895bedbdc58a3d0130d55e34c,6,BV1Rib96EE3F,260816 【杨博文】春雪  竖屏4k直拍,meetsummer丨杨博文,2026-08-17 01:54:42,36746.0,8148.0,3350.0,4472.0,1430.0,716.0,718.0,10.0,
2026-08-23 06:30:06,https://www.bilibili.com/video/BV18jgg6BEAd/?spm_id_from=333.1387.favlist.content.click&vd_source=406d0cf895bedbdc58a3d0130d55e34c,7,BV18jgg6BEAd,【4K精剪】摇曳！摇曳！ | 杨博文直拍 | 260813 & 260814,underthepoplar,2026-08-15 13:26:46,64449.0,9564.0,6973.0,6324.0,2455.0,444.0,1085.0,10.0,
2026-08-23 06:30:06,https://www.bilibili.com/video/BV1A5vkB2E1k/?spm_id_from=333.1387.favlist.content.click&vd_source=406d0cf895bedbdc58a3d0130d55e34c,8,BV1A5vkB2E1k,【杨博文】Hey Mama六机位纯舞直拍丨15岁舞台统治者的诞生，四代主舞燃炸全场！,Kismet丨杨博文,2025-12-28 22:28:16,2807389.0,65529.0,45790.0,47935.0,27444.0,13661.0,22000.0,1.0,
2026-08-23 06:30:06,https://www.bilibili.com/video/BV1mJ64BREZY/?spm_id_from=333.337.search-card.all.click&vd_source=406d0cf895bedbdc58a3d0130d55e34c,9,BV1mJ64BREZY,【杨博文】闭嘴跳舞丨当主舞穿上西装就会得到,Kismet丨杨博文,2026-02-01 18:31:00,622021.0,35172.0,4037.0,25452.0,8600.0,447.0,654.0,1.0,
2026-08-23 06:30:06,BV1Qu816ZEoy,10,BV1Qu816ZEoy,测试用，勿点，谢谢,猫球不是毛球啊,2026-08-22 16:55:19,50.0,1.0,0.0,0.0,0.0,0.0,0.0,1.0,
2026-08-23 06:30:06,BV1Vd8B65EkU,11,BV1Vd8B65EkU,0822.3,dddddash6,2026-08-21 21:49:36,112.0,0.0,0.0,1.0,0.0,0.0,0.0,1.0,
2026-08-23 06:30:06,BV1fT8S61Ejo,12,BV1fT8S61Ejo,十一（23）,爱动手的法学生,2026-08-22 23:46:38,48.0,0.0,0.0,0.0,0.0,0.0,0.0,1.0,
2026-08-23 06:30:06,BV1bf816sE8P,13,BV1bf816sE8P,自测，误点,橙子小姐_sheep,2026-08-22 14:38:54,109.0,0.0,0.0,1.0,0.0,0.0,0.0,1.0,
2026-08-23 06:30:06,BV1Te8K6uEJt,14,BV1Te8K6uEJt,勿进勿进勿进！自测 安卓0821,cannndy_,2026-08-21 08:57:55,102.0,0.0,0.0,1.0,0.0,0.0,0.0,1.0,
2026-08-23 06:30:06,BV1au816oEjs,15,BV1au816oEjs,手机自测,熙熙哈哈oO,2026-08-22 16:55:10,50.0,0.0,0.0,0.0,0.0,0.0,0.0,1.0,
2026-08-23 06:30:06,BV1qw816eE1d,16,BV1qw816eE1d,8.22 自测视频 勿点,dgsaydhakjdhjk,2026-08-22 16:56:23,218.0,0.0,0.0,0.0,0.0,0.0,0.0,1.0,
2026-08-23 06:30:06,BV1ci8163ECY,17,BV1ci8163ECY,自测勿点,不完美是常态_,2026-08-22 15:39:32,41.0,0.0,0.0,0.0,0.0,0.0,0.0,1.0,
2026-08-23 06:30:06,BV1dw816YEau,18,BV1dw816YEau,测试（勿点）,低能量地活着,2026-08-22 16:59:54,27.0,0.0,0.0,0.0,0.0,0.0,0.0,1.0,
2026-08-23 06:30:06,BV1jg8S6yEuV,19,BV1jg8S6yEuV,自测视频,only筱筱,2026-08-22 23:58:01,40.0,1.0,0.0,0.0,0.0,0.0,0.0,1.0,
2026-08-23 06:30:06,BV1z6816qEbo,20,BV1z6816qEbo,自用,dddii点点,2026-08-22 16:38:15,166.0,1.0,0.0,0.0,0.0,0.0,0.0,1.0,
2026-08-23 06:30:06,BV1eM8168E9p,21,BV1eM8168E9p,自测勿点！！！！,dd鱿鱼须,2026-08-22 16:39:08,88.0,0.0,0.0,1.0,0.0,0.0,0.0,1.0,
2026-08-23 06:30:06,BV14i8M61EdN,22,BV14i8M61EdN,sz,我素质低你让让我,2026-08-21 12:22:44,64.0,0.0,0.0,0.0,0.0,0.0,0.0,1.0,
2026-08-23 06:30:06,BV12A826QEK4,23,BV12A826QEK4,自测 禁点,哈哈哈哈哈11_,2026-08-22 15:15:37,24.0,0.0,0.0,0.0,0.0,0.0,0.0,1.0,
2026-08-23 06:30:06,BV1St8S6wE33,24,BV1St8S6wE33,自测哦,半夏哒哒哒,2026-08-23 00:18:35,54.0,0.0,0.0,0.0,0.0,0.0,0.0,1.0,
2026-08-23 06:30:06,BV1bwbh65Eh7,25,BV1bwbh65Eh7,自测视频！勿点0817,摸鱼堡成员,2026-08-17 09:36:15,86.0,1.0,0.0,0.0,0.0,0.0,0.0,1.0,
2026-08-23 06:30:06,BV15B8r6WEQ3,26,BV15B8r6WEQ3,8.22自测勿点,刘海打歪了,2026-08-22 09:19:46,53.0,0.0,0.0,0.0,0.0,0.0,0.0,1.0,
2026-08-23 06:30:06,BV1ET8S62EvB,27,BV1ET8S62EvB,【牛小Bala】视频已打包，欢迎围观！,牛小Bala,2026-08-22 23:47:03,4.0,0.0,0.0,0.0,0.0,0.0,0.0,1.0,
2026-08-23 06:30:06,BV1kS8y6kEA8,28,BV1kS8y6kEA8,自测 勿点,MENYAOOO,2026-08-22 18:41:15,84.0,0.0,0.0,0.0,0.0,0.0,0.0,1.0,
2026-08-23 06:30:06,BV1pX8y66ELf,29,BV1pX8y66ELf,自测请勿点击,风枷锁,2026-08-22 18:47:46,67.0,1.0,0.0,1.0,0.0,0.0,0.0,1.0,
2026-08-23 06:30:06,BV1uz8y6JEAr,30,BV1uz8y6JEAr,【起司不是qs】第一支视频求三连！,起司不是qs,2026-08-22 18:20:23,52.0,0.0,0.0,0.0,0.0,0.0,0.0,1.0,
2026-08-23 06:30:06,BV1mx8m6REbb,31,BV1mx8m6REbb,自测,甜奶味羊咩,2026-08-22 20:49:17,23.0,0.0,0.0,0.0,0.0,0.0,0.0,1.0,
2026-08-23 06:30:06,BV1du8S65E6x,32,BV1du8S65E6x,测测测,羊咩_0601,2026-08-23 00:02:02,44.0,0.0,0.0,0.0,0.0,0.0,0.0,1.0,
2026-08-23 06:30:06,BV1hn8m6FEcd,33,BV1hn8m6FEcd,自测勿点,哇哦哦噢噢噢哦,2026-08-22 21:06:21,24.0,0.0,0.0,0.0,0.0,0.0,0.0,1.0,
2026-08-23 06:30:06,BV1DE8m68E2D,34,BV1DE8m68E2D,自测勿点,半柚奶序,2026-08-22 21:10:31,42.0,1.0,0.0,1.0,0.0,0.0,0.0,1.0,
2026-08-23 06:30:06,BV1jM8m6MEoA,35,BV1jM8m6MEoA,自测，勿点进,Camellia不是cc,2026-08-22 20:29:58,5.0,0.0,0.0,1.0,0.0,0.0,0.0,1.0,
2026-08-23 06:30:06,BV1gE8m6hEJ2,36,BV1gE8m6hEJ2,自测勿点,萌羊叫眠羊,2026-08-22 21:11:17,5.0,0.0,0.0,0.0,0.0,0.0,0.0,1.0,
2026-08-23 06:30:06,BV15V8S6kEYA,37,BV15V8S6kEYA,自测,kuaiqushuijiaoba,2026-08-22 23:32:08,1.0,0.0,0.0,0.0,0.0,0.0,0.0,1.0,
2026-08-23 06:30:06,BV1vG8S6VEgc,38,BV1vG8S6VEgc,8.23自测,萌是天生命TvT,2026-08-22 23:34:07,51.0,0.0,0.0,1.0,0.0,0.0,0.0,1.0,
2026-08-23 06:30:06,BV1Zg8S6CEu5,39,BV1Zg8S6CEu5,自测勿点3,北纬咩雪刊,2026-08-22 23:54:46,50.0,0.0,0.0,0.0,0.0,0.0,0.0,1.0,
2026-08-23 06:30:06,BV1s8BvBPEN5,40,BV1s8BvBPEN5,【杨博文｜4K舞台直拍】好运来祝你好运来～博文宝宝祝你新年好运来,关键时刻来瓶尖叫,2025-12-27 00:43:12,1915290.0,35016.0,17107.0,32443.0,19589.0,4336.0,4873.0,1.0,
2026-08-23 06:30:06,BV1XA6nBGEPV,41,BV1XA6nBGEPV,【4K精剪】希区考克 作品152 | 杨博文直拍 | 260131,underthepoplar,2026-02-01 00:23:17,1945259.0,24054.0,22485.0,20168.0,19010.0,4020.0,6937.0,1.0,
2026-08-23 07:00:07,https://www.bilibili.com/video/BV1GdgW6JEe9/?spm_id_from=333.1387.favlist.content.click&vd_source=406d0cf895bedbdc58a3d0130d55e34c,0,BV1GdgW6JEe9,【杨博文｜4k直拍】Whiplash 双日直拍混剪,关键时刻来瓶尖叫,2026-08-13 23:45:41,204597.0,27278.0,22445.0,20823.0,6546.0,4596.0,7971.0,17.0,
2026-08-23 07:00:07,https://www.bilibili.com/video/BV1W5gs6KEhr/?spm_id_from=333.1387.favlist.content.click&vd_source=406d0cf895bedbdc58a3d0130d55e34c,1,BV1W5gs6KEhr,【4K精剪】异常加载中 | 杨博文直拍 | 260813,underthepoplar,2026-08-13 22:44:57,174198.0,22779.0,15571.0,16821.0,5862.0,7313.0,8477.0,13.0,
2026-08-23 07:00:07,https://www.bilibili.com/video/BV1VFbd6QEjw/spm_id_from=333.1387.favlist.content.click&vd_source=406d0cf895bedbdc58a3d0130d55e34c,2,BV1VFbd6QEjw,【杨博文｜4k直拍】管他什么音乐 直拍,关键时刻来瓶尖叫,2026-08-16 23:08:52,81663.0,5859.0,3473.0,4558.0,2260.0,559.0,471.0,7.0,
2026-08-23 07:00:07,https://www.bilibili.com/video/BV1xebR6zEkr/?spm_id_from=333.1387.favlist.content.click&vd_source=406d0cf895bedbdc58a3d0130d55e34c,3,BV1xebR6zEkr,【4K精剪】Attention | 杨博文直拍 | 260816,underthepoplar,2026-08-16 23:54:18,166072.0,15008.0,9714.0,12328.0,2710.0,1180.0,2171.0,20.0,
2026-08-23 07:00:07,https://www.bilibili.com/video/BV1s3gs6MEej/?spm_id_from=333.1387.favlist.content.click&vd_source=406d0cf895bedbdc58a3d0130d55e34c,4,BV1s3gs6MEej,【杨博文｜4k直拍】爱的初体验 直拍,关键时刻来瓶尖叫,2026-08-13 22:46:37,109711.0,12344.0,6624.0,9573.0,3050.0,517.0,2464.0,6.0,
2026-08-23 07:00:07,https://www.bilibili.com/video/BV1E2bR6hEJR/?spm_id_from=333.1387.favlist.content.click&vd_source=406d0cf895bedbdc58a3d0130d55e34c,5,BV1E2bR6hEJR,【杨博文】Attention丨直拍横屏丨16岁高中生内娱主舞的舞台掌控力丨8.16双机位4k精剪,Kismet丨杨博文,2026-08-16 22:13:05,232615.0,26336.0,13195.0,18388.0,3778.0,9331.0,10943.0,210.0,
2026-08-23 07:00:07,https://www.bilibili.com/video/BV1Rib96EE3F/?spm_id_from=333.1387.favlist.content.click&vd_source=406d0cf895bedbdc58a3d0130d55e34c,6,BV1Rib96EE3F,260816 【杨博文】春雪  竖屏4k直拍,meetsummer丨杨博文,2026-08-17 01:54:42,36786.0,8151.0,3350.0,4474.0,1435.0,716.0,718.0,11.0,
2026-08-23 07:00:07,https://www.bilibili.com/video/BV18jgg6BEAd/?spm_id_from=333.1387.favlist.content.click&vd_source=406d0cf895bedbdc58a3d0130d55e34c,7,BV18jgg6BEAd,【4K精剪】摇曳！摇曳！ | 杨博文直拍 | 260813 & 260814,underthepoplar,2026-08-15 13:26:46,64463.0,9566.0,6974.0,6326.0,2459.0,444.0,1085.0,12.0,
2026-08-23 07:00:07,https://www.bilibili.com/video/BV1A5vkB2E1k/?spm_id_from=333.1387.favlist.content.click&vd_source=406d0cf895bedbdc58a3d0130d55e34c,8,BV1A5vkB2E1k,【杨博文】Hey Mama六机位纯舞直拍丨15岁舞台统治者的诞生，四代主舞燃炸全场！,Kismet丨杨博文,2025-12-28 22:28:16,2807393.0,65529.0,45790.0,47935.0,27449.0,13661.0,22000.0,1.0,
2026-08-23 07:00:07,https://www.bilibili.com/video/BV1mJ64BREZY/?spm_id_from=333.337.search-card.all.click&vd_source=406d0cf895bedbdc58a3d0130d55e34c,9,BV1mJ64BREZY,【杨博文】闭嘴跳舞丨当主舞穿上西装就会得到,Kismet丨杨博文,2026-02-01 18:31:00,622021.0,35172.0,4037.0,25452.0,8600.0,447.0,654.0,1.0,
2026-08-23 07:00:07,BV1Qu816ZEoy,10,BV1Qu816ZEoy,测试用，勿点，谢谢,猫球不是毛球啊,2026-08-22 16:55:19,53.0,1.0,0.0,0.0,0.0,0.0,0.0,1.0,
2026-08-23 07:00:07,BV1Vd8B65EkU,11,BV1Vd8B65EkU,0822.3,dddddash6,2026-08-21 21:49:36,112.0,0.0,0.0,1.0,0.0,0.0,0.0,1.0,
2026-08-23 07:00:07,BV1fT8S61Ejo,12,BV1fT8S61Ejo,十一（23）,爱动手的法学生,2026-08-22 23:46:38,49.0,0.0,0.0,0.0,0.0,0.0,0.0,1.0,
2026-08-23 07:00:07,BV1bf816sE8P,13,BV1bf816sE8P,自测，误点,橙子小姐_sheep,2026-08-22 14:38:54,114.0,0.0,0.0,1.0,0.0,0.0,0.0,1.0,
2026-08-23 07:00:07,BV1Te8K6uEJt,14,BV1Te8K6uEJt,勿进勿进勿进！自测 安卓0821,cannndy_,2026-08-21 08:57:55,102.0,0.0,0.0,1.0,0.0,0.0,0.0,1.0,
2026-08-23 07:00:07,BV1au816oEjs,15,BV1au816oEjs,手机自测,熙熙哈哈oO,2026-08-22 16:55:10,50.0,0.0,0.0,0.0,0.0,0.0,0.0,1.0,
2026-08-23 07:00:07,BV1qw816eE1d,16,BV1qw816eE1d,8.22 自测视频 勿点,dgsaydhakjdhjk,2026-08-22 16:56:23,218.0,0.0,0.0,0.0,0.0,0.0,0.0,1.0,
2026-08-23 07:00:07,BV1ci8163ECY,17,BV1ci8163ECY,自测勿点,不完美是常态_,2026-08-22 15:39:32,41.0,0.0,0.0,0.0,0.0,0.0,0.0,1.0,
2026-08-23 07:00:07,BV1dw816YEau,18,BV1dw816YEau,测试（勿点）,低能量地活着,2026-08-22 16:59:54,27.0,0.0,0.0,0.0,0.0,0.0,0.0,1.0,
2026-08-23 07:00:07,BV1jg8S6yEuV,19,BV1jg8S6yEuV,自测视频,only筱筱,2026-08-22 23:58:01,40.0,1.0,0.0,0.0,0.0,0.0,0.0,1.0,
2026-08-23 07:00:07,BV1z6816qEbo,20,BV1z6816qEbo,自用,dddii点点,2026-08-22 16:38:15,170.0,1.0,0.0,0.0,0.0,0.0,0.0,1.0,
2026-08-23 07:00:07,BV1eM8168E9p,21,BV1eM8168E9p,自测勿点！！！！,dd鱿鱼须,2026-08-22 16:39:08,88.0,0.0,0.0,1.0,0.0,0.0,0.0,1.0,
2026-08-23 07:00:07,BV14i8M61EdN,22,BV14i8M61EdN,sz,我素质低你让让我,2026-08-21 12:22:44,64.0,0.0,0.0,0.0,0.0,0.0,0.0,1.0,
2026-08-23 07:00:07,BV12A826QEK4,23,BV12A826QEK4,自测 禁点,哈哈哈哈哈11_,2026-08-22 15:15:37,24.0,0.0,0.0,0.0,0.0,0.0,0.0,1.0,
2026-08-23 07:00:07,BV1St8S6wE33,24,BV1St8S6wE33,自测哦,半夏哒哒哒,2026-08-23 00:18:35,54.0,0.0,0.0,0.0,0.0,0.0,0.0,1.0,
2026-08-23 07:00:07,BV1bwbh65Eh7,25,BV1bwbh65Eh7,自测视频！勿点0817,摸鱼堡成员,2026-08-17 09:36:15,86.0,1.0,0.0,0.0,0.0,0.0,0.0,1.0,
2026-08-23 07:00:07,BV15B8r6WEQ3,26,BV15B8r6WEQ3,8.22自测勿点,刘海打歪了,2026-08-22 09:19:46,53.0,0.0,0.0,0.0,0.0,0.0,0.0,1.0,
2026-08-23 07:00:07,BV1ET8S62EvB,27,BV1ET8S62EvB,【牛小Bala】视频已打包，欢迎围观！,牛小Bala,2026-08-22 23:47:03,4.0,0.0,0.0,0.0,0.0,0.0,0.0,1.0,
2026-08-23 07:00:07,BV1kS8y6kEA8,28,BV1kS8y6kEA8,自测 勿点,MENYAOOO,2026-08-22 18:41:15,84.0,0.0,0.0,0.0,0.0,0.0,0.0,1.0,
2026-08-23 07:00:07,BV1pX8y66ELf,29,BV1pX8y66ELf,自测请勿点击,风枷锁,2026-08-22 18:47:46,72.0,1.0,0.0,1.0,0.0,0.0,0.0,1.0,
2026-08-23 07:00:07,BV1uz8y6JEAr,30,BV1uz8y6JEAr,【起司不是qs】第一支视频求三连！,起司不是qs,2026-08-22 18:20:23,52.0,0.0,0.0,0.0,0.0,0.0,0.0,1.0,
2026-08-23 07:00:07,BV1mx8m6REbb,31,BV1mx8m6REbb,自测,甜奶味羊咩,2026-08-22 20:49:17,23.0,0.0,0.0,0.0,0.0,0.0,0.0,1.0,
2026-08-23 07:00:07,BV1du8S65E6x,32,BV1du8S65E6x,测测测,羊咩_0601,2026-08-23 00:02:02,44.0,0.0,0.0,0.0,0.0,0.0,0.0,1.0,
2026-08-23 07:00:07,BV1hn8m6FEcd,33,BV1hn8m6FEcd,自测勿点,哇哦哦噢噢噢哦,2026-08-22 21:06:21,24.0,0.0,0.0,0.0,0.0,0.0,0.0,1.0,
2026-08-23 07:00:07,BV1DE8m68E2D,34,BV1DE8m68E2D,自测勿点,半柚奶序,2026-08-22 21:10:31,42.0,1.0,0.0,1.0,0.0,0.0,0.0,1.0,
2026-08-23 07:00:07,BV1jM8m6MEoA,35,BV1jM8m6MEoA,自测，勿点进,Camellia不是cc,2026-08-22 20:29:58,5.0,0.0,0.0,1.0,0.0,0.0,0.0,1.0,
2026-08-23 07:00:07,BV1gE8m6hEJ2,36,BV1gE8m6hEJ2,自测勿点,萌羊叫眠羊,2026-08-22 21:11:17,5.0,0.0,0.0,0.0,0.0,0.0,0.0,1.0,
2026-08-23 07:00:07,BV15V8S6kEYA,37,BV15V8S6kEYA,自测,kuaiqushuijiaoba,2026-08-22 23:32:08,1.0,0.0,0.0,0.0,0.0,0.0,0.0,1.0,
2026-08-23 07:00:07,BV1vG8S6VEgc,38,BV1vG8S6VEgc,8.23自测,萌是天生命TvT,2026-08-22 23:34:07,56.0,0.0,0.0,1.0,0.0,0.0,0.0,1.0,
2026-08-23 07:00:07,BV1Zg8S6CEu5,39,BV1Zg8S6CEu5,自测勿点3,北纬咩雪刊,2026-08-22 23:54:46,54.0,0.0,0.0,0.0,0.0,0.0,0.0,1.0,
2026-08-23 07:00:07,BV1s8BvBPEN5,40,BV1s8BvBPEN5,【杨博文｜4K舞台直拍】好运来祝你好运来～博文宝宝祝你新年好运来,关键时刻来瓶尖叫,2025-12-27 00:43:12,1915291.0,35016.0,17107.0,32443.0,19589.0,4336.0,4873.0,1.0,
2026-08-23 07:00:07,BV1XA6nBGEPV,41,BV1XA6nBGEPV,【4K精剪】希区考克 作品152 | 杨博文直拍 | 260131,underthepoplar,2026-02-01 00:23:17,1945259.0,24054.0,22485.0,20168.0,19010.0,4020.0,6937.0,1.0,
2026-08-23 07:30:08,https://www.bilibili.com/video/BV1GdgW6JEe9/?spm_id_from=333.1387.favlist.content.click&vd_source=406d0cf895bedbdc58a3d0130d55e34c,0,BV1GdgW6JEe9,【杨博文｜4k直拍】Whiplash 双日直拍混剪,关键时刻来瓶尖叫,2026-08-13 23:45:41,204669.0,27282.0,22447.0,20825.0,6546.0,4596.0,7971.0,20.0,
2026-08-23 07:30:08,https://www.bilibili.com/video/BV1W5gs6KEhr/?spm_id_from=333.1387.favlist.content.click&vd_source=406d0cf895bedbdc58a3d0130d55e34c,1,BV1W5gs6KEhr,【4K精剪】异常加载中 | 杨博文直拍 | 260813,underthepoplar,2026-08-13 22:44:57,174251.0,22782.0,15571.0,16823.0,5862.0,7313.0,8477.0,19.0,
2026-08-23 07:30:08,https://www.bilibili.com/video/BV1VFbd6QEjw/spm_id_from=333.1387.favlist.content.click&vd_source=406d0cf895bedbdc58a3d0130d55e34c,2,BV1VFbd6QEjw,【杨博文｜4k直拍】管他什么音乐 直拍,关键时刻来瓶尖叫,2026-08-16 23:08:52,81674.0,5859.0,3473.0,4558.0,2260.0,559.0,471.0,10.0,
2026-08-23 07:30:08,https://www.bilibili.com/video/BV1xebR6zEkr/?spm_id_from=333.1387.favlist.content.click&vd_source=406d0cf895bedbdc58a3d0130d55e34c,3,BV1xebR6zEkr,【4K精剪】Attention | 杨博文直拍 | 260816,underthepoplar,2026-08-16 23:54:18,166152.0,15011.0,9716.0,12331.0,2710.0,1180.0,2171.0,24.0,
2026-08-23 07:30:08,https://www.bilibili.com/video/BV1s3gs6MEej/?spm_id_from=333.1387.favlist.content.click&vd_source=406d0cf895bedbdc58a3d0130d55e34c,4,BV1s3gs6MEej,【杨博文｜4k直拍】爱的初体验 直拍,关键时刻来瓶尖叫,2026-08-13 22:46:37,109747.0,12345.0,6624.0,9573.0,3050.0,517.0,2464.0,9.0,
2026-08-23 07:30:08,https://www.bilibili.com/video/BV1E2bR6hEJR/?spm_id_from=333.1387.favlist.content.click&vd_source=406d0cf895bedbdc58a3d0130d55e34c,5,BV1E2bR6hEJR,【杨博文】Attention丨直拍横屏丨16岁高中生内娱主舞的舞台掌控力丨8.16双机位4k精剪,Kismet丨杨博文,2026-08-16 22:13:05,232713.0,26341.0,13197.0,18390.0,3778.0,9331.0,10944.0,210.0,
2026-08-23 07:30:08,https://www.bilibili.com/video/BV1Rib96EE3F/?spm_id_from=333.1387.favlist.content.click&vd_source=406d0cf895bedbdc58a3d0130d55e34c,6,BV1Rib96EE3F,260816 【杨博文】春雪  竖屏4k直拍,meetsummer丨杨博文,2026-08-17 01:54:42,36815.0,8152.0,3350.0,4474.0,1435.0,716.0,718.0,12.0,
2026-08-23 07:30:08,https://www.bilibili.com/video/BV18jgg6BEAd/?spm_id_from=333.1387.favlist.content.click&vd_source=406d0cf895bedbdc58a3d0130d55e34c,7,BV18jgg6BEAd,【4K精剪】摇曳！摇曳！ | 杨博文直拍 | 260813 & 260814,underthepoplar,2026-08-15 13:26:46,64489.0,9567.0,6974.0,6327.0,2459.0,445.0,1085.0,15.0,
2026-08-23 07:30:08,https://www.bilibili.com/video/BV1A5vkB2E1k/?spm_id_from=333.1387.favlist.content.click&vd_source=406d0cf895bedbdc58a3d0130d55e34c,8,BV1A5vkB2E1k,【杨博文】Hey Mama六机位纯舞直拍丨15岁舞台统治者的诞生，四代主舞燃炸全场！,Kismet丨杨博文,2025-12-28 22:28:16,2807396.0,65529.0,45790.0,47935.0,27449.0,13661.0,22000.0,1.0,
2026-08-23 07:30:08,https://www.bilibili.com/video/BV1mJ64BREZY/?spm_id_from=333.337.search-card.all.click&vd_source=406d0cf895bedbdc58a3d0130d55e34c,9,BV1mJ64BREZY,【杨博文】闭嘴跳舞丨当主舞穿上西装就会得到,Kismet丨杨博文,2026-02-01 18:31:00,622021.0,35172.0,4037.0,25452.0,8600.0,447.0,654.0,1.0,
2026-08-23 07:30:08,BV1Qu816ZEoy,10,BV1Qu816ZEoy,测试用，勿点，谢谢,猫球不是毛球啊,2026-08-22 16:55:19,66.0,1.0,0.0,0.0,0.0,0.0,0.0,1.0,
2026-08-23 07:30:08,BV1Vd8B65EkU,11,BV1Vd8B65EkU,0822.3,dddddash6,2026-08-21 21:49:36,112.0,0.0,0.0,1.0,0.0,0.0,0.0,1.0,
2026-08-23 07:30:08,BV1fT8S61Ejo,12,BV1fT8S61Ejo,十一（23）,爱动手的法学生,2026-08-22 23:46:38,49.0,0.0,0.0,0.0,0.0,0.0,0.0,1.0,
2026-08-23 07:30:08,BV1bf816sE8P,13,BV1bf816sE8P,自测，误点,橙子小姐_sheep,2026-08-22 14:38:54,118.0,0.0,0.0,1.0,0.0,0.0,0.0,1.0,
2026-08-23 07:30:08,BV1Te8K6uEJt,14,BV1Te8K6uEJt,勿进勿进勿进！自测 安卓0821,cannndy_,2026-08-21 08:57:55,102.0,0.0,0.0,1.0,0.0,0.0,0.0,1.0,
2026-08-23 07:30:08,BV1au816oEjs,15,BV1au816oEjs,手机自测,熙熙哈哈oO,2026-08-22 16:55:10,50.0,0.0,0.0,0.0,0.0,0.0,0.0,1.0,
2026-08-23 07:30:08,BV1qw816eE1d,16,BV1qw816eE1d,8.22 自测视频 勿点,dgsaydhakjdhjk,2026-08-22 16:56:23,218.0,0.0,0.0,0.0,0.0,0.0,0.0,1.0,
2026-08-23 07:30:08,BV1ci8163ECY,17,BV1ci8163ECY,自测勿点,不完美是常态_,2026-08-22 15:39:32,41.0,0.0,0.0,0.0,0.0,0.0,0.0,1.0,
2026-08-23 07:30:08,BV1dw816YEau,18,BV1dw816YEau,测试（勿点）,低能量地活着,2026-08-22 16:59:54,27.0,0.0,0.0,0.0,0.0,0.0,0.0,1.0,
2026-08-23 07:30:08,BV1jg8S6yEuV,19,BV1jg8S6yEuV,自测视频,only筱筱,2026-08-22 23:58:01,40.0,1.0,0.0,0.0,0.0,0.0,0.0,1.0,
2026-08-23 07:30:08,BV1z6816qEbo,20,BV1z6816qEbo,自用,dddii点点,2026-08-22 16:38:15,181.0,1.0,0.0,0.0,0.0,0.0,0.0,1.0,
2026-08-23 07:30:08,BV1eM8168E9p,21,BV1eM8168E9p,自测勿点！！！！,dd鱿鱼须,2026-08-22 16:39:08,90.0,0.0,0.0,1.0,0.0,0.0,0.0,1.0,
2026-08-23 07:30:08,BV14i8M61EdN,22,BV14i8M61EdN,sz,我素质低你让让我,2026-08-21 12:22:44,64.0,0.0,0.0,0.0,0.0,0.0,0.0,1.0,
2026-08-23 07:30:08,BV12A826QEK4,23,BV12A826QEK4,自测 禁点,哈哈哈哈哈11_,2026-08-22 15:15:37,24.0,0.0,0.0,0.0,0.0,0.0,0.0,1.0,
2026-08-23 07:30:08,BV1St8S6wE33,24,BV1St8S6wE33,自测哦,半夏哒哒哒,2026-08-23 00:18:35,54.0,0.0,0.0,0.0,0.0,0.0,0.0,1.0,
2026-08-23 07:30:08,BV1bwbh65Eh7,25,BV1bwbh65Eh7,自测视频！勿点0817,摸鱼堡成员,2026-08-17 09:36:15,86.0,1.0,0.0,0.0,0.0,0.0,0.0,1.0,
2026-08-23 07:30:08,BV15B8r6WEQ3,26,BV15B8r6WEQ3,8.22自测勿点,刘海打歪了,2026-08-22 09:19:46,53.0,0.0,0.0,0.0,0.0,0.0,0.0,1.0,
2026-08-23 07:30:08,BV1ET8S62EvB,27,BV1ET8S62EvB,【牛小Bala】视频已打包，欢迎围观！,牛小Bala,2026-08-22 23:47:03,4.0,0.0,0.0,0.0,0.0,0.0,0.0,1.0,
2026-08-23 07:30:08,BV1kS8y6kEA8,28,BV1kS8y6kEA8,自测 勿点,MENYAOOO,2026-08-22 18:41:15,86.0,0.0,0.0,0.0,0.0,0.0,0.0,1.0,
2026-08-23 07:30:08,BV1pX8y66ELf,29,BV1pX8y66ELf,自测请勿点击,风枷锁,2026-08-22 18:47:46,77.0,1.0,0.0,1.0,0.0,0.0,0.0,1.0,
2026-08-23 07:30:08,BV1uz8y6JEAr,30,BV1uz8y6JEAr,【起司不是qs】第一支视频求三连！,起司不是qs,2026-08-22 18:20:23,53.0,0.0,0.0,0.0,0.0,0.0,0.0,1.0,
2026-08-23 07:30:08,BV1mx8m6REbb,31,BV1mx8m6REbb,自测,甜奶味羊咩,2026-08-22 20:49:17,23.0,0.0,0.0,0.0,0.0,0.0,0.0,1.0,
2026-08-23 07:30:08,BV1du8S65E6x,32,BV1du8S65E6x,测测测,羊咩_0601,2026-08-23 00:02:02,44.0,0.0,0.0,0.0,0.0,0.0,0.0,1.0,
2026-08-23 07:30:08,BV1hn8m6FEcd,33,BV1hn8m6FEcd,自测勿点,哇哦哦噢噢噢哦,2026-08-22 21:06:21,24.0,0.0,0.0,0.0,0.0,0.0,0.0,1.0,
2026-08-23 07:30:08,BV1DE8m68E2D,34,BV1DE8m68E2D,自测勿点,半柚奶序,2026-08-22 21:10:31,46.0,1.0,0.0,1.0,0.0,0.0,0.0,1.0,
2026-08-23 07:30:08,BV1jM8m6MEoA,35,BV1jM8m6MEoA,自测，勿点进,Camellia不是cc,2026-08-22 20:29:58,5.0,0.0,0.0,1.0,0.0,0.0,0.0,1.0,
2026-08-23 07:30:08,BV1gE8m6hEJ2,36,BV1gE8m6hEJ2,自测勿点,萌羊叫眠羊,2026-08-22 21:11:17,5.0,0.0,0.0,0.0,0.0,0.0,0.0,1.0,
2026-08-23 07:30:08,BV15V8S6kEYA,37,BV15V8S6kEYA,自测,kuaiqushuijiaoba,2026-08-22 23:32:08,1.0,0.0,0.0,0.0,0.0,0.0,0.0,1.0,
2026-08-23 07:30:08,BV1vG8S6VEgc,38,BV1vG8S6VEgc,8.23自测,萌是天生命TvT,2026-08-22 23:34:07,62.0,0.0,0.0,1.0,0.0,0.0,0.0,1.0,
2026-08-23 07:30:08,BV1Zg8S6CEu5,39,BV1Zg8S6CEu5,自测勿点3,北纬咩雪刊,2026-08-22 23:54:46,54.0,0.0,0.0,0.0,0.0,0.0,0.0,1.0,
2026-08-23 07:30:08,BV1s8BvBPEN5,40,BV1s8BvBPEN5,【杨博文｜4K舞台直拍】好运来祝你好运来～博文宝宝祝你新年好运来,关键时刻来瓶尖叫,2025-12-27 00:43:12,1915293.0,35016.0,17107.0,32443.0,19589.0,4336.0,4873.0,1.0,
2026-08-23 07:30:08,BV1XA6nBGEPV,41,BV1XA6nBGEPV,【4K精剪】希区考克 作品152 | 杨博文直拍 | 260131,underthepoplar,2026-02-01 00:23:17,1945261.0,24054.0,22485.0,20168.0,19010.0,4020.0,6937.0,1.0,
2026-08-23 08:00:00,https://www.bilibili.com/video/BV1GdgW6JEe9/?spm_id_from=333.1387.favlist.content.click&vd_source=406d0cf895bedbdc58a3d0130d55e34c,0,BV1GdgW6JEe9,【杨博文｜4k直拍】Whiplash 双日直拍混剪,关键时刻来瓶尖叫,2026-08-13 23:45:41,204751.0,27285.0,22449.0,20829.0,6546.0,4596.0,7971.0,16.0,
2026-08-23 08:00:00,https://www.bilibili.com/video/BV1W5gs6KEhr/?spm_id_from=333.1387.favlist.content.click&vd_source=406d0cf895bedbdc58a3d0130d55e34c,1,BV1W5gs6KEhr,【4K精剪】异常加载中 | 杨博文直拍 | 260813,underthepoplar,2026-08-13 22:44:57,174308.0,22783.0,15571.0,16825.0,5862.0,7313.0,8477.0,17.0,
2026-08-23 08:00:00,https://www.bilibili.com/video/BV1VFbd6QEjw/spm_id_from=333.1387.favlist.content.click&vd_source=406d0cf895bedbdc58a3d0130d55e34c,2,BV1VFbd6QEjw,【杨博文｜4k直拍】管他什么音乐 直拍,关键时刻来瓶尖叫,2026-08-16 23:08:52,81687.0,5859.0,3473.0,4558.0,2260.0,559.0,471.0,10.0,
2026-08-23 08:00:00,https://www.bilibili.com/video/BV1xebR6zEkr/?spm_id_from=333.1387.favlist.content.click&vd_source=406d0cf895bedbdc58a3d0130d55e34c,3,BV1xebR6zEkr,【4K精剪】Attention | 杨博文直拍 | 260816,underthepoplar,2026-08-16 23:54:18,166257.0,15017.0,9722.0,12336.0,2710.0,1204.0,2194.0,25.0,
2026-08-23 08:00:00,https://www.bilibili.com/video/BV1s3gs6MEej/?spm_id_from=333.1387.favlist.content.click&vd_source=406d0cf895bedbdc58a3d0130d55e34c,4,BV1s3gs6MEej,【杨博文｜4k直拍】爱的初体验 直拍,关键时刻来瓶尖叫,2026-08-13 22:46:37,109781.0,12346.0,6624.0,9573.0,3050.0,517.0,2464.0,11.0,
2026-08-23 08:00:00,https://www.bilibili.com/video/BV1E2bR6hEJR/?spm_id_from=333.1387.favlist.content.click&vd_source=406d0cf895bedbdc58a3d0130d55e34c,5,BV1E2bR6hEJR,【杨博文】Attention丨直拍横屏丨16岁高中生内娱主舞的舞台掌控力丨8.16双机位4k精剪,Kismet丨杨博文,2026-08-16 22:13:05,232830.0,26351.0,13200.0,18398.0,3778.0,9331.0,10944.0,213.0,
2026-08-23 08:00:00,https://www.bilibili.com/video/BV1Rib96EE3F/?spm_id_from=333.1387.favlist.content.click&vd_source=406d0cf895bedbdc58a3d0130d55e34c,6,BV1Rib96EE3F,260816 【杨博文】春雪  竖屏4k直拍,meetsummer丨杨博文,2026-08-17 01:54:42,36848.0,8154.0,3350.0,4476.0,1435.0,716.0,718.0,10.0,
2026-08-23 08:00:00,https://www.bilibili.com/video/BV18jgg6BEAd/?spm_id_from=333.1387.favlist.content.click&vd_source=406d0cf895bedbdc58a3d0130d55e34c,7,BV18jgg6BEAd,【4K精剪】摇曳！摇曳！ | 杨博文直拍 | 260813 & 260814,underthepoplar,2026-08-15 13:26:46,64513.0,9571.0,6974.0,6330.0,2459.0,445.0,1085.0,15.0,
2026-08-23 08:00:00,https://www.bilibili.com/video/BV1A5vkB2E1k/?spm_id_from=333.1387.favlist.content.click&vd_source=406d0cf895bedbdc58a3d0130d55e34c,8,BV1A5vkB2E1k,【杨博文】Hey Mama六机位纯舞直拍丨15岁舞台统治者的诞生，四代主舞燃炸全场！,Kismet丨杨博文,2025-12-28 22:28:16,2807402.0,65529.0,45790.0,47935.0,27449.0,13661.0,22000.0,1.0,
2026-08-23 08:00:00,https://www.bilibili.com/video/BV1mJ64BREZY/?spm_id_from=333.337.search-card.all.click&vd_source=406d0cf895bedbdc58a3d0130d55e34c,9,BV1mJ64BREZY,【杨博文】闭嘴跳舞丨当主舞穿上西装就会得到,Kismet丨杨博文,2026-02-01 18:31:00,622021.0,35172.0,4037.0,25452.0,8600.0,447.0,654.0,1.0,
2026-08-23 08:00:00,BV1Qu816ZEoy,10,BV1Qu816ZEoy,测试用，勿点，谢谢,猫球不是毛球啊,2026-08-22 16:55:19,94.0,1.0,0.0,0.0,0.0,0.0,0.0,1.0,
2026-08-23 08:00:00,BV1Vd8B65EkU,11,BV1Vd8B65EkU,0822.3,dddddash6,2026-08-21 21:49:36,112.0,0.0,0.0,1.0,0.0,0.0,0.0,1.0,
2026-08-23 08:00:00,BV1fT8S61Ejo,12,BV1fT8S61Ejo,十一（23）,爱动手的法学生,2026-08-22 23:46:38,49.0,0.0,0.0,0.0,0.0,0.0,0.0,1.0,
2026-08-23 08:00:00,BV1bf816sE8P,13,BV1bf816sE8P,自测，误点,橙子小姐_sheep,2026-08-22 14:38:54,123.0,0.0,0.0,1.0,0.0,0.0,0.0,1.0,
2026-08-23 08:00:00,BV1Te8K6uEJt,14,BV1Te8K6uEJt,勿进勿进勿进！自测 安卓0821,cannndy_,2026-08-21 08:57:55,102.0,0.0,0.0,1.0,0.0,0.0,0.0,1.0,
2026-08-23 08:00:00,BV1au816oEjs,15,BV1au816oEjs,手机自测,熙熙哈哈oO,2026-08-22 16:55:10,50.0,0.0,0.0,0.0,0.0,0.0,0.0,1.0,
2026-08-23 08:00:00,BV1qw816eE1d,16,BV1qw816eE1d,8.22 自测视频 勿点,dgsaydhakjdhjk,2026-08-22 16:56:23,218.0,0.0,0.0,0.0,0.0,0.0,0.0,1.0,
2026-08-23 08:00:00,BV1ci8163ECY,17,BV1ci8163ECY,自测勿点,不完美是常态_,2026-08-22 15:39:32,41.0,0.0,0.0,0.0,0.0,0.0,0.0,1.0,
2026-08-23 08:00:00,BV1dw816YEau,18,BV1dw816YEau,测试（勿点）,低能量地活着,2026-08-22 16:59:54,27.0,0.0,0.0,0.0,0.0,0.0,0.0,1.0,
2026-08-23 08:00:00,BV1jg8S6yEuV,19,BV1jg8S6yEuV,自测视频,only筱筱,2026-08-22 23:58:01,40.0,1.0,0.0,0.0,0.0,0.0,0.0,1.0,
2026-08-23 08:00:00,BV1z6816qEbo,20,BV1z6816qEbo,自用,dddii点点,2026-08-22 16:38:15,190.0,1.0,0.0,0.0,0.0,0.0,0.0,1.0,
2026-08-23 08:00:00,BV1eM8168E9p,21,BV1eM8168E9p,自测勿点！！！！,dd鱿鱼须,2026-08-22 16:39:08,90.0,0.0,0.0,1.0,0.0,0.0,0.0,1.0,
2026-08-23 08:00:00,BV14i8M61EdN,22,BV14i8M61EdN,sz,我素质低你让让我,2026-08-21 12:22:44,64.0,0.0,0.0,0.0,0.0,0.0,0.0,1.0,
2026-08-23 08:00:00,BV12A826QEK4,23,BV12A826QEK4,自测 禁点,哈哈哈哈哈11_,2026-08-22 15:15:37,24.0,0.0,0.0,0.0,0.0,0.0,0.0,1.0,
2026-08-23 08:00:00,BV1St8S6wE33,24,BV1St8S6wE33,自测哦,半夏哒哒哒,2026-08-23 00:18:35,54.0,0.0,0.0,0.0,0.0,0.0,0.0,1.0,
2026-08-23 08:00:00,BV1bwbh65Eh7,25,BV1bwbh65Eh7,自测视频！勿点0817,摸鱼堡成员,2026-08-17 09:36:15,86.0,1.0,0.0,0.0,0.0,0.0,0.0,1.0,
2026-08-23 08:00:00,BV15B8r6WEQ3,26,BV15B8r6WEQ3,8.22自测勿点,刘海打歪了,2026-08-22 09:19:46,53.0,0.0,0.0,0.0,0.0,0.0,0.0,1.0,
2026-08-23 08:00:00,BV1ET8S62EvB,27,BV1ET8S62EvB,【牛小Bala】视频已打包，欢迎围观！,牛小Bala,2026-08-22 23:47:03,4.0,0.0,0.0,0.0,0.0,0.0,0.0,1.0,
2026-08-23 08:00:00,BV1kS8y6kEA8,28,BV1kS8y6kEA8,自测 勿点,MENYAOOO,2026-08-22 18:41:15,86.0,0.0,0.0,0.0,0.0,0.0,0.0,1.0,
2026-08-23 08:00:00,BV1pX8y66ELf,29,BV1pX8y66ELf,自测请勿点击,风枷锁,2026-08-22 18:47:46,81.0,1.0,0.0,1.0,0.0,0.0,0.0,1.0,
2026-08-23 08:00:00,BV1uz8y6JEAr,30,BV1uz8y6JEAr,【起司不是qs】第一支视频求三连！,起司不是qs,2026-08-22 18:20:23,55.0,0.0,0.0,0.0,0.0,0.0,0.0,1.0,
2026-08-23 08:00:00,BV1mx8m6REbb,31,BV1mx8m6REbb,自测,甜奶味羊咩,2026-08-22 20:49:17,23.0,0.0,0.0,0.0,0.0,0.0,0.0,1.0,
2026-08-23 08:00:00,BV1du8S65E6x,32,BV1du8S65E6x,测测测,羊咩_0601,2026-08-23 00:02:02,44.0,0.0,0.0,0.0,0.0,0.0,0.0,1.0,
2026-08-23 08:00:00,BV1hn8m6FEcd,33,BV1hn8m6FEcd,自测勿点,哇哦哦噢噢噢哦,2026-08-22 21:06:21,24.0,0.0,0.0,0.0,0.0,0.0,0.0,1.0,
2026-08-23 08:00:00,BV1DE8m68E2D,34,BV1DE8m68E2D,自测勿点,半柚奶序,2026-08-22 21:10:31,46.0,1.0,0.0,1.0,0.0,0.0,0.0,1.0,
2026-08-23 08:00:00,BV1jM8m6MEoA,35,BV1jM8m6MEoA,自测，勿点进,Camellia不是cc,2026-08-22 20:29:58,5.0,0.0,0.0,1.0,0.0,0.0,0.0,1.0,
2026-08-23 08:00:00,BV1gE8m6hEJ2,36,BV1gE8m6hEJ2,自测勿点,萌羊叫眠羊,2026-08-22 21:11:17,5.0,0.0,0.0,0.0,0.0,0.0,0.0,1.0,
2026-08-23 08:00:00,BV15V8S6kEYA,37,BV15V8S6kEYA,自测,kuaiqushuijiaoba,2026-08-22 23:32:08,1.0,0.0,0.0,0.0,0.0,0.0,0.0,1.0,
2026-08-23 08:00:00,BV1vG8S6VEgc,38,BV1vG8S6VEgc,8.23自测,萌是天生命TvT,2026-08-22 23:34:07,67.0,0.0,0.0,1.0,0.0,0.0,0.0,1.0,
2026-08-23 08:00:00,BV1Zg8S6CEu5,39,BV1Zg8S6CEu5,自测勿点3,北纬咩雪刊,2026-08-22 23:54:46,54.0,0.0,0.0,0.0,0.0,0.0,0.0,1.0,
2026-08-23 08:00:00,BV1s8BvBPEN5,40,BV1s8BvBPEN5,【杨博文｜4K舞台直拍】好运来祝你好运来～博文宝宝祝你新年好运来,关键时刻来瓶尖叫,2025-12-27 00:43:12,1915295.0,35018.0,17107.0,32444.0,19589.0,4336.0,4873.0,1.0,
2026-08-23 08:00:00,BV1XA6nBGEPV,41,BV1XA6nBGEPV,【4K精剪】希区考克 作品152 | 杨博文直拍 | 260131,underthepoplar,2026-02-01 00:23:17,1945262.0,24054.0,22485.0,20168.0,19010.0,4020.0,6937.0,1.0,
2026-08-23 08:30:01,https://www.bilibili.com/video/BV1GdgW6JEe9/?spm_id_from=333.1387.favlist.content.click&vd_source=406d0cf895bedbdc58a3d0130d55e34c,0,BV1GdgW6JEe9,【杨博文｜4k直拍】Whiplash 双日直拍混剪,关键时刻来瓶尖叫,2026-08-13 23:45:41,204856.0,27294.0,22454.0,20835.0,6556.0,4596.0,7971.0,22.0,
2026-08-23 08:30:01,https://www.bilibili.com/video/BV1W5gs6KEhr/?spm_id_from=333.1387.favlist.content.click&vd_source=406d0cf895bedbdc58a3d0130d55e34c,1,BV1W5gs6KEhr,【4K精剪】异常加载中 | 杨博文直拍 | 260813,underthepoplar,2026-08-13 22:44:57,174363.0,22786.0,15573.0,16828.0,5873.0,7313.0,8477.0,19.0,
2026-08-23 08:30:01,https://www.bilibili.com/video/BV1VFbd6QEjw/spm_id_from=333.1387.favlist.content.click&vd_source=406d0cf895bedbdc58a3d0130d55e34c,2,BV1VFbd6QEjw,【杨博文｜4k直拍】管他什么音乐 直拍,关键时刻来瓶尖叫,2026-08-16 23:08:52,81706.0,5861.0,3473.0,4560.0,2271.0,559.0,471.0,11.0,
2026-08-23 08:30:01,https://www.bilibili.com/video/BV1xebR6zEkr/?spm_id_from=333.1387.favlist.content.click&vd_source=406d0cf895bedbdc58a3d0130d55e34c,3,BV1xebR6zEkr,【4K精剪】Attention | 杨博文直拍 | 260816,underthepoplar,2026-08-16 23:54:18,166377.0,15024.0,9726.0,12346.0,2721.0,1279.0,2272.0,31.0,
2026-08-23 08:30:01,https://www.bilibili.com/video/BV1s3gs6MEej/?spm_id_from=333.1387.favlist.content.click&vd_source=406d0cf895bedbdc58a3d0130d55e34c,4,BV1s3gs6MEej,【杨博文｜4k直拍】爱的初体验 直拍,关键时刻来瓶尖叫,2026-08-13 22:46:37,109828.0,12348.0,6624.0,9574.0,3061.0,517.0,2464.0,7.0,
2026-08-23 08:30:01,https://www.bilibili.com/video/BV1E2bR6hEJR/?spm_id_from=333.1387.favlist.content.click&vd_source=406d0cf895bedbdc58a3d0130d55e34c,5,BV1E2bR6hEJR,【杨博文】Attention丨直拍横屏丨16岁高中生内娱主舞的舞台掌控力丨8.16双机位4k精剪,Kismet丨杨博文,2026-08-16 22:13:05,232966.0,26364.0,13204.0,18406.0,3788.0,9332.0,10947.0,217.0,
2026-08-23 08:30:01,https://www.bilibili.com/video/BV1Rib96EE3F/?spm_id_from=333.1387.favlist.content.click&vd_source=406d0cf895bedbdc58a3d0130d55e34c,6,BV1Rib96EE3F,260816 【杨博文】春雪  竖屏4k直拍,meetsummer丨杨博文,2026-08-17 01:54:42,36884.0,8158.0,3352.0,4478.0,1445.0,716.0,718.0,11.0,
2026-08-23 08:30:01,https://www.bilibili.com/video/BV18jgg6BEAd/?spm_id_from=333.1387.favlist.content.click&vd_source=406d0cf895bedbdc58a3d0130d55e34c,7,BV18jgg6BEAd,【4K精剪】摇曳！摇曳！ | 杨博文直拍 | 260813 & 260814,underthepoplar,2026-08-15 13:26:46,64547.0,9574.0,6978.0,6333.0,2470.0,445.0,1085.0,11.0,
2026-08-23 08:30:01,https://www.bilibili.com/video/BV1A5vkB2E1k/?spm_id_from=333.1387.favlist.content.click&vd_source=406d0cf895bedbdc58a3d0130d55e34c,8,BV1A5vkB2E1k,【杨博文】Hey Mama六机位纯舞直拍丨15岁舞台统治者的诞生，四代主舞燃炸全场！,Kismet丨杨博文,2025-12-28 22:28:16,2807410.0,65530.0,45792.0,47936.0,27457.0,13661.0,22000.0,1.0,
2026-08-23 08:30:01,https://www.bilibili.com/video/BV1mJ64BREZY/?spm_id_from=333.337.search-card.all.click&vd_source=406d0cf895bedbdc58a3d0130d55e34c,9,BV1mJ64BREZY,【杨博文】闭嘴跳舞丨当主舞穿上西装就会得到,Kismet丨杨博文,2026-02-01 18:31:00,622022.0,35172.0,4037.0,25452.0,8600.0,447.0,654.0,1.0,
2026-08-23 08:30:01,BV1Qu816ZEoy,10,BV1Qu816ZEoy,测试用，勿点，谢谢,猫球不是毛球啊,2026-08-22 16:55:19,104.0,1.0,0.0,0.0,0.0,0.0,0.0,1.0,
2026-08-23 08:30:01,BV1Vd8B65EkU,11,BV1Vd8B65EkU,0822.3,dddddash6,2026-08-21 21:49:36,112.0,0.0,0.0,1.0,0.0,0.0,0.0,1.0,
2026-08-23 08:30:01,BV1fT8S61Ejo,12,BV1fT8S61Ejo,十一（23）,爱动手的法学生,2026-08-22 23:46:38,49.0,0.0,0.0,0.0,0.0,0.0,0.0,1.0,
2026-08-23 08:30:01,BV1bf816sE8P,13,BV1bf816sE8P,自测，误点,橙子小姐_sheep,2026-08-22 14:38:54,127.0,0.0,0.0,1.0,0.0,0.0,0.0,1.0,
2026-08-23 08:30:01,BV1Te8K6uEJt,14,BV1Te8K6uEJt,勿进勿进勿进！自测 安卓0821,cannndy_,2026-08-21 08:57:55,102.0,0.0,0.0,1.0,0.0,0.0,0.0,1.0,
2026-08-23 08:30:01,BV1au816oEjs,15,BV1au816oEjs,手机自测,熙熙哈哈oO,2026-08-22 16:55:10,50.0,0.0,0.0,0.0,0.0,0.0,0.0,1.0,
2026-08-23 08:30:01,BV1qw816eE1d,16,BV1qw816eE1d,8.22 自测视频 勿点,dgsaydhakjdhjk,2026-08-22 16:56:23,219.0,0.0,0.0,0.0,0.0,0.0,0.0,1.0,
2026-08-23 08:30:01,BV1ci8163ECY,17,BV1ci8163ECY,自测勿点,不完美是常态_,2026-08-22 15:39:32,41.0,0.0,0.0,0.0,0.0,0.0,0.0,1.0,
2026-08-23 08:30:01,BV1dw816YEau,18,BV1dw816YEau,测试（勿点）,低能量地活着,2026-08-22 16:59:54,27.0,0.0,0.0,0.0,0.0,0.0,0.0,1.0,
2026-08-23 08:30:01,BV1jg8S6yEuV,19,BV1jg8S6yEuV,自测视频,only筱筱,2026-08-22 23:58:01,40.0,1.0,0.0,0.0,0.0,0.0,0.0,1.0,
2026-08-23 08:30:01,BV1z6816qEbo,20,BV1z6816qEbo,自用,dddii点点,2026-08-22 16:38:15,193.0,1.0,0.0,0.0,0.0,0.0,0.0,1.0,
2026-08-23 08:30:01,BV1eM8168E9p,21,BV1eM8168E9p,自测勿点！！！！,dd鱿鱼须,2026-08-22 16:39:08,90.0,0.0,0.0,1.0,0.0,0.0,0.0,1.0,
2026-08-23 08:30:01,BV14i8M61EdN,22,BV14i8M61EdN,sz,我素质低你让让我,2026-08-21 12:22:44,64.0,0.0,0.0,0.0,0.0,0.0,0.0,1.0,
2026-08-23 08:30:01,BV12A826QEK4,23,BV12A826QEK4,自测 禁点,哈哈哈哈哈11_,2026-08-22 15:15:37,24.0,0.0,0.0,0.0,0.0,0.0,0.0,1.0,
2026-08-23 08:30:01,BV1St8S6wE33,24,BV1St8S6wE33,自测哦,半夏哒哒哒,2026-08-23 00:18:35,54.0,0.0,0.0,0.0,0.0,0.0,0.0,1.0,
2026-08-23 08:30:01,BV1bwbh65Eh7,25,BV1bwbh65Eh7,自测视频！勿点0817,摸鱼堡成员,2026-08-17 09:36:15,86.0,1.0,0.0,0.0,0.0,0.0,0.0,1.0,
2026-08-23 08:30:01,BV15B8r6WEQ3,26,BV15B8r6WEQ3,8.22自测勿点,刘海打歪了,2026-08-22 09:19:46,53.0,0.0,0.0,0.0,0.0,0.0,0.0,1.0,
2026-08-23 08:30:01,BV1ET8S62EvB,27,BV1ET8S62EvB,【牛小Bala】视频已打包，欢迎围观！,牛小Bala,2026-08-22 23:47:03,4.0,0.0,0.0,0.0,0.0,0.0,0.0,1.0,
2026-08-23 08:30:01,BV1kS8y6kEA8,28,BV1kS8y6kEA8,自测 勿点,MENYAOOO,2026-08-22 18:41:15,87.0,0.0,0.0,0.0,0.0,0.0,0.0,1.0,
2026-08-23 08:30:01,BV1pX8y66ELf,29,BV1pX8y66ELf,自测请勿点击,风枷锁,2026-08-22 18:47:46,86.0,1.0,0.0,1.0,0.0,0.0,0.0,1.0,
2026-08-23 08:30:01,BV1uz8y6JEAr,30,BV1uz8y6JEAr,【起司不是qs】第一支视频求三连！,起司不是qs,2026-08-22 18:20:23,58.0,0.0,0.0,0.0,0.0,0.0,0.0,1.0,
2026-08-23 08:30:01,BV1mx8m6REbb,31,BV1mx8m6REbb,自测,甜奶味羊咩,2026-08-22 20:49:17,23.0,0.0,0.0,0.0,0.0,0.0,0.0,1.0,
2026-08-23 08:30:01,BV1du8S65E6x,32,BV1du8S65E6x,测测测,羊咩_0601,2026-08-23 00:02:02,44.0,0.0,0.0,0.0,0.0,0.0,0.0,1.0,
2026-08-23 08:30:01,BV1hn8m6FEcd,33,BV1hn8m6FEcd,自测勿点,哇哦哦噢噢噢哦,2026-08-22 21:06:21,24.0,0.0,0.0,0.0,0.0,0.0,0.0,1.0,
2026-08-23 08:30:01,BV1DE8m68E2D,34,BV1DE8m68E2D,自测勿点,半柚奶序,2026-08-22 21:10:31,57.0,2.0,0.0,1.0,0.0,0.0,0.0,1.0,
2026-08-23 08:30:01,BV1jM8m6MEoA,35,BV1jM8m6MEoA,自测，勿点进,Camellia不是cc,2026-08-22 20:29:58,5.0,0.0,0.0,1.0,0.0,0.0,0.0,1.0,
2026-08-23 08:30:01,BV1gE8m6hEJ2,36,BV1gE8m6hEJ2,自测勿点,萌羊叫眠羊,2026-08-22 21:11:17,5.0,0.0,0.0,0.0,0.0,0.0,0.0,1.0,
2026-08-23 08:30:01,BV15V8S6kEYA,37,BV15V8S6kEYA,自测,kuaiqushuijiaoba,2026-08-22 23:32:08,1.0,0.0,0.0,0.0,0.0,0.0,0.0,1.0,
2026-08-23 08:30:01,BV1vG8S6VEgc,38,BV1vG8S6VEgc,8.23自测,萌是天生命TvT,2026-08-22 23:34:07,72.0,0.0,0.0,1.0,0.0,0.0,0.0,1.0,
2026-08-23 08:30:01,BV1Zg8S6CEu5,39,BV1Zg8S6CEu5,自测勿点3,北纬咩雪刊,2026-08-22 23:54:46,54.0,0.0,0.0,0.0,0.0,0.0,0.0,1.0,
2026-08-23 08:30:01,BV1s8BvBPEN5,40,BV1s8BvBPEN5,【杨博文｜4K舞台直拍】好运来祝你好运来～博文宝宝祝你新年好运来,关键时刻来瓶尖叫,2025-12-27 00:43:12,1915299.0,35018.0,17107.0,32445.0,19589.0,4336.0,4873.0,1.0,
2026-08-23 08:30:01,BV1XA6nBGEPV,41,BV1XA6nBGEPV,【4K精剪】希区考克 作品152 | 杨博文直拍 | 260131,underthepoplar,2026-02-01 00:23:17,1945263.0,24054.0,22485.0,20169.0,19010.0,4020.0,6937.0,1.0,
2026-08-23 09:00:03,https://www.bilibili.com/video/BV1GdgW6JEe9/?spm_id_from=333.1387.favlist.content.click&vd_source=406d0cf895bedbdc58a3d0130d55e34c,0,BV1GdgW6JEe9,【杨博文｜4k直拍】Whiplash 双日直拍混剪,关键时刻来瓶尖叫,2026-08-13 23:45:41,204996.0,27301.0,22454.0,20840.0,6571.0,4596.0,7971.0,24.0,
2026-08-23 09:00:03,https://www.bilibili.com/video/BV1W5gs6KEhr/?spm_id_from=333.1387.favlist.content.click&vd_source=406d0cf895bedbdc58a3d0130d55e34c,1,BV1W5gs6KEhr,【4K精剪】异常加载中 | 杨博文直拍 | 260813,underthepoplar,2026-08-13 22:44:57,174448.0,22791.0,15573.0,16828.0,5888.0,7313.0,8477.0,19.0,
2026-08-23 09:00:03,https://www.bilibili.com/video/BV1VFbd6QEjw/spm_id_from=333.1387.favlist.content.click&vd_source=406d0cf895bedbdc58a3d0130d55e34c,2,BV1VFbd6QEjw,【杨博文｜4k直拍】管他什么音乐 直拍,关键时刻来瓶尖叫,2026-08-16 23:08:52,81725.0,5863.0,3475.0,4560.0,2284.0,559.0,471.0,11.0,
2026-08-23 09:00:03,https://www.bilibili.com/video/BV1xebR6zEkr/?spm_id_from=333.1387.favlist.content.click&vd_source=406d0cf895bedbdc58a3d0130d55e34c,3,BV1xebR6zEkr,【4K精剪】Attention | 杨博文直拍 | 260816,underthepoplar,2026-08-16 23:54:18,166515.0,15035.0,9731.0,12354.0,2735.0,1279.0,2272.0,28.0,
2026-08-23 09:00:03,https://www.bilibili.com/video/BV1s3gs6MEej/?spm_id_from=333.1387.favlist.content.click&vd_source=406d0cf895bedbdc58a3d0130d55e34c,4,BV1s3gs6MEej,【杨博文｜4k直拍】爱的初体验 直拍,关键时刻来瓶尖叫,2026-08-13 22:46:37,109894.0,12352.0,6626.0,9576.0,3074.0,517.0,2464.0,16.0,
2026-08-23 09:00:03,https://www.bilibili.com/video/BV1E2bR6hEJR/?spm_id_from=333.1387.favlist.content.click&vd_source=406d0cf895bedbdc58a3d0130d55e34c,5,BV1E2bR6hEJR,【杨博文】Attention丨直拍横屏丨16岁高中生内娱主舞的舞台掌控力丨8.16双机位4k精剪,Kismet丨杨博文,2026-08-16 22:13:05,233133.0,26382.0,13213.0,18421.0,3803.0,9332.0,10948.0,218.0,
2026-08-23 09:00:03,https://www.bilibili.com/video/BV1Rib96EE3F/?spm_id_from=333.1387.favlist.content.click&vd_source=406d0cf895bedbdc58a3d0130d55e34c,6,BV1Rib96EE3F,260816 【杨博文】春雪  竖屏4k直拍,meetsummer丨杨博文,2026-08-17 01:54:42,36932.0,8164.0,3354.0,4482.0,1458.0,716.0,718.0,13.0,
2026-08-23 09:00:03,https://www.bilibili.com/video/BV18jgg6BEAd/?spm_id_from=333.1387.favlist.content.click&vd_source=406d0cf895bedbdc58a3d0130d55e34c,7,BV18jgg6BEAd,【4K精剪】摇曳！摇曳！ | 杨博文直拍 | 260813 & 260814,underthepoplar,2026-08-15 13:26:46,64587.0,9580.0,6980.0,6336.0,2484.0,445.0,1085.0,15.0,
2026-08-23 09:00:03,https://www.bilibili.com/video/BV1A5vkB2E1k/?spm_id_from=333.1387.favlist.content.click&vd_source=406d0cf895bedbdc58a3d0130d55e34c,8,BV1A5vkB2E1k,【杨博文】Hey Mama六机位纯舞直拍丨15岁舞台统治者的诞生，四代主舞燃炸全场！,Kismet丨杨博文,2025-12-28 22:28:16,2807420.0,65530.0,45792.0,47936.0,27470.0,13661.0,22000.0,1.0,
2026-08-23 09:00:03,https://www.bilibili.com/video/BV1mJ64BREZY/?spm_id_from=333.337.search-card.all.click&vd_source=406d0cf895bedbdc58a3d0130d55e34c,9,BV1mJ64BREZY,【杨博文】闭嘴跳舞丨当主舞穿上西装就会得到,Kismet丨杨博文,2026-02-01 18:31:00,622025.0,35172.0,4037.0,25452.0,8600.0,447.0,654.0,1.0,
2026-08-23 09:00:03,BV1Qu816ZEoy,10,BV1Qu816ZEoy,测试用，勿点，谢谢,猫球不是毛球啊,2026-08-22 16:55:19,110.0,1.0,0.0,0.0,0.0,0.0,0.0,1.0,
2026-08-23 09:00:03,BV1Vd8B65EkU,11,BV1Vd8B65EkU,0822.3,dddddash6,2026-08-21 21:49:36,112.0,0.0,0.0,1.0,0.0,0.0,0.0,1.0,
2026-08-23 09:00:03,BV1fT8S61Ejo,12,BV1fT8S61Ejo,十一（23）,爱动手的法学生,2026-08-22 23:46:38,49.0,0.0,0.0,0.0,0.0,0.0,0.0,1.0,
2026-08-23 09:00:03,BV1bf816sE8P,13,BV1bf816sE8P,自测，误点,橙子小姐_sheep,2026-08-22 14:38:54,132.0,0.0,0.0,1.0,0.0,0.0,0.0,1.0,
2026-08-23 09:00:03,BV1Te8K6uEJt,14,BV1Te8K6uEJt,勿进勿进勿进！自测 安卓0821,cannndy_,2026-08-21 08:57:55,102.0,0.0,0.0,1.0,0.0,0.0,0.0,1.0,
2026-08-23 09:00:03,BV1au816oEjs,15,BV1au816oEjs,手机自测,熙熙哈哈oO,2026-08-22 16:55:10,50.0,0.0,0.0,0.0,0.0,0.0,0.0,1.0,
2026-08-23 09:00:03,BV1qw816eE1d,16,BV1qw816eE1d,8.22 自测视频 勿点,dgsaydhakjdhjk,2026-08-22 16:56:23,219.0,0.0,0.0,0.0,0.0,0.0,0.0,1.0,
2026-08-23 09:00:03,BV1ci8163ECY,17,BV1ci8163ECY,自测勿点,不完美是常态_,2026-08-22 15:39:32,41.0,0.0,0.0,0.0,0.0,0.0,0.0,1.0,
2026-08-23 09:00:03,BV1dw816YEau,18,BV1dw816YEau,测试（勿点）,低能量地活着,2026-08-22 16:59:54,27.0,0.0,0.0,0.0,0.0,0.0,0.0,1.0,
2026-08-23 09:00:03,BV1jg8S6yEuV,19,BV1jg8S6yEuV,自测视频,only筱筱,2026-08-22 23:58:01,43.0,1.0,0.0,0.0,0.0,0.0,0.0,1.0,
2026-08-23 09:00:03,BV1z6816qEbo,20,BV1z6816qEbo,自用,dddii点点,2026-08-22 16:38:15,193.0,1.0,0.0,0.0,0.0,0.0,0.0,1.0,
2026-08-23 09:00:03,BV1eM8168E9p,21,BV1eM8168E9p,自测勿点！！！！,dd鱿鱼须,2026-08-22 16:39:08,93.0,0.0,0.0,1.0,0.0,0.0,0.0,1.0,
2026-08-23 09:00:03,BV14i8M61EdN,22,BV14i8M61EdN,sz,我素质低你让让我,2026-08-21 12:22:44,70.0,0.0,0.0,0.0,0.0,0.0,0.0,1.0,
2026-08-23 09:00:03,BV12A826QEK4,23,BV12A826QEK4,自测 禁点,哈哈哈哈哈11_,2026-08-22 15:15:37,24.0,0.0,0.0,0.0,0.0,0.0,0.0,1.0,
2026-08-23 09:00:03,BV1St8S6wE33,24,BV1St8S6wE33,自测哦,半夏哒哒哒,2026-08-23 00:18:35,55.0,0.0,0.0,0.0,0.0,0.0,0.0,1.0,
2026-08-23 09:00:03,BV1bwbh65Eh7,25,BV1bwbh65Eh7,自测视频！勿点0817,摸鱼堡成员,2026-08-17 09:36:15,86.0,1.0,0.0,0.0,0.0,0.0,0.0,1.0,
2026-08-23 09:00:03,BV15B8r6WEQ3,26,BV15B8r6WEQ3,8.22自测勿点,刘海打歪了,2026-08-22 09:19:46,53.0,0.0,0.0,0.0,0.0,0.0,0.0,1.0,
2026-08-23 09:00:03,BV1ET8S62EvB,27,BV1ET8S62EvB,【牛小Bala】视频已打包，欢迎围观！,牛小Bala,2026-08-22 23:47:03,4.0,0.0,0.0,0.0,0.0,0.0,0.0,1.0,
2026-08-23 09:00:03,BV1kS8y6kEA8,28,BV1kS8y6kEA8,自测 勿点,MENYAOOO,2026-08-22 18:41:15,88.0,0.0,0.0,0.0,0.0,0.0,0.0,1.0,
2026-08-23 09:00:03,BV1pX8y66ELf,29,BV1pX8y66ELf,自测请勿点击,风枷锁,2026-08-22 18:47:46,90.0,1.0,0.0,1.0,0.0,0.0,0.0,1.0,
2026-08-23 09:00:03,BV1uz8y6JEAr,30,BV1uz8y6JEAr,【起司不是qs】第一支视频求三连！,起司不是qs,2026-08-22 18:20:23,58.0,0.0,0.0,0.0,0.0,0.0,0.0,1.0,
2026-08-23 09:00:03,BV1mx8m6REbb,31,BV1mx8m6REbb,自测,甜奶味羊咩,2026-08-22 20:49:17,23.0,0.0,0.0,0.0,0.0,0.0,0.0,1.0,
2026-08-23 09:00:03,BV1du8S65E6x,32,BV1du8S65E6x,测测测,羊咩_0601,2026-08-23 00:02:02,44.0,0.0,0.0,0.0,0.0,0.0,0.0,1.0,
2026-08-23 09:00:03,BV1hn8m6FEcd,33,BV1hn8m6FEcd,自测勿点,哇哦哦噢噢噢哦,2026-08-22 21:06:21,24.0,0.0,0.0,0.0,0.0,0.0,0.0,1.0,
2026-08-23 09:00:03,BV1DE8m68E2D,34,BV1DE8m68E2D,自测勿点,半柚奶序,2026-08-22 21:10:31,60.0,2.0,0.0,1.0,0.0,0.0,0.0,1.0,
2026-08-23 09:00:03,BV1jM8m6MEoA,35,BV1jM8m6MEoA,自测，勿点进,Camellia不是cc,2026-08-22 20:29:58,5.0,0.0,0.0,1.0,0.0,0.0,0.0,1.0,
2026-08-23 09:00:03,BV1gE8m6hEJ2,36,BV1gE8m6hEJ2,自测勿点,萌羊叫眠羊,2026-08-22 21:11:17,5.0,0.0,0.0,0.0,0.0,0.0,0.0,1.0,
2026-08-23 09:00:03,BV15V8S6kEYA,37,BV15V8S6kEYA,自测,kuaiqushuijiaoba,2026-08-22 23:32:08,1.0,0.0,0.0,0.0,0.0,0.0,0.0,1.0,
2026-08-23 09:00:03,BV1vG8S6VEgc,38,BV1vG8S6VEgc,8.23自测,萌是天生命TvT,2026-08-22 23:34:07,77.0,0.0,0.0,1.0,0.0,0.0,0.0,1.0,
2026-08-23 09:00:03,BV1Zg8S6CEu5,39,BV1Zg8S6CEu5,自测勿点3,北纬咩雪刊,2026-08-22 23:54:46,54.0,0.0,0.0,0.0,0.0,0.0,0.0,1.0,
2026-08-23 09:00:03,BV1s8BvBPEN5,40,BV1s8BvBPEN5,【杨博文｜4K舞台直拍】好运来祝你好运来～博文宝宝祝你新年好运来,关键时刻来瓶尖叫,2025-12-27 00:43:12,1915300.0,35018.0,17107.0,32446.0,19589.0,4336.0,4873.0,1.0,
2026-08-23 09:00:03,BV1XA6nBGEPV,41,BV1XA6nBGEPV,【4K精剪】希区考克 作品152 | 杨博文直拍 | 260131,underthepoplar,2026-02-01 00:23:17,1945264.0,24054.0,22485.0,20169.0,19010.0,4020.0,6937.0,1.0,
2026-08-23 09:30:04,https://www.bilibili.com/video/BV1GdgW6JEe9/?spm_id_from=333.1387.favlist.content.click&vd_source=406d0cf895bedbdc58a3d0130d55e34c,0,BV1GdgW6JEe9,【杨博文｜4k直拍】Whiplash 双日直拍混剪,关键时刻来瓶尖叫,2026-08-13 23:45:41,205127.0,27305.0,22454.0,20848.0,6575.0,4596.0,7971.0,19.0,
2026-08-23 09:30:04,https://www.bilibili.com/video/BV1W5gs6KEhr/?spm_id_from=333.1387.favlist.content.click&vd_source=406d0cf895bedbdc58a3d0130d55e34c,1,BV1W5gs6KEhr,【4K精剪】异常加载中 | 杨博文直拍 | 260813,underthepoplar,2026-08-13 22:44:57,174547.0,22797.0,15577.0,16838.0,5891.0,7313.0,8478.0,22.0,
2026-08-23 09:30:04,https://www.bilibili.com/video/BV1VFbd6QEjw/spm_id_from=333.1387.favlist.content.click&vd_source=406d0cf895bedbdc58a3d0130d55e34c,2,BV1VFbd6QEjw,【杨博文｜4k直拍】管他什么音乐 直拍,关键时刻来瓶尖叫,2026-08-16 23:08:52,81838.0,5866.0,3475.0,4563.0,2287.0,559.0,471.0,17.0,
2026-08-23 09:30:04,https://www.bilibili.com/video/BV1xebR6zEkr/?spm_id_from=333.1387.favlist.content.click&vd_source=406d0cf895bedbdc58a3d0130d55e34c,3,BV1xebR6zEkr,【4K精剪】Attention | 杨博文直拍 | 260816,underthepoplar,2026-08-16 23:54:18,166674.0,15045.0,9733.0,12364.0,2738.0,1320.0,2312.0,30.0,
2026-08-23 09:30:04,https://www.bilibili.com/video/BV1s3gs6MEej/?spm_id_from=333.1387.favlist.content.click&vd_source=406d0cf895bedbdc58a3d0130d55e34c,4,BV1s3gs6MEej,【杨博文｜4k直拍】爱的初体验 直拍,关键时刻来瓶尖叫,2026-08-13 22:46:37,109955.0,12354.0,6626.0,9576.0,3077.0,517.0,2467.0,13.0,
2026-08-23 09:30:04,https://www.bilibili.com/video/BV1E2bR6hEJR/?spm_id_from=333.1387.favlist.content.click&vd_source=406d0cf895bedbdc58a3d0130d55e34c,5,BV1E2bR6hEJR,【杨博文】Attention丨直拍横屏丨16岁高中生内娱主舞的舞台掌控力丨8.16双机位4k精剪,Kismet丨杨博文,2026-08-16 22:13:05,233312.0,26396.0,13219.0,18435.0,3807.0,9332.0,10954.0,218.0,
2026-08-23 09:30:04,https://www.bilibili.com/video/BV1Rib96EE3F/?spm_id_from=333.1387.favlist.content.click&vd_source=406d0cf895bedbdc58a3d0130d55e34c,6,BV1Rib96EE3F,260816 【杨博文】春雪  竖屏4k直拍,meetsummer丨杨博文,2026-08-17 01:54:42,36985.0,8168.0,3354.0,4485.0,1461.0,716.0,721.0,15.0,
2026-08-23 09:30:04,https://www.bilibili.com/video/BV18jgg6BEAd/?spm_id_from=333.1387.favlist.content.click&vd_source=406d0cf895bedbdc58a3d0130d55e34c,7,BV18jgg6BEAd,【4K精剪】摇曳！摇曳！ | 杨博文直拍 | 260813 & 260814,underthepoplar,2026-08-15 13:26:46,64621.0,9585.0,6980.0,6337.0,2487.0,445.0,1088.0,19.0,
2026-08-23 09:30:04,https://www.bilibili.com/video/BV1A5vkB2E1k/?spm_id_from=333.1387.favlist.content.click&vd_source=406d0cf895bedbdc58a3d0130d55e34c,8,BV1A5vkB2E1k,【杨博文】Hey Mama六机位纯舞直拍丨15岁舞台统治者的诞生，四代主舞燃炸全场！,Kismet丨杨博文,2025-12-28 22:28:16,2807432.0,65530.0,45792.0,47936.0,27473.0,13661.0,22000.0,2.0,
2026-08-23 09:30:04,https://www.bilibili.com/video/BV1mJ64BREZY/?spm_id_from=333.337.search-card.all.click&vd_source=406d0cf895bedbdc58a3d0130d55e34c,9,BV1mJ64BREZY,【杨博文】闭嘴跳舞丨当主舞穿上西装就会得到,Kismet丨杨博文,2026-02-01 18:31:00,622026.0,35172.0,4037.0,25452.0,8600.0,447.0,654.0,1.0,
2026-08-23 09:30:04,BV1Qu816ZEoy,10,BV1Qu816ZEoy,测试用，勿点，谢谢,猫球不是毛球啊,2026-08-22 16:55:19,110.0,1.0,0.0,0.0,0.0,0.0,0.0,1.0,
2026-08-23 09:30:04,BV1Vd8B65EkU,11,BV1Vd8B65EkU,0822.3,dddddash6,2026-08-21 21:49:36,113.0,0.0,0.0,1.0,0.0,0.0,0.0,1.0,
2026-08-23 09:30:04,BV1fT8S61Ejo,12,BV1fT8S61Ejo,十一（23）,爱动手的法学生,2026-08-22 23:46:38,49.0,0.0,0.0,0.0,0.0,0.0,0.0,1.0,
2026-08-23 09:30:04,BV1bf816sE8P,13,BV1bf816sE8P,自测，误点,橙子小姐_sheep,2026-08-22 14:38:54,137.0,0.0,0.0,1.0,0.0,0.0,0.0,1.0,
2026-08-23 09:30:04,BV1Te8K6uEJt,14,BV1Te8K6uEJt,勿进勿进勿进！自测 安卓0821,cannndy_,2026-08-21 08:57:55,102.0,0.0,0.0,1.0,0.0,0.0,0.0,1.0,
2026-08-23 09:30:04,BV1au816oEjs,15,BV1au816oEjs,手机自测,熙熙哈哈oO,2026-08-22 16:55:10,50.0,0.0,0.0,0.0,0.0,0.0,0.0,1.0,
2026-08-23 09:30:04,BV1qw816eE1d,16,BV1qw816eE1d,8.22 自测视频 勿点,dgsaydhakjdhjk,2026-08-22 16:56:23,219.0,0.0,0.0,0.0,0.0,0.0,0.0,1.0,
2026-08-23 09:30:04,BV1ci8163ECY,17,BV1ci8163ECY,自测勿点,不完美是常态_,2026-08-22 15:39:32,41.0,0.0,0.0,0.0,0.0,0.0,0.0,1.0,
2026-08-23 09:30:04,BV1dw816YEau,18,BV1dw816YEau,测试（勿点）,低能量地活着,2026-08-22 16:59:54,27.0,0.0,0.0,0.0,0.0,0.0,0.0,1.0,
2026-08-23 09:30:04,BV1jg8S6yEuV,19,BV1jg8S6yEuV,自测视频,only筱筱,2026-08-22 23:58:01,48.0,1.0,0.0,0.0,0.0,0.0,0.0,1.0,
2026-08-23 09:30:04,BV1z6816qEbo,20,BV1z6816qEbo,自用,dddii点点,2026-08-22 16:38:15,195.0,1.0,0.0,0.0,0.0,0.0,0.0,1.0,
2026-08-23 09:30:04,BV1eM8168E9p,21,BV1eM8168E9p,自测勿点！！！！,dd鱿鱼须,2026-08-22 16:39:08,99.0,0.0,0.0,1.0,0.0,0.0,0.0,1.0,
2026-08-23 09:30:04,BV14i8M61EdN,22,BV14i8M61EdN,sz,我素质低你让让我,2026-08-21 12:22:44,75.0,0.0,0.0,0.0,0.0,0.0,0.0,1.0,
2026-08-23 09:30:04,BV12A826QEK4,23,BV12A826QEK4,自测 禁点,哈哈哈哈哈11_,2026-08-22 15:15:37,24.0,0.0,0.0,0.0,0.0,0.0,0.0,1.0,
2026-08-23 09:30:04,BV1St8S6wE33,24,BV1St8S6wE33,自测哦,半夏哒哒哒,2026-08-23 00:18:35,55.0,0.0,0.0,0.0,0.0,0.0,0.0,1.0,
2026-08-23 09:30:04,BV1bwbh65Eh7,25,BV1bwbh65Eh7,自测视频！勿点0817,摸鱼堡成员,2026-08-17 09:36:15,86.0,1.0,0.0,0.0,0.0,0.0,0.0,1.0,
2026-08-23 09:30:04,BV15B8r6WEQ3,26,BV15B8r6WEQ3,8.22自测勿点,刘海打歪了,2026-08-22 09:19:46,53.0,0.0,0.0,0.0,0.0,0.0,0.0,1.0,
2026-08-23 09:30:04,BV1ET8S62EvB,27,BV1ET8S62EvB,【牛小Bala】视频已打包，欢迎围观！,牛小Bala,2026-08-22 23:47:03,8.0,0.0,0.0,0.0,0.0,0.0,0.0,1.0,
2026-08-23 09:30:04,BV1kS8y6kEA8,28,BV1kS8y6kEA8,自测 勿点,MENYAOOO,2026-08-22 18:41:15,89.0,0.0,0.0,0.0,0.0,0.0,0.0,1.0,
2026-08-23 09:30:04,BV1pX8y66ELf,29,BV1pX8y66ELf,自测请勿点击,风枷锁,2026-08-22 18:47:46,95.0,1.0,0.0,1.0,0.0,0.0,0.0,1.0,
2026-08-23 09:30:04,BV1uz8y6JEAr,30,BV1uz8y6JEAr,【起司不是qs】第一支视频求三连！,起司不是qs,2026-08-22 18:20:23,59.0,0.0,0.0,0.0,0.0,0.0,0.0,1.0,
2026-08-23 09:30:04,BV1mx8m6REbb,31,BV1mx8m6REbb,自测,甜奶味羊咩,2026-08-22 20:49:17,23.0,0.0,0.0,0.0,0.0,0.0,0.0,1.0,
2026-08-23 09:30:04,BV1du8S65E6x,32,BV1du8S65E6x,测测测,羊咩_0601,2026-08-23 00:02:02,44.0,0.0,0.0,0.0,0.0,0.0,0.0,1.0,
2026-08-23 09:30:04,BV1hn8m6FEcd,33,BV1hn8m6FEcd,自测勿点,哇哦哦噢噢噢哦,2026-08-22 21:06:21,24.0,0.0,0.0,0.0,0.0,0.0,0.0,1.0,
2026-08-23 09:30:04,BV1DE8m68E2D,34,BV1DE8m68E2D,自测勿点,半柚奶序,2026-08-22 21:10:31,64.0,2.0,0.0,1.0,0.0,0.0,0.0,1.0,
2026-08-23 09:30:04,BV1jM8m6MEoA,35,BV1jM8m6MEoA,自测，勿点进,Camellia不是cc,2026-08-22 20:29:58,5.0,0.0,0.0,1.0,0.0,0.0,0.0,1.0,
2026-08-23 09:30:04,BV1gE8m6hEJ2,36,BV1gE8m6hEJ2,自测勿点,萌羊叫眠羊,2026-08-22 21:11:17,5.0,0.0,0.0,0.0,0.0,0.0,0.0,1.0,
2026-08-23 09:30:04,BV15V8S6kEYA,37,BV15V8S6kEYA,自测,kuaiqushuijiaoba,2026-08-22 23:32:08,1.0,0.0,0.0,0.0,0.0,0.0,0.0,1.0,
2026-08-23 09:30:04,BV1vG8S6VEgc,38,BV1vG8S6VEgc,8.23自测,萌是天生命TvT,2026-08-22 23:34:07,82.0,0.0,0.0,1.0,0.0,0.0,0.0,1.0,
2026-08-23 09:30:04,BV1Zg8S6CEu5,39,BV1Zg8S6CEu5,自测勿点3,北纬咩雪刊,2026-08-22 23:54:46,55.0,0.0,0.0,0.0,0.0,0.0,0.0,1.0,
2026-08-23 09:30:04,BV1s8BvBPEN5,40,BV1s8BvBPEN5,【杨博文｜4K舞台直拍】好运来祝你好运来～博文宝宝祝你新年好运来,关键时刻来瓶尖叫,2025-12-27 00:43:12,1915302.0,35019.0,17109.0,32447.0,19589.0,4336.0,4873.0,1.0,
2026-08-23 09:30:04,BV1XA6nBGEPV,41,BV1XA6nBGEPV,【4K精剪】希区考克 作品152 | 杨博文直拍 | 260131,underthepoplar,2026-02-01 00:23:17,1945267.0,24054.0,22485.0,20169.0,19010.0,4020.0,6937.0,1.0,
2026-08-23 10:00:06,https://www.bilibili.com/video/BV1GdgW6JEe9/?spm_id_from=333.1387.favlist.content.click&vd_source=406d0cf895bedbdc58a3d0130d55e34c,0,BV1GdgW6JEe9,【杨博文｜4k直拍】Whiplash 双日直拍混剪,关键时刻来瓶尖叫,2026-08-13 23:45:41,205304.0,27310.0,22460.0,20859.0,6575.0,4596.0,7972.0,21.0,
2026-08-23 10:00:06,https://www.bilibili.com/video/BV1W5gs6KEhr/?spm_id_from=333.1387.favlist.content.click&vd_source=406d0cf895bedbdc58a3d0130d55e34c,1,BV1W5gs6KEhr,【4K精剪】异常加载中 | 杨博文直拍 | 260813,underthepoplar,2026-08-13 22:44:57,174669.0,22805.0,15583.0,16846.0,5891.0,7313.0,8480.0,22.0,
2026-08-23 10:00:06,https://www.bilibili.com/video/BV1VFbd6QEjw/spm_id_from=333.1387.favlist.content.click&vd_source=406d0cf895bedbdc58a3d0130d55e34c,2,BV1VFbd6QEjw,【杨博文｜4k直拍】管他什么音乐 直拍,关键时刻来瓶尖叫,2026-08-16 23:08:52,81957.0,5868.0,3475.0,4567.0,2287.0,559.0,471.0,17.0,
2026-08-23 10:00:06,https://www.bilibili.com/video/BV1xebR6zEkr/?spm_id_from=333.1387.favlist.content.click&vd_source=406d0cf895bedbdc58a3d0130d55e34c,3,BV1xebR6zEkr,【4K精剪】Attention | 杨博文直拍 | 260816,underthepoplar,2026-08-16 23:54:18,166874.0,15062.0,9740.0,12385.0,2738.0,1363.0,2358.0,27.0,
2026-08-23 10:00:06,https://www.bilibili.com/video/BV1s3gs6MEej/?spm_id_from=333.1387.favlist.content.click&vd_source=406d0cf895bedbdc58a3d0130d55e34c,4,BV1s3gs6MEej,【杨博文｜4k直拍】爱的初体验 直拍,关键时刻来瓶尖叫,2026-08-13 22:46:37,110044.0,12359.0,6632.0,9582.0,3077.0,517.0,2467.0,12.0,
2026-08-23 10:00:06,https://www.bilibili.com/video/BV1E2bR6hEJR/?spm_id_from=333.1387.favlist.content.click&vd_source=406d0cf895bedbdc58a3d0130d55e34c,5,BV1E2bR6hEJR,【杨博文】Attention丨直拍横屏丨16岁高中生内娱主舞的舞台掌控力丨8.16双机位4k精剪,Kismet丨杨博文,2026-08-16 22:13:05,233593.0,26426.0,13233.0,18456.0,3810.0,9335.0,10964.0,215.0,
2026-08-23 10:00:06,https://www.bilibili.com/video/BV1Rib96EE3F/?spm_id_from=333.1387.favlist.content.click&vd_source=406d0cf895bedbdc58a3d0130d55e34c,6,BV1Rib96EE3F,260816 【杨博文】春雪  竖屏4k直拍,meetsummer丨杨博文,2026-08-17 01:54:42,37054.0,8172.0,3357.0,4491.0,1461.0,716.0,721.0,5.0,
2026-08-23 10:00:06,https://www.bilibili.com/video/BV18jgg6BEAd/?spm_id_from=333.1387.favlist.content.click&vd_source=406d0cf895bedbdc58a3d0130d55e34c,7,BV18jgg6BEAd,【4K精剪】摇曳！摇曳！ | 杨博文直拍 | 260813 & 260814,underthepoplar,2026-08-15 13:26:46,64667.0,9590.0,6982.0,6343.0,2487.0,445.0,1090.0,14.0,
2026-08-23 10:00:06,https://www.bilibili.com/video/BV1A5vkB2E1k/?spm_id_from=333.1387.favlist.content.click&vd_source=406d0cf895bedbdc58a3d0130d55e34c,8,BV1A5vkB2E1k,【杨博文】Hey Mama六机位纯舞直拍丨15岁舞台统治者的诞生，四代主舞燃炸全场！,Kismet丨杨博文,2025-12-28 22:28:16,2807450.0,65531.0,45794.0,47939.0,27473.0,13661.0,22000.0,2.0,
2026-08-23 10:00:06,https://www.bilibili.com/video/BV1mJ64BREZY/?spm_id_from=333.337.search-card.all.click&vd_source=406d0cf895bedbdc58a3d0130d55e34c,9,BV1mJ64BREZY,【杨博文】闭嘴跳舞丨当主舞穿上西装就会得到,Kismet丨杨博文,2026-02-01 18:31:00,622028.0,35172.0,4037.0,25452.0,8600.0,447.0,654.0,1.0,
2026-08-23 10:00:06,BV1Qu816ZEoy,10,BV1Qu816ZEoy,测试用，勿点，谢谢,猫球不是毛球啊,2026-08-22 16:55:19,114.0,1.0,0.0,0.0,0.0,0.0,0.0,1.0,
2026-08-23 10:00:06,BV1Vd8B65EkU,11,BV1Vd8B65EkU,0822.3,dddddash6,2026-08-21 21:49:36,113.0,0.0,0.0,1.0,0.0,0.0,0.0,1.0,
2026-08-23 10:00:06,BV1fT8S61Ejo,12,BV1fT8S61Ejo,十一（23）,爱动手的法学生,2026-08-22 23:46:38,49.0,0.0,0.0,0.0,0.0,0.0,0.0,1.0,
2026-08-23 10:00:06,BV1bf816sE8P,13,BV1bf816sE8P,自测，误点,橙子小姐_sheep,2026-08-22 14:38:54,141.0,0.0,0.0,1.0,0.0,0.0,0.0,1.0,
2026-08-23 10:00:06,BV1Te8K6uEJt,14,BV1Te8K6uEJt,勿进勿进勿进！自测 安卓0821,cannndy_,2026-08-21 08:57:55,102.0,0.0,0.0,1.0,0.0,0.0,0.0,1.0,
2026-08-23 10:00:06,BV1au816oEjs,15,BV1au816oEjs,手机自测,熙熙哈哈oO,2026-08-22 16:55:10,51.0,0.0,0.0,0.0,0.0,0.0,0.0,1.0,
2026-08-23 10:00:06,BV1qw816eE1d,16,BV1qw816eE1d,8.22 自测视频 勿点,dgsaydhakjdhjk,2026-08-22 16:56:23,220.0,0.0,0.0,0.0,0.0,0.0,0.0,1.0,
2026-08-23 10:00:06,BV1ci8163ECY,17,BV1ci8163ECY,自测勿点,不完美是常态_,2026-08-22 15:39:32,41.0,0.0,0.0,0.0,0.0,0.0,0.0,1.0,
2026-08-23 10:00:06,BV1dw816YEau,18,BV1dw816YEau,测试（勿点）,低能量地活着,2026-08-22 16:59:54,27.0,0.0,0.0,0.0,0.0,0.0,0.0,1.0,
2026-08-23 10:00:06,BV1jg8S6yEuV,19,BV1jg8S6yEuV,自测视频,only筱筱,2026-08-22 23:58:01,53.0,1.0,0.0,0.0,0.0,0.0,0.0,1.0,
2026-08-23 10:00:06,BV1z6816qEbo,20,BV1z6816qEbo,自用,dddii点点,2026-08-22 16:38:15,195.0,1.0,0.0,0.0,0.0,0.0,0.0,1.0,
2026-08-23 10:00:06,BV1eM8168E9p,21,BV1eM8168E9p,自测勿点！！！！,dd鱿鱼须,2026-08-22 16:39:08,106.0,0.0,0.0,1.0,0.0,0.0,0.0,1.0,
2026-08-23 10:00:06,BV14i8M61EdN,22,BV14i8M61EdN,sz,我素质低你让让我,2026-08-21 12:22:44,80.0,0.0,0.0,0.0,0.0,0.0,0.0,1.0,
2026-08-23 10:00:06,BV12A826QEK4,23,BV12A826QEK4,自测 禁点,哈哈哈哈哈11_,2026-08-22 15:15:37,25.0,0.0,0.0,0.0,0.0,0.0,0.0,1.0,
2026-08-23 10:00:06,BV1St8S6wE33,24,BV1St8S6wE33,自测哦,半夏哒哒哒,2026-08-23 00:18:35,55.0,0.0,0.0,0.0,0.0,0.0,0.0,1.0,
2026-08-23 10:00:06,BV1bwbh65Eh7,25,BV1bwbh65Eh7,自测视频！勿点0817,摸鱼堡成员,2026-08-17 09:36:15,86.0,1.0,0.0,0.0,0.0,0.0,0.0,1.0,
2026-08-23 10:00:06,BV15B8r6WEQ3,26,BV15B8r6WEQ3,8.22自测勿点,刘海打歪了,2026-08-22 09:19:46,53.0,0.0,0.0,0.0,0.0,0.0,0.0,1.0,
2026-08-23 10:00:06,BV1ET8S62EvB,27,BV1ET8S62EvB,【牛小Bala】视频已打包，欢迎围观！,牛小Bala,2026-08-22 23:47:03,12.0,0.0,0.0,0.0,0.0,0.0,0.0,1.0,
2026-08-23 10:00:06,BV1kS8y6kEA8,28,BV1kS8y6kEA8,自测 勿点,MENYAOOO,2026-08-22 18:41:15,92.0,0.0,0.0,0.0,0.0,0.0,0.0,1.0,
2026-08-23 10:00:06,BV1pX8y66ELf,29,BV1pX8y66ELf,自测请勿点击,风枷锁,2026-08-22 18:47:46,99.0,1.0,0.0,1.0,0.0,0.0,0.0,1.0,
2026-08-23 10:00:06,BV1uz8y6JEAr,30,BV1uz8y6JEAr,【起司不是qs】第一支视频求三连！,起司不是qs,2026-08-22 18:20:23,59.0,0.0,0.0,0.0,0.0,0.0,0.0,1.0,
2026-08-23 10:00:06,BV1mx8m6REbb,31,BV1mx8m6REbb,自测,甜奶味羊咩,2026-08-22 20:49:17,23.0,0.0,0.0,0.0,0.0,0.0,0.0,1.0,
2026-08-23 10:00:06,BV1du8S65E6x,32,BV1du8S65E6x,测测测,羊咩_0601,2026-08-23 00:02:02,44.0,0.0,0.0,0.0,0.0,0.0,0.0,1.0,
2026-08-23 10:00:06,BV1hn8m6FEcd,33,BV1hn8m6FEcd,自测勿点,哇哦哦噢噢噢哦,2026-08-22 21:06:21,24.0,0.0,0.0,0.0,0.0,0.0,0.0,1.0,
2026-08-23 10:00:06,BV1DE8m68E2D,34,BV1DE8m68E2D,自测勿点,半柚奶序,2026-08-22 21:10:31,64.0,2.0,0.0,1.0,0.0,0.0,0.0,1.0,
2026-08-23 10:00:06,BV1jM8m6MEoA,35,BV1jM8m6MEoA,自测，勿点进,Camellia不是cc,2026-08-22 20:29:58,5.0,0.0,0.0,1.0,0.0,0.0,0.0,1.0,
2026-08-23 10:00:06,BV1gE8m6hEJ2,36,BV1gE8m6hEJ2,自测勿点,萌羊叫眠羊,2026-08-22 21:11:17,5.0,0.0,0.0,0.0,0.0,0.0,0.0,1.0,
2026-08-23 10:00:06,BV15V8S6kEYA,37,BV15V8S6kEYA,自测,kuaiqushuijiaoba,2026-08-22 23:32:08,1.0,0.0,0.0,0.0,0.0,0.0,0.0,1.0,
2026-08-23 10:00:06,BV1vG8S6VEgc,38,BV1vG8S6VEgc,8.23自测,萌是天生命TvT,2026-08-22 23:34:07,88.0,0.0,0.0,1.0,0.0,0.0,0.0,1.0,
2026-08-23 10:00:06,BV1Zg8S6CEu5,39,BV1Zg8S6CEu5,自测勿点3,北纬咩雪刊,2026-08-22 23:54:46,55.0,0.0,0.0,0.0,0.0,0.0,0.0,1.0,
2026-08-23 10:00:06,BV1s8BvBPEN5,40,BV1s8BvBPEN5,【杨博文｜4K舞台直拍】好运来祝你好运来～博文宝宝祝你新年好运来,关键时刻来瓶尖叫,2025-12-27 00:43:12,1915305.0,35019.0,17109.0,32447.0,19589.0,4336.0,4873.0,1.0,
2026-08-23 10:00:06,BV1XA6nBGEPV,41,BV1XA6nBGEPV,【4K精剪】希区考克 作品152 | 杨博文直拍 | 260131,underthepoplar,2026-02-01 00:23:17,1945273.0,24054.0,22485.0,20169.0,19010.0,4020.0,6937.0,1.0,
2026-08-23 10:30:08,https://www.bilibili.com/video/BV1GdgW6JEe9/?spm_id_from=333.1387.favlist.content.click&vd_source=406d0cf895bedbdc58a3d0130d55e34c,0,BV1GdgW6JEe9,【杨博文｜4k直拍】Whiplash 双日直拍混剪,关键时刻来瓶尖叫,2026-08-13 23:45:41,205517.0,27320.0,22464.0,20874.0,6580.0,4598.0,7973.0,29.0,
2026-08-23 10:30:08,https://www.bilibili.com/video/BV1W5gs6KEhr/?spm_id_from=333.1387.favlist.content.click&vd_source=406d0cf895bedbdc58a3d0130d55e34c,1,BV1W5gs6KEhr,【4K精剪】异常加载中 | 杨博文直拍 | 260813,underthepoplar,2026-08-13 22:44:57,174814.0,22818.0,15586.0,16861.0,5897.0,7313.0,8480.0,16.0,
2026-08-23 10:30:08,https://www.bilibili.com/video/BV1VFbd6QEjw/spm_id_from=333.1387.favlist.content.click&vd_source=406d0cf895bedbdc58a3d0130d55e34c,2,BV1VFbd6QEjw,【杨博文｜4k直拍】管他什么音乐 直拍,关键时刻来瓶尖叫,2026-08-16 23:08:52,82081.0,5873.0,3479.0,4570.0,2292.0,559.0,471.0,24.0,
2026-08-23 10:30:08,https://www.bilibili.com/video/BV1xebR6zEkr/?spm_id_from=333.1387.favlist.content.click&vd_source=406d0cf895bedbdc58a3d0130d55e34c,3,BV1xebR6zEkr,【4K精剪】Attention | 杨博文直拍 | 260816,underthepoplar,2026-08-16 23:54:18,167121.0,15085.0,9751.0,12406.0,2743.0,1363.0,2358.0,33.0,
2026-08-23 10:30:08,https://www.bilibili.com/video/BV1s3gs6MEej/?spm_id_from=333.1387.favlist.content.click&vd_source=406d0cf895bedbdc58a3d0130d55e34c,4,BV1s3gs6MEej,【杨博文｜4k直拍】爱的初体验 直拍,关键时刻来瓶尖叫,2026-08-13 22:46:37,110130.0,12362.0,6632.0,9587.0,3082.0,517.0,2467.0,11.0,
2026-08-23 10:30:08,https://www.bilibili.com/video/BV1E2bR6hEJR/?spm_id_from=333.1387.favlist.content.click&vd_source=406d0cf895bedbdc58a3d0130d55e34c,5,BV1E2bR6hEJR,【杨博文】Attention丨直拍横屏丨16岁高中生内娱主舞的舞台掌控力丨8.16双机位4k精剪,Kismet丨杨博文,2026-08-16 22:13:05,233906.0,26455.0,13243.0,18480.0,3818.0,9339.0,10971.0,227.0,
2026-08-23 10:30:08,https://www.bilibili.com/video/BV1Rib96EE3F/?spm_id_from=333.1387.favlist.content.click&vd_source=406d0cf895bedbdc58a3d0130d55e34c,6,BV1Rib96EE3F,260816 【杨博文】春雪  竖屏4k直拍,meetsummer丨杨博文,2026-08-17 01:54:42,37131.0,8178.0,3359.0,4495.0,1465.0,716.0,721.0,10.0,
2026-08-23 10:30:08,https://www.bilibili.com/video/BV18jgg6BEAd/?spm_id_from=333.1387.favlist.content.click&vd_source=406d0cf895bedbdc58a3d0130d55e34c,7,BV18jgg6BEAd,【4K精剪】摇曳！摇曳！ | 杨博文直拍 | 260813 & 260814,underthepoplar,2026-08-15 13:26:46,64731.0,9597.0,6988.0,6346.0,2491.0,445.0,1090.0,14.0,
2026-08-23 10:30:08,https://www.bilibili.com/video/BV1A5vkB2E1k/?spm_id_from=333.1387.favlist.content.click&vd_source=406d0cf895bedbdc58a3d0130d55e34c,8,BV1A5vkB2E1k,【杨博文】Hey Mama六机位纯舞直拍丨15岁舞台统治者的诞生，四代主舞燃炸全场！,Kismet丨杨博文,2025-12-28 22:28:16,2807474.0,65533.0,45796.0,47942.0,27475.0,13661.0,22000.0,1.0,
2026-08-23 10:30:08,https://www.bilibili.com/video/BV1mJ64BREZY/?spm_id_from=333.337.search-card.all.click&vd_source=406d0cf895bedbdc58a3d0130d55e34c,9,BV1mJ64BREZY,【杨博文】闭嘴跳舞丨当主舞穿上西装就会得到,Kismet丨杨博文,2026-02-01 18:31:00,622028.0,35172.0,4037.0,25452.0,8600.0,447.0,654.0,1.0,
2026-08-23 10:30:08,BV1Qu816ZEoy,10,BV1Qu816ZEoy,测试用，勿点，谢谢,猫球不是毛球啊,2026-08-22 16:55:19,115.0,1.0,0.0,0.0,0.0,0.0,0.0,1.0,
2026-08-23 10:30:08,BV1Vd8B65EkU,11,BV1Vd8B65EkU,0822.3,dddddash6,2026-08-21 21:49:36,113.0,0.0,0.0,1.0,0.0,0.0,0.0,1.0,
2026-08-23 10:30:08,BV1fT8S61Ejo,12,BV1fT8S61Ejo,十一（23）,爱动手的法学生,2026-08-22 23:46:38,56.0,0.0,0.0,0.0,0.0,0.0,0.0,1.0,
2026-08-23 10:30:08,BV1bf816sE8P,13,BV1bf816sE8P,自测，误点,橙子小姐_sheep,2026-08-22 14:38:54,146.0,0.0,0.0,1.0,0.0,0.0,0.0,1.0,
2026-08-23 10:30:08,BV1Te8K6uEJt,14,BV1Te8K6uEJt,勿进勿进勿进！自测 安卓0821,cannndy_,2026-08-21 08:57:55,102.0,0.0,0.0,1.0,0.0,0.0,0.0,1.0,
2026-08-23 10:30:08,BV1au816oEjs,15,BV1au816oEjs,手机自测,熙熙哈哈oO,2026-08-22 16:55:10,51.0,0.0,0.0,0.0,0.0,0.0,0.0,1.0,
2026-08-23 10:30:08,BV1qw816eE1d,16,BV1qw816eE1d,8.22 自测视频 勿点,dgsaydhakjdhjk,2026-08-22 16:56:23,220.0,0.0,0.0,0.0,0.0,0.0,0.0,1.0,
2026-08-23 10:30:08,BV1ci8163ECY,17,BV1ci8163ECY,自测勿点,不完美是常态_,2026-08-22 15:39:32,41.0,0.0,0.0,0.0,0.0,0.0,0.0,1.0,
2026-08-23 10:30:08,BV1dw816YEau,18,BV1dw816YEau,测试（勿点）,低能量地活着,2026-08-22 16:59:54,27.0,0.0,0.0,0.0,0.0,0.0,0.0,1.0,
2026-08-23 10:30:08,BV1jg8S6yEuV,19,BV1jg8S6yEuV,自测视频,only筱筱,2026-08-22 23:58:01,59.0,1.0,0.0,0.0,0.0,0.0,0.0,1.0,
2026-08-23 10:30:08,BV1z6816qEbo,20,BV1z6816qEbo,自用,dddii点点,2026-08-22 16:38:15,195.0,1.0,0.0,0.0,0.0,0.0,0.0,1.0,
2026-08-23 10:30:08,BV1eM8168E9p,21,BV1eM8168E9p,自测勿点！！！！,dd鱿鱼须,2026-08-22 16:39:08,111.0,0.0,0.0,1.0,0.0,0.0,0.0,1.0,
2026-08-23 10:30:08,BV14i8M61EdN,22,BV14i8M61EdN,sz,我素质低你让让我,2026-08-21 12:22:44,85.0,0.0,0.0,0.0,0.0,0.0,0.0,1.0,
2026-08-23 10:30:08,BV12A826QEK4,23,BV12A826QEK4,自测 禁点,哈哈哈哈哈11_,2026-08-22 15:15:37,26.0,0.0,0.0,0.0,0.0,0.0,0.0,1.0,
2026-08-23 10:30:08,BV1St8S6wE33,24,BV1St8S6wE33,自测哦,半夏哒哒哒,2026-08-23 00:18:35,55.0,0.0,0.0,0.0,0.0,0.0,0.0,1.0,
2026-08-23 10:30:08,BV1bwbh65Eh7,25,BV1bwbh65Eh7,自测视频！勿点0817,摸鱼堡成员,2026-08-17 09:36:15,90.0,1.0,0.0,0.0,0.0,0.0,0.0,1.0,
2026-08-23 10:30:08,BV15B8r6WEQ3,26,BV15B8r6WEQ3,8.22自测勿点,刘海打歪了,2026-08-22 09:19:46,53.0,0.0,0.0,0.0,0.0,0.0,0.0,1.0,
2026-08-23 10:30:08,BV1ET8S62EvB,27,BV1ET8S62EvB,【牛小Bala】视频已打包，欢迎围观！,牛小Bala,2026-08-22 23:47:03,17.0,0.0,0.0,0.0,0.0,0.0,0.0,1.0,
2026-08-23 10:30:08,BV1kS8y6kEA8,28,BV1kS8y6kEA8,自测 勿点,MENYAOOO,2026-08-22 18:41:15,94.0,0.0,0.0,0.0,0.0,0.0,0.0,1.0,
2026-08-23 10:30:08,BV1pX8y66ELf,29,BV1pX8y66ELf,自测请勿点击,风枷锁,2026-08-22 18:47:46,104.0,1.0,0.0,1.0,0.0,0.0,0.0,1.0,
2026-08-23 10:30:08,BV1uz8y6JEAr,30,BV1uz8y6JEAr,【起司不是qs】第一支视频求三连！,起司不是qs,2026-08-22 18:20:23,59.0,0.0,0.0,0.0,0.0,0.0,0.0,1.0,
2026-08-23 10:30:08,BV1mx8m6REbb,31,BV1mx8m6REbb,自测,甜奶味羊咩,2026-08-22 20:49:17,23.0,0.0,0.0,0.0,0.0,0.0,0.0,1.0,
2026-08-23 10:30:08,BV1du8S65E6x,32,BV1du8S65E6x,测测测,羊咩_0601,2026-08-23 00:02:02,46.0,0.0,0.0,0.0,0.0,0.0,0.0,1.0,
2026-08-23 10:30:08,BV1hn8m6FEcd,33,BV1hn8m6FEcd,自测勿点,哇哦哦噢噢噢哦,2026-08-22 21:06:21,25.0,0.0,0.0,0.0,0.0,0.0,0.0,1.0,
2026-08-23 10:30:08,BV1DE8m68E2D,34,BV1DE8m68E2D,自测勿点,半柚奶序,2026-08-22 21:10:31,64.0,2.0,0.0,1.0,0.0,0.0,0.0,1.0,
2026-08-23 10:30:08,BV1jM8m6MEoA,35,BV1jM8m6MEoA,自测，勿点进,Camellia不是cc,2026-08-22 20:29:58,5.0,0.0,0.0,1.0,0.0,0.0,0.0,1.0,
2026-08-23 10:30:08,BV1gE8m6hEJ2,36,BV1gE8m6hEJ2,自测勿点,萌羊叫眠羊,2026-08-22 21:11:17,5.0,0.0,0.0,0.0,0.0,0.0,0.0,1.0,
2026-08-23 10:30:08,BV15V8S6kEYA,37,BV15V8S6kEYA,自测,kuaiqushuijiaoba,2026-08-22 23:32:08,4.0,0.0,0.0,0.0,0.0,0.0,0.0,1.0,
2026-08-23 10:30:08,BV1vG8S6VEgc,38,BV1vG8S6VEgc,8.23自测,萌是天生命TvT,2026-08-22 23:34:07,93.0,0.0,0.0,1.0,0.0,0.0,0.0,1.0,
2026-08-23 10:30:08,BV1Zg8S6CEu5,39,BV1Zg8S6CEu5,自测勿点3,北纬咩雪刊,2026-08-22 23:54:46,55.0,0.0,0.0,0.0,0.0,0.0,0.0,1.0,
2026-08-23 10:30:08,BV1s8BvBPEN5,40,BV1s8BvBPEN5,【杨博文｜4K舞台直拍】好运来祝你好运来～博文宝宝祝你新年好运来,关键时刻来瓶尖叫,2025-12-27 00:43:12,1915312.0,35019.0,17109.0,32447.0,19589.0,4336.0,4873.0,1.0,
2026-08-23 10:30:08,BV1XA6nBGEPV,41,BV1XA6nBGEPV,【4K精剪】希区考克 作品152 | 杨博文直拍 | 260131,underthepoplar,2026-02-01 00:23:17,1945278.0,24054.0,22485.0,20169.0,19010.0,4020.0,6937.0,1.0,
2026-08-23 11:00:10,https://www.bilibili.com/video/BV1GdgW6JEe9/?spm_id_from=333.1387.favlist.content.click&vd_source=406d0cf895bedbdc58a3d0130d55e34c,0,BV1GdgW6JEe9,【杨博文｜4k直拍】Whiplash 双日直拍混剪,关键时刻来瓶尖叫,2026-08-13 23:45:41,205754.0,27335.0,22468.0,20887.0,6593.0,4598.0,7975.0,31.0,
2026-08-23 11:00:10,https://www.bilibili.com/video/BV1W5gs6KEhr/?spm_id_from=333.1387.favlist.content.click&vd_source=406d0cf895bedbdc58a3d0130d55e34c,1,BV1W5gs6KEhr,【4K精剪】异常加载中 | 杨博文直拍 | 260813,underthepoplar,2026-08-13 22:44:57,174984.0,22826.0,15589.0,16866.0,5910.0,7313.0,8480.0,32.0,
2026-08-23 11:00:10,https://www.bilibili.com/video/BV1VFbd6QEjw/spm_id_from=333.1387.favlist.content.click&vd_source=406d0cf895bedbdc58a3d0130d55e34c,2,BV1VFbd6QEjw,【杨博文｜4k直拍】管他什么音乐 直拍,关键时刻来瓶尖叫,2026-08-16 23:08:52,82807.0,5887.0,3479.0,4574.0,2305.0,559.0,471.0,35.0,
2026-08-23 11:00:10,https://www.bilibili.com/video/BV1xebR6zEkr/?spm_id_from=333.1387.favlist.content.click&vd_source=406d0cf895bedbdc58a3d0130d55e34c,3,BV1xebR6zEkr,【4K精剪】Attention | 杨博文直拍 | 260816,underthepoplar,2026-08-16 23:54:18,167412.0,15101.0,9761.0,12427.0,2757.0,1363.0,2365.0,35.0,
2026-08-23 11:00:10,https://www.bilibili.com/video/BV1s3gs6MEej/?spm_id_from=333.1387.favlist.content.click&vd_source=406d0cf895bedbdc58a3d0130d55e34c,4,BV1s3gs6MEej,【杨博文｜4k直拍】爱的初体验 直拍,关键时刻来瓶尖叫,2026-08-13 22:46:37,110242.0,12369.0,6635.0,9591.0,3095.0,517.0,2474.0,19.0,
2026-08-23 11:00:10,https://www.bilibili.com/video/BV1E2bR6hEJR/?spm_id_from=333.1387.favlist.content.click&vd_source=406d0cf895bedbdc58a3d0130d55e34c,5,BV1E2bR6hEJR,【杨博文】Attention丨直拍横屏丨16岁高中生内娱主舞的舞台掌控力丨8.16双机位4k精剪,Kismet丨杨博文,2026-08-16 22:13:05,234262.0,26484.0,13255.0,18501.0,3831.0,9341.0,10974.0,230.0,
2026-08-23 11:00:10,https://www.bilibili.com/video/BV1Rib96EE3F/?spm_id_from=333.1387.favlist.content.click&vd_source=406d0cf895bedbdc58a3d0130d55e34c,6,BV1Rib96EE3F,260816 【杨博文】春雪  竖屏4k直拍,meetsummer丨杨博文,2026-08-17 01:54:42,37227.0,8184.0,3359.0,4496.0,1478.0,716.0,721.0,15.0,
2026-08-23 11:00:10,https://www.bilibili.com/video/BV18jgg6BEAd/?spm_id_from=333.1387.favlist.content.click&vd_source=406d0cf895bedbdc58a3d0130d55e34c,7,BV18jgg6BEAd,【4K精剪】摇曳！摇曳！ | 杨博文直拍 | 260813 & 260814,underthepoplar,2026-08-15 13:26:46,64815.0,9602.0,6994.0,6351.0,2504.0,445.0,1094.0,25.0,
2026-08-23 11:00:10,https://www.bilibili.com/video/BV1A5vkB2E1k/?spm_id_from=333.1387.favlist.content.click&vd_source=406d0cf895bedbdc58a3d0130d55e34c,8,BV1A5vkB2E1k,【杨博文】Hey Mama六机位纯舞直拍丨15岁舞台统治者的诞生，四代主舞燃炸全场！,Kismet丨杨博文,2025-12-28 22:28:16,2807494.0,65533.0,45798.0,47941.0,27487.0,13661.0,22000.0,1.0,
2026-08-23 11:00:10,https://www.bilibili.com/video/BV1mJ64BREZY/?spm_id_from=333.337.search-card.all.click&vd_source=406d0cf895bedbdc58a3d0130d55e34c,9,BV1mJ64BREZY,【杨博文】闭嘴跳舞丨当主舞穿上西装就会得到,Kismet丨杨博文,2026-02-01 18:31:00,622031.0,35173.0,4037.0,25451.0,8600.0,447.0,654.0,1.0,
2026-08-23 11:00:10,BV1Qu816ZEoy,10,BV1Qu816ZEoy,测试用，勿点，谢谢,猫球不是毛球啊,2026-08-22 16:55:19,134.0,1.0,0.0,0.0,0.0,0.0,0.0,1.0,
2026-08-23 11:00:10,BV1Vd8B65EkU,11,BV1Vd8B65EkU,0822.3,dddddash6,2026-08-21 21:49:36,113.0,0.0,0.0,1.0,0.0,0.0,0.0,1.0,
2026-08-23 11:00:10,BV1fT8S61Ejo,12,BV1fT8S61Ejo,十一（23）,爱动手的法学生,2026-08-22 23:46:38,56.0,0.0,0.0,0.0,0.0,0.0,0.0,1.0,
2026-08-23 11:00:10,BV1bf816sE8P,13,BV1bf816sE8P,自测，误点,橙子小姐_sheep,2026-08-22 14:38:54,151.0,0.0,0.0,1.0,0.0,0.0,0.0,1.0,
2026-08-23 11:00:10,BV1Te8K6uEJt,14,BV1Te8K6uEJt,勿进勿进勿进！自测 安卓0821,cannndy_,2026-08-21 08:57:55,102.0,0.0,0.0,1.0,0.0,0.0,0.0,1.0,
2026-08-23 11:00:10,BV1au816oEjs,15,BV1au816oEjs,手机自测,熙熙哈哈oO,2026-08-22 16:55:10,51.0,0.0,0.0,0.0,0.0,0.0,0.0,1.0,
2026-08-23 11:00:10,BV1qw816eE1d,16,BV1qw816eE1d,8.22 自测视频 勿点,dgsaydhakjdhjk,2026-08-22 16:56:23,226.0,0.0,0.0,0.0,0.0,0.0,0.0,1.0,
2026-08-23 11:00:10,BV1ci8163ECY,17,BV1ci8163ECY,自测勿点,不完美是常态_,2026-08-22 15:39:32,41.0,0.0,0.0,0.0,0.0,0.0,0.0,1.0,
2026-08-23 11:00:10,BV1dw816YEau,18,BV1dw816YEau,测试（勿点）,低能量地活着,2026-08-22 16:59:54,27.0,0.0,0.0,0.0,0.0,0.0,0.0,1.0,
2026-08-23 11:00:10,BV1jg8S6yEuV,19,BV1jg8S6yEuV,自测视频,only筱筱,2026-08-22 23:58:01,65.0,1.0,0.0,0.0,0.0,0.0,0.0,1.0,
2026-08-23 11:00:10,BV1z6816qEbo,20,BV1z6816qEbo,自用,dddii点点,2026-08-22 16:38:15,195.0,1.0,0.0,0.0,0.0,0.0,0.0,1.0,
2026-08-23 11:00:10,BV1eM8168E9p,21,BV1eM8168E9p,自测勿点！！！！,dd鱿鱼须,2026-08-22 16:39:08,116.0,0.0,0.0,1.0,0.0,0.0,0.0,1.0,
2026-08-23 11:00:10,BV14i8M61EdN,22,BV14i8M61EdN,sz,我素质低你让让我,2026-08-21 12:22:44,91.0,0.0,0.0,0.0,0.0,0.0,0.0,1.0,
2026-08-23 11:00:10,BV12A826QEK4,23,BV12A826QEK4,自测 禁点,哈哈哈哈哈11_,2026-08-22 15:15:37,26.0,0.0,0.0,0.0,0.0,0.0,0.0,1.0,
2026-08-23 11:00:10,BV1St8S6wE33,24,BV1St8S6wE33,自测哦,半夏哒哒哒,2026-08-23 00:18:35,55.0,0.0,0.0,0.0,0.0,0.0,0.0,1.0,
2026-08-23 11:00:10,BV1bwbh65Eh7,25,BV1bwbh65Eh7,自测视频！勿点0817,摸鱼堡成员,2026-08-17 09:36:15,95.0,1.0,0.0,0.0,0.0,0.0,0.0,1.0,
2026-08-23 11:00:10,BV15B8r6WEQ3,26,BV15B8r6WEQ3,8.22自测勿点,刘海打歪了,2026-08-22 09:19:46,53.0,0.0,0.0,0.0,0.0,0.0,0.0,1.0,
2026-08-23 11:00:10,BV1ET8S62EvB,27,BV1ET8S62EvB,【牛小Bala】视频已打包，欢迎围观！,牛小Bala,2026-08-22 23:47:03,22.0,0.0,0.0,0.0,0.0,0.0,0.0,1.0,
2026-08-23 11:00:10,BV1kS8y6kEA8,28,BV1kS8y6kEA8,自测 勿点,MENYAOOO,2026-08-22 18:41:15,94.0,0.0,0.0,0.0,0.0,0.0,0.0,1.0,
2026-08-23 11:00:10,BV1pX8y66ELf,29,BV1pX8y66ELf,自测请勿点击,风枷锁,2026-08-22 18:47:46,109.0,1.0,0.0,1.0,0.0,0.0,0.0,1.0,
2026-08-23 11:00:10,BV1uz8y6JEAr,30,BV1uz8y6JEAr,【起司不是qs】第一支视频求三连！,起司不是qs,2026-08-22 18:20:23,59.0,0.0,0.0,0.0,0.0,0.0,0.0,1.0,
2026-08-23 11:00:10,BV1mx8m6REbb,31,BV1mx8m6REbb,自测,甜奶味羊咩,2026-08-22 20:49:17,23.0,0.0,0.0,0.0,0.0,0.0,0.0,1.0,
2026-08-23 11:00:10,BV1du8S65E6x,32,BV1du8S65E6x,测测测,羊咩_0601,2026-08-23 00:02:02,51.0,0.0,0.0,0.0,0.0,0.0,0.0,1.0,
2026-08-23 11:00:10,BV1hn8m6FEcd,33,BV1hn8m6FEcd,自测勿点,哇哦哦噢噢噢哦,2026-08-22 21:06:21,26.0,0.0,0.0,0.0,0.0,0.0,0.0,1.0,
2026-08-23 11:00:10,BV1DE8m68E2D,34,BV1DE8m68E2D,自测勿点,半柚奶序,2026-08-22 21:10:31,66.0,2.0,0.0,1.0,0.0,0.0,0.0,1.0,
2026-08-23 11:00:10,BV1jM8m6MEoA,35,BV1jM8m6MEoA,自测，勿点进,Camellia不是cc,2026-08-22 20:29:58,5.0,0.0,0.0,1.0,0.0,0.0,0.0,1.0,
2026-08-23 11:00:10,BV1gE8m6hEJ2,36,BV1gE8m6hEJ2,自测勿点,萌羊叫眠羊,2026-08-22 21:11:17,5.0,0.0,0.0,0.0,0.0,0.0,0.0,1.0,
2026-08-23 11:00:10,BV15V8S6kEYA,37,BV15V8S6kEYA,自测,kuaiqushuijiaoba,2026-08-22 23:32:08,5.0,0.0,0.0,0.0,0.0,0.0,0.0,1.0,
2026-08-23 11:00:10,BV1vG8S6VEgc,38,BV1vG8S6VEgc,8.23自测,萌是天生命TvT,2026-08-22 23:34:07,98.0,0.0,0.0,1.0,0.0,0.0,0.0,1.0,
2026-08-23 11:00:10,BV1Zg8S6CEu5,39,BV1Zg8S6CEu5,自测勿点3,北纬咩雪刊,2026-08-22 23:54:46,55.0,0.0,0.0,0.0,0.0,0.0,0.0,1.0,
2026-08-23 11:00:10,BV1s8BvBPEN5,40,BV1s8BvBPEN5,【杨博文｜4K舞台直拍】好运来祝你好运来～博文宝宝祝你新年好运来,关键时刻来瓶尖叫,2025-12-27 00:43:12,1915314.0,35019.0,17109.0,32447.0,19589.0,4336.0,4873.0,1.0,
2026-08-23 11:00:10,BV1XA6nBGEPV,41,BV1XA6nBGEPV,【4K精剪】希区考克 作品152 | 杨博文直拍 | 260131,underthepoplar,2026-02-01 00:23:17,1945284.0,24054.0,22485.0,20169.0,19010.0,4020.0,6937.0,1.0,
2026-08-23 11:30:01,https://www.bilibili.com/video/BV1GdgW6JEe9/?spm_id_from=333.1387.favlist.content.click&vd_source=406d0cf895bedbdc58a3d0130d55e34c,0,BV1GdgW6JEe9,【杨博文｜4k直拍】Whiplash 双日直拍混剪,关键时刻来瓶尖叫,2026-08-13 23:45:41,206006.0,27347.0,22477.0,20899.0,6602.0,4599.0,7976.0,31.0,
2026-08-23 11:30:01,https://www.bilibili.com/video/BV1W5gs6KEhr/?spm_id_from=333.1387.favlist.content.click&vd_source=406d0cf895bedbdc58a3d0130d55e34c,1,BV1W5gs6KEhr,【4K精剪】异常加载中 | 杨博文直拍 | 260813,underthepoplar,2026-08-13 22:44:57,175172.0,22838.0,15591.0,16874.0,5918.0,7315.0,8481.0,27.0,
2026-08-23 11:30:01,https://www.bilibili.com/video/BV1VFbd6QEjw/spm_id_from=333.1387.favlist.content.click&vd_source=406d0cf895bedbdc58a3d0130d55e34c,2,BV1VFbd6QEjw,【杨博文｜4k直拍】管他什么音乐 直拍,关键时刻来瓶尖叫,2026-08-16 23:08:52,83075.0,5890.0,3479.0,4576.0,2312.0,559.0,480.0,26.0,
2026-08-23 11:30:01,https://www.bilibili.com/video/BV1xebR6zEkr/?spm_id_from=333.1387.favlist.content.click&vd_source=406d0cf895bedbdc58a3d0130d55e34c,3,BV1xebR6zEkr,【4K精剪】Attention | 杨博文直拍 | 260816,underthepoplar,2026-08-16 23:54:18,167770.0,15124.0,9773.0,12445.0,2765.0,1365.0,2365.0,45.0,
2026-08-23 11:30:01,https://www.bilibili.com/video/BV1s3gs6MEej/?spm_id_from=333.1387.favlist.content.click&vd_source=406d0cf895bedbdc58a3d0130d55e34c,4,BV1s3gs6MEej,【杨博文｜4k直拍】爱的初体验 直拍,关键时刻来瓶尖叫,2026-08-13 22:46:37,110356.0,12376.0,6635.0,9595.0,3102.0,518.0,2482.0,20.0,
2026-08-23 11:30:01,https://www.bilibili.com/video/BV1E2bR6hEJR/?spm_id_from=333.1387.favlist.content.click&vd_source=406d0cf895bedbdc58a3d0130d55e34c,5,BV1E2bR6hEJR,【杨博文】Attention丨直拍横屏丨16岁高中生内娱主舞的舞台掌控力丨8.16双机位4k精剪,Kismet丨杨博文,2026-08-16 22:13:05,234600.0,26515.0,13270.0,18519.0,3843.0,9345.0,10979.0,228.0,
2026-08-23 11:30:01,https://www.bilibili.com/video/BV1Rib96EE3F/?spm_id_from=333.1387.favlist.content.click&vd_source=406d0cf895bedbdc58a3d0130d55e34c,6,BV1Rib96EE3F,260816 【杨博文】春雪  竖屏4k直拍,meetsummer丨杨博文,2026-08-17 01:54:42,37325.0,8195.0,3363.0,4503.0,1485.0,717.0,721.0,9.0,
2026-08-23 11:30:01,https://www.bilibili.com/video/BV18jgg6BEAd/?spm_id_from=333.1387.favlist.content.click&vd_source=406d0cf895bedbdc58a3d0130d55e34c,7,BV18jgg6BEAd,【4K精剪】摇曳！摇曳！ | 杨博文直拍 | 260813 & 260814,underthepoplar,2026-08-15 13:26:46,64892.0,9608.0,6995.0,6357.0,2513.0,446.0,1095.0,22.0,
2026-08-23 11:30:01,https://www.bilibili.com/video/BV1A5vkB2E1k/?spm_id_from=333.1387.favlist.content.click&vd_source=406d0cf895bedbdc58a3d0130d55e34c,8,BV1A5vkB2E1k,【杨博文】Hey Mama六机位纯舞直拍丨15岁舞台统治者的诞生，四代主舞燃炸全场！,Kismet丨杨博文,2025-12-28 22:28:16,2807514.0,65534.0,45800.0,47940.0,27495.0,13661.0,22000.0,1.0,
2026-08-23 11:30:01,https://www.bilibili.com/video/BV1mJ64BREZY/?spm_id_from=333.337.search-card.all.click&vd_source=406d0cf895bedbdc58a3d0130d55e34c,9,BV1mJ64BREZY,【杨博文】闭嘴跳舞丨当主舞穿上西装就会得到,Kismet丨杨博文,2026-02-01 18:31:00,622036.0,35173.0,4037.0,25449.0,8600.0,447.0,654.0,1.0,
2026-08-23 11:30:01,BV1Qu816ZEoy,10,BV1Qu816ZEoy,测试用，勿点，谢谢,猫球不是毛球啊,2026-08-22 16:55:19,160.0,2.0,0.0,0.0,0.0,0.0,0.0,1.0,
2026-08-23 11:30:01,BV1Vd8B65EkU,11,BV1Vd8B65EkU,0822.3,dddddash6,2026-08-21 21:49:36,113.0,0.0,0.0,1.0,0.0,0.0,0.0,1.0,
2026-08-23 11:30:01,BV1fT8S61Ejo,12,BV1fT8S61Ejo,十一（23）,爱动手的法学生,2026-08-22 23:46:38,56.0,0.0,0.0,0.0,0.0,0.0,0.0,1.0,
2026-08-23 11:30:01,BV1bf816sE8P,13,BV1bf816sE8P,自测，误点,橙子小姐_sheep,2026-08-22 14:38:54,154.0,0.0,0.0,1.0,0.0,0.0,0.0,1.0,
2026-08-23 11:30:01,BV1Te8K6uEJt,14,BV1Te8K6uEJt,勿进勿进勿进！自测 安卓0821,cannndy_,2026-08-21 08:57:55,102.0,0.0,0.0,1.0,0.0,0.0,0.0,1.0,
2026-08-23 11:30:01,BV1au816oEjs,15,BV1au816oEjs,手机自测,熙熙哈哈oO,2026-08-22 16:55:10,51.0,0.0,0.0,0.0,0.0,0.0,0.0,1.0,
2026-08-23 11:30:01,BV1qw816eE1d,16,BV1qw816eE1d,8.22 自测视频 勿点,dgsaydhakjdhjk,2026-08-22 16:56:23,240.0,0.0,0.0,0.0,0.0,0.0,0.0,1.0,
2026-08-23 11:30:01,BV1ci8163ECY,17,BV1ci8163ECY,自测勿点,不完美是常态_,2026-08-22 15:39:32,41.0,0.0,0.0,0.0,0.0,0.0,0.0,1.0,
2026-08-23 11:30:01,BV1dw816YEau,18,BV1dw816YEau,测试（勿点）,低能量地活着,2026-08-22 16:59:54,27.0,0.0,0.0,0.0,0.0,0.0,0.0,1.0,
2026-08-23 11:30:01,BV1jg8S6yEuV,19,BV1jg8S6yEuV,自测视频,only筱筱,2026-08-22 23:58:01,74.0,1.0,0.0,0.0,0.0,0.0,0.0,1.0,
2026-08-23 11:30:01,BV1z6816qEbo,20,BV1z6816qEbo,自用,dddii点点,2026-08-22 16:38:15,196.0,1.0,0.0,0.0,0.0,0.0,0.0,1.0,
2026-08-23 11:30:01,BV1eM8168E9p,21,BV1eM8168E9p,自测勿点！！！！,dd鱿鱼须,2026-08-22 16:39:08,122.0,0.0,0.0,1.0,0.0,0.0,0.0,1.0,
2026-08-23 11:30:01,BV14i8M61EdN,22,BV14i8M61EdN,sz,我素质低你让让我,2026-08-21 12:22:44,96.0,0.0,0.0,0.0,0.0,0.0,0.0,1.0,
2026-08-23 11:30:01,BV12A826QEK4,23,BV12A826QEK4,自测 禁点,哈哈哈哈哈11_,2026-08-22 15:15:37,26.0,0.0,0.0,0.0,0.0,0.0,0.0,1.0,
2026-08-23 11:30:01,BV1St8S6wE33,24,BV1St8S6wE33,自测哦,半夏哒哒哒,2026-08-23 00:18:35,55.0,0.0,0.0,0.0,0.0,0.0,0.0,1.0,
2026-08-23 11:30:01,BV1bwbh65Eh7,25,BV1bwbh65Eh7,自测视频！勿点0817,摸鱼堡成员,2026-08-17 09:36:15,100.0,1.0,0.0,0.0,0.0,0.0,0.0,1.0,
2026-08-23 11:30:01,BV15B8r6WEQ3,26,BV15B8r6WEQ3,8.22自测勿点,刘海打歪了,2026-08-22 09:19:46,53.0,0.0,0.0,0.0,0.0,0.0,0.0,1.0,
2026-08-23 11:30:01,BV1ET8S62EvB,27,BV1ET8S62EvB,【牛小Bala】视频已打包，欢迎围观！,牛小Bala,2026-08-22 23:47:03,26.0,0.0,0.0,0.0,0.0,0.0,0.0,1.0,
2026-08-23 11:30:01,BV1kS8y6kEA8,28,BV1kS8y6kEA8,自测 勿点,MENYAOOO,2026-08-22 18:41:15,94.0,0.0,0.0,0.0,0.0,0.0,0.0,1.0,
2026-08-23 11:30:01,BV1pX8y66ELf,29,BV1pX8y66ELf,自测请勿点击,风枷锁,2026-08-22 18:47:46,114.0,1.0,0.0,1.0,0.0,0.0,0.0,1.0,
2026-08-23 11:30:01,BV1uz8y6JEAr,30,BV1uz8y6JEAr,【起司不是qs】第一支视频求三连！,起司不是qs,2026-08-22 18:20:23,59.0,0.0,0.0,0.0,0.0,0.0,0.0,1.0,
2026-08-23 11:30:01,BV1mx8m6REbb,31,BV1mx8m6REbb,自测,甜奶味羊咩,2026-08-22 20:49:17,23.0,0.0,0.0,0.0,0.0,0.0,0.0,1.0,
2026-08-23 11:30:01,BV1du8S65E6x,32,BV1du8S65E6x,测测测,羊咩_0601,2026-08-23 00:02:02,53.0,0.0,0.0,0.0,0.0,0.0,0.0,1.0,
2026-08-23 11:30:01,BV1hn8m6FEcd,33,BV1hn8m6FEcd,自测勿点,哇哦哦噢噢噢哦,2026-08-22 21:06:21,26.0,0.0,0.0,0.0,0.0,0.0,0.0,1.0,
2026-08-23 11:30:01,BV1DE8m68E2D,34,BV1DE8m68E2D,自测勿点,半柚奶序,2026-08-22 21:10:31,71.0,2.0,0.0,1.0,0.0,0.0,0.0,1.0,
2026-08-23 11:30:01,BV1jM8m6MEoA,35,BV1jM8m6MEoA,自测，勿点进,Camellia不是cc,2026-08-22 20:29:58,5.0,0.0,0.0,1.0,0.0,0.0,0.0,1.0,
2026-08-23 11:30:01,BV1gE8m6hEJ2,36,BV1gE8m6hEJ2,自测勿点,萌羊叫眠羊,2026-08-22 21:11:17,5.0,0.0,0.0,0.0,0.0,0.0,0.0,1.0,
2026-08-23 11:30:01,BV15V8S6kEYA,37,BV15V8S6kEYA,自测,kuaiqushuijiaoba,2026-08-22 23:32:08,8.0,0.0,0.0,0.0,0.0,0.0,0.0,1.0,
2026-08-23 11:30:01,BV1vG8S6VEgc,38,BV1vG8S6VEgc,8.23自测,萌是天生命TvT,2026-08-22 23:34:07,103.0,0.0,0.0,1.0,0.0,0.0,0.0,1.0,
2026-08-23 11:30:01,BV1Zg8S6CEu5,39,BV1Zg8S6CEu5,自测勿点3,北纬咩雪刊,2026-08-22 23:54:46,56.0,0.0,0.0,0.0,0.0,0.0,0.0,1.0,
2026-08-23 11:30:01,BV1s8BvBPEN5,40,BV1s8BvBPEN5,【杨博文｜4K舞台直拍】好运来祝你好运来～博文宝宝祝你新年好运来,关键时刻来瓶尖叫,2025-12-27 00:43:12,1915320.0,35019.0,17109.0,32445.0,19589.0,4336.0,4873.0,1.0,
2026-08-23 11:30:01,BV1XA6nBGEPV,41,BV1XA6nBGEPV,【4K精剪】希区考克 作品152 | 杨博文直拍 | 260131,underthepoplar,2026-02-01 00:23:17,1945294.0,24054.0,22485.0,20169.0,19010.0,4020.0,6937.0,1.0,
2026-08-23 12:00:03,https://www.bilibili.com/video/BV1GdgW6JEe9/?spm_id_from=333.1387.favlist.content.click&vd_source=406d0cf895bedbdc58a3d0130d55e34c,0,BV1GdgW6JEe9,【杨博文｜4k直拍】Whiplash 双日直拍混剪,关键时刻来瓶尖叫,2026-08-13 23:45:41,206258.0,27365.0,22492.0,20922.0,6603.0,4602.0,7980.0,31.0,
2026-08-23 12:00:03,https://www.bilibili.com/video/BV1W5gs6KEhr/?spm_id_from=333.1387.favlist.content.click&vd_source=406d0cf895bedbdc58a3d0130d55e34c,1,BV1W5gs6KEhr,【4K精剪】异常加载中 | 杨博文直拍 | 260813,underthepoplar,2026-08-13 22:44:57,175337.0,22844.0,15598.0,16884.0,5919.0,7315.0,8483.0,24.0,
2026-08-23 12:00:03,https://www.bilibili.com/video/BV1VFbd6QEjw/spm_id_from=333.1387.favlist.content.click&vd_source=406d0cf895bedbdc58a3d0130d55e34c,2,BV1VFbd6QEjw,【杨博文｜4k直拍】管他什么音乐 直拍,关键时刻来瓶尖叫,2026-08-16 23:08:52,83216.0,5896.0,3481.0,4580.0,2314.0,559.0,480.0,20.0,
2026-08-23 12:00:03,https://www.bilibili.com/video/BV1xebR6zEkr/?spm_id_from=333.1387.favlist.content.click&vd_source=406d0cf895bedbdc58a3d0130d55e34c,3,BV1xebR6zEkr,【4K精剪】Attention | 杨博文直拍 | 260816,underthepoplar,2026-08-16 23:54:18,168134.0,15144.0,9788.0,12473.0,2768.0,1365.0,2365.0,35.0,
2026-08-23 12:00:03,https://www.bilibili.com/video/BV1s3gs6MEej/?spm_id_from=333.1387.favlist.content.click&vd_source=406d0cf895bedbdc58a3d0130d55e34c,4,BV1s3gs6MEej,【杨博文｜4k直拍】爱的初体验 直拍,关键时刻来瓶尖叫,2026-08-13 22:46:37,110454.0,12387.0,6638.0,9604.0,3104.0,518.0,2484.0,19.0,
2026-08-23 12:00:03,https://www.bilibili.com/video/BV1E2bR6hEJR/?spm_id_from=333.1387.favlist.content.click&vd_source=406d0cf895bedbdc58a3d0130d55e34c,5,BV1E2bR6hEJR,【杨博文】Attention丨直拍横屏丨16岁高中生内娱主舞的舞台掌控力丨8.16双机位4k精剪,Kismet丨杨博文,2026-08-16 22:13:05,234964.0,26553.0,13284.0,18551.0,3849.0,9346.0,10981.0,232.0,
2026-08-23 12:00:03,https://www.bilibili.com/video/BV1Rib96EE3F/?spm_id_from=333.1387.favlist.content.click&vd_source=406d0cf895bedbdc58a3d0130d55e34c,6,BV1Rib96EE3F,260816 【杨博文】春雪  竖屏4k直拍,meetsummer丨杨博文,2026-08-17 01:54:42,37431.0,8210.0,3365.0,4510.0,1488.0,717.0,721.0,9.0,
2026-08-23 12:00:03,https://www.bilibili.com/video/BV18jgg6BEAd/?spm_id_from=333.1387.favlist.content.click&vd_source=406d0cf895bedbdc58a3d0130d55e34c,7,BV18jgg6BEAd,【4K精剪】摇曳！摇曳！ | 杨博文直拍 | 260813 & 260814,underthepoplar,2026-08-15 13:26:46,64963.0,9615.0,6999.0,6364.0,2514.0,446.0,1095.0,19.0,
2026-08-23 12:00:03,https://www.bilibili.com/video/BV1A5vkB2E1k/?spm_id_from=333.1387.favlist.content.click&vd_source=406d0cf895bedbdc58a3d0130d55e34c,8,BV1A5vkB2E1k,【杨博文】Hey Mama六机位纯舞直拍丨15岁舞台统治者的诞生，四代主舞燃炸全场！,Kismet丨杨博文,2025-12-28 22:28:16,2807536.0,65534.0,45802.0,47941.0,27497.0,13661.0,22000.0,2.0,
2026-08-23 12:00:03,https://www.bilibili.com/video/BV1mJ64BREZY/?spm_id_from=333.337.search-card.all.click&vd_source=406d0cf895bedbdc58a3d0130d55e34c,9,BV1mJ64BREZY,【杨博文】闭嘴跳舞丨当主舞穿上西装就会得到,Kismet丨杨博文,2026-02-01 18:31:00,622038.0,35173.0,4037.0,25449.0,8600.0,447.0,654.0,1.0,
2026-08-23 12:00:03,BV1Qu816ZEoy,10,BV1Qu816ZEoy,测试用，勿点，谢谢,猫球不是毛球啊,2026-08-22 16:55:19,164.0,2.0,0.0,0.0,0.0,0.0,0.0,1.0,
2026-08-23 12:00:03,BV1Vd8B65EkU,11,BV1Vd8B65EkU,0822.3,dddddash6,2026-08-21 21:49:36,113.0,0.0,0.0,1.0,0.0,0.0,0.0,1.0,
2026-08-23 12:00:03,BV1fT8S61Ejo,12,BV1fT8S61Ejo,十一（23）,爱动手的法学生,2026-08-22 23:46:38,56.0,0.0,0.0,0.0,0.0,0.0,0.0,1.0,
2026-08-23 12:00:03,BV1bf816sE8P,13,BV1bf816sE8P,自测，误点,橙子小姐_sheep,2026-08-22 14:38:54,154.0,0.0,0.0,1.0,0.0,0.0,0.0,1.0,
2026-08-23 12:00:03,BV1Te8K6uEJt,14,BV1Te8K6uEJt,勿进勿进勿进！自测 安卓0821,cannndy_,2026-08-21 08:57:55,102.0,0.0,0.0,1.0,0.0,0.0,0.0,1.0,
2026-08-23 12:00:03,BV1au816oEjs,15,BV1au816oEjs,手机自测,熙熙哈哈oO,2026-08-22 16:55:10,51.0,0.0,0.0,0.0,0.0,0.0,0.0,1.0,
2026-08-23 12:00:03,BV1qw816eE1d,16,BV1qw816eE1d,8.22 自测视频 勿点,dgsaydhakjdhjk,2026-08-22 16:56:23,255.0,0.0,0.0,0.0,0.0,0.0,0.0,1.0,
2026-08-23 12:00:03,BV1ci8163ECY,17,BV1ci8163ECY,自测勿点,不完美是常态_,2026-08-22 15:39:32,42.0,0.0,0.0,0.0,0.0,0.0,0.0,1.0,
2026-08-23 12:00:03,BV1dw816YEau,18,BV1dw816YEau,测试（勿点）,低能量地活着,2026-08-22 16:59:54,27.0,0.0,0.0,0.0,0.0,0.0,0.0,1.0,
2026-08-23 12:00:03,BV1jg8S6yEuV,19,BV1jg8S6yEuV,自测视频,only筱筱,2026-08-22 23:58:01,79.0,1.0,0.0,0.0,0.0,0.0,0.0,1.0,
2026-08-23 12:00:03,BV1z6816qEbo,20,BV1z6816qEbo,自用,dddii点点,2026-08-22 16:38:15,196.0,1.0,0.0,0.0,0.0,0.0,0.0,1.0,
2026-08-23 12:00:03,BV1eM8168E9p,21,BV1eM8168E9p,自测勿点！！！！,dd鱿鱼须,2026-08-22 16:39:08,125.0,0.0,0.0,1.0,0.0,0.0,0.0,1.0,
2026-08-23 12:00:03,BV14i8M61EdN,22,BV14i8M61EdN,sz,我素质低你让让我,2026-08-21 12:22:44,101.0,0.0,0.0,0.0,0.0,0.0,0.0,1.0,
2026-08-23 12:00:03,BV12A826QEK4,23,BV12A826QEK4,自测 禁点,哈哈哈哈哈11_,2026-08-22 15:15:37,27.0,0.0,0.0,0.0,0.0,0.0,0.0,1.0,
2026-08-23 12:00:03,BV1St8S6wE33,24,BV1St8S6wE33,自测哦,半夏哒哒哒,2026-08-23 00:18:35,55.0,0.0,0.0,0.0,0.0,0.0,0.0,1.0,
2026-08-23 12:00:03,BV1bwbh65Eh7,25,BV1bwbh65Eh7,自测视频！勿点0817,摸鱼堡成员,2026-08-17 09:36:15,105.0,1.0,0.0,0.0,0.0,0.0,0.0,1.0,
2026-08-23 12:00:03,BV15B8r6WEQ3,26,BV15B8r6WEQ3,8.22自测勿点,刘海打歪了,2026-08-22 09:19:46,53.0,0.0,0.0,0.0,0.0,0.0,0.0,1.0,
2026-08-23 12:00:03,BV1ET8S62EvB,27,BV1ET8S62EvB,【牛小Bala】视频已打包，欢迎围观！,牛小Bala,2026-08-22 23:47:03,31.0,0.0,0.0,0.0,0.0,0.0,0.0,1.0,
2026-08-23 12:00:03,BV1kS8y6kEA8,28,BV1kS8y6kEA8,自测 勿点,MENYAOOO,2026-08-22 18:41:15,94.0,0.0,0.0,0.0,0.0,0.0,0.0,1.0,
2026-08-23 12:00:03,BV1pX8y66ELf,29,BV1pX8y66ELf,自测请勿点击,风枷锁,2026-08-22 18:47:46,119.0,1.0,0.0,1.0,0.0,0.0,0.0,1.0,
2026-08-23 12:00:03,BV1uz8y6JEAr,30,BV1uz8y6JEAr,【起司不是qs】第一支视频求三连！,起司不是qs,2026-08-22 18:20:23,59.0,0.0,0.0,0.0,0.0,0.0,0.0,1.0,
2026-08-23 12:00:03,BV1mx8m6REbb,31,BV1mx8m6REbb,自测,甜奶味羊咩,2026-08-22 20:49:17,27.0,0.0,0.0,0.0,0.0,0.0,0.0,1.0,
2026-08-23 12:00:03,BV1du8S65E6x,32,BV1du8S65E6x,测测测,羊咩_0601,2026-08-23 00:02:02,53.0,0.0,0.0,0.0,0.0,0.0,0.0,1.0,
2026-08-23 12:00:03,BV1hn8m6FEcd,33,BV1hn8m6FEcd,自测勿点,哇哦哦噢噢噢哦,2026-08-22 21:06:21,31.0,0.0,0.0,0.0,0.0,0.0,0.0,1.0,
2026-08-23 12:00:03,BV1DE8m68E2D,34,BV1DE8m68E2D,自测勿点,半柚奶序,2026-08-22 21:10:31,83.0,2.0,0.0,1.0,0.0,0.0,0.0,1.0,
2026-08-23 12:00:03,BV1jM8m6MEoA,35,BV1jM8m6MEoA,自测，勿点进,Camellia不是cc,2026-08-22 20:29:58,7.0,0.0,0.0,1.0,0.0,0.0,0.0,1.0,
2026-08-23 12:00:03,BV1gE8m6hEJ2,36,BV1gE8m6hEJ2,自测勿点,萌羊叫眠羊,2026-08-22 21:11:17,5.0,0.0,0.0,0.0,0.0,0.0,0.0,1.0,
2026-08-23 12:00:03,BV15V8S6kEYA,37,BV15V8S6kEYA,自测,kuaiqushuijiaoba,2026-08-22 23:32:08,9.0,0.0,0.0,0.0,0.0,0.0,0.0,1.0,
2026-08-23 12:00:03,BV1vG8S6VEgc,38,BV1vG8S6VEgc,8.23自测,萌是天生命TvT,2026-08-22 23:34:07,103.0,0.0,0.0,1.0,0.0,0.0,0.0,1.0,
2026-08-23 12:00:03,BV1Zg8S6CEu5,39,BV1Zg8S6CEu5,自测勿点3,北纬咩雪刊,2026-08-22 23:54:46,56.0,0.0,0.0,0.0,0.0,0.0,0.0,1.0,
2026-08-23 12:00:03,BV1s8BvBPEN5,40,BV1s8BvBPEN5,【杨博文｜4K舞台直拍】好运来祝你好运来～博文宝宝祝你新年好运来,关键时刻来瓶尖叫,2025-12-27 00:43:12,1915325.0,35019.0,17109.0,32446.0,19589.0,4336.0,4873.0,1.0,
2026-08-23 12:00:03,BV1XA6nBGEPV,41,BV1XA6nBGEPV,【4K精剪】希区考克 作品152 | 杨博文直拍 | 260131,underthepoplar,2026-02-01 00:23:17,1945298.0,24055.0,22487.0,20172.0,19010.0,4020.0,6937.0,1.0,
2026-08-23 12:30:05,https://www.bilibili.com/video/BV1GdgW6JEe9/?spm_id_from=333.1387.favlist.content.click&vd_source=406d0cf895bedbdc58a3d0130d55e34c,0,BV1GdgW6JEe9,【杨博文｜4k直拍】Whiplash 双日直拍混剪,关键时刻来瓶尖叫,2026-08-13 23:45:41,206549.0,27379.0,22497.0,20939.0,6604.0,4605.0,7985.0,31.0,
2026-08-23 12:30:05,https://www.bilibili.com/video/BV1W5gs6KEhr/?spm_id_from=333.1387.favlist.content.click&vd_source=406d0cf895bedbdc58a3d0130d55e34c,1,BV1W5gs6KEhr,【4K精剪】异常加载中 | 杨博文直拍 | 260813,underthepoplar,2026-08-13 22:44:57,175533.0,22854.0,15600.0,16896.0,5921.0,7316.0,8486.0,26.0,
2026-08-23 12:30:05,https://www.bilibili.com/video/BV1VFbd6QEjw/spm_id_from=333.1387.favlist.content.click&vd_source=406d0cf895bedbdc58a3d0130d55e34c,2,BV1VFbd6QEjw,【杨博文｜4k直拍】管他什么音乐 直拍,关键时刻来瓶尖叫,2026-08-16 23:08:52,83302.0,5900.0,3483.0,4583.0,2316.0,559.0,481.0,18.0,
2026-08-23 12:30:05,https://www.bilibili.com/video/BV1xebR6zEkr/?spm_id_from=333.1387.favlist.content.click&vd_source=406d0cf895bedbdc58a3d0130d55e34c,3,BV1xebR6zEkr,【4K精剪】Attention | 杨博文直拍 | 260816,underthepoplar,2026-08-16 23:54:18,168507.0,15162.0,9794.0,12499.0,2770.0,1365.0,2369.0,39.0,
2026-08-23 12:30:05,https://www.bilibili.com/video/BV1s3gs6MEej/?spm_id_from=333.1387.favlist.content.click&vd_source=406d0cf895bedbdc58a3d0130d55e34c,4,BV1s3gs6MEej,【杨博文｜4k直拍】爱的初体验 直拍,关键时刻来瓶尖叫,2026-08-13 22:46:37,110581.0,12392.0,6642.0,9611.0,3106.0,518.0,2484.0,20.0,
2026-08-23 12:30:05,https://www.bilibili.com/video/BV1E2bR6hEJR/?spm_id_from=333.1387.favlist.content.click&vd_source=406d0cf895bedbdc58a3d0130d55e34c,5,BV1E2bR6hEJR,【杨博文】Attention丨直拍横屏丨16岁高中生内娱主舞的舞台掌控力丨8.16双机位4k精剪,Kismet丨杨博文,2026-08-16 22:13:05,235366.0,26587.0,13297.0,18580.0,3854.0,9354.0,11001.0,237.0,
2026-08-23 12:30:05,https://www.bilibili.com/video/BV1Rib96EE3F/?spm_id_from=333.1387.favlist.content.click&vd_source=406d0cf895bedbdc58a3d0130d55e34c,6,BV1Rib96EE3F,260816 【杨博文】春雪  竖屏4k直拍,meetsummer丨杨博文,2026-08-17 01:54:42,37550.0,8223.0,3369.0,4517.0,1490.0,717.0,721.0,9.0,
2026-08-23 12:30:05,https://www.bilibili.com/video/BV18jgg6BEAd/?spm_id_from=333.1387.favlist.content.click&vd_source=406d0cf895bedbdc58a3d0130d55e34c,7,BV18jgg6BEAd,【4K精剪】摇曳！摇曳！ | 杨博文直拍 | 260813 & 260814,underthepoplar,2026-08-15 13:26:46,65032.0,9623.0,7002.0,6369.0,2517.0,450.0,1101.0,15.0,
2026-08-23 12:30:05,https://www.bilibili.com/video/BV1A5vkB2E1k/?spm_id_from=333.1387.favlist.content.click&vd_source=406d0cf895bedbdc58a3d0130d55e34c,8,BV1A5vkB2E1k,【杨博文】Hey Mama六机位纯舞直拍丨15岁舞台统治者的诞生，四代主舞燃炸全场！,Kismet丨杨博文,2025-12-28 22:28:16,2807565.0,65536.0,45802.0,47941.0,27498.0,13661.0,22001.0,1.0,
2026-08-23 12:30:05,https://www.bilibili.com/video/BV1mJ64BREZY/?spm_id_from=333.337.search-card.all.click&vd_source=406d0cf895bedbdc58a3d0130d55e34c,9,BV1mJ64BREZY,【杨博文】闭嘴跳舞丨当主舞穿上西装就会得到,Kismet丨杨博文,2026-02-01 18:31:00,622039.0,35173.0,4037.0,25449.0,8600.0,447.0,654.0,1.0,
2026-08-23 12:30:05,BV1Qu816ZEoy,10,BV1Qu816ZEoy,测试用，勿点，谢谢,猫球不是毛球啊,2026-08-22 16:55:19,164.0,2.0,0.0,0.0,0.0,0.0,0.0,1.0,
2026-08-23 12:30:05,BV1Vd8B65EkU,11,BV1Vd8B65EkU,0822.3,dddddash6,2026-08-21 21:49:36,113.0,0.0,0.0,1.0,0.0,0.0,0.0,1.0,
2026-08-23 12:30:05,BV1fT8S61Ejo,12,BV1fT8S61Ejo,十一（23）,爱动手的法学生,2026-08-22 23:46:38,62.0,0.0,0.0,0.0,0.0,0.0,0.0,1.0,
2026-08-23 12:30:05,BV1bf816sE8P,13,BV1bf816sE8P,自测，误点,橙子小姐_sheep,2026-08-22 14:38:54,157.0,0.0,0.0,2.0,0.0,0.0,0.0,1.0,
2026-08-23 12:30:05,BV1Te8K6uEJt,14,BV1Te8K6uEJt,勿进勿进勿进！自测 安卓0821,cannndy_,2026-08-21 08:57:55,106.0,0.0,0.0,1.0,0.0,0.0,0.0,1.0,
2026-08-23 12:30:05,BV1au816oEjs,15,BV1au816oEjs,手机自测,熙熙哈哈oO,2026-08-22 16:55:10,51.0,0.0,0.0,0.0,0.0,0.0,0.0,1.0,
2026-08-23 12:30:05,BV1qw816eE1d,16,BV1qw816eE1d,8.22 自测视频 勿点,dgsaydhakjdhjk,2026-08-22 16:56:23,268.0,0.0,0.0,0.0,0.0,0.0,0.0,1.0,
2026-08-23 12:30:05,BV1ci8163ECY,17,BV1ci8163ECY,自测勿点,不完美是常态_,2026-08-22 15:39:32,43.0,0.0,0.0,0.0,0.0,0.0,0.0,1.0,
2026-08-23 12:30:05,BV1dw816YEau,18,BV1dw816YEau,测试（勿点）,低能量地活着,2026-08-22 16:59:54,27.0,0.0,0.0,0.0,0.0,0.0,0.0,1.0,
2026-08-23 12:30:05,BV1jg8S6yEuV,19,BV1jg8S6yEuV,自测视频,only筱筱,2026-08-22 23:58:01,84.0,1.0,0.0,0.0,0.0,0.0,0.0,1.0,
2026-08-23 12:30:05,BV1z6816qEbo,20,BV1z6816qEbo,自用,dddii点点,2026-08-22 16:38:15,196.0,1.0,0.0,0.0,0.0,0.0,0.0,1.0,
2026-08-23 12:30:05,BV1eM8168E9p,21,BV1eM8168E9p,自测勿点！！！！,dd鱿鱼须,2026-08-22 16:39:08,125.0,0.0,0.0,1.0,0.0,0.0,0.0,1.0,
2026-08-23 12:30:05,BV14i8M61EdN,22,BV14i8M61EdN,sz,我素质低你让让我,2026-08-21 12:22:44,106.0,0.0,0.0,0.0,0.0,0.0,0.0,1.0,
2026-08-23 12:30:05,BV12A826QEK4,23,BV12A826QEK4,自测 禁点,哈哈哈哈哈11_,2026-08-22 15:15:37,32.0,0.0,0.0,0.0,0.0,0.0,0.0,1.0,
2026-08-23 12:30:05,BV1St8S6wE33,24,BV1St8S6wE33,自测哦,半夏哒哒哒,2026-08-23 00:18:35,56.0,0.0,0.0,0.0,0.0,0.0,0.0,1.0,
2026-08-23 12:30:05,BV1bwbh65Eh7,25,BV1bwbh65Eh7,自测视频！勿点0817,摸鱼堡成员,2026-08-17 09:36:15,109.0,1.0,0.0,0.0,0.0,0.0,0.0,1.0,
2026-08-23 12:30:05,BV15B8r6WEQ3,26,BV15B8r6WEQ3,8.22自测勿点,刘海打歪了,2026-08-22 09:19:46,53.0,0.0,0.0,0.0,0.0,0.0,0.0,1.0,
2026-08-23 12:30:05,BV1ET8S62EvB,27,BV1ET8S62EvB,【牛小Bala】视频已打包，欢迎围观！,牛小Bala,2026-08-22 23:47:03,36.0,0.0,0.0,0.0,0.0,0.0,0.0,1.0,
2026-08-23 12:30:05,BV1kS8y6kEA8,28,BV1kS8y6kEA8,自测 勿点,MENYAOOO,2026-08-22 18:41:15,94.0,0.0,0.0,0.0,0.0,0.0,0.0,1.0,
2026-08-23 12:30:05,BV1pX8y66ELf,29,BV1pX8y66ELf,自测请勿点击,风枷锁,2026-08-22 18:47:46,124.0,1.0,0.0,1.0,0.0,0.0,0.0,1.0,
2026-08-23 12:30:05,BV1uz8y6JEAr,30,BV1uz8y6JEAr,【起司不是qs】第一支视频求三连！,起司不是qs,2026-08-22 18:20:23,60.0,0.0,0.0,0.0,0.0,0.0,0.0,1.0,
2026-08-23 12:30:05,BV1mx8m6REbb,31,BV1mx8m6REbb,自测,甜奶味羊咩,2026-08-22 20:49:17,31.0,0.0,0.0,0.0,0.0,0.0,0.0,1.0,
2026-08-23 12:30:05,BV1du8S65E6x,32,BV1du8S65E6x,测测测,羊咩_0601,2026-08-23 00:02:02,53.0,0.0,0.0,0.0,0.0,0.0,0.0,1.0,
2026-08-23 12:30:05,BV1hn8m6FEcd,33,BV1hn8m6FEcd,自测勿点,哇哦哦噢噢噢哦,2026-08-22 21:06:21,31.0,0.0,0.0,0.0,0.0,0.0,0.0,1.0,
2026-08-23 12:30:05,BV1DE8m68E2D,34,BV1DE8m68E2D,自测勿点,半柚奶序,2026-08-22 21:10:31,83.0,2.0,0.0,1.0,0.0,0.0,0.0,1.0,
2026-08-23 12:30:05,BV1jM8m6MEoA,35,BV1jM8m6MEoA,自测，勿点进,Camellia不是cc,2026-08-22 20:29:58,9.0,0.0,0.0,1.0,0.0,0.0,0.0,1.0,
2026-08-23 12:30:05,BV1gE8m6hEJ2,36,BV1gE8m6hEJ2,自测勿点,萌羊叫眠羊,2026-08-22 21:11:17,5.0,0.0,0.0,0.0,0.0,0.0,0.0,1.0,
2026-08-23 12:30:05,BV15V8S6kEYA,37,BV15V8S6kEYA,自测,kuaiqushuijiaoba,2026-08-22 23:32:08,10.0,0.0,0.0,0.0,0.0,0.0,0.0,1.0,
2026-08-23 12:30:05,BV1vG8S6VEgc,38,BV1vG8S6VEgc,8.23自测,萌是天生命TvT,2026-08-22 23:34:07,103.0,0.0,0.0,1.0,0.0,0.0,0.0,1.0,
2026-08-23 12:30:05,BV1Zg8S6CEu5,39,BV1Zg8S6CEu5,自测勿点3,北纬咩雪刊,2026-08-22 23:54:46,56.0,0.0,0.0,0.0,0.0,0.0,0.0,1.0,
2026-08-23 12:30:05,BV1s8BvBPEN5,40,BV1s8BvBPEN5,【杨博文｜4K舞台直拍】好运来祝你好运来～博文宝宝祝你新年好运来,关键时刻来瓶尖叫,2025-12-27 00:43:12,1915332.0,35019.0,17109.0,32446.0,19589.0,4336.0,4873.0,1.0,
2026-08-23 12:30:05,BV1XA6nBGEPV,41,BV1XA6nBGEPV,【4K精剪】希区考克 作品152 | 杨博文直拍 | 260131,underthepoplar,2026-02-01 00:23:17,1945302.0,24055.0,22487.0,20172.0,19010.0,4020.0,6937.0,1.0,
2026-08-23 13:00:07,https://www.bilibili.com/video/BV1GdgW6JEe9/?spm_id_from=333.1387.favlist.content.click&vd_source=406d0cf895bedbdc58a3d0130d55e34c,0,BV1GdgW6JEe9,【杨博文｜4k直拍】Whiplash 双日直拍混剪,关键时刻来瓶尖叫,2026-08-13 23:45:41,206844.0,27397.0,22506.0,20952.0,6611.0,4607.0,7987.0,34.0,
2026-08-23 13:00:07,https://www.bilibili.com/video/BV1W5gs6KEhr/?spm_id_from=333.1387.favlist.content.click&vd_source=406d0cf895bedbdc58a3d0130d55e34c,1,BV1W5gs6KEhr,【4K精剪】异常加载中 | 杨博文直拍 | 260813,underthepoplar,2026-08-13 22:44:57,175721.0,22863.0,15603.0,16902.0,5928.0,7317.0,8497.0,28.0,
2026-08-23 13:00:07,https://www.bilibili.com/video/BV1VFbd6QEjw/spm_id_from=333.1387.favlist.content.click&vd_source=406d0cf895bedbdc58a3d0130d55e34c,2,BV1VFbd6QEjw,【杨博文｜4k直拍】管他什么音乐 直拍,关键时刻来瓶尖叫,2026-08-16 23:08:52,83459.0,5901.0,3483.0,4585.0,2322.0,559.0,483.0,23.0,
2026-08-23 13:00:07,https://www.bilibili.com/video/BV1xebR6zEkr/?spm_id_from=333.1387.favlist.content.click&vd_source=406d0cf895bedbdc58a3d0130d55e34c,3,BV1xebR6zEkr,【4K精剪】Attention | 杨博文直拍 | 260816,underthepoplar,2026-08-16 23:54:18,168875.0,15185.0,9797.0,12523.0,2777.0,1366.0,2376.0,50.0,
2026-08-23 13:00:07,https://www.bilibili.com/video/BV1s3gs6MEej/?spm_id_from=333.1387.favlist.content.click&vd_source=406d0cf895bedbdc58a3d0130d55e34c,4,BV1s3gs6MEej,【杨博文｜4k直拍】爱的初体验 直拍,关键时刻来瓶尖叫,2026-08-13 22:46:37,110701.0,12396.0,6644.0,9617.0,3112.0,518.0,2484.0,20.0,
2026-08-23 13:00:07,https://www.bilibili.com/video/BV1E2bR6hEJR/?spm_id_from=333.1387.favlist.content.click&vd_source=406d0cf895bedbdc58a3d0130d55e34c,5,BV1E2bR6hEJR,【杨博文】Attention丨直拍横屏丨16岁高中生内娱主舞的舞台掌控力丨8.16双机位4k精剪,Kismet丨杨博文,2026-08-16 22:13:05,235736.0,26627.0,13303.0,18602.0,3863.0,9356.0,11017.0,236.0,
2026-08-23 13:00:07,https://www.bilibili.com/video/BV1Rib96EE3F/?spm_id_from=333.1387.favlist.content.click&vd_source=406d0cf895bedbdc58a3d0130d55e34c,6,BV1Rib96EE3F,260816 【杨博文】春雪  竖屏4k直拍,meetsummer丨杨博文,2026-08-17 01:54:42,37657.0,8235.0,3370.0,4523.0,1496.0,717.0,721.0,11.0,
2026-08-23 13:00:07,https://www.bilibili.com/video/BV18jgg6BEAd/?spm_id_from=333.1387.favlist.content.click&vd_source=406d0cf895bedbdc58a3d0130d55e34c,7,BV18jgg6BEAd,【4K精剪】摇曳！摇曳！ | 杨博文直拍 | 260813 & 260814,underthepoplar,2026-08-15 13:26:46,65106.0,9630.0,7002.0,6371.0,2523.0,450.0,1102.0,24.0,
2026-08-23 13:00:07,https://www.bilibili.com/video/BV1A5vkB2E1k/?spm_id_from=333.1387.favlist.content.click&vd_source=406d0cf895bedbdc58a3d0130d55e34c,8,BV1A5vkB2E1k,【杨博文】Hey Mama六机位纯舞直拍丨15岁舞台统治者的诞生，四代主舞燃炸全场！,Kismet丨杨博文,2025-12-28 22:28:16,2807588.0,65538.0,45802.0,47941.0,27504.0,13661.0,22001.0,3.0,
2026-08-23 13:00:07,https://www.bilibili.com/video/BV1mJ64BREZY/?spm_id_from=333.337.search-card.all.click&vd_source=406d0cf895bedbdc58a3d0130d55e34c,9,BV1mJ64BREZY,【杨博文】闭嘴跳舞丨当主舞穿上西装就会得到,Kismet丨杨博文,2026-02-01 18:31:00,622042.0,35173.0,4037.0,25449.0,8600.0,447.0,654.0,1.0,
2026-08-23 13:00:07,BV1Qu816ZEoy,10,BV1Qu816ZEoy,测试用，勿点，谢谢,猫球不是毛球啊,2026-08-22 16:55:19,164.0,2.0,0.0,0.0,0.0,0.0,0.0,1.0,
2026-08-23 13:00:07,BV1Vd8B65EkU,11,BV1Vd8B65EkU,0822.3,dddddash6,2026-08-21 21:49:36,113.0,0.0,0.0,1.0,0.0,0.0,0.0,1.0,
2026-08-23 13:00:07,BV1fT8S61Ejo,12,BV1fT8S61Ejo,十一（23）,爱动手的法学生,2026-08-22 23:46:38,67.0,0.0,0.0,0.0,0.0,0.0,0.0,1.0,
2026-08-23 13:00:07,BV1bf816sE8P,13,BV1bf816sE8P,自测，误点,橙子小姐_sheep,2026-08-22 14:38:54,157.0,0.0,0.0,2.0,0.0,0.0,0.0,1.0,
2026-08-23 13:00:07,BV1Te8K6uEJt,14,BV1Te8K6uEJt,勿进勿进勿进！自测 安卓0821,cannndy_,2026-08-21 08:57:55,110.0,0.0,0.0,1.0,0.0,0.0,0.0,1.0,
2026-08-23 13:00:07,BV1au816oEjs,15,BV1au816oEjs,手机自测,熙熙哈哈oO,2026-08-22 16:55:10,51.0,0.0,0.0,0.0,0.0,0.0,0.0,1.0,
2026-08-23 13:00:07,BV1qw816eE1d,16,BV1qw816eE1d,8.22 自测视频 勿点,dgsaydhakjdhjk,2026-08-22 16:56:23,282.0,0.0,0.0,0.0,0.0,0.0,0.0,1.0,
2026-08-23 13:00:07,BV1ci8163ECY,17,BV1ci8163ECY,自测勿点,不完美是常态_,2026-08-22 15:39:32,45.0,0.0,0.0,0.0,0.0,0.0,0.0,1.0,
2026-08-23 13:00:07,BV1dw816YEau,18,BV1dw816YEau,测试（勿点）,低能量地活着,2026-08-22 16:59:54,27.0,0.0,0.0,0.0,0.0,0.0,0.0,1.0,
2026-08-23 13:00:07,BV1jg8S6yEuV,19,BV1jg8S6yEuV,自测视频,only筱筱,2026-08-22 23:58:01,91.0,1.0,0.0,0.0,0.0,0.0,0.0,1.0,
2026-08-23 13:00:07,BV1z6816qEbo,20,BV1z6816qEbo,自用,dddii点点,2026-08-22 16:38:15,196.0,1.0,0.0,0.0,0.0,0.0,0.0,1.0,
2026-08-23 13:00:07,BV1eM8168E9p,21,BV1eM8168E9p,自测勿点！！！！,dd鱿鱼须,2026-08-22 16:39:08,125.0,0.0,0.0,1.0,0.0,0.0,0.0,1.0,
2026-08-23 13:00:07,BV14i8M61EdN,22,BV14i8M61EdN,sz,我素质低你让让我,2026-08-21 12:22:44,111.0,0.0,0.0,0.0,0.0,0.0,0.0,1.0,
2026-08-23 13:00:07,BV12A826QEK4,23,BV12A826QEK4,自测 禁点,哈哈哈哈哈11_,2026-08-22 15:15:37,33.0,0.0,0.0,0.0,0.0,0.0,0.0,1.0,
2026-08-23 13:00:07,BV1St8S6wE33,24,BV1St8S6wE33,自测哦,半夏哒哒哒,2026-08-23 00:18:35,57.0,0.0,0.0,0.0,0.0,0.0,0.0,1.0,
2026-08-23 13:00:07,BV1bwbh65Eh7,25,BV1bwbh65Eh7,自测视频！勿点0817,摸鱼堡成员,2026-08-17 09:36:15,114.0,1.0,0.0,0.0,0.0,0.0,0.0,1.0,
2026-08-23 13:00:07,BV15B8r6WEQ3,26,BV15B8r6WEQ3,8.22自测勿点,刘海打歪了,2026-08-22 09:19:46,53.0,0.0,0.0,0.0,0.0,0.0,0.0,1.0,
2026-08-23 13:00:07,BV1ET8S62EvB,27,BV1ET8S62EvB,【牛小Bala】视频已打包，欢迎围观！,牛小Bala,2026-08-22 23:47:03,40.0,0.0,0.0,0.0,0.0,0.0,0.0,1.0,
2026-08-23 13:00:07,BV1kS8y6kEA8,28,BV1kS8y6kEA8,自测 勿点,MENYAOOO,2026-08-22 18:41:15,94.0,0.0,0.0,0.0,0.0,0.0,0.0,1.0,
2026-08-23 13:00:07,BV1pX8y66ELf,29,BV1pX8y66ELf,自测请勿点击,风枷锁,2026-08-22 18:47:46,128.0,1.0,0.0,1.0,0.0,0.0,0.0,1.0,
2026-08-23 13:00:07,BV1uz8y6JEAr,30,BV1uz8y6JEAr,【起司不是qs】第一支视频求三连！,起司不是qs,2026-08-22 18:20:23,60.0,0.0,0.0,0.0,0.0,0.0,0.0,1.0,
2026-08-23 13:00:07,BV1mx8m6REbb,31,BV1mx8m6REbb,自测,甜奶味羊咩,2026-08-22 20:49:17,36.0,0.0,0.0,0.0,0.0,0.0,0.0,1.0,
2026-08-23 13:00:07,BV1du8S65E6x,32,BV1du8S65E6x,测测测,羊咩_0601,2026-08-23 00:02:02,53.0,0.0,0.0,0.0,0.0,0.0,0.0,1.0,
2026-08-23 13:00:07,BV1hn8m6FEcd,33,BV1hn8m6FEcd,自测勿点,哇哦哦噢噢噢哦,2026-08-22 21:06:21,31.0,0.0,0.0,0.0,0.0,0.0,0.0,1.0,
2026-08-23 13:00:07,BV1DE8m68E2D,34,BV1DE8m68E2D,自测勿点,半柚奶序,2026-08-22 21:10:31,83.0,2.0,0.0,1.0,0.0,0.0,0.0,1.0,
2026-08-23 13:00:07,BV1jM8m6MEoA,35,BV1jM8m6MEoA,自测，勿点进,Camellia不是cc,2026-08-22 20:29:58,9.0,0.0,0.0,1.0,0.0,0.0,0.0,1.0,
2026-08-23 13:00:07,BV1gE8m6hEJ2,36,BV1gE8m6hEJ2,自测勿点,萌羊叫眠羊,2026-08-22 21:11:17,5.0,0.0,0.0,0.0,0.0,0.0,0.0,1.0,
2026-08-23 13:00:07,BV15V8S6kEYA,37,BV15V8S6kEYA,自测,kuaiqushuijiaoba,2026-08-22 23:32:08,10.0,0.0,0.0,0.0,0.0,0.0,0.0,1.0,
2026-08-23 13:00:07,BV1vG8S6VEgc,38,BV1vG8S6VEgc,8.23自测,萌是天生命TvT,2026-08-22 23:34:07,103.0,0.0,0.0,1.0,0.0,0.0,0.0,1.0,
2026-08-23 13:00:07,BV1Zg8S6CEu5,39,BV1Zg8S6CEu5,自测勿点3,北纬咩雪刊,2026-08-22 23:54:46,56.0,0.0,0.0,0.0,0.0,0.0,0.0,1.0,
2026-08-23 13:00:07,BV1s8BvBPEN5,40,BV1s8BvBPEN5,【杨博文｜4K舞台直拍】好运来祝你好运来～博文宝宝祝你新年好运来,关键时刻来瓶尖叫,2025-12-27 00:43:12,1915335.0,35020.0,17109.0,32447.0,19589.0,4336.0,4873.0,1.0,
2026-08-23 13:00:07,BV1XA6nBGEPV,41,BV1XA6nBGEPV,【4K精剪】希区考克 作品152 | 杨博文直拍 | 260131,underthepoplar,2026-02-01 00:23:17,1945306.0,24056.0,22487.0,20172.0,19010.0,4020.0,6937.0,1.0,
2026-08-23 13:30:09,https://www.bilibili.com/video/BV1GdgW6JEe9/?spm_id_from=333.1387.favlist.content.click&vd_source=406d0cf895bedbdc58a3d0130d55e34c,0,BV1GdgW6JEe9,【杨博文｜4k直拍】Whiplash 双日直拍混剪,关键时刻来瓶尖叫,2026-08-13 23:45:41,207128.0,27413.0,22511.0,20967.0,6621.0,4607.0,7990.0,35.0,
2026-08-23 13:30:09,https://www.bilibili.com/video/BV1W5gs6KEhr/?spm_id_from=333.1387.favlist.content.click&vd_source=406d0cf895bedbdc58a3d0130d55e34c,1,BV1W5gs6KEhr,【4K精剪】异常加载中 | 杨博文直拍 | 260813,underthepoplar,2026-08-13 22:44:57,175890.0,22874.0,15610.0,16914.0,5936.0,7318.0,8497.0,26.0,
2026-08-23 13:30:09,https://www.bilibili.com/video/BV1VFbd6QEjw/spm_id_from=333.1387.favlist.content.click&vd_source=406d0cf895bedbdc58a3d0130d55e34c,2,BV1VFbd6QEjw,【杨博文｜4k直拍】管他什么音乐 直拍,关键时刻来瓶尖叫,2026-08-16 23:08:52,83541.0,5906.0,3486.0,4583.0,2330.0,559.0,483.0,14.0,
2026-08-23 13:30:09,https://www.bilibili.com/video/BV1xebR6zEkr/?spm_id_from=333.1387.favlist.content.click&vd_source=406d0cf895bedbdc58a3d0130d55e34c,3,BV1xebR6zEkr,【4K精剪】Attention | 杨博文直拍 | 260816,underthepoplar,2026-08-16 23:54:18,169219.0,15212.0,9804.0,12541.0,2787.0,1366.0,2377.0,39.0,
2026-08-23 13:30:09,https://www.bilibili.com/video/BV1s3gs6MEej/?spm_id_from=333.1387.favlist.content.click&vd_source=406d0cf895bedbdc58a3d0130d55e34c,4,BV1s3gs6MEej,【杨博文｜4k直拍】爱的初体验 直拍,关键时刻来瓶尖叫,2026-08-13 22:46:37,110848.0,12401.0,6644.0,9620.0,3121.0,518.0,2484.0,23.0,
2026-08-23 13:30:09,https://www.bilibili.com/video/BV1E2bR6hEJR/?spm_id_from=333.1387.favlist.content.click&vd_source=406d0cf895bedbdc58a3d0130d55e34c,5,BV1E2bR6hEJR,【杨博文】Attention丨直拍横屏丨16岁高中生内娱主舞的舞台掌控力丨8.16双机位4k精剪,Kismet丨杨博文,2026-08-16 22:13:05,236145.0,26672.0,13320.0,18632.0,3873.0,9356.0,11025.0,231.0,
2026-08-23 13:30:09,https://www.bilibili.com/video/BV1Rib96EE3F/?spm_id_from=333.1387.favlist.content.click&vd_source=406d0cf895bedbdc58a3d0130d55e34c,6,BV1Rib96EE3F,260816 【杨博文】春雪  竖屏4k直拍,meetsummer丨杨博文,2026-08-17 01:54:42,37773.0,8246.0,3370.0,4527.0,1503.0,717.0,721.0,13.0,
2026-08-23 13:30:09,https://www.bilibili.com/video/BV18jgg6BEAd/?spm_id_from=333.1387.favlist.content.click&vd_source=406d0cf895bedbdc58a3d0130d55e34c,7,BV18jgg6BEAd,【4K精剪】摇曳！摇曳！ | 杨博文直拍 | 260813 & 260814,underthepoplar,2026-08-15 13:26:46,65186.0,9637.0,7004.0,6375.0,2530.0,450.0,1104.0,16.0,
2026-08-23 13:30:09,https://www.bilibili.com/video/BV1A5vkB2E1k/?spm_id_from=333.1387.favlist.content.click&vd_source=406d0cf895bedbdc58a3d0130d55e34c,8,BV1A5vkB2E1k,【杨博文】Hey Mama六机位纯舞直拍丨15岁舞台统治者的诞生，四代主舞燃炸全场！,Kismet丨杨博文,2025-12-28 22:28:16,2807621.0,65540.0,45803.0,47943.0,27511.0,13661.0,22001.0,2.0,
2026-08-23 13:30:09,https://www.bilibili.com/video/BV1mJ64BREZY/?spm_id_from=333.337.search-card.all.click&vd_source=406d0cf895bedbdc58a3d0130d55e34c,9,BV1mJ64BREZY,【杨博文】闭嘴跳舞丨当主舞穿上西装就会得到,Kismet丨杨博文,2026-02-01 18:31:00,622043.0,35174.0,4037.0,25449.0,8600.0,447.0,654.0,1.0,
2026-08-23 13:30:09,BV1Qu816ZEoy,10,BV1Qu816ZEoy,测试用，勿点，谢谢,猫球不是毛球啊,2026-08-22 16:55:19,164.0,2.0,0.0,0.0,0.0,0.0,0.0,1.0,
2026-08-23 13:30:09,BV1Vd8B65EkU,11,BV1Vd8B65EkU,0822.3,dddddash6,2026-08-21 21:49:36,113.0,0.0,0.0,1.0,0.0,0.0,0.0,1.0,
2026-08-23 13:30:09,BV1fT8S61Ejo,12,BV1fT8S61Ejo,十一（23）,爱动手的法学生,2026-08-22 23:46:38,71.0,0.0,0.0,0.0,0.0,0.0,0.0,1.0,
2026-08-23 13:30:09,BV1bf816sE8P,13,BV1bf816sE8P,自测，误点,橙子小姐_sheep,2026-08-22 14:38:54,157.0,0.0,0.0,2.0,0.0,0.0,0.0,1.0,
2026-08-23 13:30:09,BV1Te8K6uEJt,14,BV1Te8K6uEJt,勿进勿进勿进！自测 安卓0821,cannndy_,2026-08-21 08:57:55,113.0,0.0,0.0,1.0,0.0,0.0,0.0,1.0,
2026-08-23 13:30:09,BV1au816oEjs,15,BV1au816oEjs,手机自测,熙熙哈哈oO,2026-08-22 16:55:10,51.0,0.0,0.0,0.0,0.0,0.0,0.0,1.0,
2026-08-23 13:30:09,BV1qw816eE1d,16,BV1qw816eE1d,8.22 自测视频 勿点,dgsaydhakjdhjk,2026-08-22 16:56:23,296.0,0.0,0.0,0.0,0.0,0.0,0.0,1.0,
2026-08-23 13:30:09,BV1ci8163ECY,17,BV1ci8163ECY,自测勿点,不完美是常态_,2026-08-22 15:39:32,45.0,0.0,0.0,0.0,0.0,0.0,0.0,1.0,
2026-08-23 13:30:09,BV1dw816YEau,18,BV1dw816YEau,测试（勿点）,低能量地活着,2026-08-22 16:59:54,27.0,0.0,0.0,0.0,0.0,0.0,0.0,1.0,
2026-08-23 13:30:09,BV1jg8S6yEuV,19,BV1jg8S6yEuV,自测视频,only筱筱,2026-08-22 23:58:01,97.0,1.0,0.0,0.0,0.0,0.0,0.0,1.0,
2026-08-23 13:30:09,BV1z6816qEbo,20,BV1z6816qEbo,自用,dddii点点,2026-08-22 16:38:15,200.0,1.0,0.0,0.0,0.0,0.0,0.0,1.0,
2026-08-23 13:30:09,BV1eM8168E9p,21,BV1eM8168E9p,自测勿点！！！！,dd鱿鱼须,2026-08-22 16:39:08,127.0,0.0,0.0,1.0,0.0,0.0,0.0,1.0,
2026-08-23 13:30:09,BV14i8M61EdN,22,BV14i8M61EdN,sz,我素质低你让让我,2026-08-21 12:22:44,117.0,0.0,0.0,0.0,0.0,0.0,0.0,1.0,
2026-08-23 13:30:09,BV12A826QEK4,23,BV12A826QEK4,自测 禁点,哈哈哈哈哈11_,2026-08-22 15:15:37,33.0,0.0,0.0,0.0,0.0,0.0,0.0,1.0,
2026-08-23 13:30:09,BV1St8S6wE33,24,BV1St8S6wE33,自测哦,半夏哒哒哒,2026-08-23 00:18:35,57.0,0.0,0.0,0.0,0.0,0.0,0.0,1.0,
2026-08-23 13:30:09,BV1bwbh65Eh7,25,BV1bwbh65Eh7,自测视频！勿点0817,摸鱼堡成员,2026-08-17 09:36:15,118.0,1.0,0.0,0.0,0.0,0.0,0.0,1.0,
2026-08-23 13:30:09,BV15B8r6WEQ3,26,BV15B8r6WEQ3,8.22自测勿点,刘海打歪了,2026-08-22 09:19:46,53.0,0.0,0.0,0.0,0.0,0.0,0.0,1.0,
2026-08-23 13:30:09,BV1ET8S62EvB,27,BV1ET8S62EvB,【牛小Bala】视频已打包，欢迎围观！,牛小Bala,2026-08-22 23:47:03,45.0,0.0,0.0,0.0,0.0,0.0,0.0,1.0,
2026-08-23 13:30:09,BV1kS8y6kEA8,28,BV1kS8y6kEA8,自测 勿点,MENYAOOO,2026-08-22 18:41:15,94.0,0.0,0.0,0.0,0.0,0.0,0.0,1.0,
2026-08-23 13:30:09,BV1pX8y66ELf,29,BV1pX8y66ELf,自测请勿点击,风枷锁,2026-08-22 18:47:46,133.0,1.0,0.0,1.0,0.0,0.0,0.0,1.0,
2026-08-23 13:30:09,BV1uz8y6JEAr,30,BV1uz8y6JEAr,【起司不是qs】第一支视频求三连！,起司不是qs,2026-08-22 18:20:23,60.0,0.0,0.0,0.0,0.0,0.0,0.0,1.0,
2026-08-23 13:30:09,BV1mx8m6REbb,31,BV1mx8m6REbb,自测,甜奶味羊咩,2026-08-22 20:49:17,40.0,0.0,0.0,0.0,0.0,0.0,0.0,1.0,
2026-08-23 13:30:09,BV1du8S65E6x,32,BV1du8S65E6x,测测测,羊咩_0601,2026-08-23 00:02:02,53.0,0.0,0.0,0.0,0.0,0.0,0.0,1.0,
2026-08-23 13:30:09,BV1hn8m6FEcd,33,BV1hn8m6FEcd,自测勿点,哇哦哦噢噢噢哦,2026-08-22 21:06:21,31.0,0.0,0.0,0.0,0.0,0.0,0.0,1.0,
2026-08-23 13:30:09,BV1DE8m68E2D,34,BV1DE8m68E2D,自测勿点,半柚奶序,2026-08-22 21:10:31,83.0,2.0,0.0,1.0,0.0,0.0,0.0,1.0,
2026-08-23 13:30:09,BV1jM8m6MEoA,35,BV1jM8m6MEoA,自测，勿点进,Camellia不是cc,2026-08-22 20:29:58,9.0,0.0,0.0,1.0,0.0,0.0,0.0,1.0,
2026-08-23 13:30:09,BV1gE8m6hEJ2,36,BV1gE8m6hEJ2,自测勿点,萌羊叫眠羊,2026-08-22 21:11:17,5.0,0.0,0.0,0.0,0.0,0.0,0.0,1.0,
2026-08-23 13:30:09,BV15V8S6kEYA,37,BV15V8S6kEYA,自测,kuaiqushuijiaoba,2026-08-22 23:32:08,10.0,0.0,0.0,0.0,0.0,0.0,0.0,1.0,
2026-08-23 13:30:09,BV1vG8S6VEgc,38,BV1vG8S6VEgc,8.23自测,萌是天生命TvT,2026-08-22 23:34:07,103.0,0.0,0.0,1.0,0.0,0.0,0.0,1.0,
2026-08-23 13:30:09,BV1Zg8S6CEu5,39,BV1Zg8S6CEu5,自测勿点3,北纬咩雪刊,2026-08-22 23:54:46,56.0,0.0,0.0,0.0,0.0,0.0,0.0,1.0,
2026-08-23 13:30:09,BV1s8BvBPEN5,40,BV1s8BvBPEN5,【杨博文｜4K舞台直拍】好运来祝你好运来～博文宝宝祝你新年好运来,关键时刻来瓶尖叫,2025-12-27 00:43:12,1915337.0,35020.0,17109.0,32447.0,19589.0,4336.0,4873.0,1.0,
2026-08-23 13:30:09,BV1XA6nBGEPV,41,BV1XA6nBGEPV,【4K精剪】希区考克 作品152 | 杨博文直拍 | 260131,underthepoplar,2026-02-01 00:23:17,1945315.0,24056.0,22487.0,20172.0,19010.0,4020.0,6937.0,1.0,
2026-08-23 14:00:00,https://www.bilibili.com/video/BV1GdgW6JEe9/?spm_id_from=333.1387.favlist.content.click&vd_source=406d0cf895bedbdc58a3d0130d55e34c,0,BV1GdgW6JEe9,【杨博文｜4k直拍】Whiplash 双日直拍混剪,关键时刻来瓶尖叫,2026-08-13 23:45:41,207403.0,27432.0,22515.0,20986.0,6629.0,4607.0,7990.0,27.0,
2026-08-23 14:00:00,https://www.bilibili.com/video/BV1W5gs6KEhr/?spm_id_from=333.1387.favlist.content.click&vd_source=406d0cf895bedbdc58a3d0130d55e34c,1,BV1W5gs6KEhr,【4K精剪】异常加载中 | 杨博文直拍 | 260813,underthepoplar,2026-08-13 22:44:57,176055.0,22887.0,15615.0,16925.0,5944.0,7318.0,8498.0,20.0,
2026-08-23 14:00:00,https://www.bilibili.com/video/BV1VFbd6QEjw/spm_id_from=333.1387.favlist.content.click&vd_source=406d0cf895bedbdc58a3d0130d55e34c,2,BV1VFbd6QEjw,【杨博文｜4k直拍】管他什么音乐 直拍,关键时刻来瓶尖叫,2026-08-16 23:08:52,83631.0,5909.0,3486.0,4583.0,2339.0,559.0,483.0,16.0,
2026-08-23 14:00:00,https://www.bilibili.com/video/BV1xebR6zEkr/?spm_id_from=333.1387.favlist.content.click&vd_source=406d0cf895bedbdc58a3d0130d55e34c,3,BV1xebR6zEkr,【4K精剪】Attention | 杨博文直拍 | 260816,underthepoplar,2026-08-16 23:54:18,169561.0,15236.0,9809.0,12568.0,2796.0,1366.0,2377.0,39.0,
2026-08-23 14:00:00,https://www.bilibili.com/video/BV1s3gs6MEej/?spm_id_from=333.1387.favlist.content.click&vd_source=406d0cf895bedbdc58a3d0130d55e34c,4,BV1s3gs6MEej,【杨博文｜4k直拍】爱的初体验 直拍,关键时刻来瓶尖叫,2026-08-13 22:46:37,110988.0,12408.0,6646.0,9624.0,3129.0,518.0,2484.0,20.0,
2026-08-23 14:00:00,https://www.bilibili.com/video/BV1E2bR6hEJR/?spm_id_from=333.1387.favlist.content.click&vd_source=406d0cf895bedbdc58a3d0130d55e34c,5,BV1E2bR6hEJR,【杨博文】Attention丨直拍横屏丨16岁高中生内娱主舞的舞台掌控力丨8.16双机位4k精剪,Kismet丨杨博文,2026-08-16 22:13:05,236555.0,26717.0,13333.0,18661.0,3883.0,9360.0,11039.0,242.0,
2026-08-23 14:00:00,https://www.bilibili.com/video/BV1Rib96EE3F/?spm_id_from=333.1387.favlist.content.click&vd_source=406d0cf895bedbdc58a3d0130d55e34c,6,BV1Rib96EE3F,260816 【杨博文】春雪  竖屏4k直拍,meetsummer丨杨博文,2026-08-17 01:54:42,37909.0,8259.0,3372.0,4530.0,1513.0,717.0,721.0,13.0,
2026-08-23 14:00:00,https://www.bilibili.com/video/BV18jgg6BEAd/?spm_id_from=333.1387.favlist.content.click&vd_source=406d0cf895bedbdc58a3d0130d55e34c,7,BV18jgg6BEAd,【4K精剪】摇曳！摇曳！ | 杨博文直拍 | 260813 & 260814,underthepoplar,2026-08-15 13:26:46,65266.0,9646.0,7007.0,6381.0,2540.0,450.0,1105.0,21.0,
2026-08-23 14:00:00,https://www.bilibili.com/video/BV1A5vkB2E1k/?spm_id_from=333.1387.favlist.content.click&vd_source=406d0cf895bedbdc58a3d0130d55e34c,8,BV1A5vkB2E1k,【杨博文】Hey Mama六机位纯舞直拍丨15岁舞台统治者的诞生，四代主舞燃炸全场！,Kismet丨杨博文,2025-12-28 22:28:16,2807660.0,65541.0,45805.0,47945.0,27520.0,13661.0,22002.0,5.0,
2026-08-23 14:00:00,https://www.bilibili.com/video/BV1mJ64BREZY/?spm_id_from=333.337.search-card.all.click&vd_source=406d0cf895bedbdc58a3d0130d55e34c,9,BV1mJ64BREZY,【杨博文】闭嘴跳舞丨当主舞穿上西装就会得到,Kismet丨杨博文,2026-02-01 18:31:00,622045.0,35174.0,4037.0,25449.0,8600.0,447.0,654.0,1.0,
2026-08-23 14:00:00,BV1Qu816ZEoy,10,BV1Qu816ZEoy,测试用，勿点，谢谢,猫球不是毛球啊,2026-08-22 16:55:19,164.0,2.0,0.0,0.0,0.0,0.0,0.0,1.0,
2026-08-23 14:00:00,BV1Vd8B65EkU,11,BV1Vd8B65EkU,0822.3,dddddash6,2026-08-21 21:49:36,113.0,0.0,0.0,1.0,0.0,0.0,0.0,1.0,
2026-08-23 14:00:00,BV1fT8S61Ejo,12,BV1fT8S61Ejo,十一（23）,爱动手的法学生,2026-08-22 23:46:38,76.0,0.0,0.0,0.0,0.0,0.0,0.0,1.0,
2026-08-23 14:00:00,BV1bf816sE8P,13,BV1bf816sE8P,自测，误点,橙子小姐_sheep,2026-08-22 14:38:54,157.0,0.0,0.0,2.0,0.0,0.0,0.0,1.0,
2026-08-23 14:00:00,BV1Te8K6uEJt,14,BV1Te8K6uEJt,勿进勿进勿进！自测 安卓0821,cannndy_,2026-08-21 08:57:55,118.0,0.0,0.0,1.0,0.0,0.0,0.0,1.0,
2026-08-23 14:00:00,BV1au816oEjs,15,BV1au816oEjs,手机自测,熙熙哈哈oO,2026-08-22 16:55:10,51.0,0.0,0.0,0.0,0.0,0.0,0.0,1.0,
2026-08-23 14:00:00,BV1qw816eE1d,16,BV1qw816eE1d,8.22 自测视频 勿点,dgsaydhakjdhjk,2026-08-22 16:56:23,310.0,0.0,0.0,0.0,0.0,0.0,0.0,1.0,
2026-08-23 14:00:00,BV1ci8163ECY,17,BV1ci8163ECY,自测勿点,不完美是常态_,2026-08-22 15:39:32,45.0,0.0,0.0,0.0,0.0,0.0,0.0,1.0,
2026-08-23 14:00:00,BV1dw816YEau,18,BV1dw816YEau,测试（勿点）,低能量地活着,2026-08-22 16:59:54,27.0,0.0,0.0,0.0,0.0,0.0,0.0,1.0,
2026-08-23 14:00:00,BV1jg8S6yEuV,19,BV1jg8S6yEuV,自测视频,only筱筱,2026-08-22 23:58:01,99.0,1.0,0.0,0.0,0.0,0.0,0.0,1.0,
2026-08-23 14:00:00,BV1z6816qEbo,20,BV1z6816qEbo,自用,dddii点点,2026-08-22 16:38:15,205.0,1.0,0.0,0.0,0.0,0.0,0.0,1.0,
2026-08-23 14:00:00,BV1eM8168E9p,21,BV1eM8168E9p,自测勿点！！！！,dd鱿鱼须,2026-08-22 16:39:08,130.0,0.0,0.0,1.0,0.0,0.0,0.0,1.0,
2026-08-23 14:00:00,BV14i8M61EdN,22,BV14i8M61EdN,sz,我素质低你让让我,2026-08-21 12:22:44,117.0,0.0,0.0,0.0,0.0,0.0,0.0,1.0,
2026-08-23 14:00:00,BV12A826QEK4,23,BV12A826QEK4,自测 禁点,哈哈哈哈哈11_,2026-08-22 15:15:37,33.0,0.0,0.0,0.0,0.0,0.0,0.0,1.0,
2026-08-23 14:00:00,BV1St8S6wE33,24,BV1St8S6wE33,自测哦,半夏哒哒哒,2026-08-23 00:18:35,57.0,0.0,0.0,0.0,0.0,0.0,0.0,1.0,
2026-08-23 14:00:00,BV1bwbh65Eh7,25,BV1bwbh65Eh7,自测视频！勿点0817,摸鱼堡成员,2026-08-17 09:36:15,123.0,1.0,0.0,0.0,0.0,0.0,0.0,1.0,
2026-08-23 14:00:00,BV15B8r6WEQ3,26,BV15B8r6WEQ3,8.22自测勿点,刘海打歪了,2026-08-22 09:19:46,53.0,0.0,0.0,0.0,0.0,0.0,0.0,1.0,
2026-08-23 14:00:00,BV1ET8S62EvB,27,BV1ET8S62EvB,【牛小Bala】视频已打包，欢迎围观！,牛小Bala,2026-08-22 23:47:03,50.0,0.0,0.0,0.0,0.0,0.0,0.0,1.0,
2026-08-23 14:00:00,BV1kS8y6kEA8,28,BV1kS8y6kEA8,自测 勿点,MENYAOOO,2026-08-22 18:41:15,94.0,0.0,0.0,0.0,0.0,0.0,0.0,1.0,
2026-08-23 14:00:00,BV1pX8y66ELf,29,BV1pX8y66ELf,自测请勿点击,风枷锁,2026-08-22 18:47:46,138.0,1.0,0.0,1.0,0.0,0.0,0.0,1.0,
2026-08-23 14:00:00,BV1uz8y6JEAr,30,BV1uz8y6JEAr,【起司不是qs】第一支视频求三连！,起司不是qs,2026-08-22 18:20:23,60.0,0.0,0.0,0.0,0.0,0.0,0.0,1.0,
2026-08-23 14:00:00,BV1mx8m6REbb,31,BV1mx8m6REbb,自测,甜奶味羊咩,2026-08-22 20:49:17,42.0,0.0,0.0,0.0,0.0,0.0,0.0,1.0,
2026-08-23 14:00:00,BV1du8S65E6x,32,BV1du8S65E6x,测测测,羊咩_0601,2026-08-23 00:02:02,53.0,0.0,0.0,0.0,0.0,0.0,0.0,1.0,
2026-08-23 14:00:00,BV1hn8m6FEcd,33,BV1hn8m6FEcd,自测勿点,哇哦哦噢噢噢哦,2026-08-22 21:06:21,31.0,0.0,0.0,0.0,0.0,0.0,0.0,1.0,
2026-08-23 14:00:00,BV1DE8m68E2D,34,BV1DE8m68E2D,自测勿点,半柚奶序,2026-08-22 21:10:31,83.0,2.0,0.0,1.0,0.0,0.0,0.0,1.0,
2026-08-23 14:00:00,BV1jM8m6MEoA,35,BV1jM8m6MEoA,自测，勿点进,Camellia不是cc,2026-08-22 20:29:58,9.0,0.0,0.0,1.0,0.0,0.0,0.0,1.0,
2026-08-23 14:00:00,BV1gE8m6hEJ2,36,BV1gE8m6hEJ2,自测勿点,萌羊叫眠羊,2026-08-22 21:11:17,5.0,0.0,0.0,0.0,0.0,0.0,0.0,1.0,
2026-08-23 14:00:00,BV15V8S6kEYA,37,BV15V8S6kEYA,自测,kuaiqushuijiaoba,2026-08-22 23:32:08,10.0,0.0,0.0,0.0,0.0,0.0,0.0,1.0,
2026-08-23 14:00:00,BV1vG8S6VEgc,38,BV1vG8S6VEgc,8.23自测,萌是天生命TvT,2026-08-22 23:34:07,103.0,0.0,0.0,1.0,0.0,0.0,0.0,1.0,
2026-08-23 14:00:00,BV1Zg8S6CEu5,39,BV1Zg8S6CEu5,自测勿点3,北纬咩雪刊,2026-08-22 23:54:46,56.0,0.0,0.0,0.0,0.0,0.0,0.0,1.0,
2026-08-23 14:00:00,BV1s8BvBPEN5,40,BV1s8BvBPEN5,【杨博文｜4K舞台直拍】好运来祝你好运来～博文宝宝祝你新年好运来,关键时刻来瓶尖叫,2025-12-27 00:43:12,1915346.0,35020.0,17109.0,32447.0,19589.0,4336.0,4873.0,1.0,
2026-08-23 14:00:00,BV1XA6nBGEPV,41,BV1XA6nBGEPV,【4K精剪】希区考克 作品152 | 杨博文直拍 | 260131,underthepoplar,2026-02-01 00:23:17,1945324.0,24056.0,22487.0,20172.0,19010.0,4020.0,6937.0,1.0,
2026-08-23 14:30:02,https://www.bilibili.com/video/BV1GdgW6JEe9/?spm_id_from=333.1387.favlist.content.click&vd_source=406d0cf895bedbdc58a3d0130d55e34c,0,BV1GdgW6JEe9,【杨博文｜4k直拍】Whiplash 双日直拍混剪,关键时刻来瓶尖叫,2026-08-13 23:45:41,207702.0,27450.0,22519.0,20999.0,6632.0,4608.0,7990.0,40.0,
2026-08-23 14:30:02,https://www.bilibili.com/video/BV1W5gs6KEhr/?spm_id_from=333.1387.favlist.content.click&vd_source=406d0cf895bedbdc58a3d0130d55e34c,1,BV1W5gs6KEhr,【4K精剪】异常加载中 | 杨博文直拍 | 260813,underthepoplar,2026-08-13 22:44:57,176234.0,22898.0,15623.0,16943.0,5946.0,7318.0,8498.0,31.0,
2026-08-23 14:30:02,https://www.bilibili.com/video/BV1VFbd6QEjw/spm_id_from=333.1387.favlist.content.click&vd_source=406d0cf895bedbdc58a3d0130d55e34c,2,BV1VFbd6QEjw,【杨博文｜4k直拍】管他什么音乐 直拍,关键时刻来瓶尖叫,2026-08-16 23:08:52,83699.0,5916.0,3488.0,4588.0,2341.0,559.0,483.0,17.0,
2026-08-23 14:30:02,https://www.bilibili.com/video/BV1xebR6zEkr/?spm_id_from=333.1387.favlist.content.click&vd_source=406d0cf895bedbdc58a3d0130d55e34c,3,BV1xebR6zEkr,【4K精剪】Attention | 杨博文直拍 | 260816,underthepoplar,2026-08-16 23:54:18,169860.0,15255.0,9818.0,12595.0,2798.0,1366.0,2377.0,52.0,
2026-08-23 14:30:02,https://www.bilibili.com/video/BV1s3gs6MEej/?spm_id_from=333.1387.favlist.content.click&vd_source=406d0cf895bedbdc58a3d0130d55e34c,4,BV1s3gs6MEej,【杨博文｜4k直拍】爱的初体验 直拍,关键时刻来瓶尖叫,2026-08-13 22:46:37,111134.0,12417.0,6646.0,9631.0,3131.0,518.0,2484.0,22.0,
2026-08-23 14:30:02,https://www.bilibili.com/video/BV1E2bR6hEJR/?spm_id_from=333.1387.favlist.content.click&vd_source=406d0cf895bedbdc58a3d0130d55e34c,5,BV1E2bR6hEJR,【杨博文】Attention丨直拍横屏丨16岁高中生内娱主舞的舞台掌控力丨8.16双机位4k精剪,Kismet丨杨博文,2026-08-16 22:13:05,237003.0,26753.0,13343.0,18685.0,3891.0,9364.0,11064.0,249.0,
2026-08-23 14:30:02,https://www.bilibili.com/video/BV1Rib96EE3F/?spm_id_from=333.1387.favlist.content.click&vd_source=406d0cf895bedbdc58a3d0130d55e34c,6,BV1Rib96EE3F,260816 【杨博文】春雪  竖屏4k直拍,meetsummer丨杨博文,2026-08-17 01:54:42,38022.0,8277.0,3373.0,4537.0,1515.0,717.0,722.0,16.0,
2026-08-23 14:30:02,https://www.bilibili.com/video/BV18jgg6BEAd/?spm_id_from=333.1387.favlist.content.click&vd_source=406d0cf895bedbdc58a3d0130d55e34c,7,BV18jgg6BEAd,【4K精剪】摇曳！摇曳！ | 杨博文直拍 | 260813 & 260814,underthepoplar,2026-08-15 13:26:46,65351.0,9665.0,7013.0,6393.0,2542.0,450.0,1106.0,24.0,
2026-08-23 14:30:02,https://www.bilibili.com/video/BV1A5vkB2E1k/?spm_id_from=333.1387.favlist.content.click&vd_source=406d0cf895bedbdc58a3d0130d55e34c,8,BV1A5vkB2E1k,【杨博文】Hey Mama六机位纯舞直拍丨15岁舞台统治者的诞生，四代主舞燃炸全场！,Kismet丨杨博文,2025-12-28 22:28:16,2807712.0,65544.0,45805.0,47946.0,27522.0,13661.0,22003.0,3.0,
2026-08-23 14:30:02,https://www.bilibili.com/video/BV1mJ64BREZY/?spm_id_from=333.337.search-card.all.click&vd_source=406d0cf895bedbdc58a3d0130d55e34c,9,BV1mJ64BREZY,【杨博文】闭嘴跳舞丨当主舞穿上西装就会得到,Kismet丨杨博文,2026-02-01 18:31:00,622047.0,35174.0,4037.0,25449.0,8600.0,447.0,654.0,1.0,
2026-08-23 14:30:02,BV1Qu816ZEoy,10,BV1Qu816ZEoy,测试用，勿点，谢谢,猫球不是毛球啊,2026-08-22 16:55:19,164.0,2.0,0.0,0.0,0.0,0.0,0.0,1.0,
2026-08-23 14:30:02,BV1Vd8B65EkU,11,BV1Vd8B65EkU,0822.3,dddddash6,2026-08-21 21:49:36,113.0,0.0,0.0,1.0,0.0,0.0,0.0,1.0,
2026-08-23 14:30:02,BV1fT8S61Ejo,12,BV1fT8S61Ejo,十一（23）,爱动手的法学生,2026-08-22 23:46:38,81.0,0.0,0.0,0.0,0.0,0.0,0.0,1.0,
2026-08-23 14:30:02,BV1bf816sE8P,13,BV1bf816sE8P,自测，误点,橙子小姐_sheep,2026-08-22 14:38:54,157.0,0.0,0.0,2.0,0.0,0.0,0.0,1.0,
2026-08-23 14:30:02,BV1Te8K6uEJt,14,BV1Te8K6uEJt,勿进勿进勿进！自测 安卓0821,cannndy_,2026-08-21 08:57:55,122.0,0.0,0.0,1.0,0.0,0.0,0.0,1.0,
2026-08-23 14:30:02,BV1au816oEjs,15,BV1au816oEjs,手机自测,熙熙哈哈oO,2026-08-22 16:55:10,51.0,0.0,0.0,0.0,0.0,0.0,0.0,1.0,
2026-08-23 14:30:02,BV1qw816eE1d,16,BV1qw816eE1d,8.22 自测视频 勿点,dgsaydhakjdhjk,2026-08-22 16:56:23,323.0,0.0,0.0,0.0,0.0,0.0,0.0,1.0,
2026-08-23 14:30:02,BV1ci8163ECY,17,BV1ci8163ECY,自测勿点,不完美是常态_,2026-08-22 15:39:32,45.0,0.0,0.0,0.0,0.0,0.0,0.0,1.0,
2026-08-23 14:30:02,BV1dw816YEau,18,BV1dw816YEau,测试（勿点）,低能量地活着,2026-08-22 16:59:54,27.0,0.0,0.0,0.0,0.0,0.0,0.0,1.0,
2026-08-23 14:30:02,BV1jg8S6yEuV,19,BV1jg8S6yEuV,自测视频,only筱筱,2026-08-22 23:58:01,106.0,1.0,0.0,0.0,0.0,0.0,0.0,1.0,
2026-08-23 14:30:02,BV1z6816qEbo,20,BV1z6816qEbo,自用,dddii点点,2026-08-22 16:38:15,211.0,1.0,0.0,0.0,0.0,0.0,0.0,1.0,
2026-08-23 14:30:02,BV1eM8168E9p,21,BV1eM8168E9p,自测勿点！！！！,dd鱿鱼须,2026-08-22 16:39:08,130.0,0.0,0.0,1.0,0.0,0.0,0.0,1.0,
2026-08-23 14:30:02,BV14i8M61EdN,22,BV14i8M61EdN,sz,我素质低你让让我,2026-08-21 12:22:44,117.0,0.0,0.0,0.0,0.0,0.0,0.0,1.0,
2026-08-23 14:30:02,BV12A826QEK4,23,BV12A826QEK4,自测 禁点,哈哈哈哈哈11_,2026-08-22 15:15:37,34.0,0.0,0.0,0.0,0.0,0.0,0.0,1.0,
2026-08-23 14:30:02,BV1St8S6wE33,24,BV1St8S6wE33,自测哦,半夏哒哒哒,2026-08-23 00:18:35,57.0,0.0,0.0,0.0,0.0,0.0,0.0,1.0,
2026-08-23 14:30:02,BV1bwbh65Eh7,25,BV1bwbh65Eh7,自测视频！勿点0817,摸鱼堡成员,2026-08-17 09:36:15,128.0,1.0,0.0,0.0,0.0,0.0,0.0,1.0,
2026-08-23 14:30:02,BV15B8r6WEQ3,26,BV15B8r6WEQ3,8.22自测勿点,刘海打歪了,2026-08-22 09:19:46,53.0,0.0,0.0,0.0,0.0,0.0,0.0,1.0,
2026-08-23 14:30:02,BV1ET8S62EvB,27,BV1ET8S62EvB,【牛小Bala】视频已打包，欢迎围观！,牛小Bala,2026-08-22 23:47:03,50.0,0.0,0.0,0.0,0.0,0.0,0.0,1.0,
2026-08-23 14:30:02,BV1kS8y6kEA8,28,BV1kS8y6kEA8,自测 勿点,MENYAOOO,2026-08-22 18:41:15,98.0,0.0,0.0,0.0,0.0,0.0,0.0,1.0,
2026-08-23 14:30:02,BV1pX8y66ELf,29,BV1pX8y66ELf,自测请勿点击,风枷锁,2026-08-22 18:47:46,142.0,1.0,0.0,1.0,0.0,0.0,0.0,1.0,
2026-08-23 14:30:02,BV1uz8y6JEAr,30,BV1uz8y6JEAr,【起司不是qs】第一支视频求三连！,起司不是qs,2026-08-22 18:20:23,60.0,0.0,0.0,0.0,0.0,0.0,0.0,1.0,
2026-08-23 14:30:02,BV1mx8m6REbb,31,BV1mx8m6REbb,自测,甜奶味羊咩,2026-08-22 20:49:17,42.0,0.0,0.0,0.0,0.0,0.0,0.0,1.0,
2026-08-23 14:30:02,BV1du8S65E6x,32,BV1du8S65E6x,测测测,羊咩_0601,2026-08-23 00:02:02,53.0,0.0,0.0,0.0,0.0,0.0,0.0,1.0,
2026-08-23 14:30:02,BV1hn8m6FEcd,33,BV1hn8m6FEcd,自测勿点,哇哦哦噢噢噢哦,2026-08-22 21:06:21,31.0,0.0,0.0,0.0,0.0,0.0,0.0,1.0,
2026-08-23 14:30:02,BV1DE8m68E2D,34,BV1DE8m68E2D,自测勿点,半柚奶序,2026-08-22 21:10:31,83.0,2.0,0.0,1.0,0.0,0.0,0.0,1.0,
2026-08-23 14:30:02,BV1jM8m6MEoA,35,BV1jM8m6MEoA,自测，勿点进,Camellia不是cc,2026-08-22 20:29:58,9.0,0.0,0.0,1.0,0.0,0.0,0.0,1.0,
2026-08-23 14:30:02,BV1gE8m6hEJ2,36,BV1gE8m6hEJ2,自测勿点,萌羊叫眠羊,2026-08-22 21:11:17,5.0,0.0,0.0,0.0,0.0,0.0,0.0,1.0,
2026-08-23 14:30:02,BV15V8S6kEYA,37,BV15V8S6kEYA,自测,kuaiqushuijiaoba,2026-08-22 23:32:08,10.0,0.0,0.0,0.0,0.0,0.0,0.0,1.0,
2026-08-23 14:30:02,BV1vG8S6VEgc,38,BV1vG8S6VEgc,8.23自测,萌是天生命TvT,2026-08-22 23:34:07,103.0,0.0,0.0,1.0,0.0,0.0,0.0,1.0,
2026-08-23 14:30:02,BV1Zg8S6CEu5,39,BV1Zg8S6CEu5,自测勿点3,北纬咩雪刊,2026-08-22 23:54:46,56.0,0.0,0.0,0.0,0.0,0.0,0.0,1.0,
2026-08-23 14:30:02,BV1s8BvBPEN5,40,BV1s8BvBPEN5,【杨博文｜4K舞台直拍】好运来祝你好运来～博文宝宝祝你新年好运来,关键时刻来瓶尖叫,2025-12-27 00:43:12,1915348.0,35020.0,17109.0,32447.0,19589.0,4336.0,4873.0,1.0,
2026-08-23 14:30:02,BV1XA6nBGEPV,41,BV1XA6nBGEPV,【4K精剪】希区考克 作品152 | 杨博文直拍 | 260131,underthepoplar,2026-02-01 00:23:17,1945330.0,24056.0,22487.0,20172.0,19010.0,4020.0,6937.0,1.0,
2026-08-23 15:00:03,https://www.bilibili.com/video/BV1GdgW6JEe9/?spm_id_from=333.1387.favlist.content.click&vd_source=406d0cf895bedbdc58a3d0130d55e34c,0,BV1GdgW6JEe9,【杨博文｜4k直拍】Whiplash 双日直拍混剪,关键时刻来瓶尖叫,2026-08-13 23:45:41,207984.0,27462.0,22529.0,21011.0,6632.0,4608.0,7990.0,37.0,
2026-08-23 15:00:03,https://www.bilibili.com/video/BV1W5gs6KEhr/?spm_id_from=333.1387.favlist.content.click&vd_source=406d0cf895bedbdc58a3d0130d55e34c,1,BV1W5gs6KEhr,【4K精剪】异常加载中 | 杨博文直拍 | 260813,underthepoplar,2026-08-13 22:44:57,176406.0,22907.0,15626.0,16954.0,5946.0,7318.0,8499.0,28.0,
2026-08-23 15:00:03,https://www.bilibili.com/video/BV1VFbd6QEjw/spm_id_from=333.1387.favlist.content.click&vd_source=406d0cf895bedbdc58a3d0130d55e34c,2,BV1VFbd6QEjw,【杨博文｜4k直拍】管他什么音乐 直拍,关键时刻来瓶尖叫,2026-08-16 23:08:52,83754.0,5923.0,3492.0,4592.0,2341.0,560.0,484.0,22.0,
2026-08-23 15:00:03,https://www.bilibili.com/video/BV1xebR6zEkr/?spm_id_from=333.1387.favlist.content.click&vd_source=406d0cf895bedbdc58a3d0130d55e34c,3,BV1xebR6zEkr,【4K精剪】Attention | 杨博文直拍 | 260816,underthepoplar,2026-08-16 23:54:18,170171.0,15279.0,9839.0,12616.0,2799.0,1368.0,2377.0,44.0,
2026-08-23 15:00:03,https://www.bilibili.com/video/BV1s3gs6MEej/?spm_id_from=333.1387.favlist.content.click&vd_source=406d0cf895bedbdc58a3d0130d55e34c,4,BV1s3gs6MEej,【杨博文｜4k直拍】爱的初体验 直拍,关键时刻来瓶尖叫,2026-08-13 22:46:37,111257.0,12421.0,6648.0,9636.0,3131.0,518.0,2484.0,23.0,
2026-08-23 15:00:03,https://www.bilibili.com/video/BV1E2bR6hEJR/?spm_id_from=333.1387.favlist.content.click&vd_source=406d0cf895bedbdc58a3d0130d55e34c,5,BV1E2bR6hEJR,【杨博文】Attention丨直拍横屏丨16岁高中生内娱主舞的舞台掌控力丨8.16双机位4k精剪,Kismet丨杨博文,2026-08-16 22:13:05,237403.0,26790.0,13362.0,18717.0,3892.0,9365.0,11072.0,254.0,
2026-08-23 15:00:03,https://www.bilibili.com/video/BV1Rib96EE3F/?spm_id_from=333.1387.favlist.content.click&vd_source=406d0cf895bedbdc58a3d0130d55e34c,6,BV1Rib96EE3F,260816 【杨博文】春雪  竖屏4k直拍,meetsummer丨杨博文,2026-08-17 01:54:42,38127.0,8293.0,3377.0,4544.0,1515.0,717.0,722.0,14.0,
2026-08-23 15:00:03,https://www.bilibili.com/video/BV18jgg6BEAd/?spm_id_from=333.1387.favlist.content.click&vd_source=406d0cf895bedbdc58a3d0130d55e34c,7,BV18jgg6BEAd,【4K精剪】摇曳！摇曳！ | 杨博文直拍 | 260813 & 260814,underthepoplar,2026-08-15 13:26:46,65447.0,9677.0,7026.0,6403.0,2542.0,450.0,1106.0,22.0,
2026-08-23 15:00:03,https://www.bilibili.com/video/BV1A5vkB2E1k/?spm_id_from=333.1387.favlist.content.click&vd_source=406d0cf895bedbdc58a3d0130d55e34c,8,BV1A5vkB2E1k,【杨博文】Hey Mama六机位纯舞直拍丨15岁舞台统治者的诞生，四代主舞燃炸全场！,Kismet丨杨博文,2025-12-28 22:28:16,2807748.0,65547.0,45805.0,47948.0,27522.0,13661.0,22003.0,2.0,
2026-08-23 15:00:03,https://www.bilibili.com/video/BV1mJ64BREZY/?spm_id_from=333.337.search-card.all.click&vd_source=406d0cf895bedbdc58a3d0130d55e34c,9,BV1mJ64BREZY,【杨博文】闭嘴跳舞丨当主舞穿上西装就会得到,Kismet丨杨博文,2026-02-01 18:31:00,622053.0,35174.0,4037.0,25449.0,8600.0,447.0,654.0,1.0,
2026-08-23 15:00:03,BV1Qu816ZEoy,10,BV1Qu816ZEoy,测试用，勿点，谢谢,猫球不是毛球啊,2026-08-22 16:55:19,164.0,2.0,0.0,0.0,0.0,0.0,0.0,1.0,
2026-08-23 15:00:03,BV1Vd8B65EkU,11,BV1Vd8B65EkU,0822.3,dddddash6,2026-08-21 21:49:36,113.0,0.0,0.0,1.0,0.0,0.0,0.0,1.0,
2026-08-23 15:00:03,BV1fT8S61Ejo,12,BV1fT8S61Ejo,十一（23）,爱动手的法学生,2026-08-22 23:46:38,86.0,0.0,0.0,0.0,0.0,0.0,0.0,1.0,
2026-08-23 15:00:03,BV1bf816sE8P,13,BV1bf816sE8P,自测，误点,橙子小姐_sheep,2026-08-22 14:38:54,157.0,0.0,0.0,2.0,0.0,0.0,0.0,1.0,
2026-08-23 15:00:03,BV1Te8K6uEJt,14,BV1Te8K6uEJt,勿进勿进勿进！自测 安卓0821,cannndy_,2026-08-21 08:57:55,127.0,0.0,0.0,1.0,0.0,0.0,0.0,1.0,
2026-08-23 15:00:03,BV1au816oEjs,15,BV1au816oEjs,手机自测,熙熙哈哈oO,2026-08-22 16:55:10,51.0,0.0,0.0,0.0,0.0,0.0,0.0,1.0,
2026-08-23 15:00:03,BV1qw816eE1d,16,BV1qw816eE1d,8.22 自测视频 勿点,dgsaydhakjdhjk,2026-08-22 16:56:23,332.0,0.0,0.0,0.0,0.0,0.0,0.0,1.0,
2026-08-23 15:00:03,BV1ci8163ECY,17,BV1ci8163ECY,自测勿点,不完美是常态_,2026-08-22 15:39:32,50.0,0.0,0.0,0.0,0.0,0.0,0.0,1.0,
2026-08-23 15:00:03,BV1dw816YEau,18,BV1dw816YEau,测试（勿点）,低能量地活着,2026-08-22 16:59:54,27.0,0.0,0.0,0.0,0.0,0.0,0.0,1.0,
2026-08-23 15:00:03,BV1jg8S6yEuV,19,BV1jg8S6yEuV,自测视频,only筱筱,2026-08-22 23:58:01,125.0,1.0,0.0,0.0,0.0,0.0,0.0,1.0,
2026-08-23 15:00:03,BV1z6816qEbo,20,BV1z6816qEbo,自用,dddii点点,2026-08-22 16:38:15,216.0,1.0,0.0,0.0,0.0,0.0,0.0,1.0,
2026-08-23 15:00:03,BV1eM8168E9p,21,BV1eM8168E9p,自测勿点！！！！,dd鱿鱼须,2026-08-22 16:39:08,130.0,0.0,0.0,1.0,0.0,0.0,0.0,1.0,
2026-08-23 15:00:03,BV14i8M61EdN,22,BV14i8M61EdN,sz,我素质低你让让我,2026-08-21 12:22:44,117.0,0.0,0.0,0.0,0.0,0.0,0.0,1.0,
2026-08-23 15:00:03,BV12A826QEK4,23,BV12A826QEK4,自测 禁点,哈哈哈哈哈11_,2026-08-22 15:15:37,34.0,0.0,0.0,0.0,0.0,0.0,0.0,1.0,
2026-08-23 15:00:03,BV1St8S6wE33,24,BV1St8S6wE33,自测哦,半夏哒哒哒,2026-08-23 00:18:35,57.0,0.0,0.0,0.0,0.0,0.0,0.0,1.0,
2026-08-23 15:00:03,BV1bwbh65Eh7,25,BV1bwbh65Eh7,自测视频！勿点0817,摸鱼堡成员,2026-08-17 09:36:15,132.0,1.0,0.0,0.0,0.0,0.0,0.0,1.0,
2026-08-23 15:00:03,BV15B8r6WEQ3,26,BV15B8r6WEQ3,8.22自测勿点,刘海打歪了,2026-08-22 09:19:46,53.0,0.0,0.0,0.0,0.0,0.0,0.0,1.0,
2026-08-23 15:00:03,BV1ET8S62EvB,27,BV1ET8S62EvB,【牛小Bala】视频已打包，欢迎围观！,牛小Bala,2026-08-22 23:47:03,50.0,0.0,0.0,0.0,0.0,0.0,0.0,1.0,
2026-08-23 15:00:03,BV1kS8y6kEA8,28,BV1kS8y6kEA8,自测 勿点,MENYAOOO,2026-08-22 18:41:15,103.0,0.0,0.0,0.0,0.0,0.0,0.0,1.0,
2026-08-23 15:00:03,BV1pX8y66ELf,29,BV1pX8y66ELf,自测请勿点击,风枷锁,2026-08-22 18:47:46,142.0,1.0,0.0,1.0,0.0,0.0,0.0,1.0,
2026-08-23 15:00:03,BV1uz8y6JEAr,30,BV1uz8y6JEAr,【起司不是qs】第一支视频求三连！,起司不是qs,2026-08-22 18:20:23,61.0,0.0,0.0,0.0,0.0,0.0,0.0,1.0,
2026-08-23 15:00:03,BV1mx8m6REbb,31,BV1mx8m6REbb,自测,甜奶味羊咩,2026-08-22 20:49:17,42.0,0.0,0.0,0.0,0.0,0.0,0.0,1.0,
2026-08-23 15:00:03,BV1du8S65E6x,32,BV1du8S65E6x,测测测,羊咩_0601,2026-08-23 00:02:02,53.0,0.0,0.0,0.0,0.0,0.0,0.0,1.0,
2026-08-23 15:00:03,BV1hn8m6FEcd,33,BV1hn8m6FEcd,自测勿点,哇哦哦噢噢噢哦,2026-08-22 21:06:21,31.0,0.0,0.0,0.0,0.0,0.0,0.0,1.0,
2026-08-23 15:00:03,BV1DE8m68E2D,34,BV1DE8m68E2D,自测勿点,半柚奶序,2026-08-22 21:10:31,83.0,2.0,0.0,1.0,0.0,0.0,0.0,1.0,
2026-08-23 15:00:03,BV1jM8m6MEoA,35,BV1jM8m6MEoA,自测，勿点进,Camellia不是cc,2026-08-22 20:29:58,9.0,0.0,0.0,1.0,0.0,0.0,0.0,1.0,
2026-08-23 15:00:03,BV1gE8m6hEJ2,36,BV1gE8m6hEJ2,自测勿点,萌羊叫眠羊,2026-08-22 21:11:17,5.0,0.0,0.0,0.0,0.0,0.0,0.0,1.0,
2026-08-23 15:00:03,BV15V8S6kEYA,37,BV15V8S6kEYA,自测,kuaiqushuijiaoba,2026-08-22 23:32:08,10.0,0.0,0.0,0.0,0.0,0.0,0.0,1.0,
2026-08-23 15:00:03,BV1vG8S6VEgc,38,BV1vG8S6VEgc,8.23自测,萌是天生命TvT,2026-08-22 23:34:07,107.0,0.0,0.0,1.0,0.0,0.0,0.0,1.0,
2026-08-23 15:00:03,BV1Zg8S6CEu5,39,BV1Zg8S6CEu5,自测勿点3,北纬咩雪刊,2026-08-22 23:54:46,56.0,0.0,0.0,0.0,0.0,0.0,0.0,1.0,
2026-08-23 15:00:03,BV1s8BvBPEN5,40,BV1s8BvBPEN5,【杨博文｜4K舞台直拍】好运来祝你好运来～博文宝宝祝你新年好运来,关键时刻来瓶尖叫,2025-12-27 00:43:12,1915362.0,35020.0,17109.0,32448.0,19589.0,4336.0,4873.0,1.0,
2026-08-23 15:00:03,BV1XA6nBGEPV,41,BV1XA6nBGEPV,【4K精剪】希区考克 作品152 | 杨博文直拍 | 260131,underthepoplar,2026-02-01 00:23:17,1945337.0,24056.0,22487.0,20174.0,19010.0,4020.0,6937.0,1.0,
2026-08-23 15:30:04,https://www.bilibili.com/video/BV1GdgW6JEe9/?spm_id_from=333.1387.favlist.content.click&vd_source=406d0cf895bedbdc58a3d0130d55e34c,0,BV1GdgW6JEe9,【杨博文｜4k直拍】Whiplash 双日直拍混剪,关键时刻来瓶尖叫,2026-08-13 23:45:41,208287.0,27476.0,22536.0,21029.0,6639.0,4613.0,7990.0,38.0,
2026-08-23 15:30:04,https://www.bilibili.com/video/BV1W5gs6KEhr/?spm_id_from=333.1387.favlist.content.click&vd_source=406d0cf895bedbdc58a3d0130d55e34c,1,BV1W5gs6KEhr,【4K精剪】异常加载中 | 杨博文直拍 | 260813,underthepoplar,2026-08-13 22:44:57,176591.0,22916.0,15633.0,16966.0,5952.0,7318.0,8499.0,32.0,
2026-08-23 15:30:04,https://www.bilibili.com/video/BV1VFbd6QEjw/spm_id_from=333.1387.favlist.content.click&vd_source=406d0cf895bedbdc58a3d0130d55e34c,2,BV1VFbd6QEjw,【杨博文｜4k直拍】管他什么音乐 直拍,关键时刻来瓶尖叫,2026-08-16 23:08:52,83819.0,5927.0,3496.0,4595.0,2347.0,560.0,484.0,19.0,
2026-08-23 15:30:04,https://www.bilibili.com/video/BV1xebR6zEkr/?spm_id_from=333.1387.favlist.content.click&vd_source=406d0cf895bedbdc58a3d0130d55e34c,3,BV1xebR6zEkr,【4K精剪】Attention | 杨博文直拍 | 260816,underthepoplar,2026-08-16 23:54:18,170448.0,15296.0,9850.0,12634.0,2805.0,1368.0,2378.0,38.0,
2026-08-23 15:30:04,https://www.bilibili.com/video/BV1s3gs6MEej/?spm_id_from=333.1387.favlist.content.click&vd_source=406d0cf895bedbdc58a3d0130d55e34c,4,BV1s3gs6MEej,【杨博文｜4k直拍】爱的初体验 直拍,关键时刻来瓶尖叫,2026-08-13 22:46:37,111383.0,12424.0,6650.0,9640.0,3136.0,518.0,2484.0,19.0,
2026-08-23 15:30:04,https://www.bilibili.com/video/BV1E2bR6hEJR/?spm_id_from=333.1387.favlist.content.click&vd_source=406d0cf895bedbdc58a3d0130d55e34c,5,BV1E2bR6hEJR,【杨博文】Attention丨直拍横屏丨16岁高中生内娱主舞的舞台掌控力丨8.16双机位4k精剪,Kismet丨杨博文,2026-08-16 22:13:05,237839.0,26833.0,13379.0,18756.0,3904.0,9368.0,11087.0,241.0,
2026-08-23 15:30:04,https://www.bilibili.com/video/BV1Rib96EE3F/?spm_id_from=333.1387.favlist.content.click&vd_source=406d0cf895bedbdc58a3d0130d55e34c,6,BV1Rib96EE3F,260816 【杨博文】春雪  竖屏4k直拍,meetsummer丨杨博文,2026-08-17 01:54:42,38244.0,8308.0,3381.0,4547.0,1522.0,717.0,722.0,12.0,
2026-08-23 15:30:04,https://www.bilibili.com/video/BV18jgg6BEAd/?spm_id_from=333.1387.favlist.content.click&vd_source=406d0cf895bedbdc58a3d0130d55e34c,7,BV18jgg6BEAd,【4K精剪】摇曳！摇曳！ | 杨博文直拍 | 260813 & 260814,underthepoplar,2026-08-15 13:26:46,65524.0,9683.0,7030.0,6405.0,2548.0,450.0,1106.0,22.0,
2026-08-23 15:30:04,https://www.bilibili.com/video/BV1A5vkB2E1k/?spm_id_from=333.1387.favlist.content.click&vd_source=406d0cf895bedbdc58a3d0130d55e34c,8,BV1A5vkB2E1k,【杨博文】Hey Mama六机位纯舞直拍丨15岁舞台统治者的诞生，四代主舞燃炸全场！,Kismet丨杨博文,2025-12-28 22:28:16,2807778.0,65551.0,45809.0,47948.0,27527.0,13661.0,22003.0,1.0,
2026-08-23 15:30:04,https://www.bilibili.com/video/BV1mJ64BREZY/?spm_id_from=333.337.search-card.all.click&vd_source=406d0cf895bedbdc58a3d0130d55e34c,9,BV1mJ64BREZY,【杨博文】闭嘴跳舞丨当主舞穿上西装就会得到,Kismet丨杨博文,2026-02-01 18:31:00,622056.0,35174.0,4037.0,25448.0,8600.0,447.0,654.0,1.0,
2026-08-23 15:30:04,BV1Qu816ZEoy,10,BV1Qu816ZEoy,测试用，勿点，谢谢,猫球不是毛球啊,2026-08-22 16:55:19,164.0,2.0,0.0,0.0,0.0,0.0,0.0,1.0,
2026-08-23 15:30:04,BV1Vd8B65EkU,11,BV1Vd8B65EkU,0822.3,dddddash6,2026-08-21 21:49:36,113.0,0.0,0.0,1.0,0.0,0.0,0.0,1.0,
2026-08-23 15:30:04,BV1fT8S61Ejo,12,BV1fT8S61Ejo,十一（23）,爱动手的法学生,2026-08-22 23:46:38,91.0,0.0,0.0,0.0,0.0,0.0,0.0,1.0,
2026-08-23 15:30:04,BV1bf816sE8P,13,BV1bf816sE8P,自测，误点,橙子小姐_sheep,2026-08-22 14:38:54,157.0,0.0,0.0,2.0,0.0,0.0,0.0,1.0,
2026-08-23 15:30:04,BV1Te8K6uEJt,14,BV1Te8K6uEJt,勿进勿进勿进！自测 安卓0821,cannndy_,2026-08-21 08:57:55,131.0,0.0,0.0,1.0,0.0,0.0,0.0,1.0,
2026-08-23 15:30:04,BV1au816oEjs,15,BV1au816oEjs,手机自测,熙熙哈哈oO,2026-08-22 16:55:10,54.0,0.0,0.0,0.0,0.0,0.0,0.0,1.0,
2026-08-23 15:30:04,BV1qw816eE1d,16,BV1qw816eE1d,8.22 自测视频 勿点,dgsaydhakjdhjk,2026-08-22 16:56:23,336.0,0.0,0.0,0.0,0.0,0.0,0.0,1.0,
2026-08-23 15:30:04,BV1ci8163ECY,17,BV1ci8163ECY,自测勿点,不完美是常态_,2026-08-22 15:39:32,50.0,0.0,0.0,0.0,0.0,0.0,0.0,1.0,
2026-08-23 15:30:04,BV1dw816YEau,18,BV1dw816YEau,测试（勿点）,低能量地活着,2026-08-22 16:59:54,27.0,0.0,0.0,0.0,0.0,0.0,0.0,1.0,
2026-08-23 15:30:04,BV1jg8S6yEuV,19,BV1jg8S6yEuV,自测视频,only筱筱,2026-08-22 23:58:01,131.0,1.0,0.0,0.0,0.0,0.0,0.0,1.0,
2026-08-23 15:30:04,BV1z6816qEbo,20,BV1z6816qEbo,自用,dddii点点,2026-08-22 16:38:15,220.0,1.0,0.0,0.0,0.0,0.0,0.0,1.0,
2026-08-23 15:30:04,BV1eM8168E9p,21,BV1eM8168E9p,自测勿点！！！！,dd鱿鱼须,2026-08-22 16:39:08,131.0,0.0,0.0,1.0,0.0,0.0,0.0,1.0,
2026-08-23 15:30:04,BV14i8M61EdN,22,BV14i8M61EdN,sz,我素质低你让让我,2026-08-21 12:22:44,117.0,0.0,0.0,0.0,0.0,0.0,0.0,1.0,
2026-08-23 15:30:04,BV12A826QEK4,23,BV12A826QEK4,自测 禁点,哈哈哈哈哈11_,2026-08-22 15:15:37,34.0,0.0,0.0,0.0,0.0,0.0,0.0,1.0,
2026-08-23 15:30:04,BV1St8S6wE33,24,BV1St8S6wE33,自测哦,半夏哒哒哒,2026-08-23 00:18:35,57.0,0.0,0.0,0.0,0.0,0.0,0.0,1.0,
2026-08-23 15:30:04,BV1bwbh65Eh7,25,BV1bwbh65Eh7,自测视频！勿点0817,摸鱼堡成员,2026-08-17 09:36:15,135.0,1.0,0.0,0.0,0.0,0.0,0.0,1.0,
2026-08-23 15:30:04,BV15B8r6WEQ3,26,BV15B8r6WEQ3,8.22自测勿点,刘海打歪了,2026-08-22 09:19:46,53.0,0.0,0.0,0.0,0.0,0.0,0.0,1.0,
2026-08-23 15:30:04,BV1ET8S62EvB,27,BV1ET8S62EvB,【牛小Bala】视频已打包，欢迎围观！,牛小Bala,2026-08-22 23:47:03,55.0,0.0,0.0,0.0,0.0,0.0,0.0,1.0,
2026-08-23 15:30:04,BV1kS8y6kEA8,28,BV1kS8y6kEA8,自测 勿点,MENYAOOO,2026-08-22 18:41:15,107.0,0.0,0.0,0.0,0.0,0.0,0.0,1.0,
2026-08-23 15:30:04,BV1pX8y66ELf,29,BV1pX8y66ELf,自测请勿点击,风枷锁,2026-08-22 18:47:46,142.0,1.0,0.0,1.0,0.0,0.0,0.0,1.0,
2026-08-23 15:30:04,BV1uz8y6JEAr,30,BV1uz8y6JEAr,【起司不是qs】第一支视频求三连！,起司不是qs,2026-08-22 18:20:23,61.0,0.0,0.0,0.0,0.0,0.0,0.0,1.0,
2026-08-23 15:30:04,BV1mx8m6REbb,31,BV1mx8m6REbb,自测,甜奶味羊咩,2026-08-22 20:49:17,42.0,0.0,0.0,0.0,0.0,0.0,0.0,1.0,
2026-08-23 15:30:04,BV1du8S65E6x,32,BV1du8S65E6x,测测测,羊咩_0601,2026-08-23 00:02:02,53.0,0.0,0.0,0.0,0.0,0.0,0.0,1.0,
2026-08-23 15:30:04,BV1hn8m6FEcd,33,BV1hn8m6FEcd,自测勿点,哇哦哦噢噢噢哦,2026-08-22 21:06:21,31.0,0.0,0.0,0.0,0.0,0.0,0.0,1.0,
2026-08-23 15:30:04,BV1DE8m68E2D,34,BV1DE8m68E2D,自测勿点,半柚奶序,2026-08-22 21:10:31,83.0,2.0,0.0,1.0,0.0,0.0,0.0,1.0,
2026-08-23 15:30:04,BV1jM8m6MEoA,35,BV1jM8m6MEoA,自测，勿点进,Camellia不是cc,2026-08-22 20:29:58,9.0,0.0,0.0,1.0,0.0,0.0,0.0,1.0,
2026-08-23 15:30:04,BV1gE8m6hEJ2,36,BV1gE8m6hEJ2,自测勿点,萌羊叫眠羊,2026-08-22 21:11:17,5.0,0.0,0.0,0.0,0.0,0.0,0.0,1.0,
2026-08-23 15:30:04,BV15V8S6kEYA,37,BV15V8S6kEYA,自测,kuaiqushuijiaoba,2026-08-22 23:32:08,10.0,0.0,0.0,0.0,0.0,0.0,0.0,1.0,
2026-08-23 15:30:04,BV1vG8S6VEgc,38,BV1vG8S6VEgc,8.23自测,萌是天生命TvT,2026-08-22 23:34:07,107.0,0.0,0.0,1.0,0.0,0.0,0.0,1.0,
2026-08-23 15:30:04,BV1Zg8S6CEu5,39,BV1Zg8S6CEu5,自测勿点3,北纬咩雪刊,2026-08-22 23:54:46,56.0,0.0,0.0,0.0,0.0,0.0,0.0,1.0,
2026-08-23 15:30:04,BV1s8BvBPEN5,40,BV1s8BvBPEN5,【杨博文｜4K舞台直拍】好运来祝你好运来～博文宝宝祝你新年好运来,关键时刻来瓶尖叫,2025-12-27 00:43:12,1915370.0,35021.0,17111.0,32447.0,19589.0,4336.0,4873.0,1.0,
2026-08-23 15:30:04,BV1XA6nBGEPV,41,BV1XA6nBGEPV,【4K精剪】希区考克 作品152 | 杨博文直拍 | 260131,underthepoplar,2026-02-01 00:23:17,1945343.0,24057.0,22489.0,20174.0,19010.0,4020.0,6937.0,1.0,
2026-08-23 16:00:06,https://www.bilibili.com/video/BV1GdgW6JEe9/?spm_id_from=333.1387.favlist.content.click&vd_source=406d0cf895bedbdc58a3d0130d55e34c,0,BV1GdgW6JEe9,【杨博文｜4k直拍】Whiplash 双日直拍混剪,关键时刻来瓶尖叫,2026-08-13 23:45:41,208560.0,27490.0,22539.0,21045.0,6655.0,4630.0,8045.0,35.0,
2026-08-23 16:00:06,https://www.bilibili.com/video/BV1W5gs6KEhr/?spm_id_from=333.1387.favlist.content.click&vd_source=406d0cf895bedbdc58a3d0130d55e34c,1,BV1W5gs6KEhr,【4K精剪】异常加载中 | 杨博文直拍 | 260813,underthepoplar,2026-08-13 22:44:57,176774.0,22927.0,15641.0,16978.0,5963.0,7318.0,8506.0,25.0,
2026-08-23 16:00:06,https://www.bilibili.com/video/BV1VFbd6QEjw/spm_id_from=333.1387.favlist.content.click&vd_source=406d0cf895bedbdc58a3d0130d55e34c,2,BV1VFbd6QEjw,【杨博文｜4k直拍】管他什么音乐 直拍,关键时刻来瓶尖叫,2026-08-16 23:08:52,83878.0,5932.0,3496.0,4600.0,2357.0,560.0,484.0,14.0,
2026-08-23 16:00:06,https://www.bilibili.com/video/BV1xebR6zEkr/?spm_id_from=333.1387.favlist.content.click&vd_source=406d0cf895bedbdc58a3d0130d55e34c,3,BV1xebR6zEkr,【4K精剪】Attention | 杨博文直拍 | 260816,underthepoplar,2026-08-16 23:54:18,170759.0,15323.0,9861.0,12658.0,2815.0,1368.0,2378.0,43.0,
2026-08-23 16:00:06,https://www.bilibili.com/video/BV1s3gs6MEej/?spm_id_from=333.1387.favlist.content.click&vd_source=406d0cf895bedbdc58a3d0130d55e34c,4,BV1s3gs6MEej,【杨博文｜4k直拍】爱的初体验 直拍,关键时刻来瓶尖叫,2026-08-13 22:46:37,111533.0,12434.0,6650.0,9646.0,3148.0,518.0,2486.0,22.0,
2026-08-23 16:00:06,https://www.bilibili.com/video/BV1E2bR6hEJR/?spm_id_from=333.1387.favlist.content.click&vd_source=406d0cf895bedbdc58a3d0130d55e34c,5,BV1E2bR6hEJR,【杨博文】Attention丨直拍横屏丨16岁高中生内娱主舞的舞台掌控力丨8.16双机位4k精剪,Kismet丨杨博文,2026-08-16 22:13:05,238259.0,26865.0,13392.0,18792.0,3917.0,9371.0,11132.0,247.0,
2026-08-23 16:00:06,https://www.bilibili.com/video/BV1Rib96EE3F/?spm_id_from=333.1387.favlist.content.click&vd_source=406d0cf895bedbdc58a3d0130d55e34c,6,BV1Rib96EE3F,260816 【杨博文】春雪  竖屏4k直拍,meetsummer丨杨博文,2026-08-17 01:54:42,38372.0,8324.0,3383.0,4554.0,1532.0,717.0,722.0,10.0,
2026-08-23 16:00:06,https://www.bilibili.com/video/BV18jgg6BEAd/?spm_id_from=333.1387.favlist.content.click&vd_source=406d0cf895bedbdc58a3d0130d55e34c,7,BV18jgg6BEAd,【4K精剪】摇曳！摇曳！ | 杨博文直拍 | 260813 & 260814,underthepoplar,2026-08-15 13:26:46,65602.0,9691.0,7037.0,6415.0,2558.0,454.0,1106.0,23.0,
2026-08-23 16:00:06,https://www.bilibili.com/video/BV1A5vkB2E1k/?spm_id_from=333.1387.favlist.content.click&vd_source=406d0cf895bedbdc58a3d0130d55e34c,8,BV1A5vkB2E1k,【杨博文】Hey Mama六机位纯舞直拍丨15岁舞台统治者的诞生，四代主舞燃炸全场！,Kismet丨杨博文,2025-12-28 22:28:16,2807807.0,65553.0,45810.0,47947.0,27537.0,13661.0,22004.0,1.0,
2026-08-23 16:00:06,https://www.bilibili.com/video/BV1mJ64BREZY/?spm_id_from=333.337.search-card.all.click&vd_source=406d0cf895bedbdc58a3d0130d55e34c,9,BV1mJ64BREZY,【杨博文】闭嘴跳舞丨当主舞穿上西装就会得到,Kismet丨杨博文,2026-02-01 18:31:00,622056.0,35174.0,4037.0,25447.0,8600.0,447.0,654.0,1.0,
2026-08-23 16:00:06,BV1Qu816ZEoy,10,BV1Qu816ZEoy,测试用，勿点，谢谢,猫球不是毛球啊,2026-08-22 16:55:19,164.0,2.0,0.0,0.0,0.0,0.0,0.0,1.0,
2026-08-23 16:00:06,BV1Vd8B65EkU,11,BV1Vd8B65EkU,0822.3,dddddash6,2026-08-21 21:49:36,113.0,0.0,0.0,1.0,0.0,0.0,0.0,1.0,
2026-08-23 16:00:06,BV1fT8S61Ejo,12,BV1fT8S61Ejo,十一（23）,爱动手的法学生,2026-08-22 23:46:38,96.0,0.0,0.0,0.0,0.0,0.0,0.0,1.0,
2026-08-23 16:00:06,BV1bf816sE8P,13,BV1bf816sE8P,自测，误点,橙子小姐_sheep,2026-08-22 14:38:54,157.0,0.0,0.0,2.0,0.0,0.0,0.0,1.0,
2026-08-23 16:00:06,BV1Te8K6uEJt,14,BV1Te8K6uEJt,勿进勿进勿进！自测 安卓0821,cannndy_,2026-08-21 08:57:55,136.0,0.0,0.0,1.0,0.0,0.0,0.0,1.0,
2026-08-23 16:00:06,BV1au816oEjs,15,BV1au816oEjs,手机自测,熙熙哈哈oO,2026-08-22 16:55:10,59.0,0.0,0.0,0.0,0.0,0.0,0.0,1.0,
2026-08-23 16:00:06,BV1qw816eE1d,16,BV1qw816eE1d,8.22 自测视频 勿点,dgsaydhakjdhjk,2026-08-22 16:56:23,338.0,0.0,0.0,0.0,0.0,0.0,0.0,1.0,
2026-08-23 16:00:06,BV1ci8163ECY,17,BV1ci8163ECY,自测勿点,不完美是常态_,2026-08-22 15:39:32,50.0,0.0,0.0,0.0,0.0,0.0,0.0,1.0,
2026-08-23 16:00:06,BV1dw816YEau,18,BV1dw816YEau,测试（勿点）,低能量地活着,2026-08-22 16:59:54,27.0,0.0,0.0,0.0,0.0,0.0,0.0,1.0,
2026-08-23 16:00:06,BV1jg8S6yEuV,19,BV1jg8S6yEuV,自测视频,only筱筱,2026-08-22 23:58:01,137.0,1.0,0.0,0.0,0.0,0.0,0.0,1.0,
2026-08-23 16:00:06,BV1z6816qEbo,20,BV1z6816qEbo,自用,dddii点点,2026-08-22 16:38:15,228.0,1.0,0.0,0.0,0.0,0.0,0.0,1.0,
2026-08-23 16:00:06,BV1eM8168E9p,21,BV1eM8168E9p,自测勿点！！！！,dd鱿鱼须,2026-08-22 16:39:08,137.0,0.0,0.0,1.0,0.0,0.0,0.0,1.0,
2026-08-23 16:00:06,BV14i8M61EdN,22,BV14i8M61EdN,sz,我素质低你让让我,2026-08-21 12:22:44,117.0,0.0,0.0,0.0,0.0,0.0,0.0,1.0,
2026-08-23 16:00:06,BV12A826QEK4,23,BV12A826QEK4,自测 禁点,哈哈哈哈哈11_,2026-08-22 15:15:37,34.0,0.0,0.0,0.0,0.0,0.0,0.0,1.0,
2026-08-23 16:00:06,BV1St8S6wE33,24,BV1St8S6wE33,自测哦,半夏哒哒哒,2026-08-23 00:18:35,57.0,0.0,0.0,0.0,0.0,0.0,0.0,1.0,
2026-08-23 16:00:06,BV1bwbh65Eh7,25,BV1bwbh65Eh7,自测视频！勿点0817,摸鱼堡成员,2026-08-17 09:36:15,140.0,1.0,0.0,0.0,0.0,0.0,0.0,1.0,
2026-08-23 16:00:06,BV15B8r6WEQ3,26,BV15B8r6WEQ3,8.22自测勿点,刘海打歪了,2026-08-22 09:19:46,53.0,0.0,0.0,0.0,0.0,0.0,0.0,1.0,
2026-08-23 16:00:06,BV1ET8S62EvB,27,BV1ET8S62EvB,【牛小Bala】视频已打包，欢迎围观！,牛小Bala,2026-08-22 23:47:03,59.0,0.0,0.0,0.0,0.0,0.0,0.0,1.0,
2026-08-23 16:00:06,BV1kS8y6kEA8,28,BV1kS8y6kEA8,自测 勿点,MENYAOOO,2026-08-22 18:41:15,111.0,0.0,0.0,0.0,0.0,0.0,0.0,1.0,
2026-08-23 16:00:06,BV1pX8y66ELf,29,BV1pX8y66ELf,自测请勿点击,风枷锁,2026-08-22 18:47:46,142.0,1.0,0.0,1.0,0.0,0.0,0.0,1.0,
2026-08-23 16:00:06,BV1uz8y6JEAr,30,BV1uz8y6JEAr,【起司不是qs】第一支视频求三连！,起司不是qs,2026-08-22 18:20:23,61.0,0.0,0.0,0.0,0.0,0.0,0.0,1.0,
2026-08-23 16:00:06,BV1mx8m6REbb,31,BV1mx8m6REbb,自测,甜奶味羊咩,2026-08-22 20:49:17,42.0,0.0,0.0,0.0,0.0,0.0,0.0,1.0,
2026-08-23 16:00:06,BV1du8S65E6x,32,BV1du8S65E6x,测测测,羊咩_0601,2026-08-23 00:02:02,53.0,0.0,0.0,0.0,0.0,0.0,0.0,1.0,
2026-08-23 16:00:06,BV1hn8m6FEcd,33,BV1hn8m6FEcd,自测勿点,哇哦哦噢噢噢哦,2026-08-22 21:06:21,31.0,0.0,0.0,0.0,0.0,0.0,0.0,1.0,
2026-08-23 16:00:06,BV1DE8m68E2D,34,BV1DE8m68E2D,自测勿点,半柚奶序,2026-08-22 21:10:31,83.0,2.0,0.0,1.0,0.0,0.0,0.0,1.0,
2026-08-23 16:00:06,BV1jM8m6MEoA,35,BV1jM8m6MEoA,自测，勿点进,Camellia不是cc,2026-08-22 20:29:58,9.0,0.0,0.0,1.0,0.0,0.0,0.0,1.0,
2026-08-23 16:00:06,BV1gE8m6hEJ2,36,BV1gE8m6hEJ2,自测勿点,萌羊叫眠羊,2026-08-22 21:11:17,5.0,0.0,0.0,0.0,0.0,0.0,0.0,1.0,
2026-08-23 16:00:06,BV15V8S6kEYA,37,BV15V8S6kEYA,自测,kuaiqushuijiaoba,2026-08-22 23:32:08,10.0,0.0,0.0,0.0,0.0,0.0,0.0,1.0,
2026-08-23 16:00:06,BV1vG8S6VEgc,38,BV1vG8S6VEgc,8.23自测,萌是天生命TvT,2026-08-22 23:34:07,107.0,0.0,0.0,1.0,0.0,0.0,0.0,1.0,
2026-08-23 16:00:06,BV1Zg8S6CEu5,39,BV1Zg8S6CEu5,自测勿点3,北纬咩雪刊,2026-08-22 23:54:46,56.0,0.0,0.0,0.0,0.0,0.0,0.0,1.0,
2026-08-23 16:00:06,BV1s8BvBPEN5,40,BV1s8BvBPEN5,【杨博文｜4K舞台直拍】好运来祝你好运来～博文宝宝祝你新年好运来,关键时刻来瓶尖叫,2025-12-27 00:43:12,1915376.0,35021.0,17111.0,32446.0,19589.0,4336.0,4873.0,1.0,
2026-08-23 16:00:06,BV1XA6nBGEPV,41,BV1XA6nBGEPV,【4K精剪】希区考克 作品152 | 杨博文直拍 | 260131,underthepoplar,2026-02-01 00:23:17,1945349.0,24057.0,22489.0,20174.0,19010.0,4020.0,6937.0,1.0,
2026-08-23 16:30:07,https://www.bilibili.com/video/BV1GdgW6JEe9/?spm_id_from=333.1387.favlist.content.click&vd_source=406d0cf895bedbdc58a3d0130d55e34c,0,BV1GdgW6JEe9,【杨博文｜4k直拍】Whiplash 双日直拍混剪,关键时刻来瓶尖叫,2026-08-13 23:45:41,208889.0,27514.0,22552.0,21062.0,6663.0,4632.0,8051.0,30.0,
2026-08-23 16:30:07,https://www.bilibili.com/video/BV1W5gs6KEhr/?spm_id_from=333.1387.favlist.content.click&vd_source=406d0cf895bedbdc58a3d0130d55e34c,1,BV1W5gs6KEhr,【4K精剪】异常加载中 | 杨博文直拍 | 260813,underthepoplar,2026-08-13 22:44:57,176967.0,22938.0,15645.0,16991.0,5970.0,7318.0,8507.0,22.0,
2026-08-23 16:30:07,https://www.bilibili.com/video/BV1VFbd6QEjw/spm_id_from=333.1387.favlist.content.click&vd_source=406d0cf895bedbdc58a3d0130d55e34c,2,BV1VFbd6QEjw,【杨博文｜4k直拍】管他什么音乐 直拍,关键时刻来瓶尖叫,2026-08-16 23:08:52,83925.0,5937.0,3498.0,4600.0,2364.0,560.0,484.0,16.0,
2026-08-23 16:30:07,https://www.bilibili.com/video/BV1xebR6zEkr/?spm_id_from=333.1387.favlist.content.click&vd_source=406d0cf895bedbdc58a3d0130d55e34c,3,BV1xebR6zEkr,【4K精剪】Attention | 杨博文直拍 | 260816,underthepoplar,2026-08-16 23:54:18,171098.0,15360.0,9881.0,12691.0,2822.0,1369.0,2380.0,46.0,
2026-08-23 16:30:07,https://www.bilibili.com/video/BV1s3gs6MEej/?spm_id_from=333.1387.favlist.content.click&vd_source=406d0cf895bedbdc58a3d0130d55e34c,4,BV1s3gs6MEej,【杨博文｜4k直拍】爱的初体验 直拍,关键时刻来瓶尖叫,2026-08-13 22:46:37,111694.0,12439.0,6652.0,9651.0,3155.0,518.0,2487.0,22.0,
2026-08-23 16:30:07,https://www.bilibili.com/video/BV1E2bR6hEJR/?spm_id_from=333.1387.favlist.content.click&vd_source=406d0cf895bedbdc58a3d0130d55e34c,5,BV1E2bR6hEJR,【杨博文】Attention丨直拍横屏丨16岁高中生内娱主舞的舞台掌控力丨8.16双机位4k精剪,Kismet丨杨博文,2026-08-16 22:13:05,238732.0,26912.0,13417.0,18822.0,3926.0,9373.0,11151.0,254.0,
2026-08-23 16:30:07,https://www.bilibili.com/video/BV1Rib96EE3F/?spm_id_from=333.1387.favlist.content.click&vd_source=406d0cf895bedbdc58a3d0130d55e34c,6,BV1Rib96EE3F,260816 【杨博文】春雪  竖屏4k直拍,meetsummer丨杨博文,2026-08-17 01:54:42,38508.0,8337.0,3386.0,4557.0,1538.0,717.0,722.0,7.0,
2026-08-23 16:30:07,https://www.bilibili.com/video/BV18jgg6BEAd/?spm_id_from=333.1387.favlist.content.click&vd_source=406d0cf895bedbdc58a3d0130d55e34c,7,BV18jgg6BEAd,【4K精剪】摇曳！摇曳！ | 杨博文直拍 | 260813 & 260814,underthepoplar,2026-08-15 13:26:46,65691.0,9704.0,7043.0,6425.0,2564.0,454.0,1107.0,22.0,
2026-08-23 16:30:07,https://www.bilibili.com/video/BV1A5vkB2E1k/?spm_id_from=333.1387.favlist.content.click&vd_source=406d0cf895bedbdc58a3d0130d55e34c,8,BV1A5vkB2E1k,【杨博文】Hey Mama六机位纯舞直拍丨15岁舞台统治者的诞生，四代主舞燃炸全场！,Kismet丨杨博文,2025-12-28 22:28:16,2807847.0,65558.0,45813.0,47950.0,27543.0,13661.0,22004.0,1.0,
2026-08-23 16:30:07,https://www.bilibili.com/video/BV1mJ64BREZY/?spm_id_from=333.337.search-card.all.click&vd_source=406d0cf895bedbdc58a3d0130d55e34c,9,BV1mJ64BREZY,【杨博文】闭嘴跳舞丨当主舞穿上西装就会得到,Kismet丨杨博文,2026-02-01 18:31:00,622060.0,35174.0,4037.0,25447.0,8600.0,447.0,654.0,1.0,
2026-08-23 16:30:07,BV1Qu816ZEoy,10,BV1Qu816ZEoy,测试用，勿点，谢谢,猫球不是毛球啊,2026-08-22 16:55:19,165.0,2.0,0.0,0.0,0.0,0.0,0.0,1.0,
2026-08-23 16:30:07,BV1Vd8B65EkU,11,BV1Vd8B65EkU,0822.3,dddddash6,2026-08-21 21:49:36,113.0,0.0,0.0,1.0,0.0,0.0,0.0,1.0,
2026-08-23 16:30:07,BV1fT8S61Ejo,12,BV1fT8S61Ejo,十一（23）,爱动手的法学生,2026-08-22 23:46:38,102.0,0.0,0.0,0.0,0.0,0.0,0.0,1.0,
2026-08-23 16:30:07,BV1bf816sE8P,13,BV1bf816sE8P,自测，误点,橙子小姐_sheep,2026-08-22 14:38:54,157.0,0.0,0.0,2.0,0.0,0.0,0.0,1.0,
2026-08-23 16:30:07,BV1Te8K6uEJt,14,BV1Te8K6uEJt,勿进勿进勿进！自测 安卓0821,cannndy_,2026-08-21 08:57:55,138.0,0.0,0.0,1.0,0.0,0.0,0.0,1.0,
2026-08-23 16:30:07,BV1au816oEjs,15,BV1au816oEjs,手机自测,熙熙哈哈oO,2026-08-22 16:55:10,63.0,0.0,0.0,0.0,0.0,0.0,0.0,1.0,
2026-08-23 16:30:07,BV1qw816eE1d,16,BV1qw816eE1d,8.22 自测视频 勿点,dgsaydhakjdhjk,2026-08-22 16:56:23,338.0,0.0,0.0,0.0,0.0,0.0,0.0,1.0,
2026-08-23 16:30:07,BV1ci8163ECY,17,BV1ci8163ECY,自测勿点,不完美是常态_,2026-08-22 15:39:32,50.0,0.0,0.0,0.0,0.0,0.0,0.0,1.0,
2026-08-23 16:30:07,BV1dw816YEau,18,BV1dw816YEau,测试（勿点）,低能量地活着,2026-08-22 16:59:54,27.0,0.0,0.0,0.0,0.0,0.0,0.0,1.0,
2026-08-23 16:30:07,BV1jg8S6yEuV,19,BV1jg8S6yEuV,自测视频,only筱筱,2026-08-22 23:58:01,146.0,1.0,0.0,0.0,0.0,0.0,0.0,1.0,
2026-08-23 16:30:07,BV1z6816qEbo,20,BV1z6816qEbo,自用,dddii点点,2026-08-22 16:38:15,228.0,1.0,0.0,0.0,0.0,0.0,0.0,1.0,
2026-08-23 16:30:07,BV1eM8168E9p,21,BV1eM8168E9p,自测勿点！！！！,dd鱿鱼须,2026-08-22 16:39:08,142.0,0.0,0.0,1.0,0.0,0.0,0.0,1.0,
2026-08-23 16:30:07,BV14i8M61EdN,22,BV14i8M61EdN,sz,我素质低你让让我,2026-08-21 12:22:44,117.0,0.0,0.0,0.0,0.0,0.0,0.0,1.0,
2026-08-23 16:30:07,BV12A826QEK4,23,BV12A826QEK4,自测 禁点,哈哈哈哈哈11_,2026-08-22 15:15:37,35.0,0.0,0.0,0.0,0.0,0.0,0.0,1.0,
2026-08-23 16:30:07,BV1St8S6wE33,24,BV1St8S6wE33,自测哦,半夏哒哒哒,2026-08-23 00:18:35,57.0,0.0,0.0,0.0,0.0,0.0,0.0,1.0,
2026-08-23 16:30:07,BV1bwbh65Eh7,25,BV1bwbh65Eh7,自测视频！勿点0817,摸鱼堡成员,2026-08-17 09:36:15,144.0,1.0,0.0,0.0,0.0,0.0,0.0,1.0,
2026-08-23 16:30:07,BV15B8r6WEQ3,26,BV15B8r6WEQ3,8.22自测勿点,刘海打歪了,2026-08-22 09:19:46,53.0,0.0,0.0,0.0,0.0,0.0,0.0,1.0,
2026-08-23 16:30:07,BV1ET8S62EvB,27,BV1ET8S62EvB,【牛小Bala】视频已打包，欢迎围观！,牛小Bala,2026-08-22 23:47:03,64.0,0.0,0.0,0.0,0.0,0.0,0.0,1.0,
2026-08-23 16:30:07,BV1kS8y6kEA8,28,BV1kS8y6kEA8,自测 勿点,MENYAOOO,2026-08-22 18:41:15,115.0,0.0,0.0,0.0,0.0,0.0,0.0,1.0,
2026-08-23 16:30:07,BV1pX8y66ELf,29,BV1pX8y66ELf,自测请勿点击,风枷锁,2026-08-22 18:47:46,142.0,1.0,0.0,1.0,0.0,0.0,0.0,1.0,
2026-08-23 16:30:07,BV1uz8y6JEAr,30,BV1uz8y6JEAr,【起司不是qs】第一支视频求三连！,起司不是qs,2026-08-22 18:20:23,62.0,0.0,0.0,0.0,0.0,0.0,0.0,1.0,
2026-08-23 16:30:07,BV1mx8m6REbb,31,BV1mx8m6REbb,自测,甜奶味羊咩,2026-08-22 20:49:17,42.0,0.0,0.0,0.0,0.0,0.0,0.0,1.0,
2026-08-23 16:30:07,BV1du8S65E6x,32,BV1du8S65E6x,测测测,羊咩_0601,2026-08-23 00:02:02,53.0,0.0,0.0,0.0,0.0,0.0,0.0,1.0,
2026-08-23 16:30:07,BV1hn8m6FEcd,33,BV1hn8m6FEcd,自测勿点,哇哦哦噢噢噢哦,2026-08-22 21:06:21,31.0,0.0,0.0,0.0,0.0,0.0,0.0,1.0,
2026-08-23 16:30:07,BV1DE8m68E2D,34,BV1DE8m68E2D,自测勿点,半柚奶序,2026-08-22 21:10:31,83.0,2.0,0.0,1.0,0.0,0.0,0.0,1.0,
2026-08-23 16:30:07,BV1jM8m6MEoA,35,BV1jM8m6MEoA,自测，勿点进,Camellia不是cc,2026-08-22 20:29:58,9.0,0.0,0.0,1.0,0.0,0.0,0.0,1.0,
2026-08-23 16:30:07,BV1gE8m6hEJ2,36,BV1gE8m6hEJ2,自测勿点,萌羊叫眠羊,2026-08-22 21:11:17,5.0,0.0,0.0,0.0,0.0,0.0,0.0,1.0,
2026-08-23 16:30:07,BV15V8S6kEYA,37,BV15V8S6kEYA,自测,kuaiqushuijiaoba,2026-08-22 23:32:08,10.0,0.0,0.0,0.0,0.0,0.0,0.0,1.0,
2026-08-23 16:30:07,BV1vG8S6VEgc,38,BV1vG8S6VEgc,8.23自测,萌是天生命TvT,2026-08-22 23:34:07,111.0,0.0,0.0,1.0,0.0,0.0,0.0,1.0,
2026-08-23 16:30:07,BV1Zg8S6CEu5,39,BV1Zg8S6CEu5,自测勿点3,北纬咩雪刊,2026-08-22 23:54:46,56.0,0.0,0.0,0.0,0.0,0.0,0.0,1.0,
2026-08-23 16:30:07,BV1s8BvBPEN5,40,BV1s8BvBPEN5,【杨博文｜4K舞台直拍】好运来祝你好运来～博文宝宝祝你新年好运来,关键时刻来瓶尖叫,2025-12-27 00:43:12,1915383.0,35022.0,17111.0,32448.0,19589.0,4336.0,4873.0,1.0,
2026-08-23 16:30:07,BV1XA6nBGEPV,41,BV1XA6nBGEPV,【4K精剪】希区考克 作品152 | 杨博文直拍 | 260131,underthepoplar,2026-02-01 00:23:17,1945356.0,24057.0,22489.0,20173.0,19010.0,4020.0,6938.0,1.0,
2026-08-23 17:00:09,https://www.bilibili.com/video/BV1GdgW6JEe9/?spm_id_from=333.1387.favlist.content.click&vd_source=406d0cf895bedbdc58a3d0130d55e34c,0,BV1GdgW6JEe9,【杨博文｜4k直拍】Whiplash 双日直拍混剪,关键时刻来瓶尖叫,2026-08-13 23:45:41,209182.0,27533.0,22563.0,21078.0,6666.0,4632.0,8054.0,33.0,
2026-08-23 17:00:09,https://www.bilibili.com/video/BV1W5gs6KEhr/?spm_id_from=333.1387.favlist.content.click&vd_source=406d0cf895bedbdc58a3d0130d55e34c,1,BV1W5gs6KEhr,【4K精剪】异常加载中 | 杨博文直拍 | 260813,underthepoplar,2026-08-13 22:44:57,177161.0,22950.0,15655.0,17004.0,5974.0,7318.0,8507.0,21.0,
2026-08-23 17:00:09,https://www.bilibili.com/video/BV1VFbd6QEjw/spm_id_from=333.1387.favlist.content.click&vd_source=406d0cf895bedbdc58a3d0130d55e34c,2,BV1VFbd6QEjw,【杨博文｜4k直拍】管他什么音乐 直拍,关键时刻来瓶尖叫,2026-08-16 23:08:52,83983.0,5938.0,3498.0,4601.0,2367.0,560.0,484.0,15.0,
2026-08-23 17:00:09,https://www.bilibili.com/video/BV1xebR6zEkr/?spm_id_from=333.1387.favlist.content.click&vd_source=406d0cf895bedbdc58a3d0130d55e34c,3,BV1xebR6zEkr,【4K精剪】Attention | 杨博文直拍 | 260816,underthepoplar,2026-08-16 23:54:18,171408.0,15378.0,9891.0,12711.0,2827.0,1370.0,2382.0,30.0,
2026-08-23 17:00:09,https://www.bilibili.com/video/BV1s3gs6MEej/?spm_id_from=333.1387.favlist.content.click&vd_source=406d0cf895bedbdc58a3d0130d55e34c,4,BV1s3gs6MEej,【杨博文｜4k直拍】爱的初体验 直拍,关键时刻来瓶尖叫,2026-08-13 22:46:37,111831.0,12453.0,6659.0,9660.0,3158.0,518.0,2487.0,21.0,
2026-08-23 17:00:09,https://www.bilibili.com/video/BV1E2bR6hEJR/?spm_id_from=333.1387.favlist.content.click&vd_source=406d0cf895bedbdc58a3d0130d55e34c,5,BV1E2bR6hEJR,【杨博文】Attention丨直拍横屏丨16岁高中生内娱主舞的舞台掌控力丨8.16双机位4k精剪,Kismet丨杨博文,2026-08-16 22:13:05,239162.0,26947.0,13433.0,18844.0,3933.0,9373.0,11156.0,241.0,
2026-08-23 17:00:09,https://www.bilibili.com/video/BV1Rib96EE3F/?spm_id_from=333.1387.favlist.content.click&vd_source=406d0cf895bedbdc58a3d0130d55e34c,6,BV1Rib96EE3F,260816 【杨博文】春雪  竖屏4k直拍,meetsummer丨杨博文,2026-08-17 01:54:42,38624.0,8352.0,3390.0,4561.0,1542.0,717.0,722.0,3.0,
2026-08-23 17:00:09,https://www.bilibili.com/video/BV18jgg6BEAd/?spm_id_from=333.1387.favlist.content.click&vd_source=406d0cf895bedbdc58a3d0130d55e34c,7,BV18jgg6BEAd,【4K精剪】摇曳！摇曳！ | 杨博文直拍 | 260813 & 260814,underthepoplar,2026-08-15 13:26:46,65776.0,9709.0,7045.0,6425.0,2569.0,454.0,1107.0,14.0,
2026-08-23 17:00:09,https://www.bilibili.com/video/BV1A5vkB2E1k/?spm_id_from=333.1387.favlist.content.click&vd_source=406d0cf895bedbdc58a3d0130d55e34c,8,BV1A5vkB2E1k,【杨博文】Hey Mama六机位纯舞直拍丨15岁舞台统治者的诞生，四代主舞燃炸全场！,Kismet丨杨博文,2025-12-28 22:28:16,2807879.0,65560.0,45815.0,47952.0,27547.0,13661.0,22004.0,2.0,
2026-08-23 17:00:09,https://www.bilibili.com/video/BV1mJ64BREZY/?spm_id_from=333.337.search-card.all.click&vd_source=406d0cf895bedbdc58a3d0130d55e34c,9,BV1mJ64BREZY,【杨博文】闭嘴跳舞丨当主舞穿上西装就会得到,Kismet丨杨博文,2026-02-01 18:31:00,622064.0,35174.0,4037.0,25447.0,8600.0,447.0,654.0,1.0,
2026-08-23 17:00:09,BV1Qu816ZEoy,10,BV1Qu816ZEoy,测试用，勿点，谢谢,猫球不是毛球啊,2026-08-22 16:55:19,165.0,2.0,0.0,0.0,0.0,0.0,0.0,1.0,
2026-08-23 17:00:09,BV1Vd8B65EkU,11,BV1Vd8B65EkU,0822.3,dddddash6,2026-08-21 21:49:36,113.0,0.0,0.0,1.0,0.0,0.0,0.0,1.0,
2026-08-23 17:00:09,BV1fT8S61Ejo,12,BV1fT8S61Ejo,十一（23）,爱动手的法学生,2026-08-22 23:46:38,107.0,0.0,0.0,0.0,0.0,0.0,0.0,1.0,
2026-08-23 17:00:09,BV1bf816sE8P,13,BV1bf816sE8P,自测，误点,橙子小姐_sheep,2026-08-22 14:38:54,157.0,0.0,0.0,2.0,0.0,0.0,0.0,1.0,
2026-08-23 17:00:09,BV1Te8K6uEJt,14,BV1Te8K6uEJt,勿进勿进勿进！自测 安卓0821,cannndy_,2026-08-21 08:57:55,139.0,0.0,0.0,1.0,0.0,0.0,0.0,1.0,
2026-08-23 17:00:09,BV1au816oEjs,15,BV1au816oEjs,手机自测,熙熙哈哈oO,2026-08-22 16:55:10,68.0,0.0,0.0,0.0,0.0,0.0,0.0,1.0,
2026-08-23 17:00:09,BV1qw816eE1d,16,BV1qw816eE1d,8.22 自测视频 勿点,dgsaydhakjdhjk,2026-08-22 16:56:23,338.0,0.0,0.0,0.0,0.0,0.0,0.0,1.0,
2026-08-23 17:00:09,BV1ci8163ECY,17,BV1ci8163ECY,自测勿点,不完美是常态_,2026-08-22 15:39:32,50.0,0.0,0.0,0.0,0.0,0.0,0.0,1.0,
2026-08-23 17:00:09,BV1dw816YEau,18,BV1dw816YEau,测试（勿点）,低能量地活着,2026-08-22 16:59:54,27.0,0.0,0.0,0.0,0.0,0.0,0.0,1.0,
2026-08-23 17:00:09,BV1jg8S6yEuV,19,BV1jg8S6yEuV,自测视频,only筱筱,2026-08-22 23:58:01,156.0,1.0,0.0,0.0,0.0,0.0,0.0,1.0,
2026-08-23 17:00:09,BV1z6816qEbo,20,BV1z6816qEbo,自用,dddii点点,2026-08-22 16:38:15,228.0,1.0,0.0,0.0,0.0,0.0,0.0,1.0,
2026-08-23 17:00:09,BV1eM8168E9p,21,BV1eM8168E9p,自测勿点！！！！,dd鱿鱼须,2026-08-22 16:39:08,147.0,0.0,0.0,1.0,0.0,0.0,0.0,1.0,
2026-08-23 17:00:09,BV14i8M61EdN,22,BV14i8M61EdN,sz,我素质低你让让我,2026-08-21 12:22:44,117.0,0.0,0.0,0.0,0.0,0.0,0.0,1.0,
2026-08-23 17:00:09,BV12A826QEK4,23,BV12A826QEK4,自测 禁点,哈哈哈哈哈11_,2026-08-22 15:15:37,39.0,0.0,0.0,0.0,0.0,0.0,0.0,1.0,
2026-08-23 17:00:09,BV1St8S6wE33,24,BV1St8S6wE33,自测哦,半夏哒哒哒,2026-08-23 00:18:35,57.0,0.0,0.0,0.0,0.0,0.0,0.0,1.0,
2026-08-23 17:00:09,BV1bwbh65Eh7,25,BV1bwbh65Eh7,自测视频！勿点0817,摸鱼堡成员,2026-08-17 09:36:15,149.0,1.0,0.0,0.0,0.0,0.0,0.0,1.0,
2026-08-23 17:00:09,BV15B8r6WEQ3,26,BV15B8r6WEQ3,8.22自测勿点,刘海打歪了,2026-08-22 09:19:46,53.0,0.0,0.0,0.0,0.0,0.0,0.0,1.0,
2026-08-23 17:00:09,BV1ET8S62EvB,27,BV1ET8S62EvB,【牛小Bala】视频已打包，欢迎围观！,牛小Bala,2026-08-22 23:47:03,68.0,0.0,0.0,0.0,0.0,0.0,0.0,1.0,
2026-08-23 17:00:09,BV1kS8y6kEA8,28,BV1kS8y6kEA8,自测 勿点,MENYAOOO,2026-08-22 18:41:15,119.0,0.0,0.0,0.0,0.0,0.0,0.0,1.0,
2026-08-23 17:00:09,BV1pX8y66ELf,29,BV1pX8y66ELf,自测请勿点击,风枷锁,2026-08-22 18:47:46,142.0,1.0,0.0,1.0,0.0,0.0,0.0,1.0,
2026-08-23 17:00:09,BV1uz8y6JEAr,30,BV1uz8y6JEAr,【起司不是qs】第一支视频求三连！,起司不是qs,2026-08-22 18:20:23,62.0,0.0,0.0,0.0,0.0,0.0,0.0,1.0,
2026-08-23 17:00:09,BV1mx8m6REbb,31,BV1mx8m6REbb,自测,甜奶味羊咩,2026-08-22 20:49:17,42.0,0.0,0.0,0.0,0.0,0.0,0.0,1.0,
2026-08-23 17:00:09,BV1du8S65E6x,32,BV1du8S65E6x,测测测,羊咩_0601,2026-08-23 00:02:02,53.0,0.0,0.0,0.0,0.0,0.0,0.0,1.0,
2026-08-23 17:00:09,BV1hn8m6FEcd,33,BV1hn8m6FEcd,自测勿点,哇哦哦噢噢噢哦,2026-08-22 21:06:21,31.0,0.0,0.0,0.0,0.0,0.0,0.0,1.0,
2026-08-23 17:00:09,BV1DE8m68E2D,34,BV1DE8m68E2D,自测勿点,半柚奶序,2026-08-22 21:10:31,83.0,2.0,0.0,1.0,0.0,0.0,0.0,1.0,
2026-08-23 17:00:09,BV1jM8m6MEoA,35,BV1jM8m6MEoA,自测，勿点进,Camellia不是cc,2026-08-22 20:29:58,9.0,0.0,0.0,1.0,0.0,0.0,0.0,1.0,
2026-08-23 17:00:09,BV1gE8m6hEJ2,36,BV1gE8m6hEJ2,自测勿点,萌羊叫眠羊,2026-08-22 21:11:17,5.0,0.0,0.0,0.0,0.0,0.0,0.0,1.0,
2026-08-23 17:00:09,BV15V8S6kEYA,37,BV15V8S6kEYA,自测,kuaiqushuijiaoba,2026-08-22 23:32:08,10.0,0.0,0.0,0.0,0.0,0.0,0.0,1.0,
2026-08-23 17:00:09,BV1vG8S6VEgc,38,BV1vG8S6VEgc,8.23自测,萌是天生命TvT,2026-08-22 23:34:07,115.0,0.0,0.0,1.0,0.0,0.0,0.0,1.0,
2026-08-23 17:00:09,BV1Zg8S6CEu5,39,BV1Zg8S6CEu5,自测勿点3,北纬咩雪刊,2026-08-22 23:54:46,56.0,0.0,0.0,0.0,0.0,0.0,0.0,1.0,
2026-08-23 17:00:09,BV1s8BvBPEN5,40,BV1s8BvBPEN5,【杨博文｜4K舞台直拍】好运来祝你好运来～博文宝宝祝你新年好运来,关键时刻来瓶尖叫,2025-12-27 00:43:12,1915386.0,35022.0,17111.0,32449.0,19589.0,4336.0,4873.0,1.0,
2026-08-23 17:00:09,BV1XA6nBGEPV,41,BV1XA6nBGEPV,【4K精剪】希区考克 作品152 | 杨博文直拍 | 260131,underthepoplar,2026-02-01 00:23:17,1945366.0,24057.0,22489.0,20175.0,19010.0,4020.0,6938.0,1.0,
2026-08-23 17:30:01,https://www.bilibili.com/video/BV1GdgW6JEe9/?spm_id_from=333.1387.favlist.content.click&vd_source=406d0cf895bedbdc58a3d0130d55e34c,0,BV1GdgW6JEe9,【杨博文｜4k直拍】Whiplash 双日直拍混剪,关键时刻来瓶尖叫,2026-08-13 23:45:41,209452.0,27542.0,22567.0,21089.0,6669.0,4632.0,8057.0,36.0,
2026-08-23 17:30:01,https://www.bilibili.com/video/BV1W5gs6KEhr/?spm_id_from=333.1387.favlist.content.click&vd_source=406d0cf895bedbdc58a3d0130d55e34c,1,BV1W5gs6KEhr,【4K精剪】异常加载中 | 杨博文直拍 | 260813,underthepoplar,2026-08-13 22:44:57,177343.0,22962.0,15657.0,17014.0,5977.0,7318.0,8507.0,31.0,
2026-08-23 17:30:01,https://www.bilibili.com/video/BV1VFbd6QEjw/spm_id_from=333.1387.favlist.content.click&vd_source=406d0cf895bedbdc58a3d0130d55e34c,2,BV1VFbd6QEjw,【杨博文｜4k直拍】管他什么音乐 直拍,关键时刻来瓶尖叫,2026-08-16 23:08:52,84023.0,5944.0,3502.0,4606.0,2369.0,560.0,484.0,16.0,
2026-08-23 17:30:01,https://www.bilibili.com/video/BV1xebR6zEkr/?spm_id_from=333.1387.favlist.content.click&vd_source=406d0cf895bedbdc58a3d0130d55e34c,3,BV1xebR6zEkr,【4K精剪】Attention | 杨博文直拍 | 260816,underthepoplar,2026-08-16 23:54:18,171726.0,15393.0,9906.0,12724.0,2830.0,1370.0,2392.0,36.0,
2026-08-23 17:30:01,https://www.bilibili.com/video/BV1s3gs6MEej/?spm_id_from=333.1387.favlist.content.click&vd_source=406d0cf895bedbdc58a3d0130d55e34c,4,BV1s3gs6MEej,【杨博文｜4k直拍】爱的初体验 直拍,关键时刻来瓶尖叫,2026-08-13 22:46:37,111977.0,12459.0,6661.0,9668.0,3161.0,518.0,2487.0,22.0,
2026-08-23 17:30:01,https://www.bilibili.com/video/BV1E2bR6hEJR/?spm_id_from=333.1387.favlist.content.click&vd_source=406d0cf895bedbdc58a3d0130d55e34c,5,BV1E2bR6hEJR,【杨博文】Attention丨直拍横屏丨16岁高中生内娱主舞的舞台掌控力丨8.16双机位4k精剪,Kismet丨杨博文,2026-08-16 22:13:05,239583.0,26981.0,13444.0,18869.0,3936.0,9375.0,11176.0,246.0,
2026-08-23 17:30:01,https://www.bilibili.com/video/BV1Rib96EE3F/?spm_id_from=333.1387.favlist.content.click&vd_source=406d0cf895bedbdc58a3d0130d55e34c,6,BV1Rib96EE3F,260816 【杨博文】春雪  竖屏4k直拍,meetsummer丨杨博文,2026-08-17 01:54:42,38743.0,8364.0,3398.0,4565.0,1543.0,717.0,722.0,11.0,
2026-08-23 17:30:01,https://www.bilibili.com/video/BV18jgg6BEAd/?spm_id_from=333.1387.favlist.content.click&vd_source=406d0cf895bedbdc58a3d0130d55e34c,7,BV18jgg6BEAd,【4K精剪】摇曳！摇曳！ | 杨博文直拍 | 260813 & 260814,underthepoplar,2026-08-15 13:26:46,65866.0,9719.0,7049.0,6435.0,2571.0,454.0,1109.0,18.0,
2026-08-23 17:30:01,https://www.bilibili.com/video/BV1A5vkB2E1k/?spm_id_from=333.1387.favlist.content.click&vd_source=406d0cf895bedbdc58a3d0130d55e34c,8,BV1A5vkB2E1k,【杨博文】Hey Mama六机位纯舞直拍丨15岁舞台统治者的诞生，四代主舞燃炸全场！,Kismet丨杨博文,2025-12-28 22:28:16,2807913.0,65563.0,45817.0,47952.0,27549.0,13661.0,22004.0,1.0,
2026-08-23 17:30:01,https://www.bilibili.com/video/BV1mJ64BREZY/?spm_id_from=333.337.search-card.all.click&vd_source=406d0cf895bedbdc58a3d0130d55e34c,9,BV1mJ64BREZY,【杨博文】闭嘴跳舞丨当主舞穿上西装就会得到,Kismet丨杨博文,2026-02-01 18:31:00,622066.0,35174.0,4037.0,25447.0,8600.0,447.0,654.0,1.0,
2026-08-23 17:30:01,BV1Qu816ZEoy,10,BV1Qu816ZEoy,测试用，勿点，谢谢,猫球不是毛球啊,2026-08-22 16:55:19,165.0,2.0,0.0,0.0,0.0,0.0,0.0,1.0,
2026-08-23 17:30:01,BV1Vd8B65EkU,11,BV1Vd8B65EkU,0822.3,dddddash6,2026-08-21 21:49:36,113.0,0.0,0.0,1.0,0.0,0.0,0.0,1.0,
2026-08-23 17:30:01,BV1fT8S61Ejo,12,BV1fT8S61Ejo,十一（23）,爱动手的法学生,2026-08-22 23:46:38,108.0,0.0,0.0,0.0,0.0,0.0,0.0,1.0,
2026-08-23 17:30:01,BV1bf816sE8P,13,BV1bf816sE8P,自测，误点,橙子小姐_sheep,2026-08-22 14:38:54,157.0,0.0,0.0,2.0,0.0,0.0,0.0,1.0,
2026-08-23 17:30:01,BV1Te8K6uEJt,14,BV1Te8K6uEJt,勿进勿进勿进！自测 安卓0821,cannndy_,2026-08-21 08:57:55,144.0,0.0,0.0,1.0,0.0,0.0,0.0,1.0,
2026-08-23 17:30:01,BV1au816oEjs,15,BV1au816oEjs,手机自测,熙熙哈哈oO,2026-08-22 16:55:10,73.0,0.0,0.0,0.0,0.0,0.0,0.0,1.0,
2026-08-23 17:30:01,BV1qw816eE1d,16,BV1qw816eE1d,8.22 自测视频 勿点,dgsaydhakjdhjk,2026-08-22 16:56:23,338.0,0.0,0.0,0.0,0.0,0.0,0.0,1.0,
2026-08-23 17:30:01,BV1ci8163ECY,17,BV1ci8163ECY,自测勿点,不完美是常态_,2026-08-22 15:39:32,50.0,0.0,0.0,0.0,0.0,0.0,0.0,1.0,
2026-08-23 17:30:01,BV1dw816YEau,18,BV1dw816YEau,测试（勿点）,低能量地活着,2026-08-22 16:59:54,27.0,0.0,0.0,0.0,0.0,0.0,0.0,1.0,
2026-08-23 17:30:01,BV1jg8S6yEuV,19,BV1jg8S6yEuV,自测视频,only筱筱,2026-08-22 23:58:01,173.0,1.0,0.0,0.0,0.0,0.0,0.0,1.0,
2026-08-23 17:30:01,BV1z6816qEbo,20,BV1z6816qEbo,自用,dddii点点,2026-08-22 16:38:15,228.0,1.0,0.0,0.0,0.0,0.0,0.0,1.0,
2026-08-23 17:30:01,BV1eM8168E9p,21,BV1eM8168E9p,自测勿点！！！！,dd鱿鱼须,2026-08-22 16:39:08,153.0,0.0,0.0,1.0,0.0,0.0,0.0,1.0,
2026-08-23 17:30:01,BV14i8M61EdN,22,BV14i8M61EdN,sz,我素质低你让让我,2026-08-21 12:22:44,117.0,0.0,0.0,0.0,0.0,0.0,0.0,1.0,
2026-08-23 17:30:01,BV12A826QEK4,23,BV12A826QEK4,自测 禁点,哈哈哈哈哈11_,2026-08-22 15:15:37,44.0,0.0,0.0,0.0,0.0,0.0,0.0,1.0,
2026-08-23 17:30:01,BV1St8S6wE33,24,BV1St8S6wE33,自测哦,半夏哒哒哒,2026-08-23 00:18:35,57.0,0.0,0.0,0.0,0.0,0.0,0.0,1.0,
2026-08-23 17:30:01,BV1bwbh65Eh7,25,BV1bwbh65Eh7,自测视频！勿点0817,摸鱼堡成员,2026-08-17 09:36:15,154.0,1.0,0.0,0.0,0.0,0.0,0.0,1.0,
2026-08-23 17:30:01,BV15B8r6WEQ3,26,BV15B8r6WEQ3,8.22自测勿点,刘海打歪了,2026-08-22 09:19:46,53.0,0.0,0.0,0.0,0.0,0.0,0.0,1.0,
2026-08-23 17:30:01,BV1ET8S62EvB,27,BV1ET8S62EvB,【牛小Bala】视频已打包，欢迎围观！,牛小Bala,2026-08-22 23:47:03,73.0,0.0,0.0,0.0,0.0,0.0,0.0,1.0,
2026-08-23 17:30:01,BV1kS8y6kEA8,28,BV1kS8y6kEA8,自测 勿点,MENYAOOO,2026-08-22 18:41:15,122.0,0.0,0.0,0.0,0.0,0.0,0.0,1.0,
2026-08-23 17:30:01,BV1pX8y66ELf,29,BV1pX8y66ELf,自测请勿点击,风枷锁,2026-08-22 18:47:46,142.0,1.0,0.0,1.0,0.0,0.0,0.0,1.0,
2026-08-23 17:30:01,BV1uz8y6JEAr,30,BV1uz8y6JEAr,【起司不是qs】第一支视频求三连！,起司不是qs,2026-08-22 18:20:23,62.0,0.0,0.0,0.0,0.0,0.0,0.0,1.0,
2026-08-23 17:30:01,BV1mx8m6REbb,31,BV1mx8m6REbb,自测,甜奶味羊咩,2026-08-22 20:49:17,42.0,0.0,0.0,0.0,0.0,0.0,0.0,1.0,
2026-08-23 17:30:01,BV1du8S65E6x,32,BV1du8S65E6x,测测测,羊咩_0601,2026-08-23 00:02:02,53.0,0.0,0.0,0.0,0.0,0.0,0.0,1.0,
2026-08-23 17:30:01,BV1hn8m6FEcd,33,BV1hn8m6FEcd,自测勿点,哇哦哦噢噢噢哦,2026-08-22 21:06:21,31.0,0.0,0.0,0.0,0.0,0.0,0.0,1.0,
2026-08-23 17:30:01,BV1DE8m68E2D,34,BV1DE8m68E2D,自测勿点,半柚奶序,2026-08-22 21:10:31,84.0,2.0,0.0,1.0,0.0,0.0,0.0,1.0,
2026-08-23 17:30:01,BV1jM8m6MEoA,35,BV1jM8m6MEoA,自测，勿点进,Camellia不是cc,2026-08-22 20:29:58,9.0,0.0,0.0,1.0,0.0,0.0,0.0,1.0,
2026-08-23 17:30:01,BV1gE8m6hEJ2,36,BV1gE8m6hEJ2,自测勿点,萌羊叫眠羊,2026-08-22 21:11:17,5.0,0.0,0.0,0.0,0.0,0.0,0.0,1.0,
2026-08-23 17:30:01,BV15V8S6kEYA,37,BV15V8S6kEYA,自测,kuaiqushuijiaoba,2026-08-22 23:32:08,10.0,0.0,0.0,0.0,0.0,0.0,0.0,1.0,
2026-08-23 17:30:01,BV1vG8S6VEgc,38,BV1vG8S6VEgc,8.23自测,萌是天生命TvT,2026-08-22 23:34:07,120.0,0.0,0.0,1.0,0.0,0.0,0.0,1.0,
2026-08-23 17:30:01,BV1Zg8S6CEu5,39,BV1Zg8S6CEu5,自测勿点3,北纬咩雪刊,2026-08-22 23:54:46,56.0,0.0,0.0,0.0,0.0,0.0,0.0,1.0,
2026-08-23 17:30:01,BV1s8BvBPEN5,40,BV1s8BvBPEN5,【杨博文｜4K舞台直拍】好运来祝你好运来～博文宝宝祝你新年好运来,关键时刻来瓶尖叫,2025-12-27 00:43:12,1915392.0,35022.0,17111.0,32449.0,19589.0,4336.0,4873.0,1.0,
2026-08-23 17:30:01,BV1XA6nBGEPV,41,BV1XA6nBGEPV,【4K精剪】希区考克 作品152 | 杨博文直拍 | 260131,underthepoplar,2026-02-01 00:23:17,1945373.0,24058.0,22491.0,20176.0,19010.0,4020.0,6938.0,1.0,
2026-08-23 18:00:03,https://www.bilibili.com/video/BV1GdgW6JEe9/?spm_id_from=333.1387.favlist.content.click&vd_source=406d0cf895bedbdc58a3d0130d55e34c,0,BV1GdgW6JEe9,【杨博文｜4k直拍】Whiplash 双日直拍混剪,关键时刻来瓶尖叫,2026-08-13 23:45:41,209752.0,27555.0,22575.0,21096.0,6675.0,4634.0,8059.0,33.0,
2026-08-23 18:00:03,https://www.bilibili.com/video/BV1W5gs6KEhr/?spm_id_from=333.1387.favlist.content.click&vd_source=406d0cf895bedbdc58a3d0130d55e34c,1,BV1W5gs6KEhr,【4K精剪】异常加载中 | 杨博文直拍 | 260813,underthepoplar,2026-08-13 22:44:57,177535.0,22970.0,15663.0,17017.0,5983.0,7318.0,8508.0,28.0,
2026-08-23 18:00:03,https://www.bilibili.com/video/BV1VFbd6QEjw/spm_id_from=333.1387.favlist.content.click&vd_source=406d0cf895bedbdc58a3d0130d55e34c,2,BV1VFbd6QEjw,【杨博文｜4k直拍】管他什么音乐 直拍,关键时刻来瓶尖叫,2026-08-16 23:08:52,84065.0,5946.0,3504.0,4607.0,2374.0,560.0,484.0,18.0,
2026-08-23 18:00:03,https://www.bilibili.com/video/BV1xebR6zEkr/?spm_id_from=333.1387.favlist.content.click&vd_source=406d0cf895bedbdc58a3d0130d55e34c,3,BV1xebR6zEkr,【4K精剪】Attention | 杨博文直拍 | 260816,underthepoplar,2026-08-16 23:54:18,172062.0,15419.0,9915.0,12743.0,2835.0,1372.0,2394.0,49.0,
2026-08-23 18:00:03,https://www.bilibili.com/video/BV1s3gs6MEej/?spm_id_from=333.1387.favlist.content.click&vd_source=406d0cf895bedbdc58a3d0130d55e34c,4,BV1s3gs6MEej,【杨博文｜4k直拍】爱的初体验 直拍,关键时刻来瓶尖叫,2026-08-13 22:46:37,112103.0,12463.0,6661.0,9669.0,3166.0,519.0,2488.0,22.0,
2026-08-23 18:00:03,https://www.bilibili.com/video/BV1E2bR6hEJR/?spm_id_from=333.1387.favlist.content.click&vd_source=406d0cf895bedbdc58a3d0130d55e34c,5,BV1E2bR6hEJR,【杨博文】Attention丨直拍横屏丨16岁高中生内娱主舞的舞台掌控力丨8.16双机位4k精剪,Kismet丨杨博文,2026-08-16 22:13:05,240034.0,27020.0,13458.0,18884.0,3943.0,9378.0,11181.0,250.0,
2026-08-23 18:00:03,https://www.bilibili.com/video/BV1Rib96EE3F/?spm_id_from=333.1387.favlist.content.click&vd_source=406d0cf895bedbdc58a3d0130d55e34c,6,BV1Rib96EE3F,260816 【杨博文】春雪  竖屏4k直拍,meetsummer丨杨博文,2026-08-17 01:54:42,38854.0,8376.0,3398.0,4568.0,1549.0,717.0,722.0,8.0,
2026-08-23 18:00:03,https://www.bilibili.com/video/BV18jgg6BEAd/?spm_id_from=333.1387.favlist.content.click&vd_source=406d0cf895bedbdc58a3d0130d55e34c,7,BV18jgg6BEAd,【4K精剪】摇曳！摇曳！ | 杨博文直拍 | 260813 & 260814,underthepoplar,2026-08-15 13:26:46,65942.0,9724.0,7052.0,6438.0,2576.0,454.0,1109.0,25.0,
2026-08-23 18:00:03,https://www.bilibili.com/video/BV1A5vkB2E1k/?spm_id_from=333.1387.favlist.content.click&vd_source=406d0cf895bedbdc58a3d0130d55e34c,8,BV1A5vkB2E1k,【杨博文】Hey Mama六机位纯舞直拍丨15岁舞台统治者的诞生，四代主舞燃炸全场！,Kismet丨杨博文,2025-12-28 22:28:16,2807951.0,65566.0,45819.0,47951.0,27556.0,13661.0,22004.0,1.0,
2026-08-23 18:00:03,https://www.bilibili.com/video/BV1mJ64BREZY/?spm_id_from=333.337.search-card.all.click&vd_source=406d0cf895bedbdc58a3d0130d55e34c,9,BV1mJ64BREZY,【杨博文】闭嘴跳舞丨当主舞穿上西装就会得到,Kismet丨杨博文,2026-02-01 18:31:00,622068.0,35174.0,4037.0,25447.0,8600.0,447.0,654.0,1.0,
2026-08-23 18:00:03,BV1Qu816ZEoy,10,BV1Qu816ZEoy,测试用，勿点，谢谢,猫球不是毛球啊,2026-08-22 16:55:19,165.0,2.0,0.0,0.0,0.0,0.0,0.0,1.0,
2026-08-23 18:00:03,BV1Vd8B65EkU,11,BV1Vd8B65EkU,0822.3,dddddash6,2026-08-21 21:49:36,113.0,0.0,0.0,1.0,0.0,0.0,0.0,1.0,
2026-08-23 18:00:03,BV1fT8S61Ejo,12,BV1fT8S61Ejo,十一（23）,爱动手的法学生,2026-08-22 23:46:38,108.0,0.0,0.0,0.0,0.0,0.0,0.0,1.0,
2026-08-23 18:00:03,BV1bf816sE8P,13,BV1bf816sE8P,自测，误点,橙子小姐_sheep,2026-08-22 14:38:54,157.0,0.0,0.0,2.0,0.0,0.0,0.0,1.0,
2026-08-23 18:00:03,BV1Te8K6uEJt,14,BV1Te8K6uEJt,勿进勿进勿进！自测 安卓0821,cannndy_,2026-08-21 08:57:55,148.0,0.0,0.0,1.0,0.0,0.0,0.0,1.0,
2026-08-23 18:00:03,BV1au816oEjs,15,BV1au816oEjs,手机自测,熙熙哈哈oO,2026-08-22 16:55:10,78.0,0.0,0.0,0.0,0.0,0.0,0.0,1.0,
2026-08-23 18:00:03,BV1qw816eE1d,16,BV1qw816eE1d,8.22 自测视频 勿点,dgsaydhakjdhjk,2026-08-22 16:56:23,338.0,0.0,0.0,0.0,0.0,0.0,0.0,1.0,
2026-08-23 18:00:03,BV1ci8163ECY,17,BV1ci8163ECY,自测勿点,不完美是常态_,2026-08-22 15:39:32,50.0,0.0,0.0,0.0,0.0,0.0,0.0,1.0,
2026-08-23 18:00:03,BV1dw816YEau,18,BV1dw816YEau,测试（勿点）,低能量地活着,2026-08-22 16:59:54,27.0,0.0,0.0,0.0,0.0,0.0,0.0,1.0,
2026-08-23 18:00:03,BV1jg8S6yEuV,19,BV1jg8S6yEuV,自测视频,only筱筱,2026-08-22 23:58:01,182.0,1.0,0.0,0.0,0.0,0.0,0.0,1.0,
2026-08-23 18:00:03,BV1z6816qEbo,20,BV1z6816qEbo,自用,dddii点点,2026-08-22 16:38:15,228.0,1.0,0.0,0.0,0.0,0.0,0.0,1.0,
2026-08-23 18:00:03,BV1eM8168E9p,21,BV1eM8168E9p,自测勿点！！！！,dd鱿鱼须,2026-08-22 16:39:08,158.0,0.0,0.0,1.0,0.0,0.0,0.0,1.0,
2026-08-23 18:00:03,BV14i8M61EdN,22,BV14i8M61EdN,sz,我素质低你让让我,2026-08-21 12:22:44,117.0,0.0,0.0,0.0,0.0,0.0,0.0,1.0,
2026-08-23 18:00:03,BV12A826QEK4,23,BV12A826QEK4,自测 禁点,哈哈哈哈哈11_,2026-08-22 15:15:37,49.0,0.0,0.0,0.0,0.0,0.0,0.0,1.0,
2026-08-23 18:00:03,BV1St8S6wE33,24,BV1St8S6wE33,自测哦,半夏哒哒哒,2026-08-23 00:18:35,57.0,0.0,0.0,0.0,0.0,0.0,0.0,1.0,
2026-08-23 18:00:03,BV1bwbh65Eh7,25,BV1bwbh65Eh7,自测视频！勿点0817,摸鱼堡成员,2026-08-17 09:36:15,158.0,1.0,0.0,0.0,0.0,0.0,0.0,1.0,
2026-08-23 18:00:03,BV15B8r6WEQ3,26,BV15B8r6WEQ3,8.22自测勿点,刘海打歪了,2026-08-22 09:19:46,53.0,0.0,0.0,0.0,0.0,0.0,0.0,1.0,
2026-08-23 18:00:03,BV1ET8S62EvB,27,BV1ET8S62EvB,【牛小Bala】视频已打包，欢迎围观！,牛小Bala,2026-08-22 23:47:03,74.0,0.0,0.0,0.0,0.0,0.0,0.0,1.0,
2026-08-23 18:00:03,BV1kS8y6kEA8,28,BV1kS8y6kEA8,自测 勿点,MENYAOOO,2026-08-22 18:41:15,126.0,0.0,0.0,0.0,0.0,0.0,0.0,1.0,
2026-08-23 18:00:03,BV1pX8y66ELf,29,BV1pX8y66ELf,自测请勿点击,风枷锁,2026-08-22 18:47:46,142.0,1.0,0.0,1.0,0.0,0.0,0.0,1.0,
2026-08-23 18:00:03,BV1uz8y6JEAr,30,BV1uz8y6JEAr,【起司不是qs】第一支视频求三连！,起司不是qs,2026-08-22 18:20:23,62.0,0.0,0.0,0.0,0.0,0.0,0.0,1.0,
2026-08-23 18:00:03,BV1mx8m6REbb,31,BV1mx8m6REbb,自测,甜奶味羊咩,2026-08-22 20:49:17,42.0,0.0,0.0,0.0,0.0,0.0,0.0,1.0,
2026-08-23 18:00:03,BV1du8S65E6x,32,BV1du8S65E6x,测测测,羊咩_0601,2026-08-23 00:02:02,53.0,0.0,0.0,0.0,0.0,0.0,0.0,1.0,
2026-08-23 18:00:03,BV1hn8m6FEcd,33,BV1hn8m6FEcd,自测勿点,哇哦哦噢噢噢哦,2026-08-22 21:06:21,31.0,0.0,0.0,0.0,0.0,0.0,0.0,1.0,
2026-08-23 18:00:03,BV1DE8m68E2D,34,BV1DE8m68E2D,自测勿点,半柚奶序,2026-08-22 21:10:31,88.0,2.0,0.0,1.0,0.0,0.0,0.0,1.0,
2026-08-23 18:00:03,BV1jM8m6MEoA,35,BV1jM8m6MEoA,自测，勿点进,Camellia不是cc,2026-08-22 20:29:58,9.0,0.0,0.0,1.0,0.0,0.0,0.0,1.0,
2026-08-23 18:00:03,BV1gE8m6hEJ2,36,BV1gE8m6hEJ2,自测勿点,萌羊叫眠羊,2026-08-22 21:11:17,5.0,0.0,0.0,0.0,0.0,0.0,0.0,1.0,
2026-08-23 18:00:03,BV15V8S6kEYA,37,BV15V8S6kEYA,自测,kuaiqushuijiaoba,2026-08-22 23:32:08,10.0,0.0,0.0,0.0,0.0,0.0,0.0,1.0,
2026-08-23 18:00:03,BV1vG8S6VEgc,38,BV1vG8S6VEgc,8.23自测,萌是天生命TvT,2026-08-22 23:34:07,125.0,0.0,0.0,1.0,0.0,0.0,0.0,1.0,
2026-08-23 18:00:03,BV1Zg8S6CEu5,39,BV1Zg8S6CEu5,自测勿点3,北纬咩雪刊,2026-08-22 23:54:46,56.0,0.0,0.0,0.0,0.0,0.0,0.0,1.0,
2026-08-23 18:00:03,BV1s8BvBPEN5,40,BV1s8BvBPEN5,【杨博文｜4K舞台直拍】好运来祝你好运来～博文宝宝祝你新年好运来,关键时刻来瓶尖叫,2025-12-27 00:43:12,1915394.0,35022.0,17111.0,32447.0,19589.0,4336.0,4873.0,1.0,
2026-08-23 18:00:03,BV1XA6nBGEPV,41,BV1XA6nBGEPV,【4K精剪】希区考克 作品152 | 杨博文直拍 | 260131,underthepoplar,2026-02-01 00:23:17,1945379.0,24058.0,22491.0,20175.0,19010.0,4020.0,6938.0,1.0,
2026-08-23 18:30:05,https://www.bilibili.com/video/BV1GdgW6JEe9/?spm_id_from=333.1387.favlist.content.click&vd_source=406d0cf895bedbdc58a3d0130d55e34c,0,BV1GdgW6JEe9,【杨博文｜4k直拍】Whiplash 双日直拍混剪,关键时刻来瓶尖叫,2026-08-13 23:45:41,210049.0,27571.0,22584.0,21106.0,6684.0,4635.0,8065.0,29.0,
2026-08-23 18:30:05,https://www.bilibili.com/video/BV1W5gs6KEhr/?spm_id_from=333.1387.favlist.content.click&vd_source=406d0cf895bedbdc58a3d0130d55e34c,1,BV1W5gs6KEhr,【4K精剪】异常加载中 | 杨博文直拍 | 260813,underthepoplar,2026-08-13 22:44:57,177733.0,22979.0,15669.0,17028.0,5992.0,7319.0,8509.0,25.0,
2026-08-23 18:30:05,https://www.bilibili.com/video/BV1VFbd6QEjw/spm_id_from=333.1387.favlist.content.click&vd_source=406d0cf895bedbdc58a3d0130d55e34c,2,BV1VFbd6QEjw,【杨博文｜4k直拍】管他什么音乐 直拍,关键时刻来瓶尖叫,2026-08-16 23:08:52,84109.0,5946.0,3508.0,4608.0,2384.0,561.0,484.0,20.0,
2026-08-23 18:30:05,https://www.bilibili.com/video/BV1xebR6zEkr/?spm_id_from=333.1387.favlist.content.click&vd_source=406d0cf895bedbdc58a3d0130d55e34c,3,BV1xebR6zEkr,【4K精剪】Attention | 杨博文直拍 | 260816,underthepoplar,2026-08-16 23:54:18,172373.0,15443.0,9924.0,12759.0,2846.0,1373.0,2398.0,32.0,
2026-08-23 18:30:05,https://www.bilibili.com/video/BV1s3gs6MEej/?spm_id_from=333.1387.favlist.content.click&vd_source=406d0cf895bedbdc58a3d0130d55e34c,4,BV1s3gs6MEej,【杨博文｜4k直拍】爱的初体验 直拍,关键时刻来瓶尖叫,2026-08-13 22:46:37,112248.0,12468.0,6663.0,9671.0,3176.0,520.0,2488.0,21.0,
2026-08-23 18:30:05,https://www.bilibili.com/video/BV1E2bR6hEJR/?spm_id_from=333.1387.favlist.content.click&vd_source=406d0cf895bedbdc58a3d0130d55e34c,5,BV1E2bR6hEJR,【杨博文】Attention丨直拍横屏丨16岁高中生内娱主舞的舞台掌控力丨8.16双机位4k精剪,Kismet丨杨博文,2026-08-16 22:13:05,240646.0,27066.0,13481.0,18913.0,3958.0,9379.0,11191.0,248.0,
2026-08-23 18:30:05,https://www.bilibili.com/video/BV1Rib96EE3F/?spm_id_from=333.1387.favlist.content.click&vd_source=406d0cf895bedbdc58a3d0130d55e34c,6,BV1Rib96EE3F,260816 【杨博文】春雪  竖屏4k直拍,meetsummer丨杨博文,2026-08-17 01:54:42,38979.0,8384.0,3402.0,4575.0,1559.0,718.0,722.0,14.0,
2026-08-23 18:30:05,https://www.bilibili.com/video/BV18jgg6BEAd/?spm_id_from=333.1387.favlist.content.click&vd_source=406d0cf895bedbdc58a3d0130d55e34c,7,BV18jgg6BEAd,【4K精剪】摇曳！摇曳！ | 杨博文直拍 | 260813 & 260814,underthepoplar,2026-08-15 13:26:46,66038.0,9732.0,7054.0,6442.0,2586.0,455.0,1109.0,30.0,
2026-08-23 18:30:05,https://www.bilibili.com/video/BV1A5vkB2E1k/?spm_id_from=333.1387.favlist.content.click&vd_source=406d0cf895bedbdc58a3d0130d55e34c,8,BV1A5vkB2E1k,【杨博文】Hey Mama六机位纯舞直拍丨15岁舞台统治者的诞生，四代主舞燃炸全场！,Kismet丨杨博文,2025-12-28 22:28:16,2807984.0,65567.0,45823.0,47952.0,27564.0,13661.0,22006.0,1.0,
2026-08-23 18:30:05,https://www.bilibili.com/video/BV1mJ64BREZY/?spm_id_from=333.337.search-card.all.click&vd_source=406d0cf895bedbdc58a3d0130d55e34c,9,BV1mJ64BREZY,【杨博文】闭嘴跳舞丨当主舞穿上西装就会得到,Kismet丨杨博文,2026-02-01 18:31:00,622069.0,35174.0,4037.0,25447.0,8600.0,447.0,654.0,1.0,
2026-08-23 18:30:05,BV1Qu816ZEoy,10,BV1Qu816ZEoy,测试用，勿点，谢谢,猫球不是毛球啊,2026-08-22 16:55:19,165.0,2.0,0.0,0.0,0.0,0.0,0.0,1.0,
2026-08-23 18:30:05,BV1Vd8B65EkU,11,BV1Vd8B65EkU,0822.3,dddddash6,2026-08-21 21:49:36,113.0,0.0,0.0,1.0,0.0,0.0,0.0,1.0,
2026-08-23 18:30:05,BV1fT8S61Ejo,12,BV1fT8S61Ejo,十一（23）,爱动手的法学生,2026-08-22 23:46:38,108.0,0.0,0.0,0.0,0.0,0.0,0.0,1.0,
2026-08-23 18:30:05,BV1bf816sE8P,13,BV1bf816sE8P,自测，误点,橙子小姐_sheep,2026-08-22 14:38:54,157.0,0.0,0.0,2.0,0.0,0.0,0.0,1.0,
2026-08-23 18:30:05,BV1Te8K6uEJt,14,BV1Te8K6uEJt,勿进勿进勿进！自测 安卓0821,cannndy_,2026-08-21 08:57:55,153.0,0.0,0.0,1.0,0.0,0.0,0.0,1.0,
2026-08-23 18:30:05,BV1au816oEjs,15,BV1au816oEjs,手机自测,熙熙哈哈oO,2026-08-22 16:55:10,82.0,0.0,0.0,0.0,0.0,0.0,0.0,1.0,
2026-08-23 18:30:05,BV1qw816eE1d,16,BV1qw816eE1d,8.22 自测视频 勿点,dgsaydhakjdhjk,2026-08-22 16:56:23,338.0,0.0,0.0,0.0,0.0,0.0,0.0,1.0,
2026-08-23 18:30:05,BV1ci8163ECY,17,BV1ci8163ECY,自测勿点,不完美是常态_,2026-08-22 15:39:32,50.0,0.0,0.0,0.0,0.0,0.0,0.0,1.0,
2026-08-23 18:30:05,BV1dw816YEau,18,BV1dw816YEau,测试（勿点）,低能量地活着,2026-08-22 16:59:54,27.0,0.0,0.0,0.0,0.0,0.0,0.0,1.0,
2026-08-23 18:30:05,BV1jg8S6yEuV,19,BV1jg8S6yEuV,自测视频,only筱筱,2026-08-22 23:58:01,187.0,1.0,0.0,0.0,0.0,0.0,0.0,1.0,
2026-08-23 18:30:05,BV1z6816qEbo,20,BV1z6816qEbo,自用,dddii点点,2026-08-22 16:38:15,228.0,1.0,0.0,0.0,0.0,0.0,0.0,1.0,
2026-08-23 18:30:05,BV1eM8168E9p,21,BV1eM8168E9p,自测勿点！！！！,dd鱿鱼须,2026-08-22 16:39:08,163.0,0.0,0.0,1.0,0.0,0.0,0.0,1.0,
2026-08-23 18:30:05,BV14i8M61EdN,22,BV14i8M61EdN,sz,我素质低你让让我,2026-08-21 12:22:44,117.0,0.0,0.0,0.0,0.0,0.0,0.0,1.0,
2026-08-23 18:30:05,BV12A826QEK4,23,BV12A826QEK4,自测 禁点,哈哈哈哈哈11_,2026-08-22 15:15:37,54.0,0.0,0.0,0.0,0.0,0.0,0.0,1.0,
2026-08-23 18:30:05,BV1St8S6wE33,24,BV1St8S6wE33,自测哦,半夏哒哒哒,2026-08-23 00:18:35,57.0,0.0,0.0,0.0,0.0,0.0,0.0,1.0,
2026-08-23 18:30:05,BV1bwbh65Eh7,25,BV1bwbh65Eh7,自测视频！勿点0817,摸鱼堡成员,2026-08-17 09:36:15,162.0,1.0,0.0,0.0,0.0,0.0,0.0,1.0,
2026-08-23 18:30:05,BV15B8r6WEQ3,26,BV15B8r6WEQ3,8.22自测勿点,刘海打歪了,2026-08-22 09:19:46,53.0,0.0,0.0,0.0,0.0,0.0,0.0,1.0,
2026-08-23 18:30:05,BV1ET8S62EvB,27,BV1ET8S62EvB,【牛小Bala】视频已打包，欢迎围观！,牛小Bala,2026-08-22 23:47:03,74.0,0.0,0.0,0.0,0.0,0.0,0.0,1.0,
2026-08-23 18:30:05,BV1kS8y6kEA8,28,BV1kS8y6kEA8,自测 勿点,MENYAOOO,2026-08-22 18:41:15,130.0,0.0,0.0,0.0,0.0,0.0,0.0,1.0,
2026-08-23 18:30:05,BV1pX8y66ELf,29,BV1pX8y66ELf,自测请勿点击,风枷锁,2026-08-22 18:47:46,142.0,1.0,0.0,1.0,0.0,0.0,0.0,1.0,
2026-08-23 18:30:05,BV1uz8y6JEAr,30,BV1uz8y6JEAr,【起司不是qs】第一支视频求三连！,起司不是qs,2026-08-22 18:20:23,62.0,0.0,0.0,0.0,0.0,0.0,0.0,1.0,
2026-08-23 18:30:05,BV1mx8m6REbb,31,BV1mx8m6REbb,自测,甜奶味羊咩,2026-08-22 20:49:17,42.0,0.0,0.0,0.0,0.0,0.0,0.0,1.0,
2026-08-23 18:30:05,BV1du8S65E6x,32,BV1du8S65E6x,测测测,羊咩_0601,2026-08-23 00:02:02,53.0,0.0,0.0,0.0,0.0,0.0,0.0,1.0,
2026-08-23 18:30:05,BV1hn8m6FEcd,33,BV1hn8m6FEcd,自测勿点,哇哦哦噢噢噢哦,2026-08-22 21:06:21,31.0,0.0,0.0,0.0,0.0,0.0,0.0,1.0,
2026-08-23 18:30:05,BV1DE8m68E2D,34,BV1DE8m68E2D,自测勿点,半柚奶序,2026-08-22 21:10:31,93.0,2.0,0.0,1.0,0.0,0.0,0.0,1.0,
2026-08-23 18:30:05,BV1jM8m6MEoA,35,BV1jM8m6MEoA,自测，勿点进,Camellia不是cc,2026-08-22 20:29:58,9.0,0.0,0.0,1.0,0.0,0.0,0.0,1.0,
2026-08-23 18:30:05,BV1gE8m6hEJ2,36,BV1gE8m6hEJ2,自测勿点,萌羊叫眠羊,2026-08-22 21:11:17,5.0,0.0,0.0,0.0,0.0,0.0,0.0,1.0,
2026-08-23 18:30:05,BV15V8S6kEYA,37,BV15V8S6kEYA,自测,kuaiqushuijiaoba,2026-08-22 23:32:08,10.0,0.0,0.0,0.0,0.0,0.0,0.0,1.0,
2026-08-23 18:30:05,BV1vG8S6VEgc,38,BV1vG8S6VEgc,8.23自测,萌是天生命TvT,2026-08-22 23:34:07,131.0,0.0,0.0,1.0,0.0,0.0,0.0,1.0,
2026-08-23 18:30:05,BV1Zg8S6CEu5,39,BV1Zg8S6CEu5,自测勿点3,北纬咩雪刊,2026-08-22 23:54:46,56.0,0.0,0.0,0.0,0.0,0.0,0.0,1.0,
2026-08-23 18:30:05,BV1s8BvBPEN5,40,BV1s8BvBPEN5,【杨博文｜4K舞台直拍】好运来祝你好运来～博文宝宝祝你新年好运来,关键时刻来瓶尖叫,2025-12-27 00:43:12,1915400.0,35022.0,17111.0,32447.0,19589.0,4336.0,4873.0,1.0,
2026-08-23 18:30:05,BV1XA6nBGEPV,41,BV1XA6nBGEPV,【4K精剪】希区考克 作品152 | 杨博文直拍 | 260131,underthepoplar,2026-02-01 00:23:17,1945389.0,24059.0,22491.0,20177.0,19010.0,4020.0,6938.0,1.0,
2026-08-23 19:00:07,https://www.bilibili.com/video/BV1GdgW6JEe9/?spm_id_from=333.1387.favlist.content.click&vd_source=406d0cf895bedbdc58a3d0130d55e34c,0,BV1GdgW6JEe9,【杨博文｜4k直拍】Whiplash 双日直拍混剪,关键时刻来瓶尖叫,2026-08-13 23:45:41,210359.0,27582.0,22588.0,21114.0,6690.0,4635.0,8070.0,37.0,
2026-08-23 19:00:07,https://www.bilibili.com/video/BV1W5gs6KEhr/?spm_id_from=333.1387.favlist.content.click&vd_source=406d0cf895bedbdc58a3d0130d55e34c,1,BV1W5gs6KEhr,【4K精剪】异常加载中 | 杨博文直拍 | 260813,underthepoplar,2026-08-13 22:44:57,177932.0,22990.0,15671.0,17031.0,5998.0,7319.0,8511.0,26.0,
2026-08-23 19:00:07,https://www.bilibili.com/video/BV1VFbd6QEjw/spm_id_from=333.1387.favlist.content.click&vd_source=406d0cf895bedbdc58a3d0130d55e34c,2,BV1VFbd6QEjw,【杨博文｜4k直拍】管他什么音乐 直拍,关键时刻来瓶尖叫,2026-08-16 23:08:52,84154.0,5949.0,3510.0,4610.0,2389.0,562.0,484.0,16.0,
2026-08-23 19:00:07,https://www.bilibili.com/video/BV1xebR6zEkr/?spm_id_from=333.1387.favlist.content.click&vd_source=406d0cf895bedbdc58a3d0130d55e34c,3,BV1xebR6zEkr,【4K精剪】Attention | 杨博文直拍 | 260816,underthepoplar,2026-08-16 23:54:18,172662.0,15465.0,9930.0,12773.0,2851.0,1373.0,2398.0,35.0,
2026-08-23 19:00:07,https://www.bilibili.com/video/BV1s3gs6MEej/?spm_id_from=333.1387.favlist.content.click&vd_source=406d0cf895bedbdc58a3d0130d55e34c,4,BV1s3gs6MEej,【杨博文｜4k直拍】爱的初体验 直拍,关键时刻来瓶尖叫,2026-08-13 22:46:37,112402.0,12469.0,6663.0,9675.0,3182.0,520.0,2488.0,20.0,
2026-08-23 19:00:07,https://www.bilibili.com/video/BV1E2bR6hEJR/?spm_id_from=333.1387.favlist.content.click&vd_source=406d0cf895bedbdc58a3d0130d55e34c,5,BV1E2bR6hEJR,【杨博文】Attention丨直拍横屏丨16岁高中生内娱主舞的舞台掌控力丨8.16双机位4k精剪,Kismet丨杨博文,2026-08-16 22:13:05,241032.0,27098.0,13487.0,18933.0,3968.0,9383.0,11201.0,251.0,
2026-08-23 19:00:07,https://www.bilibili.com/video/BV1Rib96EE3F/?spm_id_from=333.1387.favlist.content.click&vd_source=406d0cf895bedbdc58a3d0130d55e34c,6,BV1Rib96EE3F,260816 【杨博文】春雪  竖屏4k直拍,meetsummer丨杨博文,2026-08-17 01:54:42,39114.0,8397.0,3406.0,4581.0,1564.0,719.0,722.0,14.0,
2026-08-23 19:00:07,https://www.bilibili.com/video/BV18jgg6BEAd/?spm_id_from=333.1387.favlist.content.click&vd_source=406d0cf895bedbdc58a3d0130d55e34c,7,BV18jgg6BEAd,【4K精剪】摇曳！摇曳！ | 杨博文直拍 | 260813 & 260814,underthepoplar,2026-08-15 13:26:46,66103.0,9740.0,7056.0,6446.0,2592.0,456.0,1109.0,20.0,
2026-08-23 19:00:07,https://www.bilibili.com/video/BV1A5vkB2E1k/?spm_id_from=333.1387.favlist.content.click&vd_source=406d0cf895bedbdc58a3d0130d55e34c,8,BV1A5vkB2E1k,【杨博文】Hey Mama六机位纯舞直拍丨15岁舞台统治者的诞生，四代主舞燃炸全场！,Kismet丨杨博文,2025-12-28 22:28:16,2808017.0,65569.0,45823.0,47952.0,27571.0,13662.0,22006.0,1.0,
2026-08-23 19:00:07,https://www.bilibili.com/video/BV1mJ64BREZY/?spm_id_from=333.337.search-card.all.click&vd_source=406d0cf895bedbdc58a3d0130d55e34c,9,BV1mJ64BREZY,【杨博文】闭嘴跳舞丨当主舞穿上西装就会得到,Kismet丨杨博文,2026-02-01 18:31:00,622070.0,35174.0,4037.0,25446.0,8600.0,447.0,654.0,1.0,
2026-08-23 19:00:07,BV1Qu816ZEoy,10,BV1Qu816ZEoy,测试用，勿点，谢谢,猫球不是毛球啊,2026-08-22 16:55:19,165.0,2.0,0.0,0.0,0.0,0.0,0.0,1.0,
2026-08-23 19:00:07,BV1Vd8B65EkU,11,BV1Vd8B65EkU,0822.3,dddddash6,2026-08-21 21:49:36,113.0,0.0,0.0,1.0,0.0,0.0,0.0,1.0,
2026-08-23 19:00:07,BV1fT8S61Ejo,12,BV1fT8S61Ejo,十一（23）,爱动手的法学生,2026-08-22 23:46:38,108.0,0.0,0.0,0.0,0.0,0.0,0.0,1.0,
2026-08-23 19:00:07,BV1bf816sE8P,13,BV1bf816sE8P,自测，误点,橙子小姐_sheep,2026-08-22 14:38:54,157.0,0.0,0.0,2.0,0.0,0.0,0.0,1.0,
2026-08-23 19:00:07,BV1Te8K6uEJt,14,BV1Te8K6uEJt,勿进勿进勿进！自测 安卓0821,cannndy_,2026-08-21 08:57:55,158.0,0.0,0.0,1.0,0.0,0.0,0.0,1.0,
2026-08-23 19:00:07,BV1au816oEjs,15,BV1au816oEjs,手机自测,熙熙哈哈oO,2026-08-22 16:55:10,87.0,0.0,0.0,0.0,0.0,0.0,0.0,1.0,
2026-08-23 19:00:07,BV1qw816eE1d,16,BV1qw816eE1d,8.22 自测视频 勿点,dgsaydhakjdhjk,2026-08-22 16:56:23,338.0,0.0,0.0,0.0,0.0,0.0,0.0,1.0,
2026-08-23 19:00:07,BV1ci8163ECY,17,BV1ci8163ECY,自测勿点,不完美是常态_,2026-08-22 15:39:32,50.0,0.0,0.0,0.0,0.0,0.0,0.0,1.0,
2026-08-23 19:00:07,BV1dw816YEau,18,BV1dw816YEau,测试（勿点）,低能量地活着,2026-08-22 16:59:54,27.0,0.0,0.0,0.0,0.0,0.0,0.0,1.0,
2026-08-23 19:00:07,BV1jg8S6yEuV,19,BV1jg8S6yEuV,自测视频,only筱筱,2026-08-22 23:58:01,191.0,1.0,0.0,0.0,0.0,0.0,0.0,1.0,
2026-08-23 19:00:07,BV1z6816qEbo,20,BV1z6816qEbo,自用,dddii点点,2026-08-22 16:38:15,228.0,1.0,0.0,0.0,0.0,0.0,0.0,1.0,
2026-08-23 19:00:07,BV1eM8168E9p,21,BV1eM8168E9p,自测勿点！！！！,dd鱿鱼须,2026-08-22 16:39:08,168.0,0.0,0.0,1.0,0.0,0.0,0.0,1.0,
2026-08-23 19:00:07,BV14i8M61EdN,22,BV14i8M61EdN,sz,我素质低你让让我,2026-08-21 12:22:44,117.0,0.0,0.0,0.0,0.0,0.0,0.0,1.0,
2026-08-23 19:00:07,BV12A826QEK4,23,BV12A826QEK4,自测 禁点,哈哈哈哈哈11_,2026-08-22 15:15:37,59.0,0.0,0.0,0.0,0.0,0.0,0.0,1.0,
2026-08-23 19:00:07,BV1St8S6wE33,24,BV1St8S6wE33,自测哦,半夏哒哒哒,2026-08-23 00:18:35,57.0,0.0,0.0,0.0,0.0,0.0,0.0,1.0,
2026-08-23 19:00:07,BV1bwbh65Eh7,25,BV1bwbh65Eh7,自测视频！勿点0817,摸鱼堡成员,2026-08-17 09:36:15,167.0,1.0,0.0,0.0,0.0,0.0,0.0,1.0,
2026-08-23 19:00:07,BV15B8r6WEQ3,26,BV15B8r6WEQ3,8.22自测勿点,刘海打歪了,2026-08-22 09:19:46,53.0,0.0,0.0,0.0,0.0,0.0,0.0,1.0,
2026-08-23 19:00:07,BV1ET8S62EvB,27,BV1ET8S62EvB,【牛小Bala】视频已打包，欢迎围观！,牛小Bala,2026-08-22 23:47:03,74.0,0.0,0.0,0.0,0.0,0.0,0.0,1.0,
2026-08-23 19:00:07,BV1kS8y6kEA8,28,BV1kS8y6kEA8,自测 勿点,MENYAOOO,2026-08-22 18:41:15,135.0,0.0,0.0,0.0,0.0,0.0,0.0,1.0,
2026-08-23 19:00:07,BV1pX8y66ELf,29,BV1pX8y66ELf,自测请勿点击,风枷锁,2026-08-22 18:47:46,142.0,1.0,0.0,1.0,0.0,0.0,0.0,1.0,
2026-08-23 19:00:07,BV1uz8y6JEAr,30,BV1uz8y6JEAr,【起司不是qs】第一支视频求三连！,起司不是qs,2026-08-22 18:20:23,64.0,0.0,0.0,0.0,0.0,0.0,0.0,1.0,
2026-08-23 19:00:07,BV1mx8m6REbb,31,BV1mx8m6REbb,自测,甜奶味羊咩,2026-08-22 20:49:17,42.0,0.0,0.0,0.0,0.0,0.0,0.0,1.0,
2026-08-23 19:00:07,BV1du8S65E6x,32,BV1du8S65E6x,测测测,羊咩_0601,2026-08-23 00:02:02,53.0,0.0,0.0,0.0,0.0,0.0,0.0,1.0,
2026-08-23 19:00:07,BV1hn8m6FEcd,33,BV1hn8m6FEcd,自测勿点,哇哦哦噢噢噢哦,2026-08-22 21:06:21,32.0,0.0,0.0,0.0,0.0,0.0,0.0,1.0,
2026-08-23 19:00:07,BV1DE8m68E2D,34,BV1DE8m68E2D,自测勿点,半柚奶序,2026-08-22 21:10:31,97.0,2.0,0.0,1.0,0.0,0.0,0.0,1.0,
2026-08-23 19:00:07,BV1jM8m6MEoA,35,BV1jM8m6MEoA,自测，勿点进,Camellia不是cc,2026-08-22 20:29:58,9.0,0.0,0.0,1.0,0.0,0.0,0.0,1.0,
2026-08-23 19:00:07,BV1gE8m6hEJ2,36,BV1gE8m6hEJ2,自测勿点,萌羊叫眠羊,2026-08-22 21:11:17,5.0,0.0,0.0,0.0,0.0,0.0,0.0,1.0,
2026-08-23 19:00:07,BV15V8S6kEYA,37,BV15V8S6kEYA,自测,kuaiqushuijiaoba,2026-08-22 23:32:08,10.0,0.0,0.0,0.0,0.0,0.0,0.0,1.0,
2026-08-23 19:00:07,BV1vG8S6VEgc,38,BV1vG8S6VEgc,8.23自测,萌是天生命TvT,2026-08-22 23:34:07,136.0,0.0,0.0,1.0,0.0,0.0,0.0,1.0,
2026-08-23 19:00:07,BV1Zg8S6CEu5,39,BV1Zg8S6CEu5,自测勿点3,北纬咩雪刊,2026-08-22 23:54:46,56.0,0.0,0.0,0.0,0.0,0.0,0.0,1.0,
2026-08-23 19:00:07,BV1s8BvBPEN5,40,BV1s8BvBPEN5,【杨博文｜4K舞台直拍】好运来祝你好运来～博文宝宝祝你新年好运来,关键时刻来瓶尖叫,2025-12-27 00:43:12,1915405.0,35022.0,17111.0,32446.0,19589.0,4336.0,4873.0,1.0,
2026-08-23 19:00:07,BV1XA6nBGEPV,41,BV1XA6nBGEPV,【4K精剪】希区考克 作品152 | 杨博文直拍 | 260131,underthepoplar,2026-02-01 00:23:17,1945402.0,24060.0,22493.0,20178.0,19010.0,4020.0,6938.0,1.0,
2026-08-23 19:30:09,https://www.bilibili.com/video/BV1GdgW6JEe9/?spm_id_from=333.1387.favlist.content.click&vd_source=406d0cf895bedbdc58a3d0130d55e34c,0,BV1GdgW6JEe9,【杨博文｜4k直拍】Whiplash 双日直拍混剪,关键时刻来瓶尖叫,2026-08-13 23:45:41,210685.0,27595.0,22594.0,21126.0,6692.0,4635.0,8070.0,29.0,
2026-08-23 19:30:09,https://www.bilibili.com/video/BV1W5gs6KEhr/?spm_id_from=333.1387.favlist.content.click&vd_source=406d0cf895bedbdc58a3d0130d55e34c,1,BV1W5gs6KEhr,【4K精剪】异常加载中 | 杨博文直拍 | 260813,underthepoplar,2026-08-13 22:44:57,178130.0,22997.0,15673.0,17038.0,5999.0,7319.0,8511.0,28.0,
2026-08-23 19:30:09,https://www.bilibili.com/video/BV1VFbd6QEjw/spm_id_from=333.1387.favlist.content.click&vd_source=406d0cf895bedbdc58a3d0130d55e34c,2,BV1VFbd6QEjw,【杨博文｜4k直拍】管他什么音乐 直拍,关键时刻来瓶尖叫,2026-08-16 23:08:52,84207.0,5951.0,3510.0,4613.0,2393.0,562.0,484.0,15.0,
2026-08-23 19:30:09,https://www.bilibili.com/video/BV1xebR6zEkr/?spm_id_from=333.1387.favlist.content.click&vd_source=406d0cf895bedbdc58a3d0130d55e34c,3,BV1xebR6zEkr,【4K精剪】Attention | 杨博文直拍 | 260816,underthepoplar,2026-08-16 23:54:18,172968.0,15482.0,9939.0,12791.0,2854.0,1373.0,2398.0,39.0,
2026-08-23 19:30:09,https://www.bilibili.com/video/BV1s3gs6MEej/?spm_id_from=333.1387.favlist.content.click&vd_source=406d0cf895bedbdc58a3d0130d55e34c,4,BV1s3gs6MEej,【杨博文｜4k直拍】爱的初体验 直拍,关键时刻来瓶尖叫,2026-08-13 22:46:37,112559.0,12478.0,6666.0,9679.0,3184.0,520.0,2490.0,18.0,
2026-08-23 19:30:09,https://www.bilibili.com/video/BV1E2bR6hEJR/?spm_id_from=333.1387.favlist.content.click&vd_source=406d0cf895bedbdc58a3d0130d55e34c,5,BV1E2bR6hEJR,【杨博文】Attention丨直拍横屏丨16岁高中生内娱主舞的舞台掌控力丨8.16双机位4k精剪,Kismet丨杨博文,2026-08-16 22:13:05,241439.0,27137.0,13501.0,18956.0,3973.0,9383.0,11208.0,246.0,
2026-08-23 19:30:09,https://www.bilibili.com/video/BV1Rib96EE3F/?spm_id_from=333.1387.favlist.content.click&vd_source=406d0cf895bedbdc58a3d0130d55e34c,6,BV1Rib96EE3F,260816 【杨博文】春雪  竖屏4k直拍,meetsummer丨杨博文,2026-08-17 01:54:42,39241.0,8406.0,3410.0,4588.0,1567.0,719.0,722.0,13.0,
2026-08-23 19:30:09,https://www.bilibili.com/video/BV18jgg6BEAd/?spm_id_from=333.1387.favlist.content.click&vd_source=406d0cf895bedbdc58a3d0130d55e34c,7,BV18jgg6BEAd,【4K精剪】摇曳！摇曳！ | 杨博文直拍 | 260813 & 260814,underthepoplar,2026-08-15 13:26:46,66193.0,9746.0,7061.0,6450.0,2595.0,456.0,1111.0,25.0,
2026-08-23 19:30:09,https://www.bilibili.com/video/BV1A5vkB2E1k/?spm_id_from=333.1387.favlist.content.click&vd_source=406d0cf895bedbdc58a3d0130d55e34c,8,BV1A5vkB2E1k,【杨博文】Hey Mama六机位纯舞直拍丨15岁舞台统治者的诞生，四代主舞燃炸全场！,Kismet丨杨博文,2025-12-28 22:28:16,2808055.0,65571.0,45826.0,47953.0,27575.0,13662.0,22006.0,2.0,
2026-08-23 19:30:09,https://www.bilibili.com/video/BV1mJ64BREZY/?spm_id_from=333.337.search-card.all.click&vd_source=406d0cf895bedbdc58a3d0130d55e34c,9,BV1mJ64BREZY,【杨博文】闭嘴跳舞丨当主舞穿上西装就会得到,Kismet丨杨博文,2026-02-01 18:31:00,622071.0,35174.0,4037.0,25446.0,8600.0,447.0,654.0,1.0,
2026-08-23 19:30:09,BV1Qu816ZEoy,10,BV1Qu816ZEoy,测试用，勿点，谢谢,猫球不是毛球啊,2026-08-22 16:55:19,165.0,2.0,0.0,0.0,0.0,0.0,0.0,1.0,
2026-08-23 19:30:09,BV1Vd8B65EkU,11,BV1Vd8B65EkU,0822.3,dddddash6,2026-08-21 21:49:36,113.0,0.0,0.0,1.0,0.0,0.0,0.0,1.0,
2026-08-23 19:30:09,BV1fT8S61Ejo,12,BV1fT8S61Ejo,十一（23）,爱动手的法学生,2026-08-22 23:46:38,108.0,0.0,0.0,0.0,0.0,0.0,0.0,1.0,
2026-08-23 19:30:09,BV1bf816sE8P,13,BV1bf816sE8P,自测，误点,橙子小姐_sheep,2026-08-22 14:38:54,157.0,0.0,0.0,2.0,0.0,0.0,0.0,1.0,
2026-08-23 19:30:09,BV1Te8K6uEJt,14,BV1Te8K6uEJt,勿进勿进勿进！自测 安卓0821,cannndy_,2026-08-21 08:57:55,162.0,0.0,0.0,1.0,0.0,0.0,0.0,1.0,
2026-08-23 19:30:09,BV1au816oEjs,15,BV1au816oEjs,手机自测,熙熙哈哈oO,2026-08-22 16:55:10,92.0,0.0,0.0,0.0,0.0,0.0,0.0,1.0,
2026-08-23 19:30:09,BV1qw816eE1d,16,BV1qw816eE1d,8.22 自测视频 勿点,dgsaydhakjdhjk,2026-08-22 16:56:23,338.0,0.0,0.0,0.0,0.0,0.0,0.0,1.0,
2026-08-23 19:30:09,BV1ci8163ECY,17,BV1ci8163ECY,自测勿点,不完美是常态_,2026-08-22 15:39:32,50.0,0.0,0.0,0.0,0.0,0.0,0.0,1.0,
2026-08-23 19:30:09,BV1dw816YEau,18,BV1dw816YEau,测试（勿点）,低能量地活着,2026-08-22 16:59:54,27.0,0.0,0.0,0.0,0.0,0.0,0.0,1.0,
2026-08-23 19:30:09,BV1jg8S6yEuV,19,BV1jg8S6yEuV,自测视频,only筱筱,2026-08-22 23:58:01,196.0,1.0,0.0,0.0,0.0,0.0,0.0,1.0,
2026-08-23 19:30:09,BV1z6816qEbo,20,BV1z6816qEbo,自用,dddii点点,2026-08-22 16:38:15,228.0,1.0,0.0,0.0,0.0,0.0,0.0,1.0,
2026-08-23 19:30:09,BV1eM8168E9p,21,BV1eM8168E9p,自测勿点！！！！,dd鱿鱼须,2026-08-22 16:39:08,174.0,0.0,0.0,1.0,0.0,0.0,0.0,1.0,
2026-08-23 19:30:09,BV14i8M61EdN,22,BV14i8M61EdN,sz,我素质低你让让我,2026-08-21 12:22:44,117.0,0.0,0.0,0.0,0.0,0.0,0.0,1.0,
2026-08-23 19:30:09,BV12A826QEK4,23,BV12A826QEK4,自测 禁点,哈哈哈哈哈11_,2026-08-22 15:15:37,64.0,0.0,0.0,0.0,0.0,0.0,0.0,1.0,
2026-08-23 19:30:09,BV1St8S6wE33,24,BV1St8S6wE33,自测哦,半夏哒哒哒,2026-08-23 00:18:35,59.0,0.0,0.0,0.0,0.0,0.0,0.0,1.0,
2026-08-23 19:30:09,BV1bwbh65Eh7,25,BV1bwbh65Eh7,自测视频！勿点0817,摸鱼堡成员,2026-08-17 09:36:15,172.0,1.0,0.0,0.0,0.0,0.0,0.0,1.0,
2026-08-23 19:30:09,BV15B8r6WEQ3,26,BV15B8r6WEQ3,8.22自测勿点,刘海打歪了,2026-08-22 09:19:46,53.0,0.0,0.0,0.0,0.0,0.0,0.0,1.0,
2026-08-23 19:30:09,BV1ET8S62EvB,27,BV1ET8S62EvB,【牛小Bala】视频已打包，欢迎围观！,牛小Bala,2026-08-22 23:47:03,74.0,0.0,0.0,0.0,0.0,0.0,0.0,1.0,
2026-08-23 19:30:09,BV1kS8y6kEA8,28,BV1kS8y6kEA8,自测 勿点,MENYAOOO,2026-08-22 18:41:15,139.0,0.0,0.0,0.0,0.0,0.0,0.0,1.0,
2026-08-23 19:30:09,BV1pX8y66ELf,29,BV1pX8y66ELf,自测请勿点击,风枷锁,2026-08-22 18:47:46,142.0,1.0,0.0,1.0,0.0,0.0,0.0,1.0,
2026-08-23 19:30:09,BV1uz8y6JEAr,30,BV1uz8y6JEAr,【起司不是qs】第一支视频求三连！,起司不是qs,2026-08-22 18:20:23,64.0,0.0,0.0,0.0,0.0,0.0,0.0,1.0,
2026-08-23 19:30:09,BV1mx8m6REbb,31,BV1mx8m6REbb,自测,甜奶味羊咩,2026-08-22 20:49:17,42.0,0.0,0.0,0.0,0.0,0.0,0.0,1.0,
2026-08-23 19:30:09,BV1du8S65E6x,32,BV1du8S65E6x,测测测,羊咩_0601,2026-08-23 00:02:02,53.0,0.0,0.0,0.0,0.0,0.0,0.0,1.0,
2026-08-23 19:30:09,BV1hn8m6FEcd,33,BV1hn8m6FEcd,自测勿点,哇哦哦噢噢噢哦,2026-08-22 21:06:21,32.0,0.0,0.0,0.0,0.0,0.0,0.0,1.0,
2026-08-23 19:30:09,BV1DE8m68E2D,34,BV1DE8m68E2D,自测勿点,半柚奶序,2026-08-22 21:10:31,102.0,2.0,0.0,1.0,0.0,0.0,0.0,1.0,
2026-08-23 19:30:09,BV1jM8m6MEoA,35,BV1jM8m6MEoA,自测，勿点进,Camellia不是cc,2026-08-22 20:29:58,9.0,0.0,0.0,1.0,0.0,0.0,0.0,1.0,
2026-08-23 19:30:09,BV1gE8m6hEJ2,36,BV1gE8m6hEJ2,自测勿点,萌羊叫眠羊,2026-08-22 21:11:17,5.0,0.0,0.0,0.0,0.0,0.0,0.0,1.0,
2026-08-23 19:30:09,BV15V8S6kEYA,37,BV15V8S6kEYA,自测,kuaiqushuijiaoba,2026-08-22 23:32:08,10.0,0.0,0.0,0.0,0.0,0.0,0.0,1.0,
2026-08-23 19:30:09,BV1vG8S6VEgc,38,BV1vG8S6VEgc,8.23自测,萌是天生命TvT,2026-08-22 23:34:07,141.0,0.0,0.0,1.0,0.0,0.0,0.0,1.0,
2026-08-23 19:30:09,BV1Zg8S6CEu5,39,BV1Zg8S6CEu5,自测勿点3,北纬咩雪刊,2026-08-22 23:54:46,56.0,0.0,0.0,0.0,0.0,0.0,0.0,1.0,
2026-08-23 19:30:09,BV1s8BvBPEN5,40,BV1s8BvBPEN5,【杨博文｜4K舞台直拍】好运来祝你好运来～博文宝宝祝你新年好运来,关键时刻来瓶尖叫,2025-12-27 00:43:12,1915409.0,35023.0,17111.0,32445.0,19589.0,4336.0,4873.0,1.0,
2026-08-23 19:30:09,BV1XA6nBGEPV,41,BV1XA6nBGEPV,【4K精剪】希区考克 作品152 | 杨博文直拍 | 260131,underthepoplar,2026-02-01 00:23:17,1945412.0,24062.0,22493.0,20178.0,19010.0,4020.0,6938.0,1.0,
2026-08-23 19:50:00,https://www.bilibili.com/video/BV1GdgW6JEe9/?spm_id_from=333.1387.favlist.content.click&vd_source=406d0cf895bedbdc58a3d0130d55e34c,0,BV1GdgW6JEe9,【杨博文｜4k直拍】Whiplash 双日直拍混剪,关键时刻来瓶尖叫,2026-08-13 23:45:41,210865.0,27606.0,22595.0,21131.0,6693.0,4635.0,8070.0,31.0,
2026-08-23 19:50:00,https://www.bilibili.com/video/BV1W5gs6KEhr/?spm_id_from=333.1387.favlist.content.click&vd_source=406d0cf895bedbdc58a3d0130d55e34c,1,BV1W5gs6KEhr,【4K精剪】异常加载中 | 杨博文直拍 | 260813,underthepoplar,2026-08-13 22:44:57,178249.0,23003.0,15677.0,17047.0,6001.0,7319.0,8511.0,27.0,
2026-08-23 19:50:00,https://www.bilibili.com/video/BV1VFbd6QEjw/spm_id_from=333.1387.favlist.content.click&vd_source=406d0cf895bedbdc58a3d0130d55e34c,2,BV1VFbd6QEjw,【杨博文｜4k直拍】管他什么音乐 直拍,关键时刻来瓶尖叫,2026-08-16 23:08:52,84241.0,5953.0,3510.0,4614.0,2394.0,562.0,484.0,16.0,
2026-08-23 19:50:00,https://www.bilibili.com/video/BV1xebR6zEkr/?spm_id_from=333.1387.favlist.content.click&vd_source=406d0cf895bedbdc58a3d0130d55e34c,3,BV1xebR6zEkr,【4K精剪】Attention | 杨博文直拍 | 260816,underthepoplar,2026-08-16 23:54:18,173165.0,15493.0,9943.0,12802.0,2856.0,1373.0,2398.0,54.0,
2026-08-23 19:50:00,https://www.bilibili.com/video/BV1s3gs6MEej/?spm_id_from=333.1387.favlist.content.click&vd_source=406d0cf895bedbdc58a3d0130d55e34c,4,BV1s3gs6MEej,【杨博文｜4k直拍】爱的初体验 直拍,关键时刻来瓶尖叫,2026-08-13 22:46:37,112645.0,12482.0,6668.0,9683.0,3185.0,520.0,2490.0,24.0,
2026-08-23 19:50:00,https://www.bilibili.com/video/BV1E2bR6hEJR/?spm_id_from=333.1387.favlist.content.click&vd_source=406d0cf895bedbdc58a3d0130d55e34c,5,BV1E2bR6hEJR,【杨博文】Attention丨直拍横屏丨16岁高中生内娱主舞的舞台掌控力丨8.16双机位4k精剪,Kismet丨杨博文,2026-08-16 22:13:05,241702.0,27161.0,13507.0,18977.0,3976.0,9383.0,11214.0,240.0,
2026-08-23 19:50:00,https://www.bilibili.com/video/BV1Rib96EE3F/?spm_id_from=333.1387.favlist.content.click&vd_source=406d0cf895bedbdc58a3d0130d55e34c,6,BV1Rib96EE3F,260816 【杨博文】春雪  竖屏4k直拍,meetsummer丨杨博文,2026-08-17 01:54:42,39324.0,8413.0,3410.0,4592.0,1567.0,719.0,722.0,9.0,
2026-08-23 19:50:00,https://www.bilibili.com/video/BV18jgg6BEAd/?spm_id_from=333.1387.favlist.content.click&vd_source=406d0cf895bedbdc58a3d0130d55e34c,7,BV18jgg6BEAd,【4K精剪】摇曳！摇曳！ | 杨博文直拍 | 260813 & 260814,underthepoplar,2026-08-15 13:26:46,66241.0,9750.0,7061.0,6455.0,2596.0,456.0,1113.0,21.0,
2026-08-23 19:50:00,https://www.bilibili.com/video/BV1A5vkB2E1k/?spm_id_from=333.1387.favlist.content.click&vd_source=406d0cf895bedbdc58a3d0130d55e34c,8,BV1A5vkB2E1k,【杨博文】Hey Mama六机位纯舞直拍丨15岁舞台统治者的诞生，四代主舞燃炸全场！,Kismet丨杨博文,2025-12-28 22:28:16,2808071.0,65573.0,45826.0,47953.0,27576.0,13662.0,22006.0,3.0,
2026-08-23 19:50:00,https://www.bilibili.com/video/BV1mJ64BREZY/?spm_id_from=333.337.search-card.all.click&vd_source=406d0cf895bedbdc58a3d0130d55e34c,9,BV1mJ64BREZY,【杨博文】闭嘴跳舞丨当主舞穿上西装就会得到,Kismet丨杨博文,2026-02-01 18:31:00,622071.0,35174.0,4037.0,25446.0,8600.0,447.0,654.0,1.0,
2026-08-23 19:50:00,BV1Qu816ZEoy,10,BV1Qu816ZEoy,测试用，勿点，谢谢,猫球不是毛球啊,2026-08-22 16:55:19,165.0,2.0,0.0,0.0,0.0,0.0,0.0,1.0,
2026-08-23 19:50:00,BV1Vd8B65EkU,11,BV1Vd8B65EkU,0822.3,dddddash6,2026-08-21 21:49:36,113.0,0.0,0.0,1.0,0.0,0.0,0.0,1.0,
2026-08-23 19:50:00,BV1fT8S61Ejo,12,BV1fT8S61Ejo,十一（23）,爱动手的法学生,2026-08-22 23:46:38,108.0,0.0,0.0,0.0,0.0,0.0,0.0,1.0,
2026-08-23 19:50:00,BV1bf816sE8P,13,BV1bf816sE8P,自测，误点,橙子小姐_sheep,2026-08-22 14:38:54,157.0,0.0,0.0,2.0,0.0,0.0,0.0,1.0,
2026-08-23 19:50:00,BV1Te8K6uEJt,14,BV1Te8K6uEJt,勿进勿进勿进！自测 安卓0821,cannndy_,2026-08-21 08:57:55,162.0,0.0,0.0,1.0,0.0,0.0,0.0,1.0,
2026-08-23 19:50:00,BV1au816oEjs,15,BV1au816oEjs,手机自测,熙熙哈哈oO,2026-08-22 16:55:10,95.0,0.0,0.0,0.0,0.0,0.0,0.0,1.0,
2026-08-23 19:50:00,BV1qw816eE1d,16,BV1qw816eE1d,8.22 自测视频 勿点,dgsaydhakjdhjk,2026-08-22 16:56:23,338.0,0.0,0.0,0.0,0.0,0.0,0.0,1.0,
2026-08-23 19:50:00,BV1ci8163ECY,17,BV1ci8163ECY,自测勿点,不完美是常态_,2026-08-22 15:39:32,50.0,0.0,0.0,0.0,0.0,0.0,0.0,1.0,
2026-08-23 19:50:00,BV1dw816YEau,18,BV1dw816YEau,测试（勿点）,低能量地活着,2026-08-22 16:59:54,27.0,0.0,0.0,0.0,0.0,0.0,0.0,1.0,
2026-08-23 19:50:00,BV1jg8S6yEuV,19,BV1jg8S6yEuV,自测视频,only筱筱,2026-08-22 23:58:01,196.0,1.0,0.0,0.0,0.0,0.0,0.0,1.0,
2026-08-23 19:50:00,BV1z6816qEbo,20,BV1z6816qEbo,自用,dddii点点,2026-08-22 16:38:15,228.0,1.0,0.0,0.0,0.0,0.0,0.0,1.0,
2026-08-23 19:50:00,BV1eM8168E9p,21,BV1eM8168E9p,自测勿点！！！！,dd鱿鱼须,2026-08-22 16:39:08,177.0,0.0,0.0,1.0,0.0,0.0,0.0,1.0,
2026-08-23 19:50:00,BV14i8M61EdN,22,BV14i8M61EdN,sz,我素质低你让让我,2026-08-21 12:22:44,117.0,0.0,0.0,0.0,0.0,0.0,0.0,1.0,
2026-08-23 19:50:00,BV12A826QEK4,23,BV12A826QEK4,自测 禁点,哈哈哈哈哈11_,2026-08-22 15:15:37,67.0,0.0,0.0,0.0,0.0,0.0,0.0,1.0,
2026-08-23 19:50:00,BV1St8S6wE33,24,BV1St8S6wE33,自测哦,半夏哒哒哒,2026-08-23 00:18:35,63.0,0.0,0.0,0.0,0.0,0.0,0.0,1.0,
2026-08-23 19:50:00,BV1bwbh65Eh7,25,BV1bwbh65Eh7,自测视频！勿点0817,摸鱼堡成员,2026-08-17 09:36:15,175.0,1.0,0.0,0.0,0.0,0.0,0.0,1.0,
2026-08-23 19:50:00,BV15B8r6WEQ3,26,BV15B8r6WEQ3,8.22自测勿点,刘海打歪了,2026-08-22 09:19:46,53.0,0.0,0.0,0.0,0.0,0.0,0.0,1.0,
2026-08-23 19:50:00,BV1ET8S62EvB,27,BV1ET8S62EvB,【牛小Bala】视频已打包，欢迎围观！,牛小Bala,2026-08-22 23:47:03,74.0,0.0,0.0,0.0,0.0,0.0,0.0,1.0,
2026-08-23 19:50:00,BV1kS8y6kEA8,28,BV1kS8y6kEA8,自测 勿点,MENYAOOO,2026-08-22 18:41:15,142.0,0.0,0.0,0.0,0.0,0.0,0.0,1.0,
2026-08-23 19:50:00,BV1pX8y66ELf,29,BV1pX8y66ELf,自测请勿点击,风枷锁,2026-08-22 18:47:46,142.0,1.0,0.0,1.0,0.0,0.0,0.0,1.0,
2026-08-23 19:50:00,BV1uz8y6JEAr,30,BV1uz8y6JEAr,【起司不是qs】第一支视频求三连！,起司不是qs,2026-08-22 18:20:23,64.0,0.0,0.0,0.0,0.0,0.0,0.0,1.0,
2026-08-23 19:50:00,BV1mx8m6REbb,31,BV1mx8m6REbb,自测,甜奶味羊咩,2026-08-22 20:49:17,42.0,0.0,0.0,0.0,0.0,0.0,0.0,1.0,
2026-08-23 19:50:00,BV1du8S65E6x,32,BV1du8S65E6x,测测测,羊咩_0601,2026-08-23 00:02:02,53.0,0.0,0.0,0.0,0.0,0.0,0.0,1.0,
2026-08-23 19:50:00,BV1hn8m6FEcd,33,BV1hn8m6FEcd,自测勿点,哇哦哦噢噢噢哦,2026-08-22 21:06:21,32.0,0.0,0.0,0.0,0.0,0.0,0.0,1.0,
2026-08-23 19:50:00,BV1DE8m68E2D,34,BV1DE8m68E2D,自测勿点,半柚奶序,2026-08-22 21:10:31,105.0,2.0,0.0,1.0,0.0,0.0,0.0,1.0,
2026-08-23 19:50:00,BV1jM8m6MEoA,35,BV1jM8m6MEoA,自测，勿点进,Camellia不是cc,2026-08-22 20:29:58,9.0,0.0,0.0,1.0,0.0,0.0,0.0,1.0,
2026-08-23 19:50:00,BV1gE8m6hEJ2,36,BV1gE8m6hEJ2,自测勿点,萌羊叫眠羊,2026-08-22 21:11:17,5.0,0.0,0.0,0.0,0.0,0.0,0.0,1.0,
2026-08-23 19:50:00,BV15V8S6kEYA,37,BV15V8S6kEYA,自测,kuaiqushuijiaoba,2026-08-22 23:32:08,10.0,0.0,0.0,0.0,0.0,0.0,0.0,1.0,
2026-08-23 19:50:00,BV1vG8S6VEgc,38,BV1vG8S6VEgc,8.23自测,萌是天生命TvT,2026-08-22 23:34:07,144.0,0.0,0.0,1.0,0.0,0.0,0.0,1.0,
2026-08-23 19:50:00,BV1Zg8S6CEu5,39,BV1Zg8S6CEu5,自测勿点3,北纬咩雪刊,2026-08-22 23:54:46,56.0,0.0,0.0,0.0,0.0,0.0,0.0,1.0,
2026-08-23 19:50:00,BV1s8BvBPEN5,40,BV1s8BvBPEN5,【杨博文｜4K舞台直拍】好运来祝你好运来～博文宝宝祝你新年好运来,关键时刻来瓶尖叫,2025-12-27 00:43:12,1915412.0,35023.0,17111.0,32445.0,19589.0,4336.0,4873.0,1.0,
2026-08-23 19:50:00,BV1XA6nBGEPV,41,BV1XA6nBGEPV,【4K精剪】希区考克 作品152 | 杨博文直拍 | 260131,underthepoplar,2026-02-01 00:23:17,1945421.0,24063.0,22493.0,20179.0,19010.0,4020.0,6938.0,1.0,
2026-08-23 20:00:01,https://www.bilibili.com/video/BV1GdgW6JEe9/?spm_id_from=333.1387.favlist.content.click&vd_source=406d0cf895bedbdc58a3d0130d55e34c,0,BV1GdgW6JEe9,【杨博文｜4k直拍】Whiplash 双日直拍混剪,关键时刻来瓶尖叫,2026-08-13 23:45:41,210952.0,27611.0,22597.0,21133.0,6696.0,4635.0,8072.0,32.0,
2026-08-23 20:00:01,https://www.bilibili.com/video/BV1W5gs6KEhr/?spm_id_from=333.1387.favlist.content.click&vd_source=406d0cf895bedbdc58a3d0130d55e34c,1,BV1W5gs6KEhr,【4K精剪】异常加载中 | 杨博文直拍 | 260813,underthepoplar,2026-08-13 22:44:57,178299.0,23008.0,15679.0,17048.0,6003.0,7319.0,8511.0,22.0,
2026-08-23 20:00:01,https://www.bilibili.com/video/BV1VFbd6QEjw/spm_id_from=333.1387.favlist.content.click&vd_source=406d0cf895bedbdc58a3d0130d55e34c,2,BV1VFbd6QEjw,【杨博文｜4k直拍】管他什么音乐 直拍,关键时刻来瓶尖叫,2026-08-16 23:08:52,84253.0,5956.0,3510.0,4616.0,2396.0,562.0,484.0,17.0,
2026-08-23 20:00:01,https://www.bilibili.com/video/BV1xebR6zEkr/?spm_id_from=333.1387.favlist.content.click&vd_source=406d0cf895bedbdc58a3d0130d55e34c,3,BV1xebR6zEkr,【4K精剪】Attention | 杨博文直拍 | 260816,underthepoplar,2026-08-16 23:54:18,173276.0,15498.0,9944.0,12806.0,2858.0,1373.0,2398.0,44.0,
2026-08-23 20:00:01,https://www.bilibili.com/video/BV1s3gs6MEej/?spm_id_from=333.1387.favlist.content.click&vd_source=406d0cf895bedbdc58a3d0130d55e34c,4,BV1s3gs6MEej,【杨博文｜4k直拍】爱的初体验 直拍,关键时刻来瓶尖叫,2026-08-13 22:46:37,112689.0,12487.0,6668.0,9683.0,3187.0,520.0,2490.0,17.0,
2026-08-23 20:00:01,https://www.bilibili.com/video/BV1E2bR6hEJR/?spm_id_from=333.1387.favlist.content.click&vd_source=406d0cf895bedbdc58a3d0130d55e34c,5,BV1E2bR6hEJR,【杨博文】Attention丨直拍横屏丨16岁高中生内娱主舞的舞台掌控力丨8.16双机位4k精剪,Kismet丨杨博文,2026-08-16 22:13:05,241824.0,27174.0,13509.0,18986.0,3979.0,9384.0,11220.0,248.0,
2026-08-23 20:00:01,https://www.bilibili.com/video/BV1Rib96EE3F/?spm_id_from=333.1387.favlist.content.click&vd_source=406d0cf895bedbdc58a3d0130d55e34c,6,BV1Rib96EE3F,260816 【杨博文】春雪  竖屏4k直拍,meetsummer丨杨博文,2026-08-17 01:54:42,39360.0,8416.0,3410.0,4593.0,1570.0,719.0,722.0,10.0,
2026-08-23 20:00:01,https://www.bilibili.com/video/BV18jgg6BEAd/?spm_id_from=333.1387.favlist.content.click&vd_source=406d0cf895bedbdc58a3d0130d55e34c,7,BV18jgg6BEAd,【4K精剪】摇曳！摇曳！ | 杨博文直拍 | 260813 & 260814,underthepoplar,2026-08-15 13:26:46,66267.0,9752.0,7064.0,6456.0,2599.0,456.0,1114.0,15.0,
2026-08-23 20:00:01,https://www.bilibili.com/video/BV1A5vkB2E1k/?spm_id_from=333.1387.favlist.content.click&vd_source=406d0cf895bedbdc58a3d0130d55e34c,8,BV1A5vkB2E1k,【杨博文】Hey Mama六机位纯舞直拍丨15岁舞台统治者的诞生，四代主舞燃炸全场！,Kismet丨杨博文,2025-12-28 22:28:16,2808079.0,65573.0,45826.0,47953.0,27578.0,13662.0,22006.0,1.0,
2026-08-23 20:00:01,https://www.bilibili.com/video/BV1mJ64BREZY/?spm_id_from=333.337.search-card.all.click&vd_source=406d0cf895bedbdc58a3d0130d55e34c,9,BV1mJ64BREZY,【杨博文】闭嘴跳舞丨当主舞穿上西装就会得到,Kismet丨杨博文,2026-02-01 18:31:00,622071.0,35174.0,4037.0,25446.0,8600.0,447.0,654.0,1.0,
2026-08-23 20:00:01,BV1Qu816ZEoy,10,BV1Qu816ZEoy,测试用，勿点，谢谢,猫球不是毛球啊,2026-08-22 16:55:19,165.0,2.0,0.0,0.0,0.0,0.0,0.0,1.0,
2026-08-23 20:00:01,BV1Vd8B65EkU,11,BV1Vd8B65EkU,0822.3,dddddash6,2026-08-21 21:49:36,113.0,0.0,0.0,1.0,0.0,0.0,0.0,1.0,
2026-08-23 20:00:01,BV1fT8S61Ejo,12,BV1fT8S61Ejo,十一（23）,爱动手的法学生,2026-08-22 23:46:38,108.0,0.0,0.0,0.0,0.0,0.0,0.0,1.0,
2026-08-23 20:00:01,BV1bf816sE8P,13,BV1bf816sE8P,自测，误点,橙子小姐_sheep,2026-08-22 14:38:54,157.0,0.0,0.0,2.0,0.0,0.0,0.0,1.0,
2026-08-23 20:00:01,BV1Te8K6uEJt,14,BV1Te8K6uEJt,勿进勿进勿进！自测 安卓0821,cannndy_,2026-08-21 08:57:55,162.0,0.0,0.0,1.0,0.0,0.0,0.0,1.0,
2026-08-23 20:00:01,BV1au816oEjs,15,BV1au816oEjs,手机自测,熙熙哈哈oO,2026-08-22 16:55:10,97.0,0.0,0.0,0.0,0.0,0.0,0.0,1.0,
2026-08-23 20:00:01,BV1qw816eE1d,16,BV1qw816eE1d,8.22 自测视频 勿点,dgsaydhakjdhjk,2026-08-22 16:56:23,338.0,0.0,0.0,0.0,0.0,0.0,0.0,1.0,
2026-08-23 20:00:01,BV1ci8163ECY,17,BV1ci8163ECY,自测勿点,不完美是常态_,2026-08-22 15:39:32,50.0,0.0,0.0,0.0,0.0,0.0,0.0,1.0,
2026-08-23 20:00:01,BV1dw816YEau,18,BV1dw816YEau,测试（勿点）,低能量地活着,2026-08-22 16:59:54,27.0,0.0,0.0,0.0,0.0,0.0,0.0,1.0,
2026-08-23 20:00:01,BV1jg8S6yEuV,19,BV1jg8S6yEuV,自测视频,only筱筱,2026-08-22 23:58:01,196.0,1.0,0.0,0.0,0.0,0.0,0.0,1.0,
2026-08-23 20:00:01,BV1z6816qEbo,20,BV1z6816qEbo,自用,dddii点点,2026-08-22 16:38:15,228.0,1.0,0.0,0.0,0.0,0.0,0.0,1.0,
2026-08-23 20:00:01,BV1eM8168E9p,21,BV1eM8168E9p,自测勿点！！！！,dd鱿鱼须,2026-08-22 16:39:08,179.0,0.0,0.0,1.0,0.0,0.0,0.0,1.0,
2026-08-23 20:00:01,BV14i8M61EdN,22,BV14i8M61EdN,sz,我素质低你让让我,2026-08-21 12:22:44,117.0,0.0,0.0,0.0,0.0,0.0,0.0,1.0,
2026-08-23 20:00:01,BV12A826QEK4,23,BV12A826QEK4,自测 禁点,哈哈哈哈哈11_,2026-08-22 15:15:37,68.0,0.0,0.0,0.0,0.0,0.0,0.0,1.0,
2026-08-23 20:00:01,BV1St8S6wE33,24,BV1St8S6wE33,自测哦,半夏哒哒哒,2026-08-23 00:18:35,64.0,0.0,0.0,0.0,0.0,0.0,0.0,1.0,
2026-08-23 20:00:01,BV1bwbh65Eh7,25,BV1bwbh65Eh7,自测视频！勿点0817,摸鱼堡成员,2026-08-17 09:36:15,176.0,1.0,0.0,0.0,0.0,0.0,0.0,1.0,
2026-08-23 20:00:01,BV15B8r6WEQ3,26,BV15B8r6WEQ3,8.22自测勿点,刘海打歪了,2026-08-22 09:19:46,53.0,0.0,0.0,0.0,0.0,0.0,0.0,1.0,
2026-08-23 20:00:01,BV1ET8S62EvB,27,BV1ET8S62EvB,【牛小Bala】视频已打包，欢迎围观！,牛小Bala,2026-08-22 23:47:03,74.0,0.0,0.0,0.0,0.0,0.0,0.0,1.0,
2026-08-23 20:00:01,BV1kS8y6kEA8,28,BV1kS8y6kEA8,自测 勿点,MENYAOOO,2026-08-22 18:41:15,143.0,0.0,0.0,0.0,0.0,0.0,0.0,1.0,
2026-08-23 20:00:01,BV1pX8y66ELf,29,BV1pX8y66ELf,自测请勿点击,风枷锁,2026-08-22 18:47:46,142.0,1.0,0.0,1.0,0.0,0.0,0.0,1.0,
2026-08-23 20:00:01,BV1uz8y6JEAr,30,BV1uz8y6JEAr,【起司不是qs】第一支视频求三连！,起司不是qs,2026-08-22 18:20:23,64.0,0.0,0.0,0.0,0.0,0.0,0.0,1.0,
2026-08-23 20:00:01,BV1mx8m6REbb,31,BV1mx8m6REbb,自测,甜奶味羊咩,2026-08-22 20:49:17,42.0,0.0,0.0,0.0,0.0,0.0,0.0,1.0,
2026-08-23 20:00:01,BV1du8S65E6x,32,BV1du8S65E6x,测测测,羊咩_0601,2026-08-23 00:02:02,53.0,0.0,0.0,0.0,0.0,0.0,0.0,1.0,
2026-08-23 20:00:01,BV1hn8m6FEcd,33,BV1hn8m6FEcd,自测勿点,哇哦哦噢噢噢哦,2026-08-22 21:06:21,32.0,0.0,0.0,0.0,0.0,0.0,0.0,1.0,
2026-08-23 20:00:01,BV1DE8m68E2D,34,BV1DE8m68E2D,自测勿点,半柚奶序,2026-08-22 21:10:31,107.0,2.0,0.0,1.0,0.0,0.0,0.0,1.0,
2026-08-23 20:00:01,BV1jM8m6MEoA,35,BV1jM8m6MEoA,自测，勿点进,Camellia不是cc,2026-08-22 20:29:58,9.0,0.0,0.0,1.0,0.0,0.0,0.0,1.0,
2026-08-23 20:00:01,BV1gE8m6hEJ2,36,BV1gE8m6hEJ2,自测勿点,萌羊叫眠羊,2026-08-22 21:11:17,5.0,0.0,0.0,0.0,0.0,0.0,0.0,1.0,
2026-08-23 20:00:01,BV15V8S6kEYA,37,BV15V8S6kEYA,自测,kuaiqushuijiaoba,2026-08-22 23:32:08,10.0,0.0,0.0,0.0,0.0,0.0,0.0,1.0,
2026-08-23 20:00:01,BV1vG8S6VEgc,38,BV1vG8S6VEgc,8.23自测,萌是天生命TvT,2026-08-22 23:34:07,146.0,0.0,0.0,1.0,0.0,0.0,0.0,1.0,
2026-08-23 20:00:01,BV1Zg8S6CEu5,39,BV1Zg8S6CEu5,自测勿点3,北纬咩雪刊,2026-08-22 23:54:46,56.0,0.0,0.0,0.0,0.0,0.0,0.0,1.0,
2026-08-23 20:00:01,BV1s8BvBPEN5,40,BV1s8BvBPEN5,【杨博文｜4K舞台直拍】好运来祝你好运来～博文宝宝祝你新年好运来,关键时刻来瓶尖叫,2025-12-27 00:43:12,1915415.0,35025.0,17113.0,32447.0,19589.0,4336.0,4873.0,1.0,
2026-08-23 20:00:01,BV1XA6nBGEPV,41,BV1XA6nBGEPV,【4K精剪】希区考克 作品152 | 杨博文直拍 | 260131,underthepoplar,2026-02-01 00:23:17,1945424.0,24064.0,22493.0,20180.0,19010.0,4020.0,6938.0,1.0,
2026-08-23 20:30:03,https://www.bilibili.com/video/BV1GdgW6JEe9/?spm_id_from=333.1387.favlist.content.click&vd_source=406d0cf895bedbdc58a3d0130d55e34c,0,BV1GdgW6JEe9,【杨博文｜4k直拍】Whiplash 双日直拍混剪,关键时刻来瓶尖叫,2026-08-13 23:45:41,211244.0,27628.0,22606.0,21149.0,6704.0,4635.0,8076.0,29.0,
2026-08-23 20:30:03,https://www.bilibili.com/video/BV1W5gs6KEhr/?spm_id_from=333.1387.favlist.content.click&vd_source=406d0cf895bedbdc58a3d0130d55e34c,1,BV1W5gs6KEhr,【4K精剪】异常加载中 | 杨博文直拍 | 260813,underthepoplar,2026-08-13 22:44:57,178485.0,23018.0,15683.0,17059.0,6009.0,7322.0,8513.0,26.0,
2026-08-23 20:30:03,https://www.bilibili.com/video/BV1VFbd6QEjw/spm_id_from=333.1387.favlist.content.click&vd_source=406d0cf895bedbdc58a3d0130d55e34c,2,BV1VFbd6QEjw,【杨博文｜4k直拍】管他什么音乐 直拍,关键时刻来瓶尖叫,2026-08-16 23:08:52,84305.0,5962.0,3515.0,4618.0,2401.0,562.0,485.0,13.0,
2026-08-23 20:30:03,https://www.bilibili.com/video/BV1xebR6zEkr/?spm_id_from=333.1387.favlist.content.click&vd_source=406d0cf895bedbdc58a3d0130d55e34c,3,BV1xebR6zEkr,【4K精剪】Attention | 杨博文直拍 | 260816,underthepoplar,2026-08-16 23:54:18,173583.0,15527.0,9958.0,12835.0,2866.0,1373.0,2400.0,33.0,
2026-08-23 20:30:03,https://www.bilibili.com/video/BV1s3gs6MEej/?spm_id_from=333.1387.favlist.content.click&vd_source=406d0cf895bedbdc58a3d0130d55e34c,4,BV1s3gs6MEej,【杨博文｜4k直拍】爱的初体验 直拍,关键时刻来瓶尖叫,2026-08-13 22:46:37,112813.0,12494.0,6672.0,9687.0,3192.0,521.0,2491.0,15.0,
2026-08-23 20:30:03,https://www.bilibili.com/video/BV1E2bR6hEJR/?spm_id_from=333.1387.favlist.content.click&vd_source=406d0cf895bedbdc58a3d0130d55e34c,5,BV1E2bR6hEJR,【杨博文】Attention丨直拍横屏丨16岁高中生内娱主舞的舞台掌控力丨8.16双机位4k精剪,Kismet丨杨博文,2026-08-16 22:13:05,242276.0,27224.0,13535.0,19020.0,3989.0,9384.0,11227.0,259.0,
2026-08-23 20:30:03,https://www.bilibili.com/video/BV1Rib96EE3F/?spm_id_from=333.1387.favlist.content.click&vd_source=406d0cf895bedbdc58a3d0130d55e34c,6,BV1Rib96EE3F,260816 【杨博文】春雪  竖屏4k直拍,meetsummer丨杨博文,2026-08-17 01:54:42,39469.0,8432.0,3420.0,4599.0,1575.0,719.0,724.0,12.0,
2026-08-23 20:30:03,https://www.bilibili.com/video/BV18jgg6BEAd/?spm_id_from=333.1387.favlist.content.click&vd_source=406d0cf895bedbdc58a3d0130d55e34c,7,BV18jgg6BEAd,【4K精剪】摇曳！摇曳！ | 杨博文直拍 | 260813 & 260814,underthepoplar,2026-08-15 13:26:46,66361.0,9763.0,7072.0,6461.0,2605.0,456.0,1118.0,18.0,
2026-08-23 20:30:03,https://www.bilibili.com/video/BV1A5vkB2E1k/?spm_id_from=333.1387.favlist.content.click&vd_source=406d0cf895bedbdc58a3d0130d55e34c,8,BV1A5vkB2E1k,【杨博文】Hey Mama六机位纯舞直拍丨15岁舞台统治者的诞生，四代主舞燃炸全场！,Kismet丨杨博文,2025-12-28 22:28:16,2808115.0,65578.0,45832.0,47957.0,27584.0,13662.0,22006.0,2.0,
2026-08-23 20:30:03,https://www.bilibili.com/video/BV1mJ64BREZY/?spm_id_from=333.337.search-card.all.click&vd_source=406d0cf895bedbdc58a3d0130d55e34c,9,BV1mJ64BREZY,【杨博文】闭嘴跳舞丨当主舞穿上西装就会得到,Kismet丨杨博文,2026-02-01 18:31:00,622071.0,35174.0,4037.0,25446.0,8600.0,447.0,654.0,1.0,
2026-08-23 20:30:03,BV1Qu816ZEoy,10,BV1Qu816ZEoy,测试用，勿点，谢谢,猫球不是毛球啊,2026-08-22 16:55:19,165.0,2.0,0.0,0.0,0.0,0.0,0.0,1.0,
2026-08-23 20:30:03,BV1Vd8B65EkU,11,BV1Vd8B65EkU,0822.3,dddddash6,2026-08-21 21:49:36,113.0,0.0,0.0,1.0,0.0,0.0,0.0,1.0,
2026-08-23 20:30:03,BV1fT8S61Ejo,12,BV1fT8S61Ejo,十一（23）,爱动手的法学生,2026-08-22 23:46:38,108.0,0.0,0.0,0.0,0.0,0.0,0.0,1.0,
2026-08-23 20:30:03,BV1bf816sE8P,13,BV1bf816sE8P,自测，误点,橙子小姐_sheep,2026-08-22 14:38:54,157.0,0.0,0.0,2.0,0.0,0.0,0.0,1.0,
2026-08-23 20:30:03,BV1Te8K6uEJt,14,BV1Te8K6uEJt,勿进勿进勿进！自测 安卓0821,cannndy_,2026-08-21 08:57:55,162.0,0.0,0.0,1.0,0.0,0.0,0.0,1.0,
2026-08-23 20:30:03,BV1au816oEjs,15,BV1au816oEjs,手机自测,熙熙哈哈oO,2026-08-22 16:55:10,100.0,0.0,0.0,0.0,0.0,0.0,0.0,1.0,
2026-08-23 20:30:03,BV1qw816eE1d,16,BV1qw816eE1d,8.22 自测视频 勿点,dgsaydhakjdhjk,2026-08-22 16:56:23,338.0,0.0,0.0,0.0,0.0,0.0,0.0,1.0,
2026-08-23 20:30:03,BV1ci8163ECY,17,BV1ci8163ECY,自测勿点,不完美是常态_,2026-08-22 15:39:32,50.0,0.0,0.0,0.0,0.0,0.0,0.0,1.0,
2026-08-23 20:30:03,BV1dw816YEau,18,BV1dw816YEau,测试（勿点）,低能量地活着,2026-08-22 16:59:54,27.0,0.0,0.0,0.0,0.0,0.0,0.0,1.0,
2026-08-23 20:30:03,BV1jg8S6yEuV,19,BV1jg8S6yEuV,自测视频,only筱筱,2026-08-22 23:58:01,196.0,1.0,0.0,0.0,0.0,0.0,0.0,1.0,
2026-08-23 20:30:03,BV1z6816qEbo,20,BV1z6816qEbo,自用,dddii点点,2026-08-22 16:38:15,228.0,1.0,0.0,0.0,0.0,0.0,0.0,1.0,
2026-08-23 20:30:03,BV1eM8168E9p,21,BV1eM8168E9p,自测勿点！！！！,dd鱿鱼须,2026-08-22 16:39:08,180.0,0.0,0.0,1.0,0.0,0.0,0.0,1.0,
2026-08-23 20:30:03,BV14i8M61EdN,22,BV14i8M61EdN,sz,我素质低你让让我,2026-08-21 12:22:44,121.0,0.0,0.0,0.0,0.0,0.0,0.0,1.0,
2026-08-23 20:30:03,BV12A826QEK4,23,BV12A826QEK4,自测 禁点,哈哈哈哈哈11_,2026-08-22 15:15:37,73.0,0.0,0.0,0.0,0.0,0.0,0.0,1.0,
2026-08-23 20:30:03,BV1St8S6wE33,24,BV1St8S6wE33,自测哦,半夏哒哒哒,2026-08-23 00:18:35,69.0,0.0,0.0,0.0,0.0,0.0,0.0,1.0,
2026-08-23 20:30:03,BV1bwbh65Eh7,25,BV1bwbh65Eh7,自测视频！勿点0817,摸鱼堡成员,2026-08-17 09:36:15,179.0,1.0,0.0,0.0,0.0,0.0,0.0,1.0,
2026-08-23 20:30:03,BV15B8r6WEQ3,26,BV15B8r6WEQ3,8.22自测勿点,刘海打歪了,2026-08-22 09:19:46,53.0,0.0,0.0,0.0,0.0,0.0,0.0,1.0,
2026-08-23 20:30:03,BV1ET8S62EvB,27,BV1ET8S62EvB,【牛小Bala】视频已打包，欢迎围观！,牛小Bala,2026-08-22 23:47:03,74.0,0.0,0.0,0.0,0.0,0.0,0.0,1.0,
2026-08-23 20:30:03,BV1kS8y6kEA8,28,BV1kS8y6kEA8,自测 勿点,MENYAOOO,2026-08-22 18:41:15,146.0,0.0,0.0,0.0,0.0,0.0,0.0,1.0,
2026-08-23 20:30:03,BV1pX8y66ELf,29,BV1pX8y66ELf,自测请勿点击,风枷锁,2026-08-22 18:47:46,142.0,1.0,0.0,1.0,0.0,0.0,0.0,1.0,
2026-08-23 20:30:03,BV1uz8y6JEAr,30,BV1uz8y6JEAr,【起司不是qs】第一支视频求三连！,起司不是qs,2026-08-22 18:20:23,64.0,0.0,0.0,0.0,0.0,0.0,0.0,1.0,
2026-08-23 20:30:03,BV1mx8m6REbb,31,BV1mx8m6REbb,自测,甜奶味羊咩,2026-08-22 20:49:17,42.0,0.0,0.0,0.0,0.0,0.0,0.0,1.0,
2026-08-23 20:30:03,BV1du8S65E6x,32,BV1du8S65E6x,测测测,羊咩_0601,2026-08-23 00:02:02,53.0,0.0,0.0,0.0,0.0,0.0,0.0,1.0,
2026-08-23 20:30:03,BV1hn8m6FEcd,33,BV1hn8m6FEcd,自测勿点,哇哦哦噢噢噢哦,2026-08-22 21:06:21,33.0,0.0,0.0,0.0,0.0,0.0,0.0,1.0,
2026-08-23 20:30:03,BV1DE8m68E2D,34,BV1DE8m68E2D,自测勿点,半柚奶序,2026-08-22 21:10:31,111.0,2.0,0.0,1.0,0.0,0.0,0.0,1.0,
2026-08-23 20:30:03,BV1jM8m6MEoA,35,BV1jM8m6MEoA,自测，勿点进,Camellia不是cc,2026-08-22 20:29:58,9.0,0.0,0.0,1.0,0.0,0.0,0.0,1.0,
2026-08-23 20:30:03,BV1gE8m6hEJ2,36,BV1gE8m6hEJ2,自测勿点,萌羊叫眠羊,2026-08-22 21:11:17,5.0,0.0,0.0,0.0,0.0,0.0,0.0,1.0,
2026-08-23 20:30:03,BV15V8S6kEYA,37,BV15V8S6kEYA,自测,kuaiqushuijiaoba,2026-08-22 23:32:08,10.0,0.0,0.0,0.0,0.0,0.0,0.0,1.0,
2026-08-23 20:30:03,BV1vG8S6VEgc,38,BV1vG8S6VEgc,8.23自测,萌是天生命TvT,2026-08-22 23:34:07,150.0,0.0,0.0,1.0,0.0,0.0,0.0,1.0,
2026-08-23 20:30:03,BV1Zg8S6CEu5,39,BV1Zg8S6CEu5,自测勿点3,北纬咩雪刊,2026-08-22 23:54:46,56.0,0.0,0.0,0.0,0.0,0.0,0.0,1.0,
2026-08-23 20:30:03,BV1s8BvBPEN5,40,BV1s8BvBPEN5,【杨博文｜4K舞台直拍】好运来祝你好运来～博文宝宝祝你新年好运来,关键时刻来瓶尖叫,2025-12-27 00:43:12,1915422.0,35026.0,17113.0,32449.0,19589.0,4336.0,4873.0,1.0,
2026-08-23 20:30:03,BV1XA6nBGEPV,41,BV1XA6nBGEPV,【4K精剪】希区考克 作品152 | 杨博文直拍 | 260131,underthepoplar,2026-02-01 00:23:17,1945438.0,24065.0,22493.0,20183.0,19010.0,4020.0,6938.0,1.0,
2026-08-23 21:00:05,https://www.bilibili.com/video/BV1GdgW6JEe9/?spm_id_from=333.1387.favlist.content.click&vd_source=406d0cf895bedbdc58a3d0130d55e34c,0,BV1GdgW6JEe9,【杨博文｜4k直拍】Whiplash 双日直拍混剪,关键时刻来瓶尖叫,2026-08-13 23:45:41,211569.0,27644.0,22622.0,21160.0,6711.0,4636.0,8077.0,36.0,
2026-08-23 21:00:05,https://www.bilibili.com/video/BV1W5gs6KEhr/?spm_id_from=333.1387.favlist.content.click&vd_source=406d0cf895bedbdc58a3d0130d55e34c,1,BV1W5gs6KEhr,【4K精剪】异常加载中 | 杨博文直拍 | 260813,underthepoplar,2026-08-13 22:44:57,178657.0,23032.0,15691.0,17068.0,6017.0,7330.0,8518.0,27.0,
2026-08-23 21:00:05,https://www.bilibili.com/video/BV1VFbd6QEjw/spm_id_from=333.1387.favlist.content.click&vd_source=406d0cf895bedbdc58a3d0130d55e34c,2,BV1VFbd6QEjw,【杨博文｜4k直拍】管他什么音乐 直拍,关键时刻来瓶尖叫,2026-08-16 23:08:52,84347.0,5969.0,3521.0,4622.0,2408.0,562.0,492.0,18.0,
2026-08-23 21:00:05,https://www.bilibili.com/video/BV1xebR6zEkr/?spm_id_from=333.1387.favlist.content.click&vd_source=406d0cf895bedbdc58a3d0130d55e34c,3,BV1xebR6zEkr,【4K精剪】Attention | 杨博文直拍 | 260816,underthepoplar,2026-08-16 23:54:18,173937.0,15547.0,9970.0,12854.0,2876.0,1377.0,2415.0,49.0,
2026-08-23 21:00:05,https://www.bilibili.com/video/BV1s3gs6MEej/?spm_id_from=333.1387.favlist.content.click&vd_source=406d0cf895bedbdc58a3d0130d55e34c,4,BV1s3gs6MEej,【杨博文｜4k直拍】爱的初体验 直拍,关键时刻来瓶尖叫,2026-08-13 22:46:37,112940.0,12506.0,6683.0,9696.0,3200.0,521.0,2492.0,19.0,
2026-08-23 21:00:05,https://www.bilibili.com/video/BV1E2bR6hEJR/?spm_id_from=333.1387.favlist.content.click&vd_source=406d0cf895bedbdc58a3d0130d55e34c,5,BV1E2bR6hEJR,【杨博文】Attention丨直拍横屏丨16岁高中生内娱主舞的舞台掌控力丨8.16双机位4k精剪,Kismet丨杨博文,2026-08-16 22:13:05,242698.0,27267.0,13567.0,19045.0,4001.0,9387.0,11233.0,249.0,
2026-08-23 21:00:05,https://www.bilibili.com/video/BV1Rib96EE3F/?spm_id_from=333.1387.favlist.content.click&vd_source=406d0cf895bedbdc58a3d0130d55e34c,6,BV1Rib96EE3F,260816 【杨博文】春雪  竖屏4k直拍,meetsummer丨杨博文,2026-08-17 01:54:42,39599.0,8447.0,3426.0,4609.0,1582.0,719.0,725.0,17.0,
2026-08-23 21:00:05,https://www.bilibili.com/video/BV18jgg6BEAd/?spm_id_from=333.1387.favlist.content.click&vd_source=406d0cf895bedbdc58a3d0130d55e34c,7,BV18jgg6BEAd,【4K精剪】摇曳！摇曳！ | 杨博文直拍 | 260813 & 260814,underthepoplar,2026-08-15 13:26:46,66465.0,9769.0,7079.0,6466.0,2612.0,457.0,1122.0,20.0,
2026-08-23 21:00:05,https://www.bilibili.com/video/BV1A5vkB2E1k/?spm_id_from=333.1387.favlist.content.click&vd_source=406d0cf895bedbdc58a3d0130d55e34c,8,BV1A5vkB2E1k,【杨博文】Hey Mama六机位纯舞直拍丨15岁舞台统治者的诞生，四代主舞燃炸全场！,Kismet丨杨博文,2025-12-28 22:28:16,2808164.0,65581.0,45834.0,47959.0,27590.0,13662.0,22006.0,3.0,
2026-08-23 21:00:05,https://www.bilibili.com/video/BV1mJ64BREZY/?spm_id_from=333.337.search-card.all.click&vd_source=406d0cf895bedbdc58a3d0130d55e34c,9,BV1mJ64BREZY,【杨博文】闭嘴跳舞丨当主舞穿上西装就会得到,Kismet丨杨博文,2026-02-01 18:31:00,622073.0,35174.0,4037.0,25446.0,8600.0,447.0,654.0,1.0,
2026-08-23 21:00:05,BV1Qu816ZEoy,10,BV1Qu816ZEoy,测试用，勿点，谢谢,猫球不是毛球啊,2026-08-22 16:55:19,165.0,2.0,0.0,0.0,0.0,0.0,0.0,1.0,
2026-08-23 21:00:05,BV1Vd8B65EkU,11,BV1Vd8B65EkU,0822.3,dddddash6,2026-08-21 21:49:36,113.0,0.0,0.0,1.0,0.0,0.0,0.0,1.0,
2026-08-23 21:00:05,BV1fT8S61Ejo,12,BV1fT8S61Ejo,十一（23）,爱动手的法学生,2026-08-22 23:46:38,108.0,0.0,0.0,0.0,0.0,0.0,0.0,1.0,
2026-08-23 21:00:05,BV1bf816sE8P,13,BV1bf816sE8P,自测，误点,橙子小姐_sheep,2026-08-22 14:38:54,157.0,0.0,0.0,2.0,0.0,0.0,0.0,1.0,
2026-08-23 21:00:05,BV1Te8K6uEJt,14,BV1Te8K6uEJt,勿进勿进勿进！自测 安卓0821,cannndy_,2026-08-21 08:57:55,162.0,0.0,0.0,1.0,0.0,0.0,0.0,1.0,
2026-08-23 21:00:05,BV1au816oEjs,15,BV1au816oEjs,手机自测,熙熙哈哈oO,2026-08-22 16:55:10,100.0,0.0,0.0,0.0,0.0,0.0,0.0,1.0,
2026-08-23 21:00:05,BV1qw816eE1d,16,BV1qw816eE1d,8.22 自测视频 勿点,dgsaydhakjdhjk,2026-08-22 16:56:23,338.0,0.0,0.0,0.0,0.0,0.0,0.0,1.0,
2026-08-23 21:00:05,BV1ci8163ECY,17,BV1ci8163ECY,自测勿点,不完美是常态_,2026-08-22 15:39:32,50.0,0.0,0.0,0.0,0.0,0.0,0.0,1.0,
2026-08-23 21:00:05,BV1dw816YEau,18,BV1dw816YEau,测试（勿点）,低能量地活着,2026-08-22 16:59:54,27.0,0.0,0.0,0.0,0.0,0.0,0.0,1.0,
2026-08-23 21:00:05,BV1jg8S6yEuV,19,BV1jg8S6yEuV,自测视频,only筱筱,2026-08-22 23:58:01,196.0,1.0,0.0,0.0,0.0,0.0,0.0,1.0,
2026-08-23 21:00:05,BV1z6816qEbo,20,BV1z6816qEbo,自用,dddii点点,2026-08-22 16:38:15,229.0,1.0,0.0,0.0,0.0,0.0,0.0,1.0,
2026-08-23 21:00:05,BV1eM8168E9p,21,BV1eM8168E9p,自测勿点！！！！,dd鱿鱼须,2026-08-22 16:39:08,180.0,0.0,0.0,1.0,0.0,0.0,0.0,1.0,
2026-08-23 21:00:05,BV14i8M61EdN,22,BV14i8M61EdN,sz,我素质低你让让我,2026-08-21 12:22:44,126.0,0.0,0.0,0.0,0.0,0.0,0.0,1.0,
2026-08-23 21:00:05,BV12A826QEK4,23,BV12A826QEK4,自测 禁点,哈哈哈哈哈11_,2026-08-22 15:15:37,78.0,0.0,0.0,0.0,0.0,0.0,0.0,1.0,
2026-08-23 21:00:05,BV1St8S6wE33,24,BV1St8S6wE33,自测哦,半夏哒哒哒,2026-08-23 00:18:35,74.0,0.0,0.0,0.0,0.0,0.0,0.0,1.0,
2026-08-23 21:00:05,BV1bwbh65Eh7,25,BV1bwbh65Eh7,自测视频！勿点0817,摸鱼堡成员,2026-08-17 09:36:15,184.0,1.0,0.0,0.0,0.0,0.0,0.0,1.0,
2026-08-23 21:00:05,BV15B8r6WEQ3,26,BV15B8r6WEQ3,8.22自测勿点,刘海打歪了,2026-08-22 09:19:46,53.0,0.0,0.0,0.0,0.0,0.0,0.0,1.0,
2026-08-23 21:00:05,BV1ET8S62EvB,27,BV1ET8S62EvB,【牛小Bala】视频已打包，欢迎围观！,牛小Bala,2026-08-22 23:47:03,74.0,0.0,0.0,0.0,0.0,0.0,0.0,1.0,
2026-08-23 21:00:05,BV1kS8y6kEA8,28,BV1kS8y6kEA8,自测 勿点,MENYAOOO,2026-08-22 18:41:15,149.0,0.0,0.0,0.0,0.0,0.0,0.0,1.0,
2026-08-23 21:00:05,BV1pX8y66ELf,29,BV1pX8y66ELf,自测请勿点击,风枷锁,2026-08-22 18:47:46,142.0,1.0,0.0,1.0,0.0,0.0,0.0,1.0,
2026-08-23 21:00:05,BV1uz8y6JEAr,30,BV1uz8y6JEAr,【起司不是qs】第一支视频求三连！,起司不是qs,2026-08-22 18:20:23,68.0,0.0,0.0,0.0,0.0,0.0,0.0,1.0,
2026-08-23 21:00:05,BV1mx8m6REbb,31,BV1mx8m6REbb,自测,甜奶味羊咩,2026-08-22 20:49:17,42.0,0.0,0.0,0.0,0.0,0.0,0.0,1.0,
2026-08-23 21:00:05,BV1du8S65E6x,32,BV1du8S65E6x,测测测,羊咩_0601,2026-08-23 00:02:02,53.0,0.0,0.0,0.0,0.0,0.0,0.0,1.0,
2026-08-23 21:00:05,BV1hn8m6FEcd,33,BV1hn8m6FEcd,自测勿点,哇哦哦噢噢噢哦,2026-08-22 21:06:21,33.0,0.0,0.0,0.0,0.0,0.0,0.0,1.0,
2026-08-23 21:00:05,BV1DE8m68E2D,34,BV1DE8m68E2D,自测勿点,半柚奶序,2026-08-22 21:10:31,117.0,2.0,0.0,1.0,0.0,0.0,0.0,1.0,
2026-08-23 21:00:05,BV1jM8m6MEoA,35,BV1jM8m6MEoA,自测，勿点进,Camellia不是cc,2026-08-22 20:29:58,9.0,0.0,0.0,1.0,0.0,0.0,0.0,1.0,
2026-08-23 21:00:05,BV1gE8m6hEJ2,36,BV1gE8m6hEJ2,自测勿点,萌羊叫眠羊,2026-08-22 21:11:17,5.0,0.0,0.0,0.0,0.0,0.0,0.0,1.0,
2026-08-23 21:00:05,BV15V8S6kEYA,37,BV15V8S6kEYA,自测,kuaiqushuijiaoba,2026-08-22 23:32:08,10.0,0.0,0.0,0.0,0.0,0.0,0.0,1.0,
2026-08-23 21:00:05,BV1vG8S6VEgc,38,BV1vG8S6VEgc,8.23自测,萌是天生命TvT,2026-08-22 23:34:07,155.0,0.0,0.0,1.0,0.0,0.0,0.0,1.0,
2026-08-23 21:00:05,BV1Zg8S6CEu5,39,BV1Zg8S6CEu5,自测勿点3,北纬咩雪刊,2026-08-22 23:54:46,56.0,0.0,0.0,0.0,0.0,0.0,0.0,1.0,
2026-08-23 21:00:05,BV1s8BvBPEN5,40,BV1s8BvBPEN5,【杨博文｜4K舞台直拍】好运来祝你好运来～博文宝宝祝你新年好运来,关键时刻来瓶尖叫,2025-12-27 00:43:12,1915433.0,35028.0,17115.0,32450.0,19589.0,4336.0,4873.0,1.0,
2026-08-23 21:00:05,BV1XA6nBGEPV,41,BV1XA6nBGEPV,【4K精剪】希区考克 作品152 | 杨博文直拍 | 260131,underthepoplar,2026-02-01 00:23:17,1945448.0,24067.0,22495.0,20184.0,19010.0,4020.0,6938.0,1.0,
2026-08-23 21:30:07,https://www.bilibili.com/video/BV1GdgW6JEe9/?spm_id_from=333.1387.favlist.content.click&vd_source=406d0cf895bedbdc58a3d0130d55e34c,0,BV1GdgW6JEe9,【杨博文｜4k直拍】Whiplash 双日直拍混剪,关键时刻来瓶尖叫,2026-08-13 23:45:41,211890.0,27661.0,22626.0,21166.0,6716.0,4637.0,8080.0,35.0,
2026-08-23 21:30:07,https://www.bilibili.com/video/BV1W5gs6KEhr/?spm_id_from=333.1387.favlist.content.click&vd_source=406d0cf895bedbdc58a3d0130d55e34c,1,BV1W5gs6KEhr,【4K精剪】异常加载中 | 杨博文直拍 | 260813,underthepoplar,2026-08-13 22:44:57,178839.0,23044.0,15693.0,17074.0,6025.0,7350.0,8548.0,28.0,
2026-08-23 21:30:07,https://www.bilibili.com/video/BV1VFbd6QEjw/spm_id_from=333.1387.favlist.content.click&vd_source=406d0cf895bedbdc58a3d0130d55e34c,2,BV1VFbd6QEjw,【杨博文｜4k直拍】管他什么音乐 直拍,关键时刻来瓶尖叫,2026-08-16 23:08:52,84384.0,5973.0,3523.0,4626.0,2414.0,562.0,492.0,17.0,
2026-08-23 21:30:07,https://www.bilibili.com/video/BV1xebR6zEkr/?spm_id_from=333.1387.favlist.content.click&vd_source=406d0cf895bedbdc58a3d0130d55e34c,3,BV1xebR6zEkr,【4K精剪】Attention | 杨博文直拍 | 260816,underthepoplar,2026-08-16 23:54:18,174271.0,15565.0,9981.0,12868.0,2885.0,1396.0,2446.0,43.0,
2026-08-23 21:30:07,https://www.bilibili.com/video/BV1s3gs6MEej/?spm_id_from=333.1387.favlist.content.click&vd_source=406d0cf895bedbdc58a3d0130d55e34c,4,BV1s3gs6MEej,【杨博文｜4k直拍】爱的初体验 直拍,关键时刻来瓶尖叫,2026-08-13 22:46:37,113093.0,12515.0,6689.0,9698.0,3204.0,521.0,2493.0,20.0,
2026-08-23 21:30:07,https://www.bilibili.com/video/BV1E2bR6hEJR/?spm_id_from=333.1387.favlist.content.click&vd_source=406d0cf895bedbdc58a3d0130d55e34c,5,BV1E2bR6hEJR,【杨博文】Attention丨直拍横屏丨16岁高中生内娱主舞的舞台掌控力丨8.16双机位4k精剪,Kismet丨杨博文,2026-08-16 22:13:05,243189.0,27310.0,13582.0,19072.0,4007.0,9390.0,11251.0,239.0,
2026-08-23 21:30:07,https://www.bilibili.com/video/BV1Rib96EE3F/?spm_id_from=333.1387.favlist.content.click&vd_source=406d0cf895bedbdc58a3d0130d55e34c,6,BV1Rib96EE3F,260816 【杨博文】春雪  竖屏4k直拍,meetsummer丨杨博文,2026-08-17 01:54:42,39715.0,8461.0,3434.0,4613.0,1586.0,719.0,725.0,9.0,
2026-08-23 21:30:07,https://www.bilibili.com/video/BV18jgg6BEAd/?spm_id_from=333.1387.favlist.content.click&vd_source=406d0cf895bedbdc58a3d0130d55e34c,7,BV18jgg6BEAd,【4K精剪】摇曳！摇曳！ | 杨博文直拍 | 260813 & 260814,underthepoplar,2026-08-15 13:26:46,66548.0,9783.0,7081.0,6471.0,2617.0,457.0,1123.0,16.0,
2026-08-23 21:30:07,https://www.bilibili.com/video/BV1A5vkB2E1k/?spm_id_from=333.1387.favlist.content.click&vd_source=406d0cf895bedbdc58a3d0130d55e34c,8,BV1A5vkB2E1k,【杨博文】Hey Mama六机位纯舞直拍丨15岁舞台统治者的诞生，四代主舞燃炸全场！,Kismet丨杨博文,2025-12-28 22:28:16,2808212.0,65585.0,45836.0,47961.0,27595.0,13662.0,22006.0,3.0,
2026-08-23 21:30:07,https://www.bilibili.com/video/BV1mJ64BREZY/?spm_id_from=333.337.search-card.all.click&vd_source=406d0cf895bedbdc58a3d0130d55e34c,9,BV1mJ64BREZY,【杨博文】闭嘴跳舞丨当主舞穿上西装就会得到,Kismet丨杨博文,2026-02-01 18:31:00,622079.0,35174.0,4037.0,25446.0,8600.0,447.0,654.0,1.0,
2026-08-23 21:30:07,BV1Qu816ZEoy,10,BV1Qu816ZEoy,测试用，勿点，谢谢,猫球不是毛球啊,2026-08-22 16:55:19,165.0,2.0,0.0,0.0,0.0,0.0,0.0,1.0,
2026-08-23 21:30:07,BV1Vd8B65EkU,11,BV1Vd8B65EkU,0822.3,dddddash6,2026-08-21 21:49:36,113.0,0.0,0.0,1.0,0.0,0.0,0.0,1.0,
2026-08-23 21:30:07,BV1fT8S61Ejo,12,BV1fT8S61Ejo,十一（23）,爱动手的法学生,2026-08-22 23:46:38,108.0,0.0,0.0,0.0,0.0,0.0,0.0,1.0,
2026-08-23 21:30:07,BV1bf816sE8P,13,BV1bf816sE8P,自测，误点,橙子小姐_sheep,2026-08-22 14:38:54,157.0,0.0,0.0,2.0,0.0,0.0,0.0,1.0,
2026-08-23 21:30:07,BV1Te8K6uEJt,14,BV1Te8K6uEJt,勿进勿进勿进！自测 安卓0821,cannndy_,2026-08-21 08:57:55,162.0,0.0,0.0,1.0,0.0,0.0,0.0,1.0,
2026-08-23 21:30:07,BV1au816oEjs,15,BV1au816oEjs,手机自测,熙熙哈哈oO,2026-08-22 16:55:10,100.0,0.0,0.0,0.0,0.0,0.0,0.0,1.0,
2026-08-23 21:30:07,BV1qw816eE1d,16,BV1qw816eE1d,8.22 自测视频 勿点,dgsaydhakjdhjk,2026-08-22 16:56:23,338.0,0.0,0.0,0.0,0.0,0.0,0.0,1.0,
2026-08-23 21:30:07,BV1ci8163ECY,17,BV1ci8163ECY,自测勿点,不完美是常态_,2026-08-22 15:39:32,50.0,0.0,0.0,0.0,0.0,0.0,0.0,1.0,
2026-08-23 21:30:07,BV1dw816YEau,18,BV1dw816YEau,测试（勿点）,低能量地活着,2026-08-22 16:59:54,27.0,0.0,0.0,0.0,0.0,0.0,0.0,1.0,
2026-08-23 21:30:07,BV1jg8S6yEuV,19,BV1jg8S6yEuV,自测视频,only筱筱,2026-08-22 23:58:01,196.0,1.0,0.0,0.0,0.0,0.0,0.0,1.0,
2026-08-23 21:30:07,BV1z6816qEbo,20,BV1z6816qEbo,自用,dddii点点,2026-08-22 16:38:15,229.0,1.0,0.0,0.0,0.0,0.0,0.0,1.0,
2026-08-23 21:30:07,BV1eM8168E9p,21,BV1eM8168E9p,自测勿点！！！！,dd鱿鱼须,2026-08-22 16:39:08,180.0,0.0,0.0,1.0,0.0,0.0,0.0,1.0,
2026-08-23 21:30:07,BV14i8M61EdN,22,BV14i8M61EdN,sz,我素质低你让让我,2026-08-21 12:22:44,132.0,0.0,0.0,0.0,0.0,0.0,0.0,1.0,
2026-08-23 21:30:07,BV12A826QEK4,23,BV12A826QEK4,自测 禁点,哈哈哈哈哈11_,2026-08-22 15:15:37,82.0,0.0,0.0,0.0,0.0,0.0,0.0,1.0,
2026-08-23 21:30:07,BV1St8S6wE33,24,BV1St8S6wE33,自测哦,半夏哒哒哒,2026-08-23 00:18:35,79.0,0.0,0.0,0.0,0.0,0.0,0.0,1.0,
2026-08-23 21:30:07,BV1bwbh65Eh7,25,BV1bwbh65Eh7,自测视频！勿点0817,摸鱼堡成员,2026-08-17 09:36:15,189.0,1.0,0.0,0.0,0.0,0.0,0.0,1.0,
2026-08-23 21:30:07,BV15B8r6WEQ3,26,BV15B8r6WEQ3,8.22自测勿点,刘海打歪了,2026-08-22 09:19:46,53.0,0.0,0.0,0.0,0.0,0.0,0.0,1.0,
2026-08-23 21:30:07,BV1ET8S62EvB,27,BV1ET8S62EvB,【牛小Bala】视频已打包，欢迎围观！,牛小Bala,2026-08-22 23:47:03,74.0,0.0,0.0,0.0,0.0,0.0,0.0,1.0,
2026-08-23 21:30:07,BV1kS8y6kEA8,28,BV1kS8y6kEA8,自测 勿点,MENYAOOO,2026-08-22 18:41:15,154.0,0.0,0.0,0.0,0.0,0.0,0.0,1.0,
2026-08-23 21:30:07,BV1pX8y66ELf,29,BV1pX8y66ELf,自测请勿点击,风枷锁,2026-08-22 18:47:46,142.0,1.0,0.0,1.0,0.0,0.0,0.0,1.0,
2026-08-23 21:30:07,BV1uz8y6JEAr,30,BV1uz8y6JEAr,【起司不是qs】第一支视频求三连！,起司不是qs,2026-08-22 18:20:23,72.0,0.0,0.0,0.0,0.0,0.0,0.0,1.0,
2026-08-23 21:30:07,BV1mx8m6REbb,31,BV1mx8m6REbb,自测,甜奶味羊咩,2026-08-22 20:49:17,42.0,0.0,0.0,0.0,0.0,0.0,0.0,1.0,
2026-08-23 21:30:07,BV1du8S65E6x,32,BV1du8S65E6x,测测测,羊咩_0601,2026-08-23 00:02:02,53.0,0.0,0.0,0.0,0.0,0.0,0.0,1.0,
2026-08-23 21:30:07,BV1hn8m6FEcd,33,BV1hn8m6FEcd,自测勿点,哇哦哦噢噢噢哦,2026-08-22 21:06:21,33.0,0.0,0.0,0.0,0.0,0.0,0.0,1.0,
2026-08-23 21:30:07,BV1DE8m68E2D,34,BV1DE8m68E2D,自测勿点,半柚奶序,2026-08-22 21:10:31,123.0,2.0,0.0,1.0,0.0,0.0,0.0,1.0,
2026-08-23 21:30:07,BV1jM8m6MEoA,35,BV1jM8m6MEoA,自测，勿点进,Camellia不是cc,2026-08-22 20:29:58,9.0,0.0,0.0,1.0,0.0,0.0,0.0,1.0,
2026-08-23 21:30:07,BV1gE8m6hEJ2,36,BV1gE8m6hEJ2,自测勿点,萌羊叫眠羊,2026-08-22 21:11:17,5.0,0.0,0.0,0.0,0.0,0.0,0.0,1.0,
2026-08-23 21:30:07,BV15V8S6kEYA,37,BV15V8S6kEYA,自测,kuaiqushuijiaoba,2026-08-22 23:32:08,10.0,0.0,0.0,0.0,0.0,0.0,0.0,1.0,
2026-08-23 21:30:07,BV1vG8S6VEgc,38,BV1vG8S6VEgc,8.23自测,萌是天生命TvT,2026-08-22 23:34:07,160.0,0.0,0.0,1.0,0.0,0.0,0.0,1.0,
2026-08-23 21:30:07,BV1Zg8S6CEu5,39,BV1Zg8S6CEu5,自测勿点3,北纬咩雪刊,2026-08-22 23:54:46,56.0,0.0,0.0,0.0,0.0,0.0,0.0,1.0,
2026-08-23 21:30:07,BV1s8BvBPEN5,40,BV1s8BvBPEN5,【杨博文｜4K舞台直拍】好运来祝你好运来～博文宝宝祝你新年好运来,关键时刻来瓶尖叫,2025-12-27 00:43:12,1915439.0,35029.0,17115.0,32451.0,19589.0,4336.0,4873.0,1.0,
2026-08-23 21:30:07,BV1XA6nBGEPV,41,BV1XA6nBGEPV,【4K精剪】希区考克 作品152 | 杨博文直拍 | 260131,underthepoplar,2026-02-01 00:23:17,1945454.0,24067.0,22495.0,20184.0,19010.0,4020.0,6938.0,1.0,
2026-08-23 22:00:09,https://www.bilibili.com/video/BV1GdgW6JEe9/?spm_id_from=333.1387.favlist.content.click&vd_source=406d0cf895bedbdc58a3d0130d55e34c,0,BV1GdgW6JEe9,【杨博文｜4k直拍】Whiplash 双日直拍混剪,关键时刻来瓶尖叫,2026-08-13 23:45:41,212155.0,27683.0,22636.0,21179.0,6720.0,4638.0,8083.0,25.0,
2026-08-23 22:00:09,https://www.bilibili.com/video/BV1W5gs6KEhr/?spm_id_from=333.1387.favlist.content.click&vd_source=406d0cf895bedbdc58a3d0130d55e34c,1,BV1W5gs6KEhr,【4K精剪】异常加载中 | 杨博文直拍 | 260813,underthepoplar,2026-08-13 22:44:57,179008.0,23055.0,15698.0,17083.0,6029.0,7351.0,8551.0,23.0,
2026-08-23 22:00:09,https://www.bilibili.com/video/BV1VFbd6QEjw/spm_id_from=333.1387.favlist.content.click&vd_source=406d0cf895bedbdc58a3d0130d55e34c,2,BV1VFbd6QEjw,【杨博文｜4k直拍】管他什么音乐 直拍,关键时刻来瓶尖叫,2026-08-16 23:08:52,84412.0,5975.0,3523.0,4627.0,2419.0,562.0,0.0,11.0,
2026-08-23 22:00:09,https://www.bilibili.com/video/BV1xebR6zEkr/?spm_id_from=333.1387.favlist.content.click&vd_source=406d0cf895bedbdc58a3d0130d55e34c,3,BV1xebR6zEkr,【4K精剪】Attention | 杨博文直拍 | 260816,underthepoplar,2026-08-16 23:54:18,174624.0,15595.0,9994.0,12889.0,2890.0,1398.0,2471.0,42.0,
2026-08-23 22:00:09,https://www.bilibili.com/video/BV1s3gs6MEej/?spm_id_from=333.1387.favlist.content.click&vd_source=406d0cf895bedbdc58a3d0130d55e34c,4,BV1s3gs6MEej,【杨博文｜4k直拍】爱的初体验 直拍,关键时刻来瓶尖叫,2026-08-13 22:46:37,113219.0,12527.0,6690.0,9702.0,3209.0,521.0,2493.0,15.0,
2026-08-23 22:00:09,https://www.bilibili.com/video/BV1E2bR6hEJR/?spm_id_from=333.1387.favlist.content.click&vd_source=406d0cf895bedbdc58a3d0130d55e34c,5,BV1E2bR6hEJR,【杨博文】Attention丨直拍横屏丨16岁高中生内娱主舞的舞台掌控力丨8.16双机位4k精剪,Kismet丨杨博文,2026-08-16 22:13:05,243639.0,27349.0,13603.0,19112.0,4013.0,9391.0,11263.0,244.0,
2026-08-23 22:00:09,https://www.bilibili.com/video/BV1Rib96EE3F/?spm_id_from=333.1387.favlist.content.click&vd_source=406d0cf895bedbdc58a3d0130d55e34c,6,BV1Rib96EE3F,260816 【杨博文】春雪  竖屏4k直拍,meetsummer丨杨博文,2026-08-17 01:54:42,39834.0,8481.0,3438.0,4618.0,1591.0,719.0,725.0,10.0,
2026-08-23 22:00:09,https://www.bilibili.com/video/BV18jgg6BEAd/?spm_id_from=333.1387.favlist.content.click&vd_source=406d0cf895bedbdc58a3d0130d55e34c,7,BV18jgg6BEAd,【4K精剪】摇曳！摇曳！ | 杨博文直拍 | 260813 & 260814,underthepoplar,2026-08-15 13:26:46,66640.0,9791.0,7082.0,6473.0,2622.0,457.0,1124.0,17.0,
2026-08-23 22:00:09,https://www.bilibili.com/video/BV1A5vkB2E1k/?spm_id_from=333.1387.favlist.content.click&vd_source=406d0cf895bedbdc58a3d0130d55e34c,8,BV1A5vkB2E1k,【杨博文】Hey Mama六机位纯舞直拍丨15岁舞台统治者的诞生，四代主舞燃炸全场！,Kismet丨杨博文,2025-12-28 22:28:16,2808258.0,65586.0,45838.0,47961.0,27600.0,13662.0,22006.0,5.0,
2026-08-23 22:00:09,https://www.bilibili.com/video/BV1mJ64BREZY/?spm_id_from=333.337.search-card.all.click&vd_source=406d0cf895bedbdc58a3d0130d55e34c,9,BV1mJ64BREZY,【杨博文】闭嘴跳舞丨当主舞穿上西装就会得到,Kismet丨杨博文,2026-02-01 18:31:00,622080.0,35174.0,4037.0,25446.0,8600.0,447.0,654.0,1.0,
2026-08-23 22:00:09,BV1Qu816ZEoy,10,BV1Qu816ZEoy,测试用，勿点，谢谢,猫球不是毛球啊,2026-08-22 16:55:19,165.0,2.0,0.0,0.0,0.0,0.0,0.0,1.0,
2026-08-23 22:00:09,BV1Vd8B65EkU,11,BV1Vd8B65EkU,0822.3,dddddash6,2026-08-21 21:49:36,113.0,0.0,0.0,1.0,0.0,0.0,0.0,1.0,
2026-08-23 22:00:09,BV1fT8S61Ejo,12,BV1fT8S61Ejo,十一（23）,爱动手的法学生,2026-08-22 23:46:38,108.0,0.0,0.0,0.0,0.0,0.0,0.0,1.0,
2026-08-23 22:00:09,BV1bf816sE8P,13,BV1bf816sE8P,自测，误点,橙子小姐_sheep,2026-08-22 14:38:54,157.0,0.0,0.0,2.0,0.0,0.0,0.0,1.0,
2026-08-23 22:00:09,BV1Te8K6uEJt,14,BV1Te8K6uEJt,勿进勿进勿进！自测 安卓0821,cannndy_,2026-08-21 08:57:55,162.0,0.0,0.0,1.0,0.0,0.0,0.0,1.0,
2026-08-23 22:00:09,BV1au816oEjs,15,BV1au816oEjs,手机自测,熙熙哈哈oO,2026-08-22 16:55:10,100.0,0.0,0.0,0.0,0.0,0.0,0.0,1.0,
2026-08-23 22:00:09,BV1qw816eE1d,16,BV1qw816eE1d,8.22 自测视频 勿点,dgsaydhakjdhjk,2026-08-22 16:56:23,338.0,0.0,0.0,0.0,0.0,0.0,0.0,1.0,
2026-08-23 22:00:09,BV1ci8163ECY,17,BV1ci8163ECY,自测勿点,不完美是常态_,2026-08-22 15:39:32,50.0,0.0,0.0,0.0,0.0,0.0,0.0,1.0,
2026-08-23 22:00:09,BV1dw816YEau,18,BV1dw816YEau,测试（勿点）,低能量地活着,2026-08-22 16:59:54,27.0,0.0,0.0,0.0,0.0,0.0,0.0,1.0,
2026-08-23 22:00:09,BV1jg8S6yEuV,19,BV1jg8S6yEuV,自测视频,only筱筱,2026-08-22 23:58:01,196.0,1.0,0.0,0.0,0.0,0.0,0.0,1.0,
2026-08-23 22:00:09,BV1z6816qEbo,20,BV1z6816qEbo,自用,dddii点点,2026-08-22 16:38:15,229.0,1.0,0.0,0.0,0.0,0.0,0.0,1.0,
2026-08-23 22:00:09,BV1eM8168E9p,21,BV1eM8168E9p,自测勿点！！！！,dd鱿鱼须,2026-08-22 16:39:08,180.0,0.0,0.0,1.0,0.0,0.0,0.0,1.0,
2026-08-23 22:00:09,BV14i8M61EdN,22,BV14i8M61EdN,sz,我素质低你让让我,2026-08-21 12:22:44,136.0,0.0,0.0,0.0,0.0,0.0,0.0,1.0,
2026-08-23 22:00:09,BV12A826QEK4,23,BV12A826QEK4,自测 禁点,哈哈哈哈哈11_,2026-08-22 15:15:37,82.0,0.0,0.0,0.0,0.0,0.0,0.0,1.0,
2026-08-23 22:00:09,BV1St8S6wE33,24,BV1St8S6wE33,自测哦,半夏哒哒哒,2026-08-23 00:18:35,83.0,0.0,0.0,0.0,0.0,0.0,0.0,1.0,
2026-08-23 22:00:09,BV1bwbh65Eh7,25,BV1bwbh65Eh7,自测视频！勿点0817,摸鱼堡成员,2026-08-17 09:36:15,193.0,1.0,0.0,0.0,0.0,0.0,0.0,1.0,
2026-08-23 22:00:09,BV15B8r6WEQ3,26,BV15B8r6WEQ3,8.22自测勿点,刘海打歪了,2026-08-22 09:19:46,53.0,0.0,0.0,0.0,0.0,0.0,0.0,1.0,
2026-08-23 22:00:09,BV1ET8S62EvB,27,BV1ET8S62EvB,【牛小Bala】视频已打包，欢迎围观！,牛小Bala,2026-08-22 23:47:03,74.0,0.0,0.0,0.0,0.0,0.0,0.0,1.0,
2026-08-23 22:00:09,BV1kS8y6kEA8,28,BV1kS8y6kEA8,自测 勿点,MENYAOOO,2026-08-22 18:41:15,158.0,0.0,0.0,0.0,0.0,0.0,0.0,1.0,
2026-08-23 22:00:09,BV1pX8y66ELf,29,BV1pX8y66ELf,自测请勿点击,风枷锁,2026-08-22 18:47:46,142.0,1.0,0.0,1.0,0.0,0.0,0.0,1.0,
2026-08-23 22:00:09,BV1uz8y6JEAr,30,BV1uz8y6JEAr,【起司不是qs】第一支视频求三连！,起司不是qs,2026-08-22 18:20:23,77.0,0.0,0.0,0.0,0.0,0.0,0.0,1.0,
2026-08-23 22:00:09,BV1mx8m6REbb,31,BV1mx8m6REbb,自测,甜奶味羊咩,2026-08-22 20:49:17,42.0,0.0,0.0,0.0,0.0,0.0,0.0,1.0,
2026-08-23 22:00:09,BV1du8S65E6x,32,BV1du8S65E6x,测测测,羊咩_0601,2026-08-23 00:02:02,53.0,0.0,0.0,0.0,0.0,0.0,0.0,1.0,
2026-08-23 22:00:09,BV1hn8m6FEcd,33,BV1hn8m6FEcd,自测勿点,哇哦哦噢噢噢哦,2026-08-22 21:06:21,33.0,0.0,0.0,0.0,0.0,0.0,0.0,1.0,
2026-08-23 22:00:09,BV1DE8m68E2D,34,BV1DE8m68E2D,自测勿点,半柚奶序,2026-08-22 21:10:31,123.0,2.0,0.0,1.0,0.0,0.0,0.0,1.0,
2026-08-23 22:00:09,BV1jM8m6MEoA,35,BV1jM8m6MEoA,自测，勿点进,Camellia不是cc,2026-08-22 20:29:58,9.0,0.0,0.0,1.0,0.0,0.0,0.0,1.0,
2026-08-23 22:00:09,BV1gE8m6hEJ2,36,BV1gE8m6hEJ2,自测勿点,萌羊叫眠羊,2026-08-22 21:11:17,5.0,0.0,0.0,0.0,0.0,0.0,0.0,1.0,
2026-08-23 22:00:09,BV15V8S6kEYA,37,BV15V8S6kEYA,自测,kuaiqushuijiaoba,2026-08-22 23:32:08,10.0,0.0,0.0,0.0,0.0,0.0,0.0,1.0,
2026-08-23 22:00:09,BV1vG8S6VEgc,38,BV1vG8S6VEgc,8.23自测,萌是天生命TvT,2026-08-22 23:34:07,165.0,0.0,0.0,1.0,0.0,0.0,0.0,1.0,
2026-08-23 22:00:09,BV1Zg8S6CEu5,39,BV1Zg8S6CEu5,自测勿点3,北纬咩雪刊,2026-08-22 23:54:46,56.0,0.0,0.0,0.0,0.0,0.0,0.0,1.0,
2026-08-23 22:00:09,BV1s8BvBPEN5,40,BV1s8BvBPEN5,【杨博文｜4K舞台直拍】好运来祝你好运来～博文宝宝祝你新年好运来,关键时刻来瓶尖叫,2025-12-27 00:43:12,1915442.0,35030.0,17115.0,32451.0,19589.0,4336.0,4873.0,1.0,
2026-08-23 22:00:09,BV1XA6nBGEPV,41,BV1XA6nBGEPV,【4K精剪】希区考克 作品152 | 杨博文直拍 | 260131,underthepoplar,2026-02-01 00:23:17,1945464.0,24067.0,22495.0,20183.0,19010.0,4020.0,6938.0,1.0,
2026-08-23 22:30:01,https://www.bilibili.com/video/BV1GdgW6JEe9/?spm_id_from=333.1387.favlist.content.click&vd_source=406d0cf895bedbdc58a3d0130d55e34c,0,BV1GdgW6JEe9,【杨博文｜4k直拍】Whiplash 双日直拍混剪,关键时刻来瓶尖叫,2026-08-13 23:45:41,212416.0,27697.0,22646.0,21196.0,6726.0,4639.0,8085.0,32.0,
2026-08-23 22:30:01,https://www.bilibili.com/video/BV1W5gs6KEhr/?spm_id_from=333.1387.favlist.content.click&vd_source=406d0cf895bedbdc58a3d0130d55e34c,1,BV1W5gs6KEhr,【4K精剪】异常加载中 | 杨博文直拍 | 260813,underthepoplar,2026-08-13 22:44:57,179193.0,23067.0,15702.0,17098.0,6035.0,7351.0,8561.0,25.0,
2026-08-23 22:30:01,https://www.bilibili.com/video/BV1VFbd6QEjw/spm_id_from=333.1387.favlist.content.click&vd_source=406d0cf895bedbdc58a3d0130d55e34c,2,BV1VFbd6QEjw,【杨博文｜4k直拍】管他什么音乐 直拍,关键时刻来瓶尖叫,2026-08-16 23:08:52,84439.0,5977.0,3527.0,4629.0,2425.0,562.0,0.0,9.0,
2026-08-23 22:30:01,https://www.bilibili.com/video/BV1xebR6zEkr/?spm_id_from=333.1387.favlist.content.click&vd_source=406d0cf895bedbdc58a3d0130d55e34c,3,BV1xebR6zEkr,【4K精剪】Attention | 杨博文直拍 | 260816,underthepoplar,2026-08-16 23:54:18,174906.0,15626.0,10010.0,12917.0,2899.0,1399.0,2482.0,42.0,
2026-08-23 22:30:01,https://www.bilibili.com/video/BV1s3gs6MEej/?spm_id_from=333.1387.favlist.content.click&vd_source=406d0cf895bedbdc58a3d0130d55e34c,4,BV1s3gs6MEej,【杨博文｜4k直拍】爱的初体验 直拍,关键时刻来瓶尖叫,2026-08-13 22:46:37,113331.0,12532.0,6690.0,9705.0,3215.0,521.0,2493.0,14.0,
2026-08-23 22:30:01,https://www.bilibili.com/video/BV1E2bR6hEJR/?spm_id_from=333.1387.favlist.content.click&vd_source=406d0cf895bedbdc58a3d0130d55e34c,5,BV1E2bR6hEJR,【杨博文】Attention丨直拍横屏丨16岁高中生内娱主舞的舞台掌控力丨8.16双机位4k精剪,Kismet丨杨博文,2026-08-16 22:13:05,244011.0,27386.0,13614.0,19139.0,4022.0,9391.0,11279.0,244.0,
2026-08-23 22:30:01,https://www.bilibili.com/video/BV1Rib96EE3F/?spm_id_from=333.1387.favlist.content.click&vd_source=406d0cf895bedbdc58a3d0130d55e34c,6,BV1Rib96EE3F,260816 【杨博文】春雪  竖屏4k直拍,meetsummer丨杨博文,2026-08-17 01:54:42,39938.0,8496.0,3440.0,4622.0,1597.0,719.0,725.0,10.0,
2026-08-23 22:30:01,https://www.bilibili.com/video/BV18jgg6BEAd/?spm_id_from=333.1387.favlist.content.click&vd_source=406d0cf895bedbdc58a3d0130d55e34c,7,BV18jgg6BEAd,【4K精剪】摇曳！摇曳！ | 杨博文直拍 | 260813 & 260814,underthepoplar,2026-08-15 13:26:46,66740.0,9805.0,7087.0,6479.0,2628.0,457.0,1124.0,17.0,
2026-08-23 22:30:01,https://www.bilibili.com/video/BV1A5vkB2E1k/?spm_id_from=333.1387.favlist.content.click&vd_source=406d0cf895bedbdc58a3d0130d55e34c,8,BV1A5vkB2E1k,【杨博文】Hey Mama六机位纯舞直拍丨15岁舞台统治者的诞生，四代主舞燃炸全场！,Kismet丨杨博文,2025-12-28 22:28:16,2808303.0,65586.0,45838.0,47961.0,27605.0,13662.0,22006.0,4.0,
2026-08-23 22:30:01,https://www.bilibili.com/video/BV1mJ64BREZY/?spm_id_from=333.337.search-card.all.click&vd_source=406d0cf895bedbdc58a3d0130d55e34c,9,BV1mJ64BREZY,【杨博文】闭嘴跳舞丨当主舞穿上西装就会得到,Kismet丨杨博文,2026-02-01 18:31:00,622088.0,35174.0,4037.0,25447.0,8600.0,447.0,654.0,1.0,
2026-08-23 22:30:01,BV1Qu816ZEoy,10,BV1Qu816ZEoy,测试用，勿点，谢谢,猫球不是毛球啊,2026-08-22 16:55:19,165.0,2.0,0.0,0.0,0.0,0.0,0.0,1.0,
2026-08-23 22:30:01,BV1Vd8B65EkU,11,BV1Vd8B65EkU,0822.3,dddddash6,2026-08-21 21:49:36,113.0,0.0,0.0,1.0,0.0,0.0,0.0,1.0,
2026-08-23 22:30:01,BV1fT8S61Ejo,12,BV1fT8S61Ejo,十一（23）,爱动手的法学生,2026-08-22 23:46:38,108.0,0.0,0.0,0.0,0.0,0.0,0.0,1.0,
2026-08-23 22:30:01,BV1bf816sE8P,13,BV1bf816sE8P,自测，误点,橙子小姐_sheep,2026-08-22 14:38:54,157.0,0.0,0.0,2.0,0.0,0.0,0.0,1.0,
2026-08-23 22:30:01,BV1Te8K6uEJt,14,BV1Te8K6uEJt,勿进勿进勿进！自测 安卓0821,cannndy_,2026-08-21 08:57:55,162.0,0.0,0.0,1.0,0.0,0.0,0.0,1.0,
2026-08-23 22:30:01,BV1au816oEjs,15,BV1au816oEjs,手机自测,熙熙哈哈oO,2026-08-22 16:55:10,100.0,0.0,0.0,0.0,0.0,0.0,0.0,1.0,
2026-08-23 22:30:01,BV1qw816eE1d,16,BV1qw816eE1d,8.22 自测视频 勿点,dgsaydhakjdhjk,2026-08-22 16:56:23,338.0,0.0,0.0,0.0,0.0,0.0,0.0,1.0,
2026-08-23 22:30:01,BV1ci8163ECY,17,BV1ci8163ECY,自测勿点,不完美是常态_,2026-08-22 15:39:32,50.0,0.0,0.0,0.0,0.0,0.0,0.0,1.0,
2026-08-23 22:30:01,BV1dw816YEau,18,BV1dw816YEau,测试（勿点）,低能量地活着,2026-08-22 16:59:54,27.0,0.0,0.0,0.0,0.0,0.0,0.0,1.0,
2026-08-23 22:30:01,BV1jg8S6yEuV,19,BV1jg8S6yEuV,自测视频,only筱筱,2026-08-22 23:58:01,196.0,1.0,0.0,0.0,0.0,0.0,0.0,1.0,
2026-08-23 22:30:01,BV1z6816qEbo,20,BV1z6816qEbo,自用,dddii点点,2026-08-22 16:38:15,229.0,1.0,0.0,0.0,0.0,0.0,0.0,1.0,
2026-08-23 22:30:01,BV1eM8168E9p,21,BV1eM8168E9p,自测勿点！！！！,dd鱿鱼须,2026-08-22 16:39:08,180.0,0.0,0.0,1.0,0.0,0.0,0.0,1.0,
2026-08-23 22:30:01,BV14i8M61EdN,22,BV14i8M61EdN,sz,我素质低你让让我,2026-08-21 12:22:44,141.0,0.0,0.0,0.0,0.0,0.0,0.0,1.0,
2026-08-23 22:30:01,BV12A826QEK4,23,BV12A826QEK4,自测 禁点,哈哈哈哈哈11_,2026-08-22 15:15:37,82.0,0.0,0.0,0.0,0.0,0.0,0.0,1.0,
2026-08-23 22:30:01,BV1St8S6wE33,24,BV1St8S6wE33,自测哦,半夏哒哒哒,2026-08-23 00:18:35,88.0,0.0,0.0,0.0,0.0,0.0,0.0,1.0,
2026-08-23 22:30:01,BV1bwbh65Eh7,25,BV1bwbh65Eh7,自测视频！勿点0817,摸鱼堡成员,2026-08-17 09:36:15,197.0,1.0,0.0,0.0,0.0,0.0,0.0,1.0,
2026-08-23 22:30:01,BV15B8r6WEQ3,26,BV15B8r6WEQ3,8.22自测勿点,刘海打歪了,2026-08-22 09:19:46,53.0,0.0,0.0,0.0,0.0,0.0,0.0,1.0,
2026-08-23 22:30:01,BV1ET8S62EvB,27,BV1ET8S62EvB,【牛小Bala】视频已打包，欢迎围观！,牛小Bala,2026-08-22 23:47:03,74.0,0.0,0.0,0.0,0.0,0.0,0.0,1.0,
2026-08-23 22:30:01,BV1kS8y6kEA8,28,BV1kS8y6kEA8,自测 勿点,MENYAOOO,2026-08-22 18:41:15,162.0,0.0,0.0,0.0,0.0,0.0,0.0,1.0,
2026-08-23 22:30:01,BV1pX8y66ELf,29,BV1pX8y66ELf,自测请勿点击,风枷锁,2026-08-22 18:47:46,142.0,1.0,0.0,1.0,0.0,0.0,0.0,1.0,
2026-08-23 22:30:01,BV1uz8y6JEAr,30,BV1uz8y6JEAr,【起司不是qs】第一支视频求三连！,起司不是qs,2026-08-22 18:20:23,81.0,0.0,0.0,0.0,0.0,0.0,0.0,1.0,
2026-08-23 22:30:01,BV1mx8m6REbb,31,BV1mx8m6REbb,自测,甜奶味羊咩,2026-08-22 20:49:17,42.0,0.0,0.0,0.0,0.0,0.0,0.0,1.0,
2026-08-23 22:30:01,BV1du8S65E6x,32,BV1du8S65E6x,测测测,羊咩_0601,2026-08-23 00:02:02,53.0,0.0,0.0,0.0,0.0,0.0,0.0,1.0,
2026-08-23 22:30:01,BV1hn8m6FEcd,33,BV1hn8m6FEcd,自测勿点,哇哦哦噢噢噢哦,2026-08-22 21:06:21,33.0,0.0,0.0,0.0,0.0,0.0,0.0,1.0,
2026-08-23 22:30:01,BV1DE8m68E2D,34,,失败,,,,,,,,,,,62012.0
2026-08-23 22:30:01,BV1jM8m6MEoA,35,BV1jM8m6MEoA,自测，勿点进,Camellia不是cc,2026-08-22 20:29:58,9.0,0.0,0.0,1.0,0.0,0.0,0.0,1.0,
2026-08-23 22:30:01,BV1gE8m6hEJ2,36,BV1gE8m6hEJ2,自测勿点,萌羊叫眠羊,2026-08-22 21:11:17,5.0,0.0,0.0,0.0,0.0,0.0,0.0,1.0,
2026-08-23 22:30:01,BV15V8S6kEYA,37,BV15V8S6kEYA,自测,kuaiqushuijiaoba,2026-08-22 23:32:08,10.0,0.0,0.0,0.0,0.0,0.0,0.0,1.0,
2026-08-23 22:30:01,BV1vG8S6VEgc,38,BV1vG8S6VEgc,8.23自测,萌是天生命TvT,2026-08-22 23:34:07,170.0,0.0,0.0,1.0,0.0,0.0,0.0,1.0,
2026-08-23 22:30:01,BV1Zg8S6CEu5,39,BV1Zg8S6CEu5,自测勿点3,北纬咩雪刊,2026-08-22 23:54:46,56.0,0.0,0.0,0.0,0.0,0.0,0.0,1.0,
2026-08-23 22:30:01,BV1s8BvBPEN5,40,BV1s8BvBPEN5,【杨博文｜4K舞台直拍】好运来祝你好运来～博文宝宝祝你新年好运来,关键时刻来瓶尖叫,2025-12-27 00:43:12,1915448.0,35031.0,17115.0,32451.0,19589.0,4336.0,4873.0,1.0,
2026-08-23 22:30:01,BV1XA6nBGEPV,41,BV1XA6nBGEPV,【4K精剪】希区考克 作品152 | 杨博文直拍 | 260131,underthepoplar,2026-02-01 00:23:17,1945484.0,24069.0,22495.0,20183.0,19010.0,4020.0,6938.0,1.0,
2026-08-23 23:00:02,https://www.bilibili.com/video/BV1GdgW6JEe9/?spm_id_from=333.1387.favlist.content.click&vd_source=406d0cf895bedbdc58a3d0130d55e34c,0,BV1GdgW6JEe9,【杨博文｜4k直拍】Whiplash 双日直拍混剪,关键时刻来瓶尖叫,2026-08-13 23:45:41,212647.0,27715.0,22651.0,21214.0,6732.0,4639.0,8087.0,27.0,
2026-08-23 23:00:02,https://www.bilibili.com/video/BV1W5gs6KEhr/?spm_id_from=333.1387.favlist.content.click&vd_source=406d0cf895bedbdc58a3d0130d55e34c,1,BV1W5gs6KEhr,【4K精剪】异常加载中 | 杨博文直拍 | 260813,underthepoplar,2026-08-13 22:44:57,179350.0,23078.0,15708.0,17112.0,6041.0,7352.0,8562.0,19.0,
2026-08-23 23:00:02,https://www.bilibili.com/video/BV1VFbd6QEjw/spm_id_from=333.1387.favlist.content.click&vd_source=406d0cf895bedbdc58a3d0130d55e34c,2,BV1VFbd6QEjw,【杨博文｜4k直拍】管他什么音乐 直拍,关键时刻来瓶尖叫,2026-08-16 23:08:52,84464.0,5977.0,3527.0,4633.0,2430.0,562.0,0.0,11.0,
2026-08-23 23:00:02,https://www.bilibili.com/video/BV1xebR6zEkr/?spm_id_from=333.1387.favlist.content.click&vd_source=406d0cf895bedbdc58a3d0130d55e34c,3,BV1xebR6zEkr,【4K精剪】Attention | 杨博文直拍 | 260816,underthepoplar,2026-08-16 23:54:18,175183.0,15640.0,10015.0,12936.0,2906.0,1400.0,2487.0,32.0,
2026-08-23 23:00:02,https://www.bilibili.com/video/BV1s3gs6MEej/?spm_id_from=333.1387.favlist.content.click&vd_source=406d0cf895bedbdc58a3d0130d55e34c,4,BV1s3gs6MEej,【杨博文｜4k直拍】爱的初体验 直拍,关键时刻来瓶尖叫,2026-08-13 22:46:37,113425.0,12534.0,6690.0,9708.0,3221.0,521.0,2493.0,20.0,
2026-08-23 23:00:02,https://www.bilibili.com/video/BV1E2bR6hEJR/?spm_id_from=333.1387.favlist.content.click&vd_source=406d0cf895bedbdc58a3d0130d55e34c,5,BV1E2bR6hEJR,【杨博文】Attention丨直拍横屏丨16岁高中生内娱主舞的舞台掌控力丨8.16双机位4k精剪,Kismet丨杨博文,2026-08-16 22:13:05,244437.0,27426.0,13623.0,19165.0,4029.0,9393.0,11289.0,240.0,
2026-08-23 23:00:02,https://www.bilibili.com/video/BV1Rib96EE3F/?spm_id_from=333.1387.favlist.content.click&vd_source=406d0cf895bedbdc58a3d0130d55e34c,6,BV1Rib96EE3F,260816 【杨博文】春雪  竖屏4k直拍,meetsummer丨杨博文,2026-08-17 01:54:42,40026.0,8504.0,3440.0,4628.0,1602.0,719.0,725.0,12.0,
2026-08-23 23:00:02,https://www.bilibili.com/video/BV18jgg6BEAd/?spm_id_from=333.1387.favlist.content.click&vd_source=406d0cf895bedbdc58a3d0130d55e34c,7,BV18jgg6BEAd,【4K精剪】摇曳！摇曳！ | 杨博文直拍 | 260813 & 260814,underthepoplar,2026-08-15 13:26:46,66810.0,9814.0,7091.0,6490.0,2634.0,457.0,1124.0,16.0,
2026-08-23 23:00:02,https://www.bilibili.com/video/BV1A5vkB2E1k/?spm_id_from=333.1387.favlist.content.click&vd_source=406d0cf895bedbdc58a3d0130d55e34c,8,BV1A5vkB2E1k,【杨博文】Hey Mama六机位纯舞直拍丨15岁舞台统治者的诞生，四代主舞燃炸全场！,Kismet丨杨博文,2025-12-28 22:28:16,2808351.0,65592.0,45840.0,47963.0,27611.0,13663.0,22006.0,3.0,
2026-08-23 23:00:02,https://www.bilibili.com/video/BV1mJ64BREZY/?spm_id_from=333.337.search-card.all.click&vd_source=406d0cf895bedbdc58a3d0130d55e34c,9,BV1mJ64BREZY,【杨博文】闭嘴跳舞丨当主舞穿上西装就会得到,Kismet丨杨博文,2026-02-01 18:31:00,622092.0,35175.0,4037.0,25447.0,8600.0,447.0,654.0,1.0,
2026-08-23 23:00:02,BV1Qu816ZEoy,10,BV1Qu816ZEoy,测试用，勿点，谢谢,猫球不是毛球啊,2026-08-22 16:55:19,165.0,2.0,0.0,0.0,0.0,0.0,0.0,1.0,
2026-08-23 23:00:02,BV1Vd8B65EkU,11,BV1Vd8B65EkU,0822.3,dddddash6,2026-08-21 21:49:36,113.0,0.0,0.0,1.0,0.0,0.0,0.0,1.0,
2026-08-23 23:00:02,BV1fT8S61Ejo,12,BV1fT8S61Ejo,十一（23）,爱动手的法学生,2026-08-22 23:46:38,108.0,0.0,0.0,0.0,0.0,0.0,0.0,1.0,
2026-08-23 23:00:02,BV1bf816sE8P,13,BV1bf816sE8P,自测，误点,橙子小姐_sheep,2026-08-22 14:38:54,157.0,0.0,0.0,2.0,0.0,0.0,0.0,1.0,
2026-08-23 23:00:02,BV1Te8K6uEJt,14,BV1Te8K6uEJt,勿进勿进勿进！自测 安卓0821,cannndy_,2026-08-21 08:57:55,162.0,0.0,0.0,1.0,0.0,0.0,0.0,1.0,
2026-08-23 23:00:02,BV1au816oEjs,15,BV1au816oEjs,手机自测,熙熙哈哈oO,2026-08-22 16:55:10,100.0,0.0,0.0,0.0,0.0,0.0,0.0,1.0,
2026-08-23 23:00:02,BV1qw816eE1d,16,BV1qw816eE1d,8.22 自测视频 勿点,dgsaydhakjdhjk,2026-08-22 16:56:23,338.0,0.0,0.0,0.0,0.0,0.0,0.0,1.0,
2026-08-23 23:00:02,BV1ci8163ECY,17,BV1ci8163ECY,自测勿点,不完美是常态_,2026-08-22 15:39:32,50.0,0.0,0.0,0.0,0.0,0.0,0.0,1.0,
2026-08-23 23:00:02,BV1dw816YEau,18,BV1dw816YEau,测试（勿点）,低能量地活着,2026-08-22 16:59:54,27.0,0.0,0.0,0.0,0.0,0.0,0.0,1.0,
2026-08-23 23:00:02,BV1jg8S6yEuV,19,BV1jg8S6yEuV,自测视频,only筱筱,2026-08-22 23:58:01,196.0,1.0,0.0,0.0,0.0,0.0,0.0,1.0,
2026-08-23 23:00:02,BV1z6816qEbo,20,BV1z6816qEbo,自用,dddii点点,2026-08-22 16:38:15,229.0,1.0,0.0,0.0,0.0,0.0,0.0,1.0,
2026-08-23 23:00:02,BV1eM8168E9p,21,BV1eM8168E9p,自测勿点！！！！,dd鱿鱼须,2026-08-22 16:39:08,180.0,0.0,0.0,1.0,0.0,0.0,0.0,1.0,
2026-08-23 23:00:02,BV14i8M61EdN,22,BV14i8M61EdN,sz,我素质低你让让我,2026-08-21 12:22:44,145.0,0.0,0.0,0.0,0.0,0.0,0.0,1.0,
2026-08-23 23:00:02,BV12A826QEK4,23,BV12A826QEK4,自测 禁点,哈哈哈哈哈11_,2026-08-22 15:15:37,82.0,0.0,0.0,0.0,0.0,0.0,0.0,1.0,
2026-08-23 23:00:02,BV1St8S6wE33,24,BV1St8S6wE33,自测哦,半夏哒哒哒,2026-08-23 00:18:35,93.0,0.0,0.0,0.0,0.0,0.0,0.0,1.0,
2026-08-23 23:00:02,BV1bwbh65Eh7,25,BV1bwbh65Eh7,自测视频！勿点0817,摸鱼堡成员,2026-08-17 09:36:15,202.0,1.0,0.0,0.0,0.0,0.0,0.0,1.0,
2026-08-23 23:00:02,BV15B8r6WEQ3,26,BV15B8r6WEQ3,8.22自测勿点,刘海打歪了,2026-08-22 09:19:46,53.0,0.0,0.0,0.0,0.0,0.0,0.0,1.0,
2026-08-23 23:00:02,BV1ET8S62EvB,27,BV1ET8S62EvB,【牛小Bala】视频已打包，欢迎围观！,牛小Bala,2026-08-22 23:47:03,74.0,0.0,0.0,0.0,0.0,0.0,0.0,1.0,
2026-08-23 23:00:02,BV1kS8y6kEA8,28,BV1kS8y6kEA8,自测 勿点,MENYAOOO,2026-08-22 18:41:15,166.0,0.0,0.0,0.0,0.0,0.0,0.0,1.0,
2026-08-23 23:00:02,BV1pX8y66ELf,29,BV1pX8y66ELf,自测请勿点击,风枷锁,2026-08-22 18:47:46,142.0,1.0,0.0,1.0,0.0,0.0,0.0,1.0,
2026-08-23 23:00:02,BV1uz8y6JEAr,30,BV1uz8y6JEAr,【起司不是qs】第一支视频求三连！,起司不是qs,2026-08-22 18:20:23,86.0,0.0,0.0,0.0,0.0,0.0,0.0,1.0,
2026-08-23 23:00:02,BV1mx8m6REbb,31,BV1mx8m6REbb,自测,甜奶味羊咩,2026-08-22 20:49:17,42.0,0.0,0.0,0.0,0.0,0.0,0.0,1.0,
2026-08-23 23:00:02,BV1du8S65E6x,32,BV1du8S65E6x,测测测,羊咩_0601,2026-08-23 00:02:02,53.0,0.0,0.0,0.0,0.0,0.0,0.0,1.0,
2026-08-23 23:00:02,BV1hn8m6FEcd,33,BV1hn8m6FEcd,自测勿点,哇哦哦噢噢噢哦,2026-08-22 21:06:21,33.0,0.0,0.0,0.0,0.0,0.0,0.0,1.0,
2026-08-23 23:00:02,BV1DE8m68E2D,34,,失败,,,,,,,,,,,62012.0
2026-08-23 23:00:02,BV1jM8m6MEoA,35,BV1jM8m6MEoA,自测，勿点进,Camellia不是cc,2026-08-22 20:29:58,9.0,0.0,0.0,1.0,0.0,0.0,0.0,1.0,
2026-08-23 23:00:02,BV1gE8m6hEJ2,36,BV1gE8m6hEJ2,自测勿点,萌羊叫眠羊,2026-08-22 21:11:17,5.0,0.0,0.0,0.0,0.0,0.0,0.0,1.0,
2026-08-23 23:00:02,BV15V8S6kEYA,37,BV15V8S6kEYA,自测,kuaiqushuijiaoba,2026-08-22 23:32:08,11.0,0.0,0.0,0.0,0.0,0.0,0.0,1.0,
2026-08-23 23:00:02,BV1vG8S6VEgc,38,BV1vG8S6VEgc,8.23自测,萌是天生命TvT,2026-08-22 23:34:07,175.0,0.0,0.0,1.0,0.0,0.0,0.0,1.0,
2026-08-23 23:00:02,BV1Zg8S6CEu5,39,BV1Zg8S6CEu5,自测勿点3,北纬咩雪刊,2026-08-22 23:54:46,57.0,0.0,0.0,0.0,0.0,0.0,0.0,1.0,
2026-08-23 23:00:02,BV1s8BvBPEN5,40,BV1s8BvBPEN5,【杨博文｜4K舞台直拍】好运来祝你好运来～博文宝宝祝你新年好运来,关键时刻来瓶尖叫,2025-12-27 00:43:12,1915450.0,35031.0,17115.0,32451.0,19589.0,4336.0,4873.0,1.0,
2026-08-23 23:00:02,BV1XA6nBGEPV,41,BV1XA6nBGEPV,【4K精剪】希区考克 作品152 | 杨博文直拍 | 260131,underthepoplar,2026-02-01 00:23:17,1945500.0,24070.0,22495.0,20184.0,19010.0,4020.0,6938.0,1.0,
2026-08-23 23:30:04,https://www.bilibili.com/video/BV1GdgW6JEe9/?spm_id_from=333.1387.favlist.content.click&vd_source=406d0cf895bedbdc58a3d0130d55e34c,0,BV1GdgW6JEe9,【杨博文｜4k直拍】Whiplash 双日直拍混剪,关键时刻来瓶尖叫,2026-08-13 23:45:41,212842.0,27731.0,22663.0,21225.0,6739.0,4639.0,8091.0,26,
2026-08-23 23:30:04,https://www.bilibili.com/video/BV1W5gs6KEhr/?spm_id_from=333.1387.favlist.content.click&vd_source=406d0cf895bedbdc58a3d0130d55e34c,1,BV1W5gs6KEhr,【4K精剪】异常加载中 | 杨博文直拍 | 260813,underthepoplar,2026-08-13 22:44:57,179478.0,23091.0,15720.0,17120.0,6047.0,7352.0,8562.0,21,
2026-08-23 23:30:04,https://www.bilibili.com/video/BV1VFbd6QEjw/spm_id_from=333.1387.favlist.content.click&vd_source=406d0cf895bedbdc58a3d0130d55e34c,2,BV1VFbd6QEjw,【杨博文｜4k直拍】管他什么音乐 直拍,关键时刻来瓶尖叫,2026-08-16 23:08:52,84475.0,5977.0,3527.0,4636.0,2436.0,562.0,0.0,8,
2026-08-23 23:30:04,https://www.bilibili.com/video/BV1xebR6zEkr/?spm_id_from=333.1387.favlist.content.click&vd_source=406d0cf895bedbdc58a3d0130d55e34c,3,BV1xebR6zEkr,【4K精剪】Attention | 杨博文直拍 | 260816,underthepoplar,2026-08-16 23:54:18,175402.0,15657.0,10036.0,12950.0,2914.0,1400.0,2487.0,30,
2026-08-23 23:30:04,https://www.bilibili.com/video/BV1s3gs6MEej/?spm_id_from=333.1387.favlist.content.click&vd_source=406d0cf895bedbdc58a3d0130d55e34c,4,BV1s3gs6MEej,【杨博文｜4k直拍】爱的初体验 直拍,关键时刻来瓶尖叫,2026-08-13 22:46:37,113533.0,12542.0,6691.0,9717.0,3226.0,521.0,2494.0,13,
2026-08-23 23:30:04,https://www.bilibili.com/video/BV1E2bR6hEJR/?spm_id_from=333.1387.favlist.content.click&vd_source=406d0cf895bedbdc58a3d0130d55e34c,5,BV1E2bR6hEJR,【杨博文】Attention丨直拍横屏丨16岁高中生内娱主舞的舞台掌控力丨8.16双机位4k精剪,Kismet丨杨博文,2026-08-16 22:13:05,244781.0,27458.0,13645.0,19191.0,4044.0,9396.0,11296.0,229,
2026-08-23 23:30:04,https://www.bilibili.com/video/BV1Rib96EE3F/?spm_id_from=333.1387.favlist.content.click&vd_source=406d0cf895bedbdc58a3d0130d55e34c,6,BV1Rib96EE3F,260816 【杨博文】春雪  竖屏4k直拍,meetsummer丨杨博文,2026-08-17 01:54:42,40131.0,8514.0,3441.0,4635.0,1608.0,719.0,725.0,8,
2026-08-23 23:30:04,https://www.bilibili.com/video/BV18jgg6BEAd/?spm_id_from=333.1387.favlist.content.click&vd_source=406d0cf895bedbdc58a3d0130d55e34c,7,BV18jgg6BEAd,【4K精剪】摇曳！摇曳！ | 杨博文直拍 | 260813 & 260814,underthepoplar,2026-08-15 13:26:46,66879.0,9819.0,7094.0,6494.0,2642.0,457.0,1124.0,17,
2026-08-23 23:30:04,https://www.bilibili.com/video/BV1A5vkB2E1k/?spm_id_from=333.1387.favlist.content.click&vd_source=406d0cf895bedbdc58a3d0130d55e34c,8,BV1A5vkB2E1k,【杨博文】Hey Mama六机位纯舞直拍丨15岁舞台统治者的诞生，四代主舞燃炸全场！,Kismet丨杨博文,2025-12-28 22:28:16,2808393.0,65594.0,45841.0,47965.0,27617.0,13663.0,22006.0,2,
2026-08-23 23:30:04,https://www.bilibili.com/video/BV1mJ64BREZY/?spm_id_from=333.337.search-card.all.click&vd_source=406d0cf895bedbdc58a3d0130d55e34c,9,BV1mJ64BREZY,【杨博文】闭嘴跳舞丨当主舞穿上西装就会得到,Kismet丨杨博文,2026-02-01 18:31:00,622094.0,35175.0,4037.0,25447.0,8600.0,447.0,654.0,1,
2026-08-23 23:30:04,BV1Qu816ZEoy,10,BV1Qu816ZEoy,测试用，勿点，谢谢,猫球不是毛球啊,2026-08-22 16:55:19,165.0,2.0,0.0,0.0,0.0,0.0,0.0,1,
2026-08-23 23:30:04,BV1Vd8B65EkU,11,BV1Vd8B65EkU,0822.3,dddddash6,2026-08-21 21:49:36,113.0,0.0,0.0,1.0,0.0,0.0,0.0,1,
2026-08-23 23:30:04,BV1fT8S61Ejo,12,BV1fT8S61Ejo,十一（23）,爱动手的法学生,2026-08-22 23:46:38,108.0,0.0,0.0,0.0,0.0,0.0,0.0,1,
2026-08-23 23:30:04,BV1bf816sE8P,13,BV1bf816sE8P,自测，误点,橙子小姐_sheep,2026-08-22 14:38:54,157.0,0.0,0.0,2.0,0.0,0.0,0.0,1,
2026-08-23 23:30:04,BV1Te8K6uEJt,14,BV1Te8K6uEJt,勿进勿进勿进！自测 安卓0821,cannndy_,2026-08-21 08:57:55,162.0,0.0,0.0,1.0,0.0,0.0,0.0,1,
2026-08-23 23:30:04,BV1au816oEjs,15,BV1au816oEjs,手机自测,熙熙哈哈oO,2026-08-22 16:55:10,105.0,0.0,0.0,0.0,0.0,0.0,0.0,1,
2026-08-23 23:30:04,BV1qw816eE1d,16,BV1qw816eE1d,8.22 自测视频 勿点,dgsaydhakjdhjk,2026-08-22 16:56:23,338.0,0.0,0.0,0.0,0.0,0.0,0.0,1,
2026-08-23 23:30:04,BV1ci8163ECY,17,BV1ci8163ECY,自测勿点,不完美是常态_,2026-08-22 15:39:32,50.0,0.0,0.0,0.0,0.0,0.0,0.0,1,
2026-08-23 23:30:04,BV1dw816YEau,18,BV1dw816YEau,测试（勿点）,低能量地活着,2026-08-22 16:59:54,27.0,0.0,0.0,0.0,0.0,0.0,0.0,1,
2026-08-23 23:30:04,BV1jg8S6yEuV,19,BV1jg8S6yEuV,自测视频,only筱筱,2026-08-22 23:58:01,196.0,1.0,0.0,0.0,0.0,0.0,0.0,1,
2026-08-23 23:30:04,BV1z6816qEbo,20,BV1z6816qEbo,自用,dddii点点,2026-08-22 16:38:15,229.0,1.0,0.0,0.0,0.0,0.0,0.0,1,
2026-08-23 23:30:04,BV1eM8168E9p,21,BV1eM8168E9p,自测勿点！！！！,dd鱿鱼须,2026-08-22 16:39:08,180.0,0.0,0.0,1.0,0.0,0.0,0.0,1,
2026-08-23 23:30:04,BV14i8M61EdN,22,BV14i8M61EdN,sz,我素质低你让让我,2026-08-21 12:22:44,150.0,0.0,0.0,0.0,0.0,0.0,0.0,1,
2026-08-23 23:30:04,BV12A826QEK4,23,BV12A826QEK4,自测 禁点,哈哈哈哈哈11_,2026-08-22 15:15:37,82.0,0.0,0.0,0.0,0.0,0.0,0.0,1,
2026-08-23 23:30:04,BV1St8S6wE33,24,BV1St8S6wE33,自测哦,半夏哒哒哒,2026-08-23 00:18:35,98.0,0.0,0.0,0.0,0.0,0.0,0.0,1,
2026-08-23 23:30:04,BV1bwbh65Eh7,25,BV1bwbh65Eh7,自测视频！勿点0817,摸鱼堡成员,2026-08-17 09:36:15,207.0,1.0,0.0,0.0,0.0,0.0,0.0,1,
2026-08-23 23:30:04,BV15B8r6WEQ3,26,BV15B8r6WEQ3,8.22自测勿点,刘海打歪了,2026-08-22 09:19:46,53.0,0.0,0.0,0.0,0.0,0.0,0.0,1,
2026-08-23 23:30:04,BV1ET8S62EvB,27,BV1ET8S62EvB,【牛小Bala】视频已打包，欢迎围观！,牛小Bala,2026-08-22 23:47:03,74.0,0.0,0.0,0.0,0.0,0.0,0.0,1,
2026-08-23 23:30:04,BV1kS8y6kEA8,28,BV1kS8y6kEA8,自测 勿点,MENYAOOO,2026-08-22 18:41:15,170.0,0.0,0.0,0.0,0.0,0.0,0.0,1,
2026-08-23 23:30:04,BV1pX8y66ELf,29,BV1pX8y66ELf,自测请勿点击,风枷锁,2026-08-22 18:47:46,142.0,1.0,0.0,1.0,0.0,0.0,0.0,1,
2026-08-23 23:30:04,BV1uz8y6JEAr,30,BV1uz8y6JEAr,【起司不是qs】第一支视频求三连！,起司不是qs,2026-08-22 18:20:23,90.0,0.0,0.0,0.0,0.0,0.0,0.0,1,
2026-08-23 23:30:04,BV1mx8m6REbb,31,BV1mx8m6REbb,自测,甜奶味羊咩,2026-08-22 20:49:17,42.0,0.0,0.0,0.0,0.0,0.0,0.0,1,
2026-08-23 23:30:04,BV1du8S65E6x,32,BV1du8S65E6x,测测测,羊咩_0601,2026-08-23 00:02:02,53.0,0.0,0.0,0.0,0.0,0.0,0.0,1,
2026-08-23 23:30:04,BV1hn8m6FEcd,33,BV1hn8m6FEcd,自测勿点,哇哦哦噢噢噢哦,2026-08-22 21:06:21,33.0,0.0,0.0,0.0,0.0,0.0,0.0,1,
2026-08-23 23:30:04,BV1DE8m68E2D,34,,失败,,,,,,,,,,,62012
2026-08-23 23:30:04,BV1jM8m6MEoA,35,BV1jM8m6MEoA,自测，勿点进,Camellia不是cc,2026-08-22 20:29:58,9.0,0.0,0.0,1.0,0.0,0.0,0.0,1,
2026-08-23 23:30:04,BV1gE8m6hEJ2,36,BV1gE8m6hEJ2,自测勿点,萌羊叫眠羊,2026-08-22 21:11:17,5.0,0.0,0.0,0.0,0.0,0.0,0.0,1,
2026-08-23 23:30:04,BV15V8S6kEYA,37,BV15V8S6kEYA,自测,kuaiqushuijiaoba,2026-08-22 23:32:08,11.0,0.0,0.0,0.0,0.0,0.0,0.0,1,
2026-08-23 23:30:04,BV1vG8S6VEgc,38,BV1vG8S6VEgc,8.23自测,萌是天生命TvT,2026-08-22 23:34:07,176.0,0.0,0.0,1.0,0.0,0.0,0.0,1,
2026-08-23 23:30:04,BV1Zg8S6CEu5,39,BV1Zg8S6CEu5,自测勿点3,北纬咩雪刊,2026-08-22 23:54:46,57.0,0.0,0.0,0.0,0.0,0.0,0.0,1,
2026-08-23 23:30:04,BV1s8BvBPEN5,40,BV1s8BvBPEN5,【杨博文｜4K舞台直拍】好运来祝你好运来～博文宝宝祝你新年好运来,关键时刻来瓶尖叫,2025-12-27 00:43:12,1915456.0,35033.0,17118.0,32453.0,19589.0,4336.0,4873.0,1,
2026-08-23 23:30:04,BV1XA6nBGEPV,41,BV1XA6nBGEPV,【4K精剪】希区考克 作品152 | 杨博文直拍 | 260131,underthepoplar,2026-02-01 00:23:17,1945514.0,24071.0,22496.0,20185.0,19010.0,4020.0,6938.0,1,
