采集时间,输入,BV号,标题,UP主,UP主mid,上传时间,总播放量,点赞数,投币数,收藏数,转发数,评论数,弹幕数,在线人数,每小时播放增量,是否起量
2026-03-05 00:08:32,https://www.bilibili.com/video/BV1e364BwE63/?spm_id_from=333.1387.favlist.content.click,BV1e364BwE63,【杨博文】Why Why Why竖屏4k focus,meetsummer丨杨博文,3546622113876662,2026-02-01 19:33:16,21097,480,184,230,13,12,9,8,0,False
2026-03-05 01:08:45,https://www.bilibili.com/video/BV1e364BwE63/?spm_id_from=333.1387.favlist.content.click,BV1e364BwE63,【杨博文】Why Why Why竖屏4k focus,meetsummer丨杨博文,3546622113876662,2026-02-01 19:33:16,21290,480,184,229,13,12,9,11,193,False
2026-03-05 02:08:57,https://www.bilibili.com/video/BV1e364BwE63/?spm_id_from=333.1387.favlist.content.click,BV1e364BwE63,【杨博文】Why Why Why竖屏4k focus,meetsummer丨杨博文,3546622113876662,2026-02-01 19:33:16,21508,480,184,229,13,12,9,4,218,False
2026-03-05 03:09:10,https://www.bilibili.com/video/BV1e364BwE63/?spm_id_from=333.1387.favlist.content.click,BV1e364BwE63,【杨博文】Why Why Why竖屏4k focus,meetsummer丨杨博文,3546622113876662,2026-02-01 19:33:16,21717,480,184,229,13,12,9,11,209,False
2026-03-05 04:09:23,https://www.bilibili.com/video/BV1e364BwE63/?spm_id_from=333.1387.favlist.content.click,BV1e364BwE63,【杨博文】Why Why Why竖屏4k focus,meetsummer丨杨博文,3546622113876662,2026-02-01 19:33:16,21936,480,184,229,13,12,9,5,219,False
2026-03-05 05:09:35,https://www.bilibili.com/video/BV1e364BwE63/?spm_id_from=333.1387.favlist.content.click,BV1e364BwE63,【杨博文】Why Why Why竖屏4k focus,meetsummer丨杨博文,3546622113876662,2026-02-01 19:33:16,22154,480,184,229,13,12,9,10,218,False
2026-03-05 06:09:47,https://www.bilibili.com/video/BV1e364BwE63/?spm_id_from=333.1387.favlist.content.click,BV1e364BwE63,【杨博文】Why Why Why竖屏4k focus,meetsummer丨杨博文,3546622113876662,2026-02-01 19:33:16,22348,480,184,229,13,12,9,4,194,False
2026-03-05 07:10:00,https://www.bilibili.com/video/BV1e364BwE63/?spm_id_from=333.1387.favlist.content.click,BV1e364BwE63,【杨博文】Why Why Why竖屏4k focus,meetsummer丨杨博文,3546622113876662,2026-02-01 19:33:16,22509,480,184,229,13,12,9,6,161,False
2026-03-05 08:10:12,https://www.bilibili.com/video/BV1e364BwE63/?spm_id_from=333.1387.favlist.content.click,BV1e364BwE63,【杨博文】Why Why Why竖屏4k focus,meetsummer丨杨博文,3546622113876662,2026-02-01 19:33:16,22661,480,184,229,13,12,9,7,152,False
2026-03-05 09:10:25,https://www.bilibili.com/video/BV1e364BwE63/?spm_id_from=333.1387.favlist.content.click,BV1e364BwE63,【杨博文】Why Why Why竖屏4k focus,meetsummer丨杨博文,3546622113876662,2026-02-01 19:33:16,22848,480,184,229,13,12,9,15,187,False
2026-03-05 10:10:37,https://www.bilibili.com/video/BV1e364BwE63/?spm_id_from=333.1387.favlist.content.click,BV1e364BwE63,【杨博文】Why Why Why竖屏4k focus,meetsummer丨杨博文,3546622113876662,2026-02-01 19:33:16,23142,482,186,231,13,12,11,12,294,False
2026-03-05 11:10:50,https://www.bilibili.com/video/BV1e364BwE63/?spm_id_from=333.1387.favlist.content.click,BV1e364BwE63,【杨博文】Why Why Why竖屏4k focus,meetsummer丨杨博文,3546622113876662,2026-02-01 19:33:16,23466,482,186,231,13,12,11,13,324,True
2026-03-05 12:11:02,https://www.bilibili.com/video/BV1e364BwE63/?spm_id_from=333.1387.favlist.content.click,BV1e364BwE63,【杨博文】Why Why Why竖屏4k focus,meetsummer丨杨博文,3546622113876662,2026-02-01 19:33:16,23747,482,186,231,13,12,11,14,281,False
2026-03-05 13:11:14,https://www.bilibili.com/video/BV1e364BwE63/?spm_id_from=333.1387.favlist.content.click,BV1e364BwE63,【杨博文】Why Why Why竖屏4k focus,meetsummer丨杨博文,3546622113876662,2026-02-01 19:33:16,24023,482,186,231,13,12,11,15,276,False
2026-03-05 14:11:27,https://www.bilibili.com/video/BV1e364BwE63/?spm_id_from=333.1387.favlist.content.click,BV1e364BwE63,【杨博文】Why Why Why竖屏4k focus,meetsummer丨杨博文,3546622113876662,2026-02-01 19:33:16,24310,482,186,231,13,12,11,17,287,False
2026-03-05 15:11:39,https://www.bilibili.com/video/BV1e364BwE63/?spm_id_from=333.1387.favlist.content.click,BV1e364BwE63,【杨博文】Why Why Why竖屏4k focus,meetsummer丨杨博文,3546622113876662,2026-02-01 19:33:16,24602,482,186,231,13,12,11,14,292,False
2026-03-05 16:11:52,https://www.bilibili.com/video/BV1e364BwE63/?spm_id_from=333.1387.favlist.content.click,BV1e364BwE63,【杨博文】Why Why Why竖屏4k focus,meetsummer丨杨博文,3546622113876662,2026-02-01 19:33:16,24910,482,186,232,13,12,11,6,308,True
2026-03-05 17:12:04,https://www.bilibili.com/video/BV1e364BwE63/?spm_id_from=333.1387.favlist.content.click,BV1e364BwE63,【杨博文】Why Why Why竖屏4k focus,meetsummer丨杨博文,3546622113876662,2026-02-01 19:33:16,25197,482,186,232,13,12,11,8,287,False
2026-03-05 18:12:17,https://www.bilibili.com/video/BV1e364BwE63/?spm_id_from=333.1387.favlist.content.click,BV1e364BwE63,【杨博文】Why Why Why竖屏4k focus,meetsummer丨杨博文,3546622113876662,2026-02-01 19:33:16,25477,482,186,232,13,12,11,8,280,False
2026-03-05 19:12:29,https://www.bilibili.com/video/BV1e364BwE63/?spm_id_from=333.1387.favlist.content.click,BV1e364BwE63,【杨博文】Why Why Why竖屏4k focus,meetsummer丨杨博文,3546622113876662,2026-02-01 19:33:16,25686,482,186,231,13,12,11,9,209,False
2026-03-05 20:12:42,https://www.bilibili.com/video/BV1e364BwE63/?spm_id_from=333.1387.favlist.content.click,BV1e364BwE63,【杨博文】Why Why Why竖屏4k focus,meetsummer丨杨博文,3546622113876662,2026-02-01 19:33:16,25914,482,186,231,13,12,11,9,228,False
2026-03-05 21:12:55,https://www.bilibili.com/video/BV1e364BwE63/?spm_id_from=333.1387.favlist.content.click,BV1e364BwE63,【杨博文】Why Why Why竖屏4k focus,meetsummer丨杨博文,3546622113876662,2026-02-01 19:33:16,26160,482,186,231,13,12,11,6,246,False
2026-03-05 22:13:08,https://www.bilibili.com/video/BV1e364BwE63/?spm_id_from=333.1387.favlist.content.click,BV1e364BwE63,【杨博文】Why Why Why竖屏4k focus,meetsummer丨杨博文,3546622113876662,2026-02-01 19:33:16,26322,482,186,231,13,12,11,3,162,False
2026-03-05 23:13:20,https://www.bilibili.com/video/BV1e364BwE63/?spm_id_from=333.1387.favlist.content.click,BV1e364BwE63,【杨博文】Why Why Why竖屏4k focus,meetsummer丨杨博文,3546622113876662,2026-02-01 19:33:16,26395,482,186,231,13,12,11,3,73,False
2026-03-05 00:08:32,https://www.bilibili.com/video/BV1pjA6zyE2K/?spm_id_from=333.1387.favlist.content.click,BV1pjA6zyE2K,网页版防吞,爱磕糖的兔子Y,628963336,2026-02-26 20:15:12,21296,4,2,77,1,0,0,1,0,False
2026-03-05 01:08:45,https://www.bilibili.com/video/BV1pjA6zyE2K/?spm_id_from=333.1387.favlist.content.click,BV1pjA6zyE2K,网页版防吞,爱磕糖的兔子Y,628963336,2026-02-26 20:15:12,21438,4,2,77,1,0,0,1,142,False
2026-03-05 02:08:57,https://www.bilibili.com/video/BV1pjA6zyE2K/?spm_id_from=333.1387.favlist.content.click,BV1pjA6zyE2K,网页版防吞,爱磕糖的兔子Y,628963336,2026-02-26 20:15:12,21601,4,2,77,1,0,0,1,163,False
2026-03-05 03:09:10,https://www.bilibili.com/video/BV1pjA6zyE2K/?spm_id_from=333.1387.favlist.content.click,BV1pjA6zyE2K,网页版防吞,爱磕糖的兔子Y,628963336,2026-02-26 20:15:12,21768,4,2,77,1,0,0,1,167,False
2026-03-05 04:09:23,https://www.bilibili.com/video/BV1pjA6zyE2K/?spm_id_from=333.1387.favlist.content.click,BV1pjA6zyE2K,网页版防吞,爱磕糖的兔子Y,628963336,2026-02-26 20:15:12,21960,4,2,77,1,0,0,1,192,False
2026-03-05 05:09:35,https://www.bilibili.com/video/BV1pjA6zyE2K/?spm_id_from=333.1387.favlist.content.click,BV1pjA6zyE2K,网页版防吞,爱磕糖的兔子Y,628963336,2026-02-26 20:15:12,22157,4,2,77,1,0,0,1,197,False
2026-03-05 06:09:47,https://www.bilibili.com/video/BV1pjA6zyE2K/?spm_id_from=333.1387.favlist.content.click,BV1pjA6zyE2K,网页版防吞,爱磕糖的兔子Y,628963336,2026-02-26 20:15:12,22340,4,2,77,1,0,0,1,183,False
2026-03-05 07:10:00,https://www.bilibili.com/video/BV1pjA6zyE2K/?spm_id_from=333.1387.favlist.content.click,BV1pjA6zyE2K,网页版防吞,爱磕糖的兔子Y,628963336,2026-02-26 20:15:12,22485,4,2,77,1,0,0,1,145,False
2026-03-05 08:10:12,https://www.bilibili.com/video/BV1pjA6zyE2K/?spm_id_from=333.1387.favlist.content.click,BV1pjA6zyE2K,网页版防吞,爱磕糖的兔子Y,628963336,2026-02-26 20:15:12,22608,4,2,78,1,0,0,2,123,False
2026-03-05 09:10:25,https://www.bilibili.com/video/BV1pjA6zyE2K/?spm_id_from=333.1387.favlist.content.click,BV1pjA6zyE2K,网页版防吞,爱磕糖的兔子Y,628963336,2026-02-26 20:15:12,22779,4,2,78,1,0,0,1,171,False
2026-03-05 10:10:37,https://www.bilibili.com/video/BV1pjA6zyE2K/?spm_id_from=333.1387.favlist.content.click,BV1pjA6zyE2K,网页版防吞,爱磕糖的兔子Y,628963336,2026-02-26 20:15:12,23040,4,2,81,1,0,0,3,261,False
2026-03-05 11:10:50,https://www.bilibili.com/video/BV1pjA6zyE2K/?spm_id_from=333.1387.favlist.content.click,BV1pjA6zyE2K,网页版防吞,爱磕糖的兔子Y,628963336,2026-02-26 20:15:12,23336,4,2,81,1,0,0,2,296,False
2026-03-05 12:11:02,https://www.bilibili.com/video/BV1pjA6zyE2K/?spm_id_from=333.1387.favlist.content.click,BV1pjA6zyE2K,网页版防吞,爱磕糖的兔子Y,628963336,2026-02-26 20:15:12,23624,4,2,81,1,0,0,1,288,False
2026-03-05 13:11:14,https://www.bilibili.com/video/BV1pjA6zyE2K/?spm_id_from=333.1387.favlist.content.click,BV1pjA6zyE2K,网页版防吞,爱磕糖的兔子Y,628963336,2026-02-26 20:15:12,23873,4,2,81,1,0,0,1,249,False
2026-03-05 14:11:27,https://www.bilibili.com/video/BV1pjA6zyE2K/?spm_id_from=333.1387.favlist.content.click,BV1pjA6zyE2K,网页版防吞,爱磕糖的兔子Y,628963336,2026-02-26 20:15:12,24151,4,2,81,1,0,0,1,278,False
2026-03-05 15:11:39,https://www.bilibili.com/video/BV1pjA6zyE2K/?spm_id_from=333.1387.favlist.content.click,BV1pjA6zyE2K,网页版防吞,爱磕糖的兔子Y,628963336,2026-02-26 20:15:12,24446,4,2,81,1,0,0,1,295,False
2026-03-05 16:11:52,https://www.bilibili.com/video/BV1pjA6zyE2K/?spm_id_from=333.1387.favlist.content.click,BV1pjA6zyE2K,网页版防吞,爱磕糖的兔子Y,628963336,2026-02-26 20:15:12,24754,4,2,82,1,0,0,1,308,True
2026-03-05 17:12:04,https://www.bilibili.com/video/BV1pjA6zyE2K/?spm_id_from=333.1387.favlist.content.click,BV1pjA6zyE2K,网页版防吞,爱磕糖的兔子Y,628963336,2026-02-26 20:15:12,25056,4,2,82,1,0,0,1,302,True
2026-03-05 18:12:17,https://www.bilibili.com/video/BV1pjA6zyE2K/?spm_id_from=333.1387.favlist.content.click,BV1pjA6zyE2K,网页版防吞,爱磕糖的兔子Y,628963336,2026-02-26 20:15:12,25334,4,2,82,1,0,0,1,278,False
2026-03-05 19:12:29,https://www.bilibili.com/video/BV1pjA6zyE2K/?spm_id_from=333.1387.favlist.content.click,BV1pjA6zyE2K,网页版防吞,爱磕糖的兔子Y,628963336,2026-02-26 20:15:12,25536,4,2,81,1,0,0,1,202,False
2026-03-05 20:12:42,https://www.bilibili.com/video/BV1pjA6zyE2K/?spm_id_from=333.1387.favlist.content.click,BV1pjA6zyE2K,网页版防吞,爱磕糖的兔子Y,628963336,2026-02-26 20:15:12,25749,4,2,81,1,0,0,1,213,False
2026-03-05 21:12:55,https://www.bilibili.com/video/BV1pjA6zyE2K/?spm_id_from=333.1387.favlist.content.click,BV1pjA6zyE2K,网页版防吞,爱磕糖的兔子Y,628963336,2026-02-26 20:15:12,25974,4,2,81,1,0,0,1,225,False
2026-03-05 22:13:08,https://www.bilibili.com/video/BV1pjA6zyE2K/?spm_id_from=333.1387.favlist.content.click,BV1pjA6zyE2K,网页版防吞,爱磕糖的兔子Y,628963336,2026-02-26 20:15:12,26117,4,2,81,1,0,0,1,143,False
2026-03-05 23:13:20,https://www.bilibili.com/video/BV1pjA6zyE2K/?spm_id_from=333.1387.favlist.content.click,BV1pjA6zyE2K,网页版防吞,爱磕糖的兔子Y,628963336,2026-02-26 20:15:12,26179,4,2,81,1,0,0,1,62,False
2026-03-05 00:08:32,https://www.bilibili.com/video/BV1ac6aBVER8/?spm_id_from=333.1387.favlist.content.click,BV1ac6aBVER8,【杨博文｜4K双机位直拍】《闭嘴跳舞》内娱竟有如此红丝绒般的唱跳舞台,Eternity丨杨博文,3691009716259112,2026-02-02 09:56:33,35070,2683,318,1620,9,30,9,10,0,False
2026-03-05 01:08:45,https://www.bilibili.com/video/BV1ac6aBVER8/?spm_id_from=333.1387.favlist.content.click,BV1ac6aBVER8,【杨博文｜4K双机位直拍】《闭嘴跳舞》内娱竟有如此红丝绒般的唱跳舞台,Eternity丨杨博文,3691009716259112,2026-02-02 09:56:33,35245,2683,318,1619,9,30,9,7,175,False
2026-03-05 02:08:57,https://www.bilibili.com/video/BV1ac6aBVER8/?spm_id_from=333.1387.favlist.content.click,BV1ac6aBVER8,【杨博文｜4K双机位直拍】《闭嘴跳舞》内娱竟有如此红丝绒般的唱跳舞台,Eternity丨杨博文,3691009716259112,2026-02-02 09:56:33,35447,2684,320,1619,9,30,9,7,202,False
2026-03-05 03:09:10,https://www.bilibili.com/video/BV1ac6aBVER8/?spm_id_from=333.1387.favlist.content.click,BV1ac6aBVER8,【杨博文｜4K双机位直拍】《闭嘴跳舞》内娱竟有如此红丝绒般的唱跳舞台,Eternity丨杨博文,3691009716259112,2026-02-02 09:56:33,35652,2684,320,1620,9,30,9,8,205,False
2026-03-05 04:09:23,https://www.bilibili.com/video/BV1ac6aBVER8/?spm_id_from=333.1387.favlist.content.click,BV1ac6aBVER8,【杨博文｜4K双机位直拍】《闭嘴跳舞》内娱竟有如此红丝绒般的唱跳舞台,Eternity丨杨博文,3691009716259112,2026-02-02 09:56:33,35874,2684,320,1620,9,30,9,12,222,False
2026-03-05 05:09:35,https://www.bilibili.com/video/BV1ac6aBVER8/?spm_id_from=333.1387.favlist.content.click,BV1ac6aBVER8,【杨博文｜4K双机位直拍】《闭嘴跳舞》内娱竟有如此红丝绒般的唱跳舞台,Eternity丨杨博文,3691009716259112,2026-02-02 09:56:33,36087,2684,320,1620,9,30,9,12,213,False
2026-03-05 06:09:47,https://www.bilibili.com/video/BV1ac6aBVER8/?spm_id_from=333.1387.favlist.content.click,BV1ac6aBVER8,【杨博文｜4K双机位直拍】《闭嘴跳舞》内娱竟有如此红丝绒般的唱跳舞台,Eternity丨杨博文,3691009716259112,2026-02-02 09:56:33,36283,2684,320,1620,9,30,9,11,196,False
2026-03-05 07:10:00,https://www.bilibili.com/video/BV1ac6aBVER8/?spm_id_from=333.1387.favlist.content.click,BV1ac6aBVER8,【杨博文｜4K双机位直拍】《闭嘴跳舞》内娱竟有如此红丝绒般的唱跳舞台,Eternity丨杨博文,3691009716259112,2026-02-02 09:56:33,36442,2684,320,1620,9,30,9,9,159,False
2026-03-05 08:10:12,https://www.bilibili.com/video/BV1ac6aBVER8/?spm_id_from=333.1387.favlist.content.click,BV1ac6aBVER8,【杨博文｜4K双机位直拍】《闭嘴跳舞》内娱竟有如此红丝绒般的唱跳舞台,Eternity丨杨博文,3691009716259112,2026-02-02 09:56:33,36583,2684,320,1620,9,30,9,11,141,False
2026-03-05 09:10:25,https://www.bilibili.com/video/BV1ac6aBVER8/?spm_id_from=333.1387.favlist.content.click,BV1ac6aBVER8,【杨博文｜4K双机位直拍】《闭嘴跳舞》内娱竟有如此红丝绒般的唱跳舞台,Eternity丨杨博文,3691009716259112,2026-02-02 09:56:33,36763,2685,320,1620,9,30,9,10,180,False
2026-03-05 10:10:37,https://www.bilibili.com/video/BV1ac6aBVER8/?spm_id_from=333.1387.favlist.content.click,BV1ac6aBVER8,【杨博文｜4K双机位直拍】《闭嘴跳舞》内娱竟有如此红丝绒般的唱跳舞台,Eternity丨杨博文,3691009716259112,2026-02-02 09:56:33,37042,2686,320,1622,9,30,10,11,279,False
2026-03-05 11:10:50,https://www.bilibili.com/video/BV1ac6aBVER8/?spm_id_from=333.1387.favlist.content.click,BV1ac6aBVER8,【杨博文｜4K双机位直拍】《闭嘴跳舞》内娱竟有如此红丝绒般的唱跳舞台,Eternity丨杨博文,3691009716259112,2026-02-02 09:56:33,37343,2687,320,1623,9,30,10,18,301,True
2026-03-05 12:11:02,https://www.bilibili.com/video/BV1ac6aBVER8/?spm_id_from=333.1387.favlist.content.click,BV1ac6aBVER8,【杨博文｜4K双机位直拍】《闭嘴跳舞》内娱竟有如此红丝绒般的唱跳舞台,Eternity丨杨博文,3691009716259112,2026-02-02 09:56:33,37614,2687,320,1623,9,30,10,15,271,False
2026-03-05 13:11:14,https://www.bilibili.com/video/BV1ac6aBVER8/?spm_id_from=333.1387.favlist.content.click,BV1ac6aBVER8,【杨博文｜4K双机位直拍】《闭嘴跳舞》内娱竟有如此红丝绒般的唱跳舞台,Eternity丨杨博文,3691009716259112,2026-02-02 09:56:33,37885,2690,321,1627,9,30,10,8,271,False
2026-03-05 14:11:27,https://www.bilibili.com/video/BV1ac6aBVER8/?spm_id_from=333.1387.favlist.content.click,BV1ac6aBVER8,【杨博文｜4K双机位直拍】《闭嘴跳舞》内娱竟有如此红丝绒般的唱跳舞台,Eternity丨杨博文,3691009716259112,2026-02-02 09:56:33,38186,2692,321,1628,9,30,10,15,301,True
2026-03-05 15:11:39,https://www.bilibili.com/video/BV1ac6aBVER8/?spm_id_from=333.1387.favlist.content.click,BV1ac6aBVER8,【杨博文｜4K双机位直拍】《闭嘴跳舞》内娱竟有如此红丝绒般的唱跳舞台,Eternity丨杨博文,3691009716259112,2026-02-02 09:56:33,38495,2692,321,1628,9,30,10,14,309,True
2026-03-05 16:11:52,https://www.bilibili.com/video/BV1ac6aBVER8/?spm_id_from=333.1387.favlist.content.click,BV1ac6aBVER8,【杨博文｜4K双机位直拍】《闭嘴跳舞》内娱竟有如此红丝绒般的唱跳舞台,Eternity丨杨博文,3691009716259112,2026-02-02 09:56:33,38794,2692,321,1629,9,30,10,11,299,False
2026-03-05 17:12:04,https://www.bilibili.com/video/BV1ac6aBVER8/?spm_id_from=333.1387.favlist.content.click,BV1ac6aBVER8,【杨博文｜4K双机位直拍】《闭嘴跳舞》内娱竟有如此红丝绒般的唱跳舞台,Eternity丨杨博文,3691009716259112,2026-02-02 09:56:33,39095,2692,321,1629,9,30,10,12,301,True
2026-03-05 18:12:17,https://www.bilibili.com/video/BV1ac6aBVER8/?spm_id_from=333.1387.favlist.content.click,BV1ac6aBVER8,【杨博文｜4K双机位直拍】《闭嘴跳舞》内娱竟有如此红丝绒般的唱跳舞台,Eternity丨杨博文,3691009716259112,2026-02-02 09:56:33,39379,2697,321,1633,9,30,10,10,284,False
2026-03-05 19:12:29,https://www.bilibili.com/video/BV1ac6aBVER8/?spm_id_from=333.1387.favlist.content.click,BV1ac6aBVER8,【杨博文｜4K双机位直拍】《闭嘴跳舞》内娱竟有如此红丝绒般的唱跳舞台,Eternity丨杨博文,3691009716259112,2026-02-02 09:56:33,39601,2700,321,1635,9,30,10,8,222,False
2026-03-05 20:12:42,https://www.bilibili.com/video/BV1ac6aBVER8/?spm_id_from=333.1387.favlist.content.click,BV1ac6aBVER8,【杨博文｜4K双机位直拍】《闭嘴跳舞》内娱竟有如此红丝绒般的唱跳舞台,Eternity丨杨博文,3691009716259112,2026-02-02 09:56:33,39838,2702,321,1637,9,30,10,16,237,False
2026-03-05 21:12:55,https://www.bilibili.com/video/BV1ac6aBVER8/?spm_id_from=333.1387.favlist.content.click,BV1ac6aBVER8,【杨博文｜4K双机位直拍】《闭嘴跳舞》内娱竟有如此红丝绒般的唱跳舞台,Eternity丨杨博文,3691009716259112,2026-02-02 09:56:33,40116,2708,321,1643,9,30,10,11,278,False
2026-03-05 22:13:08,https://www.bilibili.com/video/BV1ac6aBVER8/?spm_id_from=333.1387.favlist.content.click,BV1ac6aBVER8,【杨博文｜4K双机位直拍】《闭嘴跳舞》内娱竟有如此红丝绒般的唱跳舞台,Eternity丨杨博文,3691009716259112,2026-02-02 09:56:33,40299,2710,321,1646,9,30,10,2,183,False
2026-03-05 23:13:20,https://www.bilibili.com/video/BV1ac6aBVER8/?spm_id_from=333.1387.favlist.content.click,BV1ac6aBVER8,【杨博文｜4K双机位直拍】《闭嘴跳舞》内娱竟有如此红丝绒般的唱跳舞台,Eternity丨杨博文,3691009716259112,2026-02-02 09:56:33,40377,2710,321,1646,9,30,10,2,78,False
2026-03-05 00:08:32,https://www.bilibili.com/video/BV1eQ6bBrE5m/?spm_id_from=333.1387.favlist.content.click,BV1eQ6bBrE5m,【杨博文】四代来了一个表管天才<闭嘴跳舞>4k精剪直拍,61strawberry,3691004414658723,2026-02-01 20:51:17,58066,4053,498,3598,16,29,10,10,0,False
2026-03-05 01:08:45,https://www.bilibili.com/video/BV1eQ6bBrE5m/?spm_id_from=333.1387.favlist.content.click,BV1eQ6bBrE5m,【杨博文】四代来了一个表管天才<闭嘴跳舞>4k精剪直拍,61strawberry,3691004414658723,2026-02-01 20:51:17,58263,4053,498,3598,16,29,10,14,197,False
2026-03-05 02:08:57,https://www.bilibili.com/video/BV1eQ6bBrE5m/?spm_id_from=333.1387.favlist.content.click,BV1eQ6bBrE5m,【杨博文】四代来了一个表管天才<闭嘴跳舞>4k精剪直拍,61strawberry,3691004414658723,2026-02-01 20:51:17,58475,4053,498,3598,16,29,10,12,212,False
2026-03-05 03:09:10,https://www.bilibili.com/video/BV1eQ6bBrE5m/?spm_id_from=333.1387.favlist.content.click,BV1eQ6bBrE5m,【杨博文】四代来了一个表管天才<闭嘴跳舞>4k精剪直拍,61strawberry,3691004414658723,2026-02-01 20:51:17,58682,4053,498,3598,16,29,10,19,207,False
2026-03-05 04:09:23,https://www.bilibili.com/video/BV1eQ6bBrE5m/?spm_id_from=333.1387.favlist.content.click,BV1eQ6bBrE5m,【杨博文】四代来了一个表管天才<闭嘴跳舞>4k精剪直拍,61strawberry,3691004414658723,2026-02-01 20:51:17,58912,4053,498,3598,16,29,10,15,230,False
2026-03-05 05:09:35,https://www.bilibili.com/video/BV1eQ6bBrE5m/?spm_id_from=333.1387.favlist.content.click,BV1eQ6bBrE5m,【杨博文】四代来了一个表管天才<闭嘴跳舞>4k精剪直拍,61strawberry,3691004414658723,2026-02-01 20:51:17,59150,4053,498,3598,16,29,10,15,238,False
2026-03-05 06:09:47,https://www.bilibili.com/video/BV1eQ6bBrE5m/?spm_id_from=333.1387.favlist.content.click,BV1eQ6bBrE5m,【杨博文】四代来了一个表管天才<闭嘴跳舞>4k精剪直拍,61strawberry,3691004414658723,2026-02-01 20:51:17,59367,4053,498,3599,16,29,10,12,217,False
2026-03-05 07:10:00,https://www.bilibili.com/video/BV1eQ6bBrE5m/?spm_id_from=333.1387.favlist.content.click,BV1eQ6bBrE5m,【杨博文】四代来了一个表管天才<闭嘴跳舞>4k精剪直拍,61strawberry,3691004414658723,2026-02-01 20:51:17,59558,4053,498,3599,16,29,10,15,191,False
2026-03-05 08:10:12,https://www.bilibili.com/video/BV1eQ6bBrE5m/?spm_id_from=333.1387.favlist.content.click,BV1eQ6bBrE5m,【杨博文】四代来了一个表管天才<闭嘴跳舞>4k精剪直拍,61strawberry,3691004414658723,2026-02-01 20:51:17,59721,4053,498,3599,16,29,10,12,163,False
2026-03-05 09:10:25,https://www.bilibili.com/video/BV1eQ6bBrE5m/?spm_id_from=333.1387.favlist.content.click,BV1eQ6bBrE5m,【杨博文】四代来了一个表管天才<闭嘴跳舞>4k精剪直拍,61strawberry,3691004414658723,2026-02-01 20:51:17,59934,4053,498,3600,16,29,10,14,213,False
2026-03-05 10:10:37,https://www.bilibili.com/video/BV1eQ6bBrE5m/?spm_id_from=333.1387.favlist.content.click,BV1eQ6bBrE5m,【杨博文】四代来了一个表管天才<闭嘴跳舞>4k精剪直拍,61strawberry,3691004414658723,2026-02-01 20:51:17,60253,4055,498,3602,16,29,14,18,319,True
2026-03-05 11:10:50,https://www.bilibili.com/video/BV1eQ6bBrE5m/?spm_id_from=333.1387.favlist.content.click,BV1eQ6bBrE5m,【杨博文】四代来了一个表管天才<闭嘴跳舞>4k精剪直拍,61strawberry,3691004414658723,2026-02-01 20:51:17,60588,4057,498,3603,16,29,14,18,335,True
2026-03-05 12:11:02,https://www.bilibili.com/video/BV1eQ6bBrE5m/?spm_id_from=333.1387.favlist.content.click,BV1eQ6bBrE5m,【杨博文】四代来了一个表管天才<闭嘴跳舞>4k精剪直拍,61strawberry,3691004414658723,2026-02-01 20:51:17,60903,4058,498,3605,16,29,14,24,315,True
2026-03-05 13:11:14,https://www.bilibili.com/video/BV1eQ6bBrE5m/?spm_id_from=333.1387.favlist.content.click,BV1eQ6bBrE5m,【杨博文】四代来了一个表管天才<闭嘴跳舞>4k精剪直拍,61strawberry,3691004414658723,2026-02-01 20:51:17,61220,4061,498,3608,16,29,14,12,317,True
2026-03-05 14:11:27,https://www.bilibili.com/video/BV1eQ6bBrE5m/?spm_id_from=333.1387.favlist.content.click,BV1eQ6bBrE5m,【杨博文】四代来了一个表管天才<闭嘴跳舞>4k精剪直拍,61strawberry,3691004414658723,2026-02-01 20:51:17,61534,4064,498,3611,16,29,14,14,314,True
2026-03-05 15:11:39,https://www.bilibili.com/video/BV1eQ6bBrE5m/?spm_id_from=333.1387.favlist.content.click,BV1eQ6bBrE5m,【杨博文】四代来了一个表管天才<闭嘴跳舞>4k精剪直拍,61strawberry,3691004414658723,2026-02-01 20:51:17,61859,4064,498,3611,16,29,14,19,325,True
2026-03-05 16:11:52,https://www.bilibili.com/video/BV1eQ6bBrE5m/?spm_id_from=333.1387.favlist.content.click,BV1eQ6bBrE5m,【杨博文】四代来了一个表管天才<闭嘴跳舞>4k精剪直拍,61strawberry,3691004414658723,2026-02-01 20:51:17,62178,4064,498,3612,16,29,14,15,319,True
2026-03-05 17:12:04,https://www.bilibili.com/video/BV1eQ6bBrE5m/?spm_id_from=333.1387.favlist.content.click,BV1eQ6bBrE5m,【杨博文】四代来了一个表管天才<闭嘴跳舞>4k精剪直拍,61strawberry,3691004414658723,2026-02-01 20:51:17,62495,4066,498,3614,16,29,14,12,317,True
2026-03-05 18:12:17,https://www.bilibili.com/video/BV1eQ6bBrE5m/?spm_id_from=333.1387.favlist.content.click,BV1eQ6bBrE5m,【杨博文】四代来了一个表管天才<闭嘴跳舞>4k精剪直拍,61strawberry,3691004414658723,2026-02-01 20:51:17,62832,4069,498,3617,16,29,14,10,337,True
2026-03-05 19:12:29,https://www.bilibili.com/video/BV1eQ6bBrE5m/?spm_id_from=333.1387.favlist.content.click,BV1eQ6bBrE5m,【杨博文】四代来了一个表管天才<闭嘴跳舞>4k精剪直拍,61strawberry,3691004414658723,2026-02-01 20:51:17,63091,4070,498,3619,16,29,14,11,259,False
2026-03-05 20:12:42,https://www.bilibili.com/video/BV1eQ6bBrE5m/?spm_id_from=333.1387.favlist.content.click,BV1eQ6bBrE5m,【杨博文】四代来了一个表管天才<闭嘴跳舞>4k精剪直拍,61strawberry,3691004414658723,2026-02-01 20:51:17,63377,4077,498,3626,16,29,14,17,286,False
2026-03-05 21:12:55,https://www.bilibili.com/video/BV1eQ6bBrE5m/?spm_id_from=333.1387.favlist.content.click,BV1eQ6bBrE5m,【杨博文】四代来了一个表管天才<闭嘴跳舞>4k精剪直拍,61strawberry,3691004414658723,2026-02-01 20:51:17,63717,4081,499,3631,16,29,14,20,340,True
2026-03-05 22:13:08,https://www.bilibili.com/video/BV1eQ6bBrE5m/?spm_id_from=333.1387.favlist.content.click,BV1eQ6bBrE5m,【杨博文】四代来了一个表管天才<闭嘴跳舞>4k精剪直拍,61strawberry,3691004414658723,2026-02-01 20:51:17,63941,4086,501,3636,16,29,14,5,224,False
2026-03-05 23:13:20,https://www.bilibili.com/video/BV1eQ6bBrE5m/?spm_id_from=333.1387.favlist.content.click,BV1eQ6bBrE5m,【杨博文】四代来了一个表管天才<闭嘴跳舞>4k精剪直拍,61strawberry,3691004414658723,2026-02-01 20:51:17,64048,4087,501,3638,16,29,14,3,107,False
2026-03-05 00:08:32,https://www.bilibili.com/video/BV1Yo6bBMET2/?spm_id_from=333.1387.favlist.content.click,BV1Yo6bBMET2,【杨博文|4K直拍】《Why Why Why》 说什么又爱又恨的 其实梦里都是我的脸吧,WILSON丨杨博文,1383223009,2026-02-01 20:52:11,21605,405,110,208,5,4,1,4,0,False
2026-03-05 01:08:45,https://www.bilibili.com/video/BV1Yo6bBMET2/?spm_id_from=333.1387.favlist.content.click,BV1Yo6bBMET2,【杨博文|4K直拍】《Why Why Why》 说什么又爱又恨的 其实梦里都是我的脸吧,WILSON丨杨博文,1383223009,2026-02-01 20:52:11,21787,405,110,207,5,4,1,10,182,False
2026-03-05 02:08:57,https://www.bilibili.com/video/BV1Yo6bBMET2/?spm_id_from=333.1387.favlist.content.click,BV1Yo6bBMET2,【杨博文|4K直拍】《Why Why Why》 说什么又爱又恨的 其实梦里都是我的脸吧,WILSON丨杨博文,1383223009,2026-02-01 20:52:11,21997,405,110,207,5,4,1,14,210,False
2026-03-05 03:09:10,https://www.bilibili.com/video/BV1Yo6bBMET2/?spm_id_from=333.1387.favlist.content.click,BV1Yo6bBMET2,【杨博文|4K直拍】《Why Why Why》 说什么又爱又恨的 其实梦里都是我的脸吧,WILSON丨杨博文,1383223009,2026-02-01 20:52:11,22196,405,110,207,5,4,1,7,199,False
2026-03-05 04:09:23,https://www.bilibili.com/video/BV1Yo6bBMET2/?spm_id_from=333.1387.favlist.content.click,BV1Yo6bBMET2,【杨博文|4K直拍】《Why Why Why》 说什么又爱又恨的 其实梦里都是我的脸吧,WILSON丨杨博文,1383223009,2026-02-01 20:52:11,22419,405,110,207,5,4,1,9,223,False
2026-03-05 05:09:35,https://www.bilibili.com/video/BV1Yo6bBMET2/?spm_id_from=333.1387.favlist.content.click,BV1Yo6bBMET2,【杨博文|4K直拍】《Why Why Why》 说什么又爱又恨的 其实梦里都是我的脸吧,WILSON丨杨博文,1383223009,2026-02-01 20:52:11,22646,405,110,207,5,4,1,10,227,False
2026-03-05 06:09:47,https://www.bilibili.com/video/BV1Yo6bBMET2/?spm_id_from=333.1387.favlist.content.click,BV1Yo6bBMET2,【杨博文|4K直拍】《Why Why Why》 说什么又爱又恨的 其实梦里都是我的脸吧,WILSON丨杨博文,1383223009,2026-02-01 20:52:11,22858,405,110,207,5,4,1,12,212,False
2026-03-05 07:10:00,https://www.bilibili.com/video/BV1Yo6bBMET2/?spm_id_from=333.1387.favlist.content.click,BV1Yo6bBMET2,【杨博文|4K直拍】《Why Why Why》 说什么又爱又恨的 其实梦里都是我的脸吧,WILSON丨杨博文,1383223009,2026-02-01 20:52:11,23031,405,110,207,5,4,1,6,173,False
2026-03-05 08:10:12,https://www.bilibili.com/video/BV1Yo6bBMET2/?spm_id_from=333.1387.favlist.content.click,BV1Yo6bBMET2,【杨博文|4K直拍】《Why Why Why》 说什么又爱又恨的 其实梦里都是我的脸吧,WILSON丨杨博文,1383223009,2026-02-01 20:52:11,23188,405,110,207,5,4,1,13,157,False
2026-03-05 09:10:25,https://www.bilibili.com/video/BV1Yo6bBMET2/?spm_id_from=333.1387.favlist.content.click,BV1Yo6bBMET2,【杨博文|4K直拍】《Why Why Why》 说什么又爱又恨的 其实梦里都是我的脸吧,WILSON丨杨博文,1383223009,2026-02-01 20:52:11,23381,405,110,207,5,4,1,14,193,False
2026-03-05 10:10:37,https://www.bilibili.com/video/BV1Yo6bBMET2/?spm_id_from=333.1387.favlist.content.click,BV1Yo6bBMET2,【杨博文|4K直拍】《Why Why Why》 说什么又爱又恨的 其实梦里都是我的脸吧,WILSON丨杨博文,1383223009,2026-02-01 20:52:11,23680,406,110,210,5,4,1,14,299,False
2026-03-05 11:10:50,https://www.bilibili.com/video/BV1Yo6bBMET2/?spm_id_from=333.1387.favlist.content.click,BV1Yo6bBMET2,【杨博文|4K直拍】《Why Why Why》 说什么又爱又恨的 其实梦里都是我的脸吧,WILSON丨杨博文,1383223009,2026-02-01 20:52:11,24006,407,112,211,5,4,1,17,326,True
2026-03-05 12:11:02,https://www.bilibili.com/video/BV1Yo6bBMET2/?spm_id_from=333.1387.favlist.content.click,BV1Yo6bBMET2,【杨博文|4K直拍】《Why Why Why》 说什么又爱又恨的 其实梦里都是我的脸吧,WILSON丨杨博文,1383223009,2026-02-01 20:52:11,24315,407,112,211,5,4,1,14,309,True
2026-03-05 13:11:14,https://www.bilibili.com/video/BV1Yo6bBMET2/?spm_id_from=333.1387.favlist.content.click,BV1Yo6bBMET2,【杨博文|4K直拍】《Why Why Why》 说什么又爱又恨的 其实梦里都是我的脸吧,WILSON丨杨博文,1383223009,2026-02-01 20:52:11,24598,407,112,211,5,4,1,7,283,False
2026-03-05 14:11:27,https://www.bilibili.com/video/BV1Yo6bBMET2/?spm_id_from=333.1387.favlist.content.click,BV1Yo6bBMET2,【杨博文|4K直拍】《Why Why Why》 说什么又爱又恨的 其实梦里都是我的脸吧,WILSON丨杨博文,1383223009,2026-02-01 20:52:11,24887,407,112,211,5,4,1,16,289,False
2026-03-05 15:11:39,https://www.bilibili.com/video/BV1Yo6bBMET2/?spm_id_from=333.1387.favlist.content.click,BV1Yo6bBMET2,【杨博文|4K直拍】《Why Why Why》 说什么又爱又恨的 其实梦里都是我的脸吧,WILSON丨杨博文,1383223009,2026-02-01 20:52:11,25201,407,112,211,5,4,1,17,314,True
2026-03-05 16:11:52,https://www.bilibili.com/video/BV1Yo6bBMET2/?spm_id_from=333.1387.favlist.content.click,BV1Yo6bBMET2,【杨博文|4K直拍】《Why Why Why》 说什么又爱又恨的 其实梦里都是我的脸吧,WILSON丨杨博文,1383223009,2026-02-01 20:52:11,25524,407,112,212,5,4,1,11,323,True
2026-03-05 17:12:04,https://www.bilibili.com/video/BV1Yo6bBMET2/?spm_id_from=333.1387.favlist.content.click,BV1Yo6bBMET2,【杨博文|4K直拍】《Why Why Why》 说什么又爱又恨的 其实梦里都是我的脸吧,WILSON丨杨博文,1383223009,2026-02-01 20:52:11,25832,407,112,212,5,4,1,15,308,True
2026-03-05 18:12:17,https://www.bilibili.com/video/BV1Yo6bBMET2/?spm_id_from=333.1387.favlist.content.click,BV1Yo6bBMET2,【杨博文|4K直拍】《Why Why Why》 说什么又爱又恨的 其实梦里都是我的脸吧,WILSON丨杨博文,1383223009,2026-02-01 20:52:11,26134,407,112,212,5,4,1,13,302,True
2026-03-05 19:12:29,https://www.bilibili.com/video/BV1Yo6bBMET2/?spm_id_from=333.1387.favlist.content.click,BV1Yo6bBMET2,【杨博文|4K直拍】《Why Why Why》 说什么又爱又恨的 其实梦里都是我的脸吧,WILSON丨杨博文,1383223009,2026-02-01 20:52:11,26366,407,112,211,5,4,1,8,232,False
2026-03-05 20:12:42,https://www.bilibili.com/video/BV1Yo6bBMET2/?spm_id_from=333.1387.favlist.content.click,BV1Yo6bBMET2,【杨博文|4K直拍】《Why Why Why》 说什么又爱又恨的 其实梦里都是我的脸吧,WILSON丨杨博文,1383223009,2026-02-01 20:52:11,26609,407,112,211,5,4,1,12,243,False
2026-03-05 21:12:55,https://www.bilibili.com/video/BV1Yo6bBMET2/?spm_id_from=333.1387.favlist.content.click,BV1Yo6bBMET2,【杨博文|4K直拍】《Why Why Why》 说什么又爱又恨的 其实梦里都是我的脸吧,WILSON丨杨博文,1383223009,2026-02-01 20:52:11,26888,407,112,211,5,4,1,9,279,False
2026-03-05 22:13:08,https://www.bilibili.com/video/BV1Yo6bBMET2/?spm_id_from=333.1387.favlist.content.click,BV1Yo6bBMET2,【杨博文|4K直拍】《Why Why Why》 说什么又爱又恨的 其实梦里都是我的脸吧,WILSON丨杨博文,1383223009,2026-02-01 20:52:11,27078,407,112,211,5,4,1,2,190,False
2026-03-05 23:13:20,https://www.bilibili.com/video/BV1Yo6bBMET2/?spm_id_from=333.1387.favlist.content.click,BV1Yo6bBMET2,【杨博文|4K直拍】《Why Why Why》 说什么又爱又恨的 其实梦里都是我的脸吧,WILSON丨杨博文,1383223009,2026-02-01 20:52:11,27174,407,112,211,5,4,1,6,96,False
2026-03-05 00:08:32,https://www.bilibili.com/video/BV1jN64BKECs/?spm_id_from=333.337.search-card.all.click&vd_source=406d0cf895bedbdc58a3d0130d55e34c,BV1jN64BKECs,【杨博文｜4K直拍】跟着节奏一起《闭嘴跳舞》～,关键时刻来瓶尖叫,2142251174,2026-02-01 20:20:32,1272853,18749,13743,16576,2097,2237,6188,1,0,False
2026-03-05 01:08:45,https://www.bilibili.com/video/BV1jN64BKECs/?spm_id_from=333.337.search-card.all.click&vd_source=406d0cf895bedbdc58a3d0130d55e34c,BV1jN64BKECs,【杨博文｜4K直拍】跟着节奏一起《闭嘴跳舞》～,关键时刻来瓶尖叫,2142251174,2026-02-01 20:20:32,1272879,18750,13743,16577,2097,2237,6189,2,26,False
2026-03-05 02:08:57,https://www.bilibili.com/video/BV1jN64BKECs/?spm_id_from=333.337.search-card.all.click&vd_source=406d0cf895bedbdc58a3d0130d55e34c,BV1jN64BKECs,【杨博文｜4K直拍】跟着节奏一起《闭嘴跳舞》～,关键时刻来瓶尖叫,2142251174,2026-02-01 20:20:32,1272897,18751,13743,16577,2097,2237,6189,2,18,False
2026-03-05 03:09:10,https://www.bilibili.com/video/BV1jN64BKECs/?spm_id_from=333.337.search-card.all.click&vd_source=406d0cf895bedbdc58a3d0130d55e34c,BV1jN64BKECs,【杨博文｜4K直拍】跟着节奏一起《闭嘴跳舞》～,关键时刻来瓶尖叫,2142251174,2026-02-01 20:20:32,1272905,18753,13743,16578,2097,2237,6189,1,8,False
2026-03-05 04:09:23,https://www.bilibili.com/video/BV1jN64BKECs/?spm_id_from=333.337.search-card.all.click&vd_source=406d0cf895bedbdc58a3d0130d55e34c,BV1jN64BKECs,【杨博文｜4K直拍】跟着节奏一起《闭嘴跳舞》～,关键时刻来瓶尖叫,2142251174,2026-02-01 20:20:32,1272914,18754,13743,16579,2097,2237,6189,1,9,False
2026-03-05 05:09:35,https://www.bilibili.com/video/BV1jN64BKECs/?spm_id_from=333.337.search-card.all.click&vd_source=406d0cf895bedbdc58a3d0130d55e34c,BV1jN64BKECs,【杨博文｜4K直拍】跟着节奏一起《闭嘴跳舞》～,关键时刻来瓶尖叫,2142251174,2026-02-01 20:20:32,1272919,18755,13743,16579,2097,2237,6189,2,5,False
2026-03-05 06:09:47,https://www.bilibili.com/video/BV1jN64BKECs/?spm_id_from=333.337.search-card.all.click&vd_source=406d0cf895bedbdc58a3d0130d55e34c,BV1jN64BKECs,【杨博文｜4K直拍】跟着节奏一起《闭嘴跳舞》～,关键时刻来瓶尖叫,2142251174,2026-02-01 20:20:32,1272923,18755,13743,16579,2097,2237,6189,1,4,False
2026-03-05 07:10:00,https://www.bilibili.com/video/BV1jN64BKECs/?spm_id_from=333.337.search-card.all.click&vd_source=406d0cf895bedbdc58a3d0130d55e34c,BV1jN64BKECs,【杨博文｜4K直拍】跟着节奏一起《闭嘴跳舞》～,关键时刻来瓶尖叫,2142251174,2026-02-01 20:20:32,1272941,18756,13743,16581,2097,2237,6189,2,18,False
2026-03-05 08:10:12,https://www.bilibili.com/video/BV1jN64BKECs/?spm_id_from=333.337.search-card.all.click&vd_source=406d0cf895bedbdc58a3d0130d55e34c,BV1jN64BKECs,【杨博文｜4K直拍】跟着节奏一起《闭嘴跳舞》～,关键时刻来瓶尖叫,2142251174,2026-02-01 20:20:32,1272956,18757,13745,16580,2097,2237,6189,1,15,False
2026-03-05 09:10:25,https://www.bilibili.com/video/BV1jN64BKECs/?spm_id_from=333.337.search-card.all.click&vd_source=406d0cf895bedbdc58a3d0130d55e34c,BV1jN64BKECs,【杨博文｜4K直拍】跟着节奏一起《闭嘴跳舞》～,关键时刻来瓶尖叫,2142251174,2026-02-01 20:20:32,1272962,18757,13745,16584,2097,2237,6189,2,6,False
2026-03-05 10:10:37,https://www.bilibili.com/video/BV1jN64BKECs/?spm_id_from=333.337.search-card.all.click&vd_source=406d0cf895bedbdc58a3d0130d55e34c,BV1jN64BKECs,【杨博文｜4K直拍】跟着节奏一起《闭嘴跳舞》～,关键时刻来瓶尖叫,2142251174,2026-02-01 20:20:32,1272981,18759,13747,16588,2097,2237,6189,2,19,False
2026-03-05 11:10:50,https://www.bilibili.com/video/BV1jN64BKECs/?spm_id_from=333.337.search-card.all.click&vd_source=406d0cf895bedbdc58a3d0130d55e34c,BV1jN64BKECs,【杨博文｜4K直拍】跟着节奏一起《闭嘴跳舞》～,关键时刻来瓶尖叫,2142251174,2026-02-01 20:20:32,1272998,18759,13747,16588,2097,2237,6189,2,17,False
2026-03-05 12:11:02,https://www.bilibili.com/video/BV1jN64BKECs/?spm_id_from=333.337.search-card.all.click&vd_source=406d0cf895bedbdc58a3d0130d55e34c,BV1jN64BKECs,【杨博文｜4K直拍】跟着节奏一起《闭嘴跳舞》～,关键时刻来瓶尖叫,2142251174,2026-02-01 20:20:32,1273023,18759,13747,16588,2097,2237,6189,1,25,False
2026-03-05 13:11:14,https://www.bilibili.com/video/BV1jN64BKECs/?spm_id_from=333.337.search-card.all.click&vd_source=406d0cf895bedbdc58a3d0130d55e34c,BV1jN64BKECs,【杨博文｜4K直拍】跟着节奏一起《闭嘴跳舞》～,关键时刻来瓶尖叫,2142251174,2026-02-01 20:20:32,1273078,18763,13747,16594,2097,2237,6190,3,55,False
2026-03-05 14:11:27,https://www.bilibili.com/video/BV1jN64BKECs/?spm_id_from=333.337.search-card.all.click&vd_source=406d0cf895bedbdc58a3d0130d55e34c,BV1jN64BKECs,【杨博文｜4K直拍】跟着节奏一起《闭嘴跳舞》～,关键时刻来瓶尖叫,2142251174,2026-02-01 20:20:32,1273122,18764,13747,16594,2097,2237,6190,3,44,False
2026-03-05 15:11:39,https://www.bilibili.com/video/BV1jN64BKECs/?spm_id_from=333.337.search-card.all.click&vd_source=406d0cf895bedbdc58a3d0130d55e34c,BV1jN64BKECs,【杨博文｜4K直拍】跟着节奏一起《闭嘴跳舞》～,关键时刻来瓶尖叫,2142251174,2026-02-01 20:20:32,1273143,18765,13747,16594,2097,2237,6190,1,21,False
2026-03-05 16:11:52,https://www.bilibili.com/video/BV1jN64BKECs/?spm_id_from=333.337.search-card.all.click&vd_source=406d0cf895bedbdc58a3d0130d55e34c,BV1jN64BKECs,【杨博文｜4K直拍】跟着节奏一起《闭嘴跳舞》～,关键时刻来瓶尖叫,2142251174,2026-02-01 20:20:32,1273185,18765,13747,16594,2097,2237,6190,3,42,False
2026-03-05 17:12:04,https://www.bilibili.com/video/BV1jN64BKECs/?spm_id_from=333.337.search-card.all.click&vd_source=406d0cf895bedbdc58a3d0130d55e34c,BV1jN64BKECs,【杨博文｜4K直拍】跟着节奏一起《闭嘴跳舞》～,关键时刻来瓶尖叫,2142251174,2026-02-01 20:20:32,1273217,18768,13749,16596,2097,2237,6190,3,32,False
2026-03-05 18:12:17,https://www.bilibili.com/video/BV1jN64BKECs/?spm_id_from=333.337.search-card.all.click&vd_source=406d0cf895bedbdc58a3d0130d55e34c,BV1jN64BKECs,【杨博文｜4K直拍】跟着节奏一起《闭嘴跳舞》～,关键时刻来瓶尖叫,2142251174,2026-02-01 20:20:32,1273261,18769,13754,16597,2098,2237,6190,7,44,False
2026-03-05 19:12:29,https://www.bilibili.com/video/BV1jN64BKECs/?spm_id_from=333.337.search-card.all.click&vd_source=406d0cf895bedbdc58a3d0130d55e34c,BV1jN64BKECs,【杨博文｜4K直拍】跟着节奏一起《闭嘴跳舞》～,关键时刻来瓶尖叫,2142251174,2026-02-01 20:20:32,1273329,18772,13757,16601,2098,2237,6190,4,68,False
2026-03-05 20:12:42,https://www.bilibili.com/video/BV1jN64BKECs/?spm_id_from=333.337.search-card.all.click&vd_source=406d0cf895bedbdc58a3d0130d55e34c,BV1jN64BKECs,【杨博文｜4K直拍】跟着节奏一起《闭嘴跳舞》～,关键时刻来瓶尖叫,2142251174,2026-02-01 20:20:32,1273414,18778,13758,16605,2098,2237,6190,7,85,False
2026-03-05 21:12:55,https://www.bilibili.com/video/BV1jN64BKECs/?spm_id_from=333.337.search-card.all.click&vd_source=406d0cf895bedbdc58a3d0130d55e34c,BV1jN64BKECs,【杨博文｜4K直拍】跟着节奏一起《闭嘴跳舞》～,关键时刻来瓶尖叫,2142251174,2026-02-01 20:20:32,1273515,18781,13758,16606,2098,2237,6190,8,101,False
2026-03-05 22:13:08,https://www.bilibili.com/video/BV1jN64BKECs/?spm_id_from=333.337.search-card.all.click&vd_source=406d0cf895bedbdc58a3d0130d55e34c,BV1jN64BKECs,【杨博文｜4K直拍】跟着节奏一起《闭嘴跳舞》～,关键时刻来瓶尖叫,2142251174,2026-02-01 20:20:32,1273602,18781,13758,16608,2098,2237,6190,4,87,False
2026-03-05 23:13:20,https://www.bilibili.com/video/BV1jN64BKECs/?spm_id_from=333.337.search-card.all.click&vd_source=406d0cf895bedbdc58a3d0130d55e34c,BV1jN64BKECs,【杨博文｜4K直拍】跟着节奏一起《闭嘴跳舞》～,关键时刻来瓶尖叫,2142251174,2026-02-01 20:20:32,1273666,18787,13758,16609,2098,2237,6191,4,64,False
2026-03-05 00:08:32,https://www.bilibili.com/video/BV1s8BvBPEN5/?spm_id_from=333.1387.favlist.content.click&vd_source=406d0cf895bedbdc58a3d0130d55e34c,BV1s8BvBPEN5,【杨博文｜4K舞台直拍】好运来祝你好运来～博文宝宝祝你新年好运来,关键时刻来瓶尖叫,2142251174,2025-12-27 00:43:12,1820674,28833,15407,27578,1553,3770,4305,1,0,False
2026-03-05 01:08:45,https://www.bilibili.com/video/BV1s8BvBPEN5/?spm_id_from=333.1387.favlist.content.click&vd_source=406d0cf895bedbdc58a3d0130d55e34c,BV1s8BvBPEN5,【杨博文｜4K舞台直拍】好运来祝你好运来～博文宝宝祝你新年好运来,关键时刻来瓶尖叫,2142251174,2025-12-27 00:43:12,1821038,28834,15407,27578,1553,3770,4305,2,364,True
2026-03-05 02:08:57,https://www.bilibili.com/video/BV1s8BvBPEN5/?spm_id_from=333.1387.favlist.content.click&vd_source=406d0cf895bedbdc58a3d0130d55e34c,BV1s8BvBPEN5,【杨博文｜4K舞台直拍】好运来祝你好运来～博文宝宝祝你新年好运来,关键时刻来瓶尖叫,2142251174,2025-12-27 00:43:12,1821442,28834,15407,27576,1553,3770,4305,1,404,True
2026-03-05 03:09:10,https://www.bilibili.com/video/BV1s8BvBPEN5/?spm_id_from=333.1387.favlist.content.click&vd_source=406d0cf895bedbdc58a3d0130d55e34c,BV1s8BvBPEN5,【杨博文｜4K舞台直拍】好运来祝你好运来～博文宝宝祝你新年好运来,关键时刻来瓶尖叫,2142251174,2025-12-27 00:43:12,1821853,28834,15407,27576,1553,3770,4305,1,411,True
2026-03-05 04:09:23,https://www.bilibili.com/video/BV1s8BvBPEN5/?spm_id_from=333.1387.favlist.content.click&vd_source=406d0cf895bedbdc58a3d0130d55e34c,BV1s8BvBPEN5,【杨博文｜4K舞台直拍】好运来祝你好运来～博文宝宝祝你新年好运来,关键时刻来瓶尖叫,2142251174,2025-12-27 00:43:12,1822266,28834,15407,27577,1553,3770,4305,2,413,True
2026-03-05 05:09:35,https://www.bilibili.com/video/BV1s8BvBPEN5/?spm_id_from=333.1387.favlist.content.click&vd_source=406d0cf895bedbdc58a3d0130d55e34c,BV1s8BvBPEN5,【杨博文｜4K舞台直拍】好运来祝你好运来～博文宝宝祝你新年好运来,关键时刻来瓶尖叫,2142251174,2025-12-27 00:43:12,1822650,28834,15407,27577,1553,3770,4305,1,384,True
2026-03-05 06:09:47,https://www.bilibili.com/video/BV1s8BvBPEN5/?spm_id_from=333.1387.favlist.content.click&vd_source=406d0cf895bedbdc58a3d0130d55e34c,BV1s8BvBPEN5,【杨博文｜4K舞台直拍】好运来祝你好运来～博文宝宝祝你新年好运来,关键时刻来瓶尖叫,2142251174,2025-12-27 00:43:12,1823019,28834,15407,27577,1553,3770,4305,2,369,True
2026-03-05 07:10:00,https://www.bilibili.com/video/BV1s8BvBPEN5/?spm_id_from=333.1387.favlist.content.click&vd_source=406d0cf895bedbdc58a3d0130d55e34c,BV1s8BvBPEN5,【杨博文｜4K舞台直拍】好运来祝你好运来～博文宝宝祝你新年好运来,关键时刻来瓶尖叫,2142251174,2025-12-27 00:43:12,1823372,28834,15407,27577,1553,3770,4305,1,353,True
2026-03-05 08:10:12,https://www.bilibili.com/video/BV1s8BvBPEN5/?spm_id_from=333.1387.favlist.content.click&vd_source=406d0cf895bedbdc58a3d0130d55e34c,BV1s8BvBPEN5,【杨博文｜4K舞台直拍】好运来祝你好运来～博文宝宝祝你新年好运来,关键时刻来瓶尖叫,2142251174,2025-12-27 00:43:12,1823712,28834,15407,27577,1553,3770,4305,1,340,True
2026-03-05 09:10:25,https://www.bilibili.com/video/BV1s8BvBPEN5/?spm_id_from=333.1387.favlist.content.click&vd_source=406d0cf895bedbdc58a3d0130d55e34c,BV1s8BvBPEN5,【杨博文｜4K舞台直拍】好运来祝你好运来～博文宝宝祝你新年好运来,关键时刻来瓶尖叫,2142251174,2025-12-27 00:43:12,1824065,28834,15407,27577,1553,3770,4305,5,353,True
2026-03-05 10:10:37,https://www.bilibili.com/video/BV1s8BvBPEN5/?spm_id_from=333.1387.favlist.content.click&vd_source=406d0cf895bedbdc58a3d0130d55e34c,BV1s8BvBPEN5,【杨博文｜4K舞台直拍】好运来祝你好运来～博文宝宝祝你新年好运来,关键时刻来瓶尖叫,2142251174,2025-12-27 00:43:12,1824429,28835,15407,27579,1553,3770,4305,3,364,True
2026-03-05 11:10:50,https://www.bilibili.com/video/BV1s8BvBPEN5/?spm_id_from=333.1387.favlist.content.click&vd_source=406d0cf895bedbdc58a3d0130d55e34c,BV1s8BvBPEN5,【杨博文｜4K舞台直拍】好运来祝你好运来～博文宝宝祝你新年好运来,关键时刻来瓶尖叫,2142251174,2025-12-27 00:43:12,1824766,28835,15407,27579,1553,3770,4305,3,337,True
2026-03-05 12:11:02,https://www.bilibili.com/video/BV1s8BvBPEN5/?spm_id_from=333.1387.favlist.content.click&vd_source=406d0cf895bedbdc58a3d0130d55e34c,BV1s8BvBPEN5,【杨博文｜4K舞台直拍】好运来祝你好运来～博文宝宝祝你新年好运来,关键时刻来瓶尖叫,2142251174,2025-12-27 00:43:12,1825082,28835,15407,27579,1553,3770,4305,1,316,True
2026-03-05 13:11:14,https://www.bilibili.com/video/BV1s8BvBPEN5/?spm_id_from=333.1387.favlist.content.click&vd_source=406d0cf895bedbdc58a3d0130d55e34c,BV1s8BvBPEN5,【杨博文｜4K舞台直拍】好运来祝你好运来～博文宝宝祝你新年好运来,关键时刻来瓶尖叫,2142251174,2025-12-27 00:43:12,1825381,28837,15407,27581,1554,3770,4305,1,299,False
2026-03-05 14:11:27,https://www.bilibili.com/video/BV1s8BvBPEN5/?spm_id_from=333.1387.favlist.content.click&vd_source=406d0cf895bedbdc58a3d0130d55e34c,BV1s8BvBPEN5,【杨博文｜4K舞台直拍】好运来祝你好运来～博文宝宝祝你新年好运来,关键时刻来瓶尖叫,2142251174,2025-12-27 00:43:12,1825683,28837,15409,27580,1554,3770,4305,3,302,True
2026-03-05 15:11:39,https://www.bilibili.com/video/BV1s8BvBPEN5/?spm_id_from=333.1387.favlist.content.click&vd_source=406d0cf895bedbdc58a3d0130d55e34c,BV1s8BvBPEN5,【杨博文｜4K舞台直拍】好运来祝你好运来～博文宝宝祝你新年好运来,关键时刻来瓶尖叫,2142251174,2025-12-27 00:43:12,1825979,28837,15409,27580,1554,3770,4305,1,296,False
2026-03-05 16:11:52,https://www.bilibili.com/video/BV1s8BvBPEN5/?spm_id_from=333.1387.favlist.content.click&vd_source=406d0cf895bedbdc58a3d0130d55e34c,BV1s8BvBPEN5,【杨博文｜4K舞台直拍】好运来祝你好运来～博文宝宝祝你新年好运来,关键时刻来瓶尖叫,2142251174,2025-12-27 00:43:12,1826270,28837,15409,27580,1554,3770,4305,3,291,False
2026-03-05 17:12:04,https://www.bilibili.com/video/BV1s8BvBPEN5/?spm_id_from=333.1387.favlist.content.click&vd_source=406d0cf895bedbdc58a3d0130d55e34c,BV1s8BvBPEN5,【杨博文｜4K舞台直拍】好运来祝你好运来～博文宝宝祝你新年好运来,关键时刻来瓶尖叫,2142251174,2025-12-27 00:43:12,1826582,28838,15409,27580,1554,3770,4305,7,312,True
2026-03-05 18:12:17,https://www.bilibili.com/video/BV1s8BvBPEN5/?spm_id_from=333.1387.favlist.content.click&vd_source=406d0cf895bedbdc58a3d0130d55e34c,BV1s8BvBPEN5,【杨博文｜4K舞台直拍】好运来祝你好运来～博文宝宝祝你新年好运来,关键时刻来瓶尖叫,2142251174,2025-12-27 00:43:12,1826926,28840,15409,27581,1554,3770,4305,3,344,True
2026-03-05 19:12:29,https://www.bilibili.com/video/BV1s8BvBPEN5/?spm_id_from=333.1387.favlist.content.click&vd_source=406d0cf895bedbdc58a3d0130d55e34c,BV1s8BvBPEN5,【杨博文｜4K舞台直拍】好运来祝你好运来～博文宝宝祝你新年好运来,关键时刻来瓶尖叫,2142251174,2025-12-27 00:43:12,1827253,28840,15409,27582,1554,3770,4305,3,327,True
2026-03-05 20:12:42,https://www.bilibili.com/video/BV1s8BvBPEN5/?spm_id_from=333.1387.favlist.content.click&vd_source=406d0cf895bedbdc58a3d0130d55e34c,BV1s8BvBPEN5,【杨博文｜4K舞台直拍】好运来祝你好运来～博文宝宝祝你新年好运来,关键时刻来瓶尖叫,2142251174,2025-12-27 00:43:12,1827646,28843,15409,27585,1554,3770,4305,3,393,True
2026-03-05 21:12:55,https://www.bilibili.com/video/BV1s8BvBPEN5/?spm_id_from=333.1387.favlist.content.click&vd_source=406d0cf895bedbdc58a3d0130d55e34c,BV1s8BvBPEN5,【杨博文｜4K舞台直拍】好运来祝你好运来～博文宝宝祝你新年好运来,关键时刻来瓶尖叫,2142251174,2025-12-27 00:43:12,1828050,28845,15409,27587,1554,3770,4305,3,404,True
2026-03-05 22:13:08,https://www.bilibili.com/video/BV1s8BvBPEN5/?spm_id_from=333.1387.favlist.content.click&vd_source=406d0cf895bedbdc58a3d0130d55e34c,BV1s8BvBPEN5,【杨博文｜4K舞台直拍】好运来祝你好运来～博文宝宝祝你新年好运来,关键时刻来瓶尖叫,2142251174,2025-12-27 00:43:12,1828303,28848,15409,27589,1554,3770,4305,1,253,False
2026-03-05 23:13:20,https://www.bilibili.com/video/BV1s8BvBPEN5/?spm_id_from=333.1387.favlist.content.click&vd_source=406d0cf895bedbdc58a3d0130d55e34c,BV1s8BvBPEN5,【杨博文｜4K舞台直拍】好运来祝你好运来～博文宝宝祝你新年好运来,关键时刻来瓶尖叫,2142251174,2025-12-27 00:43:12,1828376,28850,15411,27589,1554,3770,4305,1,73,False
2026-03-05 00:08:32,https://www.bilibili.com/video/BV1A5vkB2E1k/?spm_id_from=333.1387.favlist.content.click&vd_source=406d0cf895bedbdc58a3d0130d55e34c,BV1A5vkB2E1k,【杨博文】Hey Mama六机位纯舞直拍丨15岁舞台统治者的诞生，四代主舞燃炸全场！,Kismet丨杨博文,259932025,2025-12-28 22:28:16,2233401,52331,39848,39322,5528,11285,17437,2,0,False
2026-03-05 01:08:45,https://www.bilibili.com/video/BV1A5vkB2E1k/?spm_id_from=333.1387.favlist.content.click&vd_source=406d0cf895bedbdc58a3d0130d55e34c,BV1A5vkB2E1k,【杨博文】Hey Mama六机位纯舞直拍丨15岁舞台统治者的诞生，四代主舞燃炸全场！,Kismet丨杨博文,259932025,2025-12-28 22:28:16,2233865,52331,39848,39322,5528,11285,17438,3,464,True
2026-03-05 02:08:57,https://www.bilibili.com/video/BV1A5vkB2E1k/?spm_id_from=333.1387.favlist.content.click&vd_source=406d0cf895bedbdc58a3d0130d55e34c,BV1A5vkB2E1k,【杨博文】Hey Mama六机位纯舞直拍丨15岁舞台统治者的诞生，四代主舞燃炸全场！,Kismet丨杨博文,259932025,2025-12-28 22:28:16,2234368,52331,39848,39320,5530,11285,17438,6,503,True
2026-03-05 03:09:10,https://www.bilibili.com/video/BV1A5vkB2E1k/?spm_id_from=333.1387.favlist.content.click&vd_source=406d0cf895bedbdc58a3d0130d55e34c,BV1A5vkB2E1k,【杨博文】Hey Mama六机位纯舞直拍丨15岁舞台统治者的诞生，四代主舞燃炸全场！,Kismet丨杨博文,259932025,2025-12-28 22:28:16,2234861,52332,39848,39320,5530,11285,17438,4,493,True
2026-03-05 04:09:23,https://www.bilibili.com/video/BV1A5vkB2E1k/?spm_id_from=333.1387.favlist.content.click&vd_source=406d0cf895bedbdc58a3d0130d55e34c,BV1A5vkB2E1k,【杨博文】Hey Mama六机位纯舞直拍丨15岁舞台统治者的诞生，四代主舞燃炸全场！,Kismet丨杨博文,259932025,2025-12-28 22:28:16,2235335,52332,39848,39322,5530,11286,17438,4,474,True
2026-03-05 05:09:35,https://www.bilibili.com/video/BV1A5vkB2E1k/?spm_id_from=333.1387.favlist.content.click&vd_source=406d0cf895bedbdc58a3d0130d55e34c,BV1A5vkB2E1k,【杨博文】Hey Mama六机位纯舞直拍丨15岁舞台统治者的诞生，四代主舞燃炸全场！,Kismet丨杨博文,259932025,2025-12-28 22:28:16,2235805,52332,39848,39322,5530,11286,17438,5,470,True
2026-03-05 06:09:47,https://www.bilibili.com/video/BV1A5vkB2E1k/?spm_id_from=333.1387.favlist.content.click&vd_source=406d0cf895bedbdc58a3d0130d55e34c,BV1A5vkB2E1k,【杨博文】Hey Mama六机位纯舞直拍丨15岁舞台统治者的诞生，四代主舞燃炸全场！,Kismet丨杨博文,259932025,2025-12-28 22:28:16,2236249,52333,39848,39322,5530,11286,17438,4,444,True
2026-03-05 07:10:00,https://www.bilibili.com/video/BV1A5vkB2E1k/?spm_id_from=333.1387.favlist.content.click&vd_source=406d0cf895bedbdc58a3d0130d55e34c,BV1A5vkB2E1k,【杨博文】Hey Mama六机位纯舞直拍丨15岁舞台统治者的诞生，四代主舞燃炸全场！,Kismet丨杨博文,259932025,2025-12-28 22:28:16,2236681,52333,39848,39322,5530,11286,17438,2,432,True
2026-03-05 08:10:12,https://www.bilibili.com/video/BV1A5vkB2E1k/?spm_id_from=333.1387.favlist.content.click&vd_source=406d0cf895bedbdc58a3d0130d55e34c,BV1A5vkB2E1k,【杨博文】Hey Mama六机位纯舞直拍丨15岁舞台统治者的诞生，四代主舞燃炸全场！,Kismet丨杨博文,259932025,2025-12-28 22:28:16,2237068,52333,39848,39322,5530,11286,17438,2,387,True
2026-03-05 09:10:25,https://www.bilibili.com/video/BV1A5vkB2E1k/?spm_id_from=333.1387.favlist.content.click&vd_source=406d0cf895bedbdc58a3d0130d55e34c,BV1A5vkB2E1k,【杨博文】Hey Mama六机位纯舞直拍丨15岁舞台统治者的诞生，四代主舞燃炸全场！,Kismet丨杨博文,259932025,2025-12-28 22:28:16,2237439,52333,39848,39322,5530,11286,17438,5,371,True
2026-03-05 10:10:37,https://www.bilibili.com/video/BV1A5vkB2E1k/?spm_id_from=333.1387.favlist.content.click&vd_source=406d0cf895bedbdc58a3d0130d55e34c,BV1A5vkB2E1k,【杨博文】Hey Mama六机位纯舞直拍丨15岁舞台统治者的诞生，四代主舞燃炸全场！,Kismet丨杨博文,259932025,2025-12-28 22:28:16,2237868,52334,39848,39324,5530,11286,17438,5,429,True
2026-03-05 11:10:50,https://www.bilibili.com/video/BV1A5vkB2E1k/?spm_id_from=333.1387.favlist.content.click&vd_source=406d0cf895bedbdc58a3d0130d55e34c,BV1A5vkB2E1k,【杨博文】Hey Mama六机位纯舞直拍丨15岁舞台统治者的诞生，四代主舞燃炸全场！,Kismet丨杨博文,259932025,2025-12-28 22:28:16,2238285,52334,39848,39324,5530,11286,17438,1,417,True
2026-03-05 12:11:02,https://www.bilibili.com/video/BV1A5vkB2E1k/?spm_id_from=333.1387.favlist.content.click&vd_source=406d0cf895bedbdc58a3d0130d55e34c,BV1A5vkB2E1k,【杨博文】Hey Mama六机位纯舞直拍丨15岁舞台统治者的诞生，四代主舞燃炸全场！,Kismet丨杨博文,259932025,2025-12-28 22:28:16,2238667,52335,39848,39324,5530,11286,17441,2,382,True
2026-03-05 13:11:14,https://www.bilibili.com/video/BV1A5vkB2E1k/?spm_id_from=333.1387.favlist.content.click&vd_source=406d0cf895bedbdc58a3d0130d55e34c,BV1A5vkB2E1k,【杨博文】Hey Mama六机位纯舞直拍丨15岁舞台统治者的诞生，四代主舞燃炸全场！,Kismet丨杨博文,259932025,2025-12-28 22:28:16,2239028,52335,39848,39327,5530,11286,17441,3,361,True
2026-03-05 14:11:27,https://www.bilibili.com/video/BV1A5vkB2E1k/?spm_id_from=333.1387.favlist.content.click&vd_source=406d0cf895bedbdc58a3d0130d55e34c,BV1A5vkB2E1k,【杨博文】Hey Mama六机位纯舞直拍丨15岁舞台统治者的诞生，四代主舞燃炸全场！,Kismet丨杨博文,259932025,2025-12-28 22:28:16,2239442,52337,39848,39326,5531,11286,17441,1,414,True
2026-03-05 15:11:39,https://www.bilibili.com/video/BV1A5vkB2E1k/?spm_id_from=333.1387.favlist.content.click&vd_source=406d0cf895bedbdc58a3d0130d55e34c,BV1A5vkB2E1k,【杨博文】Hey Mama六机位纯舞直拍丨15岁舞台统治者的诞生，四代主舞燃炸全场！,Kismet丨杨博文,259932025,2025-12-28 22:28:16,2239873,52338,39848,39326,5531,11286,17441,6,431,True
2026-03-05 16:11:52,https://www.bilibili.com/video/BV1A5vkB2E1k/?spm_id_from=333.1387.favlist.content.click&vd_source=406d0cf895bedbdc58a3d0130d55e34c,BV1A5vkB2E1k,【杨博文】Hey Mama六机位纯舞直拍丨15岁舞台统治者的诞生，四代主舞燃炸全场！,Kismet丨杨博文,259932025,2025-12-28 22:28:16,2240307,52340,39850,39328,5532,11287,17441,11,434,True
2026-03-05 17:12:04,https://www.bilibili.com/video/BV1A5vkB2E1k/?spm_id_from=333.1387.favlist.content.click&vd_source=406d0cf895bedbdc58a3d0130d55e34c,BV1A5vkB2E1k,【杨博文】Hey Mama六机位纯舞直拍丨15岁舞台统治者的诞生，四代主舞燃炸全场！,Kismet丨杨博文,259932025,2025-12-28 22:28:16,2240742,52343,39854,39330,5532,11287,17441,7,435,True
2026-03-05 18:12:17,https://www.bilibili.com/video/BV1A5vkB2E1k/?spm_id_from=333.1387.favlist.content.click&vd_source=406d0cf895bedbdc58a3d0130d55e34c,BV1A5vkB2E1k,【杨博文】Hey Mama六机位纯舞直拍丨15岁舞台统治者的诞生，四代主舞燃炸全场！,Kismet丨杨博文,259932025,2025-12-28 22:28:16,2241208,52344,39854,39329,5532,11287,17441,7,466,True
2026-03-05 19:12:29,https://www.bilibili.com/video/BV1A5vkB2E1k/?spm_id_from=333.1387.favlist.content.click&vd_source=406d0cf895bedbdc58a3d0130d55e34c,BV1A5vkB2E1k,【杨博文】Hey Mama六机位纯舞直拍丨15岁舞台统治者的诞生，四代主舞燃炸全场！,Kismet丨杨博文,259932025,2025-12-28 22:28:16,2241648,52345,39856,39330,5534,11287,17442,10,440,True
2026-03-05 20:12:42,https://www.bilibili.com/video/BV1A5vkB2E1k/?spm_id_from=333.1387.favlist.content.click&vd_source=406d0cf895bedbdc58a3d0130d55e34c,BV1A5vkB2E1k,【杨博文】Hey Mama六机位纯舞直拍丨15岁舞台统治者的诞生，四代主舞燃炸全场！,Kismet丨杨博文,259932025,2025-12-28 22:28:16,2242162,52347,39859,39332,5534,11287,17442,7,514,True
2026-03-05 21:12:55,https://www.bilibili.com/video/BV1A5vkB2E1k/?spm_id_from=333.1387.favlist.content.click&vd_source=406d0cf895bedbdc58a3d0130d55e34c,BV1A5vkB2E1k,【杨博文】Hey Mama六机位纯舞直拍丨15岁舞台统治者的诞生，四代主舞燃炸全场！,Kismet丨杨博文,259932025,2025-12-28 22:28:16,2242709,52353,39859,39337,5534,11287,17444,9,547,True
2026-03-05 22:13:08,https://www.bilibili.com/video/BV1A5vkB2E1k/?spm_id_from=333.1387.favlist.content.click&vd_source=406d0cf895bedbdc58a3d0130d55e34c,BV1A5vkB2E1k,【杨博文】Hey Mama六机位纯舞直拍丨15岁舞台统治者的诞生，四代主舞燃炸全场！,Kismet丨杨博文,259932025,2025-12-28 22:28:16,2243128,52355,39861,39339,5534,11287,17444,3,419,True
2026-03-05 23:13:20,https://www.bilibili.com/video/BV1A5vkB2E1k/?spm_id_from=333.1387.favlist.content.click&vd_source=406d0cf895bedbdc58a3d0130d55e34c,BV1A5vkB2E1k,【杨博文】Hey Mama六机位纯舞直拍丨15岁舞台统治者的诞生，四代主舞燃炸全场！,Kismet丨杨博文,259932025,2025-12-28 22:28:16,2243339,52357,39861,39340,5534,11287,17445,2,211,False
2026-03-05 00:08:32,https://www.bilibili.com/video/BV1M9ePzaELH/?spm_id_from=333.1387.favlist.content.click&vd_source=406d0cf895bedbdc58a3d0130d55e34c,BV1M9ePzaELH,「杨博文｜卡拉永远OK」突发舞台事故？我怎么没看见,Astra_杨博文,1006909645,2025-08-19 22:15:30,771960,13755,4287,9332,1139,601,489,1,0,False
2026-03-05 01:08:45,https://www.bilibili.com/video/BV1M9ePzaELH/?spm_id_from=333.1387.favlist.content.click&vd_source=406d0cf895bedbdc58a3d0130d55e34c,BV1M9ePzaELH,「杨博文｜卡拉永远OK」突发舞台事故？我怎么没看见,Astra_杨博文,1006909645,2025-08-19 22:15:30,772305,13755,4287,9333,1139,601,489,4,345,True
2026-03-05 02:08:57,https://www.bilibili.com/video/BV1M9ePzaELH/?spm_id_from=333.1387.favlist.content.click&vd_source=406d0cf895bedbdc58a3d0130d55e34c,BV1M9ePzaELH,「杨博文｜卡拉永远OK」突发舞台事故？我怎么没看见,Astra_杨博文,1006909645,2025-08-19 22:15:30,772699,13755,4287,9333,1139,601,489,2,394,True
2026-03-05 03:09:10,https://www.bilibili.com/video/BV1M9ePzaELH/?spm_id_from=333.1387.favlist.content.click&vd_source=406d0cf895bedbdc58a3d0130d55e34c,BV1M9ePzaELH,「杨博文｜卡拉永远OK」突发舞台事故？我怎么没看见,Astra_杨博文,1006909645,2025-08-19 22:15:30,773108,13755,4287,9333,1139,601,489,3,409,True
2026-03-05 04:09:23,https://www.bilibili.com/video/BV1M9ePzaELH/?spm_id_from=333.1387.favlist.content.click&vd_source=406d0cf895bedbdc58a3d0130d55e34c,BV1M9ePzaELH,「杨博文｜卡拉永远OK」突发舞台事故？我怎么没看见,Astra_杨博文,1006909645,2025-08-19 22:15:30,773509,13756,4287,9333,1139,601,489,3,401,True
2026-03-05 05:09:35,https://www.bilibili.com/video/BV1M9ePzaELH/?spm_id_from=333.1387.favlist.content.click&vd_source=406d0cf895bedbdc58a3d0130d55e34c,BV1M9ePzaELH,「杨博文｜卡拉永远OK」突发舞台事故？我怎么没看见,Astra_杨博文,1006909645,2025-08-19 22:15:30,773914,13756,4287,9333,1139,601,489,3,405,True
2026-03-05 06:09:47,https://www.bilibili.com/video/BV1M9ePzaELH/?spm_id_from=333.1387.favlist.content.click&vd_source=406d0cf895bedbdc58a3d0130d55e34c,BV1M9ePzaELH,「杨博文｜卡拉永远OK」突发舞台事故？我怎么没看见,Astra_杨博文,1006909645,2025-08-19 22:15:30,774276,13757,4287,9333,1139,601,489,4,362,True
2026-03-05 07:10:00,https://www.bilibili.com/video/BV1M9ePzaELH/?spm_id_from=333.1387.favlist.content.click&vd_source=406d0cf895bedbdc58a3d0130d55e34c,BV1M9ePzaELH,「杨博文｜卡拉永远OK」突发舞台事故？我怎么没看见,Astra_杨博文,1006909645,2025-08-19 22:15:30,774621,13757,4287,9333,1139,601,489,2,345,True
2026-03-05 08:10:12,https://www.bilibili.com/video/BV1M9ePzaELH/?spm_id_from=333.1387.favlist.content.click&vd_source=406d0cf895bedbdc58a3d0130d55e34c,BV1M9ePzaELH,「杨博文｜卡拉永远OK」突发舞台事故？我怎么没看见,Astra_杨博文,1006909645,2025-08-19 22:15:30,774953,13757,4287,9333,1139,601,489,2,332,True
2026-03-05 09:10:25,https://www.bilibili.com/video/BV1M9ePzaELH/?spm_id_from=333.1387.favlist.content.click&vd_source=406d0cf895bedbdc58a3d0130d55e34c,BV1M9ePzaELH,「杨博文｜卡拉永远OK」突发舞台事故？我怎么没看见,Astra_杨博文,1006909645,2025-08-19 22:15:30,775275,13757,4287,9333,1139,601,489,5,322,True
2026-03-05 10:10:37,https://www.bilibili.com/video/BV1M9ePzaELH/?spm_id_from=333.1387.favlist.content.click&vd_source=406d0cf895bedbdc58a3d0130d55e34c,BV1M9ePzaELH,「杨博文｜卡拉永远OK」突发舞台事故？我怎么没看见,Astra_杨博文,1006909645,2025-08-19 22:15:30,775620,13758,4287,9335,1139,601,489,6,345,True
2026-03-05 11:10:50,https://www.bilibili.com/video/BV1M9ePzaELH/?spm_id_from=333.1387.favlist.content.click&vd_source=406d0cf895bedbdc58a3d0130d55e34c,BV1M9ePzaELH,「杨博文｜卡拉永远OK」突发舞台事故？我怎么没看见,Astra_杨博文,1006909645,2025-08-19 22:15:30,775947,13758,4287,9335,1139,601,489,5,327,True
2026-03-05 12:11:02,https://www.bilibili.com/video/BV1M9ePzaELH/?spm_id_from=333.1387.favlist.content.click&vd_source=406d0cf895bedbdc58a3d0130d55e34c,BV1M9ePzaELH,「杨博文｜卡拉永远OK」突发舞台事故？我怎么没看见,Astra_杨博文,1006909645,2025-08-19 22:15:30,776254,13758,4287,9335,1139,601,489,3,307,True
2026-03-05 13:11:14,https://www.bilibili.com/video/BV1M9ePzaELH/?spm_id_from=333.1387.favlist.content.click&vd_source=406d0cf895bedbdc58a3d0130d55e34c,BV1M9ePzaELH,「杨博文｜卡拉永远OK」突发舞台事故？我怎么没看见,Astra_杨博文,1006909645,2025-08-19 22:15:30,776540,13758,4287,9335,1139,601,489,2,286,False
2026-03-05 14:11:27,https://www.bilibili.com/video/BV1M9ePzaELH/?spm_id_from=333.1387.favlist.content.click&vd_source=406d0cf895bedbdc58a3d0130d55e34c,BV1M9ePzaELH,「杨博文｜卡拉永远OK」突发舞台事故？我怎么没看见,Astra_杨博文,1006909645,2025-08-19 22:15:30,776839,13758,4287,9336,1139,601,489,3,299,False
2026-03-05 15:11:39,https://www.bilibili.com/video/BV1M9ePzaELH/?spm_id_from=333.1387.favlist.content.click&vd_source=406d0cf895bedbdc58a3d0130d55e34c,BV1M9ePzaELH,「杨博文｜卡拉永远OK」突发舞台事故？我怎么没看见,Astra_杨博文,1006909645,2025-08-19 22:15:30,777134,13758,4287,9336,1139,601,489,7,295,False
2026-03-05 16:11:52,https://www.bilibili.com/video/BV1M9ePzaELH/?spm_id_from=333.1387.favlist.content.click&vd_source=406d0cf895bedbdc58a3d0130d55e34c,BV1M9ePzaELH,「杨博文｜卡拉永远OK」突发舞台事故？我怎么没看见,Astra_杨博文,1006909645,2025-08-19 22:15:30,777424,13758,4287,9336,1139,601,489,1,290,False
2026-03-05 17:12:04,https://www.bilibili.com/video/BV1M9ePzaELH/?spm_id_from=333.1387.favlist.content.click&vd_source=406d0cf895bedbdc58a3d0130d55e34c,BV1M9ePzaELH,「杨博文｜卡拉永远OK」突发舞台事故？我怎么没看见,Astra_杨博文,1006909645,2025-08-19 22:15:30,777733,13758,4287,9335,1139,601,489,4,309,True
2026-03-05 18:12:17,https://www.bilibili.com/video/BV1M9ePzaELH/?spm_id_from=333.1387.favlist.content.click&vd_source=406d0cf895bedbdc58a3d0130d55e34c,BV1M9ePzaELH,「杨博文｜卡拉永远OK」突发舞台事故？我怎么没看见,Astra_杨博文,1006909645,2025-08-19 22:15:30,778055,13759,4289,9335,1139,601,489,2,322,True
2026-03-05 19:12:29,https://www.bilibili.com/video/BV1M9ePzaELH/?spm_id_from=333.1387.favlist.content.click&vd_source=406d0cf895bedbdc58a3d0130d55e34c,BV1M9ePzaELH,「杨博文｜卡拉永远OK」突发舞台事故？我怎么没看见,Astra_杨博文,1006909645,2025-08-19 22:15:30,778349,13759,4289,9336,1139,601,489,1,294,False
2026-03-05 20:12:42,https://www.bilibili.com/video/BV1M9ePzaELH/?spm_id_from=333.1387.favlist.content.click&vd_source=406d0cf895bedbdc58a3d0130d55e34c,BV1M9ePzaELH,「杨博文｜卡拉永远OK」突发舞台事故？我怎么没看见,Astra_杨博文,1006909645,2025-08-19 22:15:30,778707,13760,4289,9337,1139,601,489,2,358,True
2026-03-05 21:12:55,https://www.bilibili.com/video/BV1M9ePzaELH/?spm_id_from=333.1387.favlist.content.click&vd_source=406d0cf895bedbdc58a3d0130d55e34c,BV1M9ePzaELH,「杨博文｜卡拉永远OK」突发舞台事故？我怎么没看见,Astra_杨博文,1006909645,2025-08-19 22:15:30,779082,13762,4289,9336,1139,601,489,4,375,True
2026-03-05 22:13:08,https://www.bilibili.com/video/BV1M9ePzaELH/?spm_id_from=333.1387.favlist.content.click&vd_source=406d0cf895bedbdc58a3d0130d55e34c,BV1M9ePzaELH,「杨博文｜卡拉永远OK」突发舞台事故？我怎么没看见,Astra_杨博文,1006909645,2025-08-19 22:15:30,779316,13762,4289,9337,1139,601,489,1,234,False
2026-03-05 23:13:20,https://www.bilibili.com/video/BV1M9ePzaELH/?spm_id_from=333.1387.favlist.content.click&vd_source=406d0cf895bedbdc58a3d0130d55e34c,BV1M9ePzaELH,「杨博文｜卡拉永远OK」突发舞台事故？我怎么没看见,Astra_杨博文,1006909645,2025-08-19 22:15:30,779376,13762,4289,9337,1139,601,489,1,60,False
2026-03-05 00:08:32,https://www.bilibili.com/video/BV1WjA6zyEiN/?spm_id_from=333.1387.favlist.content.click&vd_source=406d0cf895bedbdc58a3d0130d55e34c,BV1WjA6zyEiN,听视频防吞,爱磕糖的兔子Y,628963336,2026-02-26 20:14:24,46515,6,0,148,1,0,0,1,0,False
2026-03-05 01:08:45,https://www.bilibili.com/video/BV1WjA6zyEiN/?spm_id_from=333.1387.favlist.content.click&vd_source=406d0cf895bedbdc58a3d0130d55e34c,BV1WjA6zyEiN,听视频防吞,爱磕糖的兔子Y,628963336,2026-02-26 20:14:24,46803,6,0,148,1,0,0,1,288,False
2026-03-05 02:08:57,https://www.bilibili.com/video/BV1WjA6zyEiN/?spm_id_from=333.1387.favlist.content.click&vd_source=406d0cf895bedbdc58a3d0130d55e34c,BV1WjA6zyEiN,听视频防吞,爱磕糖的兔子Y,628963336,2026-02-26 20:14:24,47140,6,0,148,1,0,0,1,337,True
2026-03-05 03:09:10,https://www.bilibili.com/video/BV1WjA6zyEiN/?spm_id_from=333.1387.favlist.content.click&vd_source=406d0cf895bedbdc58a3d0130d55e34c,BV1WjA6zyEiN,听视频防吞,爱磕糖的兔子Y,628963336,2026-02-26 20:14:24,47463,6,0,148,1,0,0,1,323,True
2026-03-05 04:09:23,https://www.bilibili.com/video/BV1WjA6zyEiN/?spm_id_from=333.1387.favlist.content.click&vd_source=406d0cf895bedbdc58a3d0130d55e34c,BV1WjA6zyEiN,听视频防吞,爱磕糖的兔子Y,628963336,2026-02-26 20:14:24,47782,6,0,148,1,0,0,1,319,True
2026-03-05 05:09:35,https://www.bilibili.com/video/BV1WjA6zyEiN/?spm_id_from=333.1387.favlist.content.click&vd_source=406d0cf895bedbdc58a3d0130d55e34c,BV1WjA6zyEiN,听视频防吞,爱磕糖的兔子Y,628963336,2026-02-26 20:14:24,48103,6,0,148,1,0,0,1,321,True
2026-03-05 06:09:47,https://www.bilibili.com/video/BV1WjA6zyEiN/?spm_id_from=333.1387.favlist.content.click&vd_source=406d0cf895bedbdc58a3d0130d55e34c,BV1WjA6zyEiN,听视频防吞,爱磕糖的兔子Y,628963336,2026-02-26 20:14:24,48395,6,0,148,1,0,0,1,292,False
2026-03-05 07:10:00,https://www.bilibili.com/video/BV1WjA6zyEiN/?spm_id_from=333.1387.favlist.content.click&vd_source=406d0cf895bedbdc58a3d0130d55e34c,BV1WjA6zyEiN,听视频防吞,爱磕糖的兔子Y,628963336,2026-02-26 20:14:24,48678,6,0,148,1,0,0,1,283,False
2026-03-05 08:10:12,https://www.bilibili.com/video/BV1WjA6zyEiN/?spm_id_from=333.1387.favlist.content.click&vd_source=406d0cf895bedbdc58a3d0130d55e34c,BV1WjA6zyEiN,听视频防吞,爱磕糖的兔子Y,628963336,2026-02-26 20:14:24,48959,6,0,148,1,0,0,1,281,False
2026-03-05 09:10:25,https://www.bilibili.com/video/BV1WjA6zyEiN/?spm_id_from=333.1387.favlist.content.click&vd_source=406d0cf895bedbdc58a3d0130d55e34c,BV1WjA6zyEiN,听视频防吞,爱磕糖的兔子Y,628963336,2026-02-26 20:14:24,49239,6,0,148,1,0,0,1,280,False
2026-03-05 10:10:37,https://www.bilibili.com/video/BV1WjA6zyEiN/?spm_id_from=333.1387.favlist.content.click&vd_source=406d0cf895bedbdc58a3d0130d55e34c,BV1WjA6zyEiN,听视频防吞,爱磕糖的兔子Y,628963336,2026-02-26 20:14:24,49547,7,0,151,1,0,0,1,308,True
2026-03-05 11:10:50,https://www.bilibili.com/video/BV1WjA6zyEiN/?spm_id_from=333.1387.favlist.content.click&vd_source=406d0cf895bedbdc58a3d0130d55e34c,BV1WjA6zyEiN,听视频防吞,爱磕糖的兔子Y,628963336,2026-02-26 20:14:24,49846,7,0,151,1,0,0,1,299,False
2026-03-05 12:11:02,https://www.bilibili.com/video/BV1WjA6zyEiN/?spm_id_from=333.1387.favlist.content.click&vd_source=406d0cf895bedbdc58a3d0130d55e34c,BV1WjA6zyEiN,听视频防吞,爱磕糖的兔子Y,628963336,2026-02-26 20:14:24,50123,7,0,151,1,0,0,1,277,False
2026-03-05 13:11:14,https://www.bilibili.com/video/BV1WjA6zyEiN/?spm_id_from=333.1387.favlist.content.click&vd_source=406d0cf895bedbdc58a3d0130d55e34c,BV1WjA6zyEiN,听视频防吞,爱磕糖的兔子Y,628963336,2026-02-26 20:14:24,50379,7,0,151,1,0,0,1,256,False
2026-03-05 14:11:27,https://www.bilibili.com/video/BV1WjA6zyEiN/?spm_id_from=333.1387.favlist.content.click&vd_source=406d0cf895bedbdc58a3d0130d55e34c,BV1WjA6zyEiN,听视频防吞,爱磕糖的兔子Y,628963336,2026-02-26 20:14:24,50626,7,0,152,1,0,0,1,247,False
2026-03-05 15:11:39,https://www.bilibili.com/video/BV1WjA6zyEiN/?spm_id_from=333.1387.favlist.content.click&vd_source=406d0cf895bedbdc58a3d0130d55e34c,BV1WjA6zyEiN,听视频防吞,爱磕糖的兔子Y,628963336,2026-02-26 20:14:24,50878,7,0,152,1,0,0,1,252,False
2026-03-05 16:11:52,https://www.bilibili.com/video/BV1WjA6zyEiN/?spm_id_from=333.1387.favlist.content.click&vd_source=406d0cf895bedbdc58a3d0130d55e34c,BV1WjA6zyEiN,听视频防吞,爱磕糖的兔子Y,628963336,2026-02-26 20:14:24,51144,7,0,152,1,0,0,1,266,False
2026-03-05 17:12:04,https://www.bilibili.com/video/BV1WjA6zyEiN/?spm_id_from=333.1387.favlist.content.click&vd_source=406d0cf895bedbdc58a3d0130d55e34c,BV1WjA6zyEiN,听视频防吞,爱磕糖的兔子Y,628963336,2026-02-26 20:14:24,51405,7,0,152,1,0,0,1,261,False
2026-03-05 18:12:17,https://www.bilibili.com/video/BV1WjA6zyEiN/?spm_id_from=333.1387.favlist.content.click&vd_source=406d0cf895bedbdc58a3d0130d55e34c,BV1WjA6zyEiN,听视频防吞,爱磕糖的兔子Y,628963336,2026-02-26 20:14:24,51682,7,0,152,1,0,0,1,277,False
2026-03-05 19:12:29,https://www.bilibili.com/video/BV1WjA6zyEiN/?spm_id_from=333.1387.favlist.content.click&vd_source=406d0cf895bedbdc58a3d0130d55e34c,BV1WjA6zyEiN,听视频防吞,爱磕糖的兔子Y,628963336,2026-02-26 20:14:24,51948,7,0,153,1,0,0,1,266,False
2026-03-05 20:12:42,https://www.bilibili.com/video/BV1WjA6zyEiN/?spm_id_from=333.1387.favlist.content.click&vd_source=406d0cf895bedbdc58a3d0130d55e34c,BV1WjA6zyEiN,听视频防吞,爱磕糖的兔子Y,628963336,2026-02-26 20:14:24,52250,7,0,153,1,0,0,1,302,True
2026-03-05 21:12:55,https://www.bilibili.com/video/BV1WjA6zyEiN/?spm_id_from=333.1387.favlist.content.click&vd_source=406d0cf895bedbdc58a3d0130d55e34c,BV1WjA6zyEiN,听视频防吞,爱磕糖的兔子Y,628963336,2026-02-26 20:14:24,52570,7,0,153,1,0,0,1,320,True
2026-03-05 22:13:08,https://www.bilibili.com/video/BV1WjA6zyEiN/?spm_id_from=333.1387.favlist.content.click&vd_source=406d0cf895bedbdc58a3d0130d55e34c,BV1WjA6zyEiN,听视频防吞,爱磕糖的兔子Y,628963336,2026-02-26 20:14:24,52740,7,0,153,1,0,0,1,170,False
2026-03-05 23:13:20,https://www.bilibili.com/video/BV1WjA6zyEiN/?spm_id_from=333.1387.favlist.content.click&vd_source=406d0cf895bedbdc58a3d0130d55e34c,BV1WjA6zyEiN,听视频防吞,爱磕糖的兔子Y,628963336,2026-02-26 20:14:24,52776,7,0,153,1,0,0,1,36,False
2026-03-05 00:08:32,https://www.bilibili.com/video/BV1EGBCBmEo8/?spm_id_from=333.1387.favlist.content.click&vd_source=406d0cf895bedbdc58a3d0130d55e34c,BV1EGBCBmEo8,【杨博文｜4K高清直拍】魅魔级别的《Manta》舞台，看博文如何一yeah封神,关键时刻来瓶尖叫,2142251174,2025-12-27 23:15:44,685646,11292,9013,9571,601,905,2271,2,0,False
2026-03-05 01:08:45,https://www.bilibili.com/video/BV1EGBCBmEo8/?spm_id_from=333.1387.favlist.content.click&vd_source=406d0cf895bedbdc58a3d0130d55e34c,BV1EGBCBmEo8,【杨博文｜4K高清直拍】魅魔级别的《Manta》舞台，看博文如何一yeah封神,关键时刻来瓶尖叫,2142251174,2025-12-27 23:15:44,685979,11292,9013,9571,601,905,2271,1,333,True
2026-03-05 02:08:57,https://www.bilibili.com/video/BV1EGBCBmEo8/?spm_id_from=333.1387.favlist.content.click&vd_source=406d0cf895bedbdc58a3d0130d55e34c,BV1EGBCBmEo8,【杨博文｜4K高清直拍】魅魔级别的《Manta》舞台，看博文如何一yeah封神,关键时刻来瓶尖叫,2142251174,2025-12-27 23:15:44,686364,11292,9013,9570,601,905,2271,2,385,True
2026-03-05 03:09:10,https://www.bilibili.com/video/BV1EGBCBmEo8/?spm_id_from=333.1387.favlist.content.click&vd_source=406d0cf895bedbdc58a3d0130d55e34c,BV1EGBCBmEo8,【杨博文｜4K高清直拍】魅魔级别的《Manta》舞台，看博文如何一yeah封神,关键时刻来瓶尖叫,2142251174,2025-12-27 23:15:44,686762,11292,9013,9570,601,905,2271,1,398,True
2026-03-05 04:09:23,https://www.bilibili.com/video/BV1EGBCBmEo8/?spm_id_from=333.1387.favlist.content.click&vd_source=406d0cf895bedbdc58a3d0130d55e34c,BV1EGBCBmEo8,【杨博文｜4K高清直拍】魅魔级别的《Manta》舞台，看博文如何一yeah封神,关键时刻来瓶尖叫,2142251174,2025-12-27 23:15:44,687149,11292,9013,9571,601,905,2271,1,387,True
2026-03-05 05:09:35,https://www.bilibili.com/video/BV1EGBCBmEo8/?spm_id_from=333.1387.favlist.content.click&vd_source=406d0cf895bedbdc58a3d0130d55e34c,BV1EGBCBmEo8,【杨博文｜4K高清直拍】魅魔级别的《Manta》舞台，看博文如何一yeah封神,关键时刻来瓶尖叫,2142251174,2025-12-27 23:15:44,687540,11292,9013,9571,601,905,2271,2,391,True
2026-03-05 06:09:47,https://www.bilibili.com/video/BV1EGBCBmEo8/?spm_id_from=333.1387.favlist.content.click&vd_source=406d0cf895bedbdc58a3d0130d55e34c,BV1EGBCBmEo8,【杨博文｜4K高清直拍】魅魔级别的《Manta》舞台，看博文如何一yeah封神,关键时刻来瓶尖叫,2142251174,2025-12-27 23:15:44,687882,11292,9013,9571,601,905,2271,1,342,True
2026-03-05 07:10:00,https://www.bilibili.com/video/BV1EGBCBmEo8/?spm_id_from=333.1387.favlist.content.click&vd_source=406d0cf895bedbdc58a3d0130d55e34c,BV1EGBCBmEo8,【杨博文｜4K高清直拍】魅魔级别的《Manta》舞台，看博文如何一yeah封神,关键时刻来瓶尖叫,2142251174,2025-12-27 23:15:44,688204,11292,9013,9571,601,905,2271,5,322,True
2026-03-05 08:10:12,https://www.bilibili.com/video/BV1EGBCBmEo8/?spm_id_from=333.1387.favlist.content.click&vd_source=406d0cf895bedbdc58a3d0130d55e34c,BV1EGBCBmEo8,【杨博文｜4K高清直拍】魅魔级别的《Manta》舞台，看博文如何一yeah封神,关键时刻来瓶尖叫,2142251174,2025-12-27 23:15:44,688541,11292,9013,9571,601,905,2271,4,337,True
2026-03-05 09:10:25,https://www.bilibili.com/video/BV1EGBCBmEo8/?spm_id_from=333.1387.favlist.content.click&vd_source=406d0cf895bedbdc58a3d0130d55e34c,BV1EGBCBmEo8,【杨博文｜4K高清直拍】魅魔级别的《Manta》舞台，看博文如何一yeah封神,关键时刻来瓶尖叫,2142251174,2025-12-27 23:15:44,688862,11292,9013,9572,601,905,2271,6,321,True
2026-03-05 10:10:37,https://www.bilibili.com/video/BV1EGBCBmEo8/?spm_id_from=333.1387.favlist.content.click&vd_source=406d0cf895bedbdc58a3d0130d55e34c,BV1EGBCBmEo8,【杨博文｜4K高清直拍】魅魔级别的《Manta》舞台，看博文如何一yeah封神,关键时刻来瓶尖叫,2142251174,2025-12-27 23:15:44,689210,11293,9013,9574,601,905,2271,3,348,True
2026-03-05 11:10:50,https://www.bilibili.com/video/BV1EGBCBmEo8/?spm_id_from=333.1387.favlist.content.click&vd_source=406d0cf895bedbdc58a3d0130d55e34c,BV1EGBCBmEo8,【杨博文｜4K高清直拍】魅魔级别的《Manta》舞台，看博文如何一yeah封神,关键时刻来瓶尖叫,2142251174,2025-12-27 23:15:44,689532,11293,9013,9574,601,905,2271,4,322,True
2026-03-05 12:11:02,https://www.bilibili.com/video/BV1EGBCBmEo8/?spm_id_from=333.1387.favlist.content.click&vd_source=406d0cf895bedbdc58a3d0130d55e34c,BV1EGBCBmEo8,【杨博文｜4K高清直拍】魅魔级别的《Manta》舞台，看博文如何一yeah封神,关键时刻来瓶尖叫,2142251174,2025-12-27 23:15:44,689831,11293,9013,9574,601,905,2271,2,299,False
2026-03-05 13:11:14,https://www.bilibili.com/video/BV1EGBCBmEo8/?spm_id_from=333.1387.favlist.content.click&vd_source=406d0cf895bedbdc58a3d0130d55e34c,BV1EGBCBmEo8,【杨博文｜4K高清直拍】魅魔级别的《Manta》舞台，看博文如何一yeah封神,关键时刻来瓶尖叫,2142251174,2025-12-27 23:15:44,690099,11293,9013,9574,601,905,2271,1,268,False
2026-03-05 14:11:27,https://www.bilibili.com/video/BV1EGBCBmEo8/?spm_id_from=333.1387.favlist.content.click&vd_source=406d0cf895bedbdc58a3d0130d55e34c,BV1EGBCBmEo8,【杨博文｜4K高清直拍】魅魔级别的《Manta》舞台，看博文如何一yeah封神,关键时刻来瓶尖叫,2142251174,2025-12-27 23:15:44,690368,11293,9013,9573,601,905,2271,1,269,False
2026-03-05 15:11:39,https://www.bilibili.com/video/BV1EGBCBmEo8/?spm_id_from=333.1387.favlist.content.click&vd_source=406d0cf895bedbdc58a3d0130d55e34c,BV1EGBCBmEo8,【杨博文｜4K高清直拍】魅魔级别的《Manta》舞台，看博文如何一yeah封神,关键时刻来瓶尖叫,2142251174,2025-12-27 23:15:44,690661,11293,9013,9574,601,905,2271,2,293,False
2026-03-05 16:11:52,https://www.bilibili.com/video/BV1EGBCBmEo8/?spm_id_from=333.1387.favlist.content.click&vd_source=406d0cf895bedbdc58a3d0130d55e34c,BV1EGBCBmEo8,【杨博文｜4K高清直拍】魅魔级别的《Manta》舞台，看博文如何一yeah封神,关键时刻来瓶尖叫,2142251174,2025-12-27 23:15:44,690956,11293,9013,9574,601,905,2271,2,295,False
2026-03-05 17:12:04,https://www.bilibili.com/video/BV1EGBCBmEo8/?spm_id_from=333.1387.favlist.content.click&vd_source=406d0cf895bedbdc58a3d0130d55e34c,BV1EGBCBmEo8,【杨博文｜4K高清直拍】魅魔级别的《Manta》舞台，看博文如何一yeah封神,关键时刻来瓶尖叫,2142251174,2025-12-27 23:15:44,691261,11293,9013,9574,601,905,2271,1,305,True
2026-03-05 18:12:17,https://www.bilibili.com/video/BV1EGBCBmEo8/?spm_id_from=333.1387.favlist.content.click&vd_source=406d0cf895bedbdc58a3d0130d55e34c,BV1EGBCBmEo8,【杨博文｜4K高清直拍】魅魔级别的《Manta》舞台，看博文如何一yeah封神,关键时刻来瓶尖叫,2142251174,2025-12-27 23:15:44,691571,11293,9013,9574,601,905,2271,3,310,True
2026-03-05 19:12:29,https://www.bilibili.com/video/BV1EGBCBmEo8/?spm_id_from=333.1387.favlist.content.click&vd_source=406d0cf895bedbdc58a3d0130d55e34c,BV1EGBCBmEo8,【杨博文｜4K高清直拍】魅魔级别的《Manta》舞台，看博文如何一yeah封神,关键时刻来瓶尖叫,2142251174,2025-12-27 23:15:44,691862,11292,9013,9574,601,905,2271,1,291,False
2026-03-05 20:12:42,https://www.bilibili.com/video/BV1EGBCBmEo8/?spm_id_from=333.1387.favlist.content.click&vd_source=406d0cf895bedbdc58a3d0130d55e34c,BV1EGBCBmEo8,【杨博文｜4K高清直拍】魅魔级别的《Manta》舞台，看博文如何一yeah封神,关键时刻来瓶尖叫,2142251174,2025-12-27 23:15:44,692210,11292,9013,9574,601,905,2271,1,348,True
2026-03-05 21:12:55,https://www.bilibili.com/video/BV1EGBCBmEo8/?spm_id_from=333.1387.favlist.content.click&vd_source=406d0cf895bedbdc58a3d0130d55e34c,BV1EGBCBmEo8,【杨博文｜4K高清直拍】魅魔级别的《Manta》舞台，看博文如何一yeah封神,关键时刻来瓶尖叫,2142251174,2025-12-27 23:15:44,692568,11292,9013,9573,601,905,2271,3,358,True
2026-03-05 22:13:08,https://www.bilibili.com/video/BV1EGBCBmEo8/?spm_id_from=333.1387.favlist.content.click&vd_source=406d0cf895bedbdc58a3d0130d55e34c,BV1EGBCBmEo8,【杨博文｜4K高清直拍】魅魔级别的《Manta》舞台，看博文如何一yeah封神,关键时刻来瓶尖叫,2142251174,2025-12-27 23:15:44,692797,11292,9013,9574,601,905,2271,1,229,False
2026-03-05 23:13:20,https://www.bilibili.com/video/BV1EGBCBmEo8/?spm_id_from=333.1387.favlist.content.click&vd_source=406d0cf895bedbdc58a3d0130d55e34c,BV1EGBCBmEo8,【杨博文｜4K高清直拍】魅魔级别的《Manta》舞台，看博文如何一yeah封神,关键时刻来瓶尖叫,2142251174,2025-12-27 23:15:44,692848,11292,9013,9574,601,905,2271,1,51,False
2026-03-05 00:08:32,https://www.bilibili.com/video/BV1YX64BAEjd/?spm_id_from=333.1387.favlist.content.click&vd_source=406d0cf895bedbdc58a3d0130d55e34c,BV1YX64BAEjd,【闭嘴跳舞｜张函瑞】双机位4K精剪直拍,Karmaismycat,3546943494031804,2026-02-01 17:32:47,523593,28868,24423,23546,1657,1189,5358,10,0,False
2026-03-05 01:08:45,https://www.bilibili.com/video/BV1YX64BAEjd/?spm_id_from=333.1387.favlist.content.click&vd_source=406d0cf895bedbdc58a3d0130d55e34c,BV1YX64BAEjd,【闭嘴跳舞｜张函瑞】双机位4K精剪直拍,Karmaismycat,3546943494031804,2026-02-01 17:32:47,523656,28872,24425,23550,1657,1189,5358,5,63,False
2026-03-05 02:08:57,https://www.bilibili.com/video/BV1YX64BAEjd/?spm_id_from=333.1387.favlist.content.click&vd_source=406d0cf895bedbdc58a3d0130d55e34c,BV1YX64BAEjd,【闭嘴跳舞｜张函瑞】双机位4K精剪直拍,Karmaismycat,3546943494031804,2026-02-01 17:32:47,523690,28873,24429,23553,1658,1189,5358,7,34,False
2026-03-05 03:09:10,https://www.bilibili.com/video/BV1YX64BAEjd/?spm_id_from=333.1387.favlist.content.click&vd_source=406d0cf895bedbdc58a3d0130d55e34c,BV1YX64BAEjd,【闭嘴跳舞｜张函瑞】双机位4K精剪直拍,Karmaismycat,3546943494031804,2026-02-01 17:32:47,523707,28875,24429,23553,1658,1189,5358,5,17,False
2026-03-05 04:09:23,https://www.bilibili.com/video/BV1YX64BAEjd/?spm_id_from=333.1387.favlist.content.click&vd_source=406d0cf895bedbdc58a3d0130d55e34c,BV1YX64BAEjd,【闭嘴跳舞｜张函瑞】双机位4K精剪直拍,Karmaismycat,3546943494031804,2026-02-01 17:32:47,523726,28876,24431,23553,1658,1189,5358,5,19,False
2026-03-05 05:09:35,https://www.bilibili.com/video/BV1YX64BAEjd/?spm_id_from=333.1387.favlist.content.click&vd_source=406d0cf895bedbdc58a3d0130d55e34c,BV1YX64BAEjd,【闭嘴跳舞｜张函瑞】双机位4K精剪直拍,Karmaismycat,3546943494031804,2026-02-01 17:32:47,523740,28876,24431,23553,1658,1189,5358,5,14,False
2026-03-05 06:09:47,https://www.bilibili.com/video/BV1YX64BAEjd/?spm_id_from=333.1387.favlist.content.click&vd_source=406d0cf895bedbdc58a3d0130d55e34c,BV1YX64BAEjd,【闭嘴跳舞｜张函瑞】双机位4K精剪直拍,Karmaismycat,3546943494031804,2026-02-01 17:32:47,523751,28876,24431,23553,1658,1189,5358,8,11,False
2026-03-05 07:10:00,https://www.bilibili.com/video/BV1YX64BAEjd/?spm_id_from=333.1387.favlist.content.click&vd_source=406d0cf895bedbdc58a3d0130d55e34c,BV1YX64BAEjd,【闭嘴跳舞｜张函瑞】双机位4K精剪直拍,Karmaismycat,3546943494031804,2026-02-01 17:32:47,523762,28876,24431,23553,1658,1189,5358,2,11,False
2026-03-05 08:10:12,https://www.bilibili.com/video/BV1YX64BAEjd/?spm_id_from=333.1387.favlist.content.click&vd_source=406d0cf895bedbdc58a3d0130d55e34c,BV1YX64BAEjd,【闭嘴跳舞｜张函瑞】双机位4K精剪直拍,Karmaismycat,3546943494031804,2026-02-01 17:32:47,523778,28876,24431,23553,1659,1189,5358,5,16,False
2026-03-05 09:10:25,https://www.bilibili.com/video/BV1YX64BAEjd/?spm_id_from=333.1387.favlist.content.click&vd_source=406d0cf895bedbdc58a3d0130d55e34c,BV1YX64BAEjd,【闭嘴跳舞｜张函瑞】双机位4K精剪直拍,Karmaismycat,3546943494031804,2026-02-01 17:32:47,523796,28876,24431,23553,1659,1189,5358,5,18,False
2026-03-05 10:10:37,https://www.bilibili.com/video/BV1YX64BAEjd/?spm_id_from=333.1387.favlist.content.click&vd_source=406d0cf895bedbdc58a3d0130d55e34c,BV1YX64BAEjd,【闭嘴跳舞｜张函瑞】双机位4K精剪直拍,Karmaismycat,3546943494031804,2026-02-01 17:32:47,523825,28876,24431,23553,1659,1189,5358,11,29,False
2026-03-05 11:10:50,https://www.bilibili.com/video/BV1YX64BAEjd/?spm_id_from=333.1387.favlist.content.click&vd_source=406d0cf895bedbdc58a3d0130d55e34c,BV1YX64BAEjd,【闭嘴跳舞｜张函瑞】双机位4K精剪直拍,Karmaismycat,3546943494031804,2026-02-01 17:32:47,523861,28878,24431,23554,1659,1189,5358,5,36,False
2026-03-05 12:11:02,https://www.bilibili.com/video/BV1YX64BAEjd/?spm_id_from=333.1387.favlist.content.click&vd_source=406d0cf895bedbdc58a3d0130d55e34c,BV1YX64BAEjd,【闭嘴跳舞｜张函瑞】双机位4K精剪直拍,Karmaismycat,3546943494031804,2026-02-01 17:32:47,523901,28879,24431,23554,1659,1189,5358,5,40,False
2026-03-05 13:11:14,https://www.bilibili.com/video/BV1YX64BAEjd/?spm_id_from=333.1387.favlist.content.click&vd_source=406d0cf895bedbdc58a3d0130d55e34c,BV1YX64BAEjd,【闭嘴跳舞｜张函瑞】双机位4K精剪直拍,Karmaismycat,3546943494031804,2026-02-01 17:32:47,523947,28882,24433,23555,1659,1189,5358,9,46,False
2026-03-05 14:11:27,https://www.bilibili.com/video/BV1YX64BAEjd/?spm_id_from=333.1387.favlist.content.click&vd_source=406d0cf895bedbdc58a3d0130d55e34c,BV1YX64BAEjd,【闭嘴跳舞｜张函瑞】双机位4K精剪直拍,Karmaismycat,3546943494031804,2026-02-01 17:32:47,523999,28883,24433,23557,1659,1189,5358,7,52,False
2026-03-05 15:11:39,https://www.bilibili.com/video/BV1YX64BAEjd/?spm_id_from=333.1387.favlist.content.click&vd_source=406d0cf895bedbdc58a3d0130d55e34c,BV1YX64BAEjd,【闭嘴跳舞｜张函瑞】双机位4K精剪直拍,Karmaismycat,3546943494031804,2026-02-01 17:32:47,524058,28888,24437,23558,1659,1189,5359,11,59,False
2026-03-05 16:11:52,https://www.bilibili.com/video/BV1YX64BAEjd/?spm_id_from=333.1387.favlist.content.click&vd_source=406d0cf895bedbdc58a3d0130d55e34c,BV1YX64BAEjd,【闭嘴跳舞｜张函瑞】双机位4K精剪直拍,Karmaismycat,3546943494031804,2026-02-01 17:32:47,524120,28889,24437,23558,1659,1190,5359,10,62,False
2026-03-05 17:12:04,https://www.bilibili.com/video/BV1YX64BAEjd/?spm_id_from=333.1387.favlist.content.click&vd_source=406d0cf895bedbdc58a3d0130d55e34c,BV1YX64BAEjd,【闭嘴跳舞｜张函瑞】双机位4K精剪直拍,Karmaismycat,3546943494031804,2026-02-01 17:32:47,524173,28893,24438,23560,1659,1190,5359,6,53,False
2026-03-05 18:12:17,https://www.bilibili.com/video/BV1YX64BAEjd/?spm_id_from=333.1387.favlist.content.click&vd_source=406d0cf895bedbdc58a3d0130d55e34c,BV1YX64BAEjd,【闭嘴跳舞｜张函瑞】双机位4K精剪直拍,Karmaismycat,3546943494031804,2026-02-01 17:32:47,524241,28895,24440,23561,1659,1190,5359,8,68,False
2026-03-05 19:12:29,https://www.bilibili.com/video/BV1YX64BAEjd/?spm_id_from=333.1387.favlist.content.click&vd_source=406d0cf895bedbdc58a3d0130d55e34c,BV1YX64BAEjd,【闭嘴跳舞｜张函瑞】双机位4K精剪直拍,Karmaismycat,3546943494031804,2026-02-01 17:32:47,524297,28901,24444,23563,1659,1190,5360,8,56,False
2026-03-05 20:12:42,https://www.bilibili.com/video/BV1YX64BAEjd/?spm_id_from=333.1387.favlist.content.click&vd_source=406d0cf895bedbdc58a3d0130d55e34c,BV1YX64BAEjd,【闭嘴跳舞｜张函瑞】双机位4K精剪直拍,Karmaismycat,3546943494031804,2026-02-01 17:32:47,524375,28904,24448,23565,1659,1190,5360,8,78,False
2026-03-05 21:12:55,https://www.bilibili.com/video/BV1YX64BAEjd/?spm_id_from=333.1387.favlist.content.click&vd_source=406d0cf895bedbdc58a3d0130d55e34c,BV1YX64BAEjd,【闭嘴跳舞｜张函瑞】双机位4K精剪直拍,Karmaismycat,3546943494031804,2026-02-01 17:32:47,524457,28906,24452,23566,1660,1190,5360,12,82,False
2026-03-05 22:13:08,https://www.bilibili.com/video/BV1YX64BAEjd/?spm_id_from=333.1387.favlist.content.click&vd_source=406d0cf895bedbdc58a3d0130d55e34c,BV1YX64BAEjd,【闭嘴跳舞｜张函瑞】双机位4K精剪直拍,Karmaismycat,3546943494031804,2026-02-01 17:32:47,524544,28911,24456,23569,1660,1190,5360,9,87,False
2026-03-05 23:13:20,https://www.bilibili.com/video/BV1YX64BAEjd/?spm_id_from=333.1387.favlist.content.click&vd_source=406d0cf895bedbdc58a3d0130d55e34c,BV1YX64BAEjd,【闭嘴跳舞｜张函瑞】双机位4K精剪直拍,Karmaismycat,3546943494031804,2026-02-01 17:32:47,524627,28918,24461,23571,1660,1190,5363,9,83,False
2026-03-05 00:08:32,https://www.bilibili.com/video/BV1fxtbzKESN/?spm_id_from=333.1387.favlist.content.click&vd_source=406d0cf895bedbdc58a3d0130d55e34c,BV1fxtbzKESN,【张函瑞】雨爱双机位4K精剪横屏直拍 新舞台神仙嗓音 百万直拍预定💘开口即跪的纯欲少年音,秋日信函_张函瑞,1643739345,2025-08-09 19:11:18,602834,12865,10479,12012,868,1059,4602,1,0,False
2026-03-05 01:08:45,https://www.bilibili.com/video/BV1fxtbzKESN/?spm_id_from=333.1387.favlist.content.click&vd_source=406d0cf895bedbdc58a3d0130d55e34c,BV1fxtbzKESN,【张函瑞】雨爱双机位4K精剪横屏直拍 新舞台神仙嗓音 百万直拍预定💘开口即跪的纯欲少年音,秋日信函_张函瑞,1643739345,2025-08-09 19:11:18,602846,12865,10479,12013,868,1059,4602,1,12,False
2026-03-05 02:08:57,https://www.bilibili.com/video/BV1fxtbzKESN/?spm_id_from=333.1387.favlist.content.click&vd_source=406d0cf895bedbdc58a3d0130d55e34c,BV1fxtbzKESN,【张函瑞】雨爱双机位4K精剪横屏直拍 新舞台神仙嗓音 百万直拍预定💘开口即跪的纯欲少年音,秋日信函_张函瑞,1643739345,2025-08-09 19:11:18,602860,12865,10479,12013,868,1059,4602,1,14,False
2026-03-05 03:09:10,https://www.bilibili.com/video/BV1fxtbzKESN/?spm_id_from=333.1387.favlist.content.click&vd_source=406d0cf895bedbdc58a3d0130d55e34c,BV1fxtbzKESN,【张函瑞】雨爱双机位4K精剪横屏直拍 新舞台神仙嗓音 百万直拍预定💘开口即跪的纯欲少年音,秋日信函_张函瑞,1643739345,2025-08-09 19:11:18,602870,12865,10479,12013,868,1059,4602,1,10,False
2026-03-05 04:09:23,https://www.bilibili.com/video/BV1fxtbzKESN/?spm_id_from=333.1387.favlist.content.click&vd_source=406d0cf895bedbdc58a3d0130d55e34c,BV1fxtbzKESN,【张函瑞】雨爱双机位4K精剪横屏直拍 新舞台神仙嗓音 百万直拍预定💘开口即跪的纯欲少年音,秋日信函_张函瑞,1643739345,2025-08-09 19:11:18,602880,12865,10479,12013,868,1059,4602,2,10,False
2026-03-05 05:09:35,https://www.bilibili.com/video/BV1fxtbzKESN/?spm_id_from=333.1387.favlist.content.click&vd_source=406d0cf895bedbdc58a3d0130d55e34c,BV1fxtbzKESN,【张函瑞】雨爱双机位4K精剪横屏直拍 新舞台神仙嗓音 百万直拍预定💘开口即跪的纯欲少年音,秋日信函_张函瑞,1643739345,2025-08-09 19:11:18,602888,12865,10479,12013,868,1059,4602,1,8,False
2026-03-05 06:09:47,https://www.bilibili.com/video/BV1fxtbzKESN/?spm_id_from=333.1387.favlist.content.click&vd_source=406d0cf895bedbdc58a3d0130d55e34c,BV1fxtbzKESN,【张函瑞】雨爱双机位4K精剪横屏直拍 新舞台神仙嗓音 百万直拍预定💘开口即跪的纯欲少年音,秋日信函_张函瑞,1643739345,2025-08-09 19:11:18,602898,12865,10479,12013,868,1059,4602,2,10,False
2026-03-05 07:10:00,https://www.bilibili.com/video/BV1fxtbzKESN/?spm_id_from=333.1387.favlist.content.click&vd_source=406d0cf895bedbdc58a3d0130d55e34c,BV1fxtbzKESN,【张函瑞】雨爱双机位4K精剪横屏直拍 新舞台神仙嗓音 百万直拍预定💘开口即跪的纯欲少年音,秋日信函_张函瑞,1643739345,2025-08-09 19:11:18,602912,12865,10479,12013,868,1059,4602,1,14,False
2026-03-05 08:10:12,https://www.bilibili.com/video/BV1fxtbzKESN/?spm_id_from=333.1387.favlist.content.click&vd_source=406d0cf895bedbdc58a3d0130d55e34c,BV1fxtbzKESN,【张函瑞】雨爱双机位4K精剪横屏直拍 新舞台神仙嗓音 百万直拍预定💘开口即跪的纯欲少年音,秋日信函_张函瑞,1643739345,2025-08-09 19:11:18,602925,12866,10481,12015,868,1059,4602,2,13,False
2026-03-05 09:10:25,https://www.bilibili.com/video/BV1fxtbzKESN/?spm_id_from=333.1387.favlist.content.click&vd_source=406d0cf895bedbdc58a3d0130d55e34c,BV1fxtbzKESN,【张函瑞】雨爱双机位4K精剪横屏直拍 新舞台神仙嗓音 百万直拍预定💘开口即跪的纯欲少年音,秋日信函_张函瑞,1643739345,2025-08-09 19:11:18,602932,12866,10481,12015,868,1059,4602,1,7,False
2026-03-05 10:10:37,https://www.bilibili.com/video/BV1fxtbzKESN/?spm_id_from=333.1387.favlist.content.click&vd_source=406d0cf895bedbdc58a3d0130d55e34c,BV1fxtbzKESN,【张函瑞】雨爱双机位4K精剪横屏直拍 新舞台神仙嗓音 百万直拍预定💘开口即跪的纯欲少年音,秋日信函_张函瑞,1643739345,2025-08-09 19:11:18,602943,12866,10481,12015,868,1059,4602,2,11,False
2026-03-05 11:10:50,https://www.bilibili.com/video/BV1fxtbzKESN/?spm_id_from=333.1387.favlist.content.click&vd_source=406d0cf895bedbdc58a3d0130d55e34c,BV1fxtbzKESN,【张函瑞】雨爱双机位4K精剪横屏直拍 新舞台神仙嗓音 百万直拍预定💘开口即跪的纯欲少年音,秋日信函_张函瑞,1643739345,2025-08-09 19:11:18,602950,12866,10481,12015,868,1059,4602,1,7,False
2026-03-05 12:11:02,https://www.bilibili.com/video/BV1fxtbzKESN/?spm_id_from=333.1387.favlist.content.click&vd_source=406d0cf895bedbdc58a3d0130d55e34c,BV1fxtbzKESN,【张函瑞】雨爱双机位4K精剪横屏直拍 新舞台神仙嗓音 百万直拍预定💘开口即跪的纯欲少年音,秋日信函_张函瑞,1643739345,2025-08-09 19:11:18,602961,12866,10481,12015,868,1059,4602,3,11,False
2026-03-05 13:11:14,https://www.bilibili.com/video/BV1fxtbzKESN/?spm_id_from=333.1387.favlist.content.click&vd_source=406d0cf895bedbdc58a3d0130d55e34c,BV1fxtbzKESN,【张函瑞】雨爱双机位4K精剪横屏直拍 新舞台神仙嗓音 百万直拍预定💘开口即跪的纯欲少年音,秋日信函_张函瑞,1643739345,2025-08-09 19:11:18,602976,12866,10481,12017,868,1059,4602,1,15,False
2026-03-05 14:11:27,https://www.bilibili.com/video/BV1fxtbzKESN/?spm_id_from=333.1387.favlist.content.click&vd_source=406d0cf895bedbdc58a3d0130d55e34c,BV1fxtbzKESN,【张函瑞】雨爱双机位4K精剪横屏直拍 新舞台神仙嗓音 百万直拍预定💘开口即跪的纯欲少年音,秋日信函_张函瑞,1643739345,2025-08-09 19:11:18,602992,12866,10481,12016,868,1059,4602,1,16,False
2026-03-05 15:11:39,https://www.bilibili.com/video/BV1fxtbzKESN/?spm_id_from=333.1387.favlist.content.click&vd_source=406d0cf895bedbdc58a3d0130d55e34c,BV1fxtbzKESN,【张函瑞】雨爱双机位4K精剪横屏直拍 新舞台神仙嗓音 百万直拍预定💘开口即跪的纯欲少年音,秋日信函_张函瑞,1643739345,2025-08-09 19:11:18,603008,12866,10481,12016,868,1059,4602,1,16,False
2026-03-05 16:11:52,https://www.bilibili.com/video/BV1fxtbzKESN/?spm_id_from=333.1387.favlist.content.click&vd_source=406d0cf895bedbdc58a3d0130d55e34c,BV1fxtbzKESN,【张函瑞】雨爱双机位4K精剪横屏直拍 新舞台神仙嗓音 百万直拍预定💘开口即跪的纯欲少年音,秋日信函_张函瑞,1643739345,2025-08-09 19:11:18,603024,12866,10481,12016,868,1059,4602,1,16,False
2026-03-05 17:12:04,https://www.bilibili.com/video/BV1fxtbzKESN/?spm_id_from=333.1387.favlist.content.click&vd_source=406d0cf895bedbdc58a3d0130d55e34c,BV1fxtbzKESN,【张函瑞】雨爱双机位4K精剪横屏直拍 新舞台神仙嗓音 百万直拍预定💘开口即跪的纯欲少年音,秋日信函_张函瑞,1643739345,2025-08-09 19:11:18,603042,12866,10481,12016,868,1059,4602,2,18,False
2026-03-05 18:12:17,https://www.bilibili.com/video/BV1fxtbzKESN/?spm_id_from=333.1387.favlist.content.click&vd_source=406d0cf895bedbdc58a3d0130d55e34c,BV1fxtbzKESN,【张函瑞】雨爱双机位4K精剪横屏直拍 新舞台神仙嗓音 百万直拍预定💘开口即跪的纯欲少年音,秋日信函_张函瑞,1643739345,2025-08-09 19:11:18,603056,12866,10481,12017,868,1059,4602,1,14,False
2026-03-05 19:12:29,https://www.bilibili.com/video/BV1fxtbzKESN/?spm_id_from=333.1387.favlist.content.click&vd_source=406d0cf895bedbdc58a3d0130d55e34c,BV1fxtbzKESN,【张函瑞】雨爱双机位4K精剪横屏直拍 新舞台神仙嗓音 百万直拍预定💘开口即跪的纯欲少年音,秋日信函_张函瑞,1643739345,2025-08-09 19:11:18,603071,12867,10483,12018,868,1059,4602,1,15,False
2026-03-05 20:12:42,https://www.bilibili.com/video/BV1fxtbzKESN/?spm_id_from=333.1387.favlist.content.click&vd_source=406d0cf895bedbdc58a3d0130d55e34c,BV1fxtbzKESN,【张函瑞】雨爱双机位4K精剪横屏直拍 新舞台神仙嗓音 百万直拍预定💘开口即跪的纯欲少年音,秋日信函_张函瑞,1643739345,2025-08-09 19:11:18,603079,12867,10483,12018,869,1059,4602,1,8,False
2026-03-05 21:12:55,https://www.bilibili.com/video/BV1fxtbzKESN/?spm_id_from=333.1387.favlist.content.click&vd_source=406d0cf895bedbdc58a3d0130d55e34c,BV1fxtbzKESN,【张函瑞】雨爱双机位4K精剪横屏直拍 新舞台神仙嗓音 百万直拍预定💘开口即跪的纯欲少年音,秋日信函_张函瑞,1643739345,2025-08-09 19:11:18,603088,12867,10483,12018,869,1059,4602,3,9,False
2026-03-05 22:13:08,https://www.bilibili.com/video/BV1fxtbzKESN/?spm_id_from=333.1387.favlist.content.click&vd_source=406d0cf895bedbdc58a3d0130d55e34c,BV1fxtbzKESN,【张函瑞】雨爱双机位4K精剪横屏直拍 新舞台神仙嗓音 百万直拍预定💘开口即跪的纯欲少年音,秋日信函_张函瑞,1643739345,2025-08-09 19:11:18,603100,12867,10483,12018,869,1059,4602,1,12,False
2026-03-05 23:13:20,https://www.bilibili.com/video/BV1fxtbzKESN/?spm_id_from=333.1387.favlist.content.click&vd_source=406d0cf895bedbdc58a3d0130d55e34c,BV1fxtbzKESN,【张函瑞】雨爱双机位4K精剪横屏直拍 新舞台神仙嗓音 百万直拍预定💘开口即跪的纯欲少年音,秋日信函_张函瑞,1643739345,2025-08-09 19:11:18,603107,12867,10483,12017,869,1059,4602,1,7,False
2026-03-05 00:08:32,https://www.bilibili.com/video/BV11Btaz9ERL/?spm_id_from=333.1387.favlist.content.click&vd_source=406d0cf895bedbdc58a3d0130d55e34c,BV11Btaz9ERL,【Lucifer｜张函瑞】四代最强表管翻跳SM神曲，完全移不开视线！TF家族四代公演张函瑞4K精剪直拍,Karmaismycat,3546943494031804,2025-08-10 04:18:11,802086,27155,20932,20460,2254,1749,12066,4,0,False
2026-03-05 01:08:45,https://www.bilibili.com/video/BV11Btaz9ERL/?spm_id_from=333.1387.favlist.content.click&vd_source=406d0cf895bedbdc58a3d0130d55e34c,BV11Btaz9ERL,【Lucifer｜张函瑞】四代最强表管翻跳SM神曲，完全移不开视线！TF家族四代公演张函瑞4K精剪直拍,Karmaismycat,3546943494031804,2025-08-10 04:18:11,802120,27156,20934,20461,2254,1749,12066,3,34,False
2026-03-05 02:08:57,https://www.bilibili.com/video/BV11Btaz9ERL/?spm_id_from=333.1387.favlist.content.click&vd_source=406d0cf895bedbdc58a3d0130d55e34c,BV11Btaz9ERL,【Lucifer｜张函瑞】四代最强表管翻跳SM神曲，完全移不开视线！TF家族四代公演张函瑞4K精剪直拍,Karmaismycat,3546943494031804,2025-08-10 04:18:11,802137,27157,20934,20461,2254,1749,12066,1,17,False
2026-03-05 03:09:10,https://www.bilibili.com/video/BV11Btaz9ERL/?spm_id_from=333.1387.favlist.content.click&vd_source=406d0cf895bedbdc58a3d0130d55e34c,BV11Btaz9ERL,【Lucifer｜张函瑞】四代最强表管翻跳SM神曲，完全移不开视线！TF家族四代公演张函瑞4K精剪直拍,Karmaismycat,3546943494031804,2025-08-10 04:18:11,802157,27157,20934,20462,2254,1749,12066,1,20,False
2026-03-05 04:09:23,https://www.bilibili.com/video/BV11Btaz9ERL/?spm_id_from=333.1387.favlist.content.click&vd_source=406d0cf895bedbdc58a3d0130d55e34c,BV11Btaz9ERL,【Lucifer｜张函瑞】四代最强表管翻跳SM神曲，完全移不开视线！TF家族四代公演张函瑞4K精剪直拍,Karmaismycat,3546943494031804,2025-08-10 04:18:11,802167,27157,20934,20462,2254,1749,12066,3,10,False
2026-03-05 05:09:35,https://www.bilibili.com/video/BV11Btaz9ERL/?spm_id_from=333.1387.favlist.content.click&vd_source=406d0cf895bedbdc58a3d0130d55e34c,BV11Btaz9ERL,【Lucifer｜张函瑞】四代最强表管翻跳SM神曲，完全移不开视线！TF家族四代公演张函瑞4K精剪直拍,Karmaismycat,3546943494031804,2025-08-10 04:18:11,802180,27157,20934,20462,2254,1749,12066,1,13,False
2026-03-05 06:09:47,https://www.bilibili.com/video/BV11Btaz9ERL/?spm_id_from=333.1387.favlist.content.click&vd_source=406d0cf895bedbdc58a3d0130d55e34c,BV11Btaz9ERL,【Lucifer｜张函瑞】四代最强表管翻跳SM神曲，完全移不开视线！TF家族四代公演张函瑞4K精剪直拍,Karmaismycat,3546943494031804,2025-08-10 04:18:11,802193,27158,20934,20463,2254,1749,12066,2,13,False
2026-03-05 07:10:00,https://www.bilibili.com/video/BV11Btaz9ERL/?spm_id_from=333.1387.favlist.content.click&vd_source=406d0cf895bedbdc58a3d0130d55e34c,BV11Btaz9ERL,【Lucifer｜张函瑞】四代最强表管翻跳SM神曲，完全移不开视线！TF家族四代公演张函瑞4K精剪直拍,Karmaismycat,3546943494031804,2025-08-10 04:18:11,802207,27158,20934,20463,2254,1749,12066,1,14,False
2026-03-05 08:10:12,https://www.bilibili.com/video/BV11Btaz9ERL/?spm_id_from=333.1387.favlist.content.click&vd_source=406d0cf895bedbdc58a3d0130d55e34c,BV11Btaz9ERL,【Lucifer｜张函瑞】四代最强表管翻跳SM神曲，完全移不开视线！TF家族四代公演张函瑞4K精剪直拍,Karmaismycat,3546943494031804,2025-08-10 04:18:11,802222,27159,20936,20464,2254,1749,12066,4,15,False
2026-03-05 09:10:25,https://www.bilibili.com/video/BV11Btaz9ERL/?spm_id_from=333.1387.favlist.content.click&vd_source=406d0cf895bedbdc58a3d0130d55e34c,BV11Btaz9ERL,【Lucifer｜张函瑞】四代最强表管翻跳SM神曲，完全移不开视线！TF家族四代公演张函瑞4K精剪直拍,Karmaismycat,3546943494031804,2025-08-10 04:18:11,802233,27159,20936,20464,2254,1749,12066,2,11,False
2026-03-05 10:10:37,https://www.bilibili.com/video/BV11Btaz9ERL/?spm_id_from=333.1387.favlist.content.click&vd_source=406d0cf895bedbdc58a3d0130d55e34c,BV11Btaz9ERL,【Lucifer｜张函瑞】四代最强表管翻跳SM神曲，完全移不开视线！TF家族四代公演张函瑞4K精剪直拍,Karmaismycat,3546943494031804,2025-08-10 04:18:11,802252,27159,20936,20464,2254,1749,12066,3,19,False
2026-03-05 11:10:50,https://www.bilibili.com/video/BV11Btaz9ERL/?spm_id_from=333.1387.favlist.content.click&vd_source=406d0cf895bedbdc58a3d0130d55e34c,BV11Btaz9ERL,【Lucifer｜张函瑞】四代最强表管翻跳SM神曲，完全移不开视线！TF家族四代公演张函瑞4K精剪直拍,Karmaismycat,3546943494031804,2025-08-10 04:18:11,802265,27159,20936,20464,2254,1749,12066,4,13,False
2026-03-05 12:11:02,https://www.bilibili.com/video/BV11Btaz9ERL/?spm_id_from=333.1387.favlist.content.click&vd_source=406d0cf895bedbdc58a3d0130d55e34c,BV11Btaz9ERL,【Lucifer｜张函瑞】四代最强表管翻跳SM神曲，完全移不开视线！TF家族四代公演张函瑞4K精剪直拍,Karmaismycat,3546943494031804,2025-08-10 04:18:11,802280,27159,20936,20464,2254,1749,12066,3,15,False
2026-03-05 13:11:14,https://www.bilibili.com/video/BV11Btaz9ERL/?spm_id_from=333.1387.favlist.content.click&vd_source=406d0cf895bedbdc58a3d0130d55e34c,BV11Btaz9ERL,【Lucifer｜张函瑞】四代最强表管翻跳SM神曲，完全移不开视线！TF家族四代公演张函瑞4K精剪直拍,Karmaismycat,3546943494031804,2025-08-10 04:18:11,802311,27159,20936,20465,2254,1749,12066,4,31,False
2026-03-05 14:11:27,https://www.bilibili.com/video/BV11Btaz9ERL/?spm_id_from=333.1387.favlist.content.click&vd_source=406d0cf895bedbdc58a3d0130d55e34c,BV11Btaz9ERL,【Lucifer｜张函瑞】四代最强表管翻跳SM神曲，完全移不开视线！TF家族四代公演张函瑞4K精剪直拍,Karmaismycat,3546943494031804,2025-08-10 04:18:11,802327,27159,20936,20464,2254,1749,12066,2,16,False
2026-03-05 15:11:39,https://www.bilibili.com/video/BV11Btaz9ERL/?spm_id_from=333.1387.favlist.content.click&vd_source=406d0cf895bedbdc58a3d0130d55e34c,BV11Btaz9ERL,【Lucifer｜张函瑞】四代最强表管翻跳SM神曲，完全移不开视线！TF家族四代公演张函瑞4K精剪直拍,Karmaismycat,3546943494031804,2025-08-10 04:18:11,802354,27160,20936,20464,2254,1749,12066,6,27,False
2026-03-05 16:11:52,https://www.bilibili.com/video/BV11Btaz9ERL/?spm_id_from=333.1387.favlist.content.click&vd_source=406d0cf895bedbdc58a3d0130d55e34c,BV11Btaz9ERL,【Lucifer｜张函瑞】四代最强表管翻跳SM神曲，完全移不开视线！TF家族四代公演张函瑞4K精剪直拍,Karmaismycat,3546943494031804,2025-08-10 04:18:11,802381,27163,20936,20464,2254,1749,12066,2,27,False
2026-03-05 17:12:04,https://www.bilibili.com/video/BV11Btaz9ERL/?spm_id_from=333.1387.favlist.content.click&vd_source=406d0cf895bedbdc58a3d0130d55e34c,BV11Btaz9ERL,【Lucifer｜张函瑞】四代最强表管翻跳SM神曲，完全移不开视线！TF家族四代公演张函瑞4K精剪直拍,Karmaismycat,3546943494031804,2025-08-10 04:18:11,802412,27163,20936,20464,2254,1749,12066,3,31,False
2026-03-05 18:12:17,https://www.bilibili.com/video/BV11Btaz9ERL/?spm_id_from=333.1387.favlist.content.click&vd_source=406d0cf895bedbdc58a3d0130d55e34c,BV11Btaz9ERL,【Lucifer｜张函瑞】四代最强表管翻跳SM神曲，完全移不开视线！TF家族四代公演张函瑞4K精剪直拍,Karmaismycat,3546943494031804,2025-08-10 04:18:11,802445,27163,20936,20465,2254,1749,12066,1,33,False
2026-03-05 19:12:29,https://www.bilibili.com/video/BV11Btaz9ERL/?spm_id_from=333.1387.favlist.content.click&vd_source=406d0cf895bedbdc58a3d0130d55e34c,BV11Btaz9ERL,【Lucifer｜张函瑞】四代最强表管翻跳SM神曲，完全移不开视线！TF家族四代公演张函瑞4K精剪直拍,Karmaismycat,3546943494031804,2025-08-10 04:18:11,802468,27165,20936,20466,2254,1749,12066,2,23,False
2026-03-05 20:12:42,https://www.bilibili.com/video/BV11Btaz9ERL/?spm_id_from=333.1387.favlist.content.click&vd_source=406d0cf895bedbdc58a3d0130d55e34c,BV11Btaz9ERL,【Lucifer｜张函瑞】四代最强表管翻跳SM神曲，完全移不开视线！TF家族四代公演张函瑞4K精剪直拍,Karmaismycat,3546943494031804,2025-08-10 04:18:11,802496,27165,20936,20466,2254,1749,12066,1,28,False
2026-03-05 21:12:55,https://www.bilibili.com/video/BV11Btaz9ERL/?spm_id_from=333.1387.favlist.content.click&vd_source=406d0cf895bedbdc58a3d0130d55e34c,BV11Btaz9ERL,【Lucifer｜张函瑞】四代最强表管翻跳SM神曲，完全移不开视线！TF家族四代公演张函瑞4K精剪直拍,Karmaismycat,3546943494031804,2025-08-10 04:18:11,802538,27166,20936,20466,2254,1749,12066,2,42,False
2026-03-05 22:13:08,https://www.bilibili.com/video/BV11Btaz9ERL/?spm_id_from=333.1387.favlist.content.click&vd_source=406d0cf895bedbdc58a3d0130d55e34c,BV11Btaz9ERL,【Lucifer｜张函瑞】四代最强表管翻跳SM神曲，完全移不开视线！TF家族四代公演张函瑞4K精剪直拍,Karmaismycat,3546943494031804,2025-08-10 04:18:11,802573,27166,20938,20465,2254,1749,12066,4,35,False
2026-03-05 23:13:20,https://www.bilibili.com/video/BV11Btaz9ERL/?spm_id_from=333.1387.favlist.content.click&vd_source=406d0cf895bedbdc58a3d0130d55e34c,BV11Btaz9ERL,【Lucifer｜张函瑞】四代最强表管翻跳SM神曲，完全移不开视线！TF家族四代公演张函瑞4K精剪直拍,Karmaismycat,3546943494031804,2025-08-10 04:18:11,802615,27169,20938,20466,2254,1749,12066,2,42,False
2026-03-05 00:08:32,https://www.bilibili.com/video/BV1234y1Z7CX/?spm_id_from=333.1387.favlist.content.click&vd_source=406d0cf895bedbdc58a3d0130d55e34c,BV1234y1Z7CX,【TF 家族练习生】 「2023新年音乐会——瞬间」《光亮》纯享版,TF家族,3670216,2023-01-26 15:10:23,1578544,69792,35582,43369,38115,6562,15462,3,0,False
2026-03-05 01:08:45,https://www.bilibili.com/video/BV1234y1Z7CX/?spm_id_from=333.1387.favlist.content.click&vd_source=406d0cf895bedbdc58a3d0130d55e34c,BV1234y1Z7CX,【TF 家族练习生】 「2023新年音乐会——瞬间」《光亮》纯享版,TF家族,3670216,2023-01-26 15:10:23,1578595,69801,35590,43374,38115,6562,15463,6,51,False
2026-03-05 02:08:57,https://www.bilibili.com/video/BV1234y1Z7CX/?spm_id_from=333.1387.favlist.content.click&vd_source=406d0cf895bedbdc58a3d0130d55e34c,BV1234y1Z7CX,【TF 家族练习生】 「2023新年音乐会——瞬间」《光亮》纯享版,TF家族,3670216,2023-01-26 15:10:23,1578627,69804,35590,43376,38115,6562,15463,3,32,False
2026-03-05 03:09:10,https://www.bilibili.com/video/BV1234y1Z7CX/?spm_id_from=333.1387.favlist.content.click&vd_source=406d0cf895bedbdc58a3d0130d55e34c,BV1234y1Z7CX,【TF 家族练习生】 「2023新年音乐会——瞬间」《光亮》纯享版,TF家族,3670216,2023-01-26 15:10:23,1578652,69806,35590,43378,38115,6563,15464,5,25,False
2026-03-05 04:09:23,https://www.bilibili.com/video/BV1234y1Z7CX/?spm_id_from=333.1387.favlist.content.click&vd_source=406d0cf895bedbdc58a3d0130d55e34c,BV1234y1Z7CX,【TF 家族练习生】 「2023新年音乐会——瞬间」《光亮》纯享版,TF家族,3670216,2023-01-26 15:10:23,1578665,69806,35590,43378,38115,6563,15464,2,13,False
2026-03-05 05:09:35,https://www.bilibili.com/video/BV1234y1Z7CX/?spm_id_from=333.1387.favlist.content.click&vd_source=406d0cf895bedbdc58a3d0130d55e34c,BV1234y1Z7CX,【TF 家族练习生】 「2023新年音乐会——瞬间」《光亮》纯享版,TF家族,3670216,2023-01-26 15:10:23,1578676,69806,35590,43378,38115,6563,15464,5,11,False
2026-03-05 06:09:47,https://www.bilibili.com/video/BV1234y1Z7CX/?spm_id_from=333.1387.favlist.content.click&vd_source=406d0cf895bedbdc58a3d0130d55e34c,BV1234y1Z7CX,【TF 家族练习生】 「2023新年音乐会——瞬间」《光亮》纯享版,TF家族,3670216,2023-01-26 15:10:23,1578694,69806,35590,43377,38115,6563,15464,2,18,False
2026-03-05 07:10:00,https://www.bilibili.com/video/BV1234y1Z7CX/?spm_id_from=333.1387.favlist.content.click&vd_source=406d0cf895bedbdc58a3d0130d55e34c,BV1234y1Z7CX,【TF 家族练习生】 「2023新年音乐会——瞬间」《光亮》纯享版,TF家族,3670216,2023-01-26 15:10:23,1578709,69806,35590,43377,38115,6563,15464,4,15,False
2026-03-05 08:10:12,https://www.bilibili.com/video/BV1234y1Z7CX/?spm_id_from=333.1387.favlist.content.click&vd_source=406d0cf895bedbdc58a3d0130d55e34c,BV1234y1Z7CX,【TF 家族练习生】 「2023新年音乐会——瞬间」《光亮》纯享版,TF家族,3670216,2023-01-26 15:10:23,1578728,69806,35590,43377,38116,6563,15464,2,19,False
2026-03-05 09:10:25,https://www.bilibili.com/video/BV1234y1Z7CX/?spm_id_from=333.1387.favlist.content.click&vd_source=406d0cf895bedbdc58a3d0130d55e34c,BV1234y1Z7CX,【TF 家族练习生】 「2023新年音乐会——瞬间」《光亮》纯享版,TF家族,3670216,2023-01-26 15:10:23,1578740,69806,35590,43377,38116,6563,15464,3,12,False
2026-03-05 10:10:37,https://www.bilibili.com/video/BV1234y1Z7CX/?spm_id_from=333.1387.favlist.content.click&vd_source=406d0cf895bedbdc58a3d0130d55e34c,BV1234y1Z7CX,【TF 家族练习生】 「2023新年音乐会——瞬间」《光亮》纯享版,TF家族,3670216,2023-01-26 15:10:23,1578756,69806,35590,43378,38116,6563,15464,2,16,False
2026-03-05 11:10:50,https://www.bilibili.com/video/BV1234y1Z7CX/?spm_id_from=333.1387.favlist.content.click&vd_source=406d0cf895bedbdc58a3d0130d55e34c,BV1234y1Z7CX,【TF 家族练习生】 「2023新年音乐会——瞬间」《光亮》纯享版,TF家族,3670216,2023-01-26 15:10:23,1578778,69806,35592,43378,38116,6563,15464,1,22,False
2026-03-05 12:11:02,https://www.bilibili.com/video/BV1234y1Z7CX/?spm_id_from=333.1387.favlist.content.click&vd_source=406d0cf895bedbdc58a3d0130d55e34c,BV1234y1Z7CX,【TF 家族练习生】 「2023新年音乐会——瞬间」《光亮》纯享版,TF家族,3670216,2023-01-26 15:10:23,1578795,69807,35592,43378,38116,6563,15464,4,17,False
2026-03-05 13:11:14,https://www.bilibili.com/video/BV1234y1Z7CX/?spm_id_from=333.1387.favlist.content.click&vd_source=406d0cf895bedbdc58a3d0130d55e34c,BV1234y1Z7CX,【TF 家族练习生】 「2023新年音乐会——瞬间」《光亮》纯享版,TF家族,3670216,2023-01-26 15:10:23,1578840,69807,35592,43379,38116,6563,15464,7,45,False
2026-03-05 14:11:27,https://www.bilibili.com/video/BV1234y1Z7CX/?spm_id_from=333.1387.favlist.content.click&vd_source=406d0cf895bedbdc58a3d0130d55e34c,BV1234y1Z7CX,【TF 家族练习生】 「2023新年音乐会——瞬间」《光亮》纯享版,TF家族,3670216,2023-01-26 15:10:23,1578868,69807,35593,43378,38116,6563,15464,2,28,False
2026-03-05 15:11:39,https://www.bilibili.com/video/BV1234y1Z7CX/?spm_id_from=333.1387.favlist.content.click&vd_source=406d0cf895bedbdc58a3d0130d55e34c,BV1234y1Z7CX,【TF 家族练习生】 「2023新年音乐会——瞬间」《光亮》纯享版,TF家族,3670216,2023-01-26 15:10:23,1578894,69812,35599,43381,38116,6564,15464,2,26,False
2026-03-05 16:11:52,https://www.bilibili.com/video/BV1234y1Z7CX/?spm_id_from=333.1387.favlist.content.click&vd_source=406d0cf895bedbdc58a3d0130d55e34c,BV1234y1Z7CX,【TF 家族练习生】 「2023新年音乐会——瞬间」《光亮》纯享版,TF家族,3670216,2023-01-26 15:10:23,1578931,69812,35599,43382,38116,6564,15464,3,37,False
2026-03-05 17:12:04,https://www.bilibili.com/video/BV1234y1Z7CX/?spm_id_from=333.1387.favlist.content.click&vd_source=406d0cf895bedbdc58a3d0130d55e34c,BV1234y1Z7CX,【TF 家族练习生】 「2023新年音乐会——瞬间」《光亮》纯享版,TF家族,3670216,2023-01-26 15:10:23,1578963,69812,35599,43383,38118,6564,15464,3,32,False
2026-03-05 18:12:17,https://www.bilibili.com/video/BV1234y1Z7CX/?spm_id_from=333.1387.favlist.content.click&vd_source=406d0cf895bedbdc58a3d0130d55e34c,BV1234y1Z7CX,【TF 家族练习生】 「2023新年音乐会——瞬间」《光亮》纯享版,TF家族,3670216,2023-01-26 15:10:23,1578997,69812,35599,43385,38118,6564,15465,6,34,False
2026-03-05 19:12:29,https://www.bilibili.com/video/BV1234y1Z7CX/?spm_id_from=333.1387.favlist.content.click&vd_source=406d0cf895bedbdc58a3d0130d55e34c,BV1234y1Z7CX,【TF 家族练习生】 「2023新年音乐会——瞬间」《光亮》纯享版,TF家族,3670216,2023-01-26 15:10:23,1579048,69817,35599,43388,38118,6564,15466,6,51,False
2026-03-05 20:12:42,https://www.bilibili.com/video/BV1234y1Z7CX/?spm_id_from=333.1387.favlist.content.click&vd_source=406d0cf895bedbdc58a3d0130d55e34c,BV1234y1Z7CX,【TF 家族练习生】 「2023新年音乐会——瞬间」《光亮》纯享版,TF家族,3670216,2023-01-26 15:10:23,1579107,69821,35599,43391,38118,6564,15466,3,59,False
2026-03-05 21:12:55,https://www.bilibili.com/video/BV1234y1Z7CX/?spm_id_from=333.1387.favlist.content.click&vd_source=406d0cf895bedbdc58a3d0130d55e34c,BV1234y1Z7CX,【TF 家族练习生】 「2023新年音乐会——瞬间」《光亮》纯享版,TF家族,3670216,2023-01-26 15:10:23,1579173,69821,35599,43391,38118,6564,15466,2,66,False
2026-03-05 22:13:08,https://www.bilibili.com/video/BV1234y1Z7CX/?spm_id_from=333.1387.favlist.content.click&vd_source=406d0cf895bedbdc58a3d0130d55e34c,BV1234y1Z7CX,【TF 家族练习生】 「2023新年音乐会——瞬间」《光亮》纯享版,TF家族,3670216,2023-01-26 15:10:23,1579258,69827,35601,43394,38118,6564,15467,6,85,False
2026-03-05 23:13:20,https://www.bilibili.com/video/BV1234y1Z7CX/?spm_id_from=333.1387.favlist.content.click&vd_source=406d0cf895bedbdc58a3d0130d55e34c,BV1234y1Z7CX,【TF 家族练习生】 「2023新年音乐会——瞬间」《光亮》纯享版,TF家族,3670216,2023-01-26 15:10:23,1579318,69830,35601,43396,38118,6565,15468,3,60,False
2026-03-05 00:08:32,https://www.bilibili.com/video/BV1fV62BhE6c/?spm_id_from=333.1387.favlist.content.click&vd_source=406d0cf895bedbdc58a3d0130d55e34c,BV1fV62BhE6c,空翻！少侠好身手！张桂源《竹林深处》直拍,序言丨张桂源,703106231,2026-01-31 16:56:24,819860,17278,13021,15538,2013,2154,8693,5,0,False
2026-03-05 01:08:45,https://www.bilibili.com/video/BV1fV62BhE6c/?spm_id_from=333.1387.favlist.content.click&vd_source=406d0cf895bedbdc58a3d0130d55e34c,BV1fV62BhE6c,空翻！少侠好身手！张桂源《竹林深处》直拍,序言丨张桂源,703106231,2026-01-31 16:56:24,819867,17278,13021,15538,2013,2154,8693,2,7,False
2026-03-05 02:08:57,https://www.bilibili.com/video/BV1fV62BhE6c/?spm_id_from=333.1387.favlist.content.click&vd_source=406d0cf895bedbdc58a3d0130d55e34c,BV1fV62BhE6c,空翻！少侠好身手！张桂源《竹林深处》直拍,序言丨张桂源,703106231,2026-01-31 16:56:24,819880,17279,13021,15538,2013,2154,8693,8,13,False
2026-03-05 03:09:10,https://www.bilibili.com/video/BV1fV62BhE6c/?spm_id_from=333.1387.favlist.content.click&vd_source=406d0cf895bedbdc58a3d0130d55e34c,BV1fV62BhE6c,空翻！少侠好身手！张桂源《竹林深处》直拍,序言丨张桂源,703106231,2026-01-31 16:56:24,819886,17279,13021,15538,2013,2154,8693,3,6,False
2026-03-05 04:09:23,https://www.bilibili.com/video/BV1fV62BhE6c/?spm_id_from=333.1387.favlist.content.click&vd_source=406d0cf895bedbdc58a3d0130d55e34c,BV1fV62BhE6c,空翻！少侠好身手！张桂源《竹林深处》直拍,序言丨张桂源,703106231,2026-01-31 16:56:24,819893,17279,13021,15538,2013,2154,8693,2,7,False
2026-03-05 05:09:35,https://www.bilibili.com/video/BV1fV62BhE6c/?spm_id_from=333.1387.favlist.content.click&vd_source=406d0cf895bedbdc58a3d0130d55e34c,BV1fV62BhE6c,空翻！少侠好身手！张桂源《竹林深处》直拍,序言丨张桂源,703106231,2026-01-31 16:56:24,819894,17279,13021,15538,2013,2154,8693,4,1,False
2026-03-05 06:09:47,https://www.bilibili.com/video/BV1fV62BhE6c/?spm_id_from=333.1387.favlist.content.click&vd_source=406d0cf895bedbdc58a3d0130d55e34c,BV1fV62BhE6c,空翻！少侠好身手！张桂源《竹林深处》直拍,序言丨张桂源,703106231,2026-01-31 16:56:24,819901,17279,13021,15538,2013,2154,8693,3,7,False
2026-03-05 07:10:00,https://www.bilibili.com/video/BV1fV62BhE6c/?spm_id_from=333.1387.favlist.content.click&vd_source=406d0cf895bedbdc58a3d0130d55e34c,BV1fV62BhE6c,空翻！少侠好身手！张桂源《竹林深处》直拍,序言丨张桂源,703106231,2026-01-31 16:56:24,819903,17279,13021,15538,2013,2154,8693,6,2,False
2026-03-05 08:10:12,https://www.bilibili.com/video/BV1fV62BhE6c/?spm_id_from=333.1387.favlist.content.click&vd_source=406d0cf895bedbdc58a3d0130d55e34c,BV1fV62BhE6c,空翻！少侠好身手！张桂源《竹林深处》直拍,序言丨张桂源,703106231,2026-01-31 16:56:24,819906,17279,13021,15538,2013,2154,8693,6,3,False
2026-03-05 09:10:25,https://www.bilibili.com/video/BV1fV62BhE6c/?spm_id_from=333.1387.favlist.content.click&vd_source=406d0cf895bedbdc58a3d0130d55e34c,BV1fV62BhE6c,空翻！少侠好身手！张桂源《竹林深处》直拍,序言丨张桂源,703106231,2026-01-31 16:56:24,819910,17279,13021,15538,2013,2154,8693,2,4,False
2026-03-05 10:10:37,https://www.bilibili.com/video/BV1fV62BhE6c/?spm_id_from=333.1387.favlist.content.click&vd_source=406d0cf895bedbdc58a3d0130d55e34c,BV1fV62BhE6c,空翻！少侠好身手！张桂源《竹林深处》直拍,序言丨张桂源,703106231,2026-01-31 16:56:24,819912,17279,13021,15538,2013,2154,8693,3,2,False
2026-03-05 11:10:50,https://www.bilibili.com/video/BV1fV62BhE6c/?spm_id_from=333.1387.favlist.content.click&vd_source=406d0cf895bedbdc58a3d0130d55e34c,BV1fV62BhE6c,空翻！少侠好身手！张桂源《竹林深处》直拍,序言丨张桂源,703106231,2026-01-31 16:56:24,819916,17279,13021,15538,2013,2154,8693,5,4,False
2026-03-05 12:11:02,https://www.bilibili.com/video/BV1fV62BhE6c/?spm_id_from=333.1387.favlist.content.click&vd_source=406d0cf895bedbdc58a3d0130d55e34c,BV1fV62BhE6c,空翻！少侠好身手！张桂源《竹林深处》直拍,序言丨张桂源,703106231,2026-01-31 16:56:24,819927,17279,13021,15538,2013,2154,8693,2,11,False
2026-03-05 13:11:14,https://www.bilibili.com/video/BV1fV62BhE6c/?spm_id_from=333.1387.favlist.content.click&vd_source=406d0cf895bedbdc58a3d0130d55e34c,BV1fV62BhE6c,空翻！少侠好身手！张桂源《竹林深处》直拍,序言丨张桂源,703106231,2026-01-31 16:56:24,819946,17280,13021,15539,2013,2154,8693,2,19,False
2026-03-05 14:11:27,https://www.bilibili.com/video/BV1fV62BhE6c/?spm_id_from=333.1387.favlist.content.click&vd_source=406d0cf895bedbdc58a3d0130d55e34c,BV1fV62BhE6c,空翻！少侠好身手！张桂源《竹林深处》直拍,序言丨张桂源,703106231,2026-01-31 16:56:24,819954,17280,13021,15539,2013,2154,8693,4,8,False
2026-03-05 15:11:39,https://www.bilibili.com/video/BV1fV62BhE6c/?spm_id_from=333.1387.favlist.content.click&vd_source=406d0cf895bedbdc58a3d0130d55e34c,BV1fV62BhE6c,空翻！少侠好身手！张桂源《竹林深处》直拍,序言丨张桂源,703106231,2026-01-31 16:56:24,819966,17280,13021,15539,2013,2154,8693,6,12,False
2026-03-05 16:11:52,https://www.bilibili.com/video/BV1fV62BhE6c/?spm_id_from=333.1387.favlist.content.click&vd_source=406d0cf895bedbdc58a3d0130d55e34c,BV1fV62BhE6c,空翻！少侠好身手！张桂源《竹林深处》直拍,序言丨张桂源,703106231,2026-01-31 16:56:24,819975,17280,13021,15539,2013,2154,8693,3,9,False
2026-03-05 17:12:04,https://www.bilibili.com/video/BV1fV62BhE6c/?spm_id_from=333.1387.favlist.content.click&vd_source=406d0cf895bedbdc58a3d0130d55e34c,BV1fV62BhE6c,空翻！少侠好身手！张桂源《竹林深处》直拍,序言丨张桂源,703106231,2026-01-31 16:56:24,819991,17280,13021,15539,2013,2154,8693,6,16,False
2026-03-05 18:12:17,https://www.bilibili.com/video/BV1fV62BhE6c/?spm_id_from=333.1387.favlist.content.click&vd_source=406d0cf895bedbdc58a3d0130d55e34c,BV1fV62BhE6c,空翻！少侠好身手！张桂源《竹林深处》直拍,序言丨张桂源,703106231,2026-01-31 16:56:24,820015,17281,13023,15540,2013,2154,8693,4,24,False
2026-03-05 19:12:29,https://www.bilibili.com/video/BV1fV62BhE6c/?spm_id_from=333.1387.favlist.content.click&vd_source=406d0cf895bedbdc58a3d0130d55e34c,BV1fV62BhE6c,空翻！少侠好身手！张桂源《竹林深处》直拍,序言丨张桂源,703106231,2026-01-31 16:56:24,820038,17281,13023,15541,2014,2154,8693,2,23,False
2026-03-05 20:12:42,https://www.bilibili.com/video/BV1fV62BhE6c/?spm_id_from=333.1387.favlist.content.click&vd_source=406d0cf895bedbdc58a3d0130d55e34c,BV1fV62BhE6c,空翻！少侠好身手！张桂源《竹林深处》直拍,序言丨张桂源,703106231,2026-01-31 16:56:24,820066,17285,13023,15544,2014,2154,8693,4,28,False
2026-03-05 21:12:55,https://www.bilibili.com/video/BV1fV62BhE6c/?spm_id_from=333.1387.favlist.content.click&vd_source=406d0cf895bedbdc58a3d0130d55e34c,BV1fV62BhE6c,空翻！少侠好身手！张桂源《竹林深处》直拍,序言丨张桂源,703106231,2026-01-31 16:56:24,820087,17285,13023,15544,2014,2154,8693,5,21,False
2026-03-05 22:13:08,https://www.bilibili.com/video/BV1fV62BhE6c/?spm_id_from=333.1387.favlist.content.click&vd_source=406d0cf895bedbdc58a3d0130d55e34c,BV1fV62BhE6c,空翻！少侠好身手！张桂源《竹林深处》直拍,序言丨张桂源,703106231,2026-01-31 16:56:24,820115,17285,13023,15544,2015,2154,8693,5,28,False
2026-03-05 23:13:20,https://www.bilibili.com/video/BV1fV62BhE6c/?spm_id_from=333.1387.favlist.content.click&vd_source=406d0cf895bedbdc58a3d0130d55e34c,BV1fV62BhE6c,空翻！少侠好身手！张桂源《竹林深处》直拍,序言丨张桂源,703106231,2026-01-31 16:56:24,820138,17286,13023,15544,2016,2154,8693,3,23,False
2026-03-05 00:08:32,https://www.bilibili.com/video/BV1bNtbzSE8X/?spm_id_from=333.1387.favlist.content.click&vd_source=406d0cf895bedbdc58a3d0130d55e34c,BV1bNtbzSE8X,你没见过的Deja Vu直拍丨舞台魅力大爆发丨张桂源,序言丨张桂源,703106231,2025-08-09 18:36:44,991238,19247,12083,19989,1513,2235,10215,2,0,False
2026-03-05 01:08:45,https://www.bilibili.com/video/BV1bNtbzSE8X/?spm_id_from=333.1387.favlist.content.click&vd_source=406d0cf895bedbdc58a3d0130d55e34c,BV1bNtbzSE8X,你没见过的Deja Vu直拍丨舞台魅力大爆发丨张桂源,序言丨张桂源,703106231,2025-08-09 18:36:44,991265,19247,12083,19989,1513,2235,10216,3,27,False
2026-03-05 02:08:57,https://www.bilibili.com/video/BV1bNtbzSE8X/?spm_id_from=333.1387.favlist.content.click&vd_source=406d0cf895bedbdc58a3d0130d55e34c,BV1bNtbzSE8X,你没见过的Deja Vu直拍丨舞台魅力大爆发丨张桂源,序言丨张桂源,703106231,2025-08-09 18:36:44,991282,19248,12083,19991,1513,2235,10216,1,17,False
2026-03-05 03:09:10,https://www.bilibili.com/video/BV1bNtbzSE8X/?spm_id_from=333.1387.favlist.content.click&vd_source=406d0cf895bedbdc58a3d0130d55e34c,BV1bNtbzSE8X,你没见过的Deja Vu直拍丨舞台魅力大爆发丨张桂源,序言丨张桂源,703106231,2025-08-09 18:36:44,991285,19249,12083,19991,1513,2235,10216,3,3,False
2026-03-05 04:09:23,https://www.bilibili.com/video/BV1bNtbzSE8X/?spm_id_from=333.1387.favlist.content.click&vd_source=406d0cf895bedbdc58a3d0130d55e34c,BV1bNtbzSE8X,你没见过的Deja Vu直拍丨舞台魅力大爆发丨张桂源,序言丨张桂源,703106231,2025-08-09 18:36:44,991288,19249,12083,19991,1513,2235,10216,5,3,False
2026-03-05 05:09:35,https://www.bilibili.com/video/BV1bNtbzSE8X/?spm_id_from=333.1387.favlist.content.click&vd_source=406d0cf895bedbdc58a3d0130d55e34c,BV1bNtbzSE8X,你没见过的Deja Vu直拍丨舞台魅力大爆发丨张桂源,序言丨张桂源,703106231,2025-08-09 18:36:44,991293,19249,12083,19991,1513,2235,10216,1,5,False
2026-03-05 06:09:47,https://www.bilibili.com/video/BV1bNtbzSE8X/?spm_id_from=333.1387.favlist.content.click&vd_source=406d0cf895bedbdc58a3d0130d55e34c,BV1bNtbzSE8X,你没见过的Deja Vu直拍丨舞台魅力大爆发丨张桂源,序言丨张桂源,703106231,2025-08-09 18:36:44,991296,19249,12083,19991,1513,2235,10216,1,3,False
2026-03-05 07:10:00,https://www.bilibili.com/video/BV1bNtbzSE8X/?spm_id_from=333.1387.favlist.content.click&vd_source=406d0cf895bedbdc58a3d0130d55e34c,BV1bNtbzSE8X,你没见过的Deja Vu直拍丨舞台魅力大爆发丨张桂源,序言丨张桂源,703106231,2025-08-09 18:36:44,991303,19249,12083,19991,1513,2235,10216,5,7,False
2026-03-05 08:10:12,https://www.bilibili.com/video/BV1bNtbzSE8X/?spm_id_from=333.1387.favlist.content.click&vd_source=406d0cf895bedbdc58a3d0130d55e34c,BV1bNtbzSE8X,你没见过的Deja Vu直拍丨舞台魅力大爆发丨张桂源,序言丨张桂源,703106231,2025-08-09 18:36:44,991307,19249,12083,19991,1513,2235,10216,1,4,False
2026-03-05 09:10:25,https://www.bilibili.com/video/BV1bNtbzSE8X/?spm_id_from=333.1387.favlist.content.click&vd_source=406d0cf895bedbdc58a3d0130d55e34c,BV1bNtbzSE8X,你没见过的Deja Vu直拍丨舞台魅力大爆发丨张桂源,序言丨张桂源,703106231,2025-08-09 18:36:44,991312,19249,12083,19991,1513,2236,10216,3,5,False
2026-03-05 10:10:37,https://www.bilibili.com/video/BV1bNtbzSE8X/?spm_id_from=333.1387.favlist.content.click&vd_source=406d0cf895bedbdc58a3d0130d55e34c,BV1bNtbzSE8X,你没见过的Deja Vu直拍丨舞台魅力大爆发丨张桂源,序言丨张桂源,703106231,2025-08-09 18:36:44,991319,19249,12083,19991,1513,2236,10216,4,7,False
2026-03-05 11:10:50,https://www.bilibili.com/video/BV1bNtbzSE8X/?spm_id_from=333.1387.favlist.content.click&vd_source=406d0cf895bedbdc58a3d0130d55e34c,BV1bNtbzSE8X,你没见过的Deja Vu直拍丨舞台魅力大爆发丨张桂源,序言丨张桂源,703106231,2025-08-09 18:36:44,991327,19249,12085,19991,1513,2236,10216,2,8,False
2026-03-05 12:11:02,https://www.bilibili.com/video/BV1bNtbzSE8X/?spm_id_from=333.1387.favlist.content.click&vd_source=406d0cf895bedbdc58a3d0130d55e34c,BV1bNtbzSE8X,你没见过的Deja Vu直拍丨舞台魅力大爆发丨张桂源,序言丨张桂源,703106231,2025-08-09 18:36:44,991336,19253,12085,19992,1513,2237,10218,3,9,False
2026-03-05 13:11:14,https://www.bilibili.com/video/BV1bNtbzSE8X/?spm_id_from=333.1387.favlist.content.click&vd_source=406d0cf895bedbdc58a3d0130d55e34c,BV1bNtbzSE8X,你没见过的Deja Vu直拍丨舞台魅力大爆发丨张桂源,序言丨张桂源,703106231,2025-08-09 18:36:44,991352,19254,12085,19992,1513,2237,10218,2,16,False
2026-03-05 14:11:27,https://www.bilibili.com/video/BV1bNtbzSE8X/?spm_id_from=333.1387.favlist.content.click&vd_source=406d0cf895bedbdc58a3d0130d55e34c,BV1bNtbzSE8X,你没见过的Deja Vu直拍丨舞台魅力大爆发丨张桂源,序言丨张桂源,703106231,2025-08-09 18:36:44,991369,19254,12085,19993,1513,2237,10218,3,17,False
2026-03-05 15:11:39,https://www.bilibili.com/video/BV1bNtbzSE8X/?spm_id_from=333.1387.favlist.content.click&vd_source=406d0cf895bedbdc58a3d0130d55e34c,BV1bNtbzSE8X,你没见过的Deja Vu直拍丨舞台魅力大爆发丨张桂源,序言丨张桂源,703106231,2025-08-09 18:36:44,991391,19255,12085,19993,1513,2237,10218,4,22,False
2026-03-05 16:11:52,https://www.bilibili.com/video/BV1bNtbzSE8X/?spm_id_from=333.1387.favlist.content.click&vd_source=406d0cf895bedbdc58a3d0130d55e34c,BV1bNtbzSE8X,你没见过的Deja Vu直拍丨舞台魅力大爆发丨张桂源,序言丨张桂源,703106231,2025-08-09 18:36:44,991408,19255,12087,19993,1513,2237,10218,3,17,False
2026-03-05 17:12:04,https://www.bilibili.com/video/BV1bNtbzSE8X/?spm_id_from=333.1387.favlist.content.click&vd_source=406d0cf895bedbdc58a3d0130d55e34c,BV1bNtbzSE8X,你没见过的Deja Vu直拍丨舞台魅力大爆发丨张桂源,序言丨张桂源,703106231,2025-08-09 18:36:44,991427,19256,12091,19994,1513,2237,10218,2,19,False
2026-03-05 18:12:17,https://www.bilibili.com/video/BV1bNtbzSE8X/?spm_id_from=333.1387.favlist.content.click&vd_source=406d0cf895bedbdc58a3d0130d55e34c,BV1bNtbzSE8X,你没见过的Deja Vu直拍丨舞台魅力大爆发丨张桂源,序言丨张桂源,703106231,2025-08-09 18:36:44,991445,19258,12095,19996,1513,2237,10219,3,18,False
2026-03-05 19:12:29,https://www.bilibili.com/video/BV1bNtbzSE8X/?spm_id_from=333.1387.favlist.content.click&vd_source=406d0cf895bedbdc58a3d0130d55e34c,BV1bNtbzSE8X,你没见过的Deja Vu直拍丨舞台魅力大爆发丨张桂源,序言丨张桂源,703106231,2025-08-09 18:36:44,991463,19261,12097,19999,1513,2237,10219,2,18,False
2026-03-05 20:12:42,https://www.bilibili.com/video/BV1bNtbzSE8X/?spm_id_from=333.1387.favlist.content.click&vd_source=406d0cf895bedbdc58a3d0130d55e34c,BV1bNtbzSE8X,你没见过的Deja Vu直拍丨舞台魅力大爆发丨张桂源,序言丨张桂源,703106231,2025-08-09 18:36:44,991481,19262,12099,20000,1513,2237,10219,4,18,False
2026-03-05 21:12:55,https://www.bilibili.com/video/BV1bNtbzSE8X/?spm_id_from=333.1387.favlist.content.click&vd_source=406d0cf895bedbdc58a3d0130d55e34c,BV1bNtbzSE8X,你没见过的Deja Vu直拍丨舞台魅力大爆发丨张桂源,序言丨张桂源,703106231,2025-08-09 18:36:44,991504,19264,12099,20001,1513,2237,10219,3,23,False
2026-03-05 22:13:08,https://www.bilibili.com/video/BV1bNtbzSE8X/?spm_id_from=333.1387.favlist.content.click&vd_source=406d0cf895bedbdc58a3d0130d55e34c,BV1bNtbzSE8X,你没见过的Deja Vu直拍丨舞台魅力大爆发丨张桂源,序言丨张桂源,703106231,2025-08-09 18:36:44,991529,19266,12101,20002,1513,2237,10219,2,25,False
2026-03-05 23:13:20,https://www.bilibili.com/video/BV1bNtbzSE8X/?spm_id_from=333.1387.favlist.content.click&vd_source=406d0cf895bedbdc58a3d0130d55e34c,BV1bNtbzSE8X,你没见过的Deja Vu直拍丨舞台魅力大爆发丨张桂源,序言丨张桂源,703106231,2025-08-09 18:36:44,991573,19266,12101,20002,1514,2237,10219,1,44,False
2026-03-05 00:08:32,https://www.bilibili.com/video/BV1qiBkBGEoj/?spm_id_from=333.1387.favlist.content.click&vd_source=406d0cf895bedbdc58a3d0130d55e34c,BV1qiBkBGEoj,【张桂源】On 4k四机位横屏直拍 / TF家族新年音乐会「荣耀」,WISH0511_张桂源,494070671,2025-12-27 16:42:34,908842,13186,9324,11294,1026,1066,3183,5,0,False
2026-03-05 01:08:45,https://www.bilibili.com/video/BV1qiBkBGEoj/?spm_id_from=333.1387.favlist.content.click&vd_source=406d0cf895bedbdc58a3d0130d55e34c,BV1qiBkBGEoj,【张桂源】On 4k四机位横屏直拍 / TF家族新年音乐会「荣耀」,WISH0511_张桂源,494070671,2025-12-27 16:42:34,908861,13186,9324,11295,1026,1066,3183,2,19,False
2026-03-05 02:08:57,https://www.bilibili.com/video/BV1qiBkBGEoj/?spm_id_from=333.1387.favlist.content.click&vd_source=406d0cf895bedbdc58a3d0130d55e34c,BV1qiBkBGEoj,【张桂源】On 4k四机位横屏直拍 / TF家族新年音乐会「荣耀」,WISH0511_张桂源,494070671,2025-12-27 16:42:34,908865,13186,9324,11295,1026,1066,3183,3,4,False
2026-03-05 03:09:10,https://www.bilibili.com/video/BV1qiBkBGEoj/?spm_id_from=333.1387.favlist.content.click&vd_source=406d0cf895bedbdc58a3d0130d55e34c,BV1qiBkBGEoj,【张桂源】On 4k四机位横屏直拍 / TF家族新年音乐会「荣耀」,WISH0511_张桂源,494070671,2025-12-27 16:42:34,908871,13186,9324,11295,1026,1066,3183,3,6,False
2026-03-05 04:09:23,https://www.bilibili.com/video/BV1qiBkBGEoj/?spm_id_from=333.1387.favlist.content.click&vd_source=406d0cf895bedbdc58a3d0130d55e34c,BV1qiBkBGEoj,【张桂源】On 4k四机位横屏直拍 / TF家族新年音乐会「荣耀」,WISH0511_张桂源,494070671,2025-12-27 16:42:34,908873,13186,9324,11295,1026,1066,3183,1,2,False
2026-03-05 05:09:35,https://www.bilibili.com/video/BV1qiBkBGEoj/?spm_id_from=333.1387.favlist.content.click&vd_source=406d0cf895bedbdc58a3d0130d55e34c,BV1qiBkBGEoj,【张桂源】On 4k四机位横屏直拍 / TF家族新年音乐会「荣耀」,WISH0511_张桂源,494070671,2025-12-27 16:42:34,908876,13186,9324,11295,1026,1066,3183,2,3,False
2026-03-05 06:09:47,https://www.bilibili.com/video/BV1qiBkBGEoj/?spm_id_from=333.1387.favlist.content.click&vd_source=406d0cf895bedbdc58a3d0130d55e34c,BV1qiBkBGEoj,【张桂源】On 4k四机位横屏直拍 / TF家族新年音乐会「荣耀」,WISH0511_张桂源,494070671,2025-12-27 16:42:34,908876,13186,9324,11295,1026,1066,3183,5,0,False
2026-03-05 07:10:00,https://www.bilibili.com/video/BV1qiBkBGEoj/?spm_id_from=333.1387.favlist.content.click&vd_source=406d0cf895bedbdc58a3d0130d55e34c,BV1qiBkBGEoj,【张桂源】On 4k四机位横屏直拍 / TF家族新年音乐会「荣耀」,WISH0511_张桂源,494070671,2025-12-27 16:42:34,908883,13186,9324,11295,1026,1066,3183,2,7,False
2026-03-05 08:10:12,https://www.bilibili.com/video/BV1qiBkBGEoj/?spm_id_from=333.1387.favlist.content.click&vd_source=406d0cf895bedbdc58a3d0130d55e34c,BV1qiBkBGEoj,【张桂源】On 4k四机位横屏直拍 / TF家族新年音乐会「荣耀」,WISH0511_张桂源,494070671,2025-12-27 16:42:34,908889,13186,9324,11295,1026,1066,3183,3,6,False
2026-03-05 09:10:25,https://www.bilibili.com/video/BV1qiBkBGEoj/?spm_id_from=333.1387.favlist.content.click&vd_source=406d0cf895bedbdc58a3d0130d55e34c,BV1qiBkBGEoj,【张桂源】On 4k四机位横屏直拍 / TF家族新年音乐会「荣耀」,WISH0511_张桂源,494070671,2025-12-27 16:42:34,908894,13187,9324,11296,1028,1066,3183,5,5,False
2026-03-05 10:10:37,https://www.bilibili.com/video/BV1qiBkBGEoj/?spm_id_from=333.1387.favlist.content.click&vd_source=406d0cf895bedbdc58a3d0130d55e34c,BV1qiBkBGEoj,【张桂源】On 4k四机位横屏直拍 / TF家族新年音乐会「荣耀」,WISH0511_张桂源,494070671,2025-12-27 16:42:34,908898,13187,9324,11296,1028,1066,3183,3,4,False
2026-03-05 11:10:50,https://www.bilibili.com/video/BV1qiBkBGEoj/?spm_id_from=333.1387.favlist.content.click&vd_source=406d0cf895bedbdc58a3d0130d55e34c,BV1qiBkBGEoj,【张桂源】On 4k四机位横屏直拍 / TF家族新年音乐会「荣耀」,WISH0511_张桂源,494070671,2025-12-27 16:42:34,908907,13187,9324,11296,1028,1066,3183,4,9,False
2026-03-05 12:11:02,https://www.bilibili.com/video/BV1qiBkBGEoj/?spm_id_from=333.1387.favlist.content.click&vd_source=406d0cf895bedbdc58a3d0130d55e34c,BV1qiBkBGEoj,【张桂源】On 4k四机位横屏直拍 / TF家族新年音乐会「荣耀」,WISH0511_张桂源,494070671,2025-12-27 16:42:34,908916,13189,9327,11298,1028,1066,3183,6,9,False
2026-03-05 13:11:14,https://www.bilibili.com/video/BV1qiBkBGEoj/?spm_id_from=333.1387.favlist.content.click&vd_source=406d0cf895bedbdc58a3d0130d55e34c,BV1qiBkBGEoj,【张桂源】On 4k四机位横屏直拍 / TF家族新年音乐会「荣耀」,WISH0511_张桂源,494070671,2025-12-27 16:42:34,908927,13189,9327,11298,1028,1066,3183,4,11,False
2026-03-05 14:11:27,https://www.bilibili.com/video/BV1qiBkBGEoj/?spm_id_from=333.1387.favlist.content.click&vd_source=406d0cf895bedbdc58a3d0130d55e34c,BV1qiBkBGEoj,【张桂源】On 4k四机位横屏直拍 / TF家族新年音乐会「荣耀」,WISH0511_张桂源,494070671,2025-12-27 16:42:34,908938,13190,9327,11300,1028,1066,3183,4,11,False
2026-03-05 15:11:39,https://www.bilibili.com/video/BV1qiBkBGEoj/?spm_id_from=333.1387.favlist.content.click&vd_source=406d0cf895bedbdc58a3d0130d55e34c,BV1qiBkBGEoj,【张桂源】On 4k四机位横屏直拍 / TF家族新年音乐会「荣耀」,WISH0511_张桂源,494070671,2025-12-27 16:42:34,908955,13190,9327,11300,1028,1066,3183,3,17,False
2026-03-05 16:11:52,https://www.bilibili.com/video/BV1qiBkBGEoj/?spm_id_from=333.1387.favlist.content.click&vd_source=406d0cf895bedbdc58a3d0130d55e34c,BV1qiBkBGEoj,【张桂源】On 4k四机位横屏直拍 / TF家族新年音乐会「荣耀」,WISH0511_张桂源,494070671,2025-12-27 16:42:34,908970,13192,9327,11301,1028,1066,3183,6,15,False
2026-03-05 17:12:04,https://www.bilibili.com/video/BV1qiBkBGEoj/?spm_id_from=333.1387.favlist.content.click&vd_source=406d0cf895bedbdc58a3d0130d55e34c,BV1qiBkBGEoj,【张桂源】On 4k四机位横屏直拍 / TF家族新年音乐会「荣耀」,WISH0511_张桂源,494070671,2025-12-27 16:42:34,908983,13192,9327,11301,1028,1066,3183,3,13,False
2026-03-05 18:12:17,https://www.bilibili.com/video/BV1qiBkBGEoj/?spm_id_from=333.1387.favlist.content.click&vd_source=406d0cf895bedbdc58a3d0130d55e34c,BV1qiBkBGEoj,【张桂源】On 4k四机位横屏直拍 / TF家族新年音乐会「荣耀」,WISH0511_张桂源,494070671,2025-12-27 16:42:34,908996,13193,9327,11302,1028,1066,3183,3,13,False
2026-03-05 19:12:29,https://www.bilibili.com/video/BV1qiBkBGEoj/?spm_id_from=333.1387.favlist.content.click&vd_source=406d0cf895bedbdc58a3d0130d55e34c,BV1qiBkBGEoj,【张桂源】On 4k四机位横屏直拍 / TF家族新年音乐会「荣耀」,WISH0511_张桂源,494070671,2025-12-27 16:42:34,909012,13195,9327,11305,1028,1066,3184,2,16,False
2026-03-05 20:12:42,https://www.bilibili.com/video/BV1qiBkBGEoj/?spm_id_from=333.1387.favlist.content.click&vd_source=406d0cf895bedbdc58a3d0130d55e34c,BV1qiBkBGEoj,【张桂源】On 4k四机位横屏直拍 / TF家族新年音乐会「荣耀」,WISH0511_张桂源,494070671,2025-12-27 16:42:34,909026,13196,9327,11304,1028,1066,3184,5,14,False
2026-03-05 21:12:55,https://www.bilibili.com/video/BV1qiBkBGEoj/?spm_id_from=333.1387.favlist.content.click&vd_source=406d0cf895bedbdc58a3d0130d55e34c,BV1qiBkBGEoj,【张桂源】On 4k四机位横屏直拍 / TF家族新年音乐会「荣耀」,WISH0511_张桂源,494070671,2025-12-27 16:42:34,909050,13198,9327,11304,1028,1066,3184,6,24,False
2026-03-05 22:13:08,https://www.bilibili.com/video/BV1qiBkBGEoj/?spm_id_from=333.1387.favlist.content.click&vd_source=406d0cf895bedbdc58a3d0130d55e34c,BV1qiBkBGEoj,【张桂源】On 4k四机位横屏直拍 / TF家族新年音乐会「荣耀」,WISH0511_张桂源,494070671,2025-12-27 16:42:34,909070,13202,9330,11304,1028,1066,3184,3,20,False
2026-03-05 23:13:20,https://www.bilibili.com/video/BV1qiBkBGEoj/?spm_id_from=333.1387.favlist.content.click&vd_source=406d0cf895bedbdc58a3d0130d55e34c,BV1qiBkBGEoj,【张桂源】On 4k四机位横屏直拍 / TF家族新年音乐会「荣耀」,WISH0511_张桂源,494070671,2025-12-27 16:42:34,909093,13202,9330,11304,1028,1066,3184,6,23,False
2026-03-05 00:08:32,https://www.bilibili.com/video/BV1iy64BBEqf/?spm_id_from=333.1387.favlist.content.click&vd_source=406d0cf895bedbdc58a3d0130d55e34c,BV1iy64BBEqf,进来倾听治愈系萌物唱Everything will beok 陈奕恒《拍拍灰》4K四机位直拍,你听得到0509,29947812,2026-02-01 17:03:08,495489,14100,9865,16075,935,502,3494,1,0,False
2026-03-05 01:08:45,https://www.bilibili.com/video/BV1iy64BBEqf/?spm_id_from=333.1387.favlist.content.click&vd_source=406d0cf895bedbdc58a3d0130d55e34c,BV1iy64BBEqf,进来倾听治愈系萌物唱Everything will beok 陈奕恒《拍拍灰》4K四机位直拍,你听得到0509,29947812,2026-02-01 17:03:08,495495,14101,9865,16075,935,502,3494,1,6,False
2026-03-05 02:08:57,https://www.bilibili.com/video/BV1iy64BBEqf/?spm_id_from=333.1387.favlist.content.click&vd_source=406d0cf895bedbdc58a3d0130d55e34c,BV1iy64BBEqf,进来倾听治愈系萌物唱Everything will beok 陈奕恒《拍拍灰》4K四机位直拍,你听得到0509,29947812,2026-02-01 17:03:08,495496,14101,9865,16076,935,502,3494,3,1,False
2026-03-05 03:09:10,https://www.bilibili.com/video/BV1iy64BBEqf/?spm_id_from=333.1387.favlist.content.click&vd_source=406d0cf895bedbdc58a3d0130d55e34c,BV1iy64BBEqf,进来倾听治愈系萌物唱Everything will beok 陈奕恒《拍拍灰》4K四机位直拍,你听得到0509,29947812,2026-02-01 17:03:08,495498,14101,9865,16076,935,502,3494,1,2,False
2026-03-05 04:09:23,https://www.bilibili.com/video/BV1iy64BBEqf/?spm_id_from=333.1387.favlist.content.click&vd_source=406d0cf895bedbdc58a3d0130d55e34c,BV1iy64BBEqf,进来倾听治愈系萌物唱Everything will beok 陈奕恒《拍拍灰》4K四机位直拍,你听得到0509,29947812,2026-02-01 17:03:08,495501,14101,9865,16076,935,502,3494,1,3,False
2026-03-05 05:09:35,https://www.bilibili.com/video/BV1iy64BBEqf/?spm_id_from=333.1387.favlist.content.click&vd_source=406d0cf895bedbdc58a3d0130d55e34c,BV1iy64BBEqf,进来倾听治愈系萌物唱Everything will beok 陈奕恒《拍拍灰》4K四机位直拍,你听得到0509,29947812,2026-02-01 17:03:08,495503,14101,9865,16076,935,502,3494,2,2,False
2026-03-05 06:09:47,https://www.bilibili.com/video/BV1iy64BBEqf/?spm_id_from=333.1387.favlist.content.click&vd_source=406d0cf895bedbdc58a3d0130d55e34c,BV1iy64BBEqf,进来倾听治愈系萌物唱Everything will beok 陈奕恒《拍拍灰》4K四机位直拍,你听得到0509,29947812,2026-02-01 17:03:08,495505,14101,9865,16076,935,502,3494,1,2,False
2026-03-05 07:10:00,https://www.bilibili.com/video/BV1iy64BBEqf/?spm_id_from=333.1387.favlist.content.click&vd_source=406d0cf895bedbdc58a3d0130d55e34c,BV1iy64BBEqf,进来倾听治愈系萌物唱Everything will beok 陈奕恒《拍拍灰》4K四机位直拍,你听得到0509,29947812,2026-02-01 17:03:08,495507,14101,9865,16076,935,502,3494,2,2,False
2026-03-05 08:10:12,https://www.bilibili.com/video/BV1iy64BBEqf/?spm_id_from=333.1387.favlist.content.click&vd_source=406d0cf895bedbdc58a3d0130d55e34c,BV1iy64BBEqf,进来倾听治愈系萌物唱Everything will beok 陈奕恒《拍拍灰》4K四机位直拍,你听得到0509,29947812,2026-02-01 17:03:08,495512,14101,9865,16076,935,502,3494,1,5,False
2026-03-05 09:10:25,https://www.bilibili.com/video/BV1iy64BBEqf/?spm_id_from=333.1387.favlist.content.click&vd_source=406d0cf895bedbdc58a3d0130d55e34c,BV1iy64BBEqf,进来倾听治愈系萌物唱Everything will beok 陈奕恒《拍拍灰》4K四机位直拍,你听得到0509,29947812,2026-02-01 17:03:08,495514,14101,9865,16076,935,502,3494,1,2,False
2026-03-05 10:10:37,https://www.bilibili.com/video/BV1iy64BBEqf/?spm_id_from=333.1387.favlist.content.click&vd_source=406d0cf895bedbdc58a3d0130d55e34c,BV1iy64BBEqf,进来倾听治愈系萌物唱Everything will beok 陈奕恒《拍拍灰》4K四机位直拍,你听得到0509,29947812,2026-02-01 17:03:08,495518,14101,9865,16076,935,502,3494,1,4,False
2026-03-05 11:10:50,https://www.bilibili.com/video/BV1iy64BBEqf/?spm_id_from=333.1387.favlist.content.click&vd_source=406d0cf895bedbdc58a3d0130d55e34c,BV1iy64BBEqf,进来倾听治愈系萌物唱Everything will beok 陈奕恒《拍拍灰》4K四机位直拍,你听得到0509,29947812,2026-02-01 17:03:08,495520,14102,9865,16076,935,502,3494,1,2,False
2026-03-05 12:11:02,https://www.bilibili.com/video/BV1iy64BBEqf/?spm_id_from=333.1387.favlist.content.click&vd_source=406d0cf895bedbdc58a3d0130d55e34c,BV1iy64BBEqf,进来倾听治愈系萌物唱Everything will beok 陈奕恒《拍拍灰》4K四机位直拍,你听得到0509,29947812,2026-02-01 17:03:08,495523,14102,9865,16076,935,502,3497,1,3,False
2026-03-05 13:11:14,https://www.bilibili.com/video/BV1iy64BBEqf/?spm_id_from=333.1387.favlist.content.click&vd_source=406d0cf895bedbdc58a3d0130d55e34c,BV1iy64BBEqf,进来倾听治愈系萌物唱Everything will beok 陈奕恒《拍拍灰》4K四机位直拍,你听得到0509,29947812,2026-02-01 17:03:08,495531,14104,9865,16077,935,503,3497,1,8,False
2026-03-05 14:11:27,https://www.bilibili.com/video/BV1iy64BBEqf/?spm_id_from=333.1387.favlist.content.click&vd_source=406d0cf895bedbdc58a3d0130d55e34c,BV1iy64BBEqf,进来倾听治愈系萌物唱Everything will beok 陈奕恒《拍拍灰》4K四机位直拍,你听得到0509,29947812,2026-02-01 17:03:08,495533,14104,9865,16077,935,503,3497,1,2,False
2026-03-05 15:11:39,https://www.bilibili.com/video/BV1iy64BBEqf/?spm_id_from=333.1387.favlist.content.click&vd_source=406d0cf895bedbdc58a3d0130d55e34c,BV1iy64BBEqf,进来倾听治愈系萌物唱Everything will beok 陈奕恒《拍拍灰》4K四机位直拍,你听得到0509,29947812,2026-02-01 17:03:08,495537,14104,9865,16077,935,503,3497,1,4,False
2026-03-05 16:11:52,https://www.bilibili.com/video/BV1iy64BBEqf/?spm_id_from=333.1387.favlist.content.click&vd_source=406d0cf895bedbdc58a3d0130d55e34c,BV1iy64BBEqf,进来倾听治愈系萌物唱Everything will beok 陈奕恒《拍拍灰》4K四机位直拍,你听得到0509,29947812,2026-02-01 17:03:08,495541,14104,9865,16076,935,503,3497,1,4,False
2026-03-05 17:12:04,https://www.bilibili.com/video/BV1iy64BBEqf/?spm_id_from=333.1387.favlist.content.click&vd_source=406d0cf895bedbdc58a3d0130d55e34c,BV1iy64BBEqf,进来倾听治愈系萌物唱Everything will beok 陈奕恒《拍拍灰》4K四机位直拍,你听得到0509,29947812,2026-02-01 17:03:08,495548,14104,9865,16074,935,503,3497,1,7,False
2026-03-05 18:12:17,https://www.bilibili.com/video/BV1iy64BBEqf/?spm_id_from=333.1387.favlist.content.click&vd_source=406d0cf895bedbdc58a3d0130d55e34c,BV1iy64BBEqf,进来倾听治愈系萌物唱Everything will beok 陈奕恒《拍拍灰》4K四机位直拍,你听得到0509,29947812,2026-02-01 17:03:08,495555,14105,9865,16075,935,503,3497,3,7,False
2026-03-05 19:12:29,https://www.bilibili.com/video/BV1iy64BBEqf/?spm_id_from=333.1387.favlist.content.click&vd_source=406d0cf895bedbdc58a3d0130d55e34c,BV1iy64BBEqf,进来倾听治愈系萌物唱Everything will beok 陈奕恒《拍拍灰》4K四机位直拍,你听得到0509,29947812,2026-02-01 17:03:08,495561,14105,9865,16075,936,503,3497,1,6,False
2026-03-05 20:12:42,https://www.bilibili.com/video/BV1iy64BBEqf/?spm_id_from=333.1387.favlist.content.click&vd_source=406d0cf895bedbdc58a3d0130d55e34c,BV1iy64BBEqf,进来倾听治愈系萌物唱Everything will beok 陈奕恒《拍拍灰》4K四机位直拍,你听得到0509,29947812,2026-02-01 17:03:08,495574,14105,9865,16076,936,503,3497,2,13,False
2026-03-05 21:12:55,https://www.bilibili.com/video/BV1iy64BBEqf/?spm_id_from=333.1387.favlist.content.click&vd_source=406d0cf895bedbdc58a3d0130d55e34c,BV1iy64BBEqf,进来倾听治愈系萌物唱Everything will beok 陈奕恒《拍拍灰》4K四机位直拍,你听得到0509,29947812,2026-02-01 17:03:08,495582,14106,9867,16077,936,503,3497,1,8,False
2026-03-05 22:13:08,https://www.bilibili.com/video/BV1iy64BBEqf/?spm_id_from=333.1387.favlist.content.click&vd_source=406d0cf895bedbdc58a3d0130d55e34c,BV1iy64BBEqf,进来倾听治愈系萌物唱Everything will beok 陈奕恒《拍拍灰》4K四机位直拍,你听得到0509,29947812,2026-02-01 17:03:08,495593,14106,9867,16076,936,503,3497,3,11,False
2026-03-05 23:13:20,https://www.bilibili.com/video/BV1iy64BBEqf/?spm_id_from=333.1387.favlist.content.click&vd_source=406d0cf895bedbdc58a3d0130d55e34c,BV1iy64BBEqf,进来倾听治愈系萌物唱Everything will beok 陈奕恒《拍拍灰》4K四机位直拍,你听得到0509,29947812,2026-02-01 17:03:08,495603,14106,9867,16078,936,503,3497,1,10,False
2026-03-05 00:08:32,https://www.bilibili.com/video/BV1ao64B8Ewp/?spm_id_from=333.1387.favlist.content.click&vd_source=406d0cf895bedbdc58a3d0130d55e34c,BV1ao64B8Ewp,【陈奕恒直拍】Attention!!红衣战神再度来袭!!此男又轻轻一跳魅惑全场了《闭嘴跳舞》4k四机位focus,前夜丨陈奕恒,3546741399881763,2026-02-01 17:36:32,550646,19302,11897,19167,1530,756,5107,4,0,False
2026-03-05 01:08:45,https://www.bilibili.com/video/BV1ao64B8Ewp/?spm_id_from=333.1387.favlist.content.click&vd_source=406d0cf895bedbdc58a3d0130d55e34c,BV1ao64B8Ewp,【陈奕恒直拍】Attention!!红衣战神再度来袭!!此男又轻轻一跳魅惑全场了《闭嘴跳舞》4k四机位focus,前夜丨陈奕恒,3546741399881763,2026-02-01 17:36:32,550684,19305,11901,19167,1530,756,5107,4,38,False
2026-03-05 02:08:57,https://www.bilibili.com/video/BV1ao64B8Ewp/?spm_id_from=333.1387.favlist.content.click&vd_source=406d0cf895bedbdc58a3d0130d55e34c,BV1ao64B8Ewp,【陈奕恒直拍】Attention!!红衣战神再度来袭!!此男又轻轻一跳魅惑全场了《闭嘴跳舞》4k四机位focus,前夜丨陈奕恒,3546741399881763,2026-02-01 17:36:32,550698,19305,11901,19168,1530,756,5107,2,14,False
2026-03-05 03:09:10,https://www.bilibili.com/video/BV1ao64B8Ewp/?spm_id_from=333.1387.favlist.content.click&vd_source=406d0cf895bedbdc58a3d0130d55e34c,BV1ao64B8Ewp,【陈奕恒直拍】Attention!!红衣战神再度来袭!!此男又轻轻一跳魅惑全场了《闭嘴跳舞》4k四机位focus,前夜丨陈奕恒,3546741399881763,2026-02-01 17:36:32,550708,19305,11901,19168,1530,756,5107,3,10,False
2026-03-05 04:09:23,https://www.bilibili.com/video/BV1ao64B8Ewp/?spm_id_from=333.1387.favlist.content.click&vd_source=406d0cf895bedbdc58a3d0130d55e34c,BV1ao64B8Ewp,【陈奕恒直拍】Attention!!红衣战神再度来袭!!此男又轻轻一跳魅惑全场了《闭嘴跳舞》4k四机位focus,前夜丨陈奕恒,3546741399881763,2026-02-01 17:36:32,550724,19305,11901,19168,1530,756,5107,2,16,False
2026-03-05 05:09:35,https://www.bilibili.com/video/BV1ao64B8Ewp/?spm_id_from=333.1387.favlist.content.click&vd_source=406d0cf895bedbdc58a3d0130d55e34c,BV1ao64B8Ewp,【陈奕恒直拍】Attention!!红衣战神再度来袭!!此男又轻轻一跳魅惑全场了《闭嘴跳舞》4k四机位focus,前夜丨陈奕恒,3546741399881763,2026-02-01 17:36:32,550728,19306,11901,19168,1530,756,5107,2,4,False
2026-03-05 06:09:47,https://www.bilibili.com/video/BV1ao64B8Ewp/?spm_id_from=333.1387.favlist.content.click&vd_source=406d0cf895bedbdc58a3d0130d55e34c,BV1ao64B8Ewp,【陈奕恒直拍】Attention!!红衣战神再度来袭!!此男又轻轻一跳魅惑全场了《闭嘴跳舞》4k四机位focus,前夜丨陈奕恒,3546741399881763,2026-02-01 17:36:32,550732,19306,11901,19168,1530,756,5107,2,4,False
2026-03-05 07:10:00,https://www.bilibili.com/video/BV1ao64B8Ewp/?spm_id_from=333.1387.favlist.content.click&vd_source=406d0cf895bedbdc58a3d0130d55e34c,BV1ao64B8Ewp,【陈奕恒直拍】Attention!!红衣战神再度来袭!!此男又轻轻一跳魅惑全场了《闭嘴跳舞》4k四机位focus,前夜丨陈奕恒,3546741399881763,2026-02-01 17:36:32,550736,19308,11902,19169,1530,756,5107,2,4,False
2026-03-05 08:10:12,https://www.bilibili.com/video/BV1ao64B8Ewp/?spm_id_from=333.1387.favlist.content.click&vd_source=406d0cf895bedbdc58a3d0130d55e34c,BV1ao64B8Ewp,【陈奕恒直拍】Attention!!红衣战神再度来袭!!此男又轻轻一跳魅惑全场了《闭嘴跳舞》4k四机位focus,前夜丨陈奕恒,3546741399881763,2026-02-01 17:36:32,550756,19310,11906,19171,1532,756,5107,2,20,False
2026-03-05 09:10:25,https://www.bilibili.com/video/BV1ao64B8Ewp/?spm_id_from=333.1387.favlist.content.click&vd_source=406d0cf895bedbdc58a3d0130d55e34c,BV1ao64B8Ewp,【陈奕恒直拍】Attention!!红衣战神再度来袭!!此男又轻轻一跳魅惑全场了《闭嘴跳舞》4k四机位focus,前夜丨陈奕恒,3546741399881763,2026-02-01 17:36:32,550766,19311,11908,19172,1532,756,5107,3,10,False
2026-03-05 10:10:37,https://www.bilibili.com/video/BV1ao64B8Ewp/?spm_id_from=333.1387.favlist.content.click&vd_source=406d0cf895bedbdc58a3d0130d55e34c,BV1ao64B8Ewp,【陈奕恒直拍】Attention!!红衣战神再度来袭!!此男又轻轻一跳魅惑全场了《闭嘴跳舞》4k四机位focus,前夜丨陈奕恒,3546741399881763,2026-02-01 17:36:32,550787,19311,11908,19172,1532,756,5107,4,21,False
2026-03-05 11:10:50,https://www.bilibili.com/video/BV1ao64B8Ewp/?spm_id_from=333.1387.favlist.content.click&vd_source=406d0cf895bedbdc58a3d0130d55e34c,BV1ao64B8Ewp,【陈奕恒直拍】Attention!!红衣战神再度来袭!!此男又轻轻一跳魅惑全场了《闭嘴跳舞》4k四机位focus,前夜丨陈奕恒,3546741399881763,2026-02-01 17:36:32,550820,19312,11910,19174,1532,756,5107,3,33,False
2026-03-05 12:11:02,https://www.bilibili.com/video/BV1ao64B8Ewp/?spm_id_from=333.1387.favlist.content.click&vd_source=406d0cf895bedbdc58a3d0130d55e34c,BV1ao64B8Ewp,【陈奕恒直拍】Attention!!红衣战神再度来袭!!此男又轻轻一跳魅惑全场了《闭嘴跳舞》4k四机位focus,前夜丨陈奕恒,3546741399881763,2026-02-01 17:36:32,550878,19316,11910,19175,1533,756,5107,4,58,False
2026-03-05 13:11:14,https://www.bilibili.com/video/BV1ao64B8Ewp/?spm_id_from=333.1387.favlist.content.click&vd_source=406d0cf895bedbdc58a3d0130d55e34c,BV1ao64B8Ewp,【陈奕恒直拍】Attention!!红衣战神再度来袭!!此男又轻轻一跳魅惑全场了《闭嘴跳舞》4k四机位focus,前夜丨陈奕恒,3546741399881763,2026-02-01 17:36:32,550961,19322,11910,19177,1533,756,5121,6,83,False
2026-03-05 14:11:27,https://www.bilibili.com/video/BV1ao64B8Ewp/?spm_id_from=333.1387.favlist.content.click&vd_source=406d0cf895bedbdc58a3d0130d55e34c,BV1ao64B8Ewp,【陈奕恒直拍】Attention!!红衣战神再度来袭!!此男又轻轻一跳魅惑全场了《闭嘴跳舞》4k四机位focus,前夜丨陈奕恒,3546741399881763,2026-02-01 17:36:32,551021,19324,11912,19178,1533,756,5121,4,60,False
2026-03-05 15:11:39,https://www.bilibili.com/video/BV1ao64B8Ewp/?spm_id_from=333.1387.favlist.content.click&vd_source=406d0cf895bedbdc58a3d0130d55e34c,BV1ao64B8Ewp,【陈奕恒直拍】Attention!!红衣战神再度来袭!!此男又轻轻一跳魅惑全场了《闭嘴跳舞》4k四机位focus,前夜丨陈奕恒,3546741399881763,2026-02-01 17:36:32,551090,19325,11912,19178,1533,756,5121,4,69,False
2026-03-05 16:11:52,https://www.bilibili.com/video/BV1ao64B8Ewp/?spm_id_from=333.1387.favlist.content.click&vd_source=406d0cf895bedbdc58a3d0130d55e34c,BV1ao64B8Ewp,【陈奕恒直拍】Attention!!红衣战神再度来袭!!此男又轻轻一跳魅惑全场了《闭嘴跳舞》4k四机位focus,前夜丨陈奕恒,3546741399881763,2026-02-01 17:36:32,551156,19325,11912,19178,1534,756,5121,2,66,False
2026-03-05 17:12:04,https://www.bilibili.com/video/BV1ao64B8Ewp/?spm_id_from=333.1387.favlist.content.click&vd_source=406d0cf895bedbdc58a3d0130d55e34c,BV1ao64B8Ewp,【陈奕恒直拍】Attention!!红衣战神再度来袭!!此男又轻轻一跳魅惑全场了《闭嘴跳舞》4k四机位focus,前夜丨陈奕恒,3546741399881763,2026-02-01 17:36:32,551216,19328,11912,19178,1534,756,5121,4,60,False
2026-03-05 18:12:17,https://www.bilibili.com/video/BV1ao64B8Ewp/?spm_id_from=333.1387.favlist.content.click&vd_source=406d0cf895bedbdc58a3d0130d55e34c,BV1ao64B8Ewp,【陈奕恒直拍】Attention!!红衣战神再度来袭!!此男又轻轻一跳魅惑全场了《闭嘴跳舞》4k四机位focus,前夜丨陈奕恒,3546741399881763,2026-02-01 17:36:32,551286,19333,11912,19179,1536,756,5121,3,70,False
2026-03-05 19:12:29,https://www.bilibili.com/video/BV1ao64B8Ewp/?spm_id_from=333.1387.favlist.content.click&vd_source=406d0cf895bedbdc58a3d0130d55e34c,BV1ao64B8Ewp,【陈奕恒直拍】Attention!!红衣战神再度来袭!!此男又轻轻一跳魅惑全场了《闭嘴跳舞》4k四机位focus,前夜丨陈奕恒,3546741399881763,2026-02-01 17:36:32,551385,19340,11916,19182,1536,756,5130,5,99,False
2026-03-05 20:12:42,https://www.bilibili.com/video/BV1ao64B8Ewp/?spm_id_from=333.1387.favlist.content.click&vd_source=406d0cf895bedbdc58a3d0130d55e34c,BV1ao64B8Ewp,【陈奕恒直拍】Attention!!红衣战神再度来袭!!此男又轻轻一跳魅惑全场了《闭嘴跳舞》4k四机位focus,前夜丨陈奕恒,3546741399881763,2026-02-01 17:36:32,551513,19347,11920,19190,1536,756,5130,6,128,False
2026-03-05 21:12:55,https://www.bilibili.com/video/BV1ao64B8Ewp/?spm_id_from=333.1387.favlist.content.click&vd_source=406d0cf895bedbdc58a3d0130d55e34c,BV1ao64B8Ewp,【陈奕恒直拍】Attention!!红衣战神再度来袭!!此男又轻轻一跳魅惑全场了《闭嘴跳舞》4k四机位focus,前夜丨陈奕恒,3546741399881763,2026-02-01 17:36:32,551652,19354,11926,19200,1537,756,5131,6,139,False
2026-03-05 22:13:08,https://www.bilibili.com/video/BV1ao64B8Ewp/?spm_id_from=333.1387.favlist.content.click&vd_source=406d0cf895bedbdc58a3d0130d55e34c,BV1ao64B8Ewp,【陈奕恒直拍】Attention!!红衣战神再度来袭!!此男又轻轻一跳魅惑全场了《闭嘴跳舞》4k四机位focus,前夜丨陈奕恒,3546741399881763,2026-02-01 17:36:32,551746,19358,11926,19207,1538,756,5131,6,94,False
2026-03-05 23:13:20,https://www.bilibili.com/video/BV1ao64B8Ewp/?spm_id_from=333.1387.favlist.content.click&vd_source=406d0cf895bedbdc58a3d0130d55e34c,BV1ao64B8Ewp,【陈奕恒直拍】Attention!!红衣战神再度来袭!!此男又轻轻一跳魅惑全场了《闭嘴跳舞》4k四机位focus,前夜丨陈奕恒,3546741399881763,2026-02-01 17:36:32,551818,19365,11931,19213,1540,756,5131,4,72,False
2026-03-05 00:08:32,https://www.bilibili.com/video/BV1iF61BHE8w/?spm_id_from=333.1387.favlist.content.click&vd_source=406d0cf895bedbdc58a3d0130d55e34c,BV1iF61BHE8w,【陈奕恒直拍】Just感受!!唇环180男神魅惑来袭《希区考克》4k三机位focus,前夜丨陈奕恒,3546741399881763,2026-01-31 20:30:48,494497,12506,9372,14366,997,540,3178,4,0,False
2026-03-05 01:08:45,https://www.bilibili.com/video/BV1iF61BHE8w/?spm_id_from=333.1387.favlist.content.click&vd_source=406d0cf895bedbdc58a3d0130d55e34c,BV1iF61BHE8w,【陈奕恒直拍】Just感受!!唇环180男神魅惑来袭《希区考克》4k三机位focus,前夜丨陈奕恒,3546741399881763,2026-01-31 20:30:48,494501,12507,9372,14366,997,540,3178,1,4,False
2026-03-05 02:08:57,https://www.bilibili.com/video/BV1iF61BHE8w/?spm_id_from=333.1387.favlist.content.click&vd_source=406d0cf895bedbdc58a3d0130d55e34c,BV1iF61BHE8w,【陈奕恒直拍】Just感受!!唇环180男神魅惑来袭《希区考克》4k三机位focus,前夜丨陈奕恒,3546741399881763,2026-01-31 20:30:48,494502,12507,9372,14367,997,540,3178,2,1,False
2026-03-05 03:09:10,https://www.bilibili.com/video/BV1iF61BHE8w/?spm_id_from=333.1387.favlist.content.click&vd_source=406d0cf895bedbdc58a3d0130d55e34c,BV1iF61BHE8w,【陈奕恒直拍】Just感受!!唇环180男神魅惑来袭《希区考克》4k三机位focus,前夜丨陈奕恒,3546741399881763,2026-01-31 20:30:48,494505,12507,9372,14367,997,540,3178,2,3,False
2026-03-05 04:09:23,https://www.bilibili.com/video/BV1iF61BHE8w/?spm_id_from=333.1387.favlist.content.click&vd_source=406d0cf895bedbdc58a3d0130d55e34c,BV1iF61BHE8w,【陈奕恒直拍】Just感受!!唇环180男神魅惑来袭《希区考克》4k三机位focus,前夜丨陈奕恒,3546741399881763,2026-01-31 20:30:48,494507,12507,9372,14367,997,540,3178,2,2,False
2026-03-05 05:09:35,https://www.bilibili.com/video/BV1iF61BHE8w/?spm_id_from=333.1387.favlist.content.click&vd_source=406d0cf895bedbdc58a3d0130d55e34c,BV1iF61BHE8w,【陈奕恒直拍】Just感受!!唇环180男神魅惑来袭《希区考克》4k三机位focus,前夜丨陈奕恒,3546741399881763,2026-01-31 20:30:48,494509,12507,9372,14367,997,540,3178,3,2,False
2026-03-05 06:09:47,https://www.bilibili.com/video/BV1iF61BHE8w/?spm_id_from=333.1387.favlist.content.click&vd_source=406d0cf895bedbdc58a3d0130d55e34c,BV1iF61BHE8w,【陈奕恒直拍】Just感受!!唇环180男神魅惑来袭《希区考克》4k三机位focus,前夜丨陈奕恒,3546741399881763,2026-01-31 20:30:48,494512,12507,9372,14367,997,540,3178,2,3,False
2026-03-05 07:10:00,https://www.bilibili.com/video/BV1iF61BHE8w/?spm_id_from=333.1387.favlist.content.click&vd_source=406d0cf895bedbdc58a3d0130d55e34c,BV1iF61BHE8w,【陈奕恒直拍】Just感受!!唇环180男神魅惑来袭《希区考克》4k三机位focus,前夜丨陈奕恒,3546741399881763,2026-01-31 20:30:48,494514,12507,9372,14367,997,540,3178,3,2,False
2026-03-05 08:10:12,https://www.bilibili.com/video/BV1iF61BHE8w/?spm_id_from=333.1387.favlist.content.click&vd_source=406d0cf895bedbdc58a3d0130d55e34c,BV1iF61BHE8w,【陈奕恒直拍】Just感受!!唇环180男神魅惑来袭《希区考克》4k三机位focus,前夜丨陈奕恒,3546741399881763,2026-01-31 20:30:48,494516,12507,9372,14367,997,540,3178,1,2,False
2026-03-05 09:10:25,https://www.bilibili.com/video/BV1iF61BHE8w/?spm_id_from=333.1387.favlist.content.click&vd_source=406d0cf895bedbdc58a3d0130d55e34c,BV1iF61BHE8w,【陈奕恒直拍】Just感受!!唇环180男神魅惑来袭《希区考克》4k三机位focus,前夜丨陈奕恒,3546741399881763,2026-01-31 20:30:48,494518,12507,9372,14367,997,540,3178,1,2,False
2026-03-05 10:10:37,https://www.bilibili.com/video/BV1iF61BHE8w/?spm_id_from=333.1387.favlist.content.click&vd_source=406d0cf895bedbdc58a3d0130d55e34c,BV1iF61BHE8w,【陈奕恒直拍】Just感受!!唇环180男神魅惑来袭《希区考克》4k三机位focus,前夜丨陈奕恒,3546741399881763,2026-01-31 20:30:48,494522,12507,9372,14367,997,540,3178,1,4,False
2026-03-05 11:10:50,https://www.bilibili.com/video/BV1iF61BHE8w/?spm_id_from=333.1387.favlist.content.click&vd_source=406d0cf895bedbdc58a3d0130d55e34c,BV1iF61BHE8w,【陈奕恒直拍】Just感受!!唇环180男神魅惑来袭《希区考克》4k三机位focus,前夜丨陈奕恒,3546741399881763,2026-01-31 20:30:48,494526,12507,9372,14367,998,540,3178,1,4,False
2026-03-05 12:11:02,https://www.bilibili.com/video/BV1iF61BHE8w/?spm_id_from=333.1387.favlist.content.click&vd_source=406d0cf895bedbdc58a3d0130d55e34c,BV1iF61BHE8w,【陈奕恒直拍】Just感受!!唇环180男神魅惑来袭《希区考克》4k三机位focus,前夜丨陈奕恒,3546741399881763,2026-01-31 20:30:48,494531,12507,9372,14367,998,540,3181,1,5,False
2026-03-05 13:11:14,https://www.bilibili.com/video/BV1iF61BHE8w/?spm_id_from=333.1387.favlist.content.click&vd_source=406d0cf895bedbdc58a3d0130d55e34c,BV1iF61BHE8w,【陈奕恒直拍】Just感受!!唇环180男神魅惑来袭《希区考克》4k三机位focus,前夜丨陈奕恒,3546741399881763,2026-01-31 20:30:48,494544,12510,9372,14370,998,542,3181,2,13,False
2026-03-05 14:11:27,https://www.bilibili.com/video/BV1iF61BHE8w/?spm_id_from=333.1387.favlist.content.click&vd_source=406d0cf895bedbdc58a3d0130d55e34c,BV1iF61BHE8w,【陈奕恒直拍】Just感受!!唇环180男神魅惑来袭《希区考克》4k三机位focus,前夜丨陈奕恒,3546741399881763,2026-01-31 20:30:48,494551,12510,9372,14371,998,542,3181,1,7,False
2026-03-05 15:11:39,https://www.bilibili.com/video/BV1iF61BHE8w/?spm_id_from=333.1387.favlist.content.click&vd_source=406d0cf895bedbdc58a3d0130d55e34c,BV1iF61BHE8w,【陈奕恒直拍】Just感受!!唇环180男神魅惑来袭《希区考克》4k三机位focus,前夜丨陈奕恒,3546741399881763,2026-01-31 20:30:48,494552,12511,9372,14371,999,542,3181,1,1,False
2026-03-05 16:11:52,https://www.bilibili.com/video/BV1iF61BHE8w/?spm_id_from=333.1387.favlist.content.click&vd_source=406d0cf895bedbdc58a3d0130d55e34c,BV1iF61BHE8w,【陈奕恒直拍】Just感受!!唇环180男神魅惑来袭《希区考克》4k三机位focus,前夜丨陈奕恒,3546741399881763,2026-01-31 20:30:48,494553,12511,9372,14371,999,542,3181,1,1,False
2026-03-05 17:12:04,https://www.bilibili.com/video/BV1iF61BHE8w/?spm_id_from=333.1387.favlist.content.click&vd_source=406d0cf895bedbdc58a3d0130d55e34c,BV1iF61BHE8w,【陈奕恒直拍】Just感受!!唇环180男神魅惑来袭《希区考克》4k三机位focus,前夜丨陈奕恒,3546741399881763,2026-01-31 20:30:48,494559,12511,9372,14369,999,542,3181,3,6,False
2026-03-05 18:12:17,https://www.bilibili.com/video/BV1iF61BHE8w/?spm_id_from=333.1387.favlist.content.click&vd_source=406d0cf895bedbdc58a3d0130d55e34c,BV1iF61BHE8w,【陈奕恒直拍】Just感受!!唇环180男神魅惑来袭《希区考克》4k三机位focus,前夜丨陈奕恒,3546741399881763,2026-01-31 20:30:48,494572,12511,9374,14370,999,542,3181,1,13,False
2026-03-05 19:12:29,https://www.bilibili.com/video/BV1iF61BHE8w/?spm_id_from=333.1387.favlist.content.click&vd_source=406d0cf895bedbdc58a3d0130d55e34c,BV1iF61BHE8w,【陈奕恒直拍】Just感受!!唇环180男神魅惑来袭《希区考克》4k三机位focus,前夜丨陈奕恒,3546741399881763,2026-01-31 20:30:48,494588,12511,9374,14371,999,542,3181,2,16,False
2026-03-05 20:12:42,https://www.bilibili.com/video/BV1iF61BHE8w/?spm_id_from=333.1387.favlist.content.click&vd_source=406d0cf895bedbdc58a3d0130d55e34c,BV1iF61BHE8w,【陈奕恒直拍】Just感受!!唇环180男神魅惑来袭《希区考克》4k三机位focus,前夜丨陈奕恒,3546741399881763,2026-01-31 20:30:48,494601,12511,9374,14371,999,542,3181,1,13,False
2026-03-05 21:12:55,https://www.bilibili.com/video/BV1iF61BHE8w/?spm_id_from=333.1387.favlist.content.click&vd_source=406d0cf895bedbdc58a3d0130d55e34c,BV1iF61BHE8w,【陈奕恒直拍】Just感受!!唇环180男神魅惑来袭《希区考克》4k三机位focus,前夜丨陈奕恒,3546741399881763,2026-01-31 20:30:48,494619,12514,9376,14374,999,542,3181,2,18,False
2026-03-05 22:13:08,https://www.bilibili.com/video/BV1iF61BHE8w/?spm_id_from=333.1387.favlist.content.click&vd_source=406d0cf895bedbdc58a3d0130d55e34c,BV1iF61BHE8w,【陈奕恒直拍】Just感受!!唇环180男神魅惑来袭《希区考克》4k三机位focus,前夜丨陈奕恒,3546741399881763,2026-01-31 20:30:48,494629,12515,9377,14376,1000,542,3181,1,10,False
2026-03-05 23:13:20,https://www.bilibili.com/video/BV1iF61BHE8w/?spm_id_from=333.1387.favlist.content.click&vd_source=406d0cf895bedbdc58a3d0130d55e34c,BV1iF61BHE8w,【陈奕恒直拍】Just感受!!唇环180男神魅惑来袭《希区考克》4k三机位focus,前夜丨陈奕恒,3546741399881763,2026-01-31 20:30:48,494638,12515,9377,14378,1000,542,3181,1,9,False
2026-03-05 00:08:32,https://www.bilibili.com/video/BV1EQ6yBoEEP/?spm_id_from=333.1387.favlist.content.click&vd_source=406d0cf895bedbdc58a3d0130d55e34c,BV1EQ6yBoEEP,王橹杰｜借过一下｜4k直拍双机位｜月光仙子,OOSAN丨王橹杰,3690989432604729,2026-01-31 20:26:21,828508,14488,15456,16362,3598,1737,6534,17,0,False
2026-03-05 01:08:45,https://www.bilibili.com/video/BV1EQ6yBoEEP/?spm_id_from=333.1387.favlist.content.click&vd_source=406d0cf895bedbdc58a3d0130d55e34c,BV1EQ6yBoEEP,王橹杰｜借过一下｜4k直拍双机位｜月光仙子,OOSAN丨王橹杰,3690989432604729,2026-01-31 20:26:21,828527,14488,15456,16362,3600,1737,6535,19,19,False
2026-03-05 02:08:57,https://www.bilibili.com/video/BV1EQ6yBoEEP/?spm_id_from=333.1387.favlist.content.click&vd_source=406d0cf895bedbdc58a3d0130d55e34c,BV1EQ6yBoEEP,王橹杰｜借过一下｜4k直拍双机位｜月光仙子,OOSAN丨王橹杰,3690989432604729,2026-01-31 20:26:21,828539,14488,15456,16362,3602,1737,6535,10,12,False
2026-03-05 03:09:10,https://www.bilibili.com/video/BV1EQ6yBoEEP/?spm_id_from=333.1387.favlist.content.click&vd_source=406d0cf895bedbdc58a3d0130d55e34c,BV1EQ6yBoEEP,王橹杰｜借过一下｜4k直拍双机位｜月光仙子,OOSAN丨王橹杰,3690989432604729,2026-01-31 20:26:21,828547,14488,15456,16362,3602,1737,6535,12,8,False
2026-03-05 04:09:23,https://www.bilibili.com/video/BV1EQ6yBoEEP/?spm_id_from=333.1387.favlist.content.click&vd_source=406d0cf895bedbdc58a3d0130d55e34c,BV1EQ6yBoEEP,王橹杰｜借过一下｜4k直拍双机位｜月光仙子,OOSAN丨王橹杰,3690989432604729,2026-01-31 20:26:21,828556,14488,15456,16363,3602,1737,6535,9,9,False
2026-03-05 05:09:35,https://www.bilibili.com/video/BV1EQ6yBoEEP/?spm_id_from=333.1387.favlist.content.click&vd_source=406d0cf895bedbdc58a3d0130d55e34c,BV1EQ6yBoEEP,王橹杰｜借过一下｜4k直拍双机位｜月光仙子,OOSAN丨王橹杰,3690989432604729,2026-01-31 20:26:21,828563,14488,15456,16363,3602,1737,6535,10,7,False
2026-03-05 06:09:47,https://www.bilibili.com/video/BV1EQ6yBoEEP/?spm_id_from=333.1387.favlist.content.click&vd_source=406d0cf895bedbdc58a3d0130d55e34c,BV1EQ6yBoEEP,王橹杰｜借过一下｜4k直拍双机位｜月光仙子,OOSAN丨王橹杰,3690989432604729,2026-01-31 20:26:21,828567,14488,15456,16363,3604,1737,6535,10,4,False
2026-03-05 07:10:00,https://www.bilibili.com/video/BV1EQ6yBoEEP/?spm_id_from=333.1387.favlist.content.click&vd_source=406d0cf895bedbdc58a3d0130d55e34c,BV1EQ6yBoEEP,王橹杰｜借过一下｜4k直拍双机位｜月光仙子,OOSAN丨王橹杰,3690989432604729,2026-01-31 20:26:21,828572,14488,15456,16363,3604,1737,6535,10,5,False
2026-03-05 08:10:12,https://www.bilibili.com/video/BV1EQ6yBoEEP/?spm_id_from=333.1387.favlist.content.click&vd_source=406d0cf895bedbdc58a3d0130d55e34c,BV1EQ6yBoEEP,王橹杰｜借过一下｜4k直拍双机位｜月光仙子,OOSAN丨王橹杰,3690989432604729,2026-01-31 20:26:21,828578,14488,15456,16363,3605,1737,6535,7,6,False
2026-03-05 09:10:25,https://www.bilibili.com/video/BV1EQ6yBoEEP/?spm_id_from=333.1387.favlist.content.click&vd_source=406d0cf895bedbdc58a3d0130d55e34c,BV1EQ6yBoEEP,王橹杰｜借过一下｜4k直拍双机位｜月光仙子,OOSAN丨王橹杰,3690989432604729,2026-01-31 20:26:21,828591,14488,15456,16364,3605,1737,6535,11,13,False
2026-03-05 10:10:37,https://www.bilibili.com/video/BV1EQ6yBoEEP/?spm_id_from=333.1387.favlist.content.click&vd_source=406d0cf895bedbdc58a3d0130d55e34c,BV1EQ6yBoEEP,王橹杰｜借过一下｜4k直拍双机位｜月光仙子,OOSAN丨王橹杰,3690989432604729,2026-01-31 20:26:21,828602,14488,15456,16364,3605,1737,6535,16,11,False
2026-03-05 11:10:50,https://www.bilibili.com/video/BV1EQ6yBoEEP/?spm_id_from=333.1387.favlist.content.click&vd_source=406d0cf895bedbdc58a3d0130d55e34c,BV1EQ6yBoEEP,王橹杰｜借过一下｜4k直拍双机位｜月光仙子,OOSAN丨王橹杰,3690989432604729,2026-01-31 20:26:21,828611,14488,15456,16364,3605,1737,6535,16,9,False
2026-03-05 12:11:02,https://www.bilibili.com/video/BV1EQ6yBoEEP/?spm_id_from=333.1387.favlist.content.click&vd_source=406d0cf895bedbdc58a3d0130d55e34c,BV1EQ6yBoEEP,王橹杰｜借过一下｜4k直拍双机位｜月光仙子,OOSAN丨王橹杰,3690989432604729,2026-01-31 20:26:21,828623,14488,15456,16366,3607,1737,6536,21,12,False
2026-03-05 13:11:14,https://www.bilibili.com/video/BV1EQ6yBoEEP/?spm_id_from=333.1387.favlist.content.click&vd_source=406d0cf895bedbdc58a3d0130d55e34c,BV1EQ6yBoEEP,王橹杰｜借过一下｜4k直拍双机位｜月光仙子,OOSAN丨王橹杰,3690989432604729,2026-01-31 20:26:21,828631,14488,15456,16365,3607,1737,6536,13,8,False
2026-03-05 14:11:27,https://www.bilibili.com/video/BV1EQ6yBoEEP/?spm_id_from=333.1387.favlist.content.click&vd_source=406d0cf895bedbdc58a3d0130d55e34c,BV1EQ6yBoEEP,王橹杰｜借过一下｜4k直拍双机位｜月光仙子,OOSAN丨王橹杰,3690989432604729,2026-01-31 20:26:21,828646,14489,15458,16366,3607,1737,6536,14,15,False
2026-03-05 15:11:39,https://www.bilibili.com/video/BV1EQ6yBoEEP/?spm_id_from=333.1387.favlist.content.click&vd_source=406d0cf895bedbdc58a3d0130d55e34c,BV1EQ6yBoEEP,王橹杰｜借过一下｜4k直拍双机位｜月光仙子,OOSAN丨王橹杰,3690989432604729,2026-01-31 20:26:21,828657,14489,15458,16367,3607,1737,6536,13,11,False
2026-03-05 16:11:52,https://www.bilibili.com/video/BV1EQ6yBoEEP/?spm_id_from=333.1387.favlist.content.click&vd_source=406d0cf895bedbdc58a3d0130d55e34c,BV1EQ6yBoEEP,王橹杰｜借过一下｜4k直拍双机位｜月光仙子,OOSAN丨王橹杰,3690989432604729,2026-01-31 20:26:21,828669,14490,15460,16367,3607,1737,6536,15,12,False
2026-03-05 17:12:04,https://www.bilibili.com/video/BV1EQ6yBoEEP/?spm_id_from=333.1387.favlist.content.click&vd_source=406d0cf895bedbdc58a3d0130d55e34c,BV1EQ6yBoEEP,王橹杰｜借过一下｜4k直拍双机位｜月光仙子,OOSAN丨王橹杰,3690989432604729,2026-01-31 20:26:21,828679,14490,15460,16367,3607,1737,6536,21,10,False
2026-03-05 18:12:17,https://www.bilibili.com/video/BV1EQ6yBoEEP/?spm_id_from=333.1387.favlist.content.click&vd_source=406d0cf895bedbdc58a3d0130d55e34c,BV1EQ6yBoEEP,王橹杰｜借过一下｜4k直拍双机位｜月光仙子,OOSAN丨王橹杰,3690989432604729,2026-01-31 20:26:21,828696,14490,15462,16366,3607,1737,6536,14,17,False
2026-03-05 19:12:29,https://www.bilibili.com/video/BV1EQ6yBoEEP/?spm_id_from=333.1387.favlist.content.click&vd_source=406d0cf895bedbdc58a3d0130d55e34c,BV1EQ6yBoEEP,王橹杰｜借过一下｜4k直拍双机位｜月光仙子,OOSAN丨王橹杰,3690989432604729,2026-01-31 20:26:21,828706,14491,15464,16366,3608,1737,6536,16,10,False
2026-03-05 20:12:42,https://www.bilibili.com/video/BV1EQ6yBoEEP/?spm_id_from=333.1387.favlist.content.click&vd_source=406d0cf895bedbdc58a3d0130d55e34c,BV1EQ6yBoEEP,王橹杰｜借过一下｜4k直拍双机位｜月光仙子,OOSAN丨王橹杰,3690989432604729,2026-01-31 20:26:21,828720,14491,15464,16365,3608,1737,6536,21,14,False
2026-03-05 21:12:55,https://www.bilibili.com/video/BV1EQ6yBoEEP/?spm_id_from=333.1387.favlist.content.click&vd_source=406d0cf895bedbdc58a3d0130d55e34c,BV1EQ6yBoEEP,王橹杰｜借过一下｜4k直拍双机位｜月光仙子,OOSAN丨王橹杰,3690989432604729,2026-01-31 20:26:21,828732,14491,15464,16366,3608,1737,6536,13,12,False
2026-03-05 22:13:08,https://www.bilibili.com/video/BV1EQ6yBoEEP/?spm_id_from=333.1387.favlist.content.click&vd_source=406d0cf895bedbdc58a3d0130d55e34c,BV1EQ6yBoEEP,王橹杰｜借过一下｜4k直拍双机位｜月光仙子,OOSAN丨王橹杰,3690989432604729,2026-01-31 20:26:21,828757,14494,15466,16367,3610,1737,6536,13,25,False
2026-03-05 23:13:20,https://www.bilibili.com/video/BV1EQ6yBoEEP/?spm_id_from=333.1387.favlist.content.click&vd_source=406d0cf895bedbdc58a3d0130d55e34c,BV1EQ6yBoEEP,王橹杰｜借过一下｜4k直拍双机位｜月光仙子,OOSAN丨王橹杰,3690989432604729,2026-01-31 20:26:21,828773,14494,15466,16367,3611,1737,6537,11,16,False
2026-03-05 00:08:32,https://www.bilibili.com/video/BV1bm6nBGE12/?spm_id_from=333.1387.favlist.content.click&vd_source=406d0cf895bedbdc58a3d0130d55e34c,BV1bm6nBGE12,【王橹杰FOCUS | 4K直拍】lovely,Morpheus秩序外_王橹杰,3632310920415710,2026-01-31 22:31:24,922514,25816,23382,23417,4264,2060,9915,12,0,False
2026-03-05 01:08:45,https://www.bilibili.com/video/BV1bm6nBGE12/?spm_id_from=333.1387.favlist.content.click&vd_source=406d0cf895bedbdc58a3d0130d55e34c,BV1bm6nBGE12,【王橹杰FOCUS | 4K直拍】lovely,Morpheus秩序外_王橹杰,3632310920415710,2026-01-31 22:31:24,922563,25819,23385,23418,4267,2060,9915,13,49,False
2026-03-05 02:08:57,https://www.bilibili.com/video/BV1bm6nBGE12/?spm_id_from=333.1387.favlist.content.click&vd_source=406d0cf895bedbdc58a3d0130d55e34c,BV1bm6nBGE12,【王橹杰FOCUS | 4K直拍】lovely,Morpheus秩序外_王橹杰,3632310920415710,2026-01-31 22:31:24,922596,25820,23385,23419,4268,2061,9924,10,33,False
2026-03-05 03:09:10,https://www.bilibili.com/video/BV1bm6nBGE12/?spm_id_from=333.1387.favlist.content.click&vd_source=406d0cf895bedbdc58a3d0130d55e34c,BV1bm6nBGE12,【王橹杰FOCUS | 4K直拍】lovely,Morpheus秩序外_王橹杰,3632310920415710,2026-01-31 22:31:24,922616,25820,23385,23419,4268,2064,9933,6,20,False
2026-03-05 04:09:23,https://www.bilibili.com/video/BV1bm6nBGE12/?spm_id_from=333.1387.favlist.content.click&vd_source=406d0cf895bedbdc58a3d0130d55e34c,BV1bm6nBGE12,【王橹杰FOCUS | 4K直拍】lovely,Morpheus秩序外_王橹杰,3632310920415710,2026-01-31 22:31:24,922630,25821,23385,23421,4268,2064,9934,12,14,False
2026-03-05 05:09:35,https://www.bilibili.com/video/BV1bm6nBGE12/?spm_id_from=333.1387.favlist.content.click&vd_source=406d0cf895bedbdc58a3d0130d55e34c,BV1bm6nBGE12,【王橹杰FOCUS | 4K直拍】lovely,Morpheus秩序外_王橹杰,3632310920415710,2026-01-31 22:31:24,922644,25821,23385,23421,4268,2064,9934,8,14,False
2026-03-05 06:09:47,https://www.bilibili.com/video/BV1bm6nBGE12/?spm_id_from=333.1387.favlist.content.click&vd_source=406d0cf895bedbdc58a3d0130d55e34c,BV1bm6nBGE12,【王橹杰FOCUS | 4K直拍】lovely,Morpheus秩序外_王橹杰,3632310920415710,2026-01-31 22:31:24,922658,25821,23385,23421,4268,2064,9934,12,14,False
2026-03-05 07:10:00,https://www.bilibili.com/video/BV1bm6nBGE12/?spm_id_from=333.1387.favlist.content.click&vd_source=406d0cf895bedbdc58a3d0130d55e34c,BV1bm6nBGE12,【王橹杰FOCUS | 4K直拍】lovely,Morpheus秩序外_王橹杰,3632310920415710,2026-01-31 22:31:24,922670,25821,23385,23421,4268,2064,9934,12,12,False
2026-03-05 08:10:12,https://www.bilibili.com/video/BV1bm6nBGE12/?spm_id_from=333.1387.favlist.content.click&vd_source=406d0cf895bedbdc58a3d0130d55e34c,BV1bm6nBGE12,【王橹杰FOCUS | 4K直拍】lovely,Morpheus秩序外_王橹杰,3632310920415710,2026-01-31 22:31:24,922684,25821,23385,23421,4270,2064,9934,9,14,False
2026-03-05 09:10:25,https://www.bilibili.com/video/BV1bm6nBGE12/?spm_id_from=333.1387.favlist.content.click&vd_source=406d0cf895bedbdc58a3d0130d55e34c,BV1bm6nBGE12,【王橹杰FOCUS | 4K直拍】lovely,Morpheus秩序外_王橹杰,3632310920415710,2026-01-31 22:31:24,922701,25821,23385,23421,4270,2064,9934,7,17,False
2026-03-05 10:10:37,https://www.bilibili.com/video/BV1bm6nBGE12/?spm_id_from=333.1387.favlist.content.click&vd_source=406d0cf895bedbdc58a3d0130d55e34c,BV1bm6nBGE12,【王橹杰FOCUS | 4K直拍】lovely,Morpheus秩序外_王橹杰,3632310920415710,2026-01-31 22:31:24,922717,25821,23385,23421,4270,2064,9934,13,16,False
2026-03-05 11:10:50,https://www.bilibili.com/video/BV1bm6nBGE12/?spm_id_from=333.1387.favlist.content.click&vd_source=406d0cf895bedbdc58a3d0130d55e34c,BV1bm6nBGE12,【王橹杰FOCUS | 4K直拍】lovely,Morpheus秩序外_王橹杰,3632310920415710,2026-01-31 22:31:24,922748,25821,23385,23422,4270,2064,9934,5,31,False
2026-03-05 12:11:02,https://www.bilibili.com/video/BV1bm6nBGE12/?spm_id_from=333.1387.favlist.content.click&vd_source=406d0cf895bedbdc58a3d0130d55e34c,BV1bm6nBGE12,【王橹杰FOCUS | 4K直拍】lovely,Morpheus秩序外_王橹杰,3632310920415710,2026-01-31 22:31:24,922782,25821,23385,23424,4271,2064,9934,7,34,False
2026-03-05 13:11:14,https://www.bilibili.com/video/BV1bm6nBGE12/?spm_id_from=333.1387.favlist.content.click&vd_source=406d0cf895bedbdc58a3d0130d55e34c,BV1bm6nBGE12,【王橹杰FOCUS | 4K直拍】lovely,Morpheus秩序外_王橹杰,3632310920415710,2026-01-31 22:31:24,922821,25823,23387,23424,4271,2064,9935,10,39,False
2026-03-05 14:11:27,https://www.bilibili.com/video/BV1bm6nBGE12/?spm_id_from=333.1387.favlist.content.click&vd_source=406d0cf895bedbdc58a3d0130d55e34c,BV1bm6nBGE12,【王橹杰FOCUS | 4K直拍】lovely,Morpheus秩序外_王橹杰,3632310920415710,2026-01-31 22:31:24,922863,25825,23389,23426,4271,2064,9935,11,42,False
2026-03-05 15:11:39,https://www.bilibili.com/video/BV1bm6nBGE12/?spm_id_from=333.1387.favlist.content.click&vd_source=406d0cf895bedbdc58a3d0130d55e34c,BV1bm6nBGE12,【王橹杰FOCUS | 4K直拍】lovely,Morpheus秩序外_王橹杰,3632310920415710,2026-01-31 22:31:24,922898,25825,23389,23428,4271,2064,9935,12,35,False
2026-03-05 16:11:52,https://www.bilibili.com/video/BV1bm6nBGE12/?spm_id_from=333.1387.favlist.content.click&vd_source=406d0cf895bedbdc58a3d0130d55e34c,BV1bm6nBGE12,【王橹杰FOCUS | 4K直拍】lovely,Morpheus秩序外_王橹杰,3632310920415710,2026-01-31 22:31:24,922939,25825,23389,23427,4271,2064,9940,9,41,False
2026-03-05 17:12:04,https://www.bilibili.com/video/BV1bm6nBGE12/?spm_id_from=333.1387.favlist.content.click&vd_source=406d0cf895bedbdc58a3d0130d55e34c,BV1bm6nBGE12,【王橹杰FOCUS | 4K直拍】lovely,Morpheus秩序外_王橹杰,3632310920415710,2026-01-31 22:31:24,922981,25826,23389,23428,4271,2064,9940,5,42,False
2026-03-05 18:12:17,https://www.bilibili.com/video/BV1bm6nBGE12/?spm_id_from=333.1387.favlist.content.click&vd_source=406d0cf895bedbdc58a3d0130d55e34c,BV1bm6nBGE12,【王橹杰FOCUS | 4K直拍】lovely,Morpheus秩序外_王橹杰,3632310920415710,2026-01-31 22:31:24,923041,25830,23389,23431,4271,2064,9940,12,60,False
2026-03-05 19:12:29,https://www.bilibili.com/video/BV1bm6nBGE12/?spm_id_from=333.1387.favlist.content.click&vd_source=406d0cf895bedbdc58a3d0130d55e34c,BV1bm6nBGE12,【王橹杰FOCUS | 4K直拍】lovely,Morpheus秩序外_王橹杰,3632310920415710,2026-01-31 22:31:24,923082,25830,23389,23431,4272,2064,9940,12,41,False
2026-03-05 20:12:42,https://www.bilibili.com/video/BV1bm6nBGE12/?spm_id_from=333.1387.favlist.content.click&vd_source=406d0cf895bedbdc58a3d0130d55e34c,BV1bm6nBGE12,【王橹杰FOCUS | 4K直拍】lovely,Morpheus秩序外_王橹杰,3632310920415710,2026-01-31 22:31:24,923134,25830,23389,23430,4273,2064,9940,12,52,False
2026-03-05 21:12:55,https://www.bilibili.com/video/BV1bm6nBGE12/?spm_id_from=333.1387.favlist.content.click&vd_source=406d0cf895bedbdc58a3d0130d55e34c,BV1bm6nBGE12,【王橹杰FOCUS | 4K直拍】lovely,Morpheus秩序外_王橹杰,3632310920415710,2026-01-31 22:31:24,923193,25832,23391,23431,4273,2064,9940,14,59,False
2026-03-05 22:13:08,https://www.bilibili.com/video/BV1bm6nBGE12/?spm_id_from=333.1387.favlist.content.click&vd_source=406d0cf895bedbdc58a3d0130d55e34c,BV1bm6nBGE12,【王橹杰FOCUS | 4K直拍】lovely,Morpheus秩序外_王橹杰,3632310920415710,2026-01-31 22:31:24,923263,25837,23397,23434,4274,2064,9940,9,70,False
2026-03-05 23:13:20,https://www.bilibili.com/video/BV1bm6nBGE12/?spm_id_from=333.1387.favlist.content.click&vd_source=406d0cf895bedbdc58a3d0130d55e34c,BV1bm6nBGE12,【王橹杰FOCUS | 4K直拍】lovely,Morpheus秩序外_王橹杰,3632310920415710,2026-01-31 22:31:24,923311,25839,23397,23435,4275,2064,9940,9,48,False
2026-03-05 00:08:32,https://www.bilibili.com/video/BV1nM6WBiEQs/?spm_id_from=333.1387.favlist.content.click&vd_source=406d0cf895bedbdc58a3d0130d55e34c,BV1nM6WBiEQs,【王橹杰FOCUS |4K直拍】希区考克,Morpheus秩序外_王橹杰,3632310920415710,2026-02-01 09:06:59,971584,39045,32988,28746,5990,3368,13320,33,0,False
2026-03-05 01:08:45,https://www.bilibili.com/video/BV1nM6WBiEQs/?spm_id_from=333.1387.favlist.content.click&vd_source=406d0cf895bedbdc58a3d0130d55e34c,BV1nM6WBiEQs,【王橹杰FOCUS |4K直拍】希区考克,Morpheus秩序外_王橹杰,3632310920415710,2026-02-01 09:06:59,971686,39050,32990,28748,5996,3369,13321,23,102,False
2026-03-05 02:08:57,https://www.bilibili.com/video/BV1nM6WBiEQs/?spm_id_from=333.1387.favlist.content.click&vd_source=406d0cf895bedbdc58a3d0130d55e34c,BV1nM6WBiEQs,【王橹杰FOCUS |4K直拍】希区考克,Morpheus秩序外_王橹杰,3632310920415710,2026-02-01 09:06:59,971748,39054,32990,28748,5997,3370,13321,23,62,False
2026-03-05 03:09:10,https://www.bilibili.com/video/BV1nM6WBiEQs/?spm_id_from=333.1387.favlist.content.click&vd_source=406d0cf895bedbdc58a3d0130d55e34c,BV1nM6WBiEQs,【王橹杰FOCUS |4K直拍】希区考克,Morpheus秩序外_王橹杰,3632310920415710,2026-02-01 09:06:59,971796,39056,32990,28750,5999,3370,13322,14,48,False
2026-03-05 04:09:23,https://www.bilibili.com/video/BV1nM6WBiEQs/?spm_id_from=333.1387.favlist.content.click&vd_source=406d0cf895bedbdc58a3d0130d55e34c,BV1nM6WBiEQs,【王橹杰FOCUS |4K直拍】希区考克,Morpheus秩序外_王橹杰,3632310920415710,2026-02-01 09:06:59,971831,39057,32990,28754,5999,3370,13326,18,35,False
2026-03-05 05:09:35,https://www.bilibili.com/video/BV1nM6WBiEQs/?spm_id_from=333.1387.favlist.content.click&vd_source=406d0cf895bedbdc58a3d0130d55e34c,BV1nM6WBiEQs,【王橹杰FOCUS |4K直拍】希区考克,Morpheus秩序外_王橹杰,3632310920415710,2026-02-01 09:06:59,971853,39057,32990,28754,5999,3370,13326,17,22,False
2026-03-05 06:09:47,https://www.bilibili.com/video/BV1nM6WBiEQs/?spm_id_from=333.1387.favlist.content.click&vd_source=406d0cf895bedbdc58a3d0130d55e34c,BV1nM6WBiEQs,【王橹杰FOCUS |4K直拍】希区考克,Morpheus秩序外_王橹杰,3632310920415710,2026-02-01 09:06:59,971868,39057,32990,28756,6000,3370,13327,15,15,False
2026-03-05 07:10:00,https://www.bilibili.com/video/BV1nM6WBiEQs/?spm_id_from=333.1387.favlist.content.click&vd_source=406d0cf895bedbdc58a3d0130d55e34c,BV1nM6WBiEQs,【王橹杰FOCUS |4K直拍】希区考克,Morpheus秩序外_王橹杰,3632310920415710,2026-02-01 09:06:59,971888,39057,32990,28756,6000,3370,13327,10,20,False
2026-03-05 08:10:12,https://www.bilibili.com/video/BV1nM6WBiEQs/?spm_id_from=333.1387.favlist.content.click&vd_source=406d0cf895bedbdc58a3d0130d55e34c,BV1nM6WBiEQs,【王橹杰FOCUS |4K直拍】希区考克,Morpheus秩序外_王橹杰,3632310920415710,2026-02-01 09:06:59,971907,39057,32990,28756,6002,3370,13327,18,19,False
2026-03-05 09:10:25,https://www.bilibili.com/video/BV1nM6WBiEQs/?spm_id_from=333.1387.favlist.content.click&vd_source=406d0cf895bedbdc58a3d0130d55e34c,BV1nM6WBiEQs,【王橹杰FOCUS |4K直拍】希区考克,Morpheus秩序外_王橹杰,3632310920415710,2026-02-01 09:06:59,971950,39058,32992,28758,6002,3370,13327,21,43,False
2026-03-05 10:10:37,https://www.bilibili.com/video/BV1nM6WBiEQs/?spm_id_from=333.1387.favlist.content.click&vd_source=406d0cf895bedbdc58a3d0130d55e34c,BV1nM6WBiEQs,【王橹杰FOCUS |4K直拍】希区考克,Morpheus秩序外_王橹杰,3632310920415710,2026-02-01 09:06:59,971991,39060,32994,28759,6002,3370,13327,22,41,False
2026-03-05 11:10:50,https://www.bilibili.com/video/BV1nM6WBiEQs/?spm_id_from=333.1387.favlist.content.click&vd_source=406d0cf895bedbdc58a3d0130d55e34c,BV1nM6WBiEQs,【王橹杰FOCUS |4K直拍】希区考克,Morpheus秩序外_王橹杰,3632310920415710,2026-02-01 09:06:59,972061,39063,32996,28761,6002,3370,13328,16,70,False
2026-03-05 12:11:02,https://www.bilibili.com/video/BV1nM6WBiEQs/?spm_id_from=333.1387.favlist.content.click&vd_source=406d0cf895bedbdc58a3d0130d55e34c,BV1nM6WBiEQs,【王橹杰FOCUS |4K直拍】希区考克,Morpheus秩序外_王橹杰,3632310920415710,2026-02-01 09:06:59,972147,39068,33002,28765,6005,3370,13332,17,86,False
2026-03-05 13:11:14,https://www.bilibili.com/video/BV1nM6WBiEQs/?spm_id_from=333.1387.favlist.content.click&vd_source=406d0cf895bedbdc58a3d0130d55e34c,BV1nM6WBiEQs,【王橹杰FOCUS |4K直拍】希区考克,Morpheus秩序外_王橹杰,3632310920415710,2026-02-01 09:06:59,972227,39072,33004,28767,6005,3370,13334,12,80,False
2026-03-05 14:11:27,https://www.bilibili.com/video/BV1nM6WBiEQs/?spm_id_from=333.1387.favlist.content.click&vd_source=406d0cf895bedbdc58a3d0130d55e34c,BV1nM6WBiEQs,【王橹杰FOCUS |4K直拍】希区考克,Morpheus秩序外_王橹杰,3632310920415710,2026-02-01 09:06:59,972312,39074,33004,28767,6005,3370,13334,13,85,False
2026-03-05 15:11:39,https://www.bilibili.com/video/BV1nM6WBiEQs/?spm_id_from=333.1387.favlist.content.click&vd_source=406d0cf895bedbdc58a3d0130d55e34c,BV1nM6WBiEQs,【王橹杰FOCUS |4K直拍】希区考克,Morpheus秩序外_王橹杰,3632310920415710,2026-02-01 09:06:59,972409,39080,33010,28773,6005,3370,13334,20,97,False
2026-03-05 16:11:52,https://www.bilibili.com/video/BV1nM6WBiEQs/?spm_id_from=333.1387.favlist.content.click&vd_source=406d0cf895bedbdc58a3d0130d55e34c,BV1nM6WBiEQs,【王橹杰FOCUS |4K直拍】希区考克,Morpheus秩序外_王橹杰,3632310920415710,2026-02-01 09:06:59,972492,39081,33010,28773,6007,3370,13335,27,83,False
2026-03-05 17:12:04,https://www.bilibili.com/video/BV1nM6WBiEQs/?spm_id_from=333.1387.favlist.content.click&vd_source=406d0cf895bedbdc58a3d0130d55e34c,BV1nM6WBiEQs,【王橹杰FOCUS |4K直拍】希区考克,Morpheus秩序外_王橹杰,3632310920415710,2026-02-01 09:06:59,972588,39082,33012,28775,6007,3370,13336,19,96,False
2026-03-05 18:12:17,https://www.bilibili.com/video/BV1nM6WBiEQs/?spm_id_from=333.1387.favlist.content.click&vd_source=406d0cf895bedbdc58a3d0130d55e34c,BV1nM6WBiEQs,【王橹杰FOCUS |4K直拍】希区考克,Morpheus秩序外_王橹杰,3632310920415710,2026-02-01 09:06:59,972683,39087,33016,28777,6007,3370,13337,21,95,False
2026-03-05 19:12:29,https://www.bilibili.com/video/BV1nM6WBiEQs/?spm_id_from=333.1387.favlist.content.click&vd_source=406d0cf895bedbdc58a3d0130d55e34c,BV1nM6WBiEQs,【王橹杰FOCUS |4K直拍】希区考克,Morpheus秩序外_王橹杰,3632310920415710,2026-02-01 09:06:59,972762,39089,33018,28778,6008,3370,13338,20,79,False
2026-03-05 20:12:42,https://www.bilibili.com/video/BV1nM6WBiEQs/?spm_id_from=333.1387.favlist.content.click&vd_source=406d0cf895bedbdc58a3d0130d55e34c,BV1nM6WBiEQs,【王橹杰FOCUS |4K直拍】希区考克,Morpheus秩序外_王橹杰,3632310920415710,2026-02-01 09:06:59,972880,39095,33019,28782,6009,3370,13338,16,118,False
2026-03-05 21:12:55,https://www.bilibili.com/video/BV1nM6WBiEQs/?spm_id_from=333.1387.favlist.content.click&vd_source=406d0cf895bedbdc58a3d0130d55e34c,BV1nM6WBiEQs,【王橹杰FOCUS |4K直拍】希区考克,Morpheus秩序外_王橹杰,3632310920415710,2026-02-01 09:06:59,973010,39097,33023,28790,6011,3371,13339,21,130,False
2026-03-05 22:13:08,https://www.bilibili.com/video/BV1nM6WBiEQs/?spm_id_from=333.1387.favlist.content.click&vd_source=406d0cf895bedbdc58a3d0130d55e34c,BV1nM6WBiEQs,【王橹杰FOCUS |4K直拍】希区考克,Morpheus秩序外_王橹杰,3632310920415710,2026-02-01 09:06:59,973180,39107,33029,28798,6013,3373,13339,22,170,False
2026-03-05 23:13:20,https://www.bilibili.com/video/BV1nM6WBiEQs/?spm_id_from=333.1387.favlist.content.click&vd_source=406d0cf895bedbdc58a3d0130d55e34c,BV1nM6WBiEQs,【王橹杰FOCUS |4K直拍】希区考克,Morpheus秩序外_王橹杰,3632310920415710,2026-02-01 09:06:59,973343,39116,33033,28802,6018,3373,13340,14,163,False
2026-03-05 00:08:32,https://www.bilibili.com/video/BV1oi61BdEvP/?spm_id_from=333.1387.favlist.content.click&vd_source=406d0cf895bedbdc58a3d0130d55e34c,BV1oi61BdEvP,【TF家族王橹杰】当舞台变成希区考克的片场丨王橹杰4K直拍双机位,Capricorn王橹杰,3537114847251044,2026-01-31 20:09:30,1004552,28000,24177,24181,4566,3075,10343,11,0,False
2026-03-05 01:08:45,https://www.bilibili.com/video/BV1oi61BdEvP/?spm_id_from=333.1387.favlist.content.click&vd_source=406d0cf895bedbdc58a3d0130d55e34c,BV1oi61BdEvP,【TF家族王橹杰】当舞台变成希区考克的片场丨王橹杰4K直拍双机位,Capricorn王橹杰,3537114847251044,2026-01-31 20:09:30,1004724,28014,24184,24189,4569,3075,10346,7,172,False
2026-03-05 02:08:57,https://www.bilibili.com/video/BV1oi61BdEvP/?spm_id_from=333.1387.favlist.content.click&vd_source=406d0cf895bedbdc58a3d0130d55e34c,BV1oi61BdEvP,【TF家族王橹杰】当舞台变成希区考克的片场丨王橹杰4K直拍双机位,Capricorn王橹杰,3537114847251044,2026-01-31 20:09:30,1004818,28016,24188,24192,4570,3075,10349,9,94,False
2026-03-05 03:09:10,https://www.bilibili.com/video/BV1oi61BdEvP/?spm_id_from=333.1387.favlist.content.click&vd_source=406d0cf895bedbdc58a3d0130d55e34c,BV1oi61BdEvP,【TF家族王橹杰】当舞台变成希区考克的片场丨王橹杰4K直拍双机位,Capricorn王橹杰,3537114847251044,2026-01-31 20:09:30,1004885,28019,24194,24194,4570,3075,10349,7,67,False
2026-03-05 04:09:23,https://www.bilibili.com/video/BV1oi61BdEvP/?spm_id_from=333.1387.favlist.content.click&vd_source=406d0cf895bedbdc58a3d0130d55e34c,BV1oi61BdEvP,【TF家族王橹杰】当舞台变成希区考克的片场丨王橹杰4K直拍双机位,Capricorn王橹杰,3537114847251044,2026-01-31 20:09:30,1004934,28021,24194,24193,4570,3075,10349,7,49,False
2026-03-05 05:09:35,https://www.bilibili.com/video/BV1oi61BdEvP/?spm_id_from=333.1387.favlist.content.click&vd_source=406d0cf895bedbdc58a3d0130d55e34c,BV1oi61BdEvP,【TF家族王橹杰】当舞台变成希区考克的片场丨王橹杰4K直拍双机位,Capricorn王橹杰,3537114847251044,2026-01-31 20:09:30,1004958,28022,24194,24194,4570,3075,10349,4,24,False
2026-03-05 06:09:47,https://www.bilibili.com/video/BV1oi61BdEvP/?spm_id_from=333.1387.favlist.content.click&vd_source=406d0cf895bedbdc58a3d0130d55e34c,BV1oi61BdEvP,【TF家族王橹杰】当舞台变成希区考克的片场丨王橹杰4K直拍双机位,Capricorn王橹杰,3537114847251044,2026-01-31 20:09:30,1004982,28023,24194,24196,4571,3075,10349,3,24,False
2026-03-05 07:10:00,https://www.bilibili.com/video/BV1oi61BdEvP/?spm_id_from=333.1387.favlist.content.click&vd_source=406d0cf895bedbdc58a3d0130d55e34c,BV1oi61BdEvP,【TF家族王橹杰】当舞台变成希区考克的片场丨王橹杰4K直拍双机位,Capricorn王橹杰,3537114847251044,2026-01-31 20:09:30,1004994,28023,24194,24197,4571,3075,10349,7,12,False
2026-03-05 08:10:12,https://www.bilibili.com/video/BV1oi61BdEvP/?spm_id_from=333.1387.favlist.content.click&vd_source=406d0cf895bedbdc58a3d0130d55e34c,BV1oi61BdEvP,【TF家族王橹杰】当舞台变成希区考克的片场丨王橹杰4K直拍双机位,Capricorn王橹杰,3537114847251044,2026-01-31 20:09:30,1005017,28024,24194,24197,4572,3075,10349,3,23,False
2026-03-05 09:10:25,https://www.bilibili.com/video/BV1oi61BdEvP/?spm_id_from=333.1387.favlist.content.click&vd_source=406d0cf895bedbdc58a3d0130d55e34c,BV1oi61BdEvP,【TF家族王橹杰】当舞台变成希区考克的片场丨王橹杰4K直拍双机位,Capricorn王橹杰,3537114847251044,2026-01-31 20:09:30,1005047,28025,24194,24201,4572,3075,10349,5,30,False
2026-03-05 10:10:37,https://www.bilibili.com/video/BV1oi61BdEvP/?spm_id_from=333.1387.favlist.content.click&vd_source=406d0cf895bedbdc58a3d0130d55e34c,BV1oi61BdEvP,【TF家族王橹杰】当舞台变成希区考克的片场丨王橹杰4K直拍双机位,Capricorn王橹杰,3537114847251044,2026-01-31 20:09:30,1005073,28025,24194,24201,4572,3075,10349,5,26,False
2026-03-05 11:10:50,https://www.bilibili.com/video/BV1oi61BdEvP/?spm_id_from=333.1387.favlist.content.click&vd_source=406d0cf895bedbdc58a3d0130d55e34c,BV1oi61BdEvP,【TF家族王橹杰】当舞台变成希区考克的片场丨王橹杰4K直拍双机位,Capricorn王橹杰,3537114847251044,2026-01-31 20:09:30,1005135,28027,24198,24203,4572,3075,10349,5,62,False
2026-03-05 12:11:02,https://www.bilibili.com/video/BV1oi61BdEvP/?spm_id_from=333.1387.favlist.content.click&vd_source=406d0cf895bedbdc58a3d0130d55e34c,BV1oi61BdEvP,【TF家族王橹杰】当舞台变成希区考克的片场丨王橹杰4K直拍双机位,Capricorn王橹杰,3537114847251044,2026-01-31 20:09:30,1005196,28031,24198,24206,4572,3075,10349,6,61,False
2026-03-05 13:11:14,https://www.bilibili.com/video/BV1oi61BdEvP/?spm_id_from=333.1387.favlist.content.click&vd_source=406d0cf895bedbdc58a3d0130d55e34c,BV1oi61BdEvP,【TF家族王橹杰】当舞台变成希区考克的片场丨王橹杰4K直拍双机位,Capricorn王橹杰,3537114847251044,2026-01-31 20:09:30,1005311,28034,24200,24205,4572,3075,10349,16,115,False
2026-03-05 14:11:27,https://www.bilibili.com/video/BV1oi61BdEvP/?spm_id_from=333.1387.favlist.content.click&vd_source=406d0cf895bedbdc58a3d0130d55e34c,BV1oi61BdEvP,【TF家族王橹杰】当舞台变成希区考克的片场丨王橹杰4K直拍双机位,Capricorn王橹杰,3537114847251044,2026-01-31 20:09:30,1005409,28040,24204,24209,4572,3075,10352,14,98,False
2026-03-05 15:11:39,https://www.bilibili.com/video/BV1oi61BdEvP/?spm_id_from=333.1387.favlist.content.click&vd_source=406d0cf895bedbdc58a3d0130d55e34c,BV1oi61BdEvP,【TF家族王橹杰】当舞台变成希区考克的片场丨王橹杰4K直拍双机位,Capricorn王橹杰,3537114847251044,2026-01-31 20:09:30,1005521,28042,24204,24210,4572,3075,10352,13,112,False
2026-03-05 16:11:52,https://www.bilibili.com/video/BV1oi61BdEvP/?spm_id_from=333.1387.favlist.content.click&vd_source=406d0cf895bedbdc58a3d0130d55e34c,BV1oi61BdEvP,【TF家族王橹杰】当舞台变成希区考克的片场丨王橹杰4K直拍双机位,Capricorn王橹杰,3537114847251044,2026-01-31 20:09:30,1005614,28048,24206,24211,4572,3075,10354,13,93,False
2026-03-05 17:12:04,https://www.bilibili.com/video/BV1oi61BdEvP/?spm_id_from=333.1387.favlist.content.click&vd_source=406d0cf895bedbdc58a3d0130d55e34c,BV1oi61BdEvP,【TF家族王橹杰】当舞台变成希区考克的片场丨王橹杰4K直拍双机位,Capricorn王橹杰,3537114847251044,2026-01-31 20:09:30,1005714,28050,24206,24212,4572,3075,10354,6,100,False
2026-03-05 18:12:17,https://www.bilibili.com/video/BV1oi61BdEvP/?spm_id_from=333.1387.favlist.content.click&vd_source=406d0cf895bedbdc58a3d0130d55e34c,BV1oi61BdEvP,【TF家族王橹杰】当舞台变成希区考克的片场丨王橹杰4K直拍双机位,Capricorn王橹杰,3537114847251044,2026-01-31 20:09:30,1005820,28056,24210,24215,4572,3075,10354,12,106,False
2026-03-05 19:12:29,https://www.bilibili.com/video/BV1oi61BdEvP/?spm_id_from=333.1387.favlist.content.click&vd_source=406d0cf895bedbdc58a3d0130d55e34c,BV1oi61BdEvP,【TF家族王橹杰】当舞台变成希区考克的片场丨王橹杰4K直拍双机位,Capricorn王橹杰,3537114847251044,2026-01-31 20:09:30,1005963,28067,24216,24221,4572,3075,10355,12,143,False
2026-03-05 20:12:42,https://www.bilibili.com/video/BV1oi61BdEvP/?spm_id_from=333.1387.favlist.content.click&vd_source=406d0cf895bedbdc58a3d0130d55e34c,BV1oi61BdEvP,【TF家族王橹杰】当舞台变成希区考克的片场丨王橹杰4K直拍双机位,Capricorn王橹杰,3537114847251044,2026-01-31 20:09:30,1006112,28077,24216,24225,4572,3075,10355,12,149,False
2026-03-05 21:12:55,https://www.bilibili.com/video/BV1oi61BdEvP/?spm_id_from=333.1387.favlist.content.click&vd_source=406d0cf895bedbdc58a3d0130d55e34c,BV1oi61BdEvP,【TF家族王橹杰】当舞台变成希区考克的片场丨王橹杰4K直拍双机位,Capricorn王橹杰,3537114847251044,2026-01-31 20:09:30,1006306,28087,24216,24233,4573,3075,10360,14,194,False
2026-03-05 22:13:08,https://www.bilibili.com/video/BV1oi61BdEvP/?spm_id_from=333.1387.favlist.content.click&vd_source=406d0cf895bedbdc58a3d0130d55e34c,BV1oi61BdEvP,【TF家族王橹杰】当舞台变成希区考克的片场丨王橹杰4K直拍双机位,Capricorn王橹杰,3537114847251044,2026-01-31 20:09:30,1006512,28101,24219,24238,4575,3077,10361,13,206,False
2026-03-05 23:13:20,https://www.bilibili.com/video/BV1oi61BdEvP/?spm_id_from=333.1387.favlist.content.click&vd_source=406d0cf895bedbdc58a3d0130d55e34c,BV1oi61BdEvP,【TF家族王橹杰】当舞台变成希区考克的片场丨王橹杰4K直拍双机位,Capricorn王橹杰,3537114847251044,2026-01-31 20:09:30,1006700,28117,24223,24249,4575,3077,10362,9,188,False
2026-03-05 00:08:32,https://www.bilibili.com/video/BV1chwTeXEqS/?spm_id_from=333.337.search-card.all.click&vd_source=406d0cf895bedbdc58a3d0130d55e34c,BV1chwTeXEqS,元气樱花少年！【王橹杰】《Para Para Sakura》4K直拍 | 250118 TF家族新年音乐会,麦辣脆猪猪,325217719,2025-01-19 00:21:05,2356214,119465,58230,74269,9731,6608,16865,5,0,False
2026-03-05 01:08:45,https://www.bilibili.com/video/BV1chwTeXEqS/?spm_id_from=333.337.search-card.all.click&vd_source=406d0cf895bedbdc58a3d0130d55e34c,BV1chwTeXEqS,元气樱花少年！【王橹杰】《Para Para Sakura》4K直拍 | 250118 TF家族新年音乐会,麦辣脆猪猪,325217719,2025-01-19 00:21:05,2356335,119474,58232,74274,9733,6609,16865,3,121,False
2026-03-05 02:08:57,https://www.bilibili.com/video/BV1chwTeXEqS/?spm_id_from=333.337.search-card.all.click&vd_source=406d0cf895bedbdc58a3d0130d55e34c,BV1chwTeXEqS,元气樱花少年！【王橹杰】《Para Para Sakura》4K直拍 | 250118 TF家族新年音乐会,麦辣脆猪猪,325217719,2025-01-19 00:21:05,2356394,119475,58232,74276,9734,6609,16865,1,59,False
2026-03-05 03:09:10,https://www.bilibili.com/video/BV1chwTeXEqS/?spm_id_from=333.337.search-card.all.click&vd_source=406d0cf895bedbdc58a3d0130d55e34c,BV1chwTeXEqS,元气樱花少年！【王橹杰】《Para Para Sakura》4K直拍 | 250118 TF家族新年音乐会,麦辣脆猪猪,325217719,2025-01-19 00:21:05,2356430,119477,58232,74276,9734,6610,16865,4,36,False
2026-03-05 04:09:23,https://www.bilibili.com/video/BV1chwTeXEqS/?spm_id_from=333.337.search-card.all.click&vd_source=406d0cf895bedbdc58a3d0130d55e34c,BV1chwTeXEqS,元气樱花少年！【王橹杰】《Para Para Sakura》4K直拍 | 250118 TF家族新年音乐会,麦辣脆猪猪,325217719,2025-01-19 00:21:05,2356452,119479,58234,74278,9734,6610,16868,1,22,False
2026-03-05 05:09:35,https://www.bilibili.com/video/BV1chwTeXEqS/?spm_id_from=333.337.search-card.all.click&vd_source=406d0cf895bedbdc58a3d0130d55e34c,BV1chwTeXEqS,元气樱花少年！【王橹杰】《Para Para Sakura》4K直拍 | 250118 TF家族新年音乐会,麦辣脆猪猪,325217719,2025-01-19 00:21:05,2356457,119479,58234,74278,9734,6610,16868,1,5,False
2026-03-05 06:09:47,https://www.bilibili.com/video/BV1chwTeXEqS/?spm_id_from=333.337.search-card.all.click&vd_source=406d0cf895bedbdc58a3d0130d55e34c,BV1chwTeXEqS,元气樱花少年！【王橹杰】《Para Para Sakura》4K直拍 | 250118 TF家族新年音乐会,麦辣脆猪猪,325217719,2025-01-19 00:21:05,2356471,119479,58234,74278,9734,6610,16868,2,14,False
2026-03-05 07:10:00,https://www.bilibili.com/video/BV1chwTeXEqS/?spm_id_from=333.337.search-card.all.click&vd_source=406d0cf895bedbdc58a3d0130d55e34c,BV1chwTeXEqS,元气樱花少年！【王橹杰】《Para Para Sakura》4K直拍 | 250118 TF家族新年音乐会,麦辣脆猪猪,325217719,2025-01-19 00:21:05,2356478,119479,58234,74278,9734,6610,16868,1,7,False
2026-03-05 08:10:12,https://www.bilibili.com/video/BV1chwTeXEqS/?spm_id_from=333.337.search-card.all.click&vd_source=406d0cf895bedbdc58a3d0130d55e34c,BV1chwTeXEqS,元气樱花少年！【王橹杰】《Para Para Sakura》4K直拍 | 250118 TF家族新年音乐会,麦辣脆猪猪,325217719,2025-01-19 00:21:05,2356499,119481,58234,74281,9736,6610,16868,2,21,False
2026-03-05 09:10:25,https://www.bilibili.com/video/BV1chwTeXEqS/?spm_id_from=333.337.search-card.all.click&vd_source=406d0cf895bedbdc58a3d0130d55e34c,BV1chwTeXEqS,元气樱花少年！【王橹杰】《Para Para Sakura》4K直拍 | 250118 TF家族新年音乐会,麦辣脆猪猪,325217719,2025-01-19 00:21:05,2356526,119481,58234,74282,9736,6610,16868,2,27,False
2026-03-05 10:10:37,https://www.bilibili.com/video/BV1chwTeXEqS/?spm_id_from=333.337.search-card.all.click&vd_source=406d0cf895bedbdc58a3d0130d55e34c,BV1chwTeXEqS,元气樱花少年！【王橹杰】《Para Para Sakura》4K直拍 | 250118 TF家族新年音乐会,麦辣脆猪猪,325217719,2025-01-19 00:21:05,2356554,119482,58234,74282,9736,6610,16869,4,28,False
2026-03-05 11:10:50,https://www.bilibili.com/video/BV1chwTeXEqS/?spm_id_from=333.337.search-card.all.click&vd_source=406d0cf895bedbdc58a3d0130d55e34c,BV1chwTeXEqS,元气樱花少年！【王橹杰】《Para Para Sakura》4K直拍 | 250118 TF家族新年音乐会,麦辣脆猪猪,325217719,2025-01-19 00:21:05,2356606,119485,58234,74285,9736,6610,16870,7,52,False
2026-03-05 12:11:02,https://www.bilibili.com/video/BV1chwTeXEqS/?spm_id_from=333.337.search-card.all.click&vd_source=406d0cf895bedbdc58a3d0130d55e34c,BV1chwTeXEqS,元气樱花少年！【王橹杰】《Para Para Sakura》4K直拍 | 250118 TF家族新年音乐会,麦辣脆猪猪,325217719,2025-01-19 00:21:05,2356669,119488,58234,74286,9738,6610,16870,9,63,False
2026-03-05 13:11:14,https://www.bilibili.com/video/BV1chwTeXEqS/?spm_id_from=333.337.search-card.all.click&vd_source=406d0cf895bedbdc58a3d0130d55e34c,BV1chwTeXEqS,元气樱花少年！【王橹杰】《Para Para Sakura》4K直拍 | 250118 TF家族新年音乐会,麦辣脆猪猪,325217719,2025-01-19 00:21:05,2356768,119493,58240,74288,9738,6610,16870,7,99,False
2026-03-05 14:11:27,https://www.bilibili.com/video/BV1chwTeXEqS/?spm_id_from=333.337.search-card.all.click&vd_source=406d0cf895bedbdc58a3d0130d55e34c,BV1chwTeXEqS,元气樱花少年！【王橹杰】《Para Para Sakura》4K直拍 | 250118 TF家族新年音乐会,麦辣脆猪猪,325217719,2025-01-19 00:21:05,2356841,119496,58240,74289,9738,6610,16870,3,73,False
2026-03-05 15:11:39,https://www.bilibili.com/video/BV1chwTeXEqS/?spm_id_from=333.337.search-card.all.click&vd_source=406d0cf895bedbdc58a3d0130d55e34c,BV1chwTeXEqS,元气樱花少年！【王橹杰】《Para Para Sakura》4K直拍 | 250118 TF家族新年音乐会,麦辣脆猪猪,325217719,2025-01-19 00:21:05,2356901,119497,58240,74289,9738,6610,16870,3,60,False
2026-03-05 16:11:52,https://www.bilibili.com/video/BV1chwTeXEqS/?spm_id_from=333.337.search-card.all.click&vd_source=406d0cf895bedbdc58a3d0130d55e34c,BV1chwTeXEqS,元气樱花少年！【王橹杰】《Para Para Sakura》4K直拍 | 250118 TF家族新年音乐会,麦辣脆猪猪,325217719,2025-01-19 00:21:05,2356976,119499,58242,74287,9738,6610,16870,5,75,False
2026-03-05 17:12:04,https://www.bilibili.com/video/BV1chwTeXEqS/?spm_id_from=333.337.search-card.all.click&vd_source=406d0cf895bedbdc58a3d0130d55e34c,BV1chwTeXEqS,元气樱花少年！【王橹杰】《Para Para Sakura》4K直拍 | 250118 TF家族新年音乐会,麦辣脆猪猪,325217719,2025-01-19 00:21:05,2357040,119502,58244,74291,9738,6610,16870,6,64,False
2026-03-05 18:12:17,https://www.bilibili.com/video/BV1chwTeXEqS/?spm_id_from=333.337.search-card.all.click&vd_source=406d0cf895bedbdc58a3d0130d55e34c,BV1chwTeXEqS,元气樱花少年！【王橹杰】《Para Para Sakura》4K直拍 | 250118 TF家族新年音乐会,麦辣脆猪猪,325217719,2025-01-19 00:21:05,2357143,119511,58247,74297,9738,6610,16870,4,103,False
2026-03-05 19:12:29,https://www.bilibili.com/video/BV1chwTeXEqS/?spm_id_from=333.337.search-card.all.click&vd_source=406d0cf895bedbdc58a3d0130d55e34c,BV1chwTeXEqS,元气樱花少年！【王橹杰】《Para Para Sakura》4K直拍 | 250118 TF家族新年音乐会,麦辣脆猪猪,325217719,2025-01-19 00:21:05,2357263,119514,58247,74300,9739,6610,16872,5,120,False
2026-03-05 20:12:42,https://www.bilibili.com/video/BV1chwTeXEqS/?spm_id_from=333.337.search-card.all.click&vd_source=406d0cf895bedbdc58a3d0130d55e34c,BV1chwTeXEqS,元气樱花少年！【王橹杰】《Para Para Sakura》4K直拍 | 250118 TF家族新年音乐会,麦辣脆猪猪,325217719,2025-01-19 00:21:05,2357423,119523,58249,74308,9739,6610,16872,8,160,False
2026-03-05 21:12:55,https://www.bilibili.com/video/BV1chwTeXEqS/?spm_id_from=333.337.search-card.all.click&vd_source=406d0cf895bedbdc58a3d0130d55e34c,BV1chwTeXEqS,元气樱花少年！【王橹杰】《Para Para Sakura》4K直拍 | 250118 TF家族新年音乐会,麦辣脆猪猪,325217719,2025-01-19 00:21:05,2357596,119527,58251,74310,9740,6611,16872,4,173,False
2026-03-05 22:13:08,https://www.bilibili.com/video/BV1chwTeXEqS/?spm_id_from=333.337.search-card.all.click&vd_source=406d0cf895bedbdc58a3d0130d55e34c,BV1chwTeXEqS,元气樱花少年！【王橹杰】《Para Para Sakura》4K直拍 | 250118 TF家族新年音乐会,麦辣脆猪猪,325217719,2025-01-19 00:21:05,2357792,119535,58255,74320,9741,6611,16872,10,196,False
2026-03-05 23:13:20,https://www.bilibili.com/video/BV1chwTeXEqS/?spm_id_from=333.337.search-card.all.click&vd_source=406d0cf895bedbdc58a3d0130d55e34c,BV1chwTeXEqS,元气樱花少年！【王橹杰】《Para Para Sakura》4K直拍 | 250118 TF家族新年音乐会,麦辣脆猪猪,325217719,2025-01-19 00:21:05,2357945,119544,58255,74322,9742,6612,16872,3,153,False
