采集时间,输入,原始顺序,BV号,标题,UP主,上传时间,总播放量,点赞数,投币数,收藏数,转发数,评论数,弹幕数,在线人数
2026-08-27 00:00:03,https://www.bilibili.com/video/BV1GdgW6JEe9/?spm_id_from=333.1387.favlist.content.click&vd_source=406d0cf895bedbdc58a3d0130d55e34c,0,BV1GdgW6JEe9,【杨博文｜4k直拍】Whiplash 双日直拍混剪,关键时刻来瓶尖叫,2026-08-13 23:45:41,235629,28707,23031,21949,7031,4743,8262,9
2026-08-27 00:00:03,https://www.bilibili.com/video/BV1W5gs6KEhr/?spm_id_from=333.1387.favlist.content.click&vd_source=406d0cf895bedbdc58a3d0130d55e34c,1,BV1W5gs6KEhr,【4K精剪】异常加载中 | 杨博文直拍 | 260813,underthepoplar,2026-08-13 22:44:57,194466,23785,15968,17664,6319,7414,8684,3
2026-08-27 00:00:03,https://www.bilibili.com/video/BV1VFbd6QEjw/spm_id_from=333.1387.favlist.content.click&vd_source=406d0cf895bedbdc58a3d0130d55e34c,2,BV1VFbd6QEjw,【杨博文｜4k直拍】管他什么音乐 直拍,关键时刻来瓶尖叫,2026-08-16 23:08:52,86478,6065,3588,4689,2685,564,33,1
2026-08-27 00:00:03,https://www.bilibili.com/video/BV1xebR6zEkr/?spm_id_from=333.1387.favlist.content.click&vd_source=406d0cf895bedbdc58a3d0130d55e34c,3,BV1xebR6zEkr,【4K精剪】Attention | 杨博文直拍 | 260816,underthepoplar,2026-08-16 23:54:18,211099,17537,10738,14554,3225,1771,2877,27
2026-08-27 00:00:03,https://www.bilibili.com/video/BV1s3gs6MEej/?spm_id_from=333.1387.favlist.content.click&vd_source=406d0cf895bedbdc58a3d0130d55e34c,4,BV1s3gs6MEej,【杨博文｜4k直拍】爱的初体验 直拍,关键时刻来瓶尖叫,2026-08-13 22:46:37,123529,13014,6833,9988,3482,526,2545,2
2026-08-27 00:00:03,https://www.bilibili.com/video/BV1E2bR6hEJR/?spm_id_from=333.1387.favlist.content.click&vd_source=406d0cf895bedbdc58a3d0130d55e34c,5,BV1E2bR6hEJR,【杨博文】Attention丨直拍横屏丨16岁高中生内娱主舞的舞台掌控力丨8.16双机位4k精剪,Kismet丨杨博文,2026-08-16 22:13:05,279928,30028,14657,20897,4502,10100,12173,99
2026-08-27 00:00:03,https://www.bilibili.com/video/BV1Rib96EE3F/?spm_id_from=333.1387.favlist.content.click&vd_source=406d0cf895bedbdc58a3d0130d55e34c,6,BV1Rib96EE3F,260816 【杨博文】春雪  竖屏4k直拍,meetsummer丨杨博文,2026-08-17 01:54:42,48399,9386,3612,4914,1865,727,751,1
2026-08-27 00:00:03,https://www.bilibili.com/video/BV18jgg6BEAd/?spm_id_from=333.1387.favlist.content.click&vd_source=406d0cf895bedbdc58a3d0130d55e34c,7,BV18jgg6BEAd,【4K精剪】摇曳！摇曳！ | 杨博文直拍 | 260813 & 260814,underthepoplar,2026-08-15 13:26:46,73772,10531,7433,6924,2913,480,1187,6
2026-08-27 00:00:03,https://www.bilibili.com/video/BV1A5vkB2E1k/?spm_id_from=333.1387.favlist.content.click&vd_source=406d0cf895bedbdc58a3d0130d55e34c,8,BV1A5vkB2E1k,【杨博文】Hey Mama六机位纯舞直拍丨15岁舞台统治者的诞生，四代主舞燃炸全场！,Kismet丨杨博文,2025-12-28 22:28:16,2811793,65798,45965,48096,27878,13676,22039,1
2026-08-27 00:00:03,https://www.bilibili.com/video/BV1mJ64BREZY/?spm_id_from=333.337.search-card.all.click&vd_source=406d0cf895bedbdc58a3d0130d55e34c,9,BV1mJ64BREZY,【杨博文】闭嘴跳舞丨当主舞穿上西装就会得到,Kismet丨杨博文,2026-02-01 18:31:00,622358,35190,4047,25447,8601,448,654,1
2026-08-27 00:00:03,BV1mX8z6NEzz,10,BV1mX8z6NEzz,【4K精剪】管他什么音乐 | 杨博文直拍 | 260816,underthepoplar,2026-08-22 04:21:09,19853,2924,1484,1528,39,47,67,3
2026-08-27 00:00:03,BV1qHbb6QErY,11,BV1qHbb6QErY,杨博文｜260816第肆象限attention<4k精剪>,61strawberry,2026-08-17 06:33:44,15370,1665,426,1134,7,11,16,5
2026-08-27 00:00:03,BV15egs6pEJp,12,BV15egs6pEJp,杨博文｜Whiplash 2机位精剪 直拍 fancam｜4K60｜260813,LOST_杨博文,2026-08-13 23:03:07,96833,8467,1919,6248,63,71,249,2
2026-08-27 00:00:03,BV1rqgW6hEvv,13,BV1rqgW6hEvv,【杨博文｜4k直拍】100Ways 直拍,关键时刻来瓶尖叫,2026-08-14 01:41:46,32189,3738,1499,2710,38,36,226,3
2026-08-27 00:00:03,BV1k9gw6gE4U,14,BV1k9gw6gE4U,「杨博文｜爱的初体验」是不是我的十六岁 注定要为__流泪,Astra_杨博文,2026-08-14 13:49:20,24611,2445,670,1549,24,12,95,2
2026-08-27 00:00:03,BV1c3gF6wERf,15,BV1c3gF6wERf,【杨博文】元气甜度爆表！摇曳4k横屏直拍,游园会_杨博文,2026-08-14 01:43:31,50161,6284,2256,3930,67,53,483,2
2026-08-27 00:30:06,https://www.bilibili.com/video/BV1GdgW6JEe9/?spm_id_from=333.1387.favlist.content.click&vd_source=406d0cf895bedbdc58a3d0130d55e34c,0,BV1GdgW6JEe9,【杨博文｜4k直拍】Whiplash 双日直拍混剪,关键时刻来瓶尖叫,2026-08-13 23:45:41,235803,28712,23031,21951,7031,4743,8262,4
2026-08-27 00:30:06,https://www.bilibili.com/video/BV1W5gs6KEhr/?spm_id_from=333.1387.favlist.content.click&vd_source=406d0cf895bedbdc58a3d0130d55e34c,1,BV1W5gs6KEhr,【4K精剪】异常加载中 | 杨博文直拍 | 260813,underthepoplar,2026-08-13 22:44:57,194610,23787,15968,17667,6319,7415,8684,4
2026-08-27 00:30:06,https://www.bilibili.com/video/BV1VFbd6QEjw/spm_id_from=333.1387.favlist.content.click&vd_source=406d0cf895bedbdc58a3d0130d55e34c,2,BV1VFbd6QEjw,【杨博文｜4k直拍】管他什么音乐 直拍,关键时刻来瓶尖叫,2026-08-16 23:08:52,86486,6066,3588,4689,2685,564,33,3
2026-08-27 00:30:06,https://www.bilibili.com/video/BV1xebR6zEkr/?spm_id_from=333.1387.favlist.content.click&vd_source=406d0cf895bedbdc58a3d0130d55e34c,3,BV1xebR6zEkr,【4K精剪】Attention | 杨博文直拍 | 260816,underthepoplar,2026-08-16 23:54:18,211295,17546,10740,14564,3225,1772,2877,35
2026-08-27 00:30:06,https://www.bilibili.com/video/BV1s3gs6MEej/?spm_id_from=333.1387.favlist.content.click&vd_source=406d0cf895bedbdc58a3d0130d55e34c,4,BV1s3gs6MEej,【杨博文｜4k直拍】爱的初体验 直拍,关键时刻来瓶尖叫,2026-08-13 22:46:37,123555,13016,6835,9989,3482,526,2545,2
2026-08-27 00:30:06,https://www.bilibili.com/video/BV1E2bR6hEJR/?spm_id_from=333.1387.favlist.content.click&vd_source=406d0cf895bedbdc58a3d0130d55e34c,5,BV1E2bR6hEJR,【杨博文】Attention丨直拍横屏丨16岁高中生内娱主舞的舞台掌控力丨8.16双机位4k精剪,Kismet丨杨博文,2026-08-16 22:13:05,280215,30047,14662,20906,4504,10100,12176,93
2026-08-27 00:30:06,https://www.bilibili.com/video/BV1Rib96EE3F/?spm_id_from=333.1387.favlist.content.click&vd_source=406d0cf895bedbdc58a3d0130d55e34c,6,BV1Rib96EE3F,260816 【杨博文】春雪  竖屏4k直拍,meetsummer丨杨博文,2026-08-17 01:54:42,48410,9388,3612,4912,1865,727,751,2
2026-08-27 00:30:06,https://www.bilibili.com/video/BV18jgg6BEAd/?spm_id_from=333.1387.favlist.content.click&vd_source=406d0cf895bedbdc58a3d0130d55e34c,7,BV18jgg6BEAd,【4K精剪】摇曳！摇曳！ | 杨博文直拍 | 260813 & 260814,underthepoplar,2026-08-15 13:26:46,73827,10536,7437,6927,2913,480,1187,7
2026-08-27 00:30:06,https://www.bilibili.com/video/BV1A5vkB2E1k/?spm_id_from=333.1387.favlist.content.click&vd_source=406d0cf895bedbdc58a3d0130d55e34c,8,BV1A5vkB2E1k,【杨博文】Hey Mama六机位纯舞直拍丨15岁舞台统治者的诞生，四代主舞燃炸全场！,Kismet丨杨博文,2025-12-28 22:28:16,2811817,65800,45965,48100,27878,13676,22039,1
2026-08-27 00:30:06,https://www.bilibili.com/video/BV1mJ64BREZY/?spm_id_from=333.337.search-card.all.click&vd_source=406d0cf895bedbdc58a3d0130d55e34c,9,BV1mJ64BREZY,【杨博文】闭嘴跳舞丨当主舞穿上西装就会得到,Kismet丨杨博文,2026-02-01 18:31:00,622358,35190,4047,25447,8601,448,654,1
2026-08-27 00:30:06,BV1mX8z6NEzz,10,BV1mX8z6NEzz,【4K精剪】管他什么音乐 | 杨博文直拍 | 260816,underthepoplar,2026-08-22 04:21:09,20052,2928,1488,1529,39,47,67,9
2026-08-27 00:30:06,BV1qHbb6QErY,11,BV1qHbb6QErY,杨博文｜260816第肆象限attention<4k精剪>,61strawberry,2026-08-17 06:33:44,15571,1666,426,1135,8,11,16,10
2026-08-27 00:30:06,BV15egs6pEJp,12,BV15egs6pEJp,杨博文｜Whiplash 2机位精剪 直拍 fancam｜4K60｜260813,LOST_杨博文,2026-08-13 23:03:07,97027,8471,1919,6249,63,71,249,9
2026-08-27 00:30:06,BV1rqgW6hEvv,13,BV1rqgW6hEvv,【杨博文｜4k直拍】100Ways 直拍,关键时刻来瓶尖叫,2026-08-14 01:41:46,32375,3738,1499,2710,38,36,226,7
2026-08-27 00:30:06,BV1k9gw6gE4U,14,BV1k9gw6gE4U,「杨博文｜爱的初体验」是不是我的十六岁 注定要为__流泪,Astra_杨博文,2026-08-14 13:49:20,24792,2445,670,1549,24,12,95,5
2026-08-27 00:30:06,BV1c3gF6wERf,15,BV1c3gF6wERf,【杨博文】元气甜度爆表！摇曳4k横屏直拍,游园会_杨博文,2026-08-14 01:43:31,50351,6286,2256,3930,67,53,483,8
2026-08-27 01:00:08,https://www.bilibili.com/video/BV1GdgW6JEe9/?spm_id_from=333.1387.favlist.content.click&vd_source=406d0cf895bedbdc58a3d0130d55e34c,0,BV1GdgW6JEe9,【杨博文｜4k直拍】Whiplash 双日直拍混剪,关键时刻来瓶尖叫,2026-08-13 23:45:41,235962,28717,23031,21952,7031,4743,8262,4
2026-08-27 01:00:08,https://www.bilibili.com/video/BV1W5gs6KEhr/?spm_id_from=333.1387.favlist.content.click&vd_source=406d0cf895bedbdc58a3d0130d55e34c,1,BV1W5gs6KEhr,【4K精剪】异常加载中 | 杨博文直拍 | 260813,underthepoplar,2026-08-13 22:44:57,194749,23789,15969,17670,6319,7415,8684,3
2026-08-27 01:00:08,https://www.bilibili.com/video/BV1VFbd6QEjw/spm_id_from=333.1387.favlist.content.click&vd_source=406d0cf895bedbdc58a3d0130d55e34c,2,BV1VFbd6QEjw,【杨博文｜4k直拍】管他什么音乐 直拍,关键时刻来瓶尖叫,2026-08-16 23:08:52,86492,6068,3589,4691,2685,564,33,2
2026-08-27 01:00:08,https://www.bilibili.com/video/BV1xebR6zEkr/?spm_id_from=333.1387.favlist.content.click&vd_source=406d0cf895bedbdc58a3d0130d55e34c,3,BV1xebR6zEkr,【4K精剪】Attention | 杨博文直拍 | 260816,underthepoplar,2026-08-16 23:54:18,211477,17551,10740,14570,3226,1772,2877,29
2026-08-27 01:00:08,https://www.bilibili.com/video/BV1s3gs6MEej/?spm_id_from=333.1387.favlist.content.click&vd_source=406d0cf895bedbdc58a3d0130d55e34c,4,BV1s3gs6MEej,【杨博文｜4k直拍】爱的初体验 直拍,关键时刻来瓶尖叫,2026-08-13 22:46:37,123573,13019,6835,9991,3482,526,2545,1
2026-08-27 01:00:08,https://www.bilibili.com/video/BV1E2bR6hEJR/?spm_id_from=333.1387.favlist.content.click&vd_source=406d0cf895bedbdc58a3d0130d55e34c,5,BV1E2bR6hEJR,【杨博文】Attention丨直拍横屏丨16岁高中生内娱主舞的舞台掌控力丨8.16双机位4k精剪,Kismet丨杨博文,2026-08-16 22:13:05,280498,30072,14673,20913,4506,10100,12177,83
2026-08-27 01:00:08,https://www.bilibili.com/video/BV1Rib96EE3F/?spm_id_from=333.1387.favlist.content.click&vd_source=406d0cf895bedbdc58a3d0130d55e34c,6,BV1Rib96EE3F,260816 【杨博文】春雪  竖屏4k直拍,meetsummer丨杨博文,2026-08-17 01:54:42,48426,9394,3612,4912,1865,727,751,2
2026-08-27 01:00:08,https://www.bilibili.com/video/BV18jgg6BEAd/?spm_id_from=333.1387.favlist.content.click&vd_source=406d0cf895bedbdc58a3d0130d55e34c,7,BV18jgg6BEAd,【4K精剪】摇曳！摇曳！ | 杨博文直拍 | 260813 & 260814,underthepoplar,2026-08-15 13:26:46,73868,10541,7439,6929,2913,480,1187,10
2026-08-27 01:00:08,https://www.bilibili.com/video/BV1A5vkB2E1k/?spm_id_from=333.1387.favlist.content.click&vd_source=406d0cf895bedbdc58a3d0130d55e34c,8,BV1A5vkB2E1k,【杨博文】Hey Mama六机位纯舞直拍丨15岁舞台统治者的诞生，四代主舞燃炸全场！,Kismet丨杨博文,2025-12-28 22:28:16,2811852,65800,45967,48101,27878,13676,22040,1
2026-08-27 01:00:08,https://www.bilibili.com/video/BV1mJ64BREZY/?spm_id_from=333.337.search-card.all.click&vd_source=406d0cf895bedbdc58a3d0130d55e34c,9,BV1mJ64BREZY,【杨博文】闭嘴跳舞丨当主舞穿上西装就会得到,Kismet丨杨博文,2026-02-01 18:31:00,622359,35190,4047,25448,8601,448,654,1
2026-08-27 01:00:08,BV1mX8z6NEzz,10,BV1mX8z6NEzz,【4K精剪】管他什么音乐 | 杨博文直拍 | 260816,underthepoplar,2026-08-22 04:21:09,20238,2929,1488,1529,39,47,67,6
2026-08-27 01:00:08,BV1qHbb6QErY,11,BV1qHbb6QErY,杨博文｜260816第肆象限attention<4k精剪>,61strawberry,2026-08-17 06:33:44,15751,1666,426,1135,8,11,16,5
2026-08-27 01:00:08,BV15egs6pEJp,12,BV15egs6pEJp,杨博文｜Whiplash 2机位精剪 直拍 fancam｜4K60｜260813,LOST_杨博文,2026-08-13 23:03:07,97226,8473,1919,6250,63,71,249,7
2026-08-27 01:00:08,BV1rqgW6hEvv,13,BV1rqgW6hEvv,【杨博文｜4k直拍】100Ways 直拍,关键时刻来瓶尖叫,2026-08-14 01:41:46,32551,3738,1499,2710,38,36,226,7
2026-08-27 01:00:08,BV1k9gw6gE4U,14,BV1k9gw6gE4U,「杨博文｜爱的初体验」是不是我的十六岁 注定要为__流泪,Astra_杨博文,2026-08-14 13:49:20,24969,2445,670,1549,24,12,95,6
2026-08-27 01:00:08,BV1c3gF6wERf,15,BV1c3gF6wERf,【杨博文】元气甜度爆表！摇曳4k横屏直拍,游园会_杨博文,2026-08-14 01:43:31,50535,6286,2258,3931,67,53,483,6
2026-08-27 01:30:04,https://www.bilibili.com/video/BV1GdgW6JEe9/?spm_id_from=333.1387.favlist.content.click&vd_source=406d0cf895bedbdc58a3d0130d55e34c,0,BV1GdgW6JEe9,【杨博文｜4k直拍】Whiplash 双日直拍混剪,关键时刻来瓶尖叫,2026-08-13 23:45:41,236118,28720,23033,21954,7031,4748,8264,8
2026-08-27 01:30:04,https://www.bilibili.com/video/BV1W5gs6KEhr/?spm_id_from=333.1387.favlist.content.click&vd_source=406d0cf895bedbdc58a3d0130d55e34c,1,BV1W5gs6KEhr,【4K精剪】异常加载中 | 杨博文直拍 | 260813,underthepoplar,2026-08-13 22:44:57,194876,23791,15971,17671,6319,7415,8684,5
2026-08-27 01:30:04,https://www.bilibili.com/video/BV1VFbd6QEjw/spm_id_from=333.1387.favlist.content.click&vd_source=406d0cf895bedbdc58a3d0130d55e34c,2,BV1VFbd6QEjw,【杨博文｜4k直拍】管他什么音乐 直拍,关键时刻来瓶尖叫,2026-08-16 23:08:52,86496,6068,3589,4691,2685,564,33,1
2026-08-27 01:30:04,https://www.bilibili.com/video/BV1xebR6zEkr/?spm_id_from=333.1387.favlist.content.click&vd_source=406d0cf895bedbdc58a3d0130d55e34c,3,BV1xebR6zEkr,【4K精剪】Attention | 杨博文直拍 | 260816,underthepoplar,2026-08-16 23:54:18,211639,17555,10744,14574,3226,1775,2877,18
2026-08-27 01:30:04,https://www.bilibili.com/video/BV1s3gs6MEej/?spm_id_from=333.1387.favlist.content.click&vd_source=406d0cf895bedbdc58a3d0130d55e34c,4,BV1s3gs6MEej,【杨博文｜4k直拍】爱的初体验 直拍,关键时刻来瓶尖叫,2026-08-13 22:46:37,123589,13021,6835,9991,3482,526,2545,1
2026-08-27 01:30:04,https://www.bilibili.com/video/BV1E2bR6hEJR/?spm_id_from=333.1387.favlist.content.click&vd_source=406d0cf895bedbdc58a3d0130d55e34c,5,BV1E2bR6hEJR,【杨博文】Attention丨直拍横屏丨16岁高中生内娱主舞的舞台掌控力丨8.16双机位4k精剪,Kismet丨杨博文,2026-08-16 22:13:05,280716,30086,14681,20922,4509,10129,12177,84
2026-08-27 01:30:04,https://www.bilibili.com/video/BV1Rib96EE3F/?spm_id_from=333.1387.favlist.content.click&vd_source=406d0cf895bedbdc58a3d0130d55e34c,6,BV1Rib96EE3F,260816 【杨博文】春雪  竖屏4k直拍,meetsummer丨杨博文,2026-08-17 01:54:42,48442,9398,3612,4912,1865,727,751,1
2026-08-27 01:30:04,https://www.bilibili.com/video/BV18jgg6BEAd/?spm_id_from=333.1387.favlist.content.click&vd_source=406d0cf895bedbdc58a3d0130d55e34c,7,BV18jgg6BEAd,【4K精剪】摇曳！摇曳！ | 杨博文直拍 | 260813 & 260814,underthepoplar,2026-08-15 13:26:46,73905,10544,7441,6930,2913,480,1187,7
2026-08-27 01:30:04,https://www.bilibili.com/video/BV1A5vkB2E1k/?spm_id_from=333.1387.favlist.content.click&vd_source=406d0cf895bedbdc58a3d0130d55e34c,8,BV1A5vkB2E1k,【杨博文】Hey Mama六机位纯舞直拍丨15岁舞台统治者的诞生，四代主舞燃炸全场！,Kismet丨杨博文,2025-12-28 22:28:16,2811874,65800,45967,48102,27878,13677,22040,1
2026-08-27 01:30:04,https://www.bilibili.com/video/BV1mJ64BREZY/?spm_id_from=333.337.search-card.all.click&vd_source=406d0cf895bedbdc58a3d0130d55e34c,9,BV1mJ64BREZY,【杨博文】闭嘴跳舞丨当主舞穿上西装就会得到,Kismet丨杨博文,2026-02-01 18:31:00,622360,35190,4047,25448,8601,448,654,1
2026-08-27 01:30:04,BV1mX8z6NEzz,10,BV1mX8z6NEzz,【4K精剪】管他什么音乐 | 杨博文直拍 | 260816,underthepoplar,2026-08-22 04:21:09,20401,2930,1490,1530,39,47,67,5
2026-08-27 01:30:04,BV1qHbb6QErY,11,BV1qHbb6QErY,杨博文｜260816第肆象限attention<4k精剪>,61strawberry,2026-08-17 06:33:44,15908,1666,426,1135,8,11,16,6
2026-08-27 01:30:04,BV15egs6pEJp,12,BV15egs6pEJp,杨博文｜Whiplash 2机位精剪 直拍 fancam｜4K60｜260813,LOST_杨博文,2026-08-13 23:03:07,97394,8473,1919,6250,63,71,249,3
2026-08-27 01:30:04,BV1rqgW6hEvv,13,BV1rqgW6hEvv,【杨博文｜4k直拍】100Ways 直拍,关键时刻来瓶尖叫,2026-08-14 01:41:46,32706,3738,1499,2710,38,36,226,3
2026-08-27 01:30:04,BV1k9gw6gE4U,14,BV1k9gw6gE4U,「杨博文｜爱的初体验」是不是我的十六岁 注定要为__流泪,Astra_杨博文,2026-08-14 13:49:20,25130,2445,670,1549,24,12,95,5
2026-08-27 01:30:04,BV1c3gF6wERf,15,BV1c3gF6wERf,【杨博文】元气甜度爆表！摇曳4k横屏直拍,游园会_杨博文,2026-08-14 01:43:31,50691,6287,2260,3932,67,53,483,4
2026-08-27 02:00:07,https://www.bilibili.com/video/BV1GdgW6JEe9/?spm_id_from=333.1387.favlist.content.click&vd_source=406d0cf895bedbdc58a3d0130d55e34c,0,BV1GdgW6JEe9,【杨博文｜4k直拍】Whiplash 双日直拍混剪,关键时刻来瓶尖叫,2026-08-13 23:45:41,236272,28727,23037,21958,7031,4751,8264,7
2026-08-27 02:00:07,https://www.bilibili.com/video/BV1W5gs6KEhr/?spm_id_from=333.1387.favlist.content.click&vd_source=406d0cf895bedbdc58a3d0130d55e34c,1,BV1W5gs6KEhr,【4K精剪】异常加载中 | 杨博文直拍 | 260813,underthepoplar,2026-08-13 22:44:57,194999,23792,15971,17673,6319,7415,8684,4
2026-08-27 02:00:07,https://www.bilibili.com/video/BV1VFbd6QEjw/spm_id_from=333.1387.favlist.content.click&vd_source=406d0cf895bedbdc58a3d0130d55e34c,2,BV1VFbd6QEjw,【杨博文｜4k直拍】管他什么音乐 直拍,关键时刻来瓶尖叫,2026-08-16 23:08:52,86499,6068,3589,4691,2685,564,33,1
2026-08-27 02:00:07,https://www.bilibili.com/video/BV1xebR6zEkr/?spm_id_from=333.1387.favlist.content.click&vd_source=406d0cf895bedbdc58a3d0130d55e34c,3,BV1xebR6zEkr,【4K精剪】Attention | 杨博文直拍 | 260816,underthepoplar,2026-08-16 23:54:18,211786,17561,10748,14579,3226,1777,2877,23
2026-08-27 02:00:07,https://www.bilibili.com/video/BV1s3gs6MEej/?spm_id_from=333.1387.favlist.content.click&vd_source=406d0cf895bedbdc58a3d0130d55e34c,4,BV1s3gs6MEej,【杨博文｜4k直拍】爱的初体验 直拍,关键时刻来瓶尖叫,2026-08-13 22:46:37,123602,13025,6835,9991,3482,526,2545,2
2026-08-27 02:00:07,https://www.bilibili.com/video/BV1E2bR6hEJR/?spm_id_from=333.1387.favlist.content.click&vd_source=406d0cf895bedbdc58a3d0130d55e34c,5,BV1E2bR6hEJR,【杨博文】Attention丨直拍横屏丨16岁高中生内娱主舞的舞台掌控力丨8.16双机位4k精剪,Kismet丨杨博文,2026-08-16 22:13:05,280940,30096,14686,20929,4511,10140,12185,95
2026-08-27 02:00:07,https://www.bilibili.com/video/BV1Rib96EE3F/?spm_id_from=333.1387.favlist.content.click&vd_source=406d0cf895bedbdc58a3d0130d55e34c,6,BV1Rib96EE3F,260816 【杨博文】春雪  竖屏4k直拍,meetsummer丨杨博文,2026-08-17 01:54:42,48447,9401,3612,4913,1865,727,751,1
2026-08-27 02:00:07,https://www.bilibili.com/video/BV18jgg6BEAd/?spm_id_from=333.1387.favlist.content.click&vd_source=406d0cf895bedbdc58a3d0130d55e34c,7,BV18jgg6BEAd,【4K精剪】摇曳！摇曳！ | 杨博文直拍 | 260813 & 260814,underthepoplar,2026-08-15 13:26:46,73935,10547,7441,6930,2913,480,1187,6
2026-08-27 02:00:07,https://www.bilibili.com/video/BV1A5vkB2E1k/?spm_id_from=333.1387.favlist.content.click&vd_source=406d0cf895bedbdc58a3d0130d55e34c,8,BV1A5vkB2E1k,【杨博文】Hey Mama六机位纯舞直拍丨15岁舞台统治者的诞生，四代主舞燃炸全场！,Kismet丨杨博文,2025-12-28 22:28:16,2811897,65801,45969,48103,27878,13676,22040,1
2026-08-27 02:00:07,https://www.bilibili.com/video/BV1mJ64BREZY/?spm_id_from=333.337.search-card.all.click&vd_source=406d0cf895bedbdc58a3d0130d55e34c,9,BV1mJ64BREZY,【杨博文】闭嘴跳舞丨当主舞穿上西装就会得到,Kismet丨杨博文,2026-02-01 18:31:00,622361,35190,4047,25448,8601,448,654,1
2026-08-27 02:00:07,BV1mX8z6NEzz,10,BV1mX8z6NEzz,【4K精剪】管他什么音乐 | 杨博文直拍 | 260816,underthepoplar,2026-08-22 04:21:09,20559,2936,1494,1532,39,47,67,4
2026-08-27 02:00:07,BV1qHbb6QErY,11,BV1qHbb6QErY,杨博文｜260816第肆象限attention<4k精剪>,61strawberry,2026-08-17 06:33:44,16069,1666,426,1135,8,11,16,7
2026-08-27 02:00:07,BV15egs6pEJp,12,BV15egs6pEJp,杨博文｜Whiplash 2机位精剪 直拍 fancam｜4K60｜260813,LOST_杨博文,2026-08-13 23:03:07,97568,8474,1919,6250,63,71,249,4
2026-08-27 02:00:07,BV1rqgW6hEvv,13,BV1rqgW6hEvv,【杨博文｜4k直拍】100Ways 直拍,关键时刻来瓶尖叫,2026-08-14 01:41:46,32858,3738,1499,2710,39,36,226,6
2026-08-27 02:00:07,BV1k9gw6gE4U,14,BV1k9gw6gE4U,「杨博文｜爱的初体验」是不是我的十六岁 注定要为__流泪,Astra_杨博文,2026-08-14 13:49:20,25282,2445,670,1549,24,12,95,5
2026-08-27 02:00:07,BV1c3gF6wERf,15,BV1c3gF6wERf,【杨博文】元气甜度爆表！摇曳4k横屏直拍,游园会_杨博文,2026-08-14 01:43:31,50842,6289,2260,3932,67,53,483,5
2026-08-27 02:30:00,https://www.bilibili.com/video/BV1GdgW6JEe9/?spm_id_from=333.1387.favlist.content.click&vd_source=406d0cf895bedbdc58a3d0130d55e34c,0,BV1GdgW6JEe9,【杨博文｜4k直拍】Whiplash 双日直拍混剪,关键时刻来瓶尖叫,2026-08-13 23:45:41,236392,28729,23038,21960,7031,4751,8264,10
2026-08-27 02:30:00,https://www.bilibili.com/video/BV1W5gs6KEhr/?spm_id_from=333.1387.favlist.content.click&vd_source=406d0cf895bedbdc58a3d0130d55e34c,1,BV1W5gs6KEhr,【4K精剪】异常加载中 | 杨博文直拍 | 260813,underthepoplar,2026-08-13 22:44:57,195111,23793,15971,17673,6319,7415,8685,3
2026-08-27 02:30:00,https://www.bilibili.com/video/BV1VFbd6QEjw/spm_id_from=333.1387.favlist.content.click&vd_source=406d0cf895bedbdc58a3d0130d55e34c,2,BV1VFbd6QEjw,【杨博文｜4k直拍】管他什么音乐 直拍,关键时刻来瓶尖叫,2026-08-16 23:08:52,86504,6068,3589,4691,2685,564,33,2
2026-08-27 02:30:00,https://www.bilibili.com/video/BV1xebR6zEkr/?spm_id_from=333.1387.favlist.content.click&vd_source=406d0cf895bedbdc58a3d0130d55e34c,3,BV1xebR6zEkr,【4K精剪】Attention | 杨博文直拍 | 260816,underthepoplar,2026-08-16 23:54:18,211931,17567,10750,14580,3226,1777,2877,21
2026-08-27 02:30:00,https://www.bilibili.com/video/BV1s3gs6MEej/?spm_id_from=333.1387.favlist.content.click&vd_source=406d0cf895bedbdc58a3d0130d55e34c,4,BV1s3gs6MEej,【杨博文｜4k直拍】爱的初体验 直拍,关键时刻来瓶尖叫,2026-08-13 22:46:37,123611,13026,6836,9992,3482,526,2545,3
2026-08-27 02:30:00,https://www.bilibili.com/video/BV1E2bR6hEJR/?spm_id_from=333.1387.favlist.content.click&vd_source=406d0cf895bedbdc58a3d0130d55e34c,5,BV1E2bR6hEJR,【杨博文】Attention丨直拍横屏丨16岁高中生内娱主舞的舞台掌控力丨8.16双机位4k精剪,Kismet丨杨博文,2026-08-16 22:13:05,281127,30110,14697,20934,4511,10142,12186,89
2026-08-27 02:30:00,https://www.bilibili.com/video/BV1Rib96EE3F/?spm_id_from=333.1387.favlist.content.click&vd_source=406d0cf895bedbdc58a3d0130d55e34c,6,BV1Rib96EE3F,260816 【杨博文】春雪  竖屏4k直拍,meetsummer丨杨博文,2026-08-17 01:54:42,48460,9403,3612,4916,1865,727,751,1
2026-08-27 02:30:00,https://www.bilibili.com/video/BV18jgg6BEAd/?spm_id_from=333.1387.favlist.content.click&vd_source=406d0cf895bedbdc58a3d0130d55e34c,7,BV18jgg6BEAd,【4K精剪】摇曳！摇曳！ | 杨博文直拍 | 260813 & 260814,underthepoplar,2026-08-15 13:26:46,73954,10548,7443,6930,2913,480,1187,5
2026-08-27 02:30:00,https://www.bilibili.com/video/BV1A5vkB2E1k/?spm_id_from=333.1387.favlist.content.click&vd_source=406d0cf895bedbdc58a3d0130d55e34c,8,BV1A5vkB2E1k,【杨博文】Hey Mama六机位纯舞直拍丨15岁舞台统治者的诞生，四代主舞燃炸全场！,Kismet丨杨博文,2025-12-28 22:28:16,2811907,65801,45969,48103,27878,13676,22041,1
2026-08-27 02:30:00,https://www.bilibili.com/video/BV1mJ64BREZY/?spm_id_from=333.337.search-card.all.click&vd_source=406d0cf895bedbdc58a3d0130d55e34c,9,BV1mJ64BREZY,【杨博文】闭嘴跳舞丨当主舞穿上西装就会得到,Kismet丨杨博文,2026-02-01 18:31:00,622361,35190,4047,25448,8601,448,654,1
2026-08-27 02:30:00,BV1mX8z6NEzz,10,BV1mX8z6NEzz,【4K精剪】管他什么音乐 | 杨博文直拍 | 260816,underthepoplar,2026-08-22 04:21:09,20700,2937,1494,1533,39,47,67,4
2026-08-27 02:30:00,BV1qHbb6QErY,11,BV1qHbb6QErY,杨博文｜260816第肆象限attention<4k精剪>,61strawberry,2026-08-17 06:33:44,16206,1666,426,1135,8,11,16,5
2026-08-27 02:30:00,BV15egs6pEJp,12,BV15egs6pEJp,杨博文｜Whiplash 2机位精剪 直拍 fancam｜4K60｜260813,LOST_杨博文,2026-08-13 23:03:07,97717,8474,1919,6250,63,71,249,3
2026-08-27 02:30:00,BV1rqgW6hEvv,13,BV1rqgW6hEvv,【杨博文｜4k直拍】100Ways 直拍,关键时刻来瓶尖叫,2026-08-14 01:41:46,32990,3738,1499,2710,39,36,226,2
2026-08-27 02:30:00,BV1k9gw6gE4U,14,BV1k9gw6gE4U,「杨博文｜爱的初体验」是不是我的十六岁 注定要为__流泪,Astra_杨博文,2026-08-14 13:49:20,25414,2445,670,1549,24,12,95,5
2026-08-27 02:30:00,BV1c3gF6wERf,15,BV1c3gF6wERf,【杨博文】元气甜度爆表！摇曳4k横屏直拍,游园会_杨博文,2026-08-14 01:43:31,50979,6289,2260,3932,68,53,483,4
2026-08-27 03:00:03,https://www.bilibili.com/video/BV1GdgW6JEe9/?spm_id_from=333.1387.favlist.content.click&vd_source=406d0cf895bedbdc58a3d0130d55e34c,0,BV1GdgW6JEe9,【杨博文｜4k直拍】Whiplash 双日直拍混剪,关键时刻来瓶尖叫,2026-08-13 23:45:41,236506,28730,23038,21961,7031,4751,8264,4
2026-08-27 03:00:03,https://www.bilibili.com/video/BV1W5gs6KEhr/?spm_id_from=333.1387.favlist.content.click&vd_source=406d0cf895bedbdc58a3d0130d55e34c,1,BV1W5gs6KEhr,【4K精剪】异常加载中 | 杨博文直拍 | 260813,underthepoplar,2026-08-13 22:44:57,195212,23793,15971,17674,6319,7415,8686,5
2026-08-27 03:00:03,https://www.bilibili.com/video/BV1VFbd6QEjw/spm_id_from=333.1387.favlist.content.click&vd_source=406d0cf895bedbdc58a3d0130d55e34c,2,BV1VFbd6QEjw,【杨博文｜4k直拍】管他什么音乐 直拍,关键时刻来瓶尖叫,2026-08-16 23:08:52,86508,6068,3589,4691,2685,564,33,1
2026-08-27 03:00:03,https://www.bilibili.com/video/BV1xebR6zEkr/?spm_id_from=333.1387.favlist.content.click&vd_source=406d0cf895bedbdc58a3d0130d55e34c,3,BV1xebR6zEkr,【4K精剪】Attention | 杨博文直拍 | 260816,underthepoplar,2026-08-16 23:54:18,212046,17570,10751,14582,3226,1777,2877,20
2026-08-27 03:00:03,https://www.bilibili.com/video/BV1s3gs6MEej/?spm_id_from=333.1387.favlist.content.click&vd_source=406d0cf895bedbdc58a3d0130d55e34c,4,BV1s3gs6MEej,【杨博文｜4k直拍】爱的初体验 直拍,关键时刻来瓶尖叫,2026-08-13 22:46:37,123620,13026,6836,9993,3482,526,2545,1
2026-08-27 03:00:03,https://www.bilibili.com/video/BV1E2bR6hEJR/?spm_id_from=333.1387.favlist.content.click&vd_source=406d0cf895bedbdc58a3d0130d55e34c,5,BV1E2bR6hEJR,【杨博文】Attention丨直拍横屏丨16岁高中生内娱主舞的舞台掌控力丨8.16双机位4k精剪,Kismet丨杨博文,2026-08-16 22:13:05,281280,30119,14698,20942,4511,10142,12188,92
2026-08-27 03:00:03,https://www.bilibili.com/video/BV1Rib96EE3F/?spm_id_from=333.1387.favlist.content.click&vd_source=406d0cf895bedbdc58a3d0130d55e34c,6,BV1Rib96EE3F,260816 【杨博文】春雪  竖屏4k直拍,meetsummer丨杨博文,2026-08-17 01:54:42,48469,9407,3612,4918,1865,727,752,1
2026-08-27 03:00:03,https://www.bilibili.com/video/BV18jgg6BEAd/?spm_id_from=333.1387.favlist.content.click&vd_source=406d0cf895bedbdc58a3d0130d55e34c,7,BV18jgg6BEAd,【4K精剪】摇曳！摇曳！ | 杨博文直拍 | 260813 & 260814,underthepoplar,2026-08-15 13:26:46,73969,10549,7443,6932,2913,480,1187,3
2026-08-27 03:00:03,https://www.bilibili.com/video/BV1A5vkB2E1k/?spm_id_from=333.1387.favlist.content.click&vd_source=406d0cf895bedbdc58a3d0130d55e34c,8,BV1A5vkB2E1k,【杨博文】Hey Mama六机位纯舞直拍丨15岁舞台统治者的诞生，四代主舞燃炸全场！,Kismet丨杨博文,2025-12-28 22:28:16,2811915,65801,45969,48103,27878,13676,22041,1
2026-08-27 03:00:03,https://www.bilibili.com/video/BV1mJ64BREZY/?spm_id_from=333.337.search-card.all.click&vd_source=406d0cf895bedbdc58a3d0130d55e34c,9,BV1mJ64BREZY,【杨博文】闭嘴跳舞丨当主舞穿上西装就会得到,Kismet丨杨博文,2026-02-01 18:31:00,622363,35190,4047,25449,8601,448,654,1
2026-08-27 03:00:03,BV1mX8z6NEzz,10,BV1mX8z6NEzz,【4K精剪】管他什么音乐 | 杨博文直拍 | 260816,underthepoplar,2026-08-22 04:21:09,20830,2937,1494,1533,39,47,67,6
2026-08-27 03:00:03,BV1qHbb6QErY,11,BV1qHbb6QErY,杨博文｜260816第肆象限attention<4k精剪>,61strawberry,2026-08-17 06:33:44,16342,1666,426,1135,8,11,16,6
2026-08-27 03:00:03,BV15egs6pEJp,12,BV15egs6pEJp,杨博文｜Whiplash 2机位精剪 直拍 fancam｜4K60｜260813,LOST_杨博文,2026-08-13 23:03:07,97869,8474,1919,6252,63,71,249,5
2026-08-27 03:00:03,BV1rqgW6hEvv,13,BV1rqgW6hEvv,【杨博文｜4k直拍】100Ways 直拍,关键时刻来瓶尖叫,2026-08-14 01:41:46,33121,3739,1499,2711,39,36,226,5
2026-08-27 03:00:03,BV1k9gw6gE4U,14,BV1k9gw6gE4U,「杨博文｜爱的初体验」是不是我的十六岁 注定要为__流泪,Astra_杨博文,2026-08-14 13:49:20,25542,2445,670,1549,24,12,95,6
2026-08-27 03:00:03,BV1c3gF6wERf,15,BV1c3gF6wERf,【杨博文】元气甜度爆表！摇曳4k横屏直拍,游园会_杨博文,2026-08-14 01:43:31,51108,6289,2260,3932,68,53,483,7
2026-08-27 03:30:05,https://www.bilibili.com/video/BV1GdgW6JEe9/?spm_id_from=333.1387.favlist.content.click&vd_source=406d0cf895bedbdc58a3d0130d55e34c,0,BV1GdgW6JEe9,【杨博文｜4k直拍】Whiplash 双日直拍混剪,关键时刻来瓶尖叫,2026-08-13 23:45:41,236614,28732,23038,21962,7031,4751,8264,5
2026-08-27 03:30:05,https://www.bilibili.com/video/BV1W5gs6KEhr/?spm_id_from=333.1387.favlist.content.click&vd_source=406d0cf895bedbdc58a3d0130d55e34c,1,BV1W5gs6KEhr,【4K精剪】异常加载中 | 杨博文直拍 | 260813,underthepoplar,2026-08-13 22:44:57,195310,23793,15971,17675,6319,7415,8688,4
2026-08-27 03:30:05,https://www.bilibili.com/video/BV1VFbd6QEjw/spm_id_from=333.1387.favlist.content.click&vd_source=406d0cf895bedbdc58a3d0130d55e34c,2,BV1VFbd6QEjw,【杨博文｜4k直拍】管他什么音乐 直拍,关键时刻来瓶尖叫,2026-08-16 23:08:52,86508,6068,3589,4691,2685,564,33,2
2026-08-27 03:30:05,https://www.bilibili.com/video/BV1xebR6zEkr/?spm_id_from=333.1387.favlist.content.click&vd_source=406d0cf895bedbdc58a3d0130d55e34c,3,BV1xebR6zEkr,【4K精剪】Attention | 杨博文直拍 | 260816,underthepoplar,2026-08-16 23:54:18,212162,17575,10755,14587,3226,1777,2877,20
2026-08-27 03:30:05,https://www.bilibili.com/video/BV1s3gs6MEej/?spm_id_from=333.1387.favlist.content.click&vd_source=406d0cf895bedbdc58a3d0130d55e34c,4,BV1s3gs6MEej,【杨博文｜4k直拍】爱的初体验 直拍,关键时刻来瓶尖叫,2026-08-13 22:46:37,123625,13026,6836,9993,3482,526,2545,3
2026-08-27 03:30:05,https://www.bilibili.com/video/BV1E2bR6hEJR/?spm_id_from=333.1387.favlist.content.click&vd_source=406d0cf895bedbdc58a3d0130d55e34c,5,BV1E2bR6hEJR,【杨博文】Attention丨直拍横屏丨16岁高中生内娱主舞的舞台掌控力丨8.16双机位4k精剪,Kismet丨杨博文,2026-08-16 22:13:05,281424,30122,14699,20944,4511,10142,12196,85
2026-08-27 03:30:05,https://www.bilibili.com/video/BV1Rib96EE3F/?spm_id_from=333.1387.favlist.content.click&vd_source=406d0cf895bedbdc58a3d0130d55e34c,6,BV1Rib96EE3F,260816 【杨博文】春雪  竖屏4k直拍,meetsummer丨杨博文,2026-08-17 01:54:42,48473,9409,3612,4918,1865,727,752,2
2026-08-27 03:30:05,https://www.bilibili.com/video/BV18jgg6BEAd/?spm_id_from=333.1387.favlist.content.click&vd_source=406d0cf895bedbdc58a3d0130d55e34c,7,BV18jgg6BEAd,【4K精剪】摇曳！摇曳！ | 杨博文直拍 | 260813 & 260814,underthepoplar,2026-08-15 13:26:46,73981,10551,7444,6933,2913,480,1187,3
2026-08-27 03:30:05,https://www.bilibili.com/video/BV1A5vkB2E1k/?spm_id_from=333.1387.favlist.content.click&vd_source=406d0cf895bedbdc58a3d0130d55e34c,8,BV1A5vkB2E1k,【杨博文】Hey Mama六机位纯舞直拍丨15岁舞台统治者的诞生，四代主舞燃炸全场！,Kismet丨杨博文,2025-12-28 22:28:16,2811923,65802,45969,48104,27878,13676,22041,1
2026-08-27 03:30:05,https://www.bilibili.com/video/BV1mJ64BREZY/?spm_id_from=333.337.search-card.all.click&vd_source=406d0cf895bedbdc58a3d0130d55e34c,9,BV1mJ64BREZY,【杨博文】闭嘴跳舞丨当主舞穿上西装就会得到,Kismet丨杨博文,2026-02-01 18:31:00,622363,35190,4047,25449,8601,448,654,1
2026-08-27 03:30:05,BV1mX8z6NEzz,10,BV1mX8z6NEzz,【4K精剪】管他什么音乐 | 杨博文直拍 | 260816,underthepoplar,2026-08-22 04:21:09,20972,2939,1495,1534,39,47,67,2
2026-08-27 03:30:05,BV1qHbb6QErY,11,BV1qHbb6QErY,杨博文｜260816第肆象限attention<4k精剪>,61strawberry,2026-08-17 06:33:44,16489,1666,426,1135,8,11,16,5
2026-08-27 03:30:05,BV15egs6pEJp,12,BV15egs6pEJp,杨博文｜Whiplash 2机位精剪 直拍 fancam｜4K60｜260813,LOST_杨博文,2026-08-13 23:03:07,98020,8475,1919,6252,63,71,249,2
2026-08-27 03:30:05,BV1rqgW6hEvv,13,BV1rqgW6hEvv,【杨博文｜4k直拍】100Ways 直拍,关键时刻来瓶尖叫,2026-08-14 01:41:46,33256,3739,1499,2711,39,36,226,4
2026-08-27 03:30:05,BV1k9gw6gE4U,14,BV1k9gw6gE4U,「杨博文｜爱的初体验」是不是我的十六岁 注定要为__流泪,Astra_杨博文,2026-08-14 13:49:20,25672,2445,670,1549,24,12,95,4
2026-08-27 03:30:05,BV1c3gF6wERf,15,BV1c3gF6wERf,【杨博文】元气甜度爆表！摇曳4k横屏直拍,游园会_杨博文,2026-08-14 01:43:31,51248,6289,2260,3932,68,53,483,3
2026-08-27 04:00:08,https://www.bilibili.com/video/BV1GdgW6JEe9/?spm_id_from=333.1387.favlist.content.click&vd_source=406d0cf895bedbdc58a3d0130d55e34c,0,BV1GdgW6JEe9,【杨博文｜4k直拍】Whiplash 双日直拍混剪,关键时刻来瓶尖叫,2026-08-13 23:45:41,236726,28734,23040,21963,7031,4751,8264,7
2026-08-27 04:00:08,https://www.bilibili.com/video/BV1W5gs6KEhr/?spm_id_from=333.1387.favlist.content.click&vd_source=406d0cf895bedbdc58a3d0130d55e34c,1,BV1W5gs6KEhr,【4K精剪】异常加载中 | 杨博文直拍 | 260813,underthepoplar,2026-08-13 22:44:57,195408,23794,15972,17675,6319,7415,8688,2
2026-08-27 04:00:08,https://www.bilibili.com/video/BV1VFbd6QEjw/spm_id_from=333.1387.favlist.content.click&vd_source=406d0cf895bedbdc58a3d0130d55e34c,2,BV1VFbd6QEjw,【杨博文｜4k直拍】管他什么音乐 直拍,关键时刻来瓶尖叫,2026-08-16 23:08:52,86510,6068,3589,4691,2685,564,33,1
2026-08-27 04:00:08,https://www.bilibili.com/video/BV1xebR6zEkr/?spm_id_from=333.1387.favlist.content.click&vd_source=406d0cf895bedbdc58a3d0130d55e34c,3,BV1xebR6zEkr,【4K精剪】Attention | 杨博文直拍 | 260816,underthepoplar,2026-08-16 23:54:18,212275,17577,10757,14588,3226,1777,2877,21
2026-08-27 04:00:08,https://www.bilibili.com/video/BV1s3gs6MEej/?spm_id_from=333.1387.favlist.content.click&vd_source=406d0cf895bedbdc58a3d0130d55e34c,4,BV1s3gs6MEej,【杨博文｜4k直拍】爱的初体验 直拍,关键时刻来瓶尖叫,2026-08-13 22:46:37,123630,13026,6836,9993,3482,526,2545,1
2026-08-27 04:00:08,https://www.bilibili.com/video/BV1E2bR6hEJR/?spm_id_from=333.1387.favlist.content.click&vd_source=406d0cf895bedbdc58a3d0130d55e34c,5,BV1E2bR6hEJR,【杨博文】Attention丨直拍横屏丨16岁高中生内娱主舞的舞台掌控力丨8.16双机位4k精剪,Kismet丨杨博文,2026-08-16 22:13:05,281563,30126,14701,20945,4511,10142,12196,86
2026-08-27 04:00:08,https://www.bilibili.com/video/BV1Rib96EE3F/?spm_id_from=333.1387.favlist.content.click&vd_source=406d0cf895bedbdc58a3d0130d55e34c,6,BV1Rib96EE3F,260816 【杨博文】春雪  竖屏4k直拍,meetsummer丨杨博文,2026-08-17 01:54:42,48477,9410,3612,4919,1865,727,752,2
2026-08-27 04:00:08,https://www.bilibili.com/video/BV18jgg6BEAd/?spm_id_from=333.1387.favlist.content.click&vd_source=406d0cf895bedbdc58a3d0130d55e34c,7,BV18jgg6BEAd,【4K精剪】摇曳！摇曳！ | 杨博文直拍 | 260813 & 260814,underthepoplar,2026-08-15 13:26:46,73992,10552,7446,6934,2913,480,1187,1
2026-08-27 04:00:08,https://www.bilibili.com/video/BV1A5vkB2E1k/?spm_id_from=333.1387.favlist.content.click&vd_source=406d0cf895bedbdc58a3d0130d55e34c,8,BV1A5vkB2E1k,【杨博文】Hey Mama六机位纯舞直拍丨15岁舞台统治者的诞生，四代主舞燃炸全场！,Kismet丨杨博文,2025-12-28 22:28:16,2811926,65802,45970,48104,27878,13676,22041,1
2026-08-27 04:00:08,https://www.bilibili.com/video/BV1mJ64BREZY/?spm_id_from=333.337.search-card.all.click&vd_source=406d0cf895bedbdc58a3d0130d55e34c,9,BV1mJ64BREZY,【杨博文】闭嘴跳舞丨当主舞穿上西装就会得到,Kismet丨杨博文,2026-02-01 18:31:00,622363,35190,4047,25449,8601,448,654,1
2026-08-27 04:00:08,BV1mX8z6NEzz,10,BV1mX8z6NEzz,【4K精剪】管他什么音乐 | 杨博文直拍 | 260816,underthepoplar,2026-08-22 04:21:09,21103,2939,1495,1534,39,47,67,6
2026-08-27 04:00:08,BV1qHbb6QErY,11,BV1qHbb6QErY,杨博文｜260816第肆象限attention<4k精剪>,61strawberry,2026-08-17 06:33:44,16631,1667,426,1136,8,11,16,6
2026-08-27 04:00:08,BV15egs6pEJp,12,BV15egs6pEJp,杨博文｜Whiplash 2机位精剪 直拍 fancam｜4K60｜260813,LOST_杨博文,2026-08-13 23:03:07,98179,8476,1919,6253,63,71,249,6
2026-08-27 04:00:08,BV1rqgW6hEvv,13,BV1rqgW6hEvv,【杨博文｜4k直拍】100Ways 直拍,关键时刻来瓶尖叫,2026-08-14 01:41:46,33393,3740,1499,2712,39,36,226,4
2026-08-27 04:00:08,BV1k9gw6gE4U,14,BV1k9gw6gE4U,「杨博文｜爱的初体验」是不是我的十六岁 注定要为__流泪,Astra_杨博文,2026-08-14 13:49:20,25810,2445,670,1549,24,12,95,6
2026-08-27 04:00:08,BV1c3gF6wERf,15,BV1c3gF6wERf,【杨博文】元气甜度爆表！摇曳4k横屏直拍,游园会_杨博文,2026-08-14 01:43:31,51387,6289,2260,3932,68,53,483,5
2026-08-27 04:30:01,https://www.bilibili.com/video/BV1GdgW6JEe9/?spm_id_from=333.1387.favlist.content.click&vd_source=406d0cf895bedbdc58a3d0130d55e34c,0,BV1GdgW6JEe9,【杨博文｜4k直拍】Whiplash 双日直拍混剪,关键时刻来瓶尖叫,2026-08-13 23:45:41,236844,28734,23040,21963,7031,4751,8264,4
2026-08-27 04:30:01,https://www.bilibili.com/video/BV1W5gs6KEhr/?spm_id_from=333.1387.favlist.content.click&vd_source=406d0cf895bedbdc58a3d0130d55e34c,1,BV1W5gs6KEhr,【4K精剪】异常加载中 | 杨博文直拍 | 260813,underthepoplar,2026-08-13 22:44:57,195505,23794,15972,17675,6319,7415,8688,3
2026-08-27 04:30:01,https://www.bilibili.com/video/BV1VFbd6QEjw/spm_id_from=333.1387.favlist.content.click&vd_source=406d0cf895bedbdc58a3d0130d55e34c,2,BV1VFbd6QEjw,【杨博文｜4k直拍】管他什么音乐 直拍,关键时刻来瓶尖叫,2026-08-16 23:08:52,86510,6068,3589,4691,2685,564,33,2
2026-08-27 04:30:01,https://www.bilibili.com/video/BV1xebR6zEkr/?spm_id_from=333.1387.favlist.content.click&vd_source=406d0cf895bedbdc58a3d0130d55e34c,3,BV1xebR6zEkr,【4K精剪】Attention | 杨博文直拍 | 260816,underthepoplar,2026-08-16 23:54:18,212385,17578,10757,14588,3227,1777,2877,21
2026-08-27 04:30:01,https://www.bilibili.com/video/BV1s3gs6MEej/?spm_id_from=333.1387.favlist.content.click&vd_source=406d0cf895bedbdc58a3d0130d55e34c,4,BV1s3gs6MEej,【杨博文｜4k直拍】爱的初体验 直拍,关键时刻来瓶尖叫,2026-08-13 22:46:37,123634,13026,6836,9993,3482,526,2545,2
2026-08-27 04:30:01,https://www.bilibili.com/video/BV1E2bR6hEJR/?spm_id_from=333.1387.favlist.content.click&vd_source=406d0cf895bedbdc58a3d0130d55e34c,5,BV1E2bR6hEJR,【杨博文】Attention丨直拍横屏丨16岁高中生内娱主舞的舞台掌控力丨8.16双机位4k精剪,Kismet丨杨博文,2026-08-16 22:13:05,281680,30127,14701,20945,4512,10142,12196,81
2026-08-27 04:30:01,https://www.bilibili.com/video/BV1Rib96EE3F/?spm_id_from=333.1387.favlist.content.click&vd_source=406d0cf895bedbdc58a3d0130d55e34c,6,BV1Rib96EE3F,260816 【杨博文】春雪  竖屏4k直拍,meetsummer丨杨博文,2026-08-17 01:54:42,48480,9410,3612,4919,1865,727,752,1
2026-08-27 04:30:01,https://www.bilibili.com/video/BV18jgg6BEAd/?spm_id_from=333.1387.favlist.content.click&vd_source=406d0cf895bedbdc58a3d0130d55e34c,7,BV18jgg6BEAd,【4K精剪】摇曳！摇曳！ | 杨博文直拍 | 260813 & 260814,underthepoplar,2026-08-15 13:26:46,74001,10554,7446,6936,2913,480,1187,2
2026-08-27 04:30:01,https://www.bilibili.com/video/BV1A5vkB2E1k/?spm_id_from=333.1387.favlist.content.click&vd_source=406d0cf895bedbdc58a3d0130d55e34c,8,BV1A5vkB2E1k,【杨博文】Hey Mama六机位纯舞直拍丨15岁舞台统治者的诞生，四代主舞燃炸全场！,Kismet丨杨博文,2025-12-28 22:28:16,2811935,65802,45970,48104,27878,13676,22041,1
2026-08-27 04:30:01,https://www.bilibili.com/video/BV1mJ64BREZY/?spm_id_from=333.337.search-card.all.click&vd_source=406d0cf895bedbdc58a3d0130d55e34c,9,BV1mJ64BREZY,【杨博文】闭嘴跳舞丨当主舞穿上西装就会得到,Kismet丨杨博文,2026-02-01 18:31:00,622363,35190,4047,25449,8601,448,654,1
2026-08-27 04:30:01,BV1mX8z6NEzz,10,BV1mX8z6NEzz,【4K精剪】管他什么音乐 | 杨博文直拍 | 260816,underthepoplar,2026-08-22 04:21:09,21243,2941,1495,1534,39,47,67,2
2026-08-27 04:30:01,BV1qHbb6QErY,11,BV1qHbb6QErY,杨博文｜260816第肆象限attention<4k精剪>,61strawberry,2026-08-17 06:33:44,16762,1667,426,1136,8,11,16,6
2026-08-27 04:30:01,BV15egs6pEJp,12,BV15egs6pEJp,杨博文｜Whiplash 2机位精剪 直拍 fancam｜4K60｜260813,LOST_杨博文,2026-08-13 23:03:07,98326,8476,1919,6254,63,71,249,3
2026-08-27 04:30:01,BV1rqgW6hEvv,13,BV1rqgW6hEvv,【杨博文｜4k直拍】100Ways 直拍,关键时刻来瓶尖叫,2026-08-14 01:41:46,33522,3740,1499,2712,39,36,226,4
2026-08-27 04:30:01,BV1k9gw6gE4U,14,BV1k9gw6gE4U,「杨博文｜爱的初体验」是不是我的十六岁 注定要为__流泪,Astra_杨博文,2026-08-14 13:49:20,25940,2445,670,1549,24,12,95,5
2026-08-27 04:30:01,BV1c3gF6wERf,15,BV1c3gF6wERf,【杨博文】元气甜度爆表！摇曳4k横屏直拍,游园会_杨博文,2026-08-14 01:43:31,51533,6289,2260,3932,68,53,483,1
2026-08-27 05:00:04,https://www.bilibili.com/video/BV1GdgW6JEe9/?spm_id_from=333.1387.favlist.content.click&vd_source=406d0cf895bedbdc58a3d0130d55e34c,0,BV1GdgW6JEe9,【杨博文｜4k直拍】Whiplash 双日直拍混剪,关键时刻来瓶尖叫,2026-08-13 23:45:41,236946,28734,23040,21963,7031,4751,8264,4
2026-08-27 05:00:04,https://www.bilibili.com/video/BV1W5gs6KEhr/?spm_id_from=333.1387.favlist.content.click&vd_source=406d0cf895bedbdc58a3d0130d55e34c,1,BV1W5gs6KEhr,【4K精剪】异常加载中 | 杨博文直拍 | 260813,underthepoplar,2026-08-13 22:44:57,195601,23794,15972,17675,6319,7415,8688,3
2026-08-27 05:00:04,https://www.bilibili.com/video/BV1VFbd6QEjw/spm_id_from=333.1387.favlist.content.click&vd_source=406d0cf895bedbdc58a3d0130d55e34c,2,BV1VFbd6QEjw,【杨博文｜4k直拍】管他什么音乐 直拍,关键时刻来瓶尖叫,2026-08-16 23:08:52,86510,6068,3589,4691,2685,564,33,1
2026-08-27 05:00:04,https://www.bilibili.com/video/BV1xebR6zEkr/?spm_id_from=333.1387.favlist.content.click&vd_source=406d0cf895bedbdc58a3d0130d55e34c,3,BV1xebR6zEkr,【4K精剪】Attention | 杨博文直拍 | 260816,underthepoplar,2026-08-16 23:54:18,212488,17579,10758,14589,3227,1777,2877,20
2026-08-27 05:00:04,https://www.bilibili.com/video/BV1s3gs6MEej/?spm_id_from=333.1387.favlist.content.click&vd_source=406d0cf895bedbdc58a3d0130d55e34c,4,BV1s3gs6MEej,【杨博文｜4k直拍】爱的初体验 直拍,关键时刻来瓶尖叫,2026-08-13 22:46:37,123640,13028,6838,9994,3482,526,2545,3
2026-08-27 05:00:04,https://www.bilibili.com/video/BV1E2bR6hEJR/?spm_id_from=333.1387.favlist.content.click&vd_source=406d0cf895bedbdc58a3d0130d55e34c,5,BV1E2bR6hEJR,【杨博文】Attention丨直拍横屏丨16岁高中生内娱主舞的舞台掌控力丨8.16双机位4k精剪,Kismet丨杨博文,2026-08-16 22:13:05,281816,30130,14702,20945,4512,10142,12197,80
2026-08-27 05:00:04,https://www.bilibili.com/video/BV1Rib96EE3F/?spm_id_from=333.1387.favlist.content.click&vd_source=406d0cf895bedbdc58a3d0130d55e34c,6,BV1Rib96EE3F,260816 【杨博文】春雪  竖屏4k直拍,meetsummer丨杨博文,2026-08-17 01:54:42,48482,9411,3612,4920,1865,727,752,1
2026-08-27 05:00:04,https://www.bilibili.com/video/BV18jgg6BEAd/?spm_id_from=333.1387.favlist.content.click&vd_source=406d0cf895bedbdc58a3d0130d55e34c,7,BV18jgg6BEAd,【4K精剪】摇曳！摇曳！ | 杨博文直拍 | 260813 & 260814,underthepoplar,2026-08-15 13:26:46,74008,10556,7448,6938,2913,480,1187,2
2026-08-27 05:00:04,https://www.bilibili.com/video/BV1A5vkB2E1k/?spm_id_from=333.1387.favlist.content.click&vd_source=406d0cf895bedbdc58a3d0130d55e34c,8,BV1A5vkB2E1k,【杨博文】Hey Mama六机位纯舞直拍丨15岁舞台统治者的诞生，四代主舞燃炸全场！,Kismet丨杨博文,2025-12-28 22:28:16,2811940,65802,45970,48104,27878,13676,22041,1
2026-08-27 05:00:04,https://www.bilibili.com/video/BV1mJ64BREZY/?spm_id_from=333.337.search-card.all.click&vd_source=406d0cf895bedbdc58a3d0130d55e34c,9,BV1mJ64BREZY,【杨博文】闭嘴跳舞丨当主舞穿上西装就会得到,Kismet丨杨博文,2026-02-01 18:31:00,622364,35191,4047,25449,8601,448,654,1
2026-08-27 05:00:04,BV1mX8z6NEzz,10,BV1mX8z6NEzz,【4K精剪】管他什么音乐 | 杨博文直拍 | 260816,underthepoplar,2026-08-22 04:21:09,21369,2942,1495,1534,39,47,67,2
2026-08-27 05:00:04,BV1qHbb6QErY,11,BV1qHbb6QErY,杨博文｜260816第肆象限attention<4k精剪>,61strawberry,2026-08-17 06:33:44,16896,1667,426,1136,8,11,16,4
2026-08-27 05:00:04,BV15egs6pEJp,12,BV15egs6pEJp,杨博文｜Whiplash 2机位精剪 直拍 fancam｜4K60｜260813,LOST_杨博文,2026-08-13 23:03:07,98480,8476,1919,6254,63,71,249,4
2026-08-27 05:00:04,BV1rqgW6hEvv,13,BV1rqgW6hEvv,【杨博文｜4k直拍】100Ways 直拍,关键时刻来瓶尖叫,2026-08-14 01:41:46,33655,3740,1499,2712,39,36,226,4
2026-08-27 05:00:04,BV1k9gw6gE4U,14,BV1k9gw6gE4U,「杨博文｜爱的初体验」是不是我的十六岁 注定要为__流泪,Astra_杨博文,2026-08-14 13:49:20,26071,2445,670,1549,24,12,95,5
2026-08-27 05:00:04,BV1c3gF6wERf,15,BV1c3gF6wERf,【杨博文】元气甜度爆表！摇曳4k横屏直拍,游园会_杨博文,2026-08-14 01:43:31,51668,6289,2260,3932,68,53,483,6
2026-08-27 05:30:07,https://www.bilibili.com/video/BV1GdgW6JEe9/?spm_id_from=333.1387.favlist.content.click&vd_source=406d0cf895bedbdc58a3d0130d55e34c,0,BV1GdgW6JEe9,【杨博文｜4k直拍】Whiplash 双日直拍混剪,关键时刻来瓶尖叫,2026-08-13 23:45:41,237038,28735,23042,21963,7031,4751,8265,5
2026-08-27 05:30:07,https://www.bilibili.com/video/BV1W5gs6KEhr/?spm_id_from=333.1387.favlist.content.click&vd_source=406d0cf895bedbdc58a3d0130d55e34c,1,BV1W5gs6KEhr,【4K精剪】异常加载中 | 杨博文直拍 | 260813,underthepoplar,2026-08-13 22:44:57,195693,23795,15972,17676,6319,7415,8689,3
2026-08-27 05:30:07,https://www.bilibili.com/video/BV1VFbd6QEjw/spm_id_from=333.1387.favlist.content.click&vd_source=406d0cf895bedbdc58a3d0130d55e34c,2,BV1VFbd6QEjw,【杨博文｜4k直拍】管他什么音乐 直拍,关键时刻来瓶尖叫,2026-08-16 23:08:52,86513,6069,3591,4692,2685,564,33,1
2026-08-27 05:30:07,https://www.bilibili.com/video/BV1xebR6zEkr/?spm_id_from=333.1387.favlist.content.click&vd_source=406d0cf895bedbdc58a3d0130d55e34c,3,BV1xebR6zEkr,【4K精剪】Attention | 杨博文直拍 | 260816,underthepoplar,2026-08-16 23:54:18,212586,17579,10758,14589,3227,1777,2877,19
2026-08-27 05:30:07,https://www.bilibili.com/video/BV1s3gs6MEej/?spm_id_from=333.1387.favlist.content.click&vd_source=406d0cf895bedbdc58a3d0130d55e34c,4,BV1s3gs6MEej,【杨博文｜4k直拍】爱的初体验 直拍,关键时刻来瓶尖叫,2026-08-13 22:46:37,123644,13029,6838,9994,3482,526,2545,3
2026-08-27 05:30:07,https://www.bilibili.com/video/BV1E2bR6hEJR/?spm_id_from=333.1387.favlist.content.click&vd_source=406d0cf895bedbdc58a3d0130d55e34c,5,BV1E2bR6hEJR,【杨博文】Attention丨直拍横屏丨16岁高中生内娱主舞的舞台掌控力丨8.16双机位4k精剪,Kismet丨杨博文,2026-08-16 22:13:05,281920,30131,14704,20946,4512,10143,12199,82
2026-08-27 05:30:07,https://www.bilibili.com/video/BV1Rib96EE3F/?spm_id_from=333.1387.favlist.content.click&vd_source=406d0cf895bedbdc58a3d0130d55e34c,6,BV1Rib96EE3F,260816 【杨博文】春雪  竖屏4k直拍,meetsummer丨杨博文,2026-08-17 01:54:42,48485,9412,3614,4921,1865,727,752,1
2026-08-27 05:30:07,https://www.bilibili.com/video/BV18jgg6BEAd/?spm_id_from=333.1387.favlist.content.click&vd_source=406d0cf895bedbdc58a3d0130d55e34c,7,BV18jgg6BEAd,【4K精剪】摇曳！摇曳！ | 杨博文直拍 | 260813 & 260814,underthepoplar,2026-08-15 13:26:46,74015,10557,7451,6940,2913,480,1187,2
2026-08-27 05:30:07,https://www.bilibili.com/video/BV1A5vkB2E1k/?spm_id_from=333.1387.favlist.content.click&vd_source=406d0cf895bedbdc58a3d0130d55e34c,8,BV1A5vkB2E1k,【杨博文】Hey Mama六机位纯舞直拍丨15岁舞台统治者的诞生，四代主舞燃炸全场！,Kismet丨杨博文,2025-12-28 22:28:16,2811944,65802,45970,48104,27878,13676,22041,1
2026-08-27 05:30:07,https://www.bilibili.com/video/BV1mJ64BREZY/?spm_id_from=333.337.search-card.all.click&vd_source=406d0cf895bedbdc58a3d0130d55e34c,9,BV1mJ64BREZY,【杨博文】闭嘴跳舞丨当主舞穿上西装就会得到,Kismet丨杨博文,2026-02-01 18:31:00,622364,35191,4047,25449,8601,448,654,1
2026-08-27 05:30:07,BV1mX8z6NEzz,10,BV1mX8z6NEzz,【4K精剪】管他什么音乐 | 杨博文直拍 | 260816,underthepoplar,2026-08-22 04:21:09,21481,2944,1499,1536,39,47,67,6
2026-08-27 05:30:07,BV1qHbb6QErY,11,BV1qHbb6QErY,杨博文｜260816第肆象限attention<4k精剪>,61strawberry,2026-08-17 06:33:44,16999,1667,426,1136,8,11,16,4
2026-08-27 05:30:07,BV15egs6pEJp,12,BV15egs6pEJp,杨博文｜Whiplash 2机位精剪 直拍 fancam｜4K60｜260813,LOST_杨博文,2026-08-13 23:03:07,98599,8477,1921,6255,63,71,249,2
2026-08-27 05:30:07,BV1rqgW6hEvv,13,BV1rqgW6hEvv,【杨博文｜4k直拍】100Ways 直拍,关键时刻来瓶尖叫,2026-08-14 01:41:46,33763,3740,1499,2712,39,36,226,1
2026-08-27 05:30:07,BV1k9gw6gE4U,14,BV1k9gw6gE4U,「杨博文｜爱的初体验」是不是我的十六岁 注定要为__流泪,Astra_杨博文,2026-08-14 13:49:20,26182,2445,670,1549,24,12,95,3
2026-08-27 05:30:07,BV1c3gF6wERf,15,BV1c3gF6wERf,【杨博文】元气甜度爆表！摇曳4k横屏直拍,游园会_杨博文,2026-08-14 01:43:31,51787,6292,2264,3934,68,53,483,1
2026-08-27 06:00:00,https://www.bilibili.com/video/BV1GdgW6JEe9/?spm_id_from=333.1387.favlist.content.click&vd_source=406d0cf895bedbdc58a3d0130d55e34c,0,BV1GdgW6JEe9,【杨博文｜4k直拍】Whiplash 双日直拍混剪,关键时刻来瓶尖叫,2026-08-13 23:45:41,237117,28735,23042,21964,7031,4751,8265,5
2026-08-27 06:00:00,https://www.bilibili.com/video/BV1W5gs6KEhr/?spm_id_from=333.1387.favlist.content.click&vd_source=406d0cf895bedbdc58a3d0130d55e34c,1,BV1W5gs6KEhr,【4K精剪】异常加载中 | 杨博文直拍 | 260813,underthepoplar,2026-08-13 22:44:57,195768,23795,15972,17676,6319,7415,8689,2
2026-08-27 06:00:00,https://www.bilibili.com/video/BV1VFbd6QEjw/spm_id_from=333.1387.favlist.content.click&vd_source=406d0cf895bedbdc58a3d0130d55e34c,2,BV1VFbd6QEjw,【杨博文｜4k直拍】管他什么音乐 直拍,关键时刻来瓶尖叫,2026-08-16 23:08:52,86513,6069,3591,4692,2685,564,33,2
2026-08-27 06:00:00,https://www.bilibili.com/video/BV1xebR6zEkr/?spm_id_from=333.1387.favlist.content.click&vd_source=406d0cf895bedbdc58a3d0130d55e34c,3,BV1xebR6zEkr,【4K精剪】Attention | 杨博文直拍 | 260816,underthepoplar,2026-08-16 23:54:18,212669,17579,10758,14589,3227,1777,2877,21
2026-08-27 06:00:00,https://www.bilibili.com/video/BV1s3gs6MEej/?spm_id_from=333.1387.favlist.content.click&vd_source=406d0cf895bedbdc58a3d0130d55e34c,4,BV1s3gs6MEej,【杨博文｜4k直拍】爱的初体验 直拍,关键时刻来瓶尖叫,2026-08-13 22:46:37,123648,13029,6838,9994,3482,526,2545,2
2026-08-27 06:00:00,https://www.bilibili.com/video/BV1E2bR6hEJR/?spm_id_from=333.1387.favlist.content.click&vd_source=406d0cf895bedbdc58a3d0130d55e34c,5,BV1E2bR6hEJR,【杨博文】Attention丨直拍横屏丨16岁高中生内娱主舞的舞台掌控力丨8.16双机位4k精剪,Kismet丨杨博文,2026-08-16 22:13:05,282007,30131,14704,20946,4512,10143,12199,78
2026-08-27 06:00:00,https://www.bilibili.com/video/BV1Rib96EE3F/?spm_id_from=333.1387.favlist.content.click&vd_source=406d0cf895bedbdc58a3d0130d55e34c,6,BV1Rib96EE3F,260816 【杨博文】春雪  竖屏4k直拍,meetsummer丨杨博文,2026-08-17 01:54:42,48486,9413,3614,4921,1865,727,752,1
2026-08-27 06:00:00,https://www.bilibili.com/video/BV18jgg6BEAd/?spm_id_from=333.1387.favlist.content.click&vd_source=406d0cf895bedbdc58a3d0130d55e34c,7,BV18jgg6BEAd,【4K精剪】摇曳！摇曳！ | 杨博文直拍 | 260813 & 260814,underthepoplar,2026-08-15 13:26:46,74021,10558,7451,6940,2913,480,1187,2
2026-08-27 06:00:00,https://www.bilibili.com/video/BV1A5vkB2E1k/?spm_id_from=333.1387.favlist.content.click&vd_source=406d0cf895bedbdc58a3d0130d55e34c,8,BV1A5vkB2E1k,【杨博文】Hey Mama六机位纯舞直拍丨15岁舞台统治者的诞生，四代主舞燃炸全场！,Kismet丨杨博文,2025-12-28 22:28:16,2811945,65802,45970,48104,27878,13676,22041,1
2026-08-27 06:00:00,https://www.bilibili.com/video/BV1mJ64BREZY/?spm_id_from=333.337.search-card.all.click&vd_source=406d0cf895bedbdc58a3d0130d55e34c,9,BV1mJ64BREZY,【杨博文】闭嘴跳舞丨当主舞穿上西装就会得到,Kismet丨杨博文,2026-02-01 18:31:00,622364,35191,4047,25449,8601,448,654,1
2026-08-27 06:00:00,BV1mX8z6NEzz,10,BV1mX8z6NEzz,【4K精剪】管他什么音乐 | 杨博文直拍 | 260816,underthepoplar,2026-08-22 04:21:09,21572,2945,1501,1537,39,47,67,3
2026-08-27 06:00:00,BV1qHbb6QErY,11,BV1qHbb6QErY,杨博文｜260816第肆象限attention<4k精剪>,61strawberry,2026-08-17 06:33:44,17085,1667,426,1136,8,11,16,4
2026-08-27 06:00:00,BV15egs6pEJp,12,BV15egs6pEJp,杨博文｜Whiplash 2机位精剪 直拍 fancam｜4K60｜260813,LOST_杨博文,2026-08-13 23:03:07,98700,8477,1921,6255,63,71,249,3
2026-08-27 06:00:00,BV1rqgW6hEvv,13,BV1rqgW6hEvv,【杨博文｜4k直拍】100Ways 直拍,关键时刻来瓶尖叫,2026-08-14 01:41:46,33857,3740,1499,2712,39,36,226,1
2026-08-27 06:00:00,BV1k9gw6gE4U,14,BV1k9gw6gE4U,「杨博文｜爱的初体验」是不是我的十六岁 注定要为__流泪,Astra_杨博文,2026-08-14 13:49:20,26275,2445,670,1549,24,12,95,2
2026-08-27 06:00:00,BV1c3gF6wERf,15,BV1c3gF6wERf,【杨博文】元气甜度爆表！摇曳4k横屏直拍,游园会_杨博文,2026-08-14 01:43:31,51886,6292,2264,3934,68,53,483,1
2026-08-27 06:30:03,https://www.bilibili.com/video/BV1GdgW6JEe9/?spm_id_from=333.1387.favlist.content.click&vd_source=406d0cf895bedbdc58a3d0130d55e34c,0,BV1GdgW6JEe9,【杨博文｜4k直拍】Whiplash 双日直拍混剪,关键时刻来瓶尖叫,2026-08-13 23:45:41,237212,28737,23044,21965,7031,4751,8265,6
2026-08-27 06:30:03,https://www.bilibili.com/video/BV1W5gs6KEhr/?spm_id_from=333.1387.favlist.content.click&vd_source=406d0cf895bedbdc58a3d0130d55e34c,1,BV1W5gs6KEhr,【4K精剪】异常加载中 | 杨博文直拍 | 260813,underthepoplar,2026-08-13 22:44:57,195846,23796,15974,17677,6319,7415,8689,2
2026-08-27 06:30:03,https://www.bilibili.com/video/BV1VFbd6QEjw/spm_id_from=333.1387.favlist.content.click&vd_source=406d0cf895bedbdc58a3d0130d55e34c,2,BV1VFbd6QEjw,【杨博文｜4k直拍】管他什么音乐 直拍,关键时刻来瓶尖叫,2026-08-16 23:08:52,86515,6069,3591,4692,2685,564,33,1
2026-08-27 06:30:03,https://www.bilibili.com/video/BV1xebR6zEkr/?spm_id_from=333.1387.favlist.content.click&vd_source=406d0cf895bedbdc58a3d0130d55e34c,3,BV1xebR6zEkr,【4K精剪】Attention | 杨博文直拍 | 260816,underthepoplar,2026-08-16 23:54:18,212756,17580,10760,14590,3227,1777,2877,22
2026-08-27 06:30:03,https://www.bilibili.com/video/BV1s3gs6MEej/?spm_id_from=333.1387.favlist.content.click&vd_source=406d0cf895bedbdc58a3d0130d55e34c,4,BV1s3gs6MEej,【杨博文｜4k直拍】爱的初体验 直拍,关键时刻来瓶尖叫,2026-08-13 22:46:37,123651,13029,6838,9994,3482,526,2545,1
2026-08-27 06:30:03,https://www.bilibili.com/video/BV1E2bR6hEJR/?spm_id_from=333.1387.favlist.content.click&vd_source=406d0cf895bedbdc58a3d0130d55e34c,5,BV1E2bR6hEJR,【杨博文】Attention丨直拍横屏丨16岁高中生内娱主舞的舞台掌控力丨8.16双机位4k精剪,Kismet丨杨博文,2026-08-16 22:13:05,282099,30133,14708,20948,4512,10143,12199,79
2026-08-27 06:30:03,https://www.bilibili.com/video/BV1Rib96EE3F/?spm_id_from=333.1387.favlist.content.click&vd_source=406d0cf895bedbdc58a3d0130d55e34c,6,BV1Rib96EE3F,260816 【杨博文】春雪  竖屏4k直拍,meetsummer丨杨博文,2026-08-17 01:54:42,48487,9413,3614,4921,1865,727,752,1
2026-08-27 06:30:03,https://www.bilibili.com/video/BV18jgg6BEAd/?spm_id_from=333.1387.favlist.content.click&vd_source=406d0cf895bedbdc58a3d0130d55e34c,7,BV18jgg6BEAd,【4K精剪】摇曳！摇曳！ | 杨博文直拍 | 260813 & 260814,underthepoplar,2026-08-15 13:26:46,74030,10558,7451,6940,2913,480,1187,1
2026-08-27 06:30:03,https://www.bilibili.com/video/BV1A5vkB2E1k/?spm_id_from=333.1387.favlist.content.click&vd_source=406d0cf895bedbdc58a3d0130d55e34c,8,BV1A5vkB2E1k,【杨博文】Hey Mama六机位纯舞直拍丨15岁舞台统治者的诞生，四代主舞燃炸全场！,Kismet丨杨博文,2025-12-28 22:28:16,2811951,65802,45970,48105,27878,13676,22041,1
2026-08-27 06:30:03,https://www.bilibili.com/video/BV1mJ64BREZY/?spm_id_from=333.337.search-card.all.click&vd_source=406d0cf895bedbdc58a3d0130d55e34c,9,BV1mJ64BREZY,【杨博文】闭嘴跳舞丨当主舞穿上西装就会得到,Kismet丨杨博文,2026-02-01 18:31:00,622364,35191,4047,25449,8601,448,654,1
2026-08-27 06:30:03,BV1mX8z6NEzz,10,BV1mX8z6NEzz,【4K精剪】管他什么音乐 | 杨博文直拍 | 260816,underthepoplar,2026-08-22 04:21:09,21662,2945,1501,1537,39,47,67,3
2026-08-27 06:30:03,BV1qHbb6QErY,11,BV1qHbb6QErY,杨博文｜260816第肆象限attention<4k精剪>,61strawberry,2026-08-17 06:33:44,17166,1667,426,1136,8,11,16,2
2026-08-27 06:30:03,BV15egs6pEJp,12,BV15egs6pEJp,杨博文｜Whiplash 2机位精剪 直拍 fancam｜4K60｜260813,LOST_杨博文,2026-08-13 23:03:07,98794,8477,1921,6255,63,71,249,2
2026-08-27 06:30:03,BV1rqgW6hEvv,13,BV1rqgW6hEvv,【杨博文｜4k直拍】100Ways 直拍,关键时刻来瓶尖叫,2026-08-14 01:41:46,33947,3740,1499,2712,39,36,226,2
2026-08-27 06:30:03,BV1k9gw6gE4U,14,BV1k9gw6gE4U,「杨博文｜爱的初体验」是不是我的十六岁 注定要为__流泪,Astra_杨博文,2026-08-14 13:49:20,26362,2445,670,1549,24,12,95,2
2026-08-27 06:30:03,BV1c3gF6wERf,15,BV1c3gF6wERf,【杨博文】元气甜度爆表！摇曳4k横屏直拍,游园会_杨博文,2026-08-14 01:43:31,51974,6292,2264,3934,68,53,483,1
2026-08-27 07:00:06,https://www.bilibili.com/video/BV1GdgW6JEe9/?spm_id_from=333.1387.favlist.content.click&vd_source=406d0cf895bedbdc58a3d0130d55e34c,0,BV1GdgW6JEe9,【杨博文｜4k直拍】Whiplash 双日直拍混剪,关键时刻来瓶尖叫,2026-08-13 23:45:41,237296,28737,23044,21966,7031,4751,8265,4
2026-08-27 07:00:06,https://www.bilibili.com/video/BV1W5gs6KEhr/?spm_id_from=333.1387.favlist.content.click&vd_source=406d0cf895bedbdc58a3d0130d55e34c,1,BV1W5gs6KEhr,【4K精剪】异常加载中 | 杨博文直拍 | 260813,underthepoplar,2026-08-13 22:44:57,195916,23796,15974,17678,6319,7415,8689,5
2026-08-27 07:00:06,https://www.bilibili.com/video/BV1VFbd6QEjw/spm_id_from=333.1387.favlist.content.click&vd_source=406d0cf895bedbdc58a3d0130d55e34c,2,BV1VFbd6QEjw,【杨博文｜4k直拍】管他什么音乐 直拍,关键时刻来瓶尖叫,2026-08-16 23:08:52,86518,6069,3591,4692,2685,564,33,1
2026-08-27 07:00:06,https://www.bilibili.com/video/BV1xebR6zEkr/?spm_id_from=333.1387.favlist.content.click&vd_source=406d0cf895bedbdc58a3d0130d55e34c,3,BV1xebR6zEkr,【4K精剪】Attention | 杨博文直拍 | 260816,underthepoplar,2026-08-16 23:54:18,212854,17581,10762,14592,3227,1777,2877,21
2026-08-27 07:00:06,https://www.bilibili.com/video/BV1s3gs6MEej/?spm_id_from=333.1387.favlist.content.click&vd_source=406d0cf895bedbdc58a3d0130d55e34c,4,BV1s3gs6MEej,【杨博文｜4k直拍】爱的初体验 直拍,关键时刻来瓶尖叫,2026-08-13 22:46:37,123657,13029,6838,9994,3482,526,2545,2
2026-08-27 07:00:06,https://www.bilibili.com/video/BV1E2bR6hEJR/?spm_id_from=333.1387.favlist.content.click&vd_source=406d0cf895bedbdc58a3d0130d55e34c,5,BV1E2bR6hEJR,【杨博文】Attention丨直拍横屏丨16岁高中生内娱主舞的舞台掌控力丨8.16双机位4k精剪,Kismet丨杨博文,2026-08-16 22:13:05,282181,30134,14708,20949,4512,10143,12199,81
2026-08-27 07:00:06,https://www.bilibili.com/video/BV1Rib96EE3F/?spm_id_from=333.1387.favlist.content.click&vd_source=406d0cf895bedbdc58a3d0130d55e34c,6,BV1Rib96EE3F,260816 【杨博文】春雪  竖屏4k直拍,meetsummer丨杨博文,2026-08-17 01:54:42,48491,9414,3614,4921,1865,727,752,1
2026-08-27 07:00:06,https://www.bilibili.com/video/BV18jgg6BEAd/?spm_id_from=333.1387.favlist.content.click&vd_source=406d0cf895bedbdc58a3d0130d55e34c,7,BV18jgg6BEAd,【4K精剪】摇曳！摇曳！ | 杨博文直拍 | 260813 & 260814,underthepoplar,2026-08-15 13:26:46,74038,10558,7451,6940,2913,480,1187,2
2026-08-27 07:00:06,https://www.bilibili.com/video/BV1A5vkB2E1k/?spm_id_from=333.1387.favlist.content.click&vd_source=406d0cf895bedbdc58a3d0130d55e34c,8,BV1A5vkB2E1k,【杨博文】Hey Mama六机位纯舞直拍丨15岁舞台统治者的诞生，四代主舞燃炸全场！,Kismet丨杨博文,2025-12-28 22:28:16,2811954,65802,45970,48105,27878,13676,22041,1
2026-08-27 07:00:06,https://www.bilibili.com/video/BV1mJ64BREZY/?spm_id_from=333.337.search-card.all.click&vd_source=406d0cf895bedbdc58a3d0130d55e34c,9,BV1mJ64BREZY,【杨博文】闭嘴跳舞丨当主舞穿上西装就会得到,Kismet丨杨博文,2026-02-01 18:31:00,622364,35191,4047,25449,8601,448,654,1
2026-08-27 07:00:06,BV1mX8z6NEzz,10,BV1mX8z6NEzz,【4K精剪】管他什么音乐 | 杨博文直拍 | 260816,underthepoplar,2026-08-22 04:21:09,21753,2946,1503,1538,39,47,67,3
2026-08-27 07:00:06,BV1qHbb6QErY,11,BV1qHbb6QErY,杨博文｜260816第肆象限attention<4k精剪>,61strawberry,2026-08-17 06:33:44,17253,1667,426,1136,8,11,16,2
2026-08-27 07:00:06,BV15egs6pEJp,12,BV15egs6pEJp,杨博文｜Whiplash 2机位精剪 直拍 fancam｜4K60｜260813,LOST_杨博文,2026-08-13 23:03:07,98889,8478,1921,6256,63,71,249,2
2026-08-27 07:00:06,BV1rqgW6hEvv,13,BV1rqgW6hEvv,【杨博文｜4k直拍】100Ways 直拍,关键时刻来瓶尖叫,2026-08-14 01:41:46,34030,3740,1499,2712,39,36,226,2
2026-08-27 07:00:06,BV1k9gw6gE4U,14,BV1k9gw6gE4U,「杨博文｜爱的初体验」是不是我的十六岁 注定要为__流泪,Astra_杨博文,2026-08-14 13:49:20,26446,2445,670,1549,24,12,95,2
2026-08-27 07:00:06,BV1c3gF6wERf,15,BV1c3gF6wERf,【杨博文】元气甜度爆表！摇曳4k横屏直拍,游园会_杨博文,2026-08-14 01:43:31,52060,6292,2264,3934,68,53,483,1
2026-08-27 07:30:09,https://www.bilibili.com/video/BV1GdgW6JEe9/?spm_id_from=333.1387.favlist.content.click&vd_source=406d0cf895bedbdc58a3d0130d55e34c,0,BV1GdgW6JEe9,【杨博文｜4k直拍】Whiplash 双日直拍混剪,关键时刻来瓶尖叫,2026-08-13 23:45:41,237380,28740,23046,21968,7031,4751,8265,6
2026-08-27 07:30:09,https://www.bilibili.com/video/BV1W5gs6KEhr/?spm_id_from=333.1387.favlist.content.click&vd_source=406d0cf895bedbdc58a3d0130d55e34c,1,BV1W5gs6KEhr,【4K精剪】异常加载中 | 杨博文直拍 | 260813,underthepoplar,2026-08-13 22:44:57,195980,23797,15974,17678,6319,7415,8689,1
2026-08-27 07:30:09,https://www.bilibili.com/video/BV1VFbd6QEjw/spm_id_from=333.1387.favlist.content.click&vd_source=406d0cf895bedbdc58a3d0130d55e34c,2,BV1VFbd6QEjw,【杨博文｜4k直拍】管他什么音乐 直拍,关键时刻来瓶尖叫,2026-08-16 23:08:52,86521,6069,3591,4692,2685,564,33,1
2026-08-27 07:30:09,https://www.bilibili.com/video/BV1xebR6zEkr/?spm_id_from=333.1387.favlist.content.click&vd_source=406d0cf895bedbdc58a3d0130d55e34c,3,BV1xebR6zEkr,【4K精剪】Attention | 杨博文直拍 | 260816,underthepoplar,2026-08-16 23:54:18,212943,17584,10764,14593,3227,1777,2877,20
2026-08-27 07:30:09,https://www.bilibili.com/video/BV1s3gs6MEej/?spm_id_from=333.1387.favlist.content.click&vd_source=406d0cf895bedbdc58a3d0130d55e34c,4,BV1s3gs6MEej,【杨博文｜4k直拍】爱的初体验 直拍,关键时刻来瓶尖叫,2026-08-13 22:46:37,123663,13029,6838,9994,3482,526,2545,2
2026-08-27 07:30:09,https://www.bilibili.com/video/BV1E2bR6hEJR/?spm_id_from=333.1387.favlist.content.click&vd_source=406d0cf895bedbdc58a3d0130d55e34c,5,BV1E2bR6hEJR,【杨博文】Attention丨直拍横屏丨16岁高中生内娱主舞的舞台掌控力丨8.16双机位4k精剪,Kismet丨杨博文,2026-08-16 22:13:05,282268,30138,14712,20951,4512,10143,12199,79
2026-08-27 07:30:09,https://www.bilibili.com/video/BV1Rib96EE3F/?spm_id_from=333.1387.favlist.content.click&vd_source=406d0cf895bedbdc58a3d0130d55e34c,6,BV1Rib96EE3F,260816 【杨博文】春雪  竖屏4k直拍,meetsummer丨杨博文,2026-08-17 01:54:42,48492,9414,3614,4921,1865,727,752,1
2026-08-27 07:30:09,https://www.bilibili.com/video/BV18jgg6BEAd/?spm_id_from=333.1387.favlist.content.click&vd_source=406d0cf895bedbdc58a3d0130d55e34c,7,BV18jgg6BEAd,【4K精剪】摇曳！摇曳！ | 杨博文直拍 | 260813 & 260814,underthepoplar,2026-08-15 13:26:46,74049,10558,7451,6940,2913,480,1187,1
2026-08-27 07:30:09,https://www.bilibili.com/video/BV1A5vkB2E1k/?spm_id_from=333.1387.favlist.content.click&vd_source=406d0cf895bedbdc58a3d0130d55e34c,8,BV1A5vkB2E1k,【杨博文】Hey Mama六机位纯舞直拍丨15岁舞台统治者的诞生，四代主舞燃炸全场！,Kismet丨杨博文,2025-12-28 22:28:16,2811957,65802,45970,48105,27878,13676,22041,1
2026-08-27 07:30:09,https://www.bilibili.com/video/BV1mJ64BREZY/?spm_id_from=333.337.search-card.all.click&vd_source=406d0cf895bedbdc58a3d0130d55e34c,9,BV1mJ64BREZY,【杨博文】闭嘴跳舞丨当主舞穿上西装就会得到,Kismet丨杨博文,2026-02-01 18:31:00,622364,35191,4047,25449,8601,448,654,1
2026-08-27 07:30:09,BV1mX8z6NEzz,10,BV1mX8z6NEzz,【4K精剪】管他什么音乐 | 杨博文直拍 | 260816,underthepoplar,2026-08-22 04:21:09,21837,2947,1505,1539,39,47,67,6
2026-08-27 07:30:09,BV1qHbb6QErY,11,BV1qHbb6QErY,杨博文｜260816第肆象限attention<4k精剪>,61strawberry,2026-08-17 06:33:44,17338,1667,426,1136,8,11,16,4
2026-08-27 07:30:09,BV15egs6pEJp,12,BV15egs6pEJp,杨博文｜Whiplash 2机位精剪 直拍 fancam｜4K60｜260813,LOST_杨博文,2026-08-13 23:03:07,98984,8478,1921,6256,63,71,249,3
2026-08-27 07:30:09,BV1rqgW6hEvv,13,BV1rqgW6hEvv,【杨博文｜4k直拍】100Ways 直拍,关键时刻来瓶尖叫,2026-08-14 01:41:46,34123,3740,1499,2712,39,36,226,3
2026-08-27 07:30:09,BV1k9gw6gE4U,14,BV1k9gw6gE4U,「杨博文｜爱的初体验」是不是我的十六岁 注定要为__流泪,Astra_杨博文,2026-08-14 13:49:20,26527,2445,670,1549,24,12,95,3
2026-08-27 07:30:09,BV1c3gF6wERf,15,BV1c3gF6wERf,【杨博文】元气甜度爆表！摇曳4k横屏直拍,游园会_杨博文,2026-08-14 01:43:31,52156,6292,2264,3934,68,53,483,3
2026-08-27 08:00:01,https://www.bilibili.com/video/BV1GdgW6JEe9/?spm_id_from=333.1387.favlist.content.click&vd_source=406d0cf895bedbdc58a3d0130d55e34c,0,BV1GdgW6JEe9,【杨博文｜4k直拍】Whiplash 双日直拍混剪,关键时刻来瓶尖叫,2026-08-13 23:45:41,237480,28742,23047,21967,7031,4751,8265,5
2026-08-27 08:00:01,https://www.bilibili.com/video/BV1W5gs6KEhr/?spm_id_from=333.1387.favlist.content.click&vd_source=406d0cf895bedbdc58a3d0130d55e34c,1,BV1W5gs6KEhr,【4K精剪】异常加载中 | 杨博文直拍 | 260813,underthepoplar,2026-08-13 22:44:57,196059,23799,15976,17678,6319,7415,8689,3
2026-08-27 08:00:01,https://www.bilibili.com/video/BV1VFbd6QEjw/spm_id_from=333.1387.favlist.content.click&vd_source=406d0cf895bedbdc58a3d0130d55e34c,2,BV1VFbd6QEjw,【杨博文｜4k直拍】管他什么音乐 直拍,关键时刻来瓶尖叫,2026-08-16 23:08:52,86522,6069,3591,4692,2685,564,33,1
2026-08-27 08:00:01,https://www.bilibili.com/video/BV1xebR6zEkr/?spm_id_from=333.1387.favlist.content.click&vd_source=406d0cf895bedbdc58a3d0130d55e34c,3,BV1xebR6zEkr,【4K精剪】Attention | 杨博文直拍 | 260816,underthepoplar,2026-08-16 23:54:18,213057,17588,10764,14596,3227,1777,2877,11
2026-08-27 08:00:01,https://www.bilibili.com/video/BV1s3gs6MEej/?spm_id_from=333.1387.favlist.content.click&vd_source=406d0cf895bedbdc58a3d0130d55e34c,4,BV1s3gs6MEej,【杨博文｜4k直拍】爱的初体验 直拍,关键时刻来瓶尖叫,2026-08-13 22:46:37,123669,13029,6838,9994,3482,526,2545,1
2026-08-27 08:00:01,https://www.bilibili.com/video/BV1E2bR6hEJR/?spm_id_from=333.1387.favlist.content.click&vd_source=406d0cf895bedbdc58a3d0130d55e34c,5,BV1E2bR6hEJR,【杨博文】Attention丨直拍横屏丨16岁高中生内娱主舞的舞台掌控力丨8.16双机位4k精剪,Kismet丨杨博文,2026-08-16 22:13:05,282369,30143,14714,20954,4512,10143,12200,15
2026-08-27 08:00:01,https://www.bilibili.com/video/BV1Rib96EE3F/?spm_id_from=333.1387.favlist.content.click&vd_source=406d0cf895bedbdc58a3d0130d55e34c,6,BV1Rib96EE3F,260816 【杨博文】春雪  竖屏4k直拍,meetsummer丨杨博文,2026-08-17 01:54:42,48494,9415,3614,4921,1865,727,752,1
2026-08-27 08:00:01,https://www.bilibili.com/video/BV18jgg6BEAd/?spm_id_from=333.1387.favlist.content.click&vd_source=406d0cf895bedbdc58a3d0130d55e34c,7,BV18jgg6BEAd,【4K精剪】摇曳！摇曳！ | 杨博文直拍 | 260813 & 260814,underthepoplar,2026-08-15 13:26:46,74066,10559,7451,6940,2913,480,1187,1
2026-08-27 08:00:01,https://www.bilibili.com/video/BV1A5vkB2E1k/?spm_id_from=333.1387.favlist.content.click&vd_source=406d0cf895bedbdc58a3d0130d55e34c,8,BV1A5vkB2E1k,【杨博文】Hey Mama六机位纯舞直拍丨15岁舞台统治者的诞生，四代主舞燃炸全场！,Kismet丨杨博文,2025-12-28 22:28:16,2811966,65803,45972,48105,27878,13676,22041,1
2026-08-27 08:00:01,https://www.bilibili.com/video/BV1mJ64BREZY/?spm_id_from=333.337.search-card.all.click&vd_source=406d0cf895bedbdc58a3d0130d55e34c,9,BV1mJ64BREZY,【杨博文】闭嘴跳舞丨当主舞穿上西装就会得到,Kismet丨杨博文,2026-02-01 18:31:00,622365,35191,4047,25449,8601,448,654,1
2026-08-27 08:00:01,BV1mX8z6NEzz,10,BV1mX8z6NEzz,【4K精剪】管他什么音乐 | 杨博文直拍 | 260816,underthepoplar,2026-08-22 04:21:09,21933,2949,1505,1540,39,47,67,4
2026-08-27 08:00:01,BV1qHbb6QErY,11,BV1qHbb6QErY,杨博文｜260816第肆象限attention<4k精剪>,61strawberry,2026-08-17 06:33:44,17416,1668,426,1137,8,11,16,2
2026-08-27 08:00:01,BV15egs6pEJp,12,BV15egs6pEJp,杨博文｜Whiplash 2机位精剪 直拍 fancam｜4K60｜260813,LOST_杨博文,2026-08-13 23:03:07,99069,8478,1921,6256,63,71,249,3
2026-08-27 08:00:01,BV1rqgW6hEvv,13,BV1rqgW6hEvv,【杨博文｜4k直拍】100Ways 直拍,关键时刻来瓶尖叫,2026-08-14 01:41:46,34203,3740,1499,2712,39,36,226,4
2026-08-27 08:00:01,BV1k9gw6gE4U,14,BV1k9gw6gE4U,「杨博文｜爱的初体验」是不是我的十六岁 注定要为__流泪,Astra_杨博文,2026-08-14 13:49:20,26608,2446,670,1549,24,12,95,3
2026-08-27 08:00:01,BV1c3gF6wERf,15,BV1c3gF6wERf,【杨博文】元气甜度爆表！摇曳4k横屏直拍,游园会_杨博文,2026-08-14 01:43:31,52242,6292,2264,3934,68,53,483,4
2026-08-27 08:30:04,https://www.bilibili.com/video/BV1GdgW6JEe9/?spm_id_from=333.1387.favlist.content.click&vd_source=406d0cf895bedbdc58a3d0130d55e34c,0,BV1GdgW6JEe9,【杨博文｜4k直拍】Whiplash 双日直拍混剪,关键时刻来瓶尖叫,2026-08-13 23:45:41,237597,28747,23051,21973,7031,4751,8266,4
2026-08-27 08:30:04,https://www.bilibili.com/video/BV1W5gs6KEhr/?spm_id_from=333.1387.favlist.content.click&vd_source=406d0cf895bedbdc58a3d0130d55e34c,1,BV1W5gs6KEhr,【4K精剪】异常加载中 | 杨博文直拍 | 260813,underthepoplar,2026-08-13 22:44:57,196134,23799,15976,17678,6319,7415,8689,4
2026-08-27 08:30:04,https://www.bilibili.com/video/BV1VFbd6QEjw/spm_id_from=333.1387.favlist.content.click&vd_source=406d0cf895bedbdc58a3d0130d55e34c,2,BV1VFbd6QEjw,【杨博文｜4k直拍】管他什么音乐 直拍,关键时刻来瓶尖叫,2026-08-16 23:08:52,86528,6069,3591,4692,2685,564,33,2
2026-08-27 08:30:04,https://www.bilibili.com/video/BV1xebR6zEkr/?spm_id_from=333.1387.favlist.content.click&vd_source=406d0cf895bedbdc58a3d0130d55e34c,3,BV1xebR6zEkr,【4K精剪】Attention | 杨博文直拍 | 260816,underthepoplar,2026-08-16 23:54:18,213187,17593,10770,14602,3227,1777,2877,6
2026-08-27 08:30:04,https://www.bilibili.com/video/BV1s3gs6MEej/?spm_id_from=333.1387.favlist.content.click&vd_source=406d0cf895bedbdc58a3d0130d55e34c,4,BV1s3gs6MEej,【杨博文｜4k直拍】爱的初体验 直拍,关键时刻来瓶尖叫,2026-08-13 22:46:37,123683,13031,6838,9995,3482,526,2545,6
2026-08-27 08:30:04,https://www.bilibili.com/video/BV1E2bR6hEJR/?spm_id_from=333.1387.favlist.content.click&vd_source=406d0cf895bedbdc58a3d0130d55e34c,5,BV1E2bR6hEJR,【杨博文】Attention丨直拍横屏丨16岁高中生内娱主舞的舞台掌控力丨8.16双机位4k精剪,Kismet丨杨博文,2026-08-16 22:13:05,282485,30149,14721,20958,4512,10143,12202,56
2026-08-27 08:30:04,https://www.bilibili.com/video/BV1Rib96EE3F/?spm_id_from=333.1387.favlist.content.click&vd_source=406d0cf895bedbdc58a3d0130d55e34c,6,BV1Rib96EE3F,260816 【杨博文】春雪  竖屏4k直拍,meetsummer丨杨博文,2026-08-17 01:54:42,48503,9417,3614,4921,1865,727,752,1
2026-08-27 08:30:04,https://www.bilibili.com/video/BV18jgg6BEAd/?spm_id_from=333.1387.favlist.content.click&vd_source=406d0cf895bedbdc58a3d0130d55e34c,7,BV18jgg6BEAd,【4K精剪】摇曳！摇曳！ | 杨博文直拍 | 260813 & 260814,underthepoplar,2026-08-15 13:26:46,74097,10561,7452,6941,2913,480,1187,3
2026-08-27 08:30:04,https://www.bilibili.com/video/BV1A5vkB2E1k/?spm_id_from=333.1387.favlist.content.click&vd_source=406d0cf895bedbdc58a3d0130d55e34c,8,BV1A5vkB2E1k,【杨博文】Hey Mama六机位纯舞直拍丨15岁舞台统治者的诞生，四代主舞燃炸全场！,Kismet丨杨博文,2025-12-28 22:28:16,2811972,65803,45972,48104,27878,13676,22042,1
2026-08-27 08:30:04,https://www.bilibili.com/video/BV1mJ64BREZY/?spm_id_from=333.337.search-card.all.click&vd_source=406d0cf895bedbdc58a3d0130d55e34c,9,BV1mJ64BREZY,【杨博文】闭嘴跳舞丨当主舞穿上西装就会得到,Kismet丨杨博文,2026-02-01 18:31:00,622365,35191,4047,25449,8601,448,654,1
2026-08-27 08:30:04,BV1mX8z6NEzz,10,BV1mX8z6NEzz,【4K精剪】管他什么音乐 | 杨博文直拍 | 260816,underthepoplar,2026-08-22 04:21:09,22030,2950,1505,1541,39,47,67,4
2026-08-27 08:30:04,BV1qHbb6QErY,11,BV1qHbb6QErY,杨博文｜260816第肆象限attention<4k精剪>,61strawberry,2026-08-17 06:33:44,17497,1669,426,1138,8,11,16,4
2026-08-27 08:30:04,BV15egs6pEJp,12,BV15egs6pEJp,杨博文｜Whiplash 2机位精剪 直拍 fancam｜4K60｜260813,LOST_杨博文,2026-08-13 23:03:07,99159,8479,1921,6258,63,71,249,5
2026-08-27 08:30:04,BV1rqgW6hEvv,13,BV1rqgW6hEvv,【杨博文｜4k直拍】100Ways 直拍,关键时刻来瓶尖叫,2026-08-14 01:41:46,34284,3740,1499,2712,39,36,226,3
2026-08-27 08:30:04,BV1k9gw6gE4U,14,BV1k9gw6gE4U,「杨博文｜爱的初体验」是不是我的十六岁 注定要为__流泪,Astra_杨博文,2026-08-14 13:49:20,26681,2446,670,1549,24,12,95,5
2026-08-27 08:30:04,BV1c3gF6wERf,15,BV1c3gF6wERf,【杨博文】元气甜度爆表！摇曳4k横屏直拍,游园会_杨博文,2026-08-14 01:43:31,52321,6293,2264,3935,68,53,483,3
2026-08-27 09:00:06,https://www.bilibili.com/video/BV1GdgW6JEe9/?spm_id_from=333.1387.favlist.content.click&vd_source=406d0cf895bedbdc58a3d0130d55e34c,0,BV1GdgW6JEe9,【杨博文｜4k直拍】Whiplash 双日直拍混剪,关键时刻来瓶尖叫,2026-08-13 23:45:41,237748,28751,23053,21973,7032,4751,8266,5
2026-08-27 09:00:06,https://www.bilibili.com/video/BV1W5gs6KEhr/?spm_id_from=333.1387.favlist.content.click&vd_source=406d0cf895bedbdc58a3d0130d55e34c,1,BV1W5gs6KEhr,【4K精剪】异常加载中 | 杨博文直拍 | 260813,underthepoplar,2026-08-13 22:44:57,196243,23799,15976,17678,6319,7415,8692,5
2026-08-27 09:00:06,https://www.bilibili.com/video/BV1VFbd6QEjw/spm_id_from=333.1387.favlist.content.click&vd_source=406d0cf895bedbdc58a3d0130d55e34c,2,BV1VFbd6QEjw,【杨博文｜4k直拍】管他什么音乐 直拍,关键时刻来瓶尖叫,2026-08-16 23:08:52,86538,6069,3591,4692,2685,564,33,4
2026-08-27 09:00:06,https://www.bilibili.com/video/BV1xebR6zEkr/?spm_id_from=333.1387.favlist.content.click&vd_source=406d0cf895bedbdc58a3d0130d55e34c,3,BV1xebR6zEkr,【4K精剪】Attention | 杨博文直拍 | 260816,underthepoplar,2026-08-16 23:54:18,213374,17602,10773,14609,3228,1777,2877,9
2026-08-27 09:00:06,https://www.bilibili.com/video/BV1s3gs6MEej/?spm_id_from=333.1387.favlist.content.click&vd_source=406d0cf895bedbdc58a3d0130d55e34c,4,BV1s3gs6MEej,【杨博文｜4k直拍】爱的初体验 直拍,关键时刻来瓶尖叫,2026-08-13 22:46:37,123712,13033,6838,9997,3482,526,2545,3
2026-08-27 09:00:06,https://www.bilibili.com/video/BV1E2bR6hEJR/?spm_id_from=333.1387.favlist.content.click&vd_source=406d0cf895bedbdc58a3d0130d55e34c,5,BV1E2bR6hEJR,【杨博文】Attention丨直拍横屏丨16岁高中生内娱主舞的舞台掌控力丨8.16双机位4k精剪,Kismet丨杨博文,2026-08-16 22:13:05,282670,30163,14721,20964,4513,10143,12204,55
2026-08-27 09:00:06,https://www.bilibili.com/video/BV1Rib96EE3F/?spm_id_from=333.1387.favlist.content.click&vd_source=406d0cf895bedbdc58a3d0130d55e34c,6,BV1Rib96EE3F,260816 【杨博文】春雪  竖屏4k直拍,meetsummer丨杨博文,2026-08-17 01:54:42,48514,9418,3614,4922,1865,727,752,1
2026-08-27 09:00:06,https://www.bilibili.com/video/BV18jgg6BEAd/?spm_id_from=333.1387.favlist.content.click&vd_source=406d0cf895bedbdc58a3d0130d55e34c,7,BV18jgg6BEAd,【4K精剪】摇曳！摇曳！ | 杨博文直拍 | 260813 & 260814,underthepoplar,2026-08-15 13:26:46,74138,10565,7452,6945,2913,480,1187,3
2026-08-27 09:00:06,https://www.bilibili.com/video/BV1A5vkB2E1k/?spm_id_from=333.1387.favlist.content.click&vd_source=406d0cf895bedbdc58a3d0130d55e34c,8,BV1A5vkB2E1k,【杨博文】Hey Mama六机位纯舞直拍丨15岁舞台统治者的诞生，四代主舞燃炸全场！,Kismet丨杨博文,2025-12-28 22:28:16,2811985,65806,45972,48105,27878,13676,22042,1
2026-08-27 09:00:06,https://www.bilibili.com/video/BV1mJ64BREZY/?spm_id_from=333.337.search-card.all.click&vd_source=406d0cf895bedbdc58a3d0130d55e34c,9,BV1mJ64BREZY,【杨博文】闭嘴跳舞丨当主舞穿上西装就会得到,Kismet丨杨博文,2026-02-01 18:31:00,622365,35191,4047,25449,8601,448,654,1
2026-08-27 09:00:06,BV1mX8z6NEzz,10,BV1mX8z6NEzz,【4K精剪】管他什么音乐 | 杨博文直拍 | 260816,underthepoplar,2026-08-22 04:21:09,22146,2951,1507,1543,39,47,67,3
2026-08-27 09:00:06,BV1qHbb6QErY,11,BV1qHbb6QErY,杨博文｜260816第肆象限attention<4k精剪>,61strawberry,2026-08-17 06:33:44,17592,1671,428,1141,8,11,16,4
2026-08-27 09:00:06,BV15egs6pEJp,12,BV15egs6pEJp,杨博文｜Whiplash 2机位精剪 直拍 fancam｜4K60｜260813,LOST_杨博文,2026-08-13 23:03:07,99258,8480,1921,6259,63,71,249,1
2026-08-27 09:00:06,BV1rqgW6hEvv,13,BV1rqgW6hEvv,【杨博文｜4k直拍】100Ways 直拍,关键时刻来瓶尖叫,2026-08-14 01:41:46,34370,3741,1499,2713,39,36,226,3
2026-08-27 09:00:06,BV1k9gw6gE4U,14,BV1k9gw6gE4U,「杨博文｜爱的初体验」是不是我的十六岁 注定要为__流泪,Astra_杨博文,2026-08-14 13:49:20,26760,2446,670,1549,24,12,95,3
2026-08-27 09:00:06,BV1c3gF6wERf,15,BV1c3gF6wERf,【杨博文】元气甜度爆表！摇曳4k横屏直拍,游园会_杨博文,2026-08-14 01:43:31,52435,6294,2264,3936,68,53,483,3
2026-08-27 09:30:09,https://www.bilibili.com/video/BV1GdgW6JEe9/?spm_id_from=333.1387.favlist.content.click&vd_source=406d0cf895bedbdc58a3d0130d55e34c,0,BV1GdgW6JEe9,【杨博文｜4k直拍】Whiplash 双日直拍混剪,关键时刻来瓶尖叫,2026-08-13 23:45:41,237899,28758,23053,21976,7032,4751,8266,7
2026-08-27 09:30:09,https://www.bilibili.com/video/BV1W5gs6KEhr/?spm_id_from=333.1387.favlist.content.click&vd_source=406d0cf895bedbdc58a3d0130d55e34c,1,BV1W5gs6KEhr,【4K精剪】异常加载中 | 杨博文直拍 | 260813,underthepoplar,2026-08-13 22:44:57,196346,23802,15978,17680,6319,7415,8692,5
2026-08-27 09:30:09,https://www.bilibili.com/video/BV1VFbd6QEjw/spm_id_from=333.1387.favlist.content.click&vd_source=406d0cf895bedbdc58a3d0130d55e34c,2,BV1VFbd6QEjw,【杨博文｜4k直拍】管他什么音乐 直拍,关键时刻来瓶尖叫,2026-08-16 23:08:52,86549,6069,3591,4692,2685,564,33,2
2026-08-27 09:30:09,https://www.bilibili.com/video/BV1xebR6zEkr/?spm_id_from=333.1387.favlist.content.click&vd_source=406d0cf895bedbdc58a3d0130d55e34c,3,BV1xebR6zEkr,【4K精剪】Attention | 杨博文直拍 | 260816,underthepoplar,2026-08-16 23:54:18,213582,17612,10775,14619,3228,1777,2877,11
2026-08-27 09:30:09,https://www.bilibili.com/video/BV1s3gs6MEej/?spm_id_from=333.1387.favlist.content.click&vd_source=406d0cf895bedbdc58a3d0130d55e34c,4,BV1s3gs6MEej,【杨博文｜4k直拍】爱的初体验 直拍,关键时刻来瓶尖叫,2026-08-13 22:46:37,123748,13035,6838,9997,3482,526,2545,3
2026-08-27 09:30:09,https://www.bilibili.com/video/BV1E2bR6hEJR/?spm_id_from=333.1387.favlist.content.click&vd_source=406d0cf895bedbdc58a3d0130d55e34c,5,BV1E2bR6hEJR,【杨博文】Attention丨直拍横屏丨16岁高中生内娱主舞的舞台掌控力丨8.16双机位4k精剪,Kismet丨杨博文,2026-08-16 22:13:05,282862,30171,14721,20969,4515,10143,12207,57
2026-08-27 09:30:09,https://www.bilibili.com/video/BV1Rib96EE3F/?spm_id_from=333.1387.favlist.content.click&vd_source=406d0cf895bedbdc58a3d0130d55e34c,6,BV1Rib96EE3F,260816 【杨博文】春雪  竖屏4k直拍,meetsummer丨杨博文,2026-08-17 01:54:42,48523,9420,3614,4924,1865,727,752,1
2026-08-27 09:30:09,https://www.bilibili.com/video/BV18jgg6BEAd/?spm_id_from=333.1387.favlist.content.click&vd_source=406d0cf895bedbdc58a3d0130d55e34c,7,BV18jgg6BEAd,【4K精剪】摇曳！摇曳！ | 杨博文直拍 | 260813 & 260814,underthepoplar,2026-08-15 13:26:46,74163,10568,7454,6946,2913,481,1189,5
2026-08-27 09:30:09,https://www.bilibili.com/video/BV1A5vkB2E1k/?spm_id_from=333.1387.favlist.content.click&vd_source=406d0cf895bedbdc58a3d0130d55e34c,8,BV1A5vkB2E1k,【杨博文】Hey Mama六机位纯舞直拍丨15岁舞台统治者的诞生，四代主舞燃炸全场！,Kismet丨杨博文,2025-12-28 22:28:16,2811998,65807,45972,48105,27878,13676,22042,1
2026-08-27 09:30:09,https://www.bilibili.com/video/BV1mJ64BREZY/?spm_id_from=333.337.search-card.all.click&vd_source=406d0cf895bedbdc58a3d0130d55e34c,9,BV1mJ64BREZY,【杨博文】闭嘴跳舞丨当主舞穿上西装就会得到,Kismet丨杨博文,2026-02-01 18:31:00,622366,35191,4047,25448,8601,448,654,1
2026-08-27 09:30:09,BV1mX8z6NEzz,10,BV1mX8z6NEzz,【4K精剪】管他什么音乐 | 杨博文直拍 | 260816,underthepoplar,2026-08-22 04:21:09,22269,2955,1508,1546,39,47,67,6
2026-08-27 09:30:09,BV1qHbb6QErY,11,BV1qHbb6QErY,杨博文｜260816第肆象限attention<4k精剪>,61strawberry,2026-08-17 06:33:44,17694,1672,428,1141,8,11,16,3
2026-08-27 09:30:09,BV15egs6pEJp,12,BV15egs6pEJp,杨博文｜Whiplash 2机位精剪 直拍 fancam｜4K60｜260813,LOST_杨博文,2026-08-13 23:03:07,99623,8486,1921,6261,63,71,249,17
2026-08-27 09:30:09,BV1rqgW6hEvv,13,BV1rqgW6hEvv,【杨博文｜4k直拍】100Ways 直拍,关键时刻来瓶尖叫,2026-08-14 01:41:46,34477,3741,1499,2713,39,36,226,5
2026-08-27 09:30:09,BV1k9gw6gE4U,14,BV1k9gw6gE4U,「杨博文｜爱的初体验」是不是我的十六岁 注定要为__流泪,Astra_杨博文,2026-08-14 13:49:20,26854,2446,670,1549,24,12,95,3
2026-08-27 09:30:09,BV1c3gF6wERf,15,BV1c3gF6wERf,【杨博文】元气甜度爆表！摇曳4k横屏直拍,游园会_杨博文,2026-08-14 01:43:31,52568,6298,2264,3940,68,53,483,5
2026-08-27 10:00:02,https://www.bilibili.com/video/BV1GdgW6JEe9/?spm_id_from=333.1387.favlist.content.click&vd_source=406d0cf895bedbdc58a3d0130d55e34c,0,BV1GdgW6JEe9,【杨博文｜4k直拍】Whiplash 双日直拍混剪,关键时刻来瓶尖叫,2026-08-13 23:45:41,238088,28766,23055,21981,7032,4751,8266,13
2026-08-27 10:00:02,https://www.bilibili.com/video/BV1W5gs6KEhr/?spm_id_from=333.1387.favlist.content.click&vd_source=406d0cf895bedbdc58a3d0130d55e34c,1,BV1W5gs6KEhr,【4K精剪】异常加载中 | 杨博文直拍 | 260813,underthepoplar,2026-08-13 22:44:57,196453,23805,15980,17684,6319,7415,8692,10
2026-08-27 10:00:02,https://www.bilibili.com/video/BV1VFbd6QEjw/spm_id_from=333.1387.favlist.content.click&vd_source=406d0cf895bedbdc58a3d0130d55e34c,2,BV1VFbd6QEjw,【杨博文｜4k直拍】管他什么音乐 直拍,关键时刻来瓶尖叫,2026-08-16 23:08:52,86558,6069,3591,4692,2685,564,33,2
2026-08-27 10:00:02,https://www.bilibili.com/video/BV1xebR6zEkr/?spm_id_from=333.1387.favlist.content.click&vd_source=406d0cf895bedbdc58a3d0130d55e34c,3,BV1xebR6zEkr,【4K精剪】Attention | 杨博文直拍 | 260816,underthepoplar,2026-08-16 23:54:18,213790,17621,10779,14632,3228,1777,2877,13
2026-08-27 10:00:02,https://www.bilibili.com/video/BV1s3gs6MEej/?spm_id_from=333.1387.favlist.content.click&vd_source=406d0cf895bedbdc58a3d0130d55e34c,4,BV1s3gs6MEej,【杨博文｜4k直拍】爱的初体验 直拍,关键时刻来瓶尖叫,2026-08-13 22:46:37,123786,13037,6838,9997,3482,526,2545,3
2026-08-27 10:00:02,https://www.bilibili.com/video/BV1E2bR6hEJR/?spm_id_from=333.1387.favlist.content.click&vd_source=406d0cf895bedbdc58a3d0130d55e34c,5,BV1E2bR6hEJR,【杨博文】Attention丨直拍横屏丨16岁高中生内娱主舞的舞台掌控力丨8.16双机位4k精剪,Kismet丨杨博文,2026-08-16 22:13:05,283057,30179,14724,20978,4516,10144,12208,61
2026-08-27 10:00:02,https://www.bilibili.com/video/BV1Rib96EE3F/?spm_id_from=333.1387.favlist.content.click&vd_source=406d0cf895bedbdc58a3d0130d55e34c,6,BV1Rib96EE3F,260816 【杨博文】春雪  竖屏4k直拍,meetsummer丨杨博文,2026-08-17 01:54:42,48539,9424,3615,4927,1865,727,752,1
2026-08-27 10:00:02,https://www.bilibili.com/video/BV18jgg6BEAd/?spm_id_from=333.1387.favlist.content.click&vd_source=406d0cf895bedbdc58a3d0130d55e34c,7,BV18jgg6BEAd,【4K精剪】摇曳！摇曳！ | 杨博文直拍 | 260813 & 260814,underthepoplar,2026-08-15 13:26:46,74207,10571,7454,6948,2913,481,1191,7
2026-08-27 10:00:02,https://www.bilibili.com/video/BV1A5vkB2E1k/?spm_id_from=333.1387.favlist.content.click&vd_source=406d0cf895bedbdc58a3d0130d55e34c,8,BV1A5vkB2E1k,【杨博文】Hey Mama六机位纯舞直拍丨15岁舞台统治者的诞生，四代主舞燃炸全场！,Kismet丨杨博文,2025-12-28 22:28:16,2812014,65808,45972,48105,27878,13679,22042,1
2026-08-27 10:00:02,https://www.bilibili.com/video/BV1mJ64BREZY/?spm_id_from=333.337.search-card.all.click&vd_source=406d0cf895bedbdc58a3d0130d55e34c,9,BV1mJ64BREZY,【杨博文】闭嘴跳舞丨当主舞穿上西装就会得到,Kismet丨杨博文,2026-02-01 18:31:00,622368,35191,4047,25448,8601,448,654,1
2026-08-27 10:00:02,BV1mX8z6NEzz,10,BV1mX8z6NEzz,【4K精剪】管他什么音乐 | 杨博文直拍 | 260816,underthepoplar,2026-08-22 04:21:09,22404,2959,1511,1549,39,47,67,4
2026-08-27 10:00:02,BV1qHbb6QErY,11,BV1qHbb6QErY,杨博文｜260816第肆象限attention<4k精剪>,61strawberry,2026-08-17 06:33:44,17802,1672,428,1142,8,11,16,3
2026-08-27 10:00:02,BV15egs6pEJp,12,BV15egs6pEJp,杨博文｜Whiplash 2机位精剪 直拍 fancam｜4K60｜260813,LOST_杨博文,2026-08-13 23:03:07,100038,8491,1921,6263,63,71,249,14
2026-08-27 10:00:02,BV1rqgW6hEvv,13,BV1rqgW6hEvv,【杨博文｜4k直拍】100Ways 直拍,关键时刻来瓶尖叫,2026-08-14 01:41:46,34586,3742,1499,2714,39,36,226,3
2026-08-27 10:00:02,BV1k9gw6gE4U,14,BV1k9gw6gE4U,「杨博文｜爱的初体验」是不是我的十六岁 注定要为__流泪,Astra_杨博文,2026-08-14 13:49:20,26947,2446,670,1549,24,12,95,3
2026-08-27 10:00:02,BV1c3gF6wERf,15,BV1c3gF6wERf,【杨博文】元气甜度爆表！摇曳4k横屏直拍,游园会_杨博文,2026-08-14 01:43:31,52688,6299,2264,3941,68,53,483,6
2026-08-27 10:30:05,https://www.bilibili.com/video/BV1GdgW6JEe9/?spm_id_from=333.1387.favlist.content.click&vd_source=406d0cf895bedbdc58a3d0130d55e34c,0,BV1GdgW6JEe9,【杨博文｜4k直拍】Whiplash 双日直拍混剪,关键时刻来瓶尖叫,2026-08-13 23:45:41,238310,28773,23059,21988,7032,4751,8268,16
2026-08-27 10:30:05,https://www.bilibili.com/video/BV1W5gs6KEhr/?spm_id_from=333.1387.favlist.content.click&vd_source=406d0cf895bedbdc58a3d0130d55e34c,1,BV1W5gs6KEhr,【4K精剪】异常加载中 | 杨博文直拍 | 260813,underthepoplar,2026-08-13 22:44:57,196596,23808,15980,17688,6319,7415,8693,10
2026-08-27 10:30:05,https://www.bilibili.com/video/BV1VFbd6QEjw/spm_id_from=333.1387.favlist.content.click&vd_source=406d0cf895bedbdc58a3d0130d55e34c,2,BV1VFbd6QEjw,【杨博文｜4k直拍】管他什么音乐 直拍,关键时刻来瓶尖叫,2026-08-16 23:08:52,86566,6069,3591,4693,2685,564,35,3
2026-08-27 10:30:05,https://www.bilibili.com/video/BV1xebR6zEkr/?spm_id_from=333.1387.favlist.content.click&vd_source=406d0cf895bedbdc58a3d0130d55e34c,3,BV1xebR6zEkr,【4K精剪】Attention | 杨博文直拍 | 260816,underthepoplar,2026-08-16 23:54:18,214026,17633,10781,14642,3228,1778,2877,17
2026-08-27 10:30:05,https://www.bilibili.com/video/BV1s3gs6MEej/?spm_id_from=333.1387.favlist.content.click&vd_source=406d0cf895bedbdc58a3d0130d55e34c,4,BV1s3gs6MEej,【杨博文｜4k直拍】爱的初体验 直拍,关键时刻来瓶尖叫,2026-08-13 22:46:37,123834,13040,6838,9998,3482,526,2545,3
2026-08-27 10:30:05,https://www.bilibili.com/video/BV1E2bR6hEJR/?spm_id_from=333.1387.favlist.content.click&vd_source=406d0cf895bedbdc58a3d0130d55e34c,5,BV1E2bR6hEJR,【杨博文】Attention丨直拍横屏丨16岁高中生内娱主舞的舞台掌控力丨8.16双机位4k精剪,Kismet丨杨博文,2026-08-16 22:13:05,283282,30184,14727,20983,4516,10144,12208,69
2026-08-27 10:30:05,https://www.bilibili.com/video/BV1Rib96EE3F/?spm_id_from=333.1387.favlist.content.click&vd_source=406d0cf895bedbdc58a3d0130d55e34c,6,BV1Rib96EE3F,260816 【杨博文】春雪  竖屏4k直拍,meetsummer丨杨博文,2026-08-17 01:54:42,48553,9431,3617,4932,1865,727,752,1
2026-08-27 10:30:05,https://www.bilibili.com/video/BV18jgg6BEAd/?spm_id_from=333.1387.favlist.content.click&vd_source=406d0cf895bedbdc58a3d0130d55e34c,7,BV18jgg6BEAd,【4K精剪】摇曳！摇曳！ | 杨博文直拍 | 260813 & 260814,underthepoplar,2026-08-15 13:26:46,74253,10577,7456,6952,2913,481,1192,5
2026-08-27 10:30:05,https://www.bilibili.com/video/BV1A5vkB2E1k/?spm_id_from=333.1387.favlist.content.click&vd_source=406d0cf895bedbdc58a3d0130d55e34c,8,BV1A5vkB2E1k,【杨博文】Hey Mama六机位纯舞直拍丨15岁舞台统治者的诞生，四代主舞燃炸全场！,Kismet丨杨博文,2025-12-28 22:28:16,2812029,65807,45972,48104,27878,13679,22042,2
2026-08-27 10:30:05,https://www.bilibili.com/video/BV1mJ64BREZY/?spm_id_from=333.337.search-card.all.click&vd_source=406d0cf895bedbdc58a3d0130d55e34c,9,BV1mJ64BREZY,【杨博文】闭嘴跳舞丨当主舞穿上西装就会得到,Kismet丨杨博文,2026-02-01 18:31:00,622368,35191,4047,25447,8601,448,654,1
2026-08-27 10:30:05,BV1mX8z6NEzz,10,BV1mX8z6NEzz,【4K精剪】管他什么音乐 | 杨博文直拍 | 260816,underthepoplar,2026-08-22 04:21:09,22551,2962,1513,1551,39,47,67,6
2026-08-27 10:30:05,BV1qHbb6QErY,11,BV1qHbb6QErY,杨博文｜260816第肆象限attention<4k精剪>,61strawberry,2026-08-17 06:33:44,17943,1674,430,1145,8,11,16,8
2026-08-27 10:30:05,BV15egs6pEJp,12,BV15egs6pEJp,杨博文｜Whiplash 2机位精剪 直拍 fancam｜4K60｜260813,LOST_杨博文,2026-08-13 23:03:07,100293,8498,1921,6271,63,71,249,7
2026-08-27 10:30:05,BV1rqgW6hEvv,13,BV1rqgW6hEvv,【杨博文｜4k直拍】100Ways 直拍,关键时刻来瓶尖叫,2026-08-14 01:41:46,34722,3744,1501,2715,39,36,226,4
2026-08-27 10:30:05,BV1k9gw6gE4U,14,BV1k9gw6gE4U,「杨博文｜爱的初体验」是不是我的十六岁 注定要为__流泪,Astra_杨博文,2026-08-14 13:49:20,27057,2447,672,1550,24,12,95,5
2026-08-27 10:30:05,BV1c3gF6wERf,15,BV1c3gF6wERf,【杨博文】元气甜度爆表！摇曳4k横屏直拍,游园会_杨博文,2026-08-14 01:43:31,52858,6302,2264,3945,68,53,483,7
2026-08-27 11:00:07,https://www.bilibili.com/video/BV1GdgW6JEe9/?spm_id_from=333.1387.favlist.content.click&vd_source=406d0cf895bedbdc58a3d0130d55e34c,0,BV1GdgW6JEe9,【杨博文｜4k直拍】Whiplash 双日直拍混剪,关键时刻来瓶尖叫,2026-08-13 23:45:41,238549,28783,23063,21993,7032,4751,8268,17
2026-08-27 11:00:07,https://www.bilibili.com/video/BV1W5gs6KEhr/?spm_id_from=333.1387.favlist.content.click&vd_source=406d0cf895bedbdc58a3d0130d55e34c,1,BV1W5gs6KEhr,【4K精剪】异常加载中 | 杨博文直拍 | 260813,underthepoplar,2026-08-13 22:44:57,196730,23818,15980,17693,6319,7415,8697,9
2026-08-27 11:00:07,https://www.bilibili.com/video/BV1VFbd6QEjw/spm_id_from=333.1387.favlist.content.click&vd_source=406d0cf895bedbdc58a3d0130d55e34c,2,BV1VFbd6QEjw,【杨博文｜4k直拍】管他什么音乐 直拍,关键时刻来瓶尖叫,2026-08-16 23:08:52,86579,6069,3591,4693,2685,564,35,2
2026-08-27 11:00:07,https://www.bilibili.com/video/BV1xebR6zEkr/?spm_id_from=333.1387.favlist.content.click&vd_source=406d0cf895bedbdc58a3d0130d55e34c,3,BV1xebR6zEkr,【4K精剪】Attention | 杨博文直拍 | 260816,underthepoplar,2026-08-16 23:54:18,214308,17641,10785,14653,3229,1778,2877,22
2026-08-27 11:00:07,https://www.bilibili.com/video/BV1s3gs6MEej/?spm_id_from=333.1387.favlist.content.click&vd_source=406d0cf895bedbdc58a3d0130d55e34c,4,BV1s3gs6MEej,【杨博文｜4k直拍】爱的初体验 直拍,关键时刻来瓶尖叫,2026-08-13 22:46:37,123875,13042,6838,9998,3482,526,2545,9
2026-08-27 11:00:07,https://www.bilibili.com/video/BV1E2bR6hEJR/?spm_id_from=333.1387.favlist.content.click&vd_source=406d0cf895bedbdc58a3d0130d55e34c,5,BV1E2bR6hEJR,【杨博文】Attention丨直拍横屏丨16岁高中生内娱主舞的舞台掌控力丨8.16双机位4k精剪,Kismet丨杨博文,2026-08-16 22:13:05,283554,30198,14735,20991,4517,10144,12210,63
2026-08-27 11:00:07,https://www.bilibili.com/video/BV1Rib96EE3F/?spm_id_from=333.1387.favlist.content.click&vd_source=406d0cf895bedbdc58a3d0130d55e34c,6,BV1Rib96EE3F,260816 【杨博文】春雪  竖屏4k直拍,meetsummer丨杨博文,2026-08-17 01:54:42,48569,9437,3617,4933,1865,727,752,1
2026-08-27 11:00:07,https://www.bilibili.com/video/BV18jgg6BEAd/?spm_id_from=333.1387.favlist.content.click&vd_source=406d0cf895bedbdc58a3d0130d55e34c,7,BV18jgg6BEAd,【4K精剪】摇曳！摇曳！ | 杨博文直拍 | 260813 & 260814,underthepoplar,2026-08-15 13:26:46,74301,10582,7457,6955,2913,481,1193,4
2026-08-27 11:00:07,https://www.bilibili.com/video/BV1A5vkB2E1k/?spm_id_from=333.1387.favlist.content.click&vd_source=406d0cf895bedbdc58a3d0130d55e34c,8,BV1A5vkB2E1k,【杨博文】Hey Mama六机位纯舞直拍丨15岁舞台统治者的诞生，四代主舞燃炸全场！,Kismet丨杨博文,2025-12-28 22:28:16,2812039,65807,45972,48105,27878,13679,22042,2
2026-08-27 11:00:07,https://www.bilibili.com/video/BV1mJ64BREZY/?spm_id_from=333.337.search-card.all.click&vd_source=406d0cf895bedbdc58a3d0130d55e34c,9,BV1mJ64BREZY,【杨博文】闭嘴跳舞丨当主舞穿上西装就会得到,Kismet丨杨博文,2026-02-01 18:31:00,622372,35193,4047,25447,8601,448,654,1
2026-08-27 11:00:07,BV1mX8z6NEzz,10,BV1mX8z6NEzz,【4K精剪】管他什么音乐 | 杨博文直拍 | 260816,underthepoplar,2026-08-22 04:21:09,22756,2965,1515,1554,39,47,67,5
2026-08-27 11:00:07,BV1qHbb6QErY,11,BV1qHbb6QErY,杨博文｜260816第肆象限attention<4k精剪>,61strawberry,2026-08-17 06:33:44,18099,1674,430,1145,8,11,16,5
2026-08-27 11:00:07,BV15egs6pEJp,12,BV15egs6pEJp,杨博文｜Whiplash 2机位精剪 直拍 fancam｜4K60｜260813,LOST_杨博文,2026-08-13 23:03:07,100535,8506,1921,6276,63,71,249,11
2026-08-27 11:00:07,BV1rqgW6hEvv,13,BV1rqgW6hEvv,【杨博文｜4k直拍】100Ways 直拍,关键时刻来瓶尖叫,2026-08-14 01:41:46,34883,3746,1501,2716,39,36,226,4
2026-08-27 11:00:07,BV1k9gw6gE4U,14,BV1k9gw6gE4U,「杨博文｜爱的初体验」是不是我的十六岁 注定要为__流泪,Astra_杨博文,2026-08-14 13:49:20,27200,2449,672,1550,24,12,95,5
2026-08-27 11:00:07,BV1c3gF6wERf,15,BV1c3gF6wERf,【杨博文】元气甜度爆表！摇曳4k横屏直拍,游园会_杨博文,2026-08-14 01:43:31,53038,6307,2264,3951,68,53,483,4
2026-08-27 11:30:00,https://www.bilibili.com/video/BV1GdgW6JEe9/?spm_id_from=333.1387.favlist.content.click&vd_source=406d0cf895bedbdc58a3d0130d55e34c,0,BV1GdgW6JEe9,【杨博文｜4k直拍】Whiplash 双日直拍混剪,关键时刻来瓶尖叫,2026-08-13 23:45:41,238823,28794,23063,22003,7032,4751,8268,16
2026-08-27 11:30:00,https://www.bilibili.com/video/BV1W5gs6KEhr/?spm_id_from=333.1387.favlist.content.click&vd_source=406d0cf895bedbdc58a3d0130d55e34c,1,BV1W5gs6KEhr,【4K精剪】异常加载中 | 杨博文直拍 | 260813,underthepoplar,2026-08-13 22:44:57,196904,23824,15981,17695,6320,7415,8697,10
2026-08-27 11:30:00,https://www.bilibili.com/video/BV1VFbd6QEjw/spm_id_from=333.1387.favlist.content.click&vd_source=406d0cf895bedbdc58a3d0130d55e34c,2,BV1VFbd6QEjw,【杨博文｜4k直拍】管他什么音乐 直拍,关键时刻来瓶尖叫,2026-08-16 23:08:52,86594,6072,3593,4696,2685,564,35,2
2026-08-27 11:30:00,https://www.bilibili.com/video/BV1xebR6zEkr/?spm_id_from=333.1387.favlist.content.click&vd_source=406d0cf895bedbdc58a3d0130d55e34c,3,BV1xebR6zEkr,【4K精剪】Attention | 杨博文直拍 | 260816,underthepoplar,2026-08-16 23:54:18,214605,17652,10792,14667,3229,1778,2877,16
2026-08-27 11:30:00,https://www.bilibili.com/video/BV1s3gs6MEej/?spm_id_from=333.1387.favlist.content.click&vd_source=406d0cf895bedbdc58a3d0130d55e34c,4,BV1s3gs6MEej,【杨博文｜4k直拍】爱的初体验 直拍,关键时刻来瓶尖叫,2026-08-13 22:46:37,123938,13048,6839,10002,3482,526,2545,5
2026-08-27 11:30:00,https://www.bilibili.com/video/BV1E2bR6hEJR/?spm_id_from=333.1387.favlist.content.click&vd_source=406d0cf895bedbdc58a3d0130d55e34c,5,BV1E2bR6hEJR,【杨博文】Attention丨直拍横屏丨16岁高中生内娱主舞的舞台掌控力丨8.16双机位4k精剪,Kismet丨杨博文,2026-08-16 22:13:05,283851,30209,14737,21002,4521,10146,12211,67
2026-08-27 11:30:00,https://www.bilibili.com/video/BV1Rib96EE3F/?spm_id_from=333.1387.favlist.content.click&vd_source=406d0cf895bedbdc58a3d0130d55e34c,6,BV1Rib96EE3F,260816 【杨博文】春雪  竖屏4k直拍,meetsummer丨杨博文,2026-08-17 01:54:42,48587,9447,3617,4933,1865,727,752,1
2026-08-27 11:30:00,https://www.bilibili.com/video/BV18jgg6BEAd/?spm_id_from=333.1387.favlist.content.click&vd_source=406d0cf895bedbdc58a3d0130d55e34c,7,BV18jgg6BEAd,【4K精剪】摇曳！摇曳！ | 杨博文直拍 | 260813 & 260814,underthepoplar,2026-08-15 13:26:46,74348,10588,7459,6959,2913,481,1193,5
2026-08-27 11:30:00,https://www.bilibili.com/video/BV1A5vkB2E1k/?spm_id_from=333.1387.favlist.content.click&vd_source=406d0cf895bedbdc58a3d0130d55e34c,8,BV1A5vkB2E1k,【杨博文】Hey Mama六机位纯舞直拍丨15岁舞台统治者的诞生，四代主舞燃炸全场！,Kismet丨杨博文,2025-12-28 22:28:16,2812051,65808,45972,48106,27878,13680,22042,1
2026-08-27 11:30:00,https://www.bilibili.com/video/BV1mJ64BREZY/?spm_id_from=333.337.search-card.all.click&vd_source=406d0cf895bedbdc58a3d0130d55e34c,9,BV1mJ64BREZY,【杨博文】闭嘴跳舞丨当主舞穿上西装就会得到,Kismet丨杨博文,2026-02-01 18:31:00,622374,35194,4049,25448,8601,448,654,1
2026-08-27 11:30:00,BV1mX8z6NEzz,10,BV1mX8z6NEzz,【4K精剪】管他什么音乐 | 杨博文直拍 | 260816,underthepoplar,2026-08-22 04:21:09,22948,2973,1519,1558,39,47,67,8
2026-08-27 11:30:00,BV1qHbb6QErY,11,BV1qHbb6QErY,杨博文｜260816第肆象限attention<4k精剪>,61strawberry,2026-08-17 06:33:44,18298,1677,432,1147,8,11,16,4
2026-08-27 11:30:00,BV15egs6pEJp,12,BV15egs6pEJp,杨博文｜Whiplash 2机位精剪 直拍 fancam｜4K60｜260813,LOST_杨博文,2026-08-13 23:03:07,100823,8515,1921,6282,63,71,249,12
2026-08-27 11:30:00,BV1rqgW6hEvv,13,BV1rqgW6hEvv,【杨博文｜4k直拍】100Ways 直拍,关键时刻来瓶尖叫,2026-08-14 01:41:46,35068,3750,1501,2716,39,36,226,4
2026-08-27 11:30:00,BV1k9gw6gE4U,14,BV1k9gw6gE4U,「杨博文｜爱的初体验」是不是我的十六岁 注定要为__流泪,Astra_杨博文,2026-08-14 13:49:20,27355,2451,676,1551,24,12,95,6
2026-08-27 11:30:00,BV1c3gF6wERf,15,BV1c3gF6wERf,【杨博文】元气甜度爆表！摇曳4k横屏直拍,游园会_杨博文,2026-08-14 01:43:31,53251,6310,2267,3951,68,53,483,3
2026-08-27 12:00:03,https://www.bilibili.com/video/BV1GdgW6JEe9/?spm_id_from=333.1387.favlist.content.click&vd_source=406d0cf895bedbdc58a3d0130d55e34c,0,BV1GdgW6JEe9,【杨博文｜4k直拍】Whiplash 双日直拍混剪,关键时刻来瓶尖叫,2026-08-13 23:45:41,239120,28808,23067,22009,7034,4753,8269,17
2026-08-27 12:00:03,https://www.bilibili.com/video/BV1W5gs6KEhr/?spm_id_from=333.1387.favlist.content.click&vd_source=406d0cf895bedbdc58a3d0130d55e34c,1,BV1W5gs6KEhr,【4K精剪】异常加载中 | 杨博文直拍 | 260813,underthepoplar,2026-08-13 22:44:57,197080,23833,15981,17700,6320,7415,8697,10
2026-08-27 12:00:03,https://www.bilibili.com/video/BV1VFbd6QEjw/spm_id_from=333.1387.favlist.content.click&vd_source=406d0cf895bedbdc58a3d0130d55e34c,2,BV1VFbd6QEjw,【杨博文｜4k直拍】管他什么音乐 直拍,关键时刻来瓶尖叫,2026-08-16 23:08:52,86605,6072,3593,4696,2685,564,35,2
2026-08-27 12:00:03,https://www.bilibili.com/video/BV1xebR6zEkr/?spm_id_from=333.1387.favlist.content.click&vd_source=406d0cf895bedbdc58a3d0130d55e34c,3,BV1xebR6zEkr,【4K精剪】Attention | 杨博文直拍 | 260816,underthepoplar,2026-08-16 23:54:18,214944,17667,10804,14682,3229,1778,2877,24
2026-08-27 12:00:03,https://www.bilibili.com/video/BV1s3gs6MEej/?spm_id_from=333.1387.favlist.content.click&vd_source=406d0cf895bedbdc58a3d0130d55e34c,4,BV1s3gs6MEej,【杨博文｜4k直拍】爱的初体验 直拍,关键时刻来瓶尖叫,2026-08-13 22:46:37,123984,13054,6841,10006,3482,526,2545,3
2026-08-27 12:00:03,https://www.bilibili.com/video/BV1E2bR6hEJR/?spm_id_from=333.1387.favlist.content.click&vd_source=406d0cf895bedbdc58a3d0130d55e34c,5,BV1E2bR6hEJR,【杨博文】Attention丨直拍横屏丨16岁高中生内娱主舞的舞台掌控力丨8.16双机位4k精剪,Kismet丨杨博文,2026-08-16 22:13:05,284166,30226,14739,21017,4522,10146,12213,65
2026-08-27 12:00:03,https://www.bilibili.com/video/BV1Rib96EE3F/?spm_id_from=333.1387.favlist.content.click&vd_source=406d0cf895bedbdc58a3d0130d55e34c,6,BV1Rib96EE3F,260816 【杨博文】春雪  竖屏4k直拍,meetsummer丨杨博文,2026-08-17 01:54:42,48609,9455,3617,4934,1866,727,752,1
2026-08-27 12:00:03,https://www.bilibili.com/video/BV18jgg6BEAd/?spm_id_from=333.1387.favlist.content.click&vd_source=406d0cf895bedbdc58a3d0130d55e34c,7,BV18jgg6BEAd,【4K精剪】摇曳！摇曳！ | 杨博文直拍 | 260813 & 260814,underthepoplar,2026-08-15 13:26:46,74420,10600,7466,6968,2913,481,1193,4
2026-08-27 12:00:03,https://www.bilibili.com/video/BV1A5vkB2E1k/?spm_id_from=333.1387.favlist.content.click&vd_source=406d0cf895bedbdc58a3d0130d55e34c,8,BV1A5vkB2E1k,【杨博文】Hey Mama六机位纯舞直拍丨15岁舞台统治者的诞生，四代主舞燃炸全场！,Kismet丨杨博文,2025-12-28 22:28:16,2812076,65811,45972,48109,27878,13680,22042,1
2026-08-27 12:00:03,https://www.bilibili.com/video/BV1mJ64BREZY/?spm_id_from=333.337.search-card.all.click&vd_source=406d0cf895bedbdc58a3d0130d55e34c,9,BV1mJ64BREZY,【杨博文】闭嘴跳舞丨当主舞穿上西装就会得到,Kismet丨杨博文,2026-02-01 18:31:00,622377,35194,4049,25448,8601,448,654,1
2026-08-27 12:00:03,BV1mX8z6NEzz,10,BV1mX8z6NEzz,【4K精剪】管他什么音乐 | 杨博文直拍 | 260816,underthepoplar,2026-08-22 04:21:09,23181,2981,1523,1563,39,47,67,12
2026-08-27 12:00:03,BV1qHbb6QErY,11,BV1qHbb6QErY,杨博文｜260816第肆象限attention<4k精剪>,61strawberry,2026-08-17 06:33:44,18482,1679,432,1147,8,11,16,8
2026-08-27 12:00:03,BV15egs6pEJp,12,BV15egs6pEJp,杨博文｜Whiplash 2机位精剪 直拍 fancam｜4K60｜260813,LOST_杨博文,2026-08-13 23:03:07,101090,8522,1921,6287,63,72,249,9
2026-08-27 12:00:03,BV1rqgW6hEvv,13,BV1rqgW6hEvv,【杨博文｜4k直拍】100Ways 直拍,关键时刻来瓶尖叫,2026-08-14 01:41:46,35255,3750,1501,2716,39,36,226,5
2026-08-27 12:00:03,BV1k9gw6gE4U,14,BV1k9gw6gE4U,「杨博文｜爱的初体验」是不是我的十六岁 注定要为__流泪,Astra_杨博文,2026-08-14 13:49:20,27521,2451,676,1551,24,12,95,8
2026-08-27 12:00:03,BV1c3gF6wERf,15,BV1c3gF6wERf,【杨博文】元气甜度爆表！摇曳4k横屏直拍,游园会_杨博文,2026-08-14 01:43:31,53467,6315,2267,3955,68,53,483,5
2026-08-27 12:30:05,https://www.bilibili.com/video/BV1GdgW6JEe9/?spm_id_from=333.1387.favlist.content.click&vd_source=406d0cf895bedbdc58a3d0130d55e34c,0,BV1GdgW6JEe9,【杨博文｜4k直拍】Whiplash 双日直拍混剪,关键时刻来瓶尖叫,2026-08-13 23:45:41,239400,28814,23068,22015,7035,4753,8269,13
2026-08-27 12:30:05,https://www.bilibili.com/video/BV1W5gs6KEhr/?spm_id_from=333.1387.favlist.content.click&vd_source=406d0cf895bedbdc58a3d0130d55e34c,1,BV1W5gs6KEhr,【4K精剪】异常加载中 | 杨博文直拍 | 260813,underthepoplar,2026-08-13 22:44:57,197265,23839,15981,17708,6320,7415,8697,10
2026-08-27 12:30:05,https://www.bilibili.com/video/BV1VFbd6QEjw/spm_id_from=333.1387.favlist.content.click&vd_source=406d0cf895bedbdc58a3d0130d55e34c,2,BV1VFbd6QEjw,【杨博文｜4k直拍】管他什么音乐 直拍,关键时刻来瓶尖叫,2026-08-16 23:08:52,86616,6072,3593,4698,2685,564,35,1
2026-08-27 12:30:05,https://www.bilibili.com/video/BV1xebR6zEkr/?spm_id_from=333.1387.favlist.content.click&vd_source=406d0cf895bedbdc58a3d0130d55e34c,3,BV1xebR6zEkr,【4K精剪】Attention | 杨博文直拍 | 260816,underthepoplar,2026-08-16 23:54:18,215291,17680,10805,14696,3230,1778,2877,18
2026-08-27 12:30:05,https://www.bilibili.com/video/BV1s3gs6MEej/?spm_id_from=333.1387.favlist.content.click&vd_source=406d0cf895bedbdc58a3d0130d55e34c,4,BV1s3gs6MEej,【杨博文｜4k直拍】爱的初体验 直拍,关键时刻来瓶尖叫,2026-08-13 22:46:37,124035,13057,6841,10006,3482,526,2546,7
2026-08-27 12:30:05,https://www.bilibili.com/video/BV1E2bR6hEJR/?spm_id_from=333.1387.favlist.content.click&vd_source=406d0cf895bedbdc58a3d0130d55e34c,5,BV1E2bR6hEJR,【杨博文】Attention丨直拍横屏丨16岁高中生内娱主舞的舞台掌控力丨8.16双机位4k精剪,Kismet丨杨博文,2026-08-16 22:13:05,284493,30245,14744,21034,4523,10146,12216,64
2026-08-27 12:30:05,https://www.bilibili.com/video/BV1Rib96EE3F/?spm_id_from=333.1387.favlist.content.click&vd_source=406d0cf895bedbdc58a3d0130d55e34c,6,BV1Rib96EE3F,260816 【杨博文】春雪  竖屏4k直拍,meetsummer丨杨博文,2026-08-17 01:54:42,48637,9461,3619,4936,1866,727,752,1
2026-08-27 12:30:05,https://www.bilibili.com/video/BV18jgg6BEAd/?spm_id_from=333.1387.favlist.content.click&vd_source=406d0cf895bedbdc58a3d0130d55e34c,7,BV18jgg6BEAd,【4K精剪】摇曳！摇曳！ | 杨博文直拍 | 260813 & 260814,underthepoplar,2026-08-15 13:26:46,74485,10608,7468,6971,2913,481,1193,5
2026-08-27 12:30:05,https://www.bilibili.com/video/BV1A5vkB2E1k/?spm_id_from=333.1387.favlist.content.click&vd_source=406d0cf895bedbdc58a3d0130d55e34c,8,BV1A5vkB2E1k,【杨博文】Hey Mama六机位纯舞直拍丨15岁舞台统治者的诞生，四代主舞燃炸全场！,Kismet丨杨博文,2025-12-28 22:28:16,2812090,65811,45972,48109,27878,13680,22042,1
2026-08-27 12:30:05,https://www.bilibili.com/video/BV1mJ64BREZY/?spm_id_from=333.337.search-card.all.click&vd_source=406d0cf895bedbdc58a3d0130d55e34c,9,BV1mJ64BREZY,【杨博文】闭嘴跳舞丨当主舞穿上西装就会得到,Kismet丨杨博文,2026-02-01 18:31:00,622377,35194,4049,25448,8601,448,654,1
2026-08-27 12:30:05,BV1mX8z6NEzz,10,BV1mX8z6NEzz,【4K精剪】管他什么音乐 | 杨博文直拍 | 260816,underthepoplar,2026-08-22 04:21:09,23392,2983,1523,1563,39,47,67,8
2026-08-27 12:30:05,BV1qHbb6QErY,11,BV1qHbb6QErY,杨博文｜260816第肆象限attention<4k精剪>,61strawberry,2026-08-17 06:33:44,18689,1681,434,1149,8,11,16,5
2026-08-27 12:30:05,BV15egs6pEJp,12,BV15egs6pEJp,杨博文｜Whiplash 2机位精剪 直拍 fancam｜4K60｜260813,LOST_杨博文,2026-08-13 23:03:07,101358,8528,1921,6290,63,72,249,8
2026-08-27 12:30:05,BV1rqgW6hEvv,13,BV1rqgW6hEvv,【杨博文｜4k直拍】100Ways 直拍,关键时刻来瓶尖叫,2026-08-14 01:41:46,35451,3750,1501,2715,39,36,226,5
2026-08-27 12:30:05,BV1k9gw6gE4U,14,BV1k9gw6gE4U,「杨博文｜爱的初体验」是不是我的十六岁 注定要为__流泪,Astra_杨博文,2026-08-14 13:49:20,27697,2451,676,1551,24,12,95,4
2026-08-27 12:30:05,BV1c3gF6wERf,15,BV1c3gF6wERf,【杨博文】元气甜度爆表！摇曳4k横屏直拍,游园会_杨博文,2026-08-14 01:43:31,53691,6320,2267,3960,68,53,483,6
2026-08-27 13:00:08,https://www.bilibili.com/video/BV1GdgW6JEe9/?spm_id_from=333.1387.favlist.content.click&vd_source=406d0cf895bedbdc58a3d0130d55e34c,0,BV1GdgW6JEe9,【杨博文｜4k直拍】Whiplash 双日直拍混剪,关键时刻来瓶尖叫,2026-08-13 23:45:41,239676,28822,23070,22023,7035,4753,8269,14
2026-08-27 13:00:08,https://www.bilibili.com/video/BV1W5gs6KEhr/?spm_id_from=333.1387.favlist.content.click&vd_source=406d0cf895bedbdc58a3d0130d55e34c,1,BV1W5gs6KEhr,【4K精剪】异常加载中 | 杨博文直拍 | 260813,underthepoplar,2026-08-13 22:44:57,197430,23840,15981,17710,6320,7415,8698,8
2026-08-27 13:00:08,https://www.bilibili.com/video/BV1VFbd6QEjw/spm_id_from=333.1387.favlist.content.click&vd_source=406d0cf895bedbdc58a3d0130d55e34c,2,BV1VFbd6QEjw,【杨博文｜4k直拍】管他什么音乐 直拍,关键时刻来瓶尖叫,2026-08-16 23:08:52,86633,6072,3593,4698,2685,564,35,1
2026-08-27 13:00:08,https://www.bilibili.com/video/BV1xebR6zEkr/?spm_id_from=333.1387.favlist.content.click&vd_source=406d0cf895bedbdc58a3d0130d55e34c,3,BV1xebR6zEkr,【4K精剪】Attention | 杨博文直拍 | 260816,underthepoplar,2026-08-16 23:54:18,215568,17694,10811,14704,3230,1779,2877,22
2026-08-27 13:00:08,https://www.bilibili.com/video/BV1s3gs6MEej/?spm_id_from=333.1387.favlist.content.click&vd_source=406d0cf895bedbdc58a3d0130d55e34c,4,BV1s3gs6MEej,【杨博文｜4k直拍】爱的初体验 直拍,关键时刻来瓶尖叫,2026-08-13 22:46:37,124087,13062,6845,10009,3482,526,2546,6
2026-08-27 13:00:08,https://www.bilibili.com/video/BV1E2bR6hEJR/?spm_id_from=333.1387.favlist.content.click&vd_source=406d0cf895bedbdc58a3d0130d55e34c,5,BV1E2bR6hEJR,【杨博文】Attention丨直拍横屏丨16岁高中生内娱主舞的舞台掌控力丨8.16双机位4k精剪,Kismet丨杨博文,2026-08-16 22:13:05,284820,30268,14752,21046,4527,10147,12217,63
2026-08-27 13:00:08,https://www.bilibili.com/video/BV1Rib96EE3F/?spm_id_from=333.1387.favlist.content.click&vd_source=406d0cf895bedbdc58a3d0130d55e34c,6,BV1Rib96EE3F,260816 【杨博文】春雪  竖屏4k直拍,meetsummer丨杨博文,2026-08-17 01:54:42,48656,9469,3619,4937,1866,727,752,3
2026-08-27 13:00:08,https://www.bilibili.com/video/BV18jgg6BEAd/?spm_id_from=333.1387.favlist.content.click&vd_source=406d0cf895bedbdc58a3d0130d55e34c,7,BV18jgg6BEAd,【4K精剪】摇曳！摇曳！ | 杨博文直拍 | 260813 & 260814,underthepoplar,2026-08-15 13:26:46,74534,10613,7472,6973,2913,481,1194,4
2026-08-27 13:00:08,https://www.bilibili.com/video/BV1A5vkB2E1k/?spm_id_from=333.1387.favlist.content.click&vd_source=406d0cf895bedbdc58a3d0130d55e34c,8,BV1A5vkB2E1k,【杨博文】Hey Mama六机位纯舞直拍丨15岁舞台统治者的诞生，四代主舞燃炸全场！,Kismet丨杨博文,2025-12-28 22:28:16,2812109,65813,45976,48109,27878,13680,22044,1
2026-08-27 13:00:08,https://www.bilibili.com/video/BV1mJ64BREZY/?spm_id_from=333.337.search-card.all.click&vd_source=406d0cf895bedbdc58a3d0130d55e34c,9,BV1mJ64BREZY,【杨博文】闭嘴跳舞丨当主舞穿上西装就会得到,Kismet丨杨博文,2026-02-01 18:31:00,622379,35194,4049,25448,8601,448,654,1
2026-08-27 13:00:08,BV1mX8z6NEzz,10,BV1mX8z6NEzz,【4K精剪】管他什么音乐 | 杨博文直拍 | 260816,underthepoplar,2026-08-22 04:21:09,23594,2990,1525,1569,39,47,67,7
2026-08-27 13:00:08,BV1qHbb6QErY,11,BV1qHbb6QErY,杨博文｜260816第肆象限attention<4k精剪>,61strawberry,2026-08-17 06:33:44,18882,1685,434,1150,8,11,16,6
2026-08-27 13:00:08,BV15egs6pEJp,12,BV15egs6pEJp,杨博文｜Whiplash 2机位精剪 直拍 fancam｜4K60｜260813,LOST_杨博文,2026-08-13 23:03:07,101579,8533,1921,6293,63,72,249,8
2026-08-27 13:00:08,BV1rqgW6hEvv,13,BV1rqgW6hEvv,【杨博文｜4k直拍】100Ways 直拍,关键时刻来瓶尖叫,2026-08-14 01:41:46,35650,3750,1501,2715,39,36,226,5
2026-08-27 13:00:08,BV1k9gw6gE4U,14,BV1k9gw6gE4U,「杨博文｜爱的初体验」是不是我的十六岁 注定要为__流泪,Astra_杨博文,2026-08-14 13:49:20,27862,2451,676,1551,24,12,95,7
2026-08-27 13:00:08,BV1c3gF6wERf,15,BV1c3gF6wERf,【杨博文】元气甜度爆表！摇曳4k横屏直拍,游园会_杨博文,2026-08-14 01:43:31,53921,6329,2271,3965,68,53,483,9
2026-08-27 13:30:01,https://www.bilibili.com/video/BV1GdgW6JEe9/?spm_id_from=333.1387.favlist.content.click&vd_source=406d0cf895bedbdc58a3d0130d55e34c,0,BV1GdgW6JEe9,【杨博文｜4k直拍】Whiplash 双日直拍混剪,关键时刻来瓶尖叫,2026-08-13 23:45:41,239931,28830,23070,22027,7035,4753,8270,14
2026-08-27 13:30:01,https://www.bilibili.com/video/BV1W5gs6KEhr/?spm_id_from=333.1387.favlist.content.click&vd_source=406d0cf895bedbdc58a3d0130d55e34c,1,BV1W5gs6KEhr,【4K精剪】异常加载中 | 杨博文直拍 | 260813,underthepoplar,2026-08-13 22:44:57,197600,23840,15982,17711,6320,7415,8698,14
2026-08-27 13:30:01,https://www.bilibili.com/video/BV1VFbd6QEjw/spm_id_from=333.1387.favlist.content.click&vd_source=406d0cf895bedbdc58a3d0130d55e34c,2,BV1VFbd6QEjw,【杨博文｜4k直拍】管他什么音乐 直拍,关键时刻来瓶尖叫,2026-08-16 23:08:52,86637,6072,3593,4699,2685,564,35,1
2026-08-27 13:30:01,https://www.bilibili.com/video/BV1xebR6zEkr/?spm_id_from=333.1387.favlist.content.click&vd_source=406d0cf895bedbdc58a3d0130d55e34c,3,BV1xebR6zEkr,【4K精剪】Attention | 杨博文直拍 | 260816,underthepoplar,2026-08-16 23:54:18,215874,17704,10819,14713,3230,1779,2877,18
2026-08-27 13:30:01,https://www.bilibili.com/video/BV1s3gs6MEej/?spm_id_from=333.1387.favlist.content.click&vd_source=406d0cf895bedbdc58a3d0130d55e34c,4,BV1s3gs6MEej,【杨博文｜4k直拍】爱的初体验 直拍,关键时刻来瓶尖叫,2026-08-13 22:46:37,124135,13062,6845,10010,3482,526,2546,5
2026-08-27 13:30:01,https://www.bilibili.com/video/BV1E2bR6hEJR/?spm_id_from=333.1387.favlist.content.click&vd_source=406d0cf895bedbdc58a3d0130d55e34c,5,BV1E2bR6hEJR,【杨博文】Attention丨直拍横屏丨16岁高中生内娱主舞的舞台掌控力丨8.16双机位4k精剪,Kismet丨杨博文,2026-08-16 22:13:05,285141,30293,14760,21064,4529,10147,12218,66
2026-08-27 13:30:01,https://www.bilibili.com/video/BV1Rib96EE3F/?spm_id_from=333.1387.favlist.content.click&vd_source=406d0cf895bedbdc58a3d0130d55e34c,6,BV1Rib96EE3F,260816 【杨博文】春雪  竖屏4k直拍,meetsummer丨杨博文,2026-08-17 01:54:42,48675,9476,3621,4939,1866,727,752,1
2026-08-27 13:30:01,https://www.bilibili.com/video/BV18jgg6BEAd/?spm_id_from=333.1387.favlist.content.click&vd_source=406d0cf895bedbdc58a3d0130d55e34c,7,BV18jgg6BEAd,【4K精剪】摇曳！摇曳！ | 杨博文直拍 | 260813 & 260814,underthepoplar,2026-08-15 13:26:46,74586,10619,7476,6976,2913,481,1195,7
2026-08-27 13:30:01,https://www.bilibili.com/video/BV1A5vkB2E1k/?spm_id_from=333.1387.favlist.content.click&vd_source=406d0cf895bedbdc58a3d0130d55e34c,8,BV1A5vkB2E1k,【杨博文】Hey Mama六机位纯舞直拍丨15岁舞台统治者的诞生，四代主舞燃炸全场！,Kismet丨杨博文,2025-12-28 22:28:16,2812127,65814,45978,48109,27878,13680,22044,1
2026-08-27 13:30:01,https://www.bilibili.com/video/BV1mJ64BREZY/?spm_id_from=333.337.search-card.all.click&vd_source=406d0cf895bedbdc58a3d0130d55e34c,9,BV1mJ64BREZY,【杨博文】闭嘴跳舞丨当主舞穿上西装就会得到,Kismet丨杨博文,2026-02-01 18:31:00,622382,35194,4049,25448,8601,448,654,1
2026-08-27 13:30:01,BV1mX8z6NEzz,10,BV1mX8z6NEzz,【4K精剪】管他什么音乐 | 杨博文直拍 | 260816,underthepoplar,2026-08-22 04:21:09,23814,2997,1530,1575,39,47,67,12
2026-08-27 13:30:01,BV1qHbb6QErY,11,BV1qHbb6QErY,杨博文｜260816第肆象限attention<4k精剪>,61strawberry,2026-08-17 06:33:44,19102,1687,434,1153,8,11,16,6
2026-08-27 13:30:01,BV15egs6pEJp,12,BV15egs6pEJp,杨博文｜Whiplash 2机位精剪 直拍 fancam｜4K60｜260813,LOST_杨博文,2026-08-13 23:03:07,101814,8535,1921,6293,63,72,249,10
2026-08-27 13:30:01,BV1rqgW6hEvv,13,BV1rqgW6hEvv,【杨博文｜4k直拍】100Ways 直拍,关键时刻来瓶尖叫,2026-08-14 01:41:46,35837,3751,1501,2715,39,36,226,6
2026-08-27 13:30:01,BV1k9gw6gE4U,14,BV1k9gw6gE4U,「杨博文｜爱的初体验」是不是我的十六岁 注定要为__流泪,Astra_杨博文,2026-08-14 13:49:20,28035,2452,676,1551,24,12,95,9
2026-08-27 13:30:01,BV1c3gF6wERf,15,BV1c3gF6wERf,【杨博文】元气甜度爆表！摇曳4k横屏直拍,游园会_杨博文,2026-08-14 01:43:31,54129,6337,2274,3969,68,53,483,9
2026-08-27 14:00:03,https://www.bilibili.com/video/BV1GdgW6JEe9/?spm_id_from=333.1387.favlist.content.click&vd_source=406d0cf895bedbdc58a3d0130d55e34c,0,BV1GdgW6JEe9,【杨博文｜4k直拍】Whiplash 双日直拍混剪,关键时刻来瓶尖叫,2026-08-13 23:45:41,240157,28835,23070,22031,7035,4753,8270,22
2026-08-27 14:00:03,https://www.bilibili.com/video/BV1W5gs6KEhr/?spm_id_from=333.1387.favlist.content.click&vd_source=406d0cf895bedbdc58a3d0130d55e34c,1,BV1W5gs6KEhr,【4K精剪】异常加载中 | 杨博文直拍 | 260813,underthepoplar,2026-08-13 22:44:57,197764,23846,15984,17713,6320,7415,8698,11
2026-08-27 14:00:03,https://www.bilibili.com/video/BV1VFbd6QEjw/spm_id_from=333.1387.favlist.content.click&vd_source=406d0cf895bedbdc58a3d0130d55e34c,2,BV1VFbd6QEjw,【杨博文｜4k直拍】管他什么音乐 直拍,关键时刻来瓶尖叫,2026-08-16 23:08:52,86649,6072,3593,4699,2685,564,35,1
2026-08-27 14:00:03,https://www.bilibili.com/video/BV1xebR6zEkr/?spm_id_from=333.1387.favlist.content.click&vd_source=406d0cf895bedbdc58a3d0130d55e34c,3,BV1xebR6zEkr,【4K精剪】Attention | 杨博文直拍 | 260816,underthepoplar,2026-08-16 23:54:18,216167,17715,10824,14723,3231,1779,2878,17
2026-08-27 14:00:03,https://www.bilibili.com/video/BV1s3gs6MEej/?spm_id_from=333.1387.favlist.content.click&vd_source=406d0cf895bedbdc58a3d0130d55e34c,4,BV1s3gs6MEej,【杨博文｜4k直拍】爱的初体验 直拍,关键时刻来瓶尖叫,2026-08-13 22:46:37,124191,13065,6845,10012,3482,526,2547,5
2026-08-27 14:00:03,https://www.bilibili.com/video/BV1E2bR6hEJR/?spm_id_from=333.1387.favlist.content.click&vd_source=406d0cf895bedbdc58a3d0130d55e34c,5,BV1E2bR6hEJR,【杨博文】Attention丨直拍横屏丨16岁高中生内娱主舞的舞台掌控力丨8.16双机位4k精剪,Kismet丨杨博文,2026-08-16 22:13:05,285484,30311,14764,21075,4529,10147,12219,72
2026-08-27 14:00:03,https://www.bilibili.com/video/BV1Rib96EE3F/?spm_id_from=333.1387.favlist.content.click&vd_source=406d0cf895bedbdc58a3d0130d55e34c,6,BV1Rib96EE3F,260816 【杨博文】春雪  竖屏4k直拍,meetsummer丨杨博文,2026-08-17 01:54:42,48700,9481,3621,4939,1866,728,752,1
2026-08-27 14:00:03,https://www.bilibili.com/video/BV18jgg6BEAd/?spm_id_from=333.1387.favlist.content.click&vd_source=406d0cf895bedbdc58a3d0130d55e34c,7,BV18jgg6BEAd,【4K精剪】摇曳！摇曳！ | 杨博文直拍 | 260813 & 260814,underthepoplar,2026-08-15 13:26:46,74662,10626,7479,6979,2913,482,1199,7
2026-08-27 14:00:03,https://www.bilibili.com/video/BV1A5vkB2E1k/?spm_id_from=333.1387.favlist.content.click&vd_source=406d0cf895bedbdc58a3d0130d55e34c,8,BV1A5vkB2E1k,【杨博文】Hey Mama六机位纯舞直拍丨15岁舞台统治者的诞生，四代主舞燃炸全场！,Kismet丨杨博文,2025-12-28 22:28:16,2812148,65815,45978,48108,27878,13680,22044,1
2026-08-27 14:00:03,https://www.bilibili.com/video/BV1mJ64BREZY/?spm_id_from=333.337.search-card.all.click&vd_source=406d0cf895bedbdc58a3d0130d55e34c,9,BV1mJ64BREZY,【杨博文】闭嘴跳舞丨当主舞穿上西装就会得到,Kismet丨杨博文,2026-02-01 18:31:00,622386,35194,4049,25448,8601,448,654,1
2026-08-27 14:00:03,BV1mX8z6NEzz,10,BV1mX8z6NEzz,【4K精剪】管他什么音乐 | 杨博文直拍 | 260816,underthepoplar,2026-08-22 04:21:09,24018,2999,1530,1579,39,47,67,7
2026-08-27 14:00:03,BV1qHbb6QErY,11,BV1qHbb6QErY,杨博文｜260816第肆象限attention<4k精剪>,61strawberry,2026-08-17 06:33:44,19306,1687,434,1154,8,11,16,10
2026-08-27 14:00:03,BV15egs6pEJp,12,BV15egs6pEJp,杨博文｜Whiplash 2机位精剪 直拍 fancam｜4K60｜260813,LOST_杨博文,2026-08-13 23:03:07,102042,8542,1921,6294,63,72,249,5
2026-08-27 14:00:03,BV1rqgW6hEvv,13,BV1rqgW6hEvv,【杨博文｜4k直拍】100Ways 直拍,关键时刻来瓶尖叫,2026-08-14 01:41:46,36042,3755,1501,2718,39,36,226,7
2026-08-27 14:00:03,BV1k9gw6gE4U,14,BV1k9gw6gE4U,「杨博文｜爱的初体验」是不是我的十六岁 注定要为__流泪,Astra_杨博文,2026-08-14 13:49:20,28207,2456,678,1552,24,12,95,8
2026-08-27 14:00:03,BV1c3gF6wERf,15,BV1c3gF6wERf,【杨博文】元气甜度爆表！摇曳4k横屏直拍,游园会_杨博文,2026-08-14 01:43:31,54347,6340,2276,3972,68,54,483,8
2026-08-27 14:30:06,https://www.bilibili.com/video/BV1GdgW6JEe9/?spm_id_from=333.1387.favlist.content.click&vd_source=406d0cf895bedbdc58a3d0130d55e34c,0,BV1GdgW6JEe9,【杨博文｜4k直拍】Whiplash 双日直拍混剪,关键时刻来瓶尖叫,2026-08-13 23:45:41,240408,28847,23076,22041,7035,4753,8270,23
2026-08-27 14:30:06,https://www.bilibili.com/video/BV1W5gs6KEhr/?spm_id_from=333.1387.favlist.content.click&vd_source=406d0cf895bedbdc58a3d0130d55e34c,1,BV1W5gs6KEhr,【4K精剪】异常加载中 | 杨博文直拍 | 260813,underthepoplar,2026-08-13 22:44:57,197927,23851,15986,17713,6320,7415,8698,10
2026-08-27 14:30:06,https://www.bilibili.com/video/BV1VFbd6QEjw/spm_id_from=333.1387.favlist.content.click&vd_source=406d0cf895bedbdc58a3d0130d55e34c,2,BV1VFbd6QEjw,【杨博文｜4k直拍】管他什么音乐 直拍,关键时刻来瓶尖叫,2026-08-16 23:08:52,86663,6073,3593,4701,2685,564,35,1
2026-08-27 14:30:06,https://www.bilibili.com/video/BV1xebR6zEkr/?spm_id_from=333.1387.favlist.content.click&vd_source=406d0cf895bedbdc58a3d0130d55e34c,3,BV1xebR6zEkr,【4K精剪】Attention | 杨博文直拍 | 260816,underthepoplar,2026-08-16 23:54:18,216482,17731,10830,14729,3231,1779,2879,18
2026-08-27 14:30:06,https://www.bilibili.com/video/BV1s3gs6MEej/?spm_id_from=333.1387.favlist.content.click&vd_source=406d0cf895bedbdc58a3d0130d55e34c,4,BV1s3gs6MEej,【杨博文｜4k直拍】爱的初体验 直拍,关键时刻来瓶尖叫,2026-08-13 22:46:37,124240,13070,6847,10017,3482,526,2547,5
2026-08-27 14:30:06,https://www.bilibili.com/video/BV1E2bR6hEJR/?spm_id_from=333.1387.favlist.content.click&vd_source=406d0cf895bedbdc58a3d0130d55e34c,5,BV1E2bR6hEJR,【杨博文】Attention丨直拍横屏丨16岁高中生内娱主舞的舞台掌控力丨8.16双机位4k精剪,Kismet丨杨博文,2026-08-16 22:13:05,285784,30328,14777,21082,4530,10147,12224,68
2026-08-27 14:30:06,https://www.bilibili.com/video/BV1Rib96EE3F/?spm_id_from=333.1387.favlist.content.click&vd_source=406d0cf895bedbdc58a3d0130d55e34c,6,BV1Rib96EE3F,260816 【杨博文】春雪  竖屏4k直拍,meetsummer丨杨博文,2026-08-17 01:54:42,48719,9488,3621,4940,1866,728,752,1
2026-08-27 14:30:06,https://www.bilibili.com/video/BV18jgg6BEAd/?spm_id_from=333.1387.favlist.content.click&vd_source=406d0cf895bedbdc58a3d0130d55e34c,7,BV18jgg6BEAd,【4K精剪】摇曳！摇曳！ | 杨博文直拍 | 260813 & 260814,underthepoplar,2026-08-15 13:26:46,74711,10635,7479,6983,2914,482,1199,2
2026-08-27 14:30:06,https://www.bilibili.com/video/BV1A5vkB2E1k/?spm_id_from=333.1387.favlist.content.click&vd_source=406d0cf895bedbdc58a3d0130d55e34c,8,BV1A5vkB2E1k,【杨博文】Hey Mama六机位纯舞直拍丨15岁舞台统治者的诞生，四代主舞燃炸全场！,Kismet丨杨博文,2025-12-28 22:28:16,2812167,65816,45978,48108,27878,13680,22044,1
2026-08-27 14:30:06,https://www.bilibili.com/video/BV1mJ64BREZY/?spm_id_from=333.337.search-card.all.click&vd_source=406d0cf895bedbdc58a3d0130d55e34c,9,BV1mJ64BREZY,【杨博文】闭嘴跳舞丨当主舞穿上西装就会得到,Kismet丨杨博文,2026-02-01 18:31:00,622387,35194,4049,25448,8601,448,654,1
2026-08-27 14:30:06,BV1mX8z6NEzz,10,BV1mX8z6NEzz,【4K精剪】管他什么音乐 | 杨博文直拍 | 260816,underthepoplar,2026-08-22 04:21:09,24232,3006,1532,1584,39,47,67,9
2026-08-27 14:30:06,BV1qHbb6QErY,11,BV1qHbb6QErY,杨博文｜260816第肆象限attention<4k精剪>,61strawberry,2026-08-17 06:33:44,19508,1690,434,1155,8,11,16,7
2026-08-27 14:30:06,BV15egs6pEJp,12,BV15egs6pEJp,杨博文｜Whiplash 2机位精剪 直拍 fancam｜4K60｜260813,LOST_杨博文,2026-08-13 23:03:07,102252,8547,1921,6297,63,72,249,5
2026-08-27 14:30:06,BV1rqgW6hEvv,13,BV1rqgW6hEvv,【杨博文｜4k直拍】100Ways 直拍,关键时刻来瓶尖叫,2026-08-14 01:41:46,36238,3756,1501,2719,39,36,226,3
2026-08-27 14:30:06,BV1k9gw6gE4U,14,BV1k9gw6gE4U,「杨博文｜爱的初体验」是不是我的十六岁 注定要为__流泪,Astra_杨博文,2026-08-14 13:49:20,28403,2457,678,1553,24,12,95,10
2026-08-27 14:30:06,BV1c3gF6wERf,15,BV1c3gF6wERf,【杨博文】元气甜度爆表！摇曳4k横屏直拍,游园会_杨博文,2026-08-14 01:43:31,54565,6344,2276,3973,68,54,483,8
2026-08-27 15:00:09,https://www.bilibili.com/video/BV1GdgW6JEe9/?spm_id_from=333.1387.favlist.content.click&vd_source=406d0cf895bedbdc58a3d0130d55e34c,0,BV1GdgW6JEe9,【杨博文｜4k直拍】Whiplash 双日直拍混剪,关键时刻来瓶尖叫,2026-08-13 23:45:41,240675,28858,23084,22046,7035,4753,8270,19
2026-08-27 15:00:09,https://www.bilibili.com/video/BV1W5gs6KEhr/?spm_id_from=333.1387.favlist.content.click&vd_source=406d0cf895bedbdc58a3d0130d55e34c,1,BV1W5gs6KEhr,【4K精剪】异常加载中 | 杨博文直拍 | 260813,underthepoplar,2026-08-13 22:44:57,198093,23857,15990,17717,6320,7415,8699,11
2026-08-27 15:00:09,https://www.bilibili.com/video/BV1VFbd6QEjw/spm_id_from=333.1387.favlist.content.click&vd_source=406d0cf895bedbdc58a3d0130d55e34c,2,BV1VFbd6QEjw,【杨博文｜4k直拍】管他什么音乐 直拍,关键时刻来瓶尖叫,2026-08-16 23:08:52,86673,6073,3593,4702,2685,564,35,1
2026-08-27 15:00:09,https://www.bilibili.com/video/BV1xebR6zEkr/?spm_id_from=333.1387.favlist.content.click&vd_source=406d0cf895bedbdc58a3d0130d55e34c,3,BV1xebR6zEkr,【4K精剪】Attention | 杨博文直拍 | 260816,underthepoplar,2026-08-16 23:54:18,216735,17749,10840,14741,3231,1779,2879,15
2026-08-27 15:00:09,https://www.bilibili.com/video/BV1s3gs6MEej/?spm_id_from=333.1387.favlist.content.click&vd_source=406d0cf895bedbdc58a3d0130d55e34c,4,BV1s3gs6MEej,【杨博文｜4k直拍】爱的初体验 直拍,关键时刻来瓶尖叫,2026-08-13 22:46:37,124280,13072,6847,10017,3482,526,2547,4
2026-08-27 15:00:09,https://www.bilibili.com/video/BV1E2bR6hEJR/?spm_id_from=333.1387.favlist.content.click&vd_source=406d0cf895bedbdc58a3d0130d55e34c,5,BV1E2bR6hEJR,【杨博文】Attention丨直拍横屏丨16岁高中生内娱主舞的舞台掌控力丨8.16双机位4k精剪,Kismet丨杨博文,2026-08-16 22:13:05,286084,30342,14782,21097,4531,10147,12231,75
2026-08-27 15:00:09,https://www.bilibili.com/video/BV1Rib96EE3F/?spm_id_from=333.1387.favlist.content.click&vd_source=406d0cf895bedbdc58a3d0130d55e34c,6,BV1Rib96EE3F,260816 【杨博文】春雪  竖屏4k直拍,meetsummer丨杨博文,2026-08-17 01:54:42,48732,9494,3621,4944,1866,728,752,1
2026-08-27 15:00:09,https://www.bilibili.com/video/BV18jgg6BEAd/?spm_id_from=333.1387.favlist.content.click&vd_source=406d0cf895bedbdc58a3d0130d55e34c,7,BV18jgg6BEAd,【4K精剪】摇曳！摇曳！ | 杨博文直拍 | 260813 & 260814,underthepoplar,2026-08-15 13:26:46,74770,10644,7479,6988,2914,482,1199,4
2026-08-27 15:00:09,https://www.bilibili.com/video/BV1A5vkB2E1k/?spm_id_from=333.1387.favlist.content.click&vd_source=406d0cf895bedbdc58a3d0130d55e34c,8,BV1A5vkB2E1k,【杨博文】Hey Mama六机位纯舞直拍丨15岁舞台统治者的诞生，四代主舞燃炸全场！,Kismet丨杨博文,2025-12-28 22:28:16,2812191,65818,45978,48111,27879,13680,22044,1
2026-08-27 15:00:09,https://www.bilibili.com/video/BV1mJ64BREZY/?spm_id_from=333.337.search-card.all.click&vd_source=406d0cf895bedbdc58a3d0130d55e34c,9,BV1mJ64BREZY,【杨博文】闭嘴跳舞丨当主舞穿上西装就会得到,Kismet丨杨博文,2026-02-01 18:31:00,622389,35194,4049,25448,8601,448,654,1
2026-08-27 15:00:09,BV1mX8z6NEzz,10,BV1mX8z6NEzz,【4K精剪】管他什么音乐 | 杨博文直拍 | 260816,underthepoplar,2026-08-22 04:21:09,24437,3008,1532,1586,39,47,67,11
2026-08-27 15:00:09,BV1qHbb6QErY,11,BV1qHbb6QErY,杨博文｜260816第肆象限attention<4k精剪>,61strawberry,2026-08-17 06:33:44,19695,1692,434,1156,8,11,16,8
2026-08-27 15:00:09,BV15egs6pEJp,12,BV15egs6pEJp,杨博文｜Whiplash 2机位精剪 直拍 fancam｜4K60｜260813,LOST_杨博文,2026-08-13 23:03:07,102466,8550,1923,6299,63,72,250,8
2026-08-27 15:00:09,BV1rqgW6hEvv,13,BV1rqgW6hEvv,【杨博文｜4k直拍】100Ways 直拍,关键时刻来瓶尖叫,2026-08-14 01:41:46,36435,3757,1503,2720,39,36,226,9
2026-08-27 15:00:09,BV1k9gw6gE4U,14,BV1k9gw6gE4U,「杨博文｜爱的初体验」是不是我的十六岁 注定要为__流泪,Astra_杨博文,2026-08-14 13:49:20,28579,2458,678,1554,24,12,95,7
2026-08-27 15:00:09,BV1c3gF6wERf,15,BV1c3gF6wERf,【杨博文】元气甜度爆表！摇曳4k横屏直拍,游园会_杨博文,2026-08-14 01:43:31,54769,6345,2276,3975,68,54,483,10
2026-08-27 15:30:02,https://www.bilibili.com/video/BV1GdgW6JEe9/?spm_id_from=333.1387.favlist.content.click&vd_source=406d0cf895bedbdc58a3d0130d55e34c,0,BV1GdgW6JEe9,【杨博文｜4k直拍】Whiplash 双日直拍混剪,关键时刻来瓶尖叫,2026-08-13 23:45:41,240896,28864,23088,22052,7035,4753,8270,17
2026-08-27 15:30:02,https://www.bilibili.com/video/BV1W5gs6KEhr/?spm_id_from=333.1387.favlist.content.click&vd_source=406d0cf895bedbdc58a3d0130d55e34c,1,BV1W5gs6KEhr,【4K精剪】异常加载中 | 杨博文直拍 | 260813,underthepoplar,2026-08-13 22:44:57,198255,23863,15991,17722,6320,7415,8702,8
2026-08-27 15:30:02,https://www.bilibili.com/video/BV1VFbd6QEjw/spm_id_from=333.1387.favlist.content.click&vd_source=406d0cf895bedbdc58a3d0130d55e34c,2,BV1VFbd6QEjw,【杨博文｜4k直拍】管他什么音乐 直拍,关键时刻来瓶尖叫,2026-08-16 23:08:52,86685,6073,3593,4702,2685,564,35,2
2026-08-27 15:30:02,https://www.bilibili.com/video/BV1xebR6zEkr/?spm_id_from=333.1387.favlist.content.click&vd_source=406d0cf895bedbdc58a3d0130d55e34c,3,BV1xebR6zEkr,【4K精剪】Attention | 杨博文直拍 | 260816,underthepoplar,2026-08-16 23:54:18,217012,17759,10844,14751,3231,1779,2879,18
2026-08-27 15:30:02,https://www.bilibili.com/video/BV1s3gs6MEej/?spm_id_from=333.1387.favlist.content.click&vd_source=406d0cf895bedbdc58a3d0130d55e34c,4,BV1s3gs6MEej,【杨博文｜4k直拍】爱的初体验 直拍,关键时刻来瓶尖叫,2026-08-13 22:46:37,124306,13074,6847,10019,3482,526,2547,3
2026-08-27 15:30:02,https://www.bilibili.com/video/BV1E2bR6hEJR/?spm_id_from=333.1387.favlist.content.click&vd_source=406d0cf895bedbdc58a3d0130d55e34c,5,BV1E2bR6hEJR,【杨博文】Attention丨直拍横屏丨16岁高中生内娱主舞的舞台掌控力丨8.16双机位4k精剪,Kismet丨杨博文,2026-08-16 22:13:05,286435,30357,14785,21111,4531,10147,12235,66
2026-08-27 15:30:02,https://www.bilibili.com/video/BV1Rib96EE3F/?spm_id_from=333.1387.favlist.content.click&vd_source=406d0cf895bedbdc58a3d0130d55e34c,6,BV1Rib96EE3F,260816 【杨博文】春雪  竖屏4k直拍,meetsummer丨杨博文,2026-08-17 01:54:42,48750,9498,3621,4949,1866,728,752,1
2026-08-27 15:30:02,https://www.bilibili.com/video/BV18jgg6BEAd/?spm_id_from=333.1387.favlist.content.click&vd_source=406d0cf895bedbdc58a3d0130d55e34c,7,BV18jgg6BEAd,【4K精剪】摇曳！摇曳！ | 杨博文直拍 | 260813 & 260814,underthepoplar,2026-08-15 13:26:46,74832,10653,7485,6997,2915,483,1200,7
2026-08-27 15:30:02,https://www.bilibili.com/video/BV1A5vkB2E1k/?spm_id_from=333.1387.favlist.content.click&vd_source=406d0cf895bedbdc58a3d0130d55e34c,8,BV1A5vkB2E1k,【杨博文】Hey Mama六机位纯舞直拍丨15岁舞台统治者的诞生，四代主舞燃炸全场！,Kismet丨杨博文,2025-12-28 22:28:16,2812220,65819,45982,48113,27879,13680,22045,1
2026-08-27 15:30:02,https://www.bilibili.com/video/BV1mJ64BREZY/?spm_id_from=333.337.search-card.all.click&vd_source=406d0cf895bedbdc58a3d0130d55e34c,9,BV1mJ64BREZY,【杨博文】闭嘴跳舞丨当主舞穿上西装就会得到,Kismet丨杨博文,2026-02-01 18:31:00,622391,35194,4049,25448,8601,448,654,1
2026-08-27 15:30:02,BV1mX8z6NEzz,10,BV1mX8z6NEzz,【4K精剪】管他什么音乐 | 杨博文直拍 | 260816,underthepoplar,2026-08-22 04:21:09,24653,3009,1533,1589,39,47,67,12
2026-08-27 15:30:02,BV1qHbb6QErY,11,BV1qHbb6QErY,杨博文｜260816第肆象限attention<4k精剪>,61strawberry,2026-08-17 06:33:44,19883,1693,434,1158,8,11,16,7
2026-08-27 15:30:02,BV15egs6pEJp,12,BV15egs6pEJp,杨博文｜Whiplash 2机位精剪 直拍 fancam｜4K60｜260813,LOST_杨博文,2026-08-13 23:03:07,102661,8553,1923,6302,63,72,250,12
2026-08-27 15:30:02,BV1rqgW6hEvv,13,BV1rqgW6hEvv,【杨博文｜4k直拍】100Ways 直拍,关键时刻来瓶尖叫,2026-08-14 01:41:46,36631,3757,1503,2722,39,36,226,7
2026-08-27 15:30:02,BV1k9gw6gE4U,14,BV1k9gw6gE4U,「杨博文｜爱的初体验」是不是我的十六岁 注定要为__流泪,Astra_杨博文,2026-08-14 13:49:20,28749,2459,678,1555,24,12,95,6
2026-08-27 15:30:02,BV1c3gF6wERf,15,BV1c3gF6wERf,【杨博文】元气甜度爆表！摇曳4k横屏直拍,游园会_杨博文,2026-08-14 01:43:31,54965,6350,2276,3981,68,54,483,7
2026-08-27 16:00:05,https://www.bilibili.com/video/BV1GdgW6JEe9/?spm_id_from=333.1387.favlist.content.click&vd_source=406d0cf895bedbdc58a3d0130d55e34c,0,BV1GdgW6JEe9,【杨博文｜4k直拍】Whiplash 双日直拍混剪,关键时刻来瓶尖叫,2026-08-13 23:45:41,241142,28874,23096,22056,7035,4753,8271,18
2026-08-27 16:00:05,https://www.bilibili.com/video/BV1W5gs6KEhr/?spm_id_from=333.1387.favlist.content.click&vd_source=406d0cf895bedbdc58a3d0130d55e34c,1,BV1W5gs6KEhr,【4K精剪】异常加载中 | 杨博文直拍 | 260813,underthepoplar,2026-08-13 22:44:57,198446,23867,15993,17727,6320,7415,8702,14
2026-08-27 16:00:05,https://www.bilibili.com/video/BV1VFbd6QEjw/spm_id_from=333.1387.favlist.content.click&vd_source=406d0cf895bedbdc58a3d0130d55e34c,2,BV1VFbd6QEjw,【杨博文｜4k直拍】管他什么音乐 直拍,关键时刻来瓶尖叫,2026-08-16 23:08:52,86693,6073,3593,4703,2685,564,36,2
2026-08-27 16:00:05,https://www.bilibili.com/video/BV1xebR6zEkr/?spm_id_from=333.1387.favlist.content.click&vd_source=406d0cf895bedbdc58a3d0130d55e34c,3,BV1xebR6zEkr,【4K精剪】Attention | 杨博文直拍 | 260816,underthepoplar,2026-08-16 23:54:18,217266,17770,10854,14756,3231,1779,2879,12
2026-08-27 16:00:05,https://www.bilibili.com/video/BV1s3gs6MEej/?spm_id_from=333.1387.favlist.content.click&vd_source=406d0cf895bedbdc58a3d0130d55e34c,4,BV1s3gs6MEej,【杨博文｜4k直拍】爱的初体验 直拍,关键时刻来瓶尖叫,2026-08-13 22:46:37,124343,13075,6847,10022,3482,526,2547,2
2026-08-27 16:00:05,https://www.bilibili.com/video/BV1E2bR6hEJR/?spm_id_from=333.1387.favlist.content.click&vd_source=406d0cf895bedbdc58a3d0130d55e34c,5,BV1E2bR6hEJR,【杨博文】Attention丨直拍横屏丨16岁高中生内娱主舞的舞台掌控力丨8.16双机位4k精剪,Kismet丨杨博文,2026-08-16 22:13:05,286755,30383,14796,21126,4531,10147,12237,73
2026-08-27 16:00:05,https://www.bilibili.com/video/BV1Rib96EE3F/?spm_id_from=333.1387.favlist.content.click&vd_source=406d0cf895bedbdc58a3d0130d55e34c,6,BV1Rib96EE3F,260816 【杨博文】春雪  竖屏4k直拍,meetsummer丨杨博文,2026-08-17 01:54:42,48772,9507,3623,4952,1866,728,752,1
2026-08-27 16:00:05,https://www.bilibili.com/video/BV18jgg6BEAd/?spm_id_from=333.1387.favlist.content.click&vd_source=406d0cf895bedbdc58a3d0130d55e34c,7,BV18jgg6BEAd,【4K精剪】摇曳！摇曳！ | 杨博文直拍 | 260813 & 260814,underthepoplar,2026-08-15 13:26:46,74891,10660,7489,6999,2915,483,1200,7
2026-08-27 16:00:05,https://www.bilibili.com/video/BV1A5vkB2E1k/?spm_id_from=333.1387.favlist.content.click&vd_source=406d0cf895bedbdc58a3d0130d55e34c,8,BV1A5vkB2E1k,【杨博文】Hey Mama六机位纯舞直拍丨15岁舞台统治者的诞生，四代主舞燃炸全场！,Kismet丨杨博文,2025-12-28 22:28:16,2812241,65823,45982,48115,27879,13680,22046,1
2026-08-27 16:00:05,https://www.bilibili.com/video/BV1mJ64BREZY/?spm_id_from=333.337.search-card.all.click&vd_source=406d0cf895bedbdc58a3d0130d55e34c,9,BV1mJ64BREZY,【杨博文】闭嘴跳舞丨当主舞穿上西装就会得到,Kismet丨杨博文,2026-02-01 18:31:00,622391,35194,4049,25448,8601,448,654,1
2026-08-27 16:00:05,BV1mX8z6NEzz,10,BV1mX8z6NEzz,【4K精剪】管他什么音乐 | 杨博文直拍 | 260816,underthepoplar,2026-08-22 04:21:09,24859,3015,1535,1591,40,47,67,9
2026-08-27 16:00:05,BV1qHbb6QErY,11,BV1qHbb6QErY,杨博文｜260816第肆象限attention<4k精剪>,61strawberry,2026-08-17 06:33:44,20077,1695,434,1161,8,11,16,9
2026-08-27 16:00:05,BV15egs6pEJp,12,BV15egs6pEJp,杨博文｜Whiplash 2机位精剪 直拍 fancam｜4K60｜260813,LOST_杨博文,2026-08-13 23:03:07,102851,8556,1925,6303,63,72,250,7
2026-08-27 16:00:05,BV1rqgW6hEvv,13,BV1rqgW6hEvv,【杨博文｜4k直拍】100Ways 直拍,关键时刻来瓶尖叫,2026-08-14 01:41:46,36820,3758,1503,2723,39,36,226,7
2026-08-27 16:00:05,BV1k9gw6gE4U,14,BV1k9gw6gE4U,「杨博文｜爱的初体验」是不是我的十六岁 注定要为__流泪,Astra_杨博文,2026-08-14 13:49:20,28925,2459,678,1556,24,12,95,7
2026-08-27 16:00:05,BV1c3gF6wERf,15,BV1c3gF6wERf,【杨博文】元气甜度爆表！摇曳4k横屏直拍,游园会_杨博文,2026-08-14 01:43:31,55157,6354,2278,3983,68,54,483,8
2026-08-27 16:30:07,https://www.bilibili.com/video/BV1GdgW6JEe9/?spm_id_from=333.1387.favlist.content.click&vd_source=406d0cf895bedbdc58a3d0130d55e34c,0,BV1GdgW6JEe9,【杨博文｜4k直拍】Whiplash 双日直拍混剪,关键时刻来瓶尖叫,2026-08-13 23:45:41,241359,28883,23100,22063,7036,4753,8271,17
2026-08-27 16:30:07,https://www.bilibili.com/video/BV1W5gs6KEhr/?spm_id_from=333.1387.favlist.content.click&vd_source=406d0cf895bedbdc58a3d0130d55e34c,1,BV1W5gs6KEhr,【4K精剪】异常加载中 | 杨博文直拍 | 260813,underthepoplar,2026-08-13 22:44:57,198611,23870,15995,17731,6320,7415,8702,12
2026-08-27 16:30:07,https://www.bilibili.com/video/BV1VFbd6QEjw/spm_id_from=333.1387.favlist.content.click&vd_source=406d0cf895bedbdc58a3d0130d55e34c,2,BV1VFbd6QEjw,【杨博文｜4k直拍】管他什么音乐 直拍,关键时刻来瓶尖叫,2026-08-16 23:08:52,86705,6073,3593,4703,2685,564,36,1
2026-08-27 16:30:07,https://www.bilibili.com/video/BV1xebR6zEkr/?spm_id_from=333.1387.favlist.content.click&vd_source=406d0cf895bedbdc58a3d0130d55e34c,3,BV1xebR6zEkr,【4K精剪】Attention | 杨博文直拍 | 260816,underthepoplar,2026-08-16 23:54:18,217508,17786,10855,14767,3231,1779,2879,15
2026-08-27 16:30:07,https://www.bilibili.com/video/BV1s3gs6MEej/?spm_id_from=333.1387.favlist.content.click&vd_source=406d0cf895bedbdc58a3d0130d55e34c,4,BV1s3gs6MEej,【杨博文｜4k直拍】爱的初体验 直拍,关键时刻来瓶尖叫,2026-08-13 22:46:37,124388,13077,6847,10024,3482,526,2547,4
2026-08-27 16:30:07,https://www.bilibili.com/video/BV1E2bR6hEJR/?spm_id_from=333.1387.favlist.content.click&vd_source=406d0cf895bedbdc58a3d0130d55e34c,5,BV1E2bR6hEJR,【杨博文】Attention丨直拍横屏丨16岁高中生内娱主舞的舞台掌控力丨8.16双机位4k精剪,Kismet丨杨博文,2026-08-16 22:13:05,287086,30400,14805,21138,4532,10148,12240,79
2026-08-27 16:30:07,https://www.bilibili.com/video/BV1Rib96EE3F/?spm_id_from=333.1387.favlist.content.click&vd_source=406d0cf895bedbdc58a3d0130d55e34c,6,BV1Rib96EE3F,260816 【杨博文】春雪  竖屏4k直拍,meetsummer丨杨博文,2026-08-17 01:54:42,48795,9517,3623,4954,1866,728,752,1
2026-08-27 16:30:07,https://www.bilibili.com/video/BV18jgg6BEAd/?spm_id_from=333.1387.favlist.content.click&vd_source=406d0cf895bedbdc58a3d0130d55e34c,7,BV18jgg6BEAd,【4K精剪】摇曳！摇曳！ | 杨博文直拍 | 260813 & 260814,underthepoplar,2026-08-15 13:26:46,74957,10664,7489,7001,2915,483,1200,6
2026-08-27 16:30:07,https://www.bilibili.com/video/BV1A5vkB2E1k/?spm_id_from=333.1387.favlist.content.click&vd_source=406d0cf895bedbdc58a3d0130d55e34c,8,BV1A5vkB2E1k,【杨博文】Hey Mama六机位纯舞直拍丨15岁舞台统治者的诞生，四代主舞燃炸全场！,Kismet丨杨博文,2025-12-28 22:28:16,2812267,65825,45982,48116,27880,13680,22046,1
2026-08-27 16:30:07,https://www.bilibili.com/video/BV1mJ64BREZY/?spm_id_from=333.337.search-card.all.click&vd_source=406d0cf895bedbdc58a3d0130d55e34c,9,BV1mJ64BREZY,【杨博文】闭嘴跳舞丨当主舞穿上西装就会得到,Kismet丨杨博文,2026-02-01 18:31:00,622392,35194,4049,25448,8601,448,654,1
2026-08-27 16:30:07,BV1mX8z6NEzz,10,BV1mX8z6NEzz,【4K精剪】管他什么音乐 | 杨博文直拍 | 260816,underthepoplar,2026-08-22 04:21:09,25034,3023,1535,1595,40,47,67,10
2026-08-27 16:30:07,BV1qHbb6QErY,11,BV1qHbb6QErY,杨博文｜260816第肆象限attention<4k精剪>,61strawberry,2026-08-17 06:33:44,20235,1697,434,1162,8,11,16,8
2026-08-27 16:30:07,BV15egs6pEJp,12,BV15egs6pEJp,杨博文｜Whiplash 2机位精剪 直拍 fancam｜4K60｜260813,LOST_杨博文,2026-08-13 23:03:07,103027,8560,1925,6306,63,72,250,5
2026-08-27 16:30:07,BV1rqgW6hEvv,13,BV1rqgW6hEvv,【杨博文｜4k直拍】100Ways 直拍,关键时刻来瓶尖叫,2026-08-14 01:41:46,36983,3758,1503,2723,39,36,226,6
2026-08-27 16:30:07,BV1k9gw6gE4U,14,BV1k9gw6gE4U,「杨博文｜爱的初体验」是不是我的十六岁 注定要为__流泪,Astra_杨博文,2026-08-14 13:49:20,29073,2460,678,1557,24,12,95,5
2026-08-27 16:30:07,BV1c3gF6wERf,15,BV1c3gF6wERf,【杨博文】元气甜度爆表！摇曳4k横屏直拍,游园会_杨博文,2026-08-14 01:43:31,55326,6358,2278,3986,68,55,483,8
2026-08-27 17:00:00,https://www.bilibili.com/video/BV1GdgW6JEe9/?spm_id_from=333.1387.favlist.content.click&vd_source=406d0cf895bedbdc58a3d0130d55e34c,0,BV1GdgW6JEe9,【杨博文｜4k直拍】Whiplash 双日直拍混剪,关键时刻来瓶尖叫,2026-08-13 23:45:41,241610,28891,23100,22067,7036,4753,8271,15
2026-08-27 17:00:00,https://www.bilibili.com/video/BV1W5gs6KEhr/?spm_id_from=333.1387.favlist.content.click&vd_source=406d0cf895bedbdc58a3d0130d55e34c,1,BV1W5gs6KEhr,【4K精剪】异常加载中 | 杨博文直拍 | 260813,underthepoplar,2026-08-13 22:44:57,198769,23876,15997,17732,6320,7415,8702,10
2026-08-27 17:00:00,https://www.bilibili.com/video/BV1VFbd6QEjw/spm_id_from=333.1387.favlist.content.click&vd_source=406d0cf895bedbdc58a3d0130d55e34c,2,BV1VFbd6QEjw,【杨博文｜4k直拍】管他什么音乐 直拍,关键时刻来瓶尖叫,2026-08-16 23:08:52,86713,6074,3593,4703,2685,564,36,4
2026-08-27 17:00:00,https://www.bilibili.com/video/BV1xebR6zEkr/?spm_id_from=333.1387.favlist.content.click&vd_source=406d0cf895bedbdc58a3d0130d55e34c,3,BV1xebR6zEkr,【4K精剪】Attention | 杨博文直拍 | 260816,underthepoplar,2026-08-16 23:54:18,217763,17794,10858,14774,3231,1779,2879,14
2026-08-27 17:00:00,https://www.bilibili.com/video/BV1s3gs6MEej/?spm_id_from=333.1387.favlist.content.click&vd_source=406d0cf895bedbdc58a3d0130d55e34c,4,BV1s3gs6MEej,【杨博文｜4k直拍】爱的初体验 直拍,关键时刻来瓶尖叫,2026-08-13 22:46:37,124412,13078,6847,10024,3482,526,2547,2
2026-08-27 17:00:00,https://www.bilibili.com/video/BV1E2bR6hEJR/?spm_id_from=333.1387.favlist.content.click&vd_source=406d0cf895bedbdc58a3d0130d55e34c,5,BV1E2bR6hEJR,【杨博文】Attention丨直拍横屏丨16岁高中生内娱主舞的舞台掌控力丨8.16双机位4k精剪,Kismet丨杨博文,2026-08-16 22:13:05,287386,30419,14813,21153,4535,10148,12240,74
2026-08-27 17:00:00,https://www.bilibili.com/video/BV1Rib96EE3F/?spm_id_from=333.1387.favlist.content.click&vd_source=406d0cf895bedbdc58a3d0130d55e34c,6,BV1Rib96EE3F,260816 【杨博文】春雪  竖屏4k直拍,meetsummer丨杨博文,2026-08-17 01:54:42,48816,9522,3623,4954,1866,728,752,1
2026-08-27 17:00:00,https://www.bilibili.com/video/BV18jgg6BEAd/?spm_id_from=333.1387.favlist.content.click&vd_source=406d0cf895bedbdc58a3d0130d55e34c,7,BV18jgg6BEAd,【4K精剪】摇曳！摇曳！ | 杨博文直拍 | 260813 & 260814,underthepoplar,2026-08-15 13:26:46,75017,10669,7491,7002,2916,483,1200,11
2026-08-27 17:00:00,https://www.bilibili.com/video/BV1A5vkB2E1k/?spm_id_from=333.1387.favlist.content.click&vd_source=406d0cf895bedbdc58a3d0130d55e34c,8,BV1A5vkB2E1k,【杨博文】Hey Mama六机位纯舞直拍丨15岁舞台统治者的诞生，四代主舞燃炸全场！,Kismet丨杨博文,2025-12-28 22:28:16,2812304,65826,45982,48116,27881,13680,22046,1
2026-08-27 17:00:00,https://www.bilibili.com/video/BV1mJ64BREZY/?spm_id_from=333.337.search-card.all.click&vd_source=406d0cf895bedbdc58a3d0130d55e34c,9,BV1mJ64BREZY,【杨博文】闭嘴跳舞丨当主舞穿上西装就会得到,Kismet丨杨博文,2026-02-01 18:31:00,622396,35194,4049,25448,8601,448,654,1
2026-08-27 17:00:00,BV1mX8z6NEzz,10,BV1mX8z6NEzz,【4K精剪】管他什么音乐 | 杨博文直拍 | 260816,underthepoplar,2026-08-22 04:21:09,25233,3027,1535,1598,40,47,67,6
2026-08-27 17:00:00,BV1qHbb6QErY,11,BV1qHbb6QErY,杨博文｜260816第肆象限attention<4k精剪>,61strawberry,2026-08-17 06:33:44,20405,1700,434,1163,8,11,16,7
2026-08-27 17:00:00,BV15egs6pEJp,12,BV15egs6pEJp,杨博文｜Whiplash 2机位精剪 直拍 fancam｜4K60｜260813,LOST_杨博文,2026-08-13 23:03:07,103204,8566,1925,6306,63,72,250,8
2026-08-27 17:00:00,BV1rqgW6hEvv,13,BV1rqgW6hEvv,【杨博文｜4k直拍】100Ways 直拍,关键时刻来瓶尖叫,2026-08-14 01:41:46,37156,3759,1503,2723,39,36,226,4
2026-08-27 17:00:00,BV1k9gw6gE4U,14,BV1k9gw6gE4U,「杨博文｜爱的初体验」是不是我的十六岁 注定要为__流泪,Astra_杨博文,2026-08-14 13:49:20,29234,2461,678,1558,24,12,95,2
2026-08-27 17:00:00,BV1c3gF6wERf,15,BV1c3gF6wERf,【杨博文】元气甜度爆表！摇曳4k横屏直拍,游园会_杨博文,2026-08-14 01:43:31,55513,6362,2278,3989,68,55,483,6
2026-08-27 17:30:02,https://www.bilibili.com/video/BV1GdgW6JEe9/?spm_id_from=333.1387.favlist.content.click&vd_source=406d0cf895bedbdc58a3d0130d55e34c,0,BV1GdgW6JEe9,【杨博文｜4k直拍】Whiplash 双日直拍混剪,关键时刻来瓶尖叫,2026-08-13 23:45:41,241851,28897,23100,22072,7036,4753,8279,15
2026-08-27 17:30:02,https://www.bilibili.com/video/BV1W5gs6KEhr/?spm_id_from=333.1387.favlist.content.click&vd_source=406d0cf895bedbdc58a3d0130d55e34c,1,BV1W5gs6KEhr,【4K精剪】异常加载中 | 杨博文直拍 | 260813,underthepoplar,2026-08-13 22:44:57,198958,23886,15999,17738,6321,7415,8703,14
2026-08-27 17:30:02,https://www.bilibili.com/video/BV1VFbd6QEjw/spm_id_from=333.1387.favlist.content.click&vd_source=406d0cf895bedbdc58a3d0130d55e34c,2,BV1VFbd6QEjw,【杨博文｜4k直拍】管他什么音乐 直拍,关键时刻来瓶尖叫,2026-08-16 23:08:52,86730,6075,3593,4705,2685,564,37,1
2026-08-27 17:30:02,https://www.bilibili.com/video/BV1xebR6zEkr/?spm_id_from=333.1387.favlist.content.click&vd_source=406d0cf895bedbdc58a3d0130d55e34c,3,BV1xebR6zEkr,【4K精剪】Attention | 杨博文直拍 | 260816,underthepoplar,2026-08-16 23:54:18,218045,17806,10860,14784,3231,1780,2879,19
2026-08-27 17:30:02,https://www.bilibili.com/video/BV1s3gs6MEej/?spm_id_from=333.1387.favlist.content.click&vd_source=406d0cf895bedbdc58a3d0130d55e34c,4,BV1s3gs6MEej,【杨博文｜4k直拍】爱的初体验 直拍,关键时刻来瓶尖叫,2026-08-13 22:46:37,124447,13080,6847,10025,3483,526,2547,4
2026-08-27 17:30:02,https://www.bilibili.com/video/BV1E2bR6hEJR/?spm_id_from=333.1387.favlist.content.click&vd_source=406d0cf895bedbdc58a3d0130d55e34c,5,BV1E2bR6hEJR,【杨博文】Attention丨直拍横屏丨16岁高中生内娱主舞的舞台掌控力丨8.16双机位4k精剪,Kismet丨杨博文,2026-08-16 22:13:05,287700,30442,14815,21161,4537,10149,12252,78
2026-08-27 17:30:02,https://www.bilibili.com/video/BV1Rib96EE3F/?spm_id_from=333.1387.favlist.content.click&vd_source=406d0cf895bedbdc58a3d0130d55e34c,6,BV1Rib96EE3F,260816 【杨博文】春雪  竖屏4k直拍,meetsummer丨杨博文,2026-08-17 01:54:42,48833,9525,3624,4955,1866,728,752,1
2026-08-27 17:30:02,https://www.bilibili.com/video/BV18jgg6BEAd/?spm_id_from=333.1387.favlist.content.click&vd_source=406d0cf895bedbdc58a3d0130d55e34c,7,BV18jgg6BEAd,【4K精剪】摇曳！摇曳！ | 杨博文直拍 | 260813 & 260814,underthepoplar,2026-08-15 13:26:46,75076,10674,7491,7006,2916,483,1203,7
2026-08-27 17:30:02,https://www.bilibili.com/video/BV1A5vkB2E1k/?spm_id_from=333.1387.favlist.content.click&vd_source=406d0cf895bedbdc58a3d0130d55e34c,8,BV1A5vkB2E1k,【杨博文】Hey Mama六机位纯舞直拍丨15岁舞台统治者的诞生，四代主舞燃炸全场！,Kismet丨杨博文,2025-12-28 22:28:16,2812330,65829,45982,48117,27881,13680,22046,1
2026-08-27 17:30:02,https://www.bilibili.com/video/BV1mJ64BREZY/?spm_id_from=333.337.search-card.all.click&vd_source=406d0cf895bedbdc58a3d0130d55e34c,9,BV1mJ64BREZY,【杨博文】闭嘴跳舞丨当主舞穿上西装就会得到,Kismet丨杨博文,2026-02-01 18:31:00,622398,35193,4049,25447,8601,448,654,1
2026-08-27 17:30:02,BV1mX8z6NEzz,10,BV1mX8z6NEzz,【4K精剪】管他什么音乐 | 杨博文直拍 | 260816,underthepoplar,2026-08-22 04:21:09,25440,3037,1539,1605,40,47,67,8
2026-08-27 17:30:02,BV1qHbb6QErY,11,BV1qHbb6QErY,杨博文｜260816第肆象限attention<4k精剪>,61strawberry,2026-08-17 06:33:44,20572,1700,434,1164,8,11,16,5
2026-08-27 17:30:02,BV15egs6pEJp,12,BV15egs6pEJp,杨博文｜Whiplash 2机位精剪 直拍 fancam｜4K60｜260813,LOST_杨博文,2026-08-13 23:03:07,103391,8570,1927,6308,63,72,250,3
2026-08-27 17:30:02,BV1rqgW6hEvv,13,BV1rqgW6hEvv,【杨博文｜4k直拍】100Ways 直拍,关键时刻来瓶尖叫,2026-08-14 01:41:46,37330,3760,1503,2724,39,36,226,2
2026-08-27 17:30:02,BV1k9gw6gE4U,14,BV1k9gw6gE4U,「杨博文｜爱的初体验」是不是我的十六岁 注定要为__流泪,Astra_杨博文,2026-08-14 13:49:20,29401,2462,678,1558,24,12,95,3
2026-08-27 17:30:02,BV1c3gF6wERf,15,BV1c3gF6wERf,【杨博文】元气甜度爆表！摇曳4k横屏直拍,游园会_杨博文,2026-08-14 01:43:31,55702,6369,2278,3995,69,55,483,6
2026-08-27 18:00:05,https://www.bilibili.com/video/BV1GdgW6JEe9/?spm_id_from=333.1387.favlist.content.click&vd_source=406d0cf895bedbdc58a3d0130d55e34c,0,BV1GdgW6JEe9,【杨博文｜4k直拍】Whiplash 双日直拍混剪,关键时刻来瓶尖叫,2026-08-13 23:45:41,242093,28912,23102,22079,7036,4753,8280,16
2026-08-27 18:00:05,https://www.bilibili.com/video/BV1W5gs6KEhr/?spm_id_from=333.1387.favlist.content.click&vd_source=406d0cf895bedbdc58a3d0130d55e34c,1,BV1W5gs6KEhr,【4K精剪】异常加载中 | 杨博文直拍 | 260813,underthepoplar,2026-08-13 22:44:57,199130,23888,16001,17738,6321,7415,8711,12
2026-08-27 18:00:05,https://www.bilibili.com/video/BV1VFbd6QEjw/spm_id_from=333.1387.favlist.content.click&vd_source=406d0cf895bedbdc58a3d0130d55e34c,2,BV1VFbd6QEjw,【杨博文｜4k直拍】管他什么音乐 直拍,关键时刻来瓶尖叫,2026-08-16 23:08:52,86744,6077,3593,4707,2685,564,39,1
2026-08-27 18:00:05,https://www.bilibili.com/video/BV1xebR6zEkr/?spm_id_from=333.1387.favlist.content.click&vd_source=406d0cf895bedbdc58a3d0130d55e34c,3,BV1xebR6zEkr,【4K精剪】Attention | 杨博文直拍 | 260816,underthepoplar,2026-08-16 23:54:18,218319,17819,10865,14794,3231,1780,2879,18
2026-08-27 18:00:05,https://www.bilibili.com/video/BV1s3gs6MEej/?spm_id_from=333.1387.favlist.content.click&vd_source=406d0cf895bedbdc58a3d0130d55e34c,4,BV1s3gs6MEej,【杨博文｜4k直拍】爱的初体验 直拍,关键时刻来瓶尖叫,2026-08-13 22:46:37,124485,13081,6847,10024,3483,526,2548,3
2026-08-27 18:00:05,https://www.bilibili.com/video/BV1E2bR6hEJR/?spm_id_from=333.1387.favlist.content.click&vd_source=406d0cf895bedbdc58a3d0130d55e34c,5,BV1E2bR6hEJR,【杨博文】Attention丨直拍横屏丨16岁高中生内娱主舞的舞台掌控力丨8.16双机位4k精剪,Kismet丨杨博文,2026-08-16 22:13:05,288027,30460,14819,21174,4538,10149,12260,81
2026-08-27 18:00:05,https://www.bilibili.com/video/BV1Rib96EE3F/?spm_id_from=333.1387.favlist.content.click&vd_source=406d0cf895bedbdc58a3d0130d55e34c,6,BV1Rib96EE3F,260816 【杨博文】春雪  竖屏4k直拍,meetsummer丨杨博文,2026-08-17 01:54:42,48851,9529,3624,4955,1866,728,752,2
2026-08-27 18:00:05,https://www.bilibili.com/video/BV18jgg6BEAd/?spm_id_from=333.1387.favlist.content.click&vd_source=406d0cf895bedbdc58a3d0130d55e34c,7,BV18jgg6BEAd,【4K精剪】摇曳！摇曳！ | 杨博文直拍 | 260813 & 260814,underthepoplar,2026-08-15 13:26:46,75128,10680,7495,7007,2916,483,1203,8
2026-08-27 18:00:05,https://www.bilibili.com/video/BV1A5vkB2E1k/?spm_id_from=333.1387.favlist.content.click&vd_source=406d0cf895bedbdc58a3d0130d55e34c,8,BV1A5vkB2E1k,【杨博文】Hey Mama六机位纯舞直拍丨15岁舞台统治者的诞生，四代主舞燃炸全场！,Kismet丨杨博文,2025-12-28 22:28:16,2812354,65832,45984,48118,27881,13680,22046,1
2026-08-27 18:00:05,https://www.bilibili.com/video/BV1mJ64BREZY/?spm_id_from=333.337.search-card.all.click&vd_source=406d0cf895bedbdc58a3d0130d55e34c,9,BV1mJ64BREZY,【杨博文】闭嘴跳舞丨当主舞穿上西装就会得到,Kismet丨杨博文,2026-02-01 18:31:00,622402,35193,4049,25447,8601,448,654,1
2026-08-27 18:00:05,BV1mX8z6NEzz,10,BV1mX8z6NEzz,【4K精剪】管他什么音乐 | 杨博文直拍 | 260816,underthepoplar,2026-08-22 04:21:09,25640,3041,1539,1608,40,47,67,4
2026-08-27 18:00:05,BV1qHbb6QErY,11,BV1qHbb6QErY,杨博文｜260816第肆象限attention<4k精剪>,61strawberry,2026-08-17 06:33:44,20739,1702,434,1164,8,11,16,4
2026-08-27 18:00:05,BV15egs6pEJp,12,BV15egs6pEJp,杨博文｜Whiplash 2机位精剪 直拍 fancam｜4K60｜260813,LOST_杨博文,2026-08-13 23:03:07,103556,8570,1927,6310,63,72,255,3
2026-08-27 18:00:05,BV1rqgW6hEvv,13,BV1rqgW6hEvv,【杨博文｜4k直拍】100Ways 直拍,关键时刻来瓶尖叫,2026-08-14 01:41:46,37487,3760,1503,2725,39,36,226,3
2026-08-27 18:00:05,BV1k9gw6gE4U,14,BV1k9gw6gE4U,「杨博文｜爱的初体验」是不是我的十六岁 注定要为__流泪,Astra_杨博文,2026-08-14 13:49:20,29557,2463,678,1558,24,12,95,2
2026-08-27 18:00:05,BV1c3gF6wERf,15,BV1c3gF6wERf,【杨博文】元气甜度爆表！摇曳4k横屏直拍,游园会_杨博文,2026-08-14 01:43:31,55896,6371,2280,3997,69,55,483,4
2026-08-27 18:30:08,https://www.bilibili.com/video/BV1GdgW6JEe9/?spm_id_from=333.1387.favlist.content.click&vd_source=406d0cf895bedbdc58a3d0130d55e34c,0,BV1GdgW6JEe9,【杨博文｜4k直拍】Whiplash 双日直拍混剪,关键时刻来瓶尖叫,2026-08-13 23:45:41,242344,28919,23108,22084,7036,4753,8281,14
2026-08-27 18:30:08,https://www.bilibili.com/video/BV1W5gs6KEhr/?spm_id_from=333.1387.favlist.content.click&vd_source=406d0cf895bedbdc58a3d0130d55e34c,1,BV1W5gs6KEhr,【4K精剪】异常加载中 | 杨博文直拍 | 260813,underthepoplar,2026-08-13 22:44:57,199312,23893,16005,17742,6321,7415,8711,8
2026-08-27 18:30:08,https://www.bilibili.com/video/BV1VFbd6QEjw/spm_id_from=333.1387.favlist.content.click&vd_source=406d0cf895bedbdc58a3d0130d55e34c,2,BV1VFbd6QEjw,【杨博文｜4k直拍】管他什么音乐 直拍,关键时刻来瓶尖叫,2026-08-16 23:08:52,86753,6078,3593,4707,2685,564,42,1
2026-08-27 18:30:08,https://www.bilibili.com/video/BV1xebR6zEkr/?spm_id_from=333.1387.favlist.content.click&vd_source=406d0cf895bedbdc58a3d0130d55e34c,3,BV1xebR6zEkr,【4K精剪】Attention | 杨博文直拍 | 260816,underthepoplar,2026-08-16 23:54:18,218564,17828,10873,14800,3231,1780,2879,23
2026-08-27 18:30:08,https://www.bilibili.com/video/BV1s3gs6MEej/?spm_id_from=333.1387.favlist.content.click&vd_source=406d0cf895bedbdc58a3d0130d55e34c,4,BV1s3gs6MEej,【杨博文｜4k直拍】爱的初体验 直拍,关键时刻来瓶尖叫,2026-08-13 22:46:37,124514,13085,6849,10027,3483,526,2548,4
2026-08-27 18:30:08,https://www.bilibili.com/video/BV1E2bR6hEJR/?spm_id_from=333.1387.favlist.content.click&vd_source=406d0cf895bedbdc58a3d0130d55e34c,5,BV1E2bR6hEJR,【杨博文】Attention丨直拍横屏丨16岁高中生内娱主舞的舞台掌控力丨8.16双机位4k精剪,Kismet丨杨博文,2026-08-16 22:13:05,288361,30476,14830,21182,4539,10149,12266,67
2026-08-27 18:30:08,https://www.bilibili.com/video/BV1Rib96EE3F/?spm_id_from=333.1387.favlist.content.click&vd_source=406d0cf895bedbdc58a3d0130d55e34c,6,BV1Rib96EE3F,260816 【杨博文】春雪  竖屏4k直拍,meetsummer丨杨博文,2026-08-17 01:54:42,48871,9537,3626,4957,1866,728,752,1
2026-08-27 18:30:08,https://www.bilibili.com/video/BV18jgg6BEAd/?spm_id_from=333.1387.favlist.content.click&vd_source=406d0cf895bedbdc58a3d0130d55e34c,7,BV18jgg6BEAd,【4K精剪】摇曳！摇曳！ | 杨博文直拍 | 260813 & 260814,underthepoplar,2026-08-15 13:26:46,75187,10686,7499,7009,2916,483,1203,6
2026-08-27 18:30:08,https://www.bilibili.com/video/BV1A5vkB2E1k/?spm_id_from=333.1387.favlist.content.click&vd_source=406d0cf895bedbdc58a3d0130d55e34c,8,BV1A5vkB2E1k,【杨博文】Hey Mama六机位纯舞直拍丨15岁舞台统治者的诞生，四代主舞燃炸全场！,Kismet丨杨博文,2025-12-28 22:28:16,2812387,65832,45984,48119,27881,13680,22046,1
2026-08-27 18:30:08,https://www.bilibili.com/video/BV1mJ64BREZY/?spm_id_from=333.337.search-card.all.click&vd_source=406d0cf895bedbdc58a3d0130d55e34c,9,BV1mJ64BREZY,【杨博文】闭嘴跳舞丨当主舞穿上西装就会得到,Kismet丨杨博文,2026-02-01 18:31:00,622402,35193,4049,25446,8601,448,654,1
2026-08-27 18:30:08,BV1mX8z6NEzz,10,BV1mX8z6NEzz,【4K精剪】管他什么音乐 | 杨博文直拍 | 260816,underthepoplar,2026-08-22 04:21:09,25833,3048,1544,1612,40,47,67,5
2026-08-27 18:30:08,BV1qHbb6QErY,11,BV1qHbb6QErY,杨博文｜260816第肆象限attention<4k精剪>,61strawberry,2026-08-17 06:33:44,20902,1704,434,1165,8,11,16,3
2026-08-27 18:30:08,BV15egs6pEJp,12,BV15egs6pEJp,杨博文｜Whiplash 2机位精剪 直拍 fancam｜4K60｜260813,LOST_杨博文,2026-08-13 23:03:07,103725,8572,1927,6310,63,72,255,3
2026-08-27 18:30:08,BV1rqgW6hEvv,13,BV1rqgW6hEvv,【杨博文｜4k直拍】100Ways 直拍,关键时刻来瓶尖叫,2026-08-14 01:41:46,37644,3760,1503,2725,39,36,226,2
2026-08-27 18:30:08,BV1k9gw6gE4U,14,BV1k9gw6gE4U,「杨博文｜爱的初体验」是不是我的十六岁 注定要为__流泪,Astra_杨博文,2026-08-14 13:49:20,29713,2465,678,1559,24,12,95,1
2026-08-27 18:30:08,BV1c3gF6wERf,15,BV1c3gF6wERf,【杨博文】元气甜度爆表！摇曳4k横屏直拍,游园会_杨博文,2026-08-14 01:43:31,56065,6379,2282,4002,69,55,483,7
2026-08-27 19:00:01,https://www.bilibili.com/video/BV1GdgW6JEe9/?spm_id_from=333.1387.favlist.content.click&vd_source=406d0cf895bedbdc58a3d0130d55e34c,0,BV1GdgW6JEe9,【杨博文｜4k直拍】Whiplash 双日直拍混剪,关键时刻来瓶尖叫,2026-08-13 23:45:41,242605,28925,23108,22086,7036,4753,8282,19
2026-08-27 19:00:01,https://www.bilibili.com/video/BV1W5gs6KEhr/?spm_id_from=333.1387.favlist.content.click&vd_source=406d0cf895bedbdc58a3d0130d55e34c,1,BV1W5gs6KEhr,【4K精剪】异常加载中 | 杨博文直拍 | 260813,underthepoplar,2026-08-13 22:44:57,199501,23899,16005,17744,6321,7415,8711,15
2026-08-27 19:00:01,https://www.bilibili.com/video/BV1VFbd6QEjw/spm_id_from=333.1387.favlist.content.click&vd_source=406d0cf895bedbdc58a3d0130d55e34c,2,BV1VFbd6QEjw,【杨博文｜4k直拍】管他什么音乐 直拍,关键时刻来瓶尖叫,2026-08-16 23:08:52,86765,6079,3593,4707,2685,564,42,3
2026-08-27 19:00:01,https://www.bilibili.com/video/BV1xebR6zEkr/?spm_id_from=333.1387.favlist.content.click&vd_source=406d0cf895bedbdc58a3d0130d55e34c,3,BV1xebR6zEkr,【4K精剪】Attention | 杨博文直拍 | 260816,underthepoplar,2026-08-16 23:54:18,218832,17836,10878,14809,3233,1780,2879,16
2026-08-27 19:00:01,https://www.bilibili.com/video/BV1s3gs6MEej/?spm_id_from=333.1387.favlist.content.click&vd_source=406d0cf895bedbdc58a3d0130d55e34c,4,BV1s3gs6MEej,【杨博文｜4k直拍】爱的初体验 直拍,关键时刻来瓶尖叫,2026-08-13 22:46:37,124560,13089,6850,10030,3483,526,2549,4
2026-08-27 19:00:01,https://www.bilibili.com/video/BV1E2bR6hEJR/?spm_id_from=333.1387.favlist.content.click&vd_source=406d0cf895bedbdc58a3d0130d55e34c,5,BV1E2bR6hEJR,【杨博文】Attention丨直拍横屏丨16岁高中生内娱主舞的舞台掌控力丨8.16双机位4k精剪,Kismet丨杨博文,2026-08-16 22:13:05,288700,30487,14834,21189,4539,10149,12271,68
2026-08-27 19:00:01,https://www.bilibili.com/video/BV1Rib96EE3F/?spm_id_from=333.1387.favlist.content.click&vd_source=406d0cf895bedbdc58a3d0130d55e34c,6,BV1Rib96EE3F,260816 【杨博文】春雪  竖屏4k直拍,meetsummer丨杨博文,2026-08-17 01:54:42,48893,9540,3626,4957,1867,728,752,4
2026-08-27 19:00:01,https://www.bilibili.com/video/BV18jgg6BEAd/?spm_id_from=333.1387.favlist.content.click&vd_source=406d0cf895bedbdc58a3d0130d55e34c,7,BV18jgg6BEAd,【4K精剪】摇曳！摇曳！ | 杨博文直拍 | 260813 & 260814,underthepoplar,2026-08-15 13:26:46,75251,10693,7499,7012,2916,483,1203,4
2026-08-27 19:00:01,https://www.bilibili.com/video/BV1A5vkB2E1k/?spm_id_from=333.1387.favlist.content.click&vd_source=406d0cf895bedbdc58a3d0130d55e34c,8,BV1A5vkB2E1k,【杨博文】Hey Mama六机位纯舞直拍丨15岁舞台统治者的诞生，四代主舞燃炸全场！,Kismet丨杨博文,2025-12-28 22:28:16,2812417,65833,45984,48119,27882,13680,22046,1
2026-08-27 19:00:01,https://www.bilibili.com/video/BV1mJ64BREZY/?spm_id_from=333.337.search-card.all.click&vd_source=406d0cf895bedbdc58a3d0130d55e34c,9,BV1mJ64BREZY,【杨博文】闭嘴跳舞丨当主舞穿上西装就会得到,Kismet丨杨博文,2026-02-01 18:31:00,622408,35193,4049,25446,8601,448,654,1
2026-08-27 19:00:01,BV1mX8z6NEzz,10,BV1mX8z6NEzz,【4K精剪】管他什么音乐 | 杨博文直拍 | 260816,underthepoplar,2026-08-22 04:21:09,26044,3054,1544,1617,40,47,67,2
2026-08-27 19:00:01,BV1qHbb6QErY,11,BV1qHbb6QErY,杨博文｜260816第肆象限attention<4k精剪>,61strawberry,2026-08-17 06:33:44,21080,1706,434,1165,8,11,16,6
2026-08-27 19:00:01,BV15egs6pEJp,12,BV15egs6pEJp,杨博文｜Whiplash 2机位精剪 直拍 fancam｜4K60｜260813,LOST_杨博文,2026-08-13 23:03:07,103914,8575,1927,6312,63,73,255,3
2026-08-27 19:00:01,BV1rqgW6hEvv,13,BV1rqgW6hEvv,【杨博文｜4k直拍】100Ways 直拍,关键时刻来瓶尖叫,2026-08-14 01:41:46,37818,3762,1503,2726,39,36,226,1
2026-08-27 19:00:01,BV1k9gw6gE4U,14,BV1k9gw6gE4U,「杨博文｜爱的初体验」是不是我的十六岁 注定要为__流泪,Astra_杨博文,2026-08-14 13:49:20,29894,2468,678,1560,24,12,95,5
2026-08-27 19:00:01,BV1c3gF6wERf,15,BV1c3gF6wERf,【杨博文】元气甜度爆表！摇曳4k横屏直拍,游园会_杨博文,2026-08-14 01:43:31,56264,6382,2282,4003,69,55,483,4
2026-08-27 19:30:03,https://www.bilibili.com/video/BV1GdgW6JEe9/?spm_id_from=333.1387.favlist.content.click&vd_source=406d0cf895bedbdc58a3d0130d55e34c,0,BV1GdgW6JEe9,【杨博文｜4k直拍】Whiplash 双日直拍混剪,关键时刻来瓶尖叫,2026-08-13 23:45:41,242850,28932,23108,22087,7036,4753,8282,11
2026-08-27 19:30:03,https://www.bilibili.com/video/BV1W5gs6KEhr/?spm_id_from=333.1387.favlist.content.click&vd_source=406d0cf895bedbdc58a3d0130d55e34c,1,BV1W5gs6KEhr,【4K精剪】异常加载中 | 杨博文直拍 | 260813,underthepoplar,2026-08-13 22:44:57,199674,23902,16005,17748,6322,7415,8711,10
2026-08-27 19:30:03,https://www.bilibili.com/video/BV1VFbd6QEjw/spm_id_from=333.1387.favlist.content.click&vd_source=406d0cf895bedbdc58a3d0130d55e34c,2,BV1VFbd6QEjw,【杨博文｜4k直拍】管他什么音乐 直拍,关键时刻来瓶尖叫,2026-08-16 23:08:52,86777,6080,3593,4708,2685,564,42,1
2026-08-27 19:30:03,https://www.bilibili.com/video/BV1xebR6zEkr/?spm_id_from=333.1387.favlist.content.click&vd_source=406d0cf895bedbdc58a3d0130d55e34c,3,BV1xebR6zEkr,【4K精剪】Attention | 杨博文直拍 | 260816,underthepoplar,2026-08-16 23:54:18,219113,17841,10878,14814,3234,1780,2879,17
2026-08-27 19:30:03,https://www.bilibili.com/video/BV1s3gs6MEej/?spm_id_from=333.1387.favlist.content.click&vd_source=406d0cf895bedbdc58a3d0130d55e34c,4,BV1s3gs6MEej,【杨博文｜4k直拍】爱的初体验 直拍,关键时刻来瓶尖叫,2026-08-13 22:46:37,124613,13091,6850,10035,3484,527,2549,5
2026-08-27 19:30:03,https://www.bilibili.com/video/BV1E2bR6hEJR/?spm_id_from=333.1387.favlist.content.click&vd_source=406d0cf895bedbdc58a3d0130d55e34c,5,BV1E2bR6hEJR,【杨博文】Attention丨直拍横屏丨16岁高中生内娱主舞的舞台掌控力丨8.16双机位4k精剪,Kismet丨杨博文,2026-08-16 22:13:05,289064,30513,14834,21207,4540,10149,12273,71
2026-08-27 19:30:03,https://www.bilibili.com/video/BV1Rib96EE3F/?spm_id_from=333.1387.favlist.content.click&vd_source=406d0cf895bedbdc58a3d0130d55e34c,6,BV1Rib96EE3F,260816 【杨博文】春雪  竖屏4k直拍,meetsummer丨杨博文,2026-08-17 01:54:42,48911,9545,3626,4958,1867,728,752,2
2026-08-27 19:30:03,https://www.bilibili.com/video/BV18jgg6BEAd/?spm_id_from=333.1387.favlist.content.click&vd_source=406d0cf895bedbdc58a3d0130d55e34c,7,BV18jgg6BEAd,【4K精剪】摇曳！摇曳！ | 杨博文直拍 | 260813 & 260814,underthepoplar,2026-08-15 13:26:46,75312,10696,7499,7013,2916,483,1204,7
2026-08-27 19:30:03,https://www.bilibili.com/video/BV1A5vkB2E1k/?spm_id_from=333.1387.favlist.content.click&vd_source=406d0cf895bedbdc58a3d0130d55e34c,8,BV1A5vkB2E1k,【杨博文】Hey Mama六机位纯舞直拍丨15岁舞台统治者的诞生，四代主舞燃炸全场！,Kismet丨杨博文,2025-12-28 22:28:16,2812445,65835,45984,48120,27883,13680,22046,1
2026-08-27 19:30:03,https://www.bilibili.com/video/BV1mJ64BREZY/?spm_id_from=333.337.search-card.all.click&vd_source=406d0cf895bedbdc58a3d0130d55e34c,9,BV1mJ64BREZY,【杨博文】闭嘴跳舞丨当主舞穿上西装就会得到,Kismet丨杨博文,2026-02-01 18:31:00,622411,35194,4049,25446,8601,448,654,1
2026-08-27 19:30:03,BV1mX8z6NEzz,10,BV1mX8z6NEzz,【4K精剪】管他什么音乐 | 杨博文直拍 | 260816,underthepoplar,2026-08-22 04:21:09,26251,3063,1548,1625,40,47,67,3
2026-08-27 19:30:03,BV1qHbb6QErY,11,BV1qHbb6QErY,杨博文｜260816第肆象限attention<4k精剪>,61strawberry,2026-08-17 06:33:44,21255,1707,434,1166,8,11,16,4
2026-08-27 19:30:03,BV15egs6pEJp,12,BV15egs6pEJp,杨博文｜Whiplash 2机位精剪 直拍 fancam｜4K60｜260813,LOST_杨博文,2026-08-13 23:03:07,104087,8579,1927,6313,63,71,263,2
2026-08-27 19:30:03,BV1rqgW6hEvv,13,BV1rqgW6hEvv,【杨博文｜4k直拍】100Ways 直拍,关键时刻来瓶尖叫,2026-08-14 01:41:46,37982,3764,1503,2727,39,36,226,1
2026-08-27 19:30:03,BV1k9gw6gE4U,14,BV1k9gw6gE4U,「杨博文｜爱的初体验」是不是我的十六岁 注定要为__流泪,Astra_杨博文,2026-08-14 13:49:20,30054,2468,678,1560,24,12,95,3
2026-08-27 19:30:03,BV1c3gF6wERf,15,BV1c3gF6wERf,【杨博文】元气甜度爆表！摇曳4k横屏直拍,游园会_杨博文,2026-08-14 01:43:31,56444,6387,2282,4006,69,55,483,4
2026-08-27 19:50:05,https://www.bilibili.com/video/BV1GdgW6JEe9/?spm_id_from=333.1387.favlist.content.click&vd_source=406d0cf895bedbdc58a3d0130d55e34c,0,BV1GdgW6JEe9,【杨博文｜4k直拍】Whiplash 双日直拍混剪,关键时刻来瓶尖叫,2026-08-13 23:45:41,243009,28942,23112,22095,7036,4753,8291,10
2026-08-27 19:50:05,https://www.bilibili.com/video/BV1W5gs6KEhr/?spm_id_from=333.1387.favlist.content.click&vd_source=406d0cf895bedbdc58a3d0130d55e34c,1,BV1W5gs6KEhr,【4K精剪】异常加载中 | 杨博文直拍 | 260813,underthepoplar,2026-08-13 22:44:57,199802,23906,16005,17750,6322,7415,8711,21
2026-08-27 19:50:05,https://www.bilibili.com/video/BV1VFbd6QEjw/spm_id_from=333.1387.favlist.content.click&vd_source=406d0cf895bedbdc58a3d0130d55e34c,2,BV1VFbd6QEjw,【杨博文｜4k直拍】管他什么音乐 直拍,关键时刻来瓶尖叫,2026-08-16 23:08:52,86784,6080,3593,4708,2685,564,42,1
2026-08-27 19:50:05,https://www.bilibili.com/video/BV1xebR6zEkr/?spm_id_from=333.1387.favlist.content.click&vd_source=406d0cf895bedbdc58a3d0130d55e34c,3,BV1xebR6zEkr,【4K精剪】Attention | 杨博文直拍 | 260816,underthepoplar,2026-08-16 23:54:18,219287,17850,10882,14819,3234,1780,2879,15
2026-08-27 19:50:05,https://www.bilibili.com/video/BV1s3gs6MEej/?spm_id_from=333.1387.favlist.content.click&vd_source=406d0cf895bedbdc58a3d0130d55e34c,4,BV1s3gs6MEej,【杨博文｜4k直拍】爱的初体验 直拍,关键时刻来瓶尖叫,2026-08-13 22:46:37,124645,13097,6850,10038,3484,527,2549,5
2026-08-27 19:50:05,https://www.bilibili.com/video/BV1E2bR6hEJR/?spm_id_from=333.1387.favlist.content.click&vd_source=406d0cf895bedbdc58a3d0130d55e34c,5,BV1E2bR6hEJR,【杨博文】Attention丨直拍横屏丨16岁高中生内娱主舞的舞台掌控力丨8.16双机位4k精剪,Kismet丨杨博文,2026-08-16 22:13:05,289262,30525,14839,21213,4540,10149,12282,71
2026-08-27 19:50:05,https://www.bilibili.com/video/BV1Rib96EE3F/?spm_id_from=333.1387.favlist.content.click&vd_source=406d0cf895bedbdc58a3d0130d55e34c,6,BV1Rib96EE3F,260816 【杨博文】春雪  竖屏4k直拍,meetsummer丨杨博文,2026-08-17 01:54:42,48918,9548,3626,4958,1867,728,752,2
2026-08-27 19:50:05,https://www.bilibili.com/video/BV18jgg6BEAd/?spm_id_from=333.1387.favlist.content.click&vd_source=406d0cf895bedbdc58a3d0130d55e34c,7,BV18jgg6BEAd,【4K精剪】摇曳！摇曳！ | 杨博文直拍 | 260813 & 260814,underthepoplar,2026-08-15 13:26:46,75362,10703,7501,7014,2916,484,1206,5
2026-08-27 19:50:05,https://www.bilibili.com/video/BV1A5vkB2E1k/?spm_id_from=333.1387.favlist.content.click&vd_source=406d0cf895bedbdc58a3d0130d55e34c,8,BV1A5vkB2E1k,【杨博文】Hey Mama六机位纯舞直拍丨15岁舞台统治者的诞生，四代主舞燃炸全场！,Kismet丨杨博文,2025-12-28 22:28:16,2812461,65835,45986,48122,27883,13680,22046,1
2026-08-27 19:50:05,https://www.bilibili.com/video/BV1mJ64BREZY/?spm_id_from=333.337.search-card.all.click&vd_source=406d0cf895bedbdc58a3d0130d55e34c,9,BV1mJ64BREZY,【杨博文】闭嘴跳舞丨当主舞穿上西装就会得到,Kismet丨杨博文,2026-02-01 18:31:00,622411,35195,4049,25446,8601,448,654,1
2026-08-27 19:50:05,BV1mX8z6NEzz,10,BV1mX8z6NEzz,【4K精剪】管他什么音乐 | 杨博文直拍 | 260816,underthepoplar,2026-08-22 04:21:09,26398,3066,1548,1627,40,47,67,2
2026-08-27 19:50:05,BV1qHbb6QErY,11,BV1qHbb6QErY,杨博文｜260816第肆象限attention<4k精剪>,61strawberry,2026-08-17 06:33:44,21389,1708,435,1166,8,11,16,4
2026-08-27 19:50:05,BV15egs6pEJp,12,BV15egs6pEJp,杨博文｜Whiplash 2机位精剪 直拍 fancam｜4K60｜260813,LOST_杨博文,2026-08-13 23:03:07,104206,8582,1927,6313,63,71,263,4
2026-08-27 19:50:05,BV1rqgW6hEvv,13,BV1rqgW6hEvv,【杨博文｜4k直拍】100Ways 直拍,关键时刻来瓶尖叫,2026-08-14 01:41:46,38103,3764,1503,2727,39,36,226,3
2026-08-27 19:50:05,BV1k9gw6gE4U,14,BV1k9gw6gE4U,「杨博文｜爱的初体验」是不是我的十六岁 注定要为__流泪,Astra_杨博文,2026-08-14 13:49:20,30182,2468,678,1560,24,12,95,3
2026-08-27 19:50:05,BV1c3gF6wERf,15,BV1c3gF6wERf,【杨博文】元气甜度爆表！摇曳4k横屏直拍,游园会_杨博文,2026-08-14 01:43:31,56575,6390,2282,4009,69,55,483,4
2026-08-27 20:00:07,https://www.bilibili.com/video/BV1GdgW6JEe9/?spm_id_from=333.1387.favlist.content.click&vd_source=406d0cf895bedbdc58a3d0130d55e34c,0,BV1GdgW6JEe9,【杨博文｜4k直拍】Whiplash 双日直拍混剪,关键时刻来瓶尖叫,2026-08-13 23:45:41,243088,28943,23114,22096,7036,4753,8291,12
2026-08-27 20:00:07,https://www.bilibili.com/video/BV1W5gs6KEhr/?spm_id_from=333.1387.favlist.content.click&vd_source=406d0cf895bedbdc58a3d0130d55e34c,1,BV1W5gs6KEhr,【4K精剪】异常加载中 | 杨博文直拍 | 260813,underthepoplar,2026-08-13 22:44:57,199875,23913,16007,17752,6322,7415,8715,13
2026-08-27 20:00:07,https://www.bilibili.com/video/BV1VFbd6QEjw/spm_id_from=333.1387.favlist.content.click&vd_source=406d0cf895bedbdc58a3d0130d55e34c,2,BV1VFbd6QEjw,【杨博文｜4k直拍】管他什么音乐 直拍,关键时刻来瓶尖叫,2026-08-16 23:08:52,86788,6080,3593,4708,2685,564,42,1
2026-08-27 20:00:07,https://www.bilibili.com/video/BV1xebR6zEkr/?spm_id_from=333.1387.favlist.content.click&vd_source=406d0cf895bedbdc58a3d0130d55e34c,3,BV1xebR6zEkr,【4K精剪】Attention | 杨博文直拍 | 260816,underthepoplar,2026-08-16 23:54:18,219383,17855,10884,14822,3235,1781,2879,19
2026-08-27 20:00:07,https://www.bilibili.com/video/BV1s3gs6MEej/?spm_id_from=333.1387.favlist.content.click&vd_source=406d0cf895bedbdc58a3d0130d55e34c,4,BV1s3gs6MEej,【杨博文｜4k直拍】爱的初体验 直拍,关键时刻来瓶尖叫,2026-08-13 22:46:37,124656,13097,6850,10037,3484,527,2549,4
2026-08-27 20:00:07,https://www.bilibili.com/video/BV1E2bR6hEJR/?spm_id_from=333.1387.favlist.content.click&vd_source=406d0cf895bedbdc58a3d0130d55e34c,5,BV1E2bR6hEJR,【杨博文】Attention丨直拍横屏丨16岁高中生内娱主舞的舞台掌控力丨8.16双机位4k精剪,Kismet丨杨博文,2026-08-16 22:13:05,289376,30531,14842,21216,4541,10152,12283,68
2026-08-27 20:00:07,https://www.bilibili.com/video/BV1Rib96EE3F/?spm_id_from=333.1387.favlist.content.click&vd_source=406d0cf895bedbdc58a3d0130d55e34c,6,BV1Rib96EE3F,260816 【杨博文】春雪  竖屏4k直拍,meetsummer丨杨博文,2026-08-17 01:54:42,48928,9551,3626,4959,1867,728,752,1
2026-08-27 20:00:07,https://www.bilibili.com/video/BV18jgg6BEAd/?spm_id_from=333.1387.favlist.content.click&vd_source=406d0cf895bedbdc58a3d0130d55e34c,7,BV18jgg6BEAd,【4K精剪】摇曳！摇曳！ | 杨博文直拍 | 260813 & 260814,underthepoplar,2026-08-15 13:26:46,75381,10706,7503,7014,2916,484,1207,6
2026-08-27 20:00:07,https://www.bilibili.com/video/BV1A5vkB2E1k/?spm_id_from=333.1387.favlist.content.click&vd_source=406d0cf895bedbdc58a3d0130d55e34c,8,BV1A5vkB2E1k,【杨博文】Hey Mama六机位纯舞直拍丨15岁舞台统治者的诞生，四代主舞燃炸全场！,Kismet丨杨博文,2025-12-28 22:28:16,2812468,65835,45986,48122,27883,13680,22046,1
2026-08-27 20:00:07,https://www.bilibili.com/video/BV1mJ64BREZY/?spm_id_from=333.337.search-card.all.click&vd_source=406d0cf895bedbdc58a3d0130d55e34c,9,BV1mJ64BREZY,【杨博文】闭嘴跳舞丨当主舞穿上西装就会得到,Kismet丨杨博文,2026-02-01 18:31:00,622412,35195,4049,25446,8601,448,654,1
2026-08-27 20:00:07,BV1mX8z6NEzz,10,BV1mX8z6NEzz,【4K精剪】管他什么音乐 | 杨博文直拍 | 260816,underthepoplar,2026-08-22 04:21:09,26470,3067,1550,1628,40,47,67,7
2026-08-27 20:00:07,BV1qHbb6QErY,11,BV1qHbb6QErY,杨博文｜260816第肆象限attention<4k精剪>,61strawberry,2026-08-17 06:33:44,21452,1710,435,1167,8,11,16,6
2026-08-27 20:00:07,BV15egs6pEJp,12,BV15egs6pEJp,杨博文｜Whiplash 2机位精剪 直拍 fancam｜4K60｜260813,LOST_杨博文,2026-08-13 23:03:07,104270,8583,1929,6314,63,71,263,3
2026-08-27 20:00:07,BV1rqgW6hEvv,13,BV1rqgW6hEvv,【杨博文｜4k直拍】100Ways 直拍,关键时刻来瓶尖叫,2026-08-14 01:41:46,38166,3764,1503,2727,39,36,226,5
2026-08-27 20:00:07,BV1k9gw6gE4U,14,BV1k9gw6gE4U,「杨博文｜爱的初体验」是不是我的十六岁 注定要为__流泪,Astra_杨博文,2026-08-14 13:49:20,30238,2468,678,1559,24,12,95,8
2026-08-27 20:00:07,BV1c3gF6wERf,15,BV1c3gF6wERf,【杨博文】元气甜度爆表！摇曳4k横屏直拍,游园会_杨博文,2026-08-14 01:43:31,56652,6394,2282,4011,69,55,483,6
2026-08-27 20:30:00,https://www.bilibili.com/video/BV1GdgW6JEe9/?spm_id_from=333.1387.favlist.content.click&vd_source=406d0cf895bedbdc58a3d0130d55e34c,0,BV1GdgW6JEe9,【杨博文｜4k直拍】Whiplash 双日直拍混剪,关键时刻来瓶尖叫,2026-08-13 23:45:41,243340,28954,23117,22104,7038,4753,8291,12
2026-08-27 20:30:00,https://www.bilibili.com/video/BV1W5gs6KEhr/?spm_id_from=333.1387.favlist.content.click&vd_source=406d0cf895bedbdc58a3d0130d55e34c,1,BV1W5gs6KEhr,【4K精剪】异常加载中 | 杨博文直拍 | 260813,underthepoplar,2026-08-13 22:44:57,200051,23917,16010,17755,6323,7415,8715,14
2026-08-27 20:30:00,https://www.bilibili.com/video/BV1VFbd6QEjw/spm_id_from=333.1387.favlist.content.click&vd_source=406d0cf895bedbdc58a3d0130d55e34c,2,BV1VFbd6QEjw,【杨博文｜4k直拍】管他什么音乐 直拍,关键时刻来瓶尖叫,2026-08-16 23:08:52,86804,6081,3593,4709,2685,564,42,1
2026-08-27 20:30:00,https://www.bilibili.com/video/BV1xebR6zEkr/?spm_id_from=333.1387.favlist.content.click&vd_source=406d0cf895bedbdc58a3d0130d55e34c,3,BV1xebR6zEkr,【4K精剪】Attention | 杨博文直拍 | 260816,underthepoplar,2026-08-16 23:54:18,219664,17868,10894,14832,3236,1781,2881,16
2026-08-27 20:30:00,https://www.bilibili.com/video/BV1s3gs6MEej/?spm_id_from=333.1387.favlist.content.click&vd_source=406d0cf895bedbdc58a3d0130d55e34c,4,BV1s3gs6MEej,【杨博文｜4k直拍】爱的初体验 直拍,关键时刻来瓶尖叫,2026-08-13 22:46:37,124707,13101,6850,10039,3484,527,2549,9
2026-08-27 20:30:00,https://www.bilibili.com/video/BV1E2bR6hEJR/?spm_id_from=333.1387.favlist.content.click&vd_source=406d0cf895bedbdc58a3d0130d55e34c,5,BV1E2bR6hEJR,【杨博文】Attention丨直拍横屏丨16岁高中生内娱主舞的舞台掌控力丨8.16双机位4k精剪,Kismet丨杨博文,2026-08-16 22:13:05,289729,30550,14846,21226,4544,10155,12287,72
2026-08-27 20:30:00,https://www.bilibili.com/video/BV1Rib96EE3F/?spm_id_from=333.1387.favlist.content.click&vd_source=406d0cf895bedbdc58a3d0130d55e34c,6,BV1Rib96EE3F,260816 【杨博文】春雪  竖屏4k直拍,meetsummer丨杨博文,2026-08-17 01:54:42,48943,9556,3626,4960,1867,729,752,1
2026-08-27 20:30:00,https://www.bilibili.com/video/BV18jgg6BEAd/?spm_id_from=333.1387.favlist.content.click&vd_source=406d0cf895bedbdc58a3d0130d55e34c,7,BV18jgg6BEAd,【4K精剪】摇曳！摇曳！ | 杨博文直拍 | 260813 & 260814,underthepoplar,2026-08-15 13:26:46,75447,10717,7509,7019,2916,484,1210,9
2026-08-27 20:30:00,https://www.bilibili.com/video/BV1A5vkB2E1k/?spm_id_from=333.1387.favlist.content.click&vd_source=406d0cf895bedbdc58a3d0130d55e34c,8,BV1A5vkB2E1k,【杨博文】Hey Mama六机位纯舞直拍丨15岁舞台统治者的诞生，四代主舞燃炸全场！,Kismet丨杨博文,2025-12-28 22:28:16,2812499,65839,45988,48126,27884,13680,22046,1
2026-08-27 20:30:00,https://www.bilibili.com/video/BV1mJ64BREZY/?spm_id_from=333.337.search-card.all.click&vd_source=406d0cf895bedbdc58a3d0130d55e34c,9,BV1mJ64BREZY,【杨博文】闭嘴跳舞丨当主舞穿上西装就会得到,Kismet丨杨博文,2026-02-01 18:31:00,622418,35195,4049,25446,8601,448,654,1
2026-08-27 20:30:00,BV1mX8z6NEzz,10,BV1mX8z6NEzz,【4K精剪】管他什么音乐 | 杨博文直拍 | 260816,underthepoplar,2026-08-22 04:21:09,26694,3076,1554,1635,41,47,67,1
2026-08-27 20:30:00,BV1qHbb6QErY,11,BV1qHbb6QErY,杨博文｜260816第肆象限attention<4k精剪>,61strawberry,2026-08-17 06:33:44,21630,1711,437,1168,8,11,16,3
2026-08-27 20:30:00,BV15egs6pEJp,12,BV15egs6pEJp,杨博文｜Whiplash 2机位精剪 直拍 fancam｜4K60｜260813,LOST_杨博文,2026-08-13 23:03:07,104463,8587,1931,6315,63,71,263,3
2026-08-27 20:30:00,BV1rqgW6hEvv,13,BV1rqgW6hEvv,【杨博文｜4k直拍】100Ways 直拍,关键时刻来瓶尖叫,2026-08-14 01:41:46,38351,3767,1506,2730,40,36,226,4
2026-08-27 20:30:00,BV1k9gw6gE4U,14,BV1k9gw6gE4U,「杨博文｜爱的初体验」是不是我的十六岁 注定要为__流泪,Astra_杨博文,2026-08-14 13:49:20,30416,2469,680,1560,24,12,95,2
2026-08-27 20:30:00,BV1c3gF6wERf,15,BV1c3gF6wERf,【杨博文】元气甜度爆表！摇曳4k横屏直拍,游园会_杨博文,2026-08-14 01:43:31,56858,6400,2284,4016,69,55,483,3
2026-08-27 21:00:03,https://www.bilibili.com/video/BV1GdgW6JEe9/?spm_id_from=333.1387.favlist.content.click&vd_source=406d0cf895bedbdc58a3d0130d55e34c,0,BV1GdgW6JEe9,【杨博文｜4k直拍】Whiplash 双日直拍混剪,关键时刻来瓶尖叫,2026-08-13 23:45:41,243569,28965,23123,22110,7038,4753,8292,18
2026-08-27 21:00:03,https://www.bilibili.com/video/BV1W5gs6KEhr/?spm_id_from=333.1387.favlist.content.click&vd_source=406d0cf895bedbdc58a3d0130d55e34c,1,BV1W5gs6KEhr,【4K精剪】异常加载中 | 杨博文直拍 | 260813,underthepoplar,2026-08-13 22:44:57,200221,23930,16017,17762,6323,7415,8720,11
2026-08-27 21:00:03,https://www.bilibili.com/video/BV1VFbd6QEjw/spm_id_from=333.1387.favlist.content.click&vd_source=406d0cf895bedbdc58a3d0130d55e34c,2,BV1VFbd6QEjw,【杨博文｜4k直拍】管他什么音乐 直拍,关键时刻来瓶尖叫,2026-08-16 23:08:52,86815,6082,3593,4708,2685,564,42,1
2026-08-27 21:00:03,https://www.bilibili.com/video/BV1xebR6zEkr/?spm_id_from=333.1387.favlist.content.click&vd_source=406d0cf895bedbdc58a3d0130d55e34c,3,BV1xebR6zEkr,【4K精剪】Attention | 杨博文直拍 | 260816,underthepoplar,2026-08-16 23:54:18,219936,17885,10901,14843,3236,1781,2881,8
2026-08-27 21:00:03,https://www.bilibili.com/video/BV1s3gs6MEej/?spm_id_from=333.1387.favlist.content.click&vd_source=406d0cf895bedbdc58a3d0130d55e34c,4,BV1s3gs6MEej,【杨博文｜4k直拍】爱的初体验 直拍,关键时刻来瓶尖叫,2026-08-13 22:46:37,124771,13104,6852,10039,3484,527,2549,4
2026-08-27 21:00:03,https://www.bilibili.com/video/BV1E2bR6hEJR/?spm_id_from=333.1387.favlist.content.click&vd_source=406d0cf895bedbdc58a3d0130d55e34c,5,BV1E2bR6hEJR,【杨博文】Attention丨直拍横屏丨16岁高中生内娱主舞的舞台掌控力丨8.16双机位4k精剪,Kismet丨杨博文,2026-08-16 22:13:05,290090,30567,14848,21236,4544,10155,12290,73
2026-08-27 21:00:03,https://www.bilibili.com/video/BV1Rib96EE3F/?spm_id_from=333.1387.favlist.content.click&vd_source=406d0cf895bedbdc58a3d0130d55e34c,6,BV1Rib96EE3F,260816 【杨博文】春雪  竖屏4k直拍,meetsummer丨杨博文,2026-08-17 01:54:42,48962,9562,3632,4963,1867,729,752,3
2026-08-27 21:00:03,https://www.bilibili.com/video/BV18jgg6BEAd/?spm_id_from=333.1387.favlist.content.click&vd_source=406d0cf895bedbdc58a3d0130d55e34c,7,BV18jgg6BEAd,【4K精剪】摇曳！摇曳！ | 杨博文直拍 | 260813 & 260814,underthepoplar,2026-08-15 13:26:46,75527,10726,7517,7026,2919,484,1212,7
2026-08-27 21:00:03,https://www.bilibili.com/video/BV1A5vkB2E1k/?spm_id_from=333.1387.favlist.content.click&vd_source=406d0cf895bedbdc58a3d0130d55e34c,8,BV1A5vkB2E1k,【杨博文】Hey Mama六机位纯舞直拍丨15岁舞台统治者的诞生，四代主舞燃炸全场！,Kismet丨杨博文,2025-12-28 22:28:16,2812534,65843,45989,48125,27884,13680,22046,2
2026-08-27 21:00:03,https://www.bilibili.com/video/BV1mJ64BREZY/?spm_id_from=333.337.search-card.all.click&vd_source=406d0cf895bedbdc58a3d0130d55e34c,9,BV1mJ64BREZY,【杨博文】闭嘴跳舞丨当主舞穿上西装就会得到,Kismet丨杨博文,2026-02-01 18:31:00,622420,35195,4049,25445,8601,448,654,1
2026-08-27 21:00:03,BV1mX8z6NEzz,10,BV1mX8z6NEzz,【4K精剪】管他什么音乐 | 杨博文直拍 | 260816,underthepoplar,2026-08-22 04:21:09,26904,3082,1558,1638,41,47,67,5
2026-08-27 21:00:03,BV1qHbb6QErY,11,BV1qHbb6QErY,杨博文｜260816第肆象限attention<4k精剪>,61strawberry,2026-08-17 06:33:44,21793,1715,439,1170,8,11,16,5
2026-08-27 21:00:03,BV15egs6pEJp,12,BV15egs6pEJp,杨博文｜Whiplash 2机位精剪 直拍 fancam｜4K60｜260813,LOST_杨博文,2026-08-13 23:03:07,104653,8596,1935,6318,63,71,263,1
2026-08-27 21:00:03,BV1rqgW6hEvv,13,BV1rqgW6hEvv,【杨博文｜4k直拍】100Ways 直拍,关键时刻来瓶尖叫,2026-08-14 01:41:46,38519,3769,1510,2731,40,36,226,2
2026-08-27 21:00:03,BV1k9gw6gE4U,14,BV1k9gw6gE4U,「杨博文｜爱的初体验」是不是我的十六岁 注定要为__流泪,Astra_杨博文,2026-08-14 13:49:20,30575,2469,680,1560,24,12,95,3
2026-08-27 21:00:03,BV1c3gF6wERf,15,BV1c3gF6wERf,【杨博文】元气甜度爆表！摇曳4k横屏直拍,游园会_杨博文,2026-08-14 01:43:31,57057,6407,2285,4019,69,55,483,4
2026-08-27 21:30:06,https://www.bilibili.com/video/BV1GdgW6JEe9/?spm_id_from=333.1387.favlist.content.click&vd_source=406d0cf895bedbdc58a3d0130d55e34c,0,BV1GdgW6JEe9,【杨博文｜4k直拍】Whiplash 双日直拍混剪,关键时刻来瓶尖叫,2026-08-13 23:45:41,243783,28971,23123,22110,7038,4753,8295,12
2026-08-27 21:30:06,https://www.bilibili.com/video/BV1W5gs6KEhr/?spm_id_from=333.1387.favlist.content.click&vd_source=406d0cf895bedbdc58a3d0130d55e34c,1,BV1W5gs6KEhr,【4K精剪】异常加载中 | 杨博文直拍 | 260813,underthepoplar,2026-08-13 22:44:57,200375,23940,16019,17769,6323,7415,8721,18
2026-08-27 21:30:06,https://www.bilibili.com/video/BV1VFbd6QEjw/spm_id_from=333.1387.favlist.content.click&vd_source=406d0cf895bedbdc58a3d0130d55e34c,2,BV1VFbd6QEjw,【杨博文｜4k直拍】管他什么音乐 直拍,关键时刻来瓶尖叫,2026-08-16 23:08:52,86826,6085,3595,4711,2685,564,42,1
2026-08-27 21:30:06,https://www.bilibili.com/video/BV1xebR6zEkr/?spm_id_from=333.1387.favlist.content.click&vd_source=406d0cf895bedbdc58a3d0130d55e34c,3,BV1xebR6zEkr,【4K精剪】Attention | 杨博文直拍 | 260816,underthepoplar,2026-08-16 23:54:18,220228,17898,10907,14851,3236,1781,2882,12
2026-08-27 21:30:06,https://www.bilibili.com/video/BV1s3gs6MEej/?spm_id_from=333.1387.favlist.content.click&vd_source=406d0cf895bedbdc58a3d0130d55e34c,4,BV1s3gs6MEej,【杨博文｜4k直拍】爱的初体验 直拍,关键时刻来瓶尖叫,2026-08-13 22:46:37,124824,13111,6852,10045,3484,527,2549,7
2026-08-27 21:30:06,https://www.bilibili.com/video/BV1E2bR6hEJR/?spm_id_from=333.1387.favlist.content.click&vd_source=406d0cf895bedbdc58a3d0130d55e34c,5,BV1E2bR6hEJR,【杨博文】Attention丨直拍横屏丨16岁高中生内娱主舞的舞台掌控力丨8.16双机位4k精剪,Kismet丨杨博文,2026-08-16 22:13:05,290481,30593,14857,21252,4547,10155,12298,78
2026-08-27 21:30:06,https://www.bilibili.com/video/BV1Rib96EE3F/?spm_id_from=333.1387.favlist.content.click&vd_source=406d0cf895bedbdc58a3d0130d55e34c,6,BV1Rib96EE3F,260816 【杨博文】春雪  竖屏4k直拍,meetsummer丨杨博文,2026-08-17 01:54:42,48981,9571,3632,4964,1867,729,752,2
2026-08-27 21:30:06,https://www.bilibili.com/video/BV18jgg6BEAd/?spm_id_from=333.1387.favlist.content.click&vd_source=406d0cf895bedbdc58a3d0130d55e34c,7,BV18jgg6BEAd,【4K精剪】摇曳！摇曳！ | 杨博文直拍 | 260813 & 260814,underthepoplar,2026-08-15 13:26:46,75602,10733,7519,7031,2920,485,1213,5
2026-08-27 21:30:06,https://www.bilibili.com/video/BV1A5vkB2E1k/?spm_id_from=333.1387.favlist.content.click&vd_source=406d0cf895bedbdc58a3d0130d55e34c,8,BV1A5vkB2E1k,【杨博文】Hey Mama六机位纯舞直拍丨15岁舞台统治者的诞生，四代主舞燃炸全场！,Kismet丨杨博文,2025-12-28 22:28:16,2812577,65844,45989,48126,27884,13680,22046,2
2026-08-27 21:30:06,https://www.bilibili.com/video/BV1mJ64BREZY/?spm_id_from=333.337.search-card.all.click&vd_source=406d0cf895bedbdc58a3d0130d55e34c,9,BV1mJ64BREZY,【杨博文】闭嘴跳舞丨当主舞穿上西装就会得到,Kismet丨杨博文,2026-02-01 18:31:00,622423,35195,4049,25445,8601,448,654,1
2026-08-27 21:30:06,BV1mX8z6NEzz,10,BV1mX8z6NEzz,【4K精剪】管他什么音乐 | 杨博文直拍 | 260816,underthepoplar,2026-08-22 04:21:09,27117,3086,1560,1641,41,47,67,1
2026-08-27 21:30:06,BV1qHbb6QErY,11,BV1qHbb6QErY,杨博文｜260816第肆象限attention<4k精剪>,61strawberry,2026-08-17 06:33:44,21958,1717,439,1170,8,11,16,3
2026-08-27 21:30:06,BV15egs6pEJp,12,BV15egs6pEJp,杨博文｜Whiplash 2机位精剪 直拍 fancam｜4K60｜260813,LOST_杨博文,2026-08-13 23:03:07,104829,8597,1935,6318,63,71,263,1
2026-08-27 21:30:06,BV1rqgW6hEvv,13,BV1rqgW6hEvv,【杨博文｜4k直拍】100Ways 直拍,关键时刻来瓶尖叫,2026-08-14 01:41:46,38681,3770,1510,2732,40,36,226,1
2026-08-27 21:30:06,BV1k9gw6gE4U,14,BV1k9gw6gE4U,「杨博文｜爱的初体验」是不是我的十六岁 注定要为__流泪,Astra_杨博文,2026-08-14 13:49:20,30740,2469,680,1560,24,12,95,2
2026-08-27 21:30:06,BV1c3gF6wERf,15,BV1c3gF6wERf,【杨博文】元气甜度爆表！摇曳4k横屏直拍,游园会_杨博文,2026-08-14 01:43:31,57243,6413,2287,4021,69,55,483,6
2026-08-27 22:00:08,https://www.bilibili.com/video/BV1GdgW6JEe9/?spm_id_from=333.1387.favlist.content.click&vd_source=406d0cf895bedbdc58a3d0130d55e34c,0,BV1GdgW6JEe9,【杨博文｜4k直拍】Whiplash 双日直拍混剪,关键时刻来瓶尖叫,2026-08-13 23:45:41,244017,28980,23125,22117,7038,4753,8300,15
2026-08-27 22:00:08,https://www.bilibili.com/video/BV1W5gs6KEhr/?spm_id_from=333.1387.favlist.content.click&vd_source=406d0cf895bedbdc58a3d0130d55e34c,1,BV1W5gs6KEhr,【4K精剪】异常加载中 | 杨博文直拍 | 260813,underthepoplar,2026-08-13 22:44:57,200547,23948,16021,17770,6324,7415,8732,20
2026-08-27 22:00:08,https://www.bilibili.com/video/BV1VFbd6QEjw/spm_id_from=333.1387.favlist.content.click&vd_source=406d0cf895bedbdc58a3d0130d55e34c,2,BV1VFbd6QEjw,【杨博文｜4k直拍】管他什么音乐 直拍,关键时刻来瓶尖叫,2026-08-16 23:08:52,86836,6086,3595,4712,2685,564,42,1
2026-08-27 22:00:08,https://www.bilibili.com/video/BV1xebR6zEkr/?spm_id_from=333.1387.favlist.content.click&vd_source=406d0cf895bedbdc58a3d0130d55e34c,3,BV1xebR6zEkr,【4K精剪】Attention | 杨博文直拍 | 260816,underthepoplar,2026-08-16 23:54:18,220513,17914,10911,14863,3236,1782,2886,6
2026-08-27 22:00:08,https://www.bilibili.com/video/BV1s3gs6MEej/?spm_id_from=333.1387.favlist.content.click&vd_source=406d0cf895bedbdc58a3d0130d55e34c,4,BV1s3gs6MEej,【杨博文｜4k直拍】爱的初体验 直拍,关键时刻来瓶尖叫,2026-08-13 22:46:37,124873,13116,6852,10048,3484,527,2549,4
2026-08-27 22:00:08,https://www.bilibili.com/video/BV1E2bR6hEJR/?spm_id_from=333.1387.favlist.content.click&vd_source=406d0cf895bedbdc58a3d0130d55e34c,5,BV1E2bR6hEJR,【杨博文】Attention丨直拍横屏丨16岁高中生内娱主舞的舞台掌控力丨8.16双机位4k精剪,Kismet丨杨博文,2026-08-16 22:13:05,290886,30622,14866,21271,4549,10156,12302,73
2026-08-27 22:00:08,https://www.bilibili.com/video/BV1Rib96EE3F/?spm_id_from=333.1387.favlist.content.click&vd_source=406d0cf895bedbdc58a3d0130d55e34c,6,BV1Rib96EE3F,260816 【杨博文】春雪  竖屏4k直拍,meetsummer丨杨博文,2026-08-17 01:54:42,48995,9578,3634,4967,1867,729,752,2
2026-08-27 22:00:08,https://www.bilibili.com/video/BV18jgg6BEAd/?spm_id_from=333.1387.favlist.content.click&vd_source=406d0cf895bedbdc58a3d0130d55e34c,7,BV18jgg6BEAd,【4K精剪】摇曳！摇曳！ | 杨博文直拍 | 260813 & 260814,underthepoplar,2026-08-15 13:26:46,75676,10742,7522,7034,2922,485,1214,5
2026-08-27 22:00:08,https://www.bilibili.com/video/BV1A5vkB2E1k/?spm_id_from=333.1387.favlist.content.click&vd_source=406d0cf895bedbdc58a3d0130d55e34c,8,BV1A5vkB2E1k,【杨博文】Hey Mama六机位纯舞直拍丨15岁舞台统治者的诞生，四代主舞燃炸全场！,Kismet丨杨博文,2025-12-28 22:28:16,2812616,65848,45993,48129,27884,13680,22047,1
2026-08-27 22:00:08,https://www.bilibili.com/video/BV1mJ64BREZY/?spm_id_from=333.337.search-card.all.click&vd_source=406d0cf895bedbdc58a3d0130d55e34c,9,BV1mJ64BREZY,【杨博文】闭嘴跳舞丨当主舞穿上西装就会得到,Kismet丨杨博文,2026-02-01 18:31:00,622428,35195,4049,25445,8601,448,654,1
2026-08-27 22:00:08,BV1mX8z6NEzz,10,BV1mX8z6NEzz,【4K精剪】管他什么音乐 | 杨博文直拍 | 260816,underthepoplar,2026-08-22 04:21:09,27327,3095,1564,1647,41,47,67,8
2026-08-27 22:00:08,BV1qHbb6QErY,11,BV1qHbb6QErY,杨博文｜260816第肆象限attention<4k精剪>,61strawberry,2026-08-17 06:33:44,22133,1722,445,1175,8,11,16,8
2026-08-27 22:00:08,BV15egs6pEJp,12,BV15egs6pEJp,杨博文｜Whiplash 2机位精剪 直拍 fancam｜4K60｜260813,LOST_杨博文,2026-08-13 23:03:07,105024,8605,1939,6322,63,71,263,3
2026-08-27 22:00:08,BV1rqgW6hEvv,13,BV1rqgW6hEvv,【杨博文｜4k直拍】100Ways 直拍,关键时刻来瓶尖叫,2026-08-14 01:41:46,38867,3773,1514,2734,40,36,226,3
2026-08-27 22:00:08,BV1k9gw6gE4U,14,BV1k9gw6gE4U,「杨博文｜爱的初体验」是不是我的十六岁 注定要为__流泪,Astra_杨博文,2026-08-14 13:49:20,30914,2474,684,1564,24,12,95,4
2026-08-27 22:00:08,BV1c3gF6wERf,15,BV1c3gF6wERf,【杨博文】元气甜度爆表！摇曳4k横屏直拍,游园会_杨博文,2026-08-14 01:43:31,57437,6418,2293,4027,69,55,483,6
2026-08-27 22:30:00,https://www.bilibili.com/video/BV1GdgW6JEe9/?spm_id_from=333.1387.favlist.content.click&vd_source=406d0cf895bedbdc58a3d0130d55e34c,0,BV1GdgW6JEe9,【杨博文｜4k直拍】Whiplash 双日直拍混剪,关键时刻来瓶尖叫,2026-08-13 23:45:41,244243,28996,23135,22120,7040,4753,8301,14
2026-08-27 22:30:00,https://www.bilibili.com/video/BV1W5gs6KEhr/?spm_id_from=333.1387.favlist.content.click&vd_source=406d0cf895bedbdc58a3d0130d55e34c,1,BV1W5gs6KEhr,【4K精剪】异常加载中 | 杨博文直拍 | 260813,underthepoplar,2026-08-13 22:44:57,200725,23956,16027,17772,6326,7415,8732,9
2026-08-27 22:30:00,https://www.bilibili.com/video/BV1VFbd6QEjw/spm_id_from=333.1387.favlist.content.click&vd_source=406d0cf895bedbdc58a3d0130d55e34c,2,BV1VFbd6QEjw,【杨博文｜4k直拍】管他什么音乐 直拍,关键时刻来瓶尖叫,2026-08-16 23:08:52,86849,6086,3595,4711,2685,564,42,1
2026-08-27 22:30:00,https://www.bilibili.com/video/BV1xebR6zEkr/?spm_id_from=333.1387.favlist.content.click&vd_source=406d0cf895bedbdc58a3d0130d55e34c,3,BV1xebR6zEkr,【4K精剪】Attention | 杨博文直拍 | 260816,underthepoplar,2026-08-16 23:54:18,220807,17932,10920,14876,3237,1783,2888,15
2026-08-27 22:30:00,https://www.bilibili.com/video/BV1s3gs6MEej/?spm_id_from=333.1387.favlist.content.click&vd_source=406d0cf895bedbdc58a3d0130d55e34c,4,BV1s3gs6MEej,【杨博文｜4k直拍】爱的初体验 直拍,关键时刻来瓶尖叫,2026-08-13 22:46:37,124910,13124,6852,10050,3484,527,2554,4
2026-08-27 22:30:00,https://www.bilibili.com/video/BV1E2bR6hEJR/?spm_id_from=333.1387.favlist.content.click&vd_source=406d0cf895bedbdc58a3d0130d55e34c,5,BV1E2bR6hEJR,【杨博文】Attention丨直拍横屏丨16岁高中生内娱主舞的舞台掌控力丨8.16双机位4k精剪,Kismet丨杨博文,2026-08-16 22:13:05,291252,30647,14885,21285,4551,10156,12303,72
2026-08-27 22:30:00,https://www.bilibili.com/video/BV1Rib96EE3F/?spm_id_from=333.1387.favlist.content.click&vd_source=406d0cf895bedbdc58a3d0130d55e34c,6,BV1Rib96EE3F,260816 【杨博文】春雪  竖屏4k直拍,meetsummer丨杨博文,2026-08-17 01:54:42,49020,9582,3634,4967,1867,729,752,3
2026-08-27 22:30:00,https://www.bilibili.com/video/BV18jgg6BEAd/?spm_id_from=333.1387.favlist.content.click&vd_source=406d0cf895bedbdc58a3d0130d55e34c,7,BV18jgg6BEAd,【4K精剪】摇曳！摇曳！ | 杨博文直拍 | 260813 & 260814,underthepoplar,2026-08-15 13:26:46,75747,10750,7526,7037,2924,485,1215,5
2026-08-27 22:30:00,https://www.bilibili.com/video/BV1A5vkB2E1k/?spm_id_from=333.1387.favlist.content.click&vd_source=406d0cf895bedbdc58a3d0130d55e34c,8,BV1A5vkB2E1k,【杨博文】Hey Mama六机位纯舞直拍丨15岁舞台统治者的诞生，四代主舞燃炸全场！,Kismet丨杨博文,2025-12-28 22:28:16,2812660,65852,45995,48132,27885,13680,22047,1
2026-08-27 22:30:00,https://www.bilibili.com/video/BV1mJ64BREZY/?spm_id_from=333.337.search-card.all.click&vd_source=406d0cf895bedbdc58a3d0130d55e34c,9,BV1mJ64BREZY,【杨博文】闭嘴跳舞丨当主舞穿上西装就会得到,Kismet丨杨博文,2026-02-01 18:31:00,622431,35196,4049,25446,8601,448,654,1
2026-08-27 22:30:00,BV1mX8z6NEzz,10,BV1mX8z6NEzz,【4K精剪】管他什么音乐 | 杨博文直拍 | 260816,underthepoplar,2026-08-22 04:21:09,27533,3101,1566,1650,41,47,67,8
2026-08-27 22:30:00,BV1qHbb6QErY,11,BV1qHbb6QErY,杨博文｜260816第肆象限attention<4k精剪>,61strawberry,2026-08-17 06:33:44,22326,1723,445,1175,8,11,16,4
2026-08-27 22:30:00,BV15egs6pEJp,12,BV15egs6pEJp,杨博文｜Whiplash 2机位精剪 直拍 fancam｜4K60｜260813,LOST_杨博文,2026-08-13 23:03:07,105218,8608,1941,6323,63,71,263,4
2026-08-27 22:30:00,BV1rqgW6hEvv,13,BV1rqgW6hEvv,【杨博文｜4k直拍】100Ways 直拍,关键时刻来瓶尖叫,2026-08-14 01:41:46,39064,3778,1518,2735,40,36,228,4
2026-08-27 22:30:00,BV1k9gw6gE4U,14,BV1k9gw6gE4U,「杨博文｜爱的初体验」是不是我的十六岁 注定要为__流泪,Astra_杨博文,2026-08-14 13:49:20,31099,2475,686,1565,24,12,95,2
2026-08-27 22:30:00,BV1c3gF6wERf,15,BV1c3gF6wERf,【杨博文】元气甜度爆表！摇曳4k横屏直拍,游园会_杨博文,2026-08-14 01:43:31,57649,6423,2297,4031,70,55,483,3
2026-08-27 23:00:03,https://www.bilibili.com/video/BV1GdgW6JEe9/?spm_id_from=333.1387.favlist.content.click&vd_source=406d0cf895bedbdc58a3d0130d55e34c,0,BV1GdgW6JEe9,【杨博文｜4k直拍】Whiplash 双日直拍混剪,关键时刻来瓶尖叫,2026-08-13 23:45:41,244445,29003,23139,22123,7040,4753,8301,9
2026-08-27 23:00:03,https://www.bilibili.com/video/BV1W5gs6KEhr/?spm_id_from=333.1387.favlist.content.click&vd_source=406d0cf895bedbdc58a3d0130d55e34c,1,BV1W5gs6KEhr,【4K精剪】异常加载中 | 杨博文直拍 | 260813,underthepoplar,2026-08-13 22:44:57,200885,23959,16027,17775,6326,7415,8732,9
2026-08-27 23:00:03,https://www.bilibili.com/video/BV1VFbd6QEjw/spm_id_from=333.1387.favlist.content.click&vd_source=406d0cf895bedbdc58a3d0130d55e34c,2,BV1VFbd6QEjw,【杨博文｜4k直拍】管他什么音乐 直拍,关键时刻来瓶尖叫,2026-08-16 23:08:52,86861,6087,3595,4712,2685,564,42,1
2026-08-27 23:00:03,https://www.bilibili.com/video/BV1xebR6zEkr/?spm_id_from=333.1387.favlist.content.click&vd_source=406d0cf895bedbdc58a3d0130d55e34c,3,BV1xebR6zEkr,【4K精剪】Attention | 杨博文直拍 | 260816,underthepoplar,2026-08-16 23:54:18,221045,17942,10921,14884,3239,1783,2889,15
2026-08-27 23:00:03,https://www.bilibili.com/video/BV1s3gs6MEej/?spm_id_from=333.1387.favlist.content.click&vd_source=406d0cf895bedbdc58a3d0130d55e34c,4,BV1s3gs6MEej,【杨博文｜4k直拍】爱的初体验 直拍,关键时刻来瓶尖叫,2026-08-13 22:46:37,124934,13126,6852,10053,3484,527,2554,2
2026-08-27 23:00:03,https://www.bilibili.com/video/BV1E2bR6hEJR/?spm_id_from=333.1387.favlist.content.click&vd_source=406d0cf895bedbdc58a3d0130d55e34c,5,BV1E2bR6hEJR,【杨博文】Attention丨直拍横屏丨16岁高中生内娱主舞的舞台掌控力丨8.16双机位4k精剪,Kismet丨杨博文,2026-08-16 22:13:05,291562,30666,14889,21296,4552,10157,12304,70
2026-08-27 23:00:03,https://www.bilibili.com/video/BV1Rib96EE3F/?spm_id_from=333.1387.favlist.content.click&vd_source=406d0cf895bedbdc58a3d0130d55e34c,6,BV1Rib96EE3F,260816 【杨博文】春雪  竖屏4k直拍,meetsummer丨杨博文,2026-08-17 01:54:42,49041,9588,3636,4971,1868,729,752,3
2026-08-27 23:00:03,https://www.bilibili.com/video/BV18jgg6BEAd/?spm_id_from=333.1387.favlist.content.click&vd_source=406d0cf895bedbdc58a3d0130d55e34c,7,BV18jgg6BEAd,【4K精剪】摇曳！摇曳！ | 杨博文直拍 | 260813 & 260814,underthepoplar,2026-08-15 13:26:46,75803,10756,7528,7041,2924,485,1216,6
2026-08-27 23:00:03,https://www.bilibili.com/video/BV1A5vkB2E1k/?spm_id_from=333.1387.favlist.content.click&vd_source=406d0cf895bedbdc58a3d0130d55e34c,8,BV1A5vkB2E1k,【杨博文】Hey Mama六机位纯舞直拍丨15岁舞台统治者的诞生，四代主舞燃炸全场！,Kismet丨杨博文,2025-12-28 22:28:16,2812718,65854,45997,48133,27885,13680,22047,1
2026-08-27 23:00:03,https://www.bilibili.com/video/BV1mJ64BREZY/?spm_id_from=333.337.search-card.all.click&vd_source=406d0cf895bedbdc58a3d0130d55e34c,9,BV1mJ64BREZY,【杨博文】闭嘴跳舞丨当主舞穿上西装就会得到,Kismet丨杨博文,2026-02-01 18:31:00,622433,35196,4049,25446,8601,448,654,1
2026-08-27 23:00:03,BV1mX8z6NEzz,10,BV1mX8z6NEzz,【4K精剪】管他什么音乐 | 杨博文直拍 | 260816,underthepoplar,2026-08-22 04:21:09,27743,3106,1570,1652,41,47,67,5
2026-08-27 23:00:03,BV1qHbb6QErY,11,BV1qHbb6QErY,杨博文｜260816第肆象限attention<4k精剪>,61strawberry,2026-08-17 06:33:44,22518,1724,445,1175,8,11,17,4
2026-08-27 23:00:03,BV15egs6pEJp,12,BV15egs6pEJp,杨博文｜Whiplash 2机位精剪 直拍 fancam｜4K60｜260813,LOST_杨博文,2026-08-13 23:03:07,105420,8614,1942,6326,63,72,263,3
2026-08-27 23:00:03,BV1rqgW6hEvv,13,BV1rqgW6hEvv,【杨博文｜4k直拍】100Ways 直拍,关键时刻来瓶尖叫,2026-08-14 01:41:46,39257,3778,1518,2736,40,36,228,3
2026-08-27 23:00:03,BV1k9gw6gE4U,14,BV1k9gw6gE4U,「杨博文｜爱的初体验」是不是我的十六岁 注定要为__流泪,Astra_杨博文,2026-08-14 13:49:20,31282,2476,686,1567,24,12,95,4
2026-08-27 23:00:03,BV1c3gF6wERf,15,BV1c3gF6wERf,【杨博文】元气甜度爆表！摇曳4k横屏直拍,游园会_杨博文,2026-08-14 01:43:31,57844,6425,2297,4032,70,55,483,5
2026-08-27 23:30:05,https://www.bilibili.com/video/BV1GdgW6JEe9/?spm_id_from=333.1387.favlist.content.click&vd_source=406d0cf895bedbdc58a3d0130d55e34c,0,BV1GdgW6JEe9,【杨博文｜4k直拍】Whiplash 双日直拍混剪,关键时刻来瓶尖叫,2026-08-13 23:45:41,244640,29012,23141,22126,7040,4753,8304,12
2026-08-27 23:30:05,https://www.bilibili.com/video/BV1W5gs6KEhr/?spm_id_from=333.1387.favlist.content.click&vd_source=406d0cf895bedbdc58a3d0130d55e34c,1,BV1W5gs6KEhr,【4K精剪】异常加载中 | 杨博文直拍 | 260813,underthepoplar,2026-08-13 22:44:57,201023,23965,16029,17778,6326,7415,8732,15
2026-08-27 23:30:05,https://www.bilibili.com/video/BV1VFbd6QEjw/spm_id_from=333.1387.favlist.content.click&vd_source=406d0cf895bedbdc58a3d0130d55e34c,2,BV1VFbd6QEjw,【杨博文｜4k直拍】管他什么音乐 直拍,关键时刻来瓶尖叫,2026-08-16 23:08:52,86874,6089,3595,4712,2685,565,42,3
2026-08-27 23:30:05,https://www.bilibili.com/video/BV1xebR6zEkr/?spm_id_from=333.1387.favlist.content.click&vd_source=406d0cf895bedbdc58a3d0130d55e34c,3,BV1xebR6zEkr,【4K精剪】Attention | 杨博文直拍 | 260816,underthepoplar,2026-08-16 23:54:18,221240,17952,10923,14890,3240,1783,2889,9
2026-08-27 23:30:05,https://www.bilibili.com/video/BV1s3gs6MEej/?spm_id_from=333.1387.favlist.content.click&vd_source=406d0cf895bedbdc58a3d0130d55e34c,4,BV1s3gs6MEej,【杨博文｜4k直拍】爱的初体验 直拍,关键时刻来瓶尖叫,2026-08-13 22:46:37,124964,13131,6852,10057,3484,527,2554,4
2026-08-27 23:30:05,https://www.bilibili.com/video/BV1E2bR6hEJR/?spm_id_from=333.1387.favlist.content.click&vd_source=406d0cf895bedbdc58a3d0130d55e34c,5,BV1E2bR6hEJR,【杨博文】Attention丨直拍横屏丨16岁高中生内娱主舞的舞台掌控力丨8.16双机位4k精剪,Kismet丨杨博文,2026-08-16 22:13:05,291844,30682,14895,21301,4555,10157,12307,63
2026-08-27 23:30:05,https://www.bilibili.com/video/BV1Rib96EE3F/?spm_id_from=333.1387.favlist.content.click&vd_source=406d0cf895bedbdc58a3d0130d55e34c,6,BV1Rib96EE3F,260816 【杨博文】春雪  竖屏4k直拍,meetsummer丨杨博文,2026-08-17 01:54:42,49054,9595,3636,4974,1868,729,752,2
2026-08-27 23:30:05,https://www.bilibili.com/video/BV18jgg6BEAd/?spm_id_from=333.1387.favlist.content.click&vd_source=406d0cf895bedbdc58a3d0130d55e34c,7,BV18jgg6BEAd,【4K精剪】摇曳！摇曳！ | 杨博文直拍 | 260813 & 260814,underthepoplar,2026-08-15 13:26:46,75872,10766,7530,7047,2925,485,1216,4
2026-08-27 23:30:05,https://www.bilibili.com/video/BV1A5vkB2E1k/?spm_id_from=333.1387.favlist.content.click&vd_source=406d0cf895bedbdc58a3d0130d55e34c,8,BV1A5vkB2E1k,【杨博文】Hey Mama六机位纯舞直拍丨15岁舞台统治者的诞生，四代主舞燃炸全场！,Kismet丨杨博文,2025-12-28 22:28:16,2812747,65855,45997,48133,27885,13680,22047,1
2026-08-27 23:30:05,https://www.bilibili.com/video/BV1mJ64BREZY/?spm_id_from=333.337.search-card.all.click&vd_source=406d0cf895bedbdc58a3d0130d55e34c,9,BV1mJ64BREZY,【杨博文】闭嘴跳舞丨当主舞穿上西装就会得到,Kismet丨杨博文,2026-02-01 18:31:00,622434,35196,4049,25446,8601,448,654,1
2026-08-27 23:30:05,BV1mX8z6NEzz,10,BV1mX8z6NEzz,【4K精剪】管他什么音乐 | 杨博文直拍 | 260816,underthepoplar,2026-08-22 04:21:09,27952,3112,1573,1654,41,47,67,4
2026-08-27 23:30:05,BV1qHbb6QErY,11,BV1qHbb6QErY,杨博文｜260816第肆象限attention<4k精剪>,61strawberry,2026-08-17 06:33:44,22707,1724,445,1175,8,11,17,6
2026-08-27 23:30:05,BV15egs6pEJp,12,BV15egs6pEJp,杨博文｜Whiplash 2机位精剪 直拍 fancam｜4K60｜260813,LOST_杨博文,2026-08-13 23:03:07,105606,8615,1942,6326,63,72,263,4
2026-08-27 23:30:05,BV1rqgW6hEvv,13,BV1rqgW6hEvv,【杨博文｜4k直拍】100Ways 直拍,关键时刻来瓶尖叫,2026-08-14 01:41:46,39446,3782,1518,2738,40,36,228,4
2026-08-27 23:30:05,BV1k9gw6gE4U,14,BV1k9gw6gE4U,「杨博文｜爱的初体验」是不是我的十六岁 注定要为__流泪,Astra_杨博文,2026-08-14 13:49:20,31450,2476,686,1567,24,12,95,5
2026-08-27 23:30:05,BV1c3gF6wERf,15,BV1c3gF6wERf,【杨博文】元气甜度爆表！摇曳4k横屏直拍,游园会_杨博文,2026-08-14 01:43:31,58040,6429,2299,4035,70,55,483,7
