采集时间,输入,原始顺序,BV号,标题,UP主,上传时间,总播放量,点赞数,投币数,收藏数,转发数,评论数,弹幕数,在线人数
2026-07-16 00:08:20,https://www.bilibili.com/video/BV1MGYnzrE9E/?spm_id_from=333.1387.favlist.content.click&vd_source=bdf775a036c61c0159ac2f0c251aaeb7,0,BV1MGYnzrE9E,杨博文跳 《Centuries》帅到窒息！！竖屏4K直拍,Kismet丨杨博文,2025-08-18 02:15:37,268446,12102,6675,7857,567,956,3372,1
2026-07-16 00:08:20,https://www.bilibili.com/video/BV1owvqBJEkn/?spm_id_from=333.1387.favlist.content.click&vd_source=bdf775a036c61c0159ac2f0c251aaeb7,1,BV1owvqBJEkn,【杨博文｜黄昏晓】 4K直拍,羊圈主,2025-12-28 00:28:04,19480,4377,1030,1668,70,88,256,1
2026-07-16 00:08:20,https://www.bilibili.com/video/BV1r9BeBZEMu/?spm_id_from=333.1387.favlist.content.click&vd_source=bdf775a036c61c0159ac2f0c251aaeb7,2,BV1r9BeBZEMu,【杨博文｜4K舞台直拍】《爱要坦荡荡》，四代主唱贝斯手玩转乐队，好青春洋溢,关键时刻来瓶尖叫,2025-12-27 00:55:22,40065,4798,771,3203,53,52,64,1
2026-07-16 00:08:20,https://www.bilibili.com/video/BV1Lb6tBBEYC/?spm_id_from=333.1387.favlist.content.click&vd_source=bdf775a036c61c0159ac2f0c251aaeb7,3,BV1Lb6tBBEYC,【4K精剪】闭嘴跳舞 | 杨博文直拍 | 260201,underthepoplar,2026-02-02 00:00:55,295062,23403,13370,16939,1909,1725,2886,1
2026-07-16 00:08:20,https://www.bilibili.com/video/BV1mJ64BREZY/?spm_id_from=333.1387.favlist.content.click&vd_source=bdf775a036c61c0159ac2f0c251aaeb7,4,BV1mJ64BREZY,【杨博文】闭嘴跳舞丨当主舞穿上西装就会得到,Kismet丨杨博文,2026-02-01 18:31:00,543372,33094,3597,23893,181,102,427,2
2026-07-16 00:08:20,https://www.bilibili.com/video/BV1J7Awz8EUZ/?spm_id_from=333.1387.favlist.content.click&vd_source=bdf775a036c61c0159ac2f0c251aaeb7,5,BV1J7Awz8EUZ,自测鸡蛋果,喜欢吃鸡蛋果,2026-03-21 16:17:31,1708,0,0,1,1,0,205,1
2026-07-16 00:08:20,https://www.bilibili.com/video/BV1LiM56WEWb/?spm_id_from=333.337.search-card.all.click,6,BV1LiM56WEWb,【4K精剪】Go in Blind | 杨博文直拍 | 250816 & 250817,underthepoplar,2026-07-09 02:46:30,25628,4205,1245,2311,48,69,46,1
2026-07-16 00:08:20,https://www.bilibili.com/video/BV1s8BvBPEN5/?spm_id_from=333.337.search-card.all.click&vd_source=bdf775a036c61c0159ac2f0c251aaeb7,7,BV1s8BvBPEN5,【杨博文｜4K舞台直拍】好运来祝你好运来～博文宝宝祝你新年好运来,关键时刻来瓶尖叫,2025-12-27 00:43:12,1903141,34150,16615,31845,8222,4298,4806,1
2026-07-16 00:08:20,https://www.bilibili.com/video/BV1q5ofBTEXC/?spm_id_from=333.1387.homepage.video_card.click&vd_source=c9ba0a78401ac34b07f18808dcb060f8,8,BV1q5ofBTEXC,脚本测试1,喜欢吃鸡蛋果,2026-04-26 13:54:58,984,3,0,1,0,615,486,1
2026-07-16 00:08:20,https://www.bilibili.com/video/BV1csffB7E4j/?spm_id_from=333.1387.favlist.content.click,9,BV1csffB7E4j,防吞,杨博文波纹收藏记录馆,2026-02-04 23:54:43,8966,345,127,2134,13,0,0,1
2026-07-16 00:08:20,https://www.bilibili.com/video/BV1XA6nBGEPV/?spm_id_from=333.1387.favlist.content.click,10,BV1XA6nBGEPV,【4K精剪】希区考克 作品152 | 杨博文直拍 | 260131,underthepoplar,2026-02-01 00:23:17,1923665,22458,21517,19257,10335,3978,6807,2
2026-07-16 00:08:20,https://www.bilibili.com/video/BV1e364BwE63/?spm_id_from=333.1387.favlist.content.click,11,BV1e364BwE63,【杨博文】Why Why Why竖屏4k focus,meetsummer丨杨博文,2026-02-01 19:33:16,91019,873,447,1397,6588,43,40,2
2026-07-16 00:08:20,https://www.bilibili.com/video/BV1EGBCBmEo8/?spm_id_from=333.1387.favlist.content.click,12,BV1EGBCBmEo8,【杨博文｜4K高清直拍】魅魔级别的《Manta》舞台，看博文如何一yeah封神,关键时刻来瓶尖叫,2025-12-27 23:15:44,768090,11993,9338,10595,7131,945,2305,1
2026-07-16 00:08:20,https://www.bilibili.com/video/BV1eQ6bBrE5m/?spm_id_from=333.1387.favlist.content.click,13,BV1eQ6bBrE5m,【杨博文】四代来了一个表管天才<闭嘴跳舞>4k精剪直拍,61strawberry,2026-02-01 20:51:17,167186,7958,1112,7899,6539,62,33,7
2026-07-16 00:08:20,https://www.bilibili.com/video/BV1A5vkB2E1k/?spm_id_from=333.1387.favlist.content.click,14,BV1A5vkB2E1k,【杨博文】Hey Mama六机位纯舞直拍丨15岁舞台统治者的诞生，四代主舞燃炸全场！,Kismet丨杨博文,2025-12-28 22:28:16,2508263,61320,43231,44518,14339,13489,20676,8
2026-07-16 00:08:20,https://www.bilibili.com/video/BV1UAdsBXEVU/?spm_id_from=333.1387.favlist.content.click,15,BV1UAdsBXEVU,自测2号鸡蛋果,喜欢吃鸡蛋果,2026-04-18 22:55:52,650,4,0,1,0,0,0,1
2026-07-16 00:08:20,https://www.bilibili.com/video/BV1J7Awz8EUZ/?spm_id_from=333.1387.favlist.content.click,16,BV1J7Awz8EUZ,自测鸡蛋果,喜欢吃鸡蛋果,2026-03-21 16:17:31,1708,0,0,1,1,0,205,1
2026-07-16 00:08:20,https://www.bilibili.com/video/BV1qbULBbE5U/?spm_id_from=333.1387.favlist.content.click,17,BV1qbULBbE5U,【4K直拍】刷到杨博文跳《Lucifer》还不点进来看！！,Kismet丨杨博文,2025-11-21 21:26:08,220638,26033,3185,18512,323,110,328,1
2026-07-16 00:08:20,https://www.bilibili.com/video/BV1p6eGzVE4p?spm_id_from=333.1387.favlist.content.click,18,BV1p6eGzVE4p,「杨博文｜Go In Blind」丝带一拿，爽感Max,Astra_杨博文,2025-08-20 22:04:32,18487,628,153,434,17,5,25,1
2026-07-16 00:08:20,https://www.bilibili.com/video/BV1Pb64BSELU/?spm_id_from=333.1387.favlist.content.click,19,BV1Pb64BSELU,【杨博文】此男就这样一步一步扭进我心里 冬季版限定白色恋人袭来｜Whywhywhy 4k横屏直拍,游园会_杨博文,2026-02-01 18:52:15,33254,5087,881,3880,37,17,53,1
2026-07-16 00:08:20,https://www.bilibili.com/video/BV1Xm61BEEnt/?spm_id_from=333.1387.favlist.content.click&vd_source=bdf775a036c61c0159ac2f0c251aaeb7,20,BV1Xm61BEEnt,【杨博文】致命诱惑<希区考克 作品152> 4k 竖版直拍 Focus,Roseate丨杨博文,2026-01-31 17:54:23,48395,7823,3409,2856,208,259,425,1
2026-07-16 00:08:20,https://www.bilibili.com/video/BV18Ce3zpESm/?spm_id_from=333.1387.favlist.content.click,21,BV18Ce3zpESm,独一份的清冷破碎感｜杨博文｜路灯下的小姑娘4K直拍,WIX99,2025-08-20 16:44:03,20033,1046,186,637,63,46,26,2
2026-07-16 01:08:41,https://www.bilibili.com/video/BV1MGYnzrE9E/?spm_id_from=333.1387.favlist.content.click&vd_source=bdf775a036c61c0159ac2f0c251aaeb7,0,BV1MGYnzrE9E,杨博文跳 《Centuries》帅到窒息！！竖屏4K直拍,Kismet丨杨博文,2025-08-18 02:15:37,268454,12103,6677,7857,567,956,3372,1
2026-07-16 01:08:41,https://www.bilibili.com/video/BV1owvqBJEkn/?spm_id_from=333.1387.favlist.content.click&vd_source=bdf775a036c61c0159ac2f0c251aaeb7,1,BV1owvqBJEkn,【杨博文｜黄昏晓】 4K直拍,羊圈主,2025-12-28 00:28:04,19480,4377,1030,1668,70,88,256,1
2026-07-16 01:08:41,https://www.bilibili.com/video/BV1r9BeBZEMu/?spm_id_from=333.1387.favlist.content.click&vd_source=bdf775a036c61c0159ac2f0c251aaeb7,2,BV1r9BeBZEMu,【杨博文｜4K舞台直拍】《爱要坦荡荡》，四代主唱贝斯手玩转乐队，好青春洋溢,关键时刻来瓶尖叫,2025-12-27 00:55:22,40066,4798,771,3203,53,52,64,1
2026-07-16 01:08:41,https://www.bilibili.com/video/BV1Lb6tBBEYC/?spm_id_from=333.1387.favlist.content.click&vd_source=bdf775a036c61c0159ac2f0c251aaeb7,3,BV1Lb6tBBEYC,【4K精剪】闭嘴跳舞 | 杨博文直拍 | 260201,underthepoplar,2026-02-02 00:00:55,295116,23410,13370,16940,1909,1725,2886,1
2026-07-16 01:08:41,https://www.bilibili.com/video/BV1mJ64BREZY/?spm_id_from=333.1387.favlist.content.click&vd_source=bdf775a036c61c0159ac2f0c251aaeb7,4,BV1mJ64BREZY,【杨博文】闭嘴跳舞丨当主舞穿上西装就会得到,Kismet丨杨博文,2026-02-01 18:31:00,543431,33094,3597,23893,181,102,427,1
2026-07-16 01:08:41,https://www.bilibili.com/video/BV1J7Awz8EUZ/?spm_id_from=333.1387.favlist.content.click&vd_source=bdf775a036c61c0159ac2f0c251aaeb7,5,BV1J7Awz8EUZ,自测鸡蛋果,喜欢吃鸡蛋果,2026-03-21 16:17:31,1718,0,0,1,1,0,205,1
2026-07-16 01:08:41,https://www.bilibili.com/video/BV1LiM56WEWb/?spm_id_from=333.337.search-card.all.click,6,BV1LiM56WEWb,【4K精剪】Go in Blind | 杨博文直拍 | 250816 & 250817,underthepoplar,2026-07-09 02:46:30,25669,4212,1247,2316,48,69,46,1
2026-07-16 01:08:41,https://www.bilibili.com/video/BV1s8BvBPEN5/?spm_id_from=333.337.search-card.all.click&vd_source=bdf775a036c61c0159ac2f0c251aaeb7,7,BV1s8BvBPEN5,【杨博文｜4K舞台直拍】好运来祝你好运来～博文宝宝祝你新年好运来,关键时刻来瓶尖叫,2025-12-27 00:43:12,1903153,34150,16615,31844,8223,4298,4806,1
2026-07-16 01:08:41,https://www.bilibili.com/video/BV1q5ofBTEXC/?spm_id_from=333.1387.homepage.video_card.click&vd_source=c9ba0a78401ac34b07f18808dcb060f8,8,BV1q5ofBTEXC,脚本测试1,喜欢吃鸡蛋果,2026-04-26 13:54:58,984,3,0,1,0,615,486,1
2026-07-16 01:08:41,https://www.bilibili.com/video/BV1csffB7E4j/?spm_id_from=333.1387.favlist.content.click,9,BV1csffB7E4j,防吞,杨博文波纹收藏记录馆,2026-02-04 23:54:43,8969,345,127,2137,13,0,0,1
2026-07-16 01:08:41,https://www.bilibili.com/video/BV1XA6nBGEPV/?spm_id_from=333.1387.favlist.content.click,10,BV1XA6nBGEPV,【4K精剪】希区考克 作品152 | 杨博文直拍 | 260131,underthepoplar,2026-02-01 00:23:17,1923679,22458,21517,19259,10335,3978,6807,7
2026-07-16 01:08:41,https://www.bilibili.com/video/BV1e364BwE63/?spm_id_from=333.1387.favlist.content.click,11,BV1e364BwE63,【杨博文】Why Why Why竖屏4k focus,meetsummer丨杨博文,2026-02-01 19:33:16,91239,874,449,1402,6589,43,40,5
2026-07-16 01:08:41,https://www.bilibili.com/video/BV1EGBCBmEo8/?spm_id_from=333.1387.favlist.content.click,12,BV1EGBCBmEo8,【杨博文｜4K高清直拍】魅魔级别的《Manta》舞台，看博文如何一yeah封神,关键时刻来瓶尖叫,2025-12-27 23:15:44,768244,11994,9340,10599,7132,945,2305,3
2026-07-16 01:08:41,https://www.bilibili.com/video/BV1eQ6bBrE5m/?spm_id_from=333.1387.favlist.content.click,13,BV1eQ6bBrE5m,【杨博文】四代来了一个表管天才<闭嘴跳舞>4k精剪直拍,61strawberry,2026-02-01 20:51:17,167404,7959,1114,7903,6542,62,33,7
2026-07-16 01:08:41,https://www.bilibili.com/video/BV1A5vkB2E1k/?spm_id_from=333.1387.favlist.content.click,14,BV1A5vkB2E1k,【杨博文】Hey Mama六机位纯舞直拍丨15岁舞台统治者的诞生，四代主舞燃炸全场！,Kismet丨杨博文,2025-12-28 22:28:16,2508466,61325,43231,44522,14342,13489,20676,5
2026-07-16 01:08:41,https://www.bilibili.com/video/BV1UAdsBXEVU/?spm_id_from=333.1387.favlist.content.click,15,BV1UAdsBXEVU,自测2号鸡蛋果,喜欢吃鸡蛋果,2026-04-18 22:55:52,660,4,0,1,0,0,0,1
2026-07-16 01:08:41,https://www.bilibili.com/video/BV1J7Awz8EUZ/?spm_id_from=333.1387.favlist.content.click,16,BV1J7Awz8EUZ,自测鸡蛋果,喜欢吃鸡蛋果,2026-03-21 16:17:31,1718,0,0,1,1,0,205,1
2026-07-16 01:08:41,https://www.bilibili.com/video/BV1qbULBbE5U/?spm_id_from=333.1387.favlist.content.click,17,BV1qbULBbE5U,【4K直拍】刷到杨博文跳《Lucifer》还不点进来看！！,Kismet丨杨博文,2025-11-21 21:26:08,220646,26033,3185,18512,323,110,328,1
2026-07-16 01:08:41,https://www.bilibili.com/video/BV1p6eGzVE4p?spm_id_from=333.1387.favlist.content.click,18,BV1p6eGzVE4p,「杨博文｜Go In Blind」丝带一拿，爽感Max,Astra_杨博文,2025-08-20 22:04:32,18497,628,153,434,17,5,25,1
2026-07-16 01:08:41,https://www.bilibili.com/video/BV1Pb64BSELU/?spm_id_from=333.1387.favlist.content.click,19,BV1Pb64BSELU,【杨博文】此男就这样一步一步扭进我心里 冬季版限定白色恋人袭来｜Whywhywhy 4k横屏直拍,游园会_杨博文,2026-02-01 18:52:15,33267,5087,881,3881,37,17,53,1
2026-07-16 01:08:41,https://www.bilibili.com/video/BV1Xm61BEEnt/?spm_id_from=333.1387.favlist.content.click&vd_source=bdf775a036c61c0159ac2f0c251aaeb7,20,BV1Xm61BEEnt,【杨博文】致命诱惑<希区考克 作品152> 4k 竖版直拍 Focus,Roseate丨杨博文,2026-01-31 17:54:23,48395,7823,3409,2856,208,259,425,1
2026-07-16 01:08:41,https://www.bilibili.com/video/BV18Ce3zpESm/?spm_id_from=333.1387.favlist.content.click,21,BV18Ce3zpESm,独一份的清冷破碎感｜杨博文｜路灯下的小姑娘4K直拍,WIX99,2025-08-20 16:44:03,20047,1046,186,637,63,46,26,1
2026-07-16 02:09:06,https://www.bilibili.com/video/BV1MGYnzrE9E/?spm_id_from=333.1387.favlist.content.click&vd_source=bdf775a036c61c0159ac2f0c251aaeb7,0,BV1MGYnzrE9E,杨博文跳 《Centuries》帅到窒息！！竖屏4K直拍,Kismet丨杨博文,2025-08-18 02:15:37,268454,12103,6677,7858,567,956,3372,1
2026-07-16 02:09:06,https://www.bilibili.com/video/BV1owvqBJEkn/?spm_id_from=333.1387.favlist.content.click&vd_source=bdf775a036c61c0159ac2f0c251aaeb7,1,BV1owvqBJEkn,【杨博文｜黄昏晓】 4K直拍,羊圈主,2025-12-28 00:28:04,19480,4377,1030,1668,70,88,256,1
2026-07-16 02:09:06,https://www.bilibili.com/video/BV1r9BeBZEMu/?spm_id_from=333.1387.favlist.content.click&vd_source=bdf775a036c61c0159ac2f0c251aaeb7,2,BV1r9BeBZEMu,【杨博文｜4K舞台直拍】《爱要坦荡荡》，四代主唱贝斯手玩转乐队，好青春洋溢,关键时刻来瓶尖叫,2025-12-27 00:55:22,40067,4798,771,3203,53,52,64,1
2026-07-16 02:09:06,https://www.bilibili.com/video/BV1Lb6tBBEYC/?spm_id_from=333.1387.favlist.content.click&vd_source=bdf775a036c61c0159ac2f0c251aaeb7,3,BV1Lb6tBBEYC,【4K精剪】闭嘴跳舞 | 杨博文直拍 | 260201,underthepoplar,2026-02-02 00:00:55,295139,23412,13370,16942,1909,1725,2886,1
2026-07-16 02:09:06,https://www.bilibili.com/video/BV1mJ64BREZY/?spm_id_from=333.1387.favlist.content.click&vd_source=bdf775a036c61c0159ac2f0c251aaeb7,4,BV1mJ64BREZY,【杨博文】闭嘴跳舞丨当主舞穿上西装就会得到,Kismet丨杨博文,2026-02-01 18:31:00,543460,33094,3597,23894,181,102,427,3
2026-07-16 02:09:06,https://www.bilibili.com/video/BV1J7Awz8EUZ/?spm_id_from=333.1387.favlist.content.click&vd_source=bdf775a036c61c0159ac2f0c251aaeb7,5,BV1J7Awz8EUZ,自测鸡蛋果,喜欢吃鸡蛋果,2026-03-21 16:17:31,1728,0,0,1,1,0,205,1
2026-07-16 02:09:06,https://www.bilibili.com/video/BV1LiM56WEWb/?spm_id_from=333.337.search-card.all.click,6,BV1LiM56WEWb,【4K精剪】Go in Blind | 杨博文直拍 | 250816 & 250817,underthepoplar,2026-07-09 02:46:30,25687,4217,1249,2318,48,69,46,1
2026-07-16 02:09:06,https://www.bilibili.com/video/BV1s8BvBPEN5/?spm_id_from=333.337.search-card.all.click&vd_source=bdf775a036c61c0159ac2f0c251aaeb7,7,BV1s8BvBPEN5,【杨博文｜4K舞台直拍】好运来祝你好运来～博文宝宝祝你新年好运来,关键时刻来瓶尖叫,2025-12-27 00:43:12,1903174,34150,16615,31846,8230,4298,4806,1
2026-07-16 02:09:06,https://www.bilibili.com/video/BV1q5ofBTEXC/?spm_id_from=333.1387.homepage.video_card.click&vd_source=c9ba0a78401ac34b07f18808dcb060f8,8,BV1q5ofBTEXC,脚本测试1,喜欢吃鸡蛋果,2026-04-26 13:54:58,984,3,0,1,0,615,486,1
2026-07-16 02:09:06,https://www.bilibili.com/video/BV1csffB7E4j/?spm_id_from=333.1387.favlist.content.click,9,BV1csffB7E4j,防吞,杨博文波纹收藏记录馆,2026-02-04 23:54:43,8975,347,127,2140,13,0,0,1
2026-07-16 02:09:06,https://www.bilibili.com/video/BV1XA6nBGEPV/?spm_id_from=333.1387.favlist.content.click,10,BV1XA6nBGEPV,【4K精剪】希区考克 作品152 | 杨博文直拍 | 260131,underthepoplar,2026-02-01 00:23:17,1923686,22459,21517,19264,10343,3978,6808,3
2026-07-16 02:09:06,https://www.bilibili.com/video/BV1e364BwE63/?spm_id_from=333.1387.favlist.content.click,11,BV1e364BwE63,【杨博文】Why Why Why竖屏4k focus,meetsummer丨杨博文,2026-02-01 19:33:16,91506,876,449,1407,6596,43,40,3
2026-07-16 02:09:06,https://www.bilibili.com/video/BV1EGBCBmEo8/?spm_id_from=333.1387.favlist.content.click,12,BV1EGBCBmEo8,【杨博文｜4K高清直拍】魅魔级别的《Manta》舞台，看博文如何一yeah封神,关键时刻来瓶尖叫,2025-12-27 23:15:44,768436,11995,9340,10603,7139,945,2305,1
2026-07-16 02:09:06,https://www.bilibili.com/video/BV1eQ6bBrE5m/?spm_id_from=333.1387.favlist.content.click,13,BV1eQ6bBrE5m,【杨博文】四代来了一个表管天才<闭嘴跳舞>4k精剪直拍,61strawberry,2026-02-01 20:51:17,167676,7960,1114,7908,6547,62,33,3
2026-07-16 02:09:06,https://www.bilibili.com/video/BV1A5vkB2E1k/?spm_id_from=333.1387.favlist.content.click,14,BV1A5vkB2E1k,【杨博文】Hey Mama六机位纯舞直拍丨15岁舞台统治者的诞生，四代主舞燃炸全场！,Kismet丨杨博文,2025-12-28 22:28:16,2508709,61326,43231,44527,14349,13489,20676,4
2026-07-16 02:09:06,https://www.bilibili.com/video/BV1UAdsBXEVU/?spm_id_from=333.1387.favlist.content.click,15,BV1UAdsBXEVU,自测2号鸡蛋果,喜欢吃鸡蛋果,2026-04-18 22:55:52,670,4,0,1,0,0,0,1
2026-07-16 02:09:06,https://www.bilibili.com/video/BV1J7Awz8EUZ/?spm_id_from=333.1387.favlist.content.click,16,BV1J7Awz8EUZ,自测鸡蛋果,喜欢吃鸡蛋果,2026-03-21 16:17:31,1728,0,0,1,1,0,205,1
2026-07-16 02:09:06,https://www.bilibili.com/video/BV1qbULBbE5U/?spm_id_from=333.1387.favlist.content.click,17,BV1qbULBbE5U,【4K直拍】刷到杨博文跳《Lucifer》还不点进来看！！,Kismet丨杨博文,2025-11-21 21:26:08,220651,26033,3185,18512,323,110,328,1
2026-07-16 02:09:06,https://www.bilibili.com/video/BV1p6eGzVE4p?spm_id_from=333.1387.favlist.content.click,18,BV1p6eGzVE4p,「杨博文｜Go In Blind」丝带一拿，爽感Max,Astra_杨博文,2025-08-20 22:04:32,18504,628,153,434,17,5,25,1
2026-07-16 02:09:06,https://www.bilibili.com/video/BV1Pb64BSELU/?spm_id_from=333.1387.favlist.content.click,19,BV1Pb64BSELU,【杨博文】此男就这样一步一步扭进我心里 冬季版限定白色恋人袭来｜Whywhywhy 4k横屏直拍,游园会_杨博文,2026-02-01 18:52:15,33275,5087,881,3881,37,17,53,1
2026-07-16 02:09:06,https://www.bilibili.com/video/BV1Xm61BEEnt/?spm_id_from=333.1387.favlist.content.click&vd_source=bdf775a036c61c0159ac2f0c251aaeb7,20,BV1Xm61BEEnt,【杨博文】致命诱惑<希区考克 作品152> 4k 竖版直拍 Focus,Roseate丨杨博文,2026-01-31 17:54:23,48395,7823,3409,2856,208,259,425,1
2026-07-16 02:09:06,https://www.bilibili.com/video/BV18Ce3zpESm/?spm_id_from=333.1387.favlist.content.click,21,BV18Ce3zpESm,独一份的清冷破碎感｜杨博文｜路灯下的小姑娘4K直拍,WIX99,2025-08-20 16:44:03,20059,1046,186,637,63,46,26,1
2026-07-16 03:09:31,https://www.bilibili.com/video/BV1MGYnzrE9E/?spm_id_from=333.1387.favlist.content.click&vd_source=bdf775a036c61c0159ac2f0c251aaeb7,0,BV1MGYnzrE9E,杨博文跳 《Centuries》帅到窒息！！竖屏4K直拍,Kismet丨杨博文,2025-08-18 02:15:37,268459,12104,6678,7858,567,956,3372,1
2026-07-16 03:09:31,https://www.bilibili.com/video/BV1owvqBJEkn/?spm_id_from=333.1387.favlist.content.click&vd_source=bdf775a036c61c0159ac2f0c251aaeb7,1,BV1owvqBJEkn,【杨博文｜黄昏晓】 4K直拍,羊圈主,2025-12-28 00:28:04,19480,4377,1030,1668,70,88,256,1
2026-07-16 03:09:31,https://www.bilibili.com/video/BV1r9BeBZEMu/?spm_id_from=333.1387.favlist.content.click&vd_source=bdf775a036c61c0159ac2f0c251aaeb7,2,BV1r9BeBZEMu,【杨博文｜4K舞台直拍】《爱要坦荡荡》，四代主唱贝斯手玩转乐队，好青春洋溢,关键时刻来瓶尖叫,2025-12-27 00:55:22,40067,4798,771,3203,53,52,64,1
2026-07-16 03:09:31,https://www.bilibili.com/video/BV1Lb6tBBEYC/?spm_id_from=333.1387.favlist.content.click&vd_source=bdf775a036c61c0159ac2f0c251aaeb7,3,BV1Lb6tBBEYC,【4K精剪】闭嘴跳舞 | 杨博文直拍 | 260201,underthepoplar,2026-02-02 00:00:55,295163,23416,13372,16944,1909,1725,2886,1
2026-07-16 03:09:31,https://www.bilibili.com/video/BV1mJ64BREZY/?spm_id_from=333.1387.favlist.content.click&vd_source=bdf775a036c61c0159ac2f0c251aaeb7,4,BV1mJ64BREZY,【杨博文】闭嘴跳舞丨当主舞穿上西装就会得到,Kismet丨杨博文,2026-02-01 18:31:00,543469,33095,3597,23895,181,102,427,1
2026-07-16 03:09:31,https://www.bilibili.com/video/BV1J7Awz8EUZ/?spm_id_from=333.1387.favlist.content.click&vd_source=bdf775a036c61c0159ac2f0c251aaeb7,5,BV1J7Awz8EUZ,自测鸡蛋果,喜欢吃鸡蛋果,2026-03-21 16:17:31,1728,0,0,1,1,0,205,1
2026-07-16 03:09:31,https://www.bilibili.com/video/BV1LiM56WEWb/?spm_id_from=333.337.search-card.all.click,6,BV1LiM56WEWb,【4K精剪】Go in Blind | 杨博文直拍 | 250816 & 250817,underthepoplar,2026-07-09 02:46:30,25702,4218,1249,2319,48,69,46,1
2026-07-16 03:09:31,https://www.bilibili.com/video/BV1s8BvBPEN5/?spm_id_from=333.337.search-card.all.click&vd_source=bdf775a036c61c0159ac2f0c251aaeb7,7,BV1s8BvBPEN5,【杨博文｜4K舞台直拍】好运来祝你好运来～博文宝宝祝你新年好运来,关键时刻来瓶尖叫,2025-12-27 00:43:12,1903185,34150,16615,31846,8237,4298,4806,1
2026-07-16 03:09:31,https://www.bilibili.com/video/BV1q5ofBTEXC/?spm_id_from=333.1387.homepage.video_card.click&vd_source=c9ba0a78401ac34b07f18808dcb060f8,8,BV1q5ofBTEXC,脚本测试1,喜欢吃鸡蛋果,2026-04-26 13:54:58,984,3,0,1,0,615,486,1
2026-07-16 03:09:31,https://www.bilibili.com/video/BV1csffB7E4j/?spm_id_from=333.1387.favlist.content.click,9,BV1csffB7E4j,防吞,杨博文波纹收藏记录馆,2026-02-04 23:54:43,8976,347,127,2140,13,0,0,1
2026-07-16 03:09:31,https://www.bilibili.com/video/BV1XA6nBGEPV/?spm_id_from=333.1387.favlist.content.click,10,BV1XA6nBGEPV,【4K精剪】希区考克 作品152 | 杨博文直拍 | 260131,underthepoplar,2026-02-01 00:23:17,1923699,22459,21517,19266,10350,3978,6808,4
2026-07-16 03:09:31,https://www.bilibili.com/video/BV1e364BwE63/?spm_id_from=333.1387.favlist.content.click,11,BV1e364BwE63,【杨博文】Why Why Why竖屏4k focus,meetsummer丨杨博文,2026-02-01 19:33:16,91767,876,449,1408,6603,43,40,6
2026-07-16 03:09:31,https://www.bilibili.com/video/BV1EGBCBmEo8/?spm_id_from=333.1387.favlist.content.click,12,BV1EGBCBmEo8,【杨博文｜4K高清直拍】魅魔级别的《Manta》舞台，看博文如何一yeah封神,关键时刻来瓶尖叫,2025-12-27 23:15:44,768632,11995,9340,10604,7146,945,2305,2
2026-07-16 03:09:31,https://www.bilibili.com/video/BV1eQ6bBrE5m/?spm_id_from=333.1387.favlist.content.click,13,BV1eQ6bBrE5m,【杨博文】四代来了一个表管天才<闭嘴跳舞>4k精剪直拍,61strawberry,2026-02-01 20:51:17,167937,7960,1114,7909,6556,62,33,5
2026-07-16 03:09:31,https://www.bilibili.com/video/BV1A5vkB2E1k/?spm_id_from=333.1387.favlist.content.click,14,BV1A5vkB2E1k,【杨博文】Hey Mama六机位纯舞直拍丨15岁舞台统治者的诞生，四代主舞燃炸全场！,Kismet丨杨博文,2025-12-28 22:28:16,2508927,61327,43231,44527,14357,13489,20677,2
2026-07-16 03:09:31,https://www.bilibili.com/video/BV1UAdsBXEVU/?spm_id_from=333.1387.favlist.content.click,15,BV1UAdsBXEVU,自测2号鸡蛋果,喜欢吃鸡蛋果,2026-04-18 22:55:52,670,4,0,1,0,0,0,1
2026-07-16 03:09:31,https://www.bilibili.com/video/BV1J7Awz8EUZ/?spm_id_from=333.1387.favlist.content.click,16,BV1J7Awz8EUZ,自测鸡蛋果,喜欢吃鸡蛋果,2026-03-21 16:17:31,1728,0,0,1,1,0,205,1
2026-07-16 03:09:31,https://www.bilibili.com/video/BV1qbULBbE5U/?spm_id_from=333.1387.favlist.content.click,17,BV1qbULBbE5U,【4K直拍】刷到杨博文跳《Lucifer》还不点进来看！！,Kismet丨杨博文,2025-11-21 21:26:08,220660,26035,3187,18513,323,110,328,1
2026-07-16 03:09:31,https://www.bilibili.com/video/BV1p6eGzVE4p?spm_id_from=333.1387.favlist.content.click,18,BV1p6eGzVE4p,「杨博文｜Go In Blind」丝带一拿，爽感Max,Astra_杨博文,2025-08-20 22:04:32,18506,628,153,434,17,5,25,1
2026-07-16 03:09:31,https://www.bilibili.com/video/BV1Pb64BSELU/?spm_id_from=333.1387.favlist.content.click,19,BV1Pb64BSELU,【杨博文】此男就这样一步一步扭进我心里 冬季版限定白色恋人袭来｜Whywhywhy 4k横屏直拍,游园会_杨博文,2026-02-01 18:52:15,33275,5087,881,3881,37,17,53,1
2026-07-16 03:09:31,https://www.bilibili.com/video/BV1Xm61BEEnt/?spm_id_from=333.1387.favlist.content.click&vd_source=bdf775a036c61c0159ac2f0c251aaeb7,20,BV1Xm61BEEnt,【杨博文】致命诱惑<希区考克 作品152> 4k 竖版直拍 Focus,Roseate丨杨博文,2026-01-31 17:54:23,48395,7823,3409,2856,208,259,425,1
2026-07-16 03:09:31,https://www.bilibili.com/video/BV18Ce3zpESm/?spm_id_from=333.1387.favlist.content.click,21,BV18Ce3zpESm,独一份的清冷破碎感｜杨博文｜路灯下的小姑娘4K直拍,WIX99,2025-08-20 16:44:03,20062,1046,186,637,63,46,26,1
2026-07-16 04:09:58,https://www.bilibili.com/video/BV1MGYnzrE9E/?spm_id_from=333.1387.favlist.content.click&vd_source=bdf775a036c61c0159ac2f0c251aaeb7,0,BV1MGYnzrE9E,杨博文跳 《Centuries》帅到窒息！！竖屏4K直拍,Kismet丨杨博文,2025-08-18 02:15:37,268459,12104,6678,7858,567,956,3372,1
2026-07-16 04:09:58,https://www.bilibili.com/video/BV1owvqBJEkn/?spm_id_from=333.1387.favlist.content.click&vd_source=bdf775a036c61c0159ac2f0c251aaeb7,1,BV1owvqBJEkn,【杨博文｜黄昏晓】 4K直拍,羊圈主,2025-12-28 00:28:04,19480,4377,1030,1668,70,88,256,1
2026-07-16 04:09:58,https://www.bilibili.com/video/BV1r9BeBZEMu/?spm_id_from=333.1387.favlist.content.click&vd_source=bdf775a036c61c0159ac2f0c251aaeb7,2,BV1r9BeBZEMu,【杨博文｜4K舞台直拍】《爱要坦荡荡》，四代主唱贝斯手玩转乐队，好青春洋溢,关键时刻来瓶尖叫,2025-12-27 00:55:22,40067,4798,771,3203,53,52,64,1
2026-07-16 04:09:58,https://www.bilibili.com/video/BV1Lb6tBBEYC/?spm_id_from=333.1387.favlist.content.click&vd_source=bdf775a036c61c0159ac2f0c251aaeb7,3,BV1Lb6tBBEYC,【4K精剪】闭嘴跳舞 | 杨博文直拍 | 260201,underthepoplar,2026-02-02 00:00:55,295172,23417,13372,16947,1909,1725,2886,1
2026-07-16 04:09:58,https://www.bilibili.com/video/BV1mJ64BREZY/?spm_id_from=333.1387.favlist.content.click&vd_source=bdf775a036c61c0159ac2f0c251aaeb7,4,BV1mJ64BREZY,【杨博文】闭嘴跳舞丨当主舞穿上西装就会得到,Kismet丨杨博文,2026-02-01 18:31:00,543475,33097,3597,23896,181,102,427,1
2026-07-16 04:09:58,https://www.bilibili.com/video/BV1J7Awz8EUZ/?spm_id_from=333.1387.favlist.content.click&vd_source=bdf775a036c61c0159ac2f0c251aaeb7,5,BV1J7Awz8EUZ,自测鸡蛋果,喜欢吃鸡蛋果,2026-03-21 16:17:31,1728,0,0,1,1,0,205,1
2026-07-16 04:09:58,https://www.bilibili.com/video/BV1LiM56WEWb/?spm_id_from=333.337.search-card.all.click,6,BV1LiM56WEWb,【4K精剪】Go in Blind | 杨博文直拍 | 250816 & 250817,underthepoplar,2026-07-09 02:46:30,25707,4218,1249,2319,48,69,46,1
2026-07-16 04:09:58,https://www.bilibili.com/video/BV1s8BvBPEN5/?spm_id_from=333.337.search-card.all.click&vd_source=bdf775a036c61c0159ac2f0c251aaeb7,7,BV1s8BvBPEN5,【杨博文｜4K舞台直拍】好运来祝你好运来～博文宝宝祝你新年好运来,关键时刻来瓶尖叫,2025-12-27 00:43:12,1903197,34150,16615,31845,8242,4298,4806,1
2026-07-16 04:09:58,https://www.bilibili.com/video/BV1q5ofBTEXC/?spm_id_from=333.1387.homepage.video_card.click&vd_source=c9ba0a78401ac34b07f18808dcb060f8,8,BV1q5ofBTEXC,脚本测试1,喜欢吃鸡蛋果,2026-04-26 13:54:58,984,3,0,1,0,615,486,1
2026-07-16 04:09:58,https://www.bilibili.com/video/BV1csffB7E4j/?spm_id_from=333.1387.favlist.content.click,9,BV1csffB7E4j,防吞,杨博文波纹收藏记录馆,2026-02-04 23:54:43,8977,347,127,2140,13,0,0,1
2026-07-16 04:09:58,https://www.bilibili.com/video/BV1XA6nBGEPV/?spm_id_from=333.1387.favlist.content.click,10,BV1XA6nBGEPV,【4K精剪】希区考克 作品152 | 杨博文直拍 | 260131,underthepoplar,2026-02-01 00:23:17,1923705,22459,21517,19266,10355,3978,6808,3
2026-07-16 04:09:58,https://www.bilibili.com/video/BV1e364BwE63/?spm_id_from=333.1387.favlist.content.click,11,BV1e364BwE63,【杨博文】Why Why Why竖屏4k focus,meetsummer丨杨博文,2026-02-01 19:33:16,92044,876,449,1409,6607,43,40,3
2026-07-16 04:09:58,https://www.bilibili.com/video/BV1EGBCBmEo8/?spm_id_from=333.1387.favlist.content.click,12,BV1EGBCBmEo8,【杨博文｜4K高清直拍】魅魔级别的《Manta》舞台，看博文如何一yeah封神,关键时刻来瓶尖叫,2025-12-27 23:15:44,768839,11995,9340,10606,7151,945,2305,4
2026-07-16 04:09:58,https://www.bilibili.com/video/BV1eQ6bBrE5m/?spm_id_from=333.1387.favlist.content.click,13,BV1eQ6bBrE5m,【杨博文】四代来了一个表管天才<闭嘴跳舞>4k精剪直拍,61strawberry,2026-02-01 20:51:17,168212,7960,1114,7910,6559,62,33,4
2026-07-16 04:09:58,https://www.bilibili.com/video/BV1A5vkB2E1k/?spm_id_from=333.1387.favlist.content.click,14,BV1A5vkB2E1k,【杨博文】Hey Mama六机位纯舞直拍丨15岁舞台统治者的诞生，四代主舞燃炸全场！,Kismet丨杨博文,2025-12-28 22:28:16,2509132,61328,43231,44527,14363,13489,20677,4
2026-07-16 04:09:58,https://www.bilibili.com/video/BV1UAdsBXEVU/?spm_id_from=333.1387.favlist.content.click,15,BV1UAdsBXEVU,自测2号鸡蛋果,喜欢吃鸡蛋果,2026-04-18 22:55:52,670,4,0,1,0,0,0,1
2026-07-16 04:09:58,https://www.bilibili.com/video/BV1J7Awz8EUZ/?spm_id_from=333.1387.favlist.content.click,16,BV1J7Awz8EUZ,自测鸡蛋果,喜欢吃鸡蛋果,2026-03-21 16:17:31,1728,0,0,1,1,0,205,1
2026-07-16 04:09:58,https://www.bilibili.com/video/BV1qbULBbE5U/?spm_id_from=333.1387.favlist.content.click,17,BV1qbULBbE5U,【4K直拍】刷到杨博文跳《Lucifer》还不点进来看！！,Kismet丨杨博文,2025-11-21 21:26:08,220660,26035,3187,18513,323,110,328,1
2026-07-16 04:09:58,https://www.bilibili.com/video/BV1p6eGzVE4p?spm_id_from=333.1387.favlist.content.click,18,BV1p6eGzVE4p,「杨博文｜Go In Blind」丝带一拿，爽感Max,Astra_杨博文,2025-08-20 22:04:32,18506,628,153,434,17,5,25,1
2026-07-16 04:09:58,https://www.bilibili.com/video/BV1Pb64BSELU/?spm_id_from=333.1387.favlist.content.click,19,BV1Pb64BSELU,【杨博文】此男就这样一步一步扭进我心里 冬季版限定白色恋人袭来｜Whywhywhy 4k横屏直拍,游园会_杨博文,2026-02-01 18:52:15,33275,5087,881,3881,37,17,53,1
2026-07-16 04:09:58,https://www.bilibili.com/video/BV1Xm61BEEnt/?spm_id_from=333.1387.favlist.content.click&vd_source=bdf775a036c61c0159ac2f0c251aaeb7,20,BV1Xm61BEEnt,【杨博文】致命诱惑<希区考克 作品152> 4k 竖版直拍 Focus,Roseate丨杨博文,2026-01-31 17:54:23,48395,7823,3409,2856,208,259,425,1
2026-07-16 04:09:58,https://www.bilibili.com/video/BV18Ce3zpESm/?spm_id_from=333.1387.favlist.content.click,21,BV18Ce3zpESm,独一份的清冷破碎感｜杨博文｜路灯下的小姑娘4K直拍,WIX99,2025-08-20 16:44:03,20062,1046,186,637,63,46,26,1
2026-07-16 05:10:29,https://www.bilibili.com/video/BV1MGYnzrE9E/?spm_id_from=333.1387.favlist.content.click&vd_source=bdf775a036c61c0159ac2f0c251aaeb7,0,BV1MGYnzrE9E,杨博文跳 《Centuries》帅到窒息！！竖屏4K直拍,Kismet丨杨博文,2025-08-18 02:15:37,268460,12104,6678,7858,567,956,3372,1
2026-07-16 05:10:29,https://www.bilibili.com/video/BV1owvqBJEkn/?spm_id_from=333.1387.favlist.content.click&vd_source=bdf775a036c61c0159ac2f0c251aaeb7,1,BV1owvqBJEkn,【杨博文｜黄昏晓】 4K直拍,羊圈主,2025-12-28 00:28:04,19480,4377,1030,1668,70,88,256,1
2026-07-16 05:10:29,https://www.bilibili.com/video/BV1r9BeBZEMu/?spm_id_from=333.1387.favlist.content.click&vd_source=bdf775a036c61c0159ac2f0c251aaeb7,2,BV1r9BeBZEMu,【杨博文｜4K舞台直拍】《爱要坦荡荡》，四代主唱贝斯手玩转乐队，好青春洋溢,关键时刻来瓶尖叫,2025-12-27 00:55:22,40067,4798,771,3203,53,52,64,1
2026-07-16 05:10:29,https://www.bilibili.com/video/BV1Lb6tBBEYC/?spm_id_from=333.1387.favlist.content.click&vd_source=bdf775a036c61c0159ac2f0c251aaeb7,3,BV1Lb6tBBEYC,【4K精剪】闭嘴跳舞 | 杨博文直拍 | 260201,underthepoplar,2026-02-02 00:00:55,295178,23419,13374,16947,1909,1725,2886,1
2026-07-16 05:10:29,https://www.bilibili.com/video/BV1mJ64BREZY/?spm_id_from=333.1387.favlist.content.click&vd_source=bdf775a036c61c0159ac2f0c251aaeb7,4,BV1mJ64BREZY,【杨博文】闭嘴跳舞丨当主舞穿上西装就会得到,Kismet丨杨博文,2026-02-01 18:31:00,543479,33099,3597,23897,181,102,427,1
2026-07-16 05:10:29,https://www.bilibili.com/video/BV1J7Awz8EUZ/?spm_id_from=333.1387.favlist.content.click&vd_source=bdf775a036c61c0159ac2f0c251aaeb7,5,BV1J7Awz8EUZ,自测鸡蛋果,喜欢吃鸡蛋果,2026-03-21 16:17:31,1728,0,0,1,1,0,205,1
2026-07-16 05:10:29,https://www.bilibili.com/video/BV1LiM56WEWb/?spm_id_from=333.337.search-card.all.click,6,BV1LiM56WEWb,【4K精剪】Go in Blind | 杨博文直拍 | 250816 & 250817,underthepoplar,2026-07-09 02:46:30,25709,4218,1249,2319,48,69,46,1
2026-07-16 05:10:29,https://www.bilibili.com/video/BV1s8BvBPEN5/?spm_id_from=333.337.search-card.all.click&vd_source=bdf775a036c61c0159ac2f0c251aaeb7,7,BV1s8BvBPEN5,【杨博文｜4K舞台直拍】好运来祝你好运来～博文宝宝祝你新年好运来,关键时刻来瓶尖叫,2025-12-27 00:43:12,1903202,34150,16615,31845,8251,4298,4806,1
2026-07-16 05:10:29,https://www.bilibili.com/video/BV1q5ofBTEXC/?spm_id_from=333.1387.homepage.video_card.click&vd_source=c9ba0a78401ac34b07f18808dcb060f8,8,BV1q5ofBTEXC,脚本测试1,喜欢吃鸡蛋果,2026-04-26 13:54:58,984,3,0,1,0,615,486,1
2026-07-16 05:10:29,https://www.bilibili.com/video/BV1csffB7E4j/?spm_id_from=333.1387.favlist.content.click,9,BV1csffB7E4j,防吞,杨博文波纹收藏记录馆,2026-02-04 23:54:43,8978,347,127,2140,13,0,0,1
2026-07-16 05:10:29,https://www.bilibili.com/video/BV1XA6nBGEPV/?spm_id_from=333.1387.favlist.content.click,10,BV1XA6nBGEPV,【4K精剪】希区考克 作品152 | 杨博文直拍 | 260131,underthepoplar,2026-02-01 00:23:17,1923710,22459,21517,19266,10364,3978,6808,3
2026-07-16 05:10:29,https://www.bilibili.com/video/BV1e364BwE63/?spm_id_from=333.1387.favlist.content.click,11,BV1e364BwE63,【杨博文】Why Why Why竖屏4k focus,meetsummer丨杨博文,2026-02-01 19:33:16,92303,876,449,1410,6616,43,40,2
2026-07-16 05:10:29,https://www.bilibili.com/video/BV1EGBCBmEo8/?spm_id_from=333.1387.favlist.content.click,12,BV1EGBCBmEo8,【杨博文｜4K高清直拍】魅魔级别的《Manta》舞台，看博文如何一yeah封神,关键时刻来瓶尖叫,2025-12-27 23:15:44,769037,11995,9340,10606,7160,945,2305,1
2026-07-16 05:10:29,https://www.bilibili.com/video/BV1eQ6bBrE5m/?spm_id_from=333.1387.favlist.content.click,13,BV1eQ6bBrE5m,【杨博文】四代来了一个表管天才<闭嘴跳舞>4k精剪直拍,61strawberry,2026-02-01 20:51:17,168470,7960,1114,7911,6569,62,33,5
2026-07-16 05:10:29,https://www.bilibili.com/video/BV1A5vkB2E1k/?spm_id_from=333.1387.favlist.content.click,14,BV1A5vkB2E1k,【杨博文】Hey Mama六机位纯舞直拍丨15岁舞台统治者的诞生，四代主舞燃炸全场！,Kismet丨杨博文,2025-12-28 22:28:16,2509329,61328,43231,44527,14371,13489,20677,3
2026-07-16 05:10:29,https://www.bilibili.com/video/BV1UAdsBXEVU/?spm_id_from=333.1387.favlist.content.click,15,BV1UAdsBXEVU,自测2号鸡蛋果,喜欢吃鸡蛋果,2026-04-18 22:55:52,670,4,0,1,0,0,0,1
2026-07-16 05:10:29,https://www.bilibili.com/video/BV1J7Awz8EUZ/?spm_id_from=333.1387.favlist.content.click,16,BV1J7Awz8EUZ,自测鸡蛋果,喜欢吃鸡蛋果,2026-03-21 16:17:31,1728,0,0,1,1,0,205,1
2026-07-16 05:10:29,https://www.bilibili.com/video/BV1qbULBbE5U/?spm_id_from=333.1387.favlist.content.click,17,BV1qbULBbE5U,【4K直拍】刷到杨博文跳《Lucifer》还不点进来看！！,Kismet丨杨博文,2025-11-21 21:26:08,220661,26035,3187,18513,323,110,328,1
2026-07-16 05:10:29,https://www.bilibili.com/video/BV1p6eGzVE4p?spm_id_from=333.1387.favlist.content.click,18,BV1p6eGzVE4p,「杨博文｜Go In Blind」丝带一拿，爽感Max,Astra_杨博文,2025-08-20 22:04:32,18506,628,153,434,17,5,25,1
2026-07-16 05:10:29,https://www.bilibili.com/video/BV1Pb64BSELU/?spm_id_from=333.1387.favlist.content.click,19,BV1Pb64BSELU,【杨博文】此男就这样一步一步扭进我心里 冬季版限定白色恋人袭来｜Whywhywhy 4k横屏直拍,游园会_杨博文,2026-02-01 18:52:15,33275,5087,881,3881,37,17,53,1
2026-07-16 05:10:29,https://www.bilibili.com/video/BV1Xm61BEEnt/?spm_id_from=333.1387.favlist.content.click&vd_source=bdf775a036c61c0159ac2f0c251aaeb7,20,BV1Xm61BEEnt,【杨博文】致命诱惑<希区考克 作品152> 4k 竖版直拍 Focus,Roseate丨杨博文,2026-01-31 17:54:23,48395,7823,3409,2856,208,259,425,1
2026-07-16 05:10:29,https://www.bilibili.com/video/BV18Ce3zpESm/?spm_id_from=333.1387.favlist.content.click,21,BV18Ce3zpESm,独一份的清冷破碎感｜杨博文｜路灯下的小姑娘4K直拍,WIX99,2025-08-20 16:44:03,20062,1046,186,637,63,46,26,1
2026-07-16 06:10:55,https://www.bilibili.com/video/BV1MGYnzrE9E/?spm_id_from=333.1387.favlist.content.click&vd_source=bdf775a036c61c0159ac2f0c251aaeb7,0,BV1MGYnzrE9E,杨博文跳 《Centuries》帅到窒息！！竖屏4K直拍,Kismet丨杨博文,2025-08-18 02:15:37,268466,12104,6678,7858,567,956,3372,1
2026-07-16 06:10:55,https://www.bilibili.com/video/BV1owvqBJEkn/?spm_id_from=333.1387.favlist.content.click&vd_source=bdf775a036c61c0159ac2f0c251aaeb7,1,BV1owvqBJEkn,【杨博文｜黄昏晓】 4K直拍,羊圈主,2025-12-28 00:28:04,19480,4377,1030,1668,70,88,256,1
2026-07-16 06:10:55,https://www.bilibili.com/video/BV1r9BeBZEMu/?spm_id_from=333.1387.favlist.content.click&vd_source=bdf775a036c61c0159ac2f0c251aaeb7,2,BV1r9BeBZEMu,【杨博文｜4K舞台直拍】《爱要坦荡荡》，四代主唱贝斯手玩转乐队，好青春洋溢,关键时刻来瓶尖叫,2025-12-27 00:55:22,40068,4798,771,3203,53,52,64,1
2026-07-16 06:10:55,https://www.bilibili.com/video/BV1Lb6tBBEYC/?spm_id_from=333.1387.favlist.content.click&vd_source=bdf775a036c61c0159ac2f0c251aaeb7,3,BV1Lb6tBBEYC,【4K精剪】闭嘴跳舞 | 杨博文直拍 | 260201,underthepoplar,2026-02-02 00:00:55,295181,23419,13374,16947,1909,1725,2886,1
2026-07-16 06:10:55,https://www.bilibili.com/video/BV1mJ64BREZY/?spm_id_from=333.1387.favlist.content.click&vd_source=bdf775a036c61c0159ac2f0c251aaeb7,4,BV1mJ64BREZY,【杨博文】闭嘴跳舞丨当主舞穿上西装就会得到,Kismet丨杨博文,2026-02-01 18:31:00,543488,33100,3597,23898,181,102,427,1
2026-07-16 06:10:55,https://www.bilibili.com/video/BV1J7Awz8EUZ/?spm_id_from=333.1387.favlist.content.click&vd_source=bdf775a036c61c0159ac2f0c251aaeb7,5,BV1J7Awz8EUZ,自测鸡蛋果,喜欢吃鸡蛋果,2026-03-21 16:17:31,1728,0,0,1,1,0,205,1
2026-07-16 06:10:55,https://www.bilibili.com/video/BV1LiM56WEWb/?spm_id_from=333.337.search-card.all.click,6,BV1LiM56WEWb,【4K精剪】Go in Blind | 杨博文直拍 | 250816 & 250817,underthepoplar,2026-07-09 02:46:30,25713,4218,1249,2319,48,69,46,1
2026-07-16 06:10:55,https://www.bilibili.com/video/BV1s8BvBPEN5/?spm_id_from=333.337.search-card.all.click&vd_source=bdf775a036c61c0159ac2f0c251aaeb7,7,BV1s8BvBPEN5,【杨博文｜4K舞台直拍】好运来祝你好运来～博文宝宝祝你新年好运来,关键时刻来瓶尖叫,2025-12-27 00:43:12,1903206,34150,16615,31845,8252,4298,4806,1
2026-07-16 06:10:55,https://www.bilibili.com/video/BV1q5ofBTEXC/?spm_id_from=333.1387.homepage.video_card.click&vd_source=c9ba0a78401ac34b07f18808dcb060f8,8,BV1q5ofBTEXC,脚本测试1,喜欢吃鸡蛋果,2026-04-26 13:54:58,984,3,0,1,0,615,486,1
2026-07-16 06:10:55,https://www.bilibili.com/video/BV1csffB7E4j/?spm_id_from=333.1387.favlist.content.click,9,BV1csffB7E4j,防吞,杨博文波纹收藏记录馆,2026-02-04 23:54:43,8978,347,127,2140,13,0,0,1
2026-07-16 06:10:55,https://www.bilibili.com/video/BV1XA6nBGEPV/?spm_id_from=333.1387.favlist.content.click,10,BV1XA6nBGEPV,【4K精剪】希区考克 作品152 | 杨博文直拍 | 260131,underthepoplar,2026-02-01 00:23:17,1923711,22459,21517,19266,10365,3978,6808,1
2026-07-16 06:10:55,https://www.bilibili.com/video/BV1e364BwE63/?spm_id_from=333.1387.favlist.content.click,11,BV1e364BwE63,【杨博文】Why Why Why竖屏4k focus,meetsummer丨杨博文,2026-02-01 19:33:16,92524,876,449,1410,6618,43,40,1
2026-07-16 06:10:55,https://www.bilibili.com/video/BV1EGBCBmEo8/?spm_id_from=333.1387.favlist.content.click,12,BV1EGBCBmEo8,【杨博文｜4K高清直拍】魅魔级别的《Manta》舞台，看博文如何一yeah封神,关键时刻来瓶尖叫,2025-12-27 23:15:44,769215,11995,9340,10606,7161,945,2305,1
2026-07-16 06:10:55,https://www.bilibili.com/video/BV1eQ6bBrE5m/?spm_id_from=333.1387.favlist.content.click,13,BV1eQ6bBrE5m,【杨博文】四代来了一个表管天才<闭嘴跳舞>4k精剪直拍,61strawberry,2026-02-01 20:51:17,168688,7960,1114,7911,6569,62,33,1
2026-07-16 06:10:55,https://www.bilibili.com/video/BV1A5vkB2E1k/?spm_id_from=333.1387.favlist.content.click,14,BV1A5vkB2E1k,【杨博文】Hey Mama六机位纯舞直拍丨15岁舞台统治者的诞生，四代主舞燃炸全场！,Kismet丨杨博文,2025-12-28 22:28:16,2509508,61328,43231,44527,14373,13489,20677,1
2026-07-16 06:10:55,https://www.bilibili.com/video/BV1UAdsBXEVU/?spm_id_from=333.1387.favlist.content.click,15,BV1UAdsBXEVU,自测2号鸡蛋果,喜欢吃鸡蛋果,2026-04-18 22:55:52,670,4,0,1,0,0,0,1
2026-07-16 06:10:55,https://www.bilibili.com/video/BV1J7Awz8EUZ/?spm_id_from=333.1387.favlist.content.click,16,BV1J7Awz8EUZ,自测鸡蛋果,喜欢吃鸡蛋果,2026-03-21 16:17:31,1728,0,0,1,1,0,205,1
2026-07-16 06:10:55,https://www.bilibili.com/video/BV1qbULBbE5U/?spm_id_from=333.1387.favlist.content.click,17,BV1qbULBbE5U,【4K直拍】刷到杨博文跳《Lucifer》还不点进来看！！,Kismet丨杨博文,2025-11-21 21:26:08,220663,26035,3187,18513,323,110,328,1
2026-07-16 06:10:55,https://www.bilibili.com/video/BV1p6eGzVE4p?spm_id_from=333.1387.favlist.content.click,18,BV1p6eGzVE4p,「杨博文｜Go In Blind」丝带一拿，爽感Max,Astra_杨博文,2025-08-20 22:04:32,18506,628,153,434,17,5,25,1
2026-07-16 06:10:55,https://www.bilibili.com/video/BV1Pb64BSELU/?spm_id_from=333.1387.favlist.content.click,19,BV1Pb64BSELU,【杨博文】此男就这样一步一步扭进我心里 冬季版限定白色恋人袭来｜Whywhywhy 4k横屏直拍,游园会_杨博文,2026-02-01 18:52:15,33275,5087,881,3881,37,17,53,1
2026-07-16 06:10:55,https://www.bilibili.com/video/BV1Xm61BEEnt/?spm_id_from=333.1387.favlist.content.click&vd_source=bdf775a036c61c0159ac2f0c251aaeb7,20,BV1Xm61BEEnt,【杨博文】致命诱惑<希区考克 作品152> 4k 竖版直拍 Focus,Roseate丨杨博文,2026-01-31 17:54:23,48395,7823,3409,2856,208,259,425,1
2026-07-16 06:10:55,https://www.bilibili.com/video/BV18Ce3zpESm/?spm_id_from=333.1387.favlist.content.click,21,BV18Ce3zpESm,独一份的清冷破碎感｜杨博文｜路灯下的小姑娘4K直拍,WIX99,2025-08-20 16:44:03,20062,1046,186,637,63,46,26,1
2026-07-16 07:11:19,https://www.bilibili.com/video/BV1MGYnzrE9E/?spm_id_from=333.1387.favlist.content.click&vd_source=bdf775a036c61c0159ac2f0c251aaeb7,0,BV1MGYnzrE9E,杨博文跳 《Centuries》帅到窒息！！竖屏4K直拍,Kismet丨杨博文,2025-08-18 02:15:37,268467,12104,6678,7858,567,956,3372,1
2026-07-16 07:11:19,https://www.bilibili.com/video/BV1owvqBJEkn/?spm_id_from=333.1387.favlist.content.click&vd_source=bdf775a036c61c0159ac2f0c251aaeb7,1,BV1owvqBJEkn,【杨博文｜黄昏晓】 4K直拍,羊圈主,2025-12-28 00:28:04,19480,4377,1030,1668,70,88,256,1
2026-07-16 07:11:19,https://www.bilibili.com/video/BV1r9BeBZEMu/?spm_id_from=333.1387.favlist.content.click&vd_source=bdf775a036c61c0159ac2f0c251aaeb7,2,BV1r9BeBZEMu,【杨博文｜4K舞台直拍】《爱要坦荡荡》，四代主唱贝斯手玩转乐队，好青春洋溢,关键时刻来瓶尖叫,2025-12-27 00:55:22,40068,4798,771,3203,53,52,64,1
2026-07-16 07:11:19,https://www.bilibili.com/video/BV1Lb6tBBEYC/?spm_id_from=333.1387.favlist.content.click&vd_source=bdf775a036c61c0159ac2f0c251aaeb7,3,BV1Lb6tBBEYC,【4K精剪】闭嘴跳舞 | 杨博文直拍 | 260201,underthepoplar,2026-02-02 00:00:55,295192,23423,13374,16948,1909,1725,2886,1
2026-07-16 07:11:19,https://www.bilibili.com/video/BV1mJ64BREZY/?spm_id_from=333.1387.favlist.content.click&vd_source=bdf775a036c61c0159ac2f0c251aaeb7,4,BV1mJ64BREZY,【杨博文】闭嘴跳舞丨当主舞穿上西装就会得到,Kismet丨杨博文,2026-02-01 18:31:00,543502,33102,3597,23900,181,102,427,2
2026-07-16 07:11:19,https://www.bilibili.com/video/BV1J7Awz8EUZ/?spm_id_from=333.1387.favlist.content.click&vd_source=bdf775a036c61c0159ac2f0c251aaeb7,5,BV1J7Awz8EUZ,自测鸡蛋果,喜欢吃鸡蛋果,2026-03-21 16:17:31,1728,0,0,1,1,0,205,1
2026-07-16 07:11:19,https://www.bilibili.com/video/BV1LiM56WEWb/?spm_id_from=333.337.search-card.all.click,6,BV1LiM56WEWb,【4K精剪】Go in Blind | 杨博文直拍 | 250816 & 250817,underthepoplar,2026-07-09 02:46:30,25716,4219,1249,2319,48,69,46,1
2026-07-16 07:11:19,https://www.bilibili.com/video/BV1s8BvBPEN5/?spm_id_from=333.337.search-card.all.click&vd_source=bdf775a036c61c0159ac2f0c251aaeb7,7,BV1s8BvBPEN5,【杨博文｜4K舞台直拍】好运来祝你好运来～博文宝宝祝你新年好运来,关键时刻来瓶尖叫,2025-12-27 00:43:12,1903210,34150,16615,31844,8259,4298,4806,1
2026-07-16 07:11:19,https://www.bilibili.com/video/BV1q5ofBTEXC/?spm_id_from=333.1387.homepage.video_card.click&vd_source=c9ba0a78401ac34b07f18808dcb060f8,8,BV1q5ofBTEXC,脚本测试1,喜欢吃鸡蛋果,2026-04-26 13:54:58,984,3,0,1,0,615,486,1
2026-07-16 07:11:19,https://www.bilibili.com/video/BV1csffB7E4j/?spm_id_from=333.1387.favlist.content.click,9,BV1csffB7E4j,防吞,杨博文波纹收藏记录馆,2026-02-04 23:54:43,8981,347,127,2141,13,0,0,1
2026-07-16 07:11:19,https://www.bilibili.com/video/BV1XA6nBGEPV/?spm_id_from=333.1387.favlist.content.click,10,BV1XA6nBGEPV,【4K精剪】希区考克 作品152 | 杨博文直拍 | 260131,underthepoplar,2026-02-01 00:23:17,1923722,22459,21517,19266,10372,3978,6808,2
2026-07-16 07:11:19,https://www.bilibili.com/video/BV1e364BwE63/?spm_id_from=333.1387.favlist.content.click,11,BV1e364BwE63,【杨博文】Why Why Why竖屏4k focus,meetsummer丨杨博文,2026-02-01 19:33:16,92718,876,449,1411,6625,43,40,1
2026-07-16 07:11:19,https://www.bilibili.com/video/BV1EGBCBmEo8/?spm_id_from=333.1387.favlist.content.click,12,BV1EGBCBmEo8,【杨博文｜4K高清直拍】魅魔级别的《Manta》舞台，看博文如何一yeah封神,关键时刻来瓶尖叫,2025-12-27 23:15:44,769380,11995,9340,10606,7168,945,2305,1
2026-07-16 07:11:19,https://www.bilibili.com/video/BV1eQ6bBrE5m/?spm_id_from=333.1387.favlist.content.click,13,BV1eQ6bBrE5m,【杨博文】四代来了一个表管天才<闭嘴跳舞>4k精剪直拍,61strawberry,2026-02-01 20:51:17,168890,7960,1114,7911,6577,62,33,3
2026-07-16 07:11:19,https://www.bilibili.com/video/BV1A5vkB2E1k/?spm_id_from=333.1387.favlist.content.click,14,BV1A5vkB2E1k,【杨博文】Hey Mama六机位纯舞直拍丨15岁舞台统治者的诞生，四代主舞燃炸全场！,Kismet丨杨博文,2025-12-28 22:28:16,2509690,61328,43231,44526,14381,13489,20677,2
2026-07-16 07:11:19,https://www.bilibili.com/video/BV1UAdsBXEVU/?spm_id_from=333.1387.favlist.content.click,15,BV1UAdsBXEVU,自测2号鸡蛋果,喜欢吃鸡蛋果,2026-04-18 22:55:52,670,4,0,1,0,0,0,1
2026-07-16 07:11:19,https://www.bilibili.com/video/BV1J7Awz8EUZ/?spm_id_from=333.1387.favlist.content.click,16,BV1J7Awz8EUZ,自测鸡蛋果,喜欢吃鸡蛋果,2026-03-21 16:17:31,1728,0,0,1,1,0,205,1
2026-07-16 07:11:19,https://www.bilibili.com/video/BV1qbULBbE5U/?spm_id_from=333.1387.favlist.content.click,17,BV1qbULBbE5U,【4K直拍】刷到杨博文跳《Lucifer》还不点进来看！！,Kismet丨杨博文,2025-11-21 21:26:08,220664,26035,3187,18513,323,110,328,1
2026-07-16 07:11:19,https://www.bilibili.com/video/BV1p6eGzVE4p?spm_id_from=333.1387.favlist.content.click,18,BV1p6eGzVE4p,「杨博文｜Go In Blind」丝带一拿，爽感Max,Astra_杨博文,2025-08-20 22:04:32,18506,628,153,434,17,5,25,1
2026-07-16 07:11:19,https://www.bilibili.com/video/BV1Pb64BSELU/?spm_id_from=333.1387.favlist.content.click,19,BV1Pb64BSELU,【杨博文】此男就这样一步一步扭进我心里 冬季版限定白色恋人袭来｜Whywhywhy 4k横屏直拍,游园会_杨博文,2026-02-01 18:52:15,33279,5087,881,3881,37,17,53,1
2026-07-16 07:11:19,https://www.bilibili.com/video/BV1Xm61BEEnt/?spm_id_from=333.1387.favlist.content.click&vd_source=bdf775a036c61c0159ac2f0c251aaeb7,20,BV1Xm61BEEnt,【杨博文】致命诱惑<希区考克 作品152> 4k 竖版直拍 Focus,Roseate丨杨博文,2026-01-31 17:54:23,48395,7823,3409,2856,208,259,425,1
2026-07-16 07:11:19,https://www.bilibili.com/video/BV18Ce3zpESm/?spm_id_from=333.1387.favlist.content.click,21,BV18Ce3zpESm,独一份的清冷破碎感｜杨博文｜路灯下的小姑娘4K直拍,WIX99,2025-08-20 16:44:03,20062,1046,186,637,63,46,26,1
2026-07-16 08:11:51,https://www.bilibili.com/video/BV1MGYnzrE9E/?spm_id_from=333.1387.favlist.content.click&vd_source=bdf775a036c61c0159ac2f0c251aaeb7,0,BV1MGYnzrE9E,杨博文跳 《Centuries》帅到窒息！！竖屏4K直拍,Kismet丨杨博文,2025-08-18 02:15:37,268468,12104,6678,7858,567,956,3372,1
2026-07-16 08:11:51,https://www.bilibili.com/video/BV1owvqBJEkn/?spm_id_from=333.1387.favlist.content.click&vd_source=bdf775a036c61c0159ac2f0c251aaeb7,1,BV1owvqBJEkn,【杨博文｜黄昏晓】 4K直拍,羊圈主,2025-12-28 00:28:04,19480,4377,1030,1668,70,88,256,1
2026-07-16 08:11:51,https://www.bilibili.com/video/BV1r9BeBZEMu/?spm_id_from=333.1387.favlist.content.click&vd_source=bdf775a036c61c0159ac2f0c251aaeb7,2,BV1r9BeBZEMu,【杨博文｜4K舞台直拍】《爱要坦荡荡》，四代主唱贝斯手玩转乐队，好青春洋溢,关键时刻来瓶尖叫,2025-12-27 00:55:22,40068,4798,771,3203,53,52,64,1
2026-07-16 08:11:51,https://www.bilibili.com/video/BV1Lb6tBBEYC/?spm_id_from=333.1387.favlist.content.click&vd_source=bdf775a036c61c0159ac2f0c251aaeb7,3,BV1Lb6tBBEYC,【4K精剪】闭嘴跳舞 | 杨博文直拍 | 260201,underthepoplar,2026-02-02 00:00:55,295221,23427,13374,16951,1909,1725,2888,1
2026-07-16 08:11:51,https://www.bilibili.com/video/BV1mJ64BREZY/?spm_id_from=333.1387.favlist.content.click&vd_source=bdf775a036c61c0159ac2f0c251aaeb7,4,BV1mJ64BREZY,【杨博文】闭嘴跳舞丨当主舞穿上西装就会得到,Kismet丨杨博文,2026-02-01 18:31:00,543538,33104,3597,23902,181,102,427,2
2026-07-16 08:11:51,https://www.bilibili.com/video/BV1J7Awz8EUZ/?spm_id_from=333.1387.favlist.content.click&vd_source=bdf775a036c61c0159ac2f0c251aaeb7,5,BV1J7Awz8EUZ,自测鸡蛋果,喜欢吃鸡蛋果,2026-03-21 16:17:31,1728,0,0,1,1,0,205,1
2026-07-16 08:11:51,https://www.bilibili.com/video/BV1LiM56WEWb/?spm_id_from=333.337.search-card.all.click,6,BV1LiM56WEWb,【4K精剪】Go in Blind | 杨博文直拍 | 250816 & 250817,underthepoplar,2026-07-09 02:46:30,25729,4220,1249,2320,48,69,46,1
2026-07-16 08:11:51,https://www.bilibili.com/video/BV1s8BvBPEN5/?spm_id_from=333.337.search-card.all.click&vd_source=bdf775a036c61c0159ac2f0c251aaeb7,7,BV1s8BvBPEN5,【杨博文｜4K舞台直拍】好运来祝你好运来～博文宝宝祝你新年好运来,关键时刻来瓶尖叫,2025-12-27 00:43:12,1903215,34150,16615,31844,8270,4298,4806,1
2026-07-16 08:11:51,https://www.bilibili.com/video/BV1q5ofBTEXC/?spm_id_from=333.1387.homepage.video_card.click&vd_source=c9ba0a78401ac34b07f18808dcb060f8,8,BV1q5ofBTEXC,脚本测试1,喜欢吃鸡蛋果,2026-04-26 13:54:58,984,3,0,1,0,615,486,1
2026-07-16 08:11:51,https://www.bilibili.com/video/BV1csffB7E4j/?spm_id_from=333.1387.favlist.content.click,9,BV1csffB7E4j,防吞,杨博文波纹收藏记录馆,2026-02-04 23:54:43,8983,347,127,2143,13,0,0,1
2026-07-16 08:11:51,https://www.bilibili.com/video/BV1XA6nBGEPV/?spm_id_from=333.1387.favlist.content.click,10,BV1XA6nBGEPV,【4K精剪】希区考克 作品152 | 杨博文直拍 | 260131,underthepoplar,2026-02-01 00:23:17,1923728,22459,21517,19267,10383,3978,6808,2
2026-07-16 08:11:51,https://www.bilibili.com/video/BV1e364BwE63/?spm_id_from=333.1387.favlist.content.click,11,BV1e364BwE63,【杨博文】Why Why Why竖屏4k focus,meetsummer丨杨博文,2026-02-01 19:33:16,92951,876,449,1412,6636,43,40,2
2026-07-16 08:11:51,https://www.bilibili.com/video/BV1EGBCBmEo8/?spm_id_from=333.1387.favlist.content.click,12,BV1EGBCBmEo8,【杨博文｜4K高清直拍】魅魔级别的《Manta》舞台，看博文如何一yeah封神,关键时刻来瓶尖叫,2025-12-27 23:15:44,769566,11995,9340,10608,7179,945,2305,1
2026-07-16 08:11:51,https://www.bilibili.com/video/BV1eQ6bBrE5m/?spm_id_from=333.1387.favlist.content.click,13,BV1eQ6bBrE5m,【杨博文】四代来了一个表管天才<闭嘴跳舞>4k精剪直拍,61strawberry,2026-02-01 20:51:17,169136,7960,1114,7913,6587,62,33,3
2026-07-16 08:11:51,https://www.bilibili.com/video/BV1A5vkB2E1k/?spm_id_from=333.1387.favlist.content.click,14,BV1A5vkB2E1k,【杨博文】Hey Mama六机位纯舞直拍丨15岁舞台统治者的诞生，四代主舞燃炸全场！,Kismet丨杨博文,2025-12-28 22:28:16,2509892,61328,43231,44528,14391,13489,20677,4
2026-07-16 08:11:51,https://www.bilibili.com/video/BV1UAdsBXEVU/?spm_id_from=333.1387.favlist.content.click,15,BV1UAdsBXEVU,自测2号鸡蛋果,喜欢吃鸡蛋果,2026-04-18 22:55:52,670,4,0,1,0,0,0,1
2026-07-16 08:11:51,https://www.bilibili.com/video/BV1J7Awz8EUZ/?spm_id_from=333.1387.favlist.content.click,16,BV1J7Awz8EUZ,自测鸡蛋果,喜欢吃鸡蛋果,2026-03-21 16:17:31,1728,0,0,1,1,0,205,1
2026-07-16 08:11:51,https://www.bilibili.com/video/BV1qbULBbE5U/?spm_id_from=333.1387.favlist.content.click,17,BV1qbULBbE5U,【4K直拍】刷到杨博文跳《Lucifer》还不点进来看！！,Kismet丨杨博文,2025-11-21 21:26:08,220665,26035,3187,18513,323,110,328,1
2026-07-16 08:11:51,https://www.bilibili.com/video/BV1p6eGzVE4p?spm_id_from=333.1387.favlist.content.click,18,BV1p6eGzVE4p,「杨博文｜Go In Blind」丝带一拿，爽感Max,Astra_杨博文,2025-08-20 22:04:32,18506,628,153,434,17,5,25,1
2026-07-16 08:11:51,https://www.bilibili.com/video/BV1Pb64BSELU/?spm_id_from=333.1387.favlist.content.click,19,BV1Pb64BSELU,【杨博文】此男就这样一步一步扭进我心里 冬季版限定白色恋人袭来｜Whywhywhy 4k横屏直拍,游园会_杨博文,2026-02-01 18:52:15,33280,5087,881,3881,37,17,53,1
2026-07-16 08:11:51,https://www.bilibili.com/video/BV1Xm61BEEnt/?spm_id_from=333.1387.favlist.content.click&vd_source=bdf775a036c61c0159ac2f0c251aaeb7,20,BV1Xm61BEEnt,【杨博文】致命诱惑<希区考克 作品152> 4k 竖版直拍 Focus,Roseate丨杨博文,2026-01-31 17:54:23,48398,7823,3409,2856,208,259,425,1
2026-07-16 08:11:51,https://www.bilibili.com/video/BV18Ce3zpESm/?spm_id_from=333.1387.favlist.content.click,21,BV18Ce3zpESm,独一份的清冷破碎感｜杨博文｜路灯下的小姑娘4K直拍,WIX99,2025-08-20 16:44:03,20065,1046,186,637,63,46,26,1
2026-07-16 09:12:21,https://www.bilibili.com/video/BV1MGYnzrE9E/?spm_id_from=333.1387.favlist.content.click&vd_source=bdf775a036c61c0159ac2f0c251aaeb7,0,BV1MGYnzrE9E,杨博文跳 《Centuries》帅到窒息！！竖屏4K直拍,Kismet丨杨博文,2025-08-18 02:15:37,268471,12104,6678,7858,567,956,3372,1
2026-07-16 09:12:21,https://www.bilibili.com/video/BV1owvqBJEkn/?spm_id_from=333.1387.favlist.content.click&vd_source=bdf775a036c61c0159ac2f0c251aaeb7,1,BV1owvqBJEkn,【杨博文｜黄昏晓】 4K直拍,羊圈主,2025-12-28 00:28:04,19481,4377,1030,1668,70,88,256,1
2026-07-16 09:12:21,https://www.bilibili.com/video/BV1r9BeBZEMu/?spm_id_from=333.1387.favlist.content.click&vd_source=bdf775a036c61c0159ac2f0c251aaeb7,2,BV1r9BeBZEMu,【杨博文｜4K舞台直拍】《爱要坦荡荡》，四代主唱贝斯手玩转乐队，好青春洋溢,关键时刻来瓶尖叫,2025-12-27 00:55:22,40072,4798,771,3203,53,52,64,1
2026-07-16 09:12:21,https://www.bilibili.com/video/BV1Lb6tBBEYC/?spm_id_from=333.1387.favlist.content.click&vd_source=bdf775a036c61c0159ac2f0c251aaeb7,3,BV1Lb6tBBEYC,【4K精剪】闭嘴跳舞 | 杨博文直拍 | 260201,underthepoplar,2026-02-02 00:00:55,295276,23433,13374,16953,1909,1725,2888,2
2026-07-16 09:12:21,https://www.bilibili.com/video/BV1mJ64BREZY/?spm_id_from=333.1387.favlist.content.click&vd_source=bdf775a036c61c0159ac2f0c251aaeb7,4,BV1mJ64BREZY,【杨博文】闭嘴跳舞丨当主舞穿上西装就会得到,Kismet丨杨博文,2026-02-01 18:31:00,543636,33109,3597,23905,181,102,427,5
2026-07-16 09:12:21,https://www.bilibili.com/video/BV1J7Awz8EUZ/?spm_id_from=333.1387.favlist.content.click&vd_source=bdf775a036c61c0159ac2f0c251aaeb7,5,BV1J7Awz8EUZ,自测鸡蛋果,喜欢吃鸡蛋果,2026-03-21 16:17:31,1728,0,0,1,1,0,205,1
2026-07-16 09:12:21,https://www.bilibili.com/video/BV1LiM56WEWb/?spm_id_from=333.337.search-card.all.click,6,BV1LiM56WEWb,【4K精剪】Go in Blind | 杨博文直拍 | 250816 & 250817,underthepoplar,2026-07-09 02:46:30,25759,4224,1249,2319,48,69,46,1
2026-07-16 09:12:21,https://www.bilibili.com/video/BV1s8BvBPEN5/?spm_id_from=333.337.search-card.all.click&vd_source=bdf775a036c61c0159ac2f0c251aaeb7,7,BV1s8BvBPEN5,【杨博文｜4K舞台直拍】好运来祝你好运来～博文宝宝祝你新年好运来,关键时刻来瓶尖叫,2025-12-27 00:43:12,1903223,34150,16615,31844,8277,4298,4806,2
2026-07-16 09:12:21,https://www.bilibili.com/video/BV1q5ofBTEXC/?spm_id_from=333.1387.homepage.video_card.click&vd_source=c9ba0a78401ac34b07f18808dcb060f8,8,BV1q5ofBTEXC,脚本测试1,喜欢吃鸡蛋果,2026-04-26 13:54:58,984,3,0,1,0,615,486,1
2026-07-16 09:12:21,https://www.bilibili.com/video/BV1csffB7E4j/?spm_id_from=333.1387.favlist.content.click,9,BV1csffB7E4j,防吞,杨博文波纹收藏记录馆,2026-02-04 23:54:43,8986,347,127,2144,13,0,0,1
2026-07-16 09:12:21,https://www.bilibili.com/video/BV1XA6nBGEPV/?spm_id_from=333.1387.favlist.content.click,10,BV1XA6nBGEPV,【4K精剪】希区考克 作品152 | 杨博文直拍 | 260131,underthepoplar,2026-02-01 00:23:17,1923740,22459,21517,19272,10389,3978,6808,2
2026-07-16 09:12:21,https://www.bilibili.com/video/BV1e364BwE63/?spm_id_from=333.1387.favlist.content.click,11,BV1e364BwE63,【杨博文】Why Why Why竖屏4k focus,meetsummer丨杨博文,2026-02-01 19:33:16,93209,877,449,1416,6643,43,40,2
2026-07-16 09:12:21,https://www.bilibili.com/video/BV1EGBCBmEo8/?spm_id_from=333.1387.favlist.content.click,12,BV1EGBCBmEo8,【杨博文｜4K高清直拍】魅魔级别的《Manta》舞台，看博文如何一yeah封神,关键时刻来瓶尖叫,2025-12-27 23:15:44,769772,11995,9340,10609,7186,945,2305,1
2026-07-16 09:12:21,https://www.bilibili.com/video/BV1eQ6bBrE5m/?spm_id_from=333.1387.favlist.content.click,13,BV1eQ6bBrE5m,【杨博文】四代来了一个表管天才<闭嘴跳舞>4k精剪直拍,61strawberry,2026-02-01 20:51:17,169420,7962,1114,7920,6595,62,33,6
2026-07-16 09:12:21,https://www.bilibili.com/video/BV1A5vkB2E1k/?spm_id_from=333.1387.favlist.content.click,14,BV1A5vkB2E1k,【杨博文】Hey Mama六机位纯舞直拍丨15岁舞台统治者的诞生，四代主舞燃炸全场！,Kismet丨杨博文,2025-12-28 22:28:16,2510099,61330,43231,44531,14398,13489,20677,3
2026-07-16 09:12:21,https://www.bilibili.com/video/BV1UAdsBXEVU/?spm_id_from=333.1387.favlist.content.click,15,BV1UAdsBXEVU,自测2号鸡蛋果,喜欢吃鸡蛋果,2026-04-18 22:55:52,670,4,0,1,0,0,0,1
2026-07-16 09:12:21,https://www.bilibili.com/video/BV1J7Awz8EUZ/?spm_id_from=333.1387.favlist.content.click,16,BV1J7Awz8EUZ,自测鸡蛋果,喜欢吃鸡蛋果,2026-03-21 16:17:31,1728,0,0,1,1,0,205,1
2026-07-16 09:12:21,https://www.bilibili.com/video/BV1qbULBbE5U/?spm_id_from=333.1387.favlist.content.click,17,BV1qbULBbE5U,【4K直拍】刷到杨博文跳《Lucifer》还不点进来看！！,Kismet丨杨博文,2025-11-21 21:26:08,220668,26035,3187,18513,323,110,328,1
2026-07-16 09:12:21,https://www.bilibili.com/video/BV1p6eGzVE4p?spm_id_from=333.1387.favlist.content.click,18,BV1p6eGzVE4p,「杨博文｜Go In Blind」丝带一拿，爽感Max,Astra_杨博文,2025-08-20 22:04:32,18507,628,153,434,17,5,25,1
2026-07-16 09:12:21,https://www.bilibili.com/video/BV1Pb64BSELU/?spm_id_from=333.1387.favlist.content.click,19,BV1Pb64BSELU,【杨博文】此男就这样一步一步扭进我心里 冬季版限定白色恋人袭来｜Whywhywhy 4k横屏直拍,游园会_杨博文,2026-02-01 18:52:15,33286,5088,881,3881,37,17,53,1
2026-07-16 09:12:21,https://www.bilibili.com/video/BV1Xm61BEEnt/?spm_id_from=333.1387.favlist.content.click&vd_source=bdf775a036c61c0159ac2f0c251aaeb7,20,BV1Xm61BEEnt,【杨博文】致命诱惑<希区考克 作品152> 4k 竖版直拍 Focus,Roseate丨杨博文,2026-01-31 17:54:23,48399,7823,3409,2857,208,259,425,1
2026-07-16 09:12:21,https://www.bilibili.com/video/BV18Ce3zpESm/?spm_id_from=333.1387.favlist.content.click,21,BV18Ce3zpESm,独一份的清冷破碎感｜杨博文｜路灯下的小姑娘4K直拍,WIX99,2025-08-20 16:44:03,20067,1046,186,637,63,46,26,1
2026-07-16 10:12:40,https://www.bilibili.com/video/BV1MGYnzrE9E/?spm_id_from=333.1387.favlist.content.click&vd_source=bdf775a036c61c0159ac2f0c251aaeb7,0,BV1MGYnzrE9E,杨博文跳 《Centuries》帅到窒息！！竖屏4K直拍,Kismet丨杨博文,2025-08-18 02:15:37,268472,12104,6678,7858,567,956,3372,1
2026-07-16 10:12:40,https://www.bilibili.com/video/BV1owvqBJEkn/?spm_id_from=333.1387.favlist.content.click&vd_source=bdf775a036c61c0159ac2f0c251aaeb7,1,BV1owvqBJEkn,【杨博文｜黄昏晓】 4K直拍,羊圈主,2025-12-28 00:28:04,19482,4377,1030,1668,70,88,256,1
2026-07-16 10:12:40,https://www.bilibili.com/video/BV1r9BeBZEMu/?spm_id_from=333.1387.favlist.content.click&vd_source=bdf775a036c61c0159ac2f0c251aaeb7,2,BV1r9BeBZEMu,【杨博文｜4K舞台直拍】《爱要坦荡荡》，四代主唱贝斯手玩转乐队，好青春洋溢,关键时刻来瓶尖叫,2025-12-27 00:55:22,40074,4798,771,3203,53,52,64,1
2026-07-16 10:12:40,https://www.bilibili.com/video/BV1Lb6tBBEYC/?spm_id_from=333.1387.favlist.content.click&vd_source=bdf775a036c61c0159ac2f0c251aaeb7,3,BV1Lb6tBBEYC,【4K精剪】闭嘴跳舞 | 杨博文直拍 | 260201,underthepoplar,2026-02-02 00:00:55,295398,23450,13376,16960,1909,1729,2888,2
2026-07-16 10:12:40,https://www.bilibili.com/video/BV1mJ64BREZY/?spm_id_from=333.1387.favlist.content.click&vd_source=bdf775a036c61c0159ac2f0c251aaeb7,4,BV1mJ64BREZY,【杨博文】闭嘴跳舞丨当主舞穿上西装就会得到,Kismet丨杨博文,2026-02-01 18:31:00,543856,33121,3597,23913,181,102,427,4
2026-07-16 10:12:40,https://www.bilibili.com/video/BV1J7Awz8EUZ/?spm_id_from=333.1387.favlist.content.click&vd_source=bdf775a036c61c0159ac2f0c251aaeb7,5,BV1J7Awz8EUZ,自测鸡蛋果,喜欢吃鸡蛋果,2026-03-21 16:17:31,1728,0,0,1,1,0,205,1
2026-07-16 10:12:40,https://www.bilibili.com/video/BV1LiM56WEWb/?spm_id_from=333.337.search-card.all.click,6,BV1LiM56WEWb,【4K精剪】Go in Blind | 杨博文直拍 | 250816 & 250817,underthepoplar,2026-07-09 02:46:30,25808,4238,1249,2328,48,69,48,2
2026-07-16 10:12:40,https://www.bilibili.com/video/BV1s8BvBPEN5/?spm_id_from=333.337.search-card.all.click&vd_source=bdf775a036c61c0159ac2f0c251aaeb7,7,BV1s8BvBPEN5,【杨博文｜4K舞台直拍】好运来祝你好运来～博文宝宝祝你新年好运来,关键时刻来瓶尖叫,2025-12-27 00:43:12,1903234,34150,16615,31844,8289,4299,4806,1
2026-07-16 10:12:40,https://www.bilibili.com/video/BV1q5ofBTEXC/?spm_id_from=333.1387.homepage.video_card.click&vd_source=c9ba0a78401ac34b07f18808dcb060f8,8,BV1q5ofBTEXC,脚本测试1,喜欢吃鸡蛋果,2026-04-26 13:54:58,984,3,0,1,0,615,486,1
2026-07-16 10:12:40,https://www.bilibili.com/video/BV1csffB7E4j/?spm_id_from=333.1387.favlist.content.click,9,BV1csffB7E4j,防吞,杨博文波纹收藏记录馆,2026-02-04 23:54:43,8986,347,127,2144,13,0,0,1
2026-07-16 10:12:40,https://www.bilibili.com/video/BV1XA6nBGEPV/?spm_id_from=333.1387.favlist.content.click,10,BV1XA6nBGEPV,【4K精剪】希区考克 作品152 | 杨博文直拍 | 260131,underthepoplar,2026-02-01 00:23:17,1923750,22459,21517,19272,10402,3978,6808,1
2026-07-16 10:12:40,https://www.bilibili.com/video/BV1e364BwE63/?spm_id_from=333.1387.favlist.content.click,11,BV1e364BwE63,【杨博文】Why Why Why竖屏4k focus,meetsummer丨杨博文,2026-02-01 19:33:16,93489,877,449,1417,6655,43,40,1
2026-07-16 10:12:40,https://www.bilibili.com/video/BV1EGBCBmEo8/?spm_id_from=333.1387.favlist.content.click,12,BV1EGBCBmEo8,【杨博文｜4K高清直拍】魅魔级别的《Manta》舞台，看博文如何一yeah封神,关键时刻来瓶尖叫,2025-12-27 23:15:44,770001,11996,9342,10609,7198,945,2305,1
2026-07-16 10:12:40,https://www.bilibili.com/video/BV1eQ6bBrE5m/?spm_id_from=333.1387.favlist.content.click,13,BV1eQ6bBrE5m,【杨博文】四代来了一个表管天才<闭嘴跳舞>4k精剪直拍,61strawberry,2026-02-01 20:51:17,169722,7965,1116,7923,6606,62,33,2
2026-07-16 10:12:40,https://www.bilibili.com/video/BV1A5vkB2E1k/?spm_id_from=333.1387.favlist.content.click,14,BV1A5vkB2E1k,【杨博文】Hey Mama六机位纯舞直拍丨15岁舞台统治者的诞生，四代主舞燃炸全场！,Kismet丨杨博文,2025-12-28 22:28:16,2510366,61333,43231,44534,14410,13489,20677,1
2026-07-16 10:12:40,https://www.bilibili.com/video/BV1UAdsBXEVU/?spm_id_from=333.1387.favlist.content.click,15,BV1UAdsBXEVU,自测2号鸡蛋果,喜欢吃鸡蛋果,2026-04-18 22:55:52,670,4,0,1,0,0,0,1
2026-07-16 10:12:40,https://www.bilibili.com/video/BV1J7Awz8EUZ/?spm_id_from=333.1387.favlist.content.click,16,BV1J7Awz8EUZ,自测鸡蛋果,喜欢吃鸡蛋果,2026-03-21 16:17:31,1728,0,0,1,1,0,205,1
2026-07-16 10:12:40,https://www.bilibili.com/video/BV1qbULBbE5U/?spm_id_from=333.1387.favlist.content.click,17,BV1qbULBbE5U,【4K直拍】刷到杨博文跳《Lucifer》还不点进来看！！,Kismet丨杨博文,2025-11-21 21:26:08,220675,26035,3187,18513,323,110,328,1
2026-07-16 10:12:40,https://www.bilibili.com/video/BV1p6eGzVE4p?spm_id_from=333.1387.favlist.content.click,18,BV1p6eGzVE4p,「杨博文｜Go In Blind」丝带一拿，爽感Max,Astra_杨博文,2025-08-20 22:04:32,18507,628,153,434,17,5,25,1
2026-07-16 10:12:40,https://www.bilibili.com/video/BV1Pb64BSELU/?spm_id_from=333.1387.favlist.content.click,19,BV1Pb64BSELU,【杨博文】此男就这样一步一步扭进我心里 冬季版限定白色恋人袭来｜Whywhywhy 4k横屏直拍,游园会_杨博文,2026-02-01 18:52:15,33294,5090,881,3883,37,17,53,1
2026-07-16 10:12:40,https://www.bilibili.com/video/BV1Xm61BEEnt/?spm_id_from=333.1387.favlist.content.click&vd_source=bdf775a036c61c0159ac2f0c251aaeb7,20,BV1Xm61BEEnt,【杨博文】致命诱惑<希区考克 作品152> 4k 竖版直拍 Focus,Roseate丨杨博文,2026-01-31 17:54:23,48400,7823,3409,2857,208,259,425,1
2026-07-16 10:12:40,https://www.bilibili.com/video/BV18Ce3zpESm/?spm_id_from=333.1387.favlist.content.click,21,BV18Ce3zpESm,独一份的清冷破碎感｜杨博文｜路灯下的小姑娘4K直拍,WIX99,2025-08-20 16:44:03,20068,1046,186,637,63,46,26,1
2026-07-16 11:13:11,https://www.bilibili.com/video/BV1MGYnzrE9E/?spm_id_from=333.1387.favlist.content.click&vd_source=bdf775a036c61c0159ac2f0c251aaeb7,0,BV1MGYnzrE9E,杨博文跳 《Centuries》帅到窒息！！竖屏4K直拍,Kismet丨杨博文,2025-08-18 02:15:37,268477,12105,6680,7858,567,956,3372,1
2026-07-16 11:13:11,https://www.bilibili.com/video/BV1owvqBJEkn/?spm_id_from=333.1387.favlist.content.click&vd_source=bdf775a036c61c0159ac2f0c251aaeb7,1,BV1owvqBJEkn,【杨博文｜黄昏晓】 4K直拍,羊圈主,2025-12-28 00:28:04,19483,4377,1030,1668,70,88,256,1
2026-07-16 11:13:11,https://www.bilibili.com/video/BV1r9BeBZEMu/?spm_id_from=333.1387.favlist.content.click&vd_source=bdf775a036c61c0159ac2f0c251aaeb7,2,BV1r9BeBZEMu,【杨博文｜4K舞台直拍】《爱要坦荡荡》，四代主唱贝斯手玩转乐队，好青春洋溢,关键时刻来瓶尖叫,2025-12-27 00:55:22,40076,4798,771,3203,53,52,64,1
2026-07-16 11:13:11,https://www.bilibili.com/video/BV1Lb6tBBEYC/?spm_id_from=333.1387.favlist.content.click&vd_source=bdf775a036c61c0159ac2f0c251aaeb7,3,BV1Lb6tBBEYC,【4K精剪】闭嘴跳舞 | 杨博文直拍 | 260201,underthepoplar,2026-02-02 00:00:55,295553,23461,13377,16966,1910,1729,2888,6
2026-07-16 11:13:11,https://www.bilibili.com/video/BV1mJ64BREZY/?spm_id_from=333.1387.favlist.content.click&vd_source=bdf775a036c61c0159ac2f0c251aaeb7,4,BV1mJ64BREZY,【杨博文】闭嘴跳舞丨当主舞穿上西装就会得到,Kismet丨杨博文,2026-02-01 18:31:00,544130,33132,3597,23920,181,102,427,5
2026-07-16 11:13:11,https://www.bilibili.com/video/BV1J7Awz8EUZ/?spm_id_from=333.1387.favlist.content.click&vd_source=bdf775a036c61c0159ac2f0c251aaeb7,5,BV1J7Awz8EUZ,自测鸡蛋果,喜欢吃鸡蛋果,2026-03-21 16:17:31,1728,0,0,1,1,0,205,1
2026-07-16 11:13:11,https://www.bilibili.com/video/BV1LiM56WEWb/?spm_id_from=333.337.search-card.all.click,6,BV1LiM56WEWb,【4K精剪】Go in Blind | 杨博文直拍 | 250816 & 250817,underthepoplar,2026-07-09 02:46:30,25869,4251,1249,2333,48,69,48,1
2026-07-16 11:13:11,https://www.bilibili.com/video/BV1s8BvBPEN5/?spm_id_from=333.337.search-card.all.click&vd_source=bdf775a036c61c0159ac2f0c251aaeb7,7,BV1s8BvBPEN5,【杨博文｜4K舞台直拍】好运来祝你好运来～博文宝宝祝你新年好运来,关键时刻来瓶尖叫,2025-12-27 00:43:12,1903248,34151,16617,31845,8294,4299,4806,1
2026-07-16 11:13:11,https://www.bilibili.com/video/BV1q5ofBTEXC/?spm_id_from=333.1387.homepage.video_card.click&vd_source=c9ba0a78401ac34b07f18808dcb060f8,8,BV1q5ofBTEXC,脚本测试1,喜欢吃鸡蛋果,2026-04-26 13:54:58,984,3,0,1,0,615,486,1
2026-07-16 11:13:11,https://www.bilibili.com/video/BV1csffB7E4j/?spm_id_from=333.1387.favlist.content.click,9,BV1csffB7E4j,防吞,杨博文波纹收藏记录馆,2026-02-04 23:54:43,8988,347,127,2144,13,0,0,1
2026-07-16 11:13:11,https://www.bilibili.com/video/BV1XA6nBGEPV/?spm_id_from=333.1387.favlist.content.click,10,BV1XA6nBGEPV,【4K精剪】希区考克 作品152 | 杨博文直拍 | 260131,underthepoplar,2026-02-01 00:23:17,1923767,22460,21517,19275,10407,3978,6808,5
2026-07-16 11:13:11,https://www.bilibili.com/video/BV1e364BwE63/?spm_id_from=333.1387.favlist.content.click,11,BV1e364BwE63,【杨博文】Why Why Why竖屏4k focus,meetsummer丨杨博文,2026-02-01 19:33:16,93813,877,449,1420,6660,43,40,3
2026-07-16 11:13:11,https://www.bilibili.com/video/BV1EGBCBmEo8/?spm_id_from=333.1387.favlist.content.click,12,BV1EGBCBmEo8,【杨博文｜4K高清直拍】魅魔级别的《Manta》舞台，看博文如何一yeah封神,关键时刻来瓶尖叫,2025-12-27 23:15:44,770272,11996,9342,10612,7203,945,2305,1
2026-07-16 11:13:11,https://www.bilibili.com/video/BV1eQ6bBrE5m/?spm_id_from=333.1387.favlist.content.click,13,BV1eQ6bBrE5m,【杨博文】四代来了一个表管天才<闭嘴跳舞>4k精剪直拍,61strawberry,2026-02-01 20:51:17,170067,7965,1116,7926,6612,62,33,4
2026-07-16 11:13:11,https://www.bilibili.com/video/BV1A5vkB2E1k/?spm_id_from=333.1387.favlist.content.click,14,BV1A5vkB2E1k,【杨博文】Hey Mama六机位纯舞直拍丨15岁舞台统治者的诞生，四代主舞燃炸全场！,Kismet丨杨博文,2025-12-28 22:28:16,2510638,61335,43232,44536,14417,13489,20677,5
2026-07-16 11:13:11,https://www.bilibili.com/video/BV1UAdsBXEVU/?spm_id_from=333.1387.favlist.content.click,15,BV1UAdsBXEVU,自测2号鸡蛋果,喜欢吃鸡蛋果,2026-04-18 22:55:52,670,4,0,1,0,0,0,1
2026-07-16 11:13:11,https://www.bilibili.com/video/BV1J7Awz8EUZ/?spm_id_from=333.1387.favlist.content.click,16,BV1J7Awz8EUZ,自测鸡蛋果,喜欢吃鸡蛋果,2026-03-21 16:17:31,1728,0,0,1,1,0,205,1
2026-07-16 11:13:11,https://www.bilibili.com/video/BV1qbULBbE5U/?spm_id_from=333.1387.favlist.content.click,17,BV1qbULBbE5U,【4K直拍】刷到杨博文跳《Lucifer》还不点进来看！！,Kismet丨杨博文,2025-11-21 21:26:08,220675,26035,3187,18513,323,110,328,1
2026-07-16 11:13:11,https://www.bilibili.com/video/BV1p6eGzVE4p?spm_id_from=333.1387.favlist.content.click,18,BV1p6eGzVE4p,「杨博文｜Go In Blind」丝带一拿，爽感Max,Astra_杨博文,2025-08-20 22:04:32,18508,628,153,435,17,5,25,1
2026-07-16 11:13:11,https://www.bilibili.com/video/BV1Pb64BSELU/?spm_id_from=333.1387.favlist.content.click,19,BV1Pb64BSELU,【杨博文】此男就这样一步一步扭进我心里 冬季版限定白色恋人袭来｜Whywhywhy 4k横屏直拍,游园会_杨博文,2026-02-01 18:52:15,33305,5091,881,3883,37,17,53,1
2026-07-16 11:13:11,https://www.bilibili.com/video/BV1Xm61BEEnt/?spm_id_from=333.1387.favlist.content.click&vd_source=bdf775a036c61c0159ac2f0c251aaeb7,20,BV1Xm61BEEnt,【杨博文】致命诱惑<希区考克 作品152> 4k 竖版直拍 Focus,Roseate丨杨博文,2026-01-31 17:54:23,48400,7823,3409,2857,208,259,425,1
2026-07-16 11:13:11,https://www.bilibili.com/video/BV18Ce3zpESm/?spm_id_from=333.1387.favlist.content.click,21,BV18Ce3zpESm,独一份的清冷破碎感｜杨博文｜路灯下的小姑娘4K直拍,WIX99,2025-08-20 16:44:03,20070,1046,186,637,63,46,26,1
2026-07-16 12:13:50,https://www.bilibili.com/video/BV1MGYnzrE9E/?spm_id_from=333.1387.favlist.content.click&vd_source=bdf775a036c61c0159ac2f0c251aaeb7,0,BV1MGYnzrE9E,杨博文跳 《Centuries》帅到窒息！！竖屏4K直拍,Kismet丨杨博文,2025-08-18 02:15:37,268479,12105,6680,7858,567,956,3372,1
2026-07-16 12:13:50,https://www.bilibili.com/video/BV1owvqBJEkn/?spm_id_from=333.1387.favlist.content.click&vd_source=bdf775a036c61c0159ac2f0c251aaeb7,1,BV1owvqBJEkn,【杨博文｜黄昏晓】 4K直拍,羊圈主,2025-12-28 00:28:04,19483,4377,1030,1668,70,88,256,1
2026-07-16 12:13:50,https://www.bilibili.com/video/BV1r9BeBZEMu/?spm_id_from=333.1387.favlist.content.click&vd_source=bdf775a036c61c0159ac2f0c251aaeb7,2,BV1r9BeBZEMu,【杨博文｜4K舞台直拍】《爱要坦荡荡》，四代主唱贝斯手玩转乐队，好青春洋溢,关键时刻来瓶尖叫,2025-12-27 00:55:22,40078,4798,771,3203,53,52,64,1
2026-07-16 12:13:50,https://www.bilibili.com/video/BV1Lb6tBBEYC/?spm_id_from=333.1387.favlist.content.click&vd_source=bdf775a036c61c0159ac2f0c251aaeb7,3,BV1Lb6tBBEYC,【4K精剪】闭嘴跳舞 | 杨博文直拍 | 260201,underthepoplar,2026-02-02 00:00:55,295754,23476,13379,16971,1910,1729,2888,7
2026-07-16 12:13:50,https://www.bilibili.com/video/BV1mJ64BREZY/?spm_id_from=333.1387.favlist.content.click&vd_source=bdf775a036c61c0159ac2f0c251aaeb7,4,BV1mJ64BREZY,【杨博文】闭嘴跳舞丨当主舞穿上西装就会得到,Kismet丨杨博文,2026-02-01 18:31:00,544402,33141,3597,23928,181,102,427,5
2026-07-16 12:13:50,https://www.bilibili.com/video/BV1J7Awz8EUZ/?spm_id_from=333.1387.favlist.content.click&vd_source=bdf775a036c61c0159ac2f0c251aaeb7,5,BV1J7Awz8EUZ,自测鸡蛋果,喜欢吃鸡蛋果,2026-03-21 16:17:31,1728,0,0,1,1,0,205,1
2026-07-16 12:13:50,https://www.bilibili.com/video/BV1LiM56WEWb/?spm_id_from=333.337.search-card.all.click,6,BV1LiM56WEWb,【4K精剪】Go in Blind | 杨博文直拍 | 250816 & 250817,underthepoplar,2026-07-09 02:46:30,25923,4265,1251,2343,48,69,48,1
2026-07-16 12:13:50,https://www.bilibili.com/video/BV1s8BvBPEN5/?spm_id_from=333.337.search-card.all.click&vd_source=bdf775a036c61c0159ac2f0c251aaeb7,7,BV1s8BvBPEN5,【杨博文｜4K舞台直拍】好运来祝你好运来～博文宝宝祝你新年好运来,关键时刻来瓶尖叫,2025-12-27 00:43:12,1903260,34152,16619,31845,8298,4299,4806,1
2026-07-16 12:13:50,https://www.bilibili.com/video/BV1q5ofBTEXC/?spm_id_from=333.1387.homepage.video_card.click&vd_source=c9ba0a78401ac34b07f18808dcb060f8,8,BV1q5ofBTEXC,脚本测试1,喜欢吃鸡蛋果,2026-04-26 13:54:58,984,3,0,1,0,615,486,1
2026-07-16 12:13:50,https://www.bilibili.com/video/BV1csffB7E4j/?spm_id_from=333.1387.favlist.content.click,9,BV1csffB7E4j,防吞,杨博文波纹收藏记录馆,2026-02-04 23:54:43,8993,348,127,2150,13,0,0,1
2026-07-16 12:13:50,https://www.bilibili.com/video/BV1XA6nBGEPV/?spm_id_from=333.1387.favlist.content.click,10,BV1XA6nBGEPV,【4K精剪】希区考克 作品152 | 杨博文直拍 | 260131,underthepoplar,2026-02-01 00:23:17,1923782,22463,21520,19282,10411,3978,6808,7
2026-07-16 12:13:50,https://www.bilibili.com/video/BV1e364BwE63/?spm_id_from=333.1387.favlist.content.click,11,BV1e364BwE63,【杨博文】Why Why Why竖屏4k focus,meetsummer丨杨博文,2026-02-01 19:33:16,94171,881,454,1428,6664,43,40,9
2026-07-16 12:13:50,https://www.bilibili.com/video/BV1EGBCBmEo8/?spm_id_from=333.1387.favlist.content.click,12,BV1EGBCBmEo8,【杨博文｜4K高清直拍】魅魔级别的《Manta》舞台，看博文如何一yeah封神,关键时刻来瓶尖叫,2025-12-27 23:15:44,770558,11998,9345,10619,7207,945,2305,3
2026-07-16 12:13:50,https://www.bilibili.com/video/BV1eQ6bBrE5m/?spm_id_from=333.1387.favlist.content.click,13,BV1eQ6bBrE5m,【杨博文】四代来了一个表管天才<闭嘴跳舞>4k精剪直拍,61strawberry,2026-02-01 20:51:17,170471,7972,1119,7936,6615,62,33,10
2026-07-16 12:13:50,https://www.bilibili.com/video/BV1A5vkB2E1k/?spm_id_from=333.1387.favlist.content.click,14,BV1A5vkB2E1k,【杨博文】Hey Mama六机位纯舞直拍丨15岁舞台统治者的诞生，四代主舞燃炸全场！,Kismet丨杨博文,2025-12-28 22:28:16,2510969,61343,43241,44544,14422,13489,20677,8
2026-07-16 12:13:50,https://www.bilibili.com/video/BV1UAdsBXEVU/?spm_id_from=333.1387.favlist.content.click,15,BV1UAdsBXEVU,自测2号鸡蛋果,喜欢吃鸡蛋果,2026-04-18 22:55:52,670,4,0,1,0,0,0,1
2026-07-16 12:13:50,https://www.bilibili.com/video/BV1J7Awz8EUZ/?spm_id_from=333.1387.favlist.content.click,16,BV1J7Awz8EUZ,自测鸡蛋果,喜欢吃鸡蛋果,2026-03-21 16:17:31,1728,0,0,1,1,0,205,1
2026-07-16 12:13:50,https://www.bilibili.com/video/BV1qbULBbE5U/?spm_id_from=333.1387.favlist.content.click,17,BV1qbULBbE5U,【4K直拍】刷到杨博文跳《Lucifer》还不点进来看！！,Kismet丨杨博文,2025-11-21 21:26:08,220686,26036,3189,18514,323,110,328,1
2026-07-16 12:13:50,https://www.bilibili.com/video/BV1p6eGzVE4p?spm_id_from=333.1387.favlist.content.click,18,BV1p6eGzVE4p,「杨博文｜Go In Blind」丝带一拿，爽感Max,Astra_杨博文,2025-08-20 22:04:32,18509,628,153,435,17,5,25,1
2026-07-16 12:13:50,https://www.bilibili.com/video/BV1Pb64BSELU/?spm_id_from=333.1387.favlist.content.click,19,BV1Pb64BSELU,【杨博文】此男就这样一步一步扭进我心里 冬季版限定白色恋人袭来｜Whywhywhy 4k横屏直拍,游园会_杨博文,2026-02-01 18:52:15,33313,5093,881,3885,37,17,53,1
2026-07-16 12:13:50,https://www.bilibili.com/video/BV1Xm61BEEnt/?spm_id_from=333.1387.favlist.content.click&vd_source=bdf775a036c61c0159ac2f0c251aaeb7,20,BV1Xm61BEEnt,【杨博文】致命诱惑<希区考克 作品152> 4k 竖版直拍 Focus,Roseate丨杨博文,2026-01-31 17:54:23,48402,7823,3409,2857,208,259,425,1
2026-07-16 12:13:50,https://www.bilibili.com/video/BV18Ce3zpESm/?spm_id_from=333.1387.favlist.content.click,21,BV18Ce3zpESm,独一份的清冷破碎感｜杨博文｜路灯下的小姑娘4K直拍,WIX99,2025-08-20 16:44:03,20072,1046,186,637,63,46,26,1
2026-07-16 13:14:32,https://www.bilibili.com/video/BV1MGYnzrE9E/?spm_id_from=333.1387.favlist.content.click&vd_source=bdf775a036c61c0159ac2f0c251aaeb7,0,BV1MGYnzrE9E,杨博文跳 《Centuries》帅到窒息！！竖屏4K直拍,Kismet丨杨博文,2025-08-18 02:15:37,268484,12106,6681,7858,567,956,3372,1
2026-07-16 13:14:32,https://www.bilibili.com/video/BV1owvqBJEkn/?spm_id_from=333.1387.favlist.content.click&vd_source=bdf775a036c61c0159ac2f0c251aaeb7,1,BV1owvqBJEkn,【杨博文｜黄昏晓】 4K直拍,羊圈主,2025-12-28 00:28:04,19486,4378,1030,1669,70,88,256,1
2026-07-16 13:14:32,https://www.bilibili.com/video/BV1r9BeBZEMu/?spm_id_from=333.1387.favlist.content.click&vd_source=bdf775a036c61c0159ac2f0c251aaeb7,2,BV1r9BeBZEMu,【杨博文｜4K舞台直拍】《爱要坦荡荡》，四代主唱贝斯手玩转乐队，好青春洋溢,关键时刻来瓶尖叫,2025-12-27 00:55:22,40082,4798,771,3203,53,52,64,1
2026-07-16 13:14:32,https://www.bilibili.com/video/BV1Lb6tBBEYC/?spm_id_from=333.1387.favlist.content.click&vd_source=bdf775a036c61c0159ac2f0c251aaeb7,3,BV1Lb6tBBEYC,【4K精剪】闭嘴跳舞 | 杨博文直拍 | 260201,underthepoplar,2026-02-02 00:00:55,296025,23500,13379,16982,1910,1729,2889,6
2026-07-16 13:14:32,https://www.bilibili.com/video/BV1mJ64BREZY/?spm_id_from=333.1387.favlist.content.click&vd_source=bdf775a036c61c0159ac2f0c251aaeb7,4,BV1mJ64BREZY,【杨博文】闭嘴跳舞丨当主舞穿上西装就会得到,Kismet丨杨博文,2026-02-01 18:31:00,544721,33142,3598,23932,181,102,427,7
2026-07-16 13:14:32,https://www.bilibili.com/video/BV1J7Awz8EUZ/?spm_id_from=333.1387.favlist.content.click&vd_source=bdf775a036c61c0159ac2f0c251aaeb7,5,BV1J7Awz8EUZ,自测鸡蛋果,喜欢吃鸡蛋果,2026-03-21 16:17:31,1728,0,0,1,1,0,205,1
2026-07-16 13:14:32,https://www.bilibili.com/video/BV1LiM56WEWb/?spm_id_from=333.337.search-card.all.click,6,BV1LiM56WEWb,【4K精剪】Go in Blind | 杨博文直拍 | 250816 & 250817,underthepoplar,2026-07-09 02:46:30,26020,4282,1252,2350,49,69,48,3
2026-07-16 13:14:32,https://www.bilibili.com/video/BV1s8BvBPEN5/?spm_id_from=333.337.search-card.all.click&vd_source=bdf775a036c61c0159ac2f0c251aaeb7,7,BV1s8BvBPEN5,【杨博文｜4K舞台直拍】好运来祝你好运来～博文宝宝祝你新年好运来,关键时刻来瓶尖叫,2025-12-27 00:43:12,1903276,34154,16621,31845,8304,4299,4806,2
2026-07-16 13:14:32,https://www.bilibili.com/video/BV1q5ofBTEXC/?spm_id_from=333.1387.homepage.video_card.click&vd_source=c9ba0a78401ac34b07f18808dcb060f8,8,BV1q5ofBTEXC,脚本测试1,喜欢吃鸡蛋果,2026-04-26 13:54:58,984,3,0,1,0,615,486,1
2026-07-16 13:14:32,https://www.bilibili.com/video/BV1csffB7E4j/?spm_id_from=333.1387.favlist.content.click,9,BV1csffB7E4j,防吞,杨博文波纹收藏记录馆,2026-02-04 23:54:43,8996,348,127,2153,13,0,0,2
2026-07-16 13:14:32,https://www.bilibili.com/video/BV1XA6nBGEPV/?spm_id_from=333.1387.favlist.content.click,10,BV1XA6nBGEPV,【4K精剪】希区考克 作品152 | 杨博文直拍 | 260131,underthepoplar,2026-02-01 00:23:17,1923802,22462,21520,19282,10417,3978,6808,8
2026-07-16 13:14:32,https://www.bilibili.com/video/BV1e364BwE63/?spm_id_from=333.1387.favlist.content.click,11,BV1e364BwE63,【杨博文】Why Why Why竖屏4k focus,meetsummer丨杨博文,2026-02-01 19:33:16,94550,882,456,1431,6669,43,40,7
2026-07-16 13:14:32,https://www.bilibili.com/video/BV1EGBCBmEo8/?spm_id_from=333.1387.favlist.content.click,12,BV1EGBCBmEo8,【杨博文｜4K高清直拍】魅魔级别的《Manta》舞台，看博文如何一yeah封神,关键时刻来瓶尖叫,2025-12-27 23:15:44,770855,11999,9347,10621,7213,945,2305,4
2026-07-16 13:14:32,https://www.bilibili.com/video/BV1eQ6bBrE5m/?spm_id_from=333.1387.favlist.content.click,13,BV1eQ6bBrE5m,【杨博文】四代来了一个表管天才<闭嘴跳舞>4k精剪直拍,61strawberry,2026-02-01 20:51:17,170938,7979,1123,7941,6622,62,33,6
2026-07-16 13:14:32,https://www.bilibili.com/video/BV1A5vkB2E1k/?spm_id_from=333.1387.favlist.content.click,14,BV1A5vkB2E1k,【杨博文】Hey Mama六机位纯舞直拍丨15岁舞台统治者的诞生，四代主舞燃炸全场！,Kismet丨杨博文,2025-12-28 22:28:16,2511316,61347,43243,44546,14427,13489,20679,10
2026-07-16 13:14:32,https://www.bilibili.com/video/BV1UAdsBXEVU/?spm_id_from=333.1387.favlist.content.click,15,BV1UAdsBXEVU,自测2号鸡蛋果,喜欢吃鸡蛋果,2026-04-18 22:55:52,670,4,0,1,0,0,0,1
2026-07-16 13:14:32,https://www.bilibili.com/video/BV1J7Awz8EUZ/?spm_id_from=333.1387.favlist.content.click,16,BV1J7Awz8EUZ,自测鸡蛋果,喜欢吃鸡蛋果,2026-03-21 16:17:31,1728,0,0,1,1,0,205,1
2026-07-16 13:14:32,https://www.bilibili.com/video/BV1qbULBbE5U/?spm_id_from=333.1387.favlist.content.click,17,BV1qbULBbE5U,【4K直拍】刷到杨博文跳《Lucifer》还不点进来看！！,Kismet丨杨博文,2025-11-21 21:26:08,220699,26036,3189,18515,323,110,328,1
2026-07-16 13:14:32,https://www.bilibili.com/video/BV1p6eGzVE4p?spm_id_from=333.1387.favlist.content.click,18,BV1p6eGzVE4p,「杨博文｜Go In Blind」丝带一拿，爽感Max,Astra_杨博文,2025-08-20 22:04:32,18510,628,153,435,17,5,25,1
2026-07-16 13:14:32,https://www.bilibili.com/video/BV1Pb64BSELU/?spm_id_from=333.1387.favlist.content.click,19,BV1Pb64BSELU,【杨博文】此男就这样一步一步扭进我心里 冬季版限定白色恋人袭来｜Whywhywhy 4k横屏直拍,游园会_杨博文,2026-02-01 18:52:15,33327,5095,882,3887,37,17,53,1
2026-07-16 13:14:32,https://www.bilibili.com/video/BV1Xm61BEEnt/?spm_id_from=333.1387.favlist.content.click&vd_source=bdf775a036c61c0159ac2f0c251aaeb7,20,BV1Xm61BEEnt,【杨博文】致命诱惑<希区考克 作品152> 4k 竖版直拍 Focus,Roseate丨杨博文,2026-01-31 17:54:23,48405,7823,3409,2856,208,259,425,1
2026-07-16 13:14:32,https://www.bilibili.com/video/BV18Ce3zpESm/?spm_id_from=333.1387.favlist.content.click,21,BV18Ce3zpESm,独一份的清冷破碎感｜杨博文｜路灯下的小姑娘4K直拍,WIX99,2025-08-20 16:44:03,20073,1046,186,637,63,46,26,1
2026-07-16 14:15:16,https://www.bilibili.com/video/BV1MGYnzrE9E/?spm_id_from=333.1387.favlist.content.click&vd_source=bdf775a036c61c0159ac2f0c251aaeb7,0,BV1MGYnzrE9E,杨博文跳 《Centuries》帅到窒息！！竖屏4K直拍,Kismet丨杨博文,2025-08-18 02:15:37,268491,12107,6681,7858,567,956,3372,1
2026-07-16 14:15:16,https://www.bilibili.com/video/BV1owvqBJEkn/?spm_id_from=333.1387.favlist.content.click&vd_source=bdf775a036c61c0159ac2f0c251aaeb7,1,BV1owvqBJEkn,【杨博文｜黄昏晓】 4K直拍,羊圈主,2025-12-28 00:28:04,19487,4378,1030,1669,70,88,256,1
2026-07-16 14:15:16,https://www.bilibili.com/video/BV1r9BeBZEMu/?spm_id_from=333.1387.favlist.content.click&vd_source=bdf775a036c61c0159ac2f0c251aaeb7,2,BV1r9BeBZEMu,【杨博文｜4K舞台直拍】《爱要坦荡荡》，四代主唱贝斯手玩转乐队，好青春洋溢,关键时刻来瓶尖叫,2025-12-27 00:55:22,40084,4798,771,3202,53,52,64,1
2026-07-16 14:15:16,https://www.bilibili.com/video/BV1Lb6tBBEYC/?spm_id_from=333.1387.favlist.content.click&vd_source=bdf775a036c61c0159ac2f0c251aaeb7,3,BV1Lb6tBBEYC,【4K精剪】闭嘴跳舞 | 杨博文直拍 | 260201,underthepoplar,2026-02-02 00:00:55,296369,23520,13381,16994,1910,1729,2890,10
2026-07-16 14:15:16,https://www.bilibili.com/video/BV1mJ64BREZY/?spm_id_from=333.1387.favlist.content.click&vd_source=bdf775a036c61c0159ac2f0c251aaeb7,4,BV1mJ64BREZY,【杨博文】闭嘴跳舞丨当主舞穿上西装就会得到,Kismet丨杨博文,2026-02-01 18:31:00,545141,33158,3598,23941,181,102,427,5
2026-07-16 14:15:16,https://www.bilibili.com/video/BV1J7Awz8EUZ/?spm_id_from=333.1387.favlist.content.click&vd_source=bdf775a036c61c0159ac2f0c251aaeb7,5,BV1J7Awz8EUZ,自测鸡蛋果,喜欢吃鸡蛋果,2026-03-21 16:17:31,1728,0,0,1,1,0,205,1
2026-07-16 14:15:16,https://www.bilibili.com/video/BV1LiM56WEWb/?spm_id_from=333.337.search-card.all.click,6,BV1LiM56WEWb,【4K精剪】Go in Blind | 杨博文直拍 | 250816 & 250817,underthepoplar,2026-07-09 02:46:30,26108,4297,1253,2356,49,69,48,1
2026-07-16 14:15:16,https://www.bilibili.com/video/BV1s8BvBPEN5/?spm_id_from=333.337.search-card.all.click&vd_source=bdf775a036c61c0159ac2f0c251aaeb7,7,BV1s8BvBPEN5,【杨博文｜4K舞台直拍】好运来祝你好运来～博文宝宝祝你新年好运来,关键时刻来瓶尖叫,2025-12-27 00:43:12,1903300,34155,16621,31846,8311,4299,4806,1
2026-07-16 14:15:16,https://www.bilibili.com/video/BV1q5ofBTEXC/?spm_id_from=333.1387.homepage.video_card.click&vd_source=c9ba0a78401ac34b07f18808dcb060f8,8,BV1q5ofBTEXC,脚本测试1,喜欢吃鸡蛋果,2026-04-26 13:54:58,984,3,0,1,0,615,486,1
2026-07-16 14:15:16,https://www.bilibili.com/video/BV1csffB7E4j/?spm_id_from=333.1387.favlist.content.click,9,BV1csffB7E4j,防吞,杨博文波纹收藏记录馆,2026-02-04 23:54:43,8998,348,127,2154,13,0,0,1
2026-07-16 14:15:16,https://www.bilibili.com/video/BV1XA6nBGEPV/?spm_id_from=333.1387.favlist.content.click,10,BV1XA6nBGEPV,【4K精剪】希区考克 作品152 | 杨博文直拍 | 260131,underthepoplar,2026-02-01 00:23:17,1923821,22465,21520,19281,10424,3978,6808,5
2026-07-16 14:15:16,https://www.bilibili.com/video/BV1e364BwE63/?spm_id_from=333.1387.favlist.content.click,11,BV1e364BwE63,【杨博文】Why Why Why竖屏4k focus,meetsummer丨杨博文,2026-02-01 19:33:16,94829,882,456,1431,6676,43,40,3
2026-07-16 14:15:16,https://www.bilibili.com/video/BV1EGBCBmEo8/?spm_id_from=333.1387.favlist.content.click,12,BV1EGBCBmEo8,【杨博文｜4K高清直拍】魅魔级别的《Manta》舞台，看博文如何一yeah封神,关键时刻来瓶尖叫,2025-12-27 23:15:44,771079,11999,9347,10621,7220,945,2305,1
2026-07-16 14:15:16,https://www.bilibili.com/video/BV1eQ6bBrE5m/?spm_id_from=333.1387.favlist.content.click,13,BV1eQ6bBrE5m,【杨博文】四代来了一个表管天才<闭嘴跳舞>4k精剪直拍,61strawberry,2026-02-01 20:51:17,171299,7982,1123,7944,6628,62,33,6
2026-07-16 14:15:16,https://www.bilibili.com/video/BV1A5vkB2E1k/?spm_id_from=333.1387.favlist.content.click,14,BV1A5vkB2E1k,【杨博文】Hey Mama六机位纯舞直拍丨15岁舞台统治者的诞生，四代主舞燃炸全场！,Kismet丨杨博文,2025-12-28 22:28:16,2511571,61353,43250,44549,14434,13489,20679,4
2026-07-16 14:15:16,https://www.bilibili.com/video/BV1UAdsBXEVU/?spm_id_from=333.1387.favlist.content.click,15,BV1UAdsBXEVU,自测2号鸡蛋果,喜欢吃鸡蛋果,2026-04-18 22:55:52,670,4,0,1,0,0,0,1
2026-07-16 14:15:16,https://www.bilibili.com/video/BV1J7Awz8EUZ/?spm_id_from=333.1387.favlist.content.click,16,BV1J7Awz8EUZ,自测鸡蛋果,喜欢吃鸡蛋果,2026-03-21 16:17:31,1728,0,0,1,1,0,205,1
2026-07-16 14:15:16,https://www.bilibili.com/video/BV1qbULBbE5U/?spm_id_from=333.1387.favlist.content.click,17,BV1qbULBbE5U,【4K直拍】刷到杨博文跳《Lucifer》还不点进来看！！,Kismet丨杨博文,2025-11-21 21:26:08,220709,26036,3189,18515,323,110,328,1
2026-07-16 14:15:16,https://www.bilibili.com/video/BV1p6eGzVE4p?spm_id_from=333.1387.favlist.content.click,18,BV1p6eGzVE4p,「杨博文｜Go In Blind」丝带一拿，爽感Max,Astra_杨博文,2025-08-20 22:04:32,18511,628,153,435,17,5,25,1
2026-07-16 14:15:16,https://www.bilibili.com/video/BV1Pb64BSELU/?spm_id_from=333.1387.favlist.content.click,19,BV1Pb64BSELU,【杨博文】此男就这样一步一步扭进我心里 冬季版限定白色恋人袭来｜Whywhywhy 4k横屏直拍,游园会_杨博文,2026-02-01 18:52:15,33339,5097,882,3888,37,17,53,1
2026-07-16 14:15:16,https://www.bilibili.com/video/BV1Xm61BEEnt/?spm_id_from=333.1387.favlist.content.click&vd_source=bdf775a036c61c0159ac2f0c251aaeb7,20,BV1Xm61BEEnt,【杨博文】致命诱惑<希区考克 作品152> 4k 竖版直拍 Focus,Roseate丨杨博文,2026-01-31 17:54:23,48410,7825,3411,2858,208,259,425,1
2026-07-16 14:15:16,https://www.bilibili.com/video/BV18Ce3zpESm/?spm_id_from=333.1387.favlist.content.click,21,BV18Ce3zpESm,独一份的清冷破碎感｜杨博文｜路灯下的小姑娘4K直拍,WIX99,2025-08-20 16:44:03,20077,1046,186,637,64,46,26,1
2026-07-16 15:15:41,https://www.bilibili.com/video/BV1MGYnzrE9E/?spm_id_from=333.1387.favlist.content.click&vd_source=bdf775a036c61c0159ac2f0c251aaeb7,0,BV1MGYnzrE9E,杨博文跳 《Centuries》帅到窒息！！竖屏4K直拍,Kismet丨杨博文,2025-08-18 02:15:37,268493,12107,6681,7858,567,956,3372,1
2026-07-16 15:15:41,https://www.bilibili.com/video/BV1owvqBJEkn/?spm_id_from=333.1387.favlist.content.click&vd_source=bdf775a036c61c0159ac2f0c251aaeb7,1,BV1owvqBJEkn,【杨博文｜黄昏晓】 4K直拍,羊圈主,2025-12-28 00:28:04,19487,4378,1030,1669,70,88,256,1
2026-07-16 15:15:41,https://www.bilibili.com/video/BV1r9BeBZEMu/?spm_id_from=333.1387.favlist.content.click&vd_source=bdf775a036c61c0159ac2f0c251aaeb7,2,BV1r9BeBZEMu,【杨博文｜4K舞台直拍】《爱要坦荡荡》，四代主唱贝斯手玩转乐队，好青春洋溢,关键时刻来瓶尖叫,2025-12-27 00:55:22,40087,4798,771,3202,53,52,64,1
2026-07-16 15:15:41,https://www.bilibili.com/video/BV1Lb6tBBEYC/?spm_id_from=333.1387.favlist.content.click&vd_source=bdf775a036c61c0159ac2f0c251aaeb7,3,BV1Lb6tBBEYC,【4K精剪】闭嘴跳舞 | 杨博文直拍 | 260201,underthepoplar,2026-02-02 00:00:55,296654,23545,13381,17004,1911,1729,2893,6
2026-07-16 15:15:41,https://www.bilibili.com/video/BV1mJ64BREZY/?spm_id_from=333.1387.favlist.content.click&vd_source=bdf775a036c61c0159ac2f0c251aaeb7,4,BV1mJ64BREZY,【杨博文】闭嘴跳舞丨当主舞穿上西装就会得到,Kismet丨杨博文,2026-02-01 18:31:00,545542,33165,3600,23949,181,102,427,5
2026-07-16 15:15:41,https://www.bilibili.com/video/BV1J7Awz8EUZ/?spm_id_from=333.1387.favlist.content.click&vd_source=bdf775a036c61c0159ac2f0c251aaeb7,5,BV1J7Awz8EUZ,自测鸡蛋果,喜欢吃鸡蛋果,2026-03-21 16:17:31,1728,0,0,1,1,0,205,1
2026-07-16 15:15:41,https://www.bilibili.com/video/BV1LiM56WEWb/?spm_id_from=333.337.search-card.all.click,6,BV1LiM56WEWb,【4K精剪】Go in Blind | 杨博文直拍 | 250816 & 250817,underthepoplar,2026-07-09 02:46:30,26169,4306,1255,2359,49,69,48,1
2026-07-16 15:15:41,https://www.bilibili.com/video/BV1s8BvBPEN5/?spm_id_from=333.337.search-card.all.click&vd_source=bdf775a036c61c0159ac2f0c251aaeb7,7,BV1s8BvBPEN5,【杨博文｜4K舞台直拍】好运来祝你好运来～博文宝宝祝你新年好运来,关键时刻来瓶尖叫,2025-12-27 00:43:12,1903310,34156,16621,31845,8318,4299,4806,1
2026-07-16 15:15:41,https://www.bilibili.com/video/BV1q5ofBTEXC/?spm_id_from=333.1387.homepage.video_card.click&vd_source=c9ba0a78401ac34b07f18808dcb060f8,8,BV1q5ofBTEXC,脚本测试1,喜欢吃鸡蛋果,2026-04-26 13:54:58,984,3,0,1,0,615,486,1
2026-07-16 15:15:41,https://www.bilibili.com/video/BV1csffB7E4j/?spm_id_from=333.1387.favlist.content.click,9,BV1csffB7E4j,防吞,杨博文波纹收藏记录馆,2026-02-04 23:54:43,9001,348,127,2155,13,0,0,1
2026-07-16 15:15:41,https://www.bilibili.com/video/BV1XA6nBGEPV/?spm_id_from=333.1387.favlist.content.click,10,BV1XA6nBGEPV,【4K精剪】希区考克 作品152 | 杨博文直拍 | 260131,underthepoplar,2026-02-01 00:23:17,1923833,22465,21520,19283,10431,3978,6808,3
2026-07-16 15:15:41,https://www.bilibili.com/video/BV1e364BwE63/?spm_id_from=333.1387.favlist.content.click,11,BV1e364BwE63,【杨博文】Why Why Why竖屏4k focus,meetsummer丨杨博文,2026-02-01 19:33:16,95088,882,456,1432,6684,43,40,4
2026-07-16 15:15:41,https://www.bilibili.com/video/BV1EGBCBmEo8/?spm_id_from=333.1387.favlist.content.click,12,BV1EGBCBmEo8,【杨博文｜4K高清直拍】魅魔级别的《Manta》舞台，看博文如何一yeah封神,关键时刻来瓶尖叫,2025-12-27 23:15:44,771293,11999,9347,10622,7227,945,2305,2
2026-07-16 15:15:41,https://www.bilibili.com/video/BV1eQ6bBrE5m/?spm_id_from=333.1387.favlist.content.click,13,BV1eQ6bBrE5m,【杨博文】四代来了一个表管天才<闭嘴跳舞>4k精剪直拍,61strawberry,2026-02-01 20:51:17,171606,7985,1125,7948,6637,62,33,7
2026-07-16 15:15:41,https://www.bilibili.com/video/BV1A5vkB2E1k/?spm_id_from=333.1387.favlist.content.click,14,BV1A5vkB2E1k,【杨博文】Hey Mama六机位纯舞直拍丨15岁舞台统治者的诞生，四代主舞燃炸全场！,Kismet丨杨博文,2025-12-28 22:28:16,2511809,61356,43250,44552,14440,13489,20682,5
2026-07-16 15:15:41,https://www.bilibili.com/video/BV1UAdsBXEVU/?spm_id_from=333.1387.favlist.content.click,15,BV1UAdsBXEVU,自测2号鸡蛋果,喜欢吃鸡蛋果,2026-04-18 22:55:52,670,4,0,1,0,0,0,1
2026-07-16 15:15:41,https://www.bilibili.com/video/BV1J7Awz8EUZ/?spm_id_from=333.1387.favlist.content.click,16,BV1J7Awz8EUZ,自测鸡蛋果,喜欢吃鸡蛋果,2026-03-21 16:17:31,1728,0,0,1,1,0,205,1
2026-07-16 15:15:41,https://www.bilibili.com/video/BV1qbULBbE5U/?spm_id_from=333.1387.favlist.content.click,17,BV1qbULBbE5U,【4K直拍】刷到杨博文跳《Lucifer》还不点进来看！！,Kismet丨杨博文,2025-11-21 21:26:08,220719,26037,3189,18515,323,110,328,1
2026-07-16 15:15:41,https://www.bilibili.com/video/BV1p6eGzVE4p?spm_id_from=333.1387.favlist.content.click,18,BV1p6eGzVE4p,「杨博文｜Go In Blind」丝带一拿，爽感Max,Astra_杨博文,2025-08-20 22:04:32,18511,628,153,435,17,5,25,1
2026-07-16 15:15:41,https://www.bilibili.com/video/BV1Pb64BSELU/?spm_id_from=333.1387.favlist.content.click,19,BV1Pb64BSELU,【杨博文】此男就这样一步一步扭进我心里 冬季版限定白色恋人袭来｜Whywhywhy 4k横屏直拍,游园会_杨博文,2026-02-01 18:52:15,33350,5102,884,3892,37,17,53,2
2026-07-16 15:15:41,https://www.bilibili.com/video/BV1Xm61BEEnt/?spm_id_from=333.1387.favlist.content.click&vd_source=bdf775a036c61c0159ac2f0c251aaeb7,20,BV1Xm61BEEnt,【杨博文】致命诱惑<希区考克 作品152> 4k 竖版直拍 Focus,Roseate丨杨博文,2026-01-31 17:54:23,48412,7827,3413,2859,208,259,425,1
2026-07-16 15:15:41,https://www.bilibili.com/video/BV18Ce3zpESm/?spm_id_from=333.1387.favlist.content.click,21,BV18Ce3zpESm,独一份的清冷破碎感｜杨博文｜路灯下的小姑娘4K直拍,WIX99,2025-08-20 16:44:03,20077,1046,186,637,64,46,26,1
2026-07-16 16:16:18,https://www.bilibili.com/video/BV1MGYnzrE9E/?spm_id_from=333.1387.favlist.content.click&vd_source=bdf775a036c61c0159ac2f0c251aaeb7,0,BV1MGYnzrE9E,杨博文跳 《Centuries》帅到窒息！！竖屏4K直拍,Kismet丨杨博文,2025-08-18 02:15:37,268493,12107,6681,7857,567,956,3372,1
2026-07-16 16:16:18,https://www.bilibili.com/video/BV1owvqBJEkn/?spm_id_from=333.1387.favlist.content.click&vd_source=bdf775a036c61c0159ac2f0c251aaeb7,1,BV1owvqBJEkn,【杨博文｜黄昏晓】 4K直拍,羊圈主,2025-12-28 00:28:04,19489,4378,1030,1669,70,88,256,1
2026-07-16 16:16:18,https://www.bilibili.com/video/BV1r9BeBZEMu/?spm_id_from=333.1387.favlist.content.click&vd_source=bdf775a036c61c0159ac2f0c251aaeb7,2,BV1r9BeBZEMu,【杨博文｜4K舞台直拍】《爱要坦荡荡》，四代主唱贝斯手玩转乐队，好青春洋溢,关键时刻来瓶尖叫,2025-12-27 00:55:22,40091,4798,771,3202,53,52,64,1
2026-07-16 16:16:18,https://www.bilibili.com/video/BV1Lb6tBBEYC/?spm_id_from=333.1387.favlist.content.click&vd_source=bdf775a036c61c0159ac2f0c251aaeb7,3,BV1Lb6tBBEYC,【4K精剪】闭嘴跳舞 | 杨博文直拍 | 260201,underthepoplar,2026-02-02 00:00:55,296907,23559,13382,17012,1911,1729,2894,5
2026-07-16 16:16:18,https://www.bilibili.com/video/BV1mJ64BREZY/?spm_id_from=333.1387.favlist.content.click&vd_source=bdf775a036c61c0159ac2f0c251aaeb7,4,BV1mJ64BREZY,【杨博文】闭嘴跳舞丨当主舞穿上西装就会得到,Kismet丨杨博文,2026-02-01 18:31:00,545907,33174,3606,23960,181,102,427,6
2026-07-16 16:16:18,https://www.bilibili.com/video/BV1J7Awz8EUZ/?spm_id_from=333.1387.favlist.content.click&vd_source=bdf775a036c61c0159ac2f0c251aaeb7,5,BV1J7Awz8EUZ,自测鸡蛋果,喜欢吃鸡蛋果,2026-03-21 16:17:31,1728,0,0,1,1,0,205,1
2026-07-16 16:16:18,https://www.bilibili.com/video/BV1LiM56WEWb/?spm_id_from=333.337.search-card.all.click,6,BV1LiM56WEWb,【4K精剪】Go in Blind | 杨博文直拍 | 250816 & 250817,underthepoplar,2026-07-09 02:46:30,26235,4316,1255,2367,49,69,48,1
2026-07-16 16:16:18,https://www.bilibili.com/video/BV1s8BvBPEN5/?spm_id_from=333.337.search-card.all.click&vd_source=bdf775a036c61c0159ac2f0c251aaeb7,7,BV1s8BvBPEN5,【杨博文｜4K舞台直拍】好运来祝你好运来～博文宝宝祝你新年好运来,关键时刻来瓶尖叫,2025-12-27 00:43:12,1903322,34156,16621,31844,8325,4299,4806,1
2026-07-16 16:16:18,https://www.bilibili.com/video/BV1q5ofBTEXC/?spm_id_from=333.1387.homepage.video_card.click&vd_source=c9ba0a78401ac34b07f18808dcb060f8,8,BV1q5ofBTEXC,脚本测试1,喜欢吃鸡蛋果,2026-04-26 13:54:58,984,3,0,1,0,615,486,1
2026-07-16 16:16:18,https://www.bilibili.com/video/BV1csffB7E4j/?spm_id_from=333.1387.favlist.content.click,9,BV1csffB7E4j,防吞,杨博文波纹收藏记录馆,2026-02-04 23:54:43,9004,348,127,2155,13,0,0,1
2026-07-16 16:16:18,https://www.bilibili.com/video/BV1XA6nBGEPV/?spm_id_from=333.1387.favlist.content.click,10,BV1XA6nBGEPV,【4K精剪】希区考克 作品152 | 杨博文直拍 | 260131,underthepoplar,2026-02-01 00:23:17,1923855,22466,21520,19283,10438,3978,6809,2
2026-07-16 16:16:18,https://www.bilibili.com/video/BV1e364BwE63/?spm_id_from=333.1387.favlist.content.click,11,BV1e364BwE63,【杨博文】Why Why Why竖屏4k focus,meetsummer丨杨博文,2026-02-01 19:33:16,95344,882,456,1432,6691,43,40,2
2026-07-16 16:16:18,https://www.bilibili.com/video/BV1EGBCBmEo8/?spm_id_from=333.1387.favlist.content.click,12,BV1EGBCBmEo8,【杨博文｜4K高清直拍】魅魔级别的《Manta》舞台，看博文如何一yeah封神,关键时刻来瓶尖叫,2025-12-27 23:15:44,771517,11999,9347,10621,7234,945,2305,1
2026-07-16 16:16:18,https://www.bilibili.com/video/BV1eQ6bBrE5m/?spm_id_from=333.1387.favlist.content.click,13,BV1eQ6bBrE5m,【杨博文】四代来了一个表管天才<闭嘴跳舞>4k精剪直拍,61strawberry,2026-02-01 20:51:17,171911,7985,1125,7947,6643,62,33,5
2026-07-16 16:16:18,https://www.bilibili.com/video/BV1A5vkB2E1k/?spm_id_from=333.1387.favlist.content.click,14,BV1A5vkB2E1k,【杨博文】Hey Mama六机位纯舞直拍丨15岁舞台统治者的诞生，四代主舞燃炸全场！,Kismet丨杨博文,2025-12-28 22:28:16,2512070,61358,43250,44552,14449,13489,20683,2
2026-07-16 16:16:18,https://www.bilibili.com/video/BV1UAdsBXEVU/?spm_id_from=333.1387.favlist.content.click,15,BV1UAdsBXEVU,自测2号鸡蛋果,喜欢吃鸡蛋果,2026-04-18 22:55:52,670,4,0,1,0,0,0,1
2026-07-16 16:16:18,https://www.bilibili.com/video/BV1J7Awz8EUZ/?spm_id_from=333.1387.favlist.content.click,16,BV1J7Awz8EUZ,自测鸡蛋果,喜欢吃鸡蛋果,2026-03-21 16:17:31,1728,0,0,1,1,0,205,1
2026-07-16 16:16:18,https://www.bilibili.com/video/BV1qbULBbE5U/?spm_id_from=333.1387.favlist.content.click,17,BV1qbULBbE5U,【4K直拍】刷到杨博文跳《Lucifer》还不点进来看！！,Kismet丨杨博文,2025-11-21 21:26:08,220726,26037,3189,18515,323,110,328,1
2026-07-16 16:16:18,https://www.bilibili.com/video/BV1p6eGzVE4p?spm_id_from=333.1387.favlist.content.click,18,BV1p6eGzVE4p,「杨博文｜Go In Blind」丝带一拿，爽感Max,Astra_杨博文,2025-08-20 22:04:32,18514,628,153,435,17,5,25,1
2026-07-16 16:16:18,https://www.bilibili.com/video/BV1Pb64BSELU/?spm_id_from=333.1387.favlist.content.click,19,BV1Pb64BSELU,【杨博文】此男就这样一步一步扭进我心里 冬季版限定白色恋人袭来｜Whywhywhy 4k横屏直拍,游园会_杨博文,2026-02-01 18:52:15,33356,5102,884,3893,37,17,53,1
2026-07-16 16:16:18,https://www.bilibili.com/video/BV1Xm61BEEnt/?spm_id_from=333.1387.favlist.content.click&vd_source=bdf775a036c61c0159ac2f0c251aaeb7,20,BV1Xm61BEEnt,【杨博文】致命诱惑<希区考克 作品152> 4k 竖版直拍 Focus,Roseate丨杨博文,2026-01-31 17:54:23,48415,7827,3413,2859,208,259,425,1
2026-07-16 16:16:18,https://www.bilibili.com/video/BV18Ce3zpESm/?spm_id_from=333.1387.favlist.content.click,21,BV18Ce3zpESm,独一份的清冷破碎感｜杨博文｜路灯下的小姑娘4K直拍,WIX99,2025-08-20 16:44:03,20081,1047,186,637,64,46,26,1
2026-07-16 17:16:43,https://www.bilibili.com/video/BV1MGYnzrE9E/?spm_id_from=333.1387.favlist.content.click&vd_source=bdf775a036c61c0159ac2f0c251aaeb7,0,BV1MGYnzrE9E,杨博文跳 《Centuries》帅到窒息！！竖屏4K直拍,Kismet丨杨博文,2025-08-18 02:15:37,268496,12108,6681,7857,567,956,3372,1
2026-07-16 17:16:43,https://www.bilibili.com/video/BV1owvqBJEkn/?spm_id_from=333.1387.favlist.content.click&vd_source=bdf775a036c61c0159ac2f0c251aaeb7,1,BV1owvqBJEkn,【杨博文｜黄昏晓】 4K直拍,羊圈主,2025-12-28 00:28:04,19490,4378,1030,1669,70,88,256,1
2026-07-16 17:16:43,https://www.bilibili.com/video/BV1r9BeBZEMu/?spm_id_from=333.1387.favlist.content.click&vd_source=bdf775a036c61c0159ac2f0c251aaeb7,2,BV1r9BeBZEMu,【杨博文｜4K舞台直拍】《爱要坦荡荡》，四代主唱贝斯手玩转乐队，好青春洋溢,关键时刻来瓶尖叫,2025-12-27 00:55:22,40094,4798,771,3202,53,52,64,1
2026-07-16 17:16:43,https://www.bilibili.com/video/BV1Lb6tBBEYC/?spm_id_from=333.1387.favlist.content.click&vd_source=bdf775a036c61c0159ac2f0c251aaeb7,3,BV1Lb6tBBEYC,【4K精剪】闭嘴跳舞 | 杨博文直拍 | 260201,underthepoplar,2026-02-02 00:00:55,297150,23573,13384,17020,1911,1729,2894,6
2026-07-16 17:16:43,https://www.bilibili.com/video/BV1mJ64BREZY/?spm_id_from=333.1387.favlist.content.click&vd_source=bdf775a036c61c0159ac2f0c251aaeb7,4,BV1mJ64BREZY,【杨博文】闭嘴跳舞丨当主舞穿上西装就会得到,Kismet丨杨博文,2026-02-01 18:31:00,546326,33187,3606,23970,181,102,427,12
2026-07-16 17:16:43,https://www.bilibili.com/video/BV1J7Awz8EUZ/?spm_id_from=333.1387.favlist.content.click&vd_source=bdf775a036c61c0159ac2f0c251aaeb7,5,BV1J7Awz8EUZ,自测鸡蛋果,喜欢吃鸡蛋果,2026-03-21 16:17:31,1728,0,0,1,1,0,205,1
2026-07-16 17:16:43,https://www.bilibili.com/video/BV1LiM56WEWb/?spm_id_from=333.337.search-card.all.click,6,BV1LiM56WEWb,【4K精剪】Go in Blind | 杨博文直拍 | 250816 & 250817,underthepoplar,2026-07-09 02:46:30,26314,4328,1261,2372,49,69,48,1
2026-07-16 17:16:43,https://www.bilibili.com/video/BV1s8BvBPEN5/?spm_id_from=333.337.search-card.all.click&vd_source=bdf775a036c61c0159ac2f0c251aaeb7,7,BV1s8BvBPEN5,【杨博文｜4K舞台直拍】好运来祝你好运来～博文宝宝祝你新年好运来,关键时刻来瓶尖叫,2025-12-27 00:43:12,1903339,34156,16621,31843,8328,4299,4806,1
2026-07-16 17:16:43,https://www.bilibili.com/video/BV1q5ofBTEXC/?spm_id_from=333.1387.homepage.video_card.click&vd_source=c9ba0a78401ac34b07f18808dcb060f8,8,BV1q5ofBTEXC,脚本测试1,喜欢吃鸡蛋果,2026-04-26 13:54:58,984,3,0,1,0,615,486,1
2026-07-16 17:16:43,https://www.bilibili.com/video/BV1csffB7E4j/?spm_id_from=333.1387.favlist.content.click,9,BV1csffB7E4j,防吞,杨博文波纹收藏记录馆,2026-02-04 23:54:43,9008,348,127,2156,13,0,0,1
2026-07-16 17:16:43,https://www.bilibili.com/video/BV1XA6nBGEPV/?spm_id_from=333.1387.favlist.content.click,10,BV1XA6nBGEPV,【4K精剪】希区考克 作品152 | 杨博文直拍 | 260131,underthepoplar,2026-02-01 00:23:17,1923868,22466,21520,19284,10441,3978,6809,1
2026-07-16 17:16:43,https://www.bilibili.com/video/BV1e364BwE63/?spm_id_from=333.1387.favlist.content.click,11,BV1e364BwE63,【杨博文】Why Why Why竖屏4k focus,meetsummer丨杨博文,2026-02-01 19:33:16,95578,884,458,1433,6694,43,40,1
2026-07-16 17:16:43,https://www.bilibili.com/video/BV1EGBCBmEo8/?spm_id_from=333.1387.favlist.content.click,12,BV1EGBCBmEo8,【杨博文｜4K高清直拍】魅魔级别的《Manta》舞台，看博文如何一yeah封神,关键时刻来瓶尖叫,2025-12-27 23:15:44,771728,11999,9347,10622,7237,945,2305,1
2026-07-16 17:16:43,https://www.bilibili.com/video/BV1eQ6bBrE5m/?spm_id_from=333.1387.favlist.content.click,13,BV1eQ6bBrE5m,【杨博文】四代来了一个表管天才<闭嘴跳舞>4k精剪直拍,61strawberry,2026-02-01 20:51:17,172173,7988,1125,7948,6646,62,33,1
2026-07-16 17:16:43,https://www.bilibili.com/video/BV1A5vkB2E1k/?spm_id_from=333.1387.favlist.content.click,14,BV1A5vkB2E1k,【杨博文】Hey Mama六机位纯舞直拍丨15岁舞台统治者的诞生，四代主舞燃炸全场！,Kismet丨杨博文,2025-12-28 22:28:16,2512339,61362,43252,44554,14451,13489,20683,2
2026-07-16 17:16:43,https://www.bilibili.com/video/BV1UAdsBXEVU/?spm_id_from=333.1387.favlist.content.click,15,BV1UAdsBXEVU,自测2号鸡蛋果,喜欢吃鸡蛋果,2026-04-18 22:55:52,670,4,0,1,0,0,0,1
2026-07-16 17:16:43,https://www.bilibili.com/video/BV1J7Awz8EUZ/?spm_id_from=333.1387.favlist.content.click,16,BV1J7Awz8EUZ,自测鸡蛋果,喜欢吃鸡蛋果,2026-03-21 16:17:31,1728,0,0,1,1,0,205,1
2026-07-16 17:16:43,https://www.bilibili.com/video/BV1qbULBbE5U/?spm_id_from=333.1387.favlist.content.click,17,BV1qbULBbE5U,【4K直拍】刷到杨博文跳《Lucifer》还不点进来看！！,Kismet丨杨博文,2025-11-21 21:26:08,220735,26037,3189,18515,323,110,328,1
2026-07-16 17:16:43,https://www.bilibili.com/video/BV1p6eGzVE4p?spm_id_from=333.1387.favlist.content.click,18,BV1p6eGzVE4p,「杨博文｜Go In Blind」丝带一拿，爽感Max,Astra_杨博文,2025-08-20 22:04:32,18517,628,153,435,17,5,25,1
2026-07-16 17:16:43,https://www.bilibili.com/video/BV1Pb64BSELU/?spm_id_from=333.1387.favlist.content.click,19,BV1Pb64BSELU,【杨博文】此男就这样一步一步扭进我心里 冬季版限定白色恋人袭来｜Whywhywhy 4k横屏直拍,游园会_杨博文,2026-02-01 18:52:15,33365,5102,884,3893,37,17,53,1
2026-07-16 17:16:43,https://www.bilibili.com/video/BV1Xm61BEEnt/?spm_id_from=333.1387.favlist.content.click&vd_source=bdf775a036c61c0159ac2f0c251aaeb7,20,BV1Xm61BEEnt,【杨博文】致命诱惑<希区考克 作品152> 4k 竖版直拍 Focus,Roseate丨杨博文,2026-01-31 17:54:23,48415,7827,3413,2859,208,259,425,1
2026-07-16 17:16:43,https://www.bilibili.com/video/BV18Ce3zpESm/?spm_id_from=333.1387.favlist.content.click,21,BV18Ce3zpESm,独一份的清冷破碎感｜杨博文｜路灯下的小姑娘4K直拍,WIX99,2025-08-20 16:44:03,20086,1047,186,637,64,46,26,1
2026-07-16 18:17:11,https://www.bilibili.com/video/BV1MGYnzrE9E/?spm_id_from=333.1387.favlist.content.click&vd_source=bdf775a036c61c0159ac2f0c251aaeb7,0,BV1MGYnzrE9E,杨博文跳 《Centuries》帅到窒息！！竖屏4K直拍,Kismet丨杨博文,2025-08-18 02:15:37,268497,12108,6681,7856,567,956,3372,1
2026-07-16 18:17:11,https://www.bilibili.com/video/BV1owvqBJEkn/?spm_id_from=333.1387.favlist.content.click&vd_source=bdf775a036c61c0159ac2f0c251aaeb7,1,BV1owvqBJEkn,【杨博文｜黄昏晓】 4K直拍,羊圈主,2025-12-28 00:28:04,19491,4378,1030,1669,70,88,256,1
2026-07-16 18:17:11,https://www.bilibili.com/video/BV1r9BeBZEMu/?spm_id_from=333.1387.favlist.content.click&vd_source=bdf775a036c61c0159ac2f0c251aaeb7,2,BV1r9BeBZEMu,【杨博文｜4K舞台直拍】《爱要坦荡荡》，四代主唱贝斯手玩转乐队，好青春洋溢,关键时刻来瓶尖叫,2025-12-27 00:55:22,40095,4798,771,3202,53,52,64,1
2026-07-16 18:17:11,https://www.bilibili.com/video/BV1Lb6tBBEYC/?spm_id_from=333.1387.favlist.content.click&vd_source=bdf775a036c61c0159ac2f0c251aaeb7,3,BV1Lb6tBBEYC,【4K精剪】闭嘴跳舞 | 杨博文直拍 | 260201,underthepoplar,2026-02-02 00:00:55,297526,23588,13386,17033,1911,1730,2894,2
2026-07-16 18:17:11,https://www.bilibili.com/video/BV1mJ64BREZY/?spm_id_from=333.1387.favlist.content.click&vd_source=bdf775a036c61c0159ac2f0c251aaeb7,4,BV1mJ64BREZY,【杨博文】闭嘴跳舞丨当主舞穿上西装就会得到,Kismet丨杨博文,2026-02-01 18:31:00,546886,33198,3606,23978,181,102,427,13
2026-07-16 18:17:11,https://www.bilibili.com/video/BV1J7Awz8EUZ/?spm_id_from=333.1387.favlist.content.click&vd_source=bdf775a036c61c0159ac2f0c251aaeb7,5,BV1J7Awz8EUZ,自测鸡蛋果,喜欢吃鸡蛋果,2026-03-21 16:17:31,1728,0,0,1,1,0,205,1
2026-07-16 18:17:11,https://www.bilibili.com/video/BV1LiM56WEWb/?spm_id_from=333.337.search-card.all.click,6,BV1LiM56WEWb,【4K精剪】Go in Blind | 杨博文直拍 | 250816 & 250817,underthepoplar,2026-07-09 02:46:30,26431,4341,1263,2379,49,69,48,1
2026-07-16 18:17:11,https://www.bilibili.com/video/BV1s8BvBPEN5/?spm_id_from=333.337.search-card.all.click&vd_source=bdf775a036c61c0159ac2f0c251aaeb7,7,BV1s8BvBPEN5,【杨博文｜4K舞台直拍】好运来祝你好运来～博文宝宝祝你新年好运来,关键时刻来瓶尖叫,2025-12-27 00:43:12,1903353,34158,16622,31843,8339,4299,4806,1
2026-07-16 18:17:11,https://www.bilibili.com/video/BV1q5ofBTEXC/?spm_id_from=333.1387.homepage.video_card.click&vd_source=c9ba0a78401ac34b07f18808dcb060f8,8,BV1q5ofBTEXC,脚本测试1,喜欢吃鸡蛋果,2026-04-26 13:54:58,984,3,0,1,0,615,486,1
2026-07-16 18:17:11,https://www.bilibili.com/video/BV1csffB7E4j/?spm_id_from=333.1387.favlist.content.click,9,BV1csffB7E4j,防吞,杨博文波纹收藏记录馆,2026-02-04 23:54:43,9008,348,127,2155,13,0,0,1
2026-07-16 18:17:11,https://www.bilibili.com/video/BV1XA6nBGEPV/?spm_id_from=333.1387.favlist.content.click,10,BV1XA6nBGEPV,【4K精剪】希区考克 作品152 | 杨博文直拍 | 260131,underthepoplar,2026-02-01 00:23:17,1923891,22466,21520,19283,10452,3978,6809,1
2026-07-16 18:17:11,https://www.bilibili.com/video/BV1e364BwE63/?spm_id_from=333.1387.favlist.content.click,11,BV1e364BwE63,【杨博文】Why Why Why竖屏4k focus,meetsummer丨杨博文,2026-02-01 19:33:16,95810,884,458,1433,6705,43,40,3
2026-07-16 18:17:11,https://www.bilibili.com/video/BV1EGBCBmEo8/?spm_id_from=333.1387.favlist.content.click,12,BV1EGBCBmEo8,【杨博文｜4K高清直拍】魅魔级别的《Manta》舞台，看博文如何一yeah封神,关键时刻来瓶尖叫,2025-12-27 23:15:44,771925,12000,9347,10623,7248,945,2305,1
2026-07-16 18:17:11,https://www.bilibili.com/video/BV1eQ6bBrE5m/?spm_id_from=333.1387.favlist.content.click,13,BV1eQ6bBrE5m,【杨博文】四代来了一个表管天才<闭嘴跳舞>4k精剪直拍,61strawberry,2026-02-01 20:51:17,172452,7990,1125,7950,6656,62,33,1
2026-07-16 18:17:11,https://www.bilibili.com/video/BV1A5vkB2E1k/?spm_id_from=333.1387.favlist.content.click,14,BV1A5vkB2E1k,【杨博文】Hey Mama六机位纯舞直拍丨15岁舞台统治者的诞生，四代主舞燃炸全场！,Kismet丨杨博文,2025-12-28 22:28:16,2512592,61363,43254,44555,14463,13489,20684,2
2026-07-16 18:17:11,https://www.bilibili.com/video/BV1UAdsBXEVU/?spm_id_from=333.1387.favlist.content.click,15,BV1UAdsBXEVU,自测2号鸡蛋果,喜欢吃鸡蛋果,2026-04-18 22:55:52,670,4,0,1,0,0,0,1
2026-07-16 18:17:11,https://www.bilibili.com/video/BV1J7Awz8EUZ/?spm_id_from=333.1387.favlist.content.click,16,BV1J7Awz8EUZ,自测鸡蛋果,喜欢吃鸡蛋果,2026-03-21 16:17:31,1728,0,0,1,1,0,205,1
2026-07-16 18:17:11,https://www.bilibili.com/video/BV1qbULBbE5U/?spm_id_from=333.1387.favlist.content.click,17,BV1qbULBbE5U,【4K直拍】刷到杨博文跳《Lucifer》还不点进来看！！,Kismet丨杨博文,2025-11-21 21:26:08,220741,26037,3189,18515,323,110,328,1
2026-07-16 18:17:11,https://www.bilibili.com/video/BV1p6eGzVE4p?spm_id_from=333.1387.favlist.content.click,18,BV1p6eGzVE4p,「杨博文｜Go In Blind」丝带一拿，爽感Max,Astra_杨博文,2025-08-20 22:04:32,18517,628,153,435,17,5,25,1
2026-07-16 18:17:11,https://www.bilibili.com/video/BV1Pb64BSELU/?spm_id_from=333.1387.favlist.content.click,19,BV1Pb64BSELU,【杨博文】此男就这样一步一步扭进我心里 冬季版限定白色恋人袭来｜Whywhywhy 4k横屏直拍,游园会_杨博文,2026-02-01 18:52:15,33374,5103,884,3895,37,17,53,1
2026-07-16 18:17:11,https://www.bilibili.com/video/BV1Xm61BEEnt/?spm_id_from=333.1387.favlist.content.click&vd_source=bdf775a036c61c0159ac2f0c251aaeb7,20,BV1Xm61BEEnt,【杨博文】致命诱惑<希区考克 作品152> 4k 竖版直拍 Focus,Roseate丨杨博文,2026-01-31 17:54:23,48416,7828,3413,2859,208,259,425,1
2026-07-16 18:17:11,https://www.bilibili.com/video/BV18Ce3zpESm/?spm_id_from=333.1387.favlist.content.click,21,BV18Ce3zpESm,独一份的清冷破碎感｜杨博文｜路灯下的小姑娘4K直拍,WIX99,2025-08-20 16:44:03,20086,1047,186,637,64,46,26,1
2026-07-16 19:17:51,https://www.bilibili.com/video/BV1MGYnzrE9E/?spm_id_from=333.1387.favlist.content.click&vd_source=bdf775a036c61c0159ac2f0c251aaeb7,0,BV1MGYnzrE9E,杨博文跳 《Centuries》帅到窒息！！竖屏4K直拍,Kismet丨杨博文,2025-08-18 02:15:37,268501,12108,6681,7856,567,956,3372,1
2026-07-16 19:17:51,https://www.bilibili.com/video/BV1owvqBJEkn/?spm_id_from=333.1387.favlist.content.click&vd_source=bdf775a036c61c0159ac2f0c251aaeb7,1,BV1owvqBJEkn,【杨博文｜黄昏晓】 4K直拍,羊圈主,2025-12-28 00:28:04,19491,4378,1030,1669,70,88,256,1
2026-07-16 19:17:51,https://www.bilibili.com/video/BV1r9BeBZEMu/?spm_id_from=333.1387.favlist.content.click&vd_source=bdf775a036c61c0159ac2f0c251aaeb7,2,BV1r9BeBZEMu,【杨博文｜4K舞台直拍】《爱要坦荡荡》，四代主唱贝斯手玩转乐队，好青春洋溢,关键时刻来瓶尖叫,2025-12-27 00:55:22,40096,4798,771,3202,53,52,64,1
2026-07-16 19:17:51,https://www.bilibili.com/video/BV1Lb6tBBEYC/?spm_id_from=333.1387.favlist.content.click&vd_source=bdf775a036c61c0159ac2f0c251aaeb7,3,BV1Lb6tBBEYC,【4K精剪】闭嘴跳舞 | 杨博文直拍 | 260201,underthepoplar,2026-02-02 00:00:55,297809,23595,13388,17039,1911,1730,2894,9
2026-07-16 19:17:51,https://www.bilibili.com/video/BV1mJ64BREZY/?spm_id_from=333.1387.favlist.content.click&vd_source=bdf775a036c61c0159ac2f0c251aaeb7,4,BV1mJ64BREZY,【杨博文】闭嘴跳舞丨当主舞穿上西装就会得到,Kismet丨杨博文,2026-02-01 18:31:00,547389,33210,3610,23994,181,102,427,14
2026-07-16 19:17:51,https://www.bilibili.com/video/BV1J7Awz8EUZ/?spm_id_from=333.1387.favlist.content.click&vd_source=bdf775a036c61c0159ac2f0c251aaeb7,5,BV1J7Awz8EUZ,自测鸡蛋果,喜欢吃鸡蛋果,2026-03-21 16:17:31,1728,0,0,1,1,0,205,1
2026-07-16 19:17:51,https://www.bilibili.com/video/BV1LiM56WEWb/?spm_id_from=333.337.search-card.all.click,6,BV1LiM56WEWb,【4K精剪】Go in Blind | 杨博文直拍 | 250816 & 250817,underthepoplar,2026-07-09 02:46:30,26545,4357,1266,2391,49,69,48,2
2026-07-16 19:17:51,https://www.bilibili.com/video/BV1s8BvBPEN5/?spm_id_from=333.337.search-card.all.click&vd_source=bdf775a036c61c0159ac2f0c251aaeb7,7,BV1s8BvBPEN5,【杨博文｜4K舞台直拍】好运来祝你好运来～博文宝宝祝你新年好运来,关键时刻来瓶尖叫,2025-12-27 00:43:12,1903369,34160,16624,31844,8339,4299,4806,1
2026-07-16 19:17:51,https://www.bilibili.com/video/BV1q5ofBTEXC/?spm_id_from=333.1387.homepage.video_card.click&vd_source=c9ba0a78401ac34b07f18808dcb060f8,8,BV1q5ofBTEXC,脚本测试1,喜欢吃鸡蛋果,2026-04-26 13:54:58,984,3,0,1,0,615,486,1
2026-07-16 19:17:51,https://www.bilibili.com/video/BV1csffB7E4j/?spm_id_from=333.1387.favlist.content.click,9,BV1csffB7E4j,防吞,杨博文波纹收藏记录馆,2026-02-04 23:54:43,9010,348,127,2155,13,0,0,2
2026-07-16 19:17:51,https://www.bilibili.com/video/BV1XA6nBGEPV/?spm_id_from=333.1387.favlist.content.click,10,BV1XA6nBGEPV,【4K精剪】希区考克 作品152 | 杨博文直拍 | 260131,underthepoplar,2026-02-01 00:23:17,1923911,22467,21522,19283,10453,3978,6809,6
2026-07-16 19:17:51,https://www.bilibili.com/video/BV1e364BwE63/?spm_id_from=333.1387.favlist.content.click,11,BV1e364BwE63,【杨博文】Why Why Why竖屏4k focus,meetsummer丨杨博文,2026-02-01 19:33:16,96056,885,460,1433,6706,43,40,1
2026-07-16 19:17:51,https://www.bilibili.com/video/BV1EGBCBmEo8/?spm_id_from=333.1387.favlist.content.click,12,BV1EGBCBmEo8,【杨博文｜4K高清直拍】魅魔级别的《Manta》舞台，看博文如何一yeah封神,关键时刻来瓶尖叫,2025-12-27 23:15:44,772107,12002,9349,10623,7249,945,2305,3
2026-07-16 19:17:51,https://www.bilibili.com/video/BV1eQ6bBrE5m/?spm_id_from=333.1387.favlist.content.click,13,BV1eQ6bBrE5m,【杨博文】四代来了一个表管天才<闭嘴跳舞>4k精剪直拍,61strawberry,2026-02-01 20:51:17,172738,7992,1125,7951,6659,62,33,5
2026-07-16 19:17:51,https://www.bilibili.com/video/BV1A5vkB2E1k/?spm_id_from=333.1387.favlist.content.click,14,BV1A5vkB2E1k,【杨博文】Hey Mama六机位纯舞直拍丨15岁舞台统治者的诞生，四代主舞燃炸全场！,Kismet丨杨博文,2025-12-28 22:28:16,2512831,61370,43258,44561,14465,13489,20685,4
2026-07-16 19:17:51,https://www.bilibili.com/video/BV1UAdsBXEVU/?spm_id_from=333.1387.favlist.content.click,15,BV1UAdsBXEVU,自测2号鸡蛋果,喜欢吃鸡蛋果,2026-04-18 22:55:52,670,4,0,1,0,0,0,1
2026-07-16 19:17:51,https://www.bilibili.com/video/BV1J7Awz8EUZ/?spm_id_from=333.1387.favlist.content.click,16,BV1J7Awz8EUZ,自测鸡蛋果,喜欢吃鸡蛋果,2026-03-21 16:17:31,1728,0,0,1,1,0,205,1
2026-07-16 19:17:51,https://www.bilibili.com/video/BV1qbULBbE5U/?spm_id_from=333.1387.favlist.content.click,17,BV1qbULBbE5U,【4K直拍】刷到杨博文跳《Lucifer》还不点进来看！！,Kismet丨杨博文,2025-11-21 21:26:08,220746,26037,3189,18515,323,110,328,1
2026-07-16 19:17:51,https://www.bilibili.com/video/BV1p6eGzVE4p?spm_id_from=333.1387.favlist.content.click,18,BV1p6eGzVE4p,「杨博文｜Go In Blind」丝带一拿，爽感Max,Astra_杨博文,2025-08-20 22:04:32,18518,628,153,435,17,5,25,1
2026-07-16 19:17:51,https://www.bilibili.com/video/BV1Pb64BSELU/?spm_id_from=333.1387.favlist.content.click,19,BV1Pb64BSELU,【杨博文】此男就这样一步一步扭进我心里 冬季版限定白色恋人袭来｜Whywhywhy 4k横屏直拍,游园会_杨博文,2026-02-01 18:52:15,33384,5105,884,3896,37,17,53,1
2026-07-16 19:17:51,https://www.bilibili.com/video/BV1Xm61BEEnt/?spm_id_from=333.1387.favlist.content.click&vd_source=bdf775a036c61c0159ac2f0c251aaeb7,20,BV1Xm61BEEnt,【杨博文】致命诱惑<希区考克 作品152> 4k 竖版直拍 Focus,Roseate丨杨博文,2026-01-31 17:54:23,48419,7830,3413,2859,208,259,425,1
2026-07-16 19:17:51,https://www.bilibili.com/video/BV18Ce3zpESm/?spm_id_from=333.1387.favlist.content.click,21,BV18Ce3zpESm,独一份的清冷破碎感｜杨博文｜路灯下的小姑娘4K直拍,WIX99,2025-08-20 16:44:03,20090,1047,186,637,64,46,26,1
2026-07-16 20:18:17,https://www.bilibili.com/video/BV1MGYnzrE9E/?spm_id_from=333.1387.favlist.content.click&vd_source=bdf775a036c61c0159ac2f0c251aaeb7,0,BV1MGYnzrE9E,杨博文跳 《Centuries》帅到窒息！！竖屏4K直拍,Kismet丨杨博文,2025-08-18 02:15:37,268505,12108,6681,7856,567,956,3372,1
2026-07-16 20:18:17,https://www.bilibili.com/video/BV1owvqBJEkn/?spm_id_from=333.1387.favlist.content.click&vd_source=bdf775a036c61c0159ac2f0c251aaeb7,1,BV1owvqBJEkn,【杨博文｜黄昏晓】 4K直拍,羊圈主,2025-12-28 00:28:04,19492,4378,1030,1669,70,88,256,1
2026-07-16 20:18:17,https://www.bilibili.com/video/BV1r9BeBZEMu/?spm_id_from=333.1387.favlist.content.click&vd_source=bdf775a036c61c0159ac2f0c251aaeb7,2,BV1r9BeBZEMu,【杨博文｜4K舞台直拍】《爱要坦荡荡》，四代主唱贝斯手玩转乐队，好青春洋溢,关键时刻来瓶尖叫,2025-12-27 00:55:22,40097,4798,771,3202,53,52,64,1
2026-07-16 20:18:17,https://www.bilibili.com/video/BV1Lb6tBBEYC/?spm_id_from=333.1387.favlist.content.click&vd_source=bdf775a036c61c0159ac2f0c251aaeb7,3,BV1Lb6tBBEYC,【4K精剪】闭嘴跳舞 | 杨博文直拍 | 260201,underthepoplar,2026-02-02 00:00:55,298098,23604,13388,17044,1911,1730,2894,7
2026-07-16 20:18:17,https://www.bilibili.com/video/BV1mJ64BREZY/?spm_id_from=333.1387.favlist.content.click&vd_source=bdf775a036c61c0159ac2f0c251aaeb7,4,BV1mJ64BREZY,【杨博文】闭嘴跳舞丨当主舞穿上西装就会得到,Kismet丨杨博文,2026-02-01 18:31:00,547811,33217,3612,24002,181,102,427,10
2026-07-16 20:18:17,https://www.bilibili.com/video/BV1J7Awz8EUZ/?spm_id_from=333.1387.favlist.content.click&vd_source=bdf775a036c61c0159ac2f0c251aaeb7,5,BV1J7Awz8EUZ,自测鸡蛋果,喜欢吃鸡蛋果,2026-03-21 16:17:31,1728,0,0,1,1,0,205,1
2026-07-16 20:18:17,https://www.bilibili.com/video/BV1LiM56WEWb/?spm_id_from=333.337.search-card.all.click,6,BV1LiM56WEWb,【4K精剪】Go in Blind | 杨博文直拍 | 250816 & 250817,underthepoplar,2026-07-09 02:46:30,26644,4369,1267,2398,49,69,48,1
2026-07-16 20:18:17,https://www.bilibili.com/video/BV1s8BvBPEN5/?spm_id_from=333.337.search-card.all.click&vd_source=bdf775a036c61c0159ac2f0c251aaeb7,7,BV1s8BvBPEN5,【杨博文｜4K舞台直拍】好运来祝你好运来～博文宝宝祝你新年好运来,关键时刻来瓶尖叫,2025-12-27 00:43:12,1903382,34161,16624,31845,8347,4299,4806,2
2026-07-16 20:18:17,https://www.bilibili.com/video/BV1q5ofBTEXC/?spm_id_from=333.1387.homepage.video_card.click&vd_source=c9ba0a78401ac34b07f18808dcb060f8,8,BV1q5ofBTEXC,脚本测试1,喜欢吃鸡蛋果,2026-04-26 13:54:58,984,3,0,1,0,615,486,1
2026-07-16 20:18:17,https://www.bilibili.com/video/BV1csffB7E4j/?spm_id_from=333.1387.favlist.content.click,9,BV1csffB7E4j,防吞,杨博文波纹收藏记录馆,2026-02-04 23:54:43,9013,348,127,2156,13,0,0,1
2026-07-16 20:18:17,https://www.bilibili.com/video/BV1XA6nBGEPV/?spm_id_from=333.1387.favlist.content.click,10,BV1XA6nBGEPV,【4K精剪】希区考克 作品152 | 杨博文直拍 | 260131,underthepoplar,2026-02-01 00:23:17,1923922,22467,21522,19284,10460,3978,6809,7
2026-07-16 20:18:17,https://www.bilibili.com/video/BV1e364BwE63/?spm_id_from=333.1387.favlist.content.click,11,BV1e364BwE63,【杨博文】Why Why Why竖屏4k focus,meetsummer丨杨博文,2026-02-01 19:33:16,96339,885,460,1435,6713,43,40,5
2026-07-16 20:18:17,https://www.bilibili.com/video/BV1EGBCBmEo8/?spm_id_from=333.1387.favlist.content.click,12,BV1EGBCBmEo8,【杨博文｜4K高清直拍】魅魔级别的《Manta》舞台，看博文如何一yeah封神,关键时刻来瓶尖叫,2025-12-27 23:15:44,772307,12002,9349,10624,7256,945,2305,2
2026-07-16 20:18:17,https://www.bilibili.com/video/BV1eQ6bBrE5m/?spm_id_from=333.1387.favlist.content.click,13,BV1eQ6bBrE5m,【杨博文】四代来了一个表管天才<闭嘴跳舞>4k精剪直拍,61strawberry,2026-02-01 20:51:17,173062,7994,1127,7955,6665,62,33,5
2026-07-16 20:18:17,https://www.bilibili.com/video/BV1A5vkB2E1k/?spm_id_from=333.1387.favlist.content.click,14,BV1A5vkB2E1k,【杨博文】Hey Mama六机位纯舞直拍丨15岁舞台统治者的诞生，四代主舞燃炸全场！,Kismet丨杨博文,2025-12-28 22:28:16,2513082,61374,43258,44563,14475,13489,20686,8
2026-07-16 20:18:17,https://www.bilibili.com/video/BV1UAdsBXEVU/?spm_id_from=333.1387.favlist.content.click,15,BV1UAdsBXEVU,自测2号鸡蛋果,喜欢吃鸡蛋果,2026-04-18 22:55:52,670,4,0,1,0,0,0,1
2026-07-16 20:18:17,https://www.bilibili.com/video/BV1J7Awz8EUZ/?spm_id_from=333.1387.favlist.content.click,16,BV1J7Awz8EUZ,自测鸡蛋果,喜欢吃鸡蛋果,2026-03-21 16:17:31,1728,0,0,1,1,0,205,1
2026-07-16 20:18:17,https://www.bilibili.com/video/BV1qbULBbE5U/?spm_id_from=333.1387.favlist.content.click,17,BV1qbULBbE5U,【4K直拍】刷到杨博文跳《Lucifer》还不点进来看！！,Kismet丨杨博文,2025-11-21 21:26:08,220755,26037,3189,18515,323,110,328,1
2026-07-16 20:18:17,https://www.bilibili.com/video/BV1p6eGzVE4p?spm_id_from=333.1387.favlist.content.click,18,BV1p6eGzVE4p,「杨博文｜Go In Blind」丝带一拿，爽感Max,Astra_杨博文,2025-08-20 22:04:32,18518,628,153,435,17,5,25,1
2026-07-16 20:18:17,https://www.bilibili.com/video/BV1Pb64BSELU/?spm_id_from=333.1387.favlist.content.click,19,BV1Pb64BSELU,【杨博文】此男就这样一步一步扭进我心里 冬季版限定白色恋人袭来｜Whywhywhy 4k横屏直拍,游园会_杨博文,2026-02-01 18:52:15,33402,5107,884,3899,37,17,53,1
2026-07-16 20:18:17,https://www.bilibili.com/video/BV1Xm61BEEnt/?spm_id_from=333.1387.favlist.content.click&vd_source=bdf775a036c61c0159ac2f0c251aaeb7,20,BV1Xm61BEEnt,【杨博文】致命诱惑<希区考克 作品152> 4k 竖版直拍 Focus,Roseate丨杨博文,2026-01-31 17:54:23,48421,7830,3413,2859,208,259,425,1
2026-07-16 20:18:17,https://www.bilibili.com/video/BV18Ce3zpESm/?spm_id_from=333.1387.favlist.content.click,21,BV18Ce3zpESm,独一份的清冷破碎感｜杨博文｜路灯下的小姑娘4K直拍,WIX99,2025-08-20 16:44:03,20092,1047,186,637,64,46,26,1
2026-07-16 21:18:46,https://www.bilibili.com/video/BV1MGYnzrE9E/?spm_id_from=333.1387.favlist.content.click&vd_source=bdf775a036c61c0159ac2f0c251aaeb7,0,BV1MGYnzrE9E,杨博文跳 《Centuries》帅到窒息！！竖屏4K直拍,Kismet丨杨博文,2025-08-18 02:15:37,268513,12108,6681,7856,567,956,3372,1
2026-07-16 21:18:46,https://www.bilibili.com/video/BV1owvqBJEkn/?spm_id_from=333.1387.favlist.content.click&vd_source=bdf775a036c61c0159ac2f0c251aaeb7,1,BV1owvqBJEkn,【杨博文｜黄昏晓】 4K直拍,羊圈主,2025-12-28 00:28:04,19493,4378,1030,1669,70,88,256,1
2026-07-16 21:18:46,https://www.bilibili.com/video/BV1r9BeBZEMu/?spm_id_from=333.1387.favlist.content.click&vd_source=bdf775a036c61c0159ac2f0c251aaeb7,2,BV1r9BeBZEMu,【杨博文｜4K舞台直拍】《爱要坦荡荡》，四代主唱贝斯手玩转乐队，好青春洋溢,关键时刻来瓶尖叫,2025-12-27 00:55:22,40097,4798,771,3202,53,52,64,1
2026-07-16 21:18:46,https://www.bilibili.com/video/BV1Lb6tBBEYC/?spm_id_from=333.1387.favlist.content.click&vd_source=bdf775a036c61c0159ac2f0c251aaeb7,3,BV1Lb6tBBEYC,【4K精剪】闭嘴跳舞 | 杨博文直拍 | 260201,underthepoplar,2026-02-02 00:00:55,298348,23615,13388,17046,1911,1731,2894,5
2026-07-16 21:18:46,https://www.bilibili.com/video/BV1mJ64BREZY/?spm_id_from=333.1387.favlist.content.click&vd_source=bdf775a036c61c0159ac2f0c251aaeb7,4,BV1mJ64BREZY,【杨博文】闭嘴跳舞丨当主舞穿上西装就会得到,Kismet丨杨博文,2026-02-01 18:31:00,548215,33232,3612,24015,181,102,427,9
2026-07-16 21:18:46,https://www.bilibili.com/video/BV1J7Awz8EUZ/?spm_id_from=333.1387.favlist.content.click&vd_source=bdf775a036c61c0159ac2f0c251aaeb7,5,BV1J7Awz8EUZ,自测鸡蛋果,喜欢吃鸡蛋果,2026-03-21 16:17:31,1728,0,0,1,1,0,205,1
2026-07-16 21:18:46,https://www.bilibili.com/video/BV1LiM56WEWb/?spm_id_from=333.337.search-card.all.click,6,BV1LiM56WEWb,【4K精剪】Go in Blind | 杨博文直拍 | 250816 & 250817,underthepoplar,2026-07-09 02:46:30,26752,4391,1272,2415,49,69,48,2
2026-07-16 21:18:46,https://www.bilibili.com/video/BV1s8BvBPEN5/?spm_id_from=333.337.search-card.all.click&vd_source=bdf775a036c61c0159ac2f0c251aaeb7,7,BV1s8BvBPEN5,【杨博文｜4K舞台直拍】好运来祝你好运来～博文宝宝祝你新年好运来,关键时刻来瓶尖叫,2025-12-27 00:43:12,1903397,34161,16624,31846,8355,4299,4806,1
2026-07-16 21:18:46,https://www.bilibili.com/video/BV1q5ofBTEXC/?spm_id_from=333.1387.homepage.video_card.click&vd_source=c9ba0a78401ac34b07f18808dcb060f8,8,BV1q5ofBTEXC,脚本测试1,喜欢吃鸡蛋果,2026-04-26 13:54:58,984,3,0,1,0,615,486,1
2026-07-16 21:18:46,https://www.bilibili.com/video/BV1csffB7E4j/?spm_id_from=333.1387.favlist.content.click,9,BV1csffB7E4j,防吞,杨博文波纹收藏记录馆,2026-02-04 23:54:43,9016,348,127,2157,13,0,0,2
2026-07-16 21:18:46,https://www.bilibili.com/video/BV1XA6nBGEPV/?spm_id_from=333.1387.favlist.content.click,10,BV1XA6nBGEPV,【4K精剪】希区考克 作品152 | 杨博文直拍 | 260131,underthepoplar,2026-02-01 00:23:17,1923947,22468,21522,19285,10468,3978,6809,4
2026-07-16 21:18:46,https://www.bilibili.com/video/BV1e364BwE63/?spm_id_from=333.1387.favlist.content.click,11,BV1e364BwE63,【杨博文】Why Why Why竖屏4k focus,meetsummer丨杨博文,2026-02-01 19:33:16,96661,885,460,1438,6721,43,40,6
2026-07-16 21:18:46,https://www.bilibili.com/video/BV1EGBCBmEo8/?spm_id_from=333.1387.favlist.content.click,12,BV1EGBCBmEo8,【杨博文｜4K高清直拍】魅魔级别的《Manta》舞台，看博文如何一yeah封神,关键时刻来瓶尖叫,2025-12-27 23:15:44,772573,12002,9349,10626,7264,945,2305,5
2026-07-16 21:18:46,https://www.bilibili.com/video/BV1eQ6bBrE5m/?spm_id_from=333.1387.favlist.content.click,13,BV1eQ6bBrE5m,【杨博文】四代来了一个表管天才<闭嘴跳舞>4k精剪直拍,61strawberry,2026-02-01 20:51:17,173434,7995,1127,7958,6674,62,33,7
2026-07-16 21:18:46,https://www.bilibili.com/video/BV1A5vkB2E1k/?spm_id_from=333.1387.favlist.content.click,14,BV1A5vkB2E1k,【杨博文】Hey Mama六机位纯舞直拍丨15岁舞台统治者的诞生，四代主舞燃炸全场！,Kismet丨杨博文,2025-12-28 22:28:16,2513377,61377,43262,44567,14482,13489,20688,9
2026-07-16 21:18:46,https://www.bilibili.com/video/BV1UAdsBXEVU/?spm_id_from=333.1387.favlist.content.click,15,BV1UAdsBXEVU,自测2号鸡蛋果,喜欢吃鸡蛋果,2026-04-18 22:55:52,670,4,0,1,0,0,0,1
2026-07-16 21:18:46,https://www.bilibili.com/video/BV1J7Awz8EUZ/?spm_id_from=333.1387.favlist.content.click,16,BV1J7Awz8EUZ,自测鸡蛋果,喜欢吃鸡蛋果,2026-03-21 16:17:31,1728,0,0,1,1,0,205,1
2026-07-16 21:18:46,https://www.bilibili.com/video/BV1qbULBbE5U/?spm_id_from=333.1387.favlist.content.click,17,BV1qbULBbE5U,【4K直拍】刷到杨博文跳《Lucifer》还不点进来看！！,Kismet丨杨博文,2025-11-21 21:26:08,220766,26038,3189,18516,323,110,328,1
2026-07-16 21:18:46,https://www.bilibili.com/video/BV1p6eGzVE4p?spm_id_from=333.1387.favlist.content.click,18,BV1p6eGzVE4p,「杨博文｜Go In Blind」丝带一拿，爽感Max,Astra_杨博文,2025-08-20 22:04:32,18519,628,153,435,17,5,25,1
2026-07-16 21:18:46,https://www.bilibili.com/video/BV1Pb64BSELU/?spm_id_from=333.1387.favlist.content.click,19,BV1Pb64BSELU,【杨博文】此男就这样一步一步扭进我心里 冬季版限定白色恋人袭来｜Whywhywhy 4k横屏直拍,游园会_杨博文,2026-02-01 18:52:15,33414,5108,884,3901,37,17,53,1
2026-07-16 21:18:46,https://www.bilibili.com/video/BV1Xm61BEEnt/?spm_id_from=333.1387.favlist.content.click&vd_source=bdf775a036c61c0159ac2f0c251aaeb7,20,BV1Xm61BEEnt,【杨博文】致命诱惑<希区考克 作品152> 4k 竖版直拍 Focus,Roseate丨杨博文,2026-01-31 17:54:23,48423,7830,3413,2859,208,259,425,1
2026-07-16 21:18:46,https://www.bilibili.com/video/BV18Ce3zpESm/?spm_id_from=333.1387.favlist.content.click,21,BV18Ce3zpESm,独一份的清冷破碎感｜杨博文｜路灯下的小姑娘4K直拍,WIX99,2025-08-20 16:44:03,20096,1047,186,637,64,46,26,1
2026-07-16 22:19:26,https://www.bilibili.com/video/BV1MGYnzrE9E/?spm_id_from=333.1387.favlist.content.click&vd_source=bdf775a036c61c0159ac2f0c251aaeb7,0,BV1MGYnzrE9E,杨博文跳 《Centuries》帅到窒息！！竖屏4K直拍,Kismet丨杨博文,2025-08-18 02:15:37,268516,12108,6681,7856,567,956,3372,1
2026-07-16 22:19:26,https://www.bilibili.com/video/BV1owvqBJEkn/?spm_id_from=333.1387.favlist.content.click&vd_source=bdf775a036c61c0159ac2f0c251aaeb7,1,BV1owvqBJEkn,【杨博文｜黄昏晓】 4K直拍,羊圈主,2025-12-28 00:28:04,19495,4378,1030,1669,70,88,256,1
2026-07-16 22:19:26,https://www.bilibili.com/video/BV1r9BeBZEMu/?spm_id_from=333.1387.favlist.content.click&vd_source=bdf775a036c61c0159ac2f0c251aaeb7,2,BV1r9BeBZEMu,【杨博文｜4K舞台直拍】《爱要坦荡荡》，四代主唱贝斯手玩转乐队，好青春洋溢,关键时刻来瓶尖叫,2025-12-27 00:55:22,40099,4798,771,3202,53,52,64,1
2026-07-16 22:19:26,https://www.bilibili.com/video/BV1Lb6tBBEYC/?spm_id_from=333.1387.favlist.content.click&vd_source=bdf775a036c61c0159ac2f0c251aaeb7,3,BV1Lb6tBBEYC,【4K精剪】闭嘴跳舞 | 杨博文直拍 | 260201,underthepoplar,2026-02-02 00:00:55,298526,23626,13397,17052,1911,1747,2895,3
2026-07-16 22:19:26,https://www.bilibili.com/video/BV1mJ64BREZY/?spm_id_from=333.1387.favlist.content.click&vd_source=bdf775a036c61c0159ac2f0c251aaeb7,4,BV1mJ64BREZY,【杨博文】闭嘴跳舞丨当主舞穿上西装就会得到,Kismet丨杨博文,2026-02-01 18:31:00,548577,33244,3612,24027,181,101,427,10
2026-07-16 22:19:26,https://www.bilibili.com/video/BV1J7Awz8EUZ/?spm_id_from=333.1387.favlist.content.click&vd_source=bdf775a036c61c0159ac2f0c251aaeb7,5,BV1J7Awz8EUZ,自测鸡蛋果,喜欢吃鸡蛋果,2026-03-21 16:17:31,1728,0,0,1,1,0,205,1
2026-07-16 22:19:26,https://www.bilibili.com/video/BV1LiM56WEWb/?spm_id_from=333.337.search-card.all.click,6,BV1LiM56WEWb,【4K精剪】Go in Blind | 杨博文直拍 | 250816 & 250817,underthepoplar,2026-07-09 02:46:30,26823,4404,1272,2431,49,69,48,2
2026-07-16 22:19:26,https://www.bilibili.com/video/BV1s8BvBPEN5/?spm_id_from=333.337.search-card.all.click&vd_source=bdf775a036c61c0159ac2f0c251aaeb7,7,BV1s8BvBPEN5,【杨博文｜4K舞台直拍】好运来祝你好运来～博文宝宝祝你新年好运来,关键时刻来瓶尖叫,2025-12-27 00:43:12,1903420,34163,16626,31848,8359,4299,4806,1
2026-07-16 22:19:26,https://www.bilibili.com/video/BV1q5ofBTEXC/?spm_id_from=333.1387.homepage.video_card.click&vd_source=c9ba0a78401ac34b07f18808dcb060f8,8,BV1q5ofBTEXC,脚本测试1,喜欢吃鸡蛋果,2026-04-26 13:54:58,984,3,0,1,0,615,486,1
2026-07-16 22:19:26,https://www.bilibili.com/video/BV1csffB7E4j/?spm_id_from=333.1387.favlist.content.click,9,BV1csffB7E4j,防吞,杨博文波纹收藏记录馆,2026-02-04 23:54:43,9019,348,127,2156,13,0,0,1
2026-07-16 22:19:26,https://www.bilibili.com/video/BV1XA6nBGEPV/?spm_id_from=333.1387.favlist.content.click,10,BV1XA6nBGEPV,【4K精剪】希区考克 作品152 | 杨博文直拍 | 260131,underthepoplar,2026-02-01 00:23:17,1923961,22469,21524,19284,10472,3978,6809,2
2026-07-16 22:19:26,https://www.bilibili.com/video/BV1e364BwE63/?spm_id_from=333.1387.favlist.content.click,11,BV1e364BwE63,【杨博文】Why Why Why竖屏4k focus,meetsummer丨杨博文,2026-02-01 19:33:16,96989,885,460,1438,6725,43,40,4
2026-07-16 22:19:26,https://www.bilibili.com/video/BV1EGBCBmEo8/?spm_id_from=333.1387.favlist.content.click,12,BV1EGBCBmEo8,【杨博文｜4K高清直拍】魅魔级别的《Manta》舞台，看博文如何一yeah封神,关键时刻来瓶尖叫,2025-12-27 23:15:44,772866,12002,9349,10627,7268,945,2305,3
2026-07-16 22:19:26,https://www.bilibili.com/video/BV1eQ6bBrE5m/?spm_id_from=333.1387.favlist.content.click,13,BV1eQ6bBrE5m,【杨博文】四代来了一个表管天才<闭嘴跳舞>4k精剪直拍,61strawberry,2026-02-01 20:51:17,173816,7999,1127,7961,6676,62,33,5
2026-07-16 22:19:26,https://www.bilibili.com/video/BV1A5vkB2E1k/?spm_id_from=333.1387.favlist.content.click,14,BV1A5vkB2E1k,【杨博文】Hey Mama六机位纯舞直拍丨15岁舞台统治者的诞生，四代主舞燃炸全场！,Kismet丨杨博文,2025-12-28 22:28:16,2513704,61385,43269,44574,14487,13490,20688,7
2026-07-16 22:19:26,https://www.bilibili.com/video/BV1UAdsBXEVU/?spm_id_from=333.1387.favlist.content.click,15,BV1UAdsBXEVU,自测2号鸡蛋果,喜欢吃鸡蛋果,2026-04-18 22:55:52,670,4,0,1,0,0,0,1
2026-07-16 22:19:26,https://www.bilibili.com/video/BV1J7Awz8EUZ/?spm_id_from=333.1387.favlist.content.click,16,BV1J7Awz8EUZ,自测鸡蛋果,喜欢吃鸡蛋果,2026-03-21 16:17:31,1728,0,0,1,1,0,205,1
2026-07-16 22:19:26,https://www.bilibili.com/video/BV1qbULBbE5U/?spm_id_from=333.1387.favlist.content.click,17,BV1qbULBbE5U,【4K直拍】刷到杨博文跳《Lucifer》还不点进来看！！,Kismet丨杨博文,2025-11-21 21:26:08,220785,26040,3189,18518,324,110,328,1
2026-07-16 22:19:26,https://www.bilibili.com/video/BV1p6eGzVE4p?spm_id_from=333.1387.favlist.content.click,18,BV1p6eGzVE4p,「杨博文｜Go In Blind」丝带一拿，爽感Max,Astra_杨博文,2025-08-20 22:04:32,18521,628,153,435,17,5,25,1
2026-07-16 22:19:26,https://www.bilibili.com/video/BV1Pb64BSELU/?spm_id_from=333.1387.favlist.content.click,19,BV1Pb64BSELU,【杨博文】此男就这样一步一步扭进我心里 冬季版限定白色恋人袭来｜Whywhywhy 4k横屏直拍,游园会_杨博文,2026-02-01 18:52:15,33423,5108,884,3901,37,17,53,1
2026-07-16 22:19:26,https://www.bilibili.com/video/BV1Xm61BEEnt/?spm_id_from=333.1387.favlist.content.click&vd_source=bdf775a036c61c0159ac2f0c251aaeb7,20,BV1Xm61BEEnt,【杨博文】致命诱惑<希区考克 作品152> 4k 竖版直拍 Focus,Roseate丨杨博文,2026-01-31 17:54:23,48423,7830,3413,2859,208,259,425,1
2026-07-16 22:19:26,https://www.bilibili.com/video/BV18Ce3zpESm/?spm_id_from=333.1387.favlist.content.click,21,BV18Ce3zpESm,独一份的清冷破碎感｜杨博文｜路灯下的小姑娘4K直拍,WIX99,2025-08-20 16:44:03,20101,1047,186,637,64,46,26,1
2026-07-16 23:19:47,https://www.bilibili.com/video/BV1MGYnzrE9E/?spm_id_from=333.1387.favlist.content.click&vd_source=bdf775a036c61c0159ac2f0c251aaeb7,0,BV1MGYnzrE9E,杨博文跳 《Centuries》帅到窒息！！竖屏4K直拍,Kismet丨杨博文,2025-08-18 02:15:37,268521,12109,6681,7857,567,956,3372,1
2026-07-16 23:19:47,https://www.bilibili.com/video/BV1owvqBJEkn/?spm_id_from=333.1387.favlist.content.click&vd_source=bdf775a036c61c0159ac2f0c251aaeb7,1,BV1owvqBJEkn,【杨博文｜黄昏晓】 4K直拍,羊圈主,2025-12-28 00:28:04,19496,4378,1030,1669,70,88,256,1
2026-07-16 23:19:47,https://www.bilibili.com/video/BV1r9BeBZEMu/?spm_id_from=333.1387.favlist.content.click&vd_source=bdf775a036c61c0159ac2f0c251aaeb7,2,BV1r9BeBZEMu,【杨博文｜4K舞台直拍】《爱要坦荡荡》，四代主唱贝斯手玩转乐队，好青春洋溢,关键时刻来瓶尖叫,2025-12-27 00:55:22,40103,4799,771,3203,53,52,64,1
2026-07-16 23:19:47,https://www.bilibili.com/video/BV1Lb6tBBEYC/?spm_id_from=333.1387.favlist.content.click&vd_source=bdf775a036c61c0159ac2f0c251aaeb7,3,BV1Lb6tBBEYC,【4K精剪】闭嘴跳舞 | 杨博文直拍 | 260201,underthepoplar,2026-02-02 00:00:55,298676,23639,13397,17057,1911,1747,2895,1
2026-07-16 23:19:47,https://www.bilibili.com/video/BV1mJ64BREZY/?spm_id_from=333.1387.favlist.content.click&vd_source=bdf775a036c61c0159ac2f0c251aaeb7,4,BV1mJ64BREZY,【杨博文】闭嘴跳舞丨当主舞穿上西装就会得到,Kismet丨杨博文,2026-02-01 18:31:00,548756,33248,3612,24030,181,101,427,1
2026-07-16 23:19:47,https://www.bilibili.com/video/BV1J7Awz8EUZ/?spm_id_from=333.1387.favlist.content.click&vd_source=bdf775a036c61c0159ac2f0c251aaeb7,5,BV1J7Awz8EUZ,自测鸡蛋果,喜欢吃鸡蛋果,2026-03-21 16:17:31,1730,0,0,1,1,0,205,1
2026-07-16 23:19:47,https://www.bilibili.com/video/BV1LiM56WEWb/?spm_id_from=333.337.search-card.all.click,6,BV1LiM56WEWb,【4K精剪】Go in Blind | 杨博文直拍 | 250816 & 250817,underthepoplar,2026-07-09 02:46:30,26879,4416,1272,2439,49,69,48,1
2026-07-16 23:19:47,https://www.bilibili.com/video/BV1s8BvBPEN5/?spm_id_from=333.337.search-card.all.click&vd_source=bdf775a036c61c0159ac2f0c251aaeb7,7,BV1s8BvBPEN5,【杨博文｜4K舞台直拍】好运来祝你好运来～博文宝宝祝你新年好运来,关键时刻来瓶尖叫,2025-12-27 00:43:12,1903436,34165,16626,31849,8368,4299,4806,1
2026-07-16 23:19:47,https://www.bilibili.com/video/BV1q5ofBTEXC/?spm_id_from=333.1387.homepage.video_card.click&vd_source=c9ba0a78401ac34b07f18808dcb060f8,8,BV1q5ofBTEXC,脚本测试1,喜欢吃鸡蛋果,2026-04-26 13:54:58,984,3,0,1,0,615,486,1
2026-07-16 23:19:47,https://www.bilibili.com/video/BV1csffB7E4j/?spm_id_from=333.1387.favlist.content.click,9,BV1csffB7E4j,防吞,杨博文波纹收藏记录馆,2026-02-04 23:54:43,9021,348,127,2158,13,0,0,1
2026-07-16 23:19:47,https://www.bilibili.com/video/BV1XA6nBGEPV/?spm_id_from=333.1387.favlist.content.click,10,BV1XA6nBGEPV,【4K精剪】希区考克 作品152 | 杨博文直拍 | 260131,underthepoplar,2026-02-01 00:23:17,1923978,22470,21526,19285,10482,3979,6809,4
2026-07-16 23:19:47,https://www.bilibili.com/video/BV1e364BwE63/?spm_id_from=333.1387.favlist.content.click,11,BV1e364BwE63,【杨博文】Why Why Why竖屏4k focus,meetsummer丨杨博文,2026-02-01 19:33:16,97229,886,462,1440,6735,44,40,5
2026-07-16 23:19:47,https://www.bilibili.com/video/BV1EGBCBmEo8/?spm_id_from=333.1387.favlist.content.click,12,BV1EGBCBmEo8,【杨博文｜4K高清直拍】魅魔级别的《Manta》舞台，看博文如何一yeah封神,关键时刻来瓶尖叫,2025-12-27 23:15:44,773102,12003,9351,10628,7277,946,2305,4
2026-07-16 23:19:47,https://www.bilibili.com/video/BV1eQ6bBrE5m/?spm_id_from=333.1387.favlist.content.click,13,BV1eQ6bBrE5m,【杨博文】四代来了一个表管天才<闭嘴跳舞>4k精剪直拍,61strawberry,2026-02-01 20:51:17,174104,8000,1129,7963,6688,63,33,6
2026-07-16 23:19:47,https://www.bilibili.com/video/BV1A5vkB2E1k/?spm_id_from=333.1387.favlist.content.click,14,BV1A5vkB2E1k,【杨博文】Hey Mama六机位纯舞直拍丨15岁舞台统治者的诞生，四代主舞燃炸全场！,Kismet丨杨博文,2025-12-28 22:28:16,2513973,61392,43273,44574,14497,13491,20689,3
2026-07-16 23:19:47,https://www.bilibili.com/video/BV1UAdsBXEVU/?spm_id_from=333.1387.favlist.content.click,15,BV1UAdsBXEVU,自测2号鸡蛋果,喜欢吃鸡蛋果,2026-04-18 22:55:52,671,4,0,1,0,0,0,1
2026-07-16 23:19:47,https://www.bilibili.com/video/BV1J7Awz8EUZ/?spm_id_from=333.1387.favlist.content.click,16,BV1J7Awz8EUZ,自测鸡蛋果,喜欢吃鸡蛋果,2026-03-21 16:17:31,1730,0,0,1,1,0,205,1
2026-07-16 23:19:47,https://www.bilibili.com/video/BV1qbULBbE5U/?spm_id_from=333.1387.favlist.content.click,17,BV1qbULBbE5U,【4K直拍】刷到杨博文跳《Lucifer》还不点进来看！！,Kismet丨杨博文,2025-11-21 21:26:08,220800,26041,3189,18519,324,110,328,1
2026-07-16 23:19:47,https://www.bilibili.com/video/BV1p6eGzVE4p?spm_id_from=333.1387.favlist.content.click,18,BV1p6eGzVE4p,「杨博文｜Go In Blind」丝带一拿，爽感Max,Astra_杨博文,2025-08-20 22:04:32,18523,628,153,435,17,5,25,1
2026-07-16 23:19:47,https://www.bilibili.com/video/BV1Pb64BSELU/?spm_id_from=333.1387.favlist.content.click,19,BV1Pb64BSELU,【杨博文】此男就这样一步一步扭进我心里 冬季版限定白色恋人袭来｜Whywhywhy 4k横屏直拍,游园会_杨博文,2026-02-01 18:52:15,33432,5109,884,3902,37,17,53,1
2026-07-16 23:19:47,https://www.bilibili.com/video/BV1Xm61BEEnt/?spm_id_from=333.1387.favlist.content.click&vd_source=bdf775a036c61c0159ac2f0c251aaeb7,20,BV1Xm61BEEnt,【杨博文】致命诱惑<希区考克 作品152> 4k 竖版直拍 Focus,Roseate丨杨博文,2026-01-31 17:54:23,48424,7830,3413,2859,208,259,425,1
2026-07-16 23:19:47,https://www.bilibili.com/video/BV18Ce3zpESm/?spm_id_from=333.1387.favlist.content.click,21,BV18Ce3zpESm,独一份的清冷破碎感｜杨博文｜路灯下的小姑娘4K直拍,WIX99,2025-08-20 16:44:03,20104,1047,186,638,64,46,26,1
