采集时间,输入,BV号,标题,UP主,UP主mid,上传时间,总播放量,点赞数,投币数,收藏数,转发数,评论数,弹幕数,在线人数,每小时播放增量,是否起量
2026-03-03 00:22:18,https://www.bilibili.com/video/BV1e364BwE63/?spm_id_from=333.1387.favlist.content.click,BV1e364BwE63,【杨博文】Why Why Why竖屏4k focus,meetsummer丨杨博文,3546622113876662,2026-02-01 19:33:16,10951,467,176,201,12,12,5,5,0,False
2026-03-03 01:22:30,https://www.bilibili.com/video/BV1e364BwE63/?spm_id_from=333.1387.favlist.content.click,BV1e364BwE63,【杨博文】Why Why Why竖屏4k focus,meetsummer丨杨博文,3546622113876662,2026-02-01 19:33:16,11160,467,176,203,12,12,5,7,209,False
2026-03-03 02:22:43,https://www.bilibili.com/video/BV1e364BwE63/?spm_id_from=333.1387.favlist.content.click,BV1e364BwE63,【杨博文】Why Why Why竖屏4k focus,meetsummer丨杨博文,3546622113876662,2026-02-01 19:33:16,11368,467,176,203,12,12,5,9,208,False
2026-03-03 03:22:55,https://www.bilibili.com/video/BV1e364BwE63/?spm_id_from=333.1387.favlist.content.click,BV1e364BwE63,【杨博文】Why Why Why竖屏4k focus,meetsummer丨杨博文,3546622113876662,2026-02-01 19:33:16,11568,467,176,204,12,12,5,6,200,False
2026-03-03 04:23:08,https://www.bilibili.com/video/BV1e364BwE63/?spm_id_from=333.1387.favlist.content.click,BV1e364BwE63,【杨博文】Why Why Why竖屏4k focus,meetsummer丨杨博文,3546622113876662,2026-02-01 19:33:16,11774,468,178,205,12,12,5,8,206,False
2026-03-03 05:23:20,https://www.bilibili.com/video/BV1e364BwE63/?spm_id_from=333.1387.favlist.content.click,BV1e364BwE63,【杨博文】Why Why Why竖屏4k focus,meetsummer丨杨博文,3546622113876662,2026-02-01 19:33:16,11977,468,178,205,12,12,5,7,203,False
2026-03-03 06:23:32,https://www.bilibili.com/video/BV1e364BwE63/?spm_id_from=333.1387.favlist.content.click,BV1e364BwE63,【杨博文】Why Why Why竖屏4k focus,meetsummer丨杨博文,3546622113876662,2026-02-01 19:33:16,12170,468,178,205,12,12,5,5,193,False
2026-03-03 07:23:45,https://www.bilibili.com/video/BV1e364BwE63/?spm_id_from=333.1387.favlist.content.click,BV1e364BwE63,【杨博文】Why Why Why竖屏4k focus,meetsummer丨杨博文,3546622113876662,2026-02-01 19:33:16,12348,468,178,205,12,12,5,6,178,False
2026-03-03 08:23:57,https://www.bilibili.com/video/BV1e364BwE63/?spm_id_from=333.1387.favlist.content.click,BV1e364BwE63,【杨博文】Why Why Why竖屏4k focus,meetsummer丨杨博文,3546622113876662,2026-02-01 19:33:16,12481,468,178,205,12,12,5,6,133,False
2026-03-03 09:24:09,https://www.bilibili.com/video/BV1e364BwE63/?spm_id_from=333.1387.favlist.content.click,BV1e364BwE63,【杨博文】Why Why Why竖屏4k focus,meetsummer丨杨博文,3546622113876662,2026-02-01 19:33:16,12627,468,178,206,12,12,5,5,146,False
2026-03-03 10:24:22,https://www.bilibili.com/video/BV1e364BwE63/?spm_id_from=333.1387.favlist.content.click,BV1e364BwE63,【杨博文】Why Why Why竖屏4k focus,meetsummer丨杨博文,3546622113876662,2026-02-01 19:33:16,12803,468,178,207,12,12,5,8,176,False
2026-03-03 11:24:35,https://www.bilibili.com/video/BV1e364BwE63/?spm_id_from=333.1387.favlist.content.click,BV1e364BwE63,【杨博文】Why Why Why竖屏4k focus,meetsummer丨杨博文,3546622113876662,2026-02-01 19:33:16,13021,469,178,209,12,12,5,7,218,False
2026-03-03 13:11:30,https://www.bilibili.com/video/BV1e364BwE63/?spm_id_from=333.1387.favlist.content.click,BV1e364BwE63,【杨博文】Why Why Why竖屏4k focus,meetsummer丨杨博文,3546622113876662,2026-02-01 19:33:16,13477,470,178,209,12,12,5,3,456,True
2026-03-03 15:00:12,https://www.bilibili.com/video/BV1e364BwE63/?spm_id_from=333.1387.favlist.content.click,BV1e364BwE63,【杨博文】Why Why Why竖屏4k focus,meetsummer丨杨博文,3546622113876662,2026-02-01 19:33:16,13996,470,178,210,12,12,5,13,519,True
2026-03-03 16:00:25,https://www.bilibili.com/video/BV1e364BwE63/?spm_id_from=333.1387.favlist.content.click,BV1e364BwE63,【杨博文】Why Why Why竖屏4k focus,meetsummer丨杨博文,3546622113876662,2026-02-01 19:33:16,14324,471,178,210,12,12,6,10,328,True
2026-03-03 17:00:38,https://www.bilibili.com/video/BV1e364BwE63/?spm_id_from=333.1387.favlist.content.click,BV1e364BwE63,【杨博文】Why Why Why竖屏4k focus,meetsummer丨杨博文,3546622113876662,2026-02-01 19:33:16,14622,471,178,210,12,12,6,11,298,False
2026-03-03 18:00:50,https://www.bilibili.com/video/BV1e364BwE63/?spm_id_from=333.1387.favlist.content.click,BV1e364BwE63,【杨博文】Why Why Why竖屏4k focus,meetsummer丨杨博文,3546622113876662,2026-02-01 19:33:16,14872,471,178,210,12,12,6,10,250,False
2026-03-03 19:01:03,https://www.bilibili.com/video/BV1e364BwE63/?spm_id_from=333.1387.favlist.content.click,BV1e364BwE63,【杨博文】Why Why Why竖屏4k focus,meetsummer丨杨博文,3546622113876662,2026-02-01 19:33:16,15124,472,178,211,12,12,6,10,252,False
2026-03-03 20:01:16,https://www.bilibili.com/video/BV1e364BwE63/?spm_id_from=333.1387.favlist.content.click,BV1e364BwE63,【杨博文】Why Why Why竖屏4k focus,meetsummer丨杨博文,3546622113876662,2026-02-01 19:33:16,15332,472,178,211,12,12,6,6,208,False
2026-03-03 21:01:29,https://www.bilibili.com/video/BV1e364BwE63/?spm_id_from=333.1387.favlist.content.click,BV1e364BwE63,【杨博文】Why Why Why竖屏4k focus,meetsummer丨杨博文,3546622113876662,2026-02-01 19:33:16,15516,472,178,212,12,12,6,4,184,False
2026-03-03 22:01:41,https://www.bilibili.com/video/BV1e364BwE63/?spm_id_from=333.1387.favlist.content.click,BV1e364BwE63,【杨博文】Why Why Why竖屏4k focus,meetsummer丨杨博文,3546622113876662,2026-02-01 19:33:16,15612,472,178,213,12,12,6,2,96,False
2026-03-03 23:01:54,https://www.bilibili.com/video/BV1e364BwE63/?spm_id_from=333.1387.favlist.content.click,BV1e364BwE63,【杨博文】Why Why Why竖屏4k focus,meetsummer丨杨博文,3546622113876662,2026-02-01 19:33:16,15717,472,178,217,12,12,6,2,105,False
2026-03-03 00:22:18,https://www.bilibili.com/video/BV1pjA6zyE2K/?spm_id_from=333.1387.favlist.content.click,BV1pjA6zyE2K,网页版防吞,爱磕糖的兔子Y,628963336,2026-02-26 20:15:12,11631,2,2,55,1,0,0,1,0,False
2026-03-03 01:22:30,https://www.bilibili.com/video/BV1pjA6zyE2K/?spm_id_from=333.1387.favlist.content.click,BV1pjA6zyE2K,网页版防吞,爱磕糖的兔子Y,628963336,2026-02-26 20:15:12,11836,2,2,57,1,0,0,2,205,False
2026-03-03 02:22:43,https://www.bilibili.com/video/BV1pjA6zyE2K/?spm_id_from=333.1387.favlist.content.click,BV1pjA6zyE2K,网页版防吞,爱磕糖的兔子Y,628963336,2026-02-26 20:15:12,12051,2,2,57,1,0,0,1,215,False
2026-03-03 03:22:55,https://www.bilibili.com/video/BV1pjA6zyE2K/?spm_id_from=333.1387.favlist.content.click,BV1pjA6zyE2K,网页版防吞,爱磕糖的兔子Y,628963336,2026-02-26 20:15:12,12261,2,2,58,1,0,0,1,210,False
2026-03-03 04:23:08,https://www.bilibili.com/video/BV1pjA6zyE2K/?spm_id_from=333.1387.favlist.content.click,BV1pjA6zyE2K,网页版防吞,爱磕糖的兔子Y,628963336,2026-02-26 20:15:12,12471,3,2,59,1,0,0,1,210,False
2026-03-03 05:23:20,https://www.bilibili.com/video/BV1pjA6zyE2K/?spm_id_from=333.1387.favlist.content.click,BV1pjA6zyE2K,网页版防吞,爱磕糖的兔子Y,628963336,2026-02-26 20:15:12,12671,3,2,59,1,0,0,1,200,False
2026-03-03 06:23:32,https://www.bilibili.com/video/BV1pjA6zyE2K/?spm_id_from=333.1387.favlist.content.click,BV1pjA6zyE2K,网页版防吞,爱磕糖的兔子Y,628963336,2026-02-26 20:15:12,12865,3,2,59,1,0,0,1,194,False
2026-03-03 07:23:45,https://www.bilibili.com/video/BV1pjA6zyE2K/?spm_id_from=333.1387.favlist.content.click,BV1pjA6zyE2K,网页版防吞,爱磕糖的兔子Y,628963336,2026-02-26 20:15:12,13041,3,2,59,1,0,0,1,176,False
2026-03-03 08:23:57,https://www.bilibili.com/video/BV1pjA6zyE2K/?spm_id_from=333.1387.favlist.content.click,BV1pjA6zyE2K,网页版防吞,爱磕糖的兔子Y,628963336,2026-02-26 20:15:12,13167,3,2,59,1,0,0,1,126,False
2026-03-03 09:24:09,https://www.bilibili.com/video/BV1pjA6zyE2K/?spm_id_from=333.1387.favlist.content.click,BV1pjA6zyE2K,网页版防吞,爱磕糖的兔子Y,628963336,2026-02-26 20:15:12,13304,3,2,60,1,0,0,1,137,False
2026-03-03 10:24:22,https://www.bilibili.com/video/BV1pjA6zyE2K/?spm_id_from=333.1387.favlist.content.click,BV1pjA6zyE2K,网页版防吞,爱磕糖的兔子Y,628963336,2026-02-26 20:15:12,13473,3,2,61,1,0,0,1,169,False
2026-03-03 11:24:35,https://www.bilibili.com/video/BV1pjA6zyE2K/?spm_id_from=333.1387.favlist.content.click,BV1pjA6zyE2K,网页版防吞,爱磕糖的兔子Y,628963336,2026-02-26 20:15:12,13699,3,2,62,1,0,0,1,226,False
2026-03-03 13:11:30,https://www.bilibili.com/video/BV1pjA6zyE2K/?spm_id_from=333.1387.favlist.content.click,BV1pjA6zyE2K,网页版防吞,爱磕糖的兔子Y,628963336,2026-02-26 20:15:12,14152,3,2,63,1,0,0,1,453,True
2026-03-03 15:00:12,https://www.bilibili.com/video/BV1pjA6zyE2K/?spm_id_from=333.1387.favlist.content.click,BV1pjA6zyE2K,网页版防吞,爱磕糖的兔子Y,628963336,2026-02-26 20:15:12,14657,3,2,64,1,0,0,1,505,True
2026-03-03 16:00:25,https://www.bilibili.com/video/BV1pjA6zyE2K/?spm_id_from=333.1387.favlist.content.click,BV1pjA6zyE2K,网页版防吞,爱磕糖的兔子Y,628963336,2026-02-26 20:15:12,14963,3,2,64,1,0,0,1,306,True
2026-03-03 17:00:38,https://www.bilibili.com/video/BV1pjA6zyE2K/?spm_id_from=333.1387.favlist.content.click,BV1pjA6zyE2K,网页版防吞,爱磕糖的兔子Y,628963336,2026-02-26 20:15:12,15243,3,2,64,1,0,0,2,280,False
2026-03-03 18:00:50,https://www.bilibili.com/video/BV1pjA6zyE2K/?spm_id_from=333.1387.favlist.content.click,BV1pjA6zyE2K,网页版防吞,爱磕糖的兔子Y,628963336,2026-02-26 20:15:12,15480,3,2,64,1,0,0,1,237,False
2026-03-03 19:01:03,https://www.bilibili.com/video/BV1pjA6zyE2K/?spm_id_from=333.1387.favlist.content.click,BV1pjA6zyE2K,网页版防吞,爱磕糖的兔子Y,628963336,2026-02-26 20:15:12,15694,3,2,65,1,0,0,1,214,False
2026-03-03 20:01:16,https://www.bilibili.com/video/BV1pjA6zyE2K/?spm_id_from=333.1387.favlist.content.click,BV1pjA6zyE2K,网页版防吞,爱磕糖的兔子Y,628963336,2026-02-26 20:15:12,15883,3,2,65,1,0,0,1,189,False
2026-03-03 21:01:29,https://www.bilibili.com/video/BV1pjA6zyE2K/?spm_id_from=333.1387.favlist.content.click,BV1pjA6zyE2K,网页版防吞,爱磕糖的兔子Y,628963336,2026-02-26 20:15:12,16062,3,2,66,1,0,0,2,179,False
2026-03-03 22:01:41,https://www.bilibili.com/video/BV1pjA6zyE2K/?spm_id_from=333.1387.favlist.content.click,BV1pjA6zyE2K,网页版防吞,爱磕糖的兔子Y,628963336,2026-02-26 20:15:12,16164,3,2,68,1,0,0,1,102,False
2026-03-03 23:01:54,https://www.bilibili.com/video/BV1pjA6zyE2K/?spm_id_from=333.1387.favlist.content.click,BV1pjA6zyE2K,网页版防吞,爱磕糖的兔子Y,628963336,2026-02-26 20:15:12,16261,3,2,70,1,0,0,1,97,False
2026-03-03 00:22:18,https://www.bilibili.com/video/BV1ac6aBVER8/?spm_id_from=333.1387.favlist.content.click,BV1ac6aBVER8,【杨博文｜4K双机位直拍】《闭嘴跳舞》内娱竟有如此红丝绒般的唱跳舞台,Eternity丨杨博文,3691009716259112,2026-02-02 09:56:33,24392,2600,300,1518,8,29,4,6,0,False
2026-03-03 01:22:30,https://www.bilibili.com/video/BV1ac6aBVER8/?spm_id_from=333.1387.favlist.content.click,BV1ac6aBVER8,【杨博文｜4K双机位直拍】《闭嘴跳舞》内娱竟有如此红丝绒般的唱跳舞台,Eternity丨杨博文,3691009716259112,2026-02-02 09:56:33,24595,2600,300,1520,8,29,4,7,203,False
2026-03-03 02:22:43,https://www.bilibili.com/video/BV1ac6aBVER8/?spm_id_from=333.1387.favlist.content.click,BV1ac6aBVER8,【杨博文｜4K双机位直拍】《闭嘴跳舞》内娱竟有如此红丝绒般的唱跳舞台,Eternity丨杨博文,3691009716259112,2026-02-02 09:56:33,24794,2600,300,1520,8,29,4,4,199,False
2026-03-03 03:22:55,https://www.bilibili.com/video/BV1ac6aBVER8/?spm_id_from=333.1387.favlist.content.click,BV1ac6aBVER8,【杨博文｜4K双机位直拍】《闭嘴跳舞》内娱竟有如此红丝绒般的唱跳舞台,Eternity丨杨博文,3691009716259112,2026-02-02 09:56:33,24991,2600,300,1521,8,29,4,9,197,False
2026-03-03 04:23:08,https://www.bilibili.com/video/BV1ac6aBVER8/?spm_id_from=333.1387.favlist.content.click,BV1ac6aBVER8,【杨博文｜4K双机位直拍】《闭嘴跳舞》内娱竟有如此红丝绒般的唱跳舞台,Eternity丨杨博文,3691009716259112,2026-02-02 09:56:33,25190,2601,302,1522,8,29,4,8,199,False
2026-03-03 05:23:20,https://www.bilibili.com/video/BV1ac6aBVER8/?spm_id_from=333.1387.favlist.content.click,BV1ac6aBVER8,【杨博文｜4K双机位直拍】《闭嘴跳舞》内娱竟有如此红丝绒般的唱跳舞台,Eternity丨杨博文,3691009716259112,2026-02-02 09:56:33,25389,2601,302,1522,8,29,4,8,199,False
2026-03-03 06:23:32,https://www.bilibili.com/video/BV1ac6aBVER8/?spm_id_from=333.1387.favlist.content.click,BV1ac6aBVER8,【杨博文｜4K双机位直拍】《闭嘴跳舞》内娱竟有如此红丝绒般的唱跳舞台,Eternity丨杨博文,3691009716259112,2026-02-02 09:56:33,25578,2601,302,1522,8,29,4,9,189,False
2026-03-03 07:23:45,https://www.bilibili.com/video/BV1ac6aBVER8/?spm_id_from=333.1387.favlist.content.click,BV1ac6aBVER8,【杨博文｜4K双机位直拍】《闭嘴跳舞》内娱竟有如此红丝绒般的唱跳舞台,Eternity丨杨博文,3691009716259112,2026-02-02 09:56:33,25761,2601,302,1522,8,29,4,10,183,False
2026-03-03 08:23:57,https://www.bilibili.com/video/BV1ac6aBVER8/?spm_id_from=333.1387.favlist.content.click,BV1ac6aBVER8,【杨博文｜4K双机位直拍】《闭嘴跳舞》内娱竟有如此红丝绒般的唱跳舞台,Eternity丨杨博文,3691009716259112,2026-02-02 09:56:33,25892,2602,302,1523,8,29,4,5,131,False
2026-03-03 09:24:09,https://www.bilibili.com/video/BV1ac6aBVER8/?spm_id_from=333.1387.favlist.content.click,BV1ac6aBVER8,【杨博文｜4K双机位直拍】《闭嘴跳舞》内娱竟有如此红丝绒般的唱跳舞台,Eternity丨杨博文,3691009716259112,2026-02-02 09:56:33,26042,2602,302,1524,8,29,4,6,150,False
2026-03-03 10:24:22,https://www.bilibili.com/video/BV1ac6aBVER8/?spm_id_from=333.1387.favlist.content.click,BV1ac6aBVER8,【杨博文｜4K双机位直拍】《闭嘴跳舞》内娱竟有如此红丝绒般的唱跳舞台,Eternity丨杨博文,3691009716259112,2026-02-02 09:56:33,26233,2604,302,1527,8,29,4,13,191,False
2026-03-03 11:24:35,https://www.bilibili.com/video/BV1ac6aBVER8/?spm_id_from=333.1387.favlist.content.click,BV1ac6aBVER8,【杨博文｜4K双机位直拍】《闭嘴跳舞》内娱竟有如此红丝绒般的唱跳舞台,Eternity丨杨博文,3691009716259112,2026-02-02 09:56:33,26476,2605,302,1530,8,29,4,11,243,False
2026-03-03 13:11:30,https://www.bilibili.com/video/BV1ac6aBVER8/?spm_id_from=333.1387.favlist.content.click,BV1ac6aBVER8,【杨博文｜4K双机位直拍】《闭嘴跳舞》内娱竟有如此红丝绒般的唱跳舞台,Eternity丨杨博文,3691009716259112,2026-02-02 09:56:33,26999,2612,302,1537,8,29,4,14,523,True
2026-03-03 15:00:12,https://www.bilibili.com/video/BV1ac6aBVER8/?spm_id_from=333.1387.favlist.content.click,BV1ac6aBVER8,【杨博文｜4K双机位直拍】《闭嘴跳舞》内娱竟有如此红丝绒般的唱跳舞台,Eternity丨杨博文,3691009716259112,2026-02-02 09:56:33,27539,2615,302,1541,8,29,4,20,540,True
2026-03-03 16:00:25,https://www.bilibili.com/video/BV1ac6aBVER8/?spm_id_from=333.1387.favlist.content.click,BV1ac6aBVER8,【杨博文｜4K双机位直拍】《闭嘴跳舞》内娱竟有如此红丝绒般的唱跳舞台,Eternity丨杨博文,3691009716259112,2026-02-02 09:56:33,27862,2616,302,1542,8,29,4,10,323,True
2026-03-03 17:00:38,https://www.bilibili.com/video/BV1ac6aBVER8/?spm_id_from=333.1387.favlist.content.click,BV1ac6aBVER8,【杨博文｜4K双机位直拍】《闭嘴跳舞》内娱竟有如此红丝绒般的唱跳舞台,Eternity丨杨博文,3691009716259112,2026-02-02 09:56:33,28171,2619,302,1545,8,29,4,8,309,True
2026-03-03 18:00:50,https://www.bilibili.com/video/BV1ac6aBVER8/?spm_id_from=333.1387.favlist.content.click,BV1ac6aBVER8,【杨博文｜4K双机位直拍】《闭嘴跳舞》内娱竟有如此红丝绒般的唱跳舞台,Eternity丨杨博文,3691009716259112,2026-02-02 09:56:33,28458,2623,304,1548,8,29,4,7,287,False
2026-03-03 19:01:03,https://www.bilibili.com/video/BV1ac6aBVER8/?spm_id_from=333.1387.favlist.content.click,BV1ac6aBVER8,【杨博文｜4K双机位直拍】《闭嘴跳舞》内娱竟有如此红丝绒般的唱跳舞台,Eternity丨杨博文,3691009716259112,2026-02-02 09:56:33,28719,2625,304,1550,8,29,4,6,261,False
2026-03-03 20:01:16,https://www.bilibili.com/video/BV1ac6aBVER8/?spm_id_from=333.1387.favlist.content.click,BV1ac6aBVER8,【杨博文｜4K双机位直拍】《闭嘴跳舞》内娱竟有如此红丝绒般的唱跳舞台,Eternity丨杨博文,3691009716259112,2026-02-02 09:56:33,28944,2628,306,1553,8,29,4,12,225,False
2026-03-03 21:01:29,https://www.bilibili.com/video/BV1ac6aBVER8/?spm_id_from=333.1387.favlist.content.click,BV1ac6aBVER8,【杨博文｜4K双机位直拍】《闭嘴跳舞》内娱竟有如此红丝绒般的唱跳舞台,Eternity丨杨博文,3691009716259112,2026-02-02 09:56:33,29146,2630,306,1556,8,29,4,9,202,False
2026-03-03 22:01:41,https://www.bilibili.com/video/BV1ac6aBVER8/?spm_id_from=333.1387.favlist.content.click,BV1ac6aBVER8,【杨博文｜4K双机位直拍】《闭嘴跳舞》内娱竟有如此红丝绒般的唱跳舞台,Eternity丨杨博文,3691009716259112,2026-02-02 09:56:33,29276,2631,306,1559,8,29,4,3,130,False
2026-03-03 23:01:54,https://www.bilibili.com/video/BV1ac6aBVER8/?spm_id_from=333.1387.favlist.content.click,BV1ac6aBVER8,【杨博文｜4K双机位直拍】《闭嘴跳舞》内娱竟有如此红丝绒般的唱跳舞台,Eternity丨杨博文,3691009716259112,2026-02-02 09:56:33,29387,2632,306,1565,8,29,4,6,111,False
2026-03-03 00:22:18,https://www.bilibili.com/video/BV1eQ6bBrE5m/?spm_id_from=333.1387.favlist.content.click,BV1eQ6bBrE5m,【杨博文】四代来了一个表管天才<闭嘴跳舞>4k精剪直拍,61strawberry,3691004414658723,2026-02-01 20:51:17,46478,3973,482,3494,15,28,5,9,0,False
2026-03-03 01:22:30,https://www.bilibili.com/video/BV1eQ6bBrE5m/?spm_id_from=333.1387.favlist.content.click,BV1eQ6bBrE5m,【杨博文】四代来了一个表管天才<闭嘴跳舞>4k精剪直拍,61strawberry,3691004414658723,2026-02-01 20:51:17,46701,3973,482,3496,15,28,5,3,223,False
2026-03-03 02:22:43,https://www.bilibili.com/video/BV1eQ6bBrE5m/?spm_id_from=333.1387.favlist.content.click,BV1eQ6bBrE5m,【杨博文】四代来了一个表管天才<闭嘴跳舞>4k精剪直拍,61strawberry,3691004414658723,2026-02-01 20:51:17,46937,3973,482,3496,15,28,5,11,236,False
2026-03-03 03:22:55,https://www.bilibili.com/video/BV1eQ6bBrE5m/?spm_id_from=333.1387.favlist.content.click,BV1eQ6bBrE5m,【杨博文】四代来了一个表管天才<闭嘴跳舞>4k精剪直拍,61strawberry,3691004414658723,2026-02-01 20:51:17,47177,3973,482,3497,15,28,5,12,240,False
2026-03-03 04:23:08,https://www.bilibili.com/video/BV1eQ6bBrE5m/?spm_id_from=333.1387.favlist.content.click,BV1eQ6bBrE5m,【杨博文】四代来了一个表管天才<闭嘴跳舞>4k精剪直拍,61strawberry,3691004414658723,2026-02-01 20:51:17,47402,3974,484,3498,15,28,5,8,225,False
2026-03-03 05:23:20,https://www.bilibili.com/video/BV1eQ6bBrE5m/?spm_id_from=333.1387.favlist.content.click,BV1eQ6bBrE5m,【杨博文】四代来了一个表管天才<闭嘴跳舞>4k精剪直拍,61strawberry,3691004414658723,2026-02-01 20:51:17,47620,3974,484,3498,15,28,5,8,218,False
2026-03-03 06:23:32,https://www.bilibili.com/video/BV1eQ6bBrE5m/?spm_id_from=333.1387.favlist.content.click,BV1eQ6bBrE5m,【杨博文】四代来了一个表管天才<闭嘴跳舞>4k精剪直拍,61strawberry,3691004414658723,2026-02-01 20:51:17,47829,3974,484,3499,15,28,5,3,209,False
2026-03-03 07:23:45,https://www.bilibili.com/video/BV1eQ6bBrE5m/?spm_id_from=333.1387.favlist.content.click,BV1eQ6bBrE5m,【杨博文】四代来了一个表管天才<闭嘴跳舞>4k精剪直拍,61strawberry,3691004414658723,2026-02-01 20:51:17,48024,3974,484,3499,15,28,5,8,195,False
2026-03-03 08:23:57,https://www.bilibili.com/video/BV1eQ6bBrE5m/?spm_id_from=333.1387.favlist.content.click,BV1eQ6bBrE5m,【杨博文】四代来了一个表管天才<闭嘴跳舞>4k精剪直拍,61strawberry,3691004414658723,2026-02-01 20:51:17,48171,3975,484,3499,15,28,5,10,147,False
2026-03-03 09:24:09,https://www.bilibili.com/video/BV1eQ6bBrE5m/?spm_id_from=333.1387.favlist.content.click,BV1eQ6bBrE5m,【杨博文】四代来了一个表管天才<闭嘴跳舞>4k精剪直拍,61strawberry,3691004414658723,2026-02-01 20:51:17,48352,3976,485,3501,15,28,5,11,181,False
2026-03-03 10:24:22,https://www.bilibili.com/video/BV1eQ6bBrE5m/?spm_id_from=333.1387.favlist.content.click,BV1eQ6bBrE5m,【杨博文】四代来了一个表管天才<闭嘴跳舞>4k精剪直拍,61strawberry,3691004414658723,2026-02-01 20:51:17,48555,3977,485,3503,15,28,5,6,203,False
2026-03-03 11:24:35,https://www.bilibili.com/video/BV1eQ6bBrE5m/?spm_id_from=333.1387.favlist.content.click,BV1eQ6bBrE5m,【杨博文】四代来了一个表管天才<闭嘴跳舞>4k精剪直拍,61strawberry,3691004414658723,2026-02-01 20:51:17,48830,3978,485,3506,15,28,5,15,275,False
2026-03-03 13:11:30,https://www.bilibili.com/video/BV1eQ6bBrE5m/?spm_id_from=333.1387.favlist.content.click,BV1eQ6bBrE5m,【杨博文】四代来了一个表管天才<闭嘴跳舞>4k精剪直拍,61strawberry,3691004414658723,2026-02-01 20:51:17,49384,3980,485,3509,15,28,5,11,554,True
2026-03-03 15:00:12,https://www.bilibili.com/video/BV1eQ6bBrE5m/?spm_id_from=333.1387.favlist.content.click,BV1eQ6bBrE5m,【杨博文】四代来了一个表管天才<闭嘴跳舞>4k精剪直拍,61strawberry,3691004414658723,2026-02-01 20:51:17,49957,3982,487,3514,15,28,5,23,573,True
2026-03-03 16:00:25,https://www.bilibili.com/video/BV1eQ6bBrE5m/?spm_id_from=333.1387.favlist.content.click,BV1eQ6bBrE5m,【杨博文】四代来了一个表管天才<闭嘴跳舞>4k精剪直拍,61strawberry,3691004414658723,2026-02-01 20:51:17,50321,3985,487,3516,15,28,5,19,364,True
2026-03-03 17:00:38,https://www.bilibili.com/video/BV1eQ6bBrE5m/?spm_id_from=333.1387.favlist.content.click,BV1eQ6bBrE5m,【杨博文】四代来了一个表管天才<闭嘴跳舞>4k精剪直拍,61strawberry,3691004414658723,2026-02-01 20:51:17,50649,3987,487,3518,15,28,5,12,328,True
2026-03-03 18:00:50,https://www.bilibili.com/video/BV1eQ6bBrE5m/?spm_id_from=333.1387.favlist.content.click,BV1eQ6bBrE5m,【杨博文】四代来了一个表管天才<闭嘴跳舞>4k精剪直拍,61strawberry,3691004414658723,2026-02-01 20:51:17,50923,3989,487,3520,15,28,5,9,274,False
2026-03-03 19:01:03,https://www.bilibili.com/video/BV1eQ6bBrE5m/?spm_id_from=333.1387.favlist.content.click,BV1eQ6bBrE5m,【杨博文】四代来了一个表管天才<闭嘴跳舞>4k精剪直拍,61strawberry,3691004414658723,2026-02-01 20:51:17,51207,3994,487,3528,15,28,5,7,284,False
2026-03-03 20:01:16,https://www.bilibili.com/video/BV1eQ6bBrE5m/?spm_id_from=333.1387.favlist.content.click,BV1eQ6bBrE5m,【杨博文】四代来了一个表管天才<闭嘴跳舞>4k精剪直拍,61strawberry,3691004414658723,2026-02-01 20:51:17,51439,3994,487,3528,15,28,5,10,232,False
2026-03-03 21:01:29,https://www.bilibili.com/video/BV1eQ6bBrE5m/?spm_id_from=333.1387.favlist.content.click,BV1eQ6bBrE5m,【杨博文】四代来了一个表管天才<闭嘴跳舞>4k精剪直拍,61strawberry,3691004414658723,2026-02-01 20:51:17,51669,3996,487,3530,15,28,5,6,230,False
2026-03-03 22:01:41,https://www.bilibili.com/video/BV1eQ6bBrE5m/?spm_id_from=333.1387.favlist.content.click,BV1eQ6bBrE5m,【杨博文】四代来了一个表管天才<闭嘴跳舞>4k精剪直拍,61strawberry,3691004414658723,2026-02-01 20:51:17,51814,3999,487,3536,15,28,5,5,145,False
2026-03-03 23:01:54,https://www.bilibili.com/video/BV1eQ6bBrE5m/?spm_id_from=333.1387.favlist.content.click,BV1eQ6bBrE5m,【杨博文】四代来了一个表管天才<闭嘴跳舞>4k精剪直拍,61strawberry,3691004414658723,2026-02-01 20:51:17,51942,3999,487,3540,15,28,5,5,128,False
2026-03-03 00:22:18,https://www.bilibili.com/video/BV1Yo6bBMET2/?spm_id_from=333.1387.favlist.content.click,BV1Yo6bBMET2,【杨博文|4K直拍】《Why Why Why》 说什么又爱又恨的 其实梦里都是我的脸吧,WILSON丨杨博文,1383223009,2026-02-01 20:52:11,11034,394,100,179,3,3,0,7,0,False
2026-03-03 01:22:30,https://www.bilibili.com/video/BV1Yo6bBMET2/?spm_id_from=333.1387.favlist.content.click,BV1Yo6bBMET2,【杨博文|4K直拍】《Why Why Why》 说什么又爱又恨的 其实梦里都是我的脸吧,WILSON丨杨博文,1383223009,2026-02-01 20:52:11,11247,394,100,181,3,3,0,10,213,False
2026-03-03 02:22:43,https://www.bilibili.com/video/BV1Yo6bBMET2/?spm_id_from=333.1387.favlist.content.click,BV1Yo6bBMET2,【杨博文|4K直拍】《Why Why Why》 说什么又爱又恨的 其实梦里都是我的脸吧,WILSON丨杨博文,1383223009,2026-02-01 20:52:11,11464,394,100,181,3,3,0,13,217,False
2026-03-03 03:22:55,https://www.bilibili.com/video/BV1Yo6bBMET2/?spm_id_from=333.1387.favlist.content.click,BV1Yo6bBMET2,【杨博文|4K直拍】《Why Why Why》 说什么又爱又恨的 其实梦里都是我的脸吧,WILSON丨杨博文,1383223009,2026-02-01 20:52:11,11681,394,100,182,3,3,0,4,217,False
2026-03-03 04:23:08,https://www.bilibili.com/video/BV1Yo6bBMET2/?spm_id_from=333.1387.favlist.content.click,BV1Yo6bBMET2,【杨博文|4K直拍】《Why Why Why》 说什么又爱又恨的 其实梦里都是我的脸吧,WILSON丨杨博文,1383223009,2026-02-01 20:52:11,11897,395,102,183,3,3,0,10,216,False
2026-03-03 05:23:20,https://www.bilibili.com/video/BV1Yo6bBMET2/?spm_id_from=333.1387.favlist.content.click,BV1Yo6bBMET2,【杨博文|4K直拍】《Why Why Why》 说什么又爱又恨的 其实梦里都是我的脸吧,WILSON丨杨博文,1383223009,2026-02-01 20:52:11,12116,395,102,183,3,3,0,5,219,False
2026-03-03 06:23:32,https://www.bilibili.com/video/BV1Yo6bBMET2/?spm_id_from=333.1387.favlist.content.click,BV1Yo6bBMET2,【杨博文|4K直拍】《Why Why Why》 说什么又爱又恨的 其实梦里都是我的脸吧,WILSON丨杨博文,1383223009,2026-02-01 20:52:11,12320,395,102,183,3,3,0,11,204,False
2026-03-03 07:23:45,https://www.bilibili.com/video/BV1Yo6bBMET2/?spm_id_from=333.1387.favlist.content.click,BV1Yo6bBMET2,【杨博文|4K直拍】《Why Why Why》 说什么又爱又恨的 其实梦里都是我的脸吧,WILSON丨杨博文,1383223009,2026-02-01 20:52:11,12519,395,102,183,3,3,0,8,199,False
2026-03-03 08:23:57,https://www.bilibili.com/video/BV1Yo6bBMET2/?spm_id_from=333.1387.favlist.content.click,BV1Yo6bBMET2,【杨博文|4K直拍】《Why Why Why》 说什么又爱又恨的 其实梦里都是我的脸吧,WILSON丨杨博文,1383223009,2026-02-01 20:52:11,12661,395,102,183,3,3,0,6,142,False
2026-03-03 09:24:09,https://www.bilibili.com/video/BV1Yo6bBMET2/?spm_id_from=333.1387.favlist.content.click,BV1Yo6bBMET2,【杨博文|4K直拍】《Why Why Why》 说什么又爱又恨的 其实梦里都是我的脸吧,WILSON丨杨博文,1383223009,2026-02-01 20:52:11,12838,395,102,184,3,3,0,11,177,False
2026-03-03 10:24:22,https://www.bilibili.com/video/BV1Yo6bBMET2/?spm_id_from=333.1387.favlist.content.click,BV1Yo6bBMET2,【杨博文|4K直拍】《Why Why Why》 说什么又爱又恨的 其实梦里都是我的脸吧,WILSON丨杨博文,1383223009,2026-02-01 20:52:11,13036,395,102,185,3,3,0,7,198,False
2026-03-03 11:24:35,https://www.bilibili.com/video/BV1Yo6bBMET2/?spm_id_from=333.1387.favlist.content.click,BV1Yo6bBMET2,【杨博文|4K直拍】《Why Why Why》 说什么又爱又恨的 其实梦里都是我的脸吧,WILSON丨杨博文,1383223009,2026-02-01 20:52:11,13283,395,102,187,3,3,0,12,247,False
2026-03-03 13:11:30,https://www.bilibili.com/video/BV1Yo6bBMET2/?spm_id_from=333.1387.favlist.content.click,BV1Yo6bBMET2,【杨博文|4K直拍】《Why Why Why》 说什么又爱又恨的 其实梦里都是我的脸吧,WILSON丨杨博文,1383223009,2026-02-01 20:52:11,13761,397,102,187,3,3,0,8,478,True
2026-03-03 15:00:12,https://www.bilibili.com/video/BV1Yo6bBMET2/?spm_id_from=333.1387.favlist.content.click,BV1Yo6bBMET2,【杨博文|4K直拍】《Why Why Why》 说什么又爱又恨的 其实梦里都是我的脸吧,WILSON丨杨博文,1383223009,2026-02-01 20:52:11,14285,397,102,188,3,3,0,11,524,True
2026-03-03 16:00:25,https://www.bilibili.com/video/BV1Yo6bBMET2/?spm_id_from=333.1387.favlist.content.click,BV1Yo6bBMET2,【杨博文|4K直拍】《Why Why Why》 说什么又爱又恨的 其实梦里都是我的脸吧,WILSON丨杨博文,1383223009,2026-02-01 20:52:11,14623,397,102,188,3,3,0,12,338,True
2026-03-03 17:00:38,https://www.bilibili.com/video/BV1Yo6bBMET2/?spm_id_from=333.1387.favlist.content.click,BV1Yo6bBMET2,【杨博文|4K直拍】《Why Why Why》 说什么又爱又恨的 其实梦里都是我的脸吧,WILSON丨杨博文,1383223009,2026-02-01 20:52:11,14915,397,102,188,3,3,0,11,292,False
2026-03-03 18:00:50,https://www.bilibili.com/video/BV1Yo6bBMET2/?spm_id_from=333.1387.favlist.content.click,BV1Yo6bBMET2,【杨博文|4K直拍】《Why Why Why》 说什么又爱又恨的 其实梦里都是我的脸吧,WILSON丨杨博文,1383223009,2026-02-01 20:52:11,15177,397,102,188,3,3,0,7,262,False
2026-03-03 19:01:03,https://www.bilibili.com/video/BV1Yo6bBMET2/?spm_id_from=333.1387.favlist.content.click,BV1Yo6bBMET2,【杨博文|4K直拍】《Why Why Why》 说什么又爱又恨的 其实梦里都是我的脸吧,WILSON丨杨博文,1383223009,2026-02-01 20:52:11,15426,398,102,189,3,3,0,7,249,False
2026-03-03 20:01:16,https://www.bilibili.com/video/BV1Yo6bBMET2/?spm_id_from=333.1387.favlist.content.click,BV1Yo6bBMET2,【杨博文|4K直拍】《Why Why Why》 说什么又爱又恨的 其实梦里都是我的脸吧,WILSON丨杨博文,1383223009,2026-02-01 20:52:11,15644,398,102,189,3,3,0,9,218,False
2026-03-03 21:01:29,https://www.bilibili.com/video/BV1Yo6bBMET2/?spm_id_from=333.1387.favlist.content.click,BV1Yo6bBMET2,【杨博文|4K直拍】《Why Why Why》 说什么又爱又恨的 其实梦里都是我的脸吧,WILSON丨杨博文,1383223009,2026-02-01 20:52:11,15843,398,102,190,3,3,0,9,199,False
2026-03-03 22:01:41,https://www.bilibili.com/video/BV1Yo6bBMET2/?spm_id_from=333.1387.favlist.content.click,BV1Yo6bBMET2,【杨博文|4K直拍】《Why Why Why》 说什么又爱又恨的 其实梦里都是我的脸吧,WILSON丨杨博文,1383223009,2026-02-01 20:52:11,15951,398,102,191,3,3,0,3,108,False
2026-03-03 23:01:54,https://www.bilibili.com/video/BV1Yo6bBMET2/?spm_id_from=333.1387.favlist.content.click,BV1Yo6bBMET2,【杨博文|4K直拍】《Why Why Why》 说什么又爱又恨的 其实梦里都是我的脸吧,WILSON丨杨博文,1383223009,2026-02-01 20:52:11,16068,399,102,195,3,3,0,6,117,False
2026-03-03 00:22:18,https://www.bilibili.com/video/BV1rEdzYbEEP/?spm_id_from=333.1387.favlist.content.click&vd_source=406d0cf895bedbdc58a3d0130d55e34c,BV1rEdzYbEEP,【TF家族练习生】杨博文《火力全开》声乐COVER,TF家族,3670216,2025-04-13 20:30:00,1998043,75238,25433,51991,6187,5034,53352,1,0,False
2026-03-03 01:22:30,https://www.bilibili.com/video/BV1rEdzYbEEP/?spm_id_from=333.1387.favlist.content.click&vd_source=406d0cf895bedbdc58a3d0130d55e34c,BV1rEdzYbEEP,【TF家族练习生】杨博文《火力全开》声乐COVER,TF家族,3670216,2025-04-13 20:30:00,1998074,75240,25434,51997,6187,5034,53352,1,31,False
2026-03-03 02:22:43,https://www.bilibili.com/video/BV1rEdzYbEEP/?spm_id_from=333.1387.favlist.content.click&vd_source=406d0cf895bedbdc58a3d0130d55e34c,BV1rEdzYbEEP,【TF家族练习生】杨博文《火力全开》声乐COVER,TF家族,3670216,2025-04-13 20:30:00,1998100,75242,25436,52000,6187,5035,53352,1,26,False
2026-03-03 03:22:55,https://www.bilibili.com/video/BV1rEdzYbEEP/?spm_id_from=333.1387.favlist.content.click&vd_source=406d0cf895bedbdc58a3d0130d55e34c,BV1rEdzYbEEP,【TF家族练习生】杨博文《火力全开》声乐COVER,TF家族,3670216,2025-04-13 20:30:00,1998122,75244,25436,51999,6187,5035,53352,1,22,False
2026-03-03 04:23:08,https://www.bilibili.com/video/BV1rEdzYbEEP/?spm_id_from=333.1387.favlist.content.click&vd_source=406d0cf895bedbdc58a3d0130d55e34c,BV1rEdzYbEEP,【TF家族练习生】杨博文《火力全开》声乐COVER,TF家族,3670216,2025-04-13 20:30:00,1998145,75245,25438,52001,6188,5035,53352,2,23,False
2026-03-03 05:23:20,https://www.bilibili.com/video/BV1rEdzYbEEP/?spm_id_from=333.1387.favlist.content.click&vd_source=406d0cf895bedbdc58a3d0130d55e34c,BV1rEdzYbEEP,【TF家族练习生】杨博文《火力全开》声乐COVER,TF家族,3670216,2025-04-13 20:30:00,1998161,75246,25438,52000,6188,5035,53352,1,16,False
2026-03-03 06:23:32,https://www.bilibili.com/video/BV1rEdzYbEEP/?spm_id_from=333.1387.favlist.content.click&vd_source=406d0cf895bedbdc58a3d0130d55e34c,BV1rEdzYbEEP,【TF家族练习生】杨博文《火力全开》声乐COVER,TF家族,3670216,2025-04-13 20:30:00,1998175,75248,25440,52001,6188,5035,53352,3,14,False
2026-03-03 07:23:45,https://www.bilibili.com/video/BV1rEdzYbEEP/?spm_id_from=333.1387.favlist.content.click&vd_source=406d0cf895bedbdc58a3d0130d55e34c,BV1rEdzYbEEP,【TF家族练习生】杨博文《火力全开》声乐COVER,TF家族,3670216,2025-04-13 20:30:00,1998181,75248,25440,52001,6188,5035,53352,3,6,False
2026-03-03 08:23:57,https://www.bilibili.com/video/BV1rEdzYbEEP/?spm_id_from=333.1387.favlist.content.click&vd_source=406d0cf895bedbdc58a3d0130d55e34c,BV1rEdzYbEEP,【TF家族练习生】杨博文《火力全开》声乐COVER,TF家族,3670216,2025-04-13 20:30:00,1998197,75251,25440,52003,6188,5035,53352,2,16,False
2026-03-03 09:24:09,https://www.bilibili.com/video/BV1rEdzYbEEP/?spm_id_from=333.1387.favlist.content.click&vd_source=406d0cf895bedbdc58a3d0130d55e34c,BV1rEdzYbEEP,【TF家族练习生】杨博文《火力全开》声乐COVER,TF家族,3670216,2025-04-13 20:30:00,1998211,75251,25441,52003,6188,5035,53352,3,14,False
2026-03-03 10:24:22,https://www.bilibili.com/video/BV1rEdzYbEEP/?spm_id_from=333.1387.favlist.content.click&vd_source=406d0cf895bedbdc58a3d0130d55e34c,BV1rEdzYbEEP,【TF家族练习生】杨博文《火力全开》声乐COVER,TF家族,3670216,2025-04-13 20:30:00,1998229,75251,25441,52004,6188,5035,53352,2,18,False
2026-03-03 11:24:35,https://www.bilibili.com/video/BV1rEdzYbEEP/?spm_id_from=333.1387.favlist.content.click&vd_source=406d0cf895bedbdc58a3d0130d55e34c,BV1rEdzYbEEP,【TF家族练习生】杨博文《火力全开》声乐COVER,TF家族,3670216,2025-04-13 20:30:00,1998255,75255,25441,52006,6188,5035,53352,1,26,False
2026-03-03 13:11:30,https://www.bilibili.com/video/BV1rEdzYbEEP/?spm_id_from=333.1387.favlist.content.click&vd_source=406d0cf895bedbdc58a3d0130d55e34c,BV1rEdzYbEEP,【TF家族练习生】杨博文《火力全开》声乐COVER,TF家族,3670216,2025-04-13 20:30:00,1998354,75258,25443,52012,6188,5035,53353,2,99,False
2026-03-03 15:00:12,https://www.bilibili.com/video/BV1rEdzYbEEP/?spm_id_from=333.1387.favlist.content.click&vd_source=406d0cf895bedbdc58a3d0130d55e34c,BV1rEdzYbEEP,【TF家族练习生】杨博文《火力全开》声乐COVER,TF家族,3670216,2025-04-13 20:30:00,1998484,75266,25445,52016,6188,5035,53353,3,130,False
2026-03-03 16:00:25,https://www.bilibili.com/video/BV1rEdzYbEEP/?spm_id_from=333.1387.favlist.content.click&vd_source=406d0cf895bedbdc58a3d0130d55e34c,BV1rEdzYbEEP,【TF家族练习生】杨博文《火力全开》声乐COVER,TF家族,3670216,2025-04-13 20:30:00,1998554,75273,25447,52022,6188,5039,53353,7,70,False
2026-03-03 17:00:38,https://www.bilibili.com/video/BV1rEdzYbEEP/?spm_id_from=333.1387.favlist.content.click&vd_source=406d0cf895bedbdc58a3d0130d55e34c,BV1rEdzYbEEP,【TF家族练习生】杨博文《火力全开》声乐COVER,TF家族,3670216,2025-04-13 20:30:00,1998638,75274,25448,52025,6190,5040,53353,5,84,False
2026-03-03 18:00:50,https://www.bilibili.com/video/BV1rEdzYbEEP/?spm_id_from=333.1387.favlist.content.click&vd_source=406d0cf895bedbdc58a3d0130d55e34c,BV1rEdzYbEEP,【TF家族练习生】杨博文《火力全开》声乐COVER,TF家族,3670216,2025-04-13 20:30:00,1998710,75283,25450,52030,6190,5040,53353,3,72,False
2026-03-03 19:01:03,https://www.bilibili.com/video/BV1rEdzYbEEP/?spm_id_from=333.1387.favlist.content.click&vd_source=406d0cf895bedbdc58a3d0130d55e34c,BV1rEdzYbEEP,【TF家族练习生】杨博文《火力全开》声乐COVER,TF家族,3670216,2025-04-13 20:30:00,1998765,75285,25450,52029,6190,5040,53354,4,55,False
2026-03-03 20:01:16,https://www.bilibili.com/video/BV1rEdzYbEEP/?spm_id_from=333.1387.favlist.content.click&vd_source=406d0cf895bedbdc58a3d0130d55e34c,BV1rEdzYbEEP,【TF家族练习生】杨博文《火力全开》声乐COVER,TF家族,3670216,2025-04-13 20:30:00,1998836,75288,25450,52032,6191,5040,53354,2,71,False
2026-03-03 21:01:29,https://www.bilibili.com/video/BV1rEdzYbEEP/?spm_id_from=333.1387.favlist.content.click&vd_source=406d0cf895bedbdc58a3d0130d55e34c,BV1rEdzYbEEP,【TF家族练习生】杨博文《火力全开》声乐COVER,TF家族,3670216,2025-04-13 20:30:00,1998911,75292,25450,52033,6191,5040,53354,7,75,False
2026-03-03 22:01:41,https://www.bilibili.com/video/BV1rEdzYbEEP/?spm_id_from=333.1387.favlist.content.click&vd_source=406d0cf895bedbdc58a3d0130d55e34c,BV1rEdzYbEEP,【TF家族练习生】杨博文《火力全开》声乐COVER,TF家族,3670216,2025-04-13 20:30:00,1998991,75294,25452,52039,6192,5041,53354,6,80,False
2026-03-03 23:01:54,https://www.bilibili.com/video/BV1rEdzYbEEP/?spm_id_from=333.1387.favlist.content.click&vd_source=406d0cf895bedbdc58a3d0130d55e34c,BV1rEdzYbEEP,【TF家族练习生】杨博文《火力全开》声乐COVER,TF家族,3670216,2025-04-13 20:30:00,1999058,75300,25456,52045,6194,5041,53354,6,67,False
2026-03-03 00:22:18,https://www.bilibili.com/video/BV1s8BvBPEN5/?spm_id_from=333.1387.favlist.content.click&vd_source=406d0cf895bedbdc58a3d0130d55e34c,BV1s8BvBPEN5,【杨博文｜4K舞台直拍】好运来祝你好运来～博文宝宝祝你新年好运来,关键时刻来瓶尖叫,2142251174,2025-12-27 00:43:12,1799972,28748,15363,27500,1547,3770,4299,1,0,False
2026-03-03 01:22:30,https://www.bilibili.com/video/BV1s8BvBPEN5/?spm_id_from=333.1387.favlist.content.click&vd_source=406d0cf895bedbdc58a3d0130d55e34c,BV1s8BvBPEN5,【杨博文｜4K舞台直拍】好运来祝你好运来～博文宝宝祝你新年好运来,关键时刻来瓶尖叫,2142251174,2025-12-27 00:43:12,1800325,28750,15363,27503,1547,3770,4299,4,353,True
2026-03-03 02:22:43,https://www.bilibili.com/video/BV1s8BvBPEN5/?spm_id_from=333.1387.favlist.content.click&vd_source=406d0cf895bedbdc58a3d0130d55e34c,BV1s8BvBPEN5,【杨博文｜4K舞台直拍】好运来祝你好运来～博文宝宝祝你新年好运来,关键时刻来瓶尖叫,2142251174,2025-12-27 00:43:12,1800733,28751,15363,27506,1547,3770,4299,1,408,True
2026-03-03 03:22:55,https://www.bilibili.com/video/BV1s8BvBPEN5/?spm_id_from=333.1387.favlist.content.click&vd_source=406d0cf895bedbdc58a3d0130d55e34c,BV1s8BvBPEN5,【杨博文｜4K舞台直拍】好运来祝你好运来～博文宝宝祝你新年好运来,关键时刻来瓶尖叫,2142251174,2025-12-27 00:43:12,1801159,28751,15363,27507,1547,3770,4299,3,426,True
2026-03-03 04:23:08,https://www.bilibili.com/video/BV1s8BvBPEN5/?spm_id_from=333.1387.favlist.content.click&vd_source=406d0cf895bedbdc58a3d0130d55e34c,BV1s8BvBPEN5,【杨博文｜4K舞台直拍】好运来祝你好运来～博文宝宝祝你新年好运来,关键时刻来瓶尖叫,2142251174,2025-12-27 00:43:12,1801592,28752,15365,27507,1547,3770,4301,3,433,True
2026-03-03 05:23:20,https://www.bilibili.com/video/BV1s8BvBPEN5/?spm_id_from=333.1387.favlist.content.click&vd_source=406d0cf895bedbdc58a3d0130d55e34c,BV1s8BvBPEN5,【杨博文｜4K舞台直拍】好运来祝你好运来～博文宝宝祝你新年好运来,关键时刻来瓶尖叫,2142251174,2025-12-27 00:43:12,1801989,28752,15365,27507,1547,3770,4301,2,397,True
2026-03-03 06:23:32,https://www.bilibili.com/video/BV1s8BvBPEN5/?spm_id_from=333.1387.favlist.content.click&vd_source=406d0cf895bedbdc58a3d0130d55e34c,BV1s8BvBPEN5,【杨博文｜4K舞台直拍】好运来祝你好运来～博文宝宝祝你新年好运来,关键时刻来瓶尖叫,2142251174,2025-12-27 00:43:12,1802358,28752,15365,27507,1547,3770,4301,3,369,True
2026-03-03 07:23:45,https://www.bilibili.com/video/BV1s8BvBPEN5/?spm_id_from=333.1387.favlist.content.click&vd_source=406d0cf895bedbdc58a3d0130d55e34c,BV1s8BvBPEN5,【杨博文｜4K舞台直拍】好运来祝你好运来～博文宝宝祝你新年好运来,关键时刻来瓶尖叫,2142251174,2025-12-27 00:43:12,1802710,28752,15365,27507,1547,3770,4301,3,352,True
2026-03-03 08:23:57,https://www.bilibili.com/video/BV1s8BvBPEN5/?spm_id_from=333.1387.favlist.content.click&vd_source=406d0cf895bedbdc58a3d0130d55e34c,BV1s8BvBPEN5,【杨博文｜4K舞台直拍】好运来祝你好运来～博文宝宝祝你新年好运来,关键时刻来瓶尖叫,2142251174,2025-12-27 00:43:12,1803105,28753,15367,27508,1547,3770,4301,3,395,True
2026-03-03 09:24:09,https://www.bilibili.com/video/BV1s8BvBPEN5/?spm_id_from=333.1387.favlist.content.click&vd_source=406d0cf895bedbdc58a3d0130d55e34c,BV1s8BvBPEN5,【杨博文｜4K舞台直拍】好运来祝你好运来～博文宝宝祝你新年好运来,关键时刻来瓶尖叫,2142251174,2025-12-27 00:43:12,1803525,28753,15367,27509,1547,3770,4301,2,420,True
2026-03-03 10:24:22,https://www.bilibili.com/video/BV1s8BvBPEN5/?spm_id_from=333.1387.favlist.content.click&vd_source=406d0cf895bedbdc58a3d0130d55e34c,BV1s8BvBPEN5,【杨博文｜4K舞台直拍】好运来祝你好运来～博文宝宝祝你新年好运来,关键时刻来瓶尖叫,2142251174,2025-12-27 00:43:12,1803942,28754,15367,27512,1548,3770,4301,3,417,True
2026-03-03 11:24:35,https://www.bilibili.com/video/BV1s8BvBPEN5/?spm_id_from=333.1387.favlist.content.click&vd_source=406d0cf895bedbdc58a3d0130d55e34c,BV1s8BvBPEN5,【杨博文｜4K舞台直拍】好运来祝你好运来～博文宝宝祝你新年好运来,关键时刻来瓶尖叫,2142251174,2025-12-27 00:43:12,1804380,28758,15371,27515,1548,3770,4301,5,438,True
2026-03-03 13:11:30,https://www.bilibili.com/video/BV1s8BvBPEN5/?spm_id_from=333.1387.favlist.content.click&vd_source=406d0cf895bedbdc58a3d0130d55e34c,BV1s8BvBPEN5,【杨博文｜4K舞台直拍】好运来祝你好运来～博文宝宝祝你新年好运来,关键时刻来瓶尖叫,2142251174,2025-12-27 00:43:12,1805159,28765,15374,27523,1548,3770,4301,4,779,True
2026-03-03 15:00:12,https://www.bilibili.com/video/BV1s8BvBPEN5/?spm_id_from=333.1387.favlist.content.click&vd_source=406d0cf895bedbdc58a3d0130d55e34c,BV1s8BvBPEN5,【杨博文｜4K舞台直拍】好运来祝你好运来～博文宝宝祝你新年好运来,关键时刻来瓶尖叫,2142251174,2025-12-27 00:43:12,1806025,28771,15376,27529,1548,3770,4304,5,866,True
2026-03-03 16:00:25,https://www.bilibili.com/video/BV1s8BvBPEN5/?spm_id_from=333.1387.favlist.content.click&vd_source=406d0cf895bedbdc58a3d0130d55e34c,BV1s8BvBPEN5,【杨博文｜4K舞台直拍】好运来祝你好运来～博文宝宝祝你新年好运来,关键时刻来瓶尖叫,2142251174,2025-12-27 00:43:12,1806545,28774,15376,27532,1548,3770,4304,9,520,True
2026-03-03 17:00:38,https://www.bilibili.com/video/BV1s8BvBPEN5/?spm_id_from=333.1387.favlist.content.click&vd_source=406d0cf895bedbdc58a3d0130d55e34c,BV1s8BvBPEN5,【杨博文｜4K舞台直拍】好运来祝你好运来～博文宝宝祝你新年好运来,关键时刻来瓶尖叫,2142251174,2025-12-27 00:43:12,1807042,28778,15376,27535,1548,3770,4304,7,497,True
2026-03-03 18:00:50,https://www.bilibili.com/video/BV1s8BvBPEN5/?spm_id_from=333.1387.favlist.content.click&vd_source=406d0cf895bedbdc58a3d0130d55e34c,BV1s8BvBPEN5,【杨博文｜4K舞台直拍】好运来祝你好运来～博文宝宝祝你新年好运来,关键时刻来瓶尖叫,2142251174,2025-12-27 00:43:12,1807586,28783,15378,27540,1548,3770,4304,7,544,True
2026-03-03 19:01:03,https://www.bilibili.com/video/BV1s8BvBPEN5/?spm_id_from=333.1387.favlist.content.click&vd_source=406d0cf895bedbdc58a3d0130d55e34c,BV1s8BvBPEN5,【杨博文｜4K舞台直拍】好运来祝你好运来～博文宝宝祝你新年好运来,关键时刻来瓶尖叫,2142251174,2025-12-27 00:43:12,1808126,28791,15382,27546,1548,3770,4304,7,540,True
2026-03-03 20:01:16,https://www.bilibili.com/video/BV1s8BvBPEN5/?spm_id_from=333.1387.favlist.content.click&vd_source=406d0cf895bedbdc58a3d0130d55e34c,BV1s8BvBPEN5,【杨博文｜4K舞台直拍】好运来祝你好运来～博文宝宝祝你新年好运来,关键时刻来瓶尖叫,2142251174,2025-12-27 00:43:12,1808649,28796,15386,27546,1549,3770,4304,6,523,True
2026-03-03 21:01:29,https://www.bilibili.com/video/BV1s8BvBPEN5/?spm_id_from=333.1387.favlist.content.click&vd_source=406d0cf895bedbdc58a3d0130d55e34c,BV1s8BvBPEN5,【杨博文｜4K舞台直拍】好运来祝你好运来～博文宝宝祝你新年好运来,关键时刻来瓶尖叫,2142251174,2025-12-27 00:43:12,1809099,28799,15388,27548,1549,3770,4305,4,450,True
2026-03-03 22:01:41,https://www.bilibili.com/video/BV1s8BvBPEN5/?spm_id_from=333.1387.favlist.content.click&vd_source=406d0cf895bedbdc58a3d0130d55e34c,BV1s8BvBPEN5,【杨博文｜4K舞台直拍】好运来祝你好运来～博文宝宝祝你新年好运来,关键时刻来瓶尖叫,2142251174,2025-12-27 00:43:12,1809464,28800,15389,27551,1550,3770,4305,4,365,True
2026-03-03 23:01:54,https://www.bilibili.com/video/BV1s8BvBPEN5/?spm_id_from=333.1387.favlist.content.click&vd_source=406d0cf895bedbdc58a3d0130d55e34c,BV1s8BvBPEN5,【杨博文｜4K舞台直拍】好运来祝你好运来～博文宝宝祝你新年好运来,关键时刻来瓶尖叫,2142251174,2025-12-27 00:43:12,1809753,28802,15389,27554,1550,3770,4305,1,289,False
2026-03-03 00:22:18,https://www.bilibili.com/video/BV1A5vkB2E1k/?spm_id_from=333.1387.favlist.content.click&vd_source=406d0cf895bedbdc58a3d0130d55e34c,BV1A5vkB2E1k,【杨博文】Hey Mama六机位纯舞直拍丨15岁舞台统治者的诞生，四代主舞燃炸全场！,Kismet丨杨博文,259932025,2025-12-28 22:28:16,2208890,52225,39765,39232,5511,11277,17425,3,0,False
2026-03-03 01:22:30,https://www.bilibili.com/video/BV1A5vkB2E1k/?spm_id_from=333.1387.favlist.content.click&vd_source=406d0cf895bedbdc58a3d0130d55e34c,BV1A5vkB2E1k,【杨博文】Hey Mama六机位纯舞直拍丨15岁舞台统治者的诞生，四代主舞燃炸全场！,Kismet丨杨博文,259932025,2025-12-28 22:28:16,2209298,52230,39769,39237,5511,11277,17425,1,408,True
2026-03-03 02:22:43,https://www.bilibili.com/video/BV1A5vkB2E1k/?spm_id_from=333.1387.favlist.content.click&vd_source=406d0cf895bedbdc58a3d0130d55e34c,BV1A5vkB2E1k,【杨博文】Hey Mama六机位纯舞直拍丨15岁舞台统治者的诞生，四代主舞燃炸全场！,Kismet丨杨博文,259932025,2025-12-28 22:28:16,2209763,52234,39769,39239,5513,11277,17425,3,465,True
2026-03-03 03:22:55,https://www.bilibili.com/video/BV1A5vkB2E1k/?spm_id_from=333.1387.favlist.content.click&vd_source=406d0cf895bedbdc58a3d0130d55e34c,BV1A5vkB2E1k,【杨博文】Hey Mama六机位纯舞直拍丨15岁舞台统治者的诞生，四代主舞燃炸全场！,Kismet丨杨博文,259932025,2025-12-28 22:28:16,2210214,52234,39769,39240,5514,11277,17425,1,451,True
2026-03-03 04:23:08,https://www.bilibili.com/video/BV1A5vkB2E1k/?spm_id_from=333.1387.favlist.content.click&vd_source=406d0cf895bedbdc58a3d0130d55e34c,BV1A5vkB2E1k,【杨博文】Hey Mama六机位纯舞直拍丨15岁舞台统治者的诞生，四代主舞燃炸全场！,Kismet丨杨博文,259932025,2025-12-28 22:28:16,2210676,52236,39771,39241,5515,11277,17425,2,462,True
2026-03-03 05:23:20,https://www.bilibili.com/video/BV1A5vkB2E1k/?spm_id_from=333.1387.favlist.content.click&vd_source=406d0cf895bedbdc58a3d0130d55e34c,BV1A5vkB2E1k,【杨博文】Hey Mama六机位纯舞直拍丨15岁舞台统治者的诞生，四代主舞燃炸全场！,Kismet丨杨博文,259932025,2025-12-28 22:28:16,2211114,52239,39773,39242,5515,11277,17425,2,438,True
2026-03-03 06:23:32,https://www.bilibili.com/video/BV1A5vkB2E1k/?spm_id_from=333.1387.favlist.content.click&vd_source=406d0cf895bedbdc58a3d0130d55e34c,BV1A5vkB2E1k,【杨博文】Hey Mama六机位纯舞直拍丨15岁舞台统治者的诞生，四代主舞燃炸全场！,Kismet丨杨博文,259932025,2025-12-28 22:28:16,2211505,52240,39773,39243,5515,11277,17425,1,391,True
2026-03-03 07:23:45,https://www.bilibili.com/video/BV1A5vkB2E1k/?spm_id_from=333.1387.favlist.content.click&vd_source=406d0cf895bedbdc58a3d0130d55e34c,BV1A5vkB2E1k,【杨博文】Hey Mama六机位纯舞直拍丨15岁舞台统治者的诞生，四代主舞燃炸全场！,Kismet丨杨博文,259932025,2025-12-28 22:28:16,2211891,52240,39773,39243,5515,11277,17425,3,386,True
2026-03-03 08:23:57,https://www.bilibili.com/video/BV1A5vkB2E1k/?spm_id_from=333.1387.favlist.content.click&vd_source=406d0cf895bedbdc58a3d0130d55e34c,BV1A5vkB2E1k,【杨博文】Hey Mama六机位纯舞直拍丨15岁舞台统治者的诞生，四代主舞燃炸全场！,Kismet丨杨博文,259932025,2025-12-28 22:28:16,2212336,52241,39775,39246,5515,11277,17425,4,445,True
2026-03-03 09:24:09,https://www.bilibili.com/video/BV1A5vkB2E1k/?spm_id_from=333.1387.favlist.content.click&vd_source=406d0cf895bedbdc58a3d0130d55e34c,BV1A5vkB2E1k,【杨博文】Hey Mama六机位纯舞直拍丨15岁舞台统治者的诞生，四代主舞燃炸全场！,Kismet丨杨博文,259932025,2025-12-28 22:28:16,2212816,52242,39775,39247,5515,11277,17425,3,480,True
2026-03-03 10:24:22,https://www.bilibili.com/video/BV1A5vkB2E1k/?spm_id_from=333.1387.favlist.content.click&vd_source=406d0cf895bedbdc58a3d0130d55e34c,BV1A5vkB2E1k,【杨博文】Hey Mama六机位纯舞直拍丨15岁舞台统治者的诞生，四代主舞燃炸全场！,Kismet丨杨博文,259932025,2025-12-28 22:28:16,2213299,52241,39775,39247,5516,11277,17425,6,483,True
2026-03-03 11:24:35,https://www.bilibili.com/video/BV1A5vkB2E1k/?spm_id_from=333.1387.favlist.content.click&vd_source=406d0cf895bedbdc58a3d0130d55e34c,BV1A5vkB2E1k,【杨博文】Hey Mama六机位纯舞直拍丨15岁舞台统治者的诞生，四代主舞燃炸全场！,Kismet丨杨博文,259932025,2025-12-28 22:28:16,2213778,52241,39775,39246,5516,11277,17425,3,479,True
2026-03-03 13:11:30,https://www.bilibili.com/video/BV1A5vkB2E1k/?spm_id_from=333.1387.favlist.content.click&vd_source=406d0cf895bedbdc58a3d0130d55e34c,BV1A5vkB2E1k,【杨博文】Hey Mama六机位纯舞直拍丨15岁舞台统治者的诞生，四代主舞燃炸全场！,Kismet丨杨博文,259932025,2025-12-28 22:28:16,2214666,52246,39777,39253,5517,11277,17426,2,888,True
2026-03-03 15:00:12,https://www.bilibili.com/video/BV1A5vkB2E1k/?spm_id_from=333.1387.favlist.content.click&vd_source=406d0cf895bedbdc58a3d0130d55e34c,BV1A5vkB2E1k,【杨博文】Hey Mama六机位纯舞直拍丨15岁舞台统治者的诞生，四代主舞燃炸全场！,Kismet丨杨博文,259932025,2025-12-28 22:28:16,2215679,52254,39783,39259,5518,11277,17427,10,1013,True
2026-03-03 16:00:25,https://www.bilibili.com/video/BV1A5vkB2E1k/?spm_id_from=333.1387.favlist.content.click&vd_source=406d0cf895bedbdc58a3d0130d55e34c,BV1A5vkB2E1k,【杨博文】Hey Mama六机位纯舞直拍丨15岁舞台统治者的诞生，四代主舞燃炸全场！,Kismet丨杨博文,259932025,2025-12-28 22:28:16,2216257,52254,39783,39260,5518,11277,17427,6,578,True
2026-03-03 17:00:38,https://www.bilibili.com/video/BV1A5vkB2E1k/?spm_id_from=333.1387.favlist.content.click&vd_source=406d0cf895bedbdc58a3d0130d55e34c,BV1A5vkB2E1k,【杨博文】Hey Mama六机位纯舞直拍丨15岁舞台统治者的诞生，四代主舞燃炸全场！,Kismet丨杨博文,259932025,2025-12-28 22:28:16,2216820,52256,39785,39261,5518,11278,17427,11,563,True
2026-03-03 18:00:50,https://www.bilibili.com/video/BV1A5vkB2E1k/?spm_id_from=333.1387.favlist.content.click&vd_source=406d0cf895bedbdc58a3d0130d55e34c,BV1A5vkB2E1k,【杨博文】Hey Mama六机位纯舞直拍丨15岁舞台统治者的诞生，四代主舞燃炸全场！,Kismet丨杨博文,259932025,2025-12-28 22:28:16,2217452,52259,39791,39265,5518,11278,17427,8,632,True
2026-03-03 19:01:03,https://www.bilibili.com/video/BV1A5vkB2E1k/?spm_id_from=333.1387.favlist.content.click&vd_source=406d0cf895bedbdc58a3d0130d55e34c,BV1A5vkB2E1k,【杨博文】Hey Mama六机位纯舞直拍丨15岁舞台统治者的诞生，四代主舞燃炸全场！,Kismet丨杨博文,259932025,2025-12-28 22:28:16,2218043,52262,39795,39269,5518,11278,17427,5,591,True
2026-03-03 20:01:16,https://www.bilibili.com/video/BV1A5vkB2E1k/?spm_id_from=333.1387.favlist.content.click&vd_source=406d0cf895bedbdc58a3d0130d55e34c,BV1A5vkB2E1k,【杨博文】Hey Mama六机位纯舞直拍丨15岁舞台统治者的诞生，四代主舞燃炸全场！,Kismet丨杨博文,259932025,2025-12-28 22:28:16,2218627,52266,39797,39271,5518,11278,17427,10,584,True
2026-03-03 21:01:29,https://www.bilibili.com/video/BV1A5vkB2E1k/?spm_id_from=333.1387.favlist.content.click&vd_source=406d0cf895bedbdc58a3d0130d55e34c,BV1A5vkB2E1k,【杨博文】Hey Mama六机位纯舞直拍丨15岁舞台统治者的诞生，四代主舞燃炸全场！,Kismet丨杨博文,259932025,2025-12-28 22:28:16,2219144,52268,39799,39274,5521,11278,17428,12,517,True
2026-03-03 22:01:41,https://www.bilibili.com/video/BV1A5vkB2E1k/?spm_id_from=333.1387.favlist.content.click&vd_source=406d0cf895bedbdc58a3d0130d55e34c,BV1A5vkB2E1k,【杨博文】Hey Mama六机位纯舞直拍丨15岁舞台统治者的诞生，四代主舞燃炸全场！,Kismet丨杨博文,259932025,2025-12-28 22:28:16,2219596,52271,39801,39278,5521,11278,17428,15,452,True
2026-03-03 23:01:54,https://www.bilibili.com/video/BV1A5vkB2E1k/?spm_id_from=333.1387.favlist.content.click&vd_source=406d0cf895bedbdc58a3d0130d55e34c,BV1A5vkB2E1k,【杨博文】Hey Mama六机位纯舞直拍丨15岁舞台统治者的诞生，四代主舞燃炸全场！,Kismet丨杨博文,259932025,2025-12-28 22:28:16,2219998,52275,39805,39282,5521,11279,17428,7,402,True
2026-03-03 00:22:18,https://www.bilibili.com/video/BV1M9ePzaELH/?spm_id_from=333.1387.favlist.content.click&vd_source=406d0cf895bedbdc58a3d0130d55e34c,BV1M9ePzaELH,「杨博文｜卡拉永远OK」突发舞台事故？我怎么没看见,Astra_杨博文,1006909645,2025-08-19 22:15:30,753066,13730,4269,9297,1136,600,488,1,0,False
2026-03-03 01:22:30,https://www.bilibili.com/video/BV1M9ePzaELH/?spm_id_from=333.1387.favlist.content.click&vd_source=406d0cf895bedbdc58a3d0130d55e34c,BV1M9ePzaELH,「杨博文｜卡拉永远OK」突发舞台事故？我怎么没看见,Astra_杨博文,1006909645,2025-08-19 22:15:30,753388,13732,4269,9301,1136,600,488,1,322,True
2026-03-03 02:22:43,https://www.bilibili.com/video/BV1M9ePzaELH/?spm_id_from=333.1387.favlist.content.click&vd_source=406d0cf895bedbdc58a3d0130d55e34c,BV1M9ePzaELH,「杨博文｜卡拉永远OK」突发舞台事故？我怎么没看见,Astra_杨博文,1006909645,2025-08-19 22:15:30,753741,13733,4269,9302,1136,600,488,1,353,True
2026-03-03 03:22:55,https://www.bilibili.com/video/BV1M9ePzaELH/?spm_id_from=333.1387.favlist.content.click&vd_source=406d0cf895bedbdc58a3d0130d55e34c,BV1M9ePzaELH,「杨博文｜卡拉永远OK」突发舞台事故？我怎么没看见,Astra_杨博文,1006909645,2025-08-19 22:15:30,754086,13734,4271,9303,1136,600,488,1,345,True
2026-03-03 04:23:08,https://www.bilibili.com/video/BV1M9ePzaELH/?spm_id_from=333.1387.favlist.content.click&vd_source=406d0cf895bedbdc58a3d0130d55e34c,BV1M9ePzaELH,「杨博文｜卡拉永远OK」突发舞台事故？我怎么没看见,Astra_杨博文,1006909645,2025-08-19 22:15:30,754454,13735,4271,9304,1136,600,488,1,368,True
2026-03-03 05:23:20,https://www.bilibili.com/video/BV1M9ePzaELH/?spm_id_from=333.1387.favlist.content.click&vd_source=406d0cf895bedbdc58a3d0130d55e34c,BV1M9ePzaELH,「杨博文｜卡拉永远OK」突发舞台事故？我怎么没看见,Astra_杨博文,1006909645,2025-08-19 22:15:30,754820,13735,4271,9304,1136,600,488,1,366,True
2026-03-03 06:23:32,https://www.bilibili.com/video/BV1M9ePzaELH/?spm_id_from=333.1387.favlist.content.click&vd_source=406d0cf895bedbdc58a3d0130d55e34c,BV1M9ePzaELH,「杨博文｜卡拉永远OK」突发舞台事故？我怎么没看见,Astra_杨博文,1006909645,2025-08-19 22:15:30,755170,13735,4271,9304,1136,600,488,2,350,True
2026-03-03 07:23:45,https://www.bilibili.com/video/BV1M9ePzaELH/?spm_id_from=333.1387.favlist.content.click&vd_source=406d0cf895bedbdc58a3d0130d55e34c,BV1M9ePzaELH,「杨博文｜卡拉永远OK」突发舞台事故？我怎么没看见,Astra_杨博文,1006909645,2025-08-19 22:15:30,755511,13735,4271,9304,1136,600,488,1,341,True
2026-03-03 08:23:57,https://www.bilibili.com/video/BV1M9ePzaELH/?spm_id_from=333.1387.favlist.content.click&vd_source=406d0cf895bedbdc58a3d0130d55e34c,BV1M9ePzaELH,「杨博文｜卡拉永远OK」突发舞台事故？我怎么没看见,Astra_杨博文,1006909645,2025-08-19 22:15:30,755889,13735,4271,9304,1136,600,488,3,378,True
2026-03-03 09:24:09,https://www.bilibili.com/video/BV1M9ePzaELH/?spm_id_from=333.1387.favlist.content.click&vd_source=406d0cf895bedbdc58a3d0130d55e34c,BV1M9ePzaELH,「杨博文｜卡拉永远OK」突发舞台事故？我怎么没看见,Astra_杨博文,1006909645,2025-08-19 22:15:30,756296,13735,4272,9304,1136,600,488,3,407,True
2026-03-03 10:24:22,https://www.bilibili.com/video/BV1M9ePzaELH/?spm_id_from=333.1387.favlist.content.click&vd_source=406d0cf895bedbdc58a3d0130d55e34c,BV1M9ePzaELH,「杨博文｜卡拉永远OK」突发舞台事故？我怎么没看见,Astra_杨博文,1006909645,2025-08-19 22:15:30,756691,13735,4272,9304,1136,600,488,2,395,True
2026-03-03 11:24:35,https://www.bilibili.com/video/BV1M9ePzaELH/?spm_id_from=333.1387.favlist.content.click&vd_source=406d0cf895bedbdc58a3d0130d55e34c,BV1M9ePzaELH,「杨博文｜卡拉永远OK」突发舞台事故？我怎么没看见,Astra_杨博文,1006909645,2025-08-19 22:15:30,757072,13736,4272,9304,1136,600,488,1,381,True
2026-03-03 13:11:30,https://www.bilibili.com/video/BV1M9ePzaELH/?spm_id_from=333.1387.favlist.content.click&vd_source=406d0cf895bedbdc58a3d0130d55e34c,BV1M9ePzaELH,「杨博文｜卡拉永远OK」突发舞台事故？我怎么没看见,Astra_杨博文,1006909645,2025-08-19 22:15:30,757730,13737,4272,9306,1136,600,488,3,658,True
2026-03-03 15:00:12,https://www.bilibili.com/video/BV1M9ePzaELH/?spm_id_from=333.1387.favlist.content.click&vd_source=406d0cf895bedbdc58a3d0130d55e34c,BV1M9ePzaELH,「杨博文｜卡拉永远OK」突发舞台事故？我怎么没看见,Astra_杨博文,1006909645,2025-08-19 22:15:30,758540,13738,4272,9311,1136,600,488,4,810,True
2026-03-03 16:00:25,https://www.bilibili.com/video/BV1M9ePzaELH/?spm_id_from=333.1387.favlist.content.click&vd_source=406d0cf895bedbdc58a3d0130d55e34c,BV1M9ePzaELH,「杨博文｜卡拉永远OK」突发舞台事故？我怎么没看见,Astra_杨博文,1006909645,2025-08-19 22:15:30,758995,13738,4272,9312,1136,600,488,5,455,True
2026-03-03 17:00:38,https://www.bilibili.com/video/BV1M9ePzaELH/?spm_id_from=333.1387.favlist.content.click&vd_source=406d0cf895bedbdc58a3d0130d55e34c,BV1M9ePzaELH,「杨博文｜卡拉永远OK」突发舞台事故？我怎么没看见,Astra_杨博文,1006909645,2025-08-19 22:15:30,759437,13738,4272,9312,1136,600,488,5,442,True
2026-03-03 18:00:50,https://www.bilibili.com/video/BV1M9ePzaELH/?spm_id_from=333.1387.favlist.content.click&vd_source=406d0cf895bedbdc58a3d0130d55e34c,BV1M9ePzaELH,「杨博文｜卡拉永远OK」突发舞台事故？我怎么没看见,Astra_杨博文,1006909645,2025-08-19 22:15:30,759924,13738,4272,9312,1136,600,488,2,487,True
2026-03-03 19:01:03,https://www.bilibili.com/video/BV1M9ePzaELH/?spm_id_from=333.1387.favlist.content.click&vd_source=406d0cf895bedbdc58a3d0130d55e34c,BV1M9ePzaELH,「杨博文｜卡拉永远OK」突发舞台事故？我怎么没看见,Astra_杨博文,1006909645,2025-08-19 22:15:30,760412,13739,4272,9314,1136,600,488,7,488,True
2026-03-03 20:01:16,https://www.bilibili.com/video/BV1M9ePzaELH/?spm_id_from=333.1387.favlist.content.click&vd_source=406d0cf895bedbdc58a3d0130d55e34c,BV1M9ePzaELH,「杨博文｜卡拉永远OK」突发舞台事故？我怎么没看见,Astra_杨博文,1006909645,2025-08-19 22:15:30,760881,13739,4272,9314,1136,600,488,3,469,True
2026-03-03 21:01:29,https://www.bilibili.com/video/BV1M9ePzaELH/?spm_id_from=333.1387.favlist.content.click&vd_source=406d0cf895bedbdc58a3d0130d55e34c,BV1M9ePzaELH,「杨博文｜卡拉永远OK」突发舞台事故？我怎么没看见,Astra_杨博文,1006909645,2025-08-19 22:15:30,761275,13741,4274,9315,1136,600,488,1,394,True
2026-03-03 22:01:41,https://www.bilibili.com/video/BV1M9ePzaELH/?spm_id_from=333.1387.favlist.content.click&vd_source=406d0cf895bedbdc58a3d0130d55e34c,BV1M9ePzaELH,「杨博文｜卡拉永远OK」突发舞台事故？我怎么没看见,Astra_杨博文,1006909645,2025-08-19 22:15:30,761580,13741,4274,9318,1136,600,488,1,305,True
2026-03-03 23:01:54,https://www.bilibili.com/video/BV1M9ePzaELH/?spm_id_from=333.1387.favlist.content.click&vd_source=406d0cf895bedbdc58a3d0130d55e34c,BV1M9ePzaELH,「杨博文｜卡拉永远OK」突发舞台事故？我怎么没看见,Astra_杨博文,1006909645,2025-08-19 22:15:30,761820,13742,4274,9320,1136,600,488,9,240,False
2026-03-03 00:22:18,https://www.bilibili.com/video/BV1WjA6zyEiN/?spm_id_from=333.1387.favlist.content.click&vd_source=406d0cf895bedbdc58a3d0130d55e34c,BV1WjA6zyEiN,听视频防吞,爱磕糖的兔子Y,628963336,2026-02-26 20:14:24,30098,5,0,123,0,0,0,1,0,False
2026-03-03 01:22:30,https://www.bilibili.com/video/BV1WjA6zyEiN/?spm_id_from=333.1387.favlist.content.click&vd_source=406d0cf895bedbdc58a3d0130d55e34c,BV1WjA6zyEiN,听视频防吞,爱磕糖的兔子Y,628963336,2026-02-26 20:14:24,30369,5,0,128,0,0,0,1,271,False
2026-03-03 02:22:43,https://www.bilibili.com/video/BV1WjA6zyEiN/?spm_id_from=333.1387.favlist.content.click&vd_source=406d0cf895bedbdc58a3d0130d55e34c,BV1WjA6zyEiN,听视频防吞,爱磕糖的兔子Y,628963336,2026-02-26 20:14:24,30679,5,0,129,0,0,0,1,310,True
2026-03-03 03:22:55,https://www.bilibili.com/video/BV1WjA6zyEiN/?spm_id_from=333.1387.favlist.content.click&vd_source=406d0cf895bedbdc58a3d0130d55e34c,BV1WjA6zyEiN,听视频防吞,爱磕糖的兔子Y,628963336,2026-02-26 20:14:24,30998,5,0,129,0,0,0,1,319,True
2026-03-03 04:23:08,https://www.bilibili.com/video/BV1WjA6zyEiN/?spm_id_from=333.1387.favlist.content.click&vd_source=406d0cf895bedbdc58a3d0130d55e34c,BV1WjA6zyEiN,听视频防吞,爱磕糖的兔子Y,628963336,2026-02-26 20:14:24,31348,5,0,129,0,0,0,1,350,True
2026-03-03 05:23:20,https://www.bilibili.com/video/BV1WjA6zyEiN/?spm_id_from=333.1387.favlist.content.click&vd_source=406d0cf895bedbdc58a3d0130d55e34c,BV1WjA6zyEiN,听视频防吞,爱磕糖的兔子Y,628963336,2026-02-26 20:14:24,31675,5,0,129,0,0,0,1,327,True
2026-03-03 06:23:32,https://www.bilibili.com/video/BV1WjA6zyEiN/?spm_id_from=333.1387.favlist.content.click&vd_source=406d0cf895bedbdc58a3d0130d55e34c,BV1WjA6zyEiN,听视频防吞,爱磕糖的兔子Y,628963336,2026-02-26 20:14:24,31978,5,0,129,0,0,0,1,303,True
2026-03-03 07:23:45,https://www.bilibili.com/video/BV1WjA6zyEiN/?spm_id_from=333.1387.favlist.content.click&vd_source=406d0cf895bedbdc58a3d0130d55e34c,BV1WjA6zyEiN,听视频防吞,爱磕糖的兔子Y,628963336,2026-02-26 20:14:24,32289,5,0,129,0,0,0,1,311,True
2026-03-03 08:23:57,https://www.bilibili.com/video/BV1WjA6zyEiN/?spm_id_from=333.1387.favlist.content.click&vd_source=406d0cf895bedbdc58a3d0130d55e34c,BV1WjA6zyEiN,听视频防吞,爱磕糖的兔子Y,628963336,2026-02-26 20:14:24,32618,5,0,129,0,0,0,1,329,True
2026-03-03 09:24:09,https://www.bilibili.com/video/BV1WjA6zyEiN/?spm_id_from=333.1387.favlist.content.click&vd_source=406d0cf895bedbdc58a3d0130d55e34c,BV1WjA6zyEiN,听视频防吞,爱磕糖的兔子Y,628963336,2026-02-26 20:14:24,32976,5,0,129,0,0,0,1,358,True
2026-03-03 10:24:22,https://www.bilibili.com/video/BV1WjA6zyEiN/?spm_id_from=333.1387.favlist.content.click&vd_source=406d0cf895bedbdc58a3d0130d55e34c,BV1WjA6zyEiN,听视频防吞,爱磕糖的兔子Y,628963336,2026-02-26 20:14:24,33325,5,0,129,0,0,0,1,349,True
2026-03-03 11:24:35,https://www.bilibili.com/video/BV1WjA6zyEiN/?spm_id_from=333.1387.favlist.content.click&vd_source=406d0cf895bedbdc58a3d0130d55e34c,BV1WjA6zyEiN,听视频防吞,爱磕糖的兔子Y,628963336,2026-02-26 20:14:24,33671,5,0,128,0,0,0,1,346,True
2026-03-03 13:11:30,https://www.bilibili.com/video/BV1WjA6zyEiN/?spm_id_from=333.1387.favlist.content.click&vd_source=406d0cf895bedbdc58a3d0130d55e34c,BV1WjA6zyEiN,听视频防吞,爱磕糖的兔子Y,628963336,2026-02-26 20:14:24,34257,5,0,129,0,0,0,1,586,True
2026-03-03 15:00:12,https://www.bilibili.com/video/BV1WjA6zyEiN/?spm_id_from=333.1387.favlist.content.click&vd_source=406d0cf895bedbdc58a3d0130d55e34c,BV1WjA6zyEiN,听视频防吞,爱磕糖的兔子Y,628963336,2026-02-26 20:14:24,34937,5,0,134,0,0,0,1,680,True
2026-03-03 16:00:25,https://www.bilibili.com/video/BV1WjA6zyEiN/?spm_id_from=333.1387.favlist.content.click&vd_source=406d0cf895bedbdc58a3d0130d55e34c,BV1WjA6zyEiN,听视频防吞,爱磕糖的兔子Y,628963336,2026-02-26 20:14:24,35301,5,0,135,0,0,0,1,364,True
2026-03-03 17:00:38,https://www.bilibili.com/video/BV1WjA6zyEiN/?spm_id_from=333.1387.favlist.content.click&vd_source=406d0cf895bedbdc58a3d0130d55e34c,BV1WjA6zyEiN,听视频防吞,爱磕糖的兔子Y,628963336,2026-02-26 20:14:24,35662,5,0,135,0,0,0,1,361,True
2026-03-03 18:00:50,https://www.bilibili.com/video/BV1WjA6zyEiN/?spm_id_from=333.1387.favlist.content.click&vd_source=406d0cf895bedbdc58a3d0130d55e34c,BV1WjA6zyEiN,听视频防吞,爱磕糖的兔子Y,628963336,2026-02-26 20:14:24,36067,5,0,135,0,0,0,1,405,True
2026-03-03 19:01:03,https://www.bilibili.com/video/BV1WjA6zyEiN/?spm_id_from=333.1387.favlist.content.click&vd_source=406d0cf895bedbdc58a3d0130d55e34c,BV1WjA6zyEiN,听视频防吞,爱磕糖的兔子Y,628963336,2026-02-26 20:14:24,36474,5,0,137,0,0,0,1,407,True
2026-03-03 20:01:16,https://www.bilibili.com/video/BV1WjA6zyEiN/?spm_id_from=333.1387.favlist.content.click&vd_source=406d0cf895bedbdc58a3d0130d55e34c,BV1WjA6zyEiN,听视频防吞,爱磕糖的兔子Y,628963336,2026-02-26 20:14:24,36861,5,0,137,0,0,0,2,387,True
2026-03-03 21:01:29,https://www.bilibili.com/video/BV1WjA6zyEiN/?spm_id_from=333.1387.favlist.content.click&vd_source=406d0cf895bedbdc58a3d0130d55e34c,BV1WjA6zyEiN,听视频防吞,爱磕糖的兔子Y,628963336,2026-02-26 20:14:24,37200,5,0,138,0,0,0,1,339,True
2026-03-03 22:01:41,https://www.bilibili.com/video/BV1WjA6zyEiN/?spm_id_from=333.1387.favlist.content.click&vd_source=406d0cf895bedbdc58a3d0130d55e34c,BV1WjA6zyEiN,听视频防吞,爱磕糖的兔子Y,628963336,2026-02-26 20:14:24,37447,5,0,140,0,0,0,1,247,False
2026-03-03 23:01:54,https://www.bilibili.com/video/BV1WjA6zyEiN/?spm_id_from=333.1387.favlist.content.click&vd_source=406d0cf895bedbdc58a3d0130d55e34c,BV1WjA6zyEiN,听视频防吞,爱磕糖的兔子Y,628963336,2026-02-26 20:14:24,37645,5,0,142,0,0,0,1,198,False
2026-03-03 00:22:18,https://www.bilibili.com/video/BV1EGBCBmEo8/?spm_id_from=333.1387.favlist.content.click&vd_source=406d0cf895bedbdc58a3d0130d55e34c,BV1EGBCBmEo8,【杨博文｜4K高清直拍】魅魔级别的《Manta》舞台，看博文如何一yeah封神,关键时刻来瓶尖叫,2142251174,2025-12-27 23:15:44,667724,11274,8994,9546,599,905,2270,1,0,False
2026-03-03 01:22:30,https://www.bilibili.com/video/BV1EGBCBmEo8/?spm_id_from=333.1387.favlist.content.click&vd_source=406d0cf895bedbdc58a3d0130d55e34c,BV1EGBCBmEo8,【杨博文｜4K高清直拍】魅魔级别的《Manta》舞台，看博文如何一yeah封神,关键时刻来瓶尖叫,2142251174,2025-12-27 23:15:44,668027,11276,8994,9550,599,905,2270,1,303,True
2026-03-03 02:22:43,https://www.bilibili.com/video/BV1EGBCBmEo8/?spm_id_from=333.1387.favlist.content.click&vd_source=406d0cf895bedbdc58a3d0130d55e34c,BV1EGBCBmEo8,【杨博文｜4K高清直拍】魅魔级别的《Manta》舞台，看博文如何一yeah封神,关键时刻来瓶尖叫,2142251174,2025-12-27 23:15:44,668404,11277,8994,9550,599,905,2270,3,377,True
2026-03-03 03:22:55,https://www.bilibili.com/video/BV1EGBCBmEo8/?spm_id_from=333.1387.favlist.content.click&vd_source=406d0cf895bedbdc58a3d0130d55e34c,BV1EGBCBmEo8,【杨博文｜4K高清直拍】魅魔级别的《Manta》舞台，看博文如何一yeah封神,关键时刻来瓶尖叫,2142251174,2025-12-27 23:15:44,668790,11278,8994,9549,599,905,2270,1,386,True
2026-03-03 04:23:08,https://www.bilibili.com/video/BV1EGBCBmEo8/?spm_id_from=333.1387.favlist.content.click&vd_source=406d0cf895bedbdc58a3d0130d55e34c,BV1EGBCBmEo8,【杨博文｜4K高清直拍】魅魔级别的《Manta》舞台，看博文如何一yeah封神,关键时刻来瓶尖叫,2142251174,2025-12-27 23:15:44,669193,11278,8994,9549,599,905,2270,1,403,True
2026-03-03 05:23:20,https://www.bilibili.com/video/BV1EGBCBmEo8/?spm_id_from=333.1387.favlist.content.click&vd_source=406d0cf895bedbdc58a3d0130d55e34c,BV1EGBCBmEo8,【杨博文｜4K高清直拍】魅魔级别的《Manta》舞台，看博文如何一yeah封神,关键时刻来瓶尖叫,2142251174,2025-12-27 23:15:44,669570,11278,8994,9549,599,905,2270,1,377,True
2026-03-03 06:23:32,https://www.bilibili.com/video/BV1EGBCBmEo8/?spm_id_from=333.1387.favlist.content.click&vd_source=406d0cf895bedbdc58a3d0130d55e34c,BV1EGBCBmEo8,【杨博文｜4K高清直拍】魅魔级别的《Manta》舞台，看博文如何一yeah封神,关键时刻来瓶尖叫,2142251174,2025-12-27 23:15:44,669903,11278,8994,9549,599,905,2270,1,333,True
2026-03-03 07:23:45,https://www.bilibili.com/video/BV1EGBCBmEo8/?spm_id_from=333.1387.favlist.content.click&vd_source=406d0cf895bedbdc58a3d0130d55e34c,BV1EGBCBmEo8,【杨博文｜4K高清直拍】魅魔级别的《Manta》舞台，看博文如何一yeah封神,关键时刻来瓶尖叫,2142251174,2025-12-27 23:15:44,670230,11278,8996,9549,599,905,2270,1,327,True
2026-03-03 08:23:57,https://www.bilibili.com/video/BV1EGBCBmEo8/?spm_id_from=333.1387.favlist.content.click&vd_source=406d0cf895bedbdc58a3d0130d55e34c,BV1EGBCBmEo8,【杨博文｜4K高清直拍】魅魔级别的《Manta》舞台，看博文如何一yeah封神,关键时刻来瓶尖叫,2142251174,2025-12-27 23:15:44,670583,11278,8996,9549,599,905,2270,2,353,True
2026-03-03 09:24:09,https://www.bilibili.com/video/BV1EGBCBmEo8/?spm_id_from=333.1387.favlist.content.click&vd_source=406d0cf895bedbdc58a3d0130d55e34c,BV1EGBCBmEo8,【杨博文｜4K高清直拍】魅魔级别的《Manta》舞台，看博文如何一yeah封神,关键时刻来瓶尖叫,2142251174,2025-12-27 23:15:44,670963,11278,8997,9549,599,905,2270,2,380,True
2026-03-03 10:24:22,https://www.bilibili.com/video/BV1EGBCBmEo8/?spm_id_from=333.1387.favlist.content.click&vd_source=406d0cf895bedbdc58a3d0130d55e34c,BV1EGBCBmEo8,【杨博文｜4K高清直拍】魅魔级别的《Manta》舞台，看博文如何一yeah封神,关键时刻来瓶尖叫,2142251174,2025-12-27 23:15:44,671335,11278,8997,9549,599,905,2270,1,372,True
2026-03-03 11:24:35,https://www.bilibili.com/video/BV1EGBCBmEo8/?spm_id_from=333.1387.favlist.content.click&vd_source=406d0cf895bedbdc58a3d0130d55e34c,BV1EGBCBmEo8,【杨博文｜4K高清直拍】魅魔级别的《Manta》舞台，看博文如何一yeah封神,关键时刻来瓶尖叫,2142251174,2025-12-27 23:15:44,671707,11278,8997,9548,599,905,2270,1,372,True
2026-03-03 13:11:30,https://www.bilibili.com/video/BV1EGBCBmEo8/?spm_id_from=333.1387.favlist.content.click&vd_source=406d0cf895bedbdc58a3d0130d55e34c,BV1EGBCBmEo8,【杨博文｜4K高清直拍】魅魔级别的《Manta》舞台，看博文如何一yeah封神,关键时刻来瓶尖叫,2142251174,2025-12-27 23:15:44,672364,11279,8999,9551,599,905,2270,1,657,True
2026-03-03 15:00:12,https://www.bilibili.com/video/BV1EGBCBmEo8/?spm_id_from=333.1387.favlist.content.click&vd_source=406d0cf895bedbdc58a3d0130d55e34c,BV1EGBCBmEo8,【杨博文｜4K高清直拍】魅魔级别的《Manta》舞台，看博文如何一yeah封神,关键时刻来瓶尖叫,2142251174,2025-12-27 23:15:44,673129,11279,8999,9553,599,905,2270,1,765,True
2026-03-03 16:00:25,https://www.bilibili.com/video/BV1EGBCBmEo8/?spm_id_from=333.1387.favlist.content.click&vd_source=406d0cf895bedbdc58a3d0130d55e34c,BV1EGBCBmEo8,【杨博文｜4K高清直拍】魅魔级别的《Manta》舞台，看博文如何一yeah封神,关键时刻来瓶尖叫,2142251174,2025-12-27 23:15:44,673569,11279,8999,9554,599,905,2270,3,440,True
2026-03-03 17:00:38,https://www.bilibili.com/video/BV1EGBCBmEo8/?spm_id_from=333.1387.favlist.content.click&vd_source=406d0cf895bedbdc58a3d0130d55e34c,BV1EGBCBmEo8,【杨博文｜4K高清直拍】魅魔级别的《Manta》舞台，看博文如何一yeah封神,关键时刻来瓶尖叫,2142251174,2025-12-27 23:15:44,673996,11279,8999,9554,599,905,2270,2,427,True
2026-03-03 18:00:50,https://www.bilibili.com/video/BV1EGBCBmEo8/?spm_id_from=333.1387.favlist.content.click&vd_source=406d0cf895bedbdc58a3d0130d55e34c,BV1EGBCBmEo8,【杨博文｜4K高清直拍】魅魔级别的《Manta》舞台，看博文如何一yeah封神,关键时刻来瓶尖叫,2142251174,2025-12-27 23:15:44,674475,11279,8999,9554,599,905,2270,5,479,True
2026-03-03 19:01:03,https://www.bilibili.com/video/BV1EGBCBmEo8/?spm_id_from=333.1387.favlist.content.click&vd_source=406d0cf895bedbdc58a3d0130d55e34c,BV1EGBCBmEo8,【杨博文｜4K高清直拍】魅魔级别的《Manta》舞台，看博文如何一yeah封神,关键时刻来瓶尖叫,2142251174,2025-12-27 23:15:44,674927,11279,8999,9557,599,905,2270,6,452,True
2026-03-03 20:01:16,https://www.bilibili.com/video/BV1EGBCBmEo8/?spm_id_from=333.1387.favlist.content.click&vd_source=406d0cf895bedbdc58a3d0130d55e34c,BV1EGBCBmEo8,【杨博文｜4K高清直拍】魅魔级别的《Manta》舞台，看博文如何一yeah封神,关键时刻来瓶尖叫,2142251174,2025-12-27 23:15:44,675393,11281,8999,9558,599,905,2270,1,466,True
2026-03-03 21:01:29,https://www.bilibili.com/video/BV1EGBCBmEo8/?spm_id_from=333.1387.favlist.content.click&vd_source=406d0cf895bedbdc58a3d0130d55e34c,BV1EGBCBmEo8,【杨博文｜4K高清直拍】魅魔级别的《Manta》舞台，看博文如何一yeah封神,关键时刻来瓶尖叫,2142251174,2025-12-27 23:15:44,675749,11281,9001,9559,599,905,2271,2,356,True
2026-03-03 22:01:41,https://www.bilibili.com/video/BV1EGBCBmEo8/?spm_id_from=333.1387.favlist.content.click&vd_source=406d0cf895bedbdc58a3d0130d55e34c,BV1EGBCBmEo8,【杨博文｜4K高清直拍】魅魔级别的《Manta》舞台，看博文如何一yeah封神,关键时刻来瓶尖叫,2142251174,2025-12-27 23:15:44,676029,11281,9001,9562,599,905,2271,1,280,False
2026-03-03 23:01:54,https://www.bilibili.com/video/BV1EGBCBmEo8/?spm_id_from=333.1387.favlist.content.click&vd_source=406d0cf895bedbdc58a3d0130d55e34c,BV1EGBCBmEo8,【杨博文｜4K高清直拍】魅魔级别的《Manta》舞台，看博文如何一yeah封神,关键时刻来瓶尖叫,2142251174,2025-12-27 23:15:44,676256,11283,9001,9565,599,905,2271,2,227,False
2026-03-03 00:22:18,https://www.bilibili.com/video/BV1YX64BAEjd/?spm_id_from=333.1387.favlist.content.click&vd_source=406d0cf895bedbdc58a3d0130d55e34c,BV1YX64BAEjd,【闭嘴跳舞｜张函瑞】双机位4K精剪直拍,Karmaismycat,3546943494031804,2026-02-01 17:32:47,520923,28765,24350,23487,1640,1186,5312,7,0,False
2026-03-03 01:22:30,https://www.bilibili.com/video/BV1YX64BAEjd/?spm_id_from=333.1387.favlist.content.click&vd_source=406d0cf895bedbdc58a3d0130d55e34c,BV1YX64BAEjd,【闭嘴跳舞｜张函瑞】双机位4K精剪直拍,Karmaismycat,3546943494031804,2026-02-01 17:32:47,520987,28767,24350,23488,1640,1186,5312,8,64,False
2026-03-03 02:22:43,https://www.bilibili.com/video/BV1YX64BAEjd/?spm_id_from=333.1387.favlist.content.click&vd_source=406d0cf895bedbdc58a3d0130d55e34c,BV1YX64BAEjd,【闭嘴跳舞｜张函瑞】双机位4K精剪直拍,Karmaismycat,3546943494031804,2026-02-01 17:32:47,521035,28772,24352,23489,1640,1186,5312,14,48,False
2026-03-03 03:22:55,https://www.bilibili.com/video/BV1YX64BAEjd/?spm_id_from=333.1387.favlist.content.click&vd_source=406d0cf895bedbdc58a3d0130d55e34c,BV1YX64BAEjd,【闭嘴跳舞｜张函瑞】双机位4K精剪直拍,Karmaismycat,3546943494031804,2026-02-01 17:32:47,521076,28773,24352,23492,1640,1186,5312,10,41,False
2026-03-03 04:23:08,https://www.bilibili.com/video/BV1YX64BAEjd/?spm_id_from=333.1387.favlist.content.click&vd_source=406d0cf895bedbdc58a3d0130d55e34c,BV1YX64BAEjd,【闭嘴跳舞｜张函瑞】双机位4K精剪直拍,Karmaismycat,3546943494031804,2026-02-01 17:32:47,521111,28774,24352,23492,1641,1186,5312,9,35,False
2026-03-03 05:23:20,https://www.bilibili.com/video/BV1YX64BAEjd/?spm_id_from=333.1387.favlist.content.click&vd_source=406d0cf895bedbdc58a3d0130d55e34c,BV1YX64BAEjd,【闭嘴跳舞｜张函瑞】双机位4K精剪直拍,Karmaismycat,3546943494031804,2026-02-01 17:32:47,521133,28775,24354,23491,1641,1186,5312,12,22,False
2026-03-03 06:23:32,https://www.bilibili.com/video/BV1YX64BAEjd/?spm_id_from=333.1387.favlist.content.click&vd_source=406d0cf895bedbdc58a3d0130d55e34c,BV1YX64BAEjd,【闭嘴跳舞｜张函瑞】双机位4K精剪直拍,Karmaismycat,3546943494031804,2026-02-01 17:32:47,521150,28776,24354,23492,1641,1186,5313,10,17,False
2026-03-03 07:23:45,https://www.bilibili.com/video/BV1YX64BAEjd/?spm_id_from=333.1387.favlist.content.click&vd_source=406d0cf895bedbdc58a3d0130d55e34c,BV1YX64BAEjd,【闭嘴跳舞｜张函瑞】双机位4K精剪直拍,Karmaismycat,3546943494031804,2026-02-01 17:32:47,521171,28776,24354,23492,1641,1186,5313,8,21,False
2026-03-03 08:23:57,https://www.bilibili.com/video/BV1YX64BAEjd/?spm_id_from=333.1387.favlist.content.click&vd_source=406d0cf895bedbdc58a3d0130d55e34c,BV1YX64BAEjd,【闭嘴跳舞｜张函瑞】双机位4K精剪直拍,Karmaismycat,3546943494031804,2026-02-01 17:32:47,521189,28777,24354,23493,1642,1186,5313,9,18,False
2026-03-03 09:24:09,https://www.bilibili.com/video/BV1YX64BAEjd/?spm_id_from=333.1387.favlist.content.click&vd_source=406d0cf895bedbdc58a3d0130d55e34c,BV1YX64BAEjd,【闭嘴跳舞｜张函瑞】双机位4K精剪直拍,Karmaismycat,3546943494031804,2026-02-01 17:32:47,521217,28777,24354,23493,1643,1186,5313,9,28,False
2026-03-03 10:24:22,https://www.bilibili.com/video/BV1YX64BAEjd/?spm_id_from=333.1387.favlist.content.click&vd_source=406d0cf895bedbdc58a3d0130d55e34c,BV1YX64BAEjd,【闭嘴跳舞｜张函瑞】双机位4K精剪直拍,Karmaismycat,3546943494031804,2026-02-01 17:32:47,521248,28778,24356,23493,1643,1186,5313,11,31,False
2026-03-03 11:24:35,https://www.bilibili.com/video/BV1YX64BAEjd/?spm_id_from=333.1387.favlist.content.click&vd_source=406d0cf895bedbdc58a3d0130d55e34c,BV1YX64BAEjd,【闭嘴跳舞｜张函瑞】双机位4K精剪直拍,Karmaismycat,3546943494031804,2026-02-01 17:32:47,521291,28780,24358,23494,1643,1186,5313,8,43,False
2026-03-03 13:11:30,https://www.bilibili.com/video/BV1YX64BAEjd/?spm_id_from=333.1387.favlist.content.click&vd_source=406d0cf895bedbdc58a3d0130d55e34c,BV1YX64BAEjd,【闭嘴跳舞｜张函瑞】双机位4K精剪直拍,Karmaismycat,3546943494031804,2026-02-01 17:32:47,521388,28782,24362,23497,1643,1186,5316,13,97,False
2026-03-03 15:00:12,https://www.bilibili.com/video/BV1YX64BAEjd/?spm_id_from=333.1387.favlist.content.click&vd_source=406d0cf895bedbdc58a3d0130d55e34c,BV1YX64BAEjd,【闭嘴跳舞｜张函瑞】双机位4K精剪直拍,Karmaismycat,3546943494031804,2026-02-01 17:32:47,521519,28794,24371,23500,1643,1186,5320,11,131,False
2026-03-03 16:00:25,https://www.bilibili.com/video/BV1YX64BAEjd/?spm_id_from=333.1387.favlist.content.click&vd_source=406d0cf895bedbdc58a3d0130d55e34c,BV1YX64BAEjd,【闭嘴跳舞｜张函瑞】双机位4K精剪直拍,Karmaismycat,3546943494031804,2026-02-01 17:32:47,521600,28797,24373,23503,1643,1186,5320,13,81,False
2026-03-03 17:00:38,https://www.bilibili.com/video/BV1YX64BAEjd/?spm_id_from=333.1387.favlist.content.click&vd_source=406d0cf895bedbdc58a3d0130d55e34c,BV1YX64BAEjd,【闭嘴跳舞｜张函瑞】双机位4K精剪直拍,Karmaismycat,3546943494031804,2026-02-01 17:32:47,521673,28800,24375,23503,1643,1186,5328,8,73,False
2026-03-03 18:00:50,https://www.bilibili.com/video/BV1YX64BAEjd/?spm_id_from=333.1387.favlist.content.click&vd_source=406d0cf895bedbdc58a3d0130d55e34c,BV1YX64BAEjd,【闭嘴跳舞｜张函瑞】双机位4K精剪直拍,Karmaismycat,3546943494031804,2026-02-01 17:32:47,521751,28802,24377,23502,1643,1186,5329,17,78,False
2026-03-03 19:01:03,https://www.bilibili.com/video/BV1YX64BAEjd/?spm_id_from=333.1387.favlist.content.click&vd_source=406d0cf895bedbdc58a3d0130d55e34c,BV1YX64BAEjd,【闭嘴跳舞｜张函瑞】双机位4K精剪直拍,Karmaismycat,3546943494031804,2026-02-01 17:32:47,521834,28804,24377,23504,1643,1186,5329,8,83,False
2026-03-03 20:01:16,https://www.bilibili.com/video/BV1YX64BAEjd/?spm_id_from=333.1387.favlist.content.click&vd_source=406d0cf895bedbdc58a3d0130d55e34c,BV1YX64BAEjd,【闭嘴跳舞｜张函瑞】双机位4K精剪直拍,Karmaismycat,3546943494031804,2026-02-01 17:32:47,521910,28806,24379,23505,1644,1186,5329,15,76,False
2026-03-03 21:01:29,https://www.bilibili.com/video/BV1YX64BAEjd/?spm_id_from=333.1387.favlist.content.click&vd_source=406d0cf895bedbdc58a3d0130d55e34c,BV1YX64BAEjd,【闭嘴跳舞｜张函瑞】双机位4K精剪直拍,Karmaismycat,3546943494031804,2026-02-01 17:32:47,522002,28809,24381,23506,1644,1187,5331,11,92,False
2026-03-03 22:01:41,https://www.bilibili.com/video/BV1YX64BAEjd/?spm_id_from=333.1387.favlist.content.click&vd_source=406d0cf895bedbdc58a3d0130d55e34c,BV1YX64BAEjd,【闭嘴跳舞｜张函瑞】双机位4K精剪直拍,Karmaismycat,3546943494031804,2026-02-01 17:32:47,522107,28815,24387,23509,1645,1187,5331,7,105,False
2026-03-03 23:01:54,https://www.bilibili.com/video/BV1YX64BAEjd/?spm_id_from=333.1387.favlist.content.click&vd_source=406d0cf895bedbdc58a3d0130d55e34c,BV1YX64BAEjd,【闭嘴跳舞｜张函瑞】双机位4K精剪直拍,Karmaismycat,3546943494031804,2026-02-01 17:32:47,522198,28817,24393,23508,1646,1187,5334,18,91,False
2026-03-03 00:22:18,https://www.bilibili.com/video/BV1fxtbzKESN/?spm_id_from=333.1387.favlist.content.click&vd_source=406d0cf895bedbdc58a3d0130d55e34c,BV1fxtbzKESN,【张函瑞】雨爱双机位4K精剪横屏直拍 新舞台神仙嗓音 百万直拍预定💘开口即跪的纯欲少年音,秋日信函_张函瑞,1643739345,2025-08-09 19:11:18,602321,12858,10471,11999,866,1058,4602,1,0,False
2026-03-03 01:22:30,https://www.bilibili.com/video/BV1fxtbzKESN/?spm_id_from=333.1387.favlist.content.click&vd_source=406d0cf895bedbdc58a3d0130d55e34c,BV1fxtbzKESN,【张函瑞】雨爱双机位4K精剪横屏直拍 新舞台神仙嗓音 百万直拍预定💘开口即跪的纯欲少年音,秋日信函_张函瑞,1643739345,2025-08-09 19:11:18,602334,12858,10471,11999,866,1058,4602,3,13,False
2026-03-03 02:22:43,https://www.bilibili.com/video/BV1fxtbzKESN/?spm_id_from=333.1387.favlist.content.click&vd_source=406d0cf895bedbdc58a3d0130d55e34c,BV1fxtbzKESN,【张函瑞】雨爱双机位4K精剪横屏直拍 新舞台神仙嗓音 百万直拍预定💘开口即跪的纯欲少年音,秋日信函_张函瑞,1643739345,2025-08-09 19:11:18,602347,12858,10471,11999,866,1058,4602,1,13,False
2026-03-03 03:22:55,https://www.bilibili.com/video/BV1fxtbzKESN/?spm_id_from=333.1387.favlist.content.click&vd_source=406d0cf895bedbdc58a3d0130d55e34c,BV1fxtbzKESN,【张函瑞】雨爱双机位4K精剪横屏直拍 新舞台神仙嗓音 百万直拍预定💘开口即跪的纯欲少年音,秋日信函_张函瑞,1643739345,2025-08-09 19:11:18,602354,12858,10471,12000,866,1058,4602,1,7,False
2026-03-03 04:23:08,https://www.bilibili.com/video/BV1fxtbzKESN/?spm_id_from=333.1387.favlist.content.click&vd_source=406d0cf895bedbdc58a3d0130d55e34c,BV1fxtbzKESN,【张函瑞】雨爱双机位4K精剪横屏直拍 新舞台神仙嗓音 百万直拍预定💘开口即跪的纯欲少年音,秋日信函_张函瑞,1643739345,2025-08-09 19:11:18,602361,12858,10471,12000,866,1058,4602,1,7,False
2026-03-03 05:23:20,https://www.bilibili.com/video/BV1fxtbzKESN/?spm_id_from=333.1387.favlist.content.click&vd_source=406d0cf895bedbdc58a3d0130d55e34c,BV1fxtbzKESN,【张函瑞】雨爱双机位4K精剪横屏直拍 新舞台神仙嗓音 百万直拍预定💘开口即跪的纯欲少年音,秋日信函_张函瑞,1643739345,2025-08-09 19:11:18,602365,12858,10471,12000,866,1058,4602,1,4,False
2026-03-03 06:23:32,https://www.bilibili.com/video/BV1fxtbzKESN/?spm_id_from=333.1387.favlist.content.click&vd_source=406d0cf895bedbdc58a3d0130d55e34c,BV1fxtbzKESN,【张函瑞】雨爱双机位4K精剪横屏直拍 新舞台神仙嗓音 百万直拍预定💘开口即跪的纯欲少年音,秋日信函_张函瑞,1643739345,2025-08-09 19:11:18,602373,12858,10471,12000,866,1058,4602,2,8,False
2026-03-03 07:23:45,https://www.bilibili.com/video/BV1fxtbzKESN/?spm_id_from=333.1387.favlist.content.click&vd_source=406d0cf895bedbdc58a3d0130d55e34c,BV1fxtbzKESN,【张函瑞】雨爱双机位4K精剪横屏直拍 新舞台神仙嗓音 百万直拍预定💘开口即跪的纯欲少年音,秋日信函_张函瑞,1643739345,2025-08-09 19:11:18,602382,12858,10471,12000,866,1058,4602,2,9,False
2026-03-03 08:23:57,https://www.bilibili.com/video/BV1fxtbzKESN/?spm_id_from=333.1387.favlist.content.click&vd_source=406d0cf895bedbdc58a3d0130d55e34c,BV1fxtbzKESN,【张函瑞】雨爱双机位4K精剪横屏直拍 新舞台神仙嗓音 百万直拍预定💘开口即跪的纯欲少年音,秋日信函_张函瑞,1643739345,2025-08-09 19:11:18,602393,12859,10471,12001,866,1058,4602,2,11,False
2026-03-03 09:24:09,https://www.bilibili.com/video/BV1fxtbzKESN/?spm_id_from=333.1387.favlist.content.click&vd_source=406d0cf895bedbdc58a3d0130d55e34c,BV1fxtbzKESN,【张函瑞】雨爱双机位4K精剪横屏直拍 新舞台神仙嗓音 百万直拍预定💘开口即跪的纯欲少年音,秋日信函_张函瑞,1643739345,2025-08-09 19:11:18,602399,12859,10471,12001,866,1058,4602,1,6,False
2026-03-03 10:24:22,https://www.bilibili.com/video/BV1fxtbzKESN/?spm_id_from=333.1387.favlist.content.click&vd_source=406d0cf895bedbdc58a3d0130d55e34c,BV1fxtbzKESN,【张函瑞】雨爱双机位4K精剪横屏直拍 新舞台神仙嗓音 百万直拍预定💘开口即跪的纯欲少年音,秋日信函_张函瑞,1643739345,2025-08-09 19:11:18,602410,12859,10471,12001,866,1058,4602,1,11,False
2026-03-03 11:24:35,https://www.bilibili.com/video/BV1fxtbzKESN/?spm_id_from=333.1387.favlist.content.click&vd_source=406d0cf895bedbdc58a3d0130d55e34c,BV1fxtbzKESN,【张函瑞】雨爱双机位4K精剪横屏直拍 新舞台神仙嗓音 百万直拍预定💘开口即跪的纯欲少年音,秋日信函_张函瑞,1643739345,2025-08-09 19:11:18,602415,12859,10471,12001,866,1058,4602,2,5,False
2026-03-03 13:11:30,https://www.bilibili.com/video/BV1fxtbzKESN/?spm_id_from=333.1387.favlist.content.click&vd_source=406d0cf895bedbdc58a3d0130d55e34c,BV1fxtbzKESN,【张函瑞】雨爱双机位4K精剪横屏直拍 新舞台神仙嗓音 百万直拍预定💘开口即跪的纯欲少年音,秋日信函_张函瑞,1643739345,2025-08-09 19:11:18,602430,12859,10471,12001,866,1058,4602,1,15,False
2026-03-03 15:00:12,https://www.bilibili.com/video/BV1fxtbzKESN/?spm_id_from=333.1387.favlist.content.click&vd_source=406d0cf895bedbdc58a3d0130d55e34c,BV1fxtbzKESN,【张函瑞】雨爱双机位4K精剪横屏直拍 新舞台神仙嗓音 百万直拍预定💘开口即跪的纯欲少年音,秋日信函_张函瑞,1643739345,2025-08-09 19:11:18,602441,12858,10471,12001,866,1058,4602,1,11,False
2026-03-03 16:00:25,https://www.bilibili.com/video/BV1fxtbzKESN/?spm_id_from=333.1387.favlist.content.click&vd_source=406d0cf895bedbdc58a3d0130d55e34c,BV1fxtbzKESN,【张函瑞】雨爱双机位4K精剪横屏直拍 新舞台神仙嗓音 百万直拍预定💘开口即跪的纯欲少年音,秋日信函_张函瑞,1643739345,2025-08-09 19:11:18,602446,12858,10471,12001,866,1058,4602,1,5,False
2026-03-03 17:00:38,https://www.bilibili.com/video/BV1fxtbzKESN/?spm_id_from=333.1387.favlist.content.click&vd_source=406d0cf895bedbdc58a3d0130d55e34c,BV1fxtbzKESN,【张函瑞】雨爱双机位4K精剪横屏直拍 新舞台神仙嗓音 百万直拍预定💘开口即跪的纯欲少年音,秋日信函_张函瑞,1643739345,2025-08-09 19:11:18,602453,12858,10471,12001,866,1058,4602,1,7,False
2026-03-03 18:00:50,https://www.bilibili.com/video/BV1fxtbzKESN/?spm_id_from=333.1387.favlist.content.click&vd_source=406d0cf895bedbdc58a3d0130d55e34c,BV1fxtbzKESN,【张函瑞】雨爱双机位4K精剪横屏直拍 新舞台神仙嗓音 百万直拍预定💘开口即跪的纯欲少年音,秋日信函_张函瑞,1643739345,2025-08-09 19:11:18,602462,12859,10472,12002,866,1058,4602,1,9,False
2026-03-03 19:01:03,https://www.bilibili.com/video/BV1fxtbzKESN/?spm_id_from=333.1387.favlist.content.click&vd_source=406d0cf895bedbdc58a3d0130d55e34c,BV1fxtbzKESN,【张函瑞】雨爱双机位4K精剪横屏直拍 新舞台神仙嗓音 百万直拍预定💘开口即跪的纯欲少年音,秋日信函_张函瑞,1643739345,2025-08-09 19:11:18,602471,12860,10472,12003,866,1058,4602,1,9,False
2026-03-03 20:01:16,https://www.bilibili.com/video/BV1fxtbzKESN/?spm_id_from=333.1387.favlist.content.click&vd_source=406d0cf895bedbdc58a3d0130d55e34c,BV1fxtbzKESN,【张函瑞】雨爱双机位4K精剪横屏直拍 新舞台神仙嗓音 百万直拍预定💘开口即跪的纯欲少年音,秋日信函_张函瑞,1643739345,2025-08-09 19:11:18,602479,12860,10472,12003,866,1058,4602,1,8,False
2026-03-03 21:01:29,https://www.bilibili.com/video/BV1fxtbzKESN/?spm_id_from=333.1387.favlist.content.click&vd_source=406d0cf895bedbdc58a3d0130d55e34c,BV1fxtbzKESN,【张函瑞】雨爱双机位4K精剪横屏直拍 新舞台神仙嗓音 百万直拍预定💘开口即跪的纯欲少年音,秋日信函_张函瑞,1643739345,2025-08-09 19:11:18,602489,12860,10472,12003,866,1058,4602,1,10,False
2026-03-03 22:01:41,https://www.bilibili.com/video/BV1fxtbzKESN/?spm_id_from=333.1387.favlist.content.click&vd_source=406d0cf895bedbdc58a3d0130d55e34c,BV1fxtbzKESN,【张函瑞】雨爱双机位4K精剪横屏直拍 新舞台神仙嗓音 百万直拍预定💘开口即跪的纯欲少年音,秋日信函_张函瑞,1643739345,2025-08-09 19:11:18,602499,12860,10472,12003,866,1058,4602,1,10,False
2026-03-03 23:01:54,https://www.bilibili.com/video/BV1fxtbzKESN/?spm_id_from=333.1387.favlist.content.click&vd_source=406d0cf895bedbdc58a3d0130d55e34c,BV1fxtbzKESN,【张函瑞】雨爱双机位4K精剪横屏直拍 新舞台神仙嗓音 百万直拍预定💘开口即跪的纯欲少年音,秋日信函_张函瑞,1643739345,2025-08-09 19:11:18,602520,12860,10472,12003,866,1058,4602,1,21,False
2026-03-03 00:22:18,https://www.bilibili.com/video/BV11Btaz9ERL/?spm_id_from=333.1387.favlist.content.click&vd_source=406d0cf895bedbdc58a3d0130d55e34c,BV11Btaz9ERL,【Lucifer｜张函瑞】四代最强表管翻跳SM神曲，完全移不开视线！TF家族四代公演张函瑞4K精剪直拍,Karmaismycat,3546943494031804,2025-08-10 04:18:11,800743,27111,20881,20426,2253,1747,12064,3,0,False
2026-03-03 01:22:30,https://www.bilibili.com/video/BV11Btaz9ERL/?spm_id_from=333.1387.favlist.content.click&vd_source=406d0cf895bedbdc58a3d0130d55e34c,BV11Btaz9ERL,【Lucifer｜张函瑞】四代最强表管翻跳SM神曲，完全移不开视线！TF家族四代公演张函瑞4K精剪直拍,Karmaismycat,3546943494031804,2025-08-10 04:18:11,800776,27112,20883,20427,2253,1747,12064,1,33,False
2026-03-03 02:22:43,https://www.bilibili.com/video/BV11Btaz9ERL/?spm_id_from=333.1387.favlist.content.click&vd_source=406d0cf895bedbdc58a3d0130d55e34c,BV11Btaz9ERL,【Lucifer｜张函瑞】四代最强表管翻跳SM神曲，完全移不开视线！TF家族四代公演张函瑞4K精剪直拍,Karmaismycat,3546943494031804,2025-08-10 04:18:11,800808,27112,20883,20428,2253,1747,12064,3,32,False
2026-03-03 03:22:55,https://www.bilibili.com/video/BV11Btaz9ERL/?spm_id_from=333.1387.favlist.content.click&vd_source=406d0cf895bedbdc58a3d0130d55e34c,BV11Btaz9ERL,【Lucifer｜张函瑞】四代最强表管翻跳SM神曲，完全移不开视线！TF家族四代公演张函瑞4K精剪直拍,Karmaismycat,3546943494031804,2025-08-10 04:18:11,800837,27112,20883,20429,2253,1747,12064,4,29,False
2026-03-03 04:23:08,https://www.bilibili.com/video/BV11Btaz9ERL/?spm_id_from=333.1387.favlist.content.click&vd_source=406d0cf895bedbdc58a3d0130d55e34c,BV11Btaz9ERL,【Lucifer｜张函瑞】四代最强表管翻跳SM神曲，完全移不开视线！TF家族四代公演张函瑞4K精剪直拍,Karmaismycat,3546943494031804,2025-08-10 04:18:11,800859,27112,20883,20429,2253,1747,12064,1,22,False
2026-03-03 05:23:20,https://www.bilibili.com/video/BV11Btaz9ERL/?spm_id_from=333.1387.favlist.content.click&vd_source=406d0cf895bedbdc58a3d0130d55e34c,BV11Btaz9ERL,【Lucifer｜张函瑞】四代最强表管翻跳SM神曲，完全移不开视线！TF家族四代公演张函瑞4K精剪直拍,Karmaismycat,3546943494031804,2025-08-10 04:18:11,800872,27112,20883,20428,2253,1747,12064,1,13,False
2026-03-03 06:23:32,https://www.bilibili.com/video/BV11Btaz9ERL/?spm_id_from=333.1387.favlist.content.click&vd_source=406d0cf895bedbdc58a3d0130d55e34c,BV11Btaz9ERL,【Lucifer｜张函瑞】四代最强表管翻跳SM神曲，完全移不开视线！TF家族四代公演张函瑞4K精剪直拍,Karmaismycat,3546943494031804,2025-08-10 04:18:11,800886,27112,20883,20428,2253,1747,12064,2,14,False
2026-03-03 07:23:45,https://www.bilibili.com/video/BV11Btaz9ERL/?spm_id_from=333.1387.favlist.content.click&vd_source=406d0cf895bedbdc58a3d0130d55e34c,BV11Btaz9ERL,【Lucifer｜张函瑞】四代最强表管翻跳SM神曲，完全移不开视线！TF家族四代公演张函瑞4K精剪直拍,Karmaismycat,3546943494031804,2025-08-10 04:18:11,800902,27113,20883,20428,2253,1747,12064,1,16,False
2026-03-03 08:23:57,https://www.bilibili.com/video/BV11Btaz9ERL/?spm_id_from=333.1387.favlist.content.click&vd_source=406d0cf895bedbdc58a3d0130d55e34c,BV11Btaz9ERL,【Lucifer｜张函瑞】四代最强表管翻跳SM神曲，完全移不开视线！TF家族四代公演张函瑞4K精剪直拍,Karmaismycat,3546943494031804,2025-08-10 04:18:11,800916,27114,20883,20429,2253,1747,12064,3,14,False
2026-03-03 09:24:09,https://www.bilibili.com/video/BV11Btaz9ERL/?spm_id_from=333.1387.favlist.content.click&vd_source=406d0cf895bedbdc58a3d0130d55e34c,BV11Btaz9ERL,【Lucifer｜张函瑞】四代最强表管翻跳SM神曲，完全移不开视线！TF家族四代公演张函瑞4K精剪直拍,Karmaismycat,3546943494031804,2025-08-10 04:18:11,800927,27114,20883,20429,2253,1747,12064,4,11,False
2026-03-03 10:24:22,https://www.bilibili.com/video/BV11Btaz9ERL/?spm_id_from=333.1387.favlist.content.click&vd_source=406d0cf895bedbdc58a3d0130d55e34c,BV11Btaz9ERL,【Lucifer｜张函瑞】四代最强表管翻跳SM神曲，完全移不开视线！TF家族四代公演张函瑞4K精剪直拍,Karmaismycat,3546943494031804,2025-08-10 04:18:11,800949,27116,20887,20430,2254,1747,12064,4,22,False
2026-03-03 11:24:35,https://www.bilibili.com/video/BV11Btaz9ERL/?spm_id_from=333.1387.favlist.content.click&vd_source=406d0cf895bedbdc58a3d0130d55e34c,BV11Btaz9ERL,【Lucifer｜张函瑞】四代最强表管翻跳SM神曲，完全移不开视线！TF家族四代公演张函瑞4K精剪直拍,Karmaismycat,3546943494031804,2025-08-10 04:18:11,800978,27117,20887,20430,2254,1747,12064,3,29,False
2026-03-03 13:11:30,https://www.bilibili.com/video/BV11Btaz9ERL/?spm_id_from=333.1387.favlist.content.click&vd_source=406d0cf895bedbdc58a3d0130d55e34c,BV11Btaz9ERL,【Lucifer｜张函瑞】四代最强表管翻跳SM神曲，完全移不开视线！TF家族四代公演张函瑞4K精剪直拍,Karmaismycat,3546943494031804,2025-08-10 04:18:11,801039,27119,20889,20430,2254,1747,12064,1,61,False
2026-03-03 15:00:12,https://www.bilibili.com/video/BV11Btaz9ERL/?spm_id_from=333.1387.favlist.content.click&vd_source=406d0cf895bedbdc58a3d0130d55e34c,BV11Btaz9ERL,【Lucifer｜张函瑞】四代最强表管翻跳SM神曲，完全移不开视线！TF家族四代公演张函瑞4K精剪直拍,Karmaismycat,3546943494031804,2025-08-10 04:18:11,801095,27122,20893,20432,2254,1747,12064,5,56,False
2026-03-03 16:00:25,https://www.bilibili.com/video/BV11Btaz9ERL/?spm_id_from=333.1387.favlist.content.click&vd_source=406d0cf895bedbdc58a3d0130d55e34c,BV11Btaz9ERL,【Lucifer｜张函瑞】四代最强表管翻跳SM神曲，完全移不开视线！TF家族四代公演张函瑞4K精剪直拍,Karmaismycat,3546943494031804,2025-08-10 04:18:11,801127,27124,20894,20434,2254,1747,12064,1,32,False
2026-03-03 17:00:38,https://www.bilibili.com/video/BV11Btaz9ERL/?spm_id_from=333.1387.favlist.content.click&vd_source=406d0cf895bedbdc58a3d0130d55e34c,BV11Btaz9ERL,【Lucifer｜张函瑞】四代最强表管翻跳SM神曲，完全移不开视线！TF家族四代公演张函瑞4K精剪直拍,Karmaismycat,3546943494031804,2025-08-10 04:18:11,801160,27124,20894,20434,2254,1747,12064,1,33,False
2026-03-03 18:00:50,https://www.bilibili.com/video/BV11Btaz9ERL/?spm_id_from=333.1387.favlist.content.click&vd_source=406d0cf895bedbdc58a3d0130d55e34c,BV11Btaz9ERL,【Lucifer｜张函瑞】四代最强表管翻跳SM神曲，完全移不开视线！TF家族四代公演张函瑞4K精剪直拍,Karmaismycat,3546943494031804,2025-08-10 04:18:11,801193,27124,20894,20434,2254,1747,12064,1,33,False
2026-03-03 19:01:03,https://www.bilibili.com/video/BV11Btaz9ERL/?spm_id_from=333.1387.favlist.content.click&vd_source=406d0cf895bedbdc58a3d0130d55e34c,BV11Btaz9ERL,【Lucifer｜张函瑞】四代最强表管翻跳SM神曲，完全移不开视线！TF家族四代公演张函瑞4K精剪直拍,Karmaismycat,3546943494031804,2025-08-10 04:18:11,801232,27125,20894,20435,2254,1747,12064,2,39,False
2026-03-03 20:01:16,https://www.bilibili.com/video/BV11Btaz9ERL/?spm_id_from=333.1387.favlist.content.click&vd_source=406d0cf895bedbdc58a3d0130d55e34c,BV11Btaz9ERL,【Lucifer｜张函瑞】四代最强表管翻跳SM神曲，完全移不开视线！TF家族四代公演张函瑞4K精剪直拍,Karmaismycat,3546943494031804,2025-08-10 04:18:11,801258,27128,20896,20436,2254,1747,12064,3,26,False
2026-03-03 21:01:29,https://www.bilibili.com/video/BV11Btaz9ERL/?spm_id_from=333.1387.favlist.content.click&vd_source=406d0cf895bedbdc58a3d0130d55e34c,BV11Btaz9ERL,【Lucifer｜张函瑞】四代最强表管翻跳SM神曲，完全移不开视线！TF家族四代公演张函瑞4K精剪直拍,Karmaismycat,3546943494031804,2025-08-10 04:18:11,801300,27128,20896,20436,2254,1748,12064,3,42,False
2026-03-03 22:01:41,https://www.bilibili.com/video/BV11Btaz9ERL/?spm_id_from=333.1387.favlist.content.click&vd_source=406d0cf895bedbdc58a3d0130d55e34c,BV11Btaz9ERL,【Lucifer｜张函瑞】四代最强表管翻跳SM神曲，完全移不开视线！TF家族四代公演张函瑞4K精剪直拍,Karmaismycat,3546943494031804,2025-08-10 04:18:11,801342,27130,20896,20439,2254,1748,12064,3,42,False
2026-03-03 23:01:54,https://www.bilibili.com/video/BV11Btaz9ERL/?spm_id_from=333.1387.favlist.content.click&vd_source=406d0cf895bedbdc58a3d0130d55e34c,BV11Btaz9ERL,【Lucifer｜张函瑞】四代最强表管翻跳SM神曲，完全移不开视线！TF家族四代公演张函瑞4K精剪直拍,Karmaismycat,3546943494031804,2025-08-10 04:18:11,801384,27134,20904,20441,2254,1748,12064,4,42,False
2026-03-03 00:22:18,https://www.bilibili.com/video/BV1234y1Z7CX/?spm_id_from=333.1387.favlist.content.click&vd_source=406d0cf895bedbdc58a3d0130d55e34c,BV1234y1Z7CX,【TF 家族练习生】 「2023新年音乐会——瞬间」《光亮》纯享版,TF家族,3670216,2023-01-26 15:10:23,1576253,69657,35491,43259,38088,6554,15454,4,0,False
2026-03-03 01:22:30,https://www.bilibili.com/video/BV1234y1Z7CX/?spm_id_from=333.1387.favlist.content.click&vd_source=406d0cf895bedbdc58a3d0130d55e34c,BV1234y1Z7CX,【TF 家族练习生】 「2023新年音乐会——瞬间」《光亮》纯享版,TF家族,3670216,2023-01-26 15:10:23,1576325,69660,35491,43262,38089,6554,15454,6,72,False
2026-03-03 02:22:43,https://www.bilibili.com/video/BV1234y1Z7CX/?spm_id_from=333.1387.favlist.content.click&vd_source=406d0cf895bedbdc58a3d0130d55e34c,BV1234y1Z7CX,【TF 家族练习生】 「2023新年音乐会——瞬间」《光亮》纯享版,TF家族,3670216,2023-01-26 15:10:23,1576381,69662,35493,43263,38090,6554,15454,5,56,False
2026-03-03 03:22:55,https://www.bilibili.com/video/BV1234y1Z7CX/?spm_id_from=333.1387.favlist.content.click&vd_source=406d0cf895bedbdc58a3d0130d55e34c,BV1234y1Z7CX,【TF 家族练习生】 「2023新年音乐会——瞬间」《光亮》纯享版,TF家族,3670216,2023-01-26 15:10:23,1576424,69666,35495,43266,38090,6554,15455,4,43,False
2026-03-03 04:23:08,https://www.bilibili.com/video/BV1234y1Z7CX/?spm_id_from=333.1387.favlist.content.click&vd_source=406d0cf895bedbdc58a3d0130d55e34c,BV1234y1Z7CX,【TF 家族练习生】 「2023新年音乐会——瞬间」《光亮》纯享版,TF家族,3670216,2023-01-26 15:10:23,1576454,69667,35495,43267,38090,6554,15455,4,30,False
2026-03-03 05:23:20,https://www.bilibili.com/video/BV1234y1Z7CX/?spm_id_from=333.1387.favlist.content.click&vd_source=406d0cf895bedbdc58a3d0130d55e34c,BV1234y1Z7CX,【TF 家族练习生】 「2023新年音乐会——瞬间」《光亮》纯享版,TF家族,3670216,2023-01-26 15:10:23,1576478,69668,35495,43267,38090,6554,15455,1,24,False
2026-03-03 06:23:32,https://www.bilibili.com/video/BV1234y1Z7CX/?spm_id_from=333.1387.favlist.content.click&vd_source=406d0cf895bedbdc58a3d0130d55e34c,BV1234y1Z7CX,【TF 家族练习生】 「2023新年音乐会——瞬间」《光亮》纯享版,TF家族,3670216,2023-01-26 15:10:23,1576498,69668,35495,43268,38090,6554,15455,2,20,False
2026-03-03 07:23:45,https://www.bilibili.com/video/BV1234y1Z7CX/?spm_id_from=333.1387.favlist.content.click&vd_source=406d0cf895bedbdc58a3d0130d55e34c,BV1234y1Z7CX,【TF 家族练习生】 「2023新年音乐会——瞬间」《光亮》纯享版,TF家族,3670216,2023-01-26 15:10:23,1576520,69668,35495,43268,38090,6554,15455,3,22,False
2026-03-03 08:23:57,https://www.bilibili.com/video/BV1234y1Z7CX/?spm_id_from=333.1387.favlist.content.click&vd_source=406d0cf895bedbdc58a3d0130d55e34c,BV1234y1Z7CX,【TF 家族练习生】 「2023新年音乐会——瞬间」《光亮》纯享版,TF家族,3670216,2023-01-26 15:10:23,1576538,69670,35495,43270,38090,6554,15455,2,18,False
2026-03-03 09:24:09,https://www.bilibili.com/video/BV1234y1Z7CX/?spm_id_from=333.1387.favlist.content.click&vd_source=406d0cf895bedbdc58a3d0130d55e34c,BV1234y1Z7CX,【TF 家族练习生】 「2023新年音乐会——瞬间」《光亮》纯享版,TF家族,3670216,2023-01-26 15:10:23,1576559,69671,35495,43270,38090,6554,15455,2,21,False
2026-03-03 10:24:22,https://www.bilibili.com/video/BV1234y1Z7CX/?spm_id_from=333.1387.favlist.content.click&vd_source=406d0cf895bedbdc58a3d0130d55e34c,BV1234y1Z7CX,【TF 家族练习生】 「2023新年音乐会——瞬间」《光亮》纯享版,TF家族,3670216,2023-01-26 15:10:23,1576581,69672,35495,43270,38090,6554,15455,4,22,False
2026-03-03 11:24:35,https://www.bilibili.com/video/BV1234y1Z7CX/?spm_id_from=333.1387.favlist.content.click&vd_source=406d0cf895bedbdc58a3d0130d55e34c,BV1234y1Z7CX,【TF 家族练习生】 「2023新年音乐会——瞬间」《光亮》纯享版,TF家族,3670216,2023-01-26 15:10:23,1576619,69673,35499,43272,38090,6554,15456,5,38,False
2026-03-03 13:11:30,https://www.bilibili.com/video/BV1234y1Z7CX/?spm_id_from=333.1387.favlist.content.click&vd_source=406d0cf895bedbdc58a3d0130d55e34c,BV1234y1Z7CX,【TF 家族练习生】 「2023新年音乐会——瞬间」《光亮》纯享版,TF家族,3670216,2023-01-26 15:10:23,1576709,69678,35503,43278,38090,6554,15456,4,90,False
2026-03-03 15:00:12,https://www.bilibili.com/video/BV1234y1Z7CX/?spm_id_from=333.1387.favlist.content.click&vd_source=406d0cf895bedbdc58a3d0130d55e34c,BV1234y1Z7CX,【TF 家族练习生】 「2023新年音乐会——瞬间」《光亮》纯享版,TF家族,3670216,2023-01-26 15:10:23,1576821,69687,35513,43286,38091,6554,15456,4,112,False
2026-03-03 16:00:25,https://www.bilibili.com/video/BV1234y1Z7CX/?spm_id_from=333.1387.favlist.content.click&vd_source=406d0cf895bedbdc58a3d0130d55e34c,BV1234y1Z7CX,【TF 家族练习生】 「2023新年音乐会——瞬间」《光亮》纯享版,TF家族,3670216,2023-01-26 15:10:23,1576894,69691,35519,43292,38091,6554,15456,4,73,False
2026-03-03 17:00:38,https://www.bilibili.com/video/BV1234y1Z7CX/?spm_id_from=333.1387.favlist.content.click&vd_source=406d0cf895bedbdc58a3d0130d55e34c,BV1234y1Z7CX,【TF 家族练习生】 「2023新年音乐会——瞬间」《光亮》纯享版,TF家族,3670216,2023-01-26 15:10:23,1576959,69699,35523,43294,38092,6554,15456,4,65,False
2026-03-03 18:00:50,https://www.bilibili.com/video/BV1234y1Z7CX/?spm_id_from=333.1387.favlist.content.click&vd_source=406d0cf895bedbdc58a3d0130d55e34c,BV1234y1Z7CX,【TF 家族练习生】 「2023新年音乐会——瞬间」《光亮》纯享版,TF家族,3670216,2023-01-26 15:10:23,1577023,69705,35527,43296,38092,6556,15456,3,64,False
2026-03-03 19:01:03,https://www.bilibili.com/video/BV1234y1Z7CX/?spm_id_from=333.1387.favlist.content.click&vd_source=406d0cf895bedbdc58a3d0130d55e34c,BV1234y1Z7CX,【TF 家族练习生】 「2023新年音乐会——瞬间」《光亮》纯享版,TF家族,3670216,2023-01-26 15:10:23,1577078,69706,35527,43296,38093,6556,15456,3,55,False
2026-03-03 20:01:16,https://www.bilibili.com/video/BV1234y1Z7CX/?spm_id_from=333.1387.favlist.content.click&vd_source=406d0cf895bedbdc58a3d0130d55e34c,BV1234y1Z7CX,【TF 家族练习生】 「2023新年音乐会——瞬间」《光亮》纯享版,TF家族,3670216,2023-01-26 15:10:23,1577157,69714,35533,43301,38094,6556,15457,5,79,False
2026-03-03 21:01:29,https://www.bilibili.com/video/BV1234y1Z7CX/?spm_id_from=333.1387.favlist.content.click&vd_source=406d0cf895bedbdc58a3d0130d55e34c,BV1234y1Z7CX,【TF 家族练习生】 「2023新年音乐会——瞬间」《光亮》纯享版,TF家族,3670216,2023-01-26 15:10:23,1577241,69718,35535,43302,38095,6556,15457,6,84,False
2026-03-03 22:01:41,https://www.bilibili.com/video/BV1234y1Z7CX/?spm_id_from=333.1387.favlist.content.click&vd_source=406d0cf895bedbdc58a3d0130d55e34c,BV1234y1Z7CX,【TF 家族练习生】 「2023新年音乐会——瞬间」《光亮》纯享版,TF家族,3670216,2023-01-26 15:10:23,1577335,69722,35539,43309,38095,6556,15460,2,94,False
2026-03-03 23:01:54,https://www.bilibili.com/video/BV1234y1Z7CX/?spm_id_from=333.1387.favlist.content.click&vd_source=406d0cf895bedbdc58a3d0130d55e34c,BV1234y1Z7CX,【TF 家族练习生】 「2023新年音乐会——瞬间」《光亮》纯享版,TF家族,3670216,2023-01-26 15:10:23,1577435,69731,35543,43314,38096,6556,15460,2,100,False
2026-03-03 00:22:18,https://www.bilibili.com/video/BV1fV62BhE6c/?spm_id_from=333.1387.favlist.content.click&vd_source=406d0cf895bedbdc58a3d0130d55e34c,BV1fV62BhE6c,空翻！少侠好身手！张桂源《竹林深处》直拍,序言丨张桂源,703106231,2026-01-31 16:56:24,818851,17233,12998,15503,2007,2154,8688,6,0,False
2026-03-03 01:22:30,https://www.bilibili.com/video/BV1fV62BhE6c/?spm_id_from=333.1387.favlist.content.click&vd_source=406d0cf895bedbdc58a3d0130d55e34c,BV1fV62BhE6c,空翻！少侠好身手！张桂源《竹林深处》直拍,序言丨张桂源,703106231,2026-01-31 16:56:24,818863,17234,12998,15503,2007,2154,8688,1,12,False
2026-03-03 02:22:43,https://www.bilibili.com/video/BV1fV62BhE6c/?spm_id_from=333.1387.favlist.content.click&vd_source=406d0cf895bedbdc58a3d0130d55e34c,BV1fV62BhE6c,空翻！少侠好身手！张桂源《竹林深处》直拍,序言丨张桂源,703106231,2026-01-31 16:56:24,818876,17234,12998,15503,2007,2154,8688,2,13,False
2026-03-03 03:22:55,https://www.bilibili.com/video/BV1fV62BhE6c/?spm_id_from=333.1387.favlist.content.click&vd_source=406d0cf895bedbdc58a3d0130d55e34c,BV1fV62BhE6c,空翻！少侠好身手！张桂源《竹林深处》直拍,序言丨张桂源,703106231,2026-01-31 16:56:24,818884,17235,12998,15503,2007,2154,8688,6,8,False
2026-03-03 04:23:08,https://www.bilibili.com/video/BV1fV62BhE6c/?spm_id_from=333.1387.favlist.content.click&vd_source=406d0cf895bedbdc58a3d0130d55e34c,BV1fV62BhE6c,空翻！少侠好身手！张桂源《竹林深处》直拍,序言丨张桂源,703106231,2026-01-31 16:56:24,818886,17236,12998,15503,2007,2154,8688,5,2,False
2026-03-03 05:23:20,https://www.bilibili.com/video/BV1fV62BhE6c/?spm_id_from=333.1387.favlist.content.click&vd_source=406d0cf895bedbdc58a3d0130d55e34c,BV1fV62BhE6c,空翻！少侠好身手！张桂源《竹林深处》直拍,序言丨张桂源,703106231,2026-01-31 16:56:24,818889,17236,12998,15503,2007,2154,8688,4,3,False
2026-03-03 06:23:32,https://www.bilibili.com/video/BV1fV62BhE6c/?spm_id_from=333.1387.favlist.content.click&vd_source=406d0cf895bedbdc58a3d0130d55e34c,BV1fV62BhE6c,空翻！少侠好身手！张桂源《竹林深处》直拍,序言丨张桂源,703106231,2026-01-31 16:56:24,818891,17236,12998,15503,2007,2154,8688,5,2,False
2026-03-03 07:23:45,https://www.bilibili.com/video/BV1fV62BhE6c/?spm_id_from=333.1387.favlist.content.click&vd_source=406d0cf895bedbdc58a3d0130d55e34c,BV1fV62BhE6c,空翻！少侠好身手！张桂源《竹林深处》直拍,序言丨张桂源,703106231,2026-01-31 16:56:24,818896,17236,12998,15503,2007,2154,8688,4,5,False
2026-03-03 08:23:57,https://www.bilibili.com/video/BV1fV62BhE6c/?spm_id_from=333.1387.favlist.content.click&vd_source=406d0cf895bedbdc58a3d0130d55e34c,BV1fV62BhE6c,空翻！少侠好身手！张桂源《竹林深处》直拍,序言丨张桂源,703106231,2026-01-31 16:56:24,818900,17236,12998,15503,2007,2154,8688,1,4,False
2026-03-03 09:24:09,https://www.bilibili.com/video/BV1fV62BhE6c/?spm_id_from=333.1387.favlist.content.click&vd_source=406d0cf895bedbdc58a3d0130d55e34c,BV1fV62BhE6c,空翻！少侠好身手！张桂源《竹林深处》直拍,序言丨张桂源,703106231,2026-01-31 16:56:24,818920,17236,12998,15504,2007,2154,8688,6,20,False
2026-03-03 10:24:22,https://www.bilibili.com/video/BV1fV62BhE6c/?spm_id_from=333.1387.favlist.content.click&vd_source=406d0cf895bedbdc58a3d0130d55e34c,BV1fV62BhE6c,空翻！少侠好身手！张桂源《竹林深处》直拍,序言丨张桂源,703106231,2026-01-31 16:56:24,818929,17236,12998,15504,2007,2154,8688,3,9,False
2026-03-03 11:24:35,https://www.bilibili.com/video/BV1fV62BhE6c/?spm_id_from=333.1387.favlist.content.click&vd_source=406d0cf895bedbdc58a3d0130d55e34c,BV1fV62BhE6c,空翻！少侠好身手！张桂源《竹林深处》直拍,序言丨张桂源,703106231,2026-01-31 16:56:24,818955,17236,12998,15505,2007,2154,8688,2,26,False
2026-03-03 13:11:30,https://www.bilibili.com/video/BV1fV62BhE6c/?spm_id_from=333.1387.favlist.content.click&vd_source=406d0cf895bedbdc58a3d0130d55e34c,BV1fV62BhE6c,空翻！少侠好身手！张桂源《竹林深处》直拍,序言丨张桂源,703106231,2026-01-31 16:56:24,819011,17240,13002,15508,2007,2154,8692,5,56,False
2026-03-03 15:00:12,https://www.bilibili.com/video/BV1fV62BhE6c/?spm_id_from=333.1387.favlist.content.click&vd_source=406d0cf895bedbdc58a3d0130d55e34c,BV1fV62BhE6c,空翻！少侠好身手！张桂源《竹林深处》直拍,序言丨张桂源,703106231,2026-01-31 16:56:24,819075,17242,13004,15511,2007,2154,8692,8,64,False
2026-03-03 16:00:25,https://www.bilibili.com/video/BV1fV62BhE6c/?spm_id_from=333.1387.favlist.content.click&vd_source=406d0cf895bedbdc58a3d0130d55e34c,BV1fV62BhE6c,空翻！少侠好身手！张桂源《竹林深处》直拍,序言丨张桂源,703106231,2026-01-31 16:56:24,819111,17242,13004,15511,2007,2154,8692,5,36,False
2026-03-03 17:00:38,https://www.bilibili.com/video/BV1fV62BhE6c/?spm_id_from=333.1387.favlist.content.click&vd_source=406d0cf895bedbdc58a3d0130d55e34c,BV1fV62BhE6c,空翻！少侠好身手！张桂源《竹林深处》直拍,序言丨张桂源,703106231,2026-01-31 16:56:24,819145,17242,13004,15510,2007,2154,8692,3,34,False
2026-03-03 18:00:50,https://www.bilibili.com/video/BV1fV62BhE6c/?spm_id_from=333.1387.favlist.content.click&vd_source=406d0cf895bedbdc58a3d0130d55e34c,BV1fV62BhE6c,空翻！少侠好身手！张桂源《竹林深处》直拍,序言丨张桂源,703106231,2026-01-31 16:56:24,819191,17247,13006,15513,2008,2154,8692,5,46,False
2026-03-03 19:01:03,https://www.bilibili.com/video/BV1fV62BhE6c/?spm_id_from=333.1387.favlist.content.click&vd_source=406d0cf895bedbdc58a3d0130d55e34c,BV1fV62BhE6c,空翻！少侠好身手！张桂源《竹林深处》直拍,序言丨张桂源,703106231,2026-01-31 16:56:24,819227,17249,13006,15515,2008,2154,8692,2,36,False
2026-03-03 20:01:16,https://www.bilibili.com/video/BV1fV62BhE6c/?spm_id_from=333.1387.favlist.content.click&vd_source=406d0cf895bedbdc58a3d0130d55e34c,BV1fV62BhE6c,空翻！少侠好身手！张桂源《竹林深处》直拍,序言丨张桂源,703106231,2026-01-31 16:56:24,819276,17252,13007,15515,2009,2154,8692,7,49,False
2026-03-03 21:01:29,https://www.bilibili.com/video/BV1fV62BhE6c/?spm_id_from=333.1387.favlist.content.click&vd_source=406d0cf895bedbdc58a3d0130d55e34c,BV1fV62BhE6c,空翻！少侠好身手！张桂源《竹林深处》直拍,序言丨张桂源,703106231,2026-01-31 16:56:24,819312,17257,13009,15520,2009,2154,8692,3,36,False
2026-03-03 22:01:41,https://www.bilibili.com/video/BV1fV62BhE6c/?spm_id_from=333.1387.favlist.content.click&vd_source=406d0cf895bedbdc58a3d0130d55e34c,BV1fV62BhE6c,空翻！少侠好身手！张桂源《竹林深处》直拍,序言丨张桂源,703106231,2026-01-31 16:56:24,819359,17259,13009,15521,2009,2154,8692,2,47,False
2026-03-03 23:01:54,https://www.bilibili.com/video/BV1fV62BhE6c/?spm_id_from=333.1387.favlist.content.click&vd_source=406d0cf895bedbdc58a3d0130d55e34c,BV1fV62BhE6c,空翻！少侠好身手！张桂源《竹林深处》直拍,序言丨张桂源,703106231,2026-01-31 16:56:24,819398,17263,13011,15523,2009,2154,8692,5,39,False
2026-03-03 00:22:18,https://www.bilibili.com/video/BV1bNtbzSE8X/?spm_id_from=333.1387.favlist.content.click&vd_source=406d0cf895bedbdc58a3d0130d55e34c,BV1bNtbzSE8X,你没见过的Deja Vu直拍丨舞台魅力大爆发丨张桂源,序言丨张桂源,703106231,2025-08-09 18:36:44,990289,19201,12030,19952,1497,2222,10194,5,0,False
2026-03-03 01:22:30,https://www.bilibili.com/video/BV1bNtbzSE8X/?spm_id_from=333.1387.favlist.content.click&vd_source=406d0cf895bedbdc58a3d0130d55e34c,BV1bNtbzSE8X,你没见过的Deja Vu直拍丨舞台魅力大爆发丨张桂源,序言丨张桂源,703106231,2025-08-09 18:36:44,990325,19202,12030,19954,1499,2222,10195,6,36,False
2026-03-03 02:22:43,https://www.bilibili.com/video/BV1bNtbzSE8X/?spm_id_from=333.1387.favlist.content.click&vd_source=406d0cf895bedbdc58a3d0130d55e34c,BV1bNtbzSE8X,你没见过的Deja Vu直拍丨舞台魅力大爆发丨张桂源,序言丨张桂源,703106231,2025-08-09 18:36:44,990339,19203,12033,19956,1499,2222,10195,6,14,False
2026-03-03 03:22:55,https://www.bilibili.com/video/BV1bNtbzSE8X/?spm_id_from=333.1387.favlist.content.click&vd_source=406d0cf895bedbdc58a3d0130d55e34c,BV1bNtbzSE8X,你没见过的Deja Vu直拍丨舞台魅力大爆发丨张桂源,序言丨张桂源,703106231,2025-08-09 18:36:44,990351,19203,12033,19956,1499,2222,10195,4,12,False
2026-03-03 04:23:08,https://www.bilibili.com/video/BV1bNtbzSE8X/?spm_id_from=333.1387.favlist.content.click&vd_source=406d0cf895bedbdc58a3d0130d55e34c,BV1bNtbzSE8X,你没见过的Deja Vu直拍丨舞台魅力大爆发丨张桂源,序言丨张桂源,703106231,2025-08-09 18:36:44,990363,19206,12039,19959,1499,2222,10195,6,12,False
2026-03-03 05:23:20,https://www.bilibili.com/video/BV1bNtbzSE8X/?spm_id_from=333.1387.favlist.content.click&vd_source=406d0cf895bedbdc58a3d0130d55e34c,BV1bNtbzSE8X,你没见过的Deja Vu直拍丨舞台魅力大爆发丨张桂源,序言丨张桂源,703106231,2025-08-09 18:36:44,990365,19206,12039,19959,1499,2222,10195,3,2,False
2026-03-03 06:23:32,https://www.bilibili.com/video/BV1bNtbzSE8X/?spm_id_from=333.1387.favlist.content.click&vd_source=406d0cf895bedbdc58a3d0130d55e34c,BV1bNtbzSE8X,你没见过的Deja Vu直拍丨舞台魅力大爆发丨张桂源,序言丨张桂源,703106231,2025-08-09 18:36:44,990368,19206,12039,19959,1499,2222,10195,3,3,False
2026-03-03 07:23:45,https://www.bilibili.com/video/BV1bNtbzSE8X/?spm_id_from=333.1387.favlist.content.click&vd_source=406d0cf895bedbdc58a3d0130d55e34c,BV1bNtbzSE8X,你没见过的Deja Vu直拍丨舞台魅力大爆发丨张桂源,序言丨张桂源,703106231,2025-08-09 18:36:44,990375,19206,12039,19959,1499,2222,10195,3,7,False
2026-03-03 08:23:57,https://www.bilibili.com/video/BV1bNtbzSE8X/?spm_id_from=333.1387.favlist.content.click&vd_source=406d0cf895bedbdc58a3d0130d55e34c,BV1bNtbzSE8X,你没见过的Deja Vu直拍丨舞台魅力大爆发丨张桂源,序言丨张桂源,703106231,2025-08-09 18:36:44,990382,19206,12039,19959,1499,2222,10195,5,7,False
2026-03-03 09:24:09,https://www.bilibili.com/video/BV1bNtbzSE8X/?spm_id_from=333.1387.favlist.content.click&vd_source=406d0cf895bedbdc58a3d0130d55e34c,BV1bNtbzSE8X,你没见过的Deja Vu直拍丨舞台魅力大爆发丨张桂源,序言丨张桂源,703106231,2025-08-09 18:36:44,990388,19206,12041,19961,1499,2222,10195,6,6,False
2026-03-03 10:24:22,https://www.bilibili.com/video/BV1bNtbzSE8X/?spm_id_from=333.1387.favlist.content.click&vd_source=406d0cf895bedbdc58a3d0130d55e34c,BV1bNtbzSE8X,你没见过的Deja Vu直拍丨舞台魅力大爆发丨张桂源,序言丨张桂源,703106231,2025-08-09 18:36:44,990395,19206,12041,19961,1499,2222,10195,3,7,False
2026-03-03 11:24:35,https://www.bilibili.com/video/BV1bNtbzSE8X/?spm_id_from=333.1387.favlist.content.click&vd_source=406d0cf895bedbdc58a3d0130d55e34c,BV1bNtbzSE8X,你没见过的Deja Vu直拍丨舞台魅力大爆发丨张桂源,序言丨张桂源,703106231,2025-08-09 18:36:44,990420,19209,12041,19961,1499,2222,10199,6,25,False
2026-03-03 13:11:30,https://www.bilibili.com/video/BV1bNtbzSE8X/?spm_id_from=333.1387.favlist.content.click&vd_source=406d0cf895bedbdc58a3d0130d55e34c,BV1bNtbzSE8X,你没见过的Deja Vu直拍丨舞台魅力大爆发丨张桂源,序言丨张桂源,703106231,2025-08-09 18:36:44,990463,19211,12046,19964,1501,2225,10203,6,43,False
2026-03-03 15:00:12,https://www.bilibili.com/video/BV1bNtbzSE8X/?spm_id_from=333.1387.favlist.content.click&vd_source=406d0cf895bedbdc58a3d0130d55e34c,BV1bNtbzSE8X,你没见过的Deja Vu直拍丨舞台魅力大爆发丨张桂源,序言丨张桂源,703106231,2025-08-09 18:36:44,990513,19213,12048,19963,1501,2225,10205,3,50,False
2026-03-03 16:00:25,https://www.bilibili.com/video/BV1bNtbzSE8X/?spm_id_from=333.1387.favlist.content.click&vd_source=406d0cf895bedbdc58a3d0130d55e34c,BV1bNtbzSE8X,你没见过的Deja Vu直拍丨舞台魅力大爆发丨张桂源,序言丨张桂源,703106231,2025-08-09 18:36:44,990543,19214,12050,19965,1502,2226,10205,5,30,False
2026-03-03 17:00:38,https://www.bilibili.com/video/BV1bNtbzSE8X/?spm_id_from=333.1387.favlist.content.click&vd_source=406d0cf895bedbdc58a3d0130d55e34c,BV1bNtbzSE8X,你没见过的Deja Vu直拍丨舞台魅力大爆发丨张桂源,序言丨张桂源,703106231,2025-08-09 18:36:44,990575,19216,12050,19967,1502,2227,10208,6,32,False
2026-03-03 18:00:50,https://www.bilibili.com/video/BV1bNtbzSE8X/?spm_id_from=333.1387.favlist.content.click&vd_source=406d0cf895bedbdc58a3d0130d55e34c,BV1bNtbzSE8X,你没见过的Deja Vu直拍丨舞台魅力大爆发丨张桂源,序言丨张桂源,703106231,2025-08-09 18:36:44,990600,19217,12050,19966,1503,2227,10208,7,25,False
2026-03-03 19:01:03,https://www.bilibili.com/video/BV1bNtbzSE8X/?spm_id_from=333.1387.favlist.content.click&vd_source=406d0cf895bedbdc58a3d0130d55e34c,BV1bNtbzSE8X,你没见过的Deja Vu直拍丨舞台魅力大爆发丨张桂源,序言丨张桂源,703106231,2025-08-09 18:36:44,990630,19219,12052,19967,1503,2227,10208,4,30,False
2026-03-03 20:01:16,https://www.bilibili.com/video/BV1bNtbzSE8X/?spm_id_from=333.1387.favlist.content.click&vd_source=406d0cf895bedbdc58a3d0130d55e34c,BV1bNtbzSE8X,你没见过的Deja Vu直拍丨舞台魅力大爆发丨张桂源,序言丨张桂源,703106231,2025-08-09 18:36:44,990657,19220,12053,19969,1503,2228,10208,4,27,False
2026-03-03 21:01:29,https://www.bilibili.com/video/BV1bNtbzSE8X/?spm_id_from=333.1387.favlist.content.click&vd_source=406d0cf895bedbdc58a3d0130d55e34c,BV1bNtbzSE8X,你没见过的Deja Vu直拍丨舞台魅力大爆发丨张桂源,序言丨张桂源,703106231,2025-08-09 18:36:44,990715,19223,12055,19970,1503,2230,10209,5,58,False
2026-03-03 22:01:41,https://www.bilibili.com/video/BV1bNtbzSE8X/?spm_id_from=333.1387.favlist.content.click&vd_source=406d0cf895bedbdc58a3d0130d55e34c,BV1bNtbzSE8X,你没见过的Deja Vu直拍丨舞台魅力大爆发丨张桂源,序言丨张桂源,703106231,2025-08-09 18:36:44,990748,19224,12055,19971,1503,2232,10209,7,33,False
2026-03-03 23:01:54,https://www.bilibili.com/video/BV1bNtbzSE8X/?spm_id_from=333.1387.favlist.content.click&vd_source=406d0cf895bedbdc58a3d0130d55e34c,BV1bNtbzSE8X,你没见过的Deja Vu直拍丨舞台魅力大爆发丨张桂源,序言丨张桂源,703106231,2025-08-09 18:36:44,990797,19225,12055,19972,1503,2232,10209,3,49,False
2026-03-03 00:22:18,https://www.bilibili.com/video/BV1qiBkBGEoj/?spm_id_from=333.1387.favlist.content.click&vd_source=406d0cf895bedbdc58a3d0130d55e34c,BV1qiBkBGEoj,【张桂源】On 4k四机位横屏直拍 / TF家族新年音乐会「荣耀」,WISH0511_张桂源,494070671,2025-12-27 16:42:34,908163,13121,9297,11254,1020,1066,3160,6,0,False
2026-03-03 01:22:30,https://www.bilibili.com/video/BV1qiBkBGEoj/?spm_id_from=333.1387.favlist.content.click&vd_source=406d0cf895bedbdc58a3d0130d55e34c,BV1qiBkBGEoj,【张桂源】On 4k四机位横屏直拍 / TF家族新年音乐会「荣耀」,WISH0511_张桂源,494070671,2025-12-27 16:42:34,908180,13121,9297,11254,1020,1066,3160,7,17,False
2026-03-03 02:22:43,https://www.bilibili.com/video/BV1qiBkBGEoj/?spm_id_from=333.1387.favlist.content.click&vd_source=406d0cf895bedbdc58a3d0130d55e34c,BV1qiBkBGEoj,【张桂源】On 4k四机位横屏直拍 / TF家族新年音乐会「荣耀」,WISH0511_张桂源,494070671,2025-12-27 16:42:34,908188,13122,9297,11254,1020,1066,3160,7,8,False
2026-03-03 03:22:55,https://www.bilibili.com/video/BV1qiBkBGEoj/?spm_id_from=333.1387.favlist.content.click&vd_source=406d0cf895bedbdc58a3d0130d55e34c,BV1qiBkBGEoj,【张桂源】On 4k四机位横屏直拍 / TF家族新年音乐会「荣耀」,WISH0511_张桂源,494070671,2025-12-27 16:42:34,908194,13123,9299,11256,1020,1066,3160,4,6,False
2026-03-03 04:23:08,https://www.bilibili.com/video/BV1qiBkBGEoj/?spm_id_from=333.1387.favlist.content.click&vd_source=406d0cf895bedbdc58a3d0130d55e34c,BV1qiBkBGEoj,【张桂源】On 4k四机位横屏直拍 / TF家族新年音乐会「荣耀」,WISH0511_张桂源,494070671,2025-12-27 16:42:34,908200,13124,9300,11257,1020,1066,3160,3,6,False
2026-03-03 05:23:20,https://www.bilibili.com/video/BV1qiBkBGEoj/?spm_id_from=333.1387.favlist.content.click&vd_source=406d0cf895bedbdc58a3d0130d55e34c,BV1qiBkBGEoj,【张桂源】On 4k四机位横屏直拍 / TF家族新年音乐会「荣耀」,WISH0511_张桂源,494070671,2025-12-27 16:42:34,908202,13124,9300,11257,1020,1066,3160,8,2,False
2026-03-03 06:23:32,https://www.bilibili.com/video/BV1qiBkBGEoj/?spm_id_from=333.1387.favlist.content.click&vd_source=406d0cf895bedbdc58a3d0130d55e34c,BV1qiBkBGEoj,【张桂源】On 4k四机位横屏直拍 / TF家族新年音乐会「荣耀」,WISH0511_张桂源,494070671,2025-12-27 16:42:34,908204,13125,9300,11257,1020,1066,3160,6,2,False
2026-03-03 07:23:45,https://www.bilibili.com/video/BV1qiBkBGEoj/?spm_id_from=333.1387.favlist.content.click&vd_source=406d0cf895bedbdc58a3d0130d55e34c,BV1qiBkBGEoj,【张桂源】On 4k四机位横屏直拍 / TF家族新年音乐会「荣耀」,WISH0511_张桂源,494070671,2025-12-27 16:42:34,908205,13125,9300,11257,1020,1066,3160,7,1,False
2026-03-03 08:23:57,https://www.bilibili.com/video/BV1qiBkBGEoj/?spm_id_from=333.1387.favlist.content.click&vd_source=406d0cf895bedbdc58a3d0130d55e34c,BV1qiBkBGEoj,【张桂源】On 4k四机位横屏直拍 / TF家族新年音乐会「荣耀」,WISH0511_张桂源,494070671,2025-12-27 16:42:34,908207,13125,9300,11257,1020,1066,3160,7,2,False
2026-03-03 09:24:09,https://www.bilibili.com/video/BV1qiBkBGEoj/?spm_id_from=333.1387.favlist.content.click&vd_source=406d0cf895bedbdc58a3d0130d55e34c,BV1qiBkBGEoj,【张桂源】On 4k四机位横屏直拍 / TF家族新年音乐会「荣耀」,WISH0511_张桂源,494070671,2025-12-27 16:42:34,908215,13127,9304,11257,1020,1066,3160,3,8,False
2026-03-03 10:24:22,https://www.bilibili.com/video/BV1qiBkBGEoj/?spm_id_from=333.1387.favlist.content.click&vd_source=406d0cf895bedbdc58a3d0130d55e34c,BV1qiBkBGEoj,【张桂源】On 4k四机位横屏直拍 / TF家族新年音乐会「荣耀」,WISH0511_张桂源,494070671,2025-12-27 16:42:34,908221,13128,9304,11258,1020,1066,3160,5,6,False
2026-03-03 11:24:35,https://www.bilibili.com/video/BV1qiBkBGEoj/?spm_id_from=333.1387.favlist.content.click&vd_source=406d0cf895bedbdc58a3d0130d55e34c,BV1qiBkBGEoj,【张桂源】On 4k四机位横屏直拍 / TF家族新年音乐会「荣耀」,WISH0511_张桂源,494070671,2025-12-27 16:42:34,908234,13129,9306,11258,1020,1066,3160,5,13,False
2026-03-03 13:11:30,https://www.bilibili.com/video/BV1qiBkBGEoj/?spm_id_from=333.1387.favlist.content.click&vd_source=406d0cf895bedbdc58a3d0130d55e34c,BV1qiBkBGEoj,【张桂源】On 4k四机位横屏直拍 / TF家族新年音乐会「荣耀」,WISH0511_张桂源,494070671,2025-12-27 16:42:34,908269,13131,9306,11260,1020,1066,3160,4,35,False
2026-03-03 15:00:12,https://www.bilibili.com/video/BV1qiBkBGEoj/?spm_id_from=333.1387.favlist.content.click&vd_source=406d0cf895bedbdc58a3d0130d55e34c,BV1qiBkBGEoj,【张桂源】On 4k四机位横屏直拍 / TF家族新年音乐会「荣耀」,WISH0511_张桂源,494070671,2025-12-27 16:42:34,908305,13134,9306,11261,1020,1066,3160,3,36,False
2026-03-03 16:00:25,https://www.bilibili.com/video/BV1qiBkBGEoj/?spm_id_from=333.1387.favlist.content.click&vd_source=406d0cf895bedbdc58a3d0130d55e34c,BV1qiBkBGEoj,【张桂源】On 4k四机位横屏直拍 / TF家族新年音乐会「荣耀」,WISH0511_张桂源,494070671,2025-12-27 16:42:34,908329,13137,9306,11264,1020,1066,3160,5,24,False
2026-03-03 17:00:38,https://www.bilibili.com/video/BV1qiBkBGEoj/?spm_id_from=333.1387.favlist.content.click&vd_source=406d0cf895bedbdc58a3d0130d55e34c,BV1qiBkBGEoj,【张桂源】On 4k四机位横屏直拍 / TF家族新年音乐会「荣耀」,WISH0511_张桂源,494070671,2025-12-27 16:42:34,908352,13140,9308,11266,1020,1066,3169,5,23,False
2026-03-03 18:00:50,https://www.bilibili.com/video/BV1qiBkBGEoj/?spm_id_from=333.1387.favlist.content.click&vd_source=406d0cf895bedbdc58a3d0130d55e34c,BV1qiBkBGEoj,【张桂源】On 4k四机位横屏直拍 / TF家族新年音乐会「荣耀」,WISH0511_张桂源,494070671,2025-12-27 16:42:34,908371,13142,9308,11267,1022,1066,3169,4,19,False
2026-03-03 19:01:03,https://www.bilibili.com/video/BV1qiBkBGEoj/?spm_id_from=333.1387.favlist.content.click&vd_source=406d0cf895bedbdc58a3d0130d55e34c,BV1qiBkBGEoj,【张桂源】On 4k四机位横屏直拍 / TF家族新年音乐会「荣耀」,WISH0511_张桂源,494070671,2025-12-27 16:42:34,908386,13144,9312,11268,1022,1066,3171,5,15,False
2026-03-03 20:01:16,https://www.bilibili.com/video/BV1qiBkBGEoj/?spm_id_from=333.1387.favlist.content.click&vd_source=406d0cf895bedbdc58a3d0130d55e34c,BV1qiBkBGEoj,【张桂源】On 4k四机位横屏直拍 / TF家族新年音乐会「荣耀」,WISH0511_张桂源,494070671,2025-12-27 16:42:34,908408,13148,9312,11268,1022,1066,3171,4,22,False
2026-03-03 21:01:29,https://www.bilibili.com/video/BV1qiBkBGEoj/?spm_id_from=333.1387.favlist.content.click&vd_source=406d0cf895bedbdc58a3d0130d55e34c,BV1qiBkBGEoj,【张桂源】On 4k四机位横屏直拍 / TF家族新年音乐会「荣耀」,WISH0511_张桂源,494070671,2025-12-27 16:42:34,908435,13151,9312,11269,1022,1066,3171,7,27,False
2026-03-03 22:01:41,https://www.bilibili.com/video/BV1qiBkBGEoj/?spm_id_from=333.1387.favlist.content.click&vd_source=406d0cf895bedbdc58a3d0130d55e34c,BV1qiBkBGEoj,【张桂源】On 4k四机位横屏直拍 / TF家族新年音乐会「荣耀」,WISH0511_张桂源,494070671,2025-12-27 16:42:34,908476,13154,9312,11271,1022,1066,3180,3,41,False
2026-03-03 23:01:54,https://www.bilibili.com/video/BV1qiBkBGEoj/?spm_id_from=333.1387.favlist.content.click&vd_source=406d0cf895bedbdc58a3d0130d55e34c,BV1qiBkBGEoj,【张桂源】On 4k四机位横屏直拍 / TF家族新年音乐会「荣耀」,WISH0511_张桂源,494070671,2025-12-27 16:42:34,908497,13157,9312,11271,1022,1066,3180,2,21,False
2026-03-03 00:22:18,https://www.bilibili.com/video/BV1iy64BBEqf/?spm_id_from=333.1387.favlist.content.click&vd_source=406d0cf895bedbdc58a3d0130d55e34c,BV1iy64BBEqf,进来倾听治愈系萌物唱Everything will beok 陈奕恒《拍拍灰》4K四机位直拍,你听得到0509,29947812,2026-02-01 17:03:08,495146,14057,9848,16032,932,502,3488,1,0,False
2026-03-03 01:22:30,https://www.bilibili.com/video/BV1iy64BBEqf/?spm_id_from=333.1387.favlist.content.click&vd_source=406d0cf895bedbdc58a3d0130d55e34c,BV1iy64BBEqf,进来倾听治愈系萌物唱Everything will beok 陈奕恒《拍拍灰》4K四机位直拍,你听得到0509,29947812,2026-02-01 17:03:08,495156,14058,9850,16033,932,502,3488,1,10,False
2026-03-03 02:22:43,https://www.bilibili.com/video/BV1iy64BBEqf/?spm_id_from=333.1387.favlist.content.click&vd_source=406d0cf895bedbdc58a3d0130d55e34c,BV1iy64BBEqf,进来倾听治愈系萌物唱Everything will beok 陈奕恒《拍拍灰》4K四机位直拍,你听得到0509,29947812,2026-02-01 17:03:08,495160,14060,9850,16034,932,502,3488,4,4,False
2026-03-03 03:22:55,https://www.bilibili.com/video/BV1iy64BBEqf/?spm_id_from=333.1387.favlist.content.click&vd_source=406d0cf895bedbdc58a3d0130d55e34c,BV1iy64BBEqf,进来倾听治愈系萌物唱Everything will beok 陈奕恒《拍拍灰》4K四机位直拍,你听得到0509,29947812,2026-02-01 17:03:08,495163,14060,9850,16035,932,502,3488,1,3,False
2026-03-03 04:23:08,https://www.bilibili.com/video/BV1iy64BBEqf/?spm_id_from=333.1387.favlist.content.click&vd_source=406d0cf895bedbdc58a3d0130d55e34c,BV1iy64BBEqf,进来倾听治愈系萌物唱Everything will beok 陈奕恒《拍拍灰》4K四机位直拍,你听得到0509,29947812,2026-02-01 17:03:08,495164,14060,9850,16035,932,502,3488,2,1,False
2026-03-03 05:23:20,https://www.bilibili.com/video/BV1iy64BBEqf/?spm_id_from=333.1387.favlist.content.click&vd_source=406d0cf895bedbdc58a3d0130d55e34c,BV1iy64BBEqf,进来倾听治愈系萌物唱Everything will beok 陈奕恒《拍拍灰》4K四机位直拍,你听得到0509,29947812,2026-02-01 17:03:08,495167,14060,9850,16035,932,502,3488,1,3,False
2026-03-03 06:23:32,https://www.bilibili.com/video/BV1iy64BBEqf/?spm_id_from=333.1387.favlist.content.click&vd_source=406d0cf895bedbdc58a3d0130d55e34c,BV1iy64BBEqf,进来倾听治愈系萌物唱Everything will beok 陈奕恒《拍拍灰》4K四机位直拍,你听得到0509,29947812,2026-02-01 17:03:08,495169,14060,9850,16035,932,502,3488,4,2,False
2026-03-03 07:23:45,https://www.bilibili.com/video/BV1iy64BBEqf/?spm_id_from=333.1387.favlist.content.click&vd_source=406d0cf895bedbdc58a3d0130d55e34c,BV1iy64BBEqf,进来倾听治愈系萌物唱Everything will beok 陈奕恒《拍拍灰》4K四机位直拍,你听得到0509,29947812,2026-02-01 17:03:08,495172,14060,9850,16035,932,502,3488,1,3,False
2026-03-03 08:23:57,https://www.bilibili.com/video/BV1iy64BBEqf/?spm_id_from=333.1387.favlist.content.click&vd_source=406d0cf895bedbdc58a3d0130d55e34c,BV1iy64BBEqf,进来倾听治愈系萌物唱Everything will beok 陈奕恒《拍拍灰》4K四机位直拍,你听得到0509,29947812,2026-02-01 17:03:08,495174,14060,9850,16035,932,502,3492,1,2,False
2026-03-03 09:24:09,https://www.bilibili.com/video/BV1iy64BBEqf/?spm_id_from=333.1387.favlist.content.click&vd_source=406d0cf895bedbdc58a3d0130d55e34c,BV1iy64BBEqf,进来倾听治愈系萌物唱Everything will beok 陈奕恒《拍拍灰》4K四机位直拍,你听得到0509,29947812,2026-02-01 17:03:08,495178,14061,9850,16036,932,502,3492,2,4,False
2026-03-03 10:24:22,https://www.bilibili.com/video/BV1iy64BBEqf/?spm_id_from=333.1387.favlist.content.click&vd_source=406d0cf895bedbdc58a3d0130d55e34c,BV1iy64BBEqf,进来倾听治愈系萌物唱Everything will beok 陈奕恒《拍拍灰》4K四机位直拍,你听得到0509,29947812,2026-02-01 17:03:08,495186,14062,9850,16036,932,502,3492,1,8,False
2026-03-03 11:24:35,https://www.bilibili.com/video/BV1iy64BBEqf/?spm_id_from=333.1387.favlist.content.click&vd_source=406d0cf895bedbdc58a3d0130d55e34c,BV1iy64BBEqf,进来倾听治愈系萌物唱Everything will beok 陈奕恒《拍拍灰》4K四机位直拍,你听得到0509,29947812,2026-02-01 17:03:08,495197,14062,9851,16037,932,502,3492,3,11,False
2026-03-03 13:11:30,https://www.bilibili.com/video/BV1iy64BBEqf/?spm_id_from=333.1387.favlist.content.click&vd_source=406d0cf895bedbdc58a3d0130d55e34c,BV1iy64BBEqf,进来倾听治愈系萌物唱Everything will beok 陈奕恒《拍拍灰》4K四机位直拍,你听得到0509,29947812,2026-02-01 17:03:08,495218,14066,9852,16042,932,502,3493,3,21,False
2026-03-03 15:00:12,https://www.bilibili.com/video/BV1iy64BBEqf/?spm_id_from=333.1387.favlist.content.click&vd_source=406d0cf895bedbdc58a3d0130d55e34c,BV1iy64BBEqf,进来倾听治愈系萌物唱Everything will beok 陈奕恒《拍拍灰》4K四机位直拍,你听得到0509,29947812,2026-02-01 17:03:08,495239,14068,9856,16044,932,502,3493,1,21,False
2026-03-03 16:00:25,https://www.bilibili.com/video/BV1iy64BBEqf/?spm_id_from=333.1387.favlist.content.click&vd_source=406d0cf895bedbdc58a3d0130d55e34c,BV1iy64BBEqf,进来倾听治愈系萌物唱Everything will beok 陈奕恒《拍拍灰》4K四机位直拍,你听得到0509,29947812,2026-02-01 17:03:08,495253,14069,9856,16045,932,502,3493,3,14,False
2026-03-03 17:00:38,https://www.bilibili.com/video/BV1iy64BBEqf/?spm_id_from=333.1387.favlist.content.click&vd_source=406d0cf895bedbdc58a3d0130d55e34c,BV1iy64BBEqf,进来倾听治愈系萌物唱Everything will beok 陈奕恒《拍拍灰》4K四机位直拍,你听得到0509,29947812,2026-02-01 17:03:08,495259,14071,9856,16045,932,502,3493,5,6,False
2026-03-03 18:00:50,https://www.bilibili.com/video/BV1iy64BBEqf/?spm_id_from=333.1387.favlist.content.click&vd_source=406d0cf895bedbdc58a3d0130d55e34c,BV1iy64BBEqf,进来倾听治愈系萌物唱Everything will beok 陈奕恒《拍拍灰》4K四机位直拍,你听得到0509,29947812,2026-02-01 17:03:08,495269,14072,9856,16046,932,502,3493,4,10,False
2026-03-03 19:01:03,https://www.bilibili.com/video/BV1iy64BBEqf/?spm_id_from=333.1387.favlist.content.click&vd_source=406d0cf895bedbdc58a3d0130d55e34c,BV1iy64BBEqf,进来倾听治愈系萌物唱Everything will beok 陈奕恒《拍拍灰》4K四机位直拍,你听得到0509,29947812,2026-02-01 17:03:08,495293,14073,9856,16046,933,502,3493,4,24,False
2026-03-03 20:01:16,https://www.bilibili.com/video/BV1iy64BBEqf/?spm_id_from=333.1387.favlist.content.click&vd_source=406d0cf895bedbdc58a3d0130d55e34c,BV1iy64BBEqf,进来倾听治愈系萌物唱Everything will beok 陈奕恒《拍拍灰》4K四机位直拍,你听得到0509,29947812,2026-02-01 17:03:08,495305,14074,9857,16044,933,502,3493,1,12,False
2026-03-03 21:01:29,https://www.bilibili.com/video/BV1iy64BBEqf/?spm_id_from=333.1387.favlist.content.click&vd_source=406d0cf895bedbdc58a3d0130d55e34c,BV1iy64BBEqf,进来倾听治愈系萌物唱Everything will beok 陈奕恒《拍拍灰》4K四机位直拍,你听得到0509,29947812,2026-02-01 17:03:08,495311,14077,9857,16052,933,502,3493,2,6,False
2026-03-03 22:01:41,https://www.bilibili.com/video/BV1iy64BBEqf/?spm_id_from=333.1387.favlist.content.click&vd_source=406d0cf895bedbdc58a3d0130d55e34c,BV1iy64BBEqf,进来倾听治愈系萌物唱Everything will beok 陈奕恒《拍拍灰》4K四机位直拍,你听得到0509,29947812,2026-02-01 17:03:08,495322,14079,9857,16054,933,502,3493,2,11,False
2026-03-03 23:01:54,https://www.bilibili.com/video/BV1iy64BBEqf/?spm_id_from=333.1387.favlist.content.click&vd_source=406d0cf895bedbdc58a3d0130d55e34c,BV1iy64BBEqf,进来倾听治愈系萌物唱Everything will beok 陈奕恒《拍拍灰》4K四机位直拍,你听得到0509,29947812,2026-02-01 17:03:08,495331,14081,9859,16055,933,502,3493,2,9,False
2026-03-03 00:22:18,https://www.bilibili.com/video/BV1ao64B8Ewp/?spm_id_from=333.1387.favlist.content.click&vd_source=406d0cf895bedbdc58a3d0130d55e34c,BV1ao64B8Ewp,【陈奕恒直拍】Attention!!红衣战神再度来袭!!此男又轻轻一跳魅惑全场了《闭嘴跳舞》4k四机位focus,前夜丨陈奕恒,3546741399881763,2026-02-01 17:36:32,546810,19083,11832,19001,1507,755,5077,2,0,False
2026-03-03 01:22:30,https://www.bilibili.com/video/BV1ao64B8Ewp/?spm_id_from=333.1387.favlist.content.click&vd_source=406d0cf895bedbdc58a3d0130d55e34c,BV1ao64B8Ewp,【陈奕恒直拍】Attention!!红衣战神再度来袭!!此男又轻轻一跳魅惑全场了《闭嘴跳舞》4k四机位focus,前夜丨陈奕恒,3546741399881763,2026-02-01 17:36:32,546848,19085,11834,19004,1508,755,5077,1,38,False
2026-03-03 02:22:43,https://www.bilibili.com/video/BV1ao64B8Ewp/?spm_id_from=333.1387.favlist.content.click&vd_source=406d0cf895bedbdc58a3d0130d55e34c,BV1ao64B8Ewp,【陈奕恒直拍】Attention!!红衣战神再度来袭!!此男又轻轻一跳魅惑全场了《闭嘴跳舞》4k四机位focus,前夜丨陈奕恒,3546741399881763,2026-02-01 17:36:32,546906,19088,11834,19006,1508,755,5077,3,58,False
2026-03-03 03:22:55,https://www.bilibili.com/video/BV1ao64B8Ewp/?spm_id_from=333.1387.favlist.content.click&vd_source=406d0cf895bedbdc58a3d0130d55e34c,BV1ao64B8Ewp,【陈奕恒直拍】Attention!!红衣战神再度来袭!!此男又轻轻一跳魅惑全场了《闭嘴跳舞》4k四机位focus,前夜丨陈奕恒,3546741399881763,2026-02-01 17:36:32,546958,19091,11836,19008,1508,755,5078,3,52,False
2026-03-03 04:23:08,https://www.bilibili.com/video/BV1ao64B8Ewp/?spm_id_from=333.1387.favlist.content.click&vd_source=406d0cf895bedbdc58a3d0130d55e34c,BV1ao64B8Ewp,【陈奕恒直拍】Attention!!红衣战神再度来袭!!此男又轻轻一跳魅惑全场了《闭嘴跳舞》4k四机位focus,前夜丨陈奕恒,3546741399881763,2026-02-01 17:36:32,546985,19093,11837,19009,1508,755,5078,3,27,False
2026-03-03 05:23:20,https://www.bilibili.com/video/BV1ao64B8Ewp/?spm_id_from=333.1387.favlist.content.click&vd_source=406d0cf895bedbdc58a3d0130d55e34c,BV1ao64B8Ewp,【陈奕恒直拍】Attention!!红衣战神再度来袭!!此男又轻轻一跳魅惑全场了《闭嘴跳舞》4k四机位focus,前夜丨陈奕恒,3546741399881763,2026-02-01 17:36:32,546997,19094,11837,19009,1508,755,5078,3,12,False
2026-03-03 06:23:32,https://www.bilibili.com/video/BV1ao64B8Ewp/?spm_id_from=333.1387.favlist.content.click&vd_source=406d0cf895bedbdc58a3d0130d55e34c,BV1ao64B8Ewp,【陈奕恒直拍】Attention!!红衣战神再度来袭!!此男又轻轻一跳魅惑全场了《闭嘴跳舞》4k四机位focus,前夜丨陈奕恒,3546741399881763,2026-02-01 17:36:32,547005,19096,11839,19010,1508,755,5078,2,8,False
2026-03-03 07:23:45,https://www.bilibili.com/video/BV1ao64B8Ewp/?spm_id_from=333.1387.favlist.content.click&vd_source=406d0cf895bedbdc58a3d0130d55e34c,BV1ao64B8Ewp,【陈奕恒直拍】Attention!!红衣战神再度来袭!!此男又轻轻一跳魅惑全场了《闭嘴跳舞》4k四机位focus,前夜丨陈奕恒,3546741399881763,2026-02-01 17:36:32,547018,19096,11839,19010,1508,755,5078,1,13,False
2026-03-03 08:23:57,https://www.bilibili.com/video/BV1ao64B8Ewp/?spm_id_from=333.1387.favlist.content.click&vd_source=406d0cf895bedbdc58a3d0130d55e34c,BV1ao64B8Ewp,【陈奕恒直拍】Attention!!红衣战神再度来袭!!此男又轻轻一跳魅惑全场了《闭嘴跳舞》4k四机位focus,前夜丨陈奕恒,3546741399881763,2026-02-01 17:36:32,547030,19096,11839,19010,1508,755,5081,1,12,False
2026-03-03 09:24:09,https://www.bilibili.com/video/BV1ao64B8Ewp/?spm_id_from=333.1387.favlist.content.click&vd_source=406d0cf895bedbdc58a3d0130d55e34c,BV1ao64B8Ewp,【陈奕恒直拍】Attention!!红衣战神再度来袭!!此男又轻轻一跳魅惑全场了《闭嘴跳舞》4k四机位focus,前夜丨陈奕恒,3546741399881763,2026-02-01 17:36:32,547080,19097,11839,19009,1508,755,5084,4,50,False
2026-03-03 10:24:22,https://www.bilibili.com/video/BV1ao64B8Ewp/?spm_id_from=333.1387.favlist.content.click&vd_source=406d0cf895bedbdc58a3d0130d55e34c,BV1ao64B8Ewp,【陈奕恒直拍】Attention!!红衣战神再度来袭!!此男又轻轻一跳魅惑全场了《闭嘴跳舞》4k四机位focus,前夜丨陈奕恒,3546741399881763,2026-02-01 17:36:32,547138,19100,11839,19010,1508,755,5084,6,58,False
2026-03-03 11:24:35,https://www.bilibili.com/video/BV1ao64B8Ewp/?spm_id_from=333.1387.favlist.content.click&vd_source=406d0cf895bedbdc58a3d0130d55e34c,BV1ao64B8Ewp,【陈奕恒直拍】Attention!!红衣战神再度来袭!!此男又轻轻一跳魅惑全场了《闭嘴跳舞》4k四机位focus,前夜丨陈奕恒,3546741399881763,2026-02-01 17:36:32,547264,19107,11840,19016,1510,755,5086,11,126,False
2026-03-03 13:11:30,https://www.bilibili.com/video/BV1ao64B8Ewp/?spm_id_from=333.1387.favlist.content.click&vd_source=406d0cf895bedbdc58a3d0130d55e34c,BV1ao64B8Ewp,【陈奕恒直拍】Attention!!红衣战神再度来袭!!此男又轻轻一跳魅惑全场了《闭嘴跳舞》4k四机位focus,前夜丨陈奕恒,3546741399881763,2026-02-01 17:36:32,547513,19124,11850,19030,1511,755,5086,6,249,False
2026-03-03 15:00:12,https://www.bilibili.com/video/BV1ao64B8Ewp/?spm_id_from=333.1387.favlist.content.click&vd_source=406d0cf895bedbdc58a3d0130d55e34c,BV1ao64B8Ewp,【陈奕恒直拍】Attention!!红衣战神再度来袭!!此男又轻轻一跳魅惑全场了《闭嘴跳舞》4k四机位focus,前夜丨陈奕恒,3546741399881763,2026-02-01 17:36:32,547792,19141,11855,19040,1511,755,5086,8,279,False
2026-03-03 16:00:25,https://www.bilibili.com/video/BV1ao64B8Ewp/?spm_id_from=333.1387.favlist.content.click&vd_source=406d0cf895bedbdc58a3d0130d55e34c,BV1ao64B8Ewp,【陈奕恒直拍】Attention!!红衣战神再度来袭!!此男又轻轻一跳魅惑全场了《闭嘴跳舞》4k四机位focus,前夜丨陈奕恒,3546741399881763,2026-02-01 17:36:32,547930,19144,11857,19041,1511,755,5086,5,138,False
2026-03-03 17:00:38,https://www.bilibili.com/video/BV1ao64B8Ewp/?spm_id_from=333.1387.favlist.content.click&vd_source=406d0cf895bedbdc58a3d0130d55e34c,BV1ao64B8Ewp,【陈奕恒直拍】Attention!!红衣战神再度来袭!!此男又轻轻一跳魅惑全场了《闭嘴跳舞》4k四机位focus,前夜丨陈奕恒,3546741399881763,2026-02-01 17:36:32,548077,19153,11859,19049,1512,755,5086,9,147,False
2026-03-03 18:00:50,https://www.bilibili.com/video/BV1ao64B8Ewp/?spm_id_from=333.1387.favlist.content.click&vd_source=406d0cf895bedbdc58a3d0130d55e34c,BV1ao64B8Ewp,【陈奕恒直拍】Attention!!红衣战神再度来袭!!此男又轻轻一跳魅惑全场了《闭嘴跳舞》4k四机位focus,前夜丨陈奕恒,3546741399881763,2026-02-01 17:36:32,548208,19158,11859,19055,1513,755,5090,6,131,False
2026-03-03 19:01:03,https://www.bilibili.com/video/BV1ao64B8Ewp/?spm_id_from=333.1387.favlist.content.click&vd_source=406d0cf895bedbdc58a3d0130d55e34c,BV1ao64B8Ewp,【陈奕恒直拍】Attention!!红衣战神再度来袭!!此男又轻轻一跳魅惑全场了《闭嘴跳舞》4k四机位focus,前夜丨陈奕恒,3546741399881763,2026-02-01 17:36:32,548370,19170,11861,19062,1516,755,5090,5,162,False
2026-03-03 20:01:16,https://www.bilibili.com/video/BV1ao64B8Ewp/?spm_id_from=333.1387.favlist.content.click&vd_source=406d0cf895bedbdc58a3d0130d55e34c,BV1ao64B8Ewp,【陈奕恒直拍】Attention!!红衣战神再度来袭!!此男又轻轻一跳魅惑全场了《闭嘴跳舞》4k四机位focus,前夜丨陈奕恒,3546741399881763,2026-02-01 17:36:32,548521,19174,11863,19065,1516,755,5090,7,151,False
2026-03-03 21:01:29,https://www.bilibili.com/video/BV1ao64B8Ewp/?spm_id_from=333.1387.favlist.content.click&vd_source=406d0cf895bedbdc58a3d0130d55e34c,BV1ao64B8Ewp,【陈奕恒直拍】Attention!!红衣战神再度来袭!!此男又轻轻一跳魅惑全场了《闭嘴跳舞》4k四机位focus,前夜丨陈奕恒,3546741399881763,2026-02-01 17:36:32,548715,19189,11867,19080,1517,755,5091,7,194,False
2026-03-03 22:01:41,https://www.bilibili.com/video/BV1ao64B8Ewp/?spm_id_from=333.1387.favlist.content.click&vd_source=406d0cf895bedbdc58a3d0130d55e34c,BV1ao64B8Ewp,【陈奕恒直拍】Attention!!红衣战神再度来袭!!此男又轻轻一跳魅惑全场了《闭嘴跳舞》4k四机位focus,前夜丨陈奕恒,3546741399881763,2026-02-01 17:36:32,548863,19202,11867,19091,1519,755,5095,2,148,False
2026-03-03 23:01:54,https://www.bilibili.com/video/BV1ao64B8Ewp/?spm_id_from=333.1387.favlist.content.click&vd_source=406d0cf895bedbdc58a3d0130d55e34c,BV1ao64B8Ewp,【陈奕恒直拍】Attention!!红衣战神再度来袭!!此男又轻轻一跳魅惑全场了《闭嘴跳舞》4k四机位focus,前夜丨陈奕恒,3546741399881763,2026-02-01 17:36:32,548987,19206,11867,19094,1519,755,5096,2,124,False
2026-03-03 00:22:18,https://www.bilibili.com/video/BV1iF61BHE8w/?spm_id_from=333.1387.favlist.content.click&vd_source=406d0cf895bedbdc58a3d0130d55e34c,BV1iF61BHE8w,【陈奕恒直拍】Just感受!!唇环180男神魅惑来袭《希区考克》4k三机位focus,前夜丨陈奕恒,3546741399881763,2026-01-31 20:30:48,494071,12442,9346,14312,993,540,3178,2,0,False
2026-03-03 01:22:30,https://www.bilibili.com/video/BV1iF61BHE8w/?spm_id_from=333.1387.favlist.content.click&vd_source=406d0cf895bedbdc58a3d0130d55e34c,BV1iF61BHE8w,【陈奕恒直拍】Just感受!!唇环180男神魅惑来袭《希区考克》4k三机位focus,前夜丨陈奕恒,3546741399881763,2026-01-31 20:30:48,494076,12443,9348,14313,994,540,3178,1,5,False
2026-03-03 02:22:43,https://www.bilibili.com/video/BV1iF61BHE8w/?spm_id_from=333.1387.favlist.content.click&vd_source=406d0cf895bedbdc58a3d0130d55e34c,BV1iF61BHE8w,【陈奕恒直拍】Just感受!!唇环180男神魅惑来袭《希区考克》4k三机位focus,前夜丨陈奕恒,3546741399881763,2026-01-31 20:30:48,494081,12443,9348,14312,994,540,3178,1,5,False
2026-03-03 03:22:55,https://www.bilibili.com/video/BV1iF61BHE8w/?spm_id_from=333.1387.favlist.content.click&vd_source=406d0cf895bedbdc58a3d0130d55e34c,BV1iF61BHE8w,【陈奕恒直拍】Just感受!!唇环180男神魅惑来袭《希区考克》4k三机位focus,前夜丨陈奕恒,3546741399881763,2026-01-31 20:30:48,494082,12443,9348,14313,994,540,3178,2,1,False
2026-03-03 04:23:08,https://www.bilibili.com/video/BV1iF61BHE8w/?spm_id_from=333.1387.favlist.content.click&vd_source=406d0cf895bedbdc58a3d0130d55e34c,BV1iF61BHE8w,【陈奕恒直拍】Just感受!!唇环180男神魅惑来袭《希区考克》4k三机位focus,前夜丨陈奕恒,3546741399881763,2026-01-31 20:30:48,494087,12443,9348,14313,994,540,3178,2,5,False
2026-03-03 05:23:20,https://www.bilibili.com/video/BV1iF61BHE8w/?spm_id_from=333.1387.favlist.content.click&vd_source=406d0cf895bedbdc58a3d0130d55e34c,BV1iF61BHE8w,【陈奕恒直拍】Just感受!!唇环180男神魅惑来袭《希区考克》4k三机位focus,前夜丨陈奕恒,3546741399881763,2026-01-31 20:30:48,494089,12443,9348,14313,994,540,3178,2,2,False
2026-03-03 06:23:32,https://www.bilibili.com/video/BV1iF61BHE8w/?spm_id_from=333.1387.favlist.content.click&vd_source=406d0cf895bedbdc58a3d0130d55e34c,BV1iF61BHE8w,【陈奕恒直拍】Just感受!!唇环180男神魅惑来袭《希区考克》4k三机位focus,前夜丨陈奕恒,3546741399881763,2026-01-31 20:30:48,494092,12443,9348,14313,994,540,3178,1,3,False
2026-03-03 07:23:45,https://www.bilibili.com/video/BV1iF61BHE8w/?spm_id_from=333.1387.favlist.content.click&vd_source=406d0cf895bedbdc58a3d0130d55e34c,BV1iF61BHE8w,【陈奕恒直拍】Just感受!!唇环180男神魅惑来袭《希区考克》4k三机位focus,前夜丨陈奕恒,3546741399881763,2026-01-31 20:30:48,494095,12444,9348,14314,994,540,3178,4,3,False
2026-03-03 08:23:57,https://www.bilibili.com/video/BV1iF61BHE8w/?spm_id_from=333.1387.favlist.content.click&vd_source=406d0cf895bedbdc58a3d0130d55e34c,BV1iF61BHE8w,【陈奕恒直拍】Just感受!!唇环180男神魅惑来袭《希区考克》4k三机位focus,前夜丨陈奕恒,3546741399881763,2026-01-31 20:30:48,494097,12444,9348,14314,994,540,3178,3,2,False
2026-03-03 09:24:09,https://www.bilibili.com/video/BV1iF61BHE8w/?spm_id_from=333.1387.favlist.content.click&vd_source=406d0cf895bedbdc58a3d0130d55e34c,BV1iF61BHE8w,【陈奕恒直拍】Just感受!!唇环180男神魅惑来袭《希区考克》4k三机位focus,前夜丨陈奕恒,3546741399881763,2026-01-31 20:30:48,494103,12444,9348,14314,994,540,3178,2,6,False
2026-03-03 10:24:22,https://www.bilibili.com/video/BV1iF61BHE8w/?spm_id_from=333.1387.favlist.content.click&vd_source=406d0cf895bedbdc58a3d0130d55e34c,BV1iF61BHE8w,【陈奕恒直拍】Just感受!!唇环180男神魅惑来袭《希区考克》4k三机位focus,前夜丨陈奕恒,3546741399881763,2026-01-31 20:30:48,494112,12445,9348,14315,994,540,3178,2,9,False
2026-03-03 11:24:35,https://www.bilibili.com/video/BV1iF61BHE8w/?spm_id_from=333.1387.favlist.content.click&vd_source=406d0cf895bedbdc58a3d0130d55e34c,BV1iF61BHE8w,【陈奕恒直拍】Just感受!!唇环180男神魅惑来袭《希区考克》4k三机位focus,前夜丨陈奕恒,3546741399881763,2026-01-31 20:30:48,494128,12447,9348,14317,994,540,3178,2,16,False
2026-03-03 13:11:30,https://www.bilibili.com/video/BV1iF61BHE8w/?spm_id_from=333.1387.favlist.content.click&vd_source=406d0cf895bedbdc58a3d0130d55e34c,BV1iF61BHE8w,【陈奕恒直拍】Just感受!!唇环180男神魅惑来袭《希区考克》4k三机位focus,前夜丨陈奕恒,3546741399881763,2026-01-31 20:30:48,494150,12448,9349,14319,994,540,3178,3,22,False
2026-03-03 15:00:12,https://www.bilibili.com/video/BV1iF61BHE8w/?spm_id_from=333.1387.favlist.content.click&vd_source=406d0cf895bedbdc58a3d0130d55e34c,BV1iF61BHE8w,【陈奕恒直拍】Just感受!!唇环180男神魅惑来袭《希区考克》4k三机位focus,前夜丨陈奕恒,3546741399881763,2026-01-31 20:30:48,494172,12451,9351,14321,994,540,3178,5,22,False
2026-03-03 16:00:25,https://www.bilibili.com/video/BV1iF61BHE8w/?spm_id_from=333.1387.favlist.content.click&vd_source=406d0cf895bedbdc58a3d0130d55e34c,BV1iF61BHE8w,【陈奕恒直拍】Just感受!!唇环180男神魅惑来袭《希区考克》4k三机位focus,前夜丨陈奕恒,3546741399881763,2026-01-31 20:30:48,494190,12453,9351,14322,994,540,3178,5,18,False
2026-03-03 17:00:38,https://www.bilibili.com/video/BV1iF61BHE8w/?spm_id_from=333.1387.favlist.content.click&vd_source=406d0cf895bedbdc58a3d0130d55e34c,BV1iF61BHE8w,【陈奕恒直拍】Just感受!!唇环180男神魅惑来袭《希区考克》4k三机位focus,前夜丨陈奕恒,3546741399881763,2026-01-31 20:30:48,494201,12456,9351,14323,994,540,3178,5,11,False
2026-03-03 18:00:50,https://www.bilibili.com/video/BV1iF61BHE8w/?spm_id_from=333.1387.favlist.content.click&vd_source=406d0cf895bedbdc58a3d0130d55e34c,BV1iF61BHE8w,【陈奕恒直拍】Just感受!!唇环180男神魅惑来袭《希区考克》4k三机位focus,前夜丨陈奕恒,3546741399881763,2026-01-31 20:30:48,494221,12458,9351,14324,994,540,3178,4,20,False
2026-03-03 19:01:03,https://www.bilibili.com/video/BV1iF61BHE8w/?spm_id_from=333.1387.favlist.content.click&vd_source=406d0cf895bedbdc58a3d0130d55e34c,BV1iF61BHE8w,【陈奕恒直拍】Just感受!!唇环180男神魅惑来袭《希区考克》4k三机位focus,前夜丨陈奕恒,3546741399881763,2026-01-31 20:30:48,494230,12459,9351,14323,994,540,3178,4,9,False
2026-03-03 20:01:16,https://www.bilibili.com/video/BV1iF61BHE8w/?spm_id_from=333.1387.favlist.content.click&vd_source=406d0cf895bedbdc58a3d0130d55e34c,BV1iF61BHE8w,【陈奕恒直拍】Just感受!!唇环180男神魅惑来袭《希区考克》4k三机位focus,前夜丨陈奕恒,3546741399881763,2026-01-31 20:30:48,494252,12468,9357,14329,994,540,3178,6,22,False
2026-03-03 21:01:29,https://www.bilibili.com/video/BV1iF61BHE8w/?spm_id_from=333.1387.favlist.content.click&vd_source=406d0cf895bedbdc58a3d0130d55e34c,BV1iF61BHE8w,【陈奕恒直拍】Just感受!!唇环180男神魅惑来袭《希区考克》4k三机位focus,前夜丨陈奕恒,3546741399881763,2026-01-31 20:30:48,494274,12475,9360,14338,994,540,3178,7,22,False
2026-03-03 22:01:41,https://www.bilibili.com/video/BV1iF61BHE8w/?spm_id_from=333.1387.favlist.content.click&vd_source=406d0cf895bedbdc58a3d0130d55e34c,BV1iF61BHE8w,【陈奕恒直拍】Just感受!!唇环180男神魅惑来袭《希区考克》4k三机位focus,前夜丨陈奕恒,3546741399881763,2026-01-31 20:30:48,494291,12478,9360,14342,994,540,3178,5,17,False
2026-03-03 23:01:54,https://www.bilibili.com/video/BV1iF61BHE8w/?spm_id_from=333.1387.favlist.content.click&vd_source=406d0cf895bedbdc58a3d0130d55e34c,BV1iF61BHE8w,【陈奕恒直拍】Just感受!!唇环180男神魅惑来袭《希区考克》4k三机位focus,前夜丨陈奕恒,3546741399881763,2026-01-31 20:30:48,494304,12480,9361,14344,994,540,3178,4,13,False
2026-03-03 00:22:18,https://www.bilibili.com/video/BV1EQ6yBoEEP/?spm_id_from=333.1387.favlist.content.click&vd_source=406d0cf895bedbdc58a3d0130d55e34c,BV1EQ6yBoEEP,王橹杰｜借过一下｜4k直拍双机位｜月光仙子,OOSAN丨王橹杰,3690989432604729,2026-01-31 20:26:21,827948,14475,15432,16344,3559,1736,6516,15,0,False
2026-03-03 01:22:30,https://www.bilibili.com/video/BV1EQ6yBoEEP/?spm_id_from=333.1387.favlist.content.click&vd_source=406d0cf895bedbdc58a3d0130d55e34c,BV1EQ6yBoEEP,王橹杰｜借过一下｜4k直拍双机位｜月光仙子,OOSAN丨王橹杰,3690989432604729,2026-01-31 20:26:21,827966,14475,15432,16344,3561,1736,6516,13,18,False
2026-03-03 02:22:43,https://www.bilibili.com/video/BV1EQ6yBoEEP/?spm_id_from=333.1387.favlist.content.click&vd_source=406d0cf895bedbdc58a3d0130d55e34c,BV1EQ6yBoEEP,王橹杰｜借过一下｜4k直拍双机位｜月光仙子,OOSAN丨王橹杰,3690989432604729,2026-01-31 20:26:21,827978,14475,15432,16344,3563,1736,6516,9,12,False
2026-03-03 03:22:55,https://www.bilibili.com/video/BV1EQ6yBoEEP/?spm_id_from=333.1387.favlist.content.click&vd_source=406d0cf895bedbdc58a3d0130d55e34c,BV1EQ6yBoEEP,王橹杰｜借过一下｜4k直拍双机位｜月光仙子,OOSAN丨王橹杰,3690989432604729,2026-01-31 20:26:21,827985,14476,15434,16345,3564,1736,6516,17,7,False
2026-03-03 04:23:08,https://www.bilibili.com/video/BV1EQ6yBoEEP/?spm_id_from=333.1387.favlist.content.click&vd_source=406d0cf895bedbdc58a3d0130d55e34c,BV1EQ6yBoEEP,王橹杰｜借过一下｜4k直拍双机位｜月光仙子,OOSAN丨王橹杰,3690989432604729,2026-01-31 20:26:21,827993,14476,15434,16345,3564,1736,6516,13,8,False
2026-03-03 05:23:20,https://www.bilibili.com/video/BV1EQ6yBoEEP/?spm_id_from=333.1387.favlist.content.click&vd_source=406d0cf895bedbdc58a3d0130d55e34c,BV1EQ6yBoEEP,王橹杰｜借过一下｜4k直拍双机位｜月光仙子,OOSAN丨王橹杰,3690989432604729,2026-01-31 20:26:21,828002,14476,15434,16345,3565,1736,6516,14,9,False
2026-03-03 06:23:32,https://www.bilibili.com/video/BV1EQ6yBoEEP/?spm_id_from=333.1387.favlist.content.click&vd_source=406d0cf895bedbdc58a3d0130d55e34c,BV1EQ6yBoEEP,王橹杰｜借过一下｜4k直拍双机位｜月光仙子,OOSAN丨王橹杰,3690989432604729,2026-01-31 20:26:21,828008,14476,15434,16344,3565,1736,6516,11,6,False
2026-03-03 07:23:45,https://www.bilibili.com/video/BV1EQ6yBoEEP/?spm_id_from=333.1387.favlist.content.click&vd_source=406d0cf895bedbdc58a3d0130d55e34c,BV1EQ6yBoEEP,王橹杰｜借过一下｜4k直拍双机位｜月光仙子,OOSAN丨王橹杰,3690989432604729,2026-01-31 20:26:21,828015,14476,15434,16344,3565,1736,6516,14,7,False
2026-03-03 08:23:57,https://www.bilibili.com/video/BV1EQ6yBoEEP/?spm_id_from=333.1387.favlist.content.click&vd_source=406d0cf895bedbdc58a3d0130d55e34c,BV1EQ6yBoEEP,王橹杰｜借过一下｜4k直拍双机位｜月光仙子,OOSAN丨王橹杰,3690989432604729,2026-01-31 20:26:21,828027,14477,15436,16346,3565,1736,6516,13,12,False
2026-03-03 09:24:09,https://www.bilibili.com/video/BV1EQ6yBoEEP/?spm_id_from=333.1387.favlist.content.click&vd_source=406d0cf895bedbdc58a3d0130d55e34c,BV1EQ6yBoEEP,王橹杰｜借过一下｜4k直拍双机位｜月光仙子,OOSAN丨王橹杰,3690989432604729,2026-01-31 20:26:21,828037,14477,15436,16346,3565,1736,6516,10,10,False
2026-03-03 10:24:22,https://www.bilibili.com/video/BV1EQ6yBoEEP/?spm_id_from=333.1387.favlist.content.click&vd_source=406d0cf895bedbdc58a3d0130d55e34c,BV1EQ6yBoEEP,王橹杰｜借过一下｜4k直拍双机位｜月光仙子,OOSAN丨王橹杰,3690989432604729,2026-01-31 20:26:21,828044,14477,15436,16346,3565,1736,6516,11,7,False
2026-03-03 11:24:35,https://www.bilibili.com/video/BV1EQ6yBoEEP/?spm_id_from=333.1387.favlist.content.click&vd_source=406d0cf895bedbdc58a3d0130d55e34c,BV1EQ6yBoEEP,王橹杰｜借过一下｜4k直拍双机位｜月光仙子,OOSAN丨王橹杰,3690989432604729,2026-01-31 20:26:21,828055,14478,15436,16348,3565,1736,6516,8,11,False
2026-03-03 13:11:30,https://www.bilibili.com/video/BV1EQ6yBoEEP/?spm_id_from=333.1387.favlist.content.click&vd_source=406d0cf895bedbdc58a3d0130d55e34c,BV1EQ6yBoEEP,王橹杰｜借过一下｜4k直拍双机位｜月光仙子,OOSAN丨王橹杰,3690989432604729,2026-01-31 20:26:21,828065,14478,15436,16346,3566,1736,6516,10,10,False
2026-03-03 15:00:12,https://www.bilibili.com/video/BV1EQ6yBoEEP/?spm_id_from=333.1387.favlist.content.click&vd_source=406d0cf895bedbdc58a3d0130d55e34c,BV1EQ6yBoEEP,王橹杰｜借过一下｜4k直拍双机位｜月光仙子,OOSAN丨王橹杰,3690989432604729,2026-01-31 20:26:21,828087,14478,15438,16347,3568,1736,6517,14,22,False
2026-03-03 16:00:25,https://www.bilibili.com/video/BV1EQ6yBoEEP/?spm_id_from=333.1387.favlist.content.click&vd_source=406d0cf895bedbdc58a3d0130d55e34c,BV1EQ6yBoEEP,王橹杰｜借过一下｜4k直拍双机位｜月光仙子,OOSAN丨王橹杰,3690989432604729,2026-01-31 20:26:21,828104,14480,15442,16348,3569,1736,6517,14,17,False
2026-03-03 17:00:38,https://www.bilibili.com/video/BV1EQ6yBoEEP/?spm_id_from=333.1387.favlist.content.click&vd_source=406d0cf895bedbdc58a3d0130d55e34c,BV1EQ6yBoEEP,王橹杰｜借过一下｜4k直拍双机位｜月光仙子,OOSAN丨王橹杰,3690989432604729,2026-01-31 20:26:21,828111,14480,15442,16348,3570,1736,6517,15,7,False
2026-03-03 18:00:50,https://www.bilibili.com/video/BV1EQ6yBoEEP/?spm_id_from=333.1387.favlist.content.click&vd_source=406d0cf895bedbdc58a3d0130d55e34c,BV1EQ6yBoEEP,王橹杰｜借过一下｜4k直拍双机位｜月光仙子,OOSAN丨王橹杰,3690989432604729,2026-01-31 20:26:21,828122,14480,15442,16348,3571,1736,6517,12,11,False
2026-03-03 19:01:03,https://www.bilibili.com/video/BV1EQ6yBoEEP/?spm_id_from=333.1387.favlist.content.click&vd_source=406d0cf895bedbdc58a3d0130d55e34c,BV1EQ6yBoEEP,王橹杰｜借过一下｜4k直拍双机位｜月光仙子,OOSAN丨王橹杰,3690989432604729,2026-01-31 20:26:21,828132,14480,15444,16348,3572,1736,6517,13,10,False
2026-03-03 20:01:16,https://www.bilibili.com/video/BV1EQ6yBoEEP/?spm_id_from=333.1387.favlist.content.click&vd_source=406d0cf895bedbdc58a3d0130d55e34c,BV1EQ6yBoEEP,王橹杰｜借过一下｜4k直拍双机位｜月光仙子,OOSAN丨王橹杰,3690989432604729,2026-01-31 20:26:21,828143,14480,15444,16350,3574,1736,6519,19,11,False
2026-03-03 21:01:29,https://www.bilibili.com/video/BV1EQ6yBoEEP/?spm_id_from=333.1387.favlist.content.click&vd_source=406d0cf895bedbdc58a3d0130d55e34c,BV1EQ6yBoEEP,王橹杰｜借过一下｜4k直拍双机位｜月光仙子,OOSAN丨王橹杰,3690989432604729,2026-01-31 20:26:21,828163,14480,15444,16348,3577,1736,6524,20,20,False
2026-03-03 22:01:41,https://www.bilibili.com/video/BV1EQ6yBoEEP/?spm_id_from=333.1387.favlist.content.click&vd_source=406d0cf895bedbdc58a3d0130d55e34c,BV1EQ6yBoEEP,王橹杰｜借过一下｜4k直拍双机位｜月光仙子,OOSAN丨王橹杰,3690989432604729,2026-01-31 20:26:21,828183,14480,15444,16349,3578,1736,6526,21,20,False
2026-03-03 23:01:54,https://www.bilibili.com/video/BV1EQ6yBoEEP/?spm_id_from=333.1387.favlist.content.click&vd_source=406d0cf895bedbdc58a3d0130d55e34c,BV1EQ6yBoEEP,王橹杰｜借过一下｜4k直拍双机位｜月光仙子,OOSAN丨王橹杰,3690989432604729,2026-01-31 20:26:21,828195,14480,15444,16349,3579,1736,6527,21,12,False
2026-03-03 00:22:18,https://www.bilibili.com/video/BV1bm6nBGE12/?spm_id_from=333.1387.favlist.content.click&vd_source=406d0cf895bedbdc58a3d0130d55e34c,BV1bm6nBGE12,【王橹杰FOCUS | 4K直拍】lovely,Morpheus秩序外_王橹杰,3632310920415710,2026-01-31 22:31:24,920253,25725,23330,23354,4209,2057,9882,4,0,False
2026-03-03 01:22:30,https://www.bilibili.com/video/BV1bm6nBGE12/?spm_id_from=333.1387.favlist.content.click&vd_source=406d0cf895bedbdc58a3d0130d55e34c,BV1bm6nBGE12,【王橹杰FOCUS | 4K直拍】lovely,Morpheus秩序外_王橹杰,3632310920415710,2026-01-31 22:31:24,920291,25725,23330,23354,4211,2057,9884,6,38,False
2026-03-03 02:22:43,https://www.bilibili.com/video/BV1bm6nBGE12/?spm_id_from=333.1387.favlist.content.click&vd_source=406d0cf895bedbdc58a3d0130d55e34c,BV1bm6nBGE12,【王橹杰FOCUS | 4K直拍】lovely,Morpheus秩序外_王橹杰,3632310920415710,2026-01-31 22:31:24,920332,25726,23330,23354,4213,2057,9884,7,41,False
2026-03-03 03:22:55,https://www.bilibili.com/video/BV1bm6nBGE12/?spm_id_from=333.1387.favlist.content.click&vd_source=406d0cf895bedbdc58a3d0130d55e34c,BV1bm6nBGE12,【王橹杰FOCUS | 4K直拍】lovely,Morpheus秩序外_王橹杰,3632310920415710,2026-01-31 22:31:24,920355,25726,23330,23354,4214,2057,9884,9,23,False
2026-03-03 04:23:08,https://www.bilibili.com/video/BV1bm6nBGE12/?spm_id_from=333.1387.favlist.content.click&vd_source=406d0cf895bedbdc58a3d0130d55e34c,BV1bm6nBGE12,【王橹杰FOCUS | 4K直拍】lovely,Morpheus秩序外_王橹杰,3632310920415710,2026-01-31 22:31:24,920376,25726,23330,23354,4214,2057,9884,4,21,False
2026-03-03 05:23:20,https://www.bilibili.com/video/BV1bm6nBGE12/?spm_id_from=333.1387.favlist.content.click&vd_source=406d0cf895bedbdc58a3d0130d55e34c,BV1bm6nBGE12,【王橹杰FOCUS | 4K直拍】lovely,Morpheus秩序外_王橹杰,3632310920415710,2026-01-31 22:31:24,920393,25726,23330,23354,4215,2057,9884,8,17,False
2026-03-03 06:23:32,https://www.bilibili.com/video/BV1bm6nBGE12/?spm_id_from=333.1387.favlist.content.click&vd_source=406d0cf895bedbdc58a3d0130d55e34c,BV1bm6nBGE12,【王橹杰FOCUS | 4K直拍】lovely,Morpheus秩序外_王橹杰,3632310920415710,2026-01-31 22:31:24,920406,25726,23330,23354,4215,2057,9884,8,13,False
2026-03-03 07:23:45,https://www.bilibili.com/video/BV1bm6nBGE12/?spm_id_from=333.1387.favlist.content.click&vd_source=406d0cf895bedbdc58a3d0130d55e34c,BV1bm6nBGE12,【王橹杰FOCUS | 4K直拍】lovely,Morpheus秩序外_王橹杰,3632310920415710,2026-01-31 22:31:24,920420,25726,23330,23354,4215,2057,9884,7,14,False
2026-03-03 08:23:57,https://www.bilibili.com/video/BV1bm6nBGE12/?spm_id_from=333.1387.favlist.content.click&vd_source=406d0cf895bedbdc58a3d0130d55e34c,BV1bm6nBGE12,【王橹杰FOCUS | 4K直拍】lovely,Morpheus秩序外_王橹杰,3632310920415710,2026-01-31 22:31:24,920437,25726,23330,23354,4215,2057,9884,7,17,False
2026-03-03 09:24:09,https://www.bilibili.com/video/BV1bm6nBGE12/?spm_id_from=333.1387.favlist.content.click&vd_source=406d0cf895bedbdc58a3d0130d55e34c,BV1bm6nBGE12,【王橹杰FOCUS | 4K直拍】lovely,Morpheus秩序外_王橹杰,3632310920415710,2026-01-31 22:31:24,920468,25728,23330,23355,4215,2057,9885,5,31,False
2026-03-03 10:24:22,https://www.bilibili.com/video/BV1bm6nBGE12/?spm_id_from=333.1387.favlist.content.click&vd_source=406d0cf895bedbdc58a3d0130d55e34c,BV1bm6nBGE12,【王橹杰FOCUS | 4K直拍】lovely,Morpheus秩序外_王橹杰,3632310920415710,2026-01-31 22:31:24,920502,25730,23332,23357,4216,2057,9886,12,34,False
2026-03-03 11:24:35,https://www.bilibili.com/video/BV1bm6nBGE12/?spm_id_from=333.1387.favlist.content.click&vd_source=406d0cf895bedbdc58a3d0130d55e34c,BV1bm6nBGE12,【王橹杰FOCUS | 4K直拍】lovely,Morpheus秩序外_王橹杰,3632310920415710,2026-01-31 22:31:24,920561,25733,23332,23361,4217,2057,9886,7,59,False
2026-03-03 13:11:30,https://www.bilibili.com/video/BV1bm6nBGE12/?spm_id_from=333.1387.favlist.content.click&vd_source=406d0cf895bedbdc58a3d0130d55e34c,BV1bm6nBGE12,【王橹杰FOCUS | 4K直拍】lovely,Morpheus秩序外_王橹杰,3632310920415710,2026-01-31 22:31:24,920661,25739,23340,23366,4220,2058,9886,11,100,False
2026-03-03 15:00:12,https://www.bilibili.com/video/BV1bm6nBGE12/?spm_id_from=333.1387.favlist.content.click&vd_source=406d0cf895bedbdc58a3d0130d55e34c,BV1bm6nBGE12,【王橹杰FOCUS | 4K直拍】lovely,Morpheus秩序外_王橹杰,3632310920415710,2026-01-31 22:31:24,920789,25746,23343,23371,4222,2058,9887,6,128,False
2026-03-03 16:00:25,https://www.bilibili.com/video/BV1bm6nBGE12/?spm_id_from=333.1387.favlist.content.click&vd_source=406d0cf895bedbdc58a3d0130d55e34c,BV1bm6nBGE12,【王橹杰FOCUS | 4K直拍】lovely,Morpheus秩序外_王橹杰,3632310920415710,2026-01-31 22:31:24,920875,25753,23349,23375,4224,2058,9887,20,86,False
2026-03-03 17:00:38,https://www.bilibili.com/video/BV1bm6nBGE12/?spm_id_from=333.1387.favlist.content.click&vd_source=406d0cf895bedbdc58a3d0130d55e34c,BV1bm6nBGE12,【王橹杰FOCUS | 4K直拍】lovely,Morpheus秩序外_王橹杰,3632310920415710,2026-01-31 22:31:24,920939,25758,23351,23378,4226,2058,9887,12,64,False
2026-03-03 18:00:50,https://www.bilibili.com/video/BV1bm6nBGE12/?spm_id_from=333.1387.favlist.content.click&vd_source=406d0cf895bedbdc58a3d0130d55e34c,BV1bm6nBGE12,【王橹杰FOCUS | 4K直拍】lovely,Morpheus秩序外_王橹杰,3632310920415710,2026-01-31 22:31:24,920993,25759,23351,23380,4227,2058,9887,7,54,False
2026-03-03 19:01:03,https://www.bilibili.com/video/BV1bm6nBGE12/?spm_id_from=333.1387.favlist.content.click&vd_source=406d0cf895bedbdc58a3d0130d55e34c,BV1bm6nBGE12,【王橹杰FOCUS | 4K直拍】lovely,Morpheus秩序外_王橹杰,3632310920415710,2026-01-31 22:31:24,921042,25759,23351,23380,4229,2058,9887,14,49,False
2026-03-03 20:01:16,https://www.bilibili.com/video/BV1bm6nBGE12/?spm_id_from=333.1387.favlist.content.click&vd_source=406d0cf895bedbdc58a3d0130d55e34c,BV1bm6nBGE12,【王橹杰FOCUS | 4K直拍】lovely,Morpheus秩序外_王橹杰,3632310920415710,2026-01-31 22:31:24,921109,25763,23355,23383,4230,2058,9887,5,67,False
2026-03-03 21:01:29,https://www.bilibili.com/video/BV1bm6nBGE12/?spm_id_from=333.1387.favlist.content.click&vd_source=406d0cf895bedbdc58a3d0130d55e34c,BV1bm6nBGE12,【王橹杰FOCUS | 4K直拍】lovely,Morpheus秩序外_王橹杰,3632310920415710,2026-01-31 22:31:24,921206,25766,23357,23384,4232,2058,9888,26,97,False
2026-03-03 22:01:41,https://www.bilibili.com/video/BV1bm6nBGE12/?spm_id_from=333.1387.favlist.content.click&vd_source=406d0cf895bedbdc58a3d0130d55e34c,BV1bm6nBGE12,【王橹杰FOCUS | 4K直拍】lovely,Morpheus秩序外_王橹杰,3632310920415710,2026-01-31 22:31:24,921306,25770,23362,23385,4237,2058,9889,11,100,False
2026-03-03 23:01:54,https://www.bilibili.com/video/BV1bm6nBGE12/?spm_id_from=333.1387.favlist.content.click&vd_source=406d0cf895bedbdc58a3d0130d55e34c,BV1bm6nBGE12,【王橹杰FOCUS | 4K直拍】lovely,Morpheus秩序外_王橹杰,3632310920415710,2026-01-31 22:31:24,921414,25771,23362,23385,4239,2058,9891,13,108,False
2026-03-03 00:22:18,https://www.bilibili.com/video/BV1nM6WBiEQs/?spm_id_from=333.1387.favlist.content.click&vd_source=406d0cf895bedbdc58a3d0130d55e34c,BV1nM6WBiEQs,【王橹杰FOCUS |4K直拍】希区考克,Morpheus秩序外_王橹杰,3632310920415710,2026-02-01 09:06:59,966685,38845,32852,28600,5906,3335,13243,26,0,False
2026-03-03 01:22:30,https://www.bilibili.com/video/BV1nM6WBiEQs/?spm_id_from=333.1387.favlist.content.click&vd_source=406d0cf895bedbdc58a3d0130d55e34c,BV1nM6WBiEQs,【王橹杰FOCUS |4K直拍】希区考克,Morpheus秩序外_王橹杰,3632310920415710,2026-02-01 09:06:59,966792,38848,32855,28603,5910,3335,13244,25,107,False
2026-03-03 02:22:43,https://www.bilibili.com/video/BV1nM6WBiEQs/?spm_id_from=333.1387.favlist.content.click&vd_source=406d0cf895bedbdc58a3d0130d55e34c,BV1nM6WBiEQs,【王橹杰FOCUS |4K直拍】希区考克,Morpheus秩序外_王橹杰,3632310920415710,2026-02-01 09:06:59,966878,38850,32857,28605,5912,3335,13246,18,86,False
2026-03-03 03:22:55,https://www.bilibili.com/video/BV1nM6WBiEQs/?spm_id_from=333.1387.favlist.content.click&vd_source=406d0cf895bedbdc58a3d0130d55e34c,BV1nM6WBiEQs,【王橹杰FOCUS |4K直拍】希区考克,Morpheus秩序外_王橹杰,3632310920415710,2026-02-01 09:06:59,966942,38854,32861,28608,5913,3335,13246,15,64,False
2026-03-03 04:23:08,https://www.bilibili.com/video/BV1nM6WBiEQs/?spm_id_from=333.1387.favlist.content.click&vd_source=406d0cf895bedbdc58a3d0130d55e34c,BV1nM6WBiEQs,【王橹杰FOCUS |4K直拍】希区考克,Morpheus秩序外_王橹杰,3632310920415710,2026-02-01 09:06:59,966988,38856,32864,28609,5913,3335,13246,15,46,False
2026-03-03 05:23:20,https://www.bilibili.com/video/BV1nM6WBiEQs/?spm_id_from=333.1387.favlist.content.click&vd_source=406d0cf895bedbdc58a3d0130d55e34c,BV1nM6WBiEQs,【王橹杰FOCUS |4K直拍】希区考克,Morpheus秩序外_王橹杰,3632310920415710,2026-02-01 09:06:59,967024,38857,32864,28612,5914,3335,13246,16,36,False
2026-03-03 06:23:32,https://www.bilibili.com/video/BV1nM6WBiEQs/?spm_id_from=333.1387.favlist.content.click&vd_source=406d0cf895bedbdc58a3d0130d55e34c,BV1nM6WBiEQs,【王橹杰FOCUS |4K直拍】希区考克,Morpheus秩序外_王橹杰,3632310920415710,2026-02-01 09:06:59,967051,38857,32864,28612,5914,3335,13246,13,27,False
2026-03-03 07:23:45,https://www.bilibili.com/video/BV1nM6WBiEQs/?spm_id_from=333.1387.favlist.content.click&vd_source=406d0cf895bedbdc58a3d0130d55e34c,BV1nM6WBiEQs,【王橹杰FOCUS |4K直拍】希区考克,Morpheus秩序外_王橹杰,3632310920415710,2026-02-01 09:06:59,967078,38859,32866,28613,5914,3335,13246,16,27,False
2026-03-03 08:23:57,https://www.bilibili.com/video/BV1nM6WBiEQs/?spm_id_from=333.1387.favlist.content.click&vd_source=406d0cf895bedbdc58a3d0130d55e34c,BV1nM6WBiEQs,【王橹杰FOCUS |4K直拍】希区考克,Morpheus秩序外_王橹杰,3632310920415710,2026-02-01 09:06:59,967110,38861,32866,28614,5914,3335,13246,14,32,False
2026-03-03 09:24:09,https://www.bilibili.com/video/BV1nM6WBiEQs/?spm_id_from=333.1387.favlist.content.click&vd_source=406d0cf895bedbdc58a3d0130d55e34c,BV1nM6WBiEQs,【王橹杰FOCUS |4K直拍】希区考克,Morpheus秩序外_王橹杰,3632310920415710,2026-02-01 09:06:59,967175,38862,32870,28614,5916,3337,13250,17,65,False
2026-03-03 10:24:22,https://www.bilibili.com/video/BV1nM6WBiEQs/?spm_id_from=333.1387.favlist.content.click&vd_source=406d0cf895bedbdc58a3d0130d55e34c,BV1nM6WBiEQs,【王橹杰FOCUS |4K直拍】希区考克,Morpheus秩序外_王橹杰,3632310920415710,2026-02-01 09:06:59,967246,38866,32870,28616,5916,3337,13251,15,71,False
2026-03-03 11:24:35,https://www.bilibili.com/video/BV1nM6WBiEQs/?spm_id_from=333.1387.favlist.content.click&vd_source=406d0cf895bedbdc58a3d0130d55e34c,BV1nM6WBiEQs,【王橹杰FOCUS |4K直拍】希区考克,Morpheus秩序外_王橹杰,3632310920415710,2026-02-01 09:06:59,967346,38870,32874,28619,5918,3337,13253,19,100,False
2026-03-03 13:11:30,https://www.bilibili.com/video/BV1nM6WBiEQs/?spm_id_from=333.1387.favlist.content.click&vd_source=406d0cf895bedbdc58a3d0130d55e34c,BV1nM6WBiEQs,【王橹杰FOCUS |4K直拍】希区考克,Morpheus秩序外_王橹杰,3632310920415710,2026-02-01 09:06:59,967533,38878,32880,28628,5921,3339,13259,20,187,False
2026-03-03 15:00:12,https://www.bilibili.com/video/BV1nM6WBiEQs/?spm_id_from=333.1387.favlist.content.click&vd_source=406d0cf895bedbdc58a3d0130d55e34c,BV1nM6WBiEQs,【王橹杰FOCUS |4K直拍】希区考克,Morpheus秩序外_王橹杰,3632310920415710,2026-02-01 09:06:59,967748,38893,32890,28644,5925,3339,13260,29,215,False
2026-03-03 16:00:25,https://www.bilibili.com/video/BV1nM6WBiEQs/?spm_id_from=333.1387.favlist.content.click&vd_source=406d0cf895bedbdc58a3d0130d55e34c,BV1nM6WBiEQs,【王橹杰FOCUS |4K直拍】希区考克,Morpheus秩序外_王橹杰,3632310920415710,2026-02-01 09:06:59,967894,38898,32894,28649,5927,3339,13265,24,146,False
2026-03-03 17:00:38,https://www.bilibili.com/video/BV1nM6WBiEQs/?spm_id_from=333.1387.favlist.content.click&vd_source=406d0cf895bedbdc58a3d0130d55e34c,BV1nM6WBiEQs,【王橹杰FOCUS |4K直拍】希区考克,Morpheus秩序外_王橹杰,3632310920415710,2026-02-01 09:06:59,968052,38909,32908,28654,5929,3339,13265,27,158,False
2026-03-03 18:00:50,https://www.bilibili.com/video/BV1nM6WBiEQs/?spm_id_from=333.1387.favlist.content.click&vd_source=406d0cf895bedbdc58a3d0130d55e34c,BV1nM6WBiEQs,【王橹杰FOCUS |4K直拍】希区考克,Morpheus秩序外_王橹杰,3632310920415710,2026-02-01 09:06:59,968198,38912,32910,28654,5932,3339,13267,21,146,False
2026-03-03 19:01:03,https://www.bilibili.com/video/BV1nM6WBiEQs/?spm_id_from=333.1387.favlist.content.click&vd_source=406d0cf895bedbdc58a3d0130d55e34c,BV1nM6WBiEQs,【王橹杰FOCUS |4K直拍】希区考克,Morpheus秩序外_王橹杰,3632310920415710,2026-02-01 09:06:59,968344,38919,32914,28655,5934,3339,13269,25,146,False
2026-03-03 20:01:16,https://www.bilibili.com/video/BV1nM6WBiEQs/?spm_id_from=333.1387.favlist.content.click&vd_source=406d0cf895bedbdc58a3d0130d55e34c,BV1nM6WBiEQs,【王橹杰FOCUS |4K直拍】希区考克,Morpheus秩序外_王橹杰,3632310920415710,2026-02-01 09:06:59,968522,38928,32916,28660,5937,3341,13269,22,178,False
2026-03-03 21:01:29,https://www.bilibili.com/video/BV1nM6WBiEQs/?spm_id_from=333.1387.favlist.content.click&vd_source=406d0cf895bedbdc58a3d0130d55e34c,BV1nM6WBiEQs,【王橹杰FOCUS |4K直拍】希区考克,Morpheus秩序外_王橹杰,3632310920415710,2026-02-01 09:06:59,968753,38940,32922,28666,5942,3341,13269,35,231,False
2026-03-03 22:01:41,https://www.bilibili.com/video/BV1nM6WBiEQs/?spm_id_from=333.1387.favlist.content.click&vd_source=406d0cf895bedbdc58a3d0130d55e34c,BV1nM6WBiEQs,【王橹杰FOCUS |4K直拍】希区考克,Morpheus秩序外_王橹杰,3632310920415710,2026-02-01 09:06:59,968996,38950,32928,28674,5948,3341,13280,36,243,False
2026-03-03 23:01:54,https://www.bilibili.com/video/BV1nM6WBiEQs/?spm_id_from=333.1387.favlist.content.click&vd_source=406d0cf895bedbdc58a3d0130d55e34c,BV1nM6WBiEQs,【王橹杰FOCUS |4K直拍】希区考克,Morpheus秩序外_王橹杰,3632310920415710,2026-02-01 09:06:59,969203,38957,32934,28681,5952,3342,13281,35,207,False
2026-03-03 00:22:18,https://www.bilibili.com/video/BV1oi61BdEvP/?spm_id_from=333.1387.favlist.content.click&vd_source=406d0cf895bedbdc58a3d0130d55e34c,BV1oi61BdEvP,【TF家族王橹杰】当舞台变成希区考克的片场丨王橹杰4K直拍双机位,Capricorn王橹杰,3537114847251044,2026-01-31 20:09:30,995084,27473,23899,23915,4486,3002,10176,16,0,False
2026-03-03 01:22:30,https://www.bilibili.com/video/BV1oi61BdEvP/?spm_id_from=333.1387.favlist.content.click&vd_source=406d0cf895bedbdc58a3d0130d55e34c,BV1oi61BdEvP,【TF家族王橹杰】当舞台变成希区考克的片场丨王橹杰4K直拍双机位,Capricorn王橹杰,3537114847251044,2026-01-31 20:09:30,995134,27477,23901,23916,4487,3003,10176,16,50,False
2026-03-03 02:22:43,https://www.bilibili.com/video/BV1oi61BdEvP/?spm_id_from=333.1387.favlist.content.click&vd_source=406d0cf895bedbdc58a3d0130d55e34c,BV1oi61BdEvP,【TF家族王橹杰】当舞台变成希区考克的片场丨王橹杰4K直拍双机位,Capricorn王橹杰,3537114847251044,2026-01-31 20:09:30,995256,27483,23907,23917,4490,3003,10177,15,122,False
2026-03-03 03:22:55,https://www.bilibili.com/video/BV1oi61BdEvP/?spm_id_from=333.1387.favlist.content.click&vd_source=406d0cf895bedbdc58a3d0130d55e34c,BV1oi61BdEvP,【TF家族王橹杰】当舞台变成希区考克的片场丨王橹杰4K直拍双机位,Capricorn王橹杰,3537114847251044,2026-01-31 20:09:30,995330,27488,23907,23918,4492,3004,10181,12,74,False
2026-03-03 04:23:08,https://www.bilibili.com/video/BV1oi61BdEvP/?spm_id_from=333.1387.favlist.content.click&vd_source=406d0cf895bedbdc58a3d0130d55e34c,BV1oi61BdEvP,【TF家族王橹杰】当舞台变成希区考克的片场丨王橹杰4K直拍双机位,Capricorn王橹杰,3537114847251044,2026-01-31 20:09:30,995395,27494,23908,23919,4493,3004,10181,13,65,False
2026-03-03 05:23:20,https://www.bilibili.com/video/BV1oi61BdEvP/?spm_id_from=333.1387.favlist.content.click&vd_source=406d0cf895bedbdc58a3d0130d55e34c,BV1oi61BdEvP,【TF家族王橹杰】当舞台变成希区考克的片场丨王橹杰4K直拍双机位,Capricorn王橹杰,3537114847251044,2026-01-31 20:09:30,995436,27497,23910,23920,4494,3004,10181,11,41,False
2026-03-03 06:23:32,https://www.bilibili.com/video/BV1oi61BdEvP/?spm_id_from=333.1387.favlist.content.click&vd_source=406d0cf895bedbdc58a3d0130d55e34c,BV1oi61BdEvP,【TF家族王橹杰】当舞台变成希区考克的片场丨王橹杰4K直拍双机位,Capricorn王橹杰,3537114847251044,2026-01-31 20:09:30,995462,27497,23910,23919,4494,3004,10181,15,26,False
2026-03-03 07:23:45,https://www.bilibili.com/video/BV1oi61BdEvP/?spm_id_from=333.1387.favlist.content.click&vd_source=406d0cf895bedbdc58a3d0130d55e34c,BV1oi61BdEvP,【TF家族王橹杰】当舞台变成希区考克的片场丨王橹杰4K直拍双机位,Capricorn王橹杰,3537114847251044,2026-01-31 20:09:30,995490,27499,23910,23921,4495,3004,10181,9,28,False
2026-03-03 08:23:57,https://www.bilibili.com/video/BV1oi61BdEvP/?spm_id_from=333.1387.favlist.content.click&vd_source=406d0cf895bedbdc58a3d0130d55e34c,BV1oi61BdEvP,【TF家族王橹杰】当舞台变成希区考克的片场丨王橹杰4K直拍双机位,Capricorn王橹杰,3537114847251044,2026-01-31 20:09:30,995542,27501,23910,23922,4495,3004,10181,6,52,False
2026-03-03 09:24:09,https://www.bilibili.com/video/BV1oi61BdEvP/?spm_id_from=333.1387.favlist.content.click&vd_source=406d0cf895bedbdc58a3d0130d55e34c,BV1oi61BdEvP,【TF家族王橹杰】当舞台变成希区考克的片场丨王橹杰4K直拍双机位,Capricorn王橹杰,3537114847251044,2026-01-31 20:09:30,995626,27508,23910,23923,4495,3005,10182,16,84,False
2026-03-03 10:24:22,https://www.bilibili.com/video/BV1oi61BdEvP/?spm_id_from=333.1387.favlist.content.click&vd_source=406d0cf895bedbdc58a3d0130d55e34c,BV1oi61BdEvP,【TF家族王橹杰】当舞台变成希区考克的片场丨王橹杰4K直拍双机位,Capricorn王橹杰,3537114847251044,2026-01-31 20:09:30,995717,27509,23910,23925,4495,3005,10182,11,91,False
2026-03-03 11:24:35,https://www.bilibili.com/video/BV1oi61BdEvP/?spm_id_from=333.1387.favlist.content.click&vd_source=406d0cf895bedbdc58a3d0130d55e34c,BV1oi61BdEvP,【TF家族王橹杰】当舞台变成希区考克的片场丨王橹杰4K直拍双机位,Capricorn王橹杰,3537114847251044,2026-01-31 20:09:30,995880,27520,23917,23933,4497,3006,10183,23,163,False
2026-03-03 13:11:30,https://www.bilibili.com/video/BV1oi61BdEvP/?spm_id_from=333.1387.favlist.content.click&vd_source=406d0cf895bedbdc58a3d0130d55e34c,BV1oi61BdEvP,【TF家族王橹杰】当舞台变成希区考克的片场丨王橹杰4K直拍双机位,Capricorn王橹杰,3537114847251044,2026-01-31 20:09:30,996231,27542,23927,23941,4499,3008,10186,22,351,True
2026-03-03 15:00:12,https://www.bilibili.com/video/BV1oi61BdEvP/?spm_id_from=333.1387.favlist.content.click&vd_source=406d0cf895bedbdc58a3d0130d55e34c,BV1oi61BdEvP,【TF家族王橹杰】当舞台变成希区考克的片场丨王橹杰4K直拍双机位,Capricorn王橹杰,3537114847251044,2026-01-31 20:09:30,996642,27571,23935,23959,4500,3009,10190,33,411,True
2026-03-03 16:00:25,https://www.bilibili.com/video/BV1oi61BdEvP/?spm_id_from=333.1387.favlist.content.click&vd_source=406d0cf895bedbdc58a3d0130d55e34c,BV1oi61BdEvP,【TF家族王橹杰】当舞台变成希区考克的片场丨王橹杰4K直拍双机位,Capricorn王橹杰,3537114847251044,2026-01-31 20:09:30,996893,27585,23945,23974,4502,3010,10198,26,251,False
2026-03-03 17:00:38,https://www.bilibili.com/video/BV1oi61BdEvP/?spm_id_from=333.1387.favlist.content.click&vd_source=406d0cf895bedbdc58a3d0130d55e34c,BV1oi61BdEvP,【TF家族王橹杰】当舞台变成希区考克的片场丨王橹杰4K直拍双机位,Capricorn王橹杰,3537114847251044,2026-01-31 20:09:30,997150,27596,23951,23976,4502,3010,10200,24,257,False
2026-03-03 18:00:50,https://www.bilibili.com/video/BV1oi61BdEvP/?spm_id_from=333.1387.favlist.content.click&vd_source=406d0cf895bedbdc58a3d0130d55e34c,BV1oi61BdEvP,【TF家族王橹杰】当舞台变成希区考克的片场丨王橹杰4K直拍双机位,Capricorn王橹杰,3537114847251044,2026-01-31 20:09:30,997377,27610,23958,23986,4504,3012,10202,22,227,False
2026-03-03 19:01:03,https://www.bilibili.com/video/BV1oi61BdEvP/?spm_id_from=333.1387.favlist.content.click&vd_source=406d0cf895bedbdc58a3d0130d55e34c,BV1oi61BdEvP,【TF家族王橹杰】当舞台变成希区考克的片场丨王橹杰4K直拍双机位,Capricorn王橹杰,3537114847251044,2026-01-31 20:09:30,997649,27624,23969,23993,4511,3014,10222,31,272,False
2026-03-03 20:01:16,https://www.bilibili.com/video/BV1oi61BdEvP/?spm_id_from=333.1387.favlist.content.click&vd_source=406d0cf895bedbdc58a3d0130d55e34c,BV1oi61BdEvP,【TF家族王橹杰】当舞台变成希区考克的片场丨王橹杰4K直拍双机位,Capricorn王橹杰,3537114847251044,2026-01-31 20:09:30,997986,27645,23986,24011,4522,3018,10239,48,337,True
2026-03-03 21:01:29,https://www.bilibili.com/video/BV1oi61BdEvP/?spm_id_from=333.1387.favlist.content.click&vd_source=406d0cf895bedbdc58a3d0130d55e34c,BV1oi61BdEvP,【TF家族王橹杰】当舞台变成希区考克的片场丨王橹杰4K直拍双机位,Capricorn王橹杰,3537114847251044,2026-01-31 20:09:30,998561,27673,24008,24029,4529,3030,10267,85,575,True
2026-03-03 22:01:41,https://www.bilibili.com/video/BV1oi61BdEvP/?spm_id_from=333.1387.favlist.content.click&vd_source=406d0cf895bedbdc58a3d0130d55e34c,BV1oi61BdEvP,【TF家族王橹杰】当舞台变成希区考克的片场丨王橹杰4K直拍双机位,Capricorn王橹杰,3537114847251044,2026-01-31 20:09:30,999057,27699,24035,24042,4538,3049,10296,67,496,True
2026-03-03 23:01:54,https://www.bilibili.com/video/BV1oi61BdEvP/?spm_id_from=333.1387.favlist.content.click&vd_source=406d0cf895bedbdc58a3d0130d55e34c,BV1oi61BdEvP,【TF家族王橹杰】当舞台变成希区考克的片场丨王橹杰4K直拍双机位,Capricorn王橹杰,3537114847251044,2026-01-31 20:09:30,999529,27720,24046,24051,4542,3055,10313,48,472,True
2026-03-03 00:22:18,https://www.bilibili.com/video/BV1chwTeXEqS/?spm_id_from=333.337.search-card.all.click&vd_source=406d0cf895bedbdc58a3d0130d55e34c,BV1chwTeXEqS,元气樱花少年！【王橹杰】《Para Para Sakura》4K直拍 | 250118 TF家族新年音乐会,麦辣脆猪猪,325217719,2025-01-19 00:21:05,2351026,119270,58161,74157,9681,6602,16853,6,0,False
2026-03-03 01:22:30,https://www.bilibili.com/video/BV1chwTeXEqS/?spm_id_from=333.337.search-card.all.click&vd_source=406d0cf895bedbdc58a3d0130d55e34c,BV1chwTeXEqS,元气樱花少年！【王橹杰】《Para Para Sakura》4K直拍 | 250118 TF家族新年音乐会,麦辣脆猪猪,325217719,2025-01-19 00:21:05,2351179,119274,58161,74160,9682,6602,16853,3,153,False
2026-03-03 02:22:43,https://www.bilibili.com/video/BV1chwTeXEqS/?spm_id_from=333.337.search-card.all.click&vd_source=406d0cf895bedbdc58a3d0130d55e34c,BV1chwTeXEqS,元气樱花少年！【王橹杰】《Para Para Sakura》4K直拍 | 250118 TF家族新年音乐会,麦辣脆猪猪,325217719,2025-01-19 00:21:05,2351282,119277,58166,74163,9685,6603,16853,3,103,False
2026-03-03 03:22:55,https://www.bilibili.com/video/BV1chwTeXEqS/?spm_id_from=333.337.search-card.all.click&vd_source=406d0cf895bedbdc58a3d0130d55e34c,BV1chwTeXEqS,元气樱花少年！【王橹杰】《Para Para Sakura》4K直拍 | 250118 TF家族新年音乐会,麦辣脆猪猪,325217719,2025-01-19 00:21:05,2351334,119282,58166,74163,9687,6603,16853,1,52,False
2026-03-03 04:23:08,https://www.bilibili.com/video/BV1chwTeXEqS/?spm_id_from=333.337.search-card.all.click&vd_source=406d0cf895bedbdc58a3d0130d55e34c,BV1chwTeXEqS,元气樱花少年！【王橹杰】《Para Para Sakura》4K直拍 | 250118 TF家族新年音乐会,麦辣脆猪猪,325217719,2025-01-19 00:21:05,2351373,119284,58172,74165,9687,6603,16853,1,39,False
2026-03-03 05:23:20,https://www.bilibili.com/video/BV1chwTeXEqS/?spm_id_from=333.337.search-card.all.click&vd_source=406d0cf895bedbdc58a3d0130d55e34c,BV1chwTeXEqS,元气樱花少年！【王橹杰】《Para Para Sakura》4K直拍 | 250118 TF家族新年音乐会,麦辣脆猪猪,325217719,2025-01-19 00:21:05,2351391,119284,58172,74164,9688,6603,16853,1,18,False
2026-03-03 06:23:32,https://www.bilibili.com/video/BV1chwTeXEqS/?spm_id_from=333.337.search-card.all.click&vd_source=406d0cf895bedbdc58a3d0130d55e34c,BV1chwTeXEqS,元气樱花少年！【王橹杰】《Para Para Sakura》4K直拍 | 250118 TF家族新年音乐会,麦辣脆猪猪,325217719,2025-01-19 00:21:05,2351408,119284,58172,74164,9688,6604,16854,1,17,False
2026-03-03 07:23:45,https://www.bilibili.com/video/BV1chwTeXEqS/?spm_id_from=333.337.search-card.all.click&vd_source=406d0cf895bedbdc58a3d0130d55e34c,BV1chwTeXEqS,元气樱花少年！【王橹杰】《Para Para Sakura》4K直拍 | 250118 TF家族新年音乐会,麦辣脆猪猪,325217719,2025-01-19 00:21:05,2351427,119284,58172,74165,9688,6604,16854,1,19,False
2026-03-03 08:23:57,https://www.bilibili.com/video/BV1chwTeXEqS/?spm_id_from=333.337.search-card.all.click&vd_source=406d0cf895bedbdc58a3d0130d55e34c,BV1chwTeXEqS,元气樱花少年！【王橹杰】《Para Para Sakura》4K直拍 | 250118 TF家族新年音乐会,麦辣脆猪猪,325217719,2025-01-19 00:21:05,2351452,119285,58172,74165,9688,6604,16854,2,25,False
2026-03-03 09:24:09,https://www.bilibili.com/video/BV1chwTeXEqS/?spm_id_from=333.337.search-card.all.click&vd_source=406d0cf895bedbdc58a3d0130d55e34c,BV1chwTeXEqS,元气樱花少年！【王橹杰】《Para Para Sakura》4K直拍 | 250118 TF家族新年音乐会,麦辣脆猪猪,325217719,2025-01-19 00:21:05,2351487,119286,58172,74166,9688,6604,16854,4,35,False
2026-03-03 10:24:22,https://www.bilibili.com/video/BV1chwTeXEqS/?spm_id_from=333.337.search-card.all.click&vd_source=406d0cf895bedbdc58a3d0130d55e34c,BV1chwTeXEqS,元气樱花少年！【王橹杰】《Para Para Sakura》4K直拍 | 250118 TF家族新年音乐会,麦辣脆猪猪,325217719,2025-01-19 00:21:05,2351563,119290,58172,74172,9689,6604,16857,1,76,False
2026-03-03 11:24:35,https://www.bilibili.com/video/BV1chwTeXEqS/?spm_id_from=333.337.search-card.all.click&vd_source=406d0cf895bedbdc58a3d0130d55e34c,BV1chwTeXEqS,元气樱花少年！【王橹杰】《Para Para Sakura》4K直拍 | 250118 TF家族新年音乐会,麦辣脆猪猪,325217719,2025-01-19 00:21:05,2351662,119290,58172,74172,9690,6604,16857,1,99,False
2026-03-03 13:11:30,https://www.bilibili.com/video/BV1chwTeXEqS/?spm_id_from=333.337.search-card.all.click&vd_source=406d0cf895bedbdc58a3d0130d55e34c,BV1chwTeXEqS,元气樱花少年！【王橹杰】《Para Para Sakura》4K直拍 | 250118 TF家族新年音乐会,麦辣脆猪猪,325217719,2025-01-19 00:21:05,2351957,119304,58176,74178,9690,6606,16857,4,295,False
2026-03-03 15:00:12,https://www.bilibili.com/video/BV1chwTeXEqS/?spm_id_from=333.337.search-card.all.click&vd_source=406d0cf895bedbdc58a3d0130d55e34c,BV1chwTeXEqS,元气樱花少年！【王橹杰】《Para Para Sakura》4K直拍 | 250118 TF家族新年音乐会,麦辣脆猪猪,325217719,2025-01-19 00:21:05,2352306,119318,58178,74182,9692,6606,16857,9,349,True
2026-03-03 16:00:25,https://www.bilibili.com/video/BV1chwTeXEqS/?spm_id_from=333.337.search-card.all.click&vd_source=406d0cf895bedbdc58a3d0130d55e34c,BV1chwTeXEqS,元气樱花少年！【王橹杰】《Para Para Sakura》4K直拍 | 250118 TF家族新年音乐会,麦辣脆猪猪,325217719,2025-01-19 00:21:05,2352480,119324,58182,74185,9695,6606,16857,5,174,False
2026-03-03 17:00:38,https://www.bilibili.com/video/BV1chwTeXEqS/?spm_id_from=333.337.search-card.all.click&vd_source=406d0cf895bedbdc58a3d0130d55e34c,BV1chwTeXEqS,元气樱花少年！【王橹杰】《Para Para Sakura》4K直拍 | 250118 TF家族新年音乐会,麦辣脆猪猪,325217719,2025-01-19 00:21:05,2352654,119333,58185,74191,9696,6606,16857,6,174,False
2026-03-03 18:00:50,https://www.bilibili.com/video/BV1chwTeXEqS/?spm_id_from=333.337.search-card.all.click&vd_source=406d0cf895bedbdc58a3d0130d55e34c,BV1chwTeXEqS,元气樱花少年！【王橹杰】《Para Para Sakura》4K直拍 | 250118 TF家族新年音乐会,麦辣脆猪猪,325217719,2025-01-19 00:21:05,2352819,119337,58185,74195,9699,6606,16857,5,165,False
2026-03-03 19:01:03,https://www.bilibili.com/video/BV1chwTeXEqS/?spm_id_from=333.337.search-card.all.click&vd_source=406d0cf895bedbdc58a3d0130d55e34c,BV1chwTeXEqS,元气樱花少年！【王橹杰】《Para Para Sakura》4K直拍 | 250118 TF家族新年音乐会,麦辣脆猪猪,325217719,2025-01-19 00:21:05,2352982,119346,58189,74196,9700,6606,16857,6,163,False
2026-03-03 20:01:16,https://www.bilibili.com/video/BV1chwTeXEqS/?spm_id_from=333.337.search-card.all.click&vd_source=406d0cf895bedbdc58a3d0130d55e34c,BV1chwTeXEqS,元气樱花少年！【王橹杰】《Para Para Sakura》4K直拍 | 250118 TF家族新年音乐会,麦辣脆猪猪,325217719,2025-01-19 00:21:05,2353156,119351,58193,74200,9701,6606,16857,8,174,False
2026-03-03 21:01:29,https://www.bilibili.com/video/BV1chwTeXEqS/?spm_id_from=333.337.search-card.all.click&vd_source=406d0cf895bedbdc58a3d0130d55e34c,BV1chwTeXEqS,元气樱花少年！【王橹杰】《Para Para Sakura》4K直拍 | 250118 TF家族新年音乐会,麦辣脆猪猪,325217719,2025-01-19 00:21:05,2353390,119360,58195,74206,9703,6606,16857,9,234,False
2026-03-03 22:01:41,https://www.bilibili.com/video/BV1chwTeXEqS/?spm_id_from=333.337.search-card.all.click&vd_source=406d0cf895bedbdc58a3d0130d55e34c,BV1chwTeXEqS,元气樱花少年！【王橹杰】《Para Para Sakura》4K直拍 | 250118 TF家族新年音乐会,麦辣脆猪猪,325217719,2025-01-19 00:21:05,2353606,119368,58197,74207,9705,6606,16857,8,216,False
2026-03-03 23:01:54,https://www.bilibili.com/video/BV1chwTeXEqS/?spm_id_from=333.337.search-card.all.click&vd_source=406d0cf895bedbdc58a3d0130d55e34c,BV1chwTeXEqS,元气樱花少年！【王橹杰】《Para Para Sakura》4K直拍 | 250118 TF家族新年音乐会,麦辣脆猪猪,325217719,2025-01-19 00:21:05,2353789,119372,58197,74208,9705,6606,16857,4,183,False
