采集时间,输入,BV号,标题,UP主,UP主mid,上传时间,总播放量,点赞数,投币数,收藏数,转发数,评论数,弹幕数,在线人数,每小时播放增量,是否起量
2026-03-11 00:42:40,https://www.bilibili.com/video/BV1e364BwE63/?spm_id_from=333.1387.favlist.content.click,BV1e364BwE63,【杨博文】Why Why Why竖屏4k focus,meetsummer丨杨博文,3546622113876662,2026-02-01 19:33:16,26647,495,186,230,13,12,11,1,0,False
2026-03-11 01:42:54,https://www.bilibili.com/video/BV1e364BwE63/?spm_id_from=333.1387.favlist.content.click,BV1e364BwE63,【杨博文】Why Why Why竖屏4k focus,meetsummer丨杨博文,3546622113876662,2026-02-01 19:33:16,26647,495,186,230,13,12,11,1,0,False
2026-03-11 02:43:08,https://www.bilibili.com/video/BV1e364BwE63/?spm_id_from=333.1387.favlist.content.click,BV1e364BwE63,【杨博文】Why Why Why竖屏4k focus,meetsummer丨杨博文,3546622113876662,2026-02-01 19:33:16,26647,495,186,230,13,12,11,1,0,False
2026-03-11 03:43:22,https://www.bilibili.com/video/BV1e364BwE63/?spm_id_from=333.1387.favlist.content.click,BV1e364BwE63,【杨博文】Why Why Why竖屏4k focus,meetsummer丨杨博文,3546622113876662,2026-02-01 19:33:16,26647,495,186,230,13,12,11,1,0,False
2026-03-11 04:43:36,https://www.bilibili.com/video/BV1e364BwE63/?spm_id_from=333.1387.favlist.content.click,BV1e364BwE63,【杨博文】Why Why Why竖屏4k focus,meetsummer丨杨博文,3546622113876662,2026-02-01 19:33:16,26647,495,186,230,13,12,11,1,0,False
2026-03-11 05:43:50,https://www.bilibili.com/video/BV1e364BwE63/?spm_id_from=333.1387.favlist.content.click,BV1e364BwE63,【杨博文】Why Why Why竖屏4k focus,meetsummer丨杨博文,3546622113876662,2026-02-01 19:33:16,26647,495,186,230,13,12,11,1,0,False
2026-03-11 06:44:05,https://www.bilibili.com/video/BV1e364BwE63/?spm_id_from=333.1387.favlist.content.click,BV1e364BwE63,【杨博文】Why Why Why竖屏4k focus,meetsummer丨杨博文,3546622113876662,2026-02-01 19:33:16,26647,495,186,230,13,12,11,1,0,False
2026-03-11 07:44:18,https://www.bilibili.com/video/BV1e364BwE63/?spm_id_from=333.1387.favlist.content.click,BV1e364BwE63,【杨博文】Why Why Why竖屏4k focus,meetsummer丨杨博文,3546622113876662,2026-02-01 19:33:16,26647,495,186,230,13,12,11,1,0,False
2026-03-11 08:44:32,https://www.bilibili.com/video/BV1e364BwE63/?spm_id_from=333.1387.favlist.content.click,BV1e364BwE63,【杨博文】Why Why Why竖屏4k focus,meetsummer丨杨博文,3546622113876662,2026-02-01 19:33:16,26647,495,186,230,13,12,11,1,0,False
2026-03-11 09:44:47,https://www.bilibili.com/video/BV1e364BwE63/?spm_id_from=333.1387.favlist.content.click,BV1e364BwE63,【杨博文】Why Why Why竖屏4k focus,meetsummer丨杨博文,3546622113876662,2026-02-01 19:33:16,26647,495,186,230,13,12,11,1,0,False
2026-03-11 10:45:01,https://www.bilibili.com/video/BV1e364BwE63/?spm_id_from=333.1387.favlist.content.click,BV1e364BwE63,【杨博文】Why Why Why竖屏4k focus,meetsummer丨杨博文,3546622113876662,2026-02-01 19:33:16,26647,495,186,230,13,12,11,1,0,False
2026-03-11 11:45:15,https://www.bilibili.com/video/BV1e364BwE63/?spm_id_from=333.1387.favlist.content.click,BV1e364BwE63,【杨博文】Why Why Why竖屏4k focus,meetsummer丨杨博文,3546622113876662,2026-02-01 19:33:16,26647,495,186,230,13,12,11,1,0,False
2026-03-11 12:45:29,https://www.bilibili.com/video/BV1e364BwE63/?spm_id_from=333.1387.favlist.content.click,BV1e364BwE63,【杨博文】Why Why Why竖屏4k focus,meetsummer丨杨博文,3546622113876662,2026-02-01 19:33:16,26647,495,186,230,13,12,11,1,0,False
2026-03-11 13:45:44,https://www.bilibili.com/video/BV1e364BwE63/?spm_id_from=333.1387.favlist.content.click,BV1e364BwE63,【杨博文】Why Why Why竖屏4k focus,meetsummer丨杨博文,3546622113876662,2026-02-01 19:33:16,26647,495,186,230,13,12,11,1,0,False
2026-03-11 14:45:58,https://www.bilibili.com/video/BV1e364BwE63/?spm_id_from=333.1387.favlist.content.click,BV1e364BwE63,【杨博文】Why Why Why竖屏4k focus,meetsummer丨杨博文,3546622113876662,2026-02-01 19:33:16,26648,495,186,230,13,12,11,1,1,False
2026-03-11 15:46:12,https://www.bilibili.com/video/BV1e364BwE63/?spm_id_from=333.1387.favlist.content.click,BV1e364BwE63,【杨博文】Why Why Why竖屏4k focus,meetsummer丨杨博文,3546622113876662,2026-02-01 19:33:16,26648,495,186,230,13,12,11,1,0,False
2026-03-11 16:46:26,https://www.bilibili.com/video/BV1e364BwE63/?spm_id_from=333.1387.favlist.content.click,BV1e364BwE63,【杨博文】Why Why Why竖屏4k focus,meetsummer丨杨博文,3546622113876662,2026-02-01 19:33:16,26648,495,186,230,13,12,11,1,0,False
2026-03-11 17:46:41,https://www.bilibili.com/video/BV1e364BwE63/?spm_id_from=333.1387.favlist.content.click,BV1e364BwE63,【杨博文】Why Why Why竖屏4k focus,meetsummer丨杨博文,3546622113876662,2026-02-01 19:33:16,26648,495,186,230,13,12,11,1,0,False
2026-03-11 18:46:56,https://www.bilibili.com/video/BV1e364BwE63/?spm_id_from=333.1387.favlist.content.click,BV1e364BwE63,【杨博文】Why Why Why竖屏4k focus,meetsummer丨杨博文,3546622113876662,2026-02-01 19:33:16,26650,495,188,231,13,12,11,1,2,False
2026-03-11 19:47:11,https://www.bilibili.com/video/BV1e364BwE63/?spm_id_from=333.1387.favlist.content.click,BV1e364BwE63,【杨博文】Why Why Why竖屏4k focus,meetsummer丨杨博文,3546622113876662,2026-02-01 19:33:16,26651,495,188,231,13,12,11,1,1,False
2026-03-11 20:47:25,https://www.bilibili.com/video/BV1e364BwE63/?spm_id_from=333.1387.favlist.content.click,BV1e364BwE63,【杨博文】Why Why Why竖屏4k focus,meetsummer丨杨博文,3546622113876662,2026-02-01 19:33:16,26652,495,188,231,13,12,11,1,1,False
2026-03-11 21:47:41,https://www.bilibili.com/video/BV1e364BwE63/?spm_id_from=333.1387.favlist.content.click,BV1e364BwE63,【杨博文】Why Why Why竖屏4k focus,meetsummer丨杨博文,3546622113876662,2026-02-01 19:33:16,26654,495,188,232,13,12,11,1,2,False
2026-03-11 22:47:55,https://www.bilibili.com/video/BV1e364BwE63/?spm_id_from=333.1387.favlist.content.click,BV1e364BwE63,【杨博文】Why Why Why竖屏4k focus,meetsummer丨杨博文,3546622113876662,2026-02-01 19:33:16,26654,495,188,232,13,12,11,1,0,False
2026-03-11 23:48:10,https://www.bilibili.com/video/BV1e364BwE63/?spm_id_from=333.1387.favlist.content.click,BV1e364BwE63,【杨博文】Why Why Why竖屏4k focus,meetsummer丨杨博文,3546622113876662,2026-02-01 19:33:16,26655,495,188,232,13,12,11,1,1,False
2026-03-11 00:42:40,https://www.bilibili.com/video/BV1pjA6zyE2K/?spm_id_from=333.1387.favlist.content.click,BV1pjA6zyE2K,网页版防吞,爱磕糖的兔子Y,628963336,2026-02-26 20:15:12,26337,4,2,78,1,0,0,1,0,False
2026-03-11 01:42:54,https://www.bilibili.com/video/BV1pjA6zyE2K/?spm_id_from=333.1387.favlist.content.click,BV1pjA6zyE2K,网页版防吞,爱磕糖的兔子Y,628963336,2026-02-26 20:15:12,26337,4,2,78,1,0,0,1,0,False
2026-03-11 02:43:08,https://www.bilibili.com/video/BV1pjA6zyE2K/?spm_id_from=333.1387.favlist.content.click,BV1pjA6zyE2K,网页版防吞,爱磕糖的兔子Y,628963336,2026-02-26 20:15:12,26337,4,2,78,1,0,0,1,0,False
2026-03-11 03:43:22,https://www.bilibili.com/video/BV1pjA6zyE2K/?spm_id_from=333.1387.favlist.content.click,BV1pjA6zyE2K,网页版防吞,爱磕糖的兔子Y,628963336,2026-02-26 20:15:12,26337,4,2,78,1,0,0,1,0,False
2026-03-11 04:43:36,https://www.bilibili.com/video/BV1pjA6zyE2K/?spm_id_from=333.1387.favlist.content.click,BV1pjA6zyE2K,网页版防吞,爱磕糖的兔子Y,628963336,2026-02-26 20:15:12,26337,4,2,78,1,0,0,1,0,False
2026-03-11 05:43:50,https://www.bilibili.com/video/BV1pjA6zyE2K/?spm_id_from=333.1387.favlist.content.click,BV1pjA6zyE2K,网页版防吞,爱磕糖的兔子Y,628963336,2026-02-26 20:15:12,26337,4,2,78,1,0,0,1,0,False
2026-03-11 06:44:05,https://www.bilibili.com/video/BV1pjA6zyE2K/?spm_id_from=333.1387.favlist.content.click,BV1pjA6zyE2K,网页版防吞,爱磕糖的兔子Y,628963336,2026-02-26 20:15:12,26337,4,2,78,1,0,0,1,0,False
2026-03-11 07:44:18,https://www.bilibili.com/video/BV1pjA6zyE2K/?spm_id_from=333.1387.favlist.content.click,BV1pjA6zyE2K,网页版防吞,爱磕糖的兔子Y,628963336,2026-02-26 20:15:12,26337,4,2,78,1,0,0,1,0,False
2026-03-11 08:44:32,https://www.bilibili.com/video/BV1pjA6zyE2K/?spm_id_from=333.1387.favlist.content.click,BV1pjA6zyE2K,网页版防吞,爱磕糖的兔子Y,628963336,2026-02-26 20:15:12,26337,4,2,78,1,0,0,1,0,False
2026-03-11 09:44:47,https://www.bilibili.com/video/BV1pjA6zyE2K/?spm_id_from=333.1387.favlist.content.click,BV1pjA6zyE2K,网页版防吞,爱磕糖的兔子Y,628963336,2026-02-26 20:15:12,26337,4,2,78,1,0,0,1,0,False
2026-03-11 10:45:01,https://www.bilibili.com/video/BV1pjA6zyE2K/?spm_id_from=333.1387.favlist.content.click,BV1pjA6zyE2K,网页版防吞,爱磕糖的兔子Y,628963336,2026-02-26 20:15:12,26337,4,2,78,1,0,0,1,0,False
2026-03-11 11:45:15,https://www.bilibili.com/video/BV1pjA6zyE2K/?spm_id_from=333.1387.favlist.content.click,BV1pjA6zyE2K,网页版防吞,爱磕糖的兔子Y,628963336,2026-02-26 20:15:12,26337,4,2,78,1,0,0,1,0,False
2026-03-11 12:45:29,https://www.bilibili.com/video/BV1pjA6zyE2K/?spm_id_from=333.1387.favlist.content.click,BV1pjA6zyE2K,网页版防吞,爱磕糖的兔子Y,628963336,2026-02-26 20:15:12,26337,4,2,78,1,0,0,1,0,False
2026-03-11 13:45:44,https://www.bilibili.com/video/BV1pjA6zyE2K/?spm_id_from=333.1387.favlist.content.click,BV1pjA6zyE2K,网页版防吞,爱磕糖的兔子Y,628963336,2026-02-26 20:15:12,26337,4,2,78,1,0,0,1,0,False
2026-03-11 14:45:58,https://www.bilibili.com/video/BV1pjA6zyE2K/?spm_id_from=333.1387.favlist.content.click,BV1pjA6zyE2K,网页版防吞,爱磕糖的兔子Y,628963336,2026-02-26 20:15:12,26337,4,2,78,1,0,0,1,0,False
2026-03-11 15:46:12,https://www.bilibili.com/video/BV1pjA6zyE2K/?spm_id_from=333.1387.favlist.content.click,BV1pjA6zyE2K,网页版防吞,爱磕糖的兔子Y,628963336,2026-02-26 20:15:12,26337,4,2,78,1,0,0,1,0,False
2026-03-11 16:46:26,https://www.bilibili.com/video/BV1pjA6zyE2K/?spm_id_from=333.1387.favlist.content.click,BV1pjA6zyE2K,网页版防吞,爱磕糖的兔子Y,628963336,2026-02-26 20:15:12,26337,4,2,78,1,0,0,1,0,False
2026-03-11 17:46:41,https://www.bilibili.com/video/BV1pjA6zyE2K/?spm_id_from=333.1387.favlist.content.click,BV1pjA6zyE2K,网页版防吞,爱磕糖的兔子Y,628963336,2026-02-26 20:15:12,26337,4,2,78,1,0,0,1,0,False
2026-03-11 18:46:56,https://www.bilibili.com/video/BV1pjA6zyE2K/?spm_id_from=333.1387.favlist.content.click,BV1pjA6zyE2K,网页版防吞,爱磕糖的兔子Y,628963336,2026-02-26 20:15:12,26337,4,2,78,1,0,0,1,0,False
2026-03-11 19:47:11,https://www.bilibili.com/video/BV1pjA6zyE2K/?spm_id_from=333.1387.favlist.content.click,BV1pjA6zyE2K,网页版防吞,爱磕糖的兔子Y,628963336,2026-02-26 20:15:12,26337,4,2,78,1,0,0,1,0,False
2026-03-11 20:47:25,https://www.bilibili.com/video/BV1pjA6zyE2K/?spm_id_from=333.1387.favlist.content.click,BV1pjA6zyE2K,网页版防吞,爱磕糖的兔子Y,628963336,2026-02-26 20:15:12,26337,4,2,78,1,0,0,1,0,False
2026-03-11 21:47:41,https://www.bilibili.com/video/BV1pjA6zyE2K/?spm_id_from=333.1387.favlist.content.click,BV1pjA6zyE2K,网页版防吞,爱磕糖的兔子Y,628963336,2026-02-26 20:15:12,26337,4,2,78,1,0,0,1,0,False
2026-03-11 22:47:55,https://www.bilibili.com/video/BV1pjA6zyE2K/?spm_id_from=333.1387.favlist.content.click,BV1pjA6zyE2K,网页版防吞,爱磕糖的兔子Y,628963336,2026-02-26 20:15:12,26337,4,2,78,1,0,0,1,0,False
2026-03-11 23:48:10,https://www.bilibili.com/video/BV1pjA6zyE2K/?spm_id_from=333.1387.favlist.content.click,BV1pjA6zyE2K,网页版防吞,爱磕糖的兔子Y,628963336,2026-02-26 20:15:12,26337,4,2,78,1,0,0,1,0,False
2026-03-11 00:42:40,https://www.bilibili.com/video/BV1ac6aBVER8/?spm_id_from=333.1387.favlist.content.click,BV1ac6aBVER8,【杨博文｜4K双机位直拍】《闭嘴跳舞》内娱竟有如此红丝绒般的唱跳舞台,Eternity丨杨博文,3691009716259112,2026-02-02 09:56:33,42002,2881,344,1778,9,30,13,1,0,False
2026-03-11 01:42:54,https://www.bilibili.com/video/BV1ac6aBVER8/?spm_id_from=333.1387.favlist.content.click,BV1ac6aBVER8,【杨博文｜4K双机位直拍】《闭嘴跳舞》内娱竟有如此红丝绒般的唱跳舞台,Eternity丨杨博文,3691009716259112,2026-02-02 09:56:33,42004,2882,344,1778,9,30,13,1,2,False
2026-03-11 02:43:08,https://www.bilibili.com/video/BV1ac6aBVER8/?spm_id_from=333.1387.favlist.content.click,BV1ac6aBVER8,【杨博文｜4K双机位直拍】《闭嘴跳舞》内娱竟有如此红丝绒般的唱跳舞台,Eternity丨杨博文,3691009716259112,2026-02-02 09:56:33,42004,2882,344,1778,9,30,13,1,0,False
2026-03-11 03:43:22,https://www.bilibili.com/video/BV1ac6aBVER8/?spm_id_from=333.1387.favlist.content.click,BV1ac6aBVER8,【杨博文｜4K双机位直拍】《闭嘴跳舞》内娱竟有如此红丝绒般的唱跳舞台,Eternity丨杨博文,3691009716259112,2026-02-02 09:56:33,42005,2883,344,1778,9,30,13,1,1,False
2026-03-11 04:43:36,https://www.bilibili.com/video/BV1ac6aBVER8/?spm_id_from=333.1387.favlist.content.click,BV1ac6aBVER8,【杨博文｜4K双机位直拍】《闭嘴跳舞》内娱竟有如此红丝绒般的唱跳舞台,Eternity丨杨博文,3691009716259112,2026-02-02 09:56:33,42005,2883,344,1778,9,30,13,1,0,False
2026-03-11 05:43:50,https://www.bilibili.com/video/BV1ac6aBVER8/?spm_id_from=333.1387.favlist.content.click,BV1ac6aBVER8,【杨博文｜4K双机位直拍】《闭嘴跳舞》内娱竟有如此红丝绒般的唱跳舞台,Eternity丨杨博文,3691009716259112,2026-02-02 09:56:33,42005,2883,344,1778,9,30,13,1,0,False
2026-03-11 06:44:05,https://www.bilibili.com/video/BV1ac6aBVER8/?spm_id_from=333.1387.favlist.content.click,BV1ac6aBVER8,【杨博文｜4K双机位直拍】《闭嘴跳舞》内娱竟有如此红丝绒般的唱跳舞台,Eternity丨杨博文,3691009716259112,2026-02-02 09:56:33,42005,2883,344,1778,9,30,13,1,0,False
2026-03-11 07:44:18,https://www.bilibili.com/video/BV1ac6aBVER8/?spm_id_from=333.1387.favlist.content.click,BV1ac6aBVER8,【杨博文｜4K双机位直拍】《闭嘴跳舞》内娱竟有如此红丝绒般的唱跳舞台,Eternity丨杨博文,3691009716259112,2026-02-02 09:56:33,42006,2883,344,1778,9,30,13,1,1,False
2026-03-11 08:44:32,https://www.bilibili.com/video/BV1ac6aBVER8/?spm_id_from=333.1387.favlist.content.click,BV1ac6aBVER8,【杨博文｜4K双机位直拍】《闭嘴跳舞》内娱竟有如此红丝绒般的唱跳舞台,Eternity丨杨博文,3691009716259112,2026-02-02 09:56:33,42006,2883,344,1778,9,30,13,1,0,False
2026-03-11 09:44:47,https://www.bilibili.com/video/BV1ac6aBVER8/?spm_id_from=333.1387.favlist.content.click,BV1ac6aBVER8,【杨博文｜4K双机位直拍】《闭嘴跳舞》内娱竟有如此红丝绒般的唱跳舞台,Eternity丨杨博文,3691009716259112,2026-02-02 09:56:33,42009,2883,344,1778,9,30,13,1,3,False
2026-03-11 10:45:01,https://www.bilibili.com/video/BV1ac6aBVER8/?spm_id_from=333.1387.favlist.content.click,BV1ac6aBVER8,【杨博文｜4K双机位直拍】《闭嘴跳舞》内娱竟有如此红丝绒般的唱跳舞台,Eternity丨杨博文,3691009716259112,2026-02-02 09:56:33,42009,2883,344,1778,9,30,13,1,0,False
2026-03-11 11:45:15,https://www.bilibili.com/video/BV1ac6aBVER8/?spm_id_from=333.1387.favlist.content.click,BV1ac6aBVER8,【杨博文｜4K双机位直拍】《闭嘴跳舞》内娱竟有如此红丝绒般的唱跳舞台,Eternity丨杨博文,3691009716259112,2026-02-02 09:56:33,42009,2883,344,1777,9,30,13,1,0,False
2026-03-11 12:45:29,https://www.bilibili.com/video/BV1ac6aBVER8/?spm_id_from=333.1387.favlist.content.click,BV1ac6aBVER8,【杨博文｜4K双机位直拍】《闭嘴跳舞》内娱竟有如此红丝绒般的唱跳舞台,Eternity丨杨博文,3691009716259112,2026-02-02 09:56:33,42012,2884,344,1779,9,30,13,1,3,False
2026-03-11 13:45:44,https://www.bilibili.com/video/BV1ac6aBVER8/?spm_id_from=333.1387.favlist.content.click,BV1ac6aBVER8,【杨博文｜4K双机位直拍】《闭嘴跳舞》内娱竟有如此红丝绒般的唱跳舞台,Eternity丨杨博文,3691009716259112,2026-02-02 09:56:33,42014,2884,344,1780,9,30,13,1,2,False
2026-03-11 14:45:58,https://www.bilibili.com/video/BV1ac6aBVER8/?spm_id_from=333.1387.favlist.content.click,BV1ac6aBVER8,【杨博文｜4K双机位直拍】《闭嘴跳舞》内娱竟有如此红丝绒般的唱跳舞台,Eternity丨杨博文,3691009716259112,2026-02-02 09:56:33,42017,2884,344,1780,9,30,13,1,3,False
2026-03-11 15:46:12,https://www.bilibili.com/video/BV1ac6aBVER8/?spm_id_from=333.1387.favlist.content.click,BV1ac6aBVER8,【杨博文｜4K双机位直拍】《闭嘴跳舞》内娱竟有如此红丝绒般的唱跳舞台,Eternity丨杨博文,3691009716259112,2026-02-02 09:56:33,42017,2884,344,1780,9,30,13,1,0,False
2026-03-11 16:46:26,https://www.bilibili.com/video/BV1ac6aBVER8/?spm_id_from=333.1387.favlist.content.click,BV1ac6aBVER8,【杨博文｜4K双机位直拍】《闭嘴跳舞》内娱竟有如此红丝绒般的唱跳舞台,Eternity丨杨博文,3691009716259112,2026-02-02 09:56:33,42017,2885,344,1780,9,30,13,1,0,False
2026-03-11 17:46:41,https://www.bilibili.com/video/BV1ac6aBVER8/?spm_id_from=333.1387.favlist.content.click,BV1ac6aBVER8,【杨博文｜4K双机位直拍】《闭嘴跳舞》内娱竟有如此红丝绒般的唱跳舞台,Eternity丨杨博文,3691009716259112,2026-02-02 09:56:33,42024,2888,344,1783,9,30,13,1,7,False
2026-03-11 18:46:56,https://www.bilibili.com/video/BV1ac6aBVER8/?spm_id_from=333.1387.favlist.content.click,BV1ac6aBVER8,【杨博文｜4K双机位直拍】《闭嘴跳舞》内娱竟有如此红丝绒般的唱跳舞台,Eternity丨杨博文,3691009716259112,2026-02-02 09:56:33,42038,2891,344,1786,9,30,13,1,14,False
2026-03-11 19:47:11,https://www.bilibili.com/video/BV1ac6aBVER8/?spm_id_from=333.1387.favlist.content.click,BV1ac6aBVER8,【杨博文｜4K双机位直拍】《闭嘴跳舞》内娱竟有如此红丝绒般的唱跳舞台,Eternity丨杨博文,3691009716259112,2026-02-02 09:56:33,42049,2895,344,1790,9,30,13,1,11,False
2026-03-11 20:47:25,https://www.bilibili.com/video/BV1ac6aBVER8/?spm_id_from=333.1387.favlist.content.click,BV1ac6aBVER8,【杨博文｜4K双机位直拍】《闭嘴跳舞》内娱竟有如此红丝绒般的唱跳舞台,Eternity丨杨博文,3691009716259112,2026-02-02 09:56:33,42064,2896,344,1791,9,30,13,1,15,False
2026-03-11 21:47:41,https://www.bilibili.com/video/BV1ac6aBVER8/?spm_id_from=333.1387.favlist.content.click,BV1ac6aBVER8,【杨博文｜4K双机位直拍】《闭嘴跳舞》内娱竟有如此红丝绒般的唱跳舞台,Eternity丨杨博文,3691009716259112,2026-02-02 09:56:33,42076,2897,344,1791,9,30,13,1,12,False
2026-03-11 22:47:55,https://www.bilibili.com/video/BV1ac6aBVER8/?spm_id_from=333.1387.favlist.content.click,BV1ac6aBVER8,【杨博文｜4K双机位直拍】《闭嘴跳舞》内娱竟有如此红丝绒般的唱跳舞台,Eternity丨杨博文,3691009716259112,2026-02-02 09:56:33,42084,2899,344,1794,9,30,13,1,8,False
2026-03-11 23:48:10,https://www.bilibili.com/video/BV1ac6aBVER8/?spm_id_from=333.1387.favlist.content.click,BV1ac6aBVER8,【杨博文｜4K双机位直拍】《闭嘴跳舞》内娱竟有如此红丝绒般的唱跳舞台,Eternity丨杨博文,3691009716259112,2026-02-02 09:56:33,42088,2901,344,1795,9,30,13,1,4,False
2026-03-11 00:42:40,https://www.bilibili.com/video/BV1eQ6bBrE5m/?spm_id_from=333.1387.favlist.content.click,BV1eQ6bBrE5m,【杨博文】四代来了一个表管天才<闭嘴跳舞>4k精剪直拍,61strawberry,3691004414658723,2026-02-01 20:51:17,66730,4329,527,3880,16,29,14,1,0,False
2026-03-11 01:42:54,https://www.bilibili.com/video/BV1eQ6bBrE5m/?spm_id_from=333.1387.favlist.content.click,BV1eQ6bBrE5m,【杨博文】四代来了一个表管天才<闭嘴跳舞>4k精剪直拍,61strawberry,3691004414658723,2026-02-01 20:51:17,66730,4329,527,3880,16,29,14,1,0,False
2026-03-11 02:43:08,https://www.bilibili.com/video/BV1eQ6bBrE5m/?spm_id_from=333.1387.favlist.content.click,BV1eQ6bBrE5m,【杨博文】四代来了一个表管天才<闭嘴跳舞>4k精剪直拍,61strawberry,3691004414658723,2026-02-01 20:51:17,66732,4330,527,3880,16,29,14,1,2,False
2026-03-11 03:43:22,https://www.bilibili.com/video/BV1eQ6bBrE5m/?spm_id_from=333.1387.favlist.content.click,BV1eQ6bBrE5m,【杨博文】四代来了一个表管天才<闭嘴跳舞>4k精剪直拍,61strawberry,3691004414658723,2026-02-01 20:51:17,66733,4330,527,3880,16,29,14,1,1,False
2026-03-11 04:43:36,https://www.bilibili.com/video/BV1eQ6bBrE5m/?spm_id_from=333.1387.favlist.content.click,BV1eQ6bBrE5m,【杨博文】四代来了一个表管天才<闭嘴跳舞>4k精剪直拍,61strawberry,3691004414658723,2026-02-01 20:51:17,66733,4330,527,3880,16,29,14,1,0,False
2026-03-11 05:43:50,https://www.bilibili.com/video/BV1eQ6bBrE5m/?spm_id_from=333.1387.favlist.content.click,BV1eQ6bBrE5m,【杨博文】四代来了一个表管天才<闭嘴跳舞>4k精剪直拍,61strawberry,3691004414658723,2026-02-01 20:51:17,66733,4330,527,3880,16,29,14,1,0,False
2026-03-11 06:44:05,https://www.bilibili.com/video/BV1eQ6bBrE5m/?spm_id_from=333.1387.favlist.content.click,BV1eQ6bBrE5m,【杨博文】四代来了一个表管天才<闭嘴跳舞>4k精剪直拍,61strawberry,3691004414658723,2026-02-01 20:51:17,66734,4331,527,3880,16,29,14,1,1,False
2026-03-11 07:44:18,https://www.bilibili.com/video/BV1eQ6bBrE5m/?spm_id_from=333.1387.favlist.content.click,BV1eQ6bBrE5m,【杨博文】四代来了一个表管天才<闭嘴跳舞>4k精剪直拍,61strawberry,3691004414658723,2026-02-01 20:51:17,66735,4331,527,3880,16,29,14,1,1,False
2026-03-11 08:44:32,https://www.bilibili.com/video/BV1eQ6bBrE5m/?spm_id_from=333.1387.favlist.content.click,BV1eQ6bBrE5m,【杨博文】四代来了一个表管天才<闭嘴跳舞>4k精剪直拍,61strawberry,3691004414658723,2026-02-01 20:51:17,66735,4331,527,3880,16,29,14,1,0,False
2026-03-11 09:44:47,https://www.bilibili.com/video/BV1eQ6bBrE5m/?spm_id_from=333.1387.favlist.content.click,BV1eQ6bBrE5m,【杨博文】四代来了一个表管天才<闭嘴跳舞>4k精剪直拍,61strawberry,3691004414658723,2026-02-01 20:51:17,66736,4331,527,3880,16,29,14,1,1,False
2026-03-11 10:45:01,https://www.bilibili.com/video/BV1eQ6bBrE5m/?spm_id_from=333.1387.favlist.content.click,BV1eQ6bBrE5m,【杨博文】四代来了一个表管天才<闭嘴跳舞>4k精剪直拍,61strawberry,3691004414658723,2026-02-01 20:51:17,66738,4332,529,3881,16,29,14,1,2,False
2026-03-11 11:45:15,https://www.bilibili.com/video/BV1eQ6bBrE5m/?spm_id_from=333.1387.favlist.content.click,BV1eQ6bBrE5m,【杨博文】四代来了一个表管天才<闭嘴跳舞>4k精剪直拍,61strawberry,3691004414658723,2026-02-01 20:51:17,66738,4333,529,3882,16,29,14,1,0,False
2026-03-11 12:45:29,https://www.bilibili.com/video/BV1eQ6bBrE5m/?spm_id_from=333.1387.favlist.content.click,BV1eQ6bBrE5m,【杨博文】四代来了一个表管天才<闭嘴跳舞>4k精剪直拍,61strawberry,3691004414658723,2026-02-01 20:51:17,66748,4335,529,3885,16,29,14,1,10,False
2026-03-11 13:45:44,https://www.bilibili.com/video/BV1eQ6bBrE5m/?spm_id_from=333.1387.favlist.content.click,BV1eQ6bBrE5m,【杨博文】四代来了一个表管天才<闭嘴跳舞>4k精剪直拍,61strawberry,3691004414658723,2026-02-01 20:51:17,66759,4337,529,3888,16,29,14,1,11,False
2026-03-11 14:45:58,https://www.bilibili.com/video/BV1eQ6bBrE5m/?spm_id_from=333.1387.favlist.content.click,BV1eQ6bBrE5m,【杨博文】四代来了一个表管天才<闭嘴跳舞>4k精剪直拍,61strawberry,3691004414658723,2026-02-01 20:51:17,66760,4337,529,3888,16,29,14,1,1,False
2026-03-11 15:46:12,https://www.bilibili.com/video/BV1eQ6bBrE5m/?spm_id_from=333.1387.favlist.content.click,BV1eQ6bBrE5m,【杨博文】四代来了一个表管天才<闭嘴跳舞>4k精剪直拍,61strawberry,3691004414658723,2026-02-01 20:51:17,66761,4337,529,3888,16,29,14,1,1,False
2026-03-11 16:46:26,https://www.bilibili.com/video/BV1eQ6bBrE5m/?spm_id_from=333.1387.favlist.content.click,BV1eQ6bBrE5m,【杨博文】四代来了一个表管天才<闭嘴跳舞>4k精剪直拍,61strawberry,3691004414658723,2026-02-01 20:51:17,66763,4337,529,3888,16,29,14,1,2,False
2026-03-11 17:46:41,https://www.bilibili.com/video/BV1eQ6bBrE5m/?spm_id_from=333.1387.favlist.content.click,BV1eQ6bBrE5m,【杨博文】四代来了一个表管天才<闭嘴跳舞>4k精剪直拍,61strawberry,3691004414658723,2026-02-01 20:51:17,66778,4339,529,3892,16,29,14,1,15,False
2026-03-11 18:46:56,https://www.bilibili.com/video/BV1eQ6bBrE5m/?spm_id_from=333.1387.favlist.content.click,BV1eQ6bBrE5m,【杨博文】四代来了一个表管天才<闭嘴跳舞>4k精剪直拍,61strawberry,3691004414658723,2026-02-01 20:51:17,66799,4342,529,3895,16,29,14,3,21,False
2026-03-11 19:47:11,https://www.bilibili.com/video/BV1eQ6bBrE5m/?spm_id_from=333.1387.favlist.content.click,BV1eQ6bBrE5m,【杨博文】四代来了一个表管天才<闭嘴跳舞>4k精剪直拍,61strawberry,3691004414658723,2026-02-01 20:51:17,66826,4348,529,3900,16,29,14,2,27,False
2026-03-11 20:47:25,https://www.bilibili.com/video/BV1eQ6bBrE5m/?spm_id_from=333.1387.favlist.content.click,BV1eQ6bBrE5m,【杨博文】四代来了一个表管天才<闭嘴跳舞>4k精剪直拍,61strawberry,3691004414658723,2026-02-01 20:51:17,66849,4349,529,3902,16,29,14,1,23,False
2026-03-11 21:47:41,https://www.bilibili.com/video/BV1eQ6bBrE5m/?spm_id_from=333.1387.favlist.content.click,BV1eQ6bBrE5m,【杨博文】四代来了一个表管天才<闭嘴跳舞>4k精剪直拍,61strawberry,3691004414658723,2026-02-01 20:51:17,66877,4351,529,3904,16,29,14,1,28,False
2026-03-11 22:47:55,https://www.bilibili.com/video/BV1eQ6bBrE5m/?spm_id_from=333.1387.favlist.content.click,BV1eQ6bBrE5m,【杨博文】四代来了一个表管天才<闭嘴跳舞>4k精剪直拍,61strawberry,3691004414658723,2026-02-01 20:51:17,66895,4351,531,3904,16,29,14,1,18,False
2026-03-11 23:48:10,https://www.bilibili.com/video/BV1eQ6bBrE5m/?spm_id_from=333.1387.favlist.content.click,BV1eQ6bBrE5m,【杨博文】四代来了一个表管天才<闭嘴跳舞>4k精剪直拍,61strawberry,3691004414658723,2026-02-01 20:51:17,66903,4352,531,3906,16,29,14,1,8,False
2026-03-11 00:42:40,https://www.bilibili.com/video/BV1Yo6bBMET2/?spm_id_from=333.1387.favlist.content.click,BV1Yo6bBMET2,【杨博文|4K直拍】《Why Why Why》 说什么又爱又恨的 其实梦里都是我的脸吧,WILSON丨杨博文,1383223009,2026-02-01 20:52:11,27706,419,112,213,6,4,1,1,0,False
2026-03-11 01:42:54,https://www.bilibili.com/video/BV1Yo6bBMET2/?spm_id_from=333.1387.favlist.content.click,BV1Yo6bBMET2,【杨博文|4K直拍】《Why Why Why》 说什么又爱又恨的 其实梦里都是我的脸吧,WILSON丨杨博文,1383223009,2026-02-01 20:52:11,27706,419,112,213,6,4,1,1,0,False
2026-03-11 02:43:08,https://www.bilibili.com/video/BV1Yo6bBMET2/?spm_id_from=333.1387.favlist.content.click,BV1Yo6bBMET2,【杨博文|4K直拍】《Why Why Why》 说什么又爱又恨的 其实梦里都是我的脸吧,WILSON丨杨博文,1383223009,2026-02-01 20:52:11,27706,419,112,213,6,4,1,1,0,False
2026-03-11 03:43:22,https://www.bilibili.com/video/BV1Yo6bBMET2/?spm_id_from=333.1387.favlist.content.click,BV1Yo6bBMET2,【杨博文|4K直拍】《Why Why Why》 说什么又爱又恨的 其实梦里都是我的脸吧,WILSON丨杨博文,1383223009,2026-02-01 20:52:11,27706,419,112,213,6,4,1,1,0,False
2026-03-11 04:43:36,https://www.bilibili.com/video/BV1Yo6bBMET2/?spm_id_from=333.1387.favlist.content.click,BV1Yo6bBMET2,【杨博文|4K直拍】《Why Why Why》 说什么又爱又恨的 其实梦里都是我的脸吧,WILSON丨杨博文,1383223009,2026-02-01 20:52:11,27706,419,112,213,6,4,1,1,0,False
2026-03-11 05:43:50,https://www.bilibili.com/video/BV1Yo6bBMET2/?spm_id_from=333.1387.favlist.content.click,BV1Yo6bBMET2,【杨博文|4K直拍】《Why Why Why》 说什么又爱又恨的 其实梦里都是我的脸吧,WILSON丨杨博文,1383223009,2026-02-01 20:52:11,27706,419,112,213,6,4,1,1,0,False
2026-03-11 06:44:05,https://www.bilibili.com/video/BV1Yo6bBMET2/?spm_id_from=333.1387.favlist.content.click,BV1Yo6bBMET2,【杨博文|4K直拍】《Why Why Why》 说什么又爱又恨的 其实梦里都是我的脸吧,WILSON丨杨博文,1383223009,2026-02-01 20:52:11,27706,419,112,213,6,4,1,1,0,False
2026-03-11 07:44:18,https://www.bilibili.com/video/BV1Yo6bBMET2/?spm_id_from=333.1387.favlist.content.click,BV1Yo6bBMET2,【杨博文|4K直拍】《Why Why Why》 说什么又爱又恨的 其实梦里都是我的脸吧,WILSON丨杨博文,1383223009,2026-02-01 20:52:11,27706,419,112,213,6,4,1,1,0,False
2026-03-11 08:44:32,https://www.bilibili.com/video/BV1Yo6bBMET2/?spm_id_from=333.1387.favlist.content.click,BV1Yo6bBMET2,【杨博文|4K直拍】《Why Why Why》 说什么又爱又恨的 其实梦里都是我的脸吧,WILSON丨杨博文,1383223009,2026-02-01 20:52:11,27706,419,112,213,6,4,1,1,0,False
2026-03-11 09:44:47,https://www.bilibili.com/video/BV1Yo6bBMET2/?spm_id_from=333.1387.favlist.content.click,BV1Yo6bBMET2,【杨博文|4K直拍】《Why Why Why》 说什么又爱又恨的 其实梦里都是我的脸吧,WILSON丨杨博文,1383223009,2026-02-01 20:52:11,27706,419,112,213,6,4,1,1,0,False
2026-03-11 10:45:01,https://www.bilibili.com/video/BV1Yo6bBMET2/?spm_id_from=333.1387.favlist.content.click,BV1Yo6bBMET2,【杨博文|4K直拍】《Why Why Why》 说什么又爱又恨的 其实梦里都是我的脸吧,WILSON丨杨博文,1383223009,2026-02-01 20:52:11,27706,419,112,213,6,4,1,1,0,False
2026-03-11 11:45:15,https://www.bilibili.com/video/BV1Yo6bBMET2/?spm_id_from=333.1387.favlist.content.click,BV1Yo6bBMET2,【杨博文|4K直拍】《Why Why Why》 说什么又爱又恨的 其实梦里都是我的脸吧,WILSON丨杨博文,1383223009,2026-02-01 20:52:11,27706,419,112,213,6,4,1,1,0,False
2026-03-11 12:45:29,https://www.bilibili.com/video/BV1Yo6bBMET2/?spm_id_from=333.1387.favlist.content.click,BV1Yo6bBMET2,【杨博文|4K直拍】《Why Why Why》 说什么又爱又恨的 其实梦里都是我的脸吧,WILSON丨杨博文,1383223009,2026-02-01 20:52:11,27707,419,112,213,6,4,1,1,1,False
2026-03-11 13:45:44,https://www.bilibili.com/video/BV1Yo6bBMET2/?spm_id_from=333.1387.favlist.content.click,BV1Yo6bBMET2,【杨博文|4K直拍】《Why Why Why》 说什么又爱又恨的 其实梦里都是我的脸吧,WILSON丨杨博文,1383223009,2026-02-01 20:52:11,27707,419,112,213,6,4,1,1,0,False
2026-03-11 14:45:58,https://www.bilibili.com/video/BV1Yo6bBMET2/?spm_id_from=333.1387.favlist.content.click,BV1Yo6bBMET2,【杨博文|4K直拍】《Why Why Why》 说什么又爱又恨的 其实梦里都是我的脸吧,WILSON丨杨博文,1383223009,2026-02-01 20:52:11,27707,419,112,213,6,4,1,1,0,False
2026-03-11 15:46:12,https://www.bilibili.com/video/BV1Yo6bBMET2/?spm_id_from=333.1387.favlist.content.click,BV1Yo6bBMET2,【杨博文|4K直拍】《Why Why Why》 说什么又爱又恨的 其实梦里都是我的脸吧,WILSON丨杨博文,1383223009,2026-02-01 20:52:11,27707,419,112,213,6,4,1,1,0,False
2026-03-11 16:46:26,https://www.bilibili.com/video/BV1Yo6bBMET2/?spm_id_from=333.1387.favlist.content.click,BV1Yo6bBMET2,【杨博文|4K直拍】《Why Why Why》 说什么又爱又恨的 其实梦里都是我的脸吧,WILSON丨杨博文,1383223009,2026-02-01 20:52:11,27707,419,112,213,6,4,1,1,0,False
2026-03-11 17:46:41,https://www.bilibili.com/video/BV1Yo6bBMET2/?spm_id_from=333.1387.favlist.content.click,BV1Yo6bBMET2,【杨博文|4K直拍】《Why Why Why》 说什么又爱又恨的 其实梦里都是我的脸吧,WILSON丨杨博文,1383223009,2026-02-01 20:52:11,27707,419,112,213,6,4,1,1,0,False
2026-03-11 18:46:56,https://www.bilibili.com/video/BV1Yo6bBMET2/?spm_id_from=333.1387.favlist.content.click,BV1Yo6bBMET2,【杨博文|4K直拍】《Why Why Why》 说什么又爱又恨的 其实梦里都是我的脸吧,WILSON丨杨博文,1383223009,2026-02-01 20:52:11,27707,419,112,213,6,4,1,1,0,False
2026-03-11 19:47:11,https://www.bilibili.com/video/BV1Yo6bBMET2/?spm_id_from=333.1387.favlist.content.click,BV1Yo6bBMET2,【杨博文|4K直拍】《Why Why Why》 说什么又爱又恨的 其实梦里都是我的脸吧,WILSON丨杨博文,1383223009,2026-02-01 20:52:11,27708,420,112,213,6,4,1,1,1,False
2026-03-11 20:47:25,https://www.bilibili.com/video/BV1Yo6bBMET2/?spm_id_from=333.1387.favlist.content.click,BV1Yo6bBMET2,【杨博文|4K直拍】《Why Why Why》 说什么又爱又恨的 其实梦里都是我的脸吧,WILSON丨杨博文,1383223009,2026-02-01 20:52:11,27708,420,112,213,6,4,1,1,0,False
2026-03-11 21:47:41,https://www.bilibili.com/video/BV1Yo6bBMET2/?spm_id_from=333.1387.favlist.content.click,BV1Yo6bBMET2,【杨博文|4K直拍】《Why Why Why》 说什么又爱又恨的 其实梦里都是我的脸吧,WILSON丨杨博文,1383223009,2026-02-01 20:52:11,27708,420,112,213,6,4,1,1,0,False
2026-03-11 22:47:55,https://www.bilibili.com/video/BV1Yo6bBMET2/?spm_id_from=333.1387.favlist.content.click,BV1Yo6bBMET2,【杨博文|4K直拍】《Why Why Why》 说什么又爱又恨的 其实梦里都是我的脸吧,WILSON丨杨博文,1383223009,2026-02-01 20:52:11,27708,420,112,213,6,4,1,1,0,False
2026-03-11 23:48:10,https://www.bilibili.com/video/BV1Yo6bBMET2/?spm_id_from=333.1387.favlist.content.click,BV1Yo6bBMET2,【杨博文|4K直拍】《Why Why Why》 说什么又爱又恨的 其实梦里都是我的脸吧,WILSON丨杨博文,1383223009,2026-02-01 20:52:11,27708,420,112,213,6,4,1,1,0,False
2026-03-11 00:42:40,https://www.bilibili.com/video/BV1jN64BKECs/?spm_id_from=333.337.search-card.all.click&vd_source=406d0cf895bedbdc58a3d0130d55e34c,BV1jN64BKECs,【杨博文｜4K直拍】跟着节奏一起《闭嘴跳舞》～,关键时刻来瓶尖叫,2142251174,2026-02-01 20:20:32,1277938,19044,13871,16778,2118,2241,6249,1,0,False
2026-03-11 01:42:54,https://www.bilibili.com/video/BV1jN64BKECs/?spm_id_from=333.337.search-card.all.click&vd_source=406d0cf895bedbdc58a3d0130d55e34c,BV1jN64BKECs,【杨博文｜4K直拍】跟着节奏一起《闭嘴跳舞》～,关键时刻来瓶尖叫,2142251174,2026-02-01 20:20:32,1277954,19046,13875,16780,2118,2241,6249,1,16,False
2026-03-11 02:43:08,https://www.bilibili.com/video/BV1jN64BKECs/?spm_id_from=333.337.search-card.all.click&vd_source=406d0cf895bedbdc58a3d0130d55e34c,BV1jN64BKECs,【杨博文｜4K直拍】跟着节奏一起《闭嘴跳舞》～,关键时刻来瓶尖叫,2142251174,2026-02-01 20:20:32,1277966,19047,13875,16782,2118,2241,6249,1,12,False
2026-03-11 03:43:22,https://www.bilibili.com/video/BV1jN64BKECs/?spm_id_from=333.337.search-card.all.click&vd_source=406d0cf895bedbdc58a3d0130d55e34c,BV1jN64BKECs,【杨博文｜4K直拍】跟着节奏一起《闭嘴跳舞》～,关键时刻来瓶尖叫,2142251174,2026-02-01 20:20:32,1277972,19047,13875,16782,2118,2241,6249,1,6,False
2026-03-11 04:43:36,https://www.bilibili.com/video/BV1jN64BKECs/?spm_id_from=333.337.search-card.all.click&vd_source=406d0cf895bedbdc58a3d0130d55e34c,BV1jN64BKECs,【杨博文｜4K直拍】跟着节奏一起《闭嘴跳舞》～,关键时刻来瓶尖叫,2142251174,2026-02-01 20:20:32,1277979,19047,13875,16782,2118,2241,6249,1,7,False
2026-03-11 05:43:50,https://www.bilibili.com/video/BV1jN64BKECs/?spm_id_from=333.337.search-card.all.click&vd_source=406d0cf895bedbdc58a3d0130d55e34c,BV1jN64BKECs,【杨博文｜4K直拍】跟着节奏一起《闭嘴跳舞》～,关键时刻来瓶尖叫,2142251174,2026-02-01 20:20:32,1277982,19047,13875,16781,2118,2241,6249,1,3,False
2026-03-11 06:44:05,https://www.bilibili.com/video/BV1jN64BKECs/?spm_id_from=333.337.search-card.all.click&vd_source=406d0cf895bedbdc58a3d0130d55e34c,BV1jN64BKECs,【杨博文｜4K直拍】跟着节奏一起《闭嘴跳舞》～,关键时刻来瓶尖叫,2142251174,2026-02-01 20:20:32,1277990,19047,13875,16781,2118,2241,6249,1,8,False
2026-03-11 07:44:18,https://www.bilibili.com/video/BV1jN64BKECs/?spm_id_from=333.337.search-card.all.click&vd_source=406d0cf895bedbdc58a3d0130d55e34c,BV1jN64BKECs,【杨博文｜4K直拍】跟着节奏一起《闭嘴跳舞》～,关键时刻来瓶尖叫,2142251174,2026-02-01 20:20:32,1277999,19047,13875,16781,2118,2241,6249,1,9,False
2026-03-11 08:44:32,https://www.bilibili.com/video/BV1jN64BKECs/?spm_id_from=333.337.search-card.all.click&vd_source=406d0cf895bedbdc58a3d0130d55e34c,BV1jN64BKECs,【杨博文｜4K直拍】跟着节奏一起《闭嘴跳舞》～,关键时刻来瓶尖叫,2142251174,2026-02-01 20:20:32,1278005,19048,13875,16781,2118,2241,6249,1,6,False
2026-03-11 09:44:47,https://www.bilibili.com/video/BV1jN64BKECs/?spm_id_from=333.337.search-card.all.click&vd_source=406d0cf895bedbdc58a3d0130d55e34c,BV1jN64BKECs,【杨博文｜4K直拍】跟着节奏一起《闭嘴跳舞》～,关键时刻来瓶尖叫,2142251174,2026-02-01 20:20:32,1278016,19048,13875,16781,2118,2241,6249,1,11,False
2026-03-11 10:45:01,https://www.bilibili.com/video/BV1jN64BKECs/?spm_id_from=333.337.search-card.all.click&vd_source=406d0cf895bedbdc58a3d0130d55e34c,BV1jN64BKECs,【杨博文｜4K直拍】跟着节奏一起《闭嘴跳舞》～,关键时刻来瓶尖叫,2142251174,2026-02-01 20:20:32,1278041,19048,13875,16781,2118,2241,6249,3,25,False
2026-03-11 11:45:15,https://www.bilibili.com/video/BV1jN64BKECs/?spm_id_from=333.337.search-card.all.click&vd_source=406d0cf895bedbdc58a3d0130d55e34c,BV1jN64BKECs,【杨博文｜4K直拍】跟着节奏一起《闭嘴跳舞》～,关键时刻来瓶尖叫,2142251174,2026-02-01 20:20:32,1278061,19048,13877,16781,2118,2241,6249,1,20,False
2026-03-11 12:45:29,https://www.bilibili.com/video/BV1jN64BKECs/?spm_id_from=333.337.search-card.all.click&vd_source=406d0cf895bedbdc58a3d0130d55e34c,BV1jN64BKECs,【杨博文｜4K直拍】跟着节奏一起《闭嘴跳舞》～,关键时刻来瓶尖叫,2142251174,2026-02-01 20:20:32,1278105,19050,13879,16783,2118,2241,6249,1,44,False
2026-03-11 13:45:44,https://www.bilibili.com/video/BV1jN64BKECs/?spm_id_from=333.337.search-card.all.click&vd_source=406d0cf895bedbdc58a3d0130d55e34c,BV1jN64BKECs,【杨博文｜4K直拍】跟着节奏一起《闭嘴跳舞》～,关键时刻来瓶尖叫,2142251174,2026-02-01 20:20:32,1278148,19052,13881,16784,2118,2241,6249,1,43,False
2026-03-11 14:45:58,https://www.bilibili.com/video/BV1jN64BKECs/?spm_id_from=333.337.search-card.all.click&vd_source=406d0cf895bedbdc58a3d0130d55e34c,BV1jN64BKECs,【杨博文｜4K直拍】跟着节奏一起《闭嘴跳舞》～,关键时刻来瓶尖叫,2142251174,2026-02-01 20:20:32,1278182,19052,13881,16785,2118,2241,6249,3,34,False
2026-03-11 15:46:12,https://www.bilibili.com/video/BV1jN64BKECs/?spm_id_from=333.337.search-card.all.click&vd_source=406d0cf895bedbdc58a3d0130d55e34c,BV1jN64BKECs,【杨博文｜4K直拍】跟着节奏一起《闭嘴跳舞》～,关键时刻来瓶尖叫,2142251174,2026-02-01 20:20:32,1278211,19052,13881,16785,2118,2241,6249,1,29,False
2026-03-11 16:46:26,https://www.bilibili.com/video/BV1jN64BKECs/?spm_id_from=333.337.search-card.all.click&vd_source=406d0cf895bedbdc58a3d0130d55e34c,BV1jN64BKECs,【杨博文｜4K直拍】跟着节奏一起《闭嘴跳舞》～,关键时刻来瓶尖叫,2142251174,2026-02-01 20:20:32,1278239,19052,13881,16784,2119,2241,6249,1,28,False
2026-03-11 17:46:41,https://www.bilibili.com/video/BV1jN64BKECs/?spm_id_from=333.337.search-card.all.click&vd_source=406d0cf895bedbdc58a3d0130d55e34c,BV1jN64BKECs,【杨博文｜4K直拍】跟着节奏一起《闭嘴跳舞》～,关键时刻来瓶尖叫,2142251174,2026-02-01 20:20:32,1278262,19053,13885,16786,2119,2241,6250,1,23,False
2026-03-11 18:46:56,https://www.bilibili.com/video/BV1jN64BKECs/?spm_id_from=333.337.search-card.all.click&vd_source=406d0cf895bedbdc58a3d0130d55e34c,BV1jN64BKECs,【杨博文｜4K直拍】跟着节奏一起《闭嘴跳舞》～,关键时刻来瓶尖叫,2142251174,2026-02-01 20:20:32,1278314,19053,13885,16787,2119,2241,6250,1,52,False
2026-03-11 19:47:11,https://www.bilibili.com/video/BV1jN64BKECs/?spm_id_from=333.337.search-card.all.click&vd_source=406d0cf895bedbdc58a3d0130d55e34c,BV1jN64BKECs,【杨博文｜4K直拍】跟着节奏一起《闭嘴跳舞》～,关键时刻来瓶尖叫,2142251174,2026-02-01 20:20:32,1278360,19055,13885,16792,2119,2241,6252,1,46,False
2026-03-11 20:47:25,https://www.bilibili.com/video/BV1jN64BKECs/?spm_id_from=333.337.search-card.all.click&vd_source=406d0cf895bedbdc58a3d0130d55e34c,BV1jN64BKECs,【杨博文｜4K直拍】跟着节奏一起《闭嘴跳舞》～,关键时刻来瓶尖叫,2142251174,2026-02-01 20:20:32,1278436,19057,13885,16793,2119,2241,6252,4,76,False
2026-03-11 21:47:41,https://www.bilibili.com/video/BV1jN64BKECs/?spm_id_from=333.337.search-card.all.click&vd_source=406d0cf895bedbdc58a3d0130d55e34c,BV1jN64BKECs,【杨博文｜4K直拍】跟着节奏一起《闭嘴跳舞》～,关键时刻来瓶尖叫,2142251174,2026-02-01 20:20:32,1278513,19060,13889,16795,2119,2241,6253,4,77,False
2026-03-11 22:47:55,https://www.bilibili.com/video/BV1jN64BKECs/?spm_id_from=333.337.search-card.all.click&vd_source=406d0cf895bedbdc58a3d0130d55e34c,BV1jN64BKECs,【杨博文｜4K直拍】跟着节奏一起《闭嘴跳舞》～,关键时刻来瓶尖叫,2142251174,2026-02-01 20:20:32,1278572,19063,13889,16798,2121,2241,6253,5,59,False
2026-03-11 23:48:10,https://www.bilibili.com/video/BV1jN64BKECs/?spm_id_from=333.337.search-card.all.click&vd_source=406d0cf895bedbdc58a3d0130d55e34c,BV1jN64BKECs,【杨博文｜4K直拍】跟着节奏一起《闭嘴跳舞》～,关键时刻来瓶尖叫,2142251174,2026-02-01 20:20:32,1278607,19064,13889,16798,2121,2241,6253,1,35,False
2026-03-11 00:42:40,https://www.bilibili.com/video/BV1s8BvBPEN5/?spm_id_from=333.1387.favlist.content.click&vd_source=406d0cf895bedbdc58a3d0130d55e34c,BV1s8BvBPEN5,【杨博文｜4K舞台直拍】好运来祝你好运来～博文宝宝祝你新年好运来,关键时刻来瓶尖叫,2142251174,2025-12-27 00:43:12,1832818,29031,15478,27735,1563,3776,4312,1,0,False
2026-03-11 01:42:54,https://www.bilibili.com/video/BV1s8BvBPEN5/?spm_id_from=333.1387.favlist.content.click&vd_source=406d0cf895bedbdc58a3d0130d55e34c,BV1s8BvBPEN5,【杨博文｜4K舞台直拍】好运来祝你好运来～博文宝宝祝你新年好运来,关键时刻来瓶尖叫,2142251174,2025-12-27 00:43:12,1832840,29031,15478,27735,1563,3776,4312,1,22,False
2026-03-11 02:43:08,https://www.bilibili.com/video/BV1s8BvBPEN5/?spm_id_from=333.1387.favlist.content.click&vd_source=406d0cf895bedbdc58a3d0130d55e34c,BV1s8BvBPEN5,【杨博文｜4K舞台直拍】好运来祝你好运来～博文宝宝祝你新年好运来,关键时刻来瓶尖叫,2142251174,2025-12-27 00:43:12,1832852,29031,15478,27735,1563,3776,4312,1,12,False
2026-03-11 03:43:22,https://www.bilibili.com/video/BV1s8BvBPEN5/?spm_id_from=333.1387.favlist.content.click&vd_source=406d0cf895bedbdc58a3d0130d55e34c,BV1s8BvBPEN5,【杨博文｜4K舞台直拍】好运来祝你好运来～博文宝宝祝你新年好运来,关键时刻来瓶尖叫,2142251174,2025-12-27 00:43:12,1832863,29031,15478,27735,1563,3776,4312,1,11,False
2026-03-11 04:43:36,https://www.bilibili.com/video/BV1s8BvBPEN5/?spm_id_from=333.1387.favlist.content.click&vd_source=406d0cf895bedbdc58a3d0130d55e34c,BV1s8BvBPEN5,【杨博文｜4K舞台直拍】好运来祝你好运来～博文宝宝祝你新年好运来,关键时刻来瓶尖叫,2142251174,2025-12-27 00:43:12,1832873,29031,15478,27735,1563,3776,4312,1,10,False
2026-03-11 05:43:50,https://www.bilibili.com/video/BV1s8BvBPEN5/?spm_id_from=333.1387.favlist.content.click&vd_source=406d0cf895bedbdc58a3d0130d55e34c,BV1s8BvBPEN5,【杨博文｜4K舞台直拍】好运来祝你好运来～博文宝宝祝你新年好运来,关键时刻来瓶尖叫,2142251174,2025-12-27 00:43:12,1832883,29032,15480,27734,1563,3776,4312,1,10,False
2026-03-11 06:44:05,https://www.bilibili.com/video/BV1s8BvBPEN5/?spm_id_from=333.1387.favlist.content.click&vd_source=406d0cf895bedbdc58a3d0130d55e34c,BV1s8BvBPEN5,【杨博文｜4K舞台直拍】好运来祝你好运来～博文宝宝祝你新年好运来,关键时刻来瓶尖叫,2142251174,2025-12-27 00:43:12,1832889,29032,15480,27734,1563,3776,4312,1,6,False
2026-03-11 07:44:18,https://www.bilibili.com/video/BV1s8BvBPEN5/?spm_id_from=333.1387.favlist.content.click&vd_source=406d0cf895bedbdc58a3d0130d55e34c,BV1s8BvBPEN5,【杨博文｜4K舞台直拍】好运来祝你好运来～博文宝宝祝你新年好运来,关键时刻来瓶尖叫,2142251174,2025-12-27 00:43:12,1832892,29033,15480,27734,1563,3776,4312,1,3,False
2026-03-11 08:44:32,https://www.bilibili.com/video/BV1s8BvBPEN5/?spm_id_from=333.1387.favlist.content.click&vd_source=406d0cf895bedbdc58a3d0130d55e34c,BV1s8BvBPEN5,【杨博文｜4K舞台直拍】好运来祝你好运来～博文宝宝祝你新年好运来,关键时刻来瓶尖叫,2142251174,2025-12-27 00:43:12,1832894,29034,15480,27734,1563,3776,4312,1,2,False
2026-03-11 09:44:47,https://www.bilibili.com/video/BV1s8BvBPEN5/?spm_id_from=333.1387.favlist.content.click&vd_source=406d0cf895bedbdc58a3d0130d55e34c,BV1s8BvBPEN5,【杨博文｜4K舞台直拍】好运来祝你好运来～博文宝宝祝你新年好运来,关键时刻来瓶尖叫,2142251174,2025-12-27 00:43:12,1832897,29034,15480,27734,1563,3776,4312,1,3,False
2026-03-11 10:45:01,https://www.bilibili.com/video/BV1s8BvBPEN5/?spm_id_from=333.1387.favlist.content.click&vd_source=406d0cf895bedbdc58a3d0130d55e34c,BV1s8BvBPEN5,【杨博文｜4K舞台直拍】好运来祝你好运来～博文宝宝祝你新年好运来,关键时刻来瓶尖叫,2142251174,2025-12-27 00:43:12,1832915,29034,15480,27734,1563,3776,4312,1,18,False
2026-03-11 11:45:15,https://www.bilibili.com/video/BV1s8BvBPEN5/?spm_id_from=333.1387.favlist.content.click&vd_source=406d0cf895bedbdc58a3d0130d55e34c,BV1s8BvBPEN5,【杨博文｜4K舞台直拍】好运来祝你好运来～博文宝宝祝你新年好运来,关键时刻来瓶尖叫,2142251174,2025-12-27 00:43:12,1832932,29034,15480,27734,1563,3776,4312,1,17,False
2026-03-11 12:45:29,https://www.bilibili.com/video/BV1s8BvBPEN5/?spm_id_from=333.1387.favlist.content.click&vd_source=406d0cf895bedbdc58a3d0130d55e34c,BV1s8BvBPEN5,【杨博文｜4K舞台直拍】好运来祝你好运来～博文宝宝祝你新年好运来,关键时刻来瓶尖叫,2142251174,2025-12-27 00:43:12,1832950,29036,15482,27735,1563,3776,4312,1,18,False
2026-03-11 13:45:44,https://www.bilibili.com/video/BV1s8BvBPEN5/?spm_id_from=333.1387.favlist.content.click&vd_source=406d0cf895bedbdc58a3d0130d55e34c,BV1s8BvBPEN5,【杨博文｜4K舞台直拍】好运来祝你好运来～博文宝宝祝你新年好运来,关键时刻来瓶尖叫,2142251174,2025-12-27 00:43:12,1832972,29037,15482,27735,1563,3776,4312,1,22,False
2026-03-11 14:45:58,https://www.bilibili.com/video/BV1s8BvBPEN5/?spm_id_from=333.1387.favlist.content.click&vd_source=406d0cf895bedbdc58a3d0130d55e34c,BV1s8BvBPEN5,【杨博文｜4K舞台直拍】好运来祝你好运来～博文宝宝祝你新年好运来,关键时刻来瓶尖叫,2142251174,2025-12-27 00:43:12,1832995,29038,15484,27736,1563,3776,4312,1,23,False
2026-03-11 15:46:12,https://www.bilibili.com/video/BV1s8BvBPEN5/?spm_id_from=333.1387.favlist.content.click&vd_source=406d0cf895bedbdc58a3d0130d55e34c,BV1s8BvBPEN5,【杨博文｜4K舞台直拍】好运来祝你好运来～博文宝宝祝你新年好运来,关键时刻来瓶尖叫,2142251174,2025-12-27 00:43:12,1833014,29038,15484,27736,1563,3776,4312,1,19,False
2026-03-11 16:46:26,https://www.bilibili.com/video/BV1s8BvBPEN5/?spm_id_from=333.1387.favlist.content.click&vd_source=406d0cf895bedbdc58a3d0130d55e34c,BV1s8BvBPEN5,【杨博文｜4K舞台直拍】好运来祝你好运来～博文宝宝祝你新年好运来,关键时刻来瓶尖叫,2142251174,2025-12-27 00:43:12,1833044,29038,15484,27736,1563,3776,4312,1,30,False
2026-03-11 17:46:41,https://www.bilibili.com/video/BV1s8BvBPEN5/?spm_id_from=333.1387.favlist.content.click&vd_source=406d0cf895bedbdc58a3d0130d55e34c,BV1s8BvBPEN5,【杨博文｜4K舞台直拍】好运来祝你好运来～博文宝宝祝你新年好运来,关键时刻来瓶尖叫,2142251174,2025-12-27 00:43:12,1833064,29038,15485,27736,1563,3776,4312,1,20,False
2026-03-11 18:46:56,https://www.bilibili.com/video/BV1s8BvBPEN5/?spm_id_from=333.1387.favlist.content.click&vd_source=406d0cf895bedbdc58a3d0130d55e34c,BV1s8BvBPEN5,【杨博文｜4K舞台直拍】好运来祝你好运来～博文宝宝祝你新年好运来,关键时刻来瓶尖叫,2142251174,2025-12-27 00:43:12,1833104,29040,15485,27738,1563,3776,4312,1,40,False
2026-03-11 19:47:11,https://www.bilibili.com/video/BV1s8BvBPEN5/?spm_id_from=333.1387.favlist.content.click&vd_source=406d0cf895bedbdc58a3d0130d55e34c,BV1s8BvBPEN5,【杨博文｜4K舞台直拍】好运来祝你好运来～博文宝宝祝你新年好运来,关键时刻来瓶尖叫,2142251174,2025-12-27 00:43:12,1833154,29041,15485,27738,1563,3776,4312,1,50,False
2026-03-11 20:47:25,https://www.bilibili.com/video/BV1s8BvBPEN5/?spm_id_from=333.1387.favlist.content.click&vd_source=406d0cf895bedbdc58a3d0130d55e34c,BV1s8BvBPEN5,【杨博文｜4K舞台直拍】好运来祝你好运来～博文宝宝祝你新年好运来,关键时刻来瓶尖叫,2142251174,2025-12-27 00:43:12,1833205,29042,15485,27738,1563,3776,4312,1,51,False
2026-03-11 21:47:41,https://www.bilibili.com/video/BV1s8BvBPEN5/?spm_id_from=333.1387.favlist.content.click&vd_source=406d0cf895bedbdc58a3d0130d55e34c,BV1s8BvBPEN5,【杨博文｜4K舞台直拍】好运来祝你好运来～博文宝宝祝你新年好运来,关键时刻来瓶尖叫,2142251174,2025-12-27 00:43:12,1833247,29042,15485,27736,1563,3776,4312,2,42,False
2026-03-11 22:47:55,https://www.bilibili.com/video/BV1s8BvBPEN5/?spm_id_from=333.1387.favlist.content.click&vd_source=406d0cf895bedbdc58a3d0130d55e34c,BV1s8BvBPEN5,【杨博文｜4K舞台直拍】好运来祝你好运来～博文宝宝祝你新年好运来,关键时刻来瓶尖叫,2142251174,2025-12-27 00:43:12,1833272,29043,15485,27737,1563,3776,4312,1,25,False
2026-03-11 23:48:10,https://www.bilibili.com/video/BV1s8BvBPEN5/?spm_id_from=333.1387.favlist.content.click&vd_source=406d0cf895bedbdc58a3d0130d55e34c,BV1s8BvBPEN5,【杨博文｜4K舞台直拍】好运来祝你好运来～博文宝宝祝你新年好运来,关键时刻来瓶尖叫,2142251174,2025-12-27 00:43:12,1833293,29043,15485,27739,1563,3777,4312,2,21,False
2026-03-11 00:42:40,https://www.bilibili.com/video/BV1A5vkB2E1k/?spm_id_from=333.1387.favlist.content.click&vd_source=406d0cf895bedbdc58a3d0130d55e34c,BV1A5vkB2E1k,【杨博文】Hey Mama六机位纯舞直拍丨15岁舞台统治者的诞生，四代主舞燃炸全场！,Kismet丨杨博文,259932025,2025-12-28 22:28:16,2257553,52563,39995,39461,5579,11310,17504,1,0,False
2026-03-11 01:42:54,https://www.bilibili.com/video/BV1A5vkB2E1k/?spm_id_from=333.1387.favlist.content.click&vd_source=406d0cf895bedbdc58a3d0130d55e34c,BV1A5vkB2E1k,【杨博文】Hey Mama六机位纯舞直拍丨15岁舞台统治者的诞生，四代主舞燃炸全场！,Kismet丨杨博文,259932025,2025-12-28 22:28:16,2257599,52566,39995,39462,5579,11311,17505,1,46,False
2026-03-11 02:43:08,https://www.bilibili.com/video/BV1A5vkB2E1k/?spm_id_from=333.1387.favlist.content.click&vd_source=406d0cf895bedbdc58a3d0130d55e34c,BV1A5vkB2E1k,【杨博文】Hey Mama六机位纯舞直拍丨15岁舞台统治者的诞生，四代主舞燃炸全场！,Kismet丨杨博文,259932025,2025-12-28 22:28:16,2257646,52569,39997,39463,5579,11311,17507,1,47,False
2026-03-11 03:43:22,https://www.bilibili.com/video/BV1A5vkB2E1k/?spm_id_from=333.1387.favlist.content.click&vd_source=406d0cf895bedbdc58a3d0130d55e34c,BV1A5vkB2E1k,【杨博文】Hey Mama六机位纯舞直拍丨15岁舞台统治者的诞生，四代主舞燃炸全场！,Kismet丨杨博文,259932025,2025-12-28 22:28:16,2257697,52569,39997,39463,5579,11311,17507,1,51,False
2026-03-11 04:43:36,https://www.bilibili.com/video/BV1A5vkB2E1k/?spm_id_from=333.1387.favlist.content.click&vd_source=406d0cf895bedbdc58a3d0130d55e34c,BV1A5vkB2E1k,【杨博文】Hey Mama六机位纯舞直拍丨15岁舞台统治者的诞生，四代主舞燃炸全场！,Kismet丨杨博文,259932025,2025-12-28 22:28:16,2257746,52569,39997,39463,5579,11311,17507,1,49,False
2026-03-11 05:43:50,https://www.bilibili.com/video/BV1A5vkB2E1k/?spm_id_from=333.1387.favlist.content.click&vd_source=406d0cf895bedbdc58a3d0130d55e34c,BV1A5vkB2E1k,【杨博文】Hey Mama六机位纯舞直拍丨15岁舞台统治者的诞生，四代主舞燃炸全场！,Kismet丨杨博文,259932025,2025-12-28 22:28:16,2257807,52570,39997,39462,5579,11311,17507,1,61,False
2026-03-11 06:44:05,https://www.bilibili.com/video/BV1A5vkB2E1k/?spm_id_from=333.1387.favlist.content.click&vd_source=406d0cf895bedbdc58a3d0130d55e34c,BV1A5vkB2E1k,【杨博文】Hey Mama六机位纯舞直拍丨15岁舞台统治者的诞生，四代主舞燃炸全场！,Kismet丨杨博文,259932025,2025-12-28 22:28:16,2257852,52570,39997,39462,5579,11311,17507,1,45,False
2026-03-11 07:44:18,https://www.bilibili.com/video/BV1A5vkB2E1k/?spm_id_from=333.1387.favlist.content.click&vd_source=406d0cf895bedbdc58a3d0130d55e34c,BV1A5vkB2E1k,【杨博文】Hey Mama六机位纯舞直拍丨15岁舞台统治者的诞生，四代主舞燃炸全场！,Kismet丨杨博文,259932025,2025-12-28 22:28:16,2257906,52572,39997,39462,5579,11312,17507,1,54,False
2026-03-11 08:44:32,https://www.bilibili.com/video/BV1A5vkB2E1k/?spm_id_from=333.1387.favlist.content.click&vd_source=406d0cf895bedbdc58a3d0130d55e34c,BV1A5vkB2E1k,【杨博文】Hey Mama六机位纯舞直拍丨15岁舞台统治者的诞生，四代主舞燃炸全场！,Kismet丨杨博文,259932025,2025-12-28 22:28:16,2257961,52574,39997,39462,5579,11312,17507,1,55,False
2026-03-11 09:44:47,https://www.bilibili.com/video/BV1A5vkB2E1k/?spm_id_from=333.1387.favlist.content.click&vd_source=406d0cf895bedbdc58a3d0130d55e34c,BV1A5vkB2E1k,【杨博文】Hey Mama六机位纯舞直拍丨15岁舞台统治者的诞生，四代主舞燃炸全场！,Kismet丨杨博文,259932025,2025-12-28 22:28:16,2258018,52576,39997,39462,5579,11312,17507,1,57,False
2026-03-11 10:45:01,https://www.bilibili.com/video/BV1A5vkB2E1k/?spm_id_from=333.1387.favlist.content.click&vd_source=406d0cf895bedbdc58a3d0130d55e34c,BV1A5vkB2E1k,【杨博文】Hey Mama六机位纯舞直拍丨15岁舞台统治者的诞生，四代主舞燃炸全场！,Kismet丨杨博文,259932025,2025-12-28 22:28:16,2258093,52576,39997,39462,5579,11312,17507,1,75,False
2026-03-11 11:45:15,https://www.bilibili.com/video/BV1A5vkB2E1k/?spm_id_from=333.1387.favlist.content.click&vd_source=406d0cf895bedbdc58a3d0130d55e34c,BV1A5vkB2E1k,【杨博文】Hey Mama六机位纯舞直拍丨15岁舞台统治者的诞生，四代主舞燃炸全场！,Kismet丨杨博文,259932025,2025-12-28 22:28:16,2258165,52577,39999,39463,5579,11312,17507,1,72,False
2026-03-11 12:45:29,https://www.bilibili.com/video/BV1A5vkB2E1k/?spm_id_from=333.1387.favlist.content.click&vd_source=406d0cf895bedbdc58a3d0130d55e34c,BV1A5vkB2E1k,【杨博文】Hey Mama六机位纯舞直拍丨15岁舞台统治者的诞生，四代主舞燃炸全场！,Kismet丨杨博文,259932025,2025-12-28 22:28:16,2258231,52578,39999,39465,5579,11312,17507,1,66,False
2026-03-11 13:45:44,https://www.bilibili.com/video/BV1A5vkB2E1k/?spm_id_from=333.1387.favlist.content.click&vd_source=406d0cf895bedbdc58a3d0130d55e34c,BV1A5vkB2E1k,【杨博文】Hey Mama六机位纯舞直拍丨15岁舞台统治者的诞生，四代主舞燃炸全场！,Kismet丨杨博文,259932025,2025-12-28 22:28:16,2258316,52579,39999,39467,5580,11312,17507,1,85,False
2026-03-11 14:45:58,https://www.bilibili.com/video/BV1A5vkB2E1k/?spm_id_from=333.1387.favlist.content.click&vd_source=406d0cf895bedbdc58a3d0130d55e34c,BV1A5vkB2E1k,【杨博文】Hey Mama六机位纯舞直拍丨15岁舞台统治者的诞生，四代主舞燃炸全场！,Kismet丨杨博文,259932025,2025-12-28 22:28:16,2258389,52579,39999,39467,5580,11312,17508,2,73,False
2026-03-11 15:46:12,https://www.bilibili.com/video/BV1A5vkB2E1k/?spm_id_from=333.1387.favlist.content.click&vd_source=406d0cf895bedbdc58a3d0130d55e34c,BV1A5vkB2E1k,【杨博文】Hey Mama六机位纯舞直拍丨15岁舞台统治者的诞生，四代主舞燃炸全场！,Kismet丨杨博文,259932025,2025-12-28 22:28:16,2258474,52580,39999,39467,5580,11312,17508,1,85,False
2026-03-11 16:46:26,https://www.bilibili.com/video/BV1A5vkB2E1k/?spm_id_from=333.1387.favlist.content.click&vd_source=406d0cf895bedbdc58a3d0130d55e34c,BV1A5vkB2E1k,【杨博文】Hey Mama六机位纯舞直拍丨15岁舞台统治者的诞生，四代主舞燃炸全场！,Kismet丨杨博文,259932025,2025-12-28 22:28:16,2258555,52581,40001,39469,5580,11312,17508,1,81,False
2026-03-11 17:46:41,https://www.bilibili.com/video/BV1A5vkB2E1k/?spm_id_from=333.1387.favlist.content.click&vd_source=406d0cf895bedbdc58a3d0130d55e34c,BV1A5vkB2E1k,【杨博文】Hey Mama六机位纯舞直拍丨15岁舞台统治者的诞生，四代主舞燃炸全场！,Kismet丨杨博文,259932025,2025-12-28 22:28:16,2258632,52581,40001,39471,5580,11312,17508,1,77,False
2026-03-11 18:46:56,https://www.bilibili.com/video/BV1A5vkB2E1k/?spm_id_from=333.1387.favlist.content.click&vd_source=406d0cf895bedbdc58a3d0130d55e34c,BV1A5vkB2E1k,【杨博文】Hey Mama六机位纯舞直拍丨15岁舞台统治者的诞生，四代主舞燃炸全场！,Kismet丨杨博文,259932025,2025-12-28 22:28:16,2258750,52583,40003,39473,5580,11312,17508,1,118,False
2026-03-11 19:47:11,https://www.bilibili.com/video/BV1A5vkB2E1k/?spm_id_from=333.1387.favlist.content.click&vd_source=406d0cf895bedbdc58a3d0130d55e34c,BV1A5vkB2E1k,【杨博文】Hey Mama六机位纯舞直拍丨15岁舞台统治者的诞生，四代主舞燃炸全场！,Kismet丨杨博文,259932025,2025-12-28 22:28:16,2258863,52583,40003,39473,5580,11312,17508,2,113,False
2026-03-11 20:47:25,https://www.bilibili.com/video/BV1A5vkB2E1k/?spm_id_from=333.1387.favlist.content.click&vd_source=406d0cf895bedbdc58a3d0130d55e34c,BV1A5vkB2E1k,【杨博文】Hey Mama六机位纯舞直拍丨15岁舞台统治者的诞生，四代主舞燃炸全场！,Kismet丨杨博文,259932025,2025-12-28 22:28:16,2258986,52587,40005,39478,5580,11312,17508,3,123,False
2026-03-11 21:47:41,https://www.bilibili.com/video/BV1A5vkB2E1k/?spm_id_from=333.1387.favlist.content.click&vd_source=406d0cf895bedbdc58a3d0130d55e34c,BV1A5vkB2E1k,【杨博文】Hey Mama六机位纯舞直拍丨15岁舞台统治者的诞生，四代主舞燃炸全场！,Kismet丨杨博文,259932025,2025-12-28 22:28:16,2259132,52589,40007,39478,5580,11312,17510,3,146,False
2026-03-11 22:47:55,https://www.bilibili.com/video/BV1A5vkB2E1k/?spm_id_from=333.1387.favlist.content.click&vd_source=406d0cf895bedbdc58a3d0130d55e34c,BV1A5vkB2E1k,【杨博文】Hey Mama六机位纯舞直拍丨15岁舞台统治者的诞生，四代主舞燃炸全场！,Kismet丨杨博文,259932025,2025-12-28 22:28:16,2259252,52592,40007,39480,5580,11312,17510,3,120,False
2026-03-11 23:48:10,https://www.bilibili.com/video/BV1A5vkB2E1k/?spm_id_from=333.1387.favlist.content.click&vd_source=406d0cf895bedbdc58a3d0130d55e34c,BV1A5vkB2E1k,【杨博文】Hey Mama六机位纯舞直拍丨15岁舞台统治者的诞生，四代主舞燃炸全场！,Kismet丨杨博文,259932025,2025-12-28 22:28:16,2259358,52593,40007,39481,5582,11312,17510,1,106,False
2026-03-11 00:42:40,https://www.bilibili.com/video/BV1M9ePzaELH/?spm_id_from=333.1387.favlist.content.click&vd_source=406d0cf895bedbdc58a3d0130d55e34c,BV1M9ePzaELH,「杨博文｜卡拉永远OK」突发舞台事故？我怎么没看见,Astra_杨博文,1006909645,2025-08-19 22:15:30,781966,13792,4297,9350,1142,600,492,1,0,False
2026-03-11 01:42:54,https://www.bilibili.com/video/BV1M9ePzaELH/?spm_id_from=333.1387.favlist.content.click&vd_source=406d0cf895bedbdc58a3d0130d55e34c,BV1M9ePzaELH,「杨博文｜卡拉永远OK」突发舞台事故？我怎么没看见,Astra_杨博文,1006909645,2025-08-19 22:15:30,781977,13792,4297,9350,1142,600,492,1,11,False
2026-03-11 02:43:08,https://www.bilibili.com/video/BV1M9ePzaELH/?spm_id_from=333.1387.favlist.content.click&vd_source=406d0cf895bedbdc58a3d0130d55e34c,BV1M9ePzaELH,「杨博文｜卡拉永远OK」突发舞台事故？我怎么没看见,Astra_杨博文,1006909645,2025-08-19 22:15:30,781989,13792,4297,9349,1142,600,492,1,12,False
2026-03-11 03:43:22,https://www.bilibili.com/video/BV1M9ePzaELH/?spm_id_from=333.1387.favlist.content.click&vd_source=406d0cf895bedbdc58a3d0130d55e34c,BV1M9ePzaELH,「杨博文｜卡拉永远OK」突发舞台事故？我怎么没看见,Astra_杨博文,1006909645,2025-08-19 22:15:30,781999,13792,4297,9349,1142,600,492,1,10,False
2026-03-11 04:43:36,https://www.bilibili.com/video/BV1M9ePzaELH/?spm_id_from=333.1387.favlist.content.click&vd_source=406d0cf895bedbdc58a3d0130d55e34c,BV1M9ePzaELH,「杨博文｜卡拉永远OK」突发舞台事故？我怎么没看见,Astra_杨博文,1006909645,2025-08-19 22:15:30,782008,13792,4297,9349,1142,600,492,1,9,False
2026-03-11 05:43:50,https://www.bilibili.com/video/BV1M9ePzaELH/?spm_id_from=333.1387.favlist.content.click&vd_source=406d0cf895bedbdc58a3d0130d55e34c,BV1M9ePzaELH,「杨博文｜卡拉永远OK」突发舞台事故？我怎么没看见,Astra_杨博文,1006909645,2025-08-19 22:15:30,782018,13792,4297,9349,1142,600,492,1,10,False
2026-03-11 06:44:05,https://www.bilibili.com/video/BV1M9ePzaELH/?spm_id_from=333.1387.favlist.content.click&vd_source=406d0cf895bedbdc58a3d0130d55e34c,BV1M9ePzaELH,「杨博文｜卡拉永远OK」突发舞台事故？我怎么没看见,Astra_杨博文,1006909645,2025-08-19 22:15:30,782024,13792,4297,9349,1142,600,492,1,6,False
2026-03-11 07:44:18,https://www.bilibili.com/video/BV1M9ePzaELH/?spm_id_from=333.1387.favlist.content.click&vd_source=406d0cf895bedbdc58a3d0130d55e34c,BV1M9ePzaELH,「杨博文｜卡拉永远OK」突发舞台事故？我怎么没看见,Astra_杨博文,1006909645,2025-08-19 22:15:30,782026,13792,4297,9349,1142,600,492,1,2,False
2026-03-11 08:44:32,https://www.bilibili.com/video/BV1M9ePzaELH/?spm_id_from=333.1387.favlist.content.click&vd_source=406d0cf895bedbdc58a3d0130d55e34c,BV1M9ePzaELH,「杨博文｜卡拉永远OK」突发舞台事故？我怎么没看见,Astra_杨博文,1006909645,2025-08-19 22:15:30,782031,13793,4299,9349,1142,600,492,1,5,False
2026-03-11 09:44:47,https://www.bilibili.com/video/BV1M9ePzaELH/?spm_id_from=333.1387.favlist.content.click&vd_source=406d0cf895bedbdc58a3d0130d55e34c,BV1M9ePzaELH,「杨博文｜卡拉永远OK」突发舞台事故？我怎么没看见,Astra_杨博文,1006909645,2025-08-19 22:15:30,782038,13793,4299,9349,1142,600,492,1,7,False
2026-03-11 10:45:01,https://www.bilibili.com/video/BV1M9ePzaELH/?spm_id_from=333.1387.favlist.content.click&vd_source=406d0cf895bedbdc58a3d0130d55e34c,BV1M9ePzaELH,「杨博文｜卡拉永远OK」突发舞台事故？我怎么没看见,Astra_杨博文,1006909645,2025-08-19 22:15:30,782053,13793,4299,9349,1142,600,492,1,15,False
2026-03-11 11:45:15,https://www.bilibili.com/video/BV1M9ePzaELH/?spm_id_from=333.1387.favlist.content.click&vd_source=406d0cf895bedbdc58a3d0130d55e34c,BV1M9ePzaELH,「杨博文｜卡拉永远OK」突发舞台事故？我怎么没看见,Astra_杨博文,1006909645,2025-08-19 22:15:30,782063,13793,4299,9349,1142,600,492,1,10,False
2026-03-11 12:45:29,https://www.bilibili.com/video/BV1M9ePzaELH/?spm_id_from=333.1387.favlist.content.click&vd_source=406d0cf895bedbdc58a3d0130d55e34c,BV1M9ePzaELH,「杨博文｜卡拉永远OK」突发舞台事故？我怎么没看见,Astra_杨博文,1006909645,2025-08-19 22:15:30,782075,13793,4299,9349,1142,600,492,1,12,False
2026-03-11 13:45:44,https://www.bilibili.com/video/BV1M9ePzaELH/?spm_id_from=333.1387.favlist.content.click&vd_source=406d0cf895bedbdc58a3d0130d55e34c,BV1M9ePzaELH,「杨博文｜卡拉永远OK」突发舞台事故？我怎么没看见,Astra_杨博文,1006909645,2025-08-19 22:15:30,782089,13793,4299,9349,1142,600,492,1,14,False
2026-03-11 14:45:58,https://www.bilibili.com/video/BV1M9ePzaELH/?spm_id_from=333.1387.favlist.content.click&vd_source=406d0cf895bedbdc58a3d0130d55e34c,BV1M9ePzaELH,「杨博文｜卡拉永远OK」突发舞台事故？我怎么没看见,Astra_杨博文,1006909645,2025-08-19 22:15:30,782102,13793,4299,9349,1142,600,492,1,13,False
2026-03-11 15:46:12,https://www.bilibili.com/video/BV1M9ePzaELH/?spm_id_from=333.1387.favlist.content.click&vd_source=406d0cf895bedbdc58a3d0130d55e34c,BV1M9ePzaELH,「杨博文｜卡拉永远OK」突发舞台事故？我怎么没看见,Astra_杨博文,1006909645,2025-08-19 22:15:30,782126,13793,4299,9349,1142,600,492,1,24,False
2026-03-11 16:46:26,https://www.bilibili.com/video/BV1M9ePzaELH/?spm_id_from=333.1387.favlist.content.click&vd_source=406d0cf895bedbdc58a3d0130d55e34c,BV1M9ePzaELH,「杨博文｜卡拉永远OK」突发舞台事故？我怎么没看见,Astra_杨博文,1006909645,2025-08-19 22:15:30,782156,13793,4299,9349,1142,600,492,1,30,False
2026-03-11 17:46:41,https://www.bilibili.com/video/BV1M9ePzaELH/?spm_id_from=333.1387.favlist.content.click&vd_source=406d0cf895bedbdc58a3d0130d55e34c,BV1M9ePzaELH,「杨博文｜卡拉永远OK」突发舞台事故？我怎么没看见,Astra_杨博文,1006909645,2025-08-19 22:15:30,782173,13793,4299,9349,1142,600,492,1,17,False
2026-03-11 18:46:56,https://www.bilibili.com/video/BV1M9ePzaELH/?spm_id_from=333.1387.favlist.content.click&vd_source=406d0cf895bedbdc58a3d0130d55e34c,BV1M9ePzaELH,「杨博文｜卡拉永远OK」突发舞台事故？我怎么没看见,Astra_杨博文,1006909645,2025-08-19 22:15:30,782210,13793,4299,9349,1142,600,492,1,37,False
2026-03-11 19:47:11,https://www.bilibili.com/video/BV1M9ePzaELH/?spm_id_from=333.1387.favlist.content.click&vd_source=406d0cf895bedbdc58a3d0130d55e34c,BV1M9ePzaELH,「杨博文｜卡拉永远OK」突发舞台事故？我怎么没看见,Astra_杨博文,1006909645,2025-08-19 22:15:30,782247,13793,4299,9349,1142,600,492,1,37,False
2026-03-11 20:47:25,https://www.bilibili.com/video/BV1M9ePzaELH/?spm_id_from=333.1387.favlist.content.click&vd_source=406d0cf895bedbdc58a3d0130d55e34c,BV1M9ePzaELH,「杨博文｜卡拉永远OK」突发舞台事故？我怎么没看见,Astra_杨博文,1006909645,2025-08-19 22:15:30,782271,13793,4299,9349,1142,600,492,1,24,False
2026-03-11 21:47:41,https://www.bilibili.com/video/BV1M9ePzaELH/?spm_id_from=333.1387.favlist.content.click&vd_source=406d0cf895bedbdc58a3d0130d55e34c,BV1M9ePzaELH,「杨博文｜卡拉永远OK」突发舞台事故？我怎么没看见,Astra_杨博文,1006909645,2025-08-19 22:15:30,782311,13793,4299,9347,1142,600,492,1,40,False
2026-03-11 22:47:55,https://www.bilibili.com/video/BV1M9ePzaELH/?spm_id_from=333.1387.favlist.content.click&vd_source=406d0cf895bedbdc58a3d0130d55e34c,BV1M9ePzaELH,「杨博文｜卡拉永远OK」突发舞台事故？我怎么没看见,Astra_杨博文,1006909645,2025-08-19 22:15:30,782340,13793,4299,9347,1142,600,492,1,29,False
2026-03-11 23:48:10,https://www.bilibili.com/video/BV1M9ePzaELH/?spm_id_from=333.1387.favlist.content.click&vd_source=406d0cf895bedbdc58a3d0130d55e34c,BV1M9ePzaELH,「杨博文｜卡拉永远OK」突发舞台事故？我怎么没看见,Astra_杨博文,1006909645,2025-08-19 22:15:30,782362,13793,4299,9347,1142,600,492,1,22,False
2026-03-11 00:42:40,https://www.bilibili.com/video/BV1WjA6zyEiN/?spm_id_from=333.1387.favlist.content.click&vd_source=406d0cf895bedbdc58a3d0130d55e34c,BV1WjA6zyEiN,听视频防吞,爱磕糖的兔子Y,628963336,2026-02-26 20:14:24,54118,7,0,152,1,0,0,1,0,False
2026-03-11 01:42:54,https://www.bilibili.com/video/BV1WjA6zyEiN/?spm_id_from=333.1387.favlist.content.click&vd_source=406d0cf895bedbdc58a3d0130d55e34c,BV1WjA6zyEiN,听视频防吞,爱磕糖的兔子Y,628963336,2026-02-26 20:14:24,54118,7,0,152,1,0,0,1,0,False
2026-03-11 02:43:08,https://www.bilibili.com/video/BV1WjA6zyEiN/?spm_id_from=333.1387.favlist.content.click&vd_source=406d0cf895bedbdc58a3d0130d55e34c,BV1WjA6zyEiN,听视频防吞,爱磕糖的兔子Y,628963336,2026-02-26 20:14:24,54118,7,0,152,1,0,0,1,0,False
2026-03-11 03:43:22,https://www.bilibili.com/video/BV1WjA6zyEiN/?spm_id_from=333.1387.favlist.content.click&vd_source=406d0cf895bedbdc58a3d0130d55e34c,BV1WjA6zyEiN,听视频防吞,爱磕糖的兔子Y,628963336,2026-02-26 20:14:24,54118,7,0,152,1,0,0,1,0,False
2026-03-11 04:43:36,https://www.bilibili.com/video/BV1WjA6zyEiN/?spm_id_from=333.1387.favlist.content.click&vd_source=406d0cf895bedbdc58a3d0130d55e34c,BV1WjA6zyEiN,听视频防吞,爱磕糖的兔子Y,628963336,2026-02-26 20:14:24,54118,7,0,152,1,0,0,1,0,False
2026-03-11 05:43:50,https://www.bilibili.com/video/BV1WjA6zyEiN/?spm_id_from=333.1387.favlist.content.click&vd_source=406d0cf895bedbdc58a3d0130d55e34c,BV1WjA6zyEiN,听视频防吞,爱磕糖的兔子Y,628963336,2026-02-26 20:14:24,54118,7,0,152,1,0,0,1,0,False
2026-03-11 06:44:05,https://www.bilibili.com/video/BV1WjA6zyEiN/?spm_id_from=333.1387.favlist.content.click&vd_source=406d0cf895bedbdc58a3d0130d55e34c,BV1WjA6zyEiN,听视频防吞,爱磕糖的兔子Y,628963336,2026-02-26 20:14:24,54118,7,0,152,1,0,0,1,0,False
2026-03-11 07:44:18,https://www.bilibili.com/video/BV1WjA6zyEiN/?spm_id_from=333.1387.favlist.content.click&vd_source=406d0cf895bedbdc58a3d0130d55e34c,BV1WjA6zyEiN,听视频防吞,爱磕糖的兔子Y,628963336,2026-02-26 20:14:24,54118,7,0,152,1,0,0,1,0,False
2026-03-11 08:44:32,https://www.bilibili.com/video/BV1WjA6zyEiN/?spm_id_from=333.1387.favlist.content.click&vd_source=406d0cf895bedbdc58a3d0130d55e34c,BV1WjA6zyEiN,听视频防吞,爱磕糖的兔子Y,628963336,2026-02-26 20:14:24,54118,7,0,152,1,0,0,1,0,False
2026-03-11 09:44:47,https://www.bilibili.com/video/BV1WjA6zyEiN/?spm_id_from=333.1387.favlist.content.click&vd_source=406d0cf895bedbdc58a3d0130d55e34c,BV1WjA6zyEiN,听视频防吞,爱磕糖的兔子Y,628963336,2026-02-26 20:14:24,54120,7,0,152,1,0,0,1,2,False
2026-03-11 10:45:01,https://www.bilibili.com/video/BV1WjA6zyEiN/?spm_id_from=333.1387.favlist.content.click&vd_source=406d0cf895bedbdc58a3d0130d55e34c,BV1WjA6zyEiN,听视频防吞,爱磕糖的兔子Y,628963336,2026-02-26 20:14:24,54135,7,0,152,1,0,0,1,15,False
2026-03-11 11:45:15,https://www.bilibili.com/video/BV1WjA6zyEiN/?spm_id_from=333.1387.favlist.content.click&vd_source=406d0cf895bedbdc58a3d0130d55e34c,BV1WjA6zyEiN,听视频防吞,爱磕糖的兔子Y,628963336,2026-02-26 20:14:24,54143,7,0,152,1,0,0,1,8,False
2026-03-11 12:45:29,https://www.bilibili.com/video/BV1WjA6zyEiN/?spm_id_from=333.1387.favlist.content.click&vd_source=406d0cf895bedbdc58a3d0130d55e34c,BV1WjA6zyEiN,听视频防吞,爱磕糖的兔子Y,628963336,2026-02-26 20:14:24,54145,7,0,152,1,0,0,1,2,False
2026-03-11 13:45:44,https://www.bilibili.com/video/BV1WjA6zyEiN/?spm_id_from=333.1387.favlist.content.click&vd_source=406d0cf895bedbdc58a3d0130d55e34c,BV1WjA6zyEiN,听视频防吞,爱磕糖的兔子Y,628963336,2026-02-26 20:14:24,54145,7,0,152,1,0,0,1,0,False
2026-03-11 14:45:58,https://www.bilibili.com/video/BV1WjA6zyEiN/?spm_id_from=333.1387.favlist.content.click&vd_source=406d0cf895bedbdc58a3d0130d55e34c,BV1WjA6zyEiN,听视频防吞,爱磕糖的兔子Y,628963336,2026-02-26 20:14:24,54147,7,0,152,1,0,0,1,2,False
2026-03-11 15:46:12,https://www.bilibili.com/video/BV1WjA6zyEiN/?spm_id_from=333.1387.favlist.content.click&vd_source=406d0cf895bedbdc58a3d0130d55e34c,BV1WjA6zyEiN,听视频防吞,爱磕糖的兔子Y,628963336,2026-02-26 20:14:24,54155,7,0,152,1,0,0,1,8,False
2026-03-11 16:46:26,https://www.bilibili.com/video/BV1WjA6zyEiN/?spm_id_from=333.1387.favlist.content.click&vd_source=406d0cf895bedbdc58a3d0130d55e34c,BV1WjA6zyEiN,听视频防吞,爱磕糖的兔子Y,628963336,2026-02-26 20:14:24,54169,7,0,152,1,0,0,1,14,False
2026-03-11 17:46:41,https://www.bilibili.com/video/BV1WjA6zyEiN/?spm_id_from=333.1387.favlist.content.click&vd_source=406d0cf895bedbdc58a3d0130d55e34c,BV1WjA6zyEiN,听视频防吞,爱磕糖的兔子Y,628963336,2026-02-26 20:14:24,54172,7,0,152,1,0,0,1,3,False
2026-03-11 18:46:56,https://www.bilibili.com/video/BV1WjA6zyEiN/?spm_id_from=333.1387.favlist.content.click&vd_source=406d0cf895bedbdc58a3d0130d55e34c,BV1WjA6zyEiN,听视频防吞,爱磕糖的兔子Y,628963336,2026-02-26 20:14:24,54188,7,0,152,1,0,0,1,16,False
2026-03-11 19:47:11,https://www.bilibili.com/video/BV1WjA6zyEiN/?spm_id_from=333.1387.favlist.content.click&vd_source=406d0cf895bedbdc58a3d0130d55e34c,BV1WjA6zyEiN,听视频防吞,爱磕糖的兔子Y,628963336,2026-02-26 20:14:24,54205,7,0,152,1,0,0,1,17,False
2026-03-11 20:47:25,https://www.bilibili.com/video/BV1WjA6zyEiN/?spm_id_from=333.1387.favlist.content.click&vd_source=406d0cf895bedbdc58a3d0130d55e34c,BV1WjA6zyEiN,听视频防吞,爱磕糖的兔子Y,628963336,2026-02-26 20:14:24,54221,7,0,152,1,0,0,1,16,False
2026-03-11 21:47:41,https://www.bilibili.com/video/BV1WjA6zyEiN/?spm_id_from=333.1387.favlist.content.click&vd_source=406d0cf895bedbdc58a3d0130d55e34c,BV1WjA6zyEiN,听视频防吞,爱磕糖的兔子Y,628963336,2026-02-26 20:14:24,54236,7,0,152,1,0,0,1,15,False
2026-03-11 22:47:55,https://www.bilibili.com/video/BV1WjA6zyEiN/?spm_id_from=333.1387.favlist.content.click&vd_source=406d0cf895bedbdc58a3d0130d55e34c,BV1WjA6zyEiN,听视频防吞,爱磕糖的兔子Y,628963336,2026-02-26 20:14:24,54244,7,0,152,1,0,0,1,8,False
2026-03-11 23:48:10,https://www.bilibili.com/video/BV1WjA6zyEiN/?spm_id_from=333.1387.favlist.content.click&vd_source=406d0cf895bedbdc58a3d0130d55e34c,BV1WjA6zyEiN,听视频防吞,爱磕糖的兔子Y,628963336,2026-02-26 20:14:24,54247,7,0,152,1,0,0,1,3,False
2026-03-11 00:42:40,https://www.bilibili.com/video/BV1EGBCBmEo8/?spm_id_from=333.1387.favlist.content.click&vd_source=406d0cf895bedbdc58a3d0130d55e34c,BV1EGBCBmEo8,【杨博文｜4K高清直拍】魅魔级别的《Manta》舞台，看博文如何一yeah封神,关键时刻来瓶尖叫,2142251174,2025-12-27 23:15:44,694883,11300,9016,9575,601,905,2271,1,0,False
2026-03-11 01:42:54,https://www.bilibili.com/video/BV1EGBCBmEo8/?spm_id_from=333.1387.favlist.content.click&vd_source=406d0cf895bedbdc58a3d0130d55e34c,BV1EGBCBmEo8,【杨博文｜4K高清直拍】魅魔级别的《Manta》舞台，看博文如何一yeah封神,关键时刻来瓶尖叫,2142251174,2025-12-27 23:15:44,694894,11300,9016,9575,601,905,2271,1,11,False
2026-03-11 02:43:08,https://www.bilibili.com/video/BV1EGBCBmEo8/?spm_id_from=333.1387.favlist.content.click&vd_source=406d0cf895bedbdc58a3d0130d55e34c,BV1EGBCBmEo8,【杨博文｜4K高清直拍】魅魔级别的《Manta》舞台，看博文如何一yeah封神,关键时刻来瓶尖叫,2142251174,2025-12-27 23:15:44,694903,11300,9016,9575,601,905,2271,1,9,False
2026-03-11 03:43:22,https://www.bilibili.com/video/BV1EGBCBmEo8/?spm_id_from=333.1387.favlist.content.click&vd_source=406d0cf895bedbdc58a3d0130d55e34c,BV1EGBCBmEo8,【杨博文｜4K高清直拍】魅魔级别的《Manta》舞台，看博文如何一yeah封神,关键时刻来瓶尖叫,2142251174,2025-12-27 23:15:44,694912,11300,9016,9575,601,905,2271,1,9,False
2026-03-11 04:43:36,https://www.bilibili.com/video/BV1EGBCBmEo8/?spm_id_from=333.1387.favlist.content.click&vd_source=406d0cf895bedbdc58a3d0130d55e34c,BV1EGBCBmEo8,【杨博文｜4K高清直拍】魅魔级别的《Manta》舞台，看博文如何一yeah封神,关键时刻来瓶尖叫,2142251174,2025-12-27 23:15:44,694920,11300,9016,9575,601,905,2271,1,8,False
2026-03-11 05:43:50,https://www.bilibili.com/video/BV1EGBCBmEo8/?spm_id_from=333.1387.favlist.content.click&vd_source=406d0cf895bedbdc58a3d0130d55e34c,BV1EGBCBmEo8,【杨博文｜4K高清直拍】魅魔级别的《Manta》舞台，看博文如何一yeah封神,关键时刻来瓶尖叫,2142251174,2025-12-27 23:15:44,694929,11300,9016,9575,601,905,2271,1,9,False
2026-03-11 06:44:05,https://www.bilibili.com/video/BV1EGBCBmEo8/?spm_id_from=333.1387.favlist.content.click&vd_source=406d0cf895bedbdc58a3d0130d55e34c,BV1EGBCBmEo8,【杨博文｜4K高清直拍】魅魔级别的《Manta》舞台，看博文如何一yeah封神,关键时刻来瓶尖叫,2142251174,2025-12-27 23:15:44,694934,11300,9016,9575,601,905,2271,1,5,False
2026-03-11 07:44:18,https://www.bilibili.com/video/BV1EGBCBmEo8/?spm_id_from=333.1387.favlist.content.click&vd_source=406d0cf895bedbdc58a3d0130d55e34c,BV1EGBCBmEo8,【杨博文｜4K高清直拍】魅魔级别的《Manta》舞台，看博文如何一yeah封神,关键时刻来瓶尖叫,2142251174,2025-12-27 23:15:44,694936,11300,9016,9575,601,905,2271,1,2,False
2026-03-11 08:44:32,https://www.bilibili.com/video/BV1EGBCBmEo8/?spm_id_from=333.1387.favlist.content.click&vd_source=406d0cf895bedbdc58a3d0130d55e34c,BV1EGBCBmEo8,【杨博文｜4K高清直拍】魅魔级别的《Manta》舞台，看博文如何一yeah封神,关键时刻来瓶尖叫,2142251174,2025-12-27 23:15:44,694936,11300,9016,9575,601,905,2271,1,0,False
2026-03-11 09:44:47,https://www.bilibili.com/video/BV1EGBCBmEo8/?spm_id_from=333.1387.favlist.content.click&vd_source=406d0cf895bedbdc58a3d0130d55e34c,BV1EGBCBmEo8,【杨博文｜4K高清直拍】魅魔级别的《Manta》舞台，看博文如何一yeah封神,关键时刻来瓶尖叫,2142251174,2025-12-27 23:15:44,694939,11300,9016,9575,601,905,2271,1,3,False
2026-03-11 10:45:01,https://www.bilibili.com/video/BV1EGBCBmEo8/?spm_id_from=333.1387.favlist.content.click&vd_source=406d0cf895bedbdc58a3d0130d55e34c,BV1EGBCBmEo8,【杨博文｜4K高清直拍】魅魔级别的《Manta》舞台，看博文如何一yeah封神,关键时刻来瓶尖叫,2142251174,2025-12-27 23:15:44,694952,11300,9016,9575,601,905,2271,1,13,False
2026-03-11 11:45:15,https://www.bilibili.com/video/BV1EGBCBmEo8/?spm_id_from=333.1387.favlist.content.click&vd_source=406d0cf895bedbdc58a3d0130d55e34c,BV1EGBCBmEo8,【杨博文｜4K高清直拍】魅魔级别的《Manta》舞台，看博文如何一yeah封神,关键时刻来瓶尖叫,2142251174,2025-12-27 23:15:44,694964,11300,9016,9575,601,905,2271,1,12,False
2026-03-11 12:45:29,https://www.bilibili.com/video/BV1EGBCBmEo8/?spm_id_from=333.1387.favlist.content.click&vd_source=406d0cf895bedbdc58a3d0130d55e34c,BV1EGBCBmEo8,【杨博文｜4K高清直拍】魅魔级别的《Manta》舞台，看博文如何一yeah封神,关键时刻来瓶尖叫,2142251174,2025-12-27 23:15:44,694971,11300,9016,9575,601,905,2271,1,7,False
2026-03-11 13:45:44,https://www.bilibili.com/video/BV1EGBCBmEo8/?spm_id_from=333.1387.favlist.content.click&vd_source=406d0cf895bedbdc58a3d0130d55e34c,BV1EGBCBmEo8,【杨博文｜4K高清直拍】魅魔级别的《Manta》舞台，看博文如何一yeah封神,关键时刻来瓶尖叫,2142251174,2025-12-27 23:15:44,694983,11300,9016,9575,601,905,2271,1,12,False
2026-03-11 14:45:58,https://www.bilibili.com/video/BV1EGBCBmEo8/?spm_id_from=333.1387.favlist.content.click&vd_source=406d0cf895bedbdc58a3d0130d55e34c,BV1EGBCBmEo8,【杨博文｜4K高清直拍】魅魔级别的《Manta》舞台，看博文如何一yeah封神,关键时刻来瓶尖叫,2142251174,2025-12-27 23:15:44,694996,11300,9016,9575,601,905,2271,1,13,False
2026-03-11 15:46:12,https://www.bilibili.com/video/BV1EGBCBmEo8/?spm_id_from=333.1387.favlist.content.click&vd_source=406d0cf895bedbdc58a3d0130d55e34c,BV1EGBCBmEo8,【杨博文｜4K高清直拍】魅魔级别的《Manta》舞台，看博文如何一yeah封神,关键时刻来瓶尖叫,2142251174,2025-12-27 23:15:44,695018,11300,9016,9575,601,905,2271,1,22,False
2026-03-11 16:46:26,https://www.bilibili.com/video/BV1EGBCBmEo8/?spm_id_from=333.1387.favlist.content.click&vd_source=406d0cf895bedbdc58a3d0130d55e34c,BV1EGBCBmEo8,【杨博文｜4K高清直拍】魅魔级别的《Manta》舞台，看博文如何一yeah封神,关键时刻来瓶尖叫,2142251174,2025-12-27 23:15:44,695039,11300,9016,9575,601,905,2271,1,21,False
2026-03-11 17:46:41,https://www.bilibili.com/video/BV1EGBCBmEo8/?spm_id_from=333.1387.favlist.content.click&vd_source=406d0cf895bedbdc58a3d0130d55e34c,BV1EGBCBmEo8,【杨博文｜4K高清直拍】魅魔级别的《Manta》舞台，看博文如何一yeah封神,关键时刻来瓶尖叫,2142251174,2025-12-27 23:15:44,695049,11300,9016,9575,601,905,2271,1,10,False
2026-03-11 18:46:56,https://www.bilibili.com/video/BV1EGBCBmEo8/?spm_id_from=333.1387.favlist.content.click&vd_source=406d0cf895bedbdc58a3d0130d55e34c,BV1EGBCBmEo8,【杨博文｜4K高清直拍】魅魔级别的《Manta》舞台，看博文如何一yeah封神,关键时刻来瓶尖叫,2142251174,2025-12-27 23:15:44,695078,11300,9016,9576,601,905,2271,1,29,False
2026-03-11 19:47:11,https://www.bilibili.com/video/BV1EGBCBmEo8/?spm_id_from=333.1387.favlist.content.click&vd_source=406d0cf895bedbdc58a3d0130d55e34c,BV1EGBCBmEo8,【杨博文｜4K高清直拍】魅魔级别的《Manta》舞台，看博文如何一yeah封神,关键时刻来瓶尖叫,2142251174,2025-12-27 23:15:44,695104,11300,9016,9576,601,905,2271,1,26,False
2026-03-11 20:47:25,https://www.bilibili.com/video/BV1EGBCBmEo8/?spm_id_from=333.1387.favlist.content.click&vd_source=406d0cf895bedbdc58a3d0130d55e34c,BV1EGBCBmEo8,【杨博文｜4K高清直拍】魅魔级别的《Manta》舞台，看博文如何一yeah封神,关键时刻来瓶尖叫,2142251174,2025-12-27 23:15:44,695124,11300,9016,9576,601,905,2271,1,20,False
2026-03-11 21:47:41,https://www.bilibili.com/video/BV1EGBCBmEo8/?spm_id_from=333.1387.favlist.content.click&vd_source=406d0cf895bedbdc58a3d0130d55e34c,BV1EGBCBmEo8,【杨博文｜4K高清直拍】魅魔级别的《Manta》舞台，看博文如何一yeah封神,关键时刻来瓶尖叫,2142251174,2025-12-27 23:15:44,695141,11300,9016,9575,601,905,2271,1,17,False
2026-03-11 22:47:55,https://www.bilibili.com/video/BV1EGBCBmEo8/?spm_id_from=333.1387.favlist.content.click&vd_source=406d0cf895bedbdc58a3d0130d55e34c,BV1EGBCBmEo8,【杨博文｜4K高清直拍】魅魔级别的《Manta》舞台，看博文如何一yeah封神,关键时刻来瓶尖叫,2142251174,2025-12-27 23:15:44,695150,11300,9016,9575,601,905,2271,1,9,False
2026-03-11 23:48:10,https://www.bilibili.com/video/BV1EGBCBmEo8/?spm_id_from=333.1387.favlist.content.click&vd_source=406d0cf895bedbdc58a3d0130d55e34c,BV1EGBCBmEo8,【杨博文｜4K高清直拍】魅魔级别的《Manta》舞台，看博文如何一yeah封神,关键时刻来瓶尖叫,2142251174,2025-12-27 23:15:44,695159,11300,9016,9575,601,905,2271,1,9,False
2026-03-11 00:42:40,https://www.bilibili.com/video/BV1fV62BhE6c/?spm_id_from=333.1387.favlist.content.click&vd_source=406d0cf895bedbdc58a3d0130d55e34c,BV1fV62BhE6c,空翻！少侠好身手！张桂源《竹林深处》直拍,序言丨张桂源,703106231,2026-01-31 16:56:24,822187,17383,13068,15620,2028,2160,8703,1,0,False
2026-03-11 01:42:54,https://www.bilibili.com/video/BV1fV62BhE6c/?spm_id_from=333.1387.favlist.content.click&vd_source=406d0cf895bedbdc58a3d0130d55e34c,BV1fV62BhE6c,空翻！少侠好身手！张桂源《竹林深处》直拍,序言丨张桂源,703106231,2026-01-31 16:56:24,822195,17384,13068,15620,2028,2160,8703,1,8,False
2026-03-11 02:43:08,https://www.bilibili.com/video/BV1fV62BhE6c/?spm_id_from=333.1387.favlist.content.click&vd_source=406d0cf895bedbdc58a3d0130d55e34c,BV1fV62BhE6c,空翻！少侠好身手！张桂源《竹林深处》直拍,序言丨张桂源,703106231,2026-01-31 16:56:24,822197,17384,13068,15620,2028,2160,8703,1,2,False
2026-03-11 03:43:22,https://www.bilibili.com/video/BV1fV62BhE6c/?spm_id_from=333.1387.favlist.content.click&vd_source=406d0cf895bedbdc58a3d0130d55e34c,BV1fV62BhE6c,空翻！少侠好身手！张桂源《竹林深处》直拍,序言丨张桂源,703106231,2026-01-31 16:56:24,822200,17384,13068,15620,2028,2160,8703,1,3,False
2026-03-11 04:43:36,https://www.bilibili.com/video/BV1fV62BhE6c/?spm_id_from=333.1387.favlist.content.click&vd_source=406d0cf895bedbdc58a3d0130d55e34c,BV1fV62BhE6c,空翻！少侠好身手！张桂源《竹林深处》直拍,序言丨张桂源,703106231,2026-01-31 16:56:24,822200,17384,13068,15620,2028,2160,8703,1,0,False
2026-03-11 05:43:50,https://www.bilibili.com/video/BV1fV62BhE6c/?spm_id_from=333.1387.favlist.content.click&vd_source=406d0cf895bedbdc58a3d0130d55e34c,BV1fV62BhE6c,空翻！少侠好身手！张桂源《竹林深处》直拍,序言丨张桂源,703106231,2026-01-31 16:56:24,822200,17384,13068,15620,2028,2160,8703,1,0,False
2026-03-11 06:44:05,https://www.bilibili.com/video/BV1fV62BhE6c/?spm_id_from=333.1387.favlist.content.click&vd_source=406d0cf895bedbdc58a3d0130d55e34c,BV1fV62BhE6c,空翻！少侠好身手！张桂源《竹林深处》直拍,序言丨张桂源,703106231,2026-01-31 16:56:24,822203,17384,13068,15620,2028,2160,8703,1,3,False
2026-03-11 07:44:18,https://www.bilibili.com/video/BV1fV62BhE6c/?spm_id_from=333.1387.favlist.content.click&vd_source=406d0cf895bedbdc58a3d0130d55e34c,BV1fV62BhE6c,空翻！少侠好身手！张桂源《竹林深处》直拍,序言丨张桂源,703106231,2026-01-31 16:56:24,822209,17384,13068,15620,2028,2160,8703,2,6,False
2026-03-11 08:44:32,https://www.bilibili.com/video/BV1fV62BhE6c/?spm_id_from=333.1387.favlist.content.click&vd_source=406d0cf895bedbdc58a3d0130d55e34c,BV1fV62BhE6c,空翻！少侠好身手！张桂源《竹林深处》直拍,序言丨张桂源,703106231,2026-01-31 16:56:24,822212,17384,13068,15620,2028,2160,8703,1,3,False
2026-03-11 09:44:47,https://www.bilibili.com/video/BV1fV62BhE6c/?spm_id_from=333.1387.favlist.content.click&vd_source=406d0cf895bedbdc58a3d0130d55e34c,BV1fV62BhE6c,空翻！少侠好身手！张桂源《竹林深处》直拍,序言丨张桂源,703106231,2026-01-31 16:56:24,822217,17384,13068,15620,2028,2160,8703,3,5,False
2026-03-11 10:45:01,https://www.bilibili.com/video/BV1fV62BhE6c/?spm_id_from=333.1387.favlist.content.click&vd_source=406d0cf895bedbdc58a3d0130d55e34c,BV1fV62BhE6c,空翻！少侠好身手！张桂源《竹林深处》直拍,序言丨张桂源,703106231,2026-01-31 16:56:24,822223,17386,13068,15619,2028,2160,8703,1,6,False
2026-03-11 11:45:15,https://www.bilibili.com/video/BV1fV62BhE6c/?spm_id_from=333.1387.favlist.content.click&vd_source=406d0cf895bedbdc58a3d0130d55e34c,BV1fV62BhE6c,空翻！少侠好身手！张桂源《竹林深处》直拍,序言丨张桂源,703106231,2026-01-31 16:56:24,822232,17387,13068,15619,2028,2160,8703,2,9,False
2026-03-11 12:45:29,https://www.bilibili.com/video/BV1fV62BhE6c/?spm_id_from=333.1387.favlist.content.click&vd_source=406d0cf895bedbdc58a3d0130d55e34c,BV1fV62BhE6c,空翻！少侠好身手！张桂源《竹林深处》直拍,序言丨张桂源,703106231,2026-01-31 16:56:24,822252,17388,13068,15620,2028,2160,8703,1,20,False
2026-03-11 13:45:44,https://www.bilibili.com/video/BV1fV62BhE6c/?spm_id_from=333.1387.favlist.content.click&vd_source=406d0cf895bedbdc58a3d0130d55e34c,BV1fV62BhE6c,空翻！少侠好身手！张桂源《竹林深处》直拍,序言丨张桂源,703106231,2026-01-31 16:56:24,822269,17389,13070,15621,2028,2160,8703,3,17,False
2026-03-11 14:45:58,https://www.bilibili.com/video/BV1fV62BhE6c/?spm_id_from=333.1387.favlist.content.click&vd_source=406d0cf895bedbdc58a3d0130d55e34c,BV1fV62BhE6c,空翻！少侠好身手！张桂源《竹林深处》直拍,序言丨张桂源,703106231,2026-01-31 16:56:24,822276,17389,13070,15621,2028,2160,8703,3,7,False
2026-03-11 15:46:12,https://www.bilibili.com/video/BV1fV62BhE6c/?spm_id_from=333.1387.favlist.content.click&vd_source=406d0cf895bedbdc58a3d0130d55e34c,BV1fV62BhE6c,空翻！少侠好身手！张桂源《竹林深处》直拍,序言丨张桂源,703106231,2026-01-31 16:56:24,822288,17389,13070,15621,2028,2160,8703,1,12,False
2026-03-11 16:46:26,https://www.bilibili.com/video/BV1fV62BhE6c/?spm_id_from=333.1387.favlist.content.click&vd_source=406d0cf895bedbdc58a3d0130d55e34c,BV1fV62BhE6c,空翻！少侠好身手！张桂源《竹林深处》直拍,序言丨张桂源,703106231,2026-01-31 16:56:24,822298,17389,13070,15620,2028,2160,8703,2,10,False
2026-03-11 17:46:41,https://www.bilibili.com/video/BV1fV62BhE6c/?spm_id_from=333.1387.favlist.content.click&vd_source=406d0cf895bedbdc58a3d0130d55e34c,BV1fV62BhE6c,空翻！少侠好身手！张桂源《竹林深处》直拍,序言丨张桂源,703106231,2026-01-31 16:56:24,822306,17390,13070,15620,2028,2160,8703,1,8,False
2026-03-11 18:46:56,https://www.bilibili.com/video/BV1fV62BhE6c/?spm_id_from=333.1387.favlist.content.click&vd_source=406d0cf895bedbdc58a3d0130d55e34c,BV1fV62BhE6c,空翻！少侠好身手！张桂源《竹林深处》直拍,序言丨张桂源,703106231,2026-01-31 16:56:24,822326,17392,13070,15622,2028,2160,8703,2,20,False
2026-03-11 19:47:11,https://www.bilibili.com/video/BV1fV62BhE6c/?spm_id_from=333.1387.favlist.content.click&vd_source=406d0cf895bedbdc58a3d0130d55e34c,BV1fV62BhE6c,空翻！少侠好身手！张桂源《竹林深处》直拍,序言丨张桂源,703106231,2026-01-31 16:56:24,822347,17393,13070,15622,2028,2160,8703,1,21,False
2026-03-11 20:47:25,https://www.bilibili.com/video/BV1fV62BhE6c/?spm_id_from=333.1387.favlist.content.click&vd_source=406d0cf895bedbdc58a3d0130d55e34c,BV1fV62BhE6c,空翻！少侠好身手！张桂源《竹林深处》直拍,序言丨张桂源,703106231,2026-01-31 16:56:24,822376,17393,13070,15622,2028,2160,8703,1,29,False
2026-03-11 21:47:41,https://www.bilibili.com/video/BV1fV62BhE6c/?spm_id_from=333.1387.favlist.content.click&vd_source=406d0cf895bedbdc58a3d0130d55e34c,BV1fV62BhE6c,空翻！少侠好身手！张桂源《竹林深处》直拍,序言丨张桂源,703106231,2026-01-31 16:56:24,822403,17394,13070,15624,2028,2160,8703,1,27,False
2026-03-11 22:47:55,https://www.bilibili.com/video/BV1fV62BhE6c/?spm_id_from=333.1387.favlist.content.click&vd_source=406d0cf895bedbdc58a3d0130d55e34c,BV1fV62BhE6c,空翻！少侠好身手！张桂源《竹林深处》直拍,序言丨张桂源,703106231,2026-01-31 16:56:24,822429,17395,13070,15624,2028,2160,8704,4,26,False
2026-03-11 23:48:10,https://www.bilibili.com/video/BV1fV62BhE6c/?spm_id_from=333.1387.favlist.content.click&vd_source=406d0cf895bedbdc58a3d0130d55e34c,BV1fV62BhE6c,空翻！少侠好身手！张桂源《竹林深处》直拍,序言丨张桂源,703106231,2026-01-31 16:56:24,822451,17397,13073,15625,2028,2160,8704,1,22,False
2026-03-11 00:42:40,https://www.bilibili.com/video/BV1bNtbzSE8X/?spm_id_from=333.1387.favlist.content.click&vd_source=406d0cf895bedbdc58a3d0130d55e34c,BV1bNtbzSE8X,你没见过的Deja Vu直拍丨舞台魅力大爆发丨张桂源,序言丨张桂源,703106231,2025-08-09 18:36:44,994939,19401,12180,20097,1534,2252,10262,1,0,False
2026-03-11 01:42:54,https://www.bilibili.com/video/BV1bNtbzSE8X/?spm_id_from=333.1387.favlist.content.click&vd_source=406d0cf895bedbdc58a3d0130d55e34c,BV1bNtbzSE8X,你没见过的Deja Vu直拍丨舞台魅力大爆发丨张桂源,序言丨张桂源,703106231,2025-08-09 18:36:44,994958,19401,12180,20097,1534,2252,10262,2,19,False
2026-03-11 02:43:08,https://www.bilibili.com/video/BV1bNtbzSE8X/?spm_id_from=333.1387.favlist.content.click&vd_source=406d0cf895bedbdc58a3d0130d55e34c,BV1bNtbzSE8X,你没见过的Deja Vu直拍丨舞台魅力大爆发丨张桂源,序言丨张桂源,703106231,2025-08-09 18:36:44,994962,19401,12180,20097,1534,2252,10262,1,4,False
2026-03-11 03:43:22,https://www.bilibili.com/video/BV1bNtbzSE8X/?spm_id_from=333.1387.favlist.content.click&vd_source=406d0cf895bedbdc58a3d0130d55e34c,BV1bNtbzSE8X,你没见过的Deja Vu直拍丨舞台魅力大爆发丨张桂源,序言丨张桂源,703106231,2025-08-09 18:36:44,994963,19402,12182,20097,1534,2252,10262,1,1,False
2026-03-11 04:43:36,https://www.bilibili.com/video/BV1bNtbzSE8X/?spm_id_from=333.1387.favlist.content.click&vd_source=406d0cf895bedbdc58a3d0130d55e34c,BV1bNtbzSE8X,你没见过的Deja Vu直拍丨舞台魅力大爆发丨张桂源,序言丨张桂源,703106231,2025-08-09 18:36:44,994967,19402,12182,20097,1534,2252,10262,1,4,False
2026-03-11 05:43:50,https://www.bilibili.com/video/BV1bNtbzSE8X/?spm_id_from=333.1387.favlist.content.click&vd_source=406d0cf895bedbdc58a3d0130d55e34c,BV1bNtbzSE8X,你没见过的Deja Vu直拍丨舞台魅力大爆发丨张桂源,序言丨张桂源,703106231,2025-08-09 18:36:44,994968,19402,12182,20097,1534,2252,10262,1,1,False
2026-03-11 06:44:05,https://www.bilibili.com/video/BV1bNtbzSE8X/?spm_id_from=333.1387.favlist.content.click&vd_source=406d0cf895bedbdc58a3d0130d55e34c,BV1bNtbzSE8X,你没见过的Deja Vu直拍丨舞台魅力大爆发丨张桂源,序言丨张桂源,703106231,2025-08-09 18:36:44,994970,19402,12182,20098,1534,2252,10262,1,2,False
2026-03-11 07:44:18,https://www.bilibili.com/video/BV1bNtbzSE8X/?spm_id_from=333.1387.favlist.content.click&vd_source=406d0cf895bedbdc58a3d0130d55e34c,BV1bNtbzSE8X,你没见过的Deja Vu直拍丨舞台魅力大爆发丨张桂源,序言丨张桂源,703106231,2025-08-09 18:36:44,994971,19402,12182,20098,1534,2252,10262,1,1,False
2026-03-11 08:44:32,https://www.bilibili.com/video/BV1bNtbzSE8X/?spm_id_from=333.1387.favlist.content.click&vd_source=406d0cf895bedbdc58a3d0130d55e34c,BV1bNtbzSE8X,你没见过的Deja Vu直拍丨舞台魅力大爆发丨张桂源,序言丨张桂源,703106231,2025-08-09 18:36:44,994976,19405,12184,20101,1534,2252,10262,1,5,False
2026-03-11 09:44:47,https://www.bilibili.com/video/BV1bNtbzSE8X/?spm_id_from=333.1387.favlist.content.click&vd_source=406d0cf895bedbdc58a3d0130d55e34c,BV1bNtbzSE8X,你没见过的Deja Vu直拍丨舞台魅力大爆发丨张桂源,序言丨张桂源,703106231,2025-08-09 18:36:44,994984,19406,12186,20102,1534,2252,10262,1,8,False
2026-03-11 10:45:01,https://www.bilibili.com/video/BV1bNtbzSE8X/?spm_id_from=333.1387.favlist.content.click&vd_source=406d0cf895bedbdc58a3d0130d55e34c,BV1bNtbzSE8X,你没见过的Deja Vu直拍丨舞台魅力大爆发丨张桂源,序言丨张桂源,703106231,2025-08-09 18:36:44,994995,19406,12186,20102,1534,2252,10262,1,11,False
2026-03-11 11:45:15,https://www.bilibili.com/video/BV1bNtbzSE8X/?spm_id_from=333.1387.favlist.content.click&vd_source=406d0cf895bedbdc58a3d0130d55e34c,BV1bNtbzSE8X,你没见过的Deja Vu直拍丨舞台魅力大爆发丨张桂源,序言丨张桂源,703106231,2025-08-09 18:36:44,995002,19406,12186,20102,1534,2252,10262,1,7,False
2026-03-11 12:45:29,https://www.bilibili.com/video/BV1bNtbzSE8X/?spm_id_from=333.1387.favlist.content.click&vd_source=406d0cf895bedbdc58a3d0130d55e34c,BV1bNtbzSE8X,你没见过的Deja Vu直拍丨舞台魅力大爆发丨张桂源,序言丨张桂源,703106231,2025-08-09 18:36:44,995015,19407,12186,20103,1534,2252,10262,2,13,False
2026-03-11 13:45:44,https://www.bilibili.com/video/BV1bNtbzSE8X/?spm_id_from=333.1387.favlist.content.click&vd_source=406d0cf895bedbdc58a3d0130d55e34c,BV1bNtbzSE8X,你没见过的Deja Vu直拍丨舞台魅力大爆发丨张桂源,序言丨张桂源,703106231,2025-08-09 18:36:44,995027,19408,12186,20103,1534,2252,10262,1,12,False
2026-03-11 14:45:58,https://www.bilibili.com/video/BV1bNtbzSE8X/?spm_id_from=333.1387.favlist.content.click&vd_source=406d0cf895bedbdc58a3d0130d55e34c,BV1bNtbzSE8X,你没见过的Deja Vu直拍丨舞台魅力大爆发丨张桂源,序言丨张桂源,703106231,2025-08-09 18:36:44,995036,19409,12186,20103,1534,2252,10262,1,9,False
2026-03-11 15:46:12,https://www.bilibili.com/video/BV1bNtbzSE8X/?spm_id_from=333.1387.favlist.content.click&vd_source=406d0cf895bedbdc58a3d0130d55e34c,BV1bNtbzSE8X,你没见过的Deja Vu直拍丨舞台魅力大爆发丨张桂源,序言丨张桂源,703106231,2025-08-09 18:36:44,995040,19409,12186,20103,1534,2252,10262,2,4,False
2026-03-11 16:46:26,https://www.bilibili.com/video/BV1bNtbzSE8X/?spm_id_from=333.1387.favlist.content.click&vd_source=406d0cf895bedbdc58a3d0130d55e34c,BV1bNtbzSE8X,你没见过的Deja Vu直拍丨舞台魅力大爆发丨张桂源,序言丨张桂源,703106231,2025-08-09 18:36:44,995055,19409,12186,20104,1535,2252,10262,1,15,False
2026-03-11 17:46:41,https://www.bilibili.com/video/BV1bNtbzSE8X/?spm_id_from=333.1387.favlist.content.click&vd_source=406d0cf895bedbdc58a3d0130d55e34c,BV1bNtbzSE8X,你没见过的Deja Vu直拍丨舞台魅力大爆发丨张桂源,序言丨张桂源,703106231,2025-08-09 18:36:44,995069,19409,12186,20104,1535,2252,10262,2,14,False
2026-03-11 18:46:56,https://www.bilibili.com/video/BV1bNtbzSE8X/?spm_id_from=333.1387.favlist.content.click&vd_source=406d0cf895bedbdc58a3d0130d55e34c,BV1bNtbzSE8X,你没见过的Deja Vu直拍丨舞台魅力大爆发丨张桂源,序言丨张桂源,703106231,2025-08-09 18:36:44,995085,19410,12186,20104,1535,2252,10262,3,16,False
2026-03-11 19:47:11,https://www.bilibili.com/video/BV1bNtbzSE8X/?spm_id_from=333.1387.favlist.content.click&vd_source=406d0cf895bedbdc58a3d0130d55e34c,BV1bNtbzSE8X,你没见过的Deja Vu直拍丨舞台魅力大爆发丨张桂源,序言丨张桂源,703106231,2025-08-09 18:36:44,995103,19411,12186,20104,1535,2252,10262,2,18,False
2026-03-11 20:47:25,https://www.bilibili.com/video/BV1bNtbzSE8X/?spm_id_from=333.1387.favlist.content.click&vd_source=406d0cf895bedbdc58a3d0130d55e34c,BV1bNtbzSE8X,你没见过的Deja Vu直拍丨舞台魅力大爆发丨张桂源,序言丨张桂源,703106231,2025-08-09 18:36:44,995123,19415,12186,20105,1535,2252,10262,2,20,False
2026-03-11 21:47:41,https://www.bilibili.com/video/BV1bNtbzSE8X/?spm_id_from=333.1387.favlist.content.click&vd_source=406d0cf895bedbdc58a3d0130d55e34c,BV1bNtbzSE8X,你没见过的Deja Vu直拍丨舞台魅力大爆发丨张桂源,序言丨张桂源,703106231,2025-08-09 18:36:44,995144,19415,12186,20105,1535,2252,10262,3,21,False
2026-03-11 22:47:55,https://www.bilibili.com/video/BV1bNtbzSE8X/?spm_id_from=333.1387.favlist.content.click&vd_source=406d0cf895bedbdc58a3d0130d55e34c,BV1bNtbzSE8X,你没见过的Deja Vu直拍丨舞台魅力大爆发丨张桂源,序言丨张桂源,703106231,2025-08-09 18:36:44,995161,19415,12186,20105,1535,2253,10266,2,17,False
2026-03-11 23:48:10,https://www.bilibili.com/video/BV1bNtbzSE8X/?spm_id_from=333.1387.favlist.content.click&vd_source=406d0cf895bedbdc58a3d0130d55e34c,BV1bNtbzSE8X,你没见过的Deja Vu直拍丨舞台魅力大爆发丨张桂源,序言丨张桂源,703106231,2025-08-09 18:36:44,995189,19418,12186,20107,1535,2254,10266,1,28,False
2026-03-11 00:42:40,https://www.bilibili.com/video/BV1qiBkBGEoj/?spm_id_from=333.1387.favlist.content.click&vd_source=406d0cf895bedbdc58a3d0130d55e34c,BV1qiBkBGEoj,【张桂源】On 4k四机位横屏直拍 / TF家族新年音乐会「荣耀」,WISH0511_张桂源,494070671,2025-12-27 16:42:34,910919,13341,9390,11412,1036,1067,3212,3,0,False
2026-03-11 01:42:54,https://www.bilibili.com/video/BV1qiBkBGEoj/?spm_id_from=333.1387.favlist.content.click&vd_source=406d0cf895bedbdc58a3d0130d55e34c,BV1qiBkBGEoj,【张桂源】On 4k四机位横屏直拍 / TF家族新年音乐会「荣耀」,WISH0511_张桂源,494070671,2025-12-27 16:42:34,910931,13342,9390,11413,1036,1067,3212,1,12,False
2026-03-11 02:43:08,https://www.bilibili.com/video/BV1qiBkBGEoj/?spm_id_from=333.1387.favlist.content.click&vd_source=406d0cf895bedbdc58a3d0130d55e34c,BV1qiBkBGEoj,【张桂源】On 4k四机位横屏直拍 / TF家族新年音乐会「荣耀」,WISH0511_张桂源,494070671,2025-12-27 16:42:34,910940,13342,9390,11413,1036,1067,3212,3,9,False
2026-03-11 03:43:22,https://www.bilibili.com/video/BV1qiBkBGEoj/?spm_id_from=333.1387.favlist.content.click&vd_source=406d0cf895bedbdc58a3d0130d55e34c,BV1qiBkBGEoj,【张桂源】On 4k四机位横屏直拍 / TF家族新年音乐会「荣耀」,WISH0511_张桂源,494070671,2025-12-27 16:42:34,910942,13342,9390,11413,1036,1067,3212,1,2,False
2026-03-11 04:43:36,https://www.bilibili.com/video/BV1qiBkBGEoj/?spm_id_from=333.1387.favlist.content.click&vd_source=406d0cf895bedbdc58a3d0130d55e34c,BV1qiBkBGEoj,【张桂源】On 4k四机位横屏直拍 / TF家族新年音乐会「荣耀」,WISH0511_张桂源,494070671,2025-12-27 16:42:34,910944,13342,9390,11413,1036,1067,3212,1,2,False
2026-03-11 05:43:50,https://www.bilibili.com/video/BV1qiBkBGEoj/?spm_id_from=333.1387.favlist.content.click&vd_source=406d0cf895bedbdc58a3d0130d55e34c,BV1qiBkBGEoj,【张桂源】On 4k四机位横屏直拍 / TF家族新年音乐会「荣耀」,WISH0511_张桂源,494070671,2025-12-27 16:42:34,910945,13342,9390,11413,1036,1067,3212,2,1,False
2026-03-11 06:44:05,https://www.bilibili.com/video/BV1qiBkBGEoj/?spm_id_from=333.1387.favlist.content.click&vd_source=406d0cf895bedbdc58a3d0130d55e34c,BV1qiBkBGEoj,【张桂源】On 4k四机位横屏直拍 / TF家族新年音乐会「荣耀」,WISH0511_张桂源,494070671,2025-12-27 16:42:34,910946,13342,9390,11413,1036,1067,3212,2,1,False
2026-03-11 07:44:18,https://www.bilibili.com/video/BV1qiBkBGEoj/?spm_id_from=333.1387.favlist.content.click&vd_source=406d0cf895bedbdc58a3d0130d55e34c,BV1qiBkBGEoj,【张桂源】On 4k四机位横屏直拍 / TF家族新年音乐会「荣耀」,WISH0511_张桂源,494070671,2025-12-27 16:42:34,910947,13342,9390,11413,1036,1067,3212,1,1,False
2026-03-11 08:44:32,https://www.bilibili.com/video/BV1qiBkBGEoj/?spm_id_from=333.1387.favlist.content.click&vd_source=406d0cf895bedbdc58a3d0130d55e34c,BV1qiBkBGEoj,【张桂源】On 4k四机位横屏直拍 / TF家族新年音乐会「荣耀」,WISH0511_张桂源,494070671,2025-12-27 16:42:34,910951,13343,9390,11414,1036,1067,3212,1,4,False
2026-03-11 09:44:47,https://www.bilibili.com/video/BV1qiBkBGEoj/?spm_id_from=333.1387.favlist.content.click&vd_source=406d0cf895bedbdc58a3d0130d55e34c,BV1qiBkBGEoj,【张桂源】On 4k四机位横屏直拍 / TF家族新年音乐会「荣耀」,WISH0511_张桂源,494070671,2025-12-27 16:42:34,910953,13343,9390,11414,1036,1067,3212,2,2,False
2026-03-11 10:45:01,https://www.bilibili.com/video/BV1qiBkBGEoj/?spm_id_from=333.1387.favlist.content.click&vd_source=406d0cf895bedbdc58a3d0130d55e34c,BV1qiBkBGEoj,【张桂源】On 4k四机位横屏直拍 / TF家族新年音乐会「荣耀」,WISH0511_张桂源,494070671,2025-12-27 16:42:34,910958,13343,9390,11414,1036,1067,3212,1,5,False
2026-03-11 11:45:15,https://www.bilibili.com/video/BV1qiBkBGEoj/?spm_id_from=333.1387.favlist.content.click&vd_source=406d0cf895bedbdc58a3d0130d55e34c,BV1qiBkBGEoj,【张桂源】On 4k四机位横屏直拍 / TF家族新年音乐会「荣耀」,WISH0511_张桂源,494070671,2025-12-27 16:42:34,910965,13344,9392,11414,1036,1067,3212,2,7,False
2026-03-11 12:45:29,https://www.bilibili.com/video/BV1qiBkBGEoj/?spm_id_from=333.1387.favlist.content.click&vd_source=406d0cf895bedbdc58a3d0130d55e34c,BV1qiBkBGEoj,【张桂源】On 4k四机位横屏直拍 / TF家族新年音乐会「荣耀」,WISH0511_张桂源,494070671,2025-12-27 16:42:34,910976,13346,9394,11415,1036,1067,3213,1,11,False
2026-03-11 13:45:44,https://www.bilibili.com/video/BV1qiBkBGEoj/?spm_id_from=333.1387.favlist.content.click&vd_source=406d0cf895bedbdc58a3d0130d55e34c,BV1qiBkBGEoj,【张桂源】On 4k四机位横屏直拍 / TF家族新年音乐会「荣耀」,WISH0511_张桂源,494070671,2025-12-27 16:42:34,910988,13347,9394,11416,1036,1067,3213,1,12,False
2026-03-11 14:45:58,https://www.bilibili.com/video/BV1qiBkBGEoj/?spm_id_from=333.1387.favlist.content.click&vd_source=406d0cf895bedbdc58a3d0130d55e34c,BV1qiBkBGEoj,【张桂源】On 4k四机位横屏直拍 / TF家族新年音乐会「荣耀」,WISH0511_张桂源,494070671,2025-12-27 16:42:34,910991,13347,9394,11416,1036,1067,3213,7,3,False
2026-03-11 15:46:12,https://www.bilibili.com/video/BV1qiBkBGEoj/?spm_id_from=333.1387.favlist.content.click&vd_source=406d0cf895bedbdc58a3d0130d55e34c,BV1qiBkBGEoj,【张桂源】On 4k四机位横屏直拍 / TF家族新年音乐会「荣耀」,WISH0511_张桂源,494070671,2025-12-27 16:42:34,911001,13347,9394,11416,1036,1067,3213,3,10,False
2026-03-11 16:46:26,https://www.bilibili.com/video/BV1qiBkBGEoj/?spm_id_from=333.1387.favlist.content.click&vd_source=406d0cf895bedbdc58a3d0130d55e34c,BV1qiBkBGEoj,【张桂源】On 4k四机位横屏直拍 / TF家族新年音乐会「荣耀」,WISH0511_张桂源,494070671,2025-12-27 16:42:34,911009,13347,9394,11416,1036,1067,3213,3,8,False
2026-03-11 17:46:41,https://www.bilibili.com/video/BV1qiBkBGEoj/?spm_id_from=333.1387.favlist.content.click&vd_source=406d0cf895bedbdc58a3d0130d55e34c,BV1qiBkBGEoj,【张桂源】On 4k四机位横屏直拍 / TF家族新年音乐会「荣耀」,WISH0511_张桂源,494070671,2025-12-27 16:42:34,911018,13347,9394,11416,1036,1067,3213,2,9,False
2026-03-11 18:46:56,https://www.bilibili.com/video/BV1qiBkBGEoj/?spm_id_from=333.1387.favlist.content.click&vd_source=406d0cf895bedbdc58a3d0130d55e34c,BV1qiBkBGEoj,【张桂源】On 4k四机位横屏直拍 / TF家族新年音乐会「荣耀」,WISH0511_张桂源,494070671,2025-12-27 16:42:34,911026,13347,9394,11417,1036,1067,3213,2,8,False
2026-03-11 19:47:11,https://www.bilibili.com/video/BV1qiBkBGEoj/?spm_id_from=333.1387.favlist.content.click&vd_source=406d0cf895bedbdc58a3d0130d55e34c,BV1qiBkBGEoj,【张桂源】On 4k四机位横屏直拍 / TF家族新年音乐会「荣耀」,WISH0511_张桂源,494070671,2025-12-27 16:42:34,911037,13350,9394,11418,1036,1067,3213,2,11,False
2026-03-11 20:47:25,https://www.bilibili.com/video/BV1qiBkBGEoj/?spm_id_from=333.1387.favlist.content.click&vd_source=406d0cf895bedbdc58a3d0130d55e34c,BV1qiBkBGEoj,【张桂源】On 4k四机位横屏直拍 / TF家族新年音乐会「荣耀」,WISH0511_张桂源,494070671,2025-12-27 16:42:34,911049,13350,9394,11418,1036,1067,3213,3,12,False
2026-03-11 21:47:41,https://www.bilibili.com/video/BV1qiBkBGEoj/?spm_id_from=333.1387.favlist.content.click&vd_source=406d0cf895bedbdc58a3d0130d55e34c,BV1qiBkBGEoj,【张桂源】On 4k四机位横屏直拍 / TF家族新年音乐会「荣耀」,WISH0511_张桂源,494070671,2025-12-27 16:42:34,911060,13353,9396,11420,1036,1067,3213,3,11,False
2026-03-11 22:47:55,https://www.bilibili.com/video/BV1qiBkBGEoj/?spm_id_from=333.1387.favlist.content.click&vd_source=406d0cf895bedbdc58a3d0130d55e34c,BV1qiBkBGEoj,【张桂源】On 4k四机位横屏直拍 / TF家族新年音乐会「荣耀」,WISH0511_张桂源,494070671,2025-12-27 16:42:34,911085,13356,9398,11421,1036,1067,3213,3,25,False
2026-03-11 23:48:10,https://www.bilibili.com/video/BV1qiBkBGEoj/?spm_id_from=333.1387.favlist.content.click&vd_source=406d0cf895bedbdc58a3d0130d55e34c,BV1qiBkBGEoj,【张桂源】On 4k四机位横屏直拍 / TF家族新年音乐会「荣耀」,WISH0511_张桂源,494070671,2025-12-27 16:42:34,911101,13360,9399,11422,1037,1068,3213,3,16,False
2026-03-11 00:42:40,https://www.bilibili.com/video/BV1iy64BBEqf/?spm_id_from=333.1387.favlist.content.click&vd_source=406d0cf895bedbdc58a3d0130d55e34c,BV1iy64BBEqf,进来倾听治愈系萌物唱Everything will beok 陈奕恒《拍拍灰》4K四机位直拍,你听得到0509,29947812,2026-02-01 17:03:08,496752,14213,9907,16150,956,504,3511,3,0,False
2026-03-11 01:42:54,https://www.bilibili.com/video/BV1iy64BBEqf/?spm_id_from=333.1387.favlist.content.click&vd_source=406d0cf895bedbdc58a3d0130d55e34c,BV1iy64BBEqf,进来倾听治愈系萌物唱Everything will beok 陈奕恒《拍拍灰》4K四机位直拍,你听得到0509,29947812,2026-02-01 17:03:08,496756,14213,9907,16150,956,504,3511,1,4,False
2026-03-11 02:43:08,https://www.bilibili.com/video/BV1iy64BBEqf/?spm_id_from=333.1387.favlist.content.click&vd_source=406d0cf895bedbdc58a3d0130d55e34c,BV1iy64BBEqf,进来倾听治愈系萌物唱Everything will beok 陈奕恒《拍拍灰》4K四机位直拍,你听得到0509,29947812,2026-02-01 17:03:08,496759,14213,9907,16150,956,504,3511,2,3,False
2026-03-11 03:43:22,https://www.bilibili.com/video/BV1iy64BBEqf/?spm_id_from=333.1387.favlist.content.click&vd_source=406d0cf895bedbdc58a3d0130d55e34c,BV1iy64BBEqf,进来倾听治愈系萌物唱Everything will beok 陈奕恒《拍拍灰》4K四机位直拍,你听得到0509,29947812,2026-02-01 17:03:08,496761,14213,9907,16150,956,504,3511,2,2,False
2026-03-11 04:43:36,https://www.bilibili.com/video/BV1iy64BBEqf/?spm_id_from=333.1387.favlist.content.click&vd_source=406d0cf895bedbdc58a3d0130d55e34c,BV1iy64BBEqf,进来倾听治愈系萌物唱Everything will beok 陈奕恒《拍拍灰》4K四机位直拍,你听得到0509,29947812,2026-02-01 17:03:08,496764,14213,9907,16150,956,504,3511,2,3,False
2026-03-11 05:43:50,https://www.bilibili.com/video/BV1iy64BBEqf/?spm_id_from=333.1387.favlist.content.click&vd_source=406d0cf895bedbdc58a3d0130d55e34c,BV1iy64BBEqf,进来倾听治愈系萌物唱Everything will beok 陈奕恒《拍拍灰》4K四机位直拍,你听得到0509,29947812,2026-02-01 17:03:08,496766,14213,9907,16150,956,504,3511,3,2,False
2026-03-11 06:44:05,https://www.bilibili.com/video/BV1iy64BBEqf/?spm_id_from=333.1387.favlist.content.click&vd_source=406d0cf895bedbdc58a3d0130d55e34c,BV1iy64BBEqf,进来倾听治愈系萌物唱Everything will beok 陈奕恒《拍拍灰》4K四机位直拍,你听得到0509,29947812,2026-02-01 17:03:08,496770,14214,9909,16151,956,504,3514,1,4,False
2026-03-11 07:44:18,https://www.bilibili.com/video/BV1iy64BBEqf/?spm_id_from=333.1387.favlist.content.click&vd_source=406d0cf895bedbdc58a3d0130d55e34c,BV1iy64BBEqf,进来倾听治愈系萌物唱Everything will beok 陈奕恒《拍拍灰》4K四机位直拍,你听得到0509,29947812,2026-02-01 17:03:08,496772,14214,9909,16151,956,504,3514,1,2,False
2026-03-11 08:44:32,https://www.bilibili.com/video/BV1iy64BBEqf/?spm_id_from=333.1387.favlist.content.click&vd_source=406d0cf895bedbdc58a3d0130d55e34c,BV1iy64BBEqf,进来倾听治愈系萌物唱Everything will beok 陈奕恒《拍拍灰》4K四机位直拍,你听得到0509,29947812,2026-02-01 17:03:08,496777,14215,9909,16151,956,504,3514,2,5,False
2026-03-11 09:44:47,https://www.bilibili.com/video/BV1iy64BBEqf/?spm_id_from=333.1387.favlist.content.click&vd_source=406d0cf895bedbdc58a3d0130d55e34c,BV1iy64BBEqf,进来倾听治愈系萌物唱Everything will beok 陈奕恒《拍拍灰》4K四机位直拍,你听得到0509,29947812,2026-02-01 17:03:08,496779,14214,9909,16151,956,504,3514,3,2,False
2026-03-11 10:45:01,https://www.bilibili.com/video/BV1iy64BBEqf/?spm_id_from=333.1387.favlist.content.click&vd_source=406d0cf895bedbdc58a3d0130d55e34c,BV1iy64BBEqf,进来倾听治愈系萌物唱Everything will beok 陈奕恒《拍拍灰》4K四机位直拍,你听得到0509,29947812,2026-02-01 17:03:08,496788,14217,9909,16153,956,504,3514,1,9,False
2026-03-11 11:45:15,https://www.bilibili.com/video/BV1iy64BBEqf/?spm_id_from=333.1387.favlist.content.click&vd_source=406d0cf895bedbdc58a3d0130d55e34c,BV1iy64BBEqf,进来倾听治愈系萌物唱Everything will beok 陈奕恒《拍拍灰》4K四机位直拍,你听得到0509,29947812,2026-02-01 17:03:08,496792,14218,9909,16153,956,504,3514,1,4,False
2026-03-11 12:45:29,https://www.bilibili.com/video/BV1iy64BBEqf/?spm_id_from=333.1387.favlist.content.click&vd_source=406d0cf895bedbdc58a3d0130d55e34c,BV1iy64BBEqf,进来倾听治愈系萌物唱Everything will beok 陈奕恒《拍拍灰》4K四机位直拍,你听得到0509,29947812,2026-02-01 17:03:08,496796,14218,9909,16153,956,504,3514,1,4,False
2026-03-11 13:45:44,https://www.bilibili.com/video/BV1iy64BBEqf/?spm_id_from=333.1387.favlist.content.click&vd_source=406d0cf895bedbdc58a3d0130d55e34c,BV1iy64BBEqf,进来倾听治愈系萌物唱Everything will beok 陈奕恒《拍拍灰》4K四机位直拍,你听得到0509,29947812,2026-02-01 17:03:08,496809,14218,9909,16153,956,504,3514,2,13,False
2026-03-11 14:45:58,https://www.bilibili.com/video/BV1iy64BBEqf/?spm_id_from=333.1387.favlist.content.click&vd_source=406d0cf895bedbdc58a3d0130d55e34c,BV1iy64BBEqf,进来倾听治愈系萌物唱Everything will beok 陈奕恒《拍拍灰》4K四机位直拍,你听得到0509,29947812,2026-02-01 17:03:08,496816,14218,9909,16153,956,504,3514,1,7,False
2026-03-11 15:46:12,https://www.bilibili.com/video/BV1iy64BBEqf/?spm_id_from=333.1387.favlist.content.click&vd_source=406d0cf895bedbdc58a3d0130d55e34c,BV1iy64BBEqf,进来倾听治愈系萌物唱Everything will beok 陈奕恒《拍拍灰》4K四机位直拍,你听得到0509,29947812,2026-02-01 17:03:08,496824,14218,9909,16153,956,504,3514,1,8,False
2026-03-11 16:46:26,https://www.bilibili.com/video/BV1iy64BBEqf/?spm_id_from=333.1387.favlist.content.click&vd_source=406d0cf895bedbdc58a3d0130d55e34c,BV1iy64BBEqf,进来倾听治愈系萌物唱Everything will beok 陈奕恒《拍拍灰》4K四机位直拍,你听得到0509,29947812,2026-02-01 17:03:08,496827,14218,9909,16153,956,504,3514,3,3,False
2026-03-11 17:46:41,https://www.bilibili.com/video/BV1iy64BBEqf/?spm_id_from=333.1387.favlist.content.click&vd_source=406d0cf895bedbdc58a3d0130d55e34c,BV1iy64BBEqf,进来倾听治愈系萌物唱Everything will beok 陈奕恒《拍拍灰》4K四机位直拍,你听得到0509,29947812,2026-02-01 17:03:08,496834,14219,9909,16153,956,504,3514,1,7,False
2026-03-11 18:46:56,https://www.bilibili.com/video/BV1iy64BBEqf/?spm_id_from=333.1387.favlist.content.click&vd_source=406d0cf895bedbdc58a3d0130d55e34c,BV1iy64BBEqf,进来倾听治愈系萌物唱Everything will beok 陈奕恒《拍拍灰》4K四机位直拍,你听得到0509,29947812,2026-02-01 17:03:08,496838,14219,9909,16152,956,504,3514,1,4,False
2026-03-11 19:47:11,https://www.bilibili.com/video/BV1iy64BBEqf/?spm_id_from=333.1387.favlist.content.click&vd_source=406d0cf895bedbdc58a3d0130d55e34c,BV1iy64BBEqf,进来倾听治愈系萌物唱Everything will beok 陈奕恒《拍拍灰》4K四机位直拍,你听得到0509,29947812,2026-02-01 17:03:08,496852,14221,9913,16154,956,504,3516,1,14,False
2026-03-11 20:47:25,https://www.bilibili.com/video/BV1iy64BBEqf/?spm_id_from=333.1387.favlist.content.click&vd_source=406d0cf895bedbdc58a3d0130d55e34c,BV1iy64BBEqf,进来倾听治愈系萌物唱Everything will beok 陈奕恒《拍拍灰》4K四机位直拍,你听得到0509,29947812,2026-02-01 17:03:08,496861,14222,9913,16154,956,504,3516,3,9,False
2026-03-11 21:47:41,https://www.bilibili.com/video/BV1iy64BBEqf/?spm_id_from=333.1387.favlist.content.click&vd_source=406d0cf895bedbdc58a3d0130d55e34c,BV1iy64BBEqf,进来倾听治愈系萌物唱Everything will beok 陈奕恒《拍拍灰》4K四机位直拍,你听得到0509,29947812,2026-02-01 17:03:08,496877,14223,9913,16155,957,504,3516,5,16,False
2026-03-11 22:47:55,https://www.bilibili.com/video/BV1iy64BBEqf/?spm_id_from=333.1387.favlist.content.click&vd_source=406d0cf895bedbdc58a3d0130d55e34c,BV1iy64BBEqf,进来倾听治愈系萌物唱Everything will beok 陈奕恒《拍拍灰》4K四机位直拍,你听得到0509,29947812,2026-02-01 17:03:08,496888,14224,9913,16156,958,504,3517,4,11,False
2026-03-11 23:48:10,https://www.bilibili.com/video/BV1iy64BBEqf/?spm_id_from=333.1387.favlist.content.click&vd_source=406d0cf895bedbdc58a3d0130d55e34c,BV1iy64BBEqf,进来倾听治愈系萌物唱Everything will beok 陈奕恒《拍拍灰》4K四机位直拍,你听得到0509,29947812,2026-02-01 17:03:08,496903,14225,9915,16158,958,504,3517,2,15,False
2026-03-11 00:42:40,https://www.bilibili.com/video/BV1ao64B8Ewp/?spm_id_from=333.1387.favlist.content.click&vd_source=406d0cf895bedbdc58a3d0130d55e34c,BV1ao64B8Ewp,【陈奕恒直拍】Attention!!红衣战神再度来袭!!此男又轻轻一跳魅惑全场了《闭嘴跳舞》4k四机位focus,前夜丨陈奕恒,3546741399881763,2026-02-01 17:36:32,561291,19799,12065,19558,1610,772,5192,4,0,False
2026-03-11 01:42:54,https://www.bilibili.com/video/BV1ao64B8Ewp/?spm_id_from=333.1387.favlist.content.click&vd_source=406d0cf895bedbdc58a3d0130d55e34c,BV1ao64B8Ewp,【陈奕恒直拍】Attention!!红衣战神再度来袭!!此男又轻轻一跳魅惑全场了《闭嘴跳舞》4k四机位focus,前夜丨陈奕恒,3546741399881763,2026-02-01 17:36:32,561319,19799,12065,19559,1610,772,5192,5,28,False
2026-03-11 02:43:08,https://www.bilibili.com/video/BV1ao64B8Ewp/?spm_id_from=333.1387.favlist.content.click&vd_source=406d0cf895bedbdc58a3d0130d55e34c,BV1ao64B8Ewp,【陈奕恒直拍】Attention!!红衣战神再度来袭!!此男又轻轻一跳魅惑全场了《闭嘴跳舞》4k四机位focus,前夜丨陈奕恒,3546741399881763,2026-02-01 17:36:32,561341,19800,12065,19560,1611,772,5192,5,22,False
2026-03-11 03:43:22,https://www.bilibili.com/video/BV1ao64B8Ewp/?spm_id_from=333.1387.favlist.content.click&vd_source=406d0cf895bedbdc58a3d0130d55e34c,BV1ao64B8Ewp,【陈奕恒直拍】Attention!!红衣战神再度来袭!!此男又轻轻一跳魅惑全场了《闭嘴跳舞》4k四机位focus,前夜丨陈奕恒,3546741399881763,2026-02-01 17:36:32,561354,19800,12065,19560,1611,772,5192,2,13,False
2026-03-11 04:43:36,https://www.bilibili.com/video/BV1ao64B8Ewp/?spm_id_from=333.1387.favlist.content.click&vd_source=406d0cf895bedbdc58a3d0130d55e34c,BV1ao64B8Ewp,【陈奕恒直拍】Attention!!红衣战神再度来袭!!此男又轻轻一跳魅惑全场了《闭嘴跳舞》4k四机位focus,前夜丨陈奕恒,3546741399881763,2026-02-01 17:36:32,561355,19800,12065,19560,1611,772,5192,3,1,False
2026-03-11 05:43:50,https://www.bilibili.com/video/BV1ao64B8Ewp/?spm_id_from=333.1387.favlist.content.click&vd_source=406d0cf895bedbdc58a3d0130d55e34c,BV1ao64B8Ewp,【陈奕恒直拍】Attention!!红衣战神再度来袭!!此男又轻轻一跳魅惑全场了《闭嘴跳舞》4k四机位focus,前夜丨陈奕恒,3546741399881763,2026-02-01 17:36:32,561362,19801,12067,19561,1611,772,5192,1,7,False
2026-03-11 06:44:05,https://www.bilibili.com/video/BV1ao64B8Ewp/?spm_id_from=333.1387.favlist.content.click&vd_source=406d0cf895bedbdc58a3d0130d55e34c,BV1ao64B8Ewp,【陈奕恒直拍】Attention!!红衣战神再度来袭!!此男又轻轻一跳魅惑全场了《闭嘴跳舞》4k四机位focus,前夜丨陈奕恒,3546741399881763,2026-02-01 17:36:32,561369,19802,12069,19562,1611,772,5195,2,7,False
2026-03-11 07:44:18,https://www.bilibili.com/video/BV1ao64B8Ewp/?spm_id_from=333.1387.favlist.content.click&vd_source=406d0cf895bedbdc58a3d0130d55e34c,BV1ao64B8Ewp,【陈奕恒直拍】Attention!!红衣战神再度来袭!!此男又轻轻一跳魅惑全场了《闭嘴跳舞》4k四机位focus,前夜丨陈奕恒,3546741399881763,2026-02-01 17:36:32,561381,19803,12069,19562,1615,772,5195,5,12,False
2026-03-11 08:44:32,https://www.bilibili.com/video/BV1ao64B8Ewp/?spm_id_from=333.1387.favlist.content.click&vd_source=406d0cf895bedbdc58a3d0130d55e34c,BV1ao64B8Ewp,【陈奕恒直拍】Attention!!红衣战神再度来袭!!此男又轻轻一跳魅惑全场了《闭嘴跳舞》4k四机位focus,前夜丨陈奕恒,3546741399881763,2026-02-01 17:36:32,561395,19804,12069,19562,1615,772,5195,3,14,False
2026-03-11 09:44:47,https://www.bilibili.com/video/BV1ao64B8Ewp/?spm_id_from=333.1387.favlist.content.click&vd_source=406d0cf895bedbdc58a3d0130d55e34c,BV1ao64B8Ewp,【陈奕恒直拍】Attention!!红衣战神再度来袭!!此男又轻轻一跳魅惑全场了《闭嘴跳舞》4k四机位focus,前夜丨陈奕恒,3546741399881763,2026-02-01 17:36:32,561409,19805,12069,19562,1615,772,5195,4,14,False
2026-03-11 10:45:01,https://www.bilibili.com/video/BV1ao64B8Ewp/?spm_id_from=333.1387.favlist.content.click&vd_source=406d0cf895bedbdc58a3d0130d55e34c,BV1ao64B8Ewp,【陈奕恒直拍】Attention!!红衣战神再度来袭!!此男又轻轻一跳魅惑全场了《闭嘴跳舞》4k四机位focus,前夜丨陈奕恒,3546741399881763,2026-02-01 17:36:32,561423,19808,12069,19562,1615,772,5195,2,14,False
2026-03-11 11:45:15,https://www.bilibili.com/video/BV1ao64B8Ewp/?spm_id_from=333.1387.favlist.content.click&vd_source=406d0cf895bedbdc58a3d0130d55e34c,BV1ao64B8Ewp,【陈奕恒直拍】Attention!!红衣战神再度来袭!!此男又轻轻一跳魅惑全场了《闭嘴跳舞》4k四机位focus,前夜丨陈奕恒,3546741399881763,2026-02-01 17:36:32,561443,19808,12069,19562,1616,772,5195,3,20,False
2026-03-11 12:45:29,https://www.bilibili.com/video/BV1ao64B8Ewp/?spm_id_from=333.1387.favlist.content.click&vd_source=406d0cf895bedbdc58a3d0130d55e34c,BV1ao64B8Ewp,【陈奕恒直拍】Attention!!红衣战神再度来袭!!此男又轻轻一跳魅惑全场了《闭嘴跳舞》4k四机位focus,前夜丨陈奕恒,3546741399881763,2026-02-01 17:36:32,561502,19812,12069,19566,1616,772,5195,6,59,False
2026-03-11 13:45:44,https://www.bilibili.com/video/BV1ao64B8Ewp/?spm_id_from=333.1387.favlist.content.click&vd_source=406d0cf895bedbdc58a3d0130d55e34c,BV1ao64B8Ewp,【陈奕恒直拍】Attention!!红衣战神再度来袭!!此男又轻轻一跳魅惑全场了《闭嘴跳舞》4k四机位focus,前夜丨陈奕恒,3546741399881763,2026-02-01 17:36:32,561570,19814,12069,19567,1616,772,5195,4,68,False
2026-03-11 14:45:58,https://www.bilibili.com/video/BV1ao64B8Ewp/?spm_id_from=333.1387.favlist.content.click&vd_source=406d0cf895bedbdc58a3d0130d55e34c,BV1ao64B8Ewp,【陈奕恒直拍】Attention!!红衣战神再度来袭!!此男又轻轻一跳魅惑全场了《闭嘴跳舞》4k四机位focus,前夜丨陈奕恒,3546741399881763,2026-02-01 17:36:32,561601,19815,12069,19567,1616,772,5195,3,31,False
2026-03-11 15:46:12,https://www.bilibili.com/video/BV1ao64B8Ewp/?spm_id_from=333.1387.favlist.content.click&vd_source=406d0cf895bedbdc58a3d0130d55e34c,BV1ao64B8Ewp,【陈奕恒直拍】Attention!!红衣战神再度来袭!!此男又轻轻一跳魅惑全场了《闭嘴跳舞》4k四机位focus,前夜丨陈奕恒,3546741399881763,2026-02-01 17:36:32,561632,19818,12072,19569,1617,772,5195,1,31,False
2026-03-11 16:46:26,https://www.bilibili.com/video/BV1ao64B8Ewp/?spm_id_from=333.1387.favlist.content.click&vd_source=406d0cf895bedbdc58a3d0130d55e34c,BV1ao64B8Ewp,【陈奕恒直拍】Attention!!红衣战神再度来袭!!此男又轻轻一跳魅惑全场了《闭嘴跳舞》4k四机位focus,前夜丨陈奕恒,3546741399881763,2026-02-01 17:36:32,561656,19820,12072,19569,1617,772,5195,2,24,False
2026-03-11 17:46:41,https://www.bilibili.com/video/BV1ao64B8Ewp/?spm_id_from=333.1387.favlist.content.click&vd_source=406d0cf895bedbdc58a3d0130d55e34c,BV1ao64B8Ewp,【陈奕恒直拍】Attention!!红衣战神再度来袭!!此男又轻轻一跳魅惑全场了《闭嘴跳舞》4k四机位focus,前夜丨陈奕恒,3546741399881763,2026-02-01 17:36:32,561689,19822,12073,19570,1618,772,5195,2,33,False
2026-03-11 18:46:56,https://www.bilibili.com/video/BV1ao64B8Ewp/?spm_id_from=333.1387.favlist.content.click&vd_source=406d0cf895bedbdc58a3d0130d55e34c,BV1ao64B8Ewp,【陈奕恒直拍】Attention!!红衣战神再度来袭!!此男又轻轻一跳魅惑全场了《闭嘴跳舞》4k四机位focus,前夜丨陈奕恒,3546741399881763,2026-02-01 17:36:32,561758,19827,12077,19572,1618,772,5195,4,69,False
2026-03-11 19:47:11,https://www.bilibili.com/video/BV1ao64B8Ewp/?spm_id_from=333.1387.favlist.content.click&vd_source=406d0cf895bedbdc58a3d0130d55e34c,BV1ao64B8Ewp,【陈奕恒直拍】Attention!!红衣战神再度来袭!!此男又轻轻一跳魅惑全场了《闭嘴跳舞》4k四机位focus,前夜丨陈奕恒,3546741399881763,2026-02-01 17:36:32,561862,19835,12077,19576,1618,772,5203,4,104,False
2026-03-11 20:47:25,https://www.bilibili.com/video/BV1ao64B8Ewp/?spm_id_from=333.1387.favlist.content.click&vd_source=406d0cf895bedbdc58a3d0130d55e34c,BV1ao64B8Ewp,【陈奕恒直拍】Attention!!红衣战神再度来袭!!此男又轻轻一跳魅惑全场了《闭嘴跳舞》4k四机位focus,前夜丨陈奕恒,3546741399881763,2026-02-01 17:36:32,561992,19839,12077,19583,1619,772,5203,7,130,False
2026-03-11 21:47:41,https://www.bilibili.com/video/BV1ao64B8Ewp/?spm_id_from=333.1387.favlist.content.click&vd_source=406d0cf895bedbdc58a3d0130d55e34c,BV1ao64B8Ewp,【陈奕恒直拍】Attention!!红衣战神再度来袭!!此男又轻轻一跳魅惑全场了《闭嘴跳舞》4k四机位focus,前夜丨陈奕恒,3546741399881763,2026-02-01 17:36:32,562137,19845,12077,19590,1620,772,5206,2,145,False
2026-03-11 22:47:55,https://www.bilibili.com/video/BV1ao64B8Ewp/?spm_id_from=333.1387.favlist.content.click&vd_source=406d0cf895bedbdc58a3d0130d55e34c,BV1ao64B8Ewp,【陈奕恒直拍】Attention!!红衣战神再度来袭!!此男又轻轻一跳魅惑全场了《闭嘴跳舞》4k四机位focus,前夜丨陈奕恒,3546741399881763,2026-02-01 17:36:32,562242,19849,12079,19594,1621,772,5207,4,105,False
2026-03-11 23:48:10,https://www.bilibili.com/video/BV1ao64B8Ewp/?spm_id_from=333.1387.favlist.content.click&vd_source=406d0cf895bedbdc58a3d0130d55e34c,BV1ao64B8Ewp,【陈奕恒直拍】Attention!!红衣战神再度来袭!!此男又轻轻一跳魅惑全场了《闭嘴跳舞》4k四机位focus,前夜丨陈奕恒,3546741399881763,2026-02-01 17:36:32,562321,19851,12081,19596,1621,772,5207,3,79,False
2026-03-11 00:42:40,https://www.bilibili.com/video/BV1iF61BHE8w/?spm_id_from=333.1387.favlist.content.click&vd_source=406d0cf895bedbdc58a3d0130d55e34c,BV1iF61BHE8w,【陈奕恒直拍】Just感受!!唇环180男神魅惑来袭《希区考克》4k三机位focus,前夜丨陈奕恒,3546741399881763,2026-01-31 20:30:48,495786,12639,9407,14488,1018,542,3194,1,0,False
2026-03-11 01:42:54,https://www.bilibili.com/video/BV1iF61BHE8w/?spm_id_from=333.1387.favlist.content.click&vd_source=406d0cf895bedbdc58a3d0130d55e34c,BV1iF61BHE8w,【陈奕恒直拍】Just感受!!唇环180男神魅惑来袭《希区考克》4k三机位focus,前夜丨陈奕恒,3546741399881763,2026-01-31 20:30:48,495787,12639,9407,14488,1018,542,3194,1,1,False
2026-03-11 02:43:08,https://www.bilibili.com/video/BV1iF61BHE8w/?spm_id_from=333.1387.favlist.content.click&vd_source=406d0cf895bedbdc58a3d0130d55e34c,BV1iF61BHE8w,【陈奕恒直拍】Just感受!!唇环180男神魅惑来袭《希区考克》4k三机位focus,前夜丨陈奕恒,3546741399881763,2026-01-31 20:30:48,495788,12639,9407,14488,1018,542,3194,1,1,False
2026-03-11 03:43:22,https://www.bilibili.com/video/BV1iF61BHE8w/?spm_id_from=333.1387.favlist.content.click&vd_source=406d0cf895bedbdc58a3d0130d55e34c,BV1iF61BHE8w,【陈奕恒直拍】Just感受!!唇环180男神魅惑来袭《希区考克》4k三机位focus,前夜丨陈奕恒,3546741399881763,2026-01-31 20:30:48,495790,12639,9407,14488,1018,542,3194,2,2,False
2026-03-11 04:43:36,https://www.bilibili.com/video/BV1iF61BHE8w/?spm_id_from=333.1387.favlist.content.click&vd_source=406d0cf895bedbdc58a3d0130d55e34c,BV1iF61BHE8w,【陈奕恒直拍】Just感受!!唇环180男神魅惑来袭《希区考克》4k三机位focus,前夜丨陈奕恒,3546741399881763,2026-01-31 20:30:48,495792,12639,9407,14488,1018,542,3194,2,2,False
2026-03-11 05:43:50,https://www.bilibili.com/video/BV1iF61BHE8w/?spm_id_from=333.1387.favlist.content.click&vd_source=406d0cf895bedbdc58a3d0130d55e34c,BV1iF61BHE8w,【陈奕恒直拍】Just感受!!唇环180男神魅惑来袭《希区考克》4k三机位focus,前夜丨陈奕恒,3546741399881763,2026-01-31 20:30:48,495794,12639,9407,14488,1018,542,3194,2,2,False
2026-03-11 06:44:05,https://www.bilibili.com/video/BV1iF61BHE8w/?spm_id_from=333.1387.favlist.content.click&vd_source=406d0cf895bedbdc58a3d0130d55e34c,BV1iF61BHE8w,【陈奕恒直拍】Just感受!!唇环180男神魅惑来袭《希区考克》4k三机位focus,前夜丨陈奕恒,3546741399881763,2026-01-31 20:30:48,495795,12639,9407,14488,1018,542,3194,2,1,False
2026-03-11 07:44:18,https://www.bilibili.com/video/BV1iF61BHE8w/?spm_id_from=333.1387.favlist.content.click&vd_source=406d0cf895bedbdc58a3d0130d55e34c,BV1iF61BHE8w,【陈奕恒直拍】Just感受!!唇环180男神魅惑来袭《希区考克》4k三机位focus,前夜丨陈奕恒,3546741399881763,2026-01-31 20:30:48,495801,12639,9407,14488,1018,542,3194,1,6,False
2026-03-11 08:44:32,https://www.bilibili.com/video/BV1iF61BHE8w/?spm_id_from=333.1387.favlist.content.click&vd_source=406d0cf895bedbdc58a3d0130d55e34c,BV1iF61BHE8w,【陈奕恒直拍】Just感受!!唇环180男神魅惑来袭《希区考克》4k三机位focus,前夜丨陈奕恒,3546741399881763,2026-01-31 20:30:48,495802,12639,9407,14488,1018,542,3194,2,1,False
2026-03-11 09:44:47,https://www.bilibili.com/video/BV1iF61BHE8w/?spm_id_from=333.1387.favlist.content.click&vd_source=406d0cf895bedbdc58a3d0130d55e34c,BV1iF61BHE8w,【陈奕恒直拍】Just感受!!唇环180男神魅惑来袭《希区考克》4k三机位focus,前夜丨陈奕恒,3546741399881763,2026-01-31 20:30:48,495803,12639,9407,14488,1018,542,3194,2,1,False
2026-03-11 10:45:01,https://www.bilibili.com/video/BV1iF61BHE8w/?spm_id_from=333.1387.favlist.content.click&vd_source=406d0cf895bedbdc58a3d0130d55e34c,BV1iF61BHE8w,【陈奕恒直拍】Just感受!!唇环180男神魅惑来袭《希区考克》4k三机位focus,前夜丨陈奕恒,3546741399881763,2026-01-31 20:30:48,495804,12639,9407,14488,1019,542,3194,2,1,False
2026-03-11 11:45:15,https://www.bilibili.com/video/BV1iF61BHE8w/?spm_id_from=333.1387.favlist.content.click&vd_source=406d0cf895bedbdc58a3d0130d55e34c,BV1iF61BHE8w,【陈奕恒直拍】Just感受!!唇环180男神魅惑来袭《希区考克》4k三机位focus,前夜丨陈奕恒,3546741399881763,2026-01-31 20:30:48,495809,12639,9407,14488,1019,542,3194,4,5,False
2026-03-11 12:45:29,https://www.bilibili.com/video/BV1iF61BHE8w/?spm_id_from=333.1387.favlist.content.click&vd_source=406d0cf895bedbdc58a3d0130d55e34c,BV1iF61BHE8w,【陈奕恒直拍】Just感受!!唇环180男神魅惑来袭《希区考克》4k三机位focus,前夜丨陈奕恒,3546741399881763,2026-01-31 20:30:48,495815,12639,9407,14488,1019,542,3194,3,6,False
2026-03-11 13:45:44,https://www.bilibili.com/video/BV1iF61BHE8w/?spm_id_from=333.1387.favlist.content.click&vd_source=406d0cf895bedbdc58a3d0130d55e34c,BV1iF61BHE8w,【陈奕恒直拍】Just感受!!唇环180男神魅惑来袭《希区考克》4k三机位focus,前夜丨陈奕恒,3546741399881763,2026-01-31 20:30:48,495828,12640,9407,14488,1019,542,3194,2,13,False
2026-03-11 14:45:58,https://www.bilibili.com/video/BV1iF61BHE8w/?spm_id_from=333.1387.favlist.content.click&vd_source=406d0cf895bedbdc58a3d0130d55e34c,BV1iF61BHE8w,【陈奕恒直拍】Just感受!!唇环180男神魅惑来袭《希区考克》4k三机位focus,前夜丨陈奕恒,3546741399881763,2026-01-31 20:30:48,495836,12640,9407,14488,1019,542,3194,1,8,False
2026-03-11 15:46:12,https://www.bilibili.com/video/BV1iF61BHE8w/?spm_id_from=333.1387.favlist.content.click&vd_source=406d0cf895bedbdc58a3d0130d55e34c,BV1iF61BHE8w,【陈奕恒直拍】Just感受!!唇环180男神魅惑来袭《希区考克》4k三机位focus,前夜丨陈奕恒,3546741399881763,2026-01-31 20:30:48,495839,12640,9407,14488,1019,542,3194,3,3,False
2026-03-11 16:46:26,https://www.bilibili.com/video/BV1iF61BHE8w/?spm_id_from=333.1387.favlist.content.click&vd_source=406d0cf895bedbdc58a3d0130d55e34c,BV1iF61BHE8w,【陈奕恒直拍】Just感受!!唇环180男神魅惑来袭《希区考克》4k三机位focus,前夜丨陈奕恒,3546741399881763,2026-01-31 20:30:48,495841,12641,9409,14489,1019,542,3194,1,2,False
2026-03-11 17:46:41,https://www.bilibili.com/video/BV1iF61BHE8w/?spm_id_from=333.1387.favlist.content.click&vd_source=406d0cf895bedbdc58a3d0130d55e34c,BV1iF61BHE8w,【陈奕恒直拍】Just感受!!唇环180男神魅惑来袭《希区考克》4k三机位focus,前夜丨陈奕恒,3546741399881763,2026-01-31 20:30:48,495845,12641,9409,14489,1019,542,3194,2,4,False
2026-03-11 18:46:56,https://www.bilibili.com/video/BV1iF61BHE8w/?spm_id_from=333.1387.favlist.content.click&vd_source=406d0cf895bedbdc58a3d0130d55e34c,BV1iF61BHE8w,【陈奕恒直拍】Just感受!!唇环180男神魅惑来袭《希区考克》4k三机位focus,前夜丨陈奕恒,3546741399881763,2026-01-31 20:30:48,495854,12643,9409,14490,1019,542,3194,3,9,False
2026-03-11 19:47:11,https://www.bilibili.com/video/BV1iF61BHE8w/?spm_id_from=333.1387.favlist.content.click&vd_source=406d0cf895bedbdc58a3d0130d55e34c,BV1iF61BHE8w,【陈奕恒直拍】Just感受!!唇环180男神魅惑来袭《希区考克》4k三机位focus,前夜丨陈奕恒,3546741399881763,2026-01-31 20:30:48,495854,12644,9409,14491,1019,542,3200,1,0,False
2026-03-11 20:47:25,https://www.bilibili.com/video/BV1iF61BHE8w/?spm_id_from=333.1387.favlist.content.click&vd_source=406d0cf895bedbdc58a3d0130d55e34c,BV1iF61BHE8w,【陈奕恒直拍】Just感受!!唇环180男神魅惑来袭《希区考克》4k三机位focus,前夜丨陈奕恒,3546741399881763,2026-01-31 20:30:48,495868,12646,9411,14492,1019,542,3200,1,14,False
2026-03-11 21:47:41,https://www.bilibili.com/video/BV1iF61BHE8w/?spm_id_from=333.1387.favlist.content.click&vd_source=406d0cf895bedbdc58a3d0130d55e34c,BV1iF61BHE8w,【陈奕恒直拍】Just感受!!唇环180男神魅惑来袭《希区考克》4k三机位focus,前夜丨陈奕恒,3546741399881763,2026-01-31 20:30:48,495876,12647,9411,14492,1020,542,3200,1,8,False
2026-03-11 22:47:55,https://www.bilibili.com/video/BV1iF61BHE8w/?spm_id_from=333.1387.favlist.content.click&vd_source=406d0cf895bedbdc58a3d0130d55e34c,BV1iF61BHE8w,【陈奕恒直拍】Just感受!!唇环180男神魅惑来袭《希区考克》4k三机位focus,前夜丨陈奕恒,3546741399881763,2026-01-31 20:30:48,495881,12647,9411,14492,1021,542,3200,1,5,False
2026-03-11 23:48:10,https://www.bilibili.com/video/BV1iF61BHE8w/?spm_id_from=333.1387.favlist.content.click&vd_source=406d0cf895bedbdc58a3d0130d55e34c,BV1iF61BHE8w,【陈奕恒直拍】Just感受!!唇环180男神魅惑来袭《希区考克》4k三机位focus,前夜丨陈奕恒,3546741399881763,2026-01-31 20:30:48,495889,12649,9411,14493,1021,542,3200,1,8,False
2026-03-11 00:42:40,https://www.bilibili.com/video/BV1EQ6yBoEEP/?spm_id_from=333.1387.favlist.content.click&vd_source=406d0cf895bedbdc58a3d0130d55e34c,BV1EQ6yBoEEP,王橹杰｜借过一下｜4k直拍双机位｜月光仙子,OOSAN丨王橹杰,3690989432604729,2026-01-31 20:26:21,830189,14527,15490,16377,3666,1751,6559,13,0,False
2026-03-11 01:42:54,https://www.bilibili.com/video/BV1EQ6yBoEEP/?spm_id_from=333.1387.favlist.content.click&vd_source=406d0cf895bedbdc58a3d0130d55e34c,BV1EQ6yBoEEP,王橹杰｜借过一下｜4k直拍双机位｜月光仙子,OOSAN丨王橹杰,3690989432604729,2026-01-31 20:26:21,830205,14528,15492,16378,3666,1751,6559,7,16,False
2026-03-11 02:43:08,https://www.bilibili.com/video/BV1EQ6yBoEEP/?spm_id_from=333.1387.favlist.content.click&vd_source=406d0cf895bedbdc58a3d0130d55e34c,BV1EQ6yBoEEP,王橹杰｜借过一下｜4k直拍双机位｜月光仙子,OOSAN丨王橹杰,3690989432604729,2026-01-31 20:26:21,830216,14530,15492,16378,3666,1751,6559,7,11,False
2026-03-11 03:43:22,https://www.bilibili.com/video/BV1EQ6yBoEEP/?spm_id_from=333.1387.favlist.content.click&vd_source=406d0cf895bedbdc58a3d0130d55e34c,BV1EQ6yBoEEP,王橹杰｜借过一下｜4k直拍双机位｜月光仙子,OOSAN丨王橹杰,3690989432604729,2026-01-31 20:26:21,830221,14530,15492,16379,3666,1751,6559,11,5,False
2026-03-11 04:43:36,https://www.bilibili.com/video/BV1EQ6yBoEEP/?spm_id_from=333.1387.favlist.content.click&vd_source=406d0cf895bedbdc58a3d0130d55e34c,BV1EQ6yBoEEP,王橹杰｜借过一下｜4k直拍双机位｜月光仙子,OOSAN丨王橹杰,3690989432604729,2026-01-31 20:26:21,830233,14530,15492,16378,3666,1751,6559,7,12,False
2026-03-11 05:43:50,https://www.bilibili.com/video/BV1EQ6yBoEEP/?spm_id_from=333.1387.favlist.content.click&vd_source=406d0cf895bedbdc58a3d0130d55e34c,BV1EQ6yBoEEP,王橹杰｜借过一下｜4k直拍双机位｜月光仙子,OOSAN丨王橹杰,3690989432604729,2026-01-31 20:26:21,830242,14530,15492,16378,3666,1751,6559,13,9,False
2026-03-11 06:44:05,https://www.bilibili.com/video/BV1EQ6yBoEEP/?spm_id_from=333.1387.favlist.content.click&vd_source=406d0cf895bedbdc58a3d0130d55e34c,BV1EQ6yBoEEP,王橹杰｜借过一下｜4k直拍双机位｜月光仙子,OOSAN丨王橹杰,3690989432604729,2026-01-31 20:26:21,830250,14530,15493,16378,3667,1751,6559,11,8,False
2026-03-11 07:44:18,https://www.bilibili.com/video/BV1EQ6yBoEEP/?spm_id_from=333.1387.favlist.content.click&vd_source=406d0cf895bedbdc58a3d0130d55e34c,BV1EQ6yBoEEP,王橹杰｜借过一下｜4k直拍双机位｜月光仙子,OOSAN丨王橹杰,3690989432604729,2026-01-31 20:26:21,830260,14530,15493,16378,3670,1751,6559,12,10,False
2026-03-11 08:44:32,https://www.bilibili.com/video/BV1EQ6yBoEEP/?spm_id_from=333.1387.favlist.content.click&vd_source=406d0cf895bedbdc58a3d0130d55e34c,BV1EQ6yBoEEP,王橹杰｜借过一下｜4k直拍双机位｜月光仙子,OOSAN丨王橹杰,3690989432604729,2026-01-31 20:26:21,830270,14530,15493,16378,3673,1751,6559,9,10,False
2026-03-11 09:44:47,https://www.bilibili.com/video/BV1EQ6yBoEEP/?spm_id_from=333.1387.favlist.content.click&vd_source=406d0cf895bedbdc58a3d0130d55e34c,BV1EQ6yBoEEP,王橹杰｜借过一下｜4k直拍双机位｜月光仙子,OOSAN丨王橹杰,3690989432604729,2026-01-31 20:26:21,830281,14530,15495,16378,3673,1751,6559,9,11,False
2026-03-11 10:45:01,https://www.bilibili.com/video/BV1EQ6yBoEEP/?spm_id_from=333.1387.favlist.content.click&vd_source=406d0cf895bedbdc58a3d0130d55e34c,BV1EQ6yBoEEP,王橹杰｜借过一下｜4k直拍双机位｜月光仙子,OOSAN丨王橹杰,3690989432604729,2026-01-31 20:26:21,830295,14530,15495,16379,3673,1751,6559,18,14,False
2026-03-11 11:45:15,https://www.bilibili.com/video/BV1EQ6yBoEEP/?spm_id_from=333.1387.favlist.content.click&vd_source=406d0cf895bedbdc58a3d0130d55e34c,BV1EQ6yBoEEP,王橹杰｜借过一下｜4k直拍双机位｜月光仙子,OOSAN丨王橹杰,3690989432604729,2026-01-31 20:26:21,830305,14530,15495,16380,3673,1751,6559,17,10,False
2026-03-11 12:45:29,https://www.bilibili.com/video/BV1EQ6yBoEEP/?spm_id_from=333.1387.favlist.content.click&vd_source=406d0cf895bedbdc58a3d0130d55e34c,BV1EQ6yBoEEP,王橹杰｜借过一下｜4k直拍双机位｜月光仙子,OOSAN丨王橹杰,3690989432604729,2026-01-31 20:26:21,830323,14530,15495,16381,3673,1751,6559,19,18,False
2026-03-11 13:45:44,https://www.bilibili.com/video/BV1EQ6yBoEEP/?spm_id_from=333.1387.favlist.content.click&vd_source=406d0cf895bedbdc58a3d0130d55e34c,BV1EQ6yBoEEP,王橹杰｜借过一下｜4k直拍双机位｜月光仙子,OOSAN丨王橹杰,3690989432604729,2026-01-31 20:26:21,830344,14531,15495,16381,3673,1751,6559,7,21,False
2026-03-11 14:45:58,https://www.bilibili.com/video/BV1EQ6yBoEEP/?spm_id_from=333.1387.favlist.content.click&vd_source=406d0cf895bedbdc58a3d0130d55e34c,BV1EQ6yBoEEP,王橹杰｜借过一下｜4k直拍双机位｜月光仙子,OOSAN丨王橹杰,3690989432604729,2026-01-31 20:26:21,830355,14531,15495,16381,3673,1751,6559,12,11,False
2026-03-11 15:46:12,https://www.bilibili.com/video/BV1EQ6yBoEEP/?spm_id_from=333.1387.favlist.content.click&vd_source=406d0cf895bedbdc58a3d0130d55e34c,BV1EQ6yBoEEP,王橹杰｜借过一下｜4k直拍双机位｜月光仙子,OOSAN丨王橹杰,3690989432604729,2026-01-31 20:26:21,830368,14531,15495,16382,3673,1751,6559,11,13,False
2026-03-11 16:46:26,https://www.bilibili.com/video/BV1EQ6yBoEEP/?spm_id_from=333.1387.favlist.content.click&vd_source=406d0cf895bedbdc58a3d0130d55e34c,BV1EQ6yBoEEP,王橹杰｜借过一下｜4k直拍双机位｜月光仙子,OOSAN丨王橹杰,3690989432604729,2026-01-31 20:26:21,830376,14531,15495,16382,3673,1751,6559,10,8,False
2026-03-11 17:46:41,https://www.bilibili.com/video/BV1EQ6yBoEEP/?spm_id_from=333.1387.favlist.content.click&vd_source=406d0cf895bedbdc58a3d0130d55e34c,BV1EQ6yBoEEP,王橹杰｜借过一下｜4k直拍双机位｜月光仙子,OOSAN丨王橹杰,3690989432604729,2026-01-31 20:26:21,830384,14531,15495,16382,3673,1751,6559,12,8,False
2026-03-11 18:46:56,https://www.bilibili.com/video/BV1EQ6yBoEEP/?spm_id_from=333.1387.favlist.content.click&vd_source=406d0cf895bedbdc58a3d0130d55e34c,BV1EQ6yBoEEP,王橹杰｜借过一下｜4k直拍双机位｜月光仙子,OOSAN丨王橹杰,3690989432604729,2026-01-31 20:26:21,830403,14532,15495,16382,3673,1751,6560,10,19,False
2026-03-11 19:47:11,https://www.bilibili.com/video/BV1EQ6yBoEEP/?spm_id_from=333.1387.favlist.content.click&vd_source=406d0cf895bedbdc58a3d0130d55e34c,BV1EQ6yBoEEP,王橹杰｜借过一下｜4k直拍双机位｜月光仙子,OOSAN丨王橹杰,3690989432604729,2026-01-31 20:26:21,830426,14534,15497,16383,3673,1751,6560,6,23,False
2026-03-11 20:47:25,https://www.bilibili.com/video/BV1EQ6yBoEEP/?spm_id_from=333.1387.favlist.content.click&vd_source=406d0cf895bedbdc58a3d0130d55e34c,BV1EQ6yBoEEP,王橹杰｜借过一下｜4k直拍双机位｜月光仙子,OOSAN丨王橹杰,3690989432604729,2026-01-31 20:26:21,830455,14536,15499,16382,3673,1751,6560,14,29,False
2026-03-11 21:47:41,https://www.bilibili.com/video/BV1EQ6yBoEEP/?spm_id_from=333.1387.favlist.content.click&vd_source=406d0cf895bedbdc58a3d0130d55e34c,BV1EQ6yBoEEP,王橹杰｜借过一下｜4k直拍双机位｜月光仙子,OOSAN丨王橹杰,3690989432604729,2026-01-31 20:26:21,830489,14536,15499,16382,3673,1751,6560,7,34,False
2026-03-11 22:47:55,https://www.bilibili.com/video/BV1EQ6yBoEEP/?spm_id_from=333.1387.favlist.content.click&vd_source=406d0cf895bedbdc58a3d0130d55e34c,BV1EQ6yBoEEP,王橹杰｜借过一下｜4k直拍双机位｜月光仙子,OOSAN丨王橹杰,3690989432604729,2026-01-31 20:26:21,830520,14536,15499,16383,3674,1751,6560,10,31,False
2026-03-11 23:48:10,https://www.bilibili.com/video/BV1EQ6yBoEEP/?spm_id_from=333.1387.favlist.content.click&vd_source=406d0cf895bedbdc58a3d0130d55e34c,BV1EQ6yBoEEP,王橹杰｜借过一下｜4k直拍双机位｜月光仙子,OOSAN丨王橹杰,3690989432604729,2026-01-31 20:26:21,830555,14536,15499,16382,3674,1751,6560,14,35,False
2026-03-11 00:42:40,https://www.bilibili.com/video/BV1bm6nBGE12/?spm_id_from=333.1387.favlist.content.click&vd_source=406d0cf895bedbdc58a3d0130d55e34c,BV1bm6nBGE12,【王橹杰FOCUS | 4K直拍】lovely,Morpheus秩序外_王橹杰,3632310920415710,2026-01-31 22:31:24,928132,26009,23480,23552,4342,2094,9983,6,0,False
2026-03-11 01:42:54,https://www.bilibili.com/video/BV1bm6nBGE12/?spm_id_from=333.1387.favlist.content.click&vd_source=406d0cf895bedbdc58a3d0130d55e34c,BV1bm6nBGE12,【王橹杰FOCUS | 4K直拍】lovely,Morpheus秩序外_王橹杰,3632310920415710,2026-01-31 22:31:24,928166,26011,23482,23553,4342,2094,9983,10,34,False
2026-03-11 02:43:08,https://www.bilibili.com/video/BV1bm6nBGE12/?spm_id_from=333.1387.favlist.content.click&vd_source=406d0cf895bedbdc58a3d0130d55e34c,BV1bm6nBGE12,【王橹杰FOCUS | 4K直拍】lovely,Morpheus秩序外_王橹杰,3632310920415710,2026-01-31 22:31:24,928187,26011,23482,23554,4342,2094,9983,9,21,False
2026-03-11 03:43:22,https://www.bilibili.com/video/BV1bm6nBGE12/?spm_id_from=333.1387.favlist.content.click&vd_source=406d0cf895bedbdc58a3d0130d55e34c,BV1bm6nBGE12,【王橹杰FOCUS | 4K直拍】lovely,Morpheus秩序外_王橹杰,3632310920415710,2026-01-31 22:31:24,928211,26011,23482,23555,4342,2094,9983,8,24,False
2026-03-11 04:43:36,https://www.bilibili.com/video/BV1bm6nBGE12/?spm_id_from=333.1387.favlist.content.click&vd_source=406d0cf895bedbdc58a3d0130d55e34c,BV1bm6nBGE12,【王橹杰FOCUS | 4K直拍】lovely,Morpheus秩序外_王橹杰,3632310920415710,2026-01-31 22:31:24,928229,26011,23482,23555,4342,2094,9983,9,18,False
2026-03-11 05:43:50,https://www.bilibili.com/video/BV1bm6nBGE12/?spm_id_from=333.1387.favlist.content.click&vd_source=406d0cf895bedbdc58a3d0130d55e34c,BV1bm6nBGE12,【王橹杰FOCUS | 4K直拍】lovely,Morpheus秩序外_王橹杰,3632310920415710,2026-01-31 22:31:24,928244,26011,23482,23555,4342,2094,9983,12,15,False
2026-03-11 06:44:05,https://www.bilibili.com/video/BV1bm6nBGE12/?spm_id_from=333.1387.favlist.content.click&vd_source=406d0cf895bedbdc58a3d0130d55e34c,BV1bm6nBGE12,【王橹杰FOCUS | 4K直拍】lovely,Morpheus秩序外_王橹杰,3632310920415710,2026-01-31 22:31:24,928258,26011,23482,23555,4344,2094,9983,4,14,False
2026-03-11 07:44:18,https://www.bilibili.com/video/BV1bm6nBGE12/?spm_id_from=333.1387.favlist.content.click&vd_source=406d0cf895bedbdc58a3d0130d55e34c,BV1bm6nBGE12,【王橹杰FOCUS | 4K直拍】lovely,Morpheus秩序外_王橹杰,3632310920415710,2026-01-31 22:31:24,928271,26011,23482,23555,4346,2094,9983,8,13,False
2026-03-11 08:44:32,https://www.bilibili.com/video/BV1bm6nBGE12/?spm_id_from=333.1387.favlist.content.click&vd_source=406d0cf895bedbdc58a3d0130d55e34c,BV1bm6nBGE12,【王橹杰FOCUS | 4K直拍】lovely,Morpheus秩序外_王橹杰,3632310920415710,2026-01-31 22:31:24,928295,26011,23482,23555,4350,2094,9983,9,24,False
2026-03-11 09:44:47,https://www.bilibili.com/video/BV1bm6nBGE12/?spm_id_from=333.1387.favlist.content.click&vd_source=406d0cf895bedbdc58a3d0130d55e34c,BV1bm6nBGE12,【王橹杰FOCUS | 4K直拍】lovely,Morpheus秩序外_王橹杰,3632310920415710,2026-01-31 22:31:24,928319,26012,23484,23556,4350,2094,9985,7,24,False
2026-03-11 10:45:01,https://www.bilibili.com/video/BV1bm6nBGE12/?spm_id_from=333.1387.favlist.content.click&vd_source=406d0cf895bedbdc58a3d0130d55e34c,BV1bm6nBGE12,【王橹杰FOCUS | 4K直拍】lovely,Morpheus秩序外_王橹杰,3632310920415710,2026-01-31 22:31:24,928348,26014,23484,23557,4350,2094,9985,6,29,False
2026-03-11 11:45:15,https://www.bilibili.com/video/BV1bm6nBGE12/?spm_id_from=333.1387.favlist.content.click&vd_source=406d0cf895bedbdc58a3d0130d55e34c,BV1bm6nBGE12,【王橹杰FOCUS | 4K直拍】lovely,Morpheus秩序外_王橹杰,3632310920415710,2026-01-31 22:31:24,928378,26015,23486,23558,4350,2094,9985,12,30,False
2026-03-11 12:45:29,https://www.bilibili.com/video/BV1bm6nBGE12/?spm_id_from=333.1387.favlist.content.click&vd_source=406d0cf895bedbdc58a3d0130d55e34c,BV1bm6nBGE12,【王橹杰FOCUS | 4K直拍】lovely,Morpheus秩序外_王橹杰,3632310920415710,2026-01-31 22:31:24,928432,26018,23488,23561,4350,2094,9985,4,54,False
2026-03-11 13:45:44,https://www.bilibili.com/video/BV1bm6nBGE12/?spm_id_from=333.1387.favlist.content.click&vd_source=406d0cf895bedbdc58a3d0130d55e34c,BV1bm6nBGE12,【王橹杰FOCUS | 4K直拍】lovely,Morpheus秩序外_王橹杰,3632310920415710,2026-01-31 22:31:24,928493,26021,23489,23563,4350,2094,9985,6,61,False
2026-03-11 14:45:58,https://www.bilibili.com/video/BV1bm6nBGE12/?spm_id_from=333.1387.favlist.content.click&vd_source=406d0cf895bedbdc58a3d0130d55e34c,BV1bm6nBGE12,【王橹杰FOCUS | 4K直拍】lovely,Morpheus秩序外_王橹杰,3632310920415710,2026-01-31 22:31:24,928538,26024,23494,23564,4351,2094,9985,8,45,False
2026-03-11 15:46:12,https://www.bilibili.com/video/BV1bm6nBGE12/?spm_id_from=333.1387.favlist.content.click&vd_source=406d0cf895bedbdc58a3d0130d55e34c,BV1bm6nBGE12,【王橹杰FOCUS | 4K直拍】lovely,Morpheus秩序外_王橹杰,3632310920415710,2026-01-31 22:31:24,928595,26026,23496,23567,4351,2094,9986,9,57,False
2026-03-11 16:46:26,https://www.bilibili.com/video/BV1bm6nBGE12/?spm_id_from=333.1387.favlist.content.click&vd_source=406d0cf895bedbdc58a3d0130d55e34c,BV1bm6nBGE12,【王橹杰FOCUS | 4K直拍】lovely,Morpheus秩序外_王橹杰,3632310920415710,2026-01-31 22:31:24,928632,26027,23496,23567,4351,2094,9986,12,37,False
2026-03-11 17:46:41,https://www.bilibili.com/video/BV1bm6nBGE12/?spm_id_from=333.1387.favlist.content.click&vd_source=406d0cf895bedbdc58a3d0130d55e34c,BV1bm6nBGE12,【王橹杰FOCUS | 4K直拍】lovely,Morpheus秩序外_王橹杰,3632310920415710,2026-01-31 22:31:24,928680,26027,23496,23567,4351,2094,9988,9,48,False
2026-03-11 18:46:56,https://www.bilibili.com/video/BV1bm6nBGE12/?spm_id_from=333.1387.favlist.content.click&vd_source=406d0cf895bedbdc58a3d0130d55e34c,BV1bm6nBGE12,【王橹杰FOCUS | 4K直拍】lovely,Morpheus秩序外_王橹杰,3632310920415710,2026-01-31 22:31:24,928733,26029,23496,23568,4351,2094,9989,6,53,False
2026-03-11 19:47:11,https://www.bilibili.com/video/BV1bm6nBGE12/?spm_id_from=333.1387.favlist.content.click&vd_source=406d0cf895bedbdc58a3d0130d55e34c,BV1bm6nBGE12,【王橹杰FOCUS | 4K直拍】lovely,Morpheus秩序外_王橹杰,3632310920415710,2026-01-31 22:31:24,928793,26031,23496,23571,4351,2094,9989,11,60,False
2026-03-11 20:47:25,https://www.bilibili.com/video/BV1bm6nBGE12/?spm_id_from=333.1387.favlist.content.click&vd_source=406d0cf895bedbdc58a3d0130d55e34c,BV1bm6nBGE12,【王橹杰FOCUS | 4K直拍】lovely,Morpheus秩序外_王橹杰,3632310920415710,2026-01-31 22:31:24,928882,26037,23498,23572,4351,2094,9990,7,89,False
2026-03-11 21:47:41,https://www.bilibili.com/video/BV1bm6nBGE12/?spm_id_from=333.1387.favlist.content.click&vd_source=406d0cf895bedbdc58a3d0130d55e34c,BV1bm6nBGE12,【王橹杰FOCUS | 4K直拍】lovely,Morpheus秩序外_王橹杰,3632310920415710,2026-01-31 22:31:24,928975,26038,23498,23573,4351,2094,9996,10,93,False
2026-03-11 22:47:55,https://www.bilibili.com/video/BV1bm6nBGE12/?spm_id_from=333.1387.favlist.content.click&vd_source=406d0cf895bedbdc58a3d0130d55e34c,BV1bm6nBGE12,【王橹杰FOCUS | 4K直拍】lovely,Morpheus秩序外_王橹杰,3632310920415710,2026-01-31 22:31:24,929072,26039,23500,23574,4352,2094,9997,9,97,False
2026-03-11 23:48:10,https://www.bilibili.com/video/BV1bm6nBGE12/?spm_id_from=333.1387.favlist.content.click&vd_source=406d0cf895bedbdc58a3d0130d55e34c,BV1bm6nBGE12,【王橹杰FOCUS | 4K直拍】lovely,Morpheus秩序外_王橹杰,3632310920415710,2026-01-31 22:31:24,929150,26044,23504,23575,4352,2094,9997,8,78,False
2026-03-11 00:42:40,https://www.bilibili.com/video/BV1nM6WBiEQs/?spm_id_from=333.1387.favlist.content.click&vd_source=406d0cf895bedbdc58a3d0130d55e34c,BV1nM6WBiEQs,【王橹杰FOCUS |4K直拍】希区考克,Morpheus秩序外_王橹杰,3632310920415710,2026-02-01 09:06:59,984749,39556,33294,29055,6169,3432,13522,16,0,False
2026-03-11 01:42:54,https://www.bilibili.com/video/BV1nM6WBiEQs/?spm_id_from=333.1387.favlist.content.click&vd_source=406d0cf895bedbdc58a3d0130d55e34c,BV1nM6WBiEQs,【王橹杰FOCUS |4K直拍】希区考克,Morpheus秩序外_王橹杰,3632310920415710,2026-02-01 09:06:59,984833,39563,33301,29058,6169,3432,13523,18,84,False
2026-03-11 02:43:08,https://www.bilibili.com/video/BV1nM6WBiEQs/?spm_id_from=333.1387.favlist.content.click&vd_source=406d0cf895bedbdc58a3d0130d55e34c,BV1nM6WBiEQs,【王橹杰FOCUS |4K直拍】希区考克,Morpheus秩序外_王橹杰,3632310920415710,2026-02-01 09:06:59,984895,39565,33301,29059,6169,3432,13523,22,62,False
2026-03-11 03:43:22,https://www.bilibili.com/video/BV1nM6WBiEQs/?spm_id_from=333.1387.favlist.content.click&vd_source=406d0cf895bedbdc58a3d0130d55e34c,BV1nM6WBiEQs,【王橹杰FOCUS |4K直拍】希区考克,Morpheus秩序外_王橹杰,3632310920415710,2026-02-01 09:06:59,984929,39568,33303,29061,6169,3432,13523,13,34,False
2026-03-11 04:43:36,https://www.bilibili.com/video/BV1nM6WBiEQs/?spm_id_from=333.1387.favlist.content.click&vd_source=406d0cf895bedbdc58a3d0130d55e34c,BV1nM6WBiEQs,【王橹杰FOCUS |4K直拍】希区考克,Morpheus秩序外_王橹杰,3632310920415710,2026-02-01 09:06:59,984958,39568,33303,29063,6169,3432,13523,16,29,False
2026-03-11 05:43:50,https://www.bilibili.com/video/BV1nM6WBiEQs/?spm_id_from=333.1387.favlist.content.click&vd_source=406d0cf895bedbdc58a3d0130d55e34c,BV1nM6WBiEQs,【王橹杰FOCUS |4K直拍】希区考克,Morpheus秩序外_王橹杰,3632310920415710,2026-02-01 09:06:59,984983,39569,33303,29063,6169,3432,13523,12,25,False
2026-03-11 06:44:05,https://www.bilibili.com/video/BV1nM6WBiEQs/?spm_id_from=333.1387.favlist.content.click&vd_source=406d0cf895bedbdc58a3d0130d55e34c,BV1nM6WBiEQs,【王橹杰FOCUS |4K直拍】希区考克,Morpheus秩序外_王橹杰,3632310920415710,2026-02-01 09:06:59,985004,39569,33303,29063,6171,3432,13523,22,21,False
2026-03-11 07:44:18,https://www.bilibili.com/video/BV1nM6WBiEQs/?spm_id_from=333.1387.favlist.content.click&vd_source=406d0cf895bedbdc58a3d0130d55e34c,BV1nM6WBiEQs,【王橹杰FOCUS |4K直拍】希区考克,Morpheus秩序外_王橹杰,3632310920415710,2026-02-01 09:06:59,985025,39569,33303,29063,6171,3432,13523,17,21,False
2026-03-11 08:44:32,https://www.bilibili.com/video/BV1nM6WBiEQs/?spm_id_from=333.1387.favlist.content.click&vd_source=406d0cf895bedbdc58a3d0130d55e34c,BV1nM6WBiEQs,【王橹杰FOCUS |4K直拍】希区考克,Morpheus秩序外_王橹杰,3632310920415710,2026-02-01 09:06:59,985073,39570,33305,29063,6176,3432,13523,22,48,False
2026-03-11 09:44:47,https://www.bilibili.com/video/BV1nM6WBiEQs/?spm_id_from=333.1387.favlist.content.click&vd_source=406d0cf895bedbdc58a3d0130d55e34c,BV1nM6WBiEQs,【王橹杰FOCUS |4K直拍】希区考克,Morpheus秩序外_王橹杰,3632310920415710,2026-02-01 09:06:59,985131,39574,33307,29063,6176,3432,13524,20,58,False
2026-03-11 10:45:01,https://www.bilibili.com/video/BV1nM6WBiEQs/?spm_id_from=333.1387.favlist.content.click&vd_source=406d0cf895bedbdc58a3d0130d55e34c,BV1nM6WBiEQs,【王橹杰FOCUS |4K直拍】希区考克,Morpheus秩序外_王橹杰,3632310920415710,2026-02-01 09:06:59,985211,39580,33311,29064,6176,3432,13525,21,80,False
2026-03-11 11:45:15,https://www.bilibili.com/video/BV1nM6WBiEQs/?spm_id_from=333.1387.favlist.content.click&vd_source=406d0cf895bedbdc58a3d0130d55e34c,BV1nM6WBiEQs,【王橹杰FOCUS |4K直拍】希区考克,Morpheus秩序外_王橹杰,3632310920415710,2026-02-01 09:06:59,985288,39583,33313,29065,6176,3432,13528,27,77,False
2026-03-11 12:45:29,https://www.bilibili.com/video/BV1nM6WBiEQs/?spm_id_from=333.1387.favlist.content.click&vd_source=406d0cf895bedbdc58a3d0130d55e34c,BV1nM6WBiEQs,【王橹杰FOCUS |4K直拍】希区考克,Morpheus秩序外_王橹杰,3632310920415710,2026-02-01 09:06:59,985406,39592,33313,29068,6176,3432,13530,23,118,False
2026-03-11 13:45:44,https://www.bilibili.com/video/BV1nM6WBiEQs/?spm_id_from=333.1387.favlist.content.click&vd_source=406d0cf895bedbdc58a3d0130d55e34c,BV1nM6WBiEQs,【王橹杰FOCUS |4K直拍】希区考克,Morpheus秩序外_王橹杰,3632310920415710,2026-02-01 09:06:59,985549,39600,33319,29072,6177,3432,13537,20,143,False
2026-03-11 14:45:58,https://www.bilibili.com/video/BV1nM6WBiEQs/?spm_id_from=333.1387.favlist.content.click&vd_source=406d0cf895bedbdc58a3d0130d55e34c,BV1nM6WBiEQs,【王橹杰FOCUS |4K直拍】希区考克,Morpheus秩序外_王橹杰,3632310920415710,2026-02-01 09:06:59,985666,39607,33326,29072,6177,3433,13538,21,117,False
2026-03-11 15:46:12,https://www.bilibili.com/video/BV1nM6WBiEQs/?spm_id_from=333.1387.favlist.content.click&vd_source=406d0cf895bedbdc58a3d0130d55e34c,BV1nM6WBiEQs,【王橹杰FOCUS |4K直拍】希区考克,Morpheus秩序外_王橹杰,3632310920415710,2026-02-01 09:06:59,985786,39609,33328,29075,6178,3433,13538,24,120,False
2026-03-11 16:46:26,https://www.bilibili.com/video/BV1nM6WBiEQs/?spm_id_from=333.1387.favlist.content.click&vd_source=406d0cf895bedbdc58a3d0130d55e34c,BV1nM6WBiEQs,【王橹杰FOCUS |4K直拍】希区考克,Morpheus秩序外_王橹杰,3632310920415710,2026-02-01 09:06:59,985896,39612,33330,29078,6178,3433,13538,25,110,False
2026-03-11 17:46:41,https://www.bilibili.com/video/BV1nM6WBiEQs/?spm_id_from=333.1387.favlist.content.click&vd_source=406d0cf895bedbdc58a3d0130d55e34c,BV1nM6WBiEQs,【王橹杰FOCUS |4K直拍】希区考克,Morpheus秩序外_王橹杰,3632310920415710,2026-02-01 09:06:59,986008,39617,33330,29080,6179,3433,13540,25,112,False
2026-03-11 18:46:56,https://www.bilibili.com/video/BV1nM6WBiEQs/?spm_id_from=333.1387.favlist.content.click&vd_source=406d0cf895bedbdc58a3d0130d55e34c,BV1nM6WBiEQs,【王橹杰FOCUS |4K直拍】希区考克,Morpheus秩序外_王橹杰,3632310920415710,2026-02-01 09:06:59,986106,39622,33332,29081,6181,3433,13542,16,98,False
2026-03-11 19:47:11,https://www.bilibili.com/video/BV1nM6WBiEQs/?spm_id_from=333.1387.favlist.content.click&vd_source=406d0cf895bedbdc58a3d0130d55e34c,BV1nM6WBiEQs,【王橹杰FOCUS |4K直拍】希区考克,Morpheus秩序外_王橹杰,3632310920415710,2026-02-01 09:06:59,986232,39625,33334,29082,6182,3433,13543,21,126,False
2026-03-11 20:47:25,https://www.bilibili.com/video/BV1nM6WBiEQs/?spm_id_from=333.1387.favlist.content.click&vd_source=406d0cf895bedbdc58a3d0130d55e34c,BV1nM6WBiEQs,【王橹杰FOCUS |4K直拍】希区考克,Morpheus秩序外_王橹杰,3632310920415710,2026-02-01 09:06:59,986420,39633,33340,29086,6183,3433,13546,34,188,False
2026-03-11 21:47:41,https://www.bilibili.com/video/BV1nM6WBiEQs/?spm_id_from=333.1387.favlist.content.click&vd_source=406d0cf895bedbdc58a3d0130d55e34c,BV1nM6WBiEQs,【王橹杰FOCUS |4K直拍】希区考克,Morpheus秩序外_王橹杰,3632310920415710,2026-02-01 09:06:59,986609,39643,33344,29091,6183,3433,13549,33,189,False
2026-03-11 22:47:55,https://www.bilibili.com/video/BV1nM6WBiEQs/?spm_id_from=333.1387.favlist.content.click&vd_source=406d0cf895bedbdc58a3d0130d55e34c,BV1nM6WBiEQs,【王橹杰FOCUS |4K直拍】希区考克,Morpheus秩序外_王橹杰,3632310920415710,2026-02-01 09:06:59,986820,39650,33348,29097,6185,3434,13561,35,211,False
2026-03-11 23:48:10,https://www.bilibili.com/video/BV1nM6WBiEQs/?spm_id_from=333.1387.favlist.content.click&vd_source=406d0cf895bedbdc58a3d0130d55e34c,BV1nM6WBiEQs,【王橹杰FOCUS |4K直拍】希区考克,Morpheus秩序外_王橹杰,3632310920415710,2026-02-01 09:06:59,987019,39659,33350,29098,6187,3435,13561,19,199,False
2026-03-11 00:42:40,https://www.bilibili.com/video/BV1oi61BdEvP/?spm_id_from=333.1387.favlist.content.click&vd_source=406d0cf895bedbdc58a3d0130d55e34c,BV1oi61BdEvP,【TF家族王橹杰】当舞台变成希区考克的片场丨王橹杰4K直拍双机位,Capricorn王橹杰,3537114847251044,2026-01-31 20:09:30,1016761,28688,24454,24564,4636,3082,10453,4,0,False
2026-03-11 01:42:54,https://www.bilibili.com/video/BV1oi61BdEvP/?spm_id_from=333.1387.favlist.content.click&vd_source=406d0cf895bedbdc58a3d0130d55e34c,BV1oi61BdEvP,【TF家族王橹杰】当舞台变成希区考克的片场丨王橹杰4K直拍双机位,Capricorn王橹杰,3537114847251044,2026-01-31 20:09:30,1016807,28692,24456,24568,4637,3082,10453,3,46,False
2026-03-11 02:43:08,https://www.bilibili.com/video/BV1oi61BdEvP/?spm_id_from=333.1387.favlist.content.click&vd_source=406d0cf895bedbdc58a3d0130d55e34c,BV1oi61BdEvP,【TF家族王橹杰】当舞台变成希区考克的片场丨王橹杰4K直拍双机位,Capricorn王橹杰,3537114847251044,2026-01-31 20:09:30,1016831,28692,24456,24568,4637,3082,10453,5,24,False
2026-03-11 03:43:22,https://www.bilibili.com/video/BV1oi61BdEvP/?spm_id_from=333.1387.favlist.content.click&vd_source=406d0cf895bedbdc58a3d0130d55e34c,BV1oi61BdEvP,【TF家族王橹杰】当舞台变成希区考克的片场丨王橹杰4K直拍双机位,Capricorn王橹杰,3537114847251044,2026-01-31 20:09:30,1016844,28692,24456,24569,4637,3082,10453,3,13,False
2026-03-11 04:43:36,https://www.bilibili.com/video/BV1oi61BdEvP/?spm_id_from=333.1387.favlist.content.click&vd_source=406d0cf895bedbdc58a3d0130d55e34c,BV1oi61BdEvP,【TF家族王橹杰】当舞台变成希区考克的片场丨王橹杰4K直拍双机位,Capricorn王橹杰,3537114847251044,2026-01-31 20:09:30,1016857,28693,24458,24568,4637,3082,10453,2,13,False
2026-03-11 05:43:50,https://www.bilibili.com/video/BV1oi61BdEvP/?spm_id_from=333.1387.favlist.content.click&vd_source=406d0cf895bedbdc58a3d0130d55e34c,BV1oi61BdEvP,【TF家族王橹杰】当舞台变成希区考克的片场丨王橹杰4K直拍双机位,Capricorn王橹杰,3537114847251044,2026-01-31 20:09:30,1016867,28694,24458,24568,4637,3082,10453,4,10,False
2026-03-11 06:44:05,https://www.bilibili.com/video/BV1oi61BdEvP/?spm_id_from=333.1387.favlist.content.click&vd_source=406d0cf895bedbdc58a3d0130d55e34c,BV1oi61BdEvP,【TF家族王橹杰】当舞台变成希区考克的片场丨王橹杰4K直拍双机位,Capricorn王橹杰,3537114847251044,2026-01-31 20:09:30,1016874,28695,24458,24568,4637,3082,10453,3,7,False
2026-03-11 07:44:18,https://www.bilibili.com/video/BV1oi61BdEvP/?spm_id_from=333.1387.favlist.content.click&vd_source=406d0cf895bedbdc58a3d0130d55e34c,BV1oi61BdEvP,【TF家族王橹杰】当舞台变成希区考克的片场丨王橹杰4K直拍双机位,Capricorn王橹杰,3537114847251044,2026-01-31 20:09:30,1016889,28695,24458,24567,4640,3082,10453,3,15,False
2026-03-11 08:44:32,https://www.bilibili.com/video/BV1oi61BdEvP/?spm_id_from=333.1387.favlist.content.click&vd_source=406d0cf895bedbdc58a3d0130d55e34c,BV1oi61BdEvP,【TF家族王橹杰】当舞台变成希区考克的片场丨王橹杰4K直拍双机位,Capricorn王橹杰,3537114847251044,2026-01-31 20:09:30,1016900,28696,24458,24568,4644,3082,10453,4,11,False
2026-03-11 09:44:47,https://www.bilibili.com/video/BV1oi61BdEvP/?spm_id_from=333.1387.favlist.content.click&vd_source=406d0cf895bedbdc58a3d0130d55e34c,BV1oi61BdEvP,【TF家族王橹杰】当舞台变成希区考克的片场丨王橹杰4K直拍双机位,Capricorn王橹杰,3537114847251044,2026-01-31 20:09:30,1016934,28698,24458,24569,4644,3082,10453,5,34,False
2026-03-11 10:45:01,https://www.bilibili.com/video/BV1oi61BdEvP/?spm_id_from=333.1387.favlist.content.click&vd_source=406d0cf895bedbdc58a3d0130d55e34c,BV1oi61BdEvP,【TF家族王橹杰】当舞台变成希区考克的片场丨王橹杰4K直拍双机位,Capricorn王橹杰,3537114847251044,2026-01-31 20:09:30,1016960,28699,24458,24570,4644,3082,10453,3,26,False
2026-03-11 11:45:15,https://www.bilibili.com/video/BV1oi61BdEvP/?spm_id_from=333.1387.favlist.content.click&vd_source=406d0cf895bedbdc58a3d0130d55e34c,BV1oi61BdEvP,【TF家族王橹杰】当舞台变成希区考克的片场丨王橹杰4K直拍双机位,Capricorn王橹杰,3537114847251044,2026-01-31 20:09:30,1017002,28702,24458,24571,4644,3082,10453,6,42,False
2026-03-11 12:45:29,https://www.bilibili.com/video/BV1oi61BdEvP/?spm_id_from=333.1387.favlist.content.click&vd_source=406d0cf895bedbdc58a3d0130d55e34c,BV1oi61BdEvP,【TF家族王橹杰】当舞台变成希区考克的片场丨王橹杰4K直拍双机位,Capricorn王橹杰,3537114847251044,2026-01-31 20:09:30,1017058,28706,24458,24572,4644,3082,10453,11,56,False
2026-03-11 13:45:44,https://www.bilibili.com/video/BV1oi61BdEvP/?spm_id_from=333.1387.favlist.content.click&vd_source=406d0cf895bedbdc58a3d0130d55e34c,BV1oi61BdEvP,【TF家族王橹杰】当舞台变成希区考克的片场丨王橹杰4K直拍双机位,Capricorn王橹杰,3537114847251044,2026-01-31 20:09:30,1017128,28710,24464,24573,4644,3082,10453,6,70,False
2026-03-11 14:45:58,https://www.bilibili.com/video/BV1oi61BdEvP/?spm_id_from=333.1387.favlist.content.click&vd_source=406d0cf895bedbdc58a3d0130d55e34c,BV1oi61BdEvP,【TF家族王橹杰】当舞台变成希区考克的片场丨王橹杰4K直拍双机位,Capricorn王橹杰,3537114847251044,2026-01-31 20:09:30,1017181,28711,24464,24572,4645,3082,10453,8,53,False
2026-03-11 15:46:12,https://www.bilibili.com/video/BV1oi61BdEvP/?spm_id_from=333.1387.favlist.content.click&vd_source=406d0cf895bedbdc58a3d0130d55e34c,BV1oi61BdEvP,【TF家族王橹杰】当舞台变成希区考克的片场丨王橹杰4K直拍双机位,Capricorn王橹杰,3537114847251044,2026-01-31 20:09:30,1017231,28713,24465,24574,4645,3082,10453,7,50,False
2026-03-11 16:46:26,https://www.bilibili.com/video/BV1oi61BdEvP/?spm_id_from=333.1387.favlist.content.click&vd_source=406d0cf895bedbdc58a3d0130d55e34c,BV1oi61BdEvP,【TF家族王橹杰】当舞台变成希区考克的片场丨王橹杰4K直拍双机位,Capricorn王橹杰,3537114847251044,2026-01-31 20:09:30,1017266,28714,24465,24575,4645,3082,10453,4,35,False
2026-03-11 17:46:41,https://www.bilibili.com/video/BV1oi61BdEvP/?spm_id_from=333.1387.favlist.content.click&vd_source=406d0cf895bedbdc58a3d0130d55e34c,BV1oi61BdEvP,【TF家族王橹杰】当舞台变成希区考克的片场丨王橹杰4K直拍双机位,Capricorn王橹杰,3537114847251044,2026-01-31 20:09:30,1017317,28718,24465,24576,4645,3082,10454,4,51,False
2026-03-11 18:46:56,https://www.bilibili.com/video/BV1oi61BdEvP/?spm_id_from=333.1387.favlist.content.click&vd_source=406d0cf895bedbdc58a3d0130d55e34c,BV1oi61BdEvP,【TF家族王橹杰】当舞台变成希区考克的片场丨王橹杰4K直拍双机位,Capricorn王橹杰,3537114847251044,2026-01-31 20:09:30,1017372,28722,24465,24578,4648,3082,10454,4,55,False
2026-03-11 19:47:11,https://www.bilibili.com/video/BV1oi61BdEvP/?spm_id_from=333.1387.favlist.content.click&vd_source=406d0cf895bedbdc58a3d0130d55e34c,BV1oi61BdEvP,【TF家族王橹杰】当舞台变成希区考克的片场丨王橹杰4K直拍双机位,Capricorn王橹杰,3537114847251044,2026-01-31 20:09:30,1017459,28725,24465,24578,4648,3082,10454,2,87,False
2026-03-11 20:47:25,https://www.bilibili.com/video/BV1oi61BdEvP/?spm_id_from=333.1387.favlist.content.click&vd_source=406d0cf895bedbdc58a3d0130d55e34c,BV1oi61BdEvP,【TF家族王橹杰】当舞台变成希区考克的片场丨王橹杰4K直拍双机位,Capricorn王橹杰,3537114847251044,2026-01-31 20:09:30,1017585,28731,24469,24580,4648,3082,10454,12,126,False
2026-03-11 21:47:41,https://www.bilibili.com/video/BV1oi61BdEvP/?spm_id_from=333.1387.favlist.content.click&vd_source=406d0cf895bedbdc58a3d0130d55e34c,BV1oi61BdEvP,【TF家族王橹杰】当舞台变成希区考克的片场丨王橹杰4K直拍双机位,Capricorn王橹杰,3537114847251044,2026-01-31 20:09:30,1017706,28739,24471,24582,4648,3082,10454,8,121,False
2026-03-11 22:47:55,https://www.bilibili.com/video/BV1oi61BdEvP/?spm_id_from=333.1387.favlist.content.click&vd_source=406d0cf895bedbdc58a3d0130d55e34c,BV1oi61BdEvP,【TF家族王橹杰】当舞台变成希区考克的片场丨王橹杰4K直拍双机位,Capricorn王橹杰,3537114847251044,2026-01-31 20:09:30,1017869,28746,24473,24585,4648,3082,10454,10,163,False
2026-03-11 23:48:10,https://www.bilibili.com/video/BV1oi61BdEvP/?spm_id_from=333.1387.favlist.content.click&vd_source=406d0cf895bedbdc58a3d0130d55e34c,BV1oi61BdEvP,【TF家族王橹杰】当舞台变成希区考克的片场丨王橹杰4K直拍双机位,Capricorn王橹杰,3537114847251044,2026-01-31 20:09:30,1017967,28753,24476,24591,4648,3082,10455,6,98,False
2026-03-11 00:42:40,https://www.bilibili.com/video/BV1chwTeXEqS/?spm_id_from=333.337.search-card.all.click&vd_source=406d0cf895bedbdc58a3d0130d55e34c,BV1chwTeXEqS,元气樱花少年！【王橹杰】《Para Para Sakura》4K直拍 | 250118 TF家族新年音乐会,麦辣脆猪猪,325217719,2025-01-19 00:21:05,2370833,119968,58422,74553,9832,6616,16899,3,0,False
2026-03-11 01:42:54,https://www.bilibili.com/video/BV1chwTeXEqS/?spm_id_from=333.337.search-card.all.click&vd_source=406d0cf895bedbdc58a3d0130d55e34c,BV1chwTeXEqS,元气樱花少年！【王橹杰】《Para Para Sakura》4K直拍 | 250118 TF家族新年音乐会,麦辣脆猪猪,325217719,2025-01-19 00:21:05,2370920,119972,58423,74558,9834,6616,16899,2,87,False
2026-03-11 02:43:08,https://www.bilibili.com/video/BV1chwTeXEqS/?spm_id_from=333.337.search-card.all.click&vd_source=406d0cf895bedbdc58a3d0130d55e34c,BV1chwTeXEqS,元气樱花少年！【王橹杰】《Para Para Sakura》4K直拍 | 250118 TF家族新年音乐会,麦辣脆猪猪,325217719,2025-01-19 00:21:05,2370963,119974,58423,74562,9834,6616,16899,1,43,False
2026-03-11 03:43:22,https://www.bilibili.com/video/BV1chwTeXEqS/?spm_id_from=333.337.search-card.all.click&vd_source=406d0cf895bedbdc58a3d0130d55e34c,BV1chwTeXEqS,元气樱花少年！【王橹杰】《Para Para Sakura》4K直拍 | 250118 TF家族新年音乐会,麦辣脆猪猪,325217719,2025-01-19 00:21:05,2370983,119974,58423,74562,9834,6616,16899,1,20,False
2026-03-11 04:43:36,https://www.bilibili.com/video/BV1chwTeXEqS/?spm_id_from=333.337.search-card.all.click&vd_source=406d0cf895bedbdc58a3d0130d55e34c,BV1chwTeXEqS,元气樱花少年！【王橹杰】《Para Para Sakura》4K直拍 | 250118 TF家族新年音乐会,麦辣脆猪猪,325217719,2025-01-19 00:21:05,2370990,119975,58423,74562,9834,6616,16899,2,7,False
2026-03-11 05:43:50,https://www.bilibili.com/video/BV1chwTeXEqS/?spm_id_from=333.337.search-card.all.click&vd_source=406d0cf895bedbdc58a3d0130d55e34c,BV1chwTeXEqS,元气樱花少年！【王橹杰】《Para Para Sakura》4K直拍 | 250118 TF家族新年音乐会,麦辣脆猪猪,325217719,2025-01-19 00:21:05,2370995,119974,58423,74562,9834,6616,16899,1,5,False
2026-03-11 06:44:05,https://www.bilibili.com/video/BV1chwTeXEqS/?spm_id_from=333.337.search-card.all.click&vd_source=406d0cf895bedbdc58a3d0130d55e34c,BV1chwTeXEqS,元气樱花少年！【王橹杰】《Para Para Sakura》4K直拍 | 250118 TF家族新年音乐会,麦辣脆猪猪,325217719,2025-01-19 00:21:05,2371009,119974,58423,74562,9836,6616,16899,2,14,False
2026-03-11 07:44:18,https://www.bilibili.com/video/BV1chwTeXEqS/?spm_id_from=333.337.search-card.all.click&vd_source=406d0cf895bedbdc58a3d0130d55e34c,BV1chwTeXEqS,元气樱花少年！【王橹杰】《Para Para Sakura》4K直拍 | 250118 TF家族新年音乐会,麦辣脆猪猪,325217719,2025-01-19 00:21:05,2371019,119974,58423,74563,9838,6616,16899,1,10,False
2026-03-11 08:44:32,https://www.bilibili.com/video/BV1chwTeXEqS/?spm_id_from=333.337.search-card.all.click&vd_source=406d0cf895bedbdc58a3d0130d55e34c,BV1chwTeXEqS,元气樱花少年！【王橹杰】《Para Para Sakura》4K直拍 | 250118 TF家族新年音乐会,麦辣脆猪猪,325217719,2025-01-19 00:21:05,2371036,119976,58425,74563,9842,6616,16899,1,17,False
2026-03-11 09:44:47,https://www.bilibili.com/video/BV1chwTeXEqS/?spm_id_from=333.337.search-card.all.click&vd_source=406d0cf895bedbdc58a3d0130d55e34c,BV1chwTeXEqS,元气樱花少年！【王橹杰】《Para Para Sakura》4K直拍 | 250118 TF家族新年音乐会,麦辣脆猪猪,325217719,2025-01-19 00:21:05,2371073,119977,58427,74563,9846,6616,16902,3,37,False
2026-03-11 10:45:01,https://www.bilibili.com/video/BV1chwTeXEqS/?spm_id_from=333.337.search-card.all.click&vd_source=406d0cf895bedbdc58a3d0130d55e34c,BV1chwTeXEqS,元气樱花少年！【王橹杰】《Para Para Sakura》4K直拍 | 250118 TF家族新年音乐会,麦辣脆猪猪,325217719,2025-01-19 00:21:05,2371110,119978,58427,74562,9846,6616,16902,4,37,False
2026-03-11 11:45:15,https://www.bilibili.com/video/BV1chwTeXEqS/?spm_id_from=333.337.search-card.all.click&vd_source=406d0cf895bedbdc58a3d0130d55e34c,BV1chwTeXEqS,元气樱花少年！【王橹杰】《Para Para Sakura》4K直拍 | 250118 TF家族新年音乐会,麦辣脆猪猪,325217719,2025-01-19 00:21:05,2371156,119978,58427,74561,9846,6616,16902,4,46,False
2026-03-11 12:45:29,https://www.bilibili.com/video/BV1chwTeXEqS/?spm_id_from=333.337.search-card.all.click&vd_source=406d0cf895bedbdc58a3d0130d55e34c,BV1chwTeXEqS,元气樱花少年！【王橹杰】《Para Para Sakura》4K直拍 | 250118 TF家族新年音乐会,麦辣脆猪猪,325217719,2025-01-19 00:21:05,2371211,119981,58429,74563,9847,6616,16902,4,55,False
2026-03-11 13:45:44,https://www.bilibili.com/video/BV1chwTeXEqS/?spm_id_from=333.337.search-card.all.click&vd_source=406d0cf895bedbdc58a3d0130d55e34c,BV1chwTeXEqS,元气樱花少年！【王橹杰】《Para Para Sakura》4K直拍 | 250118 TF家族新年音乐会,麦辣脆猪猪,325217719,2025-01-19 00:21:05,2371295,119982,58431,74565,9853,6616,16902,3,84,False
2026-03-11 14:45:58,https://www.bilibili.com/video/BV1chwTeXEqS/?spm_id_from=333.337.search-card.all.click&vd_source=406d0cf895bedbdc58a3d0130d55e34c,BV1chwTeXEqS,元气樱花少年！【王橹杰】《Para Para Sakura》4K直拍 | 250118 TF家族新年音乐会,麦辣脆猪猪,325217719,2025-01-19 00:21:05,2371361,119985,58431,74564,9855,6616,16902,4,66,False
2026-03-11 15:46:12,https://www.bilibili.com/video/BV1chwTeXEqS/?spm_id_from=333.337.search-card.all.click&vd_source=406d0cf895bedbdc58a3d0130d55e34c,BV1chwTeXEqS,元气樱花少年！【王橹杰】《Para Para Sakura》4K直拍 | 250118 TF家族新年音乐会,麦辣脆猪猪,325217719,2025-01-19 00:21:05,2371437,119989,58431,74565,9855,6616,16902,6,76,False
2026-03-11 16:46:26,https://www.bilibili.com/video/BV1chwTeXEqS/?spm_id_from=333.337.search-card.all.click&vd_source=406d0cf895bedbdc58a3d0130d55e34c,BV1chwTeXEqS,元气樱花少年！【王橹杰】《Para Para Sakura》4K直拍 | 250118 TF家族新年音乐会,麦辣脆猪猪,325217719,2025-01-19 00:21:05,2371498,119989,58431,74566,9856,6616,16902,2,61,False
2026-03-11 17:46:41,https://www.bilibili.com/video/BV1chwTeXEqS/?spm_id_from=333.337.search-card.all.click&vd_source=406d0cf895bedbdc58a3d0130d55e34c,BV1chwTeXEqS,元气樱花少年！【王橹杰】《Para Para Sakura》4K直拍 | 250118 TF家族新年音乐会,麦辣脆猪猪,325217719,2025-01-19 00:21:05,2371579,119994,58431,74567,9856,6616,16902,7,81,False
2026-03-11 18:46:56,https://www.bilibili.com/video/BV1chwTeXEqS/?spm_id_from=333.337.search-card.all.click&vd_source=406d0cf895bedbdc58a3d0130d55e34c,BV1chwTeXEqS,元气樱花少年！【王橹杰】《Para Para Sakura》4K直拍 | 250118 TF家族新年音乐会,麦辣脆猪猪,325217719,2025-01-19 00:21:05,2371647,119996,58434,74568,9857,6616,16902,5,68,False
2026-03-11 19:47:11,https://www.bilibili.com/video/BV1chwTeXEqS/?spm_id_from=333.337.search-card.all.click&vd_source=406d0cf895bedbdc58a3d0130d55e34c,BV1chwTeXEqS,元气樱花少年！【王橹杰】《Para Para Sakura》4K直拍 | 250118 TF家族新年音乐会,麦辣脆猪猪,325217719,2025-01-19 00:21:05,2371752,120000,58435,74569,9857,6616,16902,8,105,False
2026-03-11 20:47:25,https://www.bilibili.com/video/BV1chwTeXEqS/?spm_id_from=333.337.search-card.all.click&vd_source=406d0cf895bedbdc58a3d0130d55e34c,BV1chwTeXEqS,元气樱花少年！【王橹杰】《Para Para Sakura》4K直拍 | 250118 TF家族新年音乐会,麦辣脆猪猪,325217719,2025-01-19 00:21:05,2371888,120000,58437,74567,9857,6616,16903,10,136,False
2026-03-11 21:47:41,https://www.bilibili.com/video/BV1chwTeXEqS/?spm_id_from=333.337.search-card.all.click&vd_source=406d0cf895bedbdc58a3d0130d55e34c,BV1chwTeXEqS,元气樱花少年！【王橹杰】《Para Para Sakura》4K直拍 | 250118 TF家族新年音乐会,麦辣脆猪猪,325217719,2025-01-19 00:21:05,2372035,120006,58441,74566,9857,6616,16904,6,147,False
2026-03-11 22:47:55,https://www.bilibili.com/video/BV1chwTeXEqS/?spm_id_from=333.337.search-card.all.click&vd_source=406d0cf895bedbdc58a3d0130d55e34c,BV1chwTeXEqS,元气樱花少年！【王橹杰】《Para Para Sakura》4K直拍 | 250118 TF家族新年音乐会,麦辣脆猪猪,325217719,2025-01-19 00:21:05,2372167,120007,58441,74564,9857,6616,16904,9,132,False
2026-03-11 23:48:10,https://www.bilibili.com/video/BV1chwTeXEqS/?spm_id_from=333.337.search-card.all.click&vd_source=406d0cf895bedbdc58a3d0130d55e34c,BV1chwTeXEqS,元气樱花少年！【王橹杰】《Para Para Sakura》4K直拍 | 250118 TF家族新年音乐会,麦辣脆猪猪,325217719,2025-01-19 00:21:05,2372288,120013,58443,74565,9857,6616,16904,9,121,False
2026-03-11 00:42:40,https://www.bilibili.com/video/BV1YX64BAEjd/?spm_id_from=333.1387.favlist.content.click&vd_source=6376e07ec49eec7d49dd941ef312f95d,BV1YX64BAEjd,【闭嘴跳舞｜张函瑞】双机位4K精剪直拍,Karmaismycat,3546943494031804,2026-02-01 17:32:47,560317,29350,24805,23949,1715,1221,5577,19,0,False
2026-03-11 01:42:54,https://www.bilibili.com/video/BV1YX64BAEjd/?spm_id_from=333.1387.favlist.content.click&vd_source=6376e07ec49eec7d49dd941ef312f95d,BV1YX64BAEjd,【闭嘴跳舞｜张函瑞】双机位4K精剪直拍,Karmaismycat,3546943494031804,2026-02-01 17:32:47,560382,29352,24807,23952,1717,1221,5577,15,65,False
2026-03-11 02:43:08,https://www.bilibili.com/video/BV1YX64BAEjd/?spm_id_from=333.1387.favlist.content.click&vd_source=6376e07ec49eec7d49dd941ef312f95d,BV1YX64BAEjd,【闭嘴跳舞｜张函瑞】双机位4K精剪直拍,Karmaismycat,3546943494031804,2026-02-01 17:32:47,560435,29353,24809,23953,1717,1221,5577,16,53,False
2026-03-11 03:43:22,https://www.bilibili.com/video/BV1YX64BAEjd/?spm_id_from=333.1387.favlist.content.click&vd_source=6376e07ec49eec7d49dd941ef312f95d,BV1YX64BAEjd,【闭嘴跳舞｜张函瑞】双机位4K精剪直拍,Karmaismycat,3546943494031804,2026-02-01 17:32:47,560481,29354,24811,23953,1717,1221,5577,20,46,False
2026-03-11 04:43:36,https://www.bilibili.com/video/BV1YX64BAEjd/?spm_id_from=333.1387.favlist.content.click&vd_source=6376e07ec49eec7d49dd941ef312f95d,BV1YX64BAEjd,【闭嘴跳舞｜张函瑞】双机位4K精剪直拍,Karmaismycat,3546943494031804,2026-02-01 17:32:47,560520,29354,24811,23954,1717,1221,5578,15,39,False
2026-03-11 05:43:50,https://www.bilibili.com/video/BV1YX64BAEjd/?spm_id_from=333.1387.favlist.content.click&vd_source=6376e07ec49eec7d49dd941ef312f95d,BV1YX64BAEjd,【闭嘴跳舞｜张函瑞】双机位4K精剪直拍,Karmaismycat,3546943494031804,2026-02-01 17:32:47,560548,29354,24811,23955,1717,1221,5578,18,28,False
2026-03-11 06:44:05,https://www.bilibili.com/video/BV1YX64BAEjd/?spm_id_from=333.1387.favlist.content.click&vd_source=6376e07ec49eec7d49dd941ef312f95d,BV1YX64BAEjd,【闭嘴跳舞｜张函瑞】双机位4K精剪直拍,Karmaismycat,3546943494031804,2026-02-01 17:32:47,560584,29354,24811,23955,1717,1221,5578,10,36,False
2026-03-11 07:44:18,https://www.bilibili.com/video/BV1YX64BAEjd/?spm_id_from=333.1387.favlist.content.click&vd_source=6376e07ec49eec7d49dd941ef312f95d,BV1YX64BAEjd,【闭嘴跳舞｜张函瑞】双机位4K精剪直拍,Karmaismycat,3546943494031804,2026-02-01 17:32:47,560623,29354,24811,23955,1717,1221,5578,15,39,False
2026-03-11 08:44:32,https://www.bilibili.com/video/BV1YX64BAEjd/?spm_id_from=333.1387.favlist.content.click&vd_source=6376e07ec49eec7d49dd941ef312f95d,BV1YX64BAEjd,【闭嘴跳舞｜张函瑞】双机位4K精剪直拍,Karmaismycat,3546943494031804,2026-02-01 17:32:47,560674,29354,24811,23955,1717,1222,5578,23,51,False
2026-03-11 09:44:47,https://www.bilibili.com/video/BV1YX64BAEjd/?spm_id_from=333.1387.favlist.content.click&vd_source=6376e07ec49eec7d49dd941ef312f95d,BV1YX64BAEjd,【闭嘴跳舞｜张函瑞】双机位4K精剪直拍,Karmaismycat,3546943494031804,2026-02-01 17:32:47,560745,29356,24811,23955,1718,1222,5579,18,71,False
2026-03-11 10:45:01,https://www.bilibili.com/video/BV1YX64BAEjd/?spm_id_from=333.1387.favlist.content.click&vd_source=6376e07ec49eec7d49dd941ef312f95d,BV1YX64BAEjd,【闭嘴跳舞｜张函瑞】双机位4K精剪直拍,Karmaismycat,3546943494031804,2026-02-01 17:32:47,560800,29359,24813,23958,1718,1222,5579,16,55,False
2026-03-11 11:45:15,https://www.bilibili.com/video/BV1YX64BAEjd/?spm_id_from=333.1387.favlist.content.click&vd_source=6376e07ec49eec7d49dd941ef312f95d,BV1YX64BAEjd,【闭嘴跳舞｜张函瑞】双机位4K精剪直拍,Karmaismycat,3546943494031804,2026-02-01 17:32:47,560890,29360,24817,23957,1718,1222,5579,21,90,False
2026-03-11 12:45:29,https://www.bilibili.com/video/BV1YX64BAEjd/?spm_id_from=333.1387.favlist.content.click&vd_source=6376e07ec49eec7d49dd941ef312f95d,BV1YX64BAEjd,【闭嘴跳舞｜张函瑞】双机位4K精剪直拍,Karmaismycat,3546943494031804,2026-02-01 17:32:47,560974,29362,24821,23957,1718,1222,5579,19,84,False
2026-03-11 13:45:44,https://www.bilibili.com/video/BV1YX64BAEjd/?spm_id_from=333.1387.favlist.content.click&vd_source=6376e07ec49eec7d49dd941ef312f95d,BV1YX64BAEjd,【闭嘴跳舞｜张函瑞】双机位4K精剪直拍,Karmaismycat,3546943494031804,2026-02-01 17:32:47,561073,29362,24821,23960,1718,1222,5582,27,99,False
2026-03-11 14:45:58,https://www.bilibili.com/video/BV1YX64BAEjd/?spm_id_from=333.1387.favlist.content.click&vd_source=6376e07ec49eec7d49dd941ef312f95d,BV1YX64BAEjd,【闭嘴跳舞｜张函瑞】双机位4K精剪直拍,Karmaismycat,3546943494031804,2026-02-01 17:32:47,561156,29365,24827,23962,1718,1222,5582,17,83,False
2026-03-11 15:46:12,https://www.bilibili.com/video/BV1YX64BAEjd/?spm_id_from=333.1387.favlist.content.click&vd_source=6376e07ec49eec7d49dd941ef312f95d,BV1YX64BAEjd,【闭嘴跳舞｜张函瑞】双机位4K精剪直拍,Karmaismycat,3546943494031804,2026-02-01 17:32:47,561230,29367,24829,23961,1718,1222,5582,23,74,False
2026-03-11 16:46:26,https://www.bilibili.com/video/BV1YX64BAEjd/?spm_id_from=333.1387.favlist.content.click&vd_source=6376e07ec49eec7d49dd941ef312f95d,BV1YX64BAEjd,【闭嘴跳舞｜张函瑞】双机位4K精剪直拍,Karmaismycat,3546943494031804,2026-02-01 17:32:47,561315,29370,24829,23964,1719,1222,5583,20,85,False
2026-03-11 17:46:41,https://www.bilibili.com/video/BV1YX64BAEjd/?spm_id_from=333.1387.favlist.content.click&vd_source=6376e07ec49eec7d49dd941ef312f95d,BV1YX64BAEjd,【闭嘴跳舞｜张函瑞】双机位4K精剪直拍,Karmaismycat,3546943494031804,2026-02-01 17:32:47,561404,29371,24829,23965,1719,1222,5583,25,89,False
2026-03-11 18:46:56,https://www.bilibili.com/video/BV1YX64BAEjd/?spm_id_from=333.1387.favlist.content.click&vd_source=6376e07ec49eec7d49dd941ef312f95d,BV1YX64BAEjd,【闭嘴跳舞｜张函瑞】双机位4K精剪直拍,Karmaismycat,3546943494031804,2026-02-01 17:32:47,561475,29374,24832,23967,1721,1222,5585,22,71,False
2026-03-11 19:47:11,https://www.bilibili.com/video/BV1YX64BAEjd/?spm_id_from=333.1387.favlist.content.click&vd_source=6376e07ec49eec7d49dd941ef312f95d,BV1YX64BAEjd,【闭嘴跳舞｜张函瑞】双机位4K精剪直拍,Karmaismycat,3546943494031804,2026-02-01 17:32:47,561563,29378,24835,23969,1722,1223,5586,25,88,False
2026-03-11 20:47:25,https://www.bilibili.com/video/BV1YX64BAEjd/?spm_id_from=333.1387.favlist.content.click&vd_source=6376e07ec49eec7d49dd941ef312f95d,BV1YX64BAEjd,【闭嘴跳舞｜张函瑞】双机位4K精剪直拍,Karmaismycat,3546943494031804,2026-02-01 17:32:47,561657,29381,24839,23974,1723,1223,5586,18,94,False
2026-03-11 21:47:41,https://www.bilibili.com/video/BV1YX64BAEjd/?spm_id_from=333.1387.favlist.content.click&vd_source=6376e07ec49eec7d49dd941ef312f95d,BV1YX64BAEjd,【闭嘴跳舞｜张函瑞】双机位4K精剪直拍,Karmaismycat,3546943494031804,2026-02-01 17:32:47,561757,29387,24845,23978,1724,1224,5586,27,100,False
2026-03-11 22:47:55,https://www.bilibili.com/video/BV1YX64BAEjd/?spm_id_from=333.1387.favlist.content.click&vd_source=6376e07ec49eec7d49dd941ef312f95d,BV1YX64BAEjd,【闭嘴跳舞｜张函瑞】双机位4K精剪直拍,Karmaismycat,3546943494031804,2026-02-01 17:32:47,561898,29391,24853,23980,1725,1224,5586,22,141,False
2026-03-11 23:48:10,https://www.bilibili.com/video/BV1YX64BAEjd/?spm_id_from=333.1387.favlist.content.click&vd_source=6376e07ec49eec7d49dd941ef312f95d,BV1YX64BAEjd,【闭嘴跳舞｜张函瑞】双机位4K精剪直拍,Karmaismycat,3546943494031804,2026-02-01 17:32:47,561991,29393,24855,23982,1725,1224,5587,29,93,False
2026-03-11 00:42:40,https://www.bilibili.com/video/BV1fxtbzKESN/?spm_id_from=333.1387.favlist.content.click&vd_source=6376e07ec49eec7d49dd941ef312f95d,BV1fxtbzKESN,【张函瑞】雨爱双机位4K精剪横屏直拍 新舞台神仙嗓音 百万直拍预定💘开口即跪的纯欲少年音,秋日信函_张函瑞,1643739345,2025-08-09 19:11:18,638087,13248,10993,12857,883,1075,4657,13,0,False
2026-03-11 01:42:54,https://www.bilibili.com/video/BV1fxtbzKESN/?spm_id_from=333.1387.favlist.content.click&vd_source=6376e07ec49eec7d49dd941ef312f95d,BV1fxtbzKESN,【张函瑞】雨爱双机位4K精剪横屏直拍 新舞台神仙嗓音 百万直拍预定💘开口即跪的纯欲少年音,秋日信函_张函瑞,1643739345,2025-08-09 19:11:18,638125,13248,10993,12857,883,1075,4657,13,38,False
2026-03-11 02:43:08,https://www.bilibili.com/video/BV1fxtbzKESN/?spm_id_from=333.1387.favlist.content.click&vd_source=6376e07ec49eec7d49dd941ef312f95d,BV1fxtbzKESN,【张函瑞】雨爱双机位4K精剪横屏直拍 新舞台神仙嗓音 百万直拍预定💘开口即跪的纯欲少年音,秋日信函_张函瑞,1643739345,2025-08-09 19:11:18,638156,13249,10993,12857,883,1075,4657,19,31,False
2026-03-11 03:43:22,https://www.bilibili.com/video/BV1fxtbzKESN/?spm_id_from=333.1387.favlist.content.click&vd_source=6376e07ec49eec7d49dd941ef312f95d,BV1fxtbzKESN,【张函瑞】雨爱双机位4K精剪横屏直拍 新舞台神仙嗓音 百万直拍预定💘开口即跪的纯欲少年音,秋日信函_张函瑞,1643739345,2025-08-09 19:11:18,638190,13249,10993,12857,883,1075,4657,19,34,False
2026-03-11 04:43:36,https://www.bilibili.com/video/BV1fxtbzKESN/?spm_id_from=333.1387.favlist.content.click&vd_source=6376e07ec49eec7d49dd941ef312f95d,BV1fxtbzKESN,【张函瑞】雨爱双机位4K精剪横屏直拍 新舞台神仙嗓音 百万直拍预定💘开口即跪的纯欲少年音,秋日信函_张函瑞,1643739345,2025-08-09 19:11:18,638218,13249,10993,12857,883,1075,4657,16,28,False
2026-03-11 05:43:50,https://www.bilibili.com/video/BV1fxtbzKESN/?spm_id_from=333.1387.favlist.content.click&vd_source=6376e07ec49eec7d49dd941ef312f95d,BV1fxtbzKESN,【张函瑞】雨爱双机位4K精剪横屏直拍 新舞台神仙嗓音 百万直拍预定💘开口即跪的纯欲少年音,秋日信函_张函瑞,1643739345,2025-08-09 19:11:18,638241,13249,10993,12856,883,1075,4657,9,23,False
2026-03-11 06:44:05,https://www.bilibili.com/video/BV1fxtbzKESN/?spm_id_from=333.1387.favlist.content.click&vd_source=6376e07ec49eec7d49dd941ef312f95d,BV1fxtbzKESN,【张函瑞】雨爱双机位4K精剪横屏直拍 新舞台神仙嗓音 百万直拍预定💘开口即跪的纯欲少年音,秋日信函_张函瑞,1643739345,2025-08-09 19:11:18,638264,13249,10993,12856,883,1075,4657,15,23,False
2026-03-11 07:44:18,https://www.bilibili.com/video/BV1fxtbzKESN/?spm_id_from=333.1387.favlist.content.click&vd_source=6376e07ec49eec7d49dd941ef312f95d,BV1fxtbzKESN,【张函瑞】雨爱双机位4K精剪横屏直拍 新舞台神仙嗓音 百万直拍预定💘开口即跪的纯欲少年音,秋日信函_张函瑞,1643739345,2025-08-09 19:11:18,638292,13249,10993,12856,883,1075,4657,9,28,False
2026-03-11 08:44:32,https://www.bilibili.com/video/BV1fxtbzKESN/?spm_id_from=333.1387.favlist.content.click&vd_source=6376e07ec49eec7d49dd941ef312f95d,BV1fxtbzKESN,【张函瑞】雨爱双机位4K精剪横屏直拍 新舞台神仙嗓音 百万直拍预定💘开口即跪的纯欲少年音,秋日信函_张函瑞,1643739345,2025-08-09 19:11:18,638323,13250,10993,12857,883,1075,4657,12,31,False
2026-03-11 09:44:47,https://www.bilibili.com/video/BV1fxtbzKESN/?spm_id_from=333.1387.favlist.content.click&vd_source=6376e07ec49eec7d49dd941ef312f95d,BV1fxtbzKESN,【张函瑞】雨爱双机位4K精剪横屏直拍 新舞台神仙嗓音 百万直拍预定💘开口即跪的纯欲少年音,秋日信函_张函瑞,1643739345,2025-08-09 19:11:18,638351,13250,10993,12857,883,1075,4657,15,28,False
2026-03-11 10:45:01,https://www.bilibili.com/video/BV1fxtbzKESN/?spm_id_from=333.1387.favlist.content.click&vd_source=6376e07ec49eec7d49dd941ef312f95d,BV1fxtbzKESN,【张函瑞】雨爱双机位4K精剪横屏直拍 新舞台神仙嗓音 百万直拍预定💘开口即跪的纯欲少年音,秋日信函_张函瑞,1643739345,2025-08-09 19:11:18,638378,13250,10993,12857,883,1075,4657,15,27,False
2026-03-11 11:45:15,https://www.bilibili.com/video/BV1fxtbzKESN/?spm_id_from=333.1387.favlist.content.click&vd_source=6376e07ec49eec7d49dd941ef312f95d,BV1fxtbzKESN,【张函瑞】雨爱双机位4K精剪横屏直拍 新舞台神仙嗓音 百万直拍预定💘开口即跪的纯欲少年音,秋日信函_张函瑞,1643739345,2025-08-09 19:11:18,638409,13250,10993,12857,883,1075,4657,13,31,False
2026-03-11 12:45:29,https://www.bilibili.com/video/BV1fxtbzKESN/?spm_id_from=333.1387.favlist.content.click&vd_source=6376e07ec49eec7d49dd941ef312f95d,BV1fxtbzKESN,【张函瑞】雨爱双机位4K精剪横屏直拍 新舞台神仙嗓音 百万直拍预定💘开口即跪的纯欲少年音,秋日信函_张函瑞,1643739345,2025-08-09 19:11:18,638441,13250,10993,12857,883,1075,4657,22,32,False
2026-03-11 13:45:44,https://www.bilibili.com/video/BV1fxtbzKESN/?spm_id_from=333.1387.favlist.content.click&vd_source=6376e07ec49eec7d49dd941ef312f95d,BV1fxtbzKESN,【张函瑞】雨爱双机位4K精剪横屏直拍 新舞台神仙嗓音 百万直拍预定💘开口即跪的纯欲少年音,秋日信函_张函瑞,1643739345,2025-08-09 19:11:18,638473,13250,10993,12858,883,1075,4657,14,32,False
2026-03-11 14:45:58,https://www.bilibili.com/video/BV1fxtbzKESN/?spm_id_from=333.1387.favlist.content.click&vd_source=6376e07ec49eec7d49dd941ef312f95d,BV1fxtbzKESN,【张函瑞】雨爱双机位4K精剪横屏直拍 新舞台神仙嗓音 百万直拍预定💘开口即跪的纯欲少年音,秋日信函_张函瑞,1643739345,2025-08-09 19:11:18,638503,13249,10993,12858,883,1075,4657,20,30,False
2026-03-11 15:46:12,https://www.bilibili.com/video/BV1fxtbzKESN/?spm_id_from=333.1387.favlist.content.click&vd_source=6376e07ec49eec7d49dd941ef312f95d,BV1fxtbzKESN,【张函瑞】雨爱双机位4K精剪横屏直拍 新舞台神仙嗓音 百万直拍预定💘开口即跪的纯欲少年音,秋日信函_张函瑞,1643739345,2025-08-09 19:11:18,638529,13250,10993,12858,883,1077,4657,16,26,False
2026-03-11 16:46:26,https://www.bilibili.com/video/BV1fxtbzKESN/?spm_id_from=333.1387.favlist.content.click&vd_source=6376e07ec49eec7d49dd941ef312f95d,BV1fxtbzKESN,【张函瑞】雨爱双机位4K精剪横屏直拍 新舞台神仙嗓音 百万直拍预定💘开口即跪的纯欲少年音,秋日信函_张函瑞,1643739345,2025-08-09 19:11:18,638557,13250,10993,12861,883,1077,4657,18,28,False
2026-03-11 17:46:41,https://www.bilibili.com/video/BV1fxtbzKESN/?spm_id_from=333.1387.favlist.content.click&vd_source=6376e07ec49eec7d49dd941ef312f95d,BV1fxtbzKESN,【张函瑞】雨爱双机位4K精剪横屏直拍 新舞台神仙嗓音 百万直拍预定💘开口即跪的纯欲少年音,秋日信函_张函瑞,1643739345,2025-08-09 19:11:18,638579,13251,10993,12861,883,1077,4657,15,22,False
2026-03-11 18:46:56,https://www.bilibili.com/video/BV1fxtbzKESN/?spm_id_from=333.1387.favlist.content.click&vd_source=6376e07ec49eec7d49dd941ef312f95d,BV1fxtbzKESN,【张函瑞】雨爱双机位4K精剪横屏直拍 新舞台神仙嗓音 百万直拍预定💘开口即跪的纯欲少年音,秋日信函_张函瑞,1643739345,2025-08-09 19:11:18,638600,13251,10993,12862,883,1077,4657,16,21,False
2026-03-11 19:47:11,https://www.bilibili.com/video/BV1fxtbzKESN/?spm_id_from=333.1387.favlist.content.click&vd_source=6376e07ec49eec7d49dd941ef312f95d,BV1fxtbzKESN,【张函瑞】雨爱双机位4K精剪横屏直拍 新舞台神仙嗓音 百万直拍预定💘开口即跪的纯欲少年音,秋日信函_张函瑞,1643739345,2025-08-09 19:11:18,638622,13252,10995,12863,883,1077,4657,14,22,False
2026-03-11 20:47:25,https://www.bilibili.com/video/BV1fxtbzKESN/?spm_id_from=333.1387.favlist.content.click&vd_source=6376e07ec49eec7d49dd941ef312f95d,BV1fxtbzKESN,【张函瑞】雨爱双机位4K精剪横屏直拍 新舞台神仙嗓音 百万直拍预定💘开口即跪的纯欲少年音,秋日信函_张函瑞,1643739345,2025-08-09 19:11:18,638648,13252,10995,12863,883,1077,4657,16,26,False
2026-03-11 21:47:41,https://www.bilibili.com/video/BV1fxtbzKESN/?spm_id_from=333.1387.favlist.content.click&vd_source=6376e07ec49eec7d49dd941ef312f95d,BV1fxtbzKESN,【张函瑞】雨爱双机位4K精剪横屏直拍 新舞台神仙嗓音 百万直拍预定💘开口即跪的纯欲少年音,秋日信函_张函瑞,1643739345,2025-08-09 19:11:18,638676,13252,10995,12864,883,1077,4657,19,28,False
2026-03-11 22:47:55,https://www.bilibili.com/video/BV1fxtbzKESN/?spm_id_from=333.1387.favlist.content.click&vd_source=6376e07ec49eec7d49dd941ef312f95d,BV1fxtbzKESN,【张函瑞】雨爱双机位4K精剪横屏直拍 新舞台神仙嗓音 百万直拍预定💘开口即跪的纯欲少年音,秋日信函_张函瑞,1643739345,2025-08-09 19:11:18,638701,13252,10995,12864,883,1077,4657,18,25,False
2026-03-11 23:48:10,https://www.bilibili.com/video/BV1fxtbzKESN/?spm_id_from=333.1387.favlist.content.click&vd_source=6376e07ec49eec7d49dd941ef312f95d,BV1fxtbzKESN,【张函瑞】雨爱双机位4K精剪横屏直拍 新舞台神仙嗓音 百万直拍预定💘开口即跪的纯欲少年音,秋日信函_张函瑞,1643739345,2025-08-09 19:11:18,638725,13253,10997,12864,883,1077,4657,19,24,False
2026-03-11 00:42:40,https://www.bilibili.com/video/BV11Btaz9ERL/?spm_id_from=333.1387.favlist.content.click&vd_source=6376e07ec49eec7d49dd941ef312f95d,BV11Btaz9ERL,【Lucifer｜张函瑞】四代最强表管翻跳SM神曲，完全移不开视线！TF家族四代公演张函瑞4K精剪直拍,Karmaismycat,3546943494031804,2025-08-10 04:18:11,838496,27506,21308,21094,2262,1765,12107,14,0,False
2026-03-11 01:42:54,https://www.bilibili.com/video/BV11Btaz9ERL/?spm_id_from=333.1387.favlist.content.click&vd_source=6376e07ec49eec7d49dd941ef312f95d,BV11Btaz9ERL,【Lucifer｜张函瑞】四代最强表管翻跳SM神曲，完全移不开视线！TF家族四代公演张函瑞4K精剪直拍,Karmaismycat,3546943494031804,2025-08-10 04:18:11,838541,27506,21308,21094,2262,1765,12107,15,45,False
2026-03-11 02:43:08,https://www.bilibili.com/video/BV11Btaz9ERL/?spm_id_from=333.1387.favlist.content.click&vd_source=6376e07ec49eec7d49dd941ef312f95d,BV11Btaz9ERL,【Lucifer｜张函瑞】四代最强表管翻跳SM神曲，完全移不开视线！TF家族四代公演张函瑞4K精剪直拍,Karmaismycat,3546943494031804,2025-08-10 04:18:11,838579,27508,21310,21094,2262,1765,12107,11,38,False
2026-03-11 03:43:22,https://www.bilibili.com/video/BV11Btaz9ERL/?spm_id_from=333.1387.favlist.content.click&vd_source=6376e07ec49eec7d49dd941ef312f95d,BV11Btaz9ERL,【Lucifer｜张函瑞】四代最强表管翻跳SM神曲，完全移不开视线！TF家族四代公演张函瑞4K精剪直拍,Karmaismycat,3546943494031804,2025-08-10 04:18:11,838610,27508,21310,21094,2262,1765,12107,15,31,False
2026-03-11 04:43:36,https://www.bilibili.com/video/BV11Btaz9ERL/?spm_id_from=333.1387.favlist.content.click&vd_source=6376e07ec49eec7d49dd941ef312f95d,BV11Btaz9ERL,【Lucifer｜张函瑞】四代最强表管翻跳SM神曲，完全移不开视线！TF家族四代公演张函瑞4K精剪直拍,Karmaismycat,3546943494031804,2025-08-10 04:18:11,838643,27509,21310,21094,2262,1765,12107,10,33,False
2026-03-11 05:43:50,https://www.bilibili.com/video/BV11Btaz9ERL/?spm_id_from=333.1387.favlist.content.click&vd_source=6376e07ec49eec7d49dd941ef312f95d,BV11Btaz9ERL,【Lucifer｜张函瑞】四代最强表管翻跳SM神曲，完全移不开视线！TF家族四代公演张函瑞4K精剪直拍,Karmaismycat,3546943494031804,2025-08-10 04:18:11,838665,27509,21310,21094,2262,1765,12107,13,22,False
2026-03-11 06:44:05,https://www.bilibili.com/video/BV11Btaz9ERL/?spm_id_from=333.1387.favlist.content.click&vd_source=6376e07ec49eec7d49dd941ef312f95d,BV11Btaz9ERL,【Lucifer｜张函瑞】四代最强表管翻跳SM神曲，完全移不开视线！TF家族四代公演张函瑞4K精剪直拍,Karmaismycat,3546943494031804,2025-08-10 04:18:11,838690,27509,21310,21094,2262,1765,12107,8,25,False
2026-03-11 07:44:18,https://www.bilibili.com/video/BV11Btaz9ERL/?spm_id_from=333.1387.favlist.content.click&vd_source=6376e07ec49eec7d49dd941ef312f95d,BV11Btaz9ERL,【Lucifer｜张函瑞】四代最强表管翻跳SM神曲，完全移不开视线！TF家族四代公演张函瑞4K精剪直拍,Karmaismycat,3546943494031804,2025-08-10 04:18:11,838720,27509,21310,21094,2262,1765,12107,12,30,False
2026-03-11 08:44:32,https://www.bilibili.com/video/BV11Btaz9ERL/?spm_id_from=333.1387.favlist.content.click&vd_source=6376e07ec49eec7d49dd941ef312f95d,BV11Btaz9ERL,【Lucifer｜张函瑞】四代最强表管翻跳SM神曲，完全移不开视线！TF家族四代公演张函瑞4K精剪直拍,Karmaismycat,3546943494031804,2025-08-10 04:18:11,838751,27510,21310,21095,2262,1765,12107,5,31,False
2026-03-11 09:44:47,https://www.bilibili.com/video/BV11Btaz9ERL/?spm_id_from=333.1387.favlist.content.click&vd_source=6376e07ec49eec7d49dd941ef312f95d,BV11Btaz9ERL,【Lucifer｜张函瑞】四代最强表管翻跳SM神曲，完全移不开视线！TF家族四代公演张函瑞4K精剪直拍,Karmaismycat,3546943494031804,2025-08-10 04:18:11,838792,27511,21312,21095,2262,1765,12107,8,41,False
2026-03-11 10:45:01,https://www.bilibili.com/video/BV11Btaz9ERL/?spm_id_from=333.1387.favlist.content.click&vd_source=6376e07ec49eec7d49dd941ef312f95d,BV11Btaz9ERL,【Lucifer｜张函瑞】四代最强表管翻跳SM神曲，完全移不开视线！TF家族四代公演张函瑞4K精剪直拍,Karmaismycat,3546943494031804,2025-08-10 04:18:11,838827,27511,21312,21095,2262,1765,12108,12,35,False
2026-03-11 11:45:15,https://www.bilibili.com/video/BV11Btaz9ERL/?spm_id_from=333.1387.favlist.content.click&vd_source=6376e07ec49eec7d49dd941ef312f95d,BV11Btaz9ERL,【Lucifer｜张函瑞】四代最强表管翻跳SM神曲，完全移不开视线！TF家族四代公演张函瑞4K精剪直拍,Karmaismycat,3546943494031804,2025-08-10 04:18:11,838868,27512,21314,21094,2262,1765,12108,6,41,False
2026-03-11 12:45:29,https://www.bilibili.com/video/BV11Btaz9ERL/?spm_id_from=333.1387.favlist.content.click&vd_source=6376e07ec49eec7d49dd941ef312f95d,BV11Btaz9ERL,【Lucifer｜张函瑞】四代最强表管翻跳SM神曲，完全移不开视线！TF家族四代公演张函瑞4K精剪直拍,Karmaismycat,3546943494031804,2025-08-10 04:18:11,838914,27515,21314,21096,2262,1765,12109,10,46,False
2026-03-11 13:45:44,https://www.bilibili.com/video/BV11Btaz9ERL/?spm_id_from=333.1387.favlist.content.click&vd_source=6376e07ec49eec7d49dd941ef312f95d,BV11Btaz9ERL,【Lucifer｜张函瑞】四代最强表管翻跳SM神曲，完全移不开视线！TF家族四代公演张函瑞4K精剪直拍,Karmaismycat,3546943494031804,2025-08-10 04:18:11,838965,27516,21316,21097,2262,1765,12110,12,51,False
2026-03-11 14:45:58,https://www.bilibili.com/video/BV11Btaz9ERL/?spm_id_from=333.1387.favlist.content.click&vd_source=6376e07ec49eec7d49dd941ef312f95d,BV11Btaz9ERL,【Lucifer｜张函瑞】四代最强表管翻跳SM神曲，完全移不开视线！TF家族四代公演张函瑞4K精剪直拍,Karmaismycat,3546943494031804,2025-08-10 04:18:11,839009,27517,21320,21098,2262,1765,12110,14,44,False
2026-03-11 15:46:12,https://www.bilibili.com/video/BV11Btaz9ERL/?spm_id_from=333.1387.favlist.content.click&vd_source=6376e07ec49eec7d49dd941ef312f95d,BV11Btaz9ERL,【Lucifer｜张函瑞】四代最强表管翻跳SM神曲，完全移不开视线！TF家族四代公演张函瑞4K精剪直拍,Karmaismycat,3546943494031804,2025-08-10 04:18:11,839049,27518,21320,21098,2262,1768,12110,10,40,False
2026-03-11 16:46:26,https://www.bilibili.com/video/BV11Btaz9ERL/?spm_id_from=333.1387.favlist.content.click&vd_source=6376e07ec49eec7d49dd941ef312f95d,BV11Btaz9ERL,【Lucifer｜张函瑞】四代最强表管翻跳SM神曲，完全移不开视线！TF家族四代公演张函瑞4K精剪直拍,Karmaismycat,3546943494031804,2025-08-10 04:18:11,839095,27519,21320,21100,2262,1768,12110,7,46,False
2026-03-11 17:46:41,https://www.bilibili.com/video/BV11Btaz9ERL/?spm_id_from=333.1387.favlist.content.click&vd_source=6376e07ec49eec7d49dd941ef312f95d,BV11Btaz9ERL,【Lucifer｜张函瑞】四代最强表管翻跳SM神曲，完全移不开视线！TF家族四代公演张函瑞4K精剪直拍,Karmaismycat,3546943494031804,2025-08-10 04:18:11,839130,27521,21320,21100,2262,1768,12110,9,35,False
2026-03-11 18:46:56,https://www.bilibili.com/video/BV11Btaz9ERL/?spm_id_from=333.1387.favlist.content.click&vd_source=6376e07ec49eec7d49dd941ef312f95d,BV11Btaz9ERL,【Lucifer｜张函瑞】四代最强表管翻跳SM神曲，完全移不开视线！TF家族四代公演张函瑞4K精剪直拍,Karmaismycat,3546943494031804,2025-08-10 04:18:11,839160,27521,21320,21100,2262,1768,12110,12,30,False
2026-03-11 19:47:11,https://www.bilibili.com/video/BV11Btaz9ERL/?spm_id_from=333.1387.favlist.content.click&vd_source=6376e07ec49eec7d49dd941ef312f95d,BV11Btaz9ERL,【Lucifer｜张函瑞】四代最强表管翻跳SM神曲，完全移不开视线！TF家族四代公演张函瑞4K精剪直拍,Karmaismycat,3546943494031804,2025-08-10 04:18:11,839192,27522,21322,21102,2262,1768,12110,8,32,False
2026-03-11 20:47:25,https://www.bilibili.com/video/BV11Btaz9ERL/?spm_id_from=333.1387.favlist.content.click&vd_source=6376e07ec49eec7d49dd941ef312f95d,BV11Btaz9ERL,【Lucifer｜张函瑞】四代最强表管翻跳SM神曲，完全移不开视线！TF家族四代公演张函瑞4K精剪直拍,Karmaismycat,3546943494031804,2025-08-10 04:18:11,839240,27523,21322,21104,2262,1768,12110,19,48,False
2026-03-11 21:47:41,https://www.bilibili.com/video/BV11Btaz9ERL/?spm_id_from=333.1387.favlist.content.click&vd_source=6376e07ec49eec7d49dd941ef312f95d,BV11Btaz9ERL,【Lucifer｜张函瑞】四代最强表管翻跳SM神曲，完全移不开视线！TF家族四代公演张函瑞4K精剪直拍,Karmaismycat,3546943494031804,2025-08-10 04:18:11,839273,27524,21324,21105,2262,1768,12110,7,33,False
2026-03-11 22:47:55,https://www.bilibili.com/video/BV11Btaz9ERL/?spm_id_from=333.1387.favlist.content.click&vd_source=6376e07ec49eec7d49dd941ef312f95d,BV11Btaz9ERL,【Lucifer｜张函瑞】四代最强表管翻跳SM神曲，完全移不开视线！TF家族四代公演张函瑞4K精剪直拍,Karmaismycat,3546943494031804,2025-08-10 04:18:11,839349,27526,21326,21106,2262,1768,12110,15,76,False
2026-03-11 23:48:10,https://www.bilibili.com/video/BV11Btaz9ERL/?spm_id_from=333.1387.favlist.content.click&vd_source=6376e07ec49eec7d49dd941ef312f95d,BV11Btaz9ERL,【Lucifer｜张函瑞】四代最强表管翻跳SM神曲，完全移不开视线！TF家族四代公演张函瑞4K精剪直拍,Karmaismycat,3546943494031804,2025-08-10 04:18:11,839403,27529,21326,21109,2262,1768,12110,8,54,False
2026-03-11 00:42:40,https://www.bilibili.com/video/BV1234y1Z7CX/?spm_id_from=333.1387.favlist.content.click&vd_source=6376e07ec49eec7d49dd941ef312f95d,BV1234y1Z7CX,【TF 家族练习生】 「2023新年音乐会——瞬间」《光亮》纯享版,TF家族,3670216,2023-01-26 15:10:23,1615712,70467,36222,44369,38201,6634,15695,23,0,False
2026-03-11 01:42:54,https://www.bilibili.com/video/BV1234y1Z7CX/?spm_id_from=333.1387.favlist.content.click&vd_source=6376e07ec49eec7d49dd941ef312f95d,BV1234y1Z7CX,【TF 家族练习生】 「2023新年音乐会——瞬间」《光亮》纯享版,TF家族,3670216,2023-01-26 15:10:23,1615765,70470,36223,44369,38201,6634,15695,26,53,False
2026-03-11 02:43:08,https://www.bilibili.com/video/BV1234y1Z7CX/?spm_id_from=333.1387.favlist.content.click&vd_source=6376e07ec49eec7d49dd941ef312f95d,BV1234y1Z7CX,【TF 家族练习生】 「2023新年音乐会——瞬间」《光亮》纯享版,TF家族,3670216,2023-01-26 15:10:23,1615813,70472,36227,44371,38201,6634,15695,29,48,False
2026-03-11 03:43:22,https://www.bilibili.com/video/BV1234y1Z7CX/?spm_id_from=333.1387.favlist.content.click&vd_source=6376e07ec49eec7d49dd941ef312f95d,BV1234y1Z7CX,【TF 家族练习生】 「2023新年音乐会——瞬间」《光亮》纯享版,TF家族,3670216,2023-01-26 15:10:23,1615851,70473,36227,44370,38201,6634,15695,18,38,False
2026-03-11 04:43:36,https://www.bilibili.com/video/BV1234y1Z7CX/?spm_id_from=333.1387.favlist.content.click&vd_source=6376e07ec49eec7d49dd941ef312f95d,BV1234y1Z7CX,【TF 家族练习生】 「2023新年音乐会——瞬间」《光亮》纯享版,TF家族,3670216,2023-01-26 15:10:23,1615885,70473,36227,44371,38201,6634,15695,19,34,False
2026-03-11 05:43:50,https://www.bilibili.com/video/BV1234y1Z7CX/?spm_id_from=333.1387.favlist.content.click&vd_source=6376e07ec49eec7d49dd941ef312f95d,BV1234y1Z7CX,【TF 家族练习生】 「2023新年音乐会——瞬间」《光亮》纯享版,TF家族,3670216,2023-01-26 15:10:23,1615913,70473,36227,44371,38201,6634,15695,11,28,False
2026-03-11 06:44:05,https://www.bilibili.com/video/BV1234y1Z7CX/?spm_id_from=333.1387.favlist.content.click&vd_source=6376e07ec49eec7d49dd941ef312f95d,BV1234y1Z7CX,【TF 家族练习生】 「2023新年音乐会——瞬间」《光亮》纯享版,TF家族,3670216,2023-01-26 15:10:23,1615940,70473,36227,44372,38201,6634,15695,14,27,False
2026-03-11 07:44:18,https://www.bilibili.com/video/BV1234y1Z7CX/?spm_id_from=333.1387.favlist.content.click&vd_source=6376e07ec49eec7d49dd941ef312f95d,BV1234y1Z7CX,【TF 家族练习生】 「2023新年音乐会——瞬间」《光亮》纯享版,TF家族,3670216,2023-01-26 15:10:23,1615983,70473,36227,44372,38201,6634,15695,25,43,False
2026-03-11 08:44:32,https://www.bilibili.com/video/BV1234y1Z7CX/?spm_id_from=333.1387.favlist.content.click&vd_source=6376e07ec49eec7d49dd941ef312f95d,BV1234y1Z7CX,【TF 家族练习生】 「2023新年音乐会——瞬间」《光亮》纯享版,TF家族,3670216,2023-01-26 15:10:23,1616013,70475,36229,44374,38201,6634,15695,16,30,False
2026-03-11 09:44:47,https://www.bilibili.com/video/BV1234y1Z7CX/?spm_id_from=333.1387.favlist.content.click&vd_source=6376e07ec49eec7d49dd941ef312f95d,BV1234y1Z7CX,【TF 家族练习生】 「2023新年音乐会——瞬间」《光亮》纯享版,TF家族,3670216,2023-01-26 15:10:23,1616054,70476,36231,44375,38201,6635,15695,15,41,False
2026-03-11 10:45:01,https://www.bilibili.com/video/BV1234y1Z7CX/?spm_id_from=333.1387.favlist.content.click&vd_source=6376e07ec49eec7d49dd941ef312f95d,BV1234y1Z7CX,【TF 家族练习生】 「2023新年音乐会——瞬间」《光亮》纯享版,TF家族,3670216,2023-01-26 15:10:23,1616086,70477,36231,44376,38201,6635,15695,22,32,False
2026-03-11 11:45:15,https://www.bilibili.com/video/BV1234y1Z7CX/?spm_id_from=333.1387.favlist.content.click&vd_source=6376e07ec49eec7d49dd941ef312f95d,BV1234y1Z7CX,【TF 家族练习生】 「2023新年音乐会——瞬间」《光亮》纯享版,TF家族,3670216,2023-01-26 15:10:23,1616124,70478,36233,44375,38201,6635,15695,20,38,False
2026-03-11 12:45:29,https://www.bilibili.com/video/BV1234y1Z7CX/?spm_id_from=333.1387.favlist.content.click&vd_source=6376e07ec49eec7d49dd941ef312f95d,BV1234y1Z7CX,【TF 家族练习生】 「2023新年音乐会——瞬间」《光亮》纯享版,TF家族,3670216,2023-01-26 15:10:23,1616173,70479,36233,44375,38203,6635,15695,23,49,False
2026-03-11 13:45:44,https://www.bilibili.com/video/BV1234y1Z7CX/?spm_id_from=333.1387.favlist.content.click&vd_source=6376e07ec49eec7d49dd941ef312f95d,BV1234y1Z7CX,【TF 家族练习生】 「2023新年音乐会——瞬间」《光亮》纯享版,TF家族,3670216,2023-01-26 15:10:23,1616235,70482,36233,44378,38204,6635,15695,26,62,False
2026-03-11 14:45:58,https://www.bilibili.com/video/BV1234y1Z7CX/?spm_id_from=333.1387.favlist.content.click&vd_source=6376e07ec49eec7d49dd941ef312f95d,BV1234y1Z7CX,【TF 家族练习生】 「2023新年音乐会——瞬间」《光亮》纯享版,TF家族,3670216,2023-01-26 15:10:23,1616286,70484,36233,44377,38205,6636,15695,24,51,False
2026-03-11 15:46:12,https://www.bilibili.com/video/BV1234y1Z7CX/?spm_id_from=333.1387.favlist.content.click&vd_source=6376e07ec49eec7d49dd941ef312f95d,BV1234y1Z7CX,【TF 家族练习生】 「2023新年音乐会——瞬间」《光亮》纯享版,TF家族,3670216,2023-01-26 15:10:23,1616330,70485,36233,44377,38205,6636,15695,27,44,False
2026-03-11 16:46:26,https://www.bilibili.com/video/BV1234y1Z7CX/?spm_id_from=333.1387.favlist.content.click&vd_source=6376e07ec49eec7d49dd941ef312f95d,BV1234y1Z7CX,【TF 家族练习生】 「2023新年音乐会——瞬间」《光亮》纯享版,TF家族,3670216,2023-01-26 15:10:23,1616383,70489,36233,44380,38205,6636,15695,24,53,False
2026-03-11 17:46:41,https://www.bilibili.com/video/BV1234y1Z7CX/?spm_id_from=333.1387.favlist.content.click&vd_source=6376e07ec49eec7d49dd941ef312f95d,BV1234y1Z7CX,【TF 家族练习生】 「2023新年音乐会——瞬间」《光亮》纯享版,TF家族,3670216,2023-01-26 15:10:23,1616425,70490,36233,44379,38207,6636,15695,24,42,False
2026-03-11 18:46:56,https://www.bilibili.com/video/BV1234y1Z7CX/?spm_id_from=333.1387.favlist.content.click&vd_source=6376e07ec49eec7d49dd941ef312f95d,BV1234y1Z7CX,【TF 家族练习生】 「2023新年音乐会——瞬间」《光亮》纯享版,TF家族,3670216,2023-01-26 15:10:23,1616477,70491,36233,44379,38207,6636,15695,20,52,False
2026-03-11 19:47:11,https://www.bilibili.com/video/BV1234y1Z7CX/?spm_id_from=333.1387.favlist.content.click&vd_source=6376e07ec49eec7d49dd941ef312f95d,BV1234y1Z7CX,【TF 家族练习生】 「2023新年音乐会——瞬间」《光亮》纯享版,TF家族,3670216,2023-01-26 15:10:23,1616521,70494,36233,44378,38207,6636,15695,24,44,False
2026-03-11 20:47:25,https://www.bilibili.com/video/BV1234y1Z7CX/?spm_id_from=333.1387.favlist.content.click&vd_source=6376e07ec49eec7d49dd941ef312f95d,BV1234y1Z7CX,【TF 家族练习生】 「2023新年音乐会——瞬间」《光亮》纯享版,TF家族,3670216,2023-01-26 15:10:23,1616586,70495,36233,44382,38208,6636,15695,23,65,False
2026-03-11 21:47:41,https://www.bilibili.com/video/BV1234y1Z7CX/?spm_id_from=333.1387.favlist.content.click&vd_source=6376e07ec49eec7d49dd941ef312f95d,BV1234y1Z7CX,【TF 家族练习生】 「2023新年音乐会——瞬间」《光亮》纯享版,TF家族,3670216,2023-01-26 15:10:23,1616658,70498,36237,44382,38210,6636,15696,19,72,False
2026-03-11 22:47:55,https://www.bilibili.com/video/BV1234y1Z7CX/?spm_id_from=333.1387.favlist.content.click&vd_source=6376e07ec49eec7d49dd941ef312f95d,BV1234y1Z7CX,【TF 家族练习生】 「2023新年音乐会——瞬间」《光亮》纯享版,TF家族,3670216,2023-01-26 15:10:23,1616730,70502,36238,44381,38210,6636,15696,15,72,False
2026-03-11 23:48:10,https://www.bilibili.com/video/BV1234y1Z7CX/?spm_id_from=333.1387.favlist.content.click&vd_source=6376e07ec49eec7d49dd941ef312f95d,BV1234y1Z7CX,【TF 家族练习生】 「2023新年音乐会——瞬间」《光亮》纯享版,TF家族,3670216,2023-01-26 15:10:23,1616795,70503,36240,44383,38212,6636,15696,18,65,False
2026-03-11 00:42:40,https://www.bilibili.com/video/BV19q6CB7EQ9/?spm_id_from=333.1387.favlist.content.click&vd_source=6376e07ec49eec7d49dd941ef312f95d,BV19q6CB7EQ9,【张函瑞|我是一只鱼】直拍 人间萌鱼！本视频可能导致笑容失控！这只“小鱼”正在全力游进你心里,秋日信函_张函瑞,1643739345,2026-01-31 14:48:19,562636,19010,18806,18396,1496,1798,4862,4,0,False
2026-03-11 01:42:54,https://www.bilibili.com/video/BV19q6CB7EQ9/?spm_id_from=333.1387.favlist.content.click&vd_source=6376e07ec49eec7d49dd941ef312f95d,BV19q6CB7EQ9,【张函瑞|我是一只鱼】直拍 人间萌鱼！本视频可能导致笑容失控！这只“小鱼”正在全力游进你心里,秋日信函_张函瑞,1643739345,2026-01-31 14:48:19,562645,19010,18806,18396,1496,1798,4862,3,9,False
2026-03-11 02:43:08,https://www.bilibili.com/video/BV19q6CB7EQ9/?spm_id_from=333.1387.favlist.content.click&vd_source=6376e07ec49eec7d49dd941ef312f95d,BV19q6CB7EQ9,【张函瑞|我是一只鱼】直拍 人间萌鱼！本视频可能导致笑容失控！这只“小鱼”正在全力游进你心里,秋日信函_张函瑞,1643739345,2026-01-31 14:48:19,562653,19011,18806,18397,1496,1798,4862,1,8,False
2026-03-11 03:43:22,https://www.bilibili.com/video/BV19q6CB7EQ9/?spm_id_from=333.1387.favlist.content.click&vd_source=6376e07ec49eec7d49dd941ef312f95d,BV19q6CB7EQ9,【张函瑞|我是一只鱼】直拍 人间萌鱼！本视频可能导致笑容失控！这只“小鱼”正在全力游进你心里,秋日信函_张函瑞,1643739345,2026-01-31 14:48:19,562664,19011,18806,18397,1496,1799,4862,1,11,False
2026-03-11 04:43:36,https://www.bilibili.com/video/BV19q6CB7EQ9/?spm_id_from=333.1387.favlist.content.click&vd_source=6376e07ec49eec7d49dd941ef312f95d,BV19q6CB7EQ9,【张函瑞|我是一只鱼】直拍 人间萌鱼！本视频可能导致笑容失控！这只“小鱼”正在全力游进你心里,秋日信函_张函瑞,1643739345,2026-01-31 14:48:19,562669,19011,18806,18398,1496,1799,4862,3,5,False
2026-03-11 05:43:50,https://www.bilibili.com/video/BV19q6CB7EQ9/?spm_id_from=333.1387.favlist.content.click&vd_source=6376e07ec49eec7d49dd941ef312f95d,BV19q6CB7EQ9,【张函瑞|我是一只鱼】直拍 人间萌鱼！本视频可能导致笑容失控！这只“小鱼”正在全力游进你心里,秋日信函_张函瑞,1643739345,2026-01-31 14:48:19,562674,19011,18806,18398,1496,1799,4863,2,5,False
2026-03-11 06:44:05,https://www.bilibili.com/video/BV19q6CB7EQ9/?spm_id_from=333.1387.favlist.content.click&vd_source=6376e07ec49eec7d49dd941ef312f95d,BV19q6CB7EQ9,【张函瑞|我是一只鱼】直拍 人间萌鱼！本视频可能导致笑容失控！这只“小鱼”正在全力游进你心里,秋日信函_张函瑞,1643739345,2026-01-31 14:48:19,562679,19011,18806,18398,1496,1799,4863,3,5,False
2026-03-11 07:44:18,https://www.bilibili.com/video/BV19q6CB7EQ9/?spm_id_from=333.1387.favlist.content.click&vd_source=6376e07ec49eec7d49dd941ef312f95d,BV19q6CB7EQ9,【张函瑞|我是一只鱼】直拍 人间萌鱼！本视频可能导致笑容失控！这只“小鱼”正在全力游进你心里,秋日信函_张函瑞,1643739345,2026-01-31 14:48:19,562687,19011,18806,18398,1496,1799,4863,4,8,False
2026-03-11 08:44:32,https://www.bilibili.com/video/BV19q6CB7EQ9/?spm_id_from=333.1387.favlist.content.click&vd_source=6376e07ec49eec7d49dd941ef312f95d,BV19q6CB7EQ9,【张函瑞|我是一只鱼】直拍 人间萌鱼！本视频可能导致笑容失控！这只“小鱼”正在全力游进你心里,秋日信函_张函瑞,1643739345,2026-01-31 14:48:19,562694,19011,18806,18398,1496,1799,4863,2,7,False
2026-03-11 09:44:47,https://www.bilibili.com/video/BV19q6CB7EQ9/?spm_id_from=333.1387.favlist.content.click&vd_source=6376e07ec49eec7d49dd941ef312f95d,BV19q6CB7EQ9,【张函瑞|我是一只鱼】直拍 人间萌鱼！本视频可能导致笑容失控！这只“小鱼”正在全力游进你心里,秋日信函_张函瑞,1643739345,2026-01-31 14:48:19,562703,19012,18808,18399,1496,1799,4863,3,9,False
2026-03-11 10:45:01,https://www.bilibili.com/video/BV19q6CB7EQ9/?spm_id_from=333.1387.favlist.content.click&vd_source=6376e07ec49eec7d49dd941ef312f95d,BV19q6CB7EQ9,【张函瑞|我是一只鱼】直拍 人间萌鱼！本视频可能导致笑容失控！这只“小鱼”正在全力游进你心里,秋日信函_张函瑞,1643739345,2026-01-31 14:48:19,562708,19012,18808,18399,1496,1799,4863,2,5,False
2026-03-11 11:45:15,https://www.bilibili.com/video/BV19q6CB7EQ9/?spm_id_from=333.1387.favlist.content.click&vd_source=6376e07ec49eec7d49dd941ef312f95d,BV19q6CB7EQ9,【张函瑞|我是一只鱼】直拍 人间萌鱼！本视频可能导致笑容失控！这只“小鱼”正在全力游进你心里,秋日信函_张函瑞,1643739345,2026-01-31 14:48:19,562715,19012,18808,18397,1496,1799,4863,2,7,False
2026-03-11 12:45:29,https://www.bilibili.com/video/BV19q6CB7EQ9/?spm_id_from=333.1387.favlist.content.click&vd_source=6376e07ec49eec7d49dd941ef312f95d,BV19q6CB7EQ9,【张函瑞|我是一只鱼】直拍 人间萌鱼！本视频可能导致笑容失控！这只“小鱼”正在全力游进你心里,秋日信函_张函瑞,1643739345,2026-01-31 14:48:19,562731,19012,18808,18397,1496,1799,4863,2,16,False
2026-03-11 13:45:44,https://www.bilibili.com/video/BV19q6CB7EQ9/?spm_id_from=333.1387.favlist.content.click&vd_source=6376e07ec49eec7d49dd941ef312f95d,BV19q6CB7EQ9,【张函瑞|我是一只鱼】直拍 人间萌鱼！本视频可能导致笑容失控！这只“小鱼”正在全力游进你心里,秋日信函_张函瑞,1643739345,2026-01-31 14:48:19,562744,19012,18808,18399,1496,1799,4863,6,13,False
2026-03-11 14:45:58,https://www.bilibili.com/video/BV19q6CB7EQ9/?spm_id_from=333.1387.favlist.content.click&vd_source=6376e07ec49eec7d49dd941ef312f95d,BV19q6CB7EQ9,【张函瑞|我是一只鱼】直拍 人间萌鱼！本视频可能导致笑容失控！这只“小鱼”正在全力游进你心里,秋日信函_张函瑞,1643739345,2026-01-31 14:48:19,562750,19012,18808,18399,1496,1799,4863,3,6,False
2026-03-11 15:46:12,https://www.bilibili.com/video/BV19q6CB7EQ9/?spm_id_from=333.1387.favlist.content.click&vd_source=6376e07ec49eec7d49dd941ef312f95d,BV19q6CB7EQ9,【张函瑞|我是一只鱼】直拍 人间萌鱼！本视频可能导致笑容失控！这只“小鱼”正在全力游进你心里,秋日信函_张函瑞,1643739345,2026-01-31 14:48:19,562762,19012,18808,18398,1496,1799,4863,3,12,False
2026-03-11 16:46:26,https://www.bilibili.com/video/BV19q6CB7EQ9/?spm_id_from=333.1387.favlist.content.click&vd_source=6376e07ec49eec7d49dd941ef312f95d,BV19q6CB7EQ9,【张函瑞|我是一只鱼】直拍 人间萌鱼！本视频可能导致笑容失控！这只“小鱼”正在全力游进你心里,秋日信函_张函瑞,1643739345,2026-01-31 14:48:19,562773,19012,18808,18400,1496,1799,4863,3,11,False
2026-03-11 17:46:41,https://www.bilibili.com/video/BV19q6CB7EQ9/?spm_id_from=333.1387.favlist.content.click&vd_source=6376e07ec49eec7d49dd941ef312f95d,BV19q6CB7EQ9,【张函瑞|我是一只鱼】直拍 人间萌鱼！本视频可能导致笑容失控！这只“小鱼”正在全力游进你心里,秋日信函_张函瑞,1643739345,2026-01-31 14:48:19,562785,19013,18808,18402,1496,1799,4863,2,12,False
2026-03-11 18:46:56,https://www.bilibili.com/video/BV19q6CB7EQ9/?spm_id_from=333.1387.favlist.content.click&vd_source=6376e07ec49eec7d49dd941ef312f95d,BV19q6CB7EQ9,【张函瑞|我是一只鱼】直拍 人间萌鱼！本视频可能导致笑容失控！这只“小鱼”正在全力游进你心里,秋日信函_张函瑞,1643739345,2026-01-31 14:48:19,562806,19013,18808,18401,1496,1799,4863,2,21,False
2026-03-11 19:47:11,https://www.bilibili.com/video/BV19q6CB7EQ9/?spm_id_from=333.1387.favlist.content.click&vd_source=6376e07ec49eec7d49dd941ef312f95d,BV19q6CB7EQ9,【张函瑞|我是一只鱼】直拍 人间萌鱼！本视频可能导致笑容失控！这只“小鱼”正在全力游进你心里,秋日信函_张函瑞,1643739345,2026-01-31 14:48:19,562829,19013,18808,18401,1496,1799,4863,3,23,False
2026-03-11 20:47:25,https://www.bilibili.com/video/BV19q6CB7EQ9/?spm_id_from=333.1387.favlist.content.click&vd_source=6376e07ec49eec7d49dd941ef312f95d,BV19q6CB7EQ9,【张函瑞|我是一只鱼】直拍 人间萌鱼！本视频可能导致笑容失控！这只“小鱼”正在全力游进你心里,秋日信函_张函瑞,1643739345,2026-01-31 14:48:19,562849,19015,18808,18403,1496,1799,4863,1,20,False
2026-03-11 21:47:41,https://www.bilibili.com/video/BV19q6CB7EQ9/?spm_id_from=333.1387.favlist.content.click&vd_source=6376e07ec49eec7d49dd941ef312f95d,BV19q6CB7EQ9,【张函瑞|我是一只鱼】直拍 人间萌鱼！本视频可能导致笑容失控！这只“小鱼”正在全力游进你心里,秋日信函_张函瑞,1643739345,2026-01-31 14:48:19,562881,19017,18808,18403,1496,1799,4863,2,32,False
2026-03-11 22:47:55,https://www.bilibili.com/video/BV19q6CB7EQ9/?spm_id_from=333.1387.favlist.content.click&vd_source=6376e07ec49eec7d49dd941ef312f95d,BV19q6CB7EQ9,【张函瑞|我是一只鱼】直拍 人间萌鱼！本视频可能导致笑容失控！这只“小鱼”正在全力游进你心里,秋日信函_张函瑞,1643739345,2026-01-31 14:48:19,562905,19019,18810,18404,1496,1799,4864,4,24,False
2026-03-11 23:48:10,https://www.bilibili.com/video/BV19q6CB7EQ9/?spm_id_from=333.1387.favlist.content.click&vd_source=6376e07ec49eec7d49dd941ef312f95d,BV19q6CB7EQ9,【张函瑞|我是一只鱼】直拍 人间萌鱼！本视频可能导致笑容失控！这只“小鱼”正在全力游进你心里,秋日信函_张函瑞,1643739345,2026-01-31 14:48:19,562921,19021,18810,18404,1496,1799,4864,2,16,False
2026-03-11 00:42:40,https://www.bilibili.com/video/BV12G6nBKEWZ/?spm_id_from=333.1387.favlist.content.click&vd_source=6376e07ec49eec7d49dd941ef312f95d,BV12G6nBKEWZ,【lovely｜张函瑞】四机位4K精剪直拍（含字幕）,Karmaismycat,3546943494031804,2026-01-31 23:04:42,562997,25094,24196,23107,1679,1813,5333,5,0,False
2026-03-11 01:42:54,https://www.bilibili.com/video/BV12G6nBKEWZ/?spm_id_from=333.1387.favlist.content.click&vd_source=6376e07ec49eec7d49dd941ef312f95d,BV12G6nBKEWZ,【lovely｜张函瑞】四机位4K精剪直拍（含字幕）,Karmaismycat,3546943494031804,2026-01-31 23:04:42,563005,25095,24198,23106,1679,1813,5333,5,8,False
2026-03-11 02:43:08,https://www.bilibili.com/video/BV12G6nBKEWZ/?spm_id_from=333.1387.favlist.content.click&vd_source=6376e07ec49eec7d49dd941ef312f95d,BV12G6nBKEWZ,【lovely｜张函瑞】四机位4K精剪直拍（含字幕）,Karmaismycat,3546943494031804,2026-01-31 23:04:42,563015,25095,24198,23106,1679,1813,5333,5,10,False
2026-03-11 03:43:22,https://www.bilibili.com/video/BV12G6nBKEWZ/?spm_id_from=333.1387.favlist.content.click&vd_source=6376e07ec49eec7d49dd941ef312f95d,BV12G6nBKEWZ,【lovely｜张函瑞】四机位4K精剪直拍（含字幕）,Karmaismycat,3546943494031804,2026-01-31 23:04:42,563024,25096,24198,23105,1679,1813,5333,4,9,False
2026-03-11 04:43:36,https://www.bilibili.com/video/BV12G6nBKEWZ/?spm_id_from=333.1387.favlist.content.click&vd_source=6376e07ec49eec7d49dd941ef312f95d,BV12G6nBKEWZ,【lovely｜张函瑞】四机位4K精剪直拍（含字幕）,Karmaismycat,3546943494031804,2026-01-31 23:04:42,563033,25096,24198,23106,1679,1813,5334,3,9,False
2026-03-11 05:43:50,https://www.bilibili.com/video/BV12G6nBKEWZ/?spm_id_from=333.1387.favlist.content.click&vd_source=6376e07ec49eec7d49dd941ef312f95d,BV12G6nBKEWZ,【lovely｜张函瑞】四机位4K精剪直拍（含字幕）,Karmaismycat,3546943494031804,2026-01-31 23:04:42,563039,25096,24198,23107,1679,1813,5334,4,6,False
2026-03-11 06:44:05,https://www.bilibili.com/video/BV12G6nBKEWZ/?spm_id_from=333.1387.favlist.content.click&vd_source=6376e07ec49eec7d49dd941ef312f95d,BV12G6nBKEWZ,【lovely｜张函瑞】四机位4K精剪直拍（含字幕）,Karmaismycat,3546943494031804,2026-01-31 23:04:42,563045,25096,24198,23107,1679,1813,5334,4,6,False
2026-03-11 07:44:18,https://www.bilibili.com/video/BV12G6nBKEWZ/?spm_id_from=333.1387.favlist.content.click&vd_source=6376e07ec49eec7d49dd941ef312f95d,BV12G6nBKEWZ,【lovely｜张函瑞】四机位4K精剪直拍（含字幕）,Karmaismycat,3546943494031804,2026-01-31 23:04:42,563056,25097,24198,23107,1679,1813,5334,6,11,False
2026-03-11 08:44:32,https://www.bilibili.com/video/BV12G6nBKEWZ/?spm_id_from=333.1387.favlist.content.click&vd_source=6376e07ec49eec7d49dd941ef312f95d,BV12G6nBKEWZ,【lovely｜张函瑞】四机位4K精剪直拍（含字幕）,Karmaismycat,3546943494031804,2026-01-31 23:04:42,563070,25097,24198,23106,1679,1813,5334,4,14,False
2026-03-11 09:44:47,https://www.bilibili.com/video/BV12G6nBKEWZ/?spm_id_from=333.1387.favlist.content.click&vd_source=6376e07ec49eec7d49dd941ef312f95d,BV12G6nBKEWZ,【lovely｜张函瑞】四机位4K精剪直拍（含字幕）,Karmaismycat,3546943494031804,2026-01-31 23:04:42,563087,25097,24198,23106,1679,1813,5334,6,17,False
2026-03-11 10:45:01,https://www.bilibili.com/video/BV12G6nBKEWZ/?spm_id_from=333.1387.favlist.content.click&vd_source=6376e07ec49eec7d49dd941ef312f95d,BV12G6nBKEWZ,【lovely｜张函瑞】四机位4K精剪直拍（含字幕）,Karmaismycat,3546943494031804,2026-01-31 23:04:42,563097,25097,24198,23106,1679,1813,5334,3,10,False
2026-03-11 11:45:15,https://www.bilibili.com/video/BV12G6nBKEWZ/?spm_id_from=333.1387.favlist.content.click&vd_source=6376e07ec49eec7d49dd941ef312f95d,BV12G6nBKEWZ,【lovely｜张函瑞】四机位4K精剪直拍（含字幕）,Karmaismycat,3546943494031804,2026-01-31 23:04:42,563120,25097,24198,23104,1679,1813,5334,2,23,False
2026-03-11 12:45:29,https://www.bilibili.com/video/BV12G6nBKEWZ/?spm_id_from=333.1387.favlist.content.click&vd_source=6376e07ec49eec7d49dd941ef312f95d,BV12G6nBKEWZ,【lovely｜张函瑞】四机位4K精剪直拍（含字幕）,Karmaismycat,3546943494031804,2026-01-31 23:04:42,563138,25097,24198,23104,1679,1813,5334,5,18,False
2026-03-11 13:45:44,https://www.bilibili.com/video/BV12G6nBKEWZ/?spm_id_from=333.1387.favlist.content.click&vd_source=6376e07ec49eec7d49dd941ef312f95d,BV12G6nBKEWZ,【lovely｜张函瑞】四机位4K精剪直拍（含字幕）,Karmaismycat,3546943494031804,2026-01-31 23:04:42,563171,25098,24200,23107,1679,1813,5335,6,33,False
2026-03-11 14:45:58,https://www.bilibili.com/video/BV12G6nBKEWZ/?spm_id_from=333.1387.favlist.content.click&vd_source=6376e07ec49eec7d49dd941ef312f95d,BV12G6nBKEWZ,【lovely｜张函瑞】四机位4K精剪直拍（含字幕）,Karmaismycat,3546943494031804,2026-01-31 23:04:42,563188,25099,24202,23107,1679,1813,5335,3,17,False
2026-03-11 15:46:12,https://www.bilibili.com/video/BV12G6nBKEWZ/?spm_id_from=333.1387.favlist.content.click&vd_source=6376e07ec49eec7d49dd941ef312f95d,BV12G6nBKEWZ,【lovely｜张函瑞】四机位4K精剪直拍（含字幕）,Karmaismycat,3546943494031804,2026-01-31 23:04:42,563207,25099,24202,23106,1679,1813,5335,2,19,False
2026-03-11 16:46:26,https://www.bilibili.com/video/BV12G6nBKEWZ/?spm_id_from=333.1387.favlist.content.click&vd_source=6376e07ec49eec7d49dd941ef312f95d,BV12G6nBKEWZ,【lovely｜张函瑞】四机位4K精剪直拍（含字幕）,Karmaismycat,3546943494031804,2026-01-31 23:04:42,563223,25101,24204,23109,1679,1813,5335,6,16,False
2026-03-11 17:46:41,https://www.bilibili.com/video/BV12G6nBKEWZ/?spm_id_from=333.1387.favlist.content.click&vd_source=6376e07ec49eec7d49dd941ef312f95d,BV12G6nBKEWZ,【lovely｜张函瑞】四机位4K精剪直拍（含字幕）,Karmaismycat,3546943494031804,2026-01-31 23:04:42,563247,25101,24204,23109,1679,1813,5335,4,24,False
2026-03-11 18:46:56,https://www.bilibili.com/video/BV12G6nBKEWZ/?spm_id_from=333.1387.favlist.content.click&vd_source=6376e07ec49eec7d49dd941ef312f95d,BV12G6nBKEWZ,【lovely｜张函瑞】四机位4K精剪直拍（含字幕）,Karmaismycat,3546943494031804,2026-01-31 23:04:42,563271,25102,24204,23109,1679,1813,5335,3,24,False
2026-03-11 19:47:11,https://www.bilibili.com/video/BV12G6nBKEWZ/?spm_id_from=333.1387.favlist.content.click&vd_source=6376e07ec49eec7d49dd941ef312f95d,BV12G6nBKEWZ,【lovely｜张函瑞】四机位4K精剪直拍（含字幕）,Karmaismycat,3546943494031804,2026-01-31 23:04:42,563300,25103,24204,23113,1679,1813,5335,6,29,False
2026-03-11 20:47:25,https://www.bilibili.com/video/BV12G6nBKEWZ/?spm_id_from=333.1387.favlist.content.click&vd_source=6376e07ec49eec7d49dd941ef312f95d,BV12G6nBKEWZ,【lovely｜张函瑞】四机位4K精剪直拍（含字幕）,Karmaismycat,3546943494031804,2026-01-31 23:04:42,563329,25104,24204,23114,1679,1813,5335,3,29,False
2026-03-11 21:47:41,https://www.bilibili.com/video/BV12G6nBKEWZ/?spm_id_from=333.1387.favlist.content.click&vd_source=6376e07ec49eec7d49dd941ef312f95d,BV12G6nBKEWZ,【lovely｜张函瑞】四机位4K精剪直拍（含字幕）,Karmaismycat,3546943494031804,2026-01-31 23:04:42,563368,25108,24204,23116,1679,1813,5335,2,39,False
2026-03-11 22:47:55,https://www.bilibili.com/video/BV12G6nBKEWZ/?spm_id_from=333.1387.favlist.content.click&vd_source=6376e07ec49eec7d49dd941ef312f95d,BV12G6nBKEWZ,【lovely｜张函瑞】四机位4K精剪直拍（含字幕）,Karmaismycat,3546943494031804,2026-01-31 23:04:42,563391,25111,24206,23117,1679,1813,5335,3,23,False
2026-03-11 23:48:10,https://www.bilibili.com/video/BV12G6nBKEWZ/?spm_id_from=333.1387.favlist.content.click&vd_source=6376e07ec49eec7d49dd941ef312f95d,BV12G6nBKEWZ,【lovely｜张函瑞】四机位4K精剪直拍（含字幕）,Karmaismycat,3546943494031804,2026-01-31 23:04:42,563416,25112,24206,23117,1679,1813,5335,4,25,False
2026-03-11 00:42:40,https://www.bilibili.com/video/BV1Wg6tBDEH2/?spm_id_from=333.1387.favlist.content.click&vd_source=6376e07ec49eec7d49dd941ef312f95d,BV1Wg6tBDEH2,【太阳与地球｜张函瑞】三机位4K精剪直拍（含字幕）,Karmaismycat,3546943494031804,2026-02-01 15:31:30,487152,23511,20198,21536,1180,1237,3185,3,0,False
2026-03-11 01:42:54,https://www.bilibili.com/video/BV1Wg6tBDEH2/?spm_id_from=333.1387.favlist.content.click&vd_source=6376e07ec49eec7d49dd941ef312f95d,BV1Wg6tBDEH2,【太阳与地球｜张函瑞】三机位4K精剪直拍（含字幕）,Karmaismycat,3546943494031804,2026-02-01 15:31:30,487171,23513,20200,21537,1180,1237,3185,3,19,False
2026-03-11 02:43:08,https://www.bilibili.com/video/BV1Wg6tBDEH2/?spm_id_from=333.1387.favlist.content.click&vd_source=6376e07ec49eec7d49dd941ef312f95d,BV1Wg6tBDEH2,【太阳与地球｜张函瑞】三机位4K精剪直拍（含字幕）,Karmaismycat,3546943494031804,2026-02-01 15:31:30,487176,23513,20200,21537,1180,1237,3185,2,5,False
2026-03-11 03:43:22,https://www.bilibili.com/video/BV1Wg6tBDEH2/?spm_id_from=333.1387.favlist.content.click&vd_source=6376e07ec49eec7d49dd941ef312f95d,BV1Wg6tBDEH2,【太阳与地球｜张函瑞】三机位4K精剪直拍（含字幕）,Karmaismycat,3546943494031804,2026-02-01 15:31:30,487184,23513,20200,21537,1180,1237,3185,2,8,False
2026-03-11 04:43:36,https://www.bilibili.com/video/BV1Wg6tBDEH2/?spm_id_from=333.1387.favlist.content.click&vd_source=6376e07ec49eec7d49dd941ef312f95d,BV1Wg6tBDEH2,【太阳与地球｜张函瑞】三机位4K精剪直拍（含字幕）,Karmaismycat,3546943494031804,2026-02-01 15:31:30,487188,23513,20200,21538,1180,1237,3185,2,4,False
2026-03-11 05:43:50,https://www.bilibili.com/video/BV1Wg6tBDEH2/?spm_id_from=333.1387.favlist.content.click&vd_source=6376e07ec49eec7d49dd941ef312f95d,BV1Wg6tBDEH2,【太阳与地球｜张函瑞】三机位4K精剪直拍（含字幕）,Karmaismycat,3546943494031804,2026-02-01 15:31:30,487193,23513,20200,21539,1180,1237,3185,3,5,False
2026-03-11 06:44:05,https://www.bilibili.com/video/BV1Wg6tBDEH2/?spm_id_from=333.1387.favlist.content.click&vd_source=6376e07ec49eec7d49dd941ef312f95d,BV1Wg6tBDEH2,【太阳与地球｜张函瑞】三机位4K精剪直拍（含字幕）,Karmaismycat,3546943494031804,2026-02-01 15:31:30,487201,23513,20200,21539,1180,1237,3185,6,8,False
2026-03-11 07:44:18,https://www.bilibili.com/video/BV1Wg6tBDEH2/?spm_id_from=333.1387.favlist.content.click&vd_source=6376e07ec49eec7d49dd941ef312f95d,BV1Wg6tBDEH2,【太阳与地球｜张函瑞】三机位4K精剪直拍（含字幕）,Karmaismycat,3546943494031804,2026-02-01 15:31:30,487211,23513,20200,21539,1180,1237,3185,2,10,False
2026-03-11 08:44:32,https://www.bilibili.com/video/BV1Wg6tBDEH2/?spm_id_from=333.1387.favlist.content.click&vd_source=6376e07ec49eec7d49dd941ef312f95d,BV1Wg6tBDEH2,【太阳与地球｜张函瑞】三机位4K精剪直拍（含字幕）,Karmaismycat,3546943494031804,2026-02-01 15:31:30,487226,23513,20200,21540,1180,1237,3185,4,15,False
2026-03-11 09:44:47,https://www.bilibili.com/video/BV1Wg6tBDEH2/?spm_id_from=333.1387.favlist.content.click&vd_source=6376e07ec49eec7d49dd941ef312f95d,BV1Wg6tBDEH2,【太阳与地球｜张函瑞】三机位4K精剪直拍（含字幕）,Karmaismycat,3546943494031804,2026-02-01 15:31:30,487243,23513,20200,21540,1180,1237,3185,2,17,False
2026-03-11 10:45:01,https://www.bilibili.com/video/BV1Wg6tBDEH2/?spm_id_from=333.1387.favlist.content.click&vd_source=6376e07ec49eec7d49dd941ef312f95d,BV1Wg6tBDEH2,【太阳与地球｜张函瑞】三机位4K精剪直拍（含字幕）,Karmaismycat,3546943494031804,2026-02-01 15:31:30,487259,23514,20200,21540,1180,1237,3185,4,16,False
2026-03-11 11:45:15,https://www.bilibili.com/video/BV1Wg6tBDEH2/?spm_id_from=333.1387.favlist.content.click&vd_source=6376e07ec49eec7d49dd941ef312f95d,BV1Wg6tBDEH2,【太阳与地球｜张函瑞】三机位4K精剪直拍（含字幕）,Karmaismycat,3546943494031804,2026-02-01 15:31:30,487274,23514,20200,21538,1180,1237,3185,3,15,False
2026-03-11 12:45:29,https://www.bilibili.com/video/BV1Wg6tBDEH2/?spm_id_from=333.1387.favlist.content.click&vd_source=6376e07ec49eec7d49dd941ef312f95d,BV1Wg6tBDEH2,【太阳与地球｜张函瑞】三机位4K精剪直拍（含字幕）,Karmaismycat,3546943494031804,2026-02-01 15:31:30,487299,23516,20200,21540,1180,1237,3186,3,25,False
2026-03-11 13:45:44,https://www.bilibili.com/video/BV1Wg6tBDEH2/?spm_id_from=333.1387.favlist.content.click&vd_source=6376e07ec49eec7d49dd941ef312f95d,BV1Wg6tBDEH2,【太阳与地球｜张函瑞】三机位4K精剪直拍（含字幕）,Karmaismycat,3546943494031804,2026-02-01 15:31:30,487328,23518,20202,21542,1180,1237,3186,3,29,False
2026-03-11 14:45:58,https://www.bilibili.com/video/BV1Wg6tBDEH2/?spm_id_from=333.1387.favlist.content.click&vd_source=6376e07ec49eec7d49dd941ef312f95d,BV1Wg6tBDEH2,【太阳与地球｜张函瑞】三机位4K精剪直拍（含字幕）,Karmaismycat,3546943494031804,2026-02-01 15:31:30,487346,23518,20202,21542,1180,1237,3186,4,18,False
2026-03-11 15:46:12,https://www.bilibili.com/video/BV1Wg6tBDEH2/?spm_id_from=333.1387.favlist.content.click&vd_source=6376e07ec49eec7d49dd941ef312f95d,BV1Wg6tBDEH2,【太阳与地球｜张函瑞】三机位4K精剪直拍（含字幕）,Karmaismycat,3546943494031804,2026-02-01 15:31:30,487374,23518,20202,21541,1180,1237,3186,2,28,False
2026-03-11 16:46:26,https://www.bilibili.com/video/BV1Wg6tBDEH2/?spm_id_from=333.1387.favlist.content.click&vd_source=6376e07ec49eec7d49dd941ef312f95d,BV1Wg6tBDEH2,【太阳与地球｜张函瑞】三机位4K精剪直拍（含字幕）,Karmaismycat,3546943494031804,2026-02-01 15:31:30,487397,23519,20202,21542,1180,1237,3186,4,23,False
2026-03-11 17:46:41,https://www.bilibili.com/video/BV1Wg6tBDEH2/?spm_id_from=333.1387.favlist.content.click&vd_source=6376e07ec49eec7d49dd941ef312f95d,BV1Wg6tBDEH2,【太阳与地球｜张函瑞】三机位4K精剪直拍（含字幕）,Karmaismycat,3546943494031804,2026-02-01 15:31:30,487416,23520,20202,21543,1180,1237,3186,3,19,False
2026-03-11 18:46:56,https://www.bilibili.com/video/BV1Wg6tBDEH2/?spm_id_from=333.1387.favlist.content.click&vd_source=6376e07ec49eec7d49dd941ef312f95d,BV1Wg6tBDEH2,【太阳与地球｜张函瑞】三机位4K精剪直拍（含字幕）,Karmaismycat,3546943494031804,2026-02-01 15:31:30,487440,23520,20202,21543,1180,1237,3186,3,24,False
2026-03-11 19:47:11,https://www.bilibili.com/video/BV1Wg6tBDEH2/?spm_id_from=333.1387.favlist.content.click&vd_source=6376e07ec49eec7d49dd941ef312f95d,BV1Wg6tBDEH2,【太阳与地球｜张函瑞】三机位4K精剪直拍（含字幕）,Karmaismycat,3546943494031804,2026-02-01 15:31:30,487478,23521,20202,21546,1180,1237,3186,5,38,False
2026-03-11 20:47:25,https://www.bilibili.com/video/BV1Wg6tBDEH2/?spm_id_from=333.1387.favlist.content.click&vd_source=6376e07ec49eec7d49dd941ef312f95d,BV1Wg6tBDEH2,【太阳与地球｜张函瑞】三机位4K精剪直拍（含字幕）,Karmaismycat,3546943494031804,2026-02-01 15:31:30,487527,23523,20202,21548,1180,1237,3186,6,49,False
2026-03-11 21:47:41,https://www.bilibili.com/video/BV1Wg6tBDEH2/?spm_id_from=333.1387.favlist.content.click&vd_source=6376e07ec49eec7d49dd941ef312f95d,BV1Wg6tBDEH2,【太阳与地球｜张函瑞】三机位4K精剪直拍（含字幕）,Karmaismycat,3546943494031804,2026-02-01 15:31:30,487562,23524,20204,21546,1180,1237,3186,1,35,False
2026-03-11 22:47:55,https://www.bilibili.com/video/BV1Wg6tBDEH2/?spm_id_from=333.1387.favlist.content.click&vd_source=6376e07ec49eec7d49dd941ef312f95d,BV1Wg6tBDEH2,【太阳与地球｜张函瑞】三机位4K精剪直拍（含字幕）,Karmaismycat,3546943494031804,2026-02-01 15:31:30,487604,23527,20208,21549,1180,1237,3186,3,42,False
2026-03-11 23:48:10,https://www.bilibili.com/video/BV1Wg6tBDEH2/?spm_id_from=333.1387.favlist.content.click&vd_source=6376e07ec49eec7d49dd941ef312f95d,BV1Wg6tBDEH2,【太阳与地球｜张函瑞】三机位4K精剪直拍（含字幕）,Karmaismycat,3546943494031804,2026-02-01 15:31:30,487625,23528,20208,21550,1180,1237,3186,4,21,False
