采集时间,输入,原始顺序,BV号,标题,UP主,上传时间,总播放量,点赞数,投币数,收藏数,转发数,评论数,弹幕数,在线人数
2026-07-04 00:59:53,https://www.bilibili.com/video/BV1A5vkB2E1k/?spm_id_from=333.1387.favlist.content.click&vd_source=bdf775a036c61c0159ac2f0c251aaeb7,0,BV1A5vkB2E1k,【杨博文】Hey Mama六机位纯舞直拍丨15岁舞台统治者的诞生，四代主舞燃炸全场！,Kismet丨杨博文,2025-12-28 22:28:16,2479777,60452,42865,44013,12599,13445,20406,1
2026-07-04 00:59:53,https://www.bilibili.com/video/BV1XA6nBGEPV/?spm_id_from=333.1387.favlist.content.click&vd_source=bdf775a036c61c0159ac2f0c251aaeb7,1,BV1XA6nBGEPV,【4K精剪】希区考克 作品152 | 杨博文直拍 | 260131,underthepoplar,2026-02-01 00:23:17,1919608,22289,21416,19160,8659,3974,6792,1
2026-07-04 00:59:53,https://www.bilibili.com/video/BV15r61BWESJ/?spm_id_from=333.1387.favlist.content.click&vd_source=bdf775a036c61c0159ac2f0c251aaeb7,2,BV15r61BWESJ,【杨博文】希区考克作品152丨双机位直拍 悬疑与张力碰撞 表管拉满 少年锋芒,Kismet丨杨博文,2026-01-31 18:27:40,538463,18257,10839,15407,928,1082,1224,1
2026-07-04 00:59:53,https://www.bilibili.com/video/BV19y61BnEMM/?spm_id_from=333.1387.favlist.content.click&vd_source=bdf775a036c61c0159ac2f0c251aaeb7,3,BV19y61BnEMM,【杨博文】就这个踢腿爽之 连每一根头发丝都在劲舞｜希区考克 作品152 4k双机位横屏直拍,游园会_杨博文,2026-01-31 18:31:31,413450,14492,9568,12343,1172,1513,2288,2
2026-07-04 00:59:53,https://www.bilibili.com/video/BV1M9ePzaELH/?spm_id_from=333.1387.favlist.content.click&vd_source=bdf775a036c61c0159ac2f0c251aaeb7,4,BV1M9ePzaELH,「杨博文｜卡拉永远OK」突发舞台事故？我怎么没看见,Astra_杨博文,2025-08-19 22:15:30,807470,14254,4522,9554,6051,614,515,1
2026-07-04 00:59:53,https://www.bilibili.com/video/BV1pV9GB6E96/?spm_id_from=333.1387.favlist.content.click&vd_source=bdf775a036c61c0159ac2f0c251aaeb7,5,BV1pV9GB6E96,【4K精剪】Guilty | 杨博文直拍 | 250119,underthepoplar,2026-04-01 02:23:39,46920,8780,2917,5121,238,201,198,1
2026-07-04 00:59:53,https://www.bilibili.com/video/BV1vFwNeKER9/?spm_id_from=333.1387.favlist.content.click&vd_source=bdf775a036c61c0159ac2f0c251aaeb7,6,BV1vFwNeKER9,【杨博文】guilty 4k横屏直拍｜夺命34秒，谁都无法拒绝的Legend级别，建议调大音量食用更加,游园会_杨博文,2025-01-18 22:02:36,262423,16397,8019,14210,1082,850,3081,1
2026-07-04 00:59:53,https://www.bilibili.com/video/BV1MGYnzrE9E/?spm_id_from=333.1387.favlist.content.click&vd_source=bdf775a036c61c0159ac2f0c251aaeb7,7,BV1MGYnzrE9E,杨博文跳 《Centuries》帅到窒息！！竖屏4K直拍,Kismet丨杨博文,2025-08-18 02:15:37,263091,12028,6631,7798,559,950,3368,1
2026-07-04 00:59:53,https://www.bilibili.com/video/BV1DZvDBEEjv/?spm_id_from=333.1387.favlist.content.click&vd_source=bdf775a036c61c0159ac2f0c251aaeb7,8,BV1DZvDBEEjv,终于找到了治愈我每一天的秘方 当你一开嗓 哪怕是夕阳也格外绚烂 ｜【杨博文】黄昏晓4k横屏直拍,游园会_杨博文,2026-01-01 20:53:32,23844,4086,710,2666,35,44,178,1
2026-07-04 00:59:53,https://www.bilibili.com/video/BV1owvqBJEkn/?spm_id_from=333.1387.favlist.content.click&vd_source=bdf775a036c61c0159ac2f0c251aaeb7,9,BV1owvqBJEkn,【杨博文｜黄昏晓】 4K直拍,羊圈主,2025-12-28 00:28:04,17846,4355,1028,1649,70,88,256,1
2026-07-04 00:59:53,https://www.bilibili.com/video/BV1eqY6e1Eec/?spm_id_from=333.1387.favlist.content.click&vd_source=bdf775a036c61c0159ac2f0c251aaeb7,10,BV1eqY6e1Eec,【TF家族-杨博文】蔡依林男粉！？你的杨会扭儿上线｜《看我72变》4K直拍,LOST-杨博文,2024-08-13 05:57:43,99222,9986,1629,5623,428,102,321,1
2026-07-04 00:59:53,https://www.bilibili.com/video/BV1r9BeBZEMu/?spm_id_from=333.1387.favlist.content.click&vd_source=bdf775a036c61c0159ac2f0c251aaeb7,11,BV1r9BeBZEMu,【杨博文｜4K舞台直拍】《爱要坦荡荡》，四代主唱贝斯手玩转乐队，好青春洋溢,关键时刻来瓶尖叫,2025-12-27 00:55:22,35943,4766,739,3176,50,52,64,1
2026-07-04 00:59:53,https://www.bilibili.com/video/BV1Lb6tBBEYC/?spm_id_from=333.1387.favlist.content.click&vd_source=bdf775a036c61c0159ac2f0c251aaeb7,12,BV1Lb6tBBEYC,【4K精剪】闭嘴跳舞 | 杨博文直拍 | 260201,underthepoplar,2026-02-02 00:00:55,248052,20813,12997,15198,1876,1666,2758,3
2026-07-04 00:59:53,https://www.bilibili.com/video/BV1mJ64BREZY/?spm_id_from=333.1387.favlist.content.click&vd_source=bdf775a036c61c0159ac2f0c251aaeb7,13,BV1mJ64BREZY,【杨博文】闭嘴跳舞丨当主舞穿上西装就会得到,Kismet丨杨博文,2026-02-01 18:31:00,491263,31404,3490,22520,177,103,421,1
2026-07-04 00:59:53,https://www.bilibili.com/video/BV15M64BPEVo/?spm_id_from=333.1387.favlist.content.click&vd_source=bdf775a036c61c0159ac2f0c251aaeb7,14,BV15M64BPEVo,【杨博文】舞步是我最有力的武器 请调动所有感官和我一同所向披靡｜闭嘴跳舞4k横屏双机位直拍,游园会_杨博文,2026-02-01 20:09:30,50280,7664,1394,4896,54,38,157,1
2026-07-04 00:59:53,https://www.bilibili.com/video/BV1fWYqzTECD/?spm_id_from=333.1387.favlist.content.click&vd_source=bdf775a036c61c0159ac2f0c251aaeb7,15,BV1fWYqzTECD,绝美堕天使下凡了……｜杨博文｜deja vu 4K直拍,WIX99,2025-08-16 22:18:21,13495,2046,582,893,67,44,115,1
2026-07-04 00:59:53,https://www.bilibili.com/video/BV1Bem3B1EcH/?spm_id_from=333.1387.favlist.content.click&vd_source=bdf775a036c61c0159ac2f0c251aaeb7,16,BV1Bem3B1EcH,【杨博文｜4K舞台直拍】怎么黑衣的《Deja vu》也让人看的停不下来呢,关键时刻来瓶尖叫,2025-12-12 21:30:00,12214,1401,157,1247,19,7,1,1
2026-07-04 00:59:53,https://www.bilibili.com/video/BV11kZyByE81/?spm_id_from=333.1387.favlist.content.click&vd_source=bdf775a036c61c0159ac2f0c251aaeb7,17,BV11kZyByE81,【4K精剪】Deja Vu | 杨博文直拍 | 250816 & 250817,underthepoplar,2026-02-17 20:22:24,46643,7040,3096,3300,373,229,199,1
2026-07-04 01:20:16,https://www.bilibili.com/video/BV1A5vkB2E1k/?spm_id_from=333.1387.favlist.content.click&vd_source=bdf775a036c61c0159ac2f0c251aaeb7,0,BV1A5vkB2E1k,【杨博文】Hey Mama六机位纯舞直拍丨15岁舞台统治者的诞生，四代主舞燃炸全场！,Kismet丨杨博文,2025-12-28 22:28:16,2479793,60453,42865,44014,12600,13445,20406,1
2026-07-04 01:20:16,https://www.bilibili.com/video/BV1XA6nBGEPV/?spm_id_from=333.1387.favlist.content.click&vd_source=bdf775a036c61c0159ac2f0c251aaeb7,1,BV1XA6nBGEPV,【4K精剪】希区考克 作品152 | 杨博文直拍 | 260131,underthepoplar,2026-02-01 00:23:17,1919614,22289,21416,19160,8661,3974,6792,1
2026-07-04 01:20:16,https://www.bilibili.com/video/BV15r61BWESJ/?spm_id_from=333.1387.favlist.content.click&vd_source=bdf775a036c61c0159ac2f0c251aaeb7,2,BV15r61BWESJ,【杨博文】希区考克作品152丨双机位直拍 悬疑与张力碰撞 表管拉满 少年锋芒,Kismet丨杨博文,2026-01-31 18:27:40,538465,18257,10839,15407,928,1082,1224,1
2026-07-04 01:20:16,https://www.bilibili.com/video/BV19y61BnEMM/?spm_id_from=333.1387.favlist.content.click&vd_source=bdf775a036c61c0159ac2f0c251aaeb7,3,BV19y61BnEMM,【杨博文】就这个踢腿爽之 连每一根头发丝都在劲舞｜希区考克 作品152 4k双机位横屏直拍,游园会_杨博文,2026-01-31 18:31:31,413453,14492,9568,12343,1172,1513,2288,1
2026-07-04 01:20:16,https://www.bilibili.com/video/BV1M9ePzaELH/?spm_id_from=333.1387.favlist.content.click&vd_source=bdf775a036c61c0159ac2f0c251aaeb7,4,BV1M9ePzaELH,「杨博文｜卡拉永远OK」突发舞台事故？我怎么没看见,Astra_杨博文,2025-08-19 22:15:30,807477,14254,4522,9554,6053,614,515,2
2026-07-04 01:20:16,https://www.bilibili.com/video/BV1pV9GB6E96/?spm_id_from=333.1387.favlist.content.click&vd_source=bdf775a036c61c0159ac2f0c251aaeb7,5,BV1pV9GB6E96,【4K精剪】Guilty | 杨博文直拍 | 250119,underthepoplar,2026-04-01 02:23:39,46928,8781,2917,5121,238,201,198,1
2026-07-04 01:20:16,https://www.bilibili.com/video/BV1vFwNeKER9/?spm_id_from=333.1387.favlist.content.click&vd_source=bdf775a036c61c0159ac2f0c251aaeb7,6,BV1vFwNeKER9,【杨博文】guilty 4k横屏直拍｜夺命34秒，谁都无法拒绝的Legend级别，建议调大音量食用更加,游园会_杨博文,2025-01-18 22:02:36,262425,16397,8019,14210,1082,850,3081,1
2026-07-04 01:20:16,https://www.bilibili.com/video/BV1MGYnzrE9E/?spm_id_from=333.1387.favlist.content.click&vd_source=bdf775a036c61c0159ac2f0c251aaeb7,7,BV1MGYnzrE9E,杨博文跳 《Centuries》帅到窒息！！竖屏4K直拍,Kismet丨杨博文,2025-08-18 02:15:37,263095,12029,6631,7798,559,950,3368,1
2026-07-04 01:20:16,https://www.bilibili.com/video/BV1DZvDBEEjv/?spm_id_from=333.1387.favlist.content.click&vd_source=bdf775a036c61c0159ac2f0c251aaeb7,8,BV1DZvDBEEjv,终于找到了治愈我每一天的秘方 当你一开嗓 哪怕是夕阳也格外绚烂 ｜【杨博文】黄昏晓4k横屏直拍,游园会_杨博文,2026-01-01 20:53:32,23845,4086,710,2666,35,44,178,1
2026-07-04 01:20:16,https://www.bilibili.com/video/BV1owvqBJEkn/?spm_id_from=333.1387.favlist.content.click&vd_source=bdf775a036c61c0159ac2f0c251aaeb7,9,BV1owvqBJEkn,【杨博文｜黄昏晓】 4K直拍,羊圈主,2025-12-28 00:28:04,17849,4355,1028,1649,70,88,256,1
2026-07-04 01:20:16,https://www.bilibili.com/video/BV1eqY6e1Eec/?spm_id_from=333.1387.favlist.content.click&vd_source=bdf775a036c61c0159ac2f0c251aaeb7,10,BV1eqY6e1Eec,【TF家族-杨博文】蔡依林男粉！？你的杨会扭儿上线｜《看我72变》4K直拍,LOST-杨博文,2024-08-13 05:57:43,99225,9987,1629,5623,428,102,321,1
2026-07-04 01:20:16,https://www.bilibili.com/video/BV1r9BeBZEMu/?spm_id_from=333.1387.favlist.content.click&vd_source=bdf775a036c61c0159ac2f0c251aaeb7,11,BV1r9BeBZEMu,【杨博文｜4K舞台直拍】《爱要坦荡荡》，四代主唱贝斯手玩转乐队，好青春洋溢,关键时刻来瓶尖叫,2025-12-27 00:55:22,35944,4766,739,3176,50,52,64,1
2026-07-04 01:20:16,https://www.bilibili.com/video/BV1Lb6tBBEYC/?spm_id_from=333.1387.favlist.content.click&vd_source=bdf775a036c61c0159ac2f0c251aaeb7,12,BV1Lb6tBBEYC,【4K精剪】闭嘴跳舞 | 杨博文直拍 | 260201,underthepoplar,2026-02-02 00:00:55,248071,20815,12997,15199,1876,1666,2758,2
2026-07-04 01:20:16,https://www.bilibili.com/video/BV1mJ64BREZY/?spm_id_from=333.1387.favlist.content.click&vd_source=bdf775a036c61c0159ac2f0c251aaeb7,13,BV1mJ64BREZY,【杨博文】闭嘴跳舞丨当主舞穿上西装就会得到,Kismet丨杨博文,2026-02-01 18:31:00,491267,31405,3490,22520,177,103,421,1
2026-07-04 01:20:16,https://www.bilibili.com/video/BV15M64BPEVo/?spm_id_from=333.1387.favlist.content.click&vd_source=bdf775a036c61c0159ac2f0c251aaeb7,14,BV15M64BPEVo,【杨博文】舞步是我最有力的武器 请调动所有感官和我一同所向披靡｜闭嘴跳舞4k横屏双机位直拍,游园会_杨博文,2026-02-01 20:09:30,50283,7664,1394,4896,54,38,157,1
2026-07-04 01:20:16,https://www.bilibili.com/video/BV1fWYqzTECD/?spm_id_from=333.1387.favlist.content.click&vd_source=bdf775a036c61c0159ac2f0c251aaeb7,15,BV1fWYqzTECD,绝美堕天使下凡了……｜杨博文｜deja vu 4K直拍,WIX99,2025-08-16 22:18:21,13496,2046,582,893,67,44,115,1
2026-07-04 01:20:16,https://www.bilibili.com/video/BV1Bem3B1EcH/?spm_id_from=333.1387.favlist.content.click&vd_source=bdf775a036c61c0159ac2f0c251aaeb7,16,BV1Bem3B1EcH,【杨博文｜4K舞台直拍】怎么黑衣的《Deja vu》也让人看的停不下来呢,关键时刻来瓶尖叫,2025-12-12 21:30:00,12215,1401,157,1247,19,7,1,1
2026-07-04 01:20:16,https://www.bilibili.com/video/BV11kZyByE81/?spm_id_from=333.1387.favlist.content.click&vd_source=bdf775a036c61c0159ac2f0c251aaeb7,17,BV11kZyByE81,【4K精剪】Deja Vu | 杨博文直拍 | 250816 & 250817,underthepoplar,2026-02-17 20:22:24,46644,7041,3096,3301,373,229,199,1
2026-07-04 01:20:16,https://www.bilibili.com/video/BV1J7Awz8EUZ/?spm_id_from=333.1387.favlist.content.click&vd_source=bdf775a036c61c0159ac2f0c251aaeb7,18,BV1J7Awz8EUZ,自测鸡蛋果,喜欢吃鸡蛋果,2026-03-21 16:17:31,947,0,0,1,1,0,0,1
2026-07-04 02:20:30,https://www.bilibili.com/video/BV1A5vkB2E1k/?spm_id_from=333.1387.favlist.content.click&vd_source=bdf775a036c61c0159ac2f0c251aaeb7,0,BV1A5vkB2E1k,【杨博文】Hey Mama六机位纯舞直拍丨15岁舞台统治者的诞生，四代主舞燃炸全场！,Kismet丨杨博文,2025-12-28 22:28:16,2479835,60455,42867,44014,12601,13445,20406,2
2026-07-04 02:20:30,https://www.bilibili.com/video/BV1XA6nBGEPV/?spm_id_from=333.1387.favlist.content.click&vd_source=bdf775a036c61c0159ac2f0c251aaeb7,1,BV1XA6nBGEPV,【4K精剪】希区考克 作品152 | 杨博文直拍 | 260131,underthepoplar,2026-02-01 00:23:17,1919626,22291,21418,19160,8661,3974,6793,1
2026-07-04 02:20:30,https://www.bilibili.com/video/BV15r61BWESJ/?spm_id_from=333.1387.favlist.content.click&vd_source=bdf775a036c61c0159ac2f0c251aaeb7,2,BV15r61BWESJ,【杨博文】希区考克作品152丨双机位直拍 悬疑与张力碰撞 表管拉满 少年锋芒,Kismet丨杨博文,2026-01-31 18:27:40,538465,18257,10839,15407,928,1082,1224,1
2026-07-04 02:20:30,https://www.bilibili.com/video/BV19y61BnEMM/?spm_id_from=333.1387.favlist.content.click&vd_source=bdf775a036c61c0159ac2f0c251aaeb7,3,BV19y61BnEMM,【杨博文】就这个踢腿爽之 连每一根头发丝都在劲舞｜希区考克 作品152 4k双机位横屏直拍,游园会_杨博文,2026-01-31 18:31:31,413459,14494,9568,12344,1172,1513,2288,1
2026-07-04 02:20:30,https://www.bilibili.com/video/BV1M9ePzaELH/?spm_id_from=333.1387.favlist.content.click&vd_source=bdf775a036c61c0159ac2f0c251aaeb7,4,BV1M9ePzaELH,「杨博文｜卡拉永远OK」突发舞台事故？我怎么没看见,Astra_杨博文,2025-08-19 22:15:30,807496,14254,4522,9554,6054,614,515,1
2026-07-04 02:20:30,https://www.bilibili.com/video/BV1pV9GB6E96/?spm_id_from=333.1387.favlist.content.click&vd_source=bdf775a036c61c0159ac2f0c251aaeb7,5,BV1pV9GB6E96,【4K精剪】Guilty | 杨博文直拍 | 250119,underthepoplar,2026-04-01 02:23:39,46939,8781,2917,5121,238,201,198,1
2026-07-04 02:20:30,https://www.bilibili.com/video/BV1vFwNeKER9/?spm_id_from=333.1387.favlist.content.click&vd_source=bdf775a036c61c0159ac2f0c251aaeb7,6,BV1vFwNeKER9,【杨博文】guilty 4k横屏直拍｜夺命34秒，谁都无法拒绝的Legend级别，建议调大音量食用更加,游园会_杨博文,2025-01-18 22:02:36,262430,16397,8019,14210,1082,850,3081,1
2026-07-04 02:20:30,https://www.bilibili.com/video/BV1MGYnzrE9E/?spm_id_from=333.1387.favlist.content.click&vd_source=bdf775a036c61c0159ac2f0c251aaeb7,7,BV1MGYnzrE9E,杨博文跳 《Centuries》帅到窒息！！竖屏4K直拍,Kismet丨杨博文,2025-08-18 02:15:37,263105,12029,6631,7798,559,950,3368,1
2026-07-04 02:20:30,https://www.bilibili.com/video/BV1DZvDBEEjv/?spm_id_from=333.1387.favlist.content.click&vd_source=bdf775a036c61c0159ac2f0c251aaeb7,8,BV1DZvDBEEjv,终于找到了治愈我每一天的秘方 当你一开嗓 哪怕是夕阳也格外绚烂 ｜【杨博文】黄昏晓4k横屏直拍,游园会_杨博文,2026-01-01 20:53:32,23850,4086,710,2666,35,44,178,1
2026-07-04 02:20:30,https://www.bilibili.com/video/BV1owvqBJEkn/?spm_id_from=333.1387.favlist.content.click&vd_source=bdf775a036c61c0159ac2f0c251aaeb7,9,BV1owvqBJEkn,【杨博文｜黄昏晓】 4K直拍,羊圈主,2025-12-28 00:28:04,17854,4356,1028,1650,70,88,256,1
2026-07-04 02:20:30,https://www.bilibili.com/video/BV1eqY6e1Eec/?spm_id_from=333.1387.favlist.content.click&vd_source=bdf775a036c61c0159ac2f0c251aaeb7,10,BV1eqY6e1Eec,【TF家族-杨博文】蔡依林男粉！？你的杨会扭儿上线｜《看我72变》4K直拍,LOST-杨博文,2024-08-13 05:57:43,99236,9987,1629,5623,428,102,321,1
2026-07-04 02:20:30,https://www.bilibili.com/video/BV1r9BeBZEMu/?spm_id_from=333.1387.favlist.content.click&vd_source=bdf775a036c61c0159ac2f0c251aaeb7,11,BV1r9BeBZEMu,【杨博文｜4K舞台直拍】《爱要坦荡荡》，四代主唱贝斯手玩转乐队，好青春洋溢,关键时刻来瓶尖叫,2025-12-27 00:55:22,35950,4766,739,3176,50,52,64,1
2026-07-04 02:20:30,https://www.bilibili.com/video/BV1Lb6tBBEYC/?spm_id_from=333.1387.favlist.content.click&vd_source=bdf775a036c61c0159ac2f0c251aaeb7,12,BV1Lb6tBBEYC,【4K精剪】闭嘴跳舞 | 杨博文直拍 | 260201,underthepoplar,2026-02-02 00:00:55,248106,20821,13000,15204,1876,1666,2758,1
2026-07-04 02:20:30,https://www.bilibili.com/video/BV1mJ64BREZY/?spm_id_from=333.1387.favlist.content.click&vd_source=bdf775a036c61c0159ac2f0c251aaeb7,13,BV1mJ64BREZY,【杨博文】闭嘴跳舞丨当主舞穿上西装就会得到,Kismet丨杨博文,2026-02-01 18:31:00,491280,31405,3490,22520,177,103,421,1
2026-07-04 02:20:30,https://www.bilibili.com/video/BV15M64BPEVo/?spm_id_from=333.1387.favlist.content.click&vd_source=bdf775a036c61c0159ac2f0c251aaeb7,14,BV15M64BPEVo,【杨博文】舞步是我最有力的武器 请调动所有感官和我一同所向披靡｜闭嘴跳舞4k横屏双机位直拍,游园会_杨博文,2026-02-01 20:09:30,50288,7664,1394,4896,54,38,157,1
2026-07-04 02:20:30,https://www.bilibili.com/video/BV1fWYqzTECD/?spm_id_from=333.1387.favlist.content.click&vd_source=bdf775a036c61c0159ac2f0c251aaeb7,15,BV1fWYqzTECD,绝美堕天使下凡了……｜杨博文｜deja vu 4K直拍,WIX99,2025-08-16 22:18:21,13501,2046,582,893,67,44,115,1
2026-07-04 02:20:30,https://www.bilibili.com/video/BV1Bem3B1EcH/?spm_id_from=333.1387.favlist.content.click&vd_source=bdf775a036c61c0159ac2f0c251aaeb7,16,BV1Bem3B1EcH,【杨博文｜4K舞台直拍】怎么黑衣的《Deja vu》也让人看的停不下来呢,关键时刻来瓶尖叫,2025-12-12 21:30:00,12222,1401,157,1247,19,7,1,1
2026-07-04 02:20:30,https://www.bilibili.com/video/BV11kZyByE81/?spm_id_from=333.1387.favlist.content.click&vd_source=bdf775a036c61c0159ac2f0c251aaeb7,17,BV11kZyByE81,【4K精剪】Deja Vu | 杨博文直拍 | 250816 & 250817,underthepoplar,2026-02-17 20:22:24,46650,7042,3098,3301,373,229,199,1
2026-07-04 02:20:30,https://www.bilibili.com/video/BV1J7Awz8EUZ/?spm_id_from=333.1387.favlist.content.click&vd_source=bdf775a036c61c0159ac2f0c251aaeb7,18,BV1J7Awz8EUZ,自测鸡蛋果,喜欢吃鸡蛋果,2026-03-21 16:17:31,952,0,0,1,1,0,0,1
2026-07-04 03:20:44,https://www.bilibili.com/video/BV1A5vkB2E1k/?spm_id_from=333.1387.favlist.content.click&vd_source=bdf775a036c61c0159ac2f0c251aaeb7,0,BV1A5vkB2E1k,【杨博文】Hey Mama六机位纯舞直拍丨15岁舞台统治者的诞生，四代主舞燃炸全场！,Kismet丨杨博文,2025-12-28 22:28:16,2479871,60456,42867,44014,12604,13445,20406,2
2026-07-04 03:20:44,https://www.bilibili.com/video/BV1XA6nBGEPV/?spm_id_from=333.1387.favlist.content.click&vd_source=bdf775a036c61c0159ac2f0c251aaeb7,1,BV1XA6nBGEPV,【4K精剪】希区考克 作品152 | 杨博文直拍 | 260131,underthepoplar,2026-02-01 00:23:17,1919636,22291,21418,19160,8665,3974,6793,1
2026-07-04 03:20:44,https://www.bilibili.com/video/BV15r61BWESJ/?spm_id_from=333.1387.favlist.content.click&vd_source=bdf775a036c61c0159ac2f0c251aaeb7,2,BV15r61BWESJ,【杨博文】希区考克作品152丨双机位直拍 悬疑与张力碰撞 表管拉满 少年锋芒,Kismet丨杨博文,2026-01-31 18:27:40,538465,18257,10839,15407,928,1082,1224,1
2026-07-04 03:20:44,https://www.bilibili.com/video/BV19y61BnEMM/?spm_id_from=333.1387.favlist.content.click&vd_source=bdf775a036c61c0159ac2f0c251aaeb7,3,BV19y61BnEMM,【杨博文】就这个踢腿爽之 连每一根头发丝都在劲舞｜希区考克 作品152 4k双机位横屏直拍,游园会_杨博文,2026-01-31 18:31:31,413462,14494,9568,12344,1172,1513,2288,1
2026-07-04 03:20:44,https://www.bilibili.com/video/BV1M9ePzaELH/?spm_id_from=333.1387.favlist.content.click&vd_source=bdf775a036c61c0159ac2f0c251aaeb7,4,BV1M9ePzaELH,「杨博文｜卡拉永远OK」突发舞台事故？我怎么没看见,Astra_杨博文,2025-08-19 22:15:30,807503,14254,4522,9554,6057,614,515,1
2026-07-04 03:20:44,https://www.bilibili.com/video/BV1pV9GB6E96/?spm_id_from=333.1387.favlist.content.click&vd_source=bdf775a036c61c0159ac2f0c251aaeb7,5,BV1pV9GB6E96,【4K精剪】Guilty | 杨博文直拍 | 250119,underthepoplar,2026-04-01 02:23:39,46945,8782,2917,5122,238,201,198,1
2026-07-04 03:20:44,https://www.bilibili.com/video/BV1vFwNeKER9/?spm_id_from=333.1387.favlist.content.click&vd_source=bdf775a036c61c0159ac2f0c251aaeb7,6,BV1vFwNeKER9,【杨博文】guilty 4k横屏直拍｜夺命34秒，谁都无法拒绝的Legend级别，建议调大音量食用更加,游园会_杨博文,2025-01-18 22:02:36,262432,16397,8019,14210,1082,850,3081,1
2026-07-04 03:20:44,https://www.bilibili.com/video/BV1MGYnzrE9E/?spm_id_from=333.1387.favlist.content.click&vd_source=bdf775a036c61c0159ac2f0c251aaeb7,7,BV1MGYnzrE9E,杨博文跳 《Centuries》帅到窒息！！竖屏4K直拍,Kismet丨杨博文,2025-08-18 02:15:37,263111,12030,6633,7798,559,950,3368,1
2026-07-04 03:20:44,https://www.bilibili.com/video/BV1DZvDBEEjv/?spm_id_from=333.1387.favlist.content.click&vd_source=bdf775a036c61c0159ac2f0c251aaeb7,8,BV1DZvDBEEjv,终于找到了治愈我每一天的秘方 当你一开嗓 哪怕是夕阳也格外绚烂 ｜【杨博文】黄昏晓4k横屏直拍,游园会_杨博文,2026-01-01 20:53:32,23854,4086,710,2666,35,44,178,1
2026-07-04 03:20:44,https://www.bilibili.com/video/BV1owvqBJEkn/?spm_id_from=333.1387.favlist.content.click&vd_source=bdf775a036c61c0159ac2f0c251aaeb7,9,BV1owvqBJEkn,【杨博文｜黄昏晓】 4K直拍,羊圈主,2025-12-28 00:28:04,17858,4356,1028,1650,70,88,256,1
2026-07-04 03:20:44,https://www.bilibili.com/video/BV1eqY6e1Eec/?spm_id_from=333.1387.favlist.content.click&vd_source=bdf775a036c61c0159ac2f0c251aaeb7,10,BV1eqY6e1Eec,【TF家族-杨博文】蔡依林男粉！？你的杨会扭儿上线｜《看我72变》4K直拍,LOST-杨博文,2024-08-13 05:57:43,99243,9986,1629,5623,428,102,321,1
2026-07-04 03:20:44,https://www.bilibili.com/video/BV1r9BeBZEMu/?spm_id_from=333.1387.favlist.content.click&vd_source=bdf775a036c61c0159ac2f0c251aaeb7,11,BV1r9BeBZEMu,【杨博文｜4K舞台直拍】《爱要坦荡荡》，四代主唱贝斯手玩转乐队，好青春洋溢,关键时刻来瓶尖叫,2025-12-27 00:55:22,35955,4766,739,3176,50,52,64,1
2026-07-04 03:20:44,https://www.bilibili.com/video/BV1Lb6tBBEYC/?spm_id_from=333.1387.favlist.content.click&vd_source=bdf775a036c61c0159ac2f0c251aaeb7,12,BV1Lb6tBBEYC,【4K精剪】闭嘴跳舞 | 杨博文直拍 | 260201,underthepoplar,2026-02-02 00:00:55,248130,20824,13001,15207,1876,1666,2758,1
2026-07-04 03:20:44,https://www.bilibili.com/video/BV1mJ64BREZY/?spm_id_from=333.1387.favlist.content.click&vd_source=bdf775a036c61c0159ac2f0c251aaeb7,13,BV1mJ64BREZY,【杨博文】闭嘴跳舞丨当主舞穿上西装就会得到,Kismet丨杨博文,2026-02-01 18:31:00,491290,31405,3490,22520,177,103,421,1
2026-07-04 03:20:44,https://www.bilibili.com/video/BV15M64BPEVo/?spm_id_from=333.1387.favlist.content.click&vd_source=bdf775a036c61c0159ac2f0c251aaeb7,14,BV15M64BPEVo,【杨博文】舞步是我最有力的武器 请调动所有感官和我一同所向披靡｜闭嘴跳舞4k横屏双机位直拍,游园会_杨博文,2026-02-01 20:09:30,50292,7664,1394,4896,54,38,157,1
2026-07-04 03:20:44,https://www.bilibili.com/video/BV1fWYqzTECD/?spm_id_from=333.1387.favlist.content.click&vd_source=bdf775a036c61c0159ac2f0c251aaeb7,15,BV1fWYqzTECD,绝美堕天使下凡了……｜杨博文｜deja vu 4K直拍,WIX99,2025-08-16 22:18:21,13505,2046,582,893,67,44,115,1
2026-07-04 03:20:44,https://www.bilibili.com/video/BV1Bem3B1EcH/?spm_id_from=333.1387.favlist.content.click&vd_source=bdf775a036c61c0159ac2f0c251aaeb7,16,BV1Bem3B1EcH,【杨博文｜4K舞台直拍】怎么黑衣的《Deja vu》也让人看的停不下来呢,关键时刻来瓶尖叫,2025-12-12 21:30:00,12226,1401,157,1247,19,7,1,1
2026-07-04 03:20:44,https://www.bilibili.com/video/BV11kZyByE81/?spm_id_from=333.1387.favlist.content.click&vd_source=bdf775a036c61c0159ac2f0c251aaeb7,17,BV11kZyByE81,【4K精剪】Deja Vu | 杨博文直拍 | 250816 & 250817,underthepoplar,2026-02-17 20:22:24,46655,7042,3098,3301,373,229,199,1
2026-07-04 03:20:44,https://www.bilibili.com/video/BV1J7Awz8EUZ/?spm_id_from=333.1387.favlist.content.click&vd_source=bdf775a036c61c0159ac2f0c251aaeb7,18,BV1J7Awz8EUZ,自测鸡蛋果,喜欢吃鸡蛋果,2026-03-21 16:17:31,957,0,0,1,1,0,0,1
2026-07-04 04:20:58,https://www.bilibili.com/video/BV1A5vkB2E1k/?spm_id_from=333.1387.favlist.content.click&vd_source=bdf775a036c61c0159ac2f0c251aaeb7,0,BV1A5vkB2E1k,【杨博文】Hey Mama六机位纯舞直拍丨15岁舞台统治者的诞生，四代主舞燃炸全场！,Kismet丨杨博文,2025-12-28 22:28:16,2479898,60456,42867,44014,12605,13445,20406,1
2026-07-04 04:20:58,https://www.bilibili.com/video/BV1XA6nBGEPV/?spm_id_from=333.1387.favlist.content.click&vd_source=bdf775a036c61c0159ac2f0c251aaeb7,1,BV1XA6nBGEPV,【4K精剪】希区考克 作品152 | 杨博文直拍 | 260131,underthepoplar,2026-02-01 00:23:17,1919637,22291,21418,19160,8665,3974,6793,1
2026-07-04 04:20:58,https://www.bilibili.com/video/BV15r61BWESJ/?spm_id_from=333.1387.favlist.content.click&vd_source=bdf775a036c61c0159ac2f0c251aaeb7,2,BV15r61BWESJ,【杨博文】希区考克作品152丨双机位直拍 悬疑与张力碰撞 表管拉满 少年锋芒,Kismet丨杨博文,2026-01-31 18:27:40,538466,18257,10839,15407,928,1082,1224,1
2026-07-04 04:20:58,https://www.bilibili.com/video/BV19y61BnEMM/?spm_id_from=333.1387.favlist.content.click&vd_source=bdf775a036c61c0159ac2f0c251aaeb7,3,BV19y61BnEMM,【杨博文】就这个踢腿爽之 连每一根头发丝都在劲舞｜希区考克 作品152 4k双机位横屏直拍,游园会_杨博文,2026-01-31 18:31:31,413469,14495,9568,12344,1172,1513,2288,1
2026-07-04 04:20:58,https://www.bilibili.com/video/BV1M9ePzaELH/?spm_id_from=333.1387.favlist.content.click&vd_source=bdf775a036c61c0159ac2f0c251aaeb7,4,BV1M9ePzaELH,「杨博文｜卡拉永远OK」突发舞台事故？我怎么没看见,Astra_杨博文,2025-08-19 22:15:30,807510,14254,4522,9554,6058,614,515,1
2026-07-04 04:20:58,https://www.bilibili.com/video/BV1pV9GB6E96/?spm_id_from=333.1387.favlist.content.click&vd_source=bdf775a036c61c0159ac2f0c251aaeb7,5,BV1pV9GB6E96,【4K精剪】Guilty | 杨博文直拍 | 250119,underthepoplar,2026-04-01 02:23:39,46947,8782,2917,5122,238,201,198,1
2026-07-04 04:20:58,https://www.bilibili.com/video/BV1vFwNeKER9/?spm_id_from=333.1387.favlist.content.click&vd_source=bdf775a036c61c0159ac2f0c251aaeb7,6,BV1vFwNeKER9,【杨博文】guilty 4k横屏直拍｜夺命34秒，谁都无法拒绝的Legend级别，建议调大音量食用更加,游园会_杨博文,2025-01-18 22:02:36,262432,16397,8019,14210,1082,850,3081,1
2026-07-04 04:20:58,https://www.bilibili.com/video/BV1MGYnzrE9E/?spm_id_from=333.1387.favlist.content.click&vd_source=bdf775a036c61c0159ac2f0c251aaeb7,7,BV1MGYnzrE9E,杨博文跳 《Centuries》帅到窒息！！竖屏4K直拍,Kismet丨杨博文,2025-08-18 02:15:37,263117,12030,6633,7798,559,950,3368,1
2026-07-04 04:20:58,https://www.bilibili.com/video/BV1DZvDBEEjv/?spm_id_from=333.1387.favlist.content.click&vd_source=bdf775a036c61c0159ac2f0c251aaeb7,8,BV1DZvDBEEjv,终于找到了治愈我每一天的秘方 当你一开嗓 哪怕是夕阳也格外绚烂 ｜【杨博文】黄昏晓4k横屏直拍,游园会_杨博文,2026-01-01 20:53:32,23858,4086,710,2666,35,44,178,1
2026-07-04 04:20:58,https://www.bilibili.com/video/BV1owvqBJEkn/?spm_id_from=333.1387.favlist.content.click&vd_source=bdf775a036c61c0159ac2f0c251aaeb7,9,BV1owvqBJEkn,【杨博文｜黄昏晓】 4K直拍,羊圈主,2025-12-28 00:28:04,17862,4356,1028,1650,70,88,256,1
2026-07-04 04:20:58,https://www.bilibili.com/video/BV1eqY6e1Eec/?spm_id_from=333.1387.favlist.content.click&vd_source=bdf775a036c61c0159ac2f0c251aaeb7,10,BV1eqY6e1Eec,【TF家族-杨博文】蔡依林男粉！？你的杨会扭儿上线｜《看我72变》4K直拍,LOST-杨博文,2024-08-13 05:57:43,99247,9987,1629,5623,428,102,321,1
2026-07-04 04:20:58,https://www.bilibili.com/video/BV1r9BeBZEMu/?spm_id_from=333.1387.favlist.content.click&vd_source=bdf775a036c61c0159ac2f0c251aaeb7,11,BV1r9BeBZEMu,【杨博文｜4K舞台直拍】《爱要坦荡荡》，四代主唱贝斯手玩转乐队，好青春洋溢,关键时刻来瓶尖叫,2025-12-27 00:55:22,35960,4766,739,3176,50,52,64,1
2026-07-04 04:20:58,https://www.bilibili.com/video/BV1Lb6tBBEYC/?spm_id_from=333.1387.favlist.content.click&vd_source=bdf775a036c61c0159ac2f0c251aaeb7,12,BV1Lb6tBBEYC,【4K精剪】闭嘴跳舞 | 杨博文直拍 | 260201,underthepoplar,2026-02-02 00:00:55,248138,20825,13004,15208,1876,1666,2758,1
2026-07-04 04:20:58,https://www.bilibili.com/video/BV1mJ64BREZY/?spm_id_from=333.1387.favlist.content.click&vd_source=bdf775a036c61c0159ac2f0c251aaeb7,13,BV1mJ64BREZY,【杨博文】闭嘴跳舞丨当主舞穿上西装就会得到,Kismet丨杨博文,2026-02-01 18:31:00,491298,31406,3492,22521,177,103,421,1
2026-07-04 04:20:58,https://www.bilibili.com/video/BV15M64BPEVo/?spm_id_from=333.1387.favlist.content.click&vd_source=bdf775a036c61c0159ac2f0c251aaeb7,14,BV15M64BPEVo,【杨博文】舞步是我最有力的武器 请调动所有感官和我一同所向披靡｜闭嘴跳舞4k横屏双机位直拍,游园会_杨博文,2026-02-01 20:09:30,50297,7665,1396,4897,54,38,157,1
2026-07-04 04:20:58,https://www.bilibili.com/video/BV1fWYqzTECD/?spm_id_from=333.1387.favlist.content.click&vd_source=bdf775a036c61c0159ac2f0c251aaeb7,15,BV1fWYqzTECD,绝美堕天使下凡了……｜杨博文｜deja vu 4K直拍,WIX99,2025-08-16 22:18:21,13510,2046,582,893,67,44,115,1
2026-07-04 04:20:58,https://www.bilibili.com/video/BV1Bem3B1EcH/?spm_id_from=333.1387.favlist.content.click&vd_source=bdf775a036c61c0159ac2f0c251aaeb7,16,BV1Bem3B1EcH,【杨博文｜4K舞台直拍】怎么黑衣的《Deja vu》也让人看的停不下来呢,关键时刻来瓶尖叫,2025-12-12 21:30:00,12230,1401,157,1247,19,7,1,1
2026-07-04 04:20:58,https://www.bilibili.com/video/BV11kZyByE81/?spm_id_from=333.1387.favlist.content.click&vd_source=bdf775a036c61c0159ac2f0c251aaeb7,17,BV11kZyByE81,【4K精剪】Deja Vu | 杨博文直拍 | 250816 & 250817,underthepoplar,2026-02-17 20:22:24,46657,7042,3098,3301,373,229,199,1
2026-07-04 04:20:58,https://www.bilibili.com/video/BV1J7Awz8EUZ/?spm_id_from=333.1387.favlist.content.click&vd_source=bdf775a036c61c0159ac2f0c251aaeb7,18,BV1J7Awz8EUZ,自测鸡蛋果,喜欢吃鸡蛋果,2026-03-21 16:17:31,961,0,0,1,1,0,0,1
2026-07-04 05:21:11,https://www.bilibili.com/video/BV1A5vkB2E1k/?spm_id_from=333.1387.favlist.content.click&vd_source=bdf775a036c61c0159ac2f0c251aaeb7,0,BV1A5vkB2E1k,【杨博文】Hey Mama六机位纯舞直拍丨15岁舞台统治者的诞生，四代主舞燃炸全场！,Kismet丨杨博文,2025-12-28 22:28:16,2479919,60456,42867,44014,12607,13445,20406,2
2026-07-04 05:21:11,https://www.bilibili.com/video/BV1XA6nBGEPV/?spm_id_from=333.1387.favlist.content.click&vd_source=bdf775a036c61c0159ac2f0c251aaeb7,1,BV1XA6nBGEPV,【4K精剪】希区考克 作品152 | 杨博文直拍 | 260131,underthepoplar,2026-02-01 00:23:17,1919641,22291,21418,19160,8668,3974,6793,1
2026-07-04 05:21:11,https://www.bilibili.com/video/BV15r61BWESJ/?spm_id_from=333.1387.favlist.content.click&vd_source=bdf775a036c61c0159ac2f0c251aaeb7,2,BV15r61BWESJ,【杨博文】希区考克作品152丨双机位直拍 悬疑与张力碰撞 表管拉满 少年锋芒,Kismet丨杨博文,2026-01-31 18:27:40,538469,18257,10839,15407,928,1082,1224,1
2026-07-04 05:21:11,https://www.bilibili.com/video/BV19y61BnEMM/?spm_id_from=333.1387.favlist.content.click&vd_source=bdf775a036c61c0159ac2f0c251aaeb7,3,BV19y61BnEMM,【杨博文】就这个踢腿爽之 连每一根头发丝都在劲舞｜希区考克 作品152 4k双机位横屏直拍,游园会_杨博文,2026-01-31 18:31:31,413472,14495,9568,12344,1172,1513,2288,1
2026-07-04 05:21:11,https://www.bilibili.com/video/BV1M9ePzaELH/?spm_id_from=333.1387.favlist.content.click&vd_source=bdf775a036c61c0159ac2f0c251aaeb7,4,BV1M9ePzaELH,「杨博文｜卡拉永远OK」突发舞台事故？我怎么没看见,Astra_杨博文,2025-08-19 22:15:30,807517,14254,4522,9554,6060,614,515,1
2026-07-04 05:21:11,https://www.bilibili.com/video/BV1pV9GB6E96/?spm_id_from=333.1387.favlist.content.click&vd_source=bdf775a036c61c0159ac2f0c251aaeb7,5,BV1pV9GB6E96,【4K精剪】Guilty | 杨博文直拍 | 250119,underthepoplar,2026-04-01 02:23:39,46949,8782,2917,5122,238,201,198,1
2026-07-04 05:21:11,https://www.bilibili.com/video/BV1vFwNeKER9/?spm_id_from=333.1387.favlist.content.click&vd_source=bdf775a036c61c0159ac2f0c251aaeb7,6,BV1vFwNeKER9,【杨博文】guilty 4k横屏直拍｜夺命34秒，谁都无法拒绝的Legend级别，建议调大音量食用更加,游园会_杨博文,2025-01-18 22:02:36,262435,16397,8019,14210,1082,850,3081,1
2026-07-04 05:21:11,https://www.bilibili.com/video/BV1MGYnzrE9E/?spm_id_from=333.1387.favlist.content.click&vd_source=bdf775a036c61c0159ac2f0c251aaeb7,7,BV1MGYnzrE9E,杨博文跳 《Centuries》帅到窒息！！竖屏4K直拍,Kismet丨杨博文,2025-08-18 02:15:37,263122,12030,6633,7798,559,950,3368,1
2026-07-04 05:21:11,https://www.bilibili.com/video/BV1DZvDBEEjv/?spm_id_from=333.1387.favlist.content.click&vd_source=bdf775a036c61c0159ac2f0c251aaeb7,8,BV1DZvDBEEjv,终于找到了治愈我每一天的秘方 当你一开嗓 哪怕是夕阳也格外绚烂 ｜【杨博文】黄昏晓4k横屏直拍,游园会_杨博文,2026-01-01 20:53:32,23863,4086,710,2666,35,44,178,1
2026-07-04 05:21:11,https://www.bilibili.com/video/BV1owvqBJEkn/?spm_id_from=333.1387.favlist.content.click&vd_source=bdf775a036c61c0159ac2f0c251aaeb7,9,BV1owvqBJEkn,【杨博文｜黄昏晓】 4K直拍,羊圈主,2025-12-28 00:28:04,17867,4356,1028,1650,70,88,256,1
2026-07-04 05:21:11,https://www.bilibili.com/video/BV1eqY6e1Eec/?spm_id_from=333.1387.favlist.content.click&vd_source=bdf775a036c61c0159ac2f0c251aaeb7,10,BV1eqY6e1Eec,【TF家族-杨博文】蔡依林男粉！？你的杨会扭儿上线｜《看我72变》4K直拍,LOST-杨博文,2024-08-13 05:57:43,99253,9987,1629,5623,428,102,321,1
2026-07-04 05:21:11,https://www.bilibili.com/video/BV1r9BeBZEMu/?spm_id_from=333.1387.favlist.content.click&vd_source=bdf775a036c61c0159ac2f0c251aaeb7,11,BV1r9BeBZEMu,【杨博文｜4K舞台直拍】《爱要坦荡荡》，四代主唱贝斯手玩转乐队，好青春洋溢,关键时刻来瓶尖叫,2025-12-27 00:55:22,35965,4766,739,3176,50,52,64,1
2026-07-04 05:21:11,https://www.bilibili.com/video/BV1Lb6tBBEYC/?spm_id_from=333.1387.favlist.content.click&vd_source=bdf775a036c61c0159ac2f0c251aaeb7,12,BV1Lb6tBBEYC,【4K精剪】闭嘴跳舞 | 杨博文直拍 | 260201,underthepoplar,2026-02-02 00:00:55,248144,20825,13004,15208,1876,1666,2758,2
2026-07-04 05:21:11,https://www.bilibili.com/video/BV1mJ64BREZY/?spm_id_from=333.1387.favlist.content.click&vd_source=bdf775a036c61c0159ac2f0c251aaeb7,13,BV1mJ64BREZY,【杨博文】闭嘴跳舞丨当主舞穿上西装就会得到,Kismet丨杨博文,2026-02-01 18:31:00,491303,31406,3492,22521,177,103,421,1
2026-07-04 05:21:11,https://www.bilibili.com/video/BV15M64BPEVo/?spm_id_from=333.1387.favlist.content.click&vd_source=bdf775a036c61c0159ac2f0c251aaeb7,14,BV15M64BPEVo,【杨博文】舞步是我最有力的武器 请调动所有感官和我一同所向披靡｜闭嘴跳舞4k横屏双机位直拍,游园会_杨博文,2026-02-01 20:09:30,50303,7665,1396,4897,54,38,157,1
2026-07-04 05:21:11,https://www.bilibili.com/video/BV1fWYqzTECD/?spm_id_from=333.1387.favlist.content.click&vd_source=bdf775a036c61c0159ac2f0c251aaeb7,15,BV1fWYqzTECD,绝美堕天使下凡了……｜杨博文｜deja vu 4K直拍,WIX99,2025-08-16 22:18:21,13515,2046,582,893,67,44,115,1
2026-07-04 05:21:11,https://www.bilibili.com/video/BV1Bem3B1EcH/?spm_id_from=333.1387.favlist.content.click&vd_source=bdf775a036c61c0159ac2f0c251aaeb7,16,BV1Bem3B1EcH,【杨博文｜4K舞台直拍】怎么黑衣的《Deja vu》也让人看的停不下来呢,关键时刻来瓶尖叫,2025-12-12 21:30:00,12235,1401,157,1247,19,7,1,1
2026-07-04 05:21:11,https://www.bilibili.com/video/BV11kZyByE81/?spm_id_from=333.1387.favlist.content.click&vd_source=bdf775a036c61c0159ac2f0c251aaeb7,17,BV11kZyByE81,【4K精剪】Deja Vu | 杨博文直拍 | 250816 & 250817,underthepoplar,2026-02-17 20:22:24,46658,7042,3098,3301,373,229,199,1
2026-07-04 05:21:11,https://www.bilibili.com/video/BV1J7Awz8EUZ/?spm_id_from=333.1387.favlist.content.click&vd_source=bdf775a036c61c0159ac2f0c251aaeb7,18,BV1J7Awz8EUZ,自测鸡蛋果,喜欢吃鸡蛋果,2026-03-21 16:17:31,965,0,0,1,1,0,0,1
2026-07-04 06:21:25,https://www.bilibili.com/video/BV1A5vkB2E1k/?spm_id_from=333.1387.favlist.content.click&vd_source=bdf775a036c61c0159ac2f0c251aaeb7,0,BV1A5vkB2E1k,【杨博文】Hey Mama六机位纯舞直拍丨15岁舞台统治者的诞生，四代主舞燃炸全场！,Kismet丨杨博文,2025-12-28 22:28:16,2479936,60457,42867,44014,12609,13445,20406,1
2026-07-04 06:21:25,https://www.bilibili.com/video/BV1XA6nBGEPV/?spm_id_from=333.1387.favlist.content.click&vd_source=bdf775a036c61c0159ac2f0c251aaeb7,1,BV1XA6nBGEPV,【4K精剪】希区考克 作品152 | 杨博文直拍 | 260131,underthepoplar,2026-02-01 00:23:17,1919641,22291,21418,19160,8669,3974,6793,1
2026-07-04 06:21:25,https://www.bilibili.com/video/BV15r61BWESJ/?spm_id_from=333.1387.favlist.content.click&vd_source=bdf775a036c61c0159ac2f0c251aaeb7,2,BV15r61BWESJ,【杨博文】希区考克作品152丨双机位直拍 悬疑与张力碰撞 表管拉满 少年锋芒,Kismet丨杨博文,2026-01-31 18:27:40,538470,18257,10839,15407,928,1082,1224,1
2026-07-04 06:21:25,https://www.bilibili.com/video/BV19y61BnEMM/?spm_id_from=333.1387.favlist.content.click&vd_source=bdf775a036c61c0159ac2f0c251aaeb7,3,BV19y61BnEMM,【杨博文】就这个踢腿爽之 连每一根头发丝都在劲舞｜希区考克 作品152 4k双机位横屏直拍,游园会_杨博文,2026-01-31 18:31:31,413474,14495,9568,12344,1172,1513,2288,1
2026-07-04 06:21:25,https://www.bilibili.com/video/BV1M9ePzaELH/?spm_id_from=333.1387.favlist.content.click&vd_source=bdf775a036c61c0159ac2f0c251aaeb7,4,BV1M9ePzaELH,「杨博文｜卡拉永远OK」突发舞台事故？我怎么没看见,Astra_杨博文,2025-08-19 22:15:30,807527,14254,4522,9554,6062,614,515,1
2026-07-04 06:21:25,https://www.bilibili.com/video/BV1pV9GB6E96/?spm_id_from=333.1387.favlist.content.click&vd_source=bdf775a036c61c0159ac2f0c251aaeb7,5,BV1pV9GB6E96,【4K精剪】Guilty | 杨博文直拍 | 250119,underthepoplar,2026-04-01 02:23:39,46952,8782,2917,5122,238,201,198,1
2026-07-04 06:21:25,https://www.bilibili.com/video/BV1vFwNeKER9/?spm_id_from=333.1387.favlist.content.click&vd_source=bdf775a036c61c0159ac2f0c251aaeb7,6,BV1vFwNeKER9,【杨博文】guilty 4k横屏直拍｜夺命34秒，谁都无法拒绝的Legend级别，建议调大音量食用更加,游园会_杨博文,2025-01-18 22:02:36,262435,16397,8019,14210,1082,850,3081,1
2026-07-04 06:21:25,https://www.bilibili.com/video/BV1MGYnzrE9E/?spm_id_from=333.1387.favlist.content.click&vd_source=bdf775a036c61c0159ac2f0c251aaeb7,7,BV1MGYnzrE9E,杨博文跳 《Centuries》帅到窒息！！竖屏4K直拍,Kismet丨杨博文,2025-08-18 02:15:37,263126,12030,6633,7798,559,950,3368,1
2026-07-04 06:21:25,https://www.bilibili.com/video/BV1DZvDBEEjv/?spm_id_from=333.1387.favlist.content.click&vd_source=bdf775a036c61c0159ac2f0c251aaeb7,8,BV1DZvDBEEjv,终于找到了治愈我每一天的秘方 当你一开嗓 哪怕是夕阳也格外绚烂 ｜【杨博文】黄昏晓4k横屏直拍,游园会_杨博文,2026-01-01 20:53:32,23867,4086,710,2666,35,44,178,1
2026-07-04 06:21:25,https://www.bilibili.com/video/BV1owvqBJEkn/?spm_id_from=333.1387.favlist.content.click&vd_source=bdf775a036c61c0159ac2f0c251aaeb7,9,BV1owvqBJEkn,【杨博文｜黄昏晓】 4K直拍,羊圈主,2025-12-28 00:28:04,17871,4356,1028,1650,70,88,256,1
2026-07-04 06:21:25,https://www.bilibili.com/video/BV1eqY6e1Eec/?spm_id_from=333.1387.favlist.content.click&vd_source=bdf775a036c61c0159ac2f0c251aaeb7,10,BV1eqY6e1Eec,【TF家族-杨博文】蔡依林男粉！？你的杨会扭儿上线｜《看我72变》4K直拍,LOST-杨博文,2024-08-13 05:57:43,99257,9987,1629,5623,428,102,321,1
2026-07-04 06:21:25,https://www.bilibili.com/video/BV1r9BeBZEMu/?spm_id_from=333.1387.favlist.content.click&vd_source=bdf775a036c61c0159ac2f0c251aaeb7,11,BV1r9BeBZEMu,【杨博文｜4K舞台直拍】《爱要坦荡荡》，四代主唱贝斯手玩转乐队，好青春洋溢,关键时刻来瓶尖叫,2025-12-27 00:55:22,35969,4766,739,3176,50,52,64,1
2026-07-04 06:21:25,https://www.bilibili.com/video/BV1Lb6tBBEYC/?spm_id_from=333.1387.favlist.content.click&vd_source=bdf775a036c61c0159ac2f0c251aaeb7,12,BV1Lb6tBBEYC,【4K精剪】闭嘴跳舞 | 杨博文直拍 | 260201,underthepoplar,2026-02-02 00:00:55,248151,20826,13004,15208,1876,1666,2758,1
2026-07-04 06:21:25,https://www.bilibili.com/video/BV1mJ64BREZY/?spm_id_from=333.1387.favlist.content.click&vd_source=bdf775a036c61c0159ac2f0c251aaeb7,13,BV1mJ64BREZY,【杨博文】闭嘴跳舞丨当主舞穿上西装就会得到,Kismet丨杨博文,2026-02-01 18:31:00,491312,31406,3492,22521,177,103,421,1
2026-07-04 06:21:25,https://www.bilibili.com/video/BV15M64BPEVo/?spm_id_from=333.1387.favlist.content.click&vd_source=bdf775a036c61c0159ac2f0c251aaeb7,14,BV15M64BPEVo,【杨博文】舞步是我最有力的武器 请调动所有感官和我一同所向披靡｜闭嘴跳舞4k横屏双机位直拍,游园会_杨博文,2026-02-01 20:09:30,50308,7665,1396,4897,54,38,157,1
2026-07-04 06:21:25,https://www.bilibili.com/video/BV1fWYqzTECD/?spm_id_from=333.1387.favlist.content.click&vd_source=bdf775a036c61c0159ac2f0c251aaeb7,15,BV1fWYqzTECD,绝美堕天使下凡了……｜杨博文｜deja vu 4K直拍,WIX99,2025-08-16 22:18:21,13519,2046,582,893,67,44,115,1
2026-07-04 06:21:25,https://www.bilibili.com/video/BV1Bem3B1EcH/?spm_id_from=333.1387.favlist.content.click&vd_source=bdf775a036c61c0159ac2f0c251aaeb7,16,BV1Bem3B1EcH,【杨博文｜4K舞台直拍】怎么黑衣的《Deja vu》也让人看的停不下来呢,关键时刻来瓶尖叫,2025-12-12 21:30:00,12239,1401,157,1247,19,7,1,1
2026-07-04 06:21:25,https://www.bilibili.com/video/BV11kZyByE81/?spm_id_from=333.1387.favlist.content.click&vd_source=bdf775a036c61c0159ac2f0c251aaeb7,17,BV11kZyByE81,【4K精剪】Deja Vu | 杨博文直拍 | 250816 & 250817,underthepoplar,2026-02-17 20:22:24,46658,7042,3098,3301,373,229,199,1
2026-07-04 06:21:25,https://www.bilibili.com/video/BV1J7Awz8EUZ/?spm_id_from=333.1387.favlist.content.click&vd_source=bdf775a036c61c0159ac2f0c251aaeb7,18,BV1J7Awz8EUZ,自测鸡蛋果,喜欢吃鸡蛋果,2026-03-21 16:17:31,970,0,0,1,1,0,0,1
2026-07-04 07:21:38,https://www.bilibili.com/video/BV1A5vkB2E1k/?spm_id_from=333.1387.favlist.content.click&vd_source=bdf775a036c61c0159ac2f0c251aaeb7,0,BV1A5vkB2E1k,【杨博文】Hey Mama六机位纯舞直拍丨15岁舞台统治者的诞生，四代主舞燃炸全场！,Kismet丨杨博文,2025-12-28 22:28:16,2479959,60456,42867,44013,12610,13445,20406,1
2026-07-04 07:21:38,https://www.bilibili.com/video/BV1XA6nBGEPV/?spm_id_from=333.1387.favlist.content.click&vd_source=bdf775a036c61c0159ac2f0c251aaeb7,1,BV1XA6nBGEPV,【4K精剪】希区考克 作品152 | 杨博文直拍 | 260131,underthepoplar,2026-02-01 00:23:17,1919643,22291,21418,19160,8671,3974,6793,1
2026-07-04 07:21:38,https://www.bilibili.com/video/BV15r61BWESJ/?spm_id_from=333.1387.favlist.content.click&vd_source=bdf775a036c61c0159ac2f0c251aaeb7,2,BV15r61BWESJ,【杨博文】希区考克作品152丨双机位直拍 悬疑与张力碰撞 表管拉满 少年锋芒,Kismet丨杨博文,2026-01-31 18:27:40,538471,18257,10839,15408,928,1082,1224,1
2026-07-04 07:21:38,https://www.bilibili.com/video/BV19y61BnEMM/?spm_id_from=333.1387.favlist.content.click&vd_source=bdf775a036c61c0159ac2f0c251aaeb7,3,BV19y61BnEMM,【杨博文】就这个踢腿爽之 连每一根头发丝都在劲舞｜希区考克 作品152 4k双机位横屏直拍,游园会_杨博文,2026-01-31 18:31:31,413476,14495,9568,12344,1172,1513,2288,2
2026-07-04 07:21:38,https://www.bilibili.com/video/BV1M9ePzaELH/?spm_id_from=333.1387.favlist.content.click&vd_source=bdf775a036c61c0159ac2f0c251aaeb7,4,BV1M9ePzaELH,「杨博文｜卡拉永远OK」突发舞台事故？我怎么没看见,Astra_杨博文,2025-08-19 22:15:30,807529,14254,4522,9554,6063,614,515,1
2026-07-04 07:21:38,https://www.bilibili.com/video/BV1pV9GB6E96/?spm_id_from=333.1387.favlist.content.click&vd_source=bdf775a036c61c0159ac2f0c251aaeb7,5,BV1pV9GB6E96,【4K精剪】Guilty | 杨博文直拍 | 250119,underthepoplar,2026-04-01 02:23:39,46954,8782,2917,5122,238,201,198,1
2026-07-04 07:21:38,https://www.bilibili.com/video/BV1vFwNeKER9/?spm_id_from=333.1387.favlist.content.click&vd_source=bdf775a036c61c0159ac2f0c251aaeb7,6,BV1vFwNeKER9,【杨博文】guilty 4k横屏直拍｜夺命34秒，谁都无法拒绝的Legend级别，建议调大音量食用更加,游园会_杨博文,2025-01-18 22:02:36,262437,16397,8019,14210,1082,850,3081,1
2026-07-04 07:21:38,https://www.bilibili.com/video/BV1MGYnzrE9E/?spm_id_from=333.1387.favlist.content.click&vd_source=bdf775a036c61c0159ac2f0c251aaeb7,7,BV1MGYnzrE9E,杨博文跳 《Centuries》帅到窒息！！竖屏4K直拍,Kismet丨杨博文,2025-08-18 02:15:37,263127,12031,6633,7798,559,950,3368,1
2026-07-04 07:21:38,https://www.bilibili.com/video/BV1DZvDBEEjv/?spm_id_from=333.1387.favlist.content.click&vd_source=bdf775a036c61c0159ac2f0c251aaeb7,8,BV1DZvDBEEjv,终于找到了治愈我每一天的秘方 当你一开嗓 哪怕是夕阳也格外绚烂 ｜【杨博文】黄昏晓4k横屏直拍,游园会_杨博文,2026-01-01 20:53:32,23867,4086,710,2666,35,44,178,1
2026-07-04 07:21:38,https://www.bilibili.com/video/BV1owvqBJEkn/?spm_id_from=333.1387.favlist.content.click&vd_source=bdf775a036c61c0159ac2f0c251aaeb7,9,BV1owvqBJEkn,【杨博文｜黄昏晓】 4K直拍,羊圈主,2025-12-28 00:28:04,17871,4356,1028,1650,70,88,256,1
2026-07-04 07:21:38,https://www.bilibili.com/video/BV1eqY6e1Eec/?spm_id_from=333.1387.favlist.content.click&vd_source=bdf775a036c61c0159ac2f0c251aaeb7,10,BV1eqY6e1Eec,【TF家族-杨博文】蔡依林男粉！？你的杨会扭儿上线｜《看我72变》4K直拍,LOST-杨博文,2024-08-13 05:57:43,99257,9987,1629,5623,428,102,321,1
2026-07-04 07:21:38,https://www.bilibili.com/video/BV1r9BeBZEMu/?spm_id_from=333.1387.favlist.content.click&vd_source=bdf775a036c61c0159ac2f0c251aaeb7,11,BV1r9BeBZEMu,【杨博文｜4K舞台直拍】《爱要坦荡荡》，四代主唱贝斯手玩转乐队，好青春洋溢,关键时刻来瓶尖叫,2025-12-27 00:55:22,35969,4766,739,3176,50,52,64,1
2026-07-04 07:21:38,https://www.bilibili.com/video/BV1Lb6tBBEYC/?spm_id_from=333.1387.favlist.content.click&vd_source=bdf775a036c61c0159ac2f0c251aaeb7,12,BV1Lb6tBBEYC,【4K精剪】闭嘴跳舞 | 杨博文直拍 | 260201,underthepoplar,2026-02-02 00:00:55,248174,20827,13004,15208,1876,1666,2758,1
2026-07-04 07:21:38,https://www.bilibili.com/video/BV1mJ64BREZY/?spm_id_from=333.1387.favlist.content.click&vd_source=bdf775a036c61c0159ac2f0c251aaeb7,13,BV1mJ64BREZY,【杨博文】闭嘴跳舞丨当主舞穿上西装就会得到,Kismet丨杨博文,2026-02-01 18:31:00,491326,31406,3492,22521,177,103,421,1
2026-07-04 07:21:38,https://www.bilibili.com/video/BV15M64BPEVo/?spm_id_from=333.1387.favlist.content.click&vd_source=bdf775a036c61c0159ac2f0c251aaeb7,14,BV15M64BPEVo,【杨博文】舞步是我最有力的武器 请调动所有感官和我一同所向披靡｜闭嘴跳舞4k横屏双机位直拍,游园会_杨博文,2026-02-01 20:09:30,50311,7665,1396,4897,54,38,157,1
2026-07-04 07:21:38,https://www.bilibili.com/video/BV1fWYqzTECD/?spm_id_from=333.1387.favlist.content.click&vd_source=bdf775a036c61c0159ac2f0c251aaeb7,15,BV1fWYqzTECD,绝美堕天使下凡了……｜杨博文｜deja vu 4K直拍,WIX99,2025-08-16 22:18:21,13519,2046,582,893,67,44,115,1
2026-07-04 07:21:38,https://www.bilibili.com/video/BV1Bem3B1EcH/?spm_id_from=333.1387.favlist.content.click&vd_source=bdf775a036c61c0159ac2f0c251aaeb7,16,BV1Bem3B1EcH,【杨博文｜4K舞台直拍】怎么黑衣的《Deja vu》也让人看的停不下来呢,关键时刻来瓶尖叫,2025-12-12 21:30:00,12239,1401,157,1247,19,7,1,1
2026-07-04 07:21:38,https://www.bilibili.com/video/BV11kZyByE81/?spm_id_from=333.1387.favlist.content.click&vd_source=bdf775a036c61c0159ac2f0c251aaeb7,17,BV11kZyByE81,【4K精剪】Deja Vu | 杨博文直拍 | 250816 & 250817,underthepoplar,2026-02-17 20:22:24,46663,7042,3098,3301,373,229,199,1
2026-07-04 07:21:38,https://www.bilibili.com/video/BV1J7Awz8EUZ/?spm_id_from=333.1387.favlist.content.click&vd_source=bdf775a036c61c0159ac2f0c251aaeb7,18,BV1J7Awz8EUZ,自测鸡蛋果,喜欢吃鸡蛋果,2026-03-21 16:17:31,970,0,0,1,1,0,0,1
2026-07-04 08:21:52,https://www.bilibili.com/video/BV1A5vkB2E1k/?spm_id_from=333.1387.favlist.content.click&vd_source=bdf775a036c61c0159ac2f0c251aaeb7,0,BV1A5vkB2E1k,【杨博文】Hey Mama六机位纯舞直拍丨15岁舞台统治者的诞生，四代主舞燃炸全场！,Kismet丨杨博文,2025-12-28 22:28:16,2479985,60457,42867,44014,12614,13446,20407,1
2026-07-04 08:21:52,https://www.bilibili.com/video/BV1XA6nBGEPV/?spm_id_from=333.1387.favlist.content.click&vd_source=bdf775a036c61c0159ac2f0c251aaeb7,1,BV1XA6nBGEPV,【4K精剪】希区考克 作品152 | 杨博文直拍 | 260131,underthepoplar,2026-02-01 00:23:17,1919650,22291,21418,19160,8673,3974,6793,1
2026-07-04 08:21:52,https://www.bilibili.com/video/BV15r61BWESJ/?spm_id_from=333.1387.favlist.content.click&vd_source=bdf775a036c61c0159ac2f0c251aaeb7,2,BV15r61BWESJ,【杨博文】希区考克作品152丨双机位直拍 悬疑与张力碰撞 表管拉满 少年锋芒,Kismet丨杨博文,2026-01-31 18:27:40,538479,18257,10839,15408,928,1082,1224,4
2026-07-04 08:21:52,https://www.bilibili.com/video/BV19y61BnEMM/?spm_id_from=333.1387.favlist.content.click&vd_source=bdf775a036c61c0159ac2f0c251aaeb7,3,BV19y61BnEMM,【杨博文】就这个踢腿爽之 连每一根头发丝都在劲舞｜希区考克 作品152 4k双机位横屏直拍,游园会_杨博文,2026-01-31 18:31:31,413485,14496,9568,12344,1172,1513,2288,1
2026-07-04 08:21:52,https://www.bilibili.com/video/BV1M9ePzaELH/?spm_id_from=333.1387.favlist.content.click&vd_source=bdf775a036c61c0159ac2f0c251aaeb7,4,BV1M9ePzaELH,「杨博文｜卡拉永远OK」突发舞台事故？我怎么没看见,Astra_杨博文,2025-08-19 22:15:30,807535,14254,4522,9554,6066,614,515,1
2026-07-04 08:21:52,https://www.bilibili.com/video/BV1pV9GB6E96/?spm_id_from=333.1387.favlist.content.click&vd_source=bdf775a036c61c0159ac2f0c251aaeb7,5,BV1pV9GB6E96,【4K精剪】Guilty | 杨博文直拍 | 250119,underthepoplar,2026-04-01 02:23:39,46961,8782,2917,5122,238,201,198,1
2026-07-04 08:21:52,https://www.bilibili.com/video/BV1vFwNeKER9/?spm_id_from=333.1387.favlist.content.click&vd_source=bdf775a036c61c0159ac2f0c251aaeb7,6,BV1vFwNeKER9,【杨博文】guilty 4k横屏直拍｜夺命34秒，谁都无法拒绝的Legend级别，建议调大音量食用更加,游园会_杨博文,2025-01-18 22:02:36,262440,16397,8019,14210,1082,850,3081,1
2026-07-04 08:21:52,https://www.bilibili.com/video/BV1MGYnzrE9E/?spm_id_from=333.1387.favlist.content.click&vd_source=bdf775a036c61c0159ac2f0c251aaeb7,7,BV1MGYnzrE9E,杨博文跳 《Centuries》帅到窒息！！竖屏4K直拍,Kismet丨杨博文,2025-08-18 02:15:37,263128,12031,6633,7798,559,950,3368,1
2026-07-04 08:21:52,https://www.bilibili.com/video/BV1DZvDBEEjv/?spm_id_from=333.1387.favlist.content.click&vd_source=bdf775a036c61c0159ac2f0c251aaeb7,8,BV1DZvDBEEjv,终于找到了治愈我每一天的秘方 当你一开嗓 哪怕是夕阳也格外绚烂 ｜【杨博文】黄昏晓4k横屏直拍,游园会_杨博文,2026-01-01 20:53:32,23867,4086,710,2666,35,44,178,1
2026-07-04 08:21:52,https://www.bilibili.com/video/BV1owvqBJEkn/?spm_id_from=333.1387.favlist.content.click&vd_source=bdf775a036c61c0159ac2f0c251aaeb7,9,BV1owvqBJEkn,【杨博文｜黄昏晓】 4K直拍,羊圈主,2025-12-28 00:28:04,17871,4356,1028,1650,70,88,256,1
2026-07-04 08:21:52,https://www.bilibili.com/video/BV1eqY6e1Eec/?spm_id_from=333.1387.favlist.content.click&vd_source=bdf775a036c61c0159ac2f0c251aaeb7,10,BV1eqY6e1Eec,【TF家族-杨博文】蔡依林男粉！？你的杨会扭儿上线｜《看我72变》4K直拍,LOST-杨博文,2024-08-13 05:57:43,99260,9987,1629,5623,428,102,321,1
2026-07-04 08:21:52,https://www.bilibili.com/video/BV1r9BeBZEMu/?spm_id_from=333.1387.favlist.content.click&vd_source=bdf775a036c61c0159ac2f0c251aaeb7,11,BV1r9BeBZEMu,【杨博文｜4K舞台直拍】《爱要坦荡荡》，四代主唱贝斯手玩转乐队，好青春洋溢,关键时刻来瓶尖叫,2025-12-27 00:55:22,35969,4766,739,3176,50,52,64,1
2026-07-04 08:21:52,https://www.bilibili.com/video/BV1Lb6tBBEYC/?spm_id_from=333.1387.favlist.content.click&vd_source=bdf775a036c61c0159ac2f0c251aaeb7,12,BV1Lb6tBBEYC,【4K精剪】闭嘴跳舞 | 杨博文直拍 | 260201,underthepoplar,2026-02-02 00:00:55,248258,20836,13004,15213,1876,1666,2758,1
2026-07-04 08:21:52,https://www.bilibili.com/video/BV1mJ64BREZY/?spm_id_from=333.1387.favlist.content.click&vd_source=bdf775a036c61c0159ac2f0c251aaeb7,13,BV1mJ64BREZY,【杨博文】闭嘴跳舞丨当主舞穿上西装就会得到,Kismet丨杨博文,2026-02-01 18:31:00,491369,31406,3492,22520,177,103,421,1
2026-07-04 08:21:52,https://www.bilibili.com/video/BV15M64BPEVo/?spm_id_from=333.1387.favlist.content.click&vd_source=bdf775a036c61c0159ac2f0c251aaeb7,14,BV15M64BPEVo,【杨博文】舞步是我最有力的武器 请调动所有感官和我一同所向披靡｜闭嘴跳舞4k横屏双机位直拍,游园会_杨博文,2026-02-01 20:09:30,50316,7666,1396,4898,54,38,157,1
2026-07-04 08:21:52,https://www.bilibili.com/video/BV1fWYqzTECD/?spm_id_from=333.1387.favlist.content.click&vd_source=bdf775a036c61c0159ac2f0c251aaeb7,15,BV1fWYqzTECD,绝美堕天使下凡了……｜杨博文｜deja vu 4K直拍,WIX99,2025-08-16 22:18:21,13519,2046,582,893,67,44,115,1
2026-07-04 08:21:52,https://www.bilibili.com/video/BV1Bem3B1EcH/?spm_id_from=333.1387.favlist.content.click&vd_source=bdf775a036c61c0159ac2f0c251aaeb7,16,BV1Bem3B1EcH,【杨博文｜4K舞台直拍】怎么黑衣的《Deja vu》也让人看的停不下来呢,关键时刻来瓶尖叫,2025-12-12 21:30:00,12239,1401,157,1247,19,7,1,1
2026-07-04 08:21:52,https://www.bilibili.com/video/BV11kZyByE81/?spm_id_from=333.1387.favlist.content.click&vd_source=bdf775a036c61c0159ac2f0c251aaeb7,17,BV11kZyByE81,【4K精剪】Deja Vu | 杨博文直拍 | 250816 & 250817,underthepoplar,2026-02-17 20:22:24,46667,7042,3098,3301,373,229,199,1
2026-07-04 08:21:52,https://www.bilibili.com/video/BV1J7Awz8EUZ/?spm_id_from=333.1387.favlist.content.click&vd_source=bdf775a036c61c0159ac2f0c251aaeb7,18,BV1J7Awz8EUZ,自测鸡蛋果,喜欢吃鸡蛋果,2026-03-21 16:17:31,970,0,0,1,1,0,0,1
2026-07-04 09:22:05,https://www.bilibili.com/video/BV1A5vkB2E1k/?spm_id_from=333.1387.favlist.content.click&vd_source=bdf775a036c61c0159ac2f0c251aaeb7,0,BV1A5vkB2E1k,【杨博文】Hey Mama六机位纯舞直拍丨15岁舞台统治者的诞生，四代主舞燃炸全场！,Kismet丨杨博文,2025-12-28 22:28:16,2480015,60458,42868,44015,12614,13446,20407,1
2026-07-04 09:22:05,https://www.bilibili.com/video/BV1XA6nBGEPV/?spm_id_from=333.1387.favlist.content.click&vd_source=bdf775a036c61c0159ac2f0c251aaeb7,1,BV1XA6nBGEPV,【4K精剪】希区考克 作品152 | 杨博文直拍 | 260131,underthepoplar,2026-02-01 00:23:17,1919653,22291,21418,19159,8675,3974,6794,1
2026-07-04 09:22:05,https://www.bilibili.com/video/BV15r61BWESJ/?spm_id_from=333.1387.favlist.content.click&vd_source=bdf775a036c61c0159ac2f0c251aaeb7,2,BV15r61BWESJ,【杨博文】希区考克作品152丨双机位直拍 悬疑与张力碰撞 表管拉满 少年锋芒,Kismet丨杨博文,2026-01-31 18:27:40,538500,18257,10839,15407,928,1082,1224,1
2026-07-04 09:22:05,https://www.bilibili.com/video/BV19y61BnEMM/?spm_id_from=333.1387.favlist.content.click&vd_source=bdf775a036c61c0159ac2f0c251aaeb7,3,BV19y61BnEMM,【杨博文】就这个踢腿爽之 连每一根头发丝都在劲舞｜希区考克 作品152 4k双机位横屏直拍,游园会_杨博文,2026-01-31 18:31:31,413513,14499,9568,12346,1172,1513,2288,1
2026-07-04 09:22:05,https://www.bilibili.com/video/BV1M9ePzaELH/?spm_id_from=333.1387.favlist.content.click&vd_source=bdf775a036c61c0159ac2f0c251aaeb7,4,BV1M9ePzaELH,「杨博文｜卡拉永远OK」突发舞台事故？我怎么没看见,Astra_杨博文,2025-08-19 22:15:30,807537,14254,4522,9554,6067,614,515,1
2026-07-04 09:22:05,https://www.bilibili.com/video/BV1pV9GB6E96/?spm_id_from=333.1387.favlist.content.click&vd_source=bdf775a036c61c0159ac2f0c251aaeb7,5,BV1pV9GB6E96,【4K精剪】Guilty | 杨博文直拍 | 250119,underthepoplar,2026-04-01 02:23:39,46969,8783,2917,5123,238,201,198,1
2026-07-04 09:22:05,https://www.bilibili.com/video/BV1vFwNeKER9/?spm_id_from=333.1387.favlist.content.click&vd_source=bdf775a036c61c0159ac2f0c251aaeb7,6,BV1vFwNeKER9,【杨博文】guilty 4k横屏直拍｜夺命34秒，谁都无法拒绝的Legend级别，建议调大音量食用更加,游园会_杨博文,2025-01-18 22:02:36,262444,16398,8019,14211,1082,850,3081,1
2026-07-04 09:22:05,https://www.bilibili.com/video/BV1MGYnzrE9E/?spm_id_from=333.1387.favlist.content.click&vd_source=bdf775a036c61c0159ac2f0c251aaeb7,7,BV1MGYnzrE9E,杨博文跳 《Centuries》帅到窒息！！竖屏4K直拍,Kismet丨杨博文,2025-08-18 02:15:37,263135,12031,6633,7798,559,950,3368,1
2026-07-04 09:22:05,https://www.bilibili.com/video/BV1DZvDBEEjv/?spm_id_from=333.1387.favlist.content.click&vd_source=bdf775a036c61c0159ac2f0c251aaeb7,8,BV1DZvDBEEjv,终于找到了治愈我每一天的秘方 当你一开嗓 哪怕是夕阳也格外绚烂 ｜【杨博文】黄昏晓4k横屏直拍,游园会_杨博文,2026-01-01 20:53:32,23867,4086,710,2666,35,44,178,1
2026-07-04 09:22:05,https://www.bilibili.com/video/BV1owvqBJEkn/?spm_id_from=333.1387.favlist.content.click&vd_source=bdf775a036c61c0159ac2f0c251aaeb7,9,BV1owvqBJEkn,【杨博文｜黄昏晓】 4K直拍,羊圈主,2025-12-28 00:28:04,17872,4356,1028,1650,70,88,256,1
2026-07-04 09:22:05,https://www.bilibili.com/video/BV1eqY6e1Eec/?spm_id_from=333.1387.favlist.content.click&vd_source=bdf775a036c61c0159ac2f0c251aaeb7,10,BV1eqY6e1Eec,【TF家族-杨博文】蔡依林男粉！？你的杨会扭儿上线｜《看我72变》4K直拍,LOST-杨博文,2024-08-13 05:57:43,99260,9987,1629,5623,428,102,321,1
2026-07-04 09:22:05,https://www.bilibili.com/video/BV1r9BeBZEMu/?spm_id_from=333.1387.favlist.content.click&vd_source=bdf775a036c61c0159ac2f0c251aaeb7,11,BV1r9BeBZEMu,【杨博文｜4K舞台直拍】《爱要坦荡荡》，四代主唱贝斯手玩转乐队，好青春洋溢,关键时刻来瓶尖叫,2025-12-27 00:55:22,35969,4766,739,3176,50,52,64,1
2026-07-04 09:22:05,https://www.bilibili.com/video/BV1Lb6tBBEYC/?spm_id_from=333.1387.favlist.content.click&vd_source=bdf775a036c61c0159ac2f0c251aaeb7,12,BV1Lb6tBBEYC,【4K精剪】闭嘴跳舞 | 杨博文直拍 | 260201,underthepoplar,2026-02-02 00:00:55,248428,20843,13004,15219,1876,1666,2759,2
2026-07-04 09:22:05,https://www.bilibili.com/video/BV1mJ64BREZY/?spm_id_from=333.1387.favlist.content.click&vd_source=bdf775a036c61c0159ac2f0c251aaeb7,13,BV1mJ64BREZY,【杨博文】闭嘴跳舞丨当主舞穿上西装就会得到,Kismet丨杨博文,2026-02-01 18:31:00,491472,31411,3494,22524,177,103,421,4
2026-07-04 09:22:05,https://www.bilibili.com/video/BV15M64BPEVo/?spm_id_from=333.1387.favlist.content.click&vd_source=bdf775a036c61c0159ac2f0c251aaeb7,14,BV15M64BPEVo,【杨博文】舞步是我最有力的武器 请调动所有感官和我一同所向披靡｜闭嘴跳舞4k横屏双机位直拍,游园会_杨博文,2026-02-01 20:09:30,50323,7666,1396,4899,54,38,157,1
2026-07-04 09:22:05,https://www.bilibili.com/video/BV1fWYqzTECD/?spm_id_from=333.1387.favlist.content.click&vd_source=bdf775a036c61c0159ac2f0c251aaeb7,15,BV1fWYqzTECD,绝美堕天使下凡了……｜杨博文｜deja vu 4K直拍,WIX99,2025-08-16 22:18:21,13519,2046,582,893,67,44,115,1
2026-07-04 09:22:05,https://www.bilibili.com/video/BV1Bem3B1EcH/?spm_id_from=333.1387.favlist.content.click&vd_source=bdf775a036c61c0159ac2f0c251aaeb7,16,BV1Bem3B1EcH,【杨博文｜4K舞台直拍】怎么黑衣的《Deja vu》也让人看的停不下来呢,关键时刻来瓶尖叫,2025-12-12 21:30:00,12240,1401,157,1247,19,7,1,1
2026-07-04 09:22:05,https://www.bilibili.com/video/BV11kZyByE81/?spm_id_from=333.1387.favlist.content.click&vd_source=bdf775a036c61c0159ac2f0c251aaeb7,17,BV11kZyByE81,【4K精剪】Deja Vu | 杨博文直拍 | 250816 & 250817,underthepoplar,2026-02-17 20:22:24,46678,7044,3098,3303,373,229,199,1
2026-07-04 09:22:05,https://www.bilibili.com/video/BV1J7Awz8EUZ/?spm_id_from=333.1387.favlist.content.click&vd_source=bdf775a036c61c0159ac2f0c251aaeb7,18,BV1J7Awz8EUZ,自测鸡蛋果,喜欢吃鸡蛋果,2026-03-21 16:17:31,970,0,0,1,1,0,0,1
2026-07-04 10:22:19,https://www.bilibili.com/video/BV1A5vkB2E1k/?spm_id_from=333.1387.favlist.content.click&vd_source=bdf775a036c61c0159ac2f0c251aaeb7,0,BV1A5vkB2E1k,【杨博文】Hey Mama六机位纯舞直拍丨15岁舞台统治者的诞生，四代主舞燃炸全场！,Kismet丨杨博文,2025-12-28 22:28:16,2480062,60460,42868,44016,12618,13446,20407,1
2026-07-04 10:22:19,https://www.bilibili.com/video/BV1XA6nBGEPV/?spm_id_from=333.1387.favlist.content.click&vd_source=bdf775a036c61c0159ac2f0c251aaeb7,1,BV1XA6nBGEPV,【4K精剪】希区考克 作品152 | 杨博文直拍 | 260131,underthepoplar,2026-02-01 00:23:17,1919659,22291,21418,19159,8677,3974,6794,1
2026-07-04 10:22:19,https://www.bilibili.com/video/BV15r61BWESJ/?spm_id_from=333.1387.favlist.content.click&vd_source=bdf775a036c61c0159ac2f0c251aaeb7,2,BV15r61BWESJ,【杨博文】希区考克作品152丨双机位直拍 悬疑与张力碰撞 表管拉满 少年锋芒,Kismet丨杨博文,2026-01-31 18:27:40,538519,18258,10839,15408,928,1082,1224,1
2026-07-04 10:22:19,https://www.bilibili.com/video/BV19y61BnEMM/?spm_id_from=333.1387.favlist.content.click&vd_source=bdf775a036c61c0159ac2f0c251aaeb7,3,BV19y61BnEMM,【杨博文】就这个踢腿爽之 连每一根头发丝都在劲舞｜希区考克 作品152 4k双机位横屏直拍,游园会_杨博文,2026-01-31 18:31:31,413550,14502,9568,12351,1172,1513,2288,1
2026-07-04 10:22:19,https://www.bilibili.com/video/BV1M9ePzaELH/?spm_id_from=333.1387.favlist.content.click&vd_source=bdf775a036c61c0159ac2f0c251aaeb7,4,BV1M9ePzaELH,「杨博文｜卡拉永远OK」突发舞台事故？我怎么没看见,Astra_杨博文,2025-08-19 22:15:30,807544,14255,4522,9554,6070,614,515,1
2026-07-04 10:22:19,https://www.bilibili.com/video/BV1pV9GB6E96/?spm_id_from=333.1387.favlist.content.click&vd_source=bdf775a036c61c0159ac2f0c251aaeb7,5,BV1pV9GB6E96,【4K精剪】Guilty | 杨博文直拍 | 250119,underthepoplar,2026-04-01 02:23:39,46986,8784,2917,5125,238,201,198,1
2026-07-04 10:22:19,https://www.bilibili.com/video/BV1vFwNeKER9/?spm_id_from=333.1387.favlist.content.click&vd_source=bdf775a036c61c0159ac2f0c251aaeb7,6,BV1vFwNeKER9,【杨博文】guilty 4k横屏直拍｜夺命34秒，谁都无法拒绝的Legend级别，建议调大音量食用更加,游园会_杨博文,2025-01-18 22:02:36,262449,16398,8019,14211,1082,850,3081,1
2026-07-04 10:22:19,https://www.bilibili.com/video/BV1MGYnzrE9E/?spm_id_from=333.1387.favlist.content.click&vd_source=bdf775a036c61c0159ac2f0c251aaeb7,7,BV1MGYnzrE9E,杨博文跳 《Centuries》帅到窒息！！竖屏4K直拍,Kismet丨杨博文,2025-08-18 02:15:37,263143,12031,6633,7798,559,950,3368,1
2026-07-04 10:22:19,https://www.bilibili.com/video/BV1DZvDBEEjv/?spm_id_from=333.1387.favlist.content.click&vd_source=bdf775a036c61c0159ac2f0c251aaeb7,8,BV1DZvDBEEjv,终于找到了治愈我每一天的秘方 当你一开嗓 哪怕是夕阳也格外绚烂 ｜【杨博文】黄昏晓4k横屏直拍,游园会_杨博文,2026-01-01 20:53:32,23867,4086,710,2666,35,44,178,1
2026-07-04 10:22:19,https://www.bilibili.com/video/BV1owvqBJEkn/?spm_id_from=333.1387.favlist.content.click&vd_source=bdf775a036c61c0159ac2f0c251aaeb7,9,BV1owvqBJEkn,【杨博文｜黄昏晓】 4K直拍,羊圈主,2025-12-28 00:28:04,17872,4356,1028,1650,70,88,256,1
2026-07-04 10:22:19,https://www.bilibili.com/video/BV1eqY6e1Eec/?spm_id_from=333.1387.favlist.content.click&vd_source=bdf775a036c61c0159ac2f0c251aaeb7,10,BV1eqY6e1Eec,【TF家族-杨博文】蔡依林男粉！？你的杨会扭儿上线｜《看我72变》4K直拍,LOST-杨博文,2024-08-13 05:57:43,99262,9989,1629,5625,428,102,321,1
2026-07-04 10:22:19,https://www.bilibili.com/video/BV1r9BeBZEMu/?spm_id_from=333.1387.favlist.content.click&vd_source=bdf775a036c61c0159ac2f0c251aaeb7,11,BV1r9BeBZEMu,【杨博文｜4K舞台直拍】《爱要坦荡荡》，四代主唱贝斯手玩转乐队，好青春洋溢,关键时刻来瓶尖叫,2025-12-27 00:55:22,35969,4766,739,3176,50,52,64,1
2026-07-04 10:22:19,https://www.bilibili.com/video/BV1Lb6tBBEYC/?spm_id_from=333.1387.favlist.content.click&vd_source=bdf775a036c61c0159ac2f0c251aaeb7,12,BV1Lb6tBBEYC,【4K精剪】闭嘴跳舞 | 杨博文直拍 | 260201,underthepoplar,2026-02-02 00:00:55,248691,20860,13012,15232,1876,1666,2761,4
2026-07-04 10:22:19,https://www.bilibili.com/video/BV1mJ64BREZY/?spm_id_from=333.1387.favlist.content.click&vd_source=bdf775a036c61c0159ac2f0c251aaeb7,13,BV1mJ64BREZY,【杨博文】闭嘴跳舞丨当主舞穿上西装就会得到,Kismet丨杨博文,2026-02-01 18:31:00,491691,31419,3494,22530,177,103,421,4
2026-07-04 10:22:19,https://www.bilibili.com/video/BV15M64BPEVo/?spm_id_from=333.1387.favlist.content.click&vd_source=bdf775a036c61c0159ac2f0c251aaeb7,14,BV15M64BPEVo,【杨博文】舞步是我最有力的武器 请调动所有感官和我一同所向披靡｜闭嘴跳舞4k横屏双机位直拍,游园会_杨博文,2026-02-01 20:09:30,50346,7668,1396,4901,54,38,157,1
2026-07-04 10:22:19,https://www.bilibili.com/video/BV1fWYqzTECD/?spm_id_from=333.1387.favlist.content.click&vd_source=bdf775a036c61c0159ac2f0c251aaeb7,15,BV1fWYqzTECD,绝美堕天使下凡了……｜杨博文｜deja vu 4K直拍,WIX99,2025-08-16 22:18:21,13519,2046,582,893,67,44,115,1
2026-07-04 10:22:19,https://www.bilibili.com/video/BV1Bem3B1EcH/?spm_id_from=333.1387.favlist.content.click&vd_source=bdf775a036c61c0159ac2f0c251aaeb7,16,BV1Bem3B1EcH,【杨博文｜4K舞台直拍】怎么黑衣的《Deja vu》也让人看的停不下来呢,关键时刻来瓶尖叫,2025-12-12 21:30:00,12245,1401,157,1248,19,7,1,1
2026-07-04 10:22:19,https://www.bilibili.com/video/BV11kZyByE81/?spm_id_from=333.1387.favlist.content.click&vd_source=bdf775a036c61c0159ac2f0c251aaeb7,17,BV11kZyByE81,【4K精剪】Deja Vu | 杨博文直拍 | 250816 & 250817,underthepoplar,2026-02-17 20:22:24,46689,7044,3098,3303,373,229,199,1
2026-07-04 10:22:19,https://www.bilibili.com/video/BV1J7Awz8EUZ/?spm_id_from=333.1387.favlist.content.click&vd_source=bdf775a036c61c0159ac2f0c251aaeb7,18,BV1J7Awz8EUZ,自测鸡蛋果,喜欢吃鸡蛋果,2026-03-21 16:17:31,970,0,0,1,1,0,0,1
2026-07-04 11:22:33,https://www.bilibili.com/video/BV1A5vkB2E1k/?spm_id_from=333.1387.favlist.content.click&vd_source=bdf775a036c61c0159ac2f0c251aaeb7,0,BV1A5vkB2E1k,【杨博文】Hey Mama六机位纯舞直拍丨15岁舞台统治者的诞生，四代主舞燃炸全场！,Kismet丨杨博文,2025-12-28 22:28:16,2480135,60463,42870,44018,12619,13446,20422,1
2026-07-04 11:22:33,https://www.bilibili.com/video/BV1XA6nBGEPV/?spm_id_from=333.1387.favlist.content.click&vd_source=bdf775a036c61c0159ac2f0c251aaeb7,1,BV1XA6nBGEPV,【4K精剪】希区考克 作品152 | 杨博文直拍 | 260131,underthepoplar,2026-02-01 00:23:17,1919681,22293,21418,19160,8679,3974,6794,1
2026-07-04 11:22:33,https://www.bilibili.com/video/BV15r61BWESJ/?spm_id_from=333.1387.favlist.content.click&vd_source=bdf775a036c61c0159ac2f0c251aaeb7,2,BV15r61BWESJ,【杨博文】希区考克作品152丨双机位直拍 悬疑与张力碰撞 表管拉满 少年锋芒,Kismet丨杨博文,2026-01-31 18:27:40,538567,18260,10839,15411,928,1082,1224,1
2026-07-04 11:22:33,https://www.bilibili.com/video/BV19y61BnEMM/?spm_id_from=333.1387.favlist.content.click&vd_source=bdf775a036c61c0159ac2f0c251aaeb7,3,BV19y61BnEMM,【杨博文】就这个踢腿爽之 连每一根头发丝都在劲舞｜希区考克 作品152 4k双机位横屏直拍,游园会_杨博文,2026-01-31 18:31:31,413584,14505,9568,12356,1172,1513,2288,2
2026-07-04 11:22:33,https://www.bilibili.com/video/BV1M9ePzaELH/?spm_id_from=333.1387.favlist.content.click&vd_source=bdf775a036c61c0159ac2f0c251aaeb7,4,BV1M9ePzaELH,「杨博文｜卡拉永远OK」突发舞台事故？我怎么没看见,Astra_杨博文,2025-08-19 22:15:30,807547,14255,4522,9554,6071,614,515,1
2026-07-04 11:22:33,https://www.bilibili.com/video/BV1pV9GB6E96/?spm_id_from=333.1387.favlist.content.click&vd_source=bdf775a036c61c0159ac2f0c251aaeb7,5,BV1pV9GB6E96,【4K精剪】Guilty | 杨博文直拍 | 250119,underthepoplar,2026-04-01 02:23:39,47003,8786,2917,5126,238,201,198,1
2026-07-04 11:22:33,https://www.bilibili.com/video/BV1vFwNeKER9/?spm_id_from=333.1387.favlist.content.click&vd_source=bdf775a036c61c0159ac2f0c251aaeb7,6,BV1vFwNeKER9,【杨博文】guilty 4k横屏直拍｜夺命34秒，谁都无法拒绝的Legend级别，建议调大音量食用更加,游园会_杨博文,2025-01-18 22:02:36,262458,16398,8019,14212,1082,850,3081,1
2026-07-04 11:22:33,https://www.bilibili.com/video/BV1MGYnzrE9E/?spm_id_from=333.1387.favlist.content.click&vd_source=bdf775a036c61c0159ac2f0c251aaeb7,7,BV1MGYnzrE9E,杨博文跳 《Centuries》帅到窒息！！竖屏4K直拍,Kismet丨杨博文,2025-08-18 02:15:37,263153,12033,6633,7797,559,950,3368,1
2026-07-04 11:22:33,https://www.bilibili.com/video/BV1DZvDBEEjv/?spm_id_from=333.1387.favlist.content.click&vd_source=bdf775a036c61c0159ac2f0c251aaeb7,8,BV1DZvDBEEjv,终于找到了治愈我每一天的秘方 当你一开嗓 哪怕是夕阳也格外绚烂 ｜【杨博文】黄昏晓4k横屏直拍,游园会_杨博文,2026-01-01 20:53:32,23868,4086,710,2666,35,44,178,1
2026-07-04 11:22:33,https://www.bilibili.com/video/BV1owvqBJEkn/?spm_id_from=333.1387.favlist.content.click&vd_source=bdf775a036c61c0159ac2f0c251aaeb7,9,BV1owvqBJEkn,【杨博文｜黄昏晓】 4K直拍,羊圈主,2025-12-28 00:28:04,17872,4356,1028,1650,70,88,256,1
2026-07-04 11:22:33,https://www.bilibili.com/video/BV1eqY6e1Eec/?spm_id_from=333.1387.favlist.content.click&vd_source=bdf775a036c61c0159ac2f0c251aaeb7,10,BV1eqY6e1Eec,【TF家族-杨博文】蔡依林男粉！？你的杨会扭儿上线｜《看我72变》4K直拍,LOST-杨博文,2024-08-13 05:57:43,99263,9989,1629,5625,428,102,321,1
2026-07-04 11:22:33,https://www.bilibili.com/video/BV1r9BeBZEMu/?spm_id_from=333.1387.favlist.content.click&vd_source=bdf775a036c61c0159ac2f0c251aaeb7,11,BV1r9BeBZEMu,【杨博文｜4K舞台直拍】《爱要坦荡荡》，四代主唱贝斯手玩转乐队，好青春洋溢,关键时刻来瓶尖叫,2025-12-27 00:55:22,35970,4766,739,3176,50,52,64,1
2026-07-04 11:22:33,https://www.bilibili.com/video/BV1Lb6tBBEYC/?spm_id_from=333.1387.favlist.content.click&vd_source=bdf775a036c61c0159ac2f0c251aaeb7,12,BV1Lb6tBBEYC,【4K精剪】闭嘴跳舞 | 杨博文直拍 | 260201,underthepoplar,2026-02-02 00:00:55,249032,20868,13014,15240,1876,1667,2762,3
2026-07-04 11:22:33,https://www.bilibili.com/video/BV1mJ64BREZY/?spm_id_from=333.1387.favlist.content.click&vd_source=bdf775a036c61c0159ac2f0c251aaeb7,13,BV1mJ64BREZY,【杨博文】闭嘴跳舞丨当主舞穿上西装就会得到,Kismet丨杨博文,2026-02-01 18:31:00,491965,31428,3494,22537,177,103,421,3
2026-07-04 11:22:33,https://www.bilibili.com/video/BV15M64BPEVo/?spm_id_from=333.1387.favlist.content.click&vd_source=bdf775a036c61c0159ac2f0c251aaeb7,14,BV15M64BPEVo,【杨博文】舞步是我最有力的武器 请调动所有感官和我一同所向披靡｜闭嘴跳舞4k横屏双机位直拍,游园会_杨博文,2026-02-01 20:09:30,50363,7668,1396,4901,54,38,157,1
2026-07-04 11:22:33,https://www.bilibili.com/video/BV1fWYqzTECD/?spm_id_from=333.1387.favlist.content.click&vd_source=bdf775a036c61c0159ac2f0c251aaeb7,15,BV1fWYqzTECD,绝美堕天使下凡了……｜杨博文｜deja vu 4K直拍,WIX99,2025-08-16 22:18:21,13520,2046,582,893,67,44,115,1
2026-07-04 11:22:33,https://www.bilibili.com/video/BV1Bem3B1EcH/?spm_id_from=333.1387.favlist.content.click&vd_source=bdf775a036c61c0159ac2f0c251aaeb7,16,BV1Bem3B1EcH,【杨博文｜4K舞台直拍】怎么黑衣的《Deja vu》也让人看的停不下来呢,关键时刻来瓶尖叫,2025-12-12 21:30:00,12249,1401,157,1248,19,7,1,1
2026-07-04 11:22:33,https://www.bilibili.com/video/BV11kZyByE81/?spm_id_from=333.1387.favlist.content.click&vd_source=bdf775a036c61c0159ac2f0c251aaeb7,17,BV11kZyByE81,【4K精剪】Deja Vu | 杨博文直拍 | 250816 & 250817,underthepoplar,2026-02-17 20:22:24,46714,7050,3102,3307,373,229,199,1
2026-07-04 11:22:33,https://www.bilibili.com/video/BV1J7Awz8EUZ/?spm_id_from=333.1387.favlist.content.click&vd_source=bdf775a036c61c0159ac2f0c251aaeb7,18,BV1J7Awz8EUZ,自测鸡蛋果,喜欢吃鸡蛋果,2026-03-21 16:17:31,970,0,0,1,1,0,0,1
2026-07-04 12:22:47,https://www.bilibili.com/video/BV1A5vkB2E1k/?spm_id_from=333.1387.favlist.content.click&vd_source=bdf775a036c61c0159ac2f0c251aaeb7,0,BV1A5vkB2E1k,【杨博文】Hey Mama六机位纯舞直拍丨15岁舞台统治者的诞生，四代主舞燃炸全场！,Kismet丨杨博文,2025-12-28 22:28:16,2480208,60463,42871,44019,12622,13446,20422,2
2026-07-04 12:22:47,https://www.bilibili.com/video/BV1XA6nBGEPV/?spm_id_from=333.1387.favlist.content.click&vd_source=bdf775a036c61c0159ac2f0c251aaeb7,1,BV1XA6nBGEPV,【4K精剪】希区考克 作品152 | 杨博文直拍 | 260131,underthepoplar,2026-02-01 00:23:17,1919697,22294,21418,19162,8681,3974,6794,1
2026-07-04 12:22:47,https://www.bilibili.com/video/BV15r61BWESJ/?spm_id_from=333.1387.favlist.content.click&vd_source=bdf775a036c61c0159ac2f0c251aaeb7,2,BV15r61BWESJ,【杨博文】希区考克作品152丨双机位直拍 悬疑与张力碰撞 表管拉满 少年锋芒,Kismet丨杨博文,2026-01-31 18:27:40,538624,18263,10839,15413,928,1082,1224,5
2026-07-04 12:22:47,https://www.bilibili.com/video/BV19y61BnEMM/?spm_id_from=333.1387.favlist.content.click&vd_source=bdf775a036c61c0159ac2f0c251aaeb7,3,BV19y61BnEMM,【杨博文】就这个踢腿爽之 连每一根头发丝都在劲舞｜希区考克 作品152 4k双机位横屏直拍,游园会_杨博文,2026-01-31 18:31:31,413648,14507,9568,12359,1172,1513,2288,2
2026-07-04 12:22:47,https://www.bilibili.com/video/BV1M9ePzaELH/?spm_id_from=333.1387.favlist.content.click&vd_source=bdf775a036c61c0159ac2f0c251aaeb7,4,BV1M9ePzaELH,「杨博文｜卡拉永远OK」突发舞台事故？我怎么没看见,Astra_杨博文,2025-08-19 22:15:30,807558,14255,4522,9554,6074,614,515,1
2026-07-04 12:22:47,https://www.bilibili.com/video/BV1pV9GB6E96/?spm_id_from=333.1387.favlist.content.click&vd_source=bdf775a036c61c0159ac2f0c251aaeb7,5,BV1pV9GB6E96,【4K精剪】Guilty | 杨博文直拍 | 250119,underthepoplar,2026-04-01 02:23:39,47020,8787,2917,5126,238,201,198,1
2026-07-04 12:22:47,https://www.bilibili.com/video/BV1vFwNeKER9/?spm_id_from=333.1387.favlist.content.click&vd_source=bdf775a036c61c0159ac2f0c251aaeb7,6,BV1vFwNeKER9,【杨博文】guilty 4k横屏直拍｜夺命34秒，谁都无法拒绝的Legend级别，建议调大音量食用更加,游园会_杨博文,2025-01-18 22:02:36,262460,16399,8019,14213,1082,850,3081,1
2026-07-04 12:22:47,https://www.bilibili.com/video/BV1MGYnzrE9E/?spm_id_from=333.1387.favlist.content.click&vd_source=bdf775a036c61c0159ac2f0c251aaeb7,7,BV1MGYnzrE9E,杨博文跳 《Centuries》帅到窒息！！竖屏4K直拍,Kismet丨杨博文,2025-08-18 02:15:37,263158,12033,6633,7797,559,950,3368,1
2026-07-04 12:22:47,https://www.bilibili.com/video/BV1DZvDBEEjv/?spm_id_from=333.1387.favlist.content.click&vd_source=bdf775a036c61c0159ac2f0c251aaeb7,8,BV1DZvDBEEjv,终于找到了治愈我每一天的秘方 当你一开嗓 哪怕是夕阳也格外绚烂 ｜【杨博文】黄昏晓4k横屏直拍,游园会_杨博文,2026-01-01 20:53:32,23873,4086,710,2665,35,44,178,1
2026-07-04 12:22:47,https://www.bilibili.com/video/BV1owvqBJEkn/?spm_id_from=333.1387.favlist.content.click&vd_source=bdf775a036c61c0159ac2f0c251aaeb7,9,BV1owvqBJEkn,【杨博文｜黄昏晓】 4K直拍,羊圈主,2025-12-28 00:28:04,17876,4356,1028,1650,70,88,256,1
2026-07-04 12:22:47,https://www.bilibili.com/video/BV1eqY6e1Eec/?spm_id_from=333.1387.favlist.content.click&vd_source=bdf775a036c61c0159ac2f0c251aaeb7,10,BV1eqY6e1Eec,【TF家族-杨博文】蔡依林男粉！？你的杨会扭儿上线｜《看我72变》4K直拍,LOST-杨博文,2024-08-13 05:57:43,99266,9988,1629,5625,428,102,321,1
2026-07-04 12:22:47,https://www.bilibili.com/video/BV1r9BeBZEMu/?spm_id_from=333.1387.favlist.content.click&vd_source=bdf775a036c61c0159ac2f0c251aaeb7,11,BV1r9BeBZEMu,【杨博文｜4K舞台直拍】《爱要坦荡荡》，四代主唱贝斯手玩转乐队，好青春洋溢,关键时刻来瓶尖叫,2025-12-27 00:55:22,35975,4766,739,3176,50,52,64,1
2026-07-04 12:22:47,https://www.bilibili.com/video/BV1Lb6tBBEYC/?spm_id_from=333.1387.favlist.content.click&vd_source=bdf775a036c61c0159ac2f0c251aaeb7,12,BV1Lb6tBBEYC,【4K精剪】闭嘴跳舞 | 杨博文直拍 | 260201,underthepoplar,2026-02-02 00:00:55,249470,20886,13015,15255,1876,1667,2762,10
2026-07-04 12:22:47,https://www.bilibili.com/video/BV1mJ64BREZY/?spm_id_from=333.1387.favlist.content.click&vd_source=bdf775a036c61c0159ac2f0c251aaeb7,13,BV1mJ64BREZY,【杨博文】闭嘴跳舞丨当主舞穿上西装就会得到,Kismet丨杨博文,2026-02-01 18:31:00,492280,31439,3498,22549,177,103,421,11
2026-07-04 12:22:47,https://www.bilibili.com/video/BV15M64BPEVo/?spm_id_from=333.1387.favlist.content.click&vd_source=bdf775a036c61c0159ac2f0c251aaeb7,14,BV15M64BPEVo,【杨博文】舞步是我最有力的武器 请调动所有感官和我一同所向披靡｜闭嘴跳舞4k横屏双机位直拍,游园会_杨博文,2026-02-01 20:09:30,50378,7669,1396,4900,54,38,157,1
2026-07-04 12:22:47,https://www.bilibili.com/video/BV1fWYqzTECD/?spm_id_from=333.1387.favlist.content.click&vd_source=bdf775a036c61c0159ac2f0c251aaeb7,15,BV1fWYqzTECD,绝美堕天使下凡了……｜杨博文｜deja vu 4K直拍,WIX99,2025-08-16 22:18:21,13525,2046,582,892,67,44,115,1
2026-07-04 12:22:47,https://www.bilibili.com/video/BV1Bem3B1EcH/?spm_id_from=333.1387.favlist.content.click&vd_source=bdf775a036c61c0159ac2f0c251aaeb7,16,BV1Bem3B1EcH,【杨博文｜4K舞台直拍】怎么黑衣的《Deja vu》也让人看的停不下来呢,关键时刻来瓶尖叫,2025-12-12 21:30:00,12253,1401,157,1248,19,7,1,1
2026-07-04 12:22:47,https://www.bilibili.com/video/BV11kZyByE81/?spm_id_from=333.1387.favlist.content.click&vd_source=bdf775a036c61c0159ac2f0c251aaeb7,17,BV11kZyByE81,【4K精剪】Deja Vu | 杨博文直拍 | 250816 & 250817,underthepoplar,2026-02-17 20:22:24,46732,7050,3102,3307,373,229,199,1
2026-07-04 12:22:47,https://www.bilibili.com/video/BV1J7Awz8EUZ/?spm_id_from=333.1387.favlist.content.click&vd_source=bdf775a036c61c0159ac2f0c251aaeb7,18,BV1J7Awz8EUZ,自测鸡蛋果,喜欢吃鸡蛋果,2026-03-21 16:17:31,972,0,0,1,1,0,0,1
2026-07-04 13:23:01,https://www.bilibili.com/video/BV1A5vkB2E1k/?spm_id_from=333.1387.favlist.content.click&vd_source=bdf775a036c61c0159ac2f0c251aaeb7,0,BV1A5vkB2E1k,【杨博文】Hey Mama六机位纯舞直拍丨15岁舞台统治者的诞生，四代主舞燃炸全场！,Kismet丨杨博文,2025-12-28 22:28:16,2480293,60465,42871,44020,12623,13446,20423,2
2026-07-04 13:23:01,https://www.bilibili.com/video/BV1XA6nBGEPV/?spm_id_from=333.1387.favlist.content.click&vd_source=bdf775a036c61c0159ac2f0c251aaeb7,1,BV1XA6nBGEPV,【4K精剪】希区考克 作品152 | 杨博文直拍 | 260131,underthepoplar,2026-02-01 00:23:17,1919720,22296,21418,19164,8683,3974,6794,1
2026-07-04 13:23:01,https://www.bilibili.com/video/BV15r61BWESJ/?spm_id_from=333.1387.favlist.content.click&vd_source=bdf775a036c61c0159ac2f0c251aaeb7,2,BV15r61BWESJ,【杨博文】希区考克作品152丨双机位直拍 悬疑与张力碰撞 表管拉满 少年锋芒,Kismet丨杨博文,2026-01-31 18:27:40,538666,18266,10839,15417,928,1082,1224,2
2026-07-04 13:23:01,https://www.bilibili.com/video/BV19y61BnEMM/?spm_id_from=333.1387.favlist.content.click&vd_source=bdf775a036c61c0159ac2f0c251aaeb7,3,BV19y61BnEMM,【杨博文】就这个踢腿爽之 连每一根头发丝都在劲舞｜希区考克 作品152 4k双机位横屏直拍,游园会_杨博文,2026-01-31 18:31:31,413703,14510,9568,12361,1172,1513,2288,3
2026-07-04 13:23:01,https://www.bilibili.com/video/BV1M9ePzaELH/?spm_id_from=333.1387.favlist.content.click&vd_source=bdf775a036c61c0159ac2f0c251aaeb7,4,BV1M9ePzaELH,「杨博文｜卡拉永远OK」突发舞台事故？我怎么没看见,Astra_杨博文,2025-08-19 22:15:30,807575,14255,4522,9554,6075,614,515,2
2026-07-04 13:23:01,https://www.bilibili.com/video/BV1pV9GB6E96/?spm_id_from=333.1387.favlist.content.click&vd_source=bdf775a036c61c0159ac2f0c251aaeb7,5,BV1pV9GB6E96,【4K精剪】Guilty | 杨博文直拍 | 250119,underthepoplar,2026-04-01 02:23:39,47057,8789,2917,5130,238,201,198,1
2026-07-04 13:23:01,https://www.bilibili.com/video/BV1vFwNeKER9/?spm_id_from=333.1387.favlist.content.click&vd_source=bdf775a036c61c0159ac2f0c251aaeb7,6,BV1vFwNeKER9,【杨博文】guilty 4k横屏直拍｜夺命34秒，谁都无法拒绝的Legend级别，建议调大音量食用更加,游园会_杨博文,2025-01-18 22:02:36,262468,16401,8019,14215,1082,850,3081,1
2026-07-04 13:23:01,https://www.bilibili.com/video/BV1MGYnzrE9E/?spm_id_from=333.1387.favlist.content.click&vd_source=bdf775a036c61c0159ac2f0c251aaeb7,7,BV1MGYnzrE9E,杨博文跳 《Centuries》帅到窒息！！竖屏4K直拍,Kismet丨杨博文,2025-08-18 02:15:37,263171,12033,6633,7797,559,950,3368,1
2026-07-04 13:23:01,https://www.bilibili.com/video/BV1DZvDBEEjv/?spm_id_from=333.1387.favlist.content.click&vd_source=bdf775a036c61c0159ac2f0c251aaeb7,8,BV1DZvDBEEjv,终于找到了治愈我每一天的秘方 当你一开嗓 哪怕是夕阳也格外绚烂 ｜【杨博文】黄昏晓4k横屏直拍,游园会_杨博文,2026-01-01 20:53:32,23880,4086,710,2665,35,44,178,1
2026-07-04 13:23:01,https://www.bilibili.com/video/BV1owvqBJEkn/?spm_id_from=333.1387.favlist.content.click&vd_source=bdf775a036c61c0159ac2f0c251aaeb7,9,BV1owvqBJEkn,【杨博文｜黄昏晓】 4K直拍,羊圈主,2025-12-28 00:28:04,17883,4357,1028,1650,70,88,256,1
2026-07-04 13:23:01,https://www.bilibili.com/video/BV1eqY6e1Eec/?spm_id_from=333.1387.favlist.content.click&vd_source=bdf775a036c61c0159ac2f0c251aaeb7,10,BV1eqY6e1Eec,【TF家族-杨博文】蔡依林男粉！？你的杨会扭儿上线｜《看我72变》4K直拍,LOST-杨博文,2024-08-13 05:57:43,99273,9989,1629,5625,428,102,321,1
2026-07-04 13:23:01,https://www.bilibili.com/video/BV1r9BeBZEMu/?spm_id_from=333.1387.favlist.content.click&vd_source=bdf775a036c61c0159ac2f0c251aaeb7,11,BV1r9BeBZEMu,【杨博文｜4K舞台直拍】《爱要坦荡荡》，四代主唱贝斯手玩转乐队，好青春洋溢,关键时刻来瓶尖叫,2025-12-27 00:55:22,35983,4766,739,3176,50,52,64,1
2026-07-04 13:23:01,https://www.bilibili.com/video/BV1Lb6tBBEYC/?spm_id_from=333.1387.favlist.content.click&vd_source=bdf775a036c61c0159ac2f0c251aaeb7,12,BV1Lb6tBBEYC,【4K精剪】闭嘴跳舞 | 杨博文直拍 | 260201,underthepoplar,2026-02-02 00:00:55,249990,20906,13015,15271,1876,1667,2763,15
2026-07-04 13:23:01,https://www.bilibili.com/video/BV1mJ64BREZY/?spm_id_from=333.1387.favlist.content.click&vd_source=bdf775a036c61c0159ac2f0c251aaeb7,13,BV1mJ64BREZY,【杨博文】闭嘴跳舞丨当主舞穿上西装就会得到,Kismet丨杨博文,2026-02-01 18:31:00,492656,31446,3498,22557,177,103,421,10
2026-07-04 13:23:01,https://www.bilibili.com/video/BV15M64BPEVo/?spm_id_from=333.1387.favlist.content.click&vd_source=bdf775a036c61c0159ac2f0c251aaeb7,14,BV15M64BPEVo,【杨博文】舞步是我最有力的武器 请调动所有感官和我一同所向披靡｜闭嘴跳舞4k横屏双机位直拍,游园会_杨博文,2026-02-01 20:09:30,50407,7673,1396,4902,54,38,157,1
2026-07-04 13:23:01,https://www.bilibili.com/video/BV1fWYqzTECD/?spm_id_from=333.1387.favlist.content.click&vd_source=bdf775a036c61c0159ac2f0c251aaeb7,15,BV1fWYqzTECD,绝美堕天使下凡了……｜杨博文｜deja vu 4K直拍,WIX99,2025-08-16 22:18:21,13532,2046,582,892,67,44,115,1
2026-07-04 13:23:01,https://www.bilibili.com/video/BV1Bem3B1EcH/?spm_id_from=333.1387.favlist.content.click&vd_source=bdf775a036c61c0159ac2f0c251aaeb7,16,BV1Bem3B1EcH,【杨博文｜4K舞台直拍】怎么黑衣的《Deja vu》也让人看的停不下来呢,关键时刻来瓶尖叫,2025-12-12 21:30:00,12262,1401,157,1248,19,7,1,1
2026-07-04 13:23:01,https://www.bilibili.com/video/BV11kZyByE81/?spm_id_from=333.1387.favlist.content.click&vd_source=bdf775a036c61c0159ac2f0c251aaeb7,17,BV11kZyByE81,【4K精剪】Deja Vu | 杨博文直拍 | 250816 & 250817,underthepoplar,2026-02-17 20:22:24,46764,7051,3102,3310,373,229,199,3
2026-07-04 13:23:01,https://www.bilibili.com/video/BV1J7Awz8EUZ/?spm_id_from=333.1387.favlist.content.click&vd_source=bdf775a036c61c0159ac2f0c251aaeb7,18,BV1J7Awz8EUZ,自测鸡蛋果,喜欢吃鸡蛋果,2026-03-21 16:17:31,977,0,0,1,1,0,0,1
2026-07-04 14:23:15,https://www.bilibili.com/video/BV1A5vkB2E1k/?spm_id_from=333.1387.favlist.content.click&vd_source=bdf775a036c61c0159ac2f0c251aaeb7,0,BV1A5vkB2E1k,【杨博文】Hey Mama六机位纯舞直拍丨15岁舞台统治者的诞生，四代主舞燃炸全场！,Kismet丨杨博文,2025-12-28 22:28:16,2480388,60466,42874,44022,12626,13446,20423,1
2026-07-04 14:23:15,https://www.bilibili.com/video/BV1XA6nBGEPV/?spm_id_from=333.1387.favlist.content.click&vd_source=bdf775a036c61c0159ac2f0c251aaeb7,1,BV1XA6nBGEPV,【4K精剪】希区考克 作品152 | 杨博文直拍 | 260131,underthepoplar,2026-02-01 00:23:17,1919740,22298,21418,19165,8685,3974,6794,1
2026-07-04 14:23:15,https://www.bilibili.com/video/BV15r61BWESJ/?spm_id_from=333.1387.favlist.content.click&vd_source=bdf775a036c61c0159ac2f0c251aaeb7,2,BV15r61BWESJ,【杨博文】希区考克作品152丨双机位直拍 悬疑与张力碰撞 表管拉满 少年锋芒,Kismet丨杨博文,2026-01-31 18:27:40,538724,18273,10839,15424,928,1082,1224,1
2026-07-04 14:23:15,https://www.bilibili.com/video/BV19y61BnEMM/?spm_id_from=333.1387.favlist.content.click&vd_source=bdf775a036c61c0159ac2f0c251aaeb7,3,BV19y61BnEMM,【杨博文】就这个踢腿爽之 连每一根头发丝都在劲舞｜希区考克 作品152 4k双机位横屏直拍,游园会_杨博文,2026-01-31 18:31:31,413772,14512,9569,12361,1172,1513,2288,4
2026-07-04 14:23:15,https://www.bilibili.com/video/BV1M9ePzaELH/?spm_id_from=333.1387.favlist.content.click&vd_source=bdf775a036c61c0159ac2f0c251aaeb7,4,BV1M9ePzaELH,「杨博文｜卡拉永远OK」突发舞台事故？我怎么没看见,Astra_杨博文,2025-08-19 22:15:30,807587,14256,4524,9554,6078,614,515,1
2026-07-04 14:23:15,https://www.bilibili.com/video/BV1pV9GB6E96/?spm_id_from=333.1387.favlist.content.click&vd_source=bdf775a036c61c0159ac2f0c251aaeb7,5,BV1pV9GB6E96,【4K精剪】Guilty | 杨博文直拍 | 250119,underthepoplar,2026-04-01 02:23:39,47096,8791,2917,5133,238,201,198,1
2026-07-04 14:23:15,https://www.bilibili.com/video/BV1vFwNeKER9/?spm_id_from=333.1387.favlist.content.click&vd_source=bdf775a036c61c0159ac2f0c251aaeb7,6,BV1vFwNeKER9,【杨博文】guilty 4k横屏直拍｜夺命34秒，谁都无法拒绝的Legend级别，建议调大音量食用更加,游园会_杨博文,2025-01-18 22:02:36,262479,16403,8020,14215,1082,850,3081,1
2026-07-04 14:23:15,https://www.bilibili.com/video/BV1MGYnzrE9E/?spm_id_from=333.1387.favlist.content.click&vd_source=bdf775a036c61c0159ac2f0c251aaeb7,7,BV1MGYnzrE9E,杨博文跳 《Centuries》帅到窒息！！竖屏4K直拍,Kismet丨杨博文,2025-08-18 02:15:37,263179,12033,6633,7797,560,950,3368,1
2026-07-04 14:23:15,https://www.bilibili.com/video/BV1DZvDBEEjv/?spm_id_from=333.1387.favlist.content.click&vd_source=bdf775a036c61c0159ac2f0c251aaeb7,8,BV1DZvDBEEjv,终于找到了治愈我每一天的秘方 当你一开嗓 哪怕是夕阳也格外绚烂 ｜【杨博文】黄昏晓4k横屏直拍,游园会_杨博文,2026-01-01 20:53:32,23887,4086,710,2665,35,44,178,1
2026-07-04 14:23:15,https://www.bilibili.com/video/BV1owvqBJEkn/?spm_id_from=333.1387.favlist.content.click&vd_source=bdf775a036c61c0159ac2f0c251aaeb7,9,BV1owvqBJEkn,【杨博文｜黄昏晓】 4K直拍,羊圈主,2025-12-28 00:28:04,17889,4357,1028,1650,70,88,256,1
2026-07-04 14:23:15,https://www.bilibili.com/video/BV1eqY6e1Eec/?spm_id_from=333.1387.favlist.content.click&vd_source=bdf775a036c61c0159ac2f0c251aaeb7,10,BV1eqY6e1Eec,【TF家族-杨博文】蔡依林男粉！？你的杨会扭儿上线｜《看我72变》4K直拍,LOST-杨博文,2024-08-13 05:57:43,99281,9988,1629,5625,428,102,321,1
2026-07-04 14:23:15,https://www.bilibili.com/video/BV1r9BeBZEMu/?spm_id_from=333.1387.favlist.content.click&vd_source=bdf775a036c61c0159ac2f0c251aaeb7,11,BV1r9BeBZEMu,【杨博文｜4K舞台直拍】《爱要坦荡荡》，四代主唱贝斯手玩转乐队，好青春洋溢,关键时刻来瓶尖叫,2025-12-27 00:55:22,35992,4766,739,3176,50,52,64,1
2026-07-04 14:23:15,https://www.bilibili.com/video/BV1Lb6tBBEYC/?spm_id_from=333.1387.favlist.content.click&vd_source=bdf775a036c61c0159ac2f0c251aaeb7,12,BV1Lb6tBBEYC,【4K精剪】闭嘴跳舞 | 杨博文直拍 | 260201,underthepoplar,2026-02-02 00:00:55,250513,20918,13015,15275,1876,1667,2763,10
2026-07-04 14:23:15,https://www.bilibili.com/video/BV1mJ64BREZY/?spm_id_from=333.1387.favlist.content.click&vd_source=bdf775a036c61c0159ac2f0c251aaeb7,13,BV1mJ64BREZY,【杨博文】闭嘴跳舞丨当主舞穿上西装就会得到,Kismet丨杨博文,2026-02-01 18:31:00,493017,31460,3500,22568,177,103,421,4
2026-07-04 14:23:15,https://www.bilibili.com/video/BV15M64BPEVo/?spm_id_from=333.1387.favlist.content.click&vd_source=bdf775a036c61c0159ac2f0c251aaeb7,14,BV15M64BPEVo,【杨博文】舞步是我最有力的武器 请调动所有感官和我一同所向披靡｜闭嘴跳舞4k横屏双机位直拍,游园会_杨博文,2026-02-01 20:09:30,50440,7674,1396,4902,54,38,157,1
2026-07-04 14:23:15,https://www.bilibili.com/video/BV1fWYqzTECD/?spm_id_from=333.1387.favlist.content.click&vd_source=bdf775a036c61c0159ac2f0c251aaeb7,15,BV1fWYqzTECD,绝美堕天使下凡了……｜杨博文｜deja vu 4K直拍,WIX99,2025-08-16 22:18:21,13538,2046,582,892,67,44,115,1
2026-07-04 14:23:15,https://www.bilibili.com/video/BV1Bem3B1EcH/?spm_id_from=333.1387.favlist.content.click&vd_source=bdf775a036c61c0159ac2f0c251aaeb7,16,BV1Bem3B1EcH,【杨博文｜4K舞台直拍】怎么黑衣的《Deja vu》也让人看的停不下来呢,关键时刻来瓶尖叫,2025-12-12 21:30:00,12269,1401,157,1248,19,7,1,1
2026-07-04 14:23:15,https://www.bilibili.com/video/BV11kZyByE81/?spm_id_from=333.1387.favlist.content.click&vd_source=bdf775a036c61c0159ac2f0c251aaeb7,17,BV11kZyByE81,【4K精剪】Deja Vu | 杨博文直拍 | 250816 & 250817,underthepoplar,2026-02-17 20:22:24,46792,7054,3102,3311,373,229,199,1
2026-07-04 14:23:15,https://www.bilibili.com/video/BV1J7Awz8EUZ/?spm_id_from=333.1387.favlist.content.click&vd_source=bdf775a036c61c0159ac2f0c251aaeb7,18,BV1J7Awz8EUZ,自测鸡蛋果,喜欢吃鸡蛋果,2026-03-21 16:17:31,981,0,0,1,1,0,0,1
2026-07-04 15:23:28,https://www.bilibili.com/video/BV1A5vkB2E1k/?spm_id_from=333.1387.favlist.content.click&vd_source=bdf775a036c61c0159ac2f0c251aaeb7,0,BV1A5vkB2E1k,【杨博文】Hey Mama六机位纯舞直拍丨15岁舞台统治者的诞生，四代主舞燃炸全场！,Kismet丨杨博文,2025-12-28 22:28:16,2480461,60470,42874,44023,12627,13446,20429,1
2026-07-04 15:23:28,https://www.bilibili.com/video/BV1XA6nBGEPV/?spm_id_from=333.1387.favlist.content.click&vd_source=bdf775a036c61c0159ac2f0c251aaeb7,1,BV1XA6nBGEPV,【4K精剪】希区考克 作品152 | 杨博文直拍 | 260131,underthepoplar,2026-02-01 00:23:17,1919757,22300,21420,19166,8687,3974,6794,1
2026-07-04 15:23:28,https://www.bilibili.com/video/BV15r61BWESJ/?spm_id_from=333.1387.favlist.content.click&vd_source=bdf775a036c61c0159ac2f0c251aaeb7,2,BV15r61BWESJ,【杨博文】希区考克作品152丨双机位直拍 悬疑与张力碰撞 表管拉满 少年锋芒,Kismet丨杨博文,2026-01-31 18:27:40,538752,18277,10841,15427,928,1082,1224,3
2026-07-04 15:23:28,https://www.bilibili.com/video/BV19y61BnEMM/?spm_id_from=333.1387.favlist.content.click&vd_source=bdf775a036c61c0159ac2f0c251aaeb7,3,BV19y61BnEMM,【杨博文】就这个踢腿爽之 连每一根头发丝都在劲舞｜希区考克 作品152 4k双机位横屏直拍,游园会_杨博文,2026-01-31 18:31:31,413836,14521,9569,12369,1172,1513,2288,3
2026-07-04 15:23:28,https://www.bilibili.com/video/BV1M9ePzaELH/?spm_id_from=333.1387.favlist.content.click&vd_source=bdf775a036c61c0159ac2f0c251aaeb7,4,BV1M9ePzaELH,「杨博文｜卡拉永远OK」突发舞台事故？我怎么没看见,Astra_杨博文,2025-08-19 22:15:30,807600,14257,4524,9554,6079,614,515,1
2026-07-04 15:23:28,https://www.bilibili.com/video/BV1pV9GB6E96/?spm_id_from=333.1387.favlist.content.click&vd_source=bdf775a036c61c0159ac2f0c251aaeb7,5,BV1pV9GB6E96,【4K精剪】Guilty | 杨博文直拍 | 250119,underthepoplar,2026-04-01 02:23:39,47117,8793,2917,5134,238,201,198,3
2026-07-04 15:23:28,https://www.bilibili.com/video/BV1vFwNeKER9/?spm_id_from=333.1387.favlist.content.click&vd_source=bdf775a036c61c0159ac2f0c251aaeb7,6,BV1vFwNeKER9,【杨博文】guilty 4k横屏直拍｜夺命34秒，谁都无法拒绝的Legend级别，建议调大音量食用更加,游园会_杨博文,2025-01-18 22:02:36,262489,16403,8020,14215,1082,850,3081,1
2026-07-04 15:23:28,https://www.bilibili.com/video/BV1MGYnzrE9E/?spm_id_from=333.1387.favlist.content.click&vd_source=bdf775a036c61c0159ac2f0c251aaeb7,7,BV1MGYnzrE9E,杨博文跳 《Centuries》帅到窒息！！竖屏4K直拍,Kismet丨杨博文,2025-08-18 02:15:37,263189,12033,6633,7797,560,950,3368,1
2026-07-04 15:23:28,https://www.bilibili.com/video/BV1DZvDBEEjv/?spm_id_from=333.1387.favlist.content.click&vd_source=bdf775a036c61c0159ac2f0c251aaeb7,8,BV1DZvDBEEjv,终于找到了治愈我每一天的秘方 当你一开嗓 哪怕是夕阳也格外绚烂 ｜【杨博文】黄昏晓4k横屏直拍,游园会_杨博文,2026-01-01 20:53:32,23892,4086,710,2665,35,44,178,1
2026-07-04 15:23:28,https://www.bilibili.com/video/BV1owvqBJEkn/?spm_id_from=333.1387.favlist.content.click&vd_source=bdf775a036c61c0159ac2f0c251aaeb7,9,BV1owvqBJEkn,【杨博文｜黄昏晓】 4K直拍,羊圈主,2025-12-28 00:28:04,17894,4357,1028,1650,70,88,256,1
2026-07-04 15:23:28,https://www.bilibili.com/video/BV1eqY6e1Eec/?spm_id_from=333.1387.favlist.content.click&vd_source=bdf775a036c61c0159ac2f0c251aaeb7,10,BV1eqY6e1Eec,【TF家族-杨博文】蔡依林男粉！？你的杨会扭儿上线｜《看我72变》4K直拍,LOST-杨博文,2024-08-13 05:57:43,99291,9989,1629,5625,428,102,321,1
2026-07-04 15:23:28,https://www.bilibili.com/video/BV1r9BeBZEMu/?spm_id_from=333.1387.favlist.content.click&vd_source=bdf775a036c61c0159ac2f0c251aaeb7,11,BV1r9BeBZEMu,【杨博文｜4K舞台直拍】《爱要坦荡荡》，四代主唱贝斯手玩转乐队，好青春洋溢,关键时刻来瓶尖叫,2025-12-27 00:55:22,36000,4766,739,3176,50,52,64,1
2026-07-04 15:23:28,https://www.bilibili.com/video/BV1Lb6tBBEYC/?spm_id_from=333.1387.favlist.content.click&vd_source=bdf775a036c61c0159ac2f0c251aaeb7,12,BV1Lb6tBBEYC,【4K精剪】闭嘴跳舞 | 杨博文直拍 | 260201,underthepoplar,2026-02-02 00:00:55,250919,20941,13015,15291,1876,1667,2763,14
2026-07-04 15:23:28,https://www.bilibili.com/video/BV1mJ64BREZY/?spm_id_from=333.1387.favlist.content.click&vd_source=bdf775a036c61c0159ac2f0c251aaeb7,13,BV1mJ64BREZY,【杨博文】闭嘴跳舞丨当主舞穿上西装就会得到,Kismet丨杨博文,2026-02-01 18:31:00,493267,31463,3500,22569,177,103,421,11
2026-07-04 15:23:28,https://www.bilibili.com/video/BV15M64BPEVo/?spm_id_from=333.1387.favlist.content.click&vd_source=bdf775a036c61c0159ac2f0c251aaeb7,14,BV15M64BPEVo,【杨博文】舞步是我最有力的武器 请调动所有感官和我一同所向披靡｜闭嘴跳舞4k横屏双机位直拍,游园会_杨博文,2026-02-01 20:09:30,50467,7677,1396,4906,54,38,157,1
2026-07-04 15:23:28,https://www.bilibili.com/video/BV1fWYqzTECD/?spm_id_from=333.1387.favlist.content.click&vd_source=bdf775a036c61c0159ac2f0c251aaeb7,15,BV1fWYqzTECD,绝美堕天使下凡了……｜杨博文｜deja vu 4K直拍,WIX99,2025-08-16 22:18:21,13544,2046,582,892,67,44,115,1
2026-07-04 15:23:28,https://www.bilibili.com/video/BV1Bem3B1EcH/?spm_id_from=333.1387.favlist.content.click&vd_source=bdf775a036c61c0159ac2f0c251aaeb7,16,BV1Bem3B1EcH,【杨博文｜4K舞台直拍】怎么黑衣的《Deja vu》也让人看的停不下来呢,关键时刻来瓶尖叫,2025-12-12 21:30:00,12274,1401,157,1248,19,7,1,1
2026-07-04 15:23:28,https://www.bilibili.com/video/BV11kZyByE81/?spm_id_from=333.1387.favlist.content.click&vd_source=bdf775a036c61c0159ac2f0c251aaeb7,17,BV11kZyByE81,【4K精剪】Deja Vu | 杨博文直拍 | 250816 & 250817,underthepoplar,2026-02-17 20:22:24,46809,7057,3102,3313,373,229,199,2
2026-07-04 15:23:28,https://www.bilibili.com/video/BV1J7Awz8EUZ/?spm_id_from=333.1387.favlist.content.click&vd_source=bdf775a036c61c0159ac2f0c251aaeb7,18,BV1J7Awz8EUZ,自测鸡蛋果,喜欢吃鸡蛋果,2026-03-21 16:17:31,986,0,0,1,1,0,0,1
2026-07-04 16:23:42,https://www.bilibili.com/video/BV1A5vkB2E1k/?spm_id_from=333.1387.favlist.content.click&vd_source=bdf775a036c61c0159ac2f0c251aaeb7,0,BV1A5vkB2E1k,【杨博文】Hey Mama六机位纯舞直拍丨15岁舞台统治者的诞生，四代主舞燃炸全场！,Kismet丨杨博文,2025-12-28 22:28:16,2480548,60471,42874,44025,12629,13446,20430,1
2026-07-04 16:23:42,https://www.bilibili.com/video/BV1XA6nBGEPV/?spm_id_from=333.1387.favlist.content.click&vd_source=bdf775a036c61c0159ac2f0c251aaeb7,1,BV1XA6nBGEPV,【4K精剪】希区考克 作品152 | 杨博文直拍 | 260131,underthepoplar,2026-02-01 00:23:17,1919769,22300,21420,19166,8689,3974,6794,1
2026-07-04 16:23:42,https://www.bilibili.com/video/BV15r61BWESJ/?spm_id_from=333.1387.favlist.content.click&vd_source=bdf775a036c61c0159ac2f0c251aaeb7,2,BV15r61BWESJ,【杨博文】希区考克作品152丨双机位直拍 悬疑与张力碰撞 表管拉满 少年锋芒,Kismet丨杨博文,2026-01-31 18:27:40,538788,18280,10841,15430,928,1082,1224,1
2026-07-04 16:23:42,https://www.bilibili.com/video/BV19y61BnEMM/?spm_id_from=333.1387.favlist.content.click&vd_source=bdf775a036c61c0159ac2f0c251aaeb7,3,BV19y61BnEMM,【杨博文】就这个踢腿爽之 连每一根头发丝都在劲舞｜希区考克 作品152 4k双机位横屏直拍,游园会_杨博文,2026-01-31 18:31:31,413911,14531,9569,12376,1172,1513,2288,2
2026-07-04 16:23:42,https://www.bilibili.com/video/BV1M9ePzaELH/?spm_id_from=333.1387.favlist.content.click&vd_source=bdf775a036c61c0159ac2f0c251aaeb7,4,BV1M9ePzaELH,「杨博文｜卡拉永远OK」突发舞台事故？我怎么没看见,Astra_杨博文,2025-08-19 22:15:30,807612,14257,4524,9554,6082,614,515,1
2026-07-04 16:23:42,https://www.bilibili.com/video/BV1pV9GB6E96/?spm_id_from=333.1387.favlist.content.click&vd_source=bdf775a036c61c0159ac2f0c251aaeb7,5,BV1pV9GB6E96,【4K精剪】Guilty | 杨博文直拍 | 250119,underthepoplar,2026-04-01 02:23:39,47141,8793,2917,5134,238,201,198,3
2026-07-04 16:23:42,https://www.bilibili.com/video/BV1vFwNeKER9/?spm_id_from=333.1387.favlist.content.click&vd_source=bdf775a036c61c0159ac2f0c251aaeb7,6,BV1vFwNeKER9,【杨博文】guilty 4k横屏直拍｜夺命34秒，谁都无法拒绝的Legend级别，建议调大音量食用更加,游园会_杨博文,2025-01-18 22:02:36,262504,16404,8020,14215,1082,850,3081,1
2026-07-04 16:23:42,https://www.bilibili.com/video/BV1MGYnzrE9E/?spm_id_from=333.1387.favlist.content.click&vd_source=bdf775a036c61c0159ac2f0c251aaeb7,7,BV1MGYnzrE9E,杨博文跳 《Centuries》帅到窒息！！竖屏4K直拍,Kismet丨杨博文,2025-08-18 02:15:37,263205,12033,6633,7797,561,950,3368,1
2026-07-04 16:23:42,https://www.bilibili.com/video/BV1DZvDBEEjv/?spm_id_from=333.1387.favlist.content.click&vd_source=bdf775a036c61c0159ac2f0c251aaeb7,8,BV1DZvDBEEjv,终于找到了治愈我每一天的秘方 当你一开嗓 哪怕是夕阳也格外绚烂 ｜【杨博文】黄昏晓4k横屏直拍,游园会_杨博文,2026-01-01 20:53:32,23897,4086,710,2665,35,44,178,1
2026-07-04 16:23:42,https://www.bilibili.com/video/BV1owvqBJEkn/?spm_id_from=333.1387.favlist.content.click&vd_source=bdf775a036c61c0159ac2f0c251aaeb7,9,BV1owvqBJEkn,【杨博文｜黄昏晓】 4K直拍,羊圈主,2025-12-28 00:28:04,17899,4357,1028,1650,70,88,256,1
2026-07-04 16:23:42,https://www.bilibili.com/video/BV1eqY6e1Eec/?spm_id_from=333.1387.favlist.content.click&vd_source=bdf775a036c61c0159ac2f0c251aaeb7,10,BV1eqY6e1Eec,【TF家族-杨博文】蔡依林男粉！？你的杨会扭儿上线｜《看我72变》4K直拍,LOST-杨博文,2024-08-13 05:57:43,99298,9990,1629,5625,428,102,321,1
2026-07-04 16:23:42,https://www.bilibili.com/video/BV1r9BeBZEMu/?spm_id_from=333.1387.favlist.content.click&vd_source=bdf775a036c61c0159ac2f0c251aaeb7,11,BV1r9BeBZEMu,【杨博文｜4K舞台直拍】《爱要坦荡荡》，四代主唱贝斯手玩转乐队，好青春洋溢,关键时刻来瓶尖叫,2025-12-27 00:55:22,36007,4766,739,3175,50,52,64,1
2026-07-04 16:23:42,https://www.bilibili.com/video/BV1Lb6tBBEYC/?spm_id_from=333.1387.favlist.content.click&vd_source=bdf775a036c61c0159ac2f0c251aaeb7,12,BV1Lb6tBBEYC,【4K精剪】闭嘴跳舞 | 杨博文直拍 | 260201,underthepoplar,2026-02-02 00:00:55,251243,20953,13015,15303,1876,1667,2764,5
2026-07-04 16:23:42,https://www.bilibili.com/video/BV1mJ64BREZY/?spm_id_from=333.1387.favlist.content.click&vd_source=bdf775a036c61c0159ac2f0c251aaeb7,13,BV1mJ64BREZY,【杨博文】闭嘴跳舞丨当主舞穿上西装就会得到,Kismet丨杨博文,2026-02-01 18:31:00,493582,31470,3500,22575,177,103,421,4
2026-07-04 16:23:42,https://www.bilibili.com/video/BV15M64BPEVo/?spm_id_from=333.1387.favlist.content.click&vd_source=bdf775a036c61c0159ac2f0c251aaeb7,14,BV15M64BPEVo,【杨博文】舞步是我最有力的武器 请调动所有感官和我一同所向披靡｜闭嘴跳舞4k横屏双机位直拍,游园会_杨博文,2026-02-01 20:09:30,50500,7678,1396,4907,54,38,157,2
2026-07-04 16:23:42,https://www.bilibili.com/video/BV1fWYqzTECD/?spm_id_from=333.1387.favlist.content.click&vd_source=bdf775a036c61c0159ac2f0c251aaeb7,15,BV1fWYqzTECD,绝美堕天使下凡了……｜杨博文｜deja vu 4K直拍,WIX99,2025-08-16 22:18:21,13550,2046,582,892,67,44,115,1
2026-07-04 16:23:42,https://www.bilibili.com/video/BV1Bem3B1EcH/?spm_id_from=333.1387.favlist.content.click&vd_source=bdf775a036c61c0159ac2f0c251aaeb7,16,BV1Bem3B1EcH,【杨博文｜4K舞台直拍】怎么黑衣的《Deja vu》也让人看的停不下来呢,关键时刻来瓶尖叫,2025-12-12 21:30:00,12279,1401,157,1248,19,7,1,1
2026-07-04 16:23:42,https://www.bilibili.com/video/BV11kZyByE81/?spm_id_from=333.1387.favlist.content.click&vd_source=bdf775a036c61c0159ac2f0c251aaeb7,17,BV11kZyByE81,【4K精剪】Deja Vu | 杨博文直拍 | 250816 & 250817,underthepoplar,2026-02-17 20:22:24,46827,7060,3102,3313,373,229,199,3
2026-07-04 16:23:42,https://www.bilibili.com/video/BV1J7Awz8EUZ/?spm_id_from=333.1387.favlist.content.click&vd_source=bdf775a036c61c0159ac2f0c251aaeb7,18,BV1J7Awz8EUZ,自测鸡蛋果,喜欢吃鸡蛋果,2026-03-21 16:17:31,989,0,0,1,1,0,0,1
2026-07-04 17:23:56,https://www.bilibili.com/video/BV1A5vkB2E1k/?spm_id_from=333.1387.favlist.content.click&vd_source=bdf775a036c61c0159ac2f0c251aaeb7,0,BV1A5vkB2E1k,【杨博文】Hey Mama六机位纯舞直拍丨15岁舞台统治者的诞生，四代主舞燃炸全场！,Kismet丨杨博文,2025-12-28 22:28:16,2480627,60473,42874,44024,12631,13446,20431,2
2026-07-04 17:23:56,https://www.bilibili.com/video/BV1XA6nBGEPV/?spm_id_from=333.1387.favlist.content.click&vd_source=bdf775a036c61c0159ac2f0c251aaeb7,1,BV1XA6nBGEPV,【4K精剪】希区考克 作品152 | 杨博文直拍 | 260131,underthepoplar,2026-02-01 00:23:17,1919792,22301,21422,19168,8692,3974,6794,1
2026-07-04 17:23:56,https://www.bilibili.com/video/BV15r61BWESJ/?spm_id_from=333.1387.favlist.content.click&vd_source=bdf775a036c61c0159ac2f0c251aaeb7,2,BV15r61BWESJ,【杨博文】希区考克作品152丨双机位直拍 悬疑与张力碰撞 表管拉满 少年锋芒,Kismet丨杨博文,2026-01-31 18:27:40,538813,18284,10843,15433,928,1082,1224,1
2026-07-04 17:23:56,https://www.bilibili.com/video/BV19y61BnEMM/?spm_id_from=333.1387.favlist.content.click&vd_source=bdf775a036c61c0159ac2f0c251aaeb7,3,BV19y61BnEMM,【杨博文】就这个踢腿爽之 连每一根头发丝都在劲舞｜希区考克 作品152 4k双机位横屏直拍,游园会_杨博文,2026-01-31 18:31:31,413950,14533,9569,12377,1172,1513,2288,3
2026-07-04 17:23:56,https://www.bilibili.com/video/BV1M9ePzaELH/?spm_id_from=333.1387.favlist.content.click&vd_source=bdf775a036c61c0159ac2f0c251aaeb7,4,BV1M9ePzaELH,「杨博文｜卡拉永远OK」突发舞台事故？我怎么没看见,Astra_杨博文,2025-08-19 22:15:30,807619,14257,4524,9554,6083,614,515,1
2026-07-04 17:23:56,https://www.bilibili.com/video/BV1pV9GB6E96/?spm_id_from=333.1387.favlist.content.click&vd_source=bdf775a036c61c0159ac2f0c251aaeb7,5,BV1pV9GB6E96,【4K精剪】Guilty | 杨博文直拍 | 250119,underthepoplar,2026-04-01 02:23:39,47167,8796,2917,5137,238,201,198,1
2026-07-04 17:23:56,https://www.bilibili.com/video/BV1vFwNeKER9/?spm_id_from=333.1387.favlist.content.click&vd_source=bdf775a036c61c0159ac2f0c251aaeb7,6,BV1vFwNeKER9,【杨博文】guilty 4k横屏直拍｜夺命34秒，谁都无法拒绝的Legend级别，建议调大音量食用更加,游园会_杨博文,2025-01-18 22:02:36,262514,16404,8020,14217,1082,850,3081,1
2026-07-04 17:23:56,https://www.bilibili.com/video/BV1MGYnzrE9E/?spm_id_from=333.1387.favlist.content.click&vd_source=bdf775a036c61c0159ac2f0c251aaeb7,7,BV1MGYnzrE9E,杨博文跳 《Centuries》帅到窒息！！竖屏4K直拍,Kismet丨杨博文,2025-08-18 02:15:37,263214,12034,6633,7798,561,950,3368,1
2026-07-04 17:23:56,https://www.bilibili.com/video/BV1DZvDBEEjv/?spm_id_from=333.1387.favlist.content.click&vd_source=bdf775a036c61c0159ac2f0c251aaeb7,8,BV1DZvDBEEjv,终于找到了治愈我每一天的秘方 当你一开嗓 哪怕是夕阳也格外绚烂 ｜【杨博文】黄昏晓4k横屏直拍,游园会_杨博文,2026-01-01 20:53:32,23900,4086,710,2665,35,44,178,1
2026-07-04 17:23:56,https://www.bilibili.com/video/BV1owvqBJEkn/?spm_id_from=333.1387.favlist.content.click&vd_source=bdf775a036c61c0159ac2f0c251aaeb7,9,BV1owvqBJEkn,【杨博文｜黄昏晓】 4K直拍,羊圈主,2025-12-28 00:28:04,17902,4357,1028,1650,70,88,256,1
2026-07-04 17:23:56,https://www.bilibili.com/video/BV1eqY6e1Eec/?spm_id_from=333.1387.favlist.content.click&vd_source=bdf775a036c61c0159ac2f0c251aaeb7,10,BV1eqY6e1Eec,【TF家族-杨博文】蔡依林男粉！？你的杨会扭儿上线｜《看我72变》4K直拍,LOST-杨博文,2024-08-13 05:57:43,99306,9989,1629,5625,428,102,321,1
2026-07-04 17:23:56,https://www.bilibili.com/video/BV1r9BeBZEMu/?spm_id_from=333.1387.favlist.content.click&vd_source=bdf775a036c61c0159ac2f0c251aaeb7,11,BV1r9BeBZEMu,【杨博文｜4K舞台直拍】《爱要坦荡荡》，四代主唱贝斯手玩转乐队，好青春洋溢,关键时刻来瓶尖叫,2025-12-27 00:55:22,36012,4766,739,3175,50,52,64,1
2026-07-04 17:23:56,https://www.bilibili.com/video/BV1Lb6tBBEYC/?spm_id_from=333.1387.favlist.content.click&vd_source=bdf775a036c61c0159ac2f0c251aaeb7,12,BV1Lb6tBBEYC,【4K精剪】闭嘴跳舞 | 杨博文直拍 | 260201,underthepoplar,2026-02-02 00:00:55,251499,20967,13015,15315,1876,1667,2764,4
2026-07-04 17:23:56,https://www.bilibili.com/video/BV1mJ64BREZY/?spm_id_from=333.1387.favlist.content.click&vd_source=bdf775a036c61c0159ac2f0c251aaeb7,13,BV1mJ64BREZY,【杨博文】闭嘴跳舞丨当主舞穿上西装就会得到,Kismet丨杨博文,2026-02-01 18:31:00,493796,31479,3500,22586,177,103,421,3
2026-07-04 17:23:56,https://www.bilibili.com/video/BV15M64BPEVo/?spm_id_from=333.1387.favlist.content.click&vd_source=bdf775a036c61c0159ac2f0c251aaeb7,14,BV15M64BPEVo,【杨博文】舞步是我最有力的武器 请调动所有感官和我一同所向披靡｜闭嘴跳舞4k横屏双机位直拍,游园会_杨博文,2026-02-01 20:09:30,50525,7680,1396,4906,54,38,157,1
2026-07-04 17:23:56,https://www.bilibili.com/video/BV1fWYqzTECD/?spm_id_from=333.1387.favlist.content.click&vd_source=bdf775a036c61c0159ac2f0c251aaeb7,15,BV1fWYqzTECD,绝美堕天使下凡了……｜杨博文｜deja vu 4K直拍,WIX99,2025-08-16 22:18:21,13552,2047,582,893,67,44,115,1
2026-07-04 17:23:56,https://www.bilibili.com/video/BV1Bem3B1EcH/?spm_id_from=333.1387.favlist.content.click&vd_source=bdf775a036c61c0159ac2f0c251aaeb7,16,BV1Bem3B1EcH,【杨博文｜4K舞台直拍】怎么黑衣的《Deja vu》也让人看的停不下来呢,关键时刻来瓶尖叫,2025-12-12 21:30:00,12284,1401,157,1248,19,7,1,1
2026-07-04 17:23:56,https://www.bilibili.com/video/BV11kZyByE81/?spm_id_from=333.1387.favlist.content.click&vd_source=bdf775a036c61c0159ac2f0c251aaeb7,17,BV11kZyByE81,【4K精剪】Deja Vu | 杨博文直拍 | 250816 & 250817,underthepoplar,2026-02-17 20:22:24,46846,7061,3102,3315,373,229,199,1
2026-07-04 17:23:56,https://www.bilibili.com/video/BV1J7Awz8EUZ/?spm_id_from=333.1387.favlist.content.click&vd_source=bdf775a036c61c0159ac2f0c251aaeb7,18,BV1J7Awz8EUZ,自测鸡蛋果,喜欢吃鸡蛋果,2026-03-21 16:17:31,992,0,0,1,1,0,0,1
2026-07-04 18:24:09,https://www.bilibili.com/video/BV1A5vkB2E1k/?spm_id_from=333.1387.favlist.content.click&vd_source=bdf775a036c61c0159ac2f0c251aaeb7,0,BV1A5vkB2E1k,【杨博文】Hey Mama六机位纯舞直拍丨15岁舞台统治者的诞生，四代主舞燃炸全场！,Kismet丨杨博文,2025-12-28 22:28:16,2480712,60476,42875,44026,12634,13446,20431,1
2026-07-04 18:24:09,https://www.bilibili.com/video/BV1XA6nBGEPV/?spm_id_from=333.1387.favlist.content.click&vd_source=bdf775a036c61c0159ac2f0c251aaeb7,1,BV1XA6nBGEPV,【4K精剪】希区考克 作品152 | 杨博文直拍 | 260131,underthepoplar,2026-02-01 00:23:17,1919815,22301,21422,19168,8693,3974,6794,1
2026-07-04 18:24:09,https://www.bilibili.com/video/BV15r61BWESJ/?spm_id_from=333.1387.favlist.content.click&vd_source=bdf775a036c61c0159ac2f0c251aaeb7,2,BV15r61BWESJ,【杨博文】希区考克作品152丨双机位直拍 悬疑与张力碰撞 表管拉满 少年锋芒,Kismet丨杨博文,2026-01-31 18:27:40,538867,18286,10843,15436,928,1082,1224,2
2026-07-04 18:24:09,https://www.bilibili.com/video/BV19y61BnEMM/?spm_id_from=333.1387.favlist.content.click&vd_source=bdf775a036c61c0159ac2f0c251aaeb7,3,BV19y61BnEMM,【杨博文】就这个踢腿爽之 连每一根头发丝都在劲舞｜希区考克 作品152 4k双机位横屏直拍,游园会_杨博文,2026-01-31 18:31:31,414000,14540,9569,12380,1172,1513,2288,2
2026-07-04 18:24:09,https://www.bilibili.com/video/BV1M9ePzaELH/?spm_id_from=333.1387.favlist.content.click&vd_source=bdf775a036c61c0159ac2f0c251aaeb7,4,BV1M9ePzaELH,「杨博文｜卡拉永远OK」突发舞台事故？我怎么没看见,Astra_杨博文,2025-08-19 22:15:30,807631,14257,4524,9554,6085,614,515,1
2026-07-04 18:24:09,https://www.bilibili.com/video/BV1pV9GB6E96/?spm_id_from=333.1387.favlist.content.click&vd_source=bdf775a036c61c0159ac2f0c251aaeb7,5,BV1pV9GB6E96,【4K精剪】Guilty | 杨博文直拍 | 250119,underthepoplar,2026-04-01 02:23:39,47199,8799,2917,5139,238,201,198,1
2026-07-04 18:24:09,https://www.bilibili.com/video/BV1vFwNeKER9/?spm_id_from=333.1387.favlist.content.click&vd_source=bdf775a036c61c0159ac2f0c251aaeb7,6,BV1vFwNeKER9,【杨博文】guilty 4k横屏直拍｜夺命34秒，谁都无法拒绝的Legend级别，建议调大音量食用更加,游园会_杨博文,2025-01-18 22:02:36,262526,16407,8021,14220,1082,850,3081,2
2026-07-04 18:24:09,https://www.bilibili.com/video/BV1MGYnzrE9E/?spm_id_from=333.1387.favlist.content.click&vd_source=bdf775a036c61c0159ac2f0c251aaeb7,7,BV1MGYnzrE9E,杨博文跳 《Centuries》帅到窒息！！竖屏4K直拍,Kismet丨杨博文,2025-08-18 02:15:37,263221,12034,6633,7799,561,950,3368,1
2026-07-04 18:24:09,https://www.bilibili.com/video/BV1DZvDBEEjv/?spm_id_from=333.1387.favlist.content.click&vd_source=bdf775a036c61c0159ac2f0c251aaeb7,8,BV1DZvDBEEjv,终于找到了治愈我每一天的秘方 当你一开嗓 哪怕是夕阳也格外绚烂 ｜【杨博文】黄昏晓4k横屏直拍,游园会_杨博文,2026-01-01 20:53:32,23900,4086,710,2665,35,44,178,1
2026-07-04 18:24:09,https://www.bilibili.com/video/BV1owvqBJEkn/?spm_id_from=333.1387.favlist.content.click&vd_source=bdf775a036c61c0159ac2f0c251aaeb7,9,BV1owvqBJEkn,【杨博文｜黄昏晓】 4K直拍,羊圈主,2025-12-28 00:28:04,17902,4357,1028,1650,70,88,256,1
2026-07-04 18:24:09,https://www.bilibili.com/video/BV1eqY6e1Eec/?spm_id_from=333.1387.favlist.content.click&vd_source=bdf775a036c61c0159ac2f0c251aaeb7,10,BV1eqY6e1Eec,【TF家族-杨博文】蔡依林男粉！？你的杨会扭儿上线｜《看我72变》4K直拍,LOST-杨博文,2024-08-13 05:57:43,99308,9989,1629,5626,428,102,321,1
2026-07-04 18:24:09,https://www.bilibili.com/video/BV1r9BeBZEMu/?spm_id_from=333.1387.favlist.content.click&vd_source=bdf775a036c61c0159ac2f0c251aaeb7,11,BV1r9BeBZEMu,【杨博文｜4K舞台直拍】《爱要坦荡荡》，四代主唱贝斯手玩转乐队，好青春洋溢,关键时刻来瓶尖叫,2025-12-27 00:55:22,36014,4766,739,3175,50,52,64,1
2026-07-04 18:24:09,https://www.bilibili.com/video/BV1Lb6tBBEYC/?spm_id_from=333.1387.favlist.content.click&vd_source=bdf775a036c61c0159ac2f0c251aaeb7,12,BV1Lb6tBBEYC,【4K精剪】闭嘴跳舞 | 杨博文直拍 | 260201,underthepoplar,2026-02-02 00:00:55,251804,20974,13016,15323,1876,1667,2764,14
2026-07-04 18:24:09,https://www.bilibili.com/video/BV1mJ64BREZY/?spm_id_from=333.1387.favlist.content.click&vd_source=bdf775a036c61c0159ac2f0c251aaeb7,13,BV1mJ64BREZY,【杨博文】闭嘴跳舞丨当主舞穿上西装就会得到,Kismet丨杨博文,2026-02-01 18:31:00,494071,31496,3507,22602,177,103,422,4
2026-07-04 18:24:09,https://www.bilibili.com/video/BV15M64BPEVo/?spm_id_from=333.1387.favlist.content.click&vd_source=bdf775a036c61c0159ac2f0c251aaeb7,14,BV15M64BPEVo,【杨博文】舞步是我最有力的武器 请调动所有感官和我一同所向披靡｜闭嘴跳舞4k横屏双机位直拍,游园会_杨博文,2026-02-01 20:09:30,50539,7683,1396,4906,54,38,157,1
2026-07-04 18:24:09,https://www.bilibili.com/video/BV1fWYqzTECD/?spm_id_from=333.1387.favlist.content.click&vd_source=bdf775a036c61c0159ac2f0c251aaeb7,15,BV1fWYqzTECD,绝美堕天使下凡了……｜杨博文｜deja vu 4K直拍,WIX99,2025-08-16 22:18:21,13554,2047,582,893,67,44,115,1
2026-07-04 18:24:09,https://www.bilibili.com/video/BV1Bem3B1EcH/?spm_id_from=333.1387.favlist.content.click&vd_source=bdf775a036c61c0159ac2f0c251aaeb7,16,BV1Bem3B1EcH,【杨博文｜4K舞台直拍】怎么黑衣的《Deja vu》也让人看的停不下来呢,关键时刻来瓶尖叫,2025-12-12 21:30:00,12285,1401,157,1248,19,7,1,1
2026-07-04 18:24:09,https://www.bilibili.com/video/BV11kZyByE81/?spm_id_from=333.1387.favlist.content.click&vd_source=bdf775a036c61c0159ac2f0c251aaeb7,17,BV11kZyByE81,【4K精剪】Deja Vu | 杨博文直拍 | 250816 & 250817,underthepoplar,2026-02-17 20:22:24,46871,7064,3102,3316,373,229,199,2
2026-07-04 18:24:09,https://www.bilibili.com/video/BV1J7Awz8EUZ/?spm_id_from=333.1387.favlist.content.click&vd_source=bdf775a036c61c0159ac2f0c251aaeb7,18,BV1J7Awz8EUZ,自测鸡蛋果,喜欢吃鸡蛋果,2026-03-21 16:17:31,992,0,0,1,1,0,0,1
2026-07-04 19:24:23,https://www.bilibili.com/video/BV1A5vkB2E1k/?spm_id_from=333.1387.favlist.content.click&vd_source=bdf775a036c61c0159ac2f0c251aaeb7,0,BV1A5vkB2E1k,【杨博文】Hey Mama六机位纯舞直拍丨15岁舞台统治者的诞生，四代主舞燃炸全场！,Kismet丨杨博文,2025-12-28 22:28:16,2480788,60477,42877,44027,12638,13446,20431,1
2026-07-04 19:24:23,https://www.bilibili.com/video/BV1XA6nBGEPV/?spm_id_from=333.1387.favlist.content.click&vd_source=bdf775a036c61c0159ac2f0c251aaeb7,1,BV1XA6nBGEPV,【4K精剪】希区考克 作品152 | 杨博文直拍 | 260131,underthepoplar,2026-02-01 00:23:17,1919831,22302,21422,19168,8696,3974,6794,1
2026-07-04 19:24:23,https://www.bilibili.com/video/BV15r61BWESJ/?spm_id_from=333.1387.favlist.content.click&vd_source=bdf775a036c61c0159ac2f0c251aaeb7,2,BV15r61BWESJ,【杨博文】希区考克作品152丨双机位直拍 悬疑与张力碰撞 表管拉满 少年锋芒,Kismet丨杨博文,2026-01-31 18:27:40,538911,18294,10843,15445,928,1082,1224,1
2026-07-04 19:24:23,https://www.bilibili.com/video/BV19y61BnEMM/?spm_id_from=333.1387.favlist.content.click&vd_source=bdf775a036c61c0159ac2f0c251aaeb7,3,BV19y61BnEMM,【杨博文】就这个踢腿爽之 连每一根头发丝都在劲舞｜希区考克 作品152 4k双机位横屏直拍,游园会_杨博文,2026-01-31 18:31:31,414072,14544,9569,12381,1172,1513,2288,1
2026-07-04 19:24:23,https://www.bilibili.com/video/BV1M9ePzaELH/?spm_id_from=333.1387.favlist.content.click&vd_source=bdf775a036c61c0159ac2f0c251aaeb7,4,BV1M9ePzaELH,「杨博文｜卡拉永远OK」突发舞台事故？我怎么没看见,Astra_杨博文,2025-08-19 22:15:30,807645,14257,4524,9554,6087,614,515,1
2026-07-04 19:24:23,https://www.bilibili.com/video/BV1pV9GB6E96/?spm_id_from=333.1387.favlist.content.click&vd_source=bdf775a036c61c0159ac2f0c251aaeb7,5,BV1pV9GB6E96,【4K精剪】Guilty | 杨博文直拍 | 250119,underthepoplar,2026-04-01 02:23:39,47225,8800,2917,5140,238,201,198,1
2026-07-04 19:24:23,https://www.bilibili.com/video/BV1vFwNeKER9/?spm_id_from=333.1387.favlist.content.click&vd_source=bdf775a036c61c0159ac2f0c251aaeb7,6,BV1vFwNeKER9,【杨博文】guilty 4k横屏直拍｜夺命34秒，谁都无法拒绝的Legend级别，建议调大音量食用更加,游园会_杨博文,2025-01-18 22:02:36,262542,16407,8021,14219,1082,850,3081,1
2026-07-04 19:24:23,https://www.bilibili.com/video/BV1MGYnzrE9E/?spm_id_from=333.1387.favlist.content.click&vd_source=bdf775a036c61c0159ac2f0c251aaeb7,7,BV1MGYnzrE9E,杨博文跳 《Centuries》帅到窒息！！竖屏4K直拍,Kismet丨杨博文,2025-08-18 02:15:37,263226,12034,6633,7798,561,950,3368,1
2026-07-04 19:24:23,https://www.bilibili.com/video/BV1DZvDBEEjv/?spm_id_from=333.1387.favlist.content.click&vd_source=bdf775a036c61c0159ac2f0c251aaeb7,8,BV1DZvDBEEjv,终于找到了治愈我每一天的秘方 当你一开嗓 哪怕是夕阳也格外绚烂 ｜【杨博文】黄昏晓4k横屏直拍,游园会_杨博文,2026-01-01 20:53:32,23900,4086,710,2665,35,44,178,1
2026-07-04 19:24:23,https://www.bilibili.com/video/BV1owvqBJEkn/?spm_id_from=333.1387.favlist.content.click&vd_source=bdf775a036c61c0159ac2f0c251aaeb7,9,BV1owvqBJEkn,【杨博文｜黄昏晓】 4K直拍,羊圈主,2025-12-28 00:28:04,17903,4357,1028,1650,70,88,256,1
2026-07-04 19:24:23,https://www.bilibili.com/video/BV1eqY6e1Eec/?spm_id_from=333.1387.favlist.content.click&vd_source=bdf775a036c61c0159ac2f0c251aaeb7,10,BV1eqY6e1Eec,【TF家族-杨博文】蔡依林男粉！？你的杨会扭儿上线｜《看我72变》4K直拍,LOST-杨博文,2024-08-13 05:57:43,99313,9990,1629,5626,428,102,321,1
2026-07-04 19:24:23,https://www.bilibili.com/video/BV1r9BeBZEMu/?spm_id_from=333.1387.favlist.content.click&vd_source=bdf775a036c61c0159ac2f0c251aaeb7,11,BV1r9BeBZEMu,【杨博文｜4K舞台直拍】《爱要坦荡荡》，四代主唱贝斯手玩转乐队，好青春洋溢,关键时刻来瓶尖叫,2025-12-27 00:55:22,36015,4766,739,3175,50,52,64,1
2026-07-04 19:24:23,https://www.bilibili.com/video/BV1Lb6tBBEYC/?spm_id_from=333.1387.favlist.content.click&vd_source=bdf775a036c61c0159ac2f0c251aaeb7,12,BV1Lb6tBBEYC,【4K精剪】闭嘴跳舞 | 杨博文直拍 | 260201,underthepoplar,2026-02-02 00:00:55,252163,20987,13018,15337,1877,1667,2765,7
2026-07-04 19:24:23,https://www.bilibili.com/video/BV1mJ64BREZY/?spm_id_from=333.1387.favlist.content.click&vd_source=bdf775a036c61c0159ac2f0c251aaeb7,13,BV1mJ64BREZY,【杨博文】闭嘴跳舞丨当主舞穿上西装就会得到,Kismet丨杨博文,2026-02-01 18:31:00,494286,31510,3509,22612,177,103,423,5
2026-07-04 19:24:23,https://www.bilibili.com/video/BV15M64BPEVo/?spm_id_from=333.1387.favlist.content.click&vd_source=bdf775a036c61c0159ac2f0c251aaeb7,14,BV15M64BPEVo,【杨博文】舞步是我最有力的武器 请调动所有感官和我一同所向披靡｜闭嘴跳舞4k横屏双机位直拍,游园会_杨博文,2026-02-01 20:09:30,50561,7685,1396,4908,54,38,157,1
2026-07-04 19:24:23,https://www.bilibili.com/video/BV1fWYqzTECD/?spm_id_from=333.1387.favlist.content.click&vd_source=bdf775a036c61c0159ac2f0c251aaeb7,15,BV1fWYqzTECD,绝美堕天使下凡了……｜杨博文｜deja vu 4K直拍,WIX99,2025-08-16 22:18:21,13556,2047,582,893,67,44,115,1
2026-07-04 19:24:23,https://www.bilibili.com/video/BV1Bem3B1EcH/?spm_id_from=333.1387.favlist.content.click&vd_source=bdf775a036c61c0159ac2f0c251aaeb7,16,BV1Bem3B1EcH,【杨博文｜4K舞台直拍】怎么黑衣的《Deja vu》也让人看的停不下来呢,关键时刻来瓶尖叫,2025-12-12 21:30:00,12288,1402,157,1249,19,7,1,1
2026-07-04 19:24:23,https://www.bilibili.com/video/BV11kZyByE81/?spm_id_from=333.1387.favlist.content.click&vd_source=bdf775a036c61c0159ac2f0c251aaeb7,17,BV11kZyByE81,【4K精剪】Deja Vu | 杨博文直拍 | 250816 & 250817,underthepoplar,2026-02-17 20:22:24,46894,7065,3102,3316,373,229,199,1
2026-07-04 19:24:23,https://www.bilibili.com/video/BV1J7Awz8EUZ/?spm_id_from=333.1387.favlist.content.click&vd_source=bdf775a036c61c0159ac2f0c251aaeb7,18,BV1J7Awz8EUZ,自测鸡蛋果,喜欢吃鸡蛋果,2026-03-21 16:17:31,992,0,0,1,1,0,0,1
2026-07-04 20:24:37,https://www.bilibili.com/video/BV1A5vkB2E1k/?spm_id_from=333.1387.favlist.content.click&vd_source=bdf775a036c61c0159ac2f0c251aaeb7,0,BV1A5vkB2E1k,【杨博文】Hey Mama六机位纯舞直拍丨15岁舞台统治者的诞生，四代主舞燃炸全场！,Kismet丨杨博文,2025-12-28 22:28:16,2480857,60481,42879,44028,12641,13446,20431,4
2026-07-04 20:24:37,https://www.bilibili.com/video/BV1XA6nBGEPV/?spm_id_from=333.1387.favlist.content.click&vd_source=bdf775a036c61c0159ac2f0c251aaeb7,1,BV1XA6nBGEPV,【4K精剪】希区考克 作品152 | 杨博文直拍 | 260131,underthepoplar,2026-02-01 00:23:17,1919843,22302,21422,19168,8697,3974,6794,1
2026-07-04 20:24:37,https://www.bilibili.com/video/BV15r61BWESJ/?spm_id_from=333.1387.favlist.content.click&vd_source=bdf775a036c61c0159ac2f0c251aaeb7,2,BV15r61BWESJ,【杨博文】希区考克作品152丨双机位直拍 悬疑与张力碰撞 表管拉满 少年锋芒,Kismet丨杨博文,2026-01-31 18:27:40,538942,18296,10843,15447,928,1082,1224,2
2026-07-04 20:24:37,https://www.bilibili.com/video/BV19y61BnEMM/?spm_id_from=333.1387.favlist.content.click&vd_source=bdf775a036c61c0159ac2f0c251aaeb7,3,BV19y61BnEMM,【杨博文】就这个踢腿爽之 连每一根头发丝都在劲舞｜希区考克 作品152 4k双机位横屏直拍,游园会_杨博文,2026-01-31 18:31:31,414115,14550,9569,12381,1172,1513,2289,2
2026-07-04 20:24:37,https://www.bilibili.com/video/BV1M9ePzaELH/?spm_id_from=333.1387.favlist.content.click&vd_source=bdf775a036c61c0159ac2f0c251aaeb7,4,BV1M9ePzaELH,「杨博文｜卡拉永远OK」突发舞台事故？我怎么没看见,Astra_杨博文,2025-08-19 22:15:30,807653,14258,4524,9553,6089,614,515,1
2026-07-04 20:24:37,https://www.bilibili.com/video/BV1pV9GB6E96/?spm_id_from=333.1387.favlist.content.click&vd_source=bdf775a036c61c0159ac2f0c251aaeb7,5,BV1pV9GB6E96,【4K精剪】Guilty | 杨博文直拍 | 250119,underthepoplar,2026-04-01 02:23:39,47249,8803,2918,5142,238,201,198,1
2026-07-04 20:24:37,https://www.bilibili.com/video/BV1vFwNeKER9/?spm_id_from=333.1387.favlist.content.click&vd_source=bdf775a036c61c0159ac2f0c251aaeb7,6,BV1vFwNeKER9,【杨博文】guilty 4k横屏直拍｜夺命34秒，谁都无法拒绝的Legend级别，建议调大音量食用更加,游园会_杨博文,2025-01-18 22:02:36,262552,16408,8021,14219,1082,850,3081,1
2026-07-04 20:24:37,https://www.bilibili.com/video/BV1MGYnzrE9E/?spm_id_from=333.1387.favlist.content.click&vd_source=bdf775a036c61c0159ac2f0c251aaeb7,7,BV1MGYnzrE9E,杨博文跳 《Centuries》帅到窒息！！竖屏4K直拍,Kismet丨杨博文,2025-08-18 02:15:37,263230,12035,6633,7797,561,950,3368,1
2026-07-04 20:24:37,https://www.bilibili.com/video/BV1DZvDBEEjv/?spm_id_from=333.1387.favlist.content.click&vd_source=bdf775a036c61c0159ac2f0c251aaeb7,8,BV1DZvDBEEjv,终于找到了治愈我每一天的秘方 当你一开嗓 哪怕是夕阳也格外绚烂 ｜【杨博文】黄昏晓4k横屏直拍,游园会_杨博文,2026-01-01 20:53:32,23902,4086,710,2664,35,44,178,1
2026-07-04 20:24:37,https://www.bilibili.com/video/BV1owvqBJEkn/?spm_id_from=333.1387.favlist.content.click&vd_source=bdf775a036c61c0159ac2f0c251aaeb7,9,BV1owvqBJEkn,【杨博文｜黄昏晓】 4K直拍,羊圈主,2025-12-28 00:28:04,17903,4357,1028,1649,70,88,256,1
2026-07-04 20:24:37,https://www.bilibili.com/video/BV1eqY6e1Eec/?spm_id_from=333.1387.favlist.content.click&vd_source=bdf775a036c61c0159ac2f0c251aaeb7,10,BV1eqY6e1Eec,【TF家族-杨博文】蔡依林男粉！？你的杨会扭儿上线｜《看我72变》4K直拍,LOST-杨博文,2024-08-13 05:57:43,99319,9990,1629,5625,428,102,321,1
2026-07-04 20:24:37,https://www.bilibili.com/video/BV1r9BeBZEMu/?spm_id_from=333.1387.favlist.content.click&vd_source=bdf775a036c61c0159ac2f0c251aaeb7,11,BV1r9BeBZEMu,【杨博文｜4K舞台直拍】《爱要坦荡荡》，四代主唱贝斯手玩转乐队，好青春洋溢,关键时刻来瓶尖叫,2025-12-27 00:55:22,36019,4766,739,3174,50,52,64,1
2026-07-04 20:24:37,https://www.bilibili.com/video/BV1Lb6tBBEYC/?spm_id_from=333.1387.favlist.content.click&vd_source=bdf775a036c61c0159ac2f0c251aaeb7,12,BV1Lb6tBBEYC,【4K精剪】闭嘴跳舞 | 杨博文直拍 | 260201,underthepoplar,2026-02-02 00:00:55,252437,20997,13020,15342,1877,1667,2765,9
2026-07-04 20:24:37,https://www.bilibili.com/video/BV1mJ64BREZY/?spm_id_from=333.1387.favlist.content.click&vd_source=bdf775a036c61c0159ac2f0c251aaeb7,13,BV1mJ64BREZY,【杨博文】闭嘴跳舞丨当主舞穿上西装就会得到,Kismet丨杨博文,2026-02-01 18:31:00,494451,31517,3509,22617,177,103,423,5
2026-07-04 20:24:37,https://www.bilibili.com/video/BV15M64BPEVo/?spm_id_from=333.1387.favlist.content.click&vd_source=bdf775a036c61c0159ac2f0c251aaeb7,14,BV15M64BPEVo,【杨博文】舞步是我最有力的武器 请调动所有感官和我一同所向披靡｜闭嘴跳舞4k横屏双机位直拍,游园会_杨博文,2026-02-01 20:09:30,50581,7685,1396,4908,54,38,157,1
2026-07-04 20:24:37,https://www.bilibili.com/video/BV1fWYqzTECD/?spm_id_from=333.1387.favlist.content.click&vd_source=bdf775a036c61c0159ac2f0c251aaeb7,15,BV1fWYqzTECD,绝美堕天使下凡了……｜杨博文｜deja vu 4K直拍,WIX99,2025-08-16 22:18:21,13559,2047,582,893,67,44,115,1
2026-07-04 20:24:37,https://www.bilibili.com/video/BV1Bem3B1EcH/?spm_id_from=333.1387.favlist.content.click&vd_source=bdf775a036c61c0159ac2f0c251aaeb7,16,BV1Bem3B1EcH,【杨博文｜4K舞台直拍】怎么黑衣的《Deja vu》也让人看的停不下来呢,关键时刻来瓶尖叫,2025-12-12 21:30:00,12292,1402,157,1248,19,7,1,1
2026-07-04 20:24:37,https://www.bilibili.com/video/BV11kZyByE81/?spm_id_from=333.1387.favlist.content.click&vd_source=bdf775a036c61c0159ac2f0c251aaeb7,17,BV11kZyByE81,【4K精剪】Deja Vu | 杨博文直拍 | 250816 & 250817,underthepoplar,2026-02-17 20:22:24,46907,7066,3102,3317,373,229,199,1
2026-07-04 20:24:37,https://www.bilibili.com/video/BV1J7Awz8EUZ/?spm_id_from=333.1387.favlist.content.click&vd_source=bdf775a036c61c0159ac2f0c251aaeb7,18,BV1J7Awz8EUZ,自测鸡蛋果,喜欢吃鸡蛋果,2026-03-21 16:17:31,994,0,0,1,1,0,0,1
2026-07-04 21:24:51,https://www.bilibili.com/video/BV1A5vkB2E1k/?spm_id_from=333.1387.favlist.content.click&vd_source=bdf775a036c61c0159ac2f0c251aaeb7,0,BV1A5vkB2E1k,【杨博文】Hey Mama六机位纯舞直拍丨15岁舞台统治者的诞生，四代主舞燃炸全场！,Kismet丨杨博文,2025-12-28 22:28:16,2480938,60484,42881,44029,12645,13446,20432,1
2026-07-04 21:24:51,https://www.bilibili.com/video/BV1XA6nBGEPV/?spm_id_from=333.1387.favlist.content.click&vd_source=bdf775a036c61c0159ac2f0c251aaeb7,1,BV1XA6nBGEPV,【4K精剪】希区考克 作品152 | 杨博文直拍 | 260131,underthepoplar,2026-02-01 00:23:17,1919862,22303,21422,19169,8701,3974,6794,1
2026-07-04 21:24:51,https://www.bilibili.com/video/BV15r61BWESJ/?spm_id_from=333.1387.favlist.content.click&vd_source=bdf775a036c61c0159ac2f0c251aaeb7,2,BV15r61BWESJ,【杨博文】希区考克作品152丨双机位直拍 悬疑与张力碰撞 表管拉满 少年锋芒,Kismet丨杨博文,2026-01-31 18:27:40,538994,18300,10843,15450,928,1082,1224,1
2026-07-04 21:24:51,https://www.bilibili.com/video/BV19y61BnEMM/?spm_id_from=333.1387.favlist.content.click&vd_source=bdf775a036c61c0159ac2f0c251aaeb7,3,BV19y61BnEMM,【杨博文】就这个踢腿爽之 连每一根头发丝都在劲舞｜希区考克 作品152 4k双机位横屏直拍,游园会_杨博文,2026-01-31 18:31:31,414165,14550,9569,12381,1172,1513,2289,2
2026-07-04 21:24:51,https://www.bilibili.com/video/BV1M9ePzaELH/?spm_id_from=333.1387.favlist.content.click&vd_source=bdf775a036c61c0159ac2f0c251aaeb7,4,BV1M9ePzaELH,「杨博文｜卡拉永远OK」突发舞台事故？我怎么没看见,Astra_杨博文,2025-08-19 22:15:30,807669,14258,4524,9553,6093,614,515,1
2026-07-04 21:24:51,https://www.bilibili.com/video/BV1pV9GB6E96/?spm_id_from=333.1387.favlist.content.click&vd_source=bdf775a036c61c0159ac2f0c251aaeb7,5,BV1pV9GB6E96,【4K精剪】Guilty | 杨博文直拍 | 250119,underthepoplar,2026-04-01 02:23:39,47272,8804,2918,5142,238,201,198,1
2026-07-04 21:24:51,https://www.bilibili.com/video/BV1vFwNeKER9/?spm_id_from=333.1387.favlist.content.click&vd_source=bdf775a036c61c0159ac2f0c251aaeb7,6,BV1vFwNeKER9,【杨博文】guilty 4k横屏直拍｜夺命34秒，谁都无法拒绝的Legend级别，建议调大音量食用更加,游园会_杨博文,2025-01-18 22:02:36,262562,16408,8021,14218,1082,850,3081,1
2026-07-04 21:24:51,https://www.bilibili.com/video/BV1MGYnzrE9E/?spm_id_from=333.1387.favlist.content.click&vd_source=bdf775a036c61c0159ac2f0c251aaeb7,7,BV1MGYnzrE9E,杨博文跳 《Centuries》帅到窒息！！竖屏4K直拍,Kismet丨杨博文,2025-08-18 02:15:37,263230,12035,6633,7797,561,950,3368,1
2026-07-04 21:24:51,https://www.bilibili.com/video/BV1DZvDBEEjv/?spm_id_from=333.1387.favlist.content.click&vd_source=bdf775a036c61c0159ac2f0c251aaeb7,8,BV1DZvDBEEjv,终于找到了治愈我每一天的秘方 当你一开嗓 哪怕是夕阳也格外绚烂 ｜【杨博文】黄昏晓4k横屏直拍,游园会_杨博文,2026-01-01 20:53:32,23903,4086,710,2664,35,44,178,1
2026-07-04 21:24:51,https://www.bilibili.com/video/BV1owvqBJEkn/?spm_id_from=333.1387.favlist.content.click&vd_source=bdf775a036c61c0159ac2f0c251aaeb7,9,BV1owvqBJEkn,【杨博文｜黄昏晓】 4K直拍,羊圈主,2025-12-28 00:28:04,17903,4357,1028,1649,70,88,256,1
2026-07-04 21:24:51,https://www.bilibili.com/video/BV1eqY6e1Eec/?spm_id_from=333.1387.favlist.content.click&vd_source=bdf775a036c61c0159ac2f0c251aaeb7,10,BV1eqY6e1Eec,【TF家族-杨博文】蔡依林男粉！？你的杨会扭儿上线｜《看我72变》4K直拍,LOST-杨博文,2024-08-13 05:57:43,99322,9989,1629,5625,428,102,321,1
2026-07-04 21:24:51,https://www.bilibili.com/video/BV1r9BeBZEMu/?spm_id_from=333.1387.favlist.content.click&vd_source=bdf775a036c61c0159ac2f0c251aaeb7,11,BV1r9BeBZEMu,【杨博文｜4K舞台直拍】《爱要坦荡荡》，四代主唱贝斯手玩转乐队，好青春洋溢,关键时刻来瓶尖叫,2025-12-27 00:55:22,36020,4766,739,3174,50,52,64,1
2026-07-04 21:24:51,https://www.bilibili.com/video/BV1Lb6tBBEYC/?spm_id_from=333.1387.favlist.content.click&vd_source=bdf775a036c61c0159ac2f0c251aaeb7,12,BV1Lb6tBBEYC,【4K精剪】闭嘴跳舞 | 杨博文直拍 | 260201,underthepoplar,2026-02-02 00:00:55,252729,21003,13020,15347,1877,1668,2765,5
2026-07-04 21:24:51,https://www.bilibili.com/video/BV1mJ64BREZY/?spm_id_from=333.1387.favlist.content.click&vd_source=bdf775a036c61c0159ac2f0c251aaeb7,13,BV1mJ64BREZY,【杨博文】闭嘴跳舞丨当主舞穿上西装就会得到,Kismet丨杨博文,2026-02-01 18:31:00,494650,31522,3509,22621,177,103,423,6
2026-07-04 21:24:51,https://www.bilibili.com/video/BV15M64BPEVo/?spm_id_from=333.1387.favlist.content.click&vd_source=bdf775a036c61c0159ac2f0c251aaeb7,14,BV15M64BPEVo,【杨博文】舞步是我最有力的武器 请调动所有感官和我一同所向披靡｜闭嘴跳舞4k横屏双机位直拍,游园会_杨博文,2026-02-01 20:09:30,50597,7686,1396,4908,54,38,157,1
2026-07-04 21:24:51,https://www.bilibili.com/video/BV1fWYqzTECD/?spm_id_from=333.1387.favlist.content.click&vd_source=bdf775a036c61c0159ac2f0c251aaeb7,15,BV1fWYqzTECD,绝美堕天使下凡了……｜杨博文｜deja vu 4K直拍,WIX99,2025-08-16 22:18:21,13562,2047,582,893,67,44,115,1
2026-07-04 21:24:51,https://www.bilibili.com/video/BV1Bem3B1EcH/?spm_id_from=333.1387.favlist.content.click&vd_source=bdf775a036c61c0159ac2f0c251aaeb7,16,BV1Bem3B1EcH,【杨博文｜4K舞台直拍】怎么黑衣的《Deja vu》也让人看的停不下来呢,关键时刻来瓶尖叫,2025-12-12 21:30:00,12296,1402,157,1248,19,7,1,1
2026-07-04 21:24:51,https://www.bilibili.com/video/BV11kZyByE81/?spm_id_from=333.1387.favlist.content.click&vd_source=bdf775a036c61c0159ac2f0c251aaeb7,17,BV11kZyByE81,【4K精剪】Deja Vu | 杨博文直拍 | 250816 & 250817,underthepoplar,2026-02-17 20:22:24,46923,7069,3102,3321,373,229,199,2
2026-07-04 21:24:51,https://www.bilibili.com/video/BV1J7Awz8EUZ/?spm_id_from=333.1387.favlist.content.click&vd_source=bdf775a036c61c0159ac2f0c251aaeb7,18,BV1J7Awz8EUZ,自测鸡蛋果,喜欢吃鸡蛋果,2026-03-21 16:17:31,1001,0,0,1,1,0,0,1
2026-07-04 22:25:05,https://www.bilibili.com/video/BV1A5vkB2E1k/?spm_id_from=333.1387.favlist.content.click&vd_source=bdf775a036c61c0159ac2f0c251aaeb7,0,BV1A5vkB2E1k,【杨博文】Hey Mama六机位纯舞直拍丨15岁舞台统治者的诞生，四代主舞燃炸全场！,Kismet丨杨博文,2025-12-28 22:28:16,2481042,60495,42885,44036,12647,13446,20434,1
2026-07-04 22:25:05,https://www.bilibili.com/video/BV1XA6nBGEPV/?spm_id_from=333.1387.favlist.content.click&vd_source=bdf775a036c61c0159ac2f0c251aaeb7,1,BV1XA6nBGEPV,【4K精剪】希区考克 作品152 | 杨博文直拍 | 260131,underthepoplar,2026-02-01 00:23:17,1919882,22305,21426,19170,8703,3974,6794,1
2026-07-04 22:25:05,https://www.bilibili.com/video/BV15r61BWESJ/?spm_id_from=333.1387.favlist.content.click&vd_source=bdf775a036c61c0159ac2f0c251aaeb7,2,BV15r61BWESJ,【杨博文】希区考克作品152丨双机位直拍 悬疑与张力碰撞 表管拉满 少年锋芒,Kismet丨杨博文,2026-01-31 18:27:40,539051,18304,10843,15456,928,1082,1224,1
2026-07-04 22:25:05,https://www.bilibili.com/video/BV19y61BnEMM/?spm_id_from=333.1387.favlist.content.click&vd_source=bdf775a036c61c0159ac2f0c251aaeb7,3,BV19y61BnEMM,【杨博文】就这个踢腿爽之 连每一根头发丝都在劲舞｜希区考克 作品152 4k双机位横屏直拍,游园会_杨博文,2026-01-31 18:31:31,414230,14555,9569,12384,1172,1513,2289,2
2026-07-04 22:25:05,https://www.bilibili.com/video/BV1M9ePzaELH/?spm_id_from=333.1387.favlist.content.click&vd_source=bdf775a036c61c0159ac2f0c251aaeb7,4,BV1M9ePzaELH,「杨博文｜卡拉永远OK」突发舞台事故？我怎么没看见,Astra_杨博文,2025-08-19 22:15:30,807678,14258,4524,9552,6094,614,515,1
2026-07-04 22:25:05,https://www.bilibili.com/video/BV1pV9GB6E96/?spm_id_from=333.1387.favlist.content.click&vd_source=bdf775a036c61c0159ac2f0c251aaeb7,5,BV1pV9GB6E96,【4K精剪】Guilty | 杨博文直拍 | 250119,underthepoplar,2026-04-01 02:23:39,47305,8809,2920,5146,238,201,198,1
2026-07-04 22:25:05,https://www.bilibili.com/video/BV1vFwNeKER9/?spm_id_from=333.1387.favlist.content.click&vd_source=bdf775a036c61c0159ac2f0c251aaeb7,6,BV1vFwNeKER9,【杨博文】guilty 4k横屏直拍｜夺命34秒，谁都无法拒绝的Legend级别，建议调大音量食用更加,游园会_杨博文,2025-01-18 22:02:36,262572,16408,8021,14218,1082,850,3081,1
2026-07-04 22:25:05,https://www.bilibili.com/video/BV1MGYnzrE9E/?spm_id_from=333.1387.favlist.content.click&vd_source=bdf775a036c61c0159ac2f0c251aaeb7,7,BV1MGYnzrE9E,杨博文跳 《Centuries》帅到窒息！！竖屏4K直拍,Kismet丨杨博文,2025-08-18 02:15:37,263238,12036,6633,7799,561,950,3368,1
2026-07-04 22:25:05,https://www.bilibili.com/video/BV1DZvDBEEjv/?spm_id_from=333.1387.favlist.content.click&vd_source=bdf775a036c61c0159ac2f0c251aaeb7,8,BV1DZvDBEEjv,终于找到了治愈我每一天的秘方 当你一开嗓 哪怕是夕阳也格外绚烂 ｜【杨博文】黄昏晓4k横屏直拍,游园会_杨博文,2026-01-01 20:53:32,23905,4086,710,2664,35,44,178,1
2026-07-04 22:25:05,https://www.bilibili.com/video/BV1owvqBJEkn/?spm_id_from=333.1387.favlist.content.click&vd_source=bdf775a036c61c0159ac2f0c251aaeb7,9,BV1owvqBJEkn,【杨博文｜黄昏晓】 4K直拍,羊圈主,2025-12-28 00:28:04,17904,4357,1028,1649,70,88,256,1
2026-07-04 22:25:05,https://www.bilibili.com/video/BV1eqY6e1Eec/?spm_id_from=333.1387.favlist.content.click&vd_source=bdf775a036c61c0159ac2f0c251aaeb7,10,BV1eqY6e1Eec,【TF家族-杨博文】蔡依林男粉！？你的杨会扭儿上线｜《看我72变》4K直拍,LOST-杨博文,2024-08-13 05:57:43,99328,9990,1629,5625,428,102,321,1
2026-07-04 22:25:05,https://www.bilibili.com/video/BV1r9BeBZEMu/?spm_id_from=333.1387.favlist.content.click&vd_source=bdf775a036c61c0159ac2f0c251aaeb7,11,BV1r9BeBZEMu,【杨博文｜4K舞台直拍】《爱要坦荡荡》，四代主唱贝斯手玩转乐队，好青春洋溢,关键时刻来瓶尖叫,2025-12-27 00:55:22,36023,4766,739,3174,50,52,64,1
2026-07-04 22:25:05,https://www.bilibili.com/video/BV1Lb6tBBEYC/?spm_id_from=333.1387.favlist.content.click&vd_source=bdf775a036c61c0159ac2f0c251aaeb7,12,BV1Lb6tBBEYC,【4K精剪】闭嘴跳舞 | 杨博文直拍 | 260201,underthepoplar,2026-02-02 00:00:55,253028,21019,13030,15359,1877,1668,2766,8
2026-07-04 22:25:05,https://www.bilibili.com/video/BV1mJ64BREZY/?spm_id_from=333.1387.favlist.content.click&vd_source=bdf775a036c61c0159ac2f0c251aaeb7,13,BV1mJ64BREZY,【杨博文】闭嘴跳舞丨当主舞穿上西装就会得到,Kismet丨杨博文,2026-02-01 18:31:00,494851,31529,3511,22630,177,103,423,4
2026-07-04 22:25:05,https://www.bilibili.com/video/BV15M64BPEVo/?spm_id_from=333.1387.favlist.content.click&vd_source=bdf775a036c61c0159ac2f0c251aaeb7,14,BV15M64BPEVo,【杨博文】舞步是我最有力的武器 请调动所有感官和我一同所向披靡｜闭嘴跳舞4k横屏双机位直拍,游园会_杨博文,2026-02-01 20:09:30,50615,7689,1398,4909,54,38,157,1
2026-07-04 22:25:05,https://www.bilibili.com/video/BV1fWYqzTECD/?spm_id_from=333.1387.favlist.content.click&vd_source=bdf775a036c61c0159ac2f0c251aaeb7,15,BV1fWYqzTECD,绝美堕天使下凡了……｜杨博文｜deja vu 4K直拍,WIX99,2025-08-16 22:18:21,13564,2047,582,893,67,44,115,1
2026-07-04 22:25:05,https://www.bilibili.com/video/BV1Bem3B1EcH/?spm_id_from=333.1387.favlist.content.click&vd_source=bdf775a036c61c0159ac2f0c251aaeb7,16,BV1Bem3B1EcH,【杨博文｜4K舞台直拍】怎么黑衣的《Deja vu》也让人看的停不下来呢,关键时刻来瓶尖叫,2025-12-12 21:30:00,12298,1402,157,1248,19,7,1,1
2026-07-04 22:25:05,https://www.bilibili.com/video/BV11kZyByE81/?spm_id_from=333.1387.favlist.content.click&vd_source=bdf775a036c61c0159ac2f0c251aaeb7,17,BV11kZyByE81,【4K精剪】Deja Vu | 杨博文直拍 | 250816 & 250817,underthepoplar,2026-02-17 20:22:24,46941,7071,3102,3323,373,229,199,1
2026-07-04 22:25:05,https://www.bilibili.com/video/BV1J7Awz8EUZ/?spm_id_from=333.1387.favlist.content.click&vd_source=bdf775a036c61c0159ac2f0c251aaeb7,18,BV1J7Awz8EUZ,自测鸡蛋果,喜欢吃鸡蛋果,2026-03-21 16:17:31,1001,0,0,1,1,0,0,1
2026-07-04 23:25:19,https://www.bilibili.com/video/BV1A5vkB2E1k/?spm_id_from=333.1387.favlist.content.click&vd_source=bdf775a036c61c0159ac2f0c251aaeb7,0,BV1A5vkB2E1k,【杨博文】Hey Mama六机位纯舞直拍丨15岁舞台统治者的诞生，四代主舞燃炸全场！,Kismet丨杨博文,2025-12-28 22:28:16,2481131,60497,42885,44034,12653,13446,20444,1
2026-07-04 23:25:19,https://www.bilibili.com/video/BV1XA6nBGEPV/?spm_id_from=333.1387.favlist.content.click&vd_source=bdf775a036c61c0159ac2f0c251aaeb7,1,BV1XA6nBGEPV,【4K精剪】希区考克 作品152 | 杨博文直拍 | 260131,underthepoplar,2026-02-01 00:23:17,1919902,22307,21426,19171,8707,3974,6794,2
2026-07-04 23:25:19,https://www.bilibili.com/video/BV15r61BWESJ/?spm_id_from=333.1387.favlist.content.click&vd_source=bdf775a036c61c0159ac2f0c251aaeb7,2,BV15r61BWESJ,【杨博文】希区考克作品152丨双机位直拍 悬疑与张力碰撞 表管拉满 少年锋芒,Kismet丨杨博文,2026-01-31 18:27:40,539088,18304,10843,15457,928,1082,1224,1
2026-07-04 23:25:19,https://www.bilibili.com/video/BV19y61BnEMM/?spm_id_from=333.1387.favlist.content.click&vd_source=bdf775a036c61c0159ac2f0c251aaeb7,3,BV19y61BnEMM,【杨博文】就这个踢腿爽之 连每一根头发丝都在劲舞｜希区考克 作品152 4k双机位横屏直拍,游园会_杨博文,2026-01-31 18:31:31,414272,14559,9571,12385,1172,1513,2289,1
2026-07-04 23:25:19,https://www.bilibili.com/video/BV1M9ePzaELH/?spm_id_from=333.1387.favlist.content.click&vd_source=bdf775a036c61c0159ac2f0c251aaeb7,4,BV1M9ePzaELH,「杨博文｜卡拉永远OK」突发舞台事故？我怎么没看见,Astra_杨博文,2025-08-19 22:15:30,807693,14260,4524,9551,6097,614,515,1
2026-07-04 23:25:19,https://www.bilibili.com/video/BV1pV9GB6E96/?spm_id_from=333.1387.favlist.content.click&vd_source=bdf775a036c61c0159ac2f0c251aaeb7,5,BV1pV9GB6E96,【4K精剪】Guilty | 杨博文直拍 | 250119,underthepoplar,2026-04-01 02:23:39,47349,8815,2924,5152,238,201,198,1
2026-07-04 23:25:19,https://www.bilibili.com/video/BV1vFwNeKER9/?spm_id_from=333.1387.favlist.content.click&vd_source=bdf775a036c61c0159ac2f0c251aaeb7,6,BV1vFwNeKER9,【杨博文】guilty 4k横屏直拍｜夺命34秒，谁都无法拒绝的Legend级别，建议调大音量食用更加,游园会_杨博文,2025-01-18 22:02:36,262582,16409,8021,14219,1083,850,3081,1
2026-07-04 23:25:19,https://www.bilibili.com/video/BV1MGYnzrE9E/?spm_id_from=333.1387.favlist.content.click&vd_source=bdf775a036c61c0159ac2f0c251aaeb7,7,BV1MGYnzrE9E,杨博文跳 《Centuries》帅到窒息！！竖屏4K直拍,Kismet丨杨博文,2025-08-18 02:15:37,263238,12036,6633,7799,561,950,3368,1
2026-07-04 23:25:19,https://www.bilibili.com/video/BV1DZvDBEEjv/?spm_id_from=333.1387.favlist.content.click&vd_source=bdf775a036c61c0159ac2f0c251aaeb7,8,BV1DZvDBEEjv,终于找到了治愈我每一天的秘方 当你一开嗓 哪怕是夕阳也格外绚烂 ｜【杨博文】黄昏晓4k横屏直拍,游园会_杨博文,2026-01-01 20:53:32,23908,4086,710,2664,35,44,178,1
2026-07-04 23:25:19,https://www.bilibili.com/video/BV1owvqBJEkn/?spm_id_from=333.1387.favlist.content.click&vd_source=bdf775a036c61c0159ac2f0c251aaeb7,9,BV1owvqBJEkn,【杨博文｜黄昏晓】 4K直拍,羊圈主,2025-12-28 00:28:04,17908,4357,1028,1649,70,88,256,1
2026-07-04 23:25:19,https://www.bilibili.com/video/BV1eqY6e1Eec/?spm_id_from=333.1387.favlist.content.click&vd_source=bdf775a036c61c0159ac2f0c251aaeb7,10,BV1eqY6e1Eec,【TF家族-杨博文】蔡依林男粉！？你的杨会扭儿上线｜《看我72变》4K直拍,LOST-杨博文,2024-08-13 05:57:43,99333,9991,1629,5627,428,102,321,1
2026-07-04 23:25:19,https://www.bilibili.com/video/BV1r9BeBZEMu/?spm_id_from=333.1387.favlist.content.click&vd_source=bdf775a036c61c0159ac2f0c251aaeb7,11,BV1r9BeBZEMu,【杨博文｜4K舞台直拍】《爱要坦荡荡》，四代主唱贝斯手玩转乐队，好青春洋溢,关键时刻来瓶尖叫,2025-12-27 00:55:22,36026,4766,739,3174,50,52,64,1
2026-07-04 23:25:19,https://www.bilibili.com/video/BV1Lb6tBBEYC/?spm_id_from=333.1387.favlist.content.click&vd_source=bdf775a036c61c0159ac2f0c251aaeb7,12,BV1Lb6tBBEYC,【4K精剪】闭嘴跳舞 | 杨博文直拍 | 260201,underthepoplar,2026-02-02 00:00:55,253232,21037,13030,15374,1878,1668,2767,1
2026-07-04 23:25:19,https://www.bilibili.com/video/BV1mJ64BREZY/?spm_id_from=333.1387.favlist.content.click&vd_source=bdf775a036c61c0159ac2f0c251aaeb7,13,BV1mJ64BREZY,【杨博文】闭嘴跳舞丨当主舞穿上西装就会得到,Kismet丨杨博文,2026-02-01 18:31:00,494947,31535,3511,22634,177,103,423,2
2026-07-04 23:25:19,https://www.bilibili.com/video/BV15M64BPEVo/?spm_id_from=333.1387.favlist.content.click&vd_source=bdf775a036c61c0159ac2f0c251aaeb7,14,BV15M64BPEVo,【杨博文】舞步是我最有力的武器 请调动所有感官和我一同所向披靡｜闭嘴跳舞4k横屏双机位直拍,游园会_杨博文,2026-02-01 20:09:30,50631,7690,1398,4910,54,38,157,1
2026-07-04 23:25:19,https://www.bilibili.com/video/BV1fWYqzTECD/?spm_id_from=333.1387.favlist.content.click&vd_source=bdf775a036c61c0159ac2f0c251aaeb7,15,BV1fWYqzTECD,绝美堕天使下凡了……｜杨博文｜deja vu 4K直拍,WIX99,2025-08-16 22:18:21,13565,2047,582,893,67,44,115,1
2026-07-04 23:25:19,https://www.bilibili.com/video/BV1Bem3B1EcH/?spm_id_from=333.1387.favlist.content.click&vd_source=bdf775a036c61c0159ac2f0c251aaeb7,16,BV1Bem3B1EcH,【杨博文｜4K舞台直拍】怎么黑衣的《Deja vu》也让人看的停不下来呢,关键时刻来瓶尖叫,2025-12-12 21:30:00,12299,1402,157,1248,19,7,1,1
2026-07-04 23:25:19,https://www.bilibili.com/video/BV11kZyByE81/?spm_id_from=333.1387.favlist.content.click&vd_source=bdf775a036c61c0159ac2f0c251aaeb7,17,BV11kZyByE81,【4K精剪】Deja Vu | 杨博文直拍 | 250816 & 250817,underthepoplar,2026-02-17 20:22:24,46964,7075,3104,3327,373,229,199,1
2026-07-04 23:25:19,https://www.bilibili.com/video/BV1J7Awz8EUZ/?spm_id_from=333.1387.favlist.content.click&vd_source=bdf775a036c61c0159ac2f0c251aaeb7,18,BV1J7Awz8EUZ,自测鸡蛋果,喜欢吃鸡蛋果,2026-03-21 16:17:31,1001,0,0,1,1,0,0,1
